# This file uses meters as units for non-parametric coordinates.

mtllib Clothes0.mtl
g default
v 302.379089 20.928503 -104.738556
v 275.084198 25.568256 -119.605835
v 247.375458 26.831625 -133.989410
v 227.436676 46.009468 -136.614807
v 201.834595 28.982775 -143.276825
v 174.922882 11.388209 -154.483948
v 151.010864 9.365708 -173.057983
v 135.087463 25.521626 -151.454285
v 114.123566 43.236019 -136.640747
v 86.320732 42.214287 -127.572601
v 65.675201 57.252090 -127.797455
v 60.275524 30.655540 -140.937592
v 50.492142 13.711691 -165.664581
v 46.879059 22.005043 -191.424805
v 48.370289 36.310368 -219.354736
v 55.702866 49.208599 -247.024780
v 69.228432 59.482113 -273.677124
v 87.347099 50.879192 -297.034912
v 105.708717 27.666780 -299.554382
v 111.962303 25.153006 -329.822021
v 116.498787 32.728794 -359.920044
v 125.058884 9.542446 -357.534424
v 132.512558 6.687182 -329.688049
v 143.776657 16.300423 -302.888794
v 156.883301 19.973864 -274.503357
v 170.851715 28.171547 -247.651611
v 178.677826 33.564178 -221.419250
v 169.636337 20.504652 -195.301758
v 321.429138 12.951556 -125.855255
v 339.189941 7.728129 -148.602905
v 355.799164 4.504436 -172.401215
v 371.687744 1.908896 -196.474670
v 383.607086 13.370903 -213.170776
v 381.852936 33.596100 -196.156799
v 372.227295 40.921181 -170.178650
v 360.817230 37.517403 -144.070038
v 347.913513 32.517338 -118.454376
v 333.866882 29.768326 -93.211182
v 318.725403 29.996284 -68.392151
v 302.120605 31.486153 -44.546936
v 287.756714 25.517834 -29.715210
v 291.180298 13.611156 -55.561890
v 295.469604 23.795732 -76.999359
v 202.317444 35.261169 -67.615082
v 252.500824 33.335915 -259.541016
v 272.799561 11.780118 -217.011536
v 243.930908 12.793665 -75.004608
v 252.351425 38.368927 -62.114258
v 318.172943 39.285587 -214.921936
v 309.987732 3.258563 -187.409607
v 270.812347 12.804852 -69.599823
v 274.801605 35.546246 -46.549805
v 279.709778 28.756250 -110.387024
v 352.982025 27.072237 -197.761658
v 330.554932 2.312882 -172.372467
v 332.772400 8.454655 -239.545654
v 262.044800 19.953173 -95.181152
v 253.473633 20.864122 -48.343536
v 280.197662 30.090561 -77.685089
v 313.289551 22.362072 -122.498627
v 362.208618 41.655613 -190.382629
v 359.455322 29.966190 -218.466309
v 343.086853 32.896076 -168.841858
v 303.668213 13.273091 -154.962524
v 337.544250 1.908896 -206.435242
v 228.411682 18.375048 -106.078522
v 253.937119 25.350334 -113.935974
v 281.831177 24.379114 -100.427795
v 271.151733 12.947154 -50.339020
v 289.622559 33.819839 -60.256744
v 304.652649 26.637962 -94.318634
v 329.925323 26.352924 -112.442200
v 321.337860 4.899667 -155.112274
v 358.968384 6.565878 -219.298279
v 352.193481 2.398732 -192.439819
v 242.971161 16.049875 -93.796173
v 349.334229 18.070200 -230.817566
v 335.529968 14.607141 -224.413574
v 165.322083 46.067806 -124.079224
v 155.334137 20.646231 -155.385315
v 168.537369 31.461525 -140.267761
v 168.618622 21.343130 -175.072540
v 214.970184 30.002356 -193.345337
v 194.657211 30.801699 -172.933990
v 173.468948 32.346836 -168.575043
v 231.315109 1.992061 -281.178101
v 186.446625 26.857664 -318.023438
v 257.806335 38.380714 -176.614014
v 229.130844 30.640829 -57.166290
v 250.527725 29.918312 -93.575775
v 323.526672 30.584682 -186.304077
v 273.876495 22.199102 -149.669647
v 308.251953 1.908896 -220.289612
v 225.585861 26.002832 -127.098846
v 190.446442 26.227219 -110.326599
v 207.068710 40.437485 -122.412292
v 186.151306 42.921875 -118.583527
v 300.766754 29.561108 -75.601257
v 299.505493 21.720949 -263.002625
v 336.324310 29.078930 -209.233215
v 140.189545 44.104874 -132.377838
v 144.793732 50.248962 -91.848297
v 120.383041 43.616280 -104.269714
v 124.839233 47.808365 -122.076355
v 203.393112 6.955293 -234.568665
v 224.134720 35.313068 -168.969421
v 193.043839 34.727074 -198.684814
v 192.229935 25.045332 -155.896942
v 116.500854 37.540199 -154.088684
v 131.117462 31.559950 -241.719055
v 186.865662 1.915539 -302.132629
v 171.207443 15.350225 -347.138306
v 147.274200 46.677914 -328.065369
v 248.101959 40.441013 -152.941040
v 216.243332 16.506239 -73.313477
v 188.771286 19.933054 -83.324066
v 238.622864 14.707856 -57.578522
v 224.427216 34.051006 -78.206116
v 260.797455 31.088707 -77.615967
v 237.121429 49.558559 -155.531616
v 339.723206 26.034649 -185.096069
v 316.111328 19.699760 -155.935394
v 336.624908 27.339838 -141.693237
v 290.929504 15.791815 -135.121704
v 265.191467 24.586548 -134.946777
v 283.938690 22.318537 -176.342499
v 326.848999 1.908896 -222.877258
v 318.993286 1.908896 -204.149231
v 291.166321 4.159447 -202.926392
v 186.508911 37.465694 -133.955688
v 319.979126 28.866610 -243.835815
v 191.213913 23.550577 -236.434937
v 183.530167 6.893775 -266.349487
v 196.093033 17.421694 -214.042786
v 192.096710 8.650444 -248.861023
v 209.694397 1.908896 -263.642944
v 197.593491 1.908896 -282.527649
v 217.911133 37.516739 -150.784790
v 212.943771 26.878471 -176.528717
v 183.136749 30.543550 -183.866150
v 87.862556 44.100365 -146.234436
v 95.989586 11.228498 -190.638855
v 90.988037 34.860847 -254.018555
v 168.367966 15.751030 -296.671448
v 168.830978 6.862787 -324.956421
v 147.762146 6.570040 -346.559875
v 147.831802 32.380035 -352.254700
v 125.357857 43.551750 -339.327515
v 127.122169 46.043636 -308.226013
v 206.829010 17.805357 -97.535522
v 173.567169 43.773438 -78.682068
v 158.468384 25.568928 -97.827759
v 222.910278 51.177727 -116.092407
v 271.738251 39.389503 -195.664246
v 328.387543 20.669073 -170.625183
v 287.252625 25.507500 -141.956604
v 271.871277 31.986612 -165.143768
v 268.922882 26.183031 -196.084534
v 244.548935 21.436005 -193.146484
v 299.378387 10.706809 -173.070770
v 318.006744 9.264142 -233.821167
v 285.985931 41.287613 -245.611450
v 175.195892 23.284616 -266.359009
v 112.094276 61.191162 -121.997528
v 78.954201 20.387003 -161.306854
v 69.312256 9.991189 -184.595032
v 77.144623 21.798834 -215.383057
v 64.970322 20.817764 -199.522583
v 77.343796 54.248646 -252.822144
v 73.632942 41.209553 -231.377441
v 99.420540 56.950382 -274.746216
v 149.595551 9.560670 -319.808777
v 131.274139 27.127987 -360.053589
v 118.575325 30.263033 -313.214172
v 113.240631 50.857056 -294.584106
v 145.177994 25.594065 -289.137573
v 132.472626 50.622341 -287.755615
v 118.995125 31.106461 -270.733093
v 150.544586 44.625465 -304.276489
v 166.088425 25.270851 -303.678406
v 203.285645 26.230021 -269.918030
v 168.951401 40.001698 -321.520874
v 182.547867 35.067726 -339.955017
v 217.106964 16.535143 -321.840698
v 194.867188 13.695109 -335.588196
v 213.007751 2.916895 -303.773499
v 188.861084 23.781656 -291.897888
v 203.284088 32.398628 -328.000366
v 198.744751 4.046899 -318.398987
v 167.946320 28.871002 -263.292969
v 222.746887 32.013443 -298.226562
v 184.227371 25.758533 -273.384705
v 164.617874 24.583784 -283.472900
v 203.633514 28.380352 -306.067993
v 199.466965 44.336781 -89.661255
v 177.126312 22.394396 -97.880768
v 156.049667 36.578293 -83.415283
v 230.284286 37.229649 -99.668060
v 252.178436 37.347858 -126.194183
v 294.163208 26.867844 -177.455353
v 294.076660 25.435614 -123.508759
v 305.751923 20.917561 -140.028870
v 241.155762 28.979963 -176.518250
v 226.565582 18.752247 -218.784119
v 241.069412 2.341529 -246.229248
v 228.924316 1.908896 -261.633850
v 303.212738 34.669746 -253.620544
v 89.355919 57.898735 -128.255402
v 106.245010 51.590927 -140.883270
v 97.927361 31.619888 -161.474670
v 85.730743 59.403828 -281.201294
v 115.413307 45.728237 -279.479187
v 110.650215 29.682665 -250.308411
v 95.572105 23.747713 -232.543762
v 97.207993 14.663112 -212.414307
v 140.849884 19.569765 -198.384949
v 117.521782 14.606099 -200.299438
v 118.443481 21.452126 -176.349731
v 129.515137 25.111214 -219.742004
v 144.488480 27.817900 -161.575134
v 169.664719 36.617962 -224.109863
v 114.455902 29.710625 -231.984619
v 148.095230 33.968330 -228.575562
v 162.921890 34.856918 -243.083618
v 194.345245 36.350163 -241.447937
v 142.652420 26.002985 -264.697021
v 260.134155 28.768061 -110.590576
v 271.378998 31.224302 -129.300323
v 265.986481 40.871181 -156.713501
v 236.573837 50.186718 -133.369354
v 302.665588 35.547340 -199.840149
v 296.876160 42.848793 -223.383240
v 269.986603 39.418991 -222.249390
v 265.760529 34.202015 -242.443237
v 230.093307 29.471336 -229.150146
v 245.849289 35.329346 -203.653992
v 297.595978 23.849241 -158.338470
v 230.091934 25.440411 -202.800720
v 213.234375 17.450722 -207.243591
v 249.568848 3.456082 -214.598938
v 223.834900 8.209005 -236.962769
v 142.356812 48.302742 -133.098694
v 155.696457 24.503494 -181.283813
v 176.719070 36.042980 -196.673584
v 159.543243 27.439087 -206.966431
v 208.304031 41.474110 -177.598816
v 203.854828 43.429493 -142.947205
v 188.126389 40.860401 -180.319855
v 275.711975 36.825680 -175.065186
v 217.064285 31.195299 -250.044800
v 236.726791 28.679741 -248.210632
v 231.034180 28.265842 -273.736450
v 250.238419 32.369431 -223.981323
v 258.253632 11.972687 -199.902649
v 274.466980 20.844679 -239.022461
v 134.843201 37.227974 -147.495789
v 163.465347 37.319954 -145.223480
v 174.390076 57.222824 -114.343323
v 184.369263 36.342411 -150.057709
v 185.547058 47.883682 -130.972015
v 198.664169 54.233124 -113.499207
v 162.245972 50.824039 -129.450226
v 147.594604 57.657833 -112.869904
v 127.088554 55.417946 -105.938202
v 217.641769 34.406101 -203.565491
v 264.129974 10.830301 -225.679504
v 255.997910 13.138056 -237.775085
v 287.314758 5.473582 -236.769897
v 264.341583 8.964878 -271.622620
v 299.332581 20.623373 -242.289490
v 307.585968 3.991846 -242.093933
v 165.507721 54.408840 -95.186035
v 208.619324 35.108727 -224.219604
v 195.527725 39.029678 -206.125610
v 187.913528 39.933014 -223.737183
v 137.343872 32.313583 -97.087799
v 146.462906 43.450912 -111.906097
v 277.221771 30.717171 -271.955139
v 252.142334 30.031738 -291.422852
v 282.051239 18.136576 -275.359802
v 259.535797 35.632622 -275.683533
v 237.119568 23.740854 -309.534180
v 251.778412 9.374564 -294.867432
v 233.136993 6.448328 -304.404541
v 268.251038 19.193459 -289.456970
v 98.103737 47.544205 -108.639923
v 234.349930 38.228271 -179.922272
v 255.199127 46.509243 -175.853394
v 217.014420 43.667732 -159.028381
v -347.774048 1.908896 132.470718
v -323.777954 1.908896 112.235962
v -301.482483 8.821531 92.518051
v -281.080261 21.610693 72.365387
v -261.482544 27.208733 48.999542
v -243.015472 42.156590 28.372437
v -232.196838 24.703066 15.280334
v -204.583496 30.639189 27.453247
v -188.154633 42.673306 33.822327
v -194.634995 46.060650 11.978699
v -207.567627 42.197071 -16.398712
v -219.388885 44.644608 -45.582672
v -232.236435 49.943573 -73.829437
v -236.989532 60.257519 -102.783783
v -251.829483 68.384308 -126.064545
v -262.991699 45.747276 -132.325287
v -247.240555 14.265666 -125.941223
v -259.887970 18.733488 -148.441376
v -280.520172 29.625067 -169.589233
v -304.056580 31.074825 -187.770874
v -311.985840 8.040220 -188.719482
v -294.382568 2.800415 -167.132751
v -280.257660 14.698451 -141.676788
v -268.378052 21.810898 -114.172699
v -262.251282 18.285826 -83.515808
v -261.566345 13.720715 -51.929962
v -262.352448 13.548429 -20.331573
v -258.401733 25.082148 7.645264
v -372.237396 1.908896 116.285660
v -396.263489 1.908896 99.529739
v -419.927826 1.908896 82.380280
v -443.292084 1.943600 65.008850
v -466.482941 1.908896 47.622955
v -481.642242 11.790045 31.487457
v -472.504578 24.825439 39.258057
v -456.508026 25.443781 63.226166
v -440.644653 22.996141 87.439163
v -422.572144 18.227480 109.407578
v -400.714020 13.490426 127.788773
v -377.967163 7.037745 144.437836
v -355.312225 11.760875 160.472992
v -335.760803 13.323689 171.459579
v -335.098511 2.781784 158.445648
v -352.726074 1.908896 12.913483
v -368.474548 68.687462 -40.008301
v -298.864319 23.897423 52.057098
v -355.300629 1.982643 65.847321
v -401.779053 1.908896 32.117737
v -409.989777 48.460449 33.788940
v -332.351532 10.391815 102.677109
v -371.037231 1.881052 88.519821
v -417.837036 1.908896 54.606293
v -444.529755 7.628077 -4.732086
v -429.928253 19.983013 58.673157
v -349.937714 7.430686 129.323349
v -294.244751 22.225777 135.326965
v -382.099640 7.974898 74.974426
v -342.747894 1.937810 91.136703
v -386.626984 1.908896 60.452240
v -433.889923 1.908896 25.352814
v -459.289764 6.923644 14.289764
v -438.415924 11.227034 67.308044
v -417.929504 6.953282 81.800842
v -443.715240 10.989263 38.813660
v -313.639282 12.134601 153.592758
v -319.617096 1.908896 64.191040
v -321.043335 1.908896 91.076950
v -344.698364 1.908896 111.829208
v -389.556641 1.908896 80.503708
v -436.278625 1.909431 45.769196
v -462.695923 2.233256 18.000519
v -471.935669 13.391571 23.687469
v -428.941345 10.752114 93.686996
v -399.817322 5.701899 101.693344
v -458.256958 16.454815 46.882782
v -337.209564 1.910169 72.721344
v -246.117264 39.919643 9.912048
v -294.145081 24.195477 5.855377
v -271.522766 40.604046 2.756836
v -224.931091 36.752834 25.835480
v -223.574783 40.577679 78.674683
v -233.683334 33.511528 54.846222
v -331.460907 27.786125 -56.020142
v -282.655151 78.522034 -36.548370
v -332.087799 32.982601 -96.118408
v -322.831604 23.854879 130.141571
v -335.224365 20.292904 150.909821
v -293.933167 4.910725 121.931000
v -363.324951 5.680010 100.535950
v -381.176910 7.661941 115.884949
v -372.677734 1.908896 34.475983
v -412.065979 1.951516 -0.384216
v -403.337891 24.696741 58.934082
v -437.500427 35.133186 28.922302
v -318.617737 1.946527 138.011047
v -298.226135 6.499384 70.249786
v -299.156616 4.212527 34.864380
v -452.254272 1.908896 34.528809
v -303.193848 17.839577 -41.264252
v -267.449310 36.847126 26.511719
v -286.178223 26.073004 41.357971
v -293.526825 11.153923 52.076263
v -290.713715 18.111927 24.126678
v -268.101807 26.747608 -7.989471
v -284.693451 27.177330 -27.110657
v -280.996704 15.625246 -47.514893
v -301.757904 19.493433 -17.008698
v -297.990112 21.754879 -68.434387
v -330.525726 1.908896 -29.230133
v -297.417633 12.886092 -62.894897
v -310.055054 7.370452 -50.900604
v -278.346954 5.055635 -72.518097
v -305.606628 2.508634 -28.389679
v -293.194550 13.702782 -92.868561
v -318.237457 1.923264 4.295197
v -274.541016 16.807106 -89.762726
v -301.410828 6.259449 -1.136505
v -227.869568 51.290596 36.347504
v -251.654114 28.038456 82.497589
v -205.348679 35.088749 56.123688
v -246.607132 37.700932 46.181519
v -240.619171 80.401184 -47.639862
v -274.602814 48.799255 -74.903351
v -300.003052 29.972853 -129.074280
v -346.325104 13.597157 -134.918213
v -334.284698 12.568300 121.121262
v -311.158630 24.763910 142.247330
v -299.388611 6.553394 141.206985
v -381.742828 5.698654 94.211975
v -345.257324 1.908896 39.812775
v -332.102936 1.908896 21.665375
v -369.308044 1.908896 53.171356
v -382.079590 1.908896 5.091309
v -415.854156 1.908896 18.773224
v -417.835541 21.843374 70.664612
v -401.447235 10.199144 71.742554
v -352.791351 27.849232 26.384369
v -419.965454 37.160015 50.712036
v -443.519348 17.881866 20.031830
v -436.432739 21.687593 41.291199
v -393.224060 53.448425 -16.935760
v -285.391113 33.004539 -9.677856
v -311.084839 27.500006 -56.182281
v -334.702087 4.233385 -52.344879
v -370.395050 1.908896 -33.779510
v -349.510376 1.908896 -38.305695
v -349.315369 1.908896 -12.501617
v -291.362274 13.299447 -118.481903
v -323.285461 6.440222 -111.408386
v -331.346710 26.503141 -79.709015
v -304.459137 6.609044 -107.375244
v -205.312500 59.122944 32.014893
v -225.861084 63.646973 1.057343
v -213.876434 53.313488 52.937653
v -220.256577 60.261139 19.779114
v -262.370972 22.001644 67.864349
v -237.728683 33.122520 74.002197
v -263.328461 21.655144 114.810394
v -218.450073 31.313564 43.244293
v -224.383331 65.507607 -57.017212
v -241.657593 79.068878 -78.946777
v -219.840836 70.979622 -26.940247
v -269.088501 58.094765 -104.871429
v -282.626465 29.327839 -146.293304
v -310.751007 37.535233 -157.508911
v -270.557861 25.565084 -117.513733
v -325.168396 4.953892 -159.063232
v -304.590057 2.227300 -140.645386
v -326.572205 4.037991 -136.160431
v -373.585480 22.937235 49.037109
v -415.086182 24.905804 -25.583344
v -435.197357 36.280575 -2.280396
v -393.063934 2.658838 -19.605988
v -413.485565 6.912266 -20.765594
v -387.936768 20.039173 -35.712372
v -353.514160 20.110580 -30.360413
v -370.108521 1.908896 -12.441589
v -206.434982 56.540226 -0.779846
v -279.072113 16.160337 126.310898
v -277.983429 9.805569 102.107437
v -260.109650 17.298815 97.280121
v -236.235901 64.420212 -84.728210
v -253.146469 77.247818 -102.046814
v -265.742493 68.509308 -85.081360
v -271.384766 74.052956 -55.660614
v -254.194092 62.481361 -26.212555
v -213.167664 54.050541 -30.273712
v -266.712189 60.414730 -122.049866
v -254.852417 34.766567 -108.493225
v -274.422943 26.822311 -89.639771
v -271.289093 45.190899 -90.781799
v -292.521027 24.689524 -106.268829
v -305.470886 36.077263 -72.200317
v -314.575531 30.084030 -111.031952
v -341.585358 39.350777 -126.948944
v -307.501434 26.751160 -91.158539
v -285.947815 33.400688 -74.980316
v -297.984711 36.050373 -171.229095
v -321.717316 24.366590 -173.035065
v -338.416168 23.227285 -155.074463
v -259.277954 19.438457 -129.527863
v -312.127502 2.509600 -172.211823
v -387.110168 16.170071 59.632416
v -345.489136 8.951770 68.007874
v -380.516693 42.775291 25.783356
v -411.849487 43.612125 12.508484
v -413.547577 47.590393 -12.719299
v -433.920624 20.564196 -15.834839
v -397.133820 33.800308 -21.563080
v -369.982697 40.234428 -20.138458
v -368.935638 13.687563 -36.341736
v -263.118469 87.793602 -45.001831
v -258.400177 86.124847 -66.655029
v -238.831543 74.186920 -30.876648
v -307.572754 72.358978 -59.476471
v -290.691284 54.372143 -62.760620
v -377.254425 23.230391 -91.845459
v -320.257324 38.567837 -136.345703
v -365.394653 10.710612 63.416443
v -350.530853 17.977324 47.443756
v -324.824677 16.805010 52.494629
v -321.384766 12.800028 78.565720
v -346.711487 6.474022 88.452393
v -393.587677 36.197037 42.479858
v -360.285858 46.010777 -8.232086
v -427.070740 33.803555 13.791107
v -422.944122 46.758289 27.658539
v -398.278656 46.880344 -53.727173
v -290.087830 78.806023 -48.977509
v -358.027588 39.089092 -102.958435
v -366.492188 23.824913 -55.539612
v -298.875214 25.473560 103.514389
v -282.775909 31.881815 116.837479
v -261.314331 38.382164 82.910004
v -246.072006 33.887203 98.975662
v -267.047180 37.778385 103.635437
v -314.868469 16.568163 96.539459
v -364.311005 39.171558 11.884125
v -388.234680 48.909260 -34.072968
v -403.784637 66.555260 -24.648071
v -384.891937 31.816427 -48.812256
v -387.948639 30.075109 -69.433502
v -405.919708 58.461060 -38.439758
v -389.315491 65.178276 -49.849243
v -353.550720 50.004543 -68.261108
v -369.117065 65.770363 -62.156555
v -339.379700 73.541389 -49.010223
v -374.770782 44.520073 -61.471039
v -360.631836 41.386555 -79.747070
v -357.476807 25.272070 -120.115112
v -362.833435 28.238848 -34.958527
v -346.561523 31.974577 -48.356903
v -305.695618 29.732866 121.814713
v -400.953552 61.148357 6.371124
v -380.759277 51.388584 1.178040
v -375.422119 59.265022 -19.935730
v -329.431854 60.426079 -68.057251
v -310.389191 54.717003 -67.484131
v -333.254059 37.705883 -71.946899
v -345.531982 53.978813 -31.264862
v -312.697968 70.155510 -34.565063
v -411.710449 55.605644 -7.437561
v -396.291656 51.771873 22.200378
v -321.278595 76.690765 -47.687317
v -331.036438 65.437668 -35.652985
v -403.881226 60.981720 -21.908875
v -321.068115 1.908896 41.609863
v -307.966095 22.828341 -77.171875
v -320.001251 15.409007 -92.854523
v -453.435730 22.866085 0.031189
v -262.450287 47.645432 11.203094
v -288.648712 47.702530 -16.165924
v -319.915588 43.715969 -16.306091
v -314.887939 29.683910 18.351074
v -312.992157 23.604382 37.607300
v -294.015167 62.926579 -28.308380
v -340.635254 42.726440 -14.372253
v -303.381470 38.377880 -0.355927
v -286.768616 36.697285 23.960815
v -282.379150 43.098503 3.664001
v -265.815125 48.901966 -11.566498
v -244.650421 52.200230 -2.936035
v -241.491440 50.266891 18.833282
v -259.189301 37.132805 46.703644
v -267.772491 40.323814 28.926147
v -238.397079 47.017349 62.361603
v -241.935364 45.812973 82.529770
v -351.191742 11.913423 -99.216797
v -355.706177 23.112051 -77.843933
v -365.525421 16.722416 -105.863495
v -342.654114 7.763813 -117.201141
v -296.417969 21.204960 77.947571
v -281.839508 28.437376 91.590057
v -276.575256 29.106853 63.756500
v -337.176666 32.127296 7.876648
v -128.588577 41.290295 -247.577209
v -122.313728 19.483610 -261.691406
v -101.473755 23.787842 -280.121704
v -82.116959 33.043198 -298.432068
v -65.361702 29.180532 -291.987915
v -39.904526 29.032076 -295.662048
v -35.669090 51.373489 -305.700867
v -10.493802 39.514538 -296.454224
v 12.352011 23.419178 -291.718018
v 38.247803 26.509899 -286.231018
v 62.864765 36.309399 -297.865417
v 174.922882 11.388209 -154.483948
v 197.570572 5.687340 -134.452820
v 221.585236 5.667398 -115.793518
v 245.706497 5.731869 -97.182251
v 269.534058 7.356747 -78.176392
v 291.180298 13.611156 -55.561890
v 314.826935 15.333403 -39.308167
v 333.924500 29.209869 -21.867676
v 352.931030 32.185711 1.856323
v 370.489410 31.967323 26.831268
v 386.717651 28.689734 52.578033
v 402.904175 25.716257 78.425186
v 406.604065 13.456816 106.118805
v 403.088928 4.079681 134.605972
v 397.099396 2.097215 164.513443
v 391.190704 1.908896 194.525391
v 417.698822 9.991927 200.212250
v 411.272095 24.265219 213.929626
v 386.222961 15.664938 231.224640
v 360.015228 7.593704 247.523834
v 332.929596 3.447429 263.978546
v 305.424225 1.946692 280.467102
v 277.697205 1.908896 296.870514
v 249.569275 1.908896 313.081879
v 220.712051 1.908896 328.365723
v 190.985901 1.908896 342.064606
v 160.986755 1.908896 354.549347
v 131.027740 1.908896 366.652039
v 101.141777 1.908896 378.518951
v 71.238739 1.971127 390.143585
v 41.362537 2.848519 401.658356
v 11.623601 5.179052 413.117249
v -17.910997 10.104692 423.937286
v -45.863079 22.250223 432.839233
v -71.082306 18.837780 439.602539
v -57.390728 1.908896 432.256897
v -73.715630 1.974601 406.437164
v -90.231392 1.908896 380.772888
v -107.054543 1.966876 355.294830
v -123.905434 1.824460 329.801819
v -140.498413 2.354675 304.086884
v -156.605469 4.542880 278.050873
v -173.138535 6.805878 252.082657
v -187.079773 9.919784 224.933289
v -199.862213 13.351164 197.108780
v -210.197052 17.345720 168.349747
v -218.891586 21.307930 139.142853
v -201.945633 37.197594 128.206482
v -216.018524 33.697849 100.890381
v -224.496292 28.401857 72.101013
v -230.894669 18.568853 43.882751
v -241.777802 6.581060 -167.662476
v -218.779556 9.822329 -185.059204
v -195.989304 21.816574 -199.658203
v -173.845428 37.157646 -211.787109
v -157.188782 19.191444 -211.014465
v -158.512344 29.770575 -184.176819
v -163.175720 44.226063 -169.865021
v -157.826294 59.373589 -188.765198
v -158.503815 66.155525 -216.695496
v -141.039169 63.024662 -235.518799
v -106.495178 38.331059 -227.578064
v -95.091240 32.721485 -200.282715
v -85.184830 27.492128 -171.969604
v -74.785851 21.988869 -143.836334
v -74.103302 28.818201 -114.948181
v -64.789154 32.085869 -86.904755
v -46.906296 38.025776 -64.729462
v -28.012661 37.622093 -42.972412
v -25.698927 24.887774 -15.799500
v -13.015583 17.247704 10.410461
v -3.327206 8.105453 36.663666
v 11.603533 5.721777 62.992828
v 27.005297 13.932653 87.497162
v 40.507088 37.294964 100.682098
v 56.827553 41.733334 123.654510
v 72.009911 23.756470 141.911194
v 89.291458 18.884317 165.961792
v 108.908295 28.492775 187.014008
v 126.562607 30.372946 211.406921
v 141.512161 16.280645 232.783447
v 154.642593 8.115304 258.502441
v 166.227310 5.722833 286.508667
v 178.284195 2.141031 314.255646
v -129.063904 53.180611 -176.553680
v -182.251694 44.256107 -182.153015
v -33.608555 52.710457 -213.714050
v -20.702454 49.279663 -291.194092
v -137.016449 71.734741 -201.680481
v -164.097717 54.027905 -182.267395
v -69.086136 49.829411 -251.529358
v -42.254078 36.842247 -283.876953
v -146.238358 70.178223 -218.335815
v -162.169815 42.784531 -194.014160
v -185.597855 72.677940 -173.169128
v -81.836945 39.338676 -273.209290
v -19.993322 28.036917 -284.640930
v -169.805847 61.159142 -170.637238
v -180.914429 53.611691 -177.766815
v -170.641586 85.205544 -191.703796
v -86.209129 11.424604 -237.507446
v -50.989841 56.855511 -283.917114
v -30.163921 37.200333 -289.010071
v -165.061935 71.116905 -200.004211
v -81.680077 30.431179 -251.084595
v -96.511505 15.246878 -258.565186
v -67.054878 52.862442 -271.746033
v -40.081886 49.964661 -299.181152
v -63.635979 43.900482 -295.716553
v -76.113113 6.830171 425.963501
v -62.163914 5.740866 356.670349
v -42.805092 5.719270 188.907852
v 44.796787 5.729489 282.131805
v 127.756104 5.702879 317.572052
v 169.867966 2.036080 334.403168
v 152.939728 3.887302 315.577606
v 142.179428 2.425940 337.810028
v 199.371429 1.908896 321.648590
v 223.732269 5.720339 240.295410
v 199.902252 35.531418 56.610046
v -173.049591 21.004936 43.165222
v -214.298264 11.098807 27.717712
v -188.261139 8.871406 18.017059
v -243.434799 8.518744 -145.798462
v -97.953239 6.621783 -44.093231
v 317.167999 26.962385 147.501099
v 85.330505 31.951132 -55.612000
v 400.140259 27.575586 167.172119
v 408.157867 5.145722 182.679535
v 413.641052 15.350810 162.675766
v 415.816589 23.432812 184.997849
v 148.016602 5.703387 -97.871796
v 26.410358 46.973991 -283.188965
v 65.715828 53.695286 -295.617737
v 41.464642 49.435680 -301.718140
v 51.029102 40.377716 -278.802429
v 10.547416 45.634399 -294.310486
v 149.065109 5.764435 -147.551758
v 131.317429 11.068481 -122.536743
v -91.218536 45.176872 -180.043152
v -185.343445 12.195646 -127.623688
v -198.146881 19.065104 -173.019897
v -216.029526 12.621762 -157.710602
v 13.939207 46.460129 -190.670410
v -29.209946 17.329699 -153.380585
v -105.751312 12.290849 -216.480164
v -112.645615 11.381806 -240.728577
v -101.457603 9.301543 308.556061
v -96.676529 19.718494 371.378174
v -90.668991 20.944410 401.672394
v -46.331562 8.923084 394.191772
v 3.140937 5.689084 348.650726
v -117.781921 5.713327 216.815430
v 39.048790 14.939405 192.552856
v -17.762510 67.451126 149.509506
v 65.958221 5.755195 334.411621
v 98.644920 5.675314 264.659210
v 132.412643 5.657155 283.977386
v 104.145836 4.153924 343.547791
v 180.319717 5.707422 195.155182
v 190.717407 10.086099 259.743652
v 198.846054 5.057506 289.967041
v 246.134872 1.908896 272.884003
v 286.382690 3.705575 215.271423
v 131.320084 47.124035 95.395187
v 279.047455 42.608456 35.024780
v 224.886368 24.880302 -8.117096
v -190.541962 37.367599 72.189789
v -196.533737 11.851498 41.727203
v -188.666824 24.463984 56.253204
v -188.374130 25.187645 27.197906
v -117.862877 33.220448 19.037659
v -156.100922 35.776764 19.768341
v -90.762497 55.203884 -68.543579
v -164.931885 7.889838 -58.510437
v -91.691231 44.332745 24.352295
v 346.109283 10.717511 193.007599
v 365.968048 25.947884 119.462875
v 97.275917 17.368668 -110.661987
v 7.799179 29.797886 -77.634857
v 51.314762 5.719995 -12.935944
v 399.303253 33.140194 133.543594
v 383.147003 17.861416 196.079498
v 196.392151 5.728815 -60.474182
v 25.834152 24.506933 -249.167053
v 33.427105 33.613083 -267.839966
v -5.121149 54.654961 -279.713806
v -27.694433 59.786449 -282.925598
v 6.903637 35.281101 -264.692383
v -1.067188 40.929222 -231.650696
v 5.498042 26.909599 -246.451355
v 28.731777 39.703365 -293.845947
v 153.696899 5.728458 -122.520599
v 182.824768 5.681728 -102.947937
v 126.078339 28.997154 -132.682251
v 122.764862 31.335640 -112.664581
v -80.757118 41.587112 -187.129883
v -103.403191 56.520420 -203.763550
v -69.848267 37.461227 -158.844727
v -186.884842 56.048862 -155.337311
v -226.918762 33.337120 -138.255951
v -179.804321 29.945187 -183.287720
v -200.222305 13.040269 -183.621765
v -238.908401 33.590622 -148.497375
v 32.003086 24.399895 -185.634766
v 31.018425 27.309612 -155.322174
v -65.500343 5.725111 -168.058838
v -45.199192 15.027086 -112.739563
v -114.047760 29.528564 -243.089600
v -133.616180 18.235165 287.658264
v -107.763397 13.228294 374.215393
v -116.490189 23.388994 346.371826
v -90.376907 5.199376 398.726746
v -67.365059 26.837429 415.027893
v -49.066689 17.415916 412.928223
v -71.377396 16.997322 391.215118
v -59.098667 7.414866 377.353577
v -26.021706 5.711062 367.319702
v 15.728340 5.709764 379.864624
v -152.213043 18.739101 229.498047
v -133.821854 51.884293 146.241928
v 69.810341 38.362514 197.722244
v 31.227266 48.808334 153.731888
v -8.745890 36.163788 115.514816
v 77.043854 4.394903 361.528168
v 125.882088 5.814574 253.634155
v 148.563950 5.708084 296.056335
v 149.960846 5.655908 276.725769
v 102.726913 5.646019 296.773193
v 111.657341 2.588082 361.731293
v 144.627533 13.110439 181.998703
v 173.550461 10.196013 267.673645
v 170.537125 17.661594 236.868408
v 181.805817 3.110992 296.278870
v 224.655594 1.908896 300.226837
v 243.930969 1.908896 293.429688
v 219.531662 2.378726 273.853027
v 232.480927 3.911494 258.354248
v 263.410278 2.524159 241.968750
v 303.731262 2.008795 245.386017
v 96.699936 39.814384 115.016998
v 88.515221 11.599751 70.320496
v 314.560120 37.128132 13.483459
v 273.794739 19.063091 -15.361084
v -207.958939 33.699417 81.634399
v -190.284653 36.269032 101.618042
v -212.169037 17.079762 56.615997
v -155.982193 5.913990 23.501465
v -171.591400 52.775692 18.631683
v -171.300751 34.859821 22.477478
v -166.318649 25.761066 -17.768768
v -175.486923 40.448330 -1.280121
v -145.249603 37.588474 1.570862
v -188.725052 29.621199 -16.562653
v -179.182526 17.206079 -38.275208
v -202.233276 19.127523 -73.418457
v -202.159103 28.113207 -38.559631
v -185.980713 14.286258 -59.301331
v -211.920303 28.985155 -57.375427
v -59.910316 60.064697 -76.343506
v -51.423008 30.574091 11.549377
v 361.072723 8.395809 218.028900
v 390.884460 29.553814 104.386566
v 329.805908 36.692867 72.253937
v -24.955790 8.118931 -72.617432
v 8.515371 5.692443 -22.467834
v 39.871895 5.669372 29.588165
v 409.453033 19.198051 143.246796
v 403.386475 16.703262 125.034119
v 375.047974 20.402958 149.719650
v 392.869690 20.049078 213.046082
v 216.188446 5.632937 -85.075531
v 43.268536 31.895954 -240.479553
v 11.145703 53.433342 -287.852722
v -4.997580 56.510178 -296.746277
v 174.901993 5.719270 -130.916504
v 200.545547 5.669868 -114.122375
v 104.877296 43.734409 -115.654480
v 68.099968 25.943581 -126.020691
v 82.563477 38.116768 -111.686737
v 59.929482 44.113640 -114.564331
v 42.573364 32.987370 -131.458923
v 94.167450 17.300417 -123.143677
v 47.529995 47.774216 -131.401001
v 111.400734 15.679585 -116.963989
v 125.352844 16.984253 -90.144043
v -119.310577 58.800209 -223.249207
v -108.358215 56.934795 -182.651611
v -184.419266 79.967758 -168.533783
v -157.750870 62.110893 -165.893341
v -166.164429 77.282471 -174.748047
v -244.985138 46.782265 -124.046875
v -222.114426 27.098986 -103.070190
v -244.617279 54.034519 -155.464203
v -231.387207 33.083778 -119.354431
v -251.798843 58.389896 -138.720978
v -228.854767 20.233057 -145.796143
v -248.895294 33.837860 -135.167725
v 18.058327 25.454765 -212.638916
v 34.553684 18.557898 -223.474976
v -90.776962 7.334935 -157.569214
v -66.323479 6.019870 -135.171295
v -88.781158 7.487570 -190.165527
v -84.472321 10.389818 -138.820068
v -94.633133 14.857221 -175.616394
v -64.325562 9.807172 -102.360931
v -36.502323 7.946595 -85.182556
v -74.679192 11.930857 -119.555969
v -146.865005 17.974894 291.835999
v -150.929764 22.075737 261.390961
v -89.512016 10.621226 344.508423
v -12.621853 5.710629 394.608154
v 22.690632 4.718283 397.562286
v 46.292007 5.712677 370.494049
v -3.857918 5.704317 369.279968
v -171.913208 21.564472 236.378540
v -170.979446 25.013493 204.220596
v -177.646561 34.971684 146.633728
v 86.797081 31.284506 184.753723
v 59.387531 30.604481 169.402374
v 95.979622 24.251358 207.120605
v 46.434631 30.394440 141.932617
v 18.963840 39.850796 130.892654
v 38.708031 40.711296 131.347900
v 14.120106 31.321617 102.477936
v -14.297697 14.848301 86.892807
v 26.418249 41.546227 113.418289
v -4.468103 23.733793 100.900848
v 84.105865 5.824297 343.093964
v 94.555466 5.694555 320.413086
v 71.382812 5.703273 299.035431
v 117.183487 5.690331 271.418060
v 121.609352 5.672871 299.564270
v 129.297058 24.365269 191.629822
v 120.110847 13.832423 162.753876
v 195.757904 6.387957 231.217529
v 209.996140 5.698463 255.833160
v 279.295898 1.908896 266.939331
v 313.494537 2.063899 262.327393
v 77.902039 34.985817 125.149185
v 72.338951 41.661037 97.502655
v 331.037720 37.113129 -1.022186
v 308.699585 16.240511 -8.297302
v 339.223511 38.383743 30.035889
v 290.766754 7.848988 -31.878265
v 255.657272 5.685050 -43.774200
v 270.899353 7.657334 -31.352112
v -145.960037 26.947229 101.898422
v -172.042984 14.499950 25.908569
v -137.149368 19.013306 21.477264
v -118.249420 5.821408 64.775299
v -112.997620 8.968925 34.333679
v -170.933807 18.432100 17.660065
v -118.498596 11.719059 -12.098480
v -83.174957 53.461212 -112.518250
v -64.016068 46.556149 -34.173828
v -28.769104 36.745785 6.558868
v -40.407299 45.200119 -17.974365
v -30.807690 25.836033 39.889679
v -43.501507 52.121243 -38.839600
v -59.450912 55.705627 -54.164978
v -63.127750 35.793331 -10.807953
v -110.025528 42.760521 -20.720184
v -75.528015 31.937817 9.675598
v -85.037491 38.440060 -23.523865
v -67.001038 25.564995 46.074371
v -95.724319 42.308895 0.182953
v -85.459663 47.827843 -46.075684
v -64.641388 25.906269 25.824615
v -97.128708 24.865831 17.193756
v -115.624741 35.674969 2.295502
v -102.515961 21.450905 -19.869720
v -112.697487 40.175880 29.689362
v -92.453102 22.500010 51.888458
v -99.592873 30.678677 35.543671
v -90.394852 15.994173 32.913147
v 364.948486 10.819968 198.422272
v 371.405273 14.801061 174.159485
v 345.705383 20.689444 158.255768
v 327.727966 4.603418 221.216156
v 384.243713 28.379536 123.165298
v 361.923676 34.855305 85.822495
v -27.256001 28.648705 -63.785736
v -17.315434 7.109277 -41.510498
v -11.602450 7.513810 -10.743011
v 14.297659 5.723291 9.298798
v 19.658157 5.715312 41.340698
v 45.423222 6.194152 62.098206
v 391.871765 28.917479 150.501602
v 193.271042 5.669142 -82.870697
v 162.866577 5.719563 -67.198730
v 38.166962 42.303204 -161.480957
v 20.744104 43.418484 -141.465454
v 12.084740 45.418015 -164.602814
v -20.428921 33.483456 -182.644653
v -2.909641 45.132114 -179.246155
v -7.809677 44.919022 -206.130981
v 8.181657 43.401886 -210.087524
v 129.785141 5.930267 -103.891510
v 127.389732 26.916290 -109.100311
v -163.208115 31.353268 -147.108246
v -143.387711 69.286346 -181.718628
v -234.140213 41.642185 -93.258606
v -220.969925 30.789543 -78.267853
v -226.324997 46.289909 -189.186035
v -202.581833 60.073608 -187.409485
v -208.422958 53.782265 -173.192047
v -249.127090 51.562988 -146.736176
v 32.226006 15.686574 -201.302551
v -45.826797 22.776060 -139.886017
v -44.320282 21.072346 -165.924438
v -56.986183 10.803092 -151.025116
v -31.688290 9.970533 -189.954468
v -35.211636 16.390091 -172.225159
v -82.086578 7.601684 -213.985413
v -69.210426 34.887547 -218.443726
v -74.639221 40.202972 -234.437134
v -55.838669 52.733257 -225.411377
v -78.440056 21.666382 -221.704041
v -58.447330 22.644068 -192.803955
v -70.638695 8.601781 -197.737793
v -104.273529 17.154629 -196.116821
v -11.071816 15.915766 -87.033508
v 0.015666 20.931673 -117.228302
v -27.448265 15.501664 -100.660034
v -10.847826 32.992081 -103.673004
v -24.985914 24.220598 -126.526154
v 50.229897 7.341437 -117.130127
v 77.262657 6.307287 -118.562714
v 61.363483 10.877388 -140.233643
v 68.282402 27.775154 -84.673309
v 49.060711 23.924160 -146.237885
v 65.229523 11.805977 -100.355560
v -50.316742 21.172550 -76.800232
v -116.297234 6.190717 255.447098
v -80.334053 11.185610 362.988129
v -62.019783 5.660909 316.620636
v -105.979919 14.834022 329.491425
v -29.892488 5.720746 385.868774
v -29.340923 8.383961 406.499329
v 57.809174 5.712487 353.341125
v 31.977757 5.698259 331.003632
v 25.436705 5.666521 358.175446
v -144.741409 9.880550 202.004562
v -200.531693 30.908201 150.642548
v -184.485794 25.783894 176.579269
v -198.049591 45.745529 124.262939
v 39.465542 44.001167 190.170898
v 67.413826 10.729373 207.574036
v 101.156158 6.163203 231.543365
v -4.046937 46.092262 138.455811
v 7.250434 59.897312 154.952988
v 14.791770 45.753437 143.911255
v -14.477211 30.324577 174.145874
v 19.963619 51.266109 175.330231
v -10.754748 53.412212 168.199966
v 6.281529 10.723035 82.254440
v -16.099213 12.564623 60.940918
v -45.852123 19.186319 72.492340
v -28.049973 12.364367 73.982971
v 85.860535 5.709649 282.544495
v 75.382957 5.670873 317.810547
v 171.534760 16.433662 130.165253
v 221.583420 5.707307 198.508652
v 177.968124 8.158305 217.602661
v 283.296967 2.082263 246.528442
v 261.281342 1.951312 261.118011
v 102.408676 39.718433 89.742920
v 287.705780 19.972950 15.412415
v 310.233459 43.565968 43.380707
v 272.139404 6.352234 -57.130768
v 242.349838 5.614993 -68.940186
v 223.455215 8.220547 -43.094727
v -169.699997 41.809666 88.554871
v -150.730286 8.566071 56.528870
v -126.829651 24.966137 2.564606
v -142.990356 17.003176 -15.176666
v -130.065796 5.635953 -41.995392
v -155.624313 9.582418 -35.279388
v -79.764732 58.437996 -89.665802
v -63.170448 49.682705 -103.687500
v -68.509407 46.168644 -132.965424
v -16.491886 19.680176 29.836700
v -100.511032 7.041283 -22.990601
v -96.149292 12.430415 2.190125
v -102.507629 6.301623 51.972412
v 356.673950 22.577143 139.179718
v 321.337494 17.441727 176.558716
v 352.514221 14.360513 175.124817
v 343.705933 7.154836 211.556305
v 306.270447 2.980232 223.571747
v 314.477356 8.480183 199.746658
v 325.594421 2.372694 243.197739
v 372.074738 30.836937 101.669952
v 381.759430 32.943329 74.449860
v -22.496904 22.953997 -33.852753
v 14.556696 6.494816 -58.777802
v 37.606522 5.691972 6.244904
v 29.237574 5.679246 -14.350250
v 42.014874 5.719130 -43.136597
v -1.847163 6.209246 18.529846
v 28.941591 6.940239 70.934509
v 57.763832 16.778751 87.118927
v 72.803398 5.698514 40.581329
v 65.743134 5.713072 12.294739
v 167.233292 5.704826 -88.148712
v 135.427124 7.119318 -72.920074
v 115.348785 37.664013 -81.344879
v 116.806587 18.157372 -74.855103
v 110.780632 17.877144 -92.000366
v 172.221802 34.439751 -26.936218
v 149.814026 32.167282 -52.204468
v 132.671356 33.017254 -67.065186
v 112.849365 43.164200 -52.744812
v 147.965561 13.864138 -59.455902
v 50.292015 29.736839 -156.108826
v -168.532272 49.757370 -153.931519
v -113.578972 14.130084 -142.514465
v -145.588058 40.089661 -162.751221
v -139.216705 19.835239 -146.143127
v -119.312424 30.247532 -163.967804
v -159.287735 9.876146 -130.896606
v -93.398048 24.289562 -157.857574
v -169.335236 5.691158 -95.985260
v -184.106277 9.921693 -80.655823
v -94.597000 30.099834 -129.087524
v -171.389603 5.720937 -116.141083
v -83.649063 45.661934 -130.948273
v -84.050079 36.053745 -147.761841
v -205.535355 37.335491 -182.285034
v -227.141876 25.277771 -174.657440
v -242.751572 41.319794 -173.401764
v -201.684204 72.497185 -177.139709
v -203.720795 29.924473 -153.116913
v -221.237488 43.518055 -164.294983
v -38.371758 46.921360 -253.405945
v -15.820042 37.482353 -250.918518
v -20.863894 45.405788 -268.614746
v -37.705528 51.779472 -233.571838
v -136.942139 11.649447 245.859161
v -132.386597 13.444383 267.083832
v -70.316147 5.662613 336.481750
v -129.372650 22.573629 318.256226
v 46.459690 5.723483 308.743378
v -10.889440 5.724895 295.055939
v 16.934891 5.724716 305.532166
v -137.891663 6.587856 221.296997
v -107.557724 18.666754 172.713379
v -161.876648 15.364084 183.509445
v -134.809006 14.300255 176.723404
v -167.521698 23.998264 163.330536
v -153.994339 39.799385 152.158661
v -116.103844 7.125720 191.717285
v -125.914955 33.701794 162.718994
v -163.084793 44.778778 126.609497
v -147.089859 24.630964 164.099487
v -78.800751 5.696516 206.773560
v -166.351166 48.313393 138.481049
v -91.977905 8.210049 186.228943
v -99.953056 5.687391 205.529175
v -90.765610 5.614522 236.285126
v -67.508064 6.427967 184.796005
v -49.092667 23.964882 155.803711
v -52.300365 8.918669 169.757004
v -28.045467 10.639336 170.816284
v -77.926048 27.715429 165.004349
v -34.858101 44.033096 164.365356
v -1.496409 5.732111 205.879181
v -98.828140 51.574371 151.196732
v -5.141918 10.737936 181.811478
v -105.518684 36.569427 162.646255
v -72.452667 55.358315 135.864975
v -21.406441 5.714752 195.662460
v -35.469852 5.699010 247.256989
v -22.923962 5.666381 222.978027
v 16.259508 8.309820 191.580536
v -50.318203 46.871094 143.591324
v -53.131573 5.701389 222.772736
v 9.013936 5.714472 254.692627
v 29.793518 5.708732 224.689392
v 19.685341 31.665243 183.633209
v -42.116947 65.866966 154.709442
v -72.661758 49.498447 144.239288
v -57.832809 5.689325 202.841675
v -12.082754 5.653578 243.931702
v -20.095043 5.722578 269.618469
v 1.895190 41.832344 179.917587
v -43.278996 53.228466 118.169113
v -57.845375 5.732886 278.493225
v 1.935010 5.724704 276.307129
v 24.359261 5.723685 271.698212
v 47.971039 5.680659 250.662994
v 72.766205 5.676409 259.645477
v -35.660683 64.892899 135.897461
v -61.864033 67.142044 129.660583
v -24.549580 43.665112 128.006927
v -35.162342 5.725289 289.085083
v -40.725491 5.726027 267.089905
v -64.672096 5.718774 250.004303
v 68.613068 5.665108 232.265305
v 65.352264 5.711278 279.005127
v -79.023918 56.356743 83.319763
v -53.327106 5.709764 298.364868
v -80.086487 5.660641 293.480621
v 51.104973 6.167619 218.582794
v 85.196434 5.683560 243.793793
v 84.591957 5.710350 218.267487
v -64.866325 59.031570 105.296387
v -97.282791 54.294991 54.994171
v -107.473450 38.544842 54.475067
v -105.390030 6.920729 281.200836
v -50.084030 36.164066 95.537811
v -28.185658 28.314253 104.387787
v -100.568512 54.891079 112.390976
v -103.198540 49.707687 37.721069
v -83.322868 5.641859 267.822510
v -84.414467 61.930428 127.008133
v -84.851624 62.280708 102.115082
v -103.823692 49.167599 83.520844
v -205.422028 38.047775 111.754440
v 52.125275 30.728256 197.111099
v 55.557613 35.468594 186.732910
v 43.006912 43.707787 170.103638
v 77.785416 25.916807 206.326355
v 108.072914 5.726027 248.696198
v 122.261093 7.717872 232.772690
v 149.980530 10.150875 152.129990
v 214.806625 5.713136 219.843491
v 245.108994 5.706340 217.899109
v 200.349792 5.722044 203.466766
v 153.876816 22.758968 211.728912
v 112.628204 43.869900 103.437073
v 126.063156 24.258266 129.864761
v 99.164688 21.060854 136.428299
v 116.334183 14.838514 143.792587
v 84.129616 25.827850 86.442688
v 294.791656 39.050850 21.275055
v 304.463043 22.622726 7.776428
v 289.312805 17.731447 -2.151337
v 239.257172 13.853307 30.075714
v 321.327911 42.407570 28.340118
v 329.815521 36.319492 50.043762
v 358.354858 34.410210 56.560028
v 221.009964 5.704190 -64.151459
v 240.933960 17.252645 -24.911560
v 250.425888 17.850842 -5.595886
v 231.538528 9.410212 7.690826
v 182.599701 5.707994 4.403809
v 205.536667 7.646657 29.413574
v 207.337204 8.141379 0.059692
v 197.284607 29.998766 -14.546570
v -182.298599 46.840012 107.733490
v -165.691284 35.614994 63.827576
v -131.053589 5.727199 46.601898
v -140.196228 8.315063 82.550385
v -154.176620 20.144291 73.176056
v -117.346031 19.350075 105.738159
v -132.694855 10.405827 103.192215
v -117.855850 14.559535 84.976746
v -109.756943 37.095306 96.069778
v -96.250580 26.617203 77.133575
v 270.825500 16.514778 167.706055
v 294.472198 14.402305 181.738846
v 293.475311 23.036257 157.258514
v 271.131866 7.242862 193.188828
v 282.905640 37.627888 104.130615
v 244.579910 7.549609 179.112167
v 265.634003 5.691972 213.518005
v 294.599365 34.644817 130.563080
v -7.314878 5.695879 -60.219543
v 21.344608 5.694518 -38.992828
v 80.103584 5.711227 -38.298798
v 42.274536 23.285873 -66.938538
v 66.439201 9.163810 68.613251
v 53.336010 5.654914 44.038574
v 175.803741 17.389727 -43.206757
v 96.212532 34.587780 -71.255402
v 98.897247 25.773664 -89.765472
v 76.552612 42.610435 -71.084045
v 54.672089 39.171253 -73.181488
v -116.217453 5.730634 -91.796600
v -209.905670 15.638571 -133.093658
v -185.523773 37.488838 -140.092194
v -120.397423 16.870903 303.821503
v -5.194552 5.724067 322.174866
v -32.207138 5.715796 316.194885
v -44.523663 5.639122 338.369141
v 12.246372 5.708937 331.517395
v -20.161852 5.712233 340.989380
v -160.653473 40.933220 107.900330
v -111.158211 5.663887 236.002609
v -37.992279 5.687290 208.901230
v -73.189888 5.655538 226.219299
v -66.079689 33.674728 154.054642
v 27.710861 5.712500 245.443314
v -65.598274 36.033562 74.623901
v -79.936272 47.369225 64.524780
v -97.088966 5.673139 254.246613
v -94.757172 57.434368 73.152924
v 112.206581 17.374304 218.326752
v 167.766693 6.517545 171.666260
v 243.782349 5.041497 238.173431
v 160.313004 11.074094 195.548004
v 148.401733 18.181435 131.353607
v 160.220886 36.633896 107.366119
v 264.206421 23.201172 28.129517
v 266.577667 11.680664 8.172089
v 348.540588 35.882294 72.702118
v 355.745941 34.748287 37.898254
v 124.449028 5.677223 11.821625
v 213.984024 23.052176 -26.639954
v 193.136292 27.248722 -32.625519
v 176.598846 16.269842 -15.471222
v 135.580627 15.512113 -32.820251
v 152.281082 5.709865 -3.118469
v 156.204559 22.794588 -24.253571
v 151.646225 38.418083 -35.167175
v 134.051239 41.431007 -48.398346
v -155.184235 32.262627 86.955475
v 285.182495 41.281284 68.731323
v 241.229980 5.719537 198.494064
v 232.520340 21.992369 125.569778
v 328.963440 35.874947 111.519760
v 60.015335 5.719398 -32.172913
v 77.654877 5.725556 -11.658508
v 95.080917 5.644390 12.221100
v 107.714233 6.520484 -22.293945
v 34.840385 7.902398 -62.225159
v -107.856728 11.073598 -116.618744
v -133.316833 6.138425 -123.769409
v -96.356438 29.853333 -89.743042
v -94.390564 47.804482 -96.679810
v -99.768295 12.668060 -98.784485
v -114.883583 5.710502 -64.629181
v -99.212715 17.006702 -67.694244
v -141.814774 5.679960 -76.773621
v -109.941490 31.804579 -45.665283
v -100.539749 37.477528 -70.425415
v -100.757751 46.972481 -53.680450
v 207.676575 7.545396 159.242416
v 198.102493 5.685495 180.190369
v 138.082489 35.438000 113.837250
v 162.915466 40.933380 71.525513
v 202.494064 11.261497 -41.272614
v 109.557777 19.571775 -44.873016
v 129.852936 5.709356 -12.267639
v 291.546417 45.523045 50.421387
v 246.076752 17.094635 151.358154
v 263.202606 30.387287 127.214615
v 273.264771 26.037016 147.117950
v 199.511536 29.161865 104.900787
v 305.574860 36.671352 109.746552
v 315.741272 34.318943 127.966278
v 318.908661 36.582829 91.811462
v 307.268402 37.133724 72.311554
v 110.122841 6.047028 43.868866
v 96.085922 5.694582 -7.068268
v -144.703918 5.712971 -56.433624
v -138.528076 5.693423 -100.396057
v -161.456879 5.727797 -77.876068
v 222.438339 6.524189 176.126160
v 152.424789 45.233055 88.660522
v 124.435455 30.918991 -37.002502
v 91.573097 13.314312 -51.587250
v 66.594681 15.455112 -61.497406
v 224.218109 13.449677 144.790207
v 207.221436 17.664152 126.142212
v 188.198776 21.071606 119.583099
v 109.871452 5.665720 24.516663
v 129.806213 21.508654 70.059998
v 121.157661 37.430943 80.316116
v 108.253700 19.764280 75.905151
v 0.169281 33.378124 -282.793396
v 0.561317 25.590652 -165.000244
v -13.370813 15.125586 -180.064819
v 6.365940 6.477521 -154.698639
v 33.198101 5.752638 -143.206543
v 3.565730 10.006218 -172.283112
v -16.130302 7.052062 -168.492432
v -10.968035 11.523499 -140.148529
v 22.359095 13.297004 -157.484406
v 12.387325 6.843304 -131.453918
v 25.968332 16.312729 -109.821472
v 43.259659 27.598888 -93.175323
v 19.638330 34.618107 -94.124481
v 28.274153 35.297020 -77.150543
v -34.074593 31.550634 -204.132080
v -51.117764 38.900951 -213.062744
v -48.374767 18.344368 -202.757996
v -47.421413 21.954079 52.498505
v -101.386421 22.067326 17.607422
v -132.661667 32.088051 126.829498
v -143.627060 48.017330 130.681183
v -114.958969 46.597992 134.869110
v -87.217575 31.879969 130.698730
v -109.538605 26.422398 124.500580
v -100.914856 32.697350 112.470978
v 6.169044 5.702116 228.523834
v 219.297897 21.676525 45.278748
v 240.185745 47.660255 67.497437
v 253.369171 42.202423 45.576660
v 222.717957 42.625328 55.763641
v 207.061951 43.238808 78.724365
v 238.285995 28.756683 43.142914
v 263.192841 47.395634 63.060364
v 256.751892 37.567436 90.067001
v 186.190826 43.865536 72.293213
v 275.776001 41.644989 86.122772
v 230.352783 36.179989 89.308838
v 243.383926 29.775070 107.023499
v 221.376434 26.616507 107.085922
v 263.982788 34.340443 108.075211
v 170.079346 10.195187 48.409241
v 161.983246 5.712945 23.028381
v 140.424438 6.278958 44.187347
v 183.058258 6.416958 30.875732
v 192.551102 15.728899 48.015076
v 177.283905 28.125311 59.592896
v 141.386749 5.705908 23.524414
v 125.171059 7.329005 57.112946
v 151.312805 16.647753 61.137329
v 90.677597 5.719652 51.012115
v 191.408707 10.851478 142.233215
v 186.585373 6.756831 162.028809
v 170.479477 8.296967 148.856613
v 180.705978 41.308861 94.247406
v -198.713211 11.873539 -104.741028
v -99.194420 5.684236 -245.170654
v -74.794235 5.697941 -252.705872
v -50.525421 8.821214 -258.819092
v -36.949383 19.055571 -272.474487
v -39.904526 29.032076 -295.662048
v 360.381470 4.747845 187.829941
v 336.724915 4.890796 172.026489
v 341.909332 5.050062 145.041092
v 345.606232 1.921571 122.732422
v 327.451935 1.908896 148.021866
v 307.965424 1.908896 173.151459
v 286.716278 1.471581 197.212723
v 261.697174 1.908896 218.013092
v 235.908417 1.908896 237.515442
v 209.799301 1.908896 256.312500
v 183.627945 1.908896 274.930664
v 157.281143 1.908896 293.248779
v 130.742050 1.912358 311.204865
v 104.071701 1.908896 328.958923
v 77.322426 1.908896 346.559021
v 50.516209 1.908896 363.994080
v 23.648771 1.908896 381.280945
v -3.321976 1.888662 398.417145
v -30.349276 1.893727 415.419342
v -175.090668 16.845016 -205.653503
v -158.078293 5.953008 -218.383789
v -138.053833 14.753313 -227.648499
v -121.869934 8.599858 -236.649231
v -107.830910 14.095533 -273.276062
v -113.537254 33.471024 -296.253357
v -117.752625 17.081453 -314.712219
v -105.815445 1.974601 -292.992432
v -92.666565 1.904493 -264.716797
v -79.506226 1.916824 -236.455505
v -66.031868 1.908896 -208.354919
v -52.404408 1.908896 -180.366943
v -38.398926 1.908896 -152.566071
v -24.074341 1.908896 -124.948029
v -9.652143 1.908896 -97.395660
v 4.790261 1.908896 -69.842621
v 19.178413 1.866201 -42.251740
v 33.458954 1.874791 -14.596222
v 47.614204 1.855205 13.129120
v 61.691830 1.863159 40.890228
v 75.741920 1.908896 68.611267
v 88.663055 13.771300 91.393478
v 98.016586 39.034466 102.555237
v 108.613533 17.594782 114.477173
v 122.327957 1.908896 128.454849
v 138.354584 7.822288 154.266327
v 154.979202 2.997005 180.342911
v 173.150787 1.909736 205.743683
v 191.507141 1.847862 231.029755
v -48.914997 29.103518 -321.940491
v -181.336853 28.327768 -279.397034
v -46.563507 15.947378 -291.809265
v -165.171051 17.836561 -249.685181
v 378.567108 1.908896 176.410141
v 336.790497 18.309727 100.194519
v 226.164597 1.908896 12.692566
v 229.510269 10.817169 106.218185
v 220.538254 1.901579 190.088043
v 213.651001 1.905511 234.382355
v 205.964386 1.908209 210.543335
v 231.090500 1.885862 212.934601
v 187.677246 1.823480 252.942871
v 101.341164 1.908896 237.009460
v -61.530361 31.947124 138.833481
v 184.299149 1.872716 -138.840881
v 176.470596 8.205518 -176.841370
v 62.466480 8.635860 -325.753052
v 69.398109 1.908896 -212.892517
v 84.127121 28.480925 -299.108643
v 86.544640 14.065703 -314.118042
v 60.626080 12.498409 -300.216553
v -23.657562 1.908896 280.373413
v -119.900284 1.908896 11.335999
v -52.026897 1.908896 410.946533
v -248.434631 25.216125 31.585632
v -153.658737 1.908896 -111.254791
v -256.718750 25.015005 -252.070129
v -261.280975 17.171820 -171.117950
v -70.269203 6.981000 -325.891663
v -149.732224 28.653780 -300.049561
v -78.944145 22.098696 -294.357544
v -69.202042 10.432017 -276.377808
v -88.477707 12.400675 -279.312622
v 344.253418 26.123795 70.757294
v 368.396210 2.589100 112.141464
v 371.432404 1.908896 144.643845
v 331.305756 24.996145 139.288376
v 287.846771 17.614811 111.142548
v 307.025421 11.444215 0.593933
v 183.066345 38.448547 75.160156
v 142.263260 1.885990 16.089325
v 257.788574 2.405833 -74.790771
v 262.077332 18.236935 149.152161
v 189.880096 1.908896 136.155991
v 189.294067 1.869051 175.090591
v 254.758331 1.908896 183.103516
v 79.754570 1.908896 176.572922
v 134.534088 4.868271 214.334488
v 158.867188 3.181481 236.617157
v 122.848267 1.883788 271.417999
v 54.894096 1.908896 284.222168
v 11.932143 14.914730 113.408508
v -110.341209 2.021967 195.351471
v -142.835968 14.553311 127.439850
v 236.032654 10.630886 -165.263824
v 199.530487 6.139584 -206.975647
v 197.314957 10.563783 -193.639160
v 207.976501 19.769676 -168.679718
v 179.383133 12.588358 -211.210815
v 186.304916 24.547174 -206.066833
v 206.477814 21.277426 -189.797180
v 213.509445 5.065333 -182.420166
v 195.433884 15.499157 -177.613129
v 136.235092 1.908896 -200.991699
v 168.773453 1.994631 -213.576965
v 185.699081 3.416186 -218.689941
v 96.098511 1.977591 -100.472046
v 80.970711 31.950382 -349.051575
v 78.619377 17.831331 -333.704468
v 18.199215 9.944052 -311.230652
v 8.992238 1.919879 -194.992798
v 59.382500 3.040159 -286.758545
v 7.433281 1.908896 327.396271
v -69.272453 1.869459 313.647888
v -186.025681 1.908896 -35.536560
v -70.612206 1.908896 -48.745880
v -36.375179 1.908896 38.679138
v -190.232941 1.908896 58.210114
v -224.058411 1.908896 15.736328
v -250.659714 5.545560 19.946655
v -240.531403 2.195689 -7.304413
v -232.147385 1.995967 59.155670
v -256.859436 8.963033 -0.087097
v -209.122971 1.908896 -13.105835
v -235.516800 1.908896 35.951569
v -208.858704 1.908896 38.380493
v -247.405609 14.516711 49.170441
v -243.173218 17.616011 73.833954
v -166.324203 1.908896 18.633942
v -184.663803 1.908896 34.677979
v -191.907486 1.908896 8.234070
v -187.034409 1.908896 -13.422760
v -145.296387 1.908896 -22.919983
v -167.441895 1.908896 -23.771057
v -157.204163 1.908896 -2.790802
v -135.475235 1.908896 -3.737030
v -106.031158 1.908896 -30.437317
v -218.229691 1.908896 -120.187714
v -171.428436 1.908896 -207.380981
v -116.057213 1.908896 -165.553864
v -233.019547 30.670568 -220.440369
v -269.934845 2.419080 -210.139282
v -71.259766 1.908896 -292.333374
v -93.509064 6.810585 -314.247620
v -90.678574 29.849323 -318.641907
v -129.848572 26.022255 -303.999817
v -137.335083 4.070556 -294.308167
v -136.637619 27.468548 -276.039124
v -138.918289 20.240612 -251.087585
v -121.500771 10.884386 -257.608643
v 359.830566 6.485921 42.963257
v 389.860931 4.711690 116.707199
v 378.561798 23.122311 93.575058
v 389.822845 1.908896 147.472351
v 351.793304 8.085983 161.658722
v 335.299896 17.590797 158.301666
v 348.106812 7.431970 135.754913
v 337.884674 18.851765 121.428162
v 309.932556 30.848248 112.937424
v 315.165253 8.090056 117.679993
v 325.263092 3.374738 -41.467163
v 142.613419 36.650558 96.122528
v 123.623772 2.520939 61.065216
v 95.327805 1.830937 5.725586
v 298.123016 5.238368 -95.912567
v 281.558105 13.523411 170.656403
v 166.339615 1.908896 153.244034
v 191.346756 1.898512 195.693268
v 173.475006 1.908896 186.355331
v 266.768188 1.904404 198.800186
v 83.779999 2.241846 136.616333
v 151.854752 4.518879 201.926071
v 123.938026 7.944012 183.714218
v 173.491165 1.835429 224.688004
v 157.025757 1.868937 264.897644
v 142.069733 1.854353 279.260071
v 136.326523 1.956721 249.280396
v 115.713509 1.908947 251.953156
v 87.928024 1.862307 272.949371
v 73.907242 1.863185 312.605072
v 48.398220 8.099408 96.003784
v -146.607941 2.139771 218.149078
v -167.883347 7.464040 164.515991
v -190.893295 20.156826 117.466782
v -214.031052 4.773182 97.348541
v -228.462479 6.145717 81.215897
v -211.301346 1.908896 66.876953
v -229.354187 16.701607 101.326569
v 251.520233 20.932434 -131.959381
v 193.951904 14.838297 -154.159698
v 223.755478 17.551689 -143.957794
v 225.223358 17.080576 -180.386627
v 214.268570 1.908896 -150.462738
v 118.584145 27.964506 -240.398560
v 184.329697 1.908896 -187.491943
v 53.008766 1.908896 -77.477539
v 100.759117 35.030846 -344.996155
v 91.281227 16.285038 -364.468506
v 11.011037 36.507977 -313.566711
v -19.805817 2.584341 -179.470184
v -19.134243 7.153462 -248.146301
v 36.579773 1.908896 -139.167572
v 101.089241 3.170511 -302.688416
v 23.578751 1.831637 351.946716
v -94.188484 1.909304 329.257660
v -98.277168 1.878749 259.801880
v -35.087944 1.908896 -66.863525
v -15.800407 1.908896 -6.734741
v 12.456198 1.908896 48.803070
v -230.209747 1.908896 -42.255005
v -245.735916 2.209268 -27.896179
v -249.721115 1.908896 -107.695892
v -127.669746 1.908896 -229.634338
v -85.979858 1.908896 -180.839111
v -85.008430 1.908896 -111.361298
v -218.503967 22.013199 -204.654907
v -202.471313 36.154526 -226.042297
v -248.724686 14.226686 -198.327271
v -290.318085 12.214024 -194.878113
v -61.710762 1.822525 -262.506409
v -88.834068 1.907662 -284.009766
v -94.573074 31.543646 -300.310364
v -70.455704 30.868114 -314.126526
v -64.413986 28.279255 -333.433594
v 10.996861 8.502835 -346.468628
v -29.533339 7.829949 -334.983032
v -51.543919 11.864923 -335.070007
v -42.503460 1.908896 -307.200439
v -170.049347 6.618666 -287.193176
v -157.908600 31.360777 -279.246582
v 374.890411 16.569233 39.624207
v 360.097229 8.049867 11.181213
v 350.266113 22.482626 101.921555
v 323.235748 13.047359 124.780914
v 328.599548 1.908896 128.610413
v 299.647949 12.234945 144.523026
v 307.641052 17.377117 106.410416
v 334.977173 20.002649 -42.412842
v 349.467743 12.209136 -17.896057
v 317.626099 12.863379 -70.674377
v 120.604332 33.407734 104.640182
v 121.740196 21.567858 85.939011
v 141.025696 11.295971 105.888367
v 100.857254 3.079610 73.090576
v 98.104248 1.876662 39.466400
v 72.660393 1.900739 17.633911
v 68.884056 1.908896 -17.925903
v 291.133392 17.164057 -82.614563
v 274.408752 19.854725 -109.825012
v 262.611145 9.306378 167.070816
v 185.888458 1.888369 155.695435
v 101.809677 5.185759 125.258026
v 78.144585 24.570095 118.814835
v 138.513763 6.420509 173.115982
v 105.459503 2.563215 207.046265
v 108.990501 1.901261 157.088257
v 103.084160 1.838140 298.922180
v 84.622673 1.873760 328.644104
v 48.747398 1.888242 332.249969
v 75.711746 1.907013 290.947388
v 68.634094 6.324988 88.775467
v 43.334911 1.908896 68.001129
v -166.022385 2.462616 230.130951
v -171.803528 3.390136 198.261261
v -140.342285 1.958426 250.115692
v -190.781067 2.768065 175.184631
v -190.464691 2.963880 142.275543
v -198.551392 14.992752 123.654221
v -213.373566 14.668723 119.689560
v 241.560791 12.648194 -117.368896
v 242.281097 23.685688 -150.558289
v 246.162628 1.905893 -132.874054
v 145.115067 20.314869 -251.467590
v 196.215042 1.908896 -166.366394
v 158.995331 1.908896 -189.352478
v 123.420677 1.908896 -147.721832
v 136.340836 1.908896 -172.808929
v 162.595825 1.908896 -159.159485
v 94.567909 1.908896 -178.624359
v 117.059517 1.908896 -186.598633
v 111.610321 1.908896 -165.646362
v 97.290070 1.908896 -207.018066
v 88.030296 1.908896 -136.774597
v 88.386879 16.271280 -232.519409
v 85.748543 2.168277 -221.588867
v 30.201426 1.908896 -65.492889
v 26.120726 1.908896 -101.093842
v 54.817753 1.908693 -46.042206
v 20.031246 1.908896 -82.355560
v 110.122055 20.524632 -363.628479
v 100.991890 2.964974 -337.518738
v 35.840714 22.090830 -307.811584
v -5.906762 23.597012 -302.387024
v -36.357513 1.908896 -171.057922
v -35.156273 1.908896 -206.435730
v -7.256390 1.908896 -151.057800
v 122.636444 8.036351 -311.212341
v -16.447205 1.908018 360.077759
v -35.299015 1.902457 384.757904
v -60.873177 1.876381 353.051819
v -99.159210 1.914585 294.771179
v -15.801691 1.908896 -76.725891
v -13.133525 1.915043 -43.104706
v -42.025471 1.908896 -98.288300
v 7.562233 1.881408 -18.707855
v 10.090147 1.908896 15.021210
v 35.860260 1.855778 36.775208
v -239.938599 1.908896 -74.461121
v -208.621811 1.908896 -35.861969
v -263.048309 10.408041 -101.530823
v -262.542633 2.779290 -137.963531
v -104.588051 1.908896 -241.312073
v -97.575111 1.908896 -210.309326
v -128.943878 1.908896 -262.742065
v -69.035423 1.908896 -189.422852
v -69.577942 1.908896 -154.180084
v -179.526199 23.604521 -228.023315
v -191.981216 7.779084 -230.046021
v -202.138550 17.153444 -230.442078
v -222.614319 20.112413 -252.147827
v -211.082748 13.169718 -236.135559
v -191.938690 18.729570 -255.295593
v -227.356689 26.696766 -241.163879
v -185.613358 9.395002 -217.163879
v -266.615356 30.484018 -221.441040
v 48.313446 20.220125 -360.240112
v -61.964413 1.908896 -309.401672
v 2.538819 1.908896 -304.856750
v -48.240650 1.951108 -283.173157
v -20.700274 1.908896 -289.051880
v -37.948757 1.908896 -261.794495
v -43.422939 1.908896 -233.896118
v 10.689985 6.414592 -268.750671
v -0.652143 1.908896 -284.950134
v -168.841751 24.164656 -293.542419
v -153.710968 11.107131 -295.694885
v -152.789078 28.549124 -260.548950
v 325.391327 7.660834 26.028931
v 349.517456 5.328073 105.192352
v 317.276550 26.535671 84.564148
v 359.407898 27.793354 86.514359
v 315.049988 24.387207 129.978760
v 324.779480 16.965368 144.406830
v 282.545227 20.503378 151.089722
v 275.089386 26.430374 120.377045
v 297.068756 21.551453 122.597321
v 289.956116 1.908896 -55.040680
v 309.756653 19.546871 -58.122131
v 155.074875 16.465403 68.963837
v 103.660469 25.829800 91.491653
v 123.657593 6.272124 111.243637
v 162.389282 5.745842 120.851456
v 116.551102 1.861238 20.652557
v 132.684723 1.908896 38.493408
v 170.461792 2.646761 41.144165
v 146.339615 3.287514 56.986847
v 80.138496 1.908896 48.831299
v 52.013924 1.903183 -6.696899
v 263.273682 13.567519 -95.698273
v 94.398109 29.077024 112.681732
v 22.931686 10.422713 142.872742
v 67.399651 32.498920 102.057312
v 116.791039 2.412120 223.810745
v 64.004333 1.908896 216.359970
v 101.775154 2.045382 184.030823
v 88.058426 1.908896 157.202667
v 105.739922 1.833673 280.044312
v 122.790863 1.824663 292.096558
v 27.861502 1.871635 331.704620
v 24.201790 1.908896 298.298126
v 49.820595 1.908896 307.971252
v 59.814053 1.908896 59.411560
v 20.738811 1.908896 88.878601
v -186.844894 4.934892 207.140503
v -141.407440 3.073285 185.318909
v -155.954742 3.249094 259.719421
v -115.392342 1.888369 228.293793
v -126.076828 1.908896 277.182770
v -169.395004 10.724295 131.090591
v -151.824188 6.378043 145.758453
v -109.171173 27.215504 148.987625
v -145.427353 17.413805 165.799103
v -130.682205 17.997942 140.878632
v -208.293304 7.252801 149.734207
v 234.834503 1.908896 -149.705536
v 269.223206 6.307248 -128.922058
v 255.543304 1.905550 -104.714844
v 212.396637 1.823391 -107.386078
v 156.526779 19.652866 -224.505798
v 172.357452 25.626017 -221.180115
v 115.465172 12.798769 -272.299988
v 119.330772 5.134244 -290.195312
v 136.918488 8.202261 -275.491577
v 150.854065 1.909443 -123.656860
v 5.770365 1.934781 -122.845703
v 87.538895 1.908896 -63.956879
v 38.001877 1.907662 -34.487915
v 118.868271 4.356610 -342.034851
v 52.610271 15.667751 -315.118652
v 38.385681 15.238771 -323.968994
v -18.384035 38.267014 -311.188049
v -16.168505 12.257927 -313.977539
v -12.652470 1.913159 -201.671082
v -19.899864 6.284431 -224.270752
v 2.281296 1.908896 -172.333191
v 36.925598 1.908896 -174.252960
v 16.893999 1.908896 -153.142578
v 1.963465 1.861327 348.360199
v 0.950643 1.884984 375.593994
v -22.272749 1.908795 398.390411
v -62.674995 1.897188 381.591187
v -83.641563 1.947240 358.673584
v -72.861923 1.858171 334.861572
v -39.517097 1.887873 362.209106
v -31.775591 1.905753 324.624023
v -88.628632 1.966939 310.969116
v -117.815834 1.908896 307.992371
v 3.248369 1.908896 -51.528534
v -42.572918 1.908896 -38.227661
v -25.625637 1.908896 -106.676392
v -63.100624 1.908896 -77.391846
v -9.805035 1.908896 33.443359
v -27.151632 1.908896 15.468719
v -73.337158 1.908896 10.630524
v -46.199974 1.908896 -8.224915
v -50.906002 1.908896 19.479523
v 28.473785 1.893447 5.530823
v -244.937729 2.906537 -55.144440
v -256.641724 7.305562 -69.607880
v -227.615448 1.908896 -96.558014
v -196.311432 1.908896 -73.455994
v -213.584717 1.908896 -58.233276
v -216.311554 1.908896 -79.062317
v -239.891113 1.908896 -130.336090
v -236.449402 2.330457 -178.136566
v -244.332123 1.908896 -154.451752
v -271.645660 6.060212 -169.455627
v -208.841644 1.908896 -155.758911
v -267.688080 16.764616 -132.585693
v -108.504440 1.908896 -188.619263
v -143.136185 1.908896 -187.359253
v -161.775940 1.868517 -244.196594
v -151.130447 1.963478 -273.415100
v -122.458839 1.908896 -281.755920
v -55.264030 1.908896 -126.472626
v -93.354324 1.908896 -157.668121
v -84.382126 1.908896 -135.342590
v -119.384888 1.908896 -124.395996
v -104.980164 1.908896 -139.923065
v -208.016968 6.030777 -273.957764
v -203.815521 24.983204 -273.635132
v -190.816711 13.481951 -285.494934
v -239.817993 16.917645 -246.473389
v -237.088455 6.427941 -260.284119
v -245.843979 34.199242 -236.758484
v -250.010559 25.586529 -213.462402
v -280.721283 13.747503 -235.769714
v -280.543030 19.602711 -198.277405
v 70.678146 26.143837 -359.541992
v 69.277412 3.976460 -345.255676
v -19.611824 1.966418 -314.744446
v -6.578744 3.353052 -333.141724
v -62.048641 1.908896 -227.766357
v 335.894104 2.865495 1.479004
v 323.319366 16.789852 8.922791
v 331.444641 5.330084 -20.324524
v 345.858398 4.793378 26.719666
v 339.043976 25.932049 90.176254
v 377.638519 16.013451 68.731415
v 247.468262 21.234781 124.975800
v 227.553970 2.469539 150.595779
v 245.226669 8.656502 141.131302
v 225.801285 5.283494 125.483185
v 210.455597 1.908896 138.711182
v 207.896927 1.815577 161.831726
v 275.873779 3.152059 75.382736
v 301.070862 2.147127 -74.471619
v 279.386292 1.973010 -83.664581
v 141.683167 29.005196 80.742599
v 161.386887 39.012009 83.544495
v 172.146973 20.440958 84.230286
v 162.468323 32.430084 100.752319
v 151.902405 3.910578 138.281845
v 53.441299 8.679319 132.601929
v 60.446972 1.908896 156.494781
v 49.125618 1.908896 187.299850
v 41.359070 2.912683 148.093536
v 37.336842 33.896896 110.615051
v 86.539093 1.908896 219.622711
v 71.191170 1.890036 246.676865
v 78.043930 1.908896 198.927216
v -4.293528 1.908896 301.428925
v -11.789204 1.908705 320.220245
v -27.056671 1.903055 302.640961
v -47.734207 1.887300 309.663452
v -65.307045 1.900268 277.001068
v 29.556843 9.677671 103.984085
v -31.596842 1.908896 90.888855
v -17.835594 1.908896 63.212830
v 22.165201 1.908896 67.649078
v -130.254517 2.034120 203.780090
v -153.164169 2.209599 200.292862
v -161.014359 6.520472 180.712463
v -133.945694 2.094645 232.164124
v -118.236397 1.908349 250.323669
v -106.759850 1.908896 277.095581
v 277.698547 6.149089 -107.561981
v 204.761505 1.905537 -129.203796
v 225.977020 1.868364 -125.014099
v 232.609390 1.823225 -87.469360
v 235.868088 1.879436 -107.515106
v 223.756271 1.902241 -37.630768
v 235.460281 1.839082 -61.326660
v 259.696136 1.908896 -34.198669
v 193.230103 1.908896 -67.875580
v 242.501266 1.876318 -42.938019
v 209.952087 1.803258 -84.082550
v 213.226746 1.908896 -57.775421
v 156.819885 20.577890 -237.331909
v 138.689789 27.967344 -232.448975
v 127.256088 7.157839 -227.771423
v 125.876434 22.323679 -257.934326
v 164.417145 1.902101 -138.814240
v 26.179941 1.973723 -121.512024
v 60.979382 1.908896 -112.877625
v 78.831848 1.908896 -40.681519
v 130.233398 1.908896 -34.741669
v 125.358292 1.879105 -6.569763
v 105.320702 1.908896 -44.053925
v 132.050446 1.908896 -77.796478
v 94.615814 1.908896 -20.285767
v 124.153374 1.908896 -56.501038
v 159.706558 1.908896 -55.440308
v 187.152390 1.908896 -30.152008
v 114.213715 1.908896 -22.909485
v 157.902634 1.908896 -13.802887
v 139.892334 1.908896 -18.647430
v 67.096046 1.908896 -62.604095
v 32.780003 22.079760 -316.184570
v 50.301113 32.532211 -341.779602
v 1.041176 5.565438 -302.189026
v 9.411610 30.156019 -328.572388
v -51.888950 1.908896 -55.971436
v -25.267603 1.909049 -25.759308
v -106.190010 1.918912 -73.438446
v -64.952103 1.908896 -100.150513
v -74.252914 1.908896 -19.174652
v -273.178589 10.302733 -150.996857
v -285.394958 15.400761 -176.503479
v -275.048157 2.099646 -189.645630
v -141.105179 1.906746 -245.446594
v -223.703247 15.615384 -265.757812
v -206.506195 1.908896 -232.020203
v -269.860535 26.886055 -238.771667
v -257.837219 6.305072 -244.226746
v -233.444443 1.908896 -234.180786
v -222.454437 1.908896 -205.661865
v -252.596481 1.908896 -223.574646
v -248.566833 1.908896 -199.256409
v -256.013672 1.908896 -180.170807
v -289.818237 6.883328 -215.209900
v -293.856201 24.105608 -218.889465
v -307.604767 13.665522 -208.885559
v -264.902863 15.425348 -189.198364
v 87.547684 5.692049 -350.408203
v 80.780655 1.927018 -320.942383
v 78.614502 2.080633 -298.608948
v 84.706177 15.251700 -274.628052
v 44.145123 1.908896 -319.908752
v 61.990147 1.908896 -327.703857
v 358.017181 13.102526 62.337494
v 332.800110 10.458564 51.800781
v 315.800537 31.614208 60.731750
v 281.338104 6.235855 102.010880
v 256.117706 9.525951 104.080917
v 159.860535 12.156921 99.354538
v 186.905655 5.216021 105.757477
v 205.768066 1.908896 116.516678
v 141.304901 3.824206 119.587189
v 70.560135 11.402691 127.234406
v 5.607599 1.896056 228.298203
v 50.699959 26.007275 100.160416
v 57.576900 30.900234 123.010376
v 36.435627 26.015535 131.691544
v 3.994124 34.430737 133.881439
v 22.303215 35.649532 124.567062
v 89.932877 1.880378 253.233826
v 67.519951 1.854786 267.393250
v 32.436241 1.889426 254.297974
v -5.239361 3.358283 97.633011
v -29.576796 18.120337 122.016693
v -22.532930 4.065810 109.334229
v 147.654678 4.013379 -219.579834
v 117.762840 1.908896 -210.501160
v 108.845840 13.274604 -234.240173
v 165.942551 1.908896 -34.404785
v 188.297501 1.912574 7.780914
v 21.091000 16.059586 -322.808594
v 25.048397 33.635784 -349.577209
v 31.414988 25.945187 -338.853394
v 27.629137 15.377280 -357.677551
v 43.312847 3.406133 -343.418579
v -0.784060 26.584883 -349.106323
v -16.707375 31.795443 -331.117798
v -35.083214 26.215269 -343.052429
v -31.363602 20.957203 -323.284607
v -83.882973 1.908896 -67.550140
v -92.542992 1.908896 -47.557190
v -90.080498 1.908896 -89.327423
v -114.910500 1.910856 -98.342804
v -133.040680 1.908896 -108.603699
v -55.926304 1.908896 -24.675903
v -96.962067 1.908896 -3.728210
v -116.271393 1.908896 -12.267303
v -216.249908 1.908896 -253.376648
v -187.704300 1.908896 -255.777222
v -170.865387 1.908896 -267.854553
v -196.971893 1.908896 -207.794739
v -185.095078 1.908896 -177.803040
v -211.128632 2.024792 -182.100952
v 105.639595 8.168130 -353.469482
v 99.759140 4.987132 -283.660095
v 100.248734 24.736753 -257.605530
v 48.921360 19.708628 -250.824646
v 327.818451 31.817156 77.800186
v 286.323883 23.963280 69.890228
v 306.856201 7.227553 85.301880
v 326.370392 17.960133 89.492004
v 179.477753 6.868032 122.372772
v 210.527206 10.259110 74.909546
v 205.416718 5.385417 94.688812
v 191.567398 11.533323 84.653244
v 202.523849 27.485613 87.001572
v 240.883835 2.626832 77.494019
v 228.243378 28.459661 53.164490
v 223.906570 3.157162 88.221680
v 208.686920 38.830494 68.060638
v 190.916183 15.512353 58.640045
v 242.596756 26.281622 70.012512
v 222.299194 22.235514 77.912292
v 229.571716 40.838905 66.987061
v 33.169617 1.908896 214.090027
v 32.943489 1.908896 277.181671
v 3.871738 1.908896 266.210175
v 8.299449 1.908896 285.804749
v 48.937702 1.856109 235.955292
v 164.791412 1.844376 8.883789
v 178.469498 1.916876 -10.758698
v -164.866058 1.908896 -186.237122
v -152.498001 1.908896 -149.809692
v 61.482269 18.057894 -269.364990
v 72.177101 20.939333 -249.840698
v 35.744934 13.530386 -270.458740
v 60.989582 7.439886 -234.459473
v 36.832405 1.961722 -212.619080
v 12.654252 13.505862 -235.714722
v 3.957702 4.737690 -216.697266
v 23.112574 15.061803 -253.105530
v 303.785980 28.971220 74.096649
v 285.762329 38.621147 42.466003
v 301.729797 25.394304 23.839874
v 256.510712 40.151115 52.189819
v 305.164520 19.940775 46.257904
v 264.127319 10.706860 22.351135
v 280.867584 23.455755 28.270142
v 289.572296 2.729048 87.170654
v 258.654510 7.473444 84.269394
v 174.122650 24.608526 66.583527
v 199.458481 2.013886 35.184998
v 262.797211 12.633266 53.696289
v 25.949154 1.907102 234.098755
v -0.399087 1.908896 181.372375
v 22.018049 1.908896 166.644669
v 41.926880 1.908896 168.245453
v 21.863443 1.908896 191.864624
v 2.293806 1.929042 204.903015
v -49.170475 1.871037 224.134628
v -21.356909 1.866748 220.242111
v -14.396692 1.835684 246.334869
v -39.980965 1.908896 184.431458
v -19.379778 1.908896 195.653717
v -37.973114 1.873060 205.850830
v -181.201263 1.908896 -148.707397
v 31.975086 1.908896 -294.927734
v 53.238026 1.908896 -193.520081
v 75.606735 1.908896 -191.025085
v 29.240032 1.908896 -193.386169
v 293.040527 30.336002 51.830048
v 315.724365 22.272953 32.838989
v 248.364746 20.788441 39.520874
v 225.223145 8.139229 38.322998
v 243.118881 6.154155 25.486115
v 211.232422 15.574649 52.328278
v 206.382019 1.908896 16.123779
v 212.236908 1.908896 -11.610718
v 239.480026 1.908896 -14.935608
v 252.642776 2.833986 4.247009
v 280.039398 4.893697 0.160278
v 264.525421 1.908896 -13.444458
v 289.585266 2.328230 -26.488403
v 311.182770 3.025092 -25.085754
v 275.219482 10.596563 63.660583
v 244.273331 10.719115 61.274780
v 260.024170 31.112606 59.045746
v -82.775070 1.854162 216.202209
v -63.139912 1.899415 197.804398
v -86.383881 1.908896 191.907104
v -101.228645 10.084241 169.323135
v -124.344467 10.533506 171.629288
v -167.242157 1.908896 -164.888367
v -166.370056 1.908896 -130.807953
v -185.052551 1.906275 -104.058502
v -206.578323 1.908896 -101.903168
v -199.663010 1.894936 -134.393707
v -102.190155 1.849619 213.401321
v -82.341911 24.431965 154.321671
v -52.255074 12.369267 158.452789
v -59.823009 2.900123 175.655396
v -79.218994 7.909002 168.777481
v -163.026123 1.826839 -78.616882
v -155.222702 1.908896 -50.401855
v -134.512177 1.883584 -77.545227
v -123.745438 1.832973 -51.918945
v -148.210159 1.837351 -92.016754
v -126.647934 1.892467 -31.649780
v -184.111755 1.868810 -123.453033
v -30.167271 30.113857 143.562866
v -180.988602 1.899746 -85.199829
v -177.881134 1.908896 -58.255005
v -48.150082 27.657873 148.033661
v -43.118099 31.396166 130.161224
v -16.693821 33.915333 127.453171
v -22.069210 5.210587 158.673462
v 1.594832 6.646802 154.241364
v -38.878098 3.606783 165.869263
v 111.321342 1.908896 -123.140625
v 131.108200 1.908896 -128.587433
v 135.200180 1.908896 -103.282867
v 168.660172 1.873225 -93.062256
v 173.997894 1.911009 -116.798981
v 191.294739 1.841016 -97.664856
v 116.224617 1.908896 -92.582001
v 149.062286 1.908896 -88.763824
v -171.649597 7.019814 -233.847229
v 76.200684 1.908896 -85.822357
v -22.509233 8.163523 -289.478455
v 63.224102 1.908896 -156.536438
v 66.041092 1.908896 -134.537903
v 44.223591 1.908896 -156.653229
v 85.117081 1.908896 -158.675659
v -146.797577 1.908896 -212.718018
v -124.446526 1.908896 -205.962708
v 235.078903 1.980213 172.240250
v -45.154652 1.911480 287.411011
v 268.085236 1.875274 -55.153900
v 81.932556 2.008185 -116.264343
v 46.714832 1.908896 -97.438293
v -182.028503 1.908896 -229.794556
v 0.950452 1.908896 75.905106
v -65.996407 2.136819 113.980896
v -105.328873 5.389438 122.514954
v -114.472336 22.943941 129.236679
v -86.280228 23.010933 129.809479
v -85.143379 7.501263 118.174530
v -99.379120 1.908896 66.000061
v -97.043030 1.908896 95.572220
v -73.680901 1.908896 44.237701
v -66.793510 19.255230 123.337692
v -134.638962 4.024590 100.384506
v -161.673477 11.321448 107.639709
v -102.661980 1.904302 36.063232
v -93.507362 1.908896 17.065948
v -114.803268 2.433957 105.988373
v -118.659508 1.908896 81.684952
v -153.932785 5.540597 67.274567
v -138.916092 2.635129 80.692902
v -128.043884 1.908896 52.479370
v -168.975739 3.884541 50.803711
v -144.876846 14.827123 113.669647
v -186.491928 2.365644 100.356583
v -193.546860 1.908896 79.770203
v -170.304611 7.950133 83.794037
v -201.734009 10.372523 107.078033
v -152.430450 11.164995 91.820496
v -123.375313 1.927540 31.969910
v -148.384613 1.917843 36.612915
v -144.786606 1.915412 15.579590
v 302.260101 20.966656 98.135223
v -137.716644 1.908896 -166.047150
v -127.435204 1.908896 -145.724426
v -142.825562 1.908896 -130.271271
v 0.405857 13.584457 -251.951172
v 35.563480 12.653526 -233.145569
v -70.390793 1.884743 246.599075
v -79.358513 1.861403 263.715271
v -91.549187 1.797939 237.685196
v -67.744339 1.859290 227.664673
v -42.386562 1.908527 251.958954
v -25.871555 1.901897 261.496643
v 277.975281 30.655199 46.790436
v -9.850568 21.650551 145.950638
v 172.847977 1.908896 -72.214355
v 108.246170 1.908896 -71.750122
v -51.405067 1.908896 66.463257
v -54.226036 1.908896 46.975189
v -35.333263 1.908896 57.191925
v -56.454807 1.916837 90.912888
v -44.440228 1.908896 109.271622
v -76.412460 1.908896 96.230164
v -75.421272 1.908896 68.277069
v 18.641594 1.908896 -324.154236
vt 0.032548 0.756127
vt 0.038786 0.750363
vt 0.043478 0.757776
vt 0.045423 0.774653
vt 0.043092 0.766192
vt 0.048502 0.767076
vt 0.138430 0.751003
vt 0.133888 0.755493
vt 0.129556 0.751189
vt 0.049538 0.756450
vt 0.055054 0.749276
vt 0.057109 0.756433
vt 0.027091 0.759480
vt 0.035606 0.761889
vt 0.030071 0.765562
vt 0.027880 0.775019
vt 0.034511 0.772844
vt 0.037434 0.767680
vt 0.046363 0.750710
vt 0.057669 0.765162
vt 0.051367 0.762210
vt 0.025890 0.790293
vt 0.027655 0.782596
vt 0.030693 0.788836
vt 0.024304 0.768906
vt 0.166105 0.766595
vt 0.167665 0.761039
vt 0.170321 0.770326
vt 0.160248 0.760292
vt 0.061560 0.748927
vt 0.063591 0.765498
vt 0.066729 0.760371
vt 0.113078 0.766219
vt 0.104060 0.766564
vt 0.105778 0.761543
vt 0.117879 0.759175
vt 0.119980 0.768233
vt 0.101841 0.757063
vt 0.110171 0.754227
vt 0.093099 0.755293
vt 0.088456 0.748427
vt 0.097370 0.748407
vt 0.075543 0.765927
vt 0.075236 0.756638
vt 0.125449 0.758546
vt 0.125252 0.768592
vt 0.121967 0.763511
vt 0.029794 0.750091
vt 0.031426 0.795640
vt 0.014986 0.806076
vt 0.016916 0.796832
vt 0.020641 0.802517
vt 0.024533 0.807941
vt 0.024788 0.796644
vt 0.038216 0.778898
vt 0.036973 0.799962
vt 0.041206 0.793552
vt 0.042964 0.799853
vt 0.033504 0.812047
vt 0.031902 0.803901
vt 0.094242 0.848291
vt 0.093645 0.852854
vt 0.084864 0.850417
vt 0.041765 0.826478
vt 0.051566 0.824564
vt 0.047843 0.833640
vt 0.045555 0.820038
vt 0.119935 0.777487
vt 0.111040 0.772992
vt 0.070512 0.748647
vt 0.069520 0.754577
vt 0.063428 0.754919
vt 0.056848 0.832092
vt 0.054452 0.841095
vt 0.084067 0.752720
vt 0.079486 0.748530
vt 0.062295 0.838406
vt 0.061415 0.846417
vt 0.052527 0.770912
vt 0.036943 0.807173
vt 0.122524 0.750908
vt 0.066365 0.842551
vt 0.070029 0.851171
vt 0.142874 0.757511
vt 0.142788 0.765452
vt 0.136898 0.766030
vt 0.111221 0.759783
vt 0.114788 0.749533
vt 0.147425 0.750862
vt 0.099754 0.762404
vt 0.148893 0.756654
vt 0.148874 0.765699
vt 0.106035 0.748689
vt 0.132941 0.761668
vt 0.165534 0.751506
vt 0.160672 0.767409
vt 0.152230 0.770792
vt 0.152868 0.761270
vt 0.164577 0.800040
vt 0.161841 0.808300
vt 0.157829 0.801817
vt 0.124956 0.773222
vt 0.128986 0.775288
vt 0.126903 0.780782
vt 0.174079 0.777970
vt 0.165874 0.776145
vt 0.177101 0.787132
vt 0.180831 0.796999
vt 0.175829 0.792097
vt 0.129178 0.832599
vt 0.133395 0.838716
vt 0.125166 0.840472
vt 0.130803 0.767198
vt 0.134618 0.771551
vt 0.149555 0.809242
vt 0.146674 0.814413
vt 0.142440 0.807345
vt 0.099710 0.822609
vt 0.104724 0.826527
vt 0.096544 0.830136
vt 0.084289 0.758858
vt 0.156430 0.751138
vt 0.089055 0.856186
vt 0.079186 0.854765
vt 0.170730 0.806006
vt 0.175504 0.801967
vt 0.180320 0.806572
vt 0.170098 0.799663
vt 0.170677 0.794682
vt 0.166349 0.790395
vt 0.172143 0.783597
vt 0.021521 0.777194
vt 0.116435 0.839828
vt 0.116308 0.832689
vt 0.122988 0.810121
vt 0.117470 0.812428
vt 0.120214 0.803371
vt 0.146172 0.832551
vt 0.143818 0.824888
vt 0.151756 0.824314
vt 0.140228 0.840292
vt 0.133359 0.846677
vt 0.072386 0.771091
vt 0.053224 0.794893
vt 0.057027 0.784615
vt 0.059371 0.796131
vt 0.156407 0.815490
vt 0.150900 0.818027
vt 0.104993 0.819576
vt 0.097514 0.811804
vt 0.106962 0.813767
vt 0.081466 0.764187
vt 0.020920 0.786796
vt 0.155200 0.808189
vt 0.150373 0.778443
vt 0.158230 0.777984
vt 0.154849 0.785311
vt 0.161549 0.793126
vt 0.057709 0.775466
vt 0.110245 0.829170
vt 0.110691 0.821014
vt 0.116960 0.825730
vt 0.118569 0.783542
vt 0.122912 0.785934
vt 0.155913 0.790772
vt 0.151759 0.794460
vt 0.146210 0.787994
vt 0.116524 0.853428
vt 0.119148 0.846609
vt 0.126124 0.850423
vt 0.122673 0.829872
vt 0.142083 0.773176
vt 0.051105 0.779769
vt 0.075335 0.776414
vt 0.068077 0.783967
vt 0.064556 0.777684
vt 0.074788 0.783087
vt 0.085789 0.778193
vt 0.080875 0.786226
vt 0.157950 0.772313
vt 0.133751 0.779750
vt 0.043716 0.783392
vt 0.035247 0.785115
vt 0.040108 0.788011
vt 0.119472 0.793335
vt 0.111824 0.798215
vt 0.109331 0.792027
vt 0.049977 0.789369
vt 0.046476 0.793884
vt 0.066508 0.805434
vt 0.067742 0.813680
vt 0.061718 0.813196
vt 0.059648 0.819022
vt 0.042866 0.813232
vt 0.043324 0.806524
vt 0.146568 0.798601
vt 0.150728 0.803645
vt 0.160571 0.783223
vt 0.166423 0.785362
vt 0.040114 0.819066
vt 0.073734 0.827613
vt 0.074174 0.834862
vt 0.067860 0.832108
vt 0.101912 0.793496
vt 0.095735 0.791435
vt 0.104549 0.787347
vt 0.103443 0.841290
vt 0.109748 0.837163
vt 0.108978 0.845131
vt 0.128115 0.824956
vt 0.131750 0.820589
vt 0.135819 0.829467
vt 0.122176 0.823071
vt 0.137817 0.820459
vt 0.111168 0.850642
vt 0.066250 0.770890
vt 0.063323 0.789800
vt 0.072427 0.793799
vt 0.065994 0.796486
vt 0.087936 0.763565
vt 0.085458 0.768907
vt 0.104068 0.774560
vt 0.096316 0.772730
vt 0.093849 0.763340
vt 0.079319 0.771420
vt 0.142069 0.781128
vt 0.113279 0.786633
vt 0.140205 0.814013
vt 0.134260 0.805603
vt 0.156782 0.796433
vt 0.139304 0.802186
vt 0.132220 0.814468
vt 0.058709 0.825493
vt 0.074817 0.814074
vt 0.067197 0.823256
vt 0.080101 0.838455
vt 0.087796 0.837093
vt 0.086104 0.843172
vt 0.077858 0.847016
vt 0.072514 0.841302
vt 0.102313 0.847438
vt 0.140349 0.833886
vt 0.127500 0.845739
vt 0.106991 0.854289
vt 0.098472 0.855113
vt 0.078855 0.792650
vt 0.109395 0.780138
vt 0.097567 0.782661
vt 0.106232 0.801039
vt 0.091605 0.768738
vt 0.149167 0.783494
vt 0.140542 0.785156
vt 0.054101 0.802591
vt 0.048022 0.806250
vt 0.048629 0.799210
vt 0.052833 0.818465
vt 0.083331 0.833159
vt 0.094903 0.838152
vt 0.103446 0.832744
vt 0.098023 0.843301
vt 0.117135 0.818937
vt 0.125206 0.817294
vt 0.093301 0.820892
vt 0.128346 0.809782
vt 0.081643 0.827121
vt 0.087283 0.823010
vt 0.088424 0.829921
vt 0.112111 0.806517
vt 0.103572 0.806822
vt 0.117148 0.798826
vt 0.071392 0.800681
vt 0.092516 0.778148
vt 0.138610 0.789740
vt 0.129549 0.795902
vt 0.133823 0.785620
vt 0.140472 0.796075
vt 0.049128 0.813215
vt 0.058424 0.808066
vt 0.076889 0.820936
vt 0.082375 0.816820
vt 0.074409 0.806808
vt 0.082734 0.809920
vt 0.080223 0.804023
vt 0.089119 0.816142
vt 0.089181 0.784350
vt 0.088254 0.806028
vt 0.091748 0.810854
vt 0.082556 0.797994
vt 0.087451 0.791262
vt 0.091294 0.799407
vt 0.100154 0.799909
vt 0.095266 0.805156
vt 0.061138 0.802150
vt 0.124049 0.792553
vt 0.123834 0.798529
vt 0.126759 0.803586
vt 0.681977 0.412150
vt 0.692920 0.412757
vt 0.687126 0.419178
vt 0.696168 0.393787
vt 0.694603 0.403177
vt 0.689696 0.396300
vt 0.687096 0.401750
vt 0.689341 0.407333
vt 0.678050 0.419747
vt 0.698079 0.408819
vt 0.657698 0.414458
vt 0.651426 0.414829
vt 0.654373 0.409066
vt 0.610852 0.399022
vt 0.618512 0.399179
vt 0.612043 0.404719
vt 0.694252 0.388110
vt 0.702216 0.390275
vt 0.675939 0.413790
vt 0.668958 0.420188
vt 0.663989 0.413019
vt 0.696225 0.418374
vt 0.672757 0.408307
vt 0.663710 0.404372
vt 0.678790 0.395097
vt 0.681387 0.403524
vt 0.675564 0.403113
vt 0.570242 0.413319
vt 0.576640 0.413478
vt 0.573884 0.418096
vt 0.699986 0.399624
vt 0.646725 0.403481
vt 0.645154 0.412859
vt 0.633290 0.412581
vt 0.643812 0.410995
vt 0.642363 0.416637
vt 0.624015 0.405562
vt 0.631889 0.404635
vt 0.630308 0.409780
vt 0.657802 0.403956
vt 0.567657 0.418758
vt 0.572471 0.425460
vt 0.659838 0.420513
vt 0.669076 0.374593
vt 0.675436 0.370358
vt 0.678527 0.380933
vt 0.633893 0.417988
vt 0.638272 0.421258
vt 0.629705 0.422171
vt 0.707385 0.363669
vt 0.706394 0.371626
vt 0.702295 0.367791
vt 0.699150 0.375094
vt 0.704236 0.381045
vt 0.623168 0.316756
vt 0.633047 0.316981
vt 0.628166 0.322661
vt 0.618124 0.392260
vt 0.692490 0.363788
vt 0.690677 0.358424
vt 0.698417 0.363516
vt 0.680048 0.357876
vt 0.684322 0.363887
vt 0.676155 0.364138
vt 0.694579 0.368864
vt 0.672751 0.336766
vt 0.677999 0.344700
vt 0.673592 0.345068
vt 0.675764 0.351290
vt 0.650748 0.420782
vt 0.616563 0.421326
vt 0.607755 0.418493
vt 0.616129 0.416301
vt 0.643389 0.420486
vt 0.666023 0.330005
vt 0.665470 0.338283
vt 0.624572 0.417067
vt 0.621207 0.423990
vt 0.652225 0.324772
vt 0.650066 0.319690
vt 0.657956 0.324121
vt 0.637610 0.388937
vt 0.634468 0.399739
vt 0.631381 0.394781
vt 0.672123 0.357435
vt 0.671191 0.399130
vt 0.608429 0.340131
vt 0.610388 0.346709
vt 0.601501 0.347507
vt 0.603320 0.425947
vt 0.600373 0.419278
vt 0.612347 0.425412
vt 0.624863 0.412247
vt 0.619555 0.411654
vt 0.585140 0.426202
vt 0.589961 0.417359
vt 0.594191 0.426145
vt 0.577867 0.426058
vt 0.598554 0.412192
vt 0.565249 0.409922
vt 0.563269 0.426852
vt 0.559341 0.417628
vt 0.586584 0.402644
vt 0.587301 0.412420
vt 0.581669 0.412405
vt 0.555843 0.408265
vt 0.561663 0.402914
vt 0.591556 0.399277
vt 0.590228 0.407381
vt 0.551238 0.383449
vt 0.560400 0.385778
vt 0.554762 0.392579
vt 0.592179 0.338497
vt 0.589052 0.347731
vt 0.583416 0.342910
vt 0.597170 0.324269
vt 0.604745 0.321085
vt 0.602294 0.325910
vt 0.655384 0.398455
vt 0.644948 0.397546
vt 0.651119 0.393789
vt 0.618613 0.320773
vt 0.615285 0.318171
vt 0.618698 0.326475
vt 0.581083 0.420004
vt 0.575719 0.342883
vt 0.582398 0.335593
vt 0.605484 0.402587
vt 0.604454 0.395475
vt 0.546782 0.379493
vt 0.544490 0.372004
vt 0.549544 0.374174
vt 0.555858 0.381441
vt 0.596146 0.343843
vt 0.601211 0.337493
vt 0.590858 0.364865
vt 0.583732 0.363501
vt 0.589966 0.357920
vt 0.555315 0.375331
vt 0.560705 0.374270
vt 0.573080 0.364913
vt 0.573065 0.371309
vt 0.567469 0.366742
vt 0.566706 0.373422
vt 0.560115 0.365342
vt 0.575565 0.348757
vt 0.569941 0.350905
vt 0.549735 0.389054
vt 0.552748 0.398450
vt 0.617418 0.406183
vt 0.613442 0.410770
vt 0.637228 0.407614
vt 0.604366 0.413569
vt 0.681659 0.369756
vt 0.688404 0.367998
vt 0.553859 0.368808
vt 0.565166 0.359391
vt 0.584978 0.394634
vt 0.564260 0.382271
vt 0.663441 0.393718
vt 0.633847 0.362867
vt 0.637086 0.369907
vt 0.631024 0.371063
vt 0.588289 0.334821
vt 0.596394 0.332066
vt 0.623555 0.377894
vt 0.622093 0.385020
vt 0.616659 0.379996
vt 0.637321 0.326355
vt 0.637511 0.320695
vt 0.644585 0.325185
vt 0.628474 0.330259
vt 0.578653 0.407149
vt 0.567574 0.399408
vt 0.569018 0.405296
vt 0.573226 0.409066
vt 0.596435 0.406234
vt 0.607787 0.408484
vt 0.671841 0.389721
vt 0.645921 0.391149
vt 0.639035 0.397860
vt 0.662080 0.375607
vt 0.664508 0.369481
vt 0.632968 0.380026
vt 0.628494 0.388881
vt 0.642191 0.404063
vt 0.685026 0.390960
vt 0.678487 0.388000
vt 0.696333 0.382449
vt 0.690889 0.379519
vt 0.687876 0.374161
vt 0.688950 0.385141
vt 0.681867 0.376301
vt 0.670835 0.364194
vt 0.665935 0.359972
vt 0.683669 0.352513
vt 0.667673 0.382485
vt 0.637068 0.348925
vt 0.638022 0.339962
vt 0.642773 0.345002
vt 0.660148 0.363303
vt 0.669095 0.355170
vt 0.667609 0.346327
vt 0.657820 0.355934
vt 0.665027 0.353561
vt 0.644208 0.332650
vt 0.571418 0.357304
vt 0.586289 0.370219
vt 0.585050 0.376207
vt 0.579430 0.368769
vt 0.566642 0.391417
vt 0.562737 0.396885
vt 0.560689 0.391144
vt 0.577314 0.360507
vt 0.611947 0.326262
vt 0.604152 0.330850
vt 0.596106 0.350220
vt 0.604580 0.353495
vt 0.600548 0.355789
vt 0.608862 0.334606
vt 0.614672 0.334366
vt 0.614227 0.340257
vt 0.658353 0.333135
vt 0.650409 0.330190
vt 0.652656 0.336952
vt 0.662899 0.386904
vt 0.656152 0.389936
vt 0.658735 0.381794
vt 0.597739 0.367145
vt 0.592938 0.371691
vt 0.623875 0.392975
vt 0.625290 0.398407
vt 0.629039 0.400118
vt 0.629449 0.344874
vt 0.655776 0.379696
vt 0.655278 0.374092
vt 0.651529 0.384412
vt 0.662284 0.342978
vt 0.646479 0.339500
vt 0.659619 0.349650
vt 0.655502 0.366749
vt 0.651042 0.372352
vt 0.649598 0.350510
vt 0.656401 0.343878
vt 0.580369 0.351941
vt 0.586562 0.352729
vt 0.571365 0.379947
vt 0.579996 0.379796
vt 0.568964 0.385627
vt 0.573847 0.401828
vt 0.572040 0.395578
vt 0.578481 0.395371
vt 0.589682 0.329218
vt 0.642521 0.317873
vt 0.650051 0.344259
vt 0.644448 0.350302
vt 0.622007 0.333834
vt 0.608694 0.389502
vt 0.644658 0.385309
vt 0.647112 0.377325
vt 0.601735 0.362250
vt 0.608313 0.361951
vt 0.622644 0.340467
vt 0.628275 0.337552
vt 0.618143 0.345004
vt 0.618071 0.362868
vt 0.619750 0.355355
vt 0.628125 0.357776
vt 0.635197 0.333166
vt 0.624898 0.350739
vt 0.615775 0.350464
vt 0.596740 0.392907
vt 0.599540 0.400658
vt 0.614812 0.386438
vt 0.635035 0.375703
vt 0.634535 0.387331
vt 0.639364 0.381645
vt 0.640534 0.375698
vt 0.633144 0.355443
vt 0.613105 0.359993
vt 0.611344 0.354531
vt 0.589885 0.388231
vt 0.595974 0.386751
vt 0.599243 0.374275
vt 0.590965 0.378090
vt 0.642280 0.355622
vt 0.640474 0.363024
vt 0.648586 0.365663
vt 0.643228 0.368985
vt 0.650203 0.358097
vt 0.580668 0.401416
vt 0.573931 0.389375
vt 0.581949 0.387389
vt 0.607123 0.382005
vt 0.634669 0.381192
vt 0.627804 0.364899
vt 0.624165 0.370508
vt 0.615684 0.371106
vt 0.613188 0.365681
vt 0.606171 0.372093
vt 0.611524 0.375829
vt 0.599459 0.381588
vt 0.712559 0.297355
vt 0.703725 0.294385
vt 0.710998 0.291500
vt 0.689630 0.167427
vt 0.690082 0.157842
vt 0.694087 0.162775
vt 0.697566 0.171885
vt 0.692757 0.172275
vt 0.782712 0.177546
vt 0.790834 0.177119
vt 0.786497 0.182169
vt 0.704309 0.172398
vt 0.701548 0.164707
vt 0.743115 0.222021
vt 0.739498 0.214509
vt 0.747750 0.216812
vt 0.714815 0.162939
vt 0.707769 0.163302
vt 0.715731 0.156478
vt 0.817960 0.403023
vt 0.819259 0.396042
vt 0.825643 0.398835
vt 0.810263 0.379019
vt 0.814983 0.382398
vt 0.810215 0.387222
vt 0.694976 0.181593
vt 0.699176 0.181230
vt 0.875032 0.244528
vt 0.876412 0.254234
vt 0.870540 0.248818
vt 0.726900 0.170456
vt 0.721159 0.164279
vt 0.731112 0.164996
vt 0.761175 0.172217
vt 0.771597 0.174728
vt 0.766580 0.177942
vt 0.816380 0.392902
vt 0.808301 0.391603
vt 0.696667 0.190818
vt 0.702285 0.194357
vt 0.696293 0.200256
vt 0.741556 0.303640
vt 0.740674 0.297431
vt 0.748071 0.307404
vt 0.823231 0.394265
vt 0.690222 0.186541
vt 0.689775 0.177029
vt 0.689457 0.224380
vt 0.694225 0.228985
vt 0.689505 0.233915
vt 0.689829 0.196102
vt 0.814664 0.396757
vt 0.747932 0.388529
vt 0.749871 0.384178
vt 0.752522 0.389384
vt 0.697990 0.238192
vt 0.735612 0.155532
vt 0.730821 0.159048
vt 0.725671 0.155965
vt 0.799374 0.277594
vt 0.806054 0.271503
vt 0.806131 0.280628
vt 0.774844 0.371484
vt 0.767337 0.376964
vt 0.765637 0.371093
vt 0.828394 0.386664
vt 0.829509 0.394001
vt 0.823321 0.387679
vt 0.772333 0.161118
vt 0.760872 0.164370
vt 0.760614 0.158203
vt 0.750873 0.162636
vt 0.745551 0.155119
vt 0.755476 0.154723
vt 0.778330 0.166062
vt 0.780512 0.158450
vt 0.859613 0.164248
vt 0.870073 0.162010
vt 0.869248 0.169372
vt 0.785304 0.153456
vt 0.775343 0.153915
vt 0.790423 0.158055
vt 0.785598 0.163007
vt 0.876532 0.173592
vt 0.874879 0.167491
vt 0.882229 0.174326
vt 0.864652 0.154851
vt 0.871122 0.155851
vt 0.770958 0.168804
vt 0.779729 0.172219
vt 0.796831 0.176940
vt 0.794744 0.167114
vt 0.785477 0.210231
vt 0.780152 0.214761
vt 0.778404 0.206576
vt 0.794369 0.186552
vt 0.786603 0.191653
vt 0.778817 0.187311
vt 0.786046 0.172598
vt 0.720848 0.173771
vt 0.711877 0.181294
vt 0.710179 0.175026
vt 0.800331 0.190550
vt 0.793355 0.196062
vt 0.768511 0.252332
vt 0.765191 0.245225
vt 0.772665 0.242971
vt 0.789596 0.233847
vt 0.784087 0.238198
vt 0.778534 0.233573
vt 0.790292 0.205640
vt 0.777747 0.245966
vt 0.776887 0.252018
vt 0.785050 0.228949
vt 0.789060 0.167631
vt 0.859156 0.301162
vt 0.854850 0.296936
vt 0.864492 0.295846
vt 0.791884 0.251839
vt 0.783790 0.256601
vt 0.748083 0.402806
vt 0.746243 0.393458
vt 0.751231 0.395199
vt 0.695463 0.257243
vt 0.689354 0.261754
vt 0.689852 0.252449
vt 0.699418 0.300249
vt 0.707574 0.299933
vt 0.702551 0.306420
vt 0.755683 0.376533
vt 0.747474 0.377681
vt 0.697998 0.291206
vt 0.697049 0.281964
vt 0.704943 0.288486
vt 0.741769 0.386771
vt 0.734549 0.383626
vt 0.739434 0.378504
vt 0.693015 0.305138
vt 0.693003 0.296112
vt 0.692745 0.277835
vt 0.692879 0.286673
vt 0.821881 0.382955
vt 0.817309 0.387241
vt 0.703065 0.282396
vt 0.700098 0.273553
vt 0.759372 0.379635
vt 0.757170 0.384545
vt 0.803689 0.388266
vt 0.804394 0.380038
vt 0.710132 0.382440
vt 0.714114 0.387420
vt 0.708807 0.390431
vt 0.765106 0.380480
vt 0.731287 0.389476
vt 0.738934 0.390807
vt 0.744635 0.384331
vt 0.775086 0.317159
vt 0.787156 0.316526
vt 0.782888 0.321315
vt 0.716717 0.351096
vt 0.719425 0.344569
vt 0.723234 0.351275
vt 0.713814 0.305986
vt 0.714818 0.310820
vt 0.707889 0.310156
vt 0.723482 0.387466
vt 0.718596 0.383642
vt 0.689672 0.243331
vt 0.697551 0.247825
vt 0.742267 0.399158
vt 0.734352 0.397254
vt 0.774675 0.363597
vt 0.781700 0.359401
vt 0.781800 0.368980
vt 0.731303 0.339020
vt 0.731074 0.347635
vt 0.724774 0.340084
vt 0.833812 0.376190
vt 0.839769 0.371090
vt 0.841824 0.378024
vt 0.718518 0.323126
vt 0.710579 0.316763
vt 0.718230 0.316303
vt 0.792649 0.242464
vt 0.783712 0.247098
vt 0.726880 0.381805
vt 0.732000 0.377336
vt 0.772897 0.379111
vt 0.776942 0.289250
vt 0.788834 0.289988
vt 0.783105 0.294248
vt 0.753497 0.371719
vt 0.748194 0.374682
vt 0.777649 0.238802
vt 0.768836 0.240267
vt 0.770535 0.234378
vt 0.725642 0.395730
vt 0.730883 0.393103
vt 0.707809 0.304776
vt 0.717156 0.393516
vt 0.731057 0.370072
vt 0.726364 0.362174
vt 0.734898 0.363521
vt 0.711633 0.371653
vt 0.713870 0.376690
vt 0.833597 0.369844
vt 0.712005 0.364447
vt 0.712080 0.355606
vt 0.718033 0.361559
vt 0.713316 0.300566
vt 0.718995 0.305708
vt 0.810298 0.164782
vt 0.806648 0.159470
vt 0.815261 0.153442
vt 0.879957 0.155108
vt 0.880937 0.164694
vt 0.875898 0.160248
vt 0.824391 0.166272
vt 0.820190 0.161345
vt 0.830074 0.163413
vt 0.878297 0.226206
vt 0.875125 0.216693
vt 0.883745 0.221663
vt 0.859686 0.158056
vt 0.809263 0.372952
vt 0.849809 0.161877
vt 0.844968 0.154057
vt 0.854840 0.154252
vt 0.818918 0.372687
vt 0.756234 0.236285
vt 0.763214 0.238047
vt 0.757142 0.243306
vt 0.787031 0.261237
vt 0.792784 0.261131
vt 0.775997 0.297842
vt 0.767855 0.296976
vt 0.769408 0.289288
vt 0.797971 0.303485
vt 0.794766 0.310295
vt 0.792345 0.299602
vt 0.792542 0.280415
vt 0.796320 0.270875
vt 0.770112 0.304577
vt 0.776759 0.304605
vt 0.786269 0.200743
vt 0.884586 0.193070
vt 0.877164 0.187684
vt 0.883367 0.183843
vt 0.786632 0.280363
vt 0.788981 0.270819
vt 0.882279 0.240488
vt 0.880761 0.249426
vt 0.724658 0.319183
vt 0.725168 0.309005
vt 0.731317 0.314948
vt 0.796151 0.220562
vt 0.803537 0.212709
vt 0.806697 0.218966
vt 0.802871 0.168506
vt 0.830094 0.174286
vt 0.834144 0.168928
vt 0.771648 0.220326
vt 0.773595 0.215157
vt 0.818133 0.366439
vt 0.812391 0.364688
vt 0.883193 0.231257
vt 0.788530 0.345098
vt 0.782288 0.349572
vt 0.776942 0.344448
vt 0.870004 0.231560
vt 0.871443 0.225742
vt 0.802332 0.372820
vt 0.796151 0.375532
vt 0.796938 0.368124
vt 0.790074 0.371964
vt 0.789182 0.379498
vt 0.808746 0.170869
vt 0.816190 0.165696
vt 0.814937 0.174671
vt 0.879875 0.178919
vt 0.871929 0.183935
vt 0.872345 0.191691
vt 0.867587 0.187799
vt 0.870156 0.273116
vt 0.879336 0.268967
vt 0.878147 0.278557
vt 0.793845 0.214942
vt 0.785374 0.219638
vt 0.853926 0.252997
vt 0.846091 0.252001
vt 0.851498 0.246066
vt 0.866768 0.284779
vt 0.873126 0.283108
vt 0.871137 0.292748
vt 0.694634 0.209938
vt 0.690334 0.214990
vt 0.689820 0.205564
vt 0.866927 0.243834
vt 0.796987 0.382835
vt 0.876951 0.288172
vt 0.869046 0.302314
vt 0.740996 0.163910
vt 0.736650 0.170018
vt 0.795322 0.153183
vt 0.789210 0.364186
vt 0.835085 0.153831
vt 0.830104 0.157305
vt 0.825174 0.153634
vt 0.846311 0.317911
vt 0.841643 0.310873
vt 0.850713 0.312531
vt 0.858332 0.225765
vt 0.864494 0.233279
vt 0.856188 0.233521
vt 0.859655 0.172090
vt 0.869894 0.175173
vt 0.864790 0.178117
vt 0.876587 0.297877
vt 0.875369 0.307339
vt 0.776901 0.326030
vt 0.776199 0.335537
vt 0.770990 0.329575
vt 0.827433 0.347648
vt 0.832394 0.343048
vt 0.832502 0.351233
vt 0.789474 0.326149
vt 0.783097 0.330969
vt 0.782920 0.340114
vt 0.777621 0.354209
vt 0.787425 0.351001
vt 0.849493 0.363297
vt 0.845862 0.369412
vt 0.842410 0.363145
vt 0.801173 0.333759
vt 0.793003 0.335771
vt 0.796539 0.325911
vt 0.773530 0.354379
vt 0.796949 0.345270
vt 0.765689 0.337569
vt 0.757357 0.336841
vt 0.756776 0.330950
vt 0.785075 0.373867
vt 0.781265 0.378423
vt 0.800758 0.363080
vt 0.805970 0.367574
vt 0.697327 0.157770
vt 0.705743 0.157091
vt 0.787801 0.308451
vt 0.782010 0.312230
vt 0.851608 0.372963
vt 0.841688 0.350912
vt 0.849275 0.345826
vt 0.846634 0.353368
vt 0.796253 0.360660
vt 0.787421 0.358110
vt 0.852351 0.303013
vt 0.848843 0.296472
vt 0.718604 0.331015
vt 0.712022 0.326148
vt 0.783380 0.284844
vt 0.769455 0.359854
vt 0.762780 0.361266
vt 0.762395 0.352573
vt 0.838414 0.328930
vt 0.830184 0.331407
vt 0.833357 0.326017
vt 0.835391 0.336099
vt 0.858743 0.390844
vt 0.852305 0.388549
vt 0.855350 0.381948
vt 0.844667 0.389133
vt 0.838804 0.385088
vt 0.846969 0.382179
vt 0.765402 0.154331
vt 0.834255 0.396221
vt 0.760139 0.367762
vt 0.850385 0.394004
vt 0.839588 0.390190
vt 0.805307 0.153230
vt 0.800396 0.160447
vt 0.878291 0.211723
vt 0.869404 0.212799
vt 0.875940 0.206275
vt 0.833845 0.190040
vt 0.829706 0.198308
vt 0.824500 0.190629
vt 0.825094 0.340273
vt 0.865473 0.309234
vt 0.809594 0.296404
vt 0.807664 0.307885
vt 0.803706 0.299146
vt 0.773982 0.310563
vt 0.841430 0.395893
vt 0.828790 0.382146
vt 0.833477 0.385535
vt 0.856948 0.313496
vt 0.858863 0.307887
vt 0.768382 0.346354
vt 0.727252 0.333747
vt 0.718828 0.337529
vt 0.746530 0.337151
vt 0.742031 0.331388
vt 0.751076 0.331451
vt 0.715899 0.367884
vt 0.804481 0.341601
vt 0.804058 0.351899
vt 0.846224 0.340921
vt 0.840788 0.341367
vt 0.801343 0.312878
vt 0.854652 0.281382
vt 0.860403 0.272222
vt 0.864659 0.277918
vt 0.719196 0.184334
vt 0.725475 0.189144
vt 0.716857 0.192688
vt 0.724271 0.233891
vt 0.721569 0.240536
vt 0.716586 0.234968
vt 0.705386 0.188049
vt 0.705608 0.181684
vt 0.712048 0.188028
vt 0.706432 0.199802
vt 0.696840 0.219279
vt 0.741095 0.253121
vt 0.747283 0.254224
vt 0.742159 0.258380
vt 0.757291 0.230248
vt 0.749578 0.224262
vt 0.759833 0.224534
vt 0.768051 0.208443
vt 0.761744 0.206956
vt 0.765087 0.200879
vt 0.772748 0.256751
vt 0.708087 0.275909
vt 0.731512 0.175501
vt 0.774517 0.196952
vt 0.780252 0.193706
vt 0.780211 0.200002
vt 0.756054 0.175376
vt 0.751227 0.171800
vt 0.755255 0.167050
vt 0.776730 0.177776
vt 0.774007 0.183345
vt 0.809117 0.177168
vt 0.818480 0.179984
vt 0.809923 0.184120
vt 0.801305 0.223698
vt 0.807534 0.227131
vt 0.802737 0.234717
vt 0.802895 0.183983
vt 0.840304 0.166229
vt 0.836279 0.160611
vt 0.820500 0.185855
vt 0.829471 0.182714
vt 0.817347 0.271980
vt 0.822061 0.262386
vt 0.827304 0.268048
vt 0.846921 0.197164
vt 0.838847 0.202783
vt 0.838267 0.195679
vt 0.859752 0.210632
vt 0.848017 0.206193
vt 0.853186 0.200974
vt 0.869770 0.254942
vt 0.872350 0.263556
vt 0.851199 0.272488
vt 0.691723 0.269438
vt 0.699392 0.265272
vt 0.710554 0.283371
vt 0.718183 0.297079
vt 0.718952 0.287318
vt 0.725285 0.290278
vt 0.754387 0.249533
vt 0.750216 0.245782
vt 0.770548 0.322530
vt 0.756259 0.297014
vt 0.762124 0.291886
vt 0.762430 0.302685
vt 0.759773 0.319669
vt 0.765536 0.317198
vt 0.765990 0.326053
vt 0.712514 0.345865
vt 0.712529 0.335958
vt 0.728556 0.284158
vt 0.733096 0.287724
vt 0.779331 0.279940
vt 0.773447 0.279097
vt 0.854492 0.174856
vt 0.846077 0.179761
vt 0.849818 0.171028
vt 0.859121 0.196619
vt 0.872114 0.197814
vt 0.870685 0.203597
vt 0.853972 0.166561
vt 0.844539 0.324704
vt 0.839689 0.320148
vt 0.840698 0.306308
vt 0.835177 0.312100
vt 0.829769 0.308571
vt 0.797896 0.339131
vt 0.783274 0.275514
vt 0.775959 0.270484
vt 0.797723 0.264824
vt 0.874291 0.178846
vt 0.849815 0.288953
vt 0.857862 0.291591
vt 0.862464 0.262009
vt 0.829388 0.364386
vt 0.825922 0.356345
vt 0.831110 0.357328
vt 0.824728 0.377116
vt 0.826490 0.371388
vt 0.818235 0.360113
vt 0.820762 0.348335
vt 0.837078 0.359360
vt 0.833289 0.388827
vt 0.860088 0.285049
vt 0.852048 0.305402
vt 0.851125 0.319552
vt 0.755564 0.358277
vt 0.753581 0.365813
vt 0.743852 0.366936
vt 0.748418 0.362684
vt 0.737097 0.373012
vt 0.842335 0.356505
vt 0.843308 0.331149
vt 0.805110 0.326761
vt 0.807792 0.335790
vt 0.793831 0.316185
vt 0.799305 0.319469
vt 0.706899 0.229008
vt 0.703714 0.221969
vt 0.712609 0.221656
vt 0.700657 0.228590
vt 0.711580 0.168593
vt 0.717391 0.168942
vt 0.732475 0.184107
vt 0.725832 0.180575
vt 0.707018 0.235384
vt 0.704030 0.242780
vt 0.712751 0.241689
vt 0.731316 0.231155
vt 0.737695 0.226519
vt 0.737400 0.233080
vt 0.776407 0.224094
vt 0.773667 0.210090
vt 0.771028 0.227673
vt 0.763789 0.230216
vt 0.766933 0.223199
vt 0.779163 0.261268
vt 0.783576 0.265944
vt 0.774275 0.191046
vt 0.758177 0.187763
vt 0.757338 0.181259
vt 0.763595 0.184164
vt 0.805061 0.204555
vt 0.796978 0.205702
vt 0.802911 0.175003
vt 0.815177 0.188873
vt 0.846145 0.166350
vt 0.819711 0.170578
vt 0.792959 0.225770
vt 0.802104 0.240234
vt 0.796521 0.234038
vt 0.815651 0.232395
vt 0.808963 0.233856
vt 0.800390 0.284553
vt 0.874173 0.235062
vt 0.870586 0.220331
vt 0.860398 0.239531
vt 0.868210 0.237422
vt 0.696648 0.269111
vt 0.703954 0.270270
vt 0.724713 0.299653
vt 0.732138 0.301294
vt 0.732389 0.307076
vt 0.731778 0.322659
vt 0.725539 0.327139
vt 0.733018 0.330207
vt 0.741352 0.359954
vt 0.731907 0.356732
vt 0.738098 0.351902
vt 0.736997 0.334731
vt 0.764782 0.309932
vt 0.783152 0.303281
vt 0.772818 0.262753
vt 0.770929 0.268153
vt 0.879209 0.197561
vt 0.884280 0.202577
vt 0.859012 0.219472
vt 0.865144 0.218209
vt 0.786525 0.298982
vt 0.861758 0.184011
vt 0.849936 0.188601
vt 0.855627 0.180766
vt 0.866600 0.267356
vt 0.833379 0.320238
vt 0.825781 0.325226
vt 0.845539 0.306422
vt 0.849158 0.327548
vt 0.849058 0.336296
vt 0.827382 0.315389
vt 0.843747 0.298772
vt 0.844918 0.292986
vt 0.742657 0.375744
vt 0.721557 0.370737
vt 0.722611 0.357401
vt 0.718674 0.378050
vt 0.718167 0.370961
vt 0.788277 0.332467
vt 0.787910 0.339173
vt 0.791940 0.354257
vt 0.808205 0.342135
vt 0.808693 0.352553
vt 0.698976 0.209602
vt 0.702226 0.215362
vt 0.746473 0.167392
vt 0.741985 0.176994
vt 0.715682 0.260437
vt 0.708156 0.259945
vt 0.710543 0.254065
vt 0.768327 0.217405
vt 0.761633 0.216269
vt 0.769551 0.187673
vt 0.764199 0.285960
vt 0.765555 0.259140
vt 0.751879 0.189416
vt 0.748966 0.181579
vt 0.808648 0.190820
vt 0.797338 0.255972
vt 0.798558 0.246534
vt 0.864832 0.226697
vt 0.880448 0.259428
vt 0.861503 0.253349
vt 0.717889 0.247588
vt 0.724396 0.246307
vt 0.717998 0.255202
vt 0.720811 0.264052
vt 0.724423 0.257519
vt 0.731526 0.293488
vt 0.747394 0.291042
vt 0.754424 0.289580
vt 0.749648 0.298934
vt 0.738588 0.298404
vt 0.737984 0.292329
vt 0.739561 0.320430
vt 0.737884 0.310619
vt 0.755110 0.312961
vt 0.753420 0.321771
vt 0.747932 0.316179
vt 0.761784 0.280250
vt 0.754691 0.304706
vt 0.749567 0.286473
vt 0.767206 0.276597
vt 0.760906 0.313599
vt 0.742413 0.290700
vt 0.744623 0.310788
vt 0.738301 0.286568
vt 0.741518 0.273708
vt 0.746630 0.274943
vt 0.743968 0.283669
vt 0.733618 0.258127
vt 0.728419 0.251178
vt 0.840233 0.174201
vt 0.802225 0.292596
vt 0.796142 0.290097
vt 0.803512 0.262713
vt 0.857417 0.266389
vt 0.851272 0.265371
vt 0.745661 0.348524
vt 0.751487 0.342532
vt 0.753842 0.350289
vt 0.725981 0.375350
vt 0.817646 0.342645
vt 0.820494 0.337414
vt 0.814884 0.353774
vt 0.814465 0.338867
vt 0.812093 0.346524
vt 0.798247 0.354551
vt 0.805765 0.361880
vt 0.811323 0.359132
vt 0.806563 0.317855
vt 0.813566 0.310921
vt 0.825046 0.331508
vt 0.811983 0.321268
vt 0.818339 0.324682
vt 0.812181 0.329798
vt 0.819107 0.316222
vt 0.821099 0.300166
vt 0.827669 0.302426
vt 0.820910 0.307999
vt 0.826857 0.290315
vt 0.834306 0.285623
vt 0.832736 0.293785
vt 0.838041 0.299159
vt 0.708656 0.208087
vt 0.700948 0.203390
vt 0.714489 0.201502
vt 0.721597 0.196824
vt 0.740917 0.186142
vt 0.736284 0.179283
vt 0.703006 0.256477
vt 0.704346 0.249707
vt 0.754750 0.207765
vt 0.754615 0.218864
vt 0.756787 0.198080
vt 0.771463 0.202866
vt 0.761827 0.251577
vt 0.751027 0.231203
vt 0.743968 0.229836
vt 0.748511 0.238881
vt 0.740688 0.238311
vt 0.765680 0.270567
vt 0.759593 0.264004
vt 0.762778 0.192414
vt 0.814522 0.225553
vt 0.837921 0.182477
vt 0.818992 0.194833
vt 0.798986 0.199408
vt 0.806684 0.257100
vt 0.807043 0.246593
vt 0.813037 0.255954
vt 0.859390 0.246571
vt 0.855374 0.259695
vt 0.713585 0.276460
vt 0.721992 0.279128
vt 0.716340 0.281501
vt 0.760229 0.326254
vt 0.738085 0.326498
vt 0.771657 0.341702
vt 0.771428 0.335619
vt 0.736692 0.279026
vt 0.729121 0.277202
vt 0.841890 0.189585
vt 0.865766 0.206877
vt 0.808446 0.290232
vt 0.811553 0.284443
vt 0.826538 0.296253
vt 0.840871 0.244547
vt 0.849615 0.238590
vt 0.808697 0.240026
vt 0.818561 0.291555
vt 0.823364 0.284934
vt 0.839231 0.292715
vt 0.844132 0.279235
vt 0.841051 0.274260
vt 0.838800 0.280865
vt 0.833789 0.278775
vt 0.842238 0.286258
vt 0.849142 0.282672
vt 0.841274 0.262028
vt 0.844680 0.268244
vt 0.838213 0.268613
vt 0.822930 0.274316
vt 0.828003 0.280996
vt 0.748042 0.356427
vt 0.760027 0.344542
vt 0.740172 0.346333
vt 0.737680 0.340712
vt 0.747430 0.323973
vt 0.708724 0.216724
vt 0.740256 0.196335
vt 0.747310 0.194916
vt 0.724655 0.219866
vt 0.724217 0.212002
vt 0.730796 0.218326
vt 0.734227 0.192553
vt 0.713125 0.227957
vt 0.719585 0.229108
vt 0.709955 0.263672
vt 0.710544 0.247642
vt 0.718410 0.219127
vt 0.731823 0.241323
vt 0.711004 0.269700
vt 0.717185 0.272175
vt 0.725433 0.226189
vt 0.731821 0.224626
vt 0.729050 0.204181
vt 0.727968 0.197236
vt 0.734708 0.200930
vt 0.743419 0.245419
vt 0.736942 0.243351
vt 0.737968 0.250547
vt 0.744979 0.201642
vt 0.740156 0.207259
vt 0.747339 0.209453
vt 0.739746 0.264896
vt 0.733293 0.265352
vt 0.755873 0.255920
vt 0.750732 0.261882
vt 0.736779 0.220341
vt 0.732969 0.209173
vt 0.751563 0.202039
vt 0.757759 0.271737
vt 0.749885 0.270090
vt 0.722724 0.203041
vt 0.714393 0.214753
vt 0.768369 0.195421
vt 0.745641 0.265463
vt 0.716682 0.209204
vt 0.752932 0.275903
vt 0.748584 0.280595
vt 0.723585 0.272990
vt 0.824757 0.178024
vt 0.811787 0.197475
vt 0.804628 0.196251
vt 0.809473 0.210232
vt 0.802886 0.251963
vt 0.841633 0.236699
vt 0.846757 0.232993
vt 0.884112 0.212130
vt 0.848702 0.260282
vt 0.817857 0.282808
vt 0.813049 0.276084
vt 0.824786 0.256563
vt 0.821209 0.251131
vt 0.830375 0.253397
vt 0.821160 0.244002
vt 0.828388 0.245085
vt 0.834261 0.240949
vt 0.838869 0.255046
vt 0.735511 0.271343
vt 0.728231 0.270275
vt 0.849455 0.220811
vt 0.819308 0.216112
vt 0.812997 0.215551
vt 0.852898 0.194428
vt 0.814011 0.305103
vt 0.814612 0.298629
vt 0.811627 0.204185
vt 0.823166 0.211137
vt 0.816155 0.208899
vt 0.824604 0.203292
vt 0.822250 0.226129
vt 0.839999 0.229493
vt 0.849833 0.227381
vt 0.859669 0.203515
vt 0.814029 0.266905
vt 0.816079 0.261243
vt 0.832454 0.273079
vt 0.832103 0.262119
vt 0.843055 0.214089
vt 0.849016 0.212329
vt 0.830262 0.207605
vt 0.817695 0.201697
vt 0.834693 0.247821
vt 0.854404 0.215365
vt 0.842134 0.207972
vt 0.836429 0.211290
vt 0.827405 0.231083
vt 0.831945 0.225933
vt 0.815110 0.250073
vt 0.813690 0.244129
vt 0.821423 0.235053
vt 0.830333 0.214565
vt 0.825029 0.218928
vt 0.833895 0.233675
vt 0.827772 0.238053
vt 0.819333 0.332032
vt 0.728514 0.263436
vt 0.842685 0.223376
vt 0.836018 0.218516
vt 0.476561 0.515039
vt 0.471823 0.511208
vt 0.476198 0.506107
vt 0.300978 0.484973
vt 0.303112 0.475874
vt 0.306830 0.481682
vt 0.308681 0.491560
vt 0.303030 0.490324
vt 0.400403 0.606518
vt 0.409351 0.609295
vt 0.403167 0.616161
vt 0.315878 0.494857
vt 0.315332 0.486610
vt 0.364339 0.717330
vt 0.372407 0.714764
vt 0.371154 0.721542
vt 0.325400 0.491929
vt 0.321239 0.488211
vt 0.326423 0.486105
vt 0.368573 0.482718
vt 0.378476 0.481950
vt 0.375530 0.489228
vt 0.476134 0.555228
vt 0.477195 0.549304
vt 0.484281 0.549074
vt 0.302491 0.499810
vt 0.309066 0.501495
vt 0.481132 0.530101
vt 0.489473 0.534714
vt 0.486334 0.539531
vt 0.333709 0.502637
vt 0.331755 0.493764
vt 0.334578 0.496534
vt 0.481011 0.491962
vt 0.487971 0.487091
vt 0.488246 0.496612
vt 0.296711 0.502916
vt 0.298713 0.493942
vt 0.304519 0.509669
vt 0.295747 0.512149
vt 0.487766 0.477554
vt 0.482897 0.482393
vt 0.482192 0.620525
vt 0.480484 0.628305
vt 0.475551 0.622454
vt 0.310504 0.512949
vt 0.302761 0.517774
vt 0.464356 0.603078
vt 0.466550 0.611376
vt 0.459427 0.608802
vt 0.302297 0.546739
vt 0.300969 0.556029
vt 0.296156 0.550953
vt 0.296496 0.521496
vt 0.300193 0.526858
vt 0.295188 0.531228
vt 0.401362 0.654867
vt 0.400465 0.645189
vt 0.406680 0.649432
vt 0.474889 0.628895
vt 0.339889 0.487106
vt 0.334627 0.490106
vt 0.332153 0.485592
vt 0.468131 0.564466
vt 0.470646 0.557404
vt 0.475120 0.562104
vt 0.385263 0.542425
vt 0.394236 0.542348
vt 0.391504 0.545589
vt 0.354862 0.500645
vt 0.359138 0.505373
vt 0.353922 0.508878
vt 0.364249 0.492967
vt 0.363878 0.486829
vt 0.354393 0.491922
vt 0.349003 0.485311
vt 0.358651 0.483646
vt 0.381641 0.494047
vt 0.383694 0.486484
vt 0.368018 0.512031
vt 0.372741 0.506477
vt 0.377476 0.511816
vt 0.388356 0.481318
vt 0.393568 0.485861
vt 0.388893 0.491026
vt 0.379917 0.506143
vt 0.386017 0.505793
vt 0.382230 0.515741
vt 0.367425 0.499140
vt 0.358907 0.495913
vt 0.374323 0.496977
vt 0.382922 0.500378
vt 0.401127 0.504787
vt 0.394427 0.505247
vt 0.398415 0.494919
vt 0.381176 0.533263
vt 0.386986 0.533739
vt 0.393144 0.515039
vt 0.390041 0.520021
vt 0.389889 0.510410
vt 0.319409 0.507588
vt 0.320416 0.499965
vt 0.329101 0.502407
vt 0.398504 0.524136
vt 0.373506 0.570335
vt 0.381307 0.567815
vt 0.377212 0.577534
vt 0.396623 0.558405
vt 0.391682 0.563062
vt 0.385395 0.558201
vt 0.395103 0.533883
vt 0.391012 0.537872
vt 0.387623 0.567859
vt 0.385200 0.577526
vt 0.390161 0.529444
vt 0.391612 0.554065
vt 0.392540 0.495672
vt 0.295719 0.560394
vt 0.398357 0.674293
vt 0.391915 0.679312
vt 0.383489 0.674593
vt 0.294724 0.569806
vt 0.301541 0.575104
vt 0.295819 0.580082
vt 0.299841 0.584815
vt 0.296381 0.589757
vt 0.452021 0.714191
vt 0.450091 0.723978
vt 0.443916 0.719806
vt 0.343495 0.712870
vt 0.341765 0.708593
vt 0.347847 0.709024
vt 0.304393 0.604110
vt 0.307648 0.612893
vt 0.301503 0.613743
vt 0.400421 0.693637
vt 0.392261 0.698099
vt 0.385672 0.693676
vt 0.298033 0.618514
vt 0.303911 0.622714
vt 0.297618 0.627773
vt 0.296374 0.608941
vt 0.391944 0.669582
vt 0.313177 0.610488
vt 0.309683 0.600865
vt 0.457191 0.711270
vt 0.458996 0.721353
vt 0.356146 0.719545
vt 0.356006 0.726076
vt 0.348818 0.720060
vt 0.307099 0.629023
vt 0.364923 0.726103
vt 0.314557 0.634731
vt 0.313304 0.628819
vt 0.317823 0.628758
vt 0.316587 0.642669
vt 0.322119 0.640536
vt 0.323937 0.646520
vt 0.396928 0.701330
vt 0.403045 0.701656
vt 0.398256 0.480682
vt 0.408173 0.480097
vt 0.403600 0.487696
vt 0.407806 0.724419
vt 0.401549 0.724267
vt 0.405242 0.717276
vt 0.325608 0.707060
vt 0.333948 0.706365
vt 0.332111 0.713381
vt 0.327560 0.598918
vt 0.331855 0.604688
vt 0.322103 0.603510
vt 0.322165 0.686833
vt 0.318675 0.689568
vt 0.318830 0.681598
vt 0.329407 0.650191
vt 0.327924 0.641414
vt 0.333116 0.645531
vt 0.317366 0.709134
vt 0.323050 0.713036
vt 0.318296 0.718313
vt 0.299277 0.565465
vt 0.413435 0.714942
vt 0.407984 0.712304
vt 0.382003 0.549085
vt 0.375830 0.546454
vt 0.377965 0.541430
vt 0.319535 0.672366
vt 0.318452 0.662696
vt 0.324255 0.667691
vt 0.329820 0.695110
vt 0.323340 0.694723
vt 0.327892 0.687766
vt 0.312419 0.478301
vt 0.319474 0.482716
vt 0.334045 0.662038
vt 0.338729 0.668671
vt 0.331678 0.667545
vt 0.410372 0.584998
vt 0.412673 0.592369
vt 0.402199 0.587227
vt 0.324217 0.655572
vt 0.327716 0.661833
vt 0.327267 0.718935
vt 0.418549 0.587303
vt 0.419913 0.594577
vt 0.373664 0.584824
vt 0.367860 0.582709
vt 0.381012 0.597681
vt 0.387349 0.596890
vt 0.385088 0.606579
vt 0.392607 0.705644
vt 0.386643 0.706330
vt 0.383787 0.701273
vt 0.381166 0.717806
vt 0.377385 0.724664
vt 0.359828 0.731983
vt 0.351224 0.728364
vt 0.342973 0.724482
vt 0.340955 0.715006
vt 0.378269 0.704849
vt 0.371208 0.704308
vt 0.336279 0.720903
vt 0.295314 0.541174
vt 0.302547 0.536933
vt 0.382398 0.710632
vt 0.394616 0.606534
vt 0.391570 0.611382
vt 0.312849 0.616682
vt 0.317619 0.621815
vt 0.312953 0.621308
vt 0.343356 0.627926
vt 0.335760 0.629263
vt 0.340052 0.621309
vt 0.364612 0.546380
vt 0.361611 0.556757
vt 0.358481 0.547998
vt 0.386704 0.715259
vt 0.385378 0.724557
vt 0.394785 0.567862
vt 0.400580 0.567869
vt 0.434442 0.719206
vt 0.441657 0.712850
vt 0.409908 0.486297
vt 0.418105 0.479605
vt 0.417107 0.485992
vt 0.383517 0.528875
vt 0.383647 0.522132
vt 0.340309 0.501086
vt 0.339980 0.506160
vt 0.433430 0.488407
vt 0.429434 0.493899
vt 0.423450 0.487356
vt 0.398799 0.514553
vt 0.344332 0.494385
vt 0.465196 0.490280
vt 0.463051 0.483326
vt 0.474207 0.486710
vt 0.389415 0.500729
vt 0.480605 0.539653
vt 0.409643 0.559697
vt 0.404106 0.553352
vt 0.409619 0.551873
vt 0.482652 0.567706
vt 0.489382 0.563156
vt 0.488847 0.572425
vt 0.395727 0.587211
vt 0.398144 0.577552
vt 0.480992 0.511032
vt 0.482918 0.501465
vt 0.377009 0.606651
vt 0.385518 0.612697
vt 0.398095 0.596867
vt 0.391491 0.601714
vt 0.457909 0.478148
vt 0.453203 0.486007
vt 0.447963 0.478442
vt 0.391807 0.630735
vt 0.391917 0.640431
vt 0.383380 0.635659
vt 0.477822 0.477706
vt 0.471700 0.493423
vt 0.468960 0.628502
vt 0.467548 0.634876
vt 0.459428 0.625619
vt 0.324701 0.610717
vt 0.324872 0.618334
vt 0.317662 0.612900
vt 0.472923 0.480964
vt 0.318953 0.699568
vt 0.473738 0.615898
vt 0.467607 0.619788
vt 0.406496 0.495213
vt 0.453550 0.495173
vt 0.458392 0.490448
vt 0.371652 0.563080
vt 0.391499 0.582373
vt 0.489022 0.515644
vt 0.488631 0.506126
vt 0.489870 0.544285
vt 0.489608 0.553744
vt 0.328794 0.528535
vt 0.323603 0.530469
vt 0.322743 0.523391
vt 0.470757 0.578530
vt 0.478625 0.577304
vt 0.475775 0.585837
vt 0.327260 0.520191
vt 0.435120 0.528584
vt 0.439494 0.534495
vt 0.432039 0.535239
vt 0.368469 0.524734
vt 0.373466 0.521908
vt 0.374757 0.531665
vt 0.412412 0.497835
vt 0.419667 0.491964
vt 0.419487 0.501656
vt 0.477839 0.602710
vt 0.482335 0.597805
vt 0.482146 0.606774
vt 0.486461 0.615286
vt 0.488607 0.605660
vt 0.315049 0.503737
vt 0.467916 0.571791
vt 0.480702 0.614230
vt 0.488216 0.624342
vt 0.313956 0.508335
vt 0.406357 0.577622
vt 0.320620 0.516958
vt 0.474725 0.567875
vt 0.335497 0.577736
vt 0.332584 0.585548
vt 0.328906 0.575352
vt 0.452845 0.692832
vt 0.447510 0.696671
vt 0.448375 0.688194
vt 0.388732 0.645320
vt 0.391951 0.650141
vt 0.400351 0.635501
vt 0.394839 0.625873
vt 0.395383 0.654951
vt 0.382058 0.664049
vt 0.376851 0.671353
vt 0.388331 0.684272
vt 0.397979 0.688068
vt 0.391898 0.689056
vt 0.439394 0.664929
vt 0.432638 0.659117
vt 0.439837 0.657760
vt 0.417706 0.719396
vt 0.400572 0.664666
vt 0.382375 0.684307
vt 0.391929 0.659856
vt 0.383428 0.655112
vt 0.393078 0.715006
vt 0.393607 0.724511
vt 0.398786 0.718299
vt 0.401420 0.709712
vt 0.438012 0.478780
vt 0.433175 0.482391
vt 0.428053 0.479168
vt 0.402313 0.683562
vt 0.415384 0.725376
vt 0.396351 0.616190
vt 0.400636 0.625834
vt 0.457073 0.687804
vt 0.464431 0.682235
vt 0.463709 0.691404
vt 0.428605 0.724259
vt 0.428604 0.716744
vt 0.457424 0.705514
vt 0.448512 0.704982
vt 0.454162 0.698543
vt 0.329585 0.701745
vt 0.391682 0.621056
vt 0.314741 0.527183
vt 0.374824 0.699864
vt 0.454444 0.638762
vt 0.449887 0.628556
vt 0.456143 0.631857
vt 0.413369 0.690570
vt 0.410597 0.695805
vt 0.407072 0.689460
vt 0.423555 0.722362
vt 0.441293 0.726268
vt 0.434650 0.709136
vt 0.422427 0.727746
vt 0.426029 0.732544
vt 0.439098 0.493529
vt 0.443312 0.487216
vt 0.461744 0.714871
vt 0.467736 0.718701
vt 0.466058 0.709059
vt 0.332682 0.506630
vt 0.323390 0.511046
vt 0.462953 0.657928
vt 0.467135 0.653578
vt 0.465195 0.663102
vt 0.446368 0.649791
vt 0.453032 0.651306
vt 0.447049 0.656469
vt 0.329621 0.569141
vt 0.335503 0.570559
vt 0.361484 0.512698
vt 0.413779 0.504131
vt 0.423418 0.506421
vt 0.414877 0.511137
vt 0.416066 0.558993
vt 0.407738 0.511425
vt 0.407479 0.505139
vt 0.413754 0.517998
vt 0.404937 0.518148
vt 0.429846 0.590899
vt 0.424966 0.600093
vt 0.423595 0.535574
vt 0.419462 0.542216
vt 0.415355 0.537329
vt 0.461158 0.514340
vt 0.464873 0.520383
vt 0.479509 0.585382
vt 0.487546 0.581129
vt 0.487465 0.586786
vt 0.433725 0.584530
vt 0.440192 0.588312
vt 0.296523 0.599240
vt 0.301402 0.594480
vt 0.317934 0.652440
vt 0.307922 0.618013
vt 0.320409 0.626171
vt 0.317736 0.634356
vt 0.314182 0.604843
vt 0.331399 0.622699
vt 0.325031 0.628059
vt 0.356377 0.624663
vt 0.347962 0.622836
vt 0.358724 0.618137
vt 0.329450 0.632966
vt 0.323582 0.636216
vt 0.381139 0.617034
vt 0.383734 0.625960
vt 0.361714 0.606858
vt 0.363379 0.613293
vt 0.354218 0.610983
vt 0.325029 0.682410
vt 0.333714 0.691891
vt 0.339212 0.699241
vt 0.382890 0.645376
vt 0.350846 0.628887
vt 0.345967 0.636446
vt 0.359481 0.653285
vt 0.365539 0.657117
vt 0.360250 0.660733
vt 0.365669 0.698575
vt 0.365366 0.705414
vt 0.433891 0.499048
vt 0.476769 0.521072
vt 0.475960 0.527036
vt 0.466497 0.526213
vt 0.452490 0.503999
vt 0.457526 0.500189
vt 0.458771 0.507348
vt 0.463716 0.642338
vt 0.459633 0.646991
vt 0.410859 0.635428
vt 0.421113 0.635971
vt 0.418689 0.643801
vt 0.440326 0.612594
vt 0.445698 0.608482
vt 0.446500 0.615357
vt 0.412446 0.646109
vt 0.391590 0.572698
vt 0.416823 0.578006
vt 0.443609 0.579789
vt 0.447868 0.586448
vt 0.436868 0.597045
vt 0.442105 0.600966
vt 0.438150 0.606250
vt 0.474230 0.635476
vt 0.475686 0.609196
vt 0.469758 0.644150
vt 0.470307 0.591159
vt 0.465013 0.584332
vt 0.446365 0.622656
vt 0.453256 0.622556
vt 0.457650 0.617224
vt 0.471196 0.603938
vt 0.452087 0.610648
vt 0.437411 0.637235
vt 0.439201 0.628329
vt 0.444436 0.633697
vt 0.429553 0.607295
vt 0.433740 0.612315
vt 0.440321 0.619306
vt 0.433871 0.619134
vt 0.449756 0.603059
vt 0.430176 0.624351
vt 0.429562 0.632946
vt 0.422194 0.627868
vt 0.406276 0.603438
vt 0.415033 0.607417
vt 0.456872 0.667616
vt 0.457638 0.657524
vt 0.458829 0.682132
vt 0.451667 0.662342
vt 0.405009 0.696550
vt 0.426445 0.661645
vt 0.429619 0.667700
vt 0.422797 0.667233
vt 0.416555 0.664526
vt 0.414087 0.672068
vt 0.408739 0.667121
vt 0.447469 0.710564
vt 0.440117 0.701362
vt 0.435366 0.703784
vt 0.432848 0.698672
vt 0.377648 0.687859
vt 0.372427 0.684996
vt 0.377045 0.678779
vt 0.377755 0.650608
vt 0.377915 0.693662
vt 0.416406 0.698982
vt 0.409113 0.701125
vt 0.407423 0.706606
vt 0.308796 0.542201
vt 0.323066 0.494337
vt 0.327909 0.496934
vt 0.340108 0.511125
vt 0.335898 0.514481
vt 0.315061 0.565271
vt 0.313826 0.574973
vt 0.309411 0.569107
vt 0.307316 0.575256
vt 0.304122 0.566072
vt 0.377461 0.558058
vt 0.370042 0.550020
vt 0.377884 0.525161
vt 0.370914 0.541968
vt 0.387433 0.587209
vt 0.381136 0.587886
vt 0.316552 0.600165
vt 0.373038 0.516260
vt 0.403839 0.538915
vt 0.411489 0.532039
vt 0.409462 0.539597
vt 0.399824 0.542687
vt 0.404167 0.527422
vt 0.413713 0.491498
vt 0.420380 0.515634
vt 0.399841 0.549695
vt 0.413412 0.571863
vt 0.418227 0.566785
vt 0.424522 0.572450
vt 0.486304 0.558431
vt 0.476028 0.543495
vt 0.461970 0.575626
vt 0.460629 0.569357
vt 0.480822 0.558672
vt 0.488312 0.595738
vt 0.481217 0.590407
vt 0.459693 0.587608
vt 0.460845 0.580068
vt 0.476705 0.596156
vt 0.476118 0.591013
vt 0.468611 0.597692
vt 0.305733 0.584493
vt 0.315015 0.593866
vt 0.307811 0.594705
vt 0.310795 0.588554
vt 0.322146 0.594544
vt 0.339694 0.634472
vt 0.344055 0.646456
vt 0.337269 0.652197
vt 0.338373 0.643245
vt 0.375220 0.600510
vt 0.375107 0.592748
vt 0.322442 0.677431
vt 0.368506 0.677157
vt 0.350238 0.712498
vt 0.377692 0.640264
vt 0.371573 0.694541
vt 0.373117 0.664914
vt 0.366858 0.663260
vt 0.376529 0.658128
vt 0.367697 0.635865
vt 0.368145 0.629922
vt 0.376309 0.632830
vt 0.372778 0.626140
vt 0.369709 0.615349
vt 0.378207 0.622702
vt 0.336524 0.683732
vt 0.340445 0.679131
vt 0.344148 0.685628
vt 0.467865 0.477905
vt 0.483879 0.520512
vt 0.489315 0.525171
vt 0.461362 0.529340
vt 0.409529 0.622979
vt 0.414648 0.601536
vt 0.403277 0.559155
vt 0.409807 0.565524
vt 0.465264 0.648104
vt 0.461288 0.636688
vt 0.461616 0.667628
vt 0.462796 0.672234
vt 0.408046 0.680374
vt 0.406417 0.674147
vt 0.406640 0.660115
vt 0.416768 0.623142
vt 0.415721 0.616101
vt 0.433009 0.729238
vt 0.440778 0.706977
vt 0.464423 0.699829
vt 0.444092 0.682289
vt 0.449025 0.678271
vt 0.452688 0.683612
vt 0.360053 0.702394
vt 0.352005 0.704133
vt 0.354991 0.696978
vt 0.361177 0.709865
vt 0.340657 0.692391
vt 0.365085 0.684590
vt 0.365473 0.691932
vt 0.360014 0.679086
vt 0.359244 0.688586
vt 0.421275 0.703228
vt 0.430348 0.706036
vt 0.420708 0.710021
vt 0.414230 0.704172
vt 0.305830 0.527478
vt 0.308246 0.533616
vt 0.307878 0.549451
vt 0.317621 0.512194
vt 0.349971 0.496750
vt 0.345751 0.505224
vt 0.307049 0.556514
vt 0.387904 0.549487
vt 0.373427 0.537433
vt 0.391463 0.592046
vt 0.309898 0.581971
vt 0.317110 0.584331
vt 0.401902 0.533514
vt 0.423247 0.496728
vt 0.448794 0.490728
vt 0.444370 0.500240
vt 0.427781 0.501500
vt 0.406363 0.571070
vt 0.470541 0.550609
vt 0.463855 0.549706
vt 0.470454 0.541574
vt 0.474731 0.536081
vt 0.484164 0.576951
vt 0.321983 0.588186
vt 0.334876 0.613625
vt 0.347297 0.616122
vt 0.337309 0.607629
vt 0.365189 0.620655
vt 0.362828 0.627182
vt 0.354422 0.635016
vt 0.347360 0.642066
vt 0.353138 0.641955
vt 0.369351 0.605648
vt 0.353077 0.656702
vt 0.354487 0.664248
vt 0.347302 0.660510
vt 0.339913 0.659711
vt 0.345603 0.667432
vt 0.352408 0.649352
vt 0.375905 0.613091
vt 0.369344 0.597943
vt 0.328144 0.677906
vt 0.335738 0.675125
vt 0.330786 0.683240
vt 0.336522 0.710454
vt 0.356296 0.713996
vt 0.388162 0.664787
vt 0.372603 0.645659
vt 0.463574 0.502232
vt 0.475928 0.499310
vt 0.409435 0.615493
vt 0.407293 0.641994
vt 0.406336 0.596871
vt 0.447480 0.640507
vt 0.458895 0.673237
vt 0.449600 0.669646
vt 0.411972 0.654743
vt 0.414006 0.682858
vt 0.428718 0.713009
vt 0.424108 0.717858
vt 0.445288 0.701023
vt 0.352719 0.672729
vt 0.353239 0.682847
vt 0.346429 0.678730
vt 0.363279 0.673621
vt 0.361874 0.667410
vt 0.308284 0.521476
vt 0.314070 0.535589
vt 0.338848 0.519248
vt 0.348120 0.513863
vt 0.313174 0.553670
vt 0.333589 0.554525
vt 0.325528 0.551138
vt 0.333173 0.547268
vt 0.370567 0.556076
vt 0.365747 0.567844
vt 0.357102 0.573823
vt 0.358489 0.566550
vt 0.352681 0.554484
vt 0.346023 0.549593
vt 0.351983 0.547046
vt 0.409614 0.523644
vt 0.419626 0.525732
vt 0.415679 0.551035
vt 0.405794 0.545942
vt 0.444617 0.512070
vt 0.435031 0.510633
vt 0.438612 0.504461
vt 0.428293 0.521196
vt 0.427624 0.512855
vt 0.464552 0.543467
vt 0.465589 0.535181
vt 0.455220 0.563673
vt 0.454299 0.569671
vt 0.451155 0.551789
vt 0.442167 0.550428
vt 0.447187 0.546402
vt 0.463591 0.558997
vt 0.457078 0.555481
vt 0.449557 0.573561
vt 0.320914 0.575715
vt 0.325872 0.583079
vt 0.328518 0.591677
vt 0.360266 0.590570
vt 0.355012 0.595331
vt 0.350585 0.585072
vt 0.330886 0.656349
vt 0.335769 0.592116
vt 0.361721 0.583654
vt 0.367274 0.589855
vt 0.346892 0.698532
vt 0.370923 0.652516
vt 0.362298 0.646568
vt 0.367148 0.642302
vt 0.360385 0.638893
vt 0.465427 0.508804
vt 0.422047 0.618811
vt 0.415412 0.630030
vt 0.426677 0.581800
vt 0.420867 0.582103
vt 0.437885 0.576954
vt 0.431479 0.575846
vt 0.420966 0.608437
vt 0.428273 0.615940
vt 0.430181 0.644934
vt 0.440015 0.647351
vt 0.437016 0.652562
vt 0.452320 0.644889
vt 0.441528 0.641579
vt 0.455181 0.677839
vt 0.434949 0.690127
vt 0.440302 0.695711
vt 0.443886 0.674911
vt 0.436251 0.672499
vt 0.435971 0.680577
vt 0.417999 0.657871
vt 0.417953 0.650819
vt 0.424425 0.655425
vt 0.428143 0.701104
vt 0.427866 0.693806
vt 0.419676 0.689790
vt 0.406812 0.629540
vt 0.430996 0.652108
vt 0.424455 0.648679
vt 0.421697 0.674029
vt 0.421584 0.681776
vt 0.422697 0.697810
vt 0.427988 0.685998
vt 0.352716 0.690508
vt 0.315021 0.541520
vt 0.319715 0.534610
vt 0.318217 0.546425
vt 0.319045 0.557218
vt 0.324421 0.515333
vt 0.314429 0.518525
vt 0.356607 0.516782
vt 0.365650 0.506021
vt 0.365374 0.518511
vt 0.361573 0.524119
vt 0.356917 0.528378
vt 0.359557 0.534079
vt 0.353463 0.532143
vt 0.320957 0.568621
vt 0.363886 0.540284
vt 0.368328 0.534053
vt 0.363397 0.529726
vt 0.413129 0.545972
vt 0.427148 0.542343
vt 0.434376 0.544604
vt 0.418460 0.531924
vt 0.446600 0.506135
vt 0.454274 0.512742
vt 0.443982 0.528340
vt 0.438016 0.521858
vt 0.428841 0.561809
vt 0.434454 0.558984
vt 0.439696 0.565608
vt 0.430640 0.569243
vt 0.470923 0.530318
vt 0.337820 0.600034
vt 0.327793 0.557494
vt 0.334428 0.561867
vt 0.342401 0.565180
vt 0.351898 0.578334
vt 0.339537 0.583543
vt 0.367137 0.576570
vt 0.326169 0.564035
vt 0.344537 0.587779
vt 0.346657 0.574021
vt 0.334411 0.637954
vt 0.343219 0.605367
vt 0.347952 0.609636
vt 0.357266 0.601749
vt 0.362476 0.597115
vt 0.361375 0.577792
vt 0.350471 0.601970
vt 0.348727 0.595888
vt 0.342047 0.556477
vt 0.348006 0.558541
vt 0.351860 0.569980
vt 0.344689 0.702584
vt 0.428704 0.677723
vt 0.441639 0.689360
vt 0.458249 0.694321
vt 0.346841 0.692438
vt 0.330689 0.512968
vt 0.332156 0.522863
vt 0.355422 0.522714
vt 0.344911 0.518950
vt 0.454724 0.523350
vt 0.452088 0.531848
vt 0.421865 0.551766
vt 0.424615 0.566209
vt 0.433490 0.517045
vt 0.427009 0.555731
vt 0.432955 0.553531
vt 0.438529 0.554823
vt 0.424759 0.641329
vt 0.431565 0.601068
vt 0.346421 0.653578
vt 0.339875 0.527210
vt 0.345904 0.527140
vt 0.323283 0.538667
vt 0.349325 0.522912
vt 0.355381 0.539243
vt 0.349309 0.537248
vt 0.329622 0.541163
vt 0.347611 0.542271
vt 0.351825 0.563474
vt 0.340031 0.536197
vt 0.340001 0.543832
vt 0.337485 0.523216
vt 0.346796 0.532197
vt 0.340445 0.532720
vt 0.333341 0.531595
vt 0.427724 0.528905
vt 0.446308 0.520301
vt 0.330854 0.534473
vt 0.339290 0.550241
vt 0.443298 0.540764
vt 0.459818 0.539506
vt 0.457629 0.533963
vt 0.448748 0.558306
vt 0.451635 0.541130
vt 0.451829 0.518130
vt 0.446158 0.534836
vt 0.440049 0.545410
vt 0.456897 0.546605
vt 0.446237 0.565910
vt 0.440606 0.559483
vt 0.431363 0.638862
vt 0.428149 0.548693
vt 0.342693 0.594196
vt 0.443458 0.571551
vt 0.450087 0.579242
vt 0.437181 0.570884
vt 0.424741 0.587503
vt 0.455055 0.583160
vt 0.453539 0.589258
vt 0.463047 0.592670
vt 0.446409 0.595849
vt 0.455958 0.595045
vt 0.457523 0.601925
vn 0.095558 -0.985875 -0.137547
vn 0.185585 -0.964606 -0.187333
vn 0.090772 -0.986629 -0.135363
vn -0.244833 -0.926110 0.287013
vn 0.005831 -0.999919 -0.011273
vn -0.279292 -0.784710 0.553377
vn 0.062097 -0.988940 0.134688
vn 0.038159 -0.999110 -0.017986
vn 0.107799 -0.979229 -0.171728
vn -0.272066 -0.758807 0.591771
vn -0.344211 -0.063294 0.936756
vn -0.130569 0.913548 0.385204
vn -0.013230 -0.993177 -0.115860
vn 0.104205 -0.960864 -0.256673
vn 0.069017 -0.966920 -0.245564
vn -0.263683 -0.784810 -0.560842
vn 0.069017 -0.966920 -0.245564
vn 0.018202 -0.973534 -0.227815
vn 0.031125 -0.976495 -0.213279
vn 0.069017 -0.966920 -0.245564
vn 0.104205 -0.960864 -0.256673
vn 0.179825 -0.983301 0.027983
vn 0.090772 -0.986629 -0.135363
vn 0.185585 -0.964606 -0.187333
vn -0.085199 0.966942 0.240341
vn -0.236578 -0.418710 0.876763
vn -0.130569 0.913548 0.385204
vn -0.051033 -0.781317 0.622044
vn -0.191431 -0.907662 -0.373503
vn -0.167785 -0.839117 -0.517427
vn 0.069017 -0.966920 -0.245564
vn -0.101944 -0.909324 -0.403408
vn -0.013230 -0.993177 -0.115860
vn -0.327881 -0.938723 -0.106270
vn -0.013230 -0.993177 -0.115860
vn -0.101944 -0.909324 -0.403408
vn -0.327881 -0.938723 -0.106270
vn -0.236094 -0.962654 0.132503
vn -0.013230 -0.993177 -0.115860
vn 0.130172 0.975436 0.177709
vn -0.130569 0.913548 0.385204
vn -0.344211 -0.063294 0.936756
vn 0.081459 0.982754 -0.166008
vn -0.130569 0.913548 0.385204
vn 0.051992 0.991805 -0.116700
vn 0.195123 0.968684 -0.153552
vn 0.155214 0.931762 0.328221
vn -0.258211 0.963693 -0.067996
vn 0.126697 0.745177 -0.654721
vn 0.316684 0.724128 -0.612658
vn 0.195123 0.968684 -0.153552
vn -0.258211 0.963693 -0.067996
vn -0.432756 0.901493 0.005759
vn -0.245969 0.944322 -0.218528
vn -0.337246 0.940835 -0.033081
vn -0.362353 0.930916 -0.045787
vn -0.340879 0.939585 0.031338
vn 0.088027 0.995664 -0.030059
vn 0.051992 0.991805 -0.116700
vn 0.019401 0.993732 -0.110090
vn 0.316653 -0.799187 -0.510912
vn 0.263565 -0.448113 -0.854241
vn 0.328843 0.420644 -0.845530
vn 0.081459 0.982754 -0.166008
vn -0.085199 0.966942 0.240341
vn -0.130569 0.913548 0.385204
vn -0.130569 0.913548 0.385204
vn -0.236578 -0.418710 0.876763
vn -0.272066 -0.758807 0.591771
vn 0.185585 -0.964606 -0.187333
vn 0.095558 -0.985875 -0.137547
vn -0.158418 -0.986761 0.034745
vn -0.051033 -0.781317 0.622044
vn -0.167785 -0.839117 -0.517427
vn -0.105450 -0.993948 -0.030782
vn -0.237903 -0.791281 0.563274
vn -0.145732 -0.662371 0.734866
vn -0.219024 -0.750886 0.623056
vn -0.279292 -0.784710 0.553377
vn 0.005831 -0.999919 -0.011273
vn -0.236578 -0.418710 0.876763
vn -0.095366 -0.741205 0.664471
vn -0.219024 -0.750886 0.623056
vn -0.124378 -0.701735 0.701497
vn -0.200552 -0.917727 -0.342864
vn -0.191431 -0.907662 -0.373503
vn -0.263683 -0.784810 -0.560842
vn -0.173323 -0.891476 -0.418605
vn -0.179690 -0.882692 -0.434242
vn -0.646947 -0.631746 0.427032
vn 0.029522 -0.918995 0.393163
vn -0.095366 -0.741205 0.664471
vn -0.093946 -0.862175 0.497824
vn 0.493483 0.737587 0.460912
vn 0.065441 0.990157 -0.123723
vn 0.294774 0.834731 0.465115
vn -0.302371 0.765536 -0.567914
vn -0.276451 0.650598 -0.707317
vn -0.316017 0.649698 -0.691395
vn -0.302371 0.765536 -0.567914
vn -0.298179 0.954285 0.020731
vn -0.276451 0.650598 -0.707317
vn 0.104205 -0.960864 -0.256673
vn 0.095558 -0.985875 -0.137547
vn 0.090772 -0.986629 -0.135363
vn 0.699870 0.403309 -0.589511
vn 0.421971 0.903692 -0.072673
vn 0.316684 0.724128 -0.612658
vn 0.019014 0.996323 -0.083543
vn 0.047280 0.981400 -0.186063
vn 0.076729 0.992251 -0.097723
vn -0.316017 0.649698 -0.691395
vn -0.276173 0.801252 -0.530777
vn 0.027023 0.963697 -0.265627
vn -0.217796 0.970691 -0.101603
vn -0.160505 0.981429 -0.105050
vn -0.362353 0.930916 -0.045787
vn 0.027023 0.963697 -0.265627
vn 0.078394 0.995651 0.050345
vn 0.324925 0.865838 0.380457
vn -0.316017 0.649698 -0.691395
vn -0.276451 0.650598 -0.707317
vn -0.276173 0.801252 -0.530777
vn -0.362756 0.402526 0.840465
vn -0.236578 -0.418710 0.876763
vn -0.085199 0.966942 0.240341
vn -0.093946 -0.862175 0.497824
vn -0.052814 -0.998552 0.010266
vn 0.029522 -0.918995 0.393163
vn 0.107799 -0.979229 -0.171728
vn 0.316653 -0.799187 -0.510912
vn 0.499015 -0.032763 -0.865974
vn 0.324925 0.865838 0.380457
vn 0.078394 0.995651 0.050345
vn 0.252295 0.875238 0.412680
vn 0.104205 -0.960864 -0.256673
vn 0.090772 -0.986629 -0.135363
vn 0.005831 -0.999919 -0.011273
vn 0.324925 0.865838 0.380457
vn 0.252295 0.875238 0.412680
vn 0.222225 0.830671 0.510492
vn -0.013230 -0.993177 -0.115860
vn -0.158418 -0.986761 0.034745
vn 0.095558 -0.985875 -0.137547
vn -0.040145 -0.994206 0.099711
vn -0.173676 -0.970845 0.165220
vn -0.040233 -0.998865 0.025513
vn -0.368847 0.923035 -0.109355
vn -0.258211 0.963693 -0.067996
vn -0.245969 0.944322 -0.218528
vn 0.126697 0.745177 -0.654721
vn 0.400083 0.806757 -0.434829
vn 0.499015 -0.032763 -0.865974
vn -0.245969 0.944322 -0.218528
vn 0.126697 0.745177 -0.654721
vn -0.368847 0.923035 -0.109355
vn -0.040145 -0.994206 0.099711
vn 0.062097 -0.988940 0.134688
vn 0.074819 -0.973121 0.217801
vn -0.337246 0.940835 -0.033081
vn -0.432756 0.901493 0.005759
vn -0.189393 0.967476 0.167691
vn 0.019401 0.993732 -0.110090
vn 0.019014 0.996323 -0.083543
vn -0.160505 0.981429 -0.105050
vn -0.040145 -0.994206 0.099711
vn -0.202791 -0.961096 0.187535
vn -0.409508 -0.882402 0.231668
vn -0.340879 0.939585 0.031338
vn -0.109738 0.993676 0.023764
vn -0.432756 0.901493 0.005759
vn 0.063317 -0.997348 -0.035892
vn 0.038159 -0.999110 -0.017986
vn -0.040145 -0.994206 0.099711
vn -0.158418 -0.986761 0.034745
vn -0.013230 -0.993177 -0.115860
vn -0.236094 -0.962654 0.132503
vn 0.179825 -0.983301 0.027983
vn -0.272066 -0.758807 0.591771
vn 0.090772 -0.986629 -0.135363
vn 0.005831 -0.999919 -0.011273
vn 0.090772 -0.986629 -0.135363
vn -0.236578 -0.418710 0.876763
vn -0.437212 -0.880067 -0.185280
vn -0.559789 -0.817157 0.137447
vn -0.333354 -0.940373 0.067633
vn -0.057299 -0.974850 0.215369
vn -0.308858 -0.944824 0.109153
vn -0.579666 -0.744823 0.330495
vn 0.322750 0.075557 -0.943464
vn 0.049701 -0.788177 -0.613438
vn 0.115228 -0.665382 -0.737556
vn 0.076729 0.992251 -0.097723
vn 0.047280 0.981400 -0.186063
vn 0.051992 0.991805 -0.116700
vn -0.101944 -0.909324 -0.403408
vn -0.076855 -0.805925 -0.587008
vn -0.207961 -0.976818 -0.050787
vn 0.104205 -0.960864 -0.256673
vn -0.013230 -0.993177 -0.115860
vn 0.095558 -0.985875 -0.137547
vn -0.236094 -0.962654 0.132503
vn -0.437212 -0.880067 -0.185280
vn -0.333354 -0.940373 0.067633
vn 0.130172 0.975436 0.177709
vn 0.076729 0.992251 -0.097723
vn -0.130569 0.913548 0.385204
vn 0.172441 -0.801462 0.572646
vn -0.145732 -0.662371 0.734866
vn 0.382261 -0.923645 -0.027493
vn 0.300884 -0.423988 -0.854227
vn 0.199571 -0.819842 -0.536685
vn 0.236172 0.588153 -0.773498
vn 0.400083 0.806757 -0.434829
vn -0.245969 0.944322 -0.218528
vn -0.109738 0.993676 0.023764
vn 0.101577 -0.982196 -0.158031
vn -0.080162 -0.996321 -0.030300
vn 0.049701 -0.788177 -0.613438
vn 0.101577 -0.982196 -0.158031
vn -0.040233 -0.998865 0.025513
vn -0.080162 -0.996321 -0.030300
vn -0.556814 -0.763334 0.327535
vn -0.530104 -0.824110 0.199582
vn -0.078988 -0.989087 0.124370
vn -0.039816 0.962012 -0.270089
vn 0.011838 0.997198 -0.073869
vn 0.034543 0.986643 -0.159194
vn -0.217796 0.970691 -0.101603
vn -0.337246 0.940835 -0.033081
vn -0.064456 0.994252 -0.085490
vn 0.400083 0.806757 -0.434829
vn 0.126697 0.745177 -0.654721
vn -0.245969 0.944322 -0.218528
vn -0.202791 -0.961096 0.187535
vn -0.160057 -0.967949 0.193538
vn -0.333354 -0.940373 0.067633
vn 0.294774 0.834731 0.465115
vn -0.083255 0.992848 0.085561
vn -0.051383 0.908680 0.414319
vn 0.530689 -0.846248 -0.047271
vn 0.459129 -0.839289 -0.291196
vn -0.237903 -0.791281 0.563274
vn 0.429649 -0.900579 -0.066027
vn -0.057299 -0.974850 0.215369
vn 0.123404 -0.946489 -0.298212
vn 0.074819 -0.973121 0.217801
vn -0.202791 -0.961096 0.187535
vn -0.040145 -0.994206 0.099711
vn 0.382261 -0.923645 -0.027493
vn 0.131198 -0.985430 0.108239
vn 0.316520 -0.917817 0.239639
vn -0.263683 -0.784810 -0.560842
vn -0.076855 -0.805925 -0.587008
vn -0.101944 -0.909324 -0.403408
vn 0.236172 0.588153 -0.773498
vn 0.154422 0.965216 -0.210978
vn 0.390550 0.918671 0.059284
vn 0.496915 0.334536 -0.800725
vn -0.007801 0.988535 -0.150790
vn 0.261884 0.845893 -0.464631
vn -0.073070 -0.961155 0.266162
vn -0.355968 -0.904003 0.236783
vn 0.014863 -0.978145 0.207391
vn -0.016441 -0.994797 0.100542
vn 0.112593 -0.681807 -0.722816
vn 0.199571 -0.819842 -0.536685
vn 0.178120 0.976238 0.123424
vn 0.081459 0.982754 -0.166008
vn 0.088027 0.995664 -0.030059
vn 0.026286 0.899868 0.435369
vn 0.212502 0.905879 0.366368
vn 0.113919 0.993335 -0.017568
vn -0.556814 -0.763334 0.327535
vn -0.424682 -0.845156 0.324586
vn -0.523205 -0.806710 0.274730
vn 0.123404 -0.946489 -0.298212
vn -0.145732 -0.662371 0.734866
vn 0.459129 -0.839289 -0.291196
vn 0.328843 0.420644 -0.845530
vn 0.316684 0.724128 -0.612658
vn 0.126697 0.745177 -0.654721
vn 0.104205 -0.960864 -0.256673
vn 0.005831 -0.999919 -0.011273
vn 0.031125 -0.976495 -0.213279
vn -0.109738 0.993676 0.023764
vn -0.245969 0.944322 -0.218528
vn -0.432756 0.901493 0.005759
vn 0.107799 -0.979229 -0.171728
vn 0.038159 -0.999110 -0.017986
vn 0.316653 -0.799187 -0.510912
vn 0.012494 0.971885 -0.235124
vn 0.035646 0.972105 -0.231820
vn -0.073458 0.993811 -0.083335
vn -0.344211 -0.063294 0.936756
vn -0.272066 -0.758807 0.591771
vn 0.179825 -0.983301 0.027983
vn -0.236578 -0.418710 0.876763
vn 0.090772 -0.986629 -0.135363
vn -0.272066 -0.758807 0.591771
vn 0.019014 0.996323 -0.083543
vn 0.076729 0.992251 -0.097723
vn 0.130172 0.975436 0.177709
vn 0.051992 0.991805 -0.116700
vn -0.130569 0.913548 0.385204
vn 0.076729 0.992251 -0.097723
vn -0.217796 0.970691 -0.101603
vn 0.019401 0.993732 -0.110090
vn -0.160505 0.981429 -0.105050
vn 0.019401 0.993732 -0.110090
vn -0.064456 0.994252 -0.085490
vn 0.198516 0.976435 -0.084656
vn -0.337246 0.940835 -0.033081
vn -0.217796 0.970691 -0.101603
vn -0.362353 0.930916 -0.045787
vn 0.019401 0.993732 -0.110090
vn -0.217796 0.970691 -0.101603
vn -0.064456 0.994252 -0.085490
vn -0.160057 -0.967949 0.193538
vn -0.202791 -0.961096 0.187535
vn 0.074819 -0.973121 0.217801
vn -0.202791 -0.961096 0.187535
vn -0.333354 -0.940373 0.067633
vn -0.409508 -0.882402 0.231668
vn 0.316653 -0.799187 -0.510912
vn 0.063317 -0.997348 -0.035892
vn 0.101577 -0.982196 -0.158031
vn 0.126697 0.745177 -0.654721
vn 0.499015 -0.032763 -0.865974
vn 0.316653 -0.799187 -0.510912
vn -0.040145 -0.994206 0.099711
vn 0.038159 -0.999110 -0.017986
vn 0.062097 -0.988940 0.134688
vn 0.316653 -0.799187 -0.510912
vn 0.038159 -0.999110 -0.017986
vn 0.063317 -0.997348 -0.035892
vn -0.244833 -0.926110 0.287013
vn 0.031125 -0.976495 -0.213279
vn 0.005831 -0.999919 -0.011273
vn 0.069017 -0.966920 -0.245564
vn 0.031125 -0.976495 -0.213279
vn 0.018202 -0.973534 -0.227815
vn 0.316684 0.724128 -0.612658
vn 0.328843 0.420644 -0.845530
vn 0.263565 -0.448113 -0.854241
vn 0.126697 0.745177 -0.654721
vn 0.316653 -0.799187 -0.510912
vn 0.328843 0.420644 -0.845530
vn 0.322750 0.075557 -0.943464
vn 0.115228 -0.665382 -0.737556
vn 0.699870 0.403309 -0.589511
vn 0.195123 0.968684 -0.153552
vn 0.316684 0.724128 -0.612658
vn 0.421971 0.903692 -0.072673
vn -0.076855 -0.805925 -0.587008
vn -0.263683 -0.784810 -0.560842
vn -0.191431 -0.907662 -0.373503
vn -0.173323 -0.891476 -0.418605
vn -0.052814 -0.998552 0.010266
vn -0.093946 -0.862175 0.497824
vn -0.124378 -0.701735 0.701497
vn -0.219024 -0.750886 0.623056
vn -0.145732 -0.662371 0.734866
vn -0.095366 -0.741205 0.664471
vn -0.237903 -0.791281 0.563274
vn -0.219024 -0.750886 0.623056
vn -0.051033 -0.781317 0.622044
vn -0.145732 -0.662371 0.734866
vn 0.172441 -0.801462 0.572646
vn -0.124378 -0.701735 0.701497
vn -0.105450 -0.993948 -0.030782
vn -0.093946 -0.862175 0.497824
vn -0.057299 -0.974850 0.215369
vn 0.530689 -0.846248 -0.047271
vn -0.308858 -0.944824 0.109153
vn -0.145732 -0.662371 0.734866
vn -0.237903 -0.791281 0.563274
vn 0.459129 -0.839289 -0.291196
vn -0.637021 -0.715960 0.285666
vn -0.308858 -0.944824 0.109153
vn -0.424682 -0.845156 0.324586
vn -0.283806 -0.825375 0.488067
vn 0.033000 -0.941003 0.336784
vn -0.061632 -0.790428 0.609446
vn 0.429649 -0.900579 -0.066027
vn 0.530689 -0.846248 -0.047271
vn -0.057299 -0.974850 0.215369
vn 0.123404 -0.946489 -0.298212
vn -0.127581 -0.980577 0.148967
vn 0.131198 -0.985430 0.108239
vn -0.085199 0.966942 0.240341
vn 0.120666 0.989197 0.083241
vn -0.362756 0.402526 0.840465
vn 0.316273 0.857889 0.404967
vn -0.068833 0.997138 0.031271
vn 0.095953 0.953169 0.286812
vn 0.377635 0.815572 -0.438445
vn 0.699870 0.403309 -0.589511
vn 0.469292 -0.752066 -0.462776
vn -0.267735 -0.871152 0.411597
vn -0.138890 -0.889314 0.435694
vn -0.145852 -0.952993 0.265577
vn -0.706783 0.707229 0.016877
vn -0.371936 0.892518 -0.255097
vn -0.435205 0.712405 -0.550523
vn 0.372062 0.710582 -0.597196
vn 0.236172 0.588153 -0.773498
vn 0.390550 0.918671 0.059284
vn 0.316520 -0.917817 0.239639
vn -0.076855 -0.805925 -0.587008
vn 0.172441 -0.801462 0.572646
vn -0.559789 -0.817157 0.137447
vn -0.283806 -0.825375 0.488067
vn -0.391637 -0.900290 0.189993
vn -0.085199 0.966942 0.240341
vn 0.081459 0.982754 -0.166008
vn 0.120666 0.989197 0.083241
vn -0.362756 0.402526 0.840465
vn -0.214568 0.343691 0.914241
vn -0.244833 -0.926110 0.287013
vn 0.433371 0.837921 0.331779
vn 0.247324 0.949354 0.193799
vn 0.360558 0.875173 0.322599
vn -0.214568 0.343691 0.914241
vn -0.362756 0.402526 0.840465
vn 0.120666 0.989197 0.083241
vn 0.129235 0.990543 0.046071
vn 0.413606 0.897296 0.154239
vn -0.008867 0.989416 -0.144838
vn -0.258211 0.963693 -0.067996
vn -0.189393 0.967476 0.167691
vn -0.432756 0.901493 0.005759
vn -0.437212 -0.880067 -0.185280
vn -0.327881 -0.938723 -0.106270
vn -0.207961 -0.976818 -0.050787
vn -0.559789 -0.817157 0.137447
vn -0.437212 -0.880067 -0.185280
vn -0.536795 -0.841019 -0.067367
vn -0.391637 -0.900290 0.189993
vn -0.080162 -0.996321 -0.030300
vn -0.040233 -0.998865 0.025513
vn -0.284429 -0.882665 -0.374170
vn 0.115228 -0.665382 -0.737556
vn 0.049701 -0.788177 -0.613438
vn 0.069017 -0.966920 -0.245564
vn -0.263683 -0.784810 -0.560842
vn -0.101944 -0.909324 -0.403408
vn 0.018202 -0.973534 -0.227815
vn -0.200552 -0.917727 -0.342864
vn -0.263683 -0.784810 -0.560842
vn -0.200552 -0.917727 -0.342864
vn -0.244833 -0.926110 0.287013
vn -0.324482 -0.823976 0.464515
vn -0.200552 -0.917727 -0.342864
vn -0.324482 -0.823976 0.464515
vn -0.154004 -0.797628 -0.583158
vn -0.167785 -0.839117 -0.517427
vn -0.191431 -0.907662 -0.373503
vn -0.154004 -0.797628 -0.583158
vn 0.172441 -0.801462 0.572646
vn -0.076855 -0.805925 -0.587008
vn -0.191431 -0.907662 -0.373503
vn -0.167785 -0.839117 -0.517427
vn -0.154004 -0.797628 -0.583158
vn -0.287179 -0.928080 -0.237055
vn -0.105450 -0.993948 -0.030782
vn -0.124378 -0.701735 0.701497
vn -0.051033 -0.781317 0.622044
vn 0.019014 0.996323 -0.083543
vn 0.019401 0.993732 -0.110090
vn 0.047280 0.981400 -0.186063
vn 0.051992 0.991805 -0.116700
vn 0.047280 0.981400 -0.186063
vn 0.019401 0.993732 -0.110090
vn 0.699870 0.403309 -0.589511
vn 0.316684 0.724128 -0.612658
vn 0.322750 0.075557 -0.943464
vn 0.205458 0.873629 -0.441089
vn -0.099120 0.994064 0.044863
vn -0.219567 0.969380 -0.109964
vn 0.155214 0.931762 0.328221
vn 0.195123 0.968684 -0.153552
vn 0.421971 0.903692 -0.072673
vn 0.126697 0.745177 -0.654721
vn 0.195123 0.968684 -0.153552
vn -0.368847 0.923035 -0.109355
vn -0.124378 -0.701735 0.701497
vn -0.093946 -0.862175 0.497824
vn -0.095366 -0.741205 0.664471
vn -0.324482 -0.823976 0.464515
vn -0.287179 -0.928080 -0.237055
vn -0.154004 -0.797628 -0.583158
vn -0.170995 0.437637 0.882743
vn 0.026286 0.899868 0.435369
vn -0.375448 -0.328697 0.866601
vn -0.029242 0.867017 -0.497420
vn -0.042971 0.915935 -0.399019
vn 0.141026 0.791900 -0.594143
vn 0.108789 0.796069 -0.595348
vn 0.141026 0.791900 -0.594143
vn -0.042971 0.915935 -0.399019
vn -0.052814 -0.998552 0.010266
vn -0.377175 -0.446782 0.811249
vn 0.029522 -0.918995 0.393163
vn -0.173323 -0.891476 -0.418605
vn -0.093946 -0.862175 0.497824
vn -0.105450 -0.993948 -0.030782
vn -0.052814 -0.998552 0.010266
vn -0.268669 -0.961970 0.049297
vn -0.377175 -0.446782 0.811249
vn -0.355968 -0.904003 0.236783
vn -0.530104 -0.824110 0.199582
vn -0.523205 -0.806710 0.274730
vn -0.165318 -0.942696 0.289816
vn -0.138890 -0.889314 0.435694
vn -0.186741 -0.936240 0.297627
vn -0.127581 -0.980577 0.148967
vn 0.052187 -0.948480 0.312509
vn 0.131198 -0.985430 0.108239
vn 0.093162 -0.916814 0.388295
vn 0.052187 -0.948480 0.312509
vn -0.207961 -0.976818 -0.050787
vn -0.308858 -0.944824 0.109153
vn -0.637021 -0.715960 0.285666
vn -0.579666 -0.744823 0.330495
vn -0.127581 -0.980577 0.148967
vn 0.123404 -0.946489 -0.298212
vn -0.057299 -0.974850 0.215369
vn -0.145732 -0.662371 0.734866
vn 0.123404 -0.946489 -0.298212
vn 0.382261 -0.923645 -0.027493
vn 0.382261 -0.923645 -0.027493
vn 0.123404 -0.946489 -0.298212
vn 0.131198 -0.985430 0.108239
vn 0.029522 -0.918995 0.393163
vn -0.377175 -0.446782 0.811249
vn -0.251069 -0.613816 0.748461
vn -0.204831 0.976638 0.064982
vn -0.042620 0.935633 0.350392
vn -0.064506 0.987605 -0.143093
vn -0.204090 0.970413 -0.129016
vn -0.129488 0.972966 -0.191234
vn -0.214141 0.974365 -0.068963
vn 0.443371 0.741499 0.503588
vn 0.456328 0.808423 0.371777
vn -0.243661 0.953151 -0.179254
vn 0.372062 0.710582 -0.597196
vn 0.385225 -0.481696 -0.787128
vn 0.300884 -0.423988 -0.854227
vn 0.155075 -0.917104 -0.367249
vn -0.052471 -0.993759 -0.098442
vn 0.385225 -0.481696 -0.787128
vn 0.463934 0.811207 -0.355960
vn 0.372062 0.710582 -0.597196
vn 0.095953 0.953169 0.286812
vn -0.279765 -0.959519 0.032471
vn -0.355968 -0.904003 0.236783
vn -0.052471 -0.993759 -0.098442
vn -0.706783 0.707229 0.016877
vn -0.745730 0.609778 -0.268436
vn -0.371936 0.892518 -0.255097
vn -0.371936 0.892518 -0.255097
vn -0.243661 0.953151 -0.179254
vn 0.154422 0.965216 -0.210978
vn -0.207961 -0.976818 -0.050787
vn -0.076855 -0.805925 -0.587008
vn 0.316520 -0.917817 0.239639
vn -0.207961 -0.976818 -0.050787
vn 0.033000 -0.941003 0.336784
vn -0.536795 -0.841019 -0.067367
vn -0.244833 -0.926110 0.287013
vn -0.214568 0.343691 0.914241
vn -0.324482 -0.823976 0.464515
vn 0.031125 -0.976495 -0.213279
vn -0.244833 -0.926110 0.287013
vn 0.018202 -0.973534 -0.227815
vn -0.170995 0.437637 0.882743
vn -0.324482 -0.823976 0.464515
vn -0.214568 0.343691 0.914241
vn -0.287179 -0.928080 -0.237055
vn -0.324482 -0.823976 0.464515
vn -0.375448 -0.328697 0.866601
vn -0.236578 -0.418710 0.876763
vn -0.362756 0.402526 0.840465
vn -0.279292 -0.784710 0.553377
vn -0.244833 -0.926110 0.287013
vn -0.279292 -0.784710 0.553377
vn -0.362756 0.402526 0.840465
vn 0.178120 0.976238 0.123424
vn 0.174790 0.984080 0.032187
vn 0.081459 0.982754 -0.166008
vn 0.102206 0.993498 -0.050163
vn -0.093966 0.958034 -0.270817
vn 0.010808 0.875247 -0.483556
vn 0.088027 0.995664 -0.030059
vn 0.081459 0.982754 -0.166008
vn 0.051992 0.991805 -0.116700
vn 0.120666 0.989197 0.083241
vn 0.081459 0.982754 -0.166008
vn 0.174790 0.984080 0.032187
vn 0.198516 0.976435 -0.084656
vn 0.029160 0.997667 -0.061726
vn 0.373990 0.923208 0.088425
vn 0.089875 0.942107 0.323042
vn 0.195130 0.940449 0.278354
vn 0.155214 0.931762 0.328221
vn 0.195123 0.968684 -0.153552
vn -0.258211 0.963693 -0.067996
vn -0.368847 0.923035 -0.109355
vn -0.189393 0.967476 0.167691
vn -0.258211 0.963693 -0.067996
vn 0.155214 0.931762 0.328221
vn -0.002171 0.999993 -0.003034
vn -0.189393 0.967476 0.167691
vn 0.195130 0.940449 0.278354
vn 0.373990 0.923208 0.088425
vn 0.301234 0.941056 0.153856
vn 0.198516 0.976435 -0.084656
vn -0.432756 0.901493 0.005759
vn -0.337246 0.940835 -0.033081
vn -0.340879 0.939585 0.031338
vn -0.337246 0.940835 -0.033081
vn -0.002171 0.999993 -0.003034
vn 0.029160 0.997667 -0.061726
vn -0.333354 -0.940373 0.067633
vn -0.160057 -0.967949 0.193538
vn -0.236094 -0.962654 0.132503
vn -0.158418 -0.986761 0.034745
vn -0.236094 -0.962654 0.132503
vn -0.160057 -0.967949 0.193538
vn -0.207961 -0.976818 -0.050787
vn -0.327881 -0.938723 -0.106270
vn -0.101944 -0.909324 -0.403408
vn -0.236094 -0.962654 0.132503
vn -0.327881 -0.938723 -0.106270
vn -0.437212 -0.880067 -0.185280
vn -0.559789 -0.817157 0.137447
vn -0.536795 -0.841019 -0.067367
vn -0.283806 -0.825375 0.488067
vn -0.409508 -0.882402 0.231668
vn -0.559789 -0.817157 0.137447
vn -0.391637 -0.900290 0.189993
vn 0.316653 -0.799187 -0.510912
vn 0.101577 -0.982196 -0.158031
vn 0.263565 -0.448113 -0.854241
vn -0.040233 -0.998865 0.025513
vn 0.101577 -0.982196 -0.158031
vn 0.063317 -0.997348 -0.035892
vn -0.040145 -0.994206 0.099711
vn -0.040233 -0.998865 0.025513
vn 0.063317 -0.997348 -0.035892
vn -0.391637 -0.900290 0.189993
vn -0.040233 -0.998865 0.025513
vn -0.173676 -0.970845 0.165220
vn -0.391637 -0.900290 0.189993
vn -0.173676 -0.970845 0.165220
vn -0.409508 -0.882402 0.231668
vn -0.284429 -0.882665 -0.374170
vn -0.391637 -0.900290 0.189993
vn -0.080351 -0.960136 0.267736
vn -0.145732 -0.662371 0.734866
vn -0.051033 -0.781317 0.622044
vn -0.124378 -0.701735 0.701497
vn -0.191431 -0.907662 -0.373503
vn -0.051033 -0.781317 0.622044
vn 0.172441 -0.801462 0.572646
vn 0.322750 0.075557 -0.943464
vn 0.316684 0.724128 -0.612658
vn 0.263565 -0.448113 -0.854241
vn 0.205458 0.873629 -0.441089
vn -0.087808 0.972722 -0.214712
vn 0.377635 0.815572 -0.438445
vn -0.424682 -0.845156 0.324586
vn 0.014863 -0.978145 0.207391
vn -0.523205 -0.806710 0.274730
vn -0.637021 -0.715960 0.285666
vn -0.186741 -0.936240 0.297627
vn -0.579666 -0.744823 0.330495
vn -0.059784 -0.997907 0.024631
vn 0.124026 -0.989759 -0.070668
vn -0.078988 -0.989087 0.124370
vn -0.186741 -0.936240 0.297627
vn -0.637021 -0.715960 0.285666
vn -0.556814 -0.763334 0.327535
vn -0.004644 -0.856375 0.516334
vn -0.186741 -0.936240 0.297627
vn -0.138890 -0.889314 0.435694
vn -0.057299 -0.974850 0.215369
vn -0.579666 -0.744823 0.330495
vn -0.004644 -0.856375 0.516334
vn -0.424682 -0.845156 0.324586
vn -0.556814 -0.763334 0.327535
vn -0.637021 -0.715960 0.285666
vn -0.530104 -0.824110 0.199582
vn -0.059784 -0.997907 0.024631
vn -0.078988 -0.989087 0.124370
vn -0.078988 -0.989087 0.124370
vn 0.124026 -0.989759 -0.070668
vn 0.058457 -0.996783 0.054823
vn -0.186741 -0.936240 0.297627
vn -0.556814 -0.763334 0.327535
vn -0.078988 -0.989087 0.124370
vn -0.530104 -0.824110 0.199582
vn -0.279765 -0.959519 0.032471
vn -0.059784 -0.997907 0.024631
vn 0.155075 -0.917104 -0.367249
vn 0.119892 -0.968930 -0.216336
vn -0.279765 -0.959519 0.032471
vn 0.382261 -0.923645 -0.027493
vn 0.316520 -0.917817 0.239639
vn 0.172441 -0.801462 0.572646
vn -0.207961 -0.976818 -0.050787
vn 0.316520 -0.917817 0.239639
vn 0.093162 -0.916814 0.388295
vn -0.127581 -0.980577 0.148967
vn -0.267735 -0.871152 0.411597
vn 0.052187 -0.948480 0.312509
vn 0.131198 -0.985430 0.108239
vn 0.093162 -0.916814 0.388295
vn 0.316520 -0.917817 0.239639
vn 0.123404 -0.946489 -0.298212
vn 0.459129 -0.839289 -0.291196
vn 0.429649 -0.900579 -0.066027
vn 0.530689 -0.846248 -0.047271
vn 0.429649 -0.900579 -0.066027
vn 0.459129 -0.839289 -0.291196
vn -0.251069 -0.613816 0.748461
vn -0.377175 -0.446782 0.811249
vn -0.298179 0.954285 0.020731
vn -0.163292 0.763195 -0.625195
vn -0.276173 0.801252 -0.530777
vn -0.276451 0.650598 -0.707317
vn -0.274229 0.956135 -0.102979
vn -0.073057 0.916405 -0.393527
vn -0.042971 0.915935 -0.399019
vn 0.239650 0.880297 0.409444
vn -0.011549 0.988425 0.151272
vn 0.539481 0.656037 0.527803
vn 0.367144 0.761259 0.534500
vn 0.222225 0.830671 0.510492
vn 0.329810 0.831971 0.446150
vn -0.062138 0.843314 -0.533816
vn 0.443371 0.741499 0.503588
vn -0.243661 0.953151 -0.179254
vn -0.073070 -0.961155 0.266162
vn -0.016441 -0.994797 0.100542
vn -0.045950 -0.969457 0.240920
vn -0.530104 -0.824110 0.199582
vn -0.355968 -0.904003 0.236783
vn -0.279765 -0.959519 0.032471
vn -0.045950 -0.969457 0.240920
vn -0.355968 -0.904003 0.236783
vn -0.073070 -0.961155 0.266162
vn -0.052471 -0.993759 -0.098442
vn -0.045950 -0.969457 0.240920
vn 0.199571 -0.819842 -0.536685
vn 0.112593 -0.681807 -0.722816
vn -0.435205 0.712405 -0.550523
vn 0.297919 0.244723 -0.922689
vn -0.052471 -0.993759 -0.098442
vn 0.199571 -0.819842 -0.536685
vn 0.300884 -0.423988 -0.854227
vn 0.297919 0.244723 -0.922689
vn 0.199571 -0.819842 -0.536685
vn 0.112593 -0.681807 -0.722816
vn 0.236172 0.588153 -0.773498
vn 0.297919 0.244723 -0.922689
vn -0.371936 0.892518 -0.255097
vn -0.745730 0.609778 -0.268436
vn -0.706783 0.707229 0.016877
vn -0.332205 0.500556 -0.799427
vn 0.236172 0.588153 -0.773498
vn -0.371936 0.892518 -0.255097
vn 0.154422 0.965216 -0.210978
vn 0.012383 0.626524 -0.779304
vn -0.062138 0.843314 -0.533816
vn -0.332205 0.500556 -0.799427
vn 0.065441 0.990157 -0.123723
vn 0.493483 0.737587 0.460912
vn -0.062138 0.843314 -0.533816
vn -0.200552 -0.917727 -0.342864
vn -0.154004 -0.797628 -0.583158
vn -0.191431 -0.907662 -0.373503
vn -0.244833 -0.926110 0.287013
vn -0.200552 -0.917727 -0.342864
vn 0.018202 -0.973534 -0.227815
vn 0.120666 0.989197 0.083241
vn 0.212502 0.905879 0.366368
vn -0.214568 0.343691 0.914241
vn 0.360558 0.875173 0.322599
vn 0.120666 0.989197 0.083241
vn 0.174790 0.984080 0.032187
vn -0.179690 -0.882692 -0.434242
vn -0.375448 -0.328697 0.866601
vn -0.646947 -0.631746 0.427032
vn -0.167785 -0.839117 -0.517427
vn -0.179690 -0.882692 -0.434242
vn -0.105450 -0.993948 -0.030782
vn 0.129235 0.990543 0.046071
vn -0.008867 0.989416 -0.144838
vn -0.171557 0.973638 -0.150325
vn -0.214568 0.343691 0.914241
vn 0.212502 0.905879 0.366368
vn -0.170995 0.437637 0.882743
vn 0.089875 0.942107 0.323042
vn 0.130972 0.991232 -0.017497
vn 0.100108 0.992677 0.067603
vn -0.219567 0.969380 -0.109964
vn -0.092949 0.995643 -0.007430
vn -0.204090 0.970413 -0.129016
vn 0.195130 0.940449 0.278354
vn -0.189393 0.967476 0.167691
vn 0.155214 0.931762 0.328221
vn -0.337246 0.940835 -0.033081
vn -0.189393 0.967476 0.167691
vn -0.002171 0.999993 -0.003034
vn 0.029160 0.997667 -0.061726
vn 0.380413 0.919430 0.099667
vn 0.373990 0.923208 0.088425
vn 0.413606 0.897296 0.154239
vn 0.433371 0.837921 0.331779
vn 0.301234 0.941056 0.153856
vn -0.207961 -0.976818 -0.050787
vn -0.536795 -0.841019 -0.067367
vn -0.437212 -0.880067 -0.185280
vn -0.283806 -0.825375 0.488067
vn -0.536795 -0.841019 -0.067367
vn 0.033000 -0.941003 0.336784
vn 0.033000 -0.941003 0.336784
vn 0.052187 -0.948480 0.312509
vn -0.061632 -0.790428 0.609446
vn -0.391637 -0.900290 0.189993
vn -0.283806 -0.825375 0.488067
vn -0.080351 -0.960136 0.267736
vn -0.057299 -0.974850 0.215369
vn -0.004644 -0.856375 0.516334
vn -0.127581 -0.980577 0.148967
vn -0.283806 -0.825375 0.488067
vn -0.061632 -0.790428 0.609446
vn 0.271817 -0.736288 0.619673
vn -0.409508 -0.882402 0.231668
vn -0.173676 -0.970845 0.165220
vn -0.040145 -0.994206 0.099711
vn -0.333354 -0.940373 0.067633
vn -0.559789 -0.817157 0.137447
vn -0.409508 -0.882402 0.231668
vn 0.049701 -0.788177 -0.613438
vn 0.263565 -0.448113 -0.854241
vn 0.101577 -0.982196 -0.158031
vn 0.007664 -0.933014 -0.359759
vn -0.284429 -0.882665 -0.374170
vn -0.080351 -0.960136 0.267736
vn 0.130972 0.991232 -0.017497
vn -0.214141 0.974365 -0.068963
vn 0.100108 0.992677 0.067603
vn 0.377635 0.815572 -0.438445
vn 0.130972 0.991232 -0.017497
vn 0.699870 0.403309 -0.589511
vn -0.355968 -0.904003 0.236783
vn -0.523205 -0.806710 0.274730
vn 0.014863 -0.978145 0.207391
vn -0.556814 -0.763334 0.327535
vn -0.523205 -0.806710 0.274730
vn -0.530104 -0.824110 0.199582
vn -0.067478 0.995759 -0.062535
vn -0.151889 0.865830 0.476727
vn -0.314176 0.608333 0.728851
vn -0.163292 0.763195 -0.625195
vn 0.080653 0.793330 -0.603425
vn 0.108789 0.796069 -0.595348
vn -0.276451 0.650598 -0.707317
vn 0.080653 0.793330 -0.603425
vn -0.163292 0.763195 -0.625195
vn 0.078394 0.995651 0.050345
vn -0.276173 0.801252 -0.530777
vn -0.064506 0.987605 -0.143093
vn -0.276173 0.801252 -0.530777
vn 0.078394 0.995651 0.050345
vn 0.027023 0.963697 -0.265627
vn -0.064506 0.987605 -0.143093
vn 0.329810 0.831971 0.446150
vn 0.252295 0.875238 0.412680
vn -0.166298 0.938386 0.302947
vn -0.011549 0.988425 0.151272
vn 0.239650 0.880297 0.409444
vn 0.539481 0.656037 0.527803
vn 0.294774 0.834731 0.465115
vn 0.367144 0.761259 0.534500
vn -0.064506 0.987605 -0.143093
vn 0.252295 0.875238 0.412680
vn 0.078394 0.995651 0.050345
vn 0.222225 0.830671 0.510492
vn 0.252295 0.875238 0.412680
vn 0.329810 0.831971 0.446150
vn 0.367144 0.761259 0.534500
vn 0.294774 0.834731 0.465115
vn -0.051383 0.908680 0.414319
vn 0.294774 0.834731 0.465115
vn 0.539481 0.656037 0.527803
vn 0.493483 0.737587 0.460912
vn 0.222225 0.830671 0.510492
vn 0.367144 0.761259 0.534500
vn -0.051383 0.908680 0.414319
vn 0.367144 0.761259 0.534500
vn 0.329810 0.831971 0.446150
vn 0.239650 0.880297 0.409444
vn 0.346019 0.855704 0.384761
vn 0.462312 0.742586 0.484596
vn 0.443371 0.741499 0.503588
vn -0.062138 0.843314 -0.533816
vn -0.243661 0.953151 -0.179254
vn -0.745730 0.609778 -0.268436
vn 0.199571 -0.819842 -0.536685
vn -0.045950 -0.969457 0.240920
vn -0.016441 -0.994797 0.100542
vn -0.355968 -0.904003 0.236783
vn -0.045950 -0.969457 0.240920
vn -0.052471 -0.993759 -0.098442
vn -0.371936 0.892518 -0.255097
vn 0.297919 0.244723 -0.922689
vn -0.435205 0.712405 -0.550523
vn 0.199571 -0.819842 -0.536685
vn 0.297919 0.244723 -0.922689
vn 0.236172 0.588153 -0.773498
vn -0.062138 0.843314 -0.533816
vn -0.745730 0.609778 -0.268436
vn -0.332205 0.500556 -0.799427
vn -0.371936 0.892518 -0.255097
vn -0.745730 0.609778 -0.268436
vn -0.243661 0.953151 -0.179254
vn 0.065441 0.990157 -0.123723
vn -0.062138 0.843314 -0.533816
vn 0.012383 0.626524 -0.779304
vn 0.346019 0.855704 0.384761
vn 0.425722 0.648743 0.630787
vn 0.539481 0.656037 0.527803
vn -0.030532 0.999476 -0.010719
vn 0.561112 0.002178 -0.827737
vn 0.463934 0.811207 -0.355960
vn 0.316273 0.857889 0.404967
vn 0.390550 0.918671 0.059284
vn 0.456328 0.808423 0.371777
vn 0.425722 0.648743 0.630787
vn -0.062138 0.843314 -0.533816
vn 0.493483 0.737587 0.460912
vn 0.456328 0.808423 0.371777
vn 0.443371 0.741499 0.503588
vn 0.462312 0.742586 0.484596
vn 0.425722 0.648743 0.630787
vn 0.346019 0.855704 0.384761
vn 0.443371 0.741499 0.503588
vn 0.539481 0.656037 0.527803
vn -0.011549 0.988425 0.151272
vn 0.346019 0.855704 0.384761
vn 0.316273 0.857889 0.404967
vn 0.456328 0.808423 0.371777
vn 0.462312 0.742586 0.484596
vn -0.243661 0.953151 -0.179254
vn 0.456328 0.808423 0.371777
vn 0.154422 0.965216 -0.210978
vn 0.012494 0.971885 -0.235124
vn -0.073458 0.993811 -0.083335
vn -0.068833 0.997138 0.031271
vn 0.390550 0.918671 0.059284
vn 0.316273 0.857889 0.404967
vn 0.095953 0.953169 0.286812
vn -0.068833 0.997138 0.031271
vn 0.011838 0.997198 -0.073869
vn 0.012494 0.971885 -0.235124
vn 0.035646 0.972105 -0.231820
vn -0.039816 0.962012 -0.270089
vn -0.079718 0.977128 -0.197146
vn 0.372062 0.710582 -0.597196
vn 0.390550 0.918671 0.059284
vn 0.095953 0.953169 0.286812
vn 0.456328 0.808423 0.371777
vn 0.390550 0.918671 0.059284
vn 0.154422 0.965216 -0.210978
vn 0.463934 0.811207 -0.355960
vn 0.385225 -0.481696 -0.787128
vn 0.372062 0.710582 -0.597196
vn 0.236172 0.588153 -0.773498
vn 0.372062 0.710582 -0.597196
vn 0.300884 -0.423988 -0.854227
vn 0.095953 0.953169 0.286812
vn -0.030532 0.999476 -0.010719
vn 0.463934 0.811207 -0.355960
vn -0.279765 -0.959519 0.032471
vn 0.119892 -0.968930 -0.216336
vn -0.059784 -0.997907 0.024631
vn 0.561112 0.002178 -0.827737
vn 0.119892 -0.968930 -0.216336
vn 0.155075 -0.917104 -0.367249
vn -0.052471 -0.993759 -0.098442
vn 0.300884 -0.423988 -0.854227
vn 0.385225 -0.481696 -0.787128
vn 0.337372 -0.781726 -0.524485
vn 0.561112 0.002178 -0.827737
vn 0.496915 0.334536 -0.800725
vn 0.124026 -0.989759 -0.070668
vn -0.059784 -0.997907 0.024631
vn 0.119892 -0.968930 -0.216336
vn 0.011838 0.997198 -0.073869
vn 0.316273 0.857889 0.404967
vn 0.462312 0.742586 0.484596
vn -0.073458 0.993811 -0.083335
vn -0.007801 0.988535 -0.150790
vn -0.030532 0.999476 -0.010719
vn -0.030532 0.999476 -0.010719
vn 0.095953 0.953169 0.286812
vn -0.068833 0.997138 0.031271
vn 0.561112 0.002178 -0.827737
vn 0.385225 -0.481696 -0.787128
vn 0.463934 0.811207 -0.355960
vn -0.052471 -0.993759 -0.098442
vn 0.155075 -0.917104 -0.367249
vn -0.279765 -0.959519 0.032471
vn 0.561112 0.002178 -0.827737
vn 0.155075 -0.917104 -0.367249
vn 0.385225 -0.481696 -0.787128
vn 0.034543 0.986643 -0.159194
vn 0.462312 0.742586 0.484596
vn 0.346019 0.855704 0.384761
vn -0.196465 0.908010 0.370026
vn -0.200722 0.957729 0.206072
vn -0.053532 0.998296 -0.023218
vn -0.096204 0.995358 0.002809
vn 0.109006 0.985894 -0.127005
vn -0.092949 0.995643 -0.007430
vn -0.099120 0.994064 0.044863
vn 0.078027 0.967114 -0.242080
vn -0.096204 0.995358 0.002809
vn 0.011838 0.997198 -0.073869
vn -0.068833 0.997138 0.031271
vn 0.316273 0.857889 0.404967
vn 0.035646 0.972105 -0.231820
vn 0.012494 0.971885 -0.235124
vn -0.039816 0.962012 -0.270089
vn 0.034543 0.986643 -0.159194
vn 0.011838 0.997198 -0.073869
vn 0.462312 0.742586 0.484596
vn 0.012494 0.971885 -0.235124
vn 0.011838 0.997198 -0.073869
vn -0.039816 0.962012 -0.270089
vn -0.073458 0.993811 -0.083335
vn -0.030532 0.999476 -0.010719
vn -0.068833 0.997138 0.031271
vn -0.030532 0.999476 -0.010719
vn -0.007801 0.988535 -0.150790
vn 0.561112 0.002178 -0.827737
vn 0.360558 0.875173 0.322599
vn 0.212502 0.905879 0.366368
vn 0.120666 0.989197 0.083241
vn -0.029242 0.867017 -0.497420
vn 0.010808 0.875247 -0.483556
vn -0.175274 0.972367 -0.154213
vn -0.375448 -0.328697 0.866601
vn -0.324482 -0.823976 0.464515
vn -0.170995 0.437637 0.882743
vn -0.167785 -0.839117 -0.517427
vn -0.287179 -0.928080 -0.237055
vn -0.179690 -0.882692 -0.434242
vn -0.646947 -0.631746 0.427032
vn -0.375448 -0.328697 0.866601
vn -0.314176 0.608333 0.728851
vn -0.287179 -0.928080 -0.237055
vn -0.375448 -0.328697 0.866601
vn -0.179690 -0.882692 -0.434242
vn 0.360558 0.875173 0.322599
vn 0.174790 0.984080 0.032187
vn 0.178120 0.976238 0.123424
vn 0.212502 0.905879 0.366368
vn 0.360558 0.875173 0.322599
vn 0.247324 0.949354 0.193799
vn 0.301234 0.941056 0.153856
vn 0.088027 0.995664 -0.030059
vn 0.198516 0.976435 -0.084656
vn 0.129235 0.990543 0.046071
vn 0.433371 0.837921 0.331779
vn 0.413606 0.897296 0.154239
vn 0.089875 0.942107 0.323042
vn 0.155214 0.931762 0.328221
vn 0.421971 0.903692 -0.072673
vn 0.195130 0.940449 0.278354
vn 0.100108 0.992677 0.067603
vn 0.458187 0.888015 0.038661
vn 0.019401 0.993732 -0.110090
vn 0.198516 0.976435 -0.084656
vn 0.088027 0.995664 -0.030059
vn 0.029160 0.997667 -0.061726
vn 0.198516 0.976435 -0.084656
vn -0.064456 0.994252 -0.085490
vn -0.337246 0.940835 -0.033081
vn 0.029160 0.997667 -0.061726
vn -0.064456 0.994252 -0.085490
vn 0.380413 0.919430 0.099667
vn 0.029160 0.997667 -0.061726
vn -0.002171 0.999993 -0.003034
vn -0.207961 -0.976818 -0.050787
vn 0.052187 -0.948480 0.312509
vn 0.033000 -0.941003 0.336784
vn 0.131198 -0.985430 0.108239
vn 0.052187 -0.948480 0.312509
vn 0.093162 -0.916814 0.388295
vn 0.058457 -0.996783 0.054823
vn -0.165318 -0.942696 0.289816
vn -0.078988 -0.989087 0.124370
vn -0.267735 -0.871152 0.411597
vn -0.145852 -0.952993 0.265577
vn -0.061632 -0.790428 0.609446
vn 0.459698 -0.888036 0.008397
vn 0.362172 -0.932100 -0.004591
vn 0.179953 -0.971998 -0.151118
vn -0.080351 -0.960136 0.267736
vn -0.283806 -0.825375 0.488067
vn 0.271817 -0.736288 0.619673
vn 0.362172 -0.932100 -0.004591
vn 0.058457 -0.996783 0.054823
vn 0.124026 -0.989759 -0.070668
vn 0.058457 -0.996783 0.054823
vn 0.190306 -0.980050 0.057313
vn -0.165318 -0.942696 0.289816
vn 0.205458 0.873629 -0.441089
vn 0.377635 0.815572 -0.438445
vn 0.469292 -0.752066 -0.462776
vn 0.377635 0.815572 -0.438445
vn -0.087808 0.972722 -0.214712
vn 0.130972 0.991232 -0.017497
vn -0.251069 -0.613816 0.748461
vn -0.298179 0.954285 0.020731
vn -0.302371 0.765536 -0.567914
vn 0.080653 0.793330 -0.603425
vn -0.298179 0.954285 0.020731
vn 0.053711 0.998465 -0.013529
vn -0.298179 0.954285 0.020731
vn 0.080653 0.793330 -0.603425
vn -0.276451 0.650598 -0.707317
vn 0.119082 0.877049 -0.465408
vn 0.080653 0.793330 -0.603425
vn 0.053711 0.998465 -0.013529
vn -0.163292 0.763195 -0.625195
vn 0.108789 0.796069 -0.595348
vn -0.073057 0.916405 -0.393527
vn -0.064506 0.987605 -0.143093
vn -0.276173 0.801252 -0.530777
vn -0.163292 0.763195 -0.625195
vn 0.012383 0.626524 -0.779304
vn -0.083255 0.992848 0.085561
vn 0.065441 0.990157 -0.123723
vn 0.294774 0.834731 0.465115
vn 0.065441 0.990157 -0.123723
vn -0.083255 0.992848 0.085561
vn -0.062138 0.843314 -0.533816
vn 0.425722 0.648743 0.630787
vn 0.443371 0.741499 0.503588
vn 0.539481 0.656037 0.527803
vn 0.425722 0.648743 0.630787
vn 0.493483 0.737587 0.460912
vn 0.539481 0.656037 0.527803
vn 0.367144 0.761259 0.534500
vn 0.239650 0.880297 0.409444
vn -0.053532 0.998296 -0.023218
vn 0.346019 0.855704 0.384761
vn -0.011549 0.988425 0.151272
vn -0.064506 0.987605 -0.143093
vn -0.042620 0.935633 0.350392
vn 0.329810 0.831971 0.446150
vn 0.239650 0.880297 0.409444
vn 0.329810 0.831971 0.446150
vn -0.042620 0.935633 0.350392
vn -0.204831 0.976638 0.064982
vn -0.064506 0.987605 -0.143093
vn -0.073057 0.916405 -0.393527
vn -0.042620 0.935633 0.350392
vn -0.204831 0.976638 0.064982
vn -0.196465 0.908010 0.370026
vn -0.053532 0.998296 -0.023218
vn -0.200722 0.957729 0.206072
vn -0.079718 0.977128 -0.197146
vn -0.042620 0.935633 0.350392
vn -0.196465 0.908010 0.370026
vn -0.166298 0.938386 0.302947
vn -0.064506 0.987605 -0.143093
vn -0.163292 0.763195 -0.625195
vn -0.073057 0.916405 -0.393527
vn -0.196465 0.908010 0.370026
vn -0.204831 0.976638 0.064982
vn -0.216465 0.975484 0.039674
vn -0.042971 0.915935 -0.399019
vn -0.073057 0.916405 -0.393527
vn 0.108789 0.796069 -0.595348
vn -0.216465 0.975484 0.039674
vn -0.204831 0.976638 0.064982
vn -0.073057 0.916405 -0.393527
vn -0.200722 0.957729 0.206072
vn -0.196465 0.908010 0.370026
vn -0.336516 0.912452 0.232783
vn -0.053532 0.998296 -0.023218
vn -0.011549 0.988425 0.151272
vn -0.166298 0.938386 0.302947
vn 0.119082 0.877049 -0.465408
vn 0.141026 0.791900 -0.594143
vn 0.080653 0.793330 -0.603425
vn -0.274229 0.956135 -0.102979
vn -0.042971 0.915935 -0.399019
vn -0.305664 0.945853 -0.109232
vn -0.336516 0.912452 0.232783
vn -0.274229 0.956135 -0.102979
vn -0.355791 0.933145 0.051503
vn -0.305664 0.945853 -0.109232
vn -0.222495 0.974699 0.021391
vn -0.355791 0.933145 0.051503
vn -0.042620 0.935633 0.350392
vn -0.166298 0.938386 0.302947
vn 0.239650 0.880297 0.409444
vn -0.053532 0.998296 -0.023218
vn -0.166298 0.938386 0.302947
vn -0.196465 0.908010 0.370026
vn -0.336516 0.912452 0.232783
vn -0.196465 0.908010 0.370026
vn -0.216465 0.975484 0.039674
vn -0.079718 0.977128 -0.197146
vn -0.200722 0.957729 0.206072
vn -0.204743 0.977714 0.046421
vn -0.079718 0.977128 -0.197146
vn -0.204743 0.977714 0.046421
vn 0.035646 0.972105 -0.231820
vn -0.079718 0.977128 -0.197146
vn -0.039816 0.962012 -0.270089
vn 0.034543 0.986643 -0.159194
vn -0.204743 0.977714 0.046421
vn -0.336516 0.912452 0.232783
vn -0.355791 0.933145 0.051503
vn -0.073458 0.993811 -0.083335
vn 0.035646 0.972105 -0.231820
vn 0.109006 0.985894 -0.127005
vn 0.346019 0.855704 0.384761
vn -0.053532 0.998296 -0.023218
vn 0.034543 0.986643 -0.159194
vn -0.079718 0.977128 -0.197146
vn 0.034543 0.986643 -0.159194
vn -0.053532 0.998296 -0.023218
vn 0.301234 0.941056 0.153856
vn 0.178120 0.976238 0.123424
vn 0.088027 0.995664 -0.030059
vn 0.360558 0.875173 0.322599
vn 0.178120 0.976238 0.123424
vn 0.433371 0.837921 0.331779
vn 0.301234 0.941056 0.153856
vn 0.373990 0.923208 0.088425
vn 0.413606 0.897296 0.154239
vn 0.178120 0.976238 0.123424
vn 0.301234 0.941056 0.153856
vn 0.433371 0.837921 0.331779
vn 0.413606 0.897296 0.154239
vn 0.373990 0.923208 0.088425
vn 0.380413 0.919430 0.099667
vn 0.100108 0.992677 0.067603
vn -0.129488 0.972966 -0.191234
vn 0.060303 0.983679 -0.169527
vn 0.129235 0.990543 0.046071
vn -0.171557 0.973638 -0.150325
vn -0.093966 0.958034 -0.270817
vn 0.247324 0.949354 0.193799
vn 0.433371 0.837921 0.331779
vn 0.129235 0.990543 0.046071
vn 0.130972 0.991232 -0.017497
vn 0.089875 0.942107 0.323042
vn 0.421971 0.903692 -0.072673
vn 0.100108 0.992677 0.067603
vn 0.195130 0.940449 0.278354
vn 0.089875 0.942107 0.323042
vn 0.130972 0.991232 -0.017497
vn 0.421971 0.903692 -0.072673
vn 0.699870 0.403309 -0.589511
vn 0.130972 0.991232 -0.017497
vn -0.087808 0.972722 -0.214712
vn -0.214141 0.974365 -0.068963
vn -0.087808 0.972722 -0.214712
vn -0.219567 0.969380 -0.109964
vn -0.214141 0.974365 -0.068963
vn -0.092949 0.995643 -0.007430
vn -0.219567 0.969380 -0.109964
vn -0.099120 0.994064 0.044863
vn 0.205458 0.873629 -0.441089
vn -0.219567 0.969380 -0.109964
vn -0.087808 0.972722 -0.214712
vn 0.109006 0.985894 -0.127005
vn -0.096204 0.995358 0.002809
vn -0.073458 0.993811 -0.083335
vn 0.060566 0.995131 -0.077756
vn -0.011984 0.999210 -0.037891
vn -0.355791 0.933145 0.051503
vn -0.214141 0.974365 -0.068963
vn -0.129488 0.972966 -0.191234
vn 0.100108 0.992677 0.067603
vn 0.017629 0.996099 -0.086470
vn -0.098633 0.960108 -0.261656
vn 0.102911 0.982120 -0.157636
vn 0.060303 0.983679 -0.169527
vn 0.413606 0.897296 0.154239
vn 0.458187 0.888015 0.038661
vn -0.002171 0.999993 -0.003034
vn 0.195130 0.940449 0.278354
vn 0.380413 0.919430 0.099667
vn 0.380413 0.919430 0.099667
vn 0.195130 0.940449 0.278354
vn 0.458187 0.888015 0.038661
vn 0.052187 -0.948480 0.312509
vn -0.267735 -0.871152 0.411597
vn -0.061632 -0.790428 0.609446
vn -0.004644 -0.856375 0.516334
vn -0.267735 -0.871152 0.411597
vn -0.127581 -0.980577 0.148967
vn -0.186741 -0.936240 0.297627
vn -0.004644 -0.856375 0.516334
vn -0.579666 -0.744823 0.330495
vn -0.267735 -0.871152 0.411597
vn -0.004644 -0.856375 0.516334
vn -0.138890 -0.889314 0.435694
vn -0.165318 -0.942696 0.289816
vn -0.145852 -0.952993 0.265577
vn -0.138890 -0.889314 0.435694
vn 0.459698 -0.888036 0.008397
vn 0.190306 -0.980050 0.057313
vn 0.362172 -0.932100 -0.004591
vn -0.165318 -0.942696 0.289816
vn -0.186741 -0.936240 0.297627
vn -0.078988 -0.989087 0.124370
vn -0.145852 -0.952993 0.265577
vn -0.165318 -0.942696 0.289816
vn 0.190306 -0.980050 0.057313
vn 0.119082 0.877049 -0.465408
vn -0.151889 0.865830 0.476727
vn -0.067478 0.995759 -0.062535
vn 0.026286 0.899868 0.435369
vn -0.314176 0.608333 0.728851
vn -0.375448 -0.328697 0.866601
vn -0.274229 0.956135 -0.102979
vn -0.305664 0.945853 -0.109232
vn -0.355791 0.933145 0.051503
vn -0.073057 0.916405 -0.393527
vn -0.274229 0.956135 -0.102979
vn -0.216465 0.975484 0.039674
vn 0.129235 0.990543 0.046071
vn -0.093966 0.958034 -0.270817
vn 0.247324 0.949354 0.193799
vn 0.060566 0.995131 -0.077756
vn -0.355791 0.933145 0.051503
vn -0.222495 0.974699 0.021391
vn -0.200722 0.957729 0.206072
vn -0.336516 0.912452 0.232783
vn -0.204743 0.977714 0.046421
vn -0.274229 0.956135 -0.102979
vn -0.336516 0.912452 0.232783
vn -0.216465 0.975484 0.039674
vn -0.098633 0.960108 -0.261656
vn 0.017629 0.996099 -0.086470
vn -0.171557 0.973638 -0.150325
vn 0.102911 0.982120 -0.157636
vn -0.129488 0.972966 -0.191234
vn 0.059272 0.992117 -0.110412
vn -0.175274 0.972367 -0.154213
vn 0.017629 0.996099 -0.086470
vn -0.222495 0.974699 0.021391
vn -0.029242 0.867017 -0.497420
vn -0.305664 0.945853 -0.109232
vn -0.042971 0.915935 -0.399019
vn -0.222495 0.974699 0.021391
vn -0.305664 0.945853 -0.109232
vn -0.175274 0.972367 -0.154213
vn 0.060566 0.995131 -0.077756
vn 0.017629 0.996099 -0.086470
vn 0.102911 0.982120 -0.157636
vn 0.060303 0.983679 -0.169527
vn -0.129488 0.972966 -0.191234
vn -0.098633 0.960108 -0.261656
vn 0.380413 0.919430 0.099667
vn 0.458187 0.888015 0.038661
vn 0.413606 0.897296 0.154239
vn 0.220746 0.972493 -0.074350
vn 0.109006 0.985894 -0.127005
vn 0.035646 0.972105 -0.231820
vn -0.092949 0.995643 -0.007430
vn 0.109006 0.985894 -0.127005
vn 0.059272 0.992117 -0.110412
vn -0.092949 0.995643 -0.007430
vn 0.059272 0.992117 -0.110412
vn -0.204090 0.970413 -0.129016
vn -0.096204 0.995358 0.002809
vn -0.092949 0.995643 -0.007430
vn -0.099120 0.994064 0.044863
vn 0.078027 0.967114 -0.242080
vn -0.099120 0.994064 0.044863
vn 0.205458 0.873629 -0.441089
vn -0.073458 0.993811 -0.083335
vn -0.096204 0.995358 0.002809
vn -0.007801 0.988535 -0.150790
vn -0.219567 0.969380 -0.109964
vn -0.204090 0.970413 -0.129016
vn -0.214141 0.974365 -0.068963
vn 0.059272 0.992117 -0.110412
vn -0.129488 0.972966 -0.191234
vn -0.204090 0.970413 -0.129016
vn -0.061632 -0.790428 0.609446
vn -0.145852 -0.952993 0.265577
vn 0.271817 -0.736288 0.619673
vn -0.080351 -0.960136 0.267736
vn 0.271817 -0.736288 0.619673
vn -0.145852 -0.952993 0.265577
vn -0.080351 -0.960136 0.267736
vn -0.145852 -0.952993 0.265577
vn 0.007664 -0.933014 -0.359759
vn 0.007664 -0.933014 -0.359759
vn -0.145852 -0.952993 0.265577
vn 0.459698 -0.888036 0.008397
vn 0.080653 0.793330 -0.603425
vn 0.141026 0.791900 -0.594143
vn 0.108789 0.796069 -0.595348
vn -0.029242 0.867017 -0.497420
vn 0.141026 0.791900 -0.594143
vn 0.119082 0.877049 -0.465408
vn 0.023167 0.857061 -0.514694
vn -0.029242 0.867017 -0.497420
vn 0.119082 0.877049 -0.465408
vn 0.023167 0.857061 -0.514694
vn 0.010808 0.875247 -0.483556
vn -0.029242 0.867017 -0.497420
vn 0.023167 0.857061 -0.514694
vn -0.067478 0.995759 -0.062535
vn 0.113919 0.993335 -0.017568
vn 0.247324 0.949354 0.193799
vn -0.093966 0.958034 -0.270817
vn 0.102206 0.993498 -0.050163
vn -0.093966 0.958034 -0.270817
vn -0.171557 0.973638 -0.150325
vn -0.175274 0.972367 -0.154213
vn -0.305664 0.945853 -0.109232
vn -0.029242 0.867017 -0.497420
vn -0.175274 0.972367 -0.154213
vn 0.010808 0.875247 -0.483556
vn 0.113919 0.993335 -0.017568
vn 0.102206 0.993498 -0.050163
vn -0.093966 0.958034 -0.270817
vn -0.175274 0.972367 -0.154213
vn 0.010808 0.875247 -0.483556
vn 0.113919 0.993335 -0.017568
vn 0.212502 0.905879 0.366368
vn 0.102206 0.993498 -0.050163
vn 0.212502 0.905879 0.366368
vn 0.247324 0.949354 0.193799
vn 0.102206 0.993498 -0.050163
vn -0.067478 0.995759 -0.062535
vn 0.023167 0.857061 -0.514694
vn 0.119082 0.877049 -0.465408
vn 0.010808 0.875247 -0.483556
vn 0.023167 0.857061 -0.514694
vn 0.113919 0.993335 -0.017568
vn -0.151889 0.865830 0.476727
vn 0.119082 0.877049 -0.465408
vn 0.053711 0.998465 -0.013529
vn -0.067478 0.995759 -0.062535
vn -0.314176 0.608333 0.728851
vn 0.026286 0.899868 0.435369
vn -0.377175 -0.446782 0.811249
vn -0.151889 0.865830 0.476727
vn 0.053711 0.998465 -0.013529
vn -0.646947 -0.631746 0.427032
vn -0.151889 0.865830 0.476727
vn -0.268669 -0.961970 0.049297
vn 0.220746 0.972493 -0.074350
vn 0.102911 0.982120 -0.157636
vn 0.059272 0.992117 -0.110412
vn 0.060566 0.995131 -0.077756
vn -0.222495 0.974699 0.021391
vn 0.017629 0.996099 -0.086470
vn 0.459698 -0.888036 0.008397
vn -0.145852 -0.952993 0.265577
vn 0.190306 -0.980050 0.057313
vn -0.284429 -0.882665 -0.374170
vn 0.007664 -0.933014 -0.359759
vn 0.179953 -0.971998 -0.151118
vn 0.190306 -0.980050 0.057313
vn 0.058457 -0.996783 0.054823
vn 0.362172 -0.932100 -0.004591
vn 0.179953 -0.971998 -0.151118
vn 0.007664 -0.933014 -0.359759
vn 0.459698 -0.888036 0.008397
vn -0.284429 -0.882665 -0.374170
vn 0.179953 -0.971998 -0.151118
vn 0.115228 -0.665382 -0.737556
vn -0.284429 -0.882665 -0.374170
vn -0.080162 -0.996321 -0.030300
vn -0.391637 -0.900290 0.189993
vn -0.007801 0.988535 -0.150790
vn 0.496915 0.334536 -0.800725
vn 0.561112 0.002178 -0.827737
vn 0.179953 -0.971998 -0.151118
vn 0.362172 -0.932100 -0.004591
vn 0.521662 -0.826821 -0.210323
vn 0.179953 -0.971998 -0.151118
vn 0.469292 -0.752066 -0.462776
vn 0.115228 -0.665382 -0.737556
vn 0.699870 0.403309 -0.589511
vn 0.115228 -0.665382 -0.737556
vn 0.469292 -0.752066 -0.462776
vn 0.263565 -0.448113 -0.854241
vn 0.049701 -0.788177 -0.613438
vn 0.322750 0.075557 -0.943464
vn -0.080162 -0.996321 -0.030300
vn -0.284429 -0.882665 -0.374170
vn 0.049701 -0.788177 -0.613438
vn 0.212502 0.905879 0.366368
vn 0.026286 0.899868 0.435369
vn -0.170995 0.437637 0.882743
vn -0.067478 0.995759 -0.062535
vn 0.026286 0.899868 0.435369
vn 0.113919 0.993335 -0.017568
vn 0.109006 0.985894 -0.127005
vn 0.220746 0.972493 -0.074350
vn 0.059272 0.992117 -0.110412
vn 0.035646 0.972105 -0.231820
vn -0.204743 0.977714 0.046421
vn -0.011984 0.999210 -0.037891
vn 0.102911 0.982120 -0.157636
vn 0.220746 0.972493 -0.074350
vn 0.060566 0.995131 -0.077756
vn 0.220746 0.972493 -0.074350
vn 0.035646 0.972105 -0.231820
vn -0.011984 0.999210 -0.037891
vn -0.355791 0.933145 0.051503
vn -0.011984 0.999210 -0.037891
vn -0.204743 0.977714 0.046421
vn 0.220746 0.972493 -0.074350
vn -0.011984 0.999210 -0.037891
vn 0.060566 0.995131 -0.077756
vn -0.151889 0.865830 0.476727
vn -0.646947 -0.631746 0.427032
vn -0.314176 0.608333 0.728851
vn -0.173323 -0.891476 -0.418605
vn -0.268669 -0.961970 0.049297
vn -0.052814 -0.998552 0.010266
vn -0.179690 -0.882692 -0.434242
vn -0.173323 -0.891476 -0.418605
vn -0.105450 -0.993948 -0.030782
vn -0.173323 -0.891476 -0.418605
vn -0.646947 -0.631746 0.427032
vn -0.268669 -0.961970 0.049297
vn 0.469292 -0.752066 -0.462776
vn 0.521662 -0.826821 -0.210323
vn 0.205458 0.873629 -0.441089
vn -0.096204 0.995358 0.002809
vn 0.261884 0.845893 -0.464631
vn -0.007801 0.988535 -0.150790
vn 0.610358 0.045367 -0.790825
vn 0.205458 0.873629 -0.441089
vn 0.521662 -0.826821 -0.210323
vn 0.124026 -0.989759 -0.070668
vn 0.119892 -0.968930 -0.216336
vn 0.337372 -0.781726 -0.524485
vn 0.179953 -0.971998 -0.151118
vn 0.521662 -0.826821 -0.210323
vn 0.469292 -0.752066 -0.462776
vn 0.362172 -0.932100 -0.004591
vn 0.502691 -0.650880 -0.568909
vn 0.610358 0.045367 -0.790825
vn 0.610358 0.045367 -0.790825
vn 0.078027 0.967114 -0.242080
vn 0.205458 0.873629 -0.441089
vn -0.096204 0.995358 0.002809
vn 0.078027 0.967114 -0.242080
vn 0.261884 0.845893 -0.464631
vn 0.502691 -0.650880 -0.568909
vn 0.496915 0.334536 -0.800725
vn 0.261884 0.845893 -0.464631
vn 0.337372 -0.781726 -0.524485
vn 0.119892 -0.968930 -0.216336
vn 0.561112 0.002178 -0.827737
vn 0.610358 0.045367 -0.790825
vn 0.502691 -0.650880 -0.568909
vn 0.261884 0.845893 -0.464631
vn 0.362172 -0.932100 -0.004591
vn 0.124026 -0.989759 -0.070668
vn 0.502691 -0.650880 -0.568909
vn 0.496915 0.334536 -0.800725
vn 0.502691 -0.650880 -0.568909
vn 0.337372 -0.781726 -0.524485
vn 0.124026 -0.989759 -0.070668
vn 0.337372 -0.781726 -0.524485
vn 0.502691 -0.650880 -0.568909
vn 0.610358 0.045367 -0.790825
vn 0.261884 0.845893 -0.464631
vn 0.078027 0.967114 -0.242080
vn 0.362172 -0.932100 -0.004591
vn 0.610358 0.045367 -0.790825
vn 0.521662 -0.826821 -0.210323
vn -0.151889 0.865830 0.476727
vn -0.377175 -0.446782 0.811249
vn -0.268669 -0.961970 0.049297
vn -0.298179 0.954285 0.020731
vn -0.377175 -0.446782 0.811249
vn 0.053711 0.998465 -0.013529
vn -0.008867 0.989416 -0.144838
vn 0.413606 0.897296 0.154239
vn 0.060303 0.983679 -0.169527
vn 0.102911 0.982120 -0.157636
vn -0.098633 0.960108 -0.261656
vn -0.129488 0.972966 -0.191234
vn 0.100108 0.992677 0.067603
vn 0.060303 0.983679 -0.169527
vn 0.458187 0.888015 0.038661
vn -0.008867 0.989416 -0.144838
vn 0.060303 0.983679 -0.169527
vn -0.098633 0.960108 -0.261656
vn -0.098633 0.960108 -0.261656
vn -0.171557 0.973638 -0.150325
vn -0.008867 0.989416 -0.144838
vn -0.175274 0.972367 -0.154213
vn -0.171557 0.973638 -0.150325
vn 0.017629 0.996099 -0.086470
vn 0.000832 -0.999999 -0.000821
vn 0.000500 -1.000000 -0.000197
vn -0.000171 -1.000000 0.000718
vn 0.421855 -0.906087 0.032308
vn 0.149980 -0.988120 0.033547
vn 0.134840 -0.990532 -0.025777
vn -0.001866 -0.999998 0.000486
vn 0.149980 -0.988120 0.033547
vn 0.000050 -1.000000 -0.000965
vn -0.000601 -1.000000 0.000291
vn 0.000832 -0.999999 -0.000821
vn -0.000171 -1.000000 0.000718
vn 0.090208 -0.993626 -0.067594
vn 0.000050 -1.000000 -0.000965
vn 0.149980 -0.988120 0.033547
vn -0.000115 -1.000000 0.000802
vn -0.004829 -0.999963 -0.007067
vn -0.002605 -0.996411 -0.084609
vn 0.271022 0.786846 0.554456
vn 0.273965 0.737188 0.617654
vn 0.194377 0.766708 0.611863
vn 0.421855 -0.906087 0.032308
vn 0.541354 -0.839901 -0.038759
vn 0.125301 -0.942239 -0.310620
vn -0.000382 -1.000000 -0.000094
vn -0.000461 -1.000000 -0.000035
vn -0.000261 -1.000000 0.000114
vn 0.090208 -0.993626 -0.067594
vn -0.002196 -0.999829 0.018349
vn 0.000500 -1.000000 -0.000197
vn 0.000538 -1.000000 -0.000202
vn -0.000261 -1.000000 0.000114
vn 0.000000 -1.000000 0.000000
vn -0.000330 -1.000000 0.000552
vn 0.000430 -1.000000 -0.000077
vn 0.000919 -0.999998 0.001842
vn 0.550631 -0.480869 0.682328
vn 0.196579 0.821371 0.535450
vn 0.563917 -0.061339 0.823551
vn 0.149980 -0.988120 0.033547
vn 0.153589 -0.959061 -0.237935
vn 0.090208 -0.993626 -0.067594
vn -0.296773 -0.863014 -0.408819
vn -0.002605 -0.996411 -0.084609
vn -0.232477 -0.947414 -0.219910
vn -0.234324 0.972106 -0.010120
vn -0.658118 0.728387 -0.190610
vn 0.110671 0.852592 -0.510724
vn -0.280869 0.768862 0.574425
vn -0.798452 0.591995 0.109619
vn -0.818507 0.445297 0.362982
vn -0.040117 -0.998587 -0.034842
vn -0.000261 -1.000000 0.000114
vn -0.002605 -0.996411 -0.084609
vn 0.122055 -0.984141 0.128724
vn 0.563917 -0.061339 0.823551
vn 0.253502 -0.919988 0.298930
vn -0.000461 -1.000000 -0.000035
vn -0.000720 -0.999999 0.000952
vn -0.000261 -1.000000 0.000114
vn 0.036643 -0.997108 -0.066578
vn 0.513974 -0.852275 -0.097249
vn 0.070982 -0.997464 0.005187
vn 0.474219 0.820091 -0.320261
vn 0.393171 0.754409 -0.525627
vn 0.621600 0.677526 -0.393156
vn -0.159283 -0.594413 0.788227
vn -0.043220 -0.998237 0.040680
vn -0.274059 -0.798384 0.536167
vn -0.000261 -1.000000 0.000114
vn 0.000538 -1.000000 -0.000202
vn -0.000382 -1.000000 -0.000094
vn 0.364738 -0.905284 -0.217780
vn -0.043220 -0.998237 0.040680
vn 0.353762 -0.913535 -0.200766
vn 0.419757 0.907628 -0.003886
vn 0.387212 0.920090 -0.059179
vn 0.299000 0.952325 0.060628
vn 0.394619 0.807500 0.438429
vn 0.273965 0.737188 0.617654
vn 0.271022 0.786846 0.554456
vn -0.549961 -0.696526 0.460863
vn -0.468057 -0.838464 0.279107
vn -0.538333 -0.238421 0.808303
vn -0.163199 -0.939241 0.301980
vn -0.468057 -0.838464 0.279107
vn -0.127245 -0.922044 0.365573
vn -0.127245 -0.922044 0.365573
vn 0.524591 -0.832867 0.176455
vn -0.163199 -0.939241 0.301980
vn -0.274059 -0.798384 0.536167
vn 0.100311 -0.966497 0.236265
vn -0.538333 -0.238421 0.808303
vn 0.000050 -1.000000 -0.000965
vn 0.000500 -1.000000 -0.000197
vn 0.000832 -0.999999 -0.000821
vn 0.314795 -0.948583 -0.033091
vn 0.429098 -0.876064 -0.219969
vn 0.076279 -0.985820 -0.149470
vn 0.076279 -0.985820 -0.149470
vn 0.429098 -0.876064 -0.219969
vn -0.043625 -0.989164 -0.140184
vn -0.158232 -0.987088 -0.024908
vn -0.004829 -0.999963 -0.007067
vn -0.000115 -1.000000 0.000802
vn 0.455551 0.833974 -0.311384
vn 0.151059 0.978230 -0.142290
vn 0.048661 0.954222 0.295113
vn 0.110671 0.852592 -0.510724
vn -0.726555 -0.555180 -0.404837
vn 0.393171 0.754409 -0.525627
vn 0.416916 -0.897742 0.142269
vn 0.314795 -0.948583 -0.033091
vn 0.387578 -0.919910 0.059575
vn 0.455551 0.833974 -0.311384
vn 0.249065 0.967671 -0.039734
vn 0.707310 0.607228 -0.361920
vn 0.314795 -0.948583 -0.033091
vn 0.076279 -0.985820 -0.149470
vn 0.387578 -0.919910 0.059575
vn -0.378142 -0.897727 -0.226041
vn -0.744841 -0.354491 -0.565286
vn 0.249362 -0.968395 0.005381
vn -0.520234 0.693225 -0.498794
vn -0.572676 0.818631 -0.043422
vn -0.690977 0.722857 -0.005404
vn -0.043625 -0.989164 -0.140184
vn -0.163199 -0.939241 0.301980
vn -0.287385 -0.950926 -0.114675
vn 0.000000 -1.000000 0.000000
vn 0.000538 -1.000000 -0.000202
vn 0.000000 -1.000000 0.000000
vn -0.741887 0.449058 -0.497946
vn -0.053443 0.473568 -0.879134
vn -0.596653 0.577747 -0.556968
vn 0.000050 -1.000000 -0.000965
vn 0.000832 -0.999999 -0.000821
vn 0.000430 -1.000000 -0.000077
vn 0.000000 -1.000000 0.000000
vn -0.000261 -1.000000 0.000114
vn -0.040117 -0.998587 -0.034842
vn -0.000171 -1.000000 0.000718
vn 0.000500 -1.000000 -0.000197
vn -0.002196 -0.999829 0.018349
vn 0.280328 0.943049 -0.179096
vn 0.074777 0.994299 -0.076015
vn 0.151059 0.978230 -0.142290
vn 0.151059 0.978230 -0.142290
vn 0.450730 0.794929 -0.406116
vn 0.280328 0.943049 -0.179096
vn -0.234324 0.972106 -0.010120
vn 0.249065 0.967671 -0.039734
vn -0.673223 0.658353 0.336662
vn 0.048661 0.954222 0.295113
vn -0.075133 0.726903 0.682618
vn 0.249065 0.967671 -0.039734
vn -0.267475 0.961334 -0.065523
vn -0.182004 0.978793 -0.094011
vn 0.042104 0.997880 -0.049627
vn -0.673223 0.658353 0.336662
vn -0.818507 0.445297 0.362982
vn -0.234324 0.972106 -0.010120
vn 0.474219 0.820091 -0.320261
vn 0.249065 0.967671 -0.039734
vn -0.234324 0.972106 -0.010120
vn 0.264155 0.714619 0.647721
vn 0.253502 -0.919988 0.298930
vn 0.563917 -0.061339 0.823551
vn 0.455551 0.833974 -0.311384
vn 0.707310 0.607228 -0.361920
vn 0.450730 0.794929 -0.406116
vn 0.074777 0.994299 -0.076015
vn -0.182004 0.978793 -0.094011
vn -0.066448 0.997759 0.007903
vn 0.244222 -0.969719 -0.001176
vn 0.550631 -0.480869 0.682328
vn 0.122055 -0.984141 0.128724
vn -0.000720 -0.999999 0.000952
vn -0.000115 -1.000000 0.000802
vn -0.000261 -1.000000 0.000114
vn -0.000601 -1.000000 0.000291
vn -0.000382 -1.000000 -0.000094
vn 0.000832 -0.999999 -0.000821
vn -0.002196 -0.999829 0.018349
vn 0.090208 -0.993626 -0.067594
vn 0.122055 -0.984141 0.128724
vn -0.410178 0.887179 -0.211345
vn -0.390507 0.906315 -0.161549
vn -0.431791 0.887830 -0.159106
vn 0.000050 -1.000000 -0.000965
vn 0.090208 -0.993626 -0.067594
vn 0.000500 -1.000000 -0.000197
vn 0.000050 -1.000000 -0.000965
vn 0.000430 -1.000000 -0.000077
vn -0.001866 -0.999998 0.000486
vn 0.244222 -0.969719 -0.001176
vn 0.153589 -0.959061 -0.237935
vn 0.321370 -0.941830 -0.098378
vn 0.000430 -1.000000 -0.000077
vn 0.000832 -0.999999 -0.000821
vn 0.000538 -1.000000 -0.000202
vn -0.410178 0.887179 -0.211345
vn -0.272948 0.958779 0.079003
vn -0.238424 0.966387 -0.096182
vn -0.232477 -0.947414 -0.219910
vn -0.158232 -0.987088 -0.024908
vn -0.726555 -0.555180 -0.404837
vn 0.314887 -0.923773 -0.217922
vn 0.363816 -0.931190 -0.022856
vn 0.333968 -0.922693 -0.192620
vn 0.399105 0.879392 -0.259587
vn 0.448074 0.893986 0.004216
vn 0.863012 0.406496 -0.299951
vn 0.033236 0.863532 -0.503198
vn -0.961268 -0.267956 -0.064519
vn -0.944760 0.217447 -0.245245
vn -0.296773 -0.863014 -0.408819
vn -0.093354 -0.990816 -0.097817
vn -0.040117 -0.998587 -0.034842
vn -0.531057 0.081313 -0.843425
vn -0.292523 -0.671049 -0.681266
vn -0.296773 -0.863014 -0.408819
vn 0.343478 0.902967 -0.258211
vn -0.905818 0.303498 -0.295606
vn 0.419757 0.907628 -0.003886
vn 0.343478 0.902967 -0.258211
vn 0.299000 0.952325 0.060628
vn 0.001730 0.999011 -0.044433
vn -0.390507 0.906315 -0.161549
vn -0.066448 0.997759 0.007903
vn -0.182004 0.978793 -0.094011
vn 0.563917 -0.061339 0.823551
vn 0.196579 0.821371 0.535450
vn -0.252142 0.963896 0.085611
vn 0.090208 -0.993626 -0.067594
vn 0.153589 -0.959061 -0.237935
vn 0.244222 -0.969719 -0.001176
vn 0.918754 -0.000792 -0.394830
vn 0.941513 0.030031 -0.335635
vn 0.863012 0.406496 -0.299951
vn -0.267475 0.961334 -0.065523
vn 0.264155 0.714619 0.647721
vn -0.252142 0.963896 0.085611
vn 0.271022 0.786846 0.554456
vn 0.057300 0.946968 0.316179
vn 0.063252 0.895926 0.439677
vn -0.043220 -0.998237 0.040680
vn -0.159283 -0.594413 0.788227
vn -0.279965 -0.943417 0.177721
vn -0.279965 -0.943417 0.177721
vn -0.070736 -0.997448 0.009688
vn -0.043220 -0.998237 0.040680
vn -0.596653 0.577747 -0.556968
vn -0.201817 0.936811 -0.285754
vn -0.769440 0.594732 -0.232929
vn -0.174969 0.873476 0.454340
vn -0.319975 0.888579 0.328700
vn -0.132789 0.671670 0.728853
vn 0.000919 -0.999998 0.001842
vn 0.000430 -1.000000 -0.000077
vn 0.000538 -1.000000 -0.000202
vn -0.093105 -0.995641 0.005494
vn 0.573077 -0.645313 0.505128
vn -0.070736 -0.997448 0.009688
vn 0.055313 0.988544 0.140429
vn -0.336099 0.929318 0.152989
vn 0.311050 0.944591 0.104856
vn 0.297673 0.844303 0.445582
vn 0.573077 -0.645313 0.505128
vn 0.858987 0.314017 0.404394
vn 0.421855 -0.906087 0.032308
vn 0.125301 -0.942239 -0.310620
vn 0.153589 -0.959061 -0.237935
vn 0.918754 -0.000792 -0.394830
vn 0.931784 0.226461 -0.283714
vn 0.912301 0.210854 -0.351066
vn 0.314887 -0.923773 -0.217922
vn 0.353762 -0.913535 -0.200766
vn -0.043220 -0.998237 0.040680
vn 0.353762 -0.913535 -0.200766
vn 0.333968 -0.922693 -0.192620
vn 0.125301 -0.942239 -0.310620
vn -0.075133 0.726903 0.682618
vn 0.308955 0.700540 0.643265
vn -0.280869 0.768862 0.574425
vn 0.707310 0.607228 -0.361920
vn 0.249065 0.967671 -0.039734
vn 0.621600 0.677526 -0.393156
vn -0.075133 0.726903 0.682618
vn 0.145011 0.903643 0.402990
vn 0.308955 0.700540 0.643265
vn -0.711683 0.653676 0.257322
vn -0.658118 0.728387 -0.190610
vn -0.234324 0.972106 -0.010120
vn -0.000461 -1.000000 -0.000035
vn -0.000382 -1.000000 -0.000094
vn -0.000601 -1.000000 0.000291
vn 0.000538 -1.000000 -0.000202
vn 0.000832 -0.999999 -0.000821
vn -0.000382 -1.000000 -0.000094
vn -0.158232 -0.987088 -0.024908
vn -0.000115 -1.000000 0.000802
vn -0.000720 -0.999999 0.000952
vn -0.002605 -0.996411 -0.084609
vn -0.000261 -1.000000 0.000114
vn -0.000115 -1.000000 0.000802
vn 0.110671 0.852592 -0.510724
vn -0.232477 -0.947414 -0.219910
vn -0.726555 -0.555180 -0.404837
vn -0.296773 -0.863014 -0.408819
vn -0.232477 -0.947414 -0.219910
vn -0.658118 0.728387 -0.190610
vn 0.110671 0.852592 -0.510724
vn 0.393171 0.754409 -0.525627
vn 0.474219 0.820091 -0.320261
vn -0.232477 -0.947414 -0.219910
vn 0.110671 0.852592 -0.510724
vn -0.658118 0.728387 -0.190610
vn 0.151059 0.978230 -0.142290
vn 0.455551 0.833974 -0.311384
vn 0.450730 0.794929 -0.406116
vn 0.249065 0.967671 -0.039734
vn 0.455551 0.833974 -0.311384
vn 0.048661 0.954222 0.295113
vn -0.066448 0.997759 0.007903
vn 0.025755 0.998620 0.045767
vn 0.074777 0.994299 -0.076015
vn 0.151059 0.978230 -0.142290
vn 0.025755 0.998620 0.045767
vn 0.145011 0.903643 0.402990
vn 0.249065 0.967671 -0.039734
vn 0.474219 0.820091 -0.320261
vn 0.621600 0.677526 -0.393156
vn 0.110671 0.852592 -0.510724
vn 0.474219 0.820091 -0.320261
vn -0.234324 0.972106 -0.010120
vn -0.000330 -1.000000 0.000552
vn -0.001866 -0.999998 0.000486
vn 0.000430 -1.000000 -0.000077
vn 0.149980 -0.988120 0.033547
vn -0.001866 -0.999998 0.000486
vn 0.134840 -0.990532 -0.025777
vn 0.364738 -0.905284 -0.217780
vn 0.100311 -0.966497 0.236265
vn -0.274059 -0.798384 0.536167
vn -0.538333 -0.238421 0.808303
vn -0.159283 -0.594413 0.788227
vn -0.274059 -0.798384 0.536167
vn 0.134840 -0.990532 -0.025777
vn 0.541354 -0.839901 -0.038759
vn 0.421855 -0.906087 0.032308
vn 0.513974 -0.852275 -0.097249
vn 0.524591 -0.832867 0.176455
vn 0.822497 -0.567638 -0.035865
vn 0.364738 -0.905284 -0.217780
vn -0.274059 -0.798384 0.536167
vn -0.043220 -0.998237 0.040680
vn 0.314132 -0.923856 0.218658
vn 0.822497 -0.567638 -0.035865
vn -0.127245 -0.922044 0.365573
vn -0.159283 -0.594413 0.788227
vn 0.126865 -0.960675 0.246999
vn -0.279965 -0.943417 0.177721
vn 0.573077 -0.645313 0.505128
vn 0.126865 -0.960675 0.246999
vn 0.858987 0.314017 0.404394
vn 0.311050 0.944591 0.104856
vn 0.858987 0.314017 0.404394
vn 0.628738 0.758560 -0.171102
vn -0.272948 0.958779 0.079003
vn -0.410178 0.887179 -0.211345
vn -0.340162 0.940047 -0.024537
vn -0.093105 -0.995641 0.005494
vn 0.126865 -0.960675 0.246999
vn 0.573077 -0.645313 0.505128
vn -0.070736 -0.997448 0.009688
vn 0.665809 0.059505 0.743746
vn 0.363816 -0.931190 -0.022856
vn 0.000000 -1.000000 0.000000
vn -0.002303 -0.999973 -0.006994
vn 0.000000 -1.000000 0.000000
vn -0.384856 0.457627 -0.801538
vn -0.876334 -0.110742 -0.468801
vn -0.307136 0.868064 -0.390042
vn 0.871450 0.372455 -0.319144
vn -0.047307 0.970960 -0.234519
vn 0.399105 0.879392 -0.259587
vn 0.207104 0.908544 0.362844
vn 0.388447 0.869074 0.306300
vn 0.324745 0.849805 0.415177
vn -0.080652 0.991771 -0.099429
vn 0.025903 0.989806 -0.140048
vn -0.755388 0.335754 -0.562723
vn -0.080652 0.991771 -0.099429
vn 0.202516 0.966114 0.160033
vn 0.299000 0.952325 0.060628
vn -0.182004 0.978793 -0.094011
vn -0.267475 0.961334 -0.065523
vn -0.252142 0.963896 0.085611
vn 0.196579 0.821371 0.535450
vn -0.193161 0.980742 -0.028875
vn -0.431791 0.887830 -0.159106
vn 0.563917 -0.061339 0.823551
vn -0.252142 0.963896 0.085611
vn 0.264155 0.714619 0.647721
vn -0.252142 0.963896 0.085611
vn -0.431791 0.887830 -0.159106
vn -0.390507 0.906315 -0.161549
vn 0.321370 -0.941830 -0.098378
vn 0.648733 -0.156225 0.744808
vn 0.688708 -0.373367 0.621513
vn 0.550631 -0.480869 0.682328
vn 0.384294 0.619846 0.684185
vn 0.196579 0.821371 0.535450
vn -0.066448 0.997759 0.007903
vn -0.238424 0.966387 -0.096182
vn -0.095023 0.994109 0.052133
vn 0.025755 0.998620 0.045767
vn -0.066448 0.997759 0.007903
vn 0.019014 0.971985 0.234274
vn 0.280328 0.943049 -0.179096
vn 0.042104 0.997880 -0.049627
vn 0.074777 0.994299 -0.076015
vn -0.182004 0.978793 -0.094011
vn 0.074777 0.994299 -0.076015
vn 0.042104 0.997880 -0.049627
vn 0.000000 -1.000000 0.000000
vn -0.040117 -0.998587 -0.034842
vn -0.002303 -0.999973 -0.006994
vn 0.000000 -1.000000 0.000000
vn 0.000111 -1.000000 -0.000056
vn -0.000330 -1.000000 0.000552
vn -0.392297 0.299301 -0.869783
vn -0.592695 0.775322 -0.218148
vn -0.520234 0.693225 -0.498794
vn 0.036643 -0.997108 -0.066578
vn -0.159164 -0.812410 -0.560942
vn -0.371936 -0.523657 -0.766451
vn 0.057300 0.946968 0.316179
vn 0.271022 0.786846 0.554456
vn 0.194377 0.766708 0.611863
vn -0.280869 0.768862 0.574425
vn 0.308955 0.700540 0.643265
vn 0.273965 0.737188 0.617654
vn 0.015849 0.991713 0.127496
vn -0.158893 0.952153 0.261070
vn 0.388447 0.869074 0.306300
vn -0.592695 0.775322 -0.218148
vn -0.828055 0.493478 -0.266090
vn -0.711683 0.653676 0.257322
vn -0.002196 -0.999829 0.018349
vn 0.122055 -0.984141 0.128724
vn 0.253502 -0.919988 0.298930
vn 0.244222 -0.969719 -0.001176
vn 0.122055 -0.984141 0.128724
vn 0.090208 -0.993626 -0.067594
vn 0.149980 -0.988120 0.033547
vn 0.421855 -0.906087 0.032308
vn 0.153589 -0.959061 -0.237935
vn 0.134840 -0.990532 -0.025777
vn 0.133051 -0.990337 0.039111
vn 0.541354 -0.839901 -0.038759
vn -0.000330 -1.000000 0.000552
vn 0.031957 -0.999487 0.002130
vn 0.133051 -0.990337 0.039111
vn 0.364738 -0.905284 -0.217780
vn 0.553122 -0.820784 -0.142720
vn 0.782289 -0.613290 -0.109079
vn -0.158232 -0.987088 -0.024908
vn -0.232477 -0.947414 -0.219910
vn -0.004829 -0.999963 -0.007067
vn -0.002605 -0.996411 -0.084609
vn -0.004829 -0.999963 -0.007067
vn -0.232477 -0.947414 -0.219910
vn 0.524591 -0.832867 0.176455
vn -0.127245 -0.922044 0.365573
vn 0.822497 -0.567638 -0.035865
vn 0.524591 -0.832867 0.176455
vn -0.287385 -0.950926 -0.114675
vn -0.163199 -0.939241 0.301980
vn 0.553122 -0.820784 -0.142720
vn 0.364738 -0.905284 -0.217780
vn 0.353762 -0.913535 -0.200766
vn 0.714662 -0.659480 -0.233117
vn 0.100311 -0.966497 0.236265
vn 0.364738 -0.905284 -0.217780
vn 0.125301 -0.942239 -0.310620
vn 0.553122 -0.820784 -0.142720
vn 0.353762 -0.913535 -0.200766
vn 0.782289 -0.613290 -0.109079
vn 0.553122 -0.820784 -0.142720
vn 0.434630 -0.900581 0.007044
vn 0.434630 -0.900581 0.007044
vn 0.553122 -0.820784 -0.142720
vn 0.541354 -0.839901 -0.038759
vn 0.125301 -0.942239 -0.310620
vn 0.541354 -0.839901 -0.038759
vn 0.553122 -0.820784 -0.142720
vn 0.743652 -0.657604 -0.120575
vn 0.434630 -0.900581 0.007044
vn 0.070982 -0.997464 0.005187
vn 0.364738 -0.905284 -0.217780
vn 0.782289 -0.613290 -0.109079
vn 0.714662 -0.659480 -0.233117
vn -0.538333 -0.238421 0.808303
vn 0.100311 -0.966497 0.236265
vn -0.549961 -0.696526 0.460863
vn 0.100311 -0.966497 0.236265
vn 0.714662 -0.659480 -0.233117
vn 0.314132 -0.923856 0.218658
vn -0.468057 -0.838464 0.279107
vn -0.549961 -0.696526 0.460863
vn -0.127245 -0.922044 0.365573
vn -0.549961 -0.696526 0.460863
vn 0.100311 -0.966497 0.236265
vn 0.314132 -0.923856 0.218658
vn -0.287385 -0.950926 -0.114675
vn 0.169384 -0.759787 -0.627720
vn -0.305974 -0.879406 -0.364726
vn -0.468057 -0.838464 0.279107
vn -0.163199 -0.939241 0.301980
vn 0.187208 -0.979884 0.069144
vn 0.743652 -0.657604 -0.120575
vn 0.782289 -0.613290 -0.109079
vn 0.434630 -0.900581 0.007044
vn 0.070982 -0.997464 0.005187
vn 0.000111 -1.000000 -0.000056
vn 0.000164 -1.000000 0.000087
vn -0.404794 0.877575 -0.256912
vn -0.273168 0.939183 -0.208122
vn -0.835187 0.040215 -0.548493
vn 0.187208 -0.979884 0.069144
vn -0.163199 -0.939241 0.301980
vn -0.043625 -0.989164 -0.140184
vn -0.002303 -0.999973 -0.006994
vn 0.000111 -1.000000 -0.000056
vn 0.000000 -1.000000 0.000000
vn 0.169384 -0.759787 -0.627720
vn -0.360178 -0.568481 -0.739663
vn -0.305974 -0.879406 -0.364726
vn -0.287385 -0.950926 -0.114675
vn 0.524591 -0.832867 0.176455
vn 0.169384 -0.759787 -0.627720
vn -0.043625 -0.989164 -0.140184
vn -0.287385 -0.950926 -0.114675
vn -0.422057 -0.890412 -0.170394
vn 0.513974 -0.852275 -0.097249
vn 0.169384 -0.759787 -0.627720
vn 0.524591 -0.832867 0.176455
vn -0.371936 -0.523657 -0.766451
vn 0.169384 -0.759787 -0.627720
vn 0.036643 -0.997108 -0.066578
vn -0.422057 -0.890412 -0.170394
vn 0.063562 -0.956945 0.283226
vn 0.076279 -0.985820 -0.149470
vn 0.187208 -0.979884 0.069144
vn -0.043625 -0.989164 -0.140184
vn 0.429098 -0.876064 -0.219969
vn 0.822497 -0.567638 -0.035865
vn 0.714662 -0.659480 -0.233117
vn 0.743652 -0.657604 -0.120575
vn 0.169384 -0.759787 -0.627720
vn 0.513974 -0.852275 -0.097249
vn 0.036643 -0.997108 -0.066578
vn -0.305974 -0.879406 -0.364726
vn -0.021054 -0.941235 0.337095
vn -0.182743 -0.922813 0.339149
vn -0.755388 0.335754 -0.562723
vn -0.714049 0.472808 -0.516321
vn -0.080652 0.991771 -0.099429
vn 0.513974 -0.852275 -0.097249
vn 0.822497 -0.567638 -0.035865
vn 0.743652 -0.657604 -0.120575
vn 0.434630 -0.900581 0.007044
vn 0.133051 -0.990337 0.039111
vn 0.031957 -0.999487 0.002130
vn -0.422057 -0.890412 -0.170394
vn 0.076279 -0.985820 -0.149470
vn -0.043625 -0.989164 -0.140184
vn 0.076279 -0.985820 -0.149470
vn 0.063562 -0.956945 0.283226
vn 0.387578 -0.919910 0.059575
vn 0.782289 -0.613290 -0.109079
vn 0.743652 -0.657604 -0.120575
vn 0.714662 -0.659480 -0.233117
vn 0.513974 -0.852275 -0.097249
vn 0.743652 -0.657604 -0.120575
vn 0.070982 -0.997464 0.005187
vn 0.628738 0.758560 -0.171102
vn 0.716294 0.696849 -0.036409
vn 0.055313 0.988544 0.140429
vn -0.229913 0.957289 0.175321
vn -0.241589 0.932601 0.268122
vn -0.337680 0.911527 0.234716
vn 0.688708 -0.373367 0.621513
vn 0.384294 0.619846 0.684185
vn 0.550631 -0.480869 0.682328
vn 0.721189 0.080270 0.688073
vn 0.453072 -0.888358 -0.074465
vn 0.581530 -0.813502 0.006126
vn 0.858987 0.314017 0.404394
vn 0.311050 0.944591 0.104856
vn 0.297673 0.844303 0.445582
vn 0.665809 0.059505 0.743746
vn -0.070736 -0.997448 0.009688
vn 0.573077 -0.645313 0.505128
vn -0.043220 -0.998237 0.040680
vn -0.070736 -0.997448 0.009688
vn 0.314887 -0.923773 -0.217922
vn 0.314887 -0.923773 -0.217922
vn -0.070736 -0.997448 0.009688
vn 0.363816 -0.931190 -0.022856
vn 0.871450 0.372455 -0.319144
vn 0.863012 0.406496 -0.299951
vn 0.941513 0.030031 -0.335635
vn -0.337680 0.911527 0.234716
vn 0.055313 0.988544 0.140429
vn -0.190354 0.959990 0.205387
vn -0.927779 0.043610 -0.370572
vn -0.968318 0.128679 -0.214013
vn -0.944760 0.217447 -0.245245
vn -0.077273 0.935175 0.345653
vn -0.167086 0.870472 -0.462992
vn -0.099749 0.701790 0.705366
vn 0.025903 0.989806 -0.140048
vn 0.299000 0.952325 0.060628
vn 0.387212 0.920090 -0.059179
vn -0.892422 0.114596 -0.436407
vn -0.355151 0.855482 -0.376853
vn -0.323438 0.673211 -0.664963
vn 0.164558 -0.982193 0.090647
vn 0.416916 -0.897742 0.142269
vn 0.387578 -0.919910 0.059575
vn -0.531415 -0.773597 -0.345176
vn 0.164558 -0.982193 0.090647
vn -0.219751 -0.975501 -0.010372
vn -0.066448 0.997759 0.007903
vn -0.390507 0.906315 -0.161549
vn -0.238424 0.966387 -0.096182
vn -0.252142 0.963896 0.085611
vn -0.390507 0.906315 -0.161549
vn -0.182004 0.978793 -0.094011
vn -0.193161 0.980742 -0.028875
vn 0.196579 0.821371 0.535450
vn 0.384294 0.619846 0.684185
vn -0.252142 0.963896 0.085611
vn 0.196579 0.821371 0.535450
vn -0.431791 0.887830 -0.159106
vn 0.122055 -0.984141 0.128724
vn 0.550631 -0.480869 0.682328
vn 0.563917 -0.061339 0.823551
vn 0.688708 -0.373367 0.621513
vn 0.550631 -0.480869 0.682328
vn 0.244222 -0.969719 -0.001176
vn 0.145011 0.903643 0.402990
vn 0.025755 0.998620 0.045767
vn 0.019014 0.971985 0.234274
vn 0.074777 0.994299 -0.076015
vn 0.025755 0.998620 0.045767
vn 0.151059 0.978230 -0.142290
vn -0.000330 -1.000000 0.000552
vn 0.000111 -1.000000 -0.000056
vn 0.031957 -0.999487 0.002130
vn -0.001866 -0.999998 0.000486
vn -0.000330 -1.000000 0.000552
vn 0.134840 -0.990532 -0.025777
vn 0.000111 -1.000000 -0.000056
vn 0.070982 -0.997464 0.005187
vn 0.031957 -0.999487 0.002130
vn 0.434630 -0.900581 0.007044
vn 0.031957 -0.999487 0.002130
vn 0.070982 -0.997464 0.005187
vn 0.000538 -1.000000 -0.000202
vn 0.000000 -1.000000 0.000000
vn 0.000919 -0.999998 0.001842
vn -0.000330 -1.000000 0.000552
vn 0.000919 -0.999998 0.001842
vn 0.000000 -1.000000 0.000000
vn -0.011403 -0.999929 -0.003428
vn -0.143953 -0.938678 -0.313306
vn -0.168578 -0.891469 -0.420553
vn -0.011403 -0.999929 -0.003428
vn 0.000164 -1.000000 0.000087
vn 0.000111 -1.000000 -0.000056
vn -0.296773 -0.863014 -0.408819
vn -0.040117 -0.998587 -0.034842
vn -0.002605 -0.996411 -0.084609
vn -0.002303 -0.999973 -0.006994
vn -0.040117 -0.998587 -0.034842
vn -0.093354 -0.990816 -0.097817
vn 0.249065 0.967671 -0.039734
vn -0.075133 0.726903 0.682618
vn -0.673223 0.658353 0.336662
vn 0.145011 0.903643 0.402990
vn -0.075133 0.726903 0.682618
vn 0.048661 0.954222 0.295113
vn 0.151059 0.978230 -0.142290
vn 0.145011 0.903643 0.402990
vn 0.048661 0.954222 0.295113
vn 0.194377 0.766708 0.611863
vn 0.145011 0.903643 0.402990
vn 0.019014 0.971985 0.234274
vn -0.149949 0.817203 0.556502
vn -0.239578 0.942038 0.234878
vn -0.174969 0.873476 0.454340
vn 0.394619 0.807500 0.438429
vn 0.351466 0.825981 0.440711
vn 0.273965 0.737188 0.617654
vn -0.280869 0.768862 0.574425
vn -0.120892 0.915993 0.382546
vn -0.466791 0.883637 -0.035956
vn -0.075133 0.726903 0.682618
vn -0.280869 0.768862 0.574425
vn -0.673223 0.658353 0.336662
vn -0.818507 0.445297 0.362982
vn -0.711683 0.653676 0.257322
vn -0.234324 0.972106 -0.010120
vn -0.798452 0.591995 0.109619
vn -0.572676 0.818631 -0.043422
vn -0.711683 0.653676 0.257322
vn -0.280869 0.768862 0.574425
vn -0.818507 0.445297 0.362982
vn -0.673223 0.658353 0.336662
vn -0.711683 0.653676 0.257322
vn -0.818507 0.445297 0.362982
vn -0.798452 0.591995 0.109619
vn 0.231177 0.972831 -0.012554
vn -0.273168 0.939183 -0.208122
vn -0.404794 0.877575 -0.256912
vn -0.360178 -0.568481 -0.739663
vn 0.169384 -0.759787 -0.627720
vn -0.371936 -0.523657 -0.766451
vn 0.822497 -0.567638 -0.035865
vn 0.314132 -0.923856 0.218658
vn 0.714662 -0.659480 -0.233117
vn -0.549961 -0.696526 0.460863
vn 0.314132 -0.923856 0.218658
vn -0.127245 -0.922044 0.365573
vn -0.360178 -0.568481 -0.739663
vn -0.021054 -0.941235 0.337095
vn -0.305974 -0.879406 -0.364726
vn -0.287385 -0.950926 -0.114675
vn -0.305974 -0.879406 -0.364726
vn -0.422057 -0.890412 -0.170394
vn -0.168578 -0.891469 -0.420553
vn -0.159164 -0.812410 -0.560942
vn 0.000164 -1.000000 0.000087
vn -0.159164 -0.812410 -0.560942
vn -0.168578 -0.891469 -0.420553
vn 0.067218 0.339612 -0.938161
vn -0.143953 -0.938678 -0.313306
vn -0.002303 -0.999973 -0.006994
vn -0.093354 -0.990816 -0.097817
vn -0.371936 -0.523657 -0.766451
vn -0.159164 -0.812410 -0.560942
vn -0.540800 -0.056777 -0.839233
vn 0.000164 -1.000000 0.000087
vn -0.159164 -0.812410 -0.560942
vn 0.036643 -0.997108 -0.066578
vn 0.067218 0.339612 -0.938161
vn -0.168578 -0.891469 -0.420553
vn -0.210184 0.061571 -0.975721
vn 0.070982 -0.997464 0.005187
vn 0.000164 -1.000000 0.000087
vn 0.036643 -0.997108 -0.066578
vn 0.000111 -1.000000 -0.000056
vn -0.002303 -0.999973 -0.006994
vn -0.011403 -0.999929 -0.003428
vn 0.171325 -0.954895 0.242535
vn 0.387578 -0.919910 0.059575
vn 0.063562 -0.956945 0.283226
vn -0.219751 -0.975501 -0.010372
vn -0.829943 -0.408541 -0.379853
vn -0.531415 -0.773597 -0.345176
vn 0.063562 -0.956945 0.283226
vn -0.422057 -0.890412 -0.170394
vn -0.182743 -0.922813 0.339149
vn 0.171325 -0.954895 0.242535
vn 0.063562 -0.956945 0.283226
vn -0.060757 -0.862526 0.502351
vn 0.033830 -0.999417 -0.004680
vn -0.540800 -0.056777 -0.839233
vn -0.288452 -0.941387 0.174887
vn -0.060757 -0.862526 0.502351
vn -0.105989 -0.914755 0.389859
vn -0.054867 -0.971451 0.230808
vn 0.063562 -0.956945 0.283226
vn -0.182743 -0.922813 0.339149
vn -0.060757 -0.862526 0.502351
vn 0.164558 -0.982193 0.090647
vn 0.171325 -0.954895 0.242535
vn -0.054867 -0.971451 0.230808
vn 0.716294 0.696849 -0.036409
vn 0.628738 0.758560 -0.171102
vn 0.912301 0.210854 -0.351066
vn 0.311050 0.944591 0.104856
vn -0.336099 0.929318 0.152989
vn 0.297673 0.844303 0.445582
vn 0.931784 0.226461 -0.283714
vn 0.863012 0.406496 -0.299951
vn 0.397352 0.909052 0.125440
vn 0.397352 0.909052 0.125440
vn 0.448074 0.893986 0.004216
vn -0.062709 0.807388 0.586679
vn -0.252203 0.964595 0.077143
vn -0.336099 0.929318 0.152989
vn -0.359824 0.928978 0.086761
vn 0.665809 0.059505 0.743746
vn 0.573077 -0.645313 0.505128
vn 0.297673 0.844303 0.445582
vn 0.628738 0.758560 -0.171102
vn 0.055313 0.988544 0.140429
vn 0.311050 0.944591 0.104856
vn -0.190354 0.959990 0.205387
vn -0.319975 0.888579 0.328700
vn -0.337680 0.911527 0.234716
vn 0.314887 -0.923773 -0.217922
vn 0.333968 -0.922693 -0.192620
vn 0.353762 -0.913535 -0.200766
vn 0.333968 -0.922693 -0.192620
vn 0.581530 -0.813502 0.006126
vn 0.453072 -0.888358 -0.074465
vn 0.721189 0.080270 0.688073
vn 0.363816 -0.931190 -0.022856
vn 0.665809 0.059505 0.743746
vn 0.363816 -0.931190 -0.022856
vn 0.581530 -0.813502 0.006126
vn 0.333968 -0.922693 -0.192620
vn 0.721189 0.080270 0.688073
vn 0.665809 0.059505 0.743746
vn -0.017303 0.942310 0.334295
vn 0.049535 0.946701 0.318282
vn -0.026709 0.951494 0.306506
vn -0.394422 0.912298 -0.110197
vn -0.070736 -0.997448 0.009688
vn -0.279965 -0.943417 0.177721
vn -0.093105 -0.995641 0.005494
vn 0.126865 -0.960675 0.246999
vn -0.093105 -0.995641 0.005494
vn -0.279965 -0.943417 0.177721
vn 0.871450 0.372455 -0.319144
vn 0.941513 0.030031 -0.335635
vn 0.792920 0.582442 -0.178996
vn 0.397352 0.909052 0.125440
vn 0.863012 0.406496 -0.299951
vn 0.448074 0.893986 0.004216
vn -0.047307 0.970960 -0.234519
vn 0.792920 0.582442 -0.178996
vn 0.033236 0.863532 -0.503198
vn -0.201817 0.936811 -0.285754
vn -0.077273 0.935175 0.345653
vn 0.448074 0.893986 0.004216
vn -0.077273 0.935175 0.345653
vn -0.132789 0.671670 0.728853
vn -0.062709 0.807388 0.586679
vn 0.397352 0.909052 0.125440
vn -0.190354 0.959990 0.205387
vn 0.716294 0.696849 -0.036409
vn -0.927779 0.043610 -0.370572
vn -0.961268 -0.267956 -0.064519
vn -0.905818 0.303498 -0.295606
vn -0.968318 0.128679 -0.214013
vn -0.769440 0.594732 -0.232929
vn -0.047307 0.970960 -0.234519
vn 0.025903 0.989806 -0.140048
vn 0.387212 0.920090 -0.059179
vn -0.399797 0.763887 -0.506596
vn 0.299000 0.952325 0.060628
vn 0.202516 0.966114 0.160033
vn 0.001730 0.999011 -0.044433
vn -0.755388 0.335754 -0.562723
vn -0.399797 0.763887 -0.506596
vn -0.744841 -0.354491 -0.565286
vn -0.406914 -0.907485 -0.104365
vn -0.788222 -0.404922 -0.463404
vn -0.835187 0.040215 -0.548493
vn 0.001730 0.999011 -0.044433
vn 0.075087 0.995805 0.052299
vn -0.355151 0.855482 -0.376853
vn -0.892422 0.114596 -0.436407
vn -0.927779 0.043610 -0.370572
vn -0.355151 0.855482 -0.376853
vn 0.416916 -0.897742 0.142269
vn 0.164558 -0.982193 0.090647
vn 0.249362 -0.968395 0.005381
vn -0.714049 0.472808 -0.516321
vn -0.755388 0.335754 -0.562723
vn -0.531415 -0.773597 -0.345176
vn 0.164558 -0.982193 0.090647
vn 0.387578 -0.919910 0.059575
vn 0.171325 -0.954895 0.242535
vn 0.164558 -0.982193 0.090647
vn -0.531415 -0.773597 -0.345176
vn -0.378142 -0.897727 -0.226041
vn 0.164558 -0.982193 0.090647
vn -0.054867 -0.971451 0.230808
vn -0.219751 -0.975501 -0.010372
vn -0.406914 -0.907485 -0.104365
vn -0.219751 -0.975501 -0.010372
vn -0.054867 -0.971451 0.230808
vn -0.095023 0.994109 0.052133
vn 0.057300 0.946968 0.316179
vn -0.066448 0.997759 0.007903
vn 0.271022 0.786846 0.554456
vn 0.157240 0.905946 0.393112
vn 0.394619 0.807500 0.438429
vn -0.658118 0.728387 -0.190610
vn -0.828055 0.493478 -0.266090
vn -0.296773 -0.863014 -0.408819
vn -0.143953 -0.938678 -0.313306
vn -0.210184 0.061571 -0.975721
vn -0.168578 -0.891469 -0.420553
vn -0.466791 0.883637 -0.035956
vn -0.690977 0.722857 -0.005404
vn -0.572676 0.818631 -0.043422
vn -0.531057 0.081313 -0.843425
vn -0.592695 0.775322 -0.218148
vn -0.392297 0.299301 -0.869783
vn -0.093354 -0.990816 -0.097817
vn -0.292523 -0.671049 -0.681266
vn -0.143953 -0.938678 -0.313306
vn -0.143953 -0.938678 -0.313306
vn -0.292523 -0.671049 -0.681266
vn -0.210184 0.061571 -0.975721
vn -0.296773 -0.863014 -0.408819
vn -0.292523 -0.671049 -0.681266
vn -0.093354 -0.990816 -0.097817
vn -0.210184 0.061571 -0.975721
vn -0.292523 -0.671049 -0.681266
vn -0.392297 0.299301 -0.869783
vn -0.392297 0.299301 -0.869783
vn -0.117588 0.485616 -0.866228
vn -0.210184 0.061571 -0.975721
vn -0.371936 -0.523657 -0.766451
vn -0.540800 -0.056777 -0.839233
vn -0.360178 -0.568481 -0.739663
vn -0.583978 -0.138177 -0.799923
vn -0.210184 0.061571 -0.975721
vn -0.117588 0.485616 -0.866228
vn -0.583978 -0.138177 -0.799923
vn -0.540800 -0.056777 -0.839233
vn 0.067218 0.339612 -0.938161
vn -0.143953 -0.938678 -0.313306
vn -0.011403 -0.999929 -0.003428
vn -0.002303 -0.999973 -0.006994
vn -0.168578 -0.891469 -0.420553
vn 0.000164 -1.000000 0.000087
vn -0.011403 -0.999929 -0.003428
vn 0.716294 0.696849 -0.036409
vn 0.912301 0.210854 -0.351066
vn 0.931784 0.226461 -0.283714
vn 0.055313 0.988544 0.140429
vn 0.716294 0.696849 -0.036409
vn -0.190354 0.959990 0.205387
vn 0.321370 -0.941830 -0.098378
vn 0.688708 -0.373367 0.621513
vn 0.244222 -0.969719 -0.001176
vn 0.049535 0.946701 0.318282
vn 0.688708 -0.373367 0.621513
vn 0.648733 -0.156225 0.744808
vn 0.153589 -0.959061 -0.237935
vn 0.125301 -0.942239 -0.310620
vn 0.321370 -0.941830 -0.098378
vn 0.125301 -0.942239 -0.310620
vn 0.333968 -0.922693 -0.192620
vn 0.453072 -0.888358 -0.074465
vn 0.648733 -0.156225 0.744808
vn 0.321370 -0.941830 -0.098378
vn 0.453072 -0.888358 -0.074465
vn 0.453072 -0.888358 -0.074465
vn 0.321370 -0.941830 -0.098378
vn 0.125301 -0.942239 -0.310620
vn -0.047307 0.970960 -0.234519
vn 0.871450 0.372455 -0.319144
vn 0.792920 0.582442 -0.178996
vn 0.863012 0.406496 -0.299951
vn 0.871450 0.372455 -0.319144
vn 0.399105 0.879392 -0.259587
vn -0.944760 0.217447 -0.245245
vn -0.047307 0.970960 -0.234519
vn 0.033236 0.863532 -0.503198
vn -0.968318 0.128679 -0.214013
vn -0.892422 0.114596 -0.436407
vn -0.769440 0.594732 -0.232929
vn -0.596653 0.577747 -0.556968
vn -0.769440 0.594732 -0.232929
vn -0.741887 0.449058 -0.497946
vn 0.399105 0.879392 -0.259587
vn -0.047307 0.970960 -0.234519
vn -0.769440 0.594732 -0.232929
vn -0.741887 0.449058 -0.497946
vn -0.892422 0.114596 -0.436407
vn -0.323438 0.673211 -0.664963
vn -0.596653 0.577747 -0.556968
vn -0.167086 0.870472 -0.462992
vn -0.077273 0.935175 0.345653
vn -0.069887 0.597660 0.798698
vn -0.099749 0.701790 0.705366
vn -0.140877 0.808026 0.572056
vn -0.062709 0.807388 0.586679
vn -0.319975 0.888579 0.328700
vn 0.397352 0.909052 0.125440
vn 0.863012 0.406496 -0.299951
vn 0.931784 0.226461 -0.283714
vn 0.918754 -0.000792 -0.394830
vn 0.716294 0.696849 -0.036409
vn 0.931784 0.226461 -0.283714
vn 0.397352 0.909052 0.125440
vn -0.927779 0.043610 -0.370572
vn -0.944760 0.217447 -0.245245
vn -0.961268 -0.267956 -0.064519
vn -0.047307 0.970960 -0.234519
vn -0.944760 0.217447 -0.245245
vn -0.968318 0.128679 -0.214013
vn 0.343478 0.902967 -0.258211
vn -0.927779 0.043610 -0.370572
vn -0.905818 0.303498 -0.295606
vn -0.927779 0.043610 -0.370572
vn 0.001730 0.999011 -0.044433
vn -0.355151 0.855482 -0.376853
vn 0.075087 0.995805 0.052299
vn 0.001730 0.999011 -0.044433
vn 0.202516 0.966114 0.160033
vn 0.075087 0.995805 0.052299
vn 0.124837 0.967277 -0.220885
vn -0.355151 0.855482 -0.376853
vn -0.769440 0.594732 -0.232929
vn -0.892422 0.114596 -0.436407
vn -0.741887 0.449058 -0.497946
vn -0.927779 0.043610 -0.370572
vn -0.892422 0.114596 -0.436407
vn -0.968318 0.128679 -0.214013
vn 0.202516 0.966114 0.160033
vn 0.229842 0.958907 0.166342
vn 0.075087 0.995805 0.052299
vn 0.054551 0.622854 -0.780434
vn -0.323438 0.673211 -0.664963
vn 0.124837 0.967277 -0.220885
vn -0.103558 0.982649 -0.153872
vn -0.104881 0.552324 -0.827006
vn -0.080155 0.541216 -0.837055
vn -0.323438 0.673211 -0.664963
vn -0.053443 0.473568 -0.879134
vn -0.741887 0.449058 -0.497946
vn 0.003714 0.998535 -0.053986
vn 0.202516 0.966114 0.160033
vn -0.080652 0.991771 -0.099429
vn 0.231177 0.972831 -0.012554
vn 0.134542 0.718972 -0.681893
vn 0.124837 0.967277 -0.220885
vn 0.231177 0.972831 -0.012554
vn 0.229842 0.958907 0.166342
vn -0.273168 0.939183 -0.208122
vn 0.229842 0.958907 0.166342
vn 0.202516 0.966114 0.160033
vn 0.003714 0.998535 -0.053986
vn 0.075087 0.995805 0.052299
vn 0.229842 0.958907 0.166342
vn 0.124837 0.967277 -0.220885
vn 0.231177 0.972831 -0.012554
vn 0.124837 0.967277 -0.220885
vn 0.229842 0.958907 0.166342
vn 0.124837 0.967277 -0.220885
vn -0.323438 0.673211 -0.664963
vn -0.355151 0.855482 -0.376853
vn 0.054551 0.622854 -0.780434
vn 0.126184 0.286768 -0.949653
vn -0.053443 0.473568 -0.879134
vn -0.755388 0.335754 -0.562723
vn 0.025903 0.989806 -0.140048
vn -0.399797 0.763887 -0.506596
vn 0.299000 0.952325 0.060628
vn 0.025903 0.989806 -0.140048
vn -0.080652 0.991771 -0.099429
vn -0.378142 -0.897727 -0.226041
vn -0.755388 0.335754 -0.562723
vn -0.744841 -0.354491 -0.565286
vn -0.714049 0.472808 -0.516321
vn -0.531415 -0.773597 -0.345176
vn -0.829943 -0.408541 -0.379853
vn -0.829943 -0.408541 -0.379853
vn -0.273168 0.939183 -0.208122
vn -0.714049 0.472808 -0.516321
vn -0.714049 0.472808 -0.516321
vn -0.273168 0.939183 -0.208122
vn 0.003714 0.998535 -0.053986
vn 0.299000 0.952325 0.060628
vn 0.343478 0.902967 -0.258211
vn 0.419757 0.907628 -0.003886
vn -0.927779 0.043610 -0.370572
vn 0.343478 0.902967 -0.258211
vn 0.001730 0.999011 -0.044433
vn 0.164558 -0.982193 0.090647
vn -0.378142 -0.897727 -0.226041
vn 0.249362 -0.968395 0.005381
vn -0.755388 0.335754 -0.562723
vn -0.378142 -0.897727 -0.226041
vn -0.531415 -0.773597 -0.345176
vn 0.145011 0.903643 0.402990
vn 0.194377 0.766708 0.611863
vn 0.308955 0.700540 0.643265
vn 0.057300 0.946968 0.316179
vn 0.194377 0.766708 0.611863
vn 0.019014 0.971985 0.234274
vn -0.134657 0.940696 0.311382
vn -0.100272 0.963990 0.246310
vn -0.272948 0.958779 0.079003
vn -0.134657 0.940696 0.311382
vn 0.157240 0.905946 0.393112
vn 0.063252 0.895926 0.439677
vn 0.364824 0.860809 0.354841
vn 0.394619 0.807500 0.438429
vn 0.157240 0.905946 0.393112
vn 0.015849 0.991713 0.127496
vn -0.307136 0.868064 -0.390042
vn -0.969406 -0.175362 -0.171755
vn -0.158893 0.952153 0.261070
vn 0.015849 0.991713 0.127496
vn -0.902019 0.423591 -0.083258
vn -0.520234 0.693225 -0.498794
vn -0.464560 -0.326383 -0.823200
vn -0.117588 0.485616 -0.866228
vn -0.572676 0.818631 -0.043422
vn -0.520234 0.693225 -0.498794
vn -0.592695 0.775322 -0.218148
vn -0.902019 0.423591 -0.083258
vn -0.520234 0.693225 -0.498794
vn -0.690977 0.722857 -0.005404
vn -0.292523 -0.671049 -0.681266
vn -0.531057 0.081313 -0.843425
vn -0.392297 0.299301 -0.869783
vn -0.828055 0.493478 -0.266090
vn -0.531057 0.081313 -0.843425
vn -0.296773 -0.863014 -0.408819
vn -0.520234 0.693225 -0.498794
vn -0.117588 0.485616 -0.866228
vn -0.392297 0.299301 -0.869783
vn -0.117588 0.485616 -0.866228
vn -0.464560 -0.326383 -0.823200
vn -0.583978 -0.138177 -0.799923
vn -0.969406 -0.175362 -0.171755
vn -0.876334 -0.110742 -0.468801
vn -0.604343 -0.735939 0.305225
vn -0.540800 -0.056777 -0.839233
vn -0.583978 -0.138177 -0.799923
vn -0.288452 -0.941387 0.174887
vn -0.583978 -0.138177 -0.799923
vn 0.067218 0.339612 -0.938161
vn -0.210184 0.061571 -0.975721
vn -0.159164 -0.812410 -0.560942
vn 0.067218 0.339612 -0.938161
vn -0.540800 -0.056777 -0.839233
vn -0.132789 0.671670 0.728853
vn -0.077273 0.935175 0.345653
vn -0.099749 0.701790 0.705366
vn -0.201817 0.936811 -0.285754
vn 0.448074 0.893986 0.004216
vn 0.399105 0.879392 -0.259587
vn -0.769440 0.594732 -0.232929
vn -0.201817 0.936811 -0.285754
vn 0.399105 0.879392 -0.259587
vn -0.596653 0.577747 -0.556968
vn -0.077273 0.935175 0.345653
vn -0.201817 0.936811 -0.285754
vn -0.077273 0.935175 0.345653
vn -0.062709 0.807388 0.586679
vn 0.448074 0.893986 0.004216
vn -0.062709 0.807388 0.586679
vn -0.132789 0.671670 0.728853
vn -0.319975 0.888579 0.328700
vn 0.231177 0.972831 -0.012554
vn -0.200907 0.912753 -0.355695
vn 0.134542 0.718972 -0.681893
vn -0.090030 0.991410 -0.094875
vn -0.104881 0.552324 -0.827006
vn -0.103558 0.982649 -0.153872
vn 0.054551 0.622854 -0.780434
vn -0.053443 0.473568 -0.879134
vn -0.323438 0.673211 -0.664963
vn -0.053443 0.473568 -0.879134
vn 0.072956 0.782495 -0.618368
vn -0.167086 0.870472 -0.462992
vn -0.360178 -0.568481 -0.739663
vn 0.033830 -0.999417 -0.004680
vn -0.021054 -0.941235 0.337095
vn -0.604343 -0.735939 0.305225
vn -0.583978 -0.138177 -0.799923
vn -0.464560 -0.326383 -0.823200
vn -0.714049 0.472808 -0.516321
vn 0.003714 0.998535 -0.053986
vn -0.080652 0.991771 -0.099429
vn 0.229842 0.958907 0.166342
vn 0.003714 0.998535 -0.053986
vn -0.273168 0.939183 -0.208122
vn -0.066448 0.997759 0.007903
vn 0.057300 0.946968 0.316179
vn 0.019014 0.971985 0.234274
vn 0.063252 0.895926 0.439677
vn 0.057300 0.946968 0.316179
vn -0.100272 0.963990 0.246310
vn -0.134657 0.940696 0.311382
vn 0.063252 0.895926 0.439677
vn -0.100272 0.963990 0.246310
vn 0.271022 0.786846 0.554456
vn 0.063252 0.895926 0.439677
vn 0.157240 0.905946 0.393112
vn -0.100272 0.963990 0.246310
vn -0.095023 0.994109 0.052133
vn -0.272948 0.958779 0.079003
vn -0.134657 0.940696 0.311382
vn -0.300070 0.932175 0.202505
vn -0.147192 0.936032 0.319655
vn -0.193161 0.980742 -0.028875
vn -0.410178 0.887179 -0.211345
vn -0.431791 0.887830 -0.159106
vn -0.300070 0.932175 0.202505
vn -0.134657 0.940696 0.311382
vn -0.272948 0.958779 0.079003
vn -0.272948 0.958779 0.079003
vn -0.095023 0.994109 0.052133
vn -0.238424 0.966387 -0.096182
vn 0.057300 0.946968 0.316179
vn -0.095023 0.994109 0.052133
vn -0.100272 0.963990 0.246310
vn -0.280869 0.768862 0.574425
vn 0.273965 0.737188 0.617654
vn -0.120892 0.915993 0.382546
vn 0.273965 0.737188 0.617654
vn 0.308955 0.700540 0.643265
vn 0.194377 0.766708 0.611863
vn -0.239578 0.942038 0.234878
vn -0.171005 0.925731 0.337312
vn -0.286058 0.921327 0.263302
vn -0.140877 0.808026 0.572056
vn 0.072956 0.782495 -0.618368
vn -0.090030 0.991410 -0.094875
vn -0.711683 0.653676 0.257322
vn -0.572676 0.818631 -0.043422
vn -0.592695 0.775322 -0.218148
vn -0.466791 0.883637 -0.035956
vn -0.572676 0.818631 -0.043422
vn -0.798452 0.591995 0.109619
vn -0.280869 0.768862 0.574425
vn -0.466791 0.883637 -0.035956
vn -0.798452 0.591995 0.109619
vn -0.120892 0.915993 0.382546
vn -0.690977 0.722857 -0.005404
vn -0.466791 0.883637 -0.035956
vn -0.200907 0.912753 -0.355695
vn -0.822290 -0.540237 -0.178836
vn -0.880826 -0.094243 -0.463966
vn -0.880826 -0.094243 -0.463966
vn -0.074122 -0.987367 0.140043
vn -0.558347 -0.752594 0.349072
vn -0.053443 0.473568 -0.879134
vn -0.167086 0.870472 -0.462992
vn -0.596653 0.577747 -0.556968
vn -0.140877 0.808026 0.572056
vn -0.167086 0.870472 -0.462992
vn 0.072956 0.782495 -0.618368
vn -0.835187 0.040215 -0.548493
vn -0.273168 0.939183 -0.208122
vn -0.829943 -0.408541 -0.379853
vn -0.384856 0.457627 -0.801538
vn -0.200907 0.912753 -0.355695
vn -0.880826 -0.094243 -0.463966
vn -0.583978 -0.138177 -0.799923
vn -0.604343 -0.735939 0.305225
vn -0.558347 -0.752594 0.349072
vn -0.822290 -0.540237 -0.178836
vn -0.105989 -0.914755 0.389859
vn 0.070404 -0.959635 0.272293
vn 0.049535 0.946701 0.318282
vn 0.384294 0.619846 0.684185
vn 0.688708 -0.373367 0.621513
vn -0.026709 0.951494 0.306506
vn 0.049535 0.946701 0.318282
vn 0.648733 -0.156225 0.744808
vn 0.721189 0.080270 0.688073
vn 0.648733 -0.156225 0.744808
vn 0.453072 -0.888358 -0.074465
vn 0.049535 0.946701 0.318282
vn -0.297871 0.928431 -0.222011
vn -0.193161 0.980742 -0.028875
vn 0.665809 0.059505 0.743746
vn 0.297673 0.844303 0.445582
vn -0.252203 0.964595 0.077143
vn -0.340162 0.940047 -0.024537
vn -0.300070 0.932175 0.202505
vn -0.272948 0.958779 0.079003
vn 0.721189 0.080270 0.688073
vn 0.581530 -0.813502 0.006126
vn 0.363816 -0.931190 -0.022856
vn 0.721189 0.080270 0.688073
vn -0.358890 0.933217 0.017427
vn -0.026709 0.951494 0.306506
vn 0.721189 0.080270 0.688073
vn -0.026709 0.951494 0.306506
vn 0.648733 -0.156225 0.744808
vn -0.348583 0.930437 0.113035
vn -0.394422 0.912298 -0.110197
vn -0.358890 0.933217 0.017427
vn -0.410178 0.887179 -0.211345
vn -0.238424 0.966387 -0.096182
vn -0.390507 0.906315 -0.161549
vn -0.340162 0.940047 -0.024537
vn -0.410178 0.887179 -0.211345
vn -0.297871 0.928431 -0.222011
vn 0.364824 0.860809 0.354841
vn 0.157240 0.905946 0.393112
vn 0.088295 0.922637 0.375427
vn 0.388447 0.869074 0.306300
vn 0.364824 0.860809 0.354841
vn 0.324745 0.849805 0.415177
vn -0.969406 -0.175362 -0.171755
vn -0.604343 -0.735939 0.305225
vn -0.629557 -0.772677 -0.081418
vn -0.558347 -0.752594 0.349072
vn -0.604343 -0.735939 0.305225
vn -0.876334 -0.110742 -0.468801
vn -0.690977 0.722857 -0.005404
vn -0.158893 0.952153 0.261070
vn -0.902019 0.423591 -0.083258
vn -0.120892 0.915993 0.382546
vn -0.158893 0.952153 0.261070
vn -0.690977 0.722857 -0.005404
vn -0.880826 -0.094243 -0.463966
vn -0.558347 -0.752594 0.349072
vn -0.876334 -0.110742 -0.468801
vn -0.558347 -0.752594 0.349072
vn -0.074122 -0.987367 0.140043
vn -0.288452 -0.941387 0.174887
vn -0.187428 0.693540 -0.695610
vn -0.384856 0.457627 -0.801538
vn -0.307136 0.868064 -0.390042
vn -0.074122 -0.987367 0.140043
vn -0.880826 -0.094243 -0.463966
vn -0.822290 -0.540237 -0.178836
vn -0.629557 -0.772677 -0.081418
vn -0.604343 -0.735939 0.305225
vn -0.464560 -0.326383 -0.823200
vn 0.015849 0.991713 0.127496
vn 0.207104 0.908544 0.362844
vn -0.307136 0.868064 -0.390042
vn -0.307136 0.868064 -0.390042
vn -0.015831 0.945066 0.326497
vn -0.187428 0.693540 -0.695610
vn -0.876334 -0.110742 -0.468801
vn -0.969406 -0.175362 -0.171755
vn -0.307136 0.868064 -0.390042
vn -0.187428 0.693540 -0.695610
vn -0.103558 0.982649 -0.153872
vn -0.080155 0.541216 -0.837055
vn 0.231177 0.972831 -0.012554
vn -0.404794 0.877575 -0.256912
vn -0.200907 0.912753 -0.355695
vn -0.187428 0.693540 -0.695610
vn -0.015831 0.945066 0.326497
vn -0.103558 0.982649 -0.153872
vn -0.384856 0.457627 -0.801538
vn -0.187428 0.693540 -0.695610
vn -0.080155 0.541216 -0.837055
vn 0.110779 0.770001 0.628352
vn -0.015831 0.945066 0.326497
vn 0.207104 0.908544 0.362844
vn -0.103558 0.982649 -0.153872
vn -0.015831 0.945066 0.326497
vn 0.110779 0.770001 0.628352
vn -0.384856 0.457627 -0.801538
vn -0.080155 0.541216 -0.837055
vn -0.200907 0.912753 -0.355695
vn -0.876334 -0.110742 -0.468801
vn -0.384856 0.457627 -0.801538
vn -0.880826 -0.094243 -0.463966
vn -0.200907 0.912753 -0.355695
vn -0.080155 0.541216 -0.837055
vn 0.134542 0.718972 -0.681893
vn -0.822290 -0.540237 -0.178836
vn -0.200907 0.912753 -0.355695
vn -0.404794 0.877575 -0.256912
vn -0.829943 -0.408541 -0.379853
vn -0.219751 -0.975501 -0.010372
vn -0.406914 -0.907485 -0.104365
vn -0.404794 0.877575 -0.256912
vn -0.835187 0.040215 -0.548493
vn -0.788222 -0.404922 -0.463404
vn -0.558347 -0.752594 0.349072
vn -0.288452 -0.941387 0.174887
vn -0.583978 -0.138177 -0.799923
vn 0.033830 -0.999417 -0.004680
vn -0.288452 -0.941387 0.174887
vn -0.074122 -0.987367 0.140043
vn 0.033830 -0.999417 -0.004680
vn -0.074122 -0.987367 0.140043
vn 0.070404 -0.959635 0.272293
vn -0.540800 -0.056777 -0.839233
vn 0.033830 -0.999417 -0.004680
vn -0.360178 -0.568481 -0.739663
vn 0.049535 0.946701 0.318282
vn -0.193161 0.980742 -0.028875
vn 0.384294 0.619846 0.684185
vn -0.410178 0.887179 -0.211345
vn -0.193161 0.980742 -0.028875
vn -0.297871 0.928431 -0.222011
vn -0.120892 0.915993 0.382546
vn 0.351466 0.825981 0.440711
vn -0.158893 0.952153 0.261070
vn 0.394619 0.807500 0.438429
vn 0.364824 0.860809 0.354841
vn 0.388447 0.869074 0.306300
vn 0.110779 0.770001 0.628352
vn 0.207104 0.908544 0.362844
vn 0.324745 0.849805 0.415177
vn 0.388447 0.869074 0.306300
vn -0.158893 0.952153 0.261070
vn 0.351466 0.825981 0.440711
vn -0.307136 0.868064 -0.390042
vn 0.207104 0.908544 0.362844
vn -0.015831 0.945066 0.326497
vn 0.015849 0.991713 0.127496
vn 0.388447 0.869074 0.306300
vn 0.207104 0.908544 0.362844
vn 0.072956 0.782495 -0.618368
vn 0.126184 0.286768 -0.949653
vn -0.104881 0.552324 -0.827006
vn 0.054551 0.622854 -0.780434
vn 0.124837 0.967277 -0.220885
vn 0.134542 0.718972 -0.681893
vn -0.053443 0.473568 -0.879134
vn 0.126184 0.286768 -0.949653
vn 0.072956 0.782495 -0.618368
vn 0.134542 0.718972 -0.681893
vn 0.126184 0.286768 -0.949653
vn 0.054551 0.622854 -0.780434
vn -0.080155 0.541216 -0.837055
vn -0.104881 0.552324 -0.827006
vn 0.134542 0.718972 -0.681893
vn 0.134542 0.718972 -0.681893
vn -0.104881 0.552324 -0.827006
vn 0.126184 0.286768 -0.949653
vn -0.134657 0.940696 0.311382
vn -0.147192 0.936032 0.319655
vn 0.157240 0.905946 0.393112
vn -0.140877 0.808026 0.572056
vn -0.099749 0.701790 0.705366
vn -0.167086 0.870472 -0.462992
vn -0.103558 0.982649 -0.153872
vn 0.110779 0.770001 0.628352
vn -0.235510 0.668530 0.705409
vn -0.171005 0.925731 0.337312
vn -0.149949 0.817203 0.556502
vn -0.097597 0.758979 0.643759
vn -0.629557 -0.772677 -0.081418
vn 0.015849 0.991713 0.127496
vn -0.969406 -0.175362 -0.171755
vn -0.520234 0.693225 -0.498794
vn -0.902019 0.423591 -0.083258
vn -0.464560 -0.326383 -0.823200
vn 0.273965 0.737188 0.617654
vn 0.351466 0.825981 0.440711
vn -0.120892 0.915993 0.382546
vn 0.388447 0.869074 0.306300
vn 0.351466 0.825981 0.440711
vn 0.394619 0.807500 0.438429
vn -0.104881 0.552324 -0.827006
vn -0.090030 0.991410 -0.094875
vn 0.072956 0.782495 -0.618368
vn -0.235510 0.668530 0.705409
vn -0.090030 0.991410 -0.094875
vn -0.103558 0.982649 -0.153872
vn -0.235510 0.668530 0.705409
vn 0.110779 0.770001 0.628352
vn -0.097597 0.758979 0.643759
vn -0.090030 0.991410 -0.094875
vn -0.235510 0.668530 0.705409
vn -0.140877 0.808026 0.572056
vn -0.464560 -0.326383 -0.823200
vn -0.902019 0.423591 -0.083258
vn -0.629557 -0.772677 -0.081418
vn 0.015849 0.991713 0.127496
vn -0.629557 -0.772677 -0.081418
vn -0.902019 0.423591 -0.083258
vn 0.541354 -0.839901 -0.038759
vn 0.133051 -0.990337 0.039111
vn 0.434630 -0.900581 0.007044
vn -0.000330 -1.000000 0.000552
vn 0.133051 -0.990337 0.039111
vn 0.134840 -0.990532 -0.025777
vn -0.305974 -0.879406 -0.364726
vn -0.182743 -0.922813 0.339149
vn -0.422057 -0.890412 -0.170394
vn -0.182743 -0.922813 0.339149
vn -0.021054 -0.941235 0.337095
vn -0.060757 -0.862526 0.502351
vn -0.105989 -0.914755 0.389859
vn -0.060757 -0.862526 0.502351
vn -0.021054 -0.941235 0.337095
vn 0.171325 -0.954895 0.242535
vn -0.060757 -0.862526 0.502351
vn -0.054867 -0.971451 0.230808
vn -0.711683 0.653676 0.257322
vn -0.828055 0.493478 -0.266090
vn -0.658118 0.728387 -0.190610
vn -0.531057 0.081313 -0.843425
vn -0.828055 0.493478 -0.266090
vn -0.592695 0.775322 -0.218148
vn -0.099749 0.701790 0.705366
vn -0.069887 0.597660 0.798698
vn -0.132789 0.671670 0.728853
vn -0.359824 0.928978 0.086761
vn -0.336099 0.929318 0.152989
vn -0.337680 0.911527 0.234716
vn -0.097597 0.758979 0.643759
vn -0.140877 0.808026 0.572056
vn -0.235510 0.668530 0.705409
vn -0.149949 0.817203 0.556502
vn -0.069887 0.597660 0.798698
vn -0.097597 0.758979 0.643759
vn 0.110779 0.770001 0.628352
vn 0.324745 0.849805 0.415177
vn 0.141707 0.876905 0.459300
vn 0.088295 0.922637 0.375427
vn 0.157240 0.905946 0.393112
vn -0.120924 0.946926 0.297839
vn -0.239578 0.942038 0.234878
vn -0.286058 0.921327 0.263302
vn -0.241589 0.932601 0.268122
vn 0.141707 0.876905 0.459300
vn 0.088295 0.922637 0.375427
vn -0.097597 0.758979 0.643759
vn -0.286058 0.921327 0.263302
vn -0.147192 0.936032 0.319655
vn -0.300070 0.932175 0.202505
vn 0.157240 0.905946 0.393112
vn -0.147192 0.936032 0.319655
vn -0.120924 0.946926 0.297839
vn -0.097597 0.758979 0.643759
vn -0.069887 0.597660 0.798698
vn -0.140877 0.808026 0.572056
vn -0.069887 0.597660 0.798698
vn -0.149949 0.817203 0.556502
vn -0.174969 0.873476 0.454340
vn 0.364824 0.860809 0.354841
vn 0.088295 0.922637 0.375427
vn 0.324745 0.849805 0.415177
vn -0.097597 0.758979 0.643759
vn 0.110779 0.770001 0.628352
vn 0.141707 0.876905 0.459300
vn 0.088295 0.922637 0.375427
vn -0.171005 0.925731 0.337312
vn -0.097597 0.758979 0.643759
vn -0.171005 0.925731 0.337312
vn -0.120924 0.946926 0.297839
vn -0.286058 0.921327 0.263302
vn -0.147192 0.936032 0.319655
vn -0.286058 0.921327 0.263302
vn -0.120924 0.946926 0.297839
vn -0.340162 0.940047 -0.024537
vn -0.348583 0.930437 0.113035
vn -0.300070 0.932175 0.202505
vn -0.174969 0.873476 0.454340
vn -0.239578 0.942038 0.234878
vn -0.229913 0.957289 0.175321
vn -0.171005 0.925731 0.337312
vn -0.239578 0.942038 0.234878
vn -0.149949 0.817203 0.556502
vn -0.319975 0.888579 0.328700
vn -0.174969 0.873476 0.454340
vn -0.229913 0.957289 0.175321
vn -0.174969 0.873476 0.454340
vn -0.132789 0.671670 0.728853
vn -0.069887 0.597660 0.798698
vn -0.319975 0.888579 0.328700
vn -0.229913 0.957289 0.175321
vn -0.337680 0.911527 0.234716
vn -0.190354 0.959990 0.205387
vn 0.397352 0.909052 0.125440
vn -0.319975 0.888579 0.328700
vn -0.229913 0.957289 0.175321
vn -0.239578 0.942038 0.234878
vn -0.241589 0.932601 0.268122
vn 0.055313 0.988544 0.140429
vn -0.337680 0.911527 0.234716
vn -0.336099 0.929318 0.152989
vn -0.286058 0.921327 0.263302
vn -0.348583 0.930437 0.113035
vn -0.241589 0.932601 0.268122
vn -0.252203 0.964595 0.077143
vn -0.358890 0.933217 0.017427
vn -0.017303 0.942310 0.334295
vn -0.348583 0.930437 0.113035
vn -0.286058 0.921327 0.263302
vn -0.300070 0.932175 0.202505
vn -0.337680 0.911527 0.234716
vn -0.241589 0.932601 0.268122
vn -0.359824 0.928978 0.086761
vn -0.336099 0.929318 0.152989
vn -0.252203 0.964595 0.077143
vn 0.297673 0.844303 0.445582
vn -0.358890 0.933217 0.017427
vn -0.252203 0.964595 0.077143
vn -0.359824 0.928978 0.086761
vn 0.721189 0.080270 0.688073
vn -0.017303 0.942310 0.334295
vn -0.358890 0.933217 0.017427
vn 0.665809 0.059505 0.743746
vn -0.252203 0.964595 0.077143
vn -0.017303 0.942310 0.334295
vn 0.070404 -0.959635 0.272293
vn -0.105989 -0.914755 0.389859
vn -0.021054 -0.941235 0.337095
vn -0.788222 -0.404922 -0.463404
vn -0.105989 -0.914755 0.389859
vn -0.822290 -0.540237 -0.178836
vn 0.033830 -0.999417 -0.004680
vn 0.070404 -0.959635 0.272293
vn -0.021054 -0.941235 0.337095
vn -0.822290 -0.540237 -0.178836
vn 0.070404 -0.959635 0.272293
vn -0.074122 -0.987367 0.140043
vn -0.404794 0.877575 -0.256912
vn -0.788222 -0.404922 -0.463404
vn -0.822290 -0.540237 -0.178836
vn -0.406914 -0.907485 -0.104365
vn -0.835187 0.040215 -0.548493
vn -0.829943 -0.408541 -0.379853
vn -0.054867 -0.971451 0.230808
vn -0.105989 -0.914755 0.389859
vn -0.406914 -0.907485 -0.104365
vn -0.788222 -0.404922 -0.463404
vn -0.406914 -0.907485 -0.104365
vn -0.105989 -0.914755 0.389859
vn -0.394422 0.912298 -0.110197
vn -0.340162 0.940047 -0.024537
vn -0.297871 0.928431 -0.222011
vn -0.348583 0.930437 0.113035
vn -0.359824 0.928978 0.086761
vn -0.241589 0.932601 0.268122
vn 0.049535 0.946701 0.318282
vn -0.394422 0.912298 -0.110197
vn -0.297871 0.928431 -0.222011
vn -0.358890 0.933217 0.017427
vn -0.394422 0.912298 -0.110197
vn -0.026709 0.951494 0.306506
vn -0.394422 0.912298 -0.110197
vn -0.348583 0.930437 0.113035
vn -0.340162 0.940047 -0.024537
vn -0.358890 0.933217 0.017427
vn -0.359824 0.928978 0.086761
vn -0.348583 0.930437 0.113035
vn 0.088295 0.922637 0.375427
vn -0.120924 0.946926 0.297839
vn -0.171005 0.925731 0.337312
vn 0.088295 0.922637 0.375427
vn 0.141707 0.876905 0.459300
vn 0.324745 0.849805 0.415177
vn 0.152089 0.974771 -0.163369
vn -0.146297 0.934809 -0.323619
vn 0.162107 0.838358 -0.520459
vn -0.145525 -0.984595 0.096932
vn -0.192094 -0.953305 0.233044
vn -0.803954 -0.237642 0.545146
vn -0.556462 0.774791 0.300080
vn -0.700269 -0.602194 0.383386
vn -0.803954 -0.237642 0.545146
vn -0.062245 0.995852 0.066363
vn -0.040102 0.978474 0.202437
vn -0.151356 0.965337 0.212638
vn 0.264970 0.916564 -0.299503
vn -0.556462 0.774791 0.300080
vn -0.158036 0.987166 0.022977
vn -0.050281 0.992298 0.113214
vn -0.000139 1.000000 0.000773
vn -0.026669 0.996310 0.081585
vn 0.179754 0.959157 -0.218417
vn 0.339078 0.882115 -0.326954
vn 0.200467 0.958435 -0.203017
vn -0.329462 0.903712 -0.273421
vn -0.091848 0.784548 0.613228
vn 0.286742 0.908359 0.304407
vn -0.306745 0.951783 -0.004173
vn -0.189830 0.980943 -0.041408
vn -0.317989 0.499439 -0.805880
vn -0.906452 -0.106391 0.408687
vn -0.556462 0.774791 0.300080
vn 0.141845 0.985930 -0.088439
vn -0.113898 0.986838 -0.114792
vn -0.140707 0.989008 0.045429
vn 0.057891 0.931708 -0.358566
vn 0.000568 1.000000 -0.000429
vn 0.045868 0.997795 -0.047978
vn 0.008164 0.999780 0.019315
vn 0.010818 0.999818 0.015729
vn -0.000756 0.999999 -0.001015
vn 0.000568 1.000000 0.000039
vn -0.317989 0.499439 -0.805880
vn 0.119876 -0.244039 -0.962328
vn 0.247843 0.144705 -0.957932
vn -0.503807 0.825915 0.253065
vn 0.346637 0.924943 -0.155958
vn -0.500547 0.819552 0.278903
vn -0.256087 0.887582 -0.382906
vn -0.760013 -0.629457 0.161750
vn -0.904188 -0.423297 0.057129
vn -0.091848 0.784548 0.613228
vn 0.041728 0.522296 -0.851743
vn 0.286742 0.908359 0.304407
vn -0.906452 -0.106391 0.408687
vn -0.501614 -0.830706 0.241476
vn -0.268996 -0.953616 0.135123
vn -0.818129 -0.316351 0.480194
vn -0.366453 0.905493 0.213997
vn -0.917761 -0.106049 0.382712
vn -0.604863 -0.714653 0.351301
vn -0.503807 0.825915 0.253065
vn -0.500547 0.819552 0.278903
vn -0.604863 -0.714653 0.351301
vn -0.501614 -0.830706 0.241476
vn -0.503807 0.825915 0.253065
vn 0.119876 -0.244039 -0.962328
vn -0.091848 0.784548 0.613228
vn -0.475266 0.862401 -0.174319
vn 0.589926 0.678774 -0.437325
vn -0.608391 -0.328501 -0.722460
vn 0.886251 0.095851 -0.453180
vn -0.917761 -0.106049 0.382712
vn -0.366453 0.905493 0.213997
vn -0.001151 0.999106 0.042256
vn 0.075531 0.993052 0.090243
vn 0.043195 0.997972 0.046757
vn 0.083370 0.994952 -0.055848
vn -0.000224 1.000000 0.000412
vn 0.000145 1.000000 0.000892
vn -0.000866 1.000000 0.000332
vn 0.508954 0.731889 -0.453105
vn 0.064672 0.910379 -0.408690
vn 0.374866 0.924644 0.067144
vn -0.032741 0.378523 -0.925013
vn -0.103866 -0.096761 -0.989873
vn 0.018895 -0.260660 -0.965246
vn 0.039825 0.997241 0.062638
vn 0.051570 0.995770 0.076048
vn 0.043563 0.997427 0.056932
vn 0.053617 0.995230 0.081506
vn 0.059722 0.993423 0.097697
vn 0.038868 0.996250 0.077294
vn 0.067220 0.994571 0.079433
vn 0.039825 0.997241 0.062638
vn 0.021190 0.999455 0.025310
vn -0.267914 0.958503 0.097435
vn 0.443083 0.896438 -0.008721
vn 0.035364 0.996160 0.080088
vn 0.002826 0.999991 0.003296
vn 0.021190 0.999455 0.025310
vn 0.009216 0.999845 0.015019
vn 0.007542 0.999106 0.041596
vn 0.037336 0.998508 0.039844
vn 0.021190 0.999455 0.025310
vn 0.861485 0.496487 -0.106513
vn 0.961400 -0.242378 -0.130241
vn 0.603725 -0.789188 -0.112689
vn 0.009216 0.999845 0.015019
vn 0.021190 0.999455 0.025310
vn 0.039825 0.997241 0.062638
vn 0.195254 0.977809 0.075936
vn 0.899856 -0.435229 -0.028903
vn 0.443083 0.896438 -0.008721
vn 0.036483 0.997296 0.063796
vn 0.039825 0.997241 0.062638
vn 0.067220 0.994571 0.079433
vn 0.036483 0.997296 0.063796
vn 0.067220 0.994571 0.079433
vn 0.022051 0.999379 0.027469
vn 0.214848 0.974506 0.064643
vn -0.040102 0.978474 0.202437
vn 0.076468 0.990816 0.111521
vn 0.179928 0.974907 -0.131081
vn 0.189485 0.954714 -0.229382
vn -0.059297 0.911782 0.406371
vn 0.104706 0.985336 0.134718
vn -0.110599 0.910533 0.398369
vn -0.101607 0.980344 0.169122
vn -0.040102 0.978474 0.202437
vn -0.062245 0.995852 0.066363
vn 0.016907 0.992099 0.124315
vn -0.101607 0.980344 0.169122
vn -0.151356 0.965337 0.212638
vn 0.104706 0.985336 0.134718
vn 0.013115 0.999798 -0.015220
vn 0.080146 0.995273 -0.054845
vn 0.174280 0.972454 -0.154787
vn 0.326331 0.927974 -0.179926
vn 0.344164 0.932251 -0.111619
vn 0.104706 0.985336 0.134718
vn -0.040376 0.891208 -0.451795
vn 0.218399 0.770881 -0.598368
vn -0.004852 0.977345 -0.211597
vn 0.159088 0.862521 0.480364
vn 0.069001 0.980880 0.181968
vn 0.459078 0.878179 0.134348
vn 0.216877 0.935143 -0.280130
vn 0.179928 0.974907 -0.131081
vn -0.059297 0.911782 0.406371
vn -0.085698 0.970380 -0.225873
vn -0.134280 0.677480 -0.723180
vn -0.040376 0.891208 -0.451795
vn 0.344164 0.932251 -0.111619
vn -0.110599 0.910533 0.398369
vn 0.104706 0.985336 0.134718
vn 0.459078 0.878179 0.134348
vn 0.244528 0.952640 0.180783
vn 0.159088 0.862521 0.480364
vn 0.013866 0.990644 0.135769
vn 0.007542 0.999106 0.041596
vn 0.076468 0.990816 0.111521
vn -0.906452 -0.106391 0.408687
vn -0.503807 0.825915 0.253065
vn -0.501614 -0.830706 0.241476
vn 0.717002 0.664866 0.209432
vn 0.548665 0.833191 0.068991
vn 0.068107 0.997248 0.029307
vn -0.134280 0.677480 -0.723180
vn -0.146335 0.706012 -0.692916
vn -0.033435 0.783096 -0.621002
vn 0.768742 0.086234 -0.633719
vn 0.324627 0.767239 -0.553138
vn 0.973346 0.229292 -0.004808
vn -0.358154 0.856862 0.370828
vn -0.973299 0.183881 -0.137394
vn -0.903581 0.120539 0.411111
vn 0.205916 0.908885 0.362665
vn 0.060560 0.597912 0.799271
vn 0.126865 -0.960675 0.246999
vn -0.182509 0.931148 -0.315679
vn -0.608391 -0.328501 -0.722460
vn 0.010789 0.154974 -0.987860
vn 0.023687 0.908486 -0.417243
vn -0.209060 0.926794 -0.312005
vn -0.270827 0.788824 -0.551733
vn -0.121806 0.013824 -0.992458
vn 0.077313 -0.390037 -0.917548
vn 0.042748 0.298051 -0.953592
vn 0.067220 0.994571 0.079433
vn 0.021190 0.999455 0.025310
vn 0.037336 0.998508 0.039844
vn -0.159283 -0.594413 0.788227
vn 0.098558 0.994583 -0.033019
vn 0.205916 0.908885 0.362665
vn -0.529148 0.831343 0.169917
vn -0.209060 0.926794 -0.312005
vn -0.291685 0.941909 -0.166516
vn 0.075445 0.992451 0.096695
vn 0.064211 0.198149 -0.978066
vn -0.189830 0.980943 -0.041408
vn -0.207003 0.942615 -0.261969
vn -0.209060 0.926794 -0.312005
vn -0.261864 0.953306 -0.150447
vn -0.608391 -0.328501 -0.722460
vn -0.875340 -0.225613 -0.427643
vn -0.754020 -0.560691 -0.342169
vn -0.317989 0.499439 -0.805880
vn -0.461323 0.777760 -0.426931
vn -0.678462 0.734092 0.028267
vn 0.205916 0.908885 0.362665
vn 0.126865 -0.960675 0.246999
vn -0.159283 -0.594413 0.788227
vn -0.905818 0.303498 -0.295606
vn -0.021133 0.958059 -0.285791
vn 0.419757 0.907628 -0.003886
vn 0.021190 0.999455 0.025310
vn 0.002826 0.999991 0.003296
vn 0.007542 0.999106 0.041596
vn -0.795019 0.393152 -0.461927
vn -0.754020 -0.560691 -0.342169
vn -0.875340 -0.225613 -0.427643
vn -0.288114 -0.271620 -0.918266
vn -0.121806 0.013824 -0.992458
vn -0.664851 0.718648 -0.203758
vn -0.608391 -0.328501 -0.722460
vn 0.270790 0.431027 -0.860749
vn 0.010789 0.154974 -0.987860
vn 0.637788 0.726032 -0.257107
vn 0.545647 0.480228 -0.686768
vn 0.933878 0.096244 -0.344396
vn 0.865073 0.452737 -0.216052
vn 0.688899 0.692796 -0.213193
vn 0.594000 0.795692 -0.118481
vn 0.064672 0.910379 -0.408690
vn -0.875340 -0.225613 -0.427643
vn -0.182509 0.931148 -0.315679
vn 0.324627 0.767239 -0.553138
vn 0.589926 0.678774 -0.437325
vn 0.973346 0.229292 -0.004808
vn -0.317989 0.499439 -0.805880
vn -0.678462 0.734092 0.028267
vn -0.306745 0.951783 -0.004173
vn 0.390521 -0.091119 0.916074
vn 0.230986 0.963714 0.133791
vn 0.858987 0.314017 0.404394
vn -0.529015 0.705671 -0.471351
vn -0.021133 0.958059 -0.285791
vn -0.794169 -0.281636 -0.538495
vn -0.927074 0.094854 0.362680
vn -0.001151 0.999106 0.042256
vn -0.084078 0.965439 0.246697
vn 0.205916 0.908885 0.362665
vn -0.146297 0.934809 -0.323619
vn 0.060560 0.597912 0.799271
vn -0.027698 0.983212 -0.180355
vn -0.340177 0.860692 0.378800
vn -0.664851 0.718648 -0.203758
vn 0.651839 0.717267 -0.246240
vn 0.878334 -0.202808 -0.432896
vn 0.885881 0.175448 -0.429457
vn 0.285715 0.951157 -0.116906
vn 0.357807 0.932773 -0.043687
vn 0.488873 0.856819 -0.163904
vn 0.205790 0.813387 0.544106
vn -0.110296 0.931609 0.346323
vn -0.276468 0.893637 0.353523
vn 0.286848 0.850289 -0.441280
vn 0.628738 0.758560 -0.171102
vn 0.040740 0.823022 -0.566546
vn 0.069001 0.980880 0.181968
vn -0.075435 0.917429 -0.390684
vn -0.125335 0.837793 -0.531408
vn 0.077313 -0.390037 -0.917548
vn -0.438232 -0.711391 -0.549432
vn -0.480999 0.399446 -0.780438
vn -0.795019 0.393152 -0.461927
vn 0.064672 0.910379 -0.408690
vn 0.303956 0.806863 -0.506540
vn 0.499424 0.861191 0.094479
vn 0.538349 0.836457 -0.102566
vn 0.799281 0.595709 -0.079251
vn 0.366722 0.776818 0.511926
vn -0.182509 0.931148 -0.315679
vn -0.046227 0.724699 0.687513
vn 0.158026 0.985810 -0.056628
vn 0.129223 0.844829 -0.519196
vn 0.453448 0.875014 -0.169516
vn -0.754020 -0.560691 -0.342169
vn 0.886251 0.095851 -0.453180
vn -0.608391 -0.328501 -0.722460
vn 0.064211 0.198149 -0.978066
vn -0.317989 0.499439 -0.805880
vn -0.189830 0.980943 -0.041408
vn -0.121191 0.966322 0.227012
vn -0.434911 0.900293 0.018015
vn -0.340177 0.860692 0.378800
vn 0.858987 0.314017 0.404394
vn 0.126865 -0.960675 0.246999
vn 0.183242 -0.389655 0.902547
vn -0.664851 0.718648 -0.203758
vn -0.340177 0.860692 0.378800
vn -0.434911 0.900293 0.018015
vn -0.021133 0.958059 -0.285791
vn 0.124626 0.992197 0.003560
vn 0.419757 0.907628 -0.003886
vn 0.067220 0.994571 0.079433
vn 0.013866 0.990644 0.135769
vn 0.016907 0.992099 0.124315
vn 0.135401 0.949189 0.284089
vn 0.587191 0.742119 0.323212
vn -0.205841 0.722894 0.659586
vn 0.886251 0.095851 -0.453180
vn 0.973346 0.229292 -0.004808
vn 0.589926 0.678774 -0.437325
vn -0.046227 0.724699 0.687513
vn -0.182509 0.931148 -0.315679
vn 0.010789 0.154974 -0.987860
vn 0.768742 0.086234 -0.633719
vn -0.027698 0.983212 -0.180355
vn 0.324627 0.767239 -0.553138
vn 0.022051 0.999379 0.027469
vn 0.067220 0.994571 0.079433
vn 0.016907 0.992099 0.124315
vn 0.589926 0.678774 -0.437325
vn 0.324627 0.767239 -0.553138
vn -0.121806 0.013824 -0.992458
vn 0.270790 0.431027 -0.860749
vn -0.608391 -0.328501 -0.722460
vn 0.589926 0.678774 -0.437325
vn -0.961268 -0.267956 -0.064519
vn -0.615351 -0.434672 -0.657574
vn -0.905818 0.303498 -0.295606
vn 0.416881 0.908957 0.002755
vn -0.110296 0.931609 0.346323
vn 0.205790 0.813387 0.544106
vn 0.033236 0.863532 -0.503198
vn 0.792920 0.582442 -0.178996
vn 0.876099 0.455884 -0.156909
vn -0.917761 -0.106049 0.382712
vn -0.001151 0.999106 0.042256
vn -0.927074 0.094854 0.362680
vn 0.101247 0.011192 0.994798
vn 0.268464 0.352301 0.896555
vn 0.390521 -0.091119 0.916074
vn -0.075435 0.917429 -0.390684
vn 0.069001 0.980880 0.181968
vn 0.159088 0.862521 0.480364
vn 0.023687 0.908486 -0.417243
vn 0.098558 0.994583 -0.033019
vn -0.291685 0.941909 -0.166516
vn 0.014606 0.999472 0.029013
vn 0.004507 0.999984 0.003541
vn -0.000256 1.000000 0.000392
vn 0.095157 -0.993867 0.056337
vn 0.282575 -0.959080 -0.017780
vn 0.621302 -0.779722 -0.077568
vn 0.961400 -0.242378 -0.130241
vn 0.621302 -0.779722 -0.077568
vn 0.282575 -0.959080 -0.017780
vn 0.008804 0.999282 0.036849
vn -0.001028 0.999995 0.002831
vn -0.004510 0.999796 0.019700
vn -0.162510 0.932826 -0.321600
vn 0.217566 0.975962 -0.012742
vn 0.617556 0.689038 -0.379277
vn 0.064672 0.910379 -0.408690
vn -0.795019 0.393152 -0.461927
vn -0.875340 -0.225613 -0.427643
vn 0.443083 0.896438 -0.008721
vn -0.267914 0.958503 0.097435
vn -0.259726 0.964915 0.038486
vn 0.119876 -0.244039 -0.962328
vn 0.064211 0.198149 -0.978066
vn 0.018895 -0.260660 -0.965246
vn -0.678462 0.734092 0.028267
vn -0.378401 0.924616 0.043564
vn -0.306745 0.951783 -0.004173
vn -0.258836 0.964230 0.057127
vn -0.168442 0.985051 0.036094
vn -0.288257 0.954695 0.073934
vn 0.155222 0.971945 0.176719
vn -0.306745 0.951783 -0.004173
vn -0.378401 0.924616 0.043564
vn -0.151356 0.965337 0.212638
vn -0.040102 0.978474 0.202437
vn 0.104706 0.985336 0.134718
vn -0.199649 0.659542 0.724669
vn 0.273858 0.951171 -0.142391
vn 0.214635 0.975973 -0.037522
vn -0.049010 0.969520 -0.240062
vn -0.146335 0.706012 -0.692916
vn -0.044164 0.984417 -0.170211
vn 0.299442 0.912609 0.278351
vn -0.124353 0.938789 0.321265
vn -0.125731 0.944542 0.303369
vn -0.084681 0.931430 0.353931
vn 0.168708 0.984088 0.055752
vn 0.504368 0.858483 -0.092848
vn -0.000224 1.000000 0.000412
vn 0.024441 0.999701 0.000425
vn 0.000739 1.000000 0.000571
vn -0.171701 0.905792 0.387376
vn 0.299442 0.912609 0.278351
vn 0.391411 0.913299 -0.112614
vn 0.961400 -0.242378 -0.130241
vn 0.861485 0.496487 -0.106513
vn 0.035364 0.996160 0.080088
vn -0.059297 0.911782 0.406371
vn -0.065494 0.945989 0.317514
vn 0.216877 0.935143 -0.280130
vn 0.968465 -0.125036 -0.215501
vn 0.432693 0.901363 0.017941
vn 0.884323 -0.323188 -0.336930
vn 0.351833 0.934871 -0.047230
vn 0.056575 0.998138 -0.022784
vn 0.024441 0.999701 0.000425
vn 0.443083 0.896438 -0.008721
vn 0.621302 -0.779722 -0.077568
vn 0.961400 -0.242378 -0.130241
vn -0.311042 0.950392 0.002852
vn -0.316275 0.932687 0.173396
vn -0.113898 0.986838 -0.114792
vn 0.899856 -0.435229 -0.028903
vn 0.621302 -0.779722 -0.077568
vn 0.443083 0.896438 -0.008721
vn 0.229907 0.775712 -0.587720
vn 0.339664 0.899122 -0.276059
vn 0.272360 0.808102 -0.522294
vn 0.142771 0.952131 0.270301
vn 0.126584 0.986626 0.102696
vn 0.114805 0.839983 0.530328
vn 0.214848 0.974506 0.064643
vn 0.076468 0.990816 0.111521
vn 0.103102 0.992939 0.058677
vn 0.035364 0.996160 0.080088
vn 0.443083 0.896438 -0.008721
vn 0.961400 -0.242378 -0.130241
vn -0.008092 0.985459 0.169721
vn 0.008804 0.999282 0.036849
vn -0.025445 0.993595 0.110103
vn 0.271499 0.960158 -0.066217
vn 0.105073 0.935649 0.336927
vn 0.189485 0.954714 -0.229382
vn 0.194166 0.960141 -0.201069
vn -0.378401 0.924616 0.043564
vn -0.356149 0.872925 0.333407
vn 0.617556 0.689038 -0.379277
vn 0.066751 0.904445 -0.421335
vn -0.162510 0.932826 -0.321600
vn 0.803465 0.514767 -0.299095
vn 0.750318 -0.543849 -0.375835
vn 0.901716 0.337300 -0.270438
vn -0.162510 0.932826 -0.321600
vn -0.391771 0.717768 -0.575608
vn -0.285136 0.796785 -0.532758
vn -0.822704 0.516040 0.238456
vn -0.351954 0.862934 0.362593
vn -0.504264 0.834726 0.221248
vn 0.641262 0.758333 -0.117105
vn -0.351954 0.862934 0.362593
vn 0.503688 0.863473 -0.026703
vn 0.053163 0.993952 0.096094
vn 0.032322 0.998878 0.034607
vn 0.073962 0.995437 0.060285
vn 0.922605 0.343643 -0.175239
vn 0.603725 -0.789188 -0.112689
vn 0.884323 -0.323188 -0.336930
vn -0.240334 0.963113 0.121053
vn 0.099187 0.978833 0.179019
vn 0.054017 0.966345 0.251516
vn -0.000062 1.000000 -0.000152
vn -0.197133 0.959709 0.200243
vn -0.144460 0.972284 0.183834
vn 0.189485 0.954714 -0.229382
vn 0.179246 0.945557 -0.271648
vn 0.224061 0.963887 -0.143939
vn 0.084113 0.924797 0.371048
vn -0.154231 0.838992 0.521829
vn -0.091956 0.972795 0.212638
vn 0.000933 0.999999 0.000545
vn 0.000966 0.999999 0.000713
vn -0.020311 0.996539 0.080605
vn -0.709236 0.618864 0.337625
vn -0.796233 -0.480391 0.367747
vn -0.641633 -0.666236 0.380049
vn 0.057891 0.931708 -0.358566
vn 0.066938 0.984299 -0.163326
vn -0.113898 0.986838 -0.114792
vn -0.421438 0.884098 0.201892
vn 0.503688 0.863473 -0.026703
vn -0.351954 0.862934 0.362593
vn -0.113120 0.960743 0.253333
vn 0.000966 0.999999 0.000713
vn -0.144460 0.972284 0.183834
vn -0.020311 0.996539 0.080605
vn 0.276801 0.945704 0.170366
vn 0.068107 0.997248 0.029307
vn 0.044550 0.997019 0.062992
vn -0.000226 1.000000 -0.000226
vn 0.008164 0.999780 0.019315
vn 0.002826 0.999991 0.003296
vn 0.000000 1.000000 0.000000
vn 0.007542 0.999106 0.041596
vn 0.885881 0.175448 -0.429457
vn 0.878334 -0.202808 -0.432896
vn 0.797746 0.558088 -0.228338
vn -0.107684 0.994105 -0.012639
vn -0.027018 0.999615 -0.006316
vn -0.016368 0.999860 -0.003531
vn -0.080084 -0.074894 0.993971
vn -0.301289 -0.041760 0.952618
vn 0.018642 0.506769 0.861880
vn -0.240566 0.803953 -0.543864
vn -0.360094 0.716884 -0.597001
vn -0.309651 0.649851 -0.694126
vn 0.621302 -0.779722 -0.077568
vn 0.899856 -0.435229 -0.028903
vn 0.095157 -0.993867 0.056337
vn -0.224503 0.958235 0.177158
vn -0.169050 0.972724 0.158842
vn -0.147629 0.972904 0.177942
vn 0.276801 0.945704 0.170366
vn -0.100967 0.988468 0.112856
vn -0.237903 -0.791281 0.563274
vn 0.891211 0.348384 -0.290468
vn 0.857999 0.445983 -0.254828
vn -0.311255 0.910823 -0.271149
vn -0.420575 0.836517 0.351220
vn -0.002277 0.999164 0.040816
vn 0.519289 0.842510 -0.143237
vn 0.603395 0.713690 -0.355753
vn 0.935957 -0.236731 -0.260660
vn 0.891211 0.348384 -0.290468
vn 0.901716 0.337300 -0.270438
vn 0.888402 -0.456823 -0.045326
vn 0.803465 0.514767 -0.299095
vn 0.892419 -0.016222 -0.450915
vn 0.899837 -0.250380 -0.357216
vn 0.878334 -0.202808 -0.432896
vn 0.222225 0.830671 0.510492
vn -0.678038 0.703470 0.213059
vn -0.189300 0.975277 0.114020
vn 0.651839 0.717267 -0.246240
vn 0.508954 0.731889 -0.453105
vn 0.374866 0.924644 0.067144
vn -0.678462 0.734092 0.028267
vn -0.822704 0.516040 0.238456
vn -0.378401 0.924616 0.043564
vn -0.332668 0.942620 0.028295
vn -0.184739 0.981772 -0.044659
vn -0.302275 0.929879 0.209657
vn 0.138055 0.818011 0.558390
vn 0.892419 -0.016222 -0.450915
vn 0.651839 0.717267 -0.246240
vn -0.297785 0.948226 0.110413
vn 0.803465 0.514767 -0.299095
vn -0.184739 0.981772 -0.044659
vn -0.833334 0.547677 -0.074857
vn -0.385595 0.908785 0.159460
vn -0.796025 0.604741 0.025157
vn 0.589926 0.678774 -0.437325
vn -0.121806 0.013824 -0.992458
vn 0.270790 0.431027 -0.860749
vn 0.740751 0.371178 -0.559924
vn 0.558375 0.566689 -0.605872
vn 0.508954 0.731889 -0.453105
vn -0.608391 -0.328501 -0.722460
vn -0.182509 0.931148 -0.315679
vn -0.875340 -0.225613 -0.427643
vn -0.461323 0.777760 -0.426931
vn -0.421438 0.884098 0.201892
vn -0.678462 0.734092 0.028267
vn -0.813828 0.417060 0.404655
vn -0.810090 0.530729 0.249162
vn -0.504264 0.834726 0.221248
vn -0.317989 0.499439 -0.805880
vn 0.247843 0.144705 -0.957932
vn -0.461323 0.777760 -0.426931
vn -0.637423 0.602726 0.480015
vn 0.217590 0.973869 -0.065074
vn -0.158036 0.987166 0.022977
vn -0.091848 0.784548 0.613228
vn 0.119876 -0.244039 -0.962328
vn 0.041728 0.522296 -0.851743
vn 0.230986 0.963714 0.133791
vn 0.040740 0.823022 -0.566546
vn 0.628738 0.758560 -0.171102
vn -0.329462 0.903712 -0.273421
vn -0.475266 0.862401 -0.174319
vn -0.091848 0.784548 0.613228
vn -0.475266 0.862401 -0.174319
vn 0.247843 0.144705 -0.957932
vn 0.119876 -0.244039 -0.962328
vn -0.351954 0.862934 0.362593
vn -0.678462 0.734092 0.028267
vn -0.421438 0.884098 0.201892
vn 0.064211 0.198149 -0.978066
vn 0.119876 -0.244039 -0.962328
vn -0.317989 0.499439 -0.805880
vn 0.885881 0.175448 -0.429457
vn 0.797746 0.558088 -0.228338
vn 0.641262 0.758333 -0.117105
vn 0.699151 0.548526 -0.458593
vn 0.643728 0.606078 -0.467209
vn 0.391411 0.913299 -0.112614
vn 0.558375 0.566689 -0.605872
vn 0.303956 0.806863 -0.506540
vn 0.508954 0.731889 -0.453105
vn 0.041728 0.522296 -0.851743
vn 0.119876 -0.244039 -0.962328
vn 0.018895 -0.260660 -0.965246
vn -0.678038 0.703470 0.213059
vn 0.222225 0.830671 0.510492
vn -0.051383 0.908680 0.414319
vn 0.614977 0.701803 -0.359550
vn 0.027023 0.963697 -0.265627
vn 0.324925 0.865838 0.380457
vn -0.678462 0.734092 0.028267
vn -0.351954 0.862934 0.362593
vn -0.822704 0.516040 0.238456
vn -0.059719 0.991664 0.114175
vn 0.797746 0.558088 -0.228338
vn 0.834413 0.518245 -0.187556
vn 0.912983 0.394580 0.103775
vn 0.578248 0.788958 0.207783
vn 0.548665 0.833191 0.068991
vn 0.546994 0.786599 -0.286462
vn 0.912301 0.210854 -0.351066
vn 0.286848 0.850289 -0.441280
vn 0.538349 0.836457 -0.102566
vn 0.499424 0.861191 0.094479
vn 0.765298 0.636095 -0.098500
vn 0.282213 0.784957 0.551542
vn 0.313330 0.616408 0.722403
vn 0.146584 0.666618 0.730845
vn -0.493836 -0.570094 0.656597
vn -0.451296 -0.393321 0.801018
vn -0.461091 -0.317475 0.828616
vn -0.598952 0.381508 0.704066
vn -0.451296 -0.393321 0.801018
vn -0.493836 -0.570094 0.656597
vn -0.182509 0.931148 -0.315679
vn 0.374866 0.924644 0.067144
vn 0.064672 0.910379 -0.408690
vn 0.012383 0.626524 -0.779304
vn -0.246954 0.870907 -0.424893
vn -0.083255 0.992848 0.085561
vn -0.219612 0.576957 -0.786696
vn 0.105645 0.907625 0.406271
vn -0.393234 0.907724 0.146303
vn 0.051570 0.995770 0.076048
vn 0.039825 0.997241 0.062638
vn 0.036483 0.997296 0.063796
vn 0.286742 0.908359 0.304407
vn 0.041728 0.522296 -0.851743
vn -0.103866 -0.096761 -0.989873
vn 0.018226 0.999353 0.031021
vn 0.009216 0.999845 0.015019
vn 0.039825 0.997241 0.062638
vn -0.051383 0.908680 0.414319
vn -0.393234 0.907724 0.146303
vn -0.276468 0.893637 0.353523
vn -0.103866 -0.096761 -0.989873
vn 0.298748 0.835907 -0.460444
vn 0.286742 0.908359 0.304407
vn 0.366722 0.776818 0.511926
vn 0.478057 0.767026 0.427940
vn -0.182509 0.931148 -0.315679
vn 0.012383 0.626524 -0.779304
vn -0.114233 -0.037991 -0.992727
vn -0.246954 0.870907 -0.424893
vn -0.813828 0.417060 0.404655
vn -0.504264 0.834726 0.221248
vn -0.059719 0.991664 0.114175
vn -0.192094 -0.953305 0.233044
vn -0.637423 0.602726 0.480015
vn -0.803954 -0.237642 0.545146
vn -0.219612 0.576957 -0.786696
vn -0.109032 -0.001685 -0.994037
vn 0.105645 0.907625 0.406271
vn 0.000000 1.000000 0.000000
vn 0.000000 1.000000 0.000000
vn 0.039347 0.998975 0.022377
vn 0.165347 0.986198 -0.008549
vn 0.138726 0.986759 0.084032
vn 0.118821 0.991913 -0.044608
vn -0.153318 0.924025 0.350245
vn -0.212865 0.927587 0.307036
vn -0.116744 0.961300 0.249545
vn -0.002277 0.999164 0.040816
vn -0.420575 0.836517 0.351220
vn -0.580889 -0.072265 0.810768
vn -0.237903 -0.791281 0.563274
vn -0.095366 -0.741205 0.664471
vn 0.276801 0.945704 0.170366
vn 0.628738 0.758560 -0.171102
vn 0.858987 0.314017 0.404394
vn 0.230986 0.963714 0.133791
vn -0.109966 0.768944 0.629788
vn -0.274741 0.766016 0.581151
vn -0.018847 0.845340 0.533896
vn 0.138732 0.972523 0.186955
vn 0.391411 0.913299 -0.112614
vn 0.643728 0.606078 -0.467209
vn 0.282575 -0.959080 -0.017780
vn 0.603725 -0.789188 -0.112689
vn 0.961400 -0.242378 -0.130241
vn -0.021133 0.958059 -0.285791
vn -0.529015 0.705671 -0.471351
vn 0.124626 0.992197 0.003560
vn 0.075445 0.992451 0.096695
vn 0.018895 -0.260660 -0.965246
vn 0.064211 0.198149 -0.978066
vn -0.083255 0.992848 0.085561
vn -0.246954 0.870907 -0.424893
vn -0.393234 0.907724 0.146303
vn -0.219612 0.576957 -0.786696
vn -0.246954 0.870907 -0.424893
vn -0.114233 -0.037991 -0.992727
vn -0.246954 0.870907 -0.424893
vn -0.219612 0.576957 -0.786696
vn -0.393234 0.907724 0.146303
vn -0.114233 -0.037991 -0.992727
vn -0.073592 0.218282 -0.973107
vn -0.219612 0.576957 -0.786696
vn -0.032741 0.378523 -0.925013
vn 0.195339 0.824342 0.531322
vn 0.341326 0.922961 0.177874
vn -0.276468 0.893637 0.353523
vn -0.393234 0.907724 0.146303
vn 0.105645 0.907625 0.406271
vn -0.051383 0.908680 0.414319
vn -0.083255 0.992848 0.085561
vn -0.393234 0.907724 0.146303
vn -0.219612 0.576957 -0.786696
vn -0.073592 0.218282 -0.973107
vn -0.109032 -0.001685 -0.994037
vn -0.109032 -0.001685 -0.994037
vn 0.298748 0.835907 -0.460444
vn -0.103866 -0.096761 -0.989873
vn 0.717002 0.664866 0.209432
vn 0.276801 0.945704 0.170366
vn -0.095366 -0.741205 0.664471
vn 0.276801 0.945704 0.170366
vn 0.717002 0.664866 0.209432
vn 0.068107 0.997248 0.029307
vn -0.095366 -0.741205 0.664471
vn 0.029522 -0.918995 0.393163
vn 0.847348 0.513032 0.137110
vn 0.847348 0.513032 0.137110
vn 0.029522 -0.918995 0.393163
vn 0.912983 0.394580 0.103775
vn -0.337035 0.878396 0.338862
vn 0.138055 0.818011 0.558390
vn 0.146584 0.666618 0.730845
vn 0.892419 -0.016222 -0.450915
vn 0.901716 0.337300 -0.270438
vn 0.750318 -0.543849 -0.375835
vn 0.394391 0.894574 -0.210223
vn 0.649808 0.715755 -0.255820
vn 0.546994 0.786599 -0.286462
vn -0.030255 0.997947 0.056450
vn -0.000060 1.000000 -0.000112
vn -0.224804 0.973951 0.029727
vn -0.529015 0.705671 -0.471351
vn -0.121191 0.966322 0.227012
vn 0.124626 0.992197 0.003560
vn -0.529015 0.705671 -0.471351
vn -0.288114 -0.271620 -0.918266
vn -0.434911 0.900293 0.018015
vn -0.905818 0.303498 -0.295606
vn -0.615351 -0.434672 -0.657574
vn -0.794169 -0.281636 -0.538495
vn 0.494986 0.862095 -0.108545
vn 0.033236 0.863532 -0.503198
vn 0.876099 0.455884 -0.156909
vn -0.297785 0.948226 0.110413
vn -0.278219 0.958823 0.057031
vn -0.389866 0.868544 0.306000
vn 0.731898 0.487432 -0.476167
vn 0.614977 0.701803 -0.359550
vn 0.326724 0.870542 -0.367979
vn 0.168708 0.984088 0.055752
vn -0.274741 0.766016 0.581151
vn -0.511212 0.785408 0.348994
vn 0.069780 0.973082 -0.219640
vn 0.052570 0.978208 -0.200864
vn 0.001116 0.999999 -0.000967
vn 0.899837 -0.250380 -0.357216
vn 0.892419 -0.016222 -0.450915
vn 0.750318 -0.543849 -0.375835
vn -0.504264 0.834726 0.221248
vn -0.351954 0.862934 0.362593
vn 0.641262 0.758333 -0.117105
vn 0.503688 0.863473 -0.026703
vn 0.558375 0.566689 -0.605872
vn 0.740751 0.371178 -0.559924
vn -0.504264 0.834726 0.221248
vn 0.641262 0.758333 -0.117105
vn 0.797746 0.558088 -0.228338
vn -0.000588 1.000000 -0.000805
vn -0.001141 0.999999 0.001010
vn 0.039668 0.999179 -0.008264
vn 0.031067 0.897904 0.439094
vn 0.000107 0.690207 0.723612
vn 0.067303 0.963697 0.258378
vn -0.268996 -0.953616 0.135123
vn -0.145525 -0.984595 0.096932
vn -0.700269 -0.602194 0.383386
vn 0.141845 0.985930 -0.088439
vn 0.341205 0.927240 -0.154290
vn -0.503807 0.825915 0.253065
vn -0.158036 0.987166 0.022977
vn -0.803954 -0.237642 0.545146
vn -0.637423 0.602726 0.480015
vn -0.158036 0.987166 0.022977
vn -0.556462 0.774791 0.300080
vn -0.803954 -0.237642 0.545146
vn 0.045868 0.997795 -0.047978
vn 0.200467 0.958435 -0.203017
vn 0.083370 0.994952 -0.055848
vn 0.264970 0.916564 -0.299503
vn 0.174280 0.972454 -0.154787
vn 0.296159 0.933775 -0.200883
vn 0.053617 0.995230 0.081506
vn 0.044550 0.997019 0.062992
vn 0.059722 0.993423 0.097697
vn 0.346637 0.924943 -0.155958
vn 0.152896 0.986543 -0.057928
vn 0.209936 0.972705 -0.098851
vn -0.709236 0.618864 0.337625
vn -0.149555 0.978414 0.142613
vn -0.796233 -0.480391 0.367747
vn -0.517226 0.376661 0.768508
vn -0.019445 0.995476 -0.092999
vn -0.441161 0.799815 0.407029
vn -0.243237 0.298456 0.922908
vn -0.267856 0.595452 0.757424
vn -0.258687 0.256658 0.931240
vn -0.229363 0.706369 0.669653
vn -0.013635 0.985213 0.170792
vn 0.007378 0.998064 0.061757
vn -0.040376 0.891208 -0.451795
vn -0.134280 0.677480 -0.723180
vn -0.064618 0.778762 -0.623983
vn -0.207003 0.942615 -0.261969
vn -0.261864 0.953306 -0.150447
vn 0.077823 0.980599 -0.179912
vn 0.043563 0.997427 0.056932
vn 0.038868 0.996250 0.077294
vn 0.018226 0.999353 0.031021
vn 0.000568 1.000000 -0.000429
vn -0.000226 1.000000 -0.000226
vn 0.000738 1.000000 0.000559
vn -0.124891 0.964438 0.232943
vn -0.232814 0.875618 0.423191
vn -0.256046 0.720120 0.644878
vn 0.000524 0.999997 -0.002389
vn -0.001068 0.999999 -0.001019
vn 0.031271 0.998903 0.034866
vn -0.000017 0.999999 0.001632
vn -0.062245 0.995852 0.066363
vn -0.101607 0.980344 0.169122
vn -0.001763 0.999996 0.002185
vn 0.000568 1.000000 0.000039
vn -0.000756 0.999999 -0.001015
vn 0.036483 0.997296 0.063796
vn -0.000756 0.999999 -0.001015
vn 0.010818 0.999818 0.015729
vn 0.053617 0.995230 0.081506
vn 0.051570 0.995770 0.076048
vn 0.031271 0.998903 0.034866
vn 0.029041 0.999252 0.025521
vn 0.022705 0.999357 0.027763
vn 0.009564 0.999936 -0.006088
vn 0.105310 0.789331 0.604869
vn 0.115196 0.826158 0.551536
vn -0.024677 0.962482 0.270221
vn 0.013866 0.990644 0.135769
vn 0.067220 0.994571 0.079433
vn 0.037336 0.998508 0.039844
vn 0.214848 0.974506 0.064643
vn 0.175109 0.982345 -0.065840
vn 0.104706 0.985336 0.134718
vn 0.039347 0.998975 0.022377
vn 0.007542 0.999106 0.041596
vn 0.000000 1.000000 0.000000
vn 0.039347 0.998975 0.022377
vn 0.076468 0.990816 0.111521
vn 0.007542 0.999106 0.041596
vn -0.001028 0.999995 0.002831
vn -0.000256 1.000000 0.000392
vn -0.016368 0.999860 -0.003531
vn 0.039347 0.998975 0.022377
vn 0.103102 0.992939 0.058677
vn 0.076468 0.990816 0.111521
vn -0.168442 0.985051 0.036094
vn -0.099203 0.988226 0.116484
vn -0.093422 0.994875 0.038677
vn -0.116744 0.961300 0.249545
vn -0.024131 0.998453 0.050088
vn -0.088475 0.972233 0.216644
vn 0.179246 0.945557 -0.271648
vn 0.189485 0.954714 -0.229382
vn 0.179928 0.974907 -0.131081
vn 0.000126 0.999826 0.018683
vn -0.000865 0.999999 0.000781
vn -0.057882 0.985007 0.162515
vn -0.050352 0.962196 0.267662
vn -0.211531 0.944022 0.253136
vn -0.160732 0.919173 0.359563
vn 0.121773 0.986632 0.108303
vn -0.009630 0.991137 0.132492
vn 0.028814 0.997988 0.056477
vn 0.053472 0.978288 -0.200234
vn -0.140707 0.989008 0.045429
vn -0.008834 0.999894 -0.011601
vn 0.069780 0.973082 -0.219640
vn 0.279820 0.747485 -0.602467
vn 0.052570 0.978208 -0.200864
vn -0.382798 0.740471 -0.552421
vn -0.261864 0.953306 -0.150447
vn -0.529148 0.831343 0.169917
vn -0.339552 0.912608 0.227710
vn -0.973299 0.183881 -0.137394
vn -0.358154 0.856862 0.370828
vn 0.205916 0.908885 0.362665
vn 0.098558 0.994583 -0.033019
vn 0.023687 0.908486 -0.417243
vn 0.377657 0.808165 -0.451935
vn -0.270827 0.788824 -0.551733
vn -0.207003 0.942615 -0.261969
vn 0.162107 0.838358 -0.520459
vn -0.146297 0.934809 -0.323619
vn -0.270827 0.788824 -0.551733
vn -0.270827 0.788824 -0.551733
vn -0.146297 0.934809 -0.323619
vn 0.023687 0.908486 -0.417243
vn 0.126865 -0.960675 0.246999
vn 0.060560 0.597912 0.799271
vn 0.183242 -0.389655 0.902547
vn 0.060560 0.597912 0.799271
vn -0.146297 0.934809 -0.323619
vn 0.152089 0.974771 -0.163369
vn 0.002776 0.844993 0.534770
vn 0.439600 0.869681 -0.224515
vn -0.043441 0.982491 0.181176
vn 0.294918 0.835586 -0.463487
vn -0.019445 0.995476 -0.092999
vn -0.370505 0.630491 0.682061
vn 0.183242 -0.389655 0.902547
vn 0.101247 0.011192 0.994798
vn 0.390521 -0.091119 0.916074
vn 0.286848 0.850289 -0.441280
vn 0.912301 0.210854 -0.351066
vn 0.628738 0.758560 -0.171102
vn 0.637788 0.726032 -0.257107
vn 0.891211 0.348384 -0.290468
vn -0.137707 0.976388 -0.166444
vn 0.065175 0.997435 -0.029593
vn 0.284696 0.954603 0.087647
vn 0.101524 0.968933 0.225525
vn -0.954535 0.197887 -0.222945
vn -0.408867 0.906118 0.108528
vn -0.862652 0.483400 -0.148851
vn 0.649808 0.715755 -0.255820
vn 0.941513 0.030031 -0.335635
vn 0.918754 -0.000792 -0.394830
vn -0.180875 0.955369 -0.233568
vn -0.453053 0.883655 -0.117887
vn -0.043441 0.982491 0.181176
vn 0.625833 0.767148 0.140771
vn 0.499424 0.861191 0.094479
vn 0.106563 0.951086 0.289965
vn -0.259726 0.964915 0.038486
vn -0.288257 0.954695 0.073934
vn 0.195254 0.977809 0.075936
vn 0.039727 0.967900 0.248175
vn 0.028182 0.947775 0.317692
vn 0.003281 0.969364 0.245607
vn 0.123157 0.979752 0.157858
vn 0.108118 0.992353 0.059546
vn 0.055186 0.998475 0.001601
vn 0.039727 0.967900 0.248175
vn 0.003281 0.969364 0.245607
vn -0.161489 0.979379 0.121400
vn -0.080084 -0.074894 0.993971
vn -0.256622 0.213642 0.942604
vn -0.351005 -0.615503 0.705657
vn -0.133274 0.952942 -0.272286
vn -0.301289 -0.041760 0.952618
vn -0.209460 0.977801 0.005672
vn -0.209460 0.977801 0.005672
vn -0.009694 0.845476 -0.533926
vn -0.133274 0.952942 -0.272286
vn -0.184739 0.981772 -0.044659
vn -0.611426 0.789659 -0.050954
vn -0.297785 0.948226 0.110413
vn 0.056575 0.998138 -0.022784
vn 0.364960 0.930871 -0.016850
vn 0.256158 0.963216 0.081223
vn -0.019106 0.999134 -0.036973
vn 0.056575 0.998138 -0.022784
vn -0.044164 0.984417 -0.170211
vn 0.486771 0.870604 -0.071439
vn 0.922605 0.343643 -0.175239
vn 0.432693 0.901363 0.017941
vn -0.240334 0.963113 0.121053
vn -0.147629 0.972904 0.177942
vn -0.169050 0.972724 0.158842
vn 0.035364 0.996160 0.080088
vn -0.169050 0.972724 0.158842
vn -0.224503 0.958235 0.177158
vn -0.258836 0.964230 0.057127
vn -0.267914 0.958503 0.097435
vn -0.161489 0.979379 0.121400
vn 0.376694 0.846053 -0.377221
vn 0.018274 0.999760 -0.012120
vn 0.548665 0.833191 0.068991
vn 0.089554 0.937864 -0.335249
vn 0.053472 0.978288 -0.200234
vn -0.008834 0.999894 -0.011601
vn 0.195339 0.824342 0.531322
vn 0.205790 0.813387 0.544106
vn 0.341326 0.922961 0.177874
vn 0.439937 0.859331 -0.260777
vn 0.004857 0.995670 0.092826
vn 0.524364 0.797050 -0.299590
vn 0.105645 0.907625 0.406271
vn 0.341326 0.922961 0.177874
vn 0.205790 0.813387 0.544106
vn -0.276468 0.893637 0.353523
vn -0.110296 0.931609 0.346323
vn -0.678038 0.703470 0.213059
vn -0.189830 0.980943 -0.041408
vn 0.155222 0.971945 0.176719
vn 0.075445 0.992451 0.096695
vn 0.205790 0.813387 0.544106
vn -0.276468 0.893637 0.353523
vn 0.105645 0.907625 0.406271
vn -0.306745 0.951783 -0.004173
vn 0.155222 0.971945 0.176719
vn -0.189830 0.980943 -0.041408
vn 0.075445 0.992451 0.096695
vn 0.195339 0.824342 0.531322
vn -0.032741 0.378523 -0.925013
vn 0.272240 0.802292 0.531237
vn 0.155222 0.971945 0.176719
vn 0.369927 0.927863 -0.047159
vn 0.195339 0.824342 0.531322
vn 0.075445 0.992451 0.096695
vn 0.272240 0.802292 0.531237
vn 0.004857 0.995670 0.092826
vn -0.060642 0.928630 0.366017
vn -0.597916 0.495957 0.629701
vn 0.519289 0.842510 -0.143237
vn 0.614977 0.701803 -0.359550
vn 0.680612 0.690229 -0.245665
vn 0.195339 0.824342 0.531322
vn 0.272240 0.802292 0.531237
vn 0.205790 0.813387 0.544106
vn 0.680612 0.690229 -0.245665
vn 0.416881 0.908957 0.002755
vn 0.439937 0.859331 -0.260777
vn 0.298748 0.835907 -0.460444
vn -0.109032 -0.001685 -0.994037
vn -0.073592 0.218282 -0.973107
vn -0.109032 -0.001685 -0.994037
vn -0.030358 -0.228835 -0.972992
vn 0.341326 0.922961 0.177874
vn 0.000933 0.999999 0.000545
vn 0.068107 0.997248 0.029307
vn 0.018274 0.999760 -0.012120
vn -0.100967 0.988468 0.112856
vn -0.020311 0.996539 0.080605
vn -0.113120 0.960743 0.253333
vn 0.000934 0.999999 -0.000537
vn 0.001116 0.999999 -0.000967
vn 0.000933 0.999999 0.000545
vn 0.001116 0.999999 -0.000967
vn -0.000062 1.000000 -0.000152
vn 0.000966 0.999999 0.000713
vn 0.912983 0.394580 0.103775
vn 0.029522 -0.918995 0.393163
vn -0.082629 0.826742 0.556480
vn 0.717002 0.664866 0.209432
vn -0.095366 -0.741205 0.664471
vn 0.847348 0.513032 0.137110
vn -0.251069 -0.613816 0.748461
vn 0.018642 0.506769 0.861880
vn 0.029522 -0.918995 0.393163
vn 0.018274 0.999760 -0.012120
vn 0.068107 0.997248 0.029307
vn 0.548665 0.833191 0.068991
vn 0.651839 0.717267 -0.246240
vn 0.892419 -0.016222 -0.450915
vn 0.878334 -0.202808 -0.432896
vn 0.901716 0.337300 -0.270438
vn 0.892419 -0.016222 -0.450915
vn 0.138055 0.818011 0.558390
vn 0.508954 0.731889 -0.453105
vn 0.651839 0.717267 -0.246240
vn 0.885881 0.175448 -0.429457
vn 0.282213 0.784957 0.551542
vn 0.374866 0.924644 0.067144
vn 0.313330 0.616408 0.722403
vn 0.357122 0.518432 0.776976
vn 0.313330 0.616408 0.722403
vn 0.351901 0.505559 0.787766
vn -0.137707 0.976388 -0.166444
vn -0.408867 0.906118 0.108528
vn 0.637788 0.726032 -0.257107
vn 0.042748 0.298051 -0.953592
vn 0.010789 0.154974 -0.987860
vn 0.270790 0.431027 -0.860749
vn -0.315357 0.518554 0.794765
vn 0.341249 0.492660 0.800522
vn 0.351901 0.505559 0.787766
vn -0.315357 0.518554 0.794765
vn -0.573252 0.631134 0.522544
vn -0.205841 0.722894 0.659586
vn -0.438232 -0.711391 -0.549432
vn 0.077313 -0.390037 -0.917548
vn -0.288114 -0.271620 -0.918266
vn -0.121806 0.013824 -0.992458
vn 0.324627 0.767239 -0.553138
vn -0.664851 0.718648 -0.203758
vn -0.027698 0.983212 -0.180355
vn -0.664851 0.718648 -0.203758
vn 0.324627 0.767239 -0.553138
vn -0.529015 0.705671 -0.471351
vn -0.434911 0.900293 0.018015
vn -0.121191 0.966322 0.227012
vn -0.664851 0.718648 -0.203758
vn -0.434911 0.900293 0.018015
vn -0.288114 -0.271620 -0.918266
vn -0.961268 -0.267956 -0.064519
vn 0.033236 0.863532 -0.503198
vn 0.494986 0.862095 -0.108545
vn -0.288114 -0.271620 -0.918266
vn 0.077313 -0.390037 -0.917548
vn -0.121806 0.013824 -0.992458
vn -0.191779 0.981410 0.007412
vn 0.222225 0.830671 0.510492
vn -0.189300 0.975277 0.114020
vn -0.008716 0.997182 -0.074514
vn 0.326724 0.870542 -0.367979
vn -0.598952 0.381508 0.704066
vn -0.019907 0.992349 -0.121852
vn 0.352211 0.912892 -0.206337
vn -0.332668 0.942620 0.028295
vn -0.080084 -0.074894 0.993971
vn 0.018642 0.506769 0.861880
vn -0.251069 -0.613816 0.748461
vn -0.297785 0.948226 0.110413
vn -0.611426 0.789659 -0.050954
vn -0.278219 0.958823 0.057031
vn 0.803465 0.514767 -0.299095
vn 0.899837 -0.250380 -0.357216
vn 0.750318 -0.543849 -0.375835
vn 0.083790 0.981667 -0.171198
vn 0.545647 0.480228 -0.686768
vn 0.699151 0.548526 -0.458593
vn 0.083790 0.981667 -0.171198
vn -0.426957 0.838750 0.337944
vn -0.302275 0.929879 0.209657
vn 0.885881 0.175448 -0.429457
vn 0.641262 0.758333 -0.117105
vn 0.740751 0.371178 -0.559924
vn 0.503688 0.863473 -0.026703
vn 0.740751 0.371178 -0.559924
vn 0.641262 0.758333 -0.117105
vn 0.291651 0.952449 -0.088210
vn 0.367924 0.919796 -0.136410
vn 0.072252 0.996602 -0.039556
vn 0.401537 0.911704 -0.086967
vn -0.149555 0.978414 0.142613
vn 0.367924 0.919796 -0.136410
vn -0.906452 -0.106391 0.408687
vn -0.268996 -0.953616 0.135123
vn -0.700269 -0.602194 0.383386
vn -0.503807 0.825915 0.253065
vn -0.906452 -0.106391 0.408687
vn 0.141845 0.985930 -0.088439
vn 0.341205 0.927240 -0.154290
vn 0.141845 0.985930 -0.088439
vn 0.296159 0.933775 -0.200883
vn -0.500547 0.819552 0.278903
vn -0.641633 -0.666236 0.380049
vn -0.604863 -0.714653 0.351301
vn -0.803954 -0.237642 0.545146
vn -0.700269 -0.602194 0.383386
vn -0.145525 -0.984595 0.096932
vn -0.906452 -0.106391 0.408687
vn -0.700269 -0.602194 0.383386
vn -0.556462 0.774791 0.300080
vn 0.217590 0.973869 -0.065074
vn 0.339078 0.882115 -0.326954
vn -0.158036 0.987166 0.022977
vn -0.158036 0.987166 0.022977
vn 0.339078 0.882115 -0.326954
vn 0.264970 0.916564 -0.299503
vn 0.200467 0.958435 -0.203017
vn 0.339078 0.882115 -0.326954
vn 0.217590 0.973869 -0.065074
vn 0.264970 0.916564 -0.299503
vn 0.339078 0.882115 -0.326954
vn 0.247172 0.927638 -0.279990
vn 0.174280 0.972454 -0.154787
vn 0.264970 0.916564 -0.299503
vn 0.247172 0.927638 -0.279990
vn 0.141845 0.985930 -0.088439
vn -0.556462 0.774791 0.300080
vn 0.264970 0.916564 -0.299503
vn 0.174280 0.972454 -0.154787
vn 0.247172 0.927638 -0.279990
vn 0.054247 0.996826 -0.058274
vn 0.174280 0.972454 -0.154787
vn 0.080146 0.995273 -0.054845
vn 0.296159 0.933775 -0.200883
vn 0.179754 0.959157 -0.218417
vn 0.045868 0.997795 -0.047978
vn 0.054247 0.996826 -0.058274
vn 0.000060 1.000000 0.000508
vn -0.000816 1.000000 0.000359
vn 0.000738 1.000000 0.000559
vn 0.075531 0.993052 0.090243
vn 0.059722 0.993423 0.097697
vn 0.044550 0.997019 0.062992
vn 0.008164 0.999780 0.019315
vn -0.000226 1.000000 -0.000226
vn 0.000568 1.000000 -0.000429
vn -0.149555 0.978414 0.142613
vn -0.818129 -0.316351 0.480194
vn -0.796233 -0.480391 0.367747
vn 0.300893 0.953222 0.028833
vn -0.001151 0.999106 0.042256
vn 0.401537 0.911704 -0.086967
vn 0.274866 0.949053 0.154102
vn 0.300893 0.953222 0.028833
vn 0.041836 0.859276 0.509798
vn 0.132920 0.932041 0.337092
vn -0.023276 0.993546 0.111014
vn 0.155657 0.831581 0.533145
vn 0.357304 0.906029 -0.226817
vn 0.224061 0.963887 -0.143939
vn 0.244528 0.952640 0.180783
vn -0.059297 0.911782 0.406371
vn 0.189485 0.954714 -0.229382
vn -0.050525 0.606923 0.793153
vn 0.518155 0.849645 -0.098077
vn 0.084038 0.867501 0.490285
vn -0.103157 0.613584 0.782862
vn 0.271499 0.960158 -0.066217
vn 0.189485 0.954714 -0.229382
vn 0.357304 0.906029 -0.226817
vn -0.064618 0.778762 -0.623983
vn -0.134280 0.677480 -0.723180
vn 0.055368 0.904814 -0.422191
vn 0.256158 0.963216 0.081223
vn 0.139949 0.987307 -0.075088
vn 0.056575 0.998138 -0.022784
vn 0.053617 0.995230 0.081506
vn 0.038868 0.996250 0.077294
vn 0.043563 0.997427 0.056932
vn 0.008164 0.999780 0.019315
vn 0.043195 0.997972 0.046757
vn 0.044550 0.997019 0.062992
vn -0.065494 0.945989 0.317514
vn -0.059297 0.911782 0.406371
vn -0.256046 0.720120 0.644878
vn -0.101607 0.980344 0.169122
vn -0.020483 0.999318 0.030708
vn -0.001763 0.999996 0.002185
vn -0.062245 0.995852 0.066363
vn 0.022051 0.999379 0.027469
vn 0.016907 0.992099 0.124315
vn 0.022051 0.999379 0.027469
vn -0.000017 0.999999 0.001632
vn -0.000756 0.999999 -0.001015
vn -0.101607 0.980344 0.169122
vn -0.062245 0.995852 0.066363
vn -0.151356 0.965337 0.212638
vn 0.022051 0.999379 0.027469
vn -0.062245 0.995852 0.066363
vn -0.000017 0.999999 0.001632
vn 0.000562 0.999999 -0.000937
vn 0.000942 0.999999 0.000489
vn 0.001272 0.999999 -0.000069
vn 0.031271 0.998903 0.034866
vn 0.010818 0.999818 0.015729
vn 0.000524 0.999997 -0.002389
vn 0.039825 0.997241 0.062638
vn 0.043563 0.997427 0.056932
vn 0.018226 0.999353 0.031021
vn 0.053617 0.995230 0.081506
vn 0.043563 0.997427 0.056932
vn 0.051570 0.995770 0.076048
vn 0.136041 0.990669 -0.008265
vn 0.126584 0.986626 0.102696
vn 0.280038 0.931046 -0.233951
vn 0.216877 0.935143 -0.280130
vn 0.179246 0.945557 -0.271648
vn 0.179928 0.974907 -0.131081
vn -0.040102 0.978474 0.202437
vn 0.016907 0.992099 0.124315
vn 0.013866 0.990644 0.135769
vn 0.104706 0.985336 0.134718
vn -0.040102 0.978474 0.202437
vn 0.214848 0.974506 0.064643
vn 0.214848 0.974506 0.064643
vn 0.117231 0.992681 0.028993
vn 0.175109 0.982345 -0.065840
vn 0.344164 0.932251 -0.111619
vn -0.065494 0.945989 0.317514
vn -0.110599 0.910533 0.398369
vn 0.007542 0.999106 0.041596
vn 0.013866 0.990644 0.135769
vn 0.037336 0.998508 0.039844
vn -0.040102 0.978474 0.202437
vn 0.013866 0.990644 0.135769
vn 0.076468 0.990816 0.111521
vn 0.000000 1.000000 0.000000
vn 0.004507 0.999984 0.003541
vn 0.039347 0.998975 0.022377
vn 0.039347 0.998975 0.022377
vn 0.004507 0.999984 0.003541
vn 0.103102 0.992939 0.058677
vn -0.000256 1.000000 0.000392
vn 0.004507 0.999984 0.003541
vn 0.000000 1.000000 0.000000
vn 0.103102 0.992939 0.058677
vn 0.004507 0.999984 0.003541
vn 0.014606 0.999472 0.029013
vn 0.014606 0.999472 0.029013
vn 0.053163 0.993952 0.096094
vn 0.103102 0.992939 0.058677
vn 0.103102 0.992939 0.058677
vn 0.053163 0.993952 0.096094
vn 0.117231 0.992681 0.028993
vn 0.053163 0.993952 0.096094
vn 0.014606 0.999472 0.029013
vn 0.032322 0.998878 0.034607
vn 0.117231 0.992681 0.028993
vn 0.053163 0.993952 0.096094
vn 0.029041 0.999252 0.025521
vn -0.000256 1.000000 0.000392
vn -0.001028 0.999995 0.002831
vn 0.032322 0.998878 0.034607
vn 0.022705 0.999357 0.027763
vn -0.005263 0.999916 0.011828
vn 0.009564 0.999936 -0.006088
vn -0.258836 0.964230 0.057127
vn -0.076651 0.990265 0.116188
vn -0.168442 0.985051 0.036094
vn 0.008804 0.999282 0.036849
vn -0.008092 0.985459 0.169721
vn 0.057463 0.995782 0.071528
vn 0.224061 0.963887 -0.143939
vn 0.142771 0.952131 0.270301
vn 0.149330 0.876998 0.456699
vn -0.174035 0.826060 -0.536038
vn -0.075435 0.917429 -0.390684
vn 0.039907 0.918657 0.393036
vn 0.115196 0.826158 0.551536
vn -0.014071 0.985249 -0.170548
vn -0.010233 0.997866 0.064493
vn -0.000224 1.000000 0.000412
vn -0.000349 1.000000 -0.000041
vn 0.024441 0.999701 0.000425
vn -0.382143 0.884669 -0.267071
vn 0.066751 0.904445 -0.421335
vn -0.311042 0.950392 0.002852
vn 0.217566 0.975962 -0.012742
vn -0.162510 0.932826 -0.321600
vn 0.076879 0.993881 -0.079315
vn -0.147888 0.986875 -0.064860
vn -0.048317 0.983449 -0.174625
vn 0.066938 0.984299 -0.163326
vn -0.391771 0.717768 -0.575608
vn -0.162510 0.932826 -0.321600
vn -0.382143 0.884669 -0.267071
vn -0.261864 0.953306 -0.150447
vn -0.209060 0.926794 -0.312005
vn -0.529148 0.831343 0.169917
vn -0.270827 0.788824 -0.551733
vn -0.209060 0.926794 -0.312005
vn -0.207003 0.942615 -0.261969
vn -0.715890 0.422754 -0.555680
vn -0.973299 0.183881 -0.137394
vn -0.339552 0.912608 0.227710
vn -0.261864 0.953306 -0.150447
vn -0.076584 0.970324 -0.229361
vn 0.077823 0.980599 -0.179912
vn 0.023687 0.908486 -0.417243
vn -0.291685 0.941909 -0.166516
vn -0.209060 0.926794 -0.312005
vn 0.205916 0.908885 0.362665
vn 0.023687 0.908486 -0.417243
vn -0.146297 0.934809 -0.323619
vn 0.077823 0.980599 -0.179912
vn 0.377657 0.808165 -0.451935
vn -0.207003 0.942615 -0.261969
vn 0.339664 0.899122 -0.276059
vn -0.093829 0.668812 0.737486
vn 0.111102 0.870152 0.480095
vn 0.390521 -0.091119 0.916074
vn 0.858987 0.314017 0.404394
vn 0.183242 -0.389655 0.902547
vn 0.339664 0.899122 -0.276059
vn 0.229907 0.775712 -0.587720
vn 0.040740 0.823022 -0.566546
vn 0.101247 0.011192 0.994798
vn 0.183242 -0.389655 0.902547
vn 0.060560 0.597912 0.799271
vn 0.268464 0.352301 0.896555
vn 0.230986 0.963714 0.133791
vn 0.390521 -0.091119 0.916074
vn 0.230986 0.963714 0.133791
vn 0.339664 0.899122 -0.276059
vn 0.040740 0.823022 -0.566546
vn 0.272360 0.808102 -0.522294
vn 0.339664 0.899122 -0.276059
vn 0.373062 0.738952 -0.561048
vn 0.339664 0.899122 -0.276059
vn 0.230986 0.963714 0.133791
vn 0.268464 0.352301 0.896555
vn 0.040740 0.823022 -0.566546
vn 0.229907 0.775712 -0.587720
vn 0.286848 0.850289 -0.441280
vn -0.093829 0.668812 0.737486
vn 0.339664 0.899122 -0.276059
vn 0.268464 0.352301 0.896555
vn 0.373062 0.738952 -0.561048
vn 0.339664 0.899122 -0.276059
vn 0.111102 0.870152 0.480095
vn 0.229907 0.775712 -0.587720
vn 0.272360 0.808102 -0.522294
vn 0.220553 0.918318 -0.328706
vn 0.286848 0.850289 -0.441280
vn 0.229907 0.775712 -0.587720
vn 0.322270 0.885654 -0.334303
vn 0.394391 0.894574 -0.210223
vn 0.322270 0.885654 -0.334303
vn 0.229972 0.961639 -0.149546
vn 0.912301 0.210854 -0.351066
vn 0.546994 0.786599 -0.286462
vn 0.918754 -0.000792 -0.394830
vn 0.488873 0.856819 -0.163904
vn 0.394391 0.894574 -0.210223
vn 0.285715 0.951157 -0.116906
vn -0.097329 0.579159 0.809384
vn 0.292046 0.896866 0.332175
vn 0.165604 0.764397 0.623115
vn 0.286848 0.850289 -0.441280
vn 0.322270 0.885654 -0.334303
vn 0.546994 0.786599 -0.286462
vn 0.546994 0.786599 -0.286462
vn 0.322270 0.885654 -0.334303
vn 0.394391 0.894574 -0.210223
vn 0.229972 0.961639 -0.149546
vn 0.078206 0.996174 -0.038997
vn 0.285715 0.951157 -0.116906
vn 0.394391 0.894574 -0.210223
vn 0.488873 0.856819 -0.163904
vn 0.649808 0.715755 -0.255820
vn 0.649808 0.715755 -0.255820
vn 0.488873 0.856819 -0.163904
vn 0.688899 0.692796 -0.213193
vn 0.918754 -0.000792 -0.394830
vn 0.546994 0.786599 -0.286462
vn 0.649808 0.715755 -0.255820
vn -0.137707 0.976388 -0.166444
vn 0.891211 0.348384 -0.290468
vn -0.311255 0.910823 -0.271149
vn -0.091822 0.941605 0.323957
vn 0.138732 0.972523 0.186955
vn -0.408867 0.906118 0.108528
vn 0.809643 0.586565 0.020505
vn 0.391411 0.913299 -0.112614
vn 0.299442 0.912609 0.278351
vn 0.112021 0.925532 -0.361720
vn 0.256158 0.963216 0.081223
vn 0.255874 0.952616 -0.164471
vn -0.258836 0.964230 0.057127
vn -0.288257 0.954695 0.073934
vn -0.259726 0.964915 0.038486
vn -0.258836 0.964230 0.057127
vn -0.161489 0.979379 0.121400
vn -0.076651 0.990265 0.116188
vn 0.192750 0.981159 -0.013199
vn 0.968465 -0.125036 -0.215501
vn 0.859833 0.324140 -0.394488
vn 0.432693 0.901363 0.017941
vn 0.099187 0.978833 0.179019
vn -0.240334 0.963113 0.121053
vn 0.165347 0.986198 -0.008549
vn 0.617556 0.689038 -0.379277
vn 0.217566 0.975962 -0.012742
vn 0.091735 0.995519 0.022965
vn 0.121773 0.986632 0.108303
vn 0.141632 0.988139 0.059350
vn 0.887124 0.461425 0.009882
vn 0.809643 0.586565 0.020505
vn 0.299442 0.912609 0.278351
vn 0.168708 0.984088 0.055752
vn -0.511212 0.785408 0.348994
vn 0.083790 0.981667 -0.171198
vn -0.274741 0.766016 0.581151
vn 0.168708 0.984088 0.055752
vn -0.084681 0.931430 0.353931
vn 0.504368 0.858483 -0.092848
vn 0.168708 0.984088 0.055752
vn 0.699151 0.548526 -0.458593
vn -0.049010 0.969520 -0.240062
vn 0.056575 0.998138 -0.022784
vn 0.139949 0.987307 -0.075088
vn 0.000739 1.000000 0.000571
vn 0.056575 0.998138 -0.022784
vn -0.019106 0.999134 -0.036973
vn 0.922605 0.343643 -0.175239
vn 0.861485 0.496487 -0.106513
vn 0.603725 -0.789188 -0.112689
vn 0.861485 0.496487 -0.106513
vn 0.486771 0.870604 -0.071439
vn -0.169050 0.972724 0.158842
vn 0.432693 0.901363 0.017941
vn 0.922605 0.343643 -0.175239
vn 0.884323 -0.323188 -0.336930
vn 0.861485 0.496487 -0.106513
vn 0.922605 0.343643 -0.175239
vn 0.486771 0.870604 -0.071439
vn 0.148884 0.960208 0.236294
vn 0.080231 0.946499 0.312575
vn 0.087931 0.964648 0.248441
vn -0.161489 0.979379 0.121400
vn -0.224503 0.958235 0.177158
vn 0.039727 0.967900 0.248175
vn 0.443083 0.896438 -0.008721
vn -0.259726 0.964915 0.038486
vn 0.195254 0.977809 0.075936
vn -0.258836 0.964230 0.057127
vn -0.259726 0.964915 0.038486
vn -0.267914 0.958503 0.097435
vn -0.000062 1.000000 -0.000152
vn -0.144460 0.972284 0.183834
vn 0.000966 0.999999 0.000713
vn -0.008834 0.999894 -0.011601
vn -0.000062 1.000000 -0.000152
vn 0.012895 0.994372 -0.105156
vn -0.276468 0.893637 0.353523
vn -0.678038 0.703470 0.213059
vn -0.051383 0.908680 0.414319
vn -0.110296 0.931609 0.346323
vn 0.416881 0.908957 0.002755
vn -0.189300 0.975277 0.114020
vn -0.109032 -0.001685 -0.994037
vn 0.341326 0.922961 0.177874
vn 0.105645 0.907625 0.406271
vn -0.032741 0.378523 -0.925013
vn 0.341326 0.922961 0.177874
vn -0.030358 -0.228835 -0.972992
vn -0.103866 -0.096761 -0.989873
vn -0.032741 0.378523 -0.925013
vn -0.030358 -0.228835 -0.972992
vn 0.075445 0.992451 0.096695
vn -0.032741 0.378523 -0.925013
vn 0.018895 -0.260660 -0.965246
vn 0.276801 0.945704 0.170366
vn -0.020311 0.996539 0.080605
vn -0.100967 0.988468 0.112856
vn 0.000933 0.999999 0.000545
vn -0.020311 0.996539 0.080605
vn 0.068107 0.997248 0.029307
vn -0.020311 0.996539 0.080605
vn 0.000966 0.999999 0.000713
vn -0.113120 0.960743 0.253333
vn 0.000966 0.999999 0.000713
vn 0.000933 0.999999 0.000545
vn 0.001116 0.999999 -0.000967
vn -0.251069 -0.613816 0.748461
vn -0.256622 0.213642 0.942604
vn -0.080084 -0.074894 0.993971
vn -0.082629 0.826742 0.556480
vn 0.029522 -0.918995 0.393163
vn 0.018642 0.506769 0.861880
vn -0.370322 0.615917 0.695347
vn -0.461091 -0.317475 0.828616
vn -0.142617 0.958479 0.246938
vn 0.018642 0.506769 0.861880
vn -0.301289 -0.041760 0.952618
vn -0.484826 0.578209 0.656215
vn -0.256622 0.213642 0.942604
vn -0.251069 -0.613816 0.748461
vn -0.302371 0.765536 -0.567914
vn -0.080084 -0.074894 0.993971
vn -0.351005 -0.615503 0.705657
vn -0.301289 -0.041760 0.952618
vn -0.008716 0.997182 -0.074514
vn -0.302371 0.765536 -0.567914
vn -0.316017 0.649698 -0.691395
vn -0.351005 -0.615503 0.705657
vn -0.256622 0.213642 0.942604
vn -0.493836 -0.570094 0.656597
vn -0.256622 0.213642 0.942604
vn -0.008716 0.997182 -0.074514
vn -0.493836 -0.570094 0.656597
vn -0.008716 0.997182 -0.074514
vn -0.316017 0.649698 -0.691395
vn 0.731898 0.487432 -0.476167
vn -0.370322 0.615917 0.695347
vn 0.117674 0.959506 -0.255932
vn -0.209460 0.977801 0.005672
vn -0.484826 0.578209 0.656215
vn -0.301289 -0.041760 0.952618
vn -0.133274 0.952942 -0.272286
vn -0.302371 0.765536 -0.567914
vn -0.008716 0.997182 -0.074514
vn -0.256622 0.213642 0.942604
vn -0.316017 0.649698 -0.691395
vn 0.027023 0.963697 -0.265627
vn 0.731898 0.487432 -0.476167
vn -0.484826 0.578209 0.656215
vn -0.133274 0.952942 -0.272286
vn 0.109975 0.967603 -0.227265
vn 0.018642 0.506769 0.861880
vn -0.484826 0.578209 0.656215
vn -0.082629 0.826742 0.556480
vn 0.109975 0.967603 -0.227265
vn -0.082629 0.826742 0.556480
vn -0.484826 0.578209 0.656215
vn 0.578248 0.788958 0.207783
vn 0.662723 0.410172 -0.626544
vn 0.376694 0.846053 -0.377221
vn 0.508954 0.731889 -0.453105
vn 0.885881 0.175448 -0.429457
vn 0.740751 0.371178 -0.559924
vn 0.508954 0.731889 -0.453105
vn 0.303956 0.806863 -0.506540
vn 0.064672 0.910379 -0.408690
vn 0.138055 0.818011 0.558390
vn 0.651839 0.717267 -0.246240
vn 0.282213 0.784957 0.551542
vn 0.374866 0.924644 0.067144
vn 0.282213 0.784957 0.551542
vn 0.651839 0.717267 -0.246240
vn 0.010789 0.154974 -0.987860
vn 0.042748 0.298051 -0.953592
vn -0.688301 0.642156 0.337457
vn 0.351901 0.505559 0.787766
vn -0.046227 0.724699 0.687513
vn -0.315357 0.518554 0.794765
vn -0.205841 0.722894 0.659586
vn -0.097329 0.579159 0.809384
vn -0.315357 0.518554 0.794765
vn 0.351901 0.505559 0.787766
vn 0.313330 0.616408 0.722403
vn 0.478057 0.767026 0.427940
vn -0.046227 0.724699 0.687513
vn 0.351901 0.505559 0.787766
vn 0.366722 0.776818 0.511926
vn 0.366722 0.776818 0.511926
vn 0.351901 0.505559 0.787766
vn 0.478057 0.767026 0.427940
vn 0.865073 0.452737 -0.216052
vn 0.792920 0.582442 -0.178996
vn 0.941513 0.030031 -0.335635
vn 0.494986 0.862095 -0.108545
vn 0.587191 0.742119 0.323212
vn 0.394797 0.918756 -0.004824
vn 0.587191 0.742119 0.323212
vn 0.876099 0.455884 -0.156909
vn 0.685151 0.728317 -0.011084
vn 0.865073 0.452737 -0.216052
vn 0.685151 0.728317 -0.011084
vn 0.876099 0.455884 -0.156909
vn -0.046227 0.724699 0.687513
vn -0.688301 0.642156 0.337457
vn -0.315357 0.518554 0.794765
vn -0.785231 -0.581407 -0.213024
vn -0.615351 -0.434672 -0.657574
vn -0.859461 -0.266713 -0.436109
vn 0.865073 0.452737 -0.216052
vn 0.876099 0.455884 -0.156909
vn 0.792920 0.582442 -0.178996
vn 0.292046 0.896866 0.332175
vn 0.685151 0.728317 -0.011084
vn 0.594000 0.795692 -0.118481
vn 0.587191 0.742119 0.323212
vn 0.494986 0.862095 -0.108545
vn 0.876099 0.455884 -0.156909
vn 0.494986 0.862095 -0.108545
vn 0.394797 0.918756 -0.004824
vn -0.859461 -0.266713 -0.436109
vn -0.905818 0.303498 -0.295606
vn -0.794169 -0.281636 -0.538495
vn -0.021133 0.958059 -0.285791
vn -0.438232 -0.711391 -0.549432
vn -0.794169 -0.281636 -0.538495
vn -0.785231 -0.581407 -0.213024
vn -0.859461 -0.266713 -0.436109
vn -0.615351 -0.434672 -0.657574
vn -0.961268 -0.267956 -0.064519
vn -0.794169 -0.281636 -0.538495
vn -0.615351 -0.434672 -0.657574
vn -0.785231 -0.581407 -0.213024
vn -0.191779 0.981410 0.007412
vn 0.614977 0.701803 -0.359550
vn 0.324925 0.865838 0.380457
vn 0.680612 0.690229 -0.245665
vn -0.189300 0.975277 0.114020
vn 0.416881 0.908957 0.002755
vn -0.110296 0.931609 0.346323
vn -0.189300 0.975277 0.114020
vn -0.678038 0.703470 0.213059
vn -0.189300 0.975277 0.114020
vn 0.680612 0.690229 -0.245665
vn -0.191779 0.981410 0.007412
vn 0.935957 -0.236731 -0.260660
vn 0.713722 0.585102 -0.385041
vn 0.953858 0.145861 -0.262451
vn 0.251361 0.967385 0.031373
vn 0.803465 0.514767 -0.299095
vn -0.297785 0.948226 0.110413
vn 0.888402 -0.456823 -0.045326
vn 0.953858 0.145861 -0.262451
vn 0.803465 0.514767 -0.299095
vn 0.603395 0.713690 -0.355753
vn -0.184739 0.981772 -0.044659
vn 0.713722 0.585102 -0.385041
vn 0.428076 0.889098 -0.162036
vn 0.099670 0.850634 0.516225
vn -0.389866 0.868544 0.306000
vn 0.834413 0.518245 -0.187556
vn 0.797746 0.558088 -0.228338
vn 0.878334 -0.202808 -0.432896
vn 0.935957 -0.236731 -0.260660
vn 0.953858 0.145861 -0.262451
vn 0.888402 -0.456823 -0.045326
vn -0.184739 0.981772 -0.044659
vn 0.803465 0.514767 -0.299095
vn 0.953858 0.145861 -0.262451
vn 0.803465 0.514767 -0.299095
vn 0.251361 0.967385 0.031373
vn 0.899837 -0.250380 -0.357216
vn 0.899837 -0.250380 -0.357216
vn 0.251361 0.967385 0.031373
vn 0.834413 0.518245 -0.187556
vn 0.545647 0.480228 -0.686768
vn 0.637788 0.726032 -0.257107
vn 0.643728 0.606078 -0.467209
vn -0.184739 0.981772 -0.044659
vn 0.603395 0.713690 -0.355753
vn -0.302275 0.929879 0.209657
vn -0.302275 0.929879 0.209657
vn 0.603395 0.713690 -0.355753
vn 0.083790 0.981667 -0.171198
vn 0.603395 0.713690 -0.355753
vn 0.933878 0.096244 -0.344396
vn 0.545647 0.480228 -0.686768
vn 0.953858 0.145861 -0.262451
vn 0.713722 0.585102 -0.385041
vn -0.184739 0.981772 -0.044659
vn 0.935957 -0.236731 -0.260660
vn 0.603395 0.713690 -0.355753
vn 0.713722 0.585102 -0.385041
vn -0.500547 0.819552 0.278903
vn -0.709236 0.618864 0.337625
vn -0.641633 -0.666236 0.380049
vn -0.149555 0.978414 0.142613
vn -0.709236 0.618864 0.337625
vn 0.248024 0.959437 -0.134036
vn -0.149555 0.978414 0.142613
vn 0.248024 0.959437 -0.134036
vn 0.367842 0.913940 -0.171480
vn -0.366453 0.905493 0.213997
vn -0.149555 0.978414 0.142613
vn 0.401537 0.911704 -0.086967
vn 0.341205 0.927240 -0.154290
vn 0.296159 0.933775 -0.200883
vn 0.152896 0.986543 -0.057928
vn 0.346637 0.924943 -0.155958
vn 0.341205 0.927240 -0.154290
vn 0.152896 0.986543 -0.057928
vn 0.045868 0.997795 -0.047978
vn 0.083370 0.994952 -0.055848
vn 0.043195 0.997972 0.046757
vn 0.045868 0.997795 -0.047978
vn 0.000568 1.000000 -0.000429
vn 0.054247 0.996826 -0.058274
vn 0.044550 0.997019 0.062992
vn 0.043195 0.997972 0.046757
vn 0.075531 0.993052 0.090243
vn 0.045868 0.997795 -0.047978
vn 0.043195 0.997972 0.046757
vn 0.008164 0.999780 0.019315
vn 0.031271 0.998903 0.034866
vn 0.009297 0.999824 0.016318
vn 0.053617 0.995230 0.081506
vn -0.000770 0.999999 0.000876
vn -0.000226 1.000000 -0.000226
vn 0.009297 0.999824 0.016318
vn -0.000816 1.000000 0.000359
vn 0.000568 1.000000 -0.000429
vn 0.000738 1.000000 0.000559
vn 0.000568 1.000000 -0.000429
vn 0.013115 0.999798 -0.015220
vn 0.054247 0.996826 -0.058274
vn -0.149555 0.978414 0.142613
vn -0.366453 0.905493 0.213997
vn -0.818129 -0.316351 0.480194
vn -0.001151 0.999106 0.042256
vn -0.366453 0.905493 0.213997
vn 0.401537 0.911704 -0.086967
vn 0.300893 0.953222 0.028833
vn 0.401537 0.911704 -0.086967
vn 0.291651 0.952449 -0.088210
vn -0.084078 0.965439 0.246697
vn -0.001151 0.999106 0.042256
vn 0.274866 0.949053 0.154102
vn -0.358154 0.856862 0.370828
vn -0.903581 0.120539 0.411111
vn -0.084078 0.965439 0.246697
vn -0.000902 0.913236 -0.407430
vn -0.136882 0.929376 0.342818
vn -0.194714 0.740062 0.643735
vn 0.357304 0.906029 -0.226817
vn 0.189485 0.954714 -0.229382
vn 0.224061 0.963887 -0.143939
vn 0.189485 0.954714 -0.229382
vn 0.105073 0.935649 0.336927
vn -0.050525 0.606923 0.793153
vn 0.459078 0.878179 0.134348
vn 0.357304 0.906029 -0.226817
vn 0.244528 0.952640 0.180783
vn -0.306096 0.358673 0.881850
vn -0.103157 0.613584 0.782862
vn -0.264556 0.647628 0.714554
vn -0.306096 0.358673 0.881850
vn -0.229363 0.706369 0.669653
vn -0.050525 0.606923 0.793153
vn -0.020483 0.999318 0.030708
vn -0.000138 1.000000 0.000610
vn -0.001763 0.999996 0.002185
vn -0.125335 0.837793 -0.531408
vn -0.085698 0.970380 -0.225873
vn 0.158026 0.985810 -0.056628
vn 0.459078 0.878179 0.134348
vn 0.453448 0.875014 -0.169516
vn 0.518155 0.849645 -0.098077
vn 0.459078 0.878179 0.134348
vn 0.158026 0.985810 -0.056628
vn 0.453448 0.875014 -0.169516
vn 0.158026 0.985810 -0.056628
vn 0.459078 0.878179 0.134348
vn 0.069001 0.980880 0.181968
vn -0.125335 0.837793 -0.531408
vn 0.158026 0.985810 -0.056628
vn 0.069001 0.980880 0.181968
vn 0.158026 0.985810 -0.056628
vn -0.004852 0.977345 -0.211597
vn 0.129223 0.844829 -0.519196
vn 0.055368 0.904814 -0.422191
vn -0.049010 0.969520 -0.240062
vn 0.139949 0.987307 -0.075088
vn -0.085698 0.970380 -0.225873
vn -0.040376 0.891208 -0.451795
vn -0.004852 0.977345 -0.211597
vn 0.625833 0.767148 0.140771
vn 0.351833 0.934871 -0.047230
vn 0.765298 0.636095 -0.098500
vn 0.196617 0.970084 0.142401
vn 0.106563 0.951086 0.289965
vn -0.125731 0.944542 0.303369
vn 0.158026 0.985810 -0.056628
vn -0.085698 0.970380 -0.225873
vn -0.004852 0.977345 -0.211597
vn -0.125335 0.837793 -0.531408
vn -0.134280 0.677480 -0.723180
vn -0.085698 0.970380 -0.225873
vn 0.055368 0.904814 -0.422191
vn -0.134280 0.677480 -0.723180
vn -0.033435 0.783096 -0.621002
vn 0.112021 0.925532 -0.361720
vn 0.255874 0.952616 -0.164471
vn 0.323873 0.778454 -0.537695
vn 0.010818 0.999818 0.015729
vn 0.031271 0.998903 0.034866
vn 0.051570 0.995770 0.076048
vn 0.009297 0.999824 0.016318
vn 0.031271 0.998903 0.034866
vn -0.001068 0.999999 -0.001019
vn 0.036483 0.997296 0.063796
vn 0.010818 0.999818 0.015729
vn 0.051570 0.995770 0.076048
vn 0.010818 0.999818 0.015729
vn 0.000568 1.000000 0.000039
vn 0.000942 0.999999 0.000489
vn 0.001272 0.999999 -0.000069
vn 0.000942 0.999999 0.000489
vn 0.000568 1.000000 0.000039
vn 0.000942 0.999999 0.000489
vn 0.000393 1.000000 -0.000423
vn 0.000380 1.000000 -0.000032
vn 0.000568 1.000000 0.000039
vn -0.001763 0.999996 0.002185
vn -0.000138 1.000000 0.000610
vn -0.000017 0.999999 0.001632
vn -0.101607 0.980344 0.169122
vn -0.001763 0.999996 0.002185
vn 0.022051 0.999379 0.027469
vn -0.000756 0.999999 -0.001015
vn 0.036483 0.997296 0.063796
vn -0.001763 0.999996 0.002185
vn -0.000756 0.999999 -0.001015
vn -0.000017 0.999999 0.001632
vn 0.344164 0.932251 -0.111619
vn 0.216877 0.935143 -0.280130
vn -0.065494 0.945989 0.317514
vn 0.179246 0.945557 -0.271648
vn 0.216877 0.935143 -0.280130
vn 0.280038 0.931046 -0.233951
vn 0.179246 0.945557 -0.271648
vn 0.280038 0.931046 -0.233951
vn 0.126584 0.986626 0.102696
vn 0.149330 0.876998 0.456699
vn 0.105310 0.789331 0.604869
vn 0.039907 0.918657 0.393036
vn 0.009564 0.999936 -0.006088
vn 0.175109 0.982345 -0.065840
vn 0.029041 0.999252 0.025521
vn 0.175109 0.982345 -0.065840
vn 0.009564 0.999936 -0.006088
vn 0.031222 0.999265 -0.022238
vn 0.175109 0.982345 -0.065840
vn 0.117231 0.992681 0.028993
vn 0.029041 0.999252 0.025521
vn 0.214848 0.974506 0.064643
vn 0.103102 0.992939 0.058677
vn 0.117231 0.992681 0.028993
vn -0.001028 0.999995 0.002831
vn -0.016368 0.999860 -0.003531
vn -0.027018 0.999615 -0.006316
vn -0.001028 0.999995 0.002831
vn 0.008804 0.999282 0.036849
vn 0.032322 0.998878 0.034607
vn -0.093422 0.994875 0.038677
vn -0.027018 0.999615 -0.006316
vn -0.107684 0.994105 -0.012639
vn -0.001028 0.999995 0.002831
vn -0.027018 0.999615 -0.006316
vn -0.004510 0.999796 0.019700
vn 0.159088 0.862521 0.480364
vn 0.244528 0.952640 0.180783
vn 0.149330 0.876998 0.456699
vn -0.075435 0.917429 -0.390684
vn 0.159088 0.862521 0.480364
vn 0.039907 0.918657 0.393036
vn -0.174035 0.826060 -0.536038
vn 0.039907 0.918657 0.393036
vn -0.024677 0.962482 0.270221
vn -0.075111 0.945253 -0.317578
vn -0.146335 0.706012 -0.692916
vn -0.185017 0.635114 -0.749932
vn -0.382143 0.884669 -0.267071
vn -0.162510 0.932826 -0.321600
vn 0.066751 0.904445 -0.421335
vn -0.162510 0.932826 -0.321600
vn -0.285136 0.796785 -0.532758
vn 0.076879 0.993881 -0.079315
vn -0.113898 0.986838 -0.114792
vn -0.382143 0.884669 -0.267071
vn -0.311042 0.950392 0.002852
vn -0.197491 0.849166 -0.489810
vn -0.360094 0.716884 -0.597001
vn -0.240566 0.803953 -0.543864
vn -0.197491 0.849166 -0.489810
vn 0.141632 0.988139 0.059350
vn 0.076879 0.993881 -0.079315
vn 0.118821 0.991913 -0.044608
vn 0.108118 0.992353 0.059546
vn 0.192750 0.981159 -0.013199
vn -0.140707 0.989008 0.045429
vn -0.316275 0.932687 0.173396
vn -0.254807 0.952040 0.169393
vn -0.113898 0.986838 -0.114792
vn 0.066938 0.984299 -0.163326
vn -0.048317 0.983449 -0.174625
vn -0.197133 0.959709 0.200243
vn -0.008834 0.999894 -0.011601
vn -0.254807 0.952040 0.169393
vn 0.057891 0.931708 -0.358566
vn 0.147087 0.914371 -0.377214
vn 0.066938 0.984299 -0.163326
vn -0.140707 0.989008 0.045429
vn -0.113898 0.986838 -0.114792
vn -0.316275 0.932687 0.173396
vn 0.147087 0.914371 -0.377214
vn 0.057891 0.931708 -0.358566
vn 0.053472 0.978288 -0.200234
vn -0.110457 0.596191 0.795208
vn -0.011339 0.574451 0.818461
vn -0.130671 0.899666 0.416566
vn -0.093829 0.668812 0.737486
vn 0.002776 0.844993 0.534770
vn -0.043441 0.982491 0.181176
vn 0.439600 0.869681 -0.224515
vn 0.152089 0.974771 -0.163369
vn 0.162107 0.838358 -0.520459
vn 0.101247 0.011192 0.994798
vn 0.152089 0.974771 -0.163369
vn 0.002776 0.844993 0.534770
vn 0.268464 0.352301 0.896555
vn 0.002776 0.844993 0.534770
vn -0.093829 0.668812 0.737486
vn 0.439600 0.869681 -0.224515
vn 0.002776 0.844993 0.534770
vn 0.152089 0.974771 -0.163369
vn 0.280796 0.711247 -0.644423
vn -0.000902 0.913236 -0.407430
vn 0.149981 0.704031 -0.694151
vn 0.111102 0.870152 0.480095
vn -0.093829 0.668812 0.737486
vn -0.040967 0.826704 0.561143
vn -0.947989 0.318288 0.003008
vn 0.371676 0.926581 -0.057494
vn 0.065175 0.997435 -0.029593
vn -0.986832 -0.150570 0.059080
vn -0.947989 0.318288 0.003008
vn 0.065175 0.997435 -0.029593
vn 0.152089 0.974771 -0.163369
vn 0.101247 0.011192 0.994798
vn 0.060560 0.597912 0.799271
vn 0.268464 0.352301 0.896555
vn 0.101247 0.011192 0.994798
vn 0.002776 0.844993 0.534770
vn 0.244052 0.967858 0.060747
vn -0.040967 0.826704 0.561143
vn -0.808703 0.525757 0.263779
vn 0.066705 0.985234 -0.157683
vn 0.272360 0.808102 -0.522294
vn 0.204814 0.909207 -0.362484
vn 0.857999 0.445983 -0.254828
vn 0.935957 -0.236731 -0.260660
vn 0.888402 -0.456823 -0.045326
vn 0.313330 0.616408 0.722403
vn 0.357122 0.518432 0.776976
vn 0.146584 0.666618 0.730845
vn -0.983432 -0.143642 -0.110579
vn -0.932460 0.351426 -0.083772
vn -0.845725 0.532199 0.038910
vn -0.125731 0.944542 0.303369
vn 0.499424 0.861191 0.094479
vn 0.299442 0.912609 0.278351
vn 0.299442 0.912609 0.278351
vn 0.499424 0.861191 0.094479
vn 0.799281 0.595709 -0.079251
vn 0.499424 0.861191 0.094479
vn -0.125731 0.944542 0.303369
vn 0.106563 0.951086 0.289965
vn 0.299442 0.912609 0.278351
vn 0.799281 0.595709 -0.079251
vn 0.887124 0.461425 0.009882
vn 0.299442 0.912609 0.278351
vn -0.171701 0.905792 0.387376
vn -0.124353 0.938789 0.321265
vn -0.125731 0.944542 0.303369
vn 0.284696 0.954603 0.087647
vn 0.196617 0.970084 0.142401
vn 0.256158 0.963216 0.081223
vn 0.112021 0.925532 -0.361720
vn 0.055368 0.904814 -0.422191
vn 0.391411 0.913299 -0.112614
vn 0.809643 0.586565 0.020505
vn 0.699151 0.548526 -0.458593
vn 0.138732 0.972523 0.186955
vn 0.643728 0.606078 -0.467209
vn 0.637788 0.726032 -0.257107
vn -0.408867 0.906118 0.108528
vn 0.138732 0.972523 0.186955
vn 0.637788 0.726032 -0.257107
vn -0.171701 0.905792 0.387376
vn 0.391411 0.913299 -0.112614
vn 0.138732 0.972523 0.186955
vn 0.101524 0.968933 0.225525
vn -0.124353 0.938789 0.321265
vn -0.171701 0.905792 0.387376
vn 0.371676 0.926581 -0.057494
vn 0.538151 0.825944 -0.167957
vn 0.196617 0.970084 0.142401
vn 0.101524 0.968933 0.225525
vn -0.091822 0.941605 0.323957
vn -0.590065 0.805159 0.059519
vn -0.904188 -0.423297 0.057129
vn -0.760013 -0.629457 0.161750
vn -0.986832 -0.150570 0.059080
vn -0.125731 0.944542 0.303369
vn -0.124353 0.938789 0.321265
vn 0.284696 0.954603 0.087647
vn 0.284696 0.954603 0.087647
vn -0.124353 0.938789 0.321265
vn 0.101524 0.968933 0.225525
vn -0.091822 0.941605 0.323957
vn 0.101524 0.968933 0.225525
vn -0.171701 0.905792 0.387376
vn 0.101524 0.968933 0.225525
vn -0.590065 0.805159 0.059519
vn 0.065175 0.997435 -0.029593
vn 0.123651 0.980214 -0.154565
vn 0.371676 0.926581 -0.057494
vn -0.947989 0.318288 0.003008
vn 0.139121 0.966894 0.213917
vn 0.255874 0.952616 -0.164471
vn 0.256158 0.963216 0.081223
vn -0.986832 -0.150570 0.059080
vn 0.065175 0.997435 -0.029593
vn -0.590065 0.805159 0.059519
vn 0.371676 0.926581 -0.057494
vn 0.284696 0.954603 0.087647
vn 0.065175 0.997435 -0.029593
vn 0.138732 0.972523 0.186955
vn -0.091822 0.941605 0.323957
vn -0.171701 0.905792 0.387376
vn -0.983432 -0.143642 -0.110579
vn -0.646881 0.760103 -0.061556
vn -0.954535 0.197887 -0.222945
vn 0.371676 0.926581 -0.057494
vn 0.196617 0.970084 0.142401
vn 0.284696 0.954603 0.087647
vn 0.196617 0.970084 0.142401
vn 0.538151 0.825944 -0.167957
vn 0.139121 0.966894 0.213917
vn -0.986832 -0.150570 0.059080
vn -0.590065 0.805159 0.059519
vn -0.904188 -0.423297 0.057129
vn -0.731140 -0.678531 0.070918
vn -0.947989 0.318288 0.003008
vn -0.760013 -0.629457 0.161750
vn -0.590065 0.805159 0.059519
vn -0.983432 -0.143642 -0.110579
vn -0.904188 -0.423297 0.057129
vn -0.986832 -0.150570 0.059080
vn -0.760013 -0.629457 0.161750
vn -0.947989 0.318288 0.003008
vn -0.845725 0.532199 0.038910
vn -0.292638 0.945763 -0.141054
vn -0.904188 -0.423297 0.057129
vn -0.292638 0.945763 -0.141054
vn -0.256087 0.887582 -0.382906
vn -0.904188 -0.423297 0.057129
vn -0.808703 0.525757 0.263779
vn -0.971962 -0.210253 -0.105277
vn -0.731140 -0.678531 0.070918
vn -0.904315 0.422630 -0.059989
vn -0.303286 0.937753 -0.169222
vn -0.988875 -0.119470 0.088615
vn -0.043441 0.982491 0.181176
vn -0.453053 0.883655 -0.117887
vn -0.040967 0.826704 0.561143
vn -0.556668 0.830665 -0.010757
vn 0.149981 0.704031 -0.694151
vn 0.122544 0.974029 0.190396
vn -0.808703 0.525757 0.263779
vn -0.731140 -0.678531 0.070918
vn -0.760013 -0.629457 0.161750
vn -0.988875 -0.119470 0.088615
vn -0.731140 -0.678531 0.070918
vn -0.971962 -0.210253 -0.105277
vn -0.760013 -0.629457 0.161750
vn -0.256087 0.887582 -0.382906
vn 0.244052 0.967858 0.060747
vn -0.808703 0.525757 0.263779
vn -0.040967 0.826704 0.561143
vn -0.453053 0.883655 -0.117887
vn -0.224503 0.958235 0.177158
vn -0.161489 0.979379 0.121400
vn -0.267914 0.958503 0.097435
vn -0.076651 0.990265 0.116188
vn -0.161489 0.979379 0.121400
vn 0.003281 0.969364 0.245607
vn 0.035364 0.996160 0.080088
vn -0.224503 0.958235 0.177158
vn -0.267914 0.958503 0.097435
vn -0.224503 0.958235 0.177158
vn -0.147629 0.972904 0.177942
vn 0.087931 0.964648 0.248441
vn 0.148884 0.960208 0.236294
vn 0.087931 0.964648 0.248441
vn -0.147629 0.972904 0.177942
vn 0.087931 0.964648 0.248441
vn 0.080231 0.946499 0.312575
vn 0.028182 0.947775 0.317692
vn 0.003281 0.969364 0.245607
vn 0.028182 0.947775 0.317692
vn -0.022747 0.962331 0.270926
vn -0.099203 0.988226 0.116484
vn -0.025445 0.993595 0.110103
vn -0.093422 0.994875 0.038677
vn -0.147629 0.972904 0.177942
vn -0.240334 0.963113 0.121053
vn 0.054017 0.966345 0.251516
vn 0.486771 0.870604 -0.071439
vn 0.432693 0.901363 0.017941
vn -0.240334 0.963113 0.121053
vn 0.432693 0.901363 0.017941
vn 0.192750 0.981159 -0.013199
vn 0.099187 0.978833 0.179019
vn 0.118821 0.991913 -0.044608
vn 0.859833 0.324140 -0.394488
vn 0.165347 0.986198 -0.008549
vn 0.699151 0.548526 -0.458593
vn 0.809643 0.586565 0.020505
vn 0.887124 0.461425 0.009882
vn 0.083790 0.981667 -0.171198
vn 0.699151 0.548526 -0.458593
vn 0.168708 0.984088 0.055752
vn 0.504368 0.858483 -0.092848
vn 0.887124 0.461425 0.009882
vn 0.538349 0.836457 -0.102566
vn -0.084681 0.931430 0.353931
vn 0.504368 0.858483 -0.092848
vn 0.005321 0.999792 0.019690
vn 0.351833 0.934871 -0.047230
vn 0.625833 0.767148 0.140771
vn 0.364960 0.930871 -0.016850
vn 0.504368 0.858483 -0.092848
vn 0.538349 0.836457 -0.102566
vn 0.042575 0.999086 -0.003830
vn 0.042575 0.999086 -0.003830
vn 0.538349 0.836457 -0.102566
vn 0.024441 0.999701 0.000425
vn 0.538349 0.836457 -0.102566
vn 0.765298 0.636095 -0.098500
vn 0.351833 0.934871 -0.047230
vn -0.049010 0.969520 -0.240062
vn 0.055368 0.904814 -0.422191
vn -0.033435 0.783096 -0.621002
vn 0.024441 0.999701 0.000425
vn 0.056575 0.998138 -0.022784
vn 0.000739 1.000000 0.000571
vn -0.146335 0.706012 -0.692916
vn -0.134280 0.677480 -0.723180
vn -0.125335 0.837793 -0.531408
vn -0.075111 0.945253 -0.317578
vn 0.007125 0.999160 -0.040362
vn -0.019106 0.999134 -0.036973
vn 0.861485 0.496487 -0.106513
vn -0.169050 0.972724 0.158842
vn 0.035364 0.996160 0.080088
vn -0.240334 0.963113 0.121053
vn -0.169050 0.972724 0.158842
vn 0.486771 0.870604 -0.071439
vn 0.000934 0.999999 -0.000537
vn 0.000933 0.999999 0.000545
vn 0.018274 0.999760 -0.012120
vn 0.052570 0.978208 -0.200864
vn -0.000062 1.000000 -0.000152
vn 0.001116 0.999999 -0.000967
vn 0.376694 0.846053 -0.377221
vn 0.069780 0.973082 -0.219640
vn 0.018274 0.999760 -0.012120
vn 0.153674 0.851548 -0.501249
vn 0.279820 0.747485 -0.602467
vn 0.222321 0.783067 -0.580844
vn 0.519289 0.842510 -0.143237
vn -0.002277 0.999164 0.040816
vn 0.614977 0.701803 -0.359550
vn 0.326724 0.870542 -0.367979
vn -0.002277 0.999164 0.040816
vn -0.598952 0.381508 0.704066
vn -0.008716 0.997182 -0.074514
vn -0.598952 0.381508 0.704066
vn -0.493836 -0.570094 0.656597
vn 0.326724 0.870542 -0.367979
vn 0.614977 0.701803 -0.359550
vn -0.002277 0.999164 0.040816
vn -0.597916 0.495957 0.629701
vn -0.420575 0.836517 0.351220
vn 0.004857 0.995670 0.092826
vn -0.598952 0.381508 0.704066
vn -0.002277 0.999164 0.040816
vn -0.580889 -0.072265 0.810768
vn -0.059719 0.991664 0.114175
vn -0.504264 0.834726 0.221248
vn 0.797746 0.558088 -0.228338
vn -0.451296 -0.393321 0.801018
vn -0.598952 0.381508 0.704066
vn -0.580889 -0.072265 0.810768
vn -0.420575 0.836517 0.351220
vn 0.519289 0.842510 -0.143237
vn 0.004857 0.995670 0.092826
vn -0.580889 -0.072265 0.810768
vn -0.420575 0.836517 0.351220
vn -0.597916 0.495957 0.629701
vn 0.524364 0.797050 -0.299590
vn 0.004857 0.995670 0.092826
vn 0.519289 0.842510 -0.143237
vn 0.439937 0.859331 -0.260777
vn -0.060642 0.928630 0.366017
vn 0.004857 0.995670 0.092826
vn 0.519289 0.842510 -0.143237
vn 0.680612 0.690229 -0.245665
vn 0.524364 0.797050 -0.299590
vn 0.439937 0.859331 -0.260777
vn 0.524364 0.797050 -0.299590
vn 0.680612 0.690229 -0.245665
vn 0.912983 0.394580 0.103775
vn 0.548665 0.833191 0.068991
vn 0.717002 0.664866 0.209432
vn 0.376694 0.846053 -0.377221
vn 0.548665 0.833191 0.068991
vn 0.578248 0.788958 0.207783
vn 0.847348 0.513032 0.137110
vn 0.912983 0.394580 0.103775
vn 0.717002 0.664866 0.209432
vn -0.082629 0.826742 0.556480
vn 0.578248 0.788958 0.207783
vn 0.912983 0.394580 0.103775
vn 0.094363 0.872865 0.478751
vn -0.038887 0.967290 0.250677
vn 0.173554 0.754541 0.632888
vn 0.341249 0.492660 0.800522
vn 0.357122 0.518432 0.776976
vn 0.351901 0.505559 0.787766
vn 0.313330 0.616408 0.722403
vn 0.374866 0.924644 0.067144
vn 0.478057 0.767026 0.427940
vn 0.478057 0.767026 0.427940
vn 0.374866 0.924644 0.067144
vn -0.182509 0.931148 -0.315679
vn 0.941513 0.030031 -0.335635
vn 0.649808 0.715755 -0.255820
vn 0.688899 0.692796 -0.213193
vn 0.685151 0.728317 -0.011084
vn 0.865073 0.452737 -0.216052
vn 0.594000 0.795692 -0.118481
vn 0.594000 0.795692 -0.118481
vn 0.688899 0.692796 -0.213193
vn 0.488873 0.856819 -0.163904
vn 0.941513 0.030031 -0.335635
vn 0.688899 0.692796 -0.213193
vn 0.865073 0.452737 -0.216052
vn 0.135401 0.949189 0.284089
vn -0.883578 0.052169 -0.465369
vn 0.394797 0.918756 -0.004824
vn -0.688301 0.642156 0.337457
vn -0.573252 0.631134 0.522544
vn -0.315357 0.518554 0.794765
vn -0.121806 0.013824 -0.992458
vn 0.042748 0.298051 -0.953592
vn 0.270790 0.431027 -0.860749
vn -0.480999 0.399446 -0.780438
vn -0.573252 0.631134 0.522544
vn 0.042748 0.298051 -0.953592
vn -0.480999 0.399446 -0.780438
vn -0.883578 0.052169 -0.465369
vn 0.135401 0.949189 0.284089
vn 0.135401 0.949189 0.284089
vn -0.573252 0.631134 0.522544
vn -0.480999 0.399446 -0.780438
vn 0.494986 0.862095 -0.108545
vn -0.859461 -0.266713 -0.436109
vn -0.961268 -0.267956 -0.064519
vn -0.883578 0.052169 -0.465369
vn -0.859461 -0.266713 -0.436109
vn 0.394797 0.918756 -0.004824
vn -0.191779 0.981410 0.007412
vn 0.324925 0.865838 0.380457
vn 0.222225 0.830671 0.510492
vn 0.680612 0.690229 -0.245665
vn 0.614977 0.701803 -0.359550
vn -0.191779 0.981410 0.007412
vn -0.426957 0.838750 0.337944
vn -0.019907 0.992349 -0.121852
vn -0.302275 0.929879 0.209657
vn -0.332668 0.942620 0.028295
vn 0.352211 0.912892 -0.206337
vn -0.278219 0.958823 0.057031
vn -0.580889 -0.072265 0.810768
vn -0.633746 0.176343 0.753173
vn -0.456252 0.472073 0.754308
vn -0.278219 0.958823 0.057031
vn 0.352211 0.912892 -0.206337
vn 0.428076 0.889098 -0.162036
vn -0.184739 0.981772 -0.044659
vn -0.332668 0.942620 0.028295
vn -0.611426 0.789659 -0.050954
vn -0.278219 0.958823 0.057031
vn -0.611426 0.789659 -0.050954
vn -0.332668 0.942620 0.028295
vn -0.060642 0.928630 0.366017
vn -0.584358 0.297281 0.755082
vn -0.597916 0.495957 0.629701
vn -0.378401 0.924616 0.043564
vn -0.822704 0.516040 0.238456
vn -0.810090 0.530729 0.249162
vn 0.428076 0.889098 -0.162036
vn 0.352211 0.912892 -0.206337
vn 0.190689 0.981630 -0.006380
vn 0.428076 0.889098 -0.162036
vn -0.104958 0.882372 0.458698
vn 0.099670 0.850634 0.516225
vn -0.524298 0.804885 0.277977
vn -0.297785 0.948226 0.110413
vn -0.389866 0.868544 0.306000
vn -0.633746 0.176343 0.753173
vn -0.584358 0.297281 0.755082
vn -0.104958 0.882372 0.458698
vn -0.524298 0.804885 0.277977
vn -0.059719 0.991664 0.114175
vn 0.251361 0.967385 0.031373
vn -0.810090 0.530729 0.249162
vn -0.440749 0.645637 0.623613
vn -0.356149 0.872925 0.333407
vn -0.504264 0.834726 0.221248
vn -0.810090 0.530729 0.249162
vn -0.822704 0.516040 0.238456
vn -0.440749 0.645637 0.623613
vn -0.331957 0.453827 0.826949
vn -0.356149 0.872925 0.333407
vn 0.369927 0.927863 -0.047159
vn 0.194166 0.960141 -0.201069
vn 0.439937 0.859331 -0.260777
vn -0.378401 0.924616 0.043564
vn -0.810090 0.530729 0.249162
vn -0.356149 0.872925 0.333407
vn -0.813828 0.417060 0.404655
vn -0.059719 0.991664 0.114175
vn -0.524298 0.804885 0.277977
vn -0.810090 0.530729 0.249162
vn -0.813828 0.417060 0.404655
vn -0.440749 0.645637 0.623613
vn -0.389866 0.868544 0.306000
vn -0.278219 0.958823 0.057031
vn 0.428076 0.889098 -0.162036
vn -0.389866 0.868544 0.306000
vn -0.440749 0.645637 0.623613
vn -0.813828 0.417060 0.404655
vn -0.297785 0.948226 0.110413
vn -0.524298 0.804885 0.277977
vn 0.251361 0.967385 0.031373
vn -0.813828 0.417060 0.404655
vn -0.524298 0.804885 0.277977
vn -0.389866 0.868544 0.306000
vn 0.899837 -0.250380 -0.357216
vn 0.834413 0.518245 -0.187556
vn 0.878334 -0.202808 -0.432896
vn -0.059719 0.991664 0.114175
vn 0.834413 0.518245 -0.187556
vn 0.251361 0.967385 0.031373
vn -0.321517 0.944696 0.064626
vn -0.274741 0.766016 0.581151
vn 0.129575 0.914143 -0.384126
vn 0.083790 0.981667 -0.171198
vn -0.511212 0.785408 0.348994
vn -0.426957 0.838750 0.337944
vn 0.005321 0.999792 0.019690
vn -0.109966 0.768944 0.629788
vn -0.018847 0.845340 0.533896
vn -0.496571 0.324445 0.805080
vn -0.580889 -0.072265 0.810768
vn -0.456252 0.472073 0.754308
vn -0.511212 0.785408 0.348994
vn -0.321517 0.944696 0.064626
vn -0.426957 0.838750 0.337944
vn -0.426957 0.838750 0.337944
vn -0.321517 0.944696 0.064626
vn -0.019907 0.992349 -0.121852
vn -0.274741 0.766016 0.581151
vn -0.321517 0.944696 0.064626
vn -0.511212 0.785408 0.348994
vn 0.277181 0.787127 -0.551001
vn 0.148643 0.939178 -0.309597
vn 0.319565 0.899468 -0.298053
vn -0.302275 0.929879 0.209657
vn -0.019907 0.992349 -0.121852
vn -0.332668 0.942620 0.028295
vn -0.321517 0.944696 0.064626
vn 0.277181 0.787127 -0.551001
vn -0.019907 0.992349 -0.121852
vn -0.301289 -0.041760 0.952618
vn -0.370322 0.615917 0.695347
vn -0.209460 0.977801 0.005672
vn -0.142617 0.958479 0.246938
vn 0.185277 0.835511 -0.517294
vn 0.117674 0.959506 -0.255932
vn -0.370322 0.615917 0.695347
vn -0.301289 -0.041760 0.952618
vn -0.351005 -0.615503 0.705657
vn -0.009694 0.845476 -0.533926
vn -0.209460 0.977801 0.005672
vn 0.117674 0.959506 -0.255932
vn -0.461091 -0.317475 0.828616
vn -0.351005 -0.615503 0.705657
vn -0.493836 -0.570094 0.656597
vn -0.451296 -0.393321 0.801018
vn -0.142617 0.958479 0.246938
vn -0.461091 -0.317475 0.828616
vn -0.086814 0.951190 0.296143
vn 0.082189 0.745462 -0.661462
vn 0.195497 0.796363 -0.572352
vn -0.351902 0.533955 0.768802
vn -0.185669 0.944016 0.272693
vn -0.095825 0.943157 -0.318234
vn -0.451296 -0.393321 0.801018
vn -0.496571 0.324445 0.805080
vn -0.142617 0.958479 0.246938
vn -0.351005 -0.615503 0.705657
vn -0.461091 -0.317475 0.828616
vn -0.370322 0.615917 0.695347
vn 0.117674 0.959506 -0.255932
vn 0.185277 0.835511 -0.517294
vn 0.195497 0.796363 -0.572352
vn -0.009694 0.845476 -0.533926
vn 0.082189 0.745462 -0.661462
vn -0.075343 0.838006 -0.540434
vn 0.699151 0.548526 -0.458593
vn 0.545647 0.480228 -0.686768
vn 0.643728 0.606078 -0.467209
vn 0.603395 0.713690 -0.355753
vn 0.545647 0.480228 -0.686768
vn 0.083790 0.981667 -0.171198
vn 0.202683 0.972872 -0.111530
vn 0.248024 0.959437 -0.134036
vn 0.362836 0.918409 -0.157720
vn 0.047780 0.998196 -0.036346
vn 0.039668 0.999179 -0.008264
vn -0.001450 0.999998 0.001361
vn 0.296159 0.933775 -0.200883
vn 0.141845 0.985930 -0.088439
vn 0.264970 0.916564 -0.299503
vn 0.152896 0.986543 -0.057928
vn 0.296159 0.933775 -0.200883
vn 0.080146 0.995273 -0.054845
vn 0.000063 1.000000 0.000297
vn 0.000060 1.000000 0.000508
vn 0.000464 0.999999 0.001060
vn 0.000060 1.000000 0.000508
vn 0.000738 1.000000 0.000559
vn 0.000464 0.999999 0.001060
vn 0.346637 0.924943 -0.155958
vn 0.362836 0.918409 -0.157720
vn -0.500547 0.819552 0.278903
vn -0.503807 0.825915 0.253065
vn 0.341205 0.927240 -0.154290
vn 0.346637 0.924943 -0.155958
vn 0.174280 0.972454 -0.154787
vn 0.054247 0.996826 -0.058274
vn 0.013115 0.999798 -0.015220
vn 0.179754 0.959157 -0.218417
vn 0.054247 0.996826 -0.058274
vn 0.247172 0.927638 -0.279990
vn 0.339078 0.882115 -0.326954
vn 0.179754 0.959157 -0.218417
vn 0.247172 0.927638 -0.279990
vn 0.200467 0.958435 -0.203017
vn 0.045868 0.997795 -0.047978
vn 0.179754 0.959157 -0.218417
vn 0.009297 0.999824 0.016318
vn -0.001068 0.999999 -0.001019
vn -0.000770 0.999999 0.000876
vn 0.044550 0.997019 0.062992
vn 0.053617 0.995230 0.081506
vn 0.009297 0.999824 0.016318
vn -0.001068 0.999999 -0.001019
vn 0.000524 0.999997 -0.002389
vn 0.000380 1.000000 -0.000032
vn 0.000380 1.000000 -0.000032
vn 0.000063 1.000000 0.000297
vn -0.000770 0.999999 0.000876
vn 0.009297 0.999824 0.016318
vn -0.000226 1.000000 -0.000226
vn 0.044550 0.997019 0.062992
vn 0.000464 0.999999 0.001060
vn -0.000226 1.000000 -0.000226
vn -0.000770 0.999999 0.000876
vn 0.300893 0.953222 0.028833
vn 0.067303 0.963697 0.258378
vn 0.041836 0.859276 0.509798
vn -0.133054 0.845104 0.517780
vn -0.084078 0.965439 0.246697
vn 0.068262 0.852355 0.518489
vn -0.903581 0.120539 0.411111
vn -0.927074 0.094854 0.362680
vn -0.084078 0.965439 0.246697
vn -0.339552 0.912608 0.227710
vn -0.358154 0.856862 0.370828
vn -0.133054 0.845104 0.517780
vn 0.274866 0.949053 0.154102
vn -0.001151 0.999106 0.042256
vn 0.300893 0.953222 0.028833
vn -0.133054 0.845104 0.517780
vn -0.358154 0.856862 0.370828
vn -0.084078 0.965439 0.246697
vn -0.194714 0.740062 0.643735
vn -0.136882 0.929376 0.342818
vn -0.133054 0.845104 0.517780
vn -0.715890 0.422754 -0.555680
vn -0.261864 0.953306 -0.150447
vn -0.382798 0.740471 -0.552421
vn 0.518155 0.849645 -0.098077
vn -0.103157 0.613584 0.782862
vn 0.271499 0.960158 -0.066217
vn 0.453448 0.875014 -0.169516
vn 0.129223 0.844829 -0.519196
vn 0.273858 0.951171 -0.142391
vn -0.055486 0.993441 0.099983
vn -0.194832 0.854637 0.481286
vn -0.026669 0.996310 0.081585
vn 0.007378 0.998064 0.061757
vn -0.013635 0.985213 0.170792
vn 0.000136 0.999995 0.003329
vn -0.232814 0.875618 0.423191
vn -0.101607 0.980344 0.169122
vn -0.110599 0.910533 0.398369
vn -0.059297 0.911782 0.406371
vn -0.050525 0.606923 0.793153
vn -0.144317 0.855972 0.496473
vn 0.369354 0.689822 -0.622674
vn 0.218399 0.770881 -0.598368
vn -0.040376 0.891208 -0.451795
vn 0.218399 0.770881 -0.598368
vn 0.214635 0.975973 -0.037522
vn 0.273858 0.951171 -0.142391
vn -0.011339 0.574451 0.818461
vn -0.110457 0.596191 0.795208
vn 0.000107 0.690207 0.723612
vn 0.453448 0.875014 -0.169516
vn 0.273858 0.951171 -0.142391
vn 0.084038 0.867501 0.490285
vn -0.004852 0.977345 -0.211597
vn 0.218399 0.770881 -0.598368
vn 0.129223 0.844829 -0.519196
vn 0.273858 0.951171 -0.142391
vn 0.129223 0.844829 -0.519196
vn 0.218399 0.770881 -0.598368
vn -0.388998 0.188694 0.901707
vn -0.323279 0.608810 0.724459
vn -0.267856 0.595452 0.757424
vn -0.258687 0.256658 0.931240
vn -0.103157 0.613584 0.782862
vn 0.084038 0.867501 0.490285
vn -0.199649 0.659542 0.724669
vn 0.084038 0.867501 0.490285
vn 0.273858 0.951171 -0.142391
vn -0.267856 0.595452 0.757424
vn -0.194832 0.854637 0.481286
vn -0.258687 0.256658 0.931240
vn -0.454814 0.282168 0.844704
vn -0.192599 0.479757 0.856001
vn -0.323279 0.608810 0.724459
vn -0.199649 0.659542 0.724669
vn -0.388998 0.188694 0.901707
vn -0.243237 0.298456 0.922908
vn 0.256158 0.963216 0.081223
vn 0.055368 0.904814 -0.422191
vn 0.139949 0.987307 -0.075088
vn -0.064618 0.778762 -0.623983
vn 0.055368 0.904814 -0.422191
vn 0.112021 0.925532 -0.361720
vn 0.625833 0.767148 0.140771
vn 0.256158 0.963216 0.081223
vn 0.364960 0.930871 -0.016850
vn 0.106563 0.951086 0.289965
vn 0.196617 0.970084 0.142401
vn 0.139121 0.966894 0.213917
vn -0.370505 0.630491 0.682061
vn -0.019445 0.995476 -0.092999
vn -0.517226 0.376661 0.768508
vn 0.255874 0.952616 -0.164471
vn 0.459795 0.834635 -0.303270
vn 0.323873 0.778454 -0.537695
vn 0.139121 0.966894 0.213917
vn 0.256158 0.963216 0.081223
vn 0.106563 0.951086 0.289965
vn 0.323873 0.778454 -0.537695
vn 0.459795 0.834635 -0.303270
vn 0.550300 0.657270 -0.514942
vn 0.000568 1.000000 0.000039
vn -0.000138 1.000000 0.000610
vn 0.001272 0.999999 -0.000069
vn 0.001272 0.999999 -0.000069
vn -0.000138 1.000000 0.000610
vn 0.000188 1.000000 -0.000868
vn 0.010818 0.999818 0.015729
vn 0.000942 0.999999 0.000489
vn 0.000524 0.999997 -0.002389
vn 0.000524 0.999997 -0.002389
vn 0.000942 0.999999 0.000489
vn 0.000380 1.000000 -0.000032
vn 0.175109 0.982345 -0.065840
vn 0.031222 0.999265 -0.022238
vn 0.326331 0.927974 -0.179926
vn 0.125252 0.819113 0.559790
vn -0.014071 0.985249 -0.170548
vn 0.115196 0.826158 0.551536
vn -0.074948 0.944373 0.320222
vn -0.008092 0.985459 0.169721
vn -0.022747 0.962331 0.270926
vn -0.093811 0.984047 0.151168
vn -0.005263 0.999916 0.011828
vn -0.024131 0.998453 0.050088
vn 0.326331 0.927974 -0.179926
vn 0.357813 0.909748 -0.210545
vn 0.344164 0.932251 -0.111619
vn 0.104706 0.985336 0.134718
vn 0.175109 0.982345 -0.065840
vn 0.326331 0.927974 -0.179926
vn 0.008804 0.999282 0.036849
vn -0.004510 0.999796 0.019700
vn -0.025445 0.993595 0.110103
vn 0.032322 0.998878 0.034607
vn 0.008804 0.999282 0.036849
vn 0.057463 0.995782 0.071528
vn 0.032322 0.998878 0.034607
vn 0.057463 0.995782 0.071528
vn 0.073962 0.995437 0.060285
vn -0.000256 1.000000 0.000392
vn 0.032322 0.998878 0.034607
vn 0.014606 0.999472 0.029013
vn -0.064097 0.985041 -0.159953
vn -0.172180 0.749998 -0.638636
vn 0.006331 0.977825 -0.209327
vn -0.185017 0.635114 -0.749932
vn -0.174035 0.826060 -0.536038
vn -0.172180 0.749998 -0.638636
vn -0.048317 0.983449 -0.174625
vn -0.360094 0.716884 -0.597001
vn -0.391771 0.717768 -0.575608
vn 0.066938 0.984299 -0.163326
vn 0.147087 0.914371 -0.377214
vn 0.077081 0.957823 0.276829
vn 0.141632 0.988139 0.059350
vn -0.197491 0.849166 -0.489810
vn 0.091735 0.995519 0.022965
vn 0.138726 0.986759 0.084032
vn 0.141632 0.988139 0.059350
vn 0.121773 0.986632 0.108303
vn -0.008834 0.999894 -0.011601
vn -0.140707 0.989008 0.045429
vn -0.254807 0.952040 0.169393
vn 0.057891 0.931708 -0.358566
vn -0.140707 0.989008 0.045429
vn 0.053472 0.978288 -0.200234
vn -0.197133 0.959709 0.200243
vn -0.000062 1.000000 -0.000152
vn -0.008834 0.999894 -0.011601
vn 0.052570 0.978208 -0.200864
vn 0.153674 0.851548 -0.501249
vn 0.012895 0.994372 -0.105156
vn 0.153674 0.851548 -0.501249
vn 0.219818 0.862458 -0.455902
vn 0.089554 0.937864 -0.335249
vn 0.147087 0.914371 -0.377214
vn 0.089554 0.937864 -0.335249
vn 0.219818 0.862458 -0.455902
vn -0.261864 0.953306 -0.150447
vn -0.715890 0.422754 -0.555680
vn -0.076584 0.970324 -0.229361
vn 0.700404 0.666195 -0.256161
vn 0.383894 0.885278 -0.262503
vn 0.791084 0.533335 -0.299566
vn 0.162107 0.838358 -0.520459
vn -0.270827 0.788824 -0.551733
vn 0.377657 0.808165 -0.451935
vn 0.383894 0.885278 -0.262503
vn 0.439600 0.869681 -0.224515
vn 0.791084 0.533335 -0.299566
vn 0.373062 0.738952 -0.561048
vn 0.111102 0.870152 0.480095
vn 0.244052 0.967858 0.060747
vn 0.373062 0.738952 -0.561048
vn 0.204814 0.909207 -0.362484
vn 0.272360 0.808102 -0.522294
vn 0.204814 0.909207 -0.362484
vn -0.292638 0.945763 -0.141054
vn 0.066705 0.985234 -0.157683
vn 0.322270 0.885654 -0.334303
vn 0.220553 0.918318 -0.328706
vn 0.229972 0.961639 -0.149546
vn -0.990719 0.106001 -0.085081
vn -0.862652 0.483400 -0.148851
vn -0.833334 0.547677 -0.074857
vn 0.066705 0.985234 -0.157683
vn 0.055812 0.997142 -0.050922
vn 0.220553 0.918318 -0.328706
vn 0.229907 0.775712 -0.587720
vn 0.220553 0.918318 -0.328706
vn 0.322270 0.885654 -0.334303
vn 0.066705 0.985234 -0.157683
vn 0.220553 0.918318 -0.328706
vn 0.272360 0.808102 -0.522294
vn 0.891211 0.348384 -0.290468
vn 0.637788 0.726032 -0.257107
vn 0.933878 0.096244 -0.344396
vn -0.862652 0.483400 -0.148851
vn -0.137707 0.976388 -0.166444
vn -0.311255 0.910823 -0.271149
vn 0.891211 0.348384 -0.290468
vn 0.933878 0.096244 -0.344396
vn 0.603395 0.713690 -0.355753
vn 0.857999 0.445983 -0.254828
vn 0.891211 0.348384 -0.290468
vn 0.935957 -0.236731 -0.260660
vn 0.888402 -0.456823 -0.045326
vn 0.901716 0.337300 -0.270438
vn 0.857999 0.445983 -0.254828
vn -0.506232 0.790640 -0.344409
vn -0.833334 0.547677 -0.074857
vn -0.526915 0.767157 -0.365829
vn 0.499424 0.861191 0.094479
vn 0.625833 0.767148 0.140771
vn 0.765298 0.636095 -0.098500
vn 0.256158 0.963216 0.081223
vn 0.625833 0.767148 0.140771
vn 0.106563 0.951086 0.289965
vn 0.066705 0.985234 -0.157683
vn -0.292638 0.945763 -0.141054
vn -0.845725 0.532199 0.038910
vn -0.292638 0.945763 -0.141054
vn 0.204814 0.909207 -0.362484
vn -0.256087 0.887582 -0.382906
vn 0.373062 0.738952 -0.561048
vn -0.256087 0.887582 -0.382906
vn 0.204814 0.909207 -0.362484
vn 0.244052 0.967858 0.060747
vn 0.111102 0.870152 0.480095
vn -0.040967 0.826704 0.561143
vn -0.894102 0.271249 -0.356377
vn -0.180875 0.955369 -0.233568
vn -0.533090 0.783508 -0.319264
vn -0.808703 0.525757 0.263779
vn -0.453053 0.883655 -0.117887
vn -0.971962 -0.210253 -0.105277
vn -0.147629 0.972904 0.177942
vn 0.054017 0.966345 0.251516
vn 0.148884 0.960208 0.236294
vn 0.148884 0.960208 0.236294
vn 0.054017 0.966345 0.251516
vn 0.123157 0.979752 0.157858
vn -0.048047 0.931018 0.361796
vn -0.074948 0.944373 0.320222
vn 0.028182 0.947775 0.317692
vn -0.008092 0.985459 0.169721
vn -0.025445 0.993595 0.110103
vn -0.022747 0.962331 0.270926
vn -0.224503 0.958235 0.177158
vn 0.087931 0.964648 0.248441
vn 0.039727 0.967900 0.248175
vn 0.028182 0.947775 0.317692
vn 0.039727 0.967900 0.248175
vn 0.087931 0.964648 0.248441
vn -0.022747 0.962331 0.270926
vn -0.076651 0.990265 0.116188
vn 0.003281 0.969364 0.245607
vn -0.168442 0.985051 0.036094
vn -0.076651 0.990265 0.116188
vn -0.099203 0.988226 0.116484
vn -0.093422 0.994875 0.038677
vn -0.025445 0.993595 0.110103
vn -0.004510 0.999796 0.019700
vn -0.022747 0.962331 0.270926
vn -0.025445 0.993595 0.110103
vn -0.099203 0.988226 0.116484
vn -0.022747 0.962331 0.270926
vn -0.099203 0.988226 0.116484
vn -0.076651 0.990265 0.116188
vn -0.022747 0.962331 0.270926
vn 0.028182 0.947775 0.317692
vn -0.074948 0.944373 0.320222
vn -0.027018 0.999615 -0.006316
vn -0.093422 0.994875 0.038677
vn -0.004510 0.999796 0.019700
vn -0.168442 0.985051 0.036094
vn -0.093422 0.994875 0.038677
vn -0.107684 0.994105 -0.012639
vn 0.192750 0.981159 -0.013199
vn 0.432693 0.901363 0.017941
vn 0.968465 -0.125036 -0.215501
vn 0.123157 0.979752 0.157858
vn 0.099187 0.978833 0.179019
vn 0.108118 0.992353 0.059546
vn 0.138726 0.986759 0.084032
vn 0.030292 0.999540 0.001608
vn 0.055186 0.998475 0.001601
vn 0.099187 0.978833 0.179019
vn 0.192750 0.981159 -0.013199
vn 0.108118 0.992353 0.059546
vn 0.538349 0.836457 -0.102566
vn 0.887124 0.461425 0.009882
vn 0.799281 0.595709 -0.079251
vn 0.699151 0.548526 -0.458593
vn 0.887124 0.461425 0.009882
vn 0.504368 0.858483 -0.092848
vn 0.005321 0.999792 0.019690
vn -0.000349 1.000000 -0.000041
vn -0.074683 0.991681 0.104843
vn -0.074683 0.991681 0.104843
vn -0.109966 0.768944 0.629788
vn 0.005321 0.999792 0.019690
vn 0.000739 1.000000 0.000571
vn -0.019106 0.999134 -0.036973
vn 0.000145 1.000000 0.000892
vn -0.000349 1.000000 -0.000041
vn -0.000224 1.000000 0.000412
vn -0.000866 1.000000 0.000332
vn -0.000349 1.000000 -0.000041
vn -0.000866 1.000000 0.000332
vn -0.074683 0.991681 0.104843
vn 0.024441 0.999701 0.000425
vn -0.000349 1.000000 -0.000041
vn 0.042575 0.999086 -0.003830
vn -0.017644 0.990055 0.139569
vn -0.074683 0.991681 0.104843
vn -0.000866 1.000000 0.000332
vn -0.351902 0.533955 0.768802
vn -0.095825 0.943157 -0.318234
vn -0.137226 0.950241 0.279663
vn 0.056575 0.998138 -0.022784
vn 0.351833 0.934871 -0.047230
vn 0.364960 0.930871 -0.016850
vn 0.538349 0.836457 -0.102566
vn 0.351833 0.934871 -0.047230
vn 0.024441 0.999701 0.000425
vn -0.146335 0.706012 -0.692916
vn -0.049010 0.969520 -0.240062
vn -0.033435 0.783096 -0.621002
vn 0.056575 0.998138 -0.022784
vn -0.049010 0.969520 -0.240062
vn -0.044164 0.984417 -0.170211
vn -0.125335 0.837793 -0.531408
vn -0.075435 0.917429 -0.390684
vn -0.146335 0.706012 -0.692916
vn -0.146335 0.706012 -0.692916
vn -0.075435 0.917429 -0.390684
vn -0.185017 0.635114 -0.749932
vn -0.124148 0.966085 -0.226422
vn -0.211192 0.868810 -0.447847
vn -0.091956 0.972795 0.212638
vn 0.000145 1.000000 0.000892
vn -0.000224 1.000000 0.000412
vn 0.000739 1.000000 0.000571
vn -0.174035 0.826060 -0.536038
vn -0.024677 0.962482 0.270221
vn -0.148761 0.720777 -0.677016
vn -0.351902 0.533955 0.768802
vn -0.207288 0.702618 0.680706
vn -0.332348 0.671187 0.662610
vn 0.018274 0.999760 -0.012120
vn 0.069780 0.973082 -0.219640
vn 0.000934 0.999999 -0.000537
vn 0.001116 0.999999 -0.000967
vn 0.000934 0.999999 -0.000537
vn 0.069780 0.973082 -0.219640
vn 0.109975 0.967603 -0.227265
vn 0.292732 0.755801 -0.585724
vn 0.662723 0.410172 -0.626544
vn 0.279820 0.747485 -0.602467
vn 0.533706 0.598265 -0.597692
vn 0.091736 0.926305 0.365436
vn -0.075343 0.838006 -0.540434
vn 0.082189 0.745462 -0.661462
vn -0.095825 0.943157 -0.318234
vn 0.091736 0.926305 0.365436
vn 0.134041 0.990948 0.007408
vn -0.328726 0.426175 0.842802
vn -0.082629 0.826742 0.556480
vn 0.109975 0.967603 -0.227265
vn 0.578248 0.788958 0.207783
vn 0.503810 0.532727 -0.679983
vn 0.662723 0.410172 -0.626544
vn 0.292732 0.755801 -0.585724
vn 0.109975 0.967603 -0.227265
vn -0.133274 0.952942 -0.272286
vn -0.075343 0.838006 -0.540434
vn 0.578248 0.788958 0.207783
vn 0.109975 0.967603 -0.227265
vn 0.662723 0.410172 -0.626544
vn 0.069780 0.973082 -0.219640
vn 0.376694 0.846053 -0.377221
vn 0.455443 0.505764 -0.732649
vn -0.173679 0.684730 0.707800
vn -0.002726 0.982073 0.188480
vn -0.293212 0.633657 0.715895
vn 0.503810 0.532727 -0.679983
vn 0.376694 0.846053 -0.377221
vn 0.662723 0.410172 -0.626544
vn 0.503810 0.532727 -0.679983
vn 0.292732 0.755801 -0.585724
vn -0.185669 0.944016 0.272693
vn 0.292732 0.755801 -0.585724
vn -0.095825 0.943157 -0.318234
vn -0.185669 0.944016 0.272693
vn 0.503810 0.532727 -0.679983
vn 0.533706 0.598265 -0.597692
vn 0.455443 0.505764 -0.732649
vn -0.332348 0.671187 0.662610
vn -0.138039 0.953028 0.269596
vn -0.368980 0.495372 0.786423
vn 0.503810 0.532727 -0.679983
vn -0.185669 0.944016 0.272693
vn 0.134041 0.990948 0.007408
vn 0.503810 0.532727 -0.679983
vn 0.455443 0.505764 -0.732649
vn 0.376694 0.846053 -0.377221
vn 0.279820 0.747485 -0.602467
vn 0.455443 0.505764 -0.732649
vn 0.533706 0.598265 -0.597692
vn 0.614977 0.701803 -0.359550
vn 0.731898 0.487432 -0.476167
vn 0.027023 0.963697 -0.265627
vn -0.008716 0.997182 -0.074514
vn 0.731898 0.487432 -0.476167
vn 0.326724 0.870542 -0.367979
vn -0.097329 0.579159 0.809384
vn 0.341249 0.492660 0.800522
vn -0.315357 0.518554 0.794765
vn 0.357122 0.518432 0.776976
vn 0.341249 0.492660 0.800522
vn 0.313341 0.537597 0.782820
vn 0.173554 0.754541 0.632888
vn -0.231800 0.910037 0.343659
vn 0.146584 0.666618 0.730845
vn -0.337035 0.878396 0.338862
vn -0.506232 0.790640 -0.344409
vn 0.901716 0.337300 -0.270438
vn 0.173554 0.754541 0.632888
vn 0.357122 0.518432 0.776976
vn 0.313341 0.537597 0.782820
vn 0.357122 0.518432 0.776976
vn 0.173554 0.754541 0.632888
vn 0.146584 0.666618 0.730845
vn 0.165604 0.764397 0.623115
vn 0.094363 0.872865 0.478751
vn 0.313341 0.537597 0.782820
vn 0.173554 0.754541 0.632888
vn 0.313341 0.537597 0.782820
vn 0.094363 0.872865 0.478751
vn -0.337035 0.878396 0.338862
vn 0.146584 0.666618 0.730845
vn -0.231800 0.910037 0.343659
vn 0.282213 0.784957 0.551542
vn 0.146584 0.666618 0.730845
vn 0.138055 0.818011 0.558390
vn 0.165604 0.764397 0.623115
vn 0.092134 0.987310 0.129349
vn 0.094363 0.872865 0.478751
vn -0.000060 1.000000 -0.000112
vn 0.078206 0.996174 -0.038997
vn 0.055812 0.997142 -0.050922
vn -0.833334 0.547677 -0.074857
vn -0.337035 0.878396 0.338862
vn -0.231800 0.910037 0.343659
vn 0.138055 0.818011 0.558390
vn -0.337035 0.878396 0.338862
vn 0.901716 0.337300 -0.270438
vn 0.285715 0.951157 -0.116906
vn 0.119214 0.992465 -0.028305
vn 0.357807 0.932773 -0.043687
vn -0.166021 0.984674 0.053433
vn -0.000060 1.000000 -0.000112
vn 0.055812 0.997142 -0.050922
vn 0.229972 0.961639 -0.149546
vn 0.285715 0.951157 -0.116906
vn 0.394391 0.894574 -0.210223
vn 0.092134 0.987310 0.129349
vn 0.357807 0.932773 -0.043687
vn 0.119214 0.992465 -0.028305
vn -0.833334 0.547677 -0.074857
vn -0.231800 0.910037 0.343659
vn -0.385595 0.908785 0.159460
vn 0.857999 0.445983 -0.254828
vn -0.526915 0.767157 -0.365829
vn -0.311255 0.910823 -0.271149
vn 0.092134 0.987310 0.129349
vn 0.165604 0.764397 0.623115
vn 0.357807 0.932773 -0.043687
vn 0.092134 0.987310 0.129349
vn 0.119214 0.992465 -0.028305
vn -0.030255 0.997947 0.056450
vn -0.506232 0.790640 -0.344409
vn 0.857999 0.445983 -0.254828
vn 0.901716 0.337300 -0.270438
vn -0.833334 0.547677 -0.074857
vn -0.311255 0.910823 -0.271149
vn -0.526915 0.767157 -0.365829
vn -0.833334 0.547677 -0.074857
vn -0.506232 0.790640 -0.344409
vn -0.337035 0.878396 0.338862
vn 0.857999 0.445983 -0.254828
vn -0.506232 0.790640 -0.344409
vn -0.526915 0.767157 -0.365829
vn -0.438232 -0.711391 -0.549432
vn -0.288114 -0.271620 -0.918266
vn -0.529015 0.705671 -0.471351
vn 0.042748 0.298051 -0.953592
vn 0.077313 -0.390037 -0.917548
vn -0.480999 0.399446 -0.780438
vn -0.794169 -0.281636 -0.538495
vn -0.438232 -0.711391 -0.549432
vn -0.529015 0.705671 -0.471351
vn -0.785231 -0.581407 -0.213024
vn -0.859461 -0.266713 -0.436109
vn -0.883578 0.052169 -0.465369
vn -0.480999 0.399446 -0.780438
vn -0.438232 -0.711391 -0.549432
vn -0.883578 0.052169 -0.465369
vn -0.785231 -0.581407 -0.213024
vn -0.883578 0.052169 -0.465369
vn -0.438232 -0.711391 -0.549432
vn 0.010789 0.154974 -0.987860
vn -0.688301 0.642156 0.337457
vn -0.046227 0.724699 0.687513
vn 0.042748 0.298051 -0.953592
vn -0.573252 0.631134 0.522544
vn -0.688301 0.642156 0.337457
vn 0.292046 0.896866 0.332175
vn -0.205841 0.722894 0.659586
vn 0.587191 0.742119 0.323212
vn -0.097329 0.579159 0.809384
vn 0.313341 0.537597 0.782820
vn 0.341249 0.492660 0.800522
vn 0.587191 0.742119 0.323212
vn 0.135401 0.949189 0.284089
vn 0.394797 0.918756 -0.004824
vn -0.573252 0.631134 0.522544
vn 0.135401 0.949189 0.284089
vn -0.205841 0.722894 0.659586
vn -0.060642 0.928630 0.366017
vn 0.194166 0.960141 -0.201069
vn -0.356149 0.872925 0.333407
vn 0.369927 0.927863 -0.047159
vn 0.439937 0.859331 -0.260777
vn 0.416881 0.908957 0.002755
vn 0.205790 0.813387 0.544106
vn 0.369927 0.927863 -0.047159
vn 0.416881 0.908957 0.002755
vn 0.369927 0.927863 -0.047159
vn 0.155222 0.971945 0.176719
vn 0.194166 0.960141 -0.201069
vn 0.155222 0.971945 0.176719
vn 0.272240 0.802292 0.531237
vn 0.075445 0.992451 0.096695
vn 0.205790 0.813387 0.544106
vn 0.272240 0.802292 0.531237
vn 0.369927 0.927863 -0.047159
vn 0.194166 0.960141 -0.201069
vn -0.060642 0.928630 0.366017
vn 0.439937 0.859331 -0.260777
vn -0.378401 0.924616 0.043564
vn 0.194166 0.960141 -0.201069
vn 0.155222 0.971945 0.176719
vn 0.367842 0.913940 -0.171480
vn 0.367924 0.919796 -0.136410
vn -0.149555 0.978414 0.142613
vn 0.367924 0.919796 -0.136410
vn 0.192358 0.978794 -0.070431
vn 0.072252 0.996602 -0.039556
vn 0.202683 0.972872 -0.111530
vn 0.367842 0.913940 -0.171480
vn 0.248024 0.959437 -0.134036
vn 0.367924 0.919796 -0.136410
vn 0.367842 0.913940 -0.171480
vn 0.192358 0.978794 -0.070431
vn 0.152896 0.986543 -0.057928
vn 0.080146 0.995273 -0.054845
vn -0.000588 1.000000 -0.000805
vn 0.209936 0.972705 -0.098851
vn 0.152896 0.986543 -0.057928
vn 0.039668 0.999179 -0.008264
vn 0.362836 0.918409 -0.157720
vn 0.346637 0.924943 -0.155958
vn 0.209936 0.972705 -0.098851
vn -0.709236 0.618864 0.337625
vn -0.500547 0.819552 0.278903
vn 0.248024 0.959437 -0.134036
vn -0.000002 1.000000 -0.000179
vn 0.000063 1.000000 0.000297
vn 0.000272 1.000000 -0.000452
vn 0.000380 1.000000 -0.000032
vn -0.000770 0.999999 0.000876
vn -0.001068 0.999999 -0.001019
vn -0.194832 0.854637 0.481286
vn -0.055486 0.993441 0.099983
vn -0.264556 0.647628 0.714554
vn -0.001757 0.999999 0.000046
vn -0.001318 0.999999 -0.000689
vn -0.000098 1.000000 -0.000584
vn 0.000393 1.000000 -0.000423
vn 0.000063 1.000000 0.000297
vn 0.000380 1.000000 -0.000032
vn 0.000063 1.000000 0.000297
vn -0.000077 1.000000 0.000060
vn 0.000060 1.000000 0.000508
vn 0.367924 0.919796 -0.136410
vn 0.291651 0.952449 -0.088210
vn 0.401537 0.911704 -0.086967
vn 0.062762 0.996625 0.052920
vn 0.300893 0.953222 0.028833
vn 0.291651 0.952449 -0.088210
vn 0.002837 0.998964 0.045422
vn 0.067303 0.963697 0.258378
vn 0.062762 0.996625 0.052920
vn -0.454814 0.282168 0.844704
vn -0.388998 0.188694 0.901707
vn -0.199649 0.659542 0.724669
vn 0.067303 0.963697 0.258378
vn 0.300893 0.953222 0.028833
vn 0.062762 0.996625 0.052920
vn -0.084078 0.965439 0.246697
vn 0.274866 0.949053 0.154102
vn 0.068262 0.852355 0.518489
vn 0.000107 0.690207 0.723612
vn -0.110457 0.596191 0.795208
vn 0.041836 0.859276 0.509798
vn -0.000902 0.913236 -0.407430
vn 0.280796 0.711247 -0.644423
vn 0.164568 0.951754 -0.259003
vn 0.041836 0.859276 0.509798
vn -0.065042 0.737550 0.672153
vn 0.274866 0.949053 0.154102
vn -0.110457 0.596191 0.795208
vn -0.194714 0.740062 0.643735
vn -0.065042 0.737550 0.672153
vn -0.133054 0.845104 0.517780
vn 0.068262 0.852355 0.518489
vn -0.194714 0.740062 0.643735
vn -0.065042 0.737550 0.672153
vn -0.194714 0.740062 0.643735
vn 0.068262 0.852355 0.518489
vn 0.002837 0.998964 0.045422
vn 0.072252 0.996602 -0.039556
vn -0.000335 1.000000 -0.000073
vn 0.000107 0.690207 0.723612
vn 0.041836 0.859276 0.509798
vn 0.067303 0.963697 0.258378
vn 0.031067 0.897904 0.439094
vn 0.195163 0.654413 0.730517
vn 0.000107 0.690207 0.723612
vn -0.194714 0.740062 0.643735
vn -0.110457 0.596191 0.795208
vn -0.130671 0.899666 0.416566
vn 0.438522 0.874111 -0.208872
vn 0.687164 0.630721 -0.360551
vn 0.700404 0.666195 -0.256161
vn -0.136882 0.929376 0.342818
vn -0.339552 0.912608 0.227710
vn -0.133054 0.845104 0.517780
vn 0.274866 0.949053 0.154102
vn -0.065042 0.737550 0.672153
vn 0.068262 0.852355 0.518489
vn -0.110457 0.596191 0.795208
vn -0.065042 0.737550 0.672153
vn 0.041836 0.859276 0.509798
vn 0.062762 0.996625 0.052920
vn 0.072252 0.996602 -0.039556
vn 0.002837 0.998964 0.045422
vn 0.002837 0.998964 0.045422
vn -0.000335 1.000000 -0.000073
vn 0.013970 0.999143 0.038970
vn -0.000902 0.913236 -0.407430
vn -0.194714 0.740062 0.643735
vn -0.130671 0.899666 0.416566
vn -0.339552 0.912608 0.227710
vn -0.136882 0.929376 0.342818
vn 0.164568 0.951754 -0.259003
vn -0.001757 0.999999 0.000046
vn 0.005032 0.999920 0.011643
vn 0.013970 0.999143 0.038970
vn 0.132920 0.932041 0.337092
vn 0.031067 0.897904 0.439094
vn 0.013970 0.999143 0.038970
vn 0.013970 0.999143 0.038970
vn 0.031067 0.897904 0.439094
vn 0.002837 0.998964 0.045422
vn 0.067303 0.963697 0.258378
vn 0.002837 0.998964 0.045422
vn 0.031067 0.897904 0.439094
vn 0.209936 0.972705 -0.098851
vn 0.039668 0.999179 -0.008264
vn 0.047780 0.998196 -0.036346
vn 0.000297 1.000000 -0.000634
vn -0.000072 1.000000 0.000282
vn 0.000092 0.999999 -0.001115
vn -0.323279 0.608810 0.724459
vn -0.192599 0.479757 0.856001
vn 0.155657 0.831581 0.533145
vn 0.031067 0.897904 0.439094
vn 0.132920 0.932041 0.337092
vn 0.195163 0.654413 0.730517
vn -0.370505 0.630491 0.682061
vn -0.420463 0.258392 0.869738
vn -0.454814 0.282168 0.844704
vn 0.155657 0.831581 0.533145
vn 0.195163 0.654413 0.730517
vn 0.132920 0.932041 0.337092
vn -0.323279 0.608810 0.724459
vn 0.155657 0.831581 0.533145
vn -0.023276 0.993546 0.111014
vn 0.155657 0.831581 0.533145
vn -0.192599 0.479757 0.856001
vn 0.195163 0.654413 0.730517
vn -0.050281 0.992298 0.113214
vn -0.267856 0.595452 0.757424
vn -0.323279 0.608810 0.724459
vn -0.323279 0.608810 0.724459
vn -0.388998 0.188694 0.901707
vn -0.454814 0.282168 0.844704
vn 0.223264 0.565634 0.793859
vn -0.420463 0.258392 0.869738
vn 0.026329 0.889265 0.456634
vn 0.195163 0.654413 0.730517
vn 0.122544 0.974029 0.190396
vn -0.011339 0.574451 0.818461
vn -0.199649 0.659542 0.724669
vn 0.214635 0.975973 -0.037522
vn -0.454814 0.282168 0.844704
vn 0.195163 0.654413 0.730517
vn 0.223264 0.565634 0.793859
vn 0.026329 0.889265 0.456634
vn 0.000092 0.999999 -0.001115
vn -0.000002 1.000000 -0.000179
vn -0.000774 0.999999 -0.000946
vn -0.000139 1.000000 0.000773
vn -0.000418 1.000000 -0.000970
vn -0.001079 0.999999 0.000689
vn -0.420463 0.258392 0.869738
vn -0.192599 0.479757 0.856001
vn -0.454814 0.282168 0.844704
vn -0.556668 0.830665 -0.010757
vn -0.811414 0.465942 0.352854
vn -0.765267 0.463228 0.446974
vn -0.050281 0.992298 0.113214
vn -0.323279 0.608810 0.724459
vn -0.023276 0.993546 0.111014
vn -0.194832 0.854637 0.481286
vn -0.267856 0.595452 0.757424
vn -0.026669 0.996310 0.081585
vn 0.195163 0.654413 0.730517
vn -0.011339 0.574451 0.818461
vn 0.000107 0.690207 0.723612
vn -0.130671 0.899666 0.416566
vn -0.011339 0.574451 0.818461
vn 0.122544 0.974029 0.190396
vn 0.214635 0.975973 -0.037522
vn 0.294918 0.835586 -0.463487
vn -0.370505 0.630491 0.682061
vn -0.019445 0.995476 -0.092999
vn 0.480144 0.679368 -0.554906
vn 0.347668 0.858186 -0.377682
vn -0.000098 1.000000 -0.000584
vn -0.000139 1.000000 0.000773
vn 0.000108 1.000000 0.000959
vn -0.026669 0.996310 0.081585
vn -0.267856 0.595452 0.757424
vn -0.050281 0.992298 0.113214
vn 0.005032 0.999920 0.011643
vn -0.023276 0.993546 0.111014
vn 0.132920 0.932041 0.337092
vn -0.000072 1.000000 0.000282
vn -0.000077 1.000000 0.000060
vn 0.000092 0.999999 -0.001115
vn 0.000108 1.000000 0.000959
vn -0.050281 0.992298 0.113214
vn -0.023276 0.993546 0.111014
vn -0.000418 1.000000 -0.000970
vn -0.000139 1.000000 0.000773
vn 0.001041 0.999999 -0.000974
vn -0.026669 0.996310 0.081585
vn -0.001079 0.999999 0.000689
vn -0.055486 0.993441 0.099983
vn -0.264556 0.647628 0.714554
vn -0.103157 0.613584 0.782862
vn -0.258687 0.256658 0.931240
vn -0.370505 0.630491 0.682061
vn -0.454814 0.282168 0.844704
vn 0.214635 0.975973 -0.037522
vn -0.420463 0.258392 0.869738
vn -0.517226 0.376661 0.768508
vn 0.026329 0.889265 0.456634
vn -0.000098 1.000000 -0.000584
vn 0.005032 0.999920 0.011643
vn -0.001757 0.999999 0.000046
vn 0.001041 0.999999 -0.000974
vn -0.000139 1.000000 0.000773
vn -0.000098 1.000000 -0.000584
vn -0.000418 1.000000 -0.000970
vn 0.000092 0.999999 -0.001115
vn -0.000774 0.999999 -0.000946
vn 0.000537 1.000000 -0.000276
vn 0.000136 0.999995 0.003329
vn -0.055486 0.993441 0.099983
vn 0.000272 1.000000 -0.000452
vn 0.000136 0.999995 0.003329
vn 0.000537 1.000000 -0.000276
vn -0.264556 0.647628 0.714554
vn -0.055486 0.993441 0.099983
vn -0.013635 0.985213 0.170792
vn 0.084038 0.867501 0.490285
vn -0.199649 0.659542 0.724669
vn -0.243237 0.298456 0.922908
vn -0.264556 0.647628 0.714554
vn -0.258687 0.256658 0.931240
vn -0.194832 0.854637 0.481286
vn 0.294918 0.835586 -0.463487
vn 0.214635 0.975973 -0.037522
vn 0.369354 0.689822 -0.622674
vn -0.517226 0.376661 0.768508
vn -0.420463 0.258392 0.869738
vn -0.370505 0.630491 0.682061
vn 0.026329 0.889265 0.456634
vn -0.517226 0.376661 0.768508
vn -0.556668 0.830665 -0.010757
vn 0.195163 0.654413 0.730517
vn 0.026329 0.889265 0.456634
vn 0.122544 0.974029 0.190396
vn 0.013970 0.999143 0.038970
vn 0.005032 0.999920 0.011643
vn 0.132920 0.932041 0.337092
vn 0.000108 1.000000 0.000959
vn 0.005032 0.999920 0.011643
vn -0.000098 1.000000 -0.000584
vn 0.000092 0.999999 -0.001115
vn -0.000418 1.000000 -0.000970
vn 0.001041 0.999999 -0.000974
vn 0.000537 1.000000 -0.000276
vn -0.001079 0.999999 0.000689
vn -0.000774 0.999999 -0.000946
vn 0.000092 0.999999 -0.001115
vn 0.001041 0.999999 -0.000974
vn 0.000297 1.000000 -0.000634
vn 0.000092 0.999999 -0.001115
vn -0.000077 1.000000 0.000060
vn -0.000002 1.000000 -0.000179
vn -0.267856 0.595452 0.757424
vn -0.243237 0.298456 0.922908
vn -0.388998 0.188694 0.901707
vn 0.084038 0.867501 0.490285
vn -0.243237 0.298456 0.922908
vn -0.258687 0.256658 0.931240
vn -0.040376 0.891208 -0.451795
vn -0.064618 0.778762 -0.623983
vn 0.323873 0.778454 -0.537695
vn 0.639734 0.677480 -0.362991
vn 0.514681 0.758164 -0.400363
vn 0.550300 0.657270 -0.514942
vn -0.001745 0.999999 0.000343
vn 0.000297 1.000000 -0.000634
vn -0.001318 0.999999 -0.000689
vn 0.014026 0.999768 -0.016348
vn -0.000335 1.000000 -0.000073
vn 0.072252 0.996602 -0.039556
vn -0.000077 1.000000 0.000060
vn 0.000063 1.000000 0.000297
vn -0.000002 1.000000 -0.000179
vn 0.000272 1.000000 -0.000452
vn 0.000063 1.000000 0.000297
vn 0.000393 1.000000 -0.000423
vn 0.000272 1.000000 -0.000452
vn 0.000393 1.000000 -0.000423
vn 0.000136 0.999995 0.003329
vn -0.000774 0.999999 -0.000946
vn -0.000002 1.000000 -0.000179
vn 0.000272 1.000000 -0.000452
vn 0.000136 0.999995 0.003329
vn 0.000562 0.999999 -0.000937
vn 0.000188 1.000000 -0.000868
vn -0.144317 0.855972 0.496473
vn 0.007378 0.998064 0.061757
vn -0.006810 0.999964 0.004966
vn -0.000138 1.000000 0.000610
vn -0.020483 0.999318 0.030708
vn -0.006810 0.999964 0.004966
vn 0.000562 0.999999 -0.000937
vn 0.000136 0.999995 0.003329
vn 0.000393 1.000000 -0.000423
vn 0.369354 0.689822 -0.622674
vn 0.214635 0.975973 -0.037522
vn 0.218399 0.770881 -0.598368
vn 0.294918 0.835586 -0.463487
vn 0.480144 0.679368 -0.554906
vn -0.019445 0.995476 -0.092999
vn 0.514681 0.758164 -0.400363
vn 0.347668 0.858186 -0.377682
vn 0.550300 0.657270 -0.514942
vn -0.441161 0.799815 0.407029
vn 0.347668 0.858186 -0.377682
vn -0.196764 0.977312 -0.078397
vn 0.369354 0.689822 -0.622674
vn -0.040376 0.891208 -0.451795
vn 0.323873 0.778454 -0.537695
vn 0.294918 0.835586 -0.463487
vn 0.369354 0.689822 -0.622674
vn 0.480144 0.679368 -0.554906
vn -0.001745 0.999999 0.000343
vn -0.001450 0.999998 0.001361
vn -0.000072 1.000000 0.000282
vn -0.001450 0.999998 0.001361
vn -0.001141 0.999999 0.001010
vn -0.000072 1.000000 0.000282
vn -0.001318 0.999999 -0.000689
vn 0.000297 1.000000 -0.000634
vn 0.001041 0.999999 -0.000974
vn -0.000072 1.000000 0.000282
vn 0.000297 1.000000 -0.000634
vn -0.001745 0.999999 0.000343
vn -0.000098 1.000000 -0.000584
vn -0.001318 0.999999 -0.000689
vn 0.001041 0.999999 -0.000974
vn 0.202683 0.972872 -0.111530
vn 0.015808 0.999851 -0.006895
vn 0.014026 0.999768 -0.016348
vn 0.000136 0.999995 0.003329
vn 0.000188 1.000000 -0.000868
vn 0.007378 0.998064 0.061757
vn -0.006810 0.999964 0.004966
vn 0.007378 0.998064 0.061757
vn 0.000188 1.000000 -0.000868
vn 0.000942 0.999999 0.000489
vn 0.000562 0.999999 -0.000937
vn 0.000393 1.000000 -0.000423
vn 0.001272 0.999999 -0.000069
vn 0.000188 1.000000 -0.000868
vn 0.000562 0.999999 -0.000937
vn 0.371676 0.926581 -0.057494
vn 0.123651 0.980214 -0.154565
vn 0.538151 0.825944 -0.167957
vn -0.453053 0.883655 -0.117887
vn -0.180875 0.955369 -0.233568
vn -0.894102 0.271249 -0.356377
vn -0.001450 0.999998 0.001361
vn -0.001745 0.999999 0.000343
vn 0.047780 0.998196 -0.036346
vn 0.000060 1.000000 0.000508
vn -0.000077 1.000000 0.000060
vn -0.001141 0.999999 0.001010
vn 0.015808 0.999851 -0.006895
vn -0.001745 0.999999 0.000343
vn -0.001318 0.999999 -0.000689
vn 0.202683 0.972872 -0.111530
vn 0.047780 0.998196 -0.036346
vn 0.015808 0.999851 -0.006895
vn -0.264556 0.647628 0.714554
vn -0.013635 0.985213 0.170792
vn -0.229363 0.706369 0.669653
vn 0.000136 0.999995 0.003329
vn -0.013635 0.985213 0.170792
vn -0.055486 0.993441 0.099983
vn -0.000138 1.000000 0.000610
vn -0.006810 0.999964 0.004966
vn 0.000188 1.000000 -0.000868
vn -0.144317 0.855972 0.496473
vn -0.006810 0.999964 0.004966
vn -0.124891 0.964438 0.232943
vn -0.144317 0.855972 0.496473
vn -0.124891 0.964438 0.232943
vn -0.256046 0.720120 0.644878
vn -0.229363 0.706369 0.669653
vn 0.007378 0.998064 0.061757
vn -0.144317 0.855972 0.496473
vn 0.550300 0.657270 -0.514942
vn 0.347668 0.858186 -0.377682
vn 0.480144 0.679368 -0.554906
vn 0.347668 0.858186 -0.377682
vn 0.514681 0.758164 -0.400363
vn -0.196764 0.977312 -0.078397
vn -0.947989 0.318288 0.003008
vn -0.731140 -0.678531 0.070918
vn -0.988875 -0.119470 0.088615
vn -0.303286 0.937753 -0.169222
vn 0.583241 0.731686 -0.352798
vn 0.215749 0.916034 -0.338132
vn 0.383894 0.885278 -0.262503
vn 0.161071 0.884615 -0.437622
vn -0.533090 0.783508 -0.319264
vn -0.988875 -0.119470 0.088615
vn 0.215749 0.916034 -0.338132
vn 0.123651 0.980214 -0.154565
vn 0.202683 0.972872 -0.111530
vn 0.192358 0.978794 -0.070431
vn 0.367842 0.913940 -0.171480
vn 0.209936 0.972705 -0.098851
vn 0.047780 0.998196 -0.036346
vn 0.202683 0.972872 -0.111530
vn 0.369354 0.689822 -0.622674
vn 0.323873 0.778454 -0.537695
vn 0.480144 0.679368 -0.554906
vn 0.550300 0.657270 -0.514942
vn 0.459795 0.834635 -0.303270
vn 0.639734 0.677480 -0.362991
vn 0.112021 0.925532 -0.361720
vn 0.323873 0.778454 -0.537695
vn -0.064618 0.778762 -0.623983
vn 0.323873 0.778454 -0.537695
vn 0.550300 0.657270 -0.514942
vn 0.480144 0.679368 -0.554906
vn 0.514681 0.758164 -0.400363
vn -0.303286 0.937753 -0.169222
vn -0.196764 0.977312 -0.078397
vn -0.180875 0.955369 -0.233568
vn 0.383894 0.885278 -0.262503
vn -0.533090 0.783508 -0.319264
vn -0.988875 -0.119470 0.088615
vn 0.123651 0.980214 -0.154565
vn -0.947989 0.318288 0.003008
vn 0.538151 0.825944 -0.167957
vn 0.123651 0.980214 -0.154565
vn 0.215749 0.916034 -0.338132
vn -0.001745 0.999999 0.000343
vn 0.015808 0.999851 -0.006895
vn 0.047780 0.998196 -0.036346
vn 0.014026 0.999768 -0.016348
vn -0.001318 0.999999 -0.000689
vn -0.000335 1.000000 -0.000073
vn 0.347668 0.858186 -0.377682
vn -0.441161 0.799815 0.407029
vn -0.019445 0.995476 -0.092999
vn -0.556668 0.830665 -0.010757
vn -0.441161 0.799815 0.407029
vn -0.811414 0.465942 0.352854
vn -0.303286 0.937753 -0.169222
vn -0.904315 0.422630 -0.059989
vn -0.196764 0.977312 -0.078397
vn -0.441161 0.799815 0.407029
vn -0.196764 0.977312 -0.078397
vn -0.811414 0.465942 0.352854
vn -0.894102 0.271249 -0.356377
vn -0.988875 -0.119470 0.088615
vn -0.971962 -0.210253 -0.105277
vn -0.811414 0.465942 0.352854
vn -0.196764 0.977312 -0.078397
vn -0.904315 0.422630 -0.059989
vn -0.973299 0.183881 -0.137394
vn -0.715890 0.422754 -0.555680
vn -0.382798 0.740471 -0.552421
vn -0.076584 0.970324 -0.229361
vn -0.715890 0.422754 -0.555680
vn -0.339552 0.912608 0.227710
vn -0.229363 0.706369 0.669653
vn -0.306096 0.358673 0.881850
vn -0.264556 0.647628 0.714554
vn 0.271499 0.960158 -0.066217
vn -0.306096 0.358673 0.881850
vn 0.105073 0.935649 0.336927
vn 0.518155 0.849645 -0.098077
vn 0.271499 0.960158 -0.066217
vn 0.357304 0.906029 -0.226817
vn -0.306096 0.358673 0.881850
vn 0.271499 0.960158 -0.066217
vn -0.103157 0.613584 0.782862
vn 0.459078 0.878179 0.134348
vn 0.518155 0.849645 -0.098077
vn 0.357304 0.906029 -0.226817
vn 0.084038 0.867501 0.490285
vn 0.518155 0.849645 -0.098077
vn 0.453448 0.875014 -0.169516
vn -0.306096 0.358673 0.881850
vn -0.050525 0.606923 0.793153
vn 0.105073 0.935649 0.336927
vn -0.144317 0.855972 0.496473
vn -0.050525 0.606923 0.793153
vn -0.229363 0.706369 0.669653
vn -0.232814 0.875618 0.423191
vn -0.020483 0.999318 0.030708
vn -0.101607 0.980344 0.169122
vn -0.006810 0.999964 0.004966
vn -0.020483 0.999318 0.030708
vn -0.124891 0.964438 0.232943
vn -0.065494 0.945989 0.317514
vn -0.232814 0.875618 0.423191
vn -0.110599 0.910533 0.398369
vn -0.020483 0.999318 0.030708
vn -0.232814 0.875618 0.423191
vn -0.124891 0.964438 0.232943
vn 0.280038 0.931046 -0.233951
vn 0.357813 0.909748 -0.210545
vn 0.136041 0.990669 -0.008265
vn 0.115196 0.826158 0.551536
vn 0.114805 0.839983 0.530328
vn 0.125252 0.819113 0.559790
vn 0.022705 0.999357 0.027763
vn 0.029041 0.999252 0.025521
vn 0.073962 0.995437 0.060285
vn 0.031222 0.999265 -0.022238
vn 0.009564 0.999936 -0.006088
vn -0.005263 0.999916 0.011828
vn -0.008092 0.985459 0.169721
vn 0.030915 0.996058 0.083141
vn 0.057463 0.995782 0.071528
vn -0.088475 0.972233 0.216644
vn -0.008092 0.985459 0.169721
vn -0.074948 0.944373 0.320222
vn -0.093811 0.984047 0.151168
vn -0.005248 0.999341 0.035926
vn -0.005263 0.999916 0.011828
vn 0.326331 0.927974 -0.179926
vn 0.031222 0.999265 -0.022238
vn 0.113028 0.992332 -0.050023
vn 0.357813 0.909748 -0.210545
vn 0.326331 0.927974 -0.179926
vn 0.113028 0.992332 -0.050023
vn 0.216877 0.935143 -0.280130
vn 0.344164 0.932251 -0.111619
vn 0.280038 0.931046 -0.233951
vn 0.105310 0.789331 0.604869
vn -0.024677 0.962482 0.270221
vn 0.039907 0.918657 0.393036
vn -0.148761 0.720777 -0.677016
vn -0.024677 0.962482 0.270221
vn -0.010233 0.997866 0.064493
vn 0.159088 0.862521 0.480364
vn 0.149330 0.876998 0.456699
vn 0.039907 0.918657 0.393036
vn 0.126584 0.986626 0.102696
vn 0.057941 0.964329 0.258289
vn 0.114805 0.839983 0.530328
vn 0.244528 0.952640 0.180783
vn 0.224061 0.963887 -0.143939
vn 0.149330 0.876998 0.456699
vn 0.142771 0.952131 0.270301
vn 0.224061 0.963887 -0.143939
vn 0.179246 0.945557 -0.271648
vn 0.126584 0.986626 0.102696
vn 0.142771 0.952131 0.270301
vn 0.179246 0.945557 -0.271648
vn 0.105310 0.789331 0.604869
vn 0.149330 0.876998 0.456699
vn 0.142771 0.952131 0.270301
vn -0.185017 0.635114 -0.749932
vn -0.127599 0.852281 -0.507283
vn -0.075111 0.945253 -0.317578
vn -0.075435 0.917429 -0.390684
vn -0.174035 0.826060 -0.536038
vn -0.185017 0.635114 -0.749932
vn -0.197491 0.849166 -0.489810
vn -0.240566 0.803953 -0.543864
vn 0.091735 0.995519 0.022965
vn -0.391771 0.717768 -0.575608
vn -0.197491 0.849166 -0.489810
vn -0.285136 0.796785 -0.532758
vn -0.048317 0.983449 -0.174625
vn -0.391771 0.717768 -0.575608
vn -0.382143 0.884669 -0.267071
vn -0.197491 0.849166 -0.489810
vn -0.391771 0.717768 -0.575608
vn -0.360094 0.716884 -0.597001
vn -0.113898 0.986838 -0.114792
vn -0.048317 0.983449 -0.174625
vn -0.382143 0.884669 -0.267071
vn -0.147888 0.986875 -0.064860
vn 0.066938 0.984299 -0.163326
vn 0.077081 0.957823 0.276829
vn -0.211192 0.868810 -0.447847
vn -0.147888 0.986875 -0.064860
vn -0.091956 0.972795 0.212638
vn -0.211192 0.868810 -0.447847
vn -0.216246 0.630598 -0.745375
vn -0.298877 0.538211 -0.788037
vn -0.197491 0.849166 -0.489810
vn 0.076879 0.993881 -0.079315
vn -0.285136 0.796785 -0.532758
vn 0.138726 0.986759 0.084032
vn 0.076879 0.993881 -0.079315
vn 0.141632 0.988139 0.059350
vn 0.138726 0.986759 0.084032
vn 0.055186 0.998475 0.001601
vn 0.118821 0.991913 -0.044608
vn 0.076879 0.993881 -0.079315
vn 0.138726 0.986759 0.084032
vn 0.217566 0.975962 -0.012742
vn 0.192750 0.981159 -0.013199
vn 0.859833 0.324140 -0.394488
vn 0.118821 0.991913 -0.044608
vn 0.165347 0.986198 -0.008549
vn 0.859833 0.324140 -0.394488
vn 0.687358 0.618069 -0.381483
vn 0.052570 0.978208 -0.200864
vn 0.012895 0.994372 -0.105156
vn -0.000062 1.000000 -0.000152
vn 0.089554 0.937864 -0.335249
vn -0.008834 0.999894 -0.011601
vn 0.012895 0.994372 -0.105156
vn 0.147087 0.914371 -0.377214
vn 0.084113 0.924797 0.371048
vn 0.077081 0.957823 0.276829
vn 0.053472 0.978288 -0.200234
vn 0.089554 0.937864 -0.335249
vn 0.147087 0.914371 -0.377214
vn -0.091956 0.972795 0.212638
vn 0.077081 0.957823 0.276829
vn 0.084113 0.924797 0.371048
vn -0.211192 0.868810 -0.447847
vn -0.309651 0.649851 -0.694126
vn -0.147888 0.986875 -0.064860
vn -0.173679 0.684730 0.707800
vn -0.154231 0.838992 0.521829
vn -0.060310 0.842303 0.535619
vn -0.154231 0.838992 0.521829
vn -0.124148 0.966085 -0.226422
vn -0.091956 0.972795 0.212638
vn -0.048378 0.976687 0.209145
vn -0.005905 0.999975 0.003963
vn -0.138039 0.953028 0.269596
vn -0.001287 0.999930 -0.011757
vn -0.061816 0.984200 -0.165921
vn -0.022321 0.997768 -0.062939
vn -0.061816 0.984200 -0.165921
vn -0.217952 0.669143 -0.710454
vn -0.138568 0.877244 -0.459610
vn -0.216246 0.630598 -0.745375
vn -0.124148 0.966085 -0.226422
vn -0.201917 0.706795 -0.677990
vn -0.060310 0.842303 0.535619
vn -0.154231 0.838992 0.521829
vn 0.084113 0.924797 0.371048
vn -0.124148 0.966085 -0.226422
vn -0.154231 0.838992 0.521829
vn -0.053260 0.986550 0.154540
vn 0.219818 0.862458 -0.455902
vn -0.060310 0.842303 0.535619
vn 0.084113 0.924797 0.371048
vn -0.060310 0.842303 0.535619
vn -0.002726 0.982073 0.188480
vn -0.173679 0.684730 0.707800
vn -0.339552 0.912608 0.227710
vn 0.164568 0.951754 -0.259003
vn -0.076584 0.970324 -0.229361
vn 0.438522 0.874111 -0.208872
vn -0.076584 0.970324 -0.229361
vn 0.164568 0.951754 -0.259003
vn 0.077823 0.980599 -0.179912
vn 0.438522 0.874111 -0.208872
vn 0.700404 0.666195 -0.256161
vn 0.439600 0.869681 -0.224515
vn 0.162107 0.838358 -0.520459
vn 0.377657 0.808165 -0.451935
vn -0.043441 0.982491 0.181176
vn -0.040967 0.826704 0.561143
vn -0.093829 0.668812 0.737486
vn 0.439600 0.869681 -0.224515
vn -0.180875 0.955369 -0.233568
vn -0.043441 0.982491 0.181176
vn 0.161071 0.884615 -0.437622
vn 0.383894 0.885278 -0.262503
vn 0.687164 0.630721 -0.360551
vn -0.180875 0.955369 -0.233568
vn 0.439600 0.869681 -0.224515
vn 0.383894 0.885278 -0.262503
vn 0.439600 0.869681 -0.224515
vn 0.377657 0.808165 -0.451935
vn 0.791084 0.533335 -0.299566
vn 0.377657 0.808165 -0.451935
vn 0.077823 0.980599 -0.179912
vn 0.700404 0.666195 -0.256161
vn 0.438522 0.874111 -0.208872
vn 0.280796 0.711247 -0.644423
vn 0.687164 0.630721 -0.360551
vn -0.924517 0.365392 -0.108429
vn -0.811414 0.465942 0.352854
vn -0.904315 0.422630 -0.059989
vn 0.280796 0.711247 -0.644423
vn 0.161071 0.884615 -0.437622
vn 0.687164 0.630721 -0.360551
vn 0.161071 0.884615 -0.437622
vn -0.519521 0.826896 -0.215270
vn -0.533090 0.783508 -0.319264
vn -0.519521 0.826896 -0.215270
vn -0.924517 0.365392 -0.108429
vn -0.533090 0.783508 -0.319264
vn -0.924517 0.365392 -0.108429
vn -0.894102 0.271249 -0.356377
vn -0.533090 0.783508 -0.319264
vn -0.924517 0.365392 -0.108429
vn -0.519521 0.826896 -0.215270
vn -0.765267 0.463228 0.446974
vn -0.894102 0.271249 -0.356377
vn -0.924517 0.365392 -0.108429
vn -0.904315 0.422630 -0.059989
vn -0.988875 -0.119470 0.088615
vn -0.894102 0.271249 -0.356377
vn -0.904315 0.422630 -0.059989
vn -0.894102 0.271249 -0.356377
vn -0.971962 -0.210253 -0.105277
vn -0.453053 0.883655 -0.117887
vn -0.074948 0.944373 0.320222
vn -0.048047 0.931018 0.361796
vn -0.153318 0.924025 0.350245
vn -0.116744 0.961300 0.249545
vn -0.093811 0.984047 0.151168
vn -0.024131 0.998453 0.050088
vn -0.048047 0.931018 0.361796
vn 0.028182 0.947775 0.317692
vn 0.080231 0.946499 0.312575
vn -0.074948 0.944373 0.320222
vn -0.153318 0.924025 0.350245
vn -0.088475 0.972233 0.216644
vn 0.028814 0.997988 0.056477
vn -0.009630 0.991137 0.132492
vn -0.050352 0.962196 0.267662
vn 0.080231 0.946499 0.312575
vn -0.050352 0.962196 0.267662
vn -0.048047 0.931018 0.361796
vn -0.088475 0.972233 0.216644
vn -0.153318 0.924025 0.350245
vn -0.116744 0.961300 0.249545
vn 0.030915 0.996058 0.083141
vn -0.088475 0.972233 0.216644
vn -0.024131 0.998453 0.050088
vn 0.024572 0.997906 0.059827
vn 0.091735 0.995519 0.022965
vn -0.240566 0.803953 -0.543864
vn 0.111869 0.841383 0.528735
vn 0.125252 0.819113 0.559790
vn 0.083902 0.851286 0.517950
vn -0.153318 0.924025 0.350245
vn -0.160732 0.919173 0.359563
vn -0.212865 0.927587 0.307036
vn -0.005248 0.999341 0.035926
vn 0.136041 0.990669 -0.008265
vn 0.113028 0.992332 -0.050023
vn 0.057463 0.995782 0.071528
vn 0.030915 0.996058 0.083141
vn 0.022705 0.999357 0.027763
vn -0.008092 0.985459 0.169721
vn -0.088475 0.972233 0.216644
vn 0.030915 0.996058 0.083141
vn 0.148884 0.960208 0.236294
vn 0.125030 0.959156 0.253748
vn 0.080231 0.946499 0.312575
vn -0.050352 0.962196 0.267662
vn -0.009630 0.991137 0.132492
vn -0.211531 0.944022 0.253136
vn 0.005321 0.999792 0.019690
vn 0.504368 0.858483 -0.092848
vn 0.042575 0.999086 -0.003830
vn -0.274741 0.766016 0.581151
vn -0.084681 0.931430 0.353931
vn -0.018847 0.845340 0.533896
vn -0.084681 0.931430 0.353931
vn 0.005321 0.999792 0.019690
vn -0.018847 0.845340 0.533896
vn -0.000349 1.000000 -0.000041
vn 0.005321 0.999792 0.019690
vn 0.042575 0.999086 -0.003830
vn 0.000145 1.000000 0.000892
vn -0.005905 0.999975 0.003963
vn -0.000866 1.000000 0.000332
vn -0.048378 0.976687 0.209145
vn -0.017644 0.990055 0.139569
vn -0.005905 0.999975 0.003963
vn -0.017644 0.990055 0.139569
vn -0.207288 0.702618 0.680706
vn -0.074683 0.991681 0.104843
vn -0.086814 0.951190 0.296143
vn 0.195497 0.796363 -0.572352
vn -0.135020 0.880501 0.454410
vn -0.075111 0.945253 -0.317578
vn -0.127599 0.852281 -0.507283
vn -0.064097 0.985041 -0.159953
vn -0.044164 0.984417 -0.170211
vn -0.146335 0.706012 -0.692916
vn -0.075111 0.945253 -0.317578
vn -0.075111 0.945253 -0.317578
vn -0.019106 0.999134 -0.036973
vn -0.044164 0.984417 -0.170211
vn 0.000145 1.000000 0.000892
vn -0.019106 0.999134 -0.036973
vn 0.007125 0.999160 -0.040362
vn 0.279820 0.747485 -0.602467
vn 0.069780 0.973082 -0.219640
vn 0.455443 0.505764 -0.732649
vn 0.222321 0.783067 -0.580844
vn -0.002726 0.982073 0.188480
vn -0.060310 0.842303 0.535619
vn -0.075343 0.838006 -0.540434
vn -0.095825 0.943157 -0.318234
vn 0.292732 0.755801 -0.585724
vn -0.137226 0.950241 0.279663
vn -0.095825 0.943157 -0.318234
vn 0.082189 0.745462 -0.661462
vn 0.109975 0.967603 -0.227265
vn -0.075343 0.838006 -0.540434
vn 0.292732 0.755801 -0.585724
vn -0.075343 0.838006 -0.540434
vn -0.133274 0.952942 -0.272286
vn -0.009694 0.845476 -0.533926
vn 0.082189 0.745462 -0.661462
vn -0.086814 0.951190 0.296143
vn -0.137226 0.950241 0.279663
vn -0.137226 0.950241 0.279663
vn -0.086814 0.951190 0.296143
vn -0.207288 0.702618 0.680706
vn 0.195497 0.796363 -0.572352
vn -0.009694 0.845476 -0.533926
vn 0.117674 0.959506 -0.255932
vn -0.086814 0.951190 0.296143
vn -0.153509 0.412058 0.898133
vn -0.207288 0.702618 0.680706
vn -0.038887 0.967290 0.250677
vn -0.385595 0.908785 0.159460
vn -0.231800 0.910037 0.343659
vn -0.845725 0.532199 0.038910
vn -0.166021 0.984674 0.053433
vn 0.066705 0.985234 -0.157683
vn 0.685151 0.728317 -0.011084
vn 0.292046 0.896866 0.332175
vn 0.587191 0.742119 0.323212
vn 0.357807 0.932773 -0.043687
vn 0.292046 0.896866 0.332175
vn 0.594000 0.795692 -0.118481
vn 0.292046 0.896866 0.332175
vn -0.097329 0.579159 0.809384
vn -0.205841 0.722894 0.659586
vn 0.165604 0.764397 0.623115
vn 0.313341 0.537597 0.782820
vn -0.097329 0.579159 0.809384
vn 0.202683 0.972872 -0.111530
vn 0.362836 0.918409 -0.157720
vn 0.209936 0.972705 -0.098851
vn 0.248024 0.959437 -0.134036
vn -0.500547 0.819552 0.278903
vn 0.362836 0.918409 -0.157720
vn -0.000077 1.000000 0.000060
vn -0.000072 1.000000 0.000282
vn -0.001141 0.999999 0.001010
vn -0.000588 1.000000 -0.000805
vn -0.000816 1.000000 0.000359
vn -0.001141 0.999999 0.001010
vn -0.001450 0.999998 0.001361
vn 0.039668 0.999179 -0.008264
vn -0.001141 0.999999 0.001010
vn 0.152896 0.986543 -0.057928
vn -0.000588 1.000000 -0.000805
vn 0.039668 0.999179 -0.008264
vn 0.080146 0.995273 -0.054845
vn 0.013115 0.999798 -0.015220
vn -0.000588 1.000000 -0.000805
vn 0.000568 1.000000 -0.000429
vn -0.000816 1.000000 0.000359
vn 0.013115 0.999798 -0.015220
vn -0.000226 1.000000 -0.000226
vn 0.000464 0.999999 0.001060
vn 0.000738 1.000000 0.000559
vn 0.000063 1.000000 0.000297
vn 0.000464 0.999999 0.001060
vn -0.000770 0.999999 0.000876
vn -0.001141 0.999999 0.001010
vn -0.000816 1.000000 0.000359
vn 0.000060 1.000000 0.000508
vn 0.013115 0.999798 -0.015220
vn -0.000816 1.000000 0.000359
vn -0.000588 1.000000 -0.000805
vn -0.076584 0.970324 -0.229361
vn 0.438522 0.874111 -0.208872
vn 0.077823 0.980599 -0.179912
vn 0.280796 0.711247 -0.644423
vn 0.438522 0.874111 -0.208872
vn 0.164568 0.951754 -0.259003
vn 0.072252 0.996602 -0.039556
vn 0.062762 0.996625 0.052920
vn 0.291651 0.952449 -0.088210
vn 0.014026 0.999768 -0.016348
vn 0.072252 0.996602 -0.039556
vn 0.192358 0.978794 -0.070431
vn -0.050281 0.992298 0.113214
vn 0.000108 1.000000 0.000959
vn -0.000139 1.000000 0.000773
vn 0.005032 0.999920 0.011643
vn 0.000108 1.000000 0.000959
vn -0.023276 0.993546 0.111014
vn 0.013970 0.999143 0.038970
vn -0.000335 1.000000 -0.000073
vn -0.001757 0.999999 0.000046
vn -0.001318 0.999999 -0.000689
vn -0.001757 0.999999 0.000046
vn -0.000335 1.000000 -0.000073
vn 0.195163 0.654413 0.730517
vn -0.192599 0.479757 0.856001
vn 0.223264 0.565634 0.793859
vn -0.420463 0.258392 0.869738
vn 0.223264 0.565634 0.793859
vn -0.192599 0.479757 0.856001
vn -0.001079 0.999999 0.000689
vn 0.000537 1.000000 -0.000276
vn -0.055486 0.993441 0.099983
vn 0.000272 1.000000 -0.000452
vn 0.000537 1.000000 -0.000276
vn -0.000774 0.999999 -0.000946
vn 0.459795 0.834635 -0.303270
vn 0.538151 0.825944 -0.167957
vn 0.639734 0.677480 -0.362991
vn 0.583241 0.731686 -0.352798
vn 0.538151 0.825944 -0.167957
vn 0.215749 0.916034 -0.338132
vn 0.514681 0.758164 -0.400363
vn 0.639734 0.677480 -0.362991
vn 0.583241 0.731686 -0.352798
vn 0.538151 0.825944 -0.167957
vn 0.583241 0.731686 -0.352798
vn 0.639734 0.677480 -0.362991
vn 0.202683 0.972872 -0.111530
vn 0.014026 0.999768 -0.016348
vn 0.192358 0.978794 -0.070431
vn -0.001318 0.999999 -0.000689
vn 0.014026 0.999768 -0.016348
vn 0.015808 0.999851 -0.006895
vn 0.583241 0.731686 -0.352798
vn -0.303286 0.937753 -0.169222
vn 0.514681 0.758164 -0.400363
vn -0.988875 -0.119470 0.088615
vn -0.303286 0.937753 -0.169222
vn 0.215749 0.916034 -0.338132
vn -0.256046 0.720120 0.644878
vn -0.059297 0.911782 0.406371
vn -0.144317 0.855972 0.496473
vn -0.232814 0.875618 0.423191
vn -0.065494 0.945989 0.317514
vn -0.256046 0.720120 0.644878
vn 0.113028 0.992332 -0.050023
vn 0.031222 0.999265 -0.022238
vn -0.005248 0.999341 0.035926
vn -0.010287 0.993024 0.117460
vn 0.057941 0.964329 0.258289
vn 0.136041 0.990669 -0.008265
vn 0.053163 0.993952 0.096094
vn 0.073962 0.995437 0.060285
vn 0.029041 0.999252 0.025521
vn 0.057463 0.995782 0.071528
vn 0.022705 0.999357 0.027763
vn 0.073962 0.995437 0.060285
vn 0.136041 0.990669 -0.008265
vn 0.357813 0.909748 -0.210545
vn 0.113028 0.992332 -0.050023
vn 0.280038 0.931046 -0.233951
vn 0.344164 0.932251 -0.111619
vn 0.357813 0.909748 -0.210545
vn 0.114805 0.839983 0.530328
vn 0.083902 0.851286 0.517950
vn 0.125252 0.819113 0.559790
vn 0.142771 0.952131 0.270301
vn 0.114805 0.839983 0.530328
vn 0.105310 0.789331 0.604869
vn -0.060283 0.921871 0.382780
vn -0.037017 0.948050 0.315959
vn -0.164754 0.948707 0.269837
vn 0.117027 0.932493 0.341705
vn 0.125252 0.819113 0.559790
vn 0.111869 0.841383 0.528735
vn -0.147888 0.986875 -0.064860
vn -0.309651 0.649851 -0.694126
vn -0.360094 0.716884 -0.597001
vn -0.229388 0.796533 -0.559389
vn -0.216889 0.786349 -0.578459
vn -0.298877 0.538211 -0.788037
vn -0.048317 0.983449 -0.174625
vn -0.147888 0.986875 -0.064860
vn -0.360094 0.716884 -0.597001
vn -0.147888 0.986875 -0.064860
vn 0.077081 0.957823 0.276829
vn -0.091956 0.972795 0.212638
vn 0.055186 0.998475 0.001601
vn 0.030292 0.999540 0.001608
vn 0.031111 0.999340 0.018781
vn 0.108118 0.992353 0.059546
vn 0.118821 0.991913 -0.044608
vn 0.055186 0.998475 0.001601
vn 0.617556 0.689038 -0.379277
vn 0.165347 0.986198 -0.008549
vn 0.687358 0.618069 -0.381483
vn 0.138726 0.986759 0.084032
vn 0.165347 0.986198 -0.008549
vn 0.217566 0.975962 -0.012742
vn 0.000714 1.000000 0.000176
vn -0.064097 0.985041 -0.159953
vn -0.005221 0.999904 -0.012852
vn -0.154231 0.838992 0.521829
vn -0.173679 0.684730 0.707800
vn -0.053260 0.986550 0.154540
vn 0.147087 0.914371 -0.377214
vn 0.219818 0.862458 -0.455902
vn 0.084113 0.924797 0.371048
vn 0.012895 0.994372 -0.105156
vn 0.153674 0.851548 -0.501249
vn 0.089554 0.937864 -0.335249
vn -0.002726 0.982073 0.188480
vn 0.222321 0.783067 -0.580844
vn 0.279820 0.747485 -0.602467
vn -0.060310 0.842303 0.535619
vn 0.219818 0.862458 -0.455902
vn 0.222321 0.783067 -0.580844
vn 0.091736 0.926305 0.365436
vn -0.293212 0.633657 0.715895
vn -0.002726 0.982073 0.188480
vn -0.001287 0.999930 -0.011757
vn -0.005221 0.999904 -0.012852
vn -0.061816 0.984200 -0.165921
vn -0.185669 0.944016 0.272693
vn -0.351902 0.533955 0.768802
vn -0.368980 0.495372 0.786423
vn -0.283356 0.682834 0.673385
vn -0.057882 0.985007 0.162515
vn -0.104219 0.957956 0.267316
vn -0.053260 0.986550 0.154540
vn -0.173679 0.684730 0.707800
vn -0.104219 0.957956 0.267316
vn -0.104219 0.957956 0.267316
vn -0.173679 0.684730 0.707800
vn -0.293212 0.633657 0.715895
vn -0.002726 0.982073 0.188480
vn 0.279820 0.747485 -0.602467
vn 0.091736 0.926305 0.365436
vn -0.104219 0.957956 0.267316
vn -0.293212 0.633657 0.715895
vn -0.283356 0.682834 0.673385
vn 0.134041 0.990948 0.007408
vn 0.091736 0.926305 0.365436
vn 0.533706 0.598265 -0.597692
vn -0.283356 0.682834 0.673385
vn -0.293212 0.633657 0.715895
vn 0.091736 0.926305 0.365436
vn 0.503810 0.532727 -0.679983
vn 0.134041 0.990948 0.007408
vn 0.533706 0.598265 -0.597692
vn -0.185669 0.944016 0.272693
vn -0.368980 0.495372 0.786423
vn -0.328726 0.426175 0.842802
vn 0.383894 0.885278 -0.262503
vn 0.700404 0.666195 -0.256161
vn 0.687164 0.630721 -0.360551
vn 0.377657 0.808165 -0.451935
vn 0.700404 0.666195 -0.256161
vn 0.791084 0.533335 -0.299566
vn -0.309651 0.649851 -0.694126
vn -0.216889 0.786349 -0.578459
vn -0.240566 0.803953 -0.543864
vn 0.028814 0.997988 0.056477
vn 0.031111 0.999340 0.018781
vn 0.121773 0.986632 0.108303
vn -0.005263 0.999916 0.011828
vn 0.022705 0.999357 0.027763
vn -0.024131 0.998453 0.050088
vn -0.024131 0.998453 0.050088
vn 0.022705 0.999357 0.027763
vn 0.030915 0.996058 0.083141
vn -0.077039 0.935231 0.345555
vn 0.051103 0.980888 0.187745
vn 0.024572 0.997906 0.059827
vn -0.037017 0.948050 0.315959
vn 0.083902 0.851286 0.517950
vn 0.057941 0.964329 0.258289
vn 0.123157 0.979752 0.157858
vn 0.125030 0.959156 0.253748
vn 0.148884 0.960208 0.236294
vn 0.123157 0.979752 0.157858
vn 0.054017 0.966345 0.251516
vn 0.099187 0.978833 0.179019
vn -0.005905 0.999975 0.003963
vn -0.017644 0.990055 0.139569
vn -0.000866 1.000000 0.000332
vn -0.207288 0.702618 0.680706
vn -0.017644 0.990055 0.139569
vn -0.048378 0.976687 0.209145
vn 0.000714 1.000000 0.000176
vn -0.005905 0.999975 0.003963
vn 0.000145 1.000000 0.000892
vn -0.328726 0.426175 0.842802
vn -0.368980 0.495372 0.786423
vn -0.283356 0.682834 0.673385
vn 0.000145 1.000000 0.000892
vn 0.007125 0.999160 -0.040362
vn 0.000714 1.000000 0.000176
vn 0.007125 0.999160 -0.040362
vn -0.075111 0.945253 -0.317578
vn -0.064097 0.985041 -0.159953
vn 0.000714 1.000000 0.000176
vn 0.000126 0.999826 0.018683
vn -0.005905 0.999975 0.003963
vn -0.104219 0.957956 0.267316
vn -0.057882 0.985007 0.162515
vn -0.000865 0.999999 0.000781
vn -0.207288 0.702618 0.680706
vn -0.109966 0.768944 0.629788
vn -0.074683 0.991681 0.104843
vn -0.109966 0.768944 0.629788
vn -0.153509 0.412058 0.898133
vn -0.135020 0.880501 0.454410
vn -0.231800 0.910037 0.343659
vn 0.173554 0.754541 0.632888
vn -0.038887 0.967290 0.250677
vn -0.385595 0.908785 0.159460
vn -0.224804 0.973951 0.029727
vn -0.796025 0.604741 0.025157
vn 0.094363 0.872865 0.478751
vn 0.092134 0.987310 0.129349
vn -0.030255 0.997947 0.056450
vn -0.385595 0.908785 0.159460
vn -0.038887 0.967290 0.250677
vn -0.030255 0.997947 0.056450
vn -0.932460 0.351426 -0.083772
vn -0.796025 0.604741 0.025157
vn -0.224804 0.973951 0.029727
vn -0.408867 0.906118 0.108528
vn -0.137707 0.976388 -0.166444
vn -0.862652 0.483400 -0.148851
vn -0.833334 0.547677 -0.074857
vn -0.862652 0.483400 -0.148851
vn -0.311255 0.910823 -0.271149
vn -0.862652 0.483400 -0.148851
vn -0.990719 0.106001 -0.085081
vn -0.954535 0.197887 -0.222945
vn -0.932460 0.351426 -0.083772
vn -0.224804 0.973951 0.029727
vn -0.166021 0.984674 0.053433
vn -0.833334 0.547677 -0.074857
vn -0.796025 0.604741 0.025157
vn -0.990719 0.106001 -0.085081
vn -0.932460 0.351426 -0.083772
vn -0.166021 0.984674 0.053433
vn -0.845725 0.532199 0.038910
vn -0.166021 0.984674 0.053433
vn -0.224804 0.973951 0.029727
vn -0.000060 1.000000 -0.000112
vn -0.904188 -0.423297 0.057129
vn -0.983432 -0.143642 -0.110579
vn -0.845725 0.532199 0.038910
vn -0.796025 0.604741 0.025157
vn -0.932460 0.351426 -0.083772
vn -0.990719 0.106001 -0.085081
vn -0.224804 0.973951 0.029727
vn -0.385595 0.908785 0.159460
vn -0.030255 0.997947 0.056450
vn 0.078206 0.996174 -0.038997
vn -0.000060 1.000000 -0.000112
vn -0.030255 0.997947 0.056450
vn -0.091822 0.941605 0.323957
vn -0.646881 0.760103 -0.061556
vn -0.590065 0.805159 0.059519
vn -0.408867 0.906118 0.108528
vn -0.646881 0.760103 -0.061556
vn -0.091822 0.941605 0.323957
vn -0.990719 0.106001 -0.085081
vn -0.932460 0.351426 -0.083772
vn -0.954535 0.197887 -0.222945
vn -0.983432 -0.143642 -0.110579
vn -0.954535 0.197887 -0.222945
vn -0.932460 0.351426 -0.083772
vn -0.954535 0.197887 -0.222945
vn -0.646881 0.760103 -0.061556
vn -0.408867 0.906118 0.108528
vn -0.590065 0.805159 0.059519
vn -0.646881 0.760103 -0.061556
vn -0.983432 -0.143642 -0.110579
vn -0.093811 0.984047 0.151168
vn -0.212865 0.927587 0.307036
vn -0.164754 0.948707 0.269837
vn -0.060283 0.921871 0.382780
vn -0.164754 0.948707 0.269837
vn -0.213018 0.928122 0.305308
vn -0.005263 0.999916 0.011828
vn -0.005248 0.999341 0.035926
vn 0.031222 0.999265 -0.022238
vn -0.005248 0.999341 0.035926
vn -0.069696 0.982351 0.173577
vn -0.010287 0.993024 0.117460
vn -0.024677 0.962482 0.270221
vn 0.115196 0.826158 0.551536
vn -0.010233 0.997866 0.064493
vn 0.114805 0.839983 0.530328
vn 0.115196 0.826158 0.551536
vn 0.105310 0.789331 0.604869
vn -0.066061 0.979117 -0.192264
vn -0.201917 0.706795 -0.677990
vn -0.124148 0.966085 -0.226422
vn -0.005221 0.999904 -0.012852
vn -0.000865 0.999999 0.000781
vn 0.000714 1.000000 0.000176
vn 0.279820 0.747485 -0.602467
vn 0.153674 0.851548 -0.501249
vn 0.052570 0.978208 -0.200864
vn 0.219818 0.862458 -0.455902
vn 0.153674 0.851548 -0.501249
vn 0.222321 0.783067 -0.580844
vn -0.332348 0.671187 0.662610
vn -0.368980 0.495372 0.786423
vn -0.351902 0.533955 0.768802
vn -0.138039 0.953028 0.269596
vn -0.283356 0.682834 0.673385
vn -0.368980 0.495372 0.786423
vn -0.283356 0.682834 0.673385
vn -0.138039 0.953028 0.269596
vn -0.057882 0.985007 0.162515
vn 0.000126 0.999826 0.018683
vn -0.057882 0.985007 0.162515
vn -0.138039 0.953028 0.269596
vn 0.024572 0.997906 0.059827
vn -0.240566 0.803953 -0.543864
vn -0.216889 0.786349 -0.578459
vn 0.121773 0.986632 0.108303
vn 0.091735 0.995519 0.022965
vn 0.185431 0.964757 0.186707
vn -0.153318 0.924025 0.350245
vn -0.048047 0.931018 0.361796
vn -0.160732 0.919173 0.359563
vn -0.164754 0.948707 0.269837
vn -0.212865 0.927587 0.307036
vn -0.213018 0.928122 0.305308
vn 0.051103 0.980888 0.187745
vn -0.077039 0.935231 0.345555
vn -0.169610 0.958983 0.227121
vn -0.212865 0.927587 0.307036
vn -0.211531 0.944022 0.253136
vn -0.213018 0.928122 0.305308
vn -0.050352 0.962196 0.267662
vn -0.160732 0.919173 0.359563
vn -0.048047 0.931018 0.361796
vn -0.212865 0.927587 0.307036
vn -0.160732 0.919173 0.359563
vn -0.211531 0.944022 0.253136
vn -0.211531 0.944022 0.253136
vn -0.169610 0.958983 0.227121
vn -0.176166 0.937655 0.299614
vn -0.079901 0.942847 -0.323505
vn 0.117027 0.932493 0.341705
vn 0.011256 0.974634 0.223523
vn 0.125030 0.959156 0.253748
vn -0.050352 0.962196 0.267662
vn 0.080231 0.946499 0.312575
vn 0.031111 0.999340 0.018781
vn 0.028814 0.997988 0.056477
vn 0.123157 0.979752 0.157858
vn 0.123157 0.979752 0.157858
vn 0.028814 0.997988 0.056477
vn 0.125030 0.959156 0.253748
vn -0.050352 0.962196 0.267662
vn 0.125030 0.959156 0.253748
vn 0.028814 0.997988 0.056477
vn 0.055186 0.998475 0.001601
vn 0.031111 0.999340 0.018781
vn 0.123157 0.979752 0.157858
vn 0.121773 0.986632 0.108303
vn 0.031111 0.999340 0.018781
vn 0.030292 0.999540 0.001608
vn 0.121773 0.986632 0.108303
vn 0.030292 0.999540 0.001608
vn 0.138726 0.986759 0.084032
vn 0.121773 0.986632 0.108303
vn 0.185431 0.964757 0.186707
vn 0.051103 0.980888 0.187745
vn -0.174035 0.826060 -0.536038
vn -0.148761 0.720777 -0.677016
vn -0.172180 0.749998 -0.638636
vn -0.061816 0.984200 -0.165921
vn -0.067109 0.878429 -0.473137
vn -0.217952 0.669143 -0.710454
vn -0.000865 0.999999 0.000781
vn 0.000126 0.999826 0.018683
vn 0.000714 1.000000 0.000176
vn -0.138039 0.953028 0.269596
vn -0.005905 0.999975 0.003963
vn 0.000126 0.999826 0.018683
vn 0.220553 0.918318 -0.328706
vn 0.055812 0.997142 -0.050922
vn 0.229972 0.961639 -0.149546
vn -0.166021 0.984674 0.053433
vn 0.055812 0.997142 -0.050922
vn 0.066705 0.985234 -0.157683
vn -0.030255 0.997947 0.056450
vn -0.038887 0.967290 0.250677
vn 0.094363 0.872865 0.478751
vn 0.078206 0.996174 -0.038997
vn -0.030255 0.997947 0.056450
vn 0.119214 0.992465 -0.028305
vn 0.285715 0.951157 -0.116906
vn 0.078206 0.996174 -0.038997
vn 0.119214 0.992465 -0.028305
vn 0.055812 0.997142 -0.050922
vn 0.078206 0.996174 -0.038997
vn 0.229972 0.961639 -0.149546
vn -0.212865 0.927587 0.307036
vn -0.093811 0.984047 0.151168
vn -0.116744 0.961300 0.249545
vn -0.005248 0.999341 0.035926
vn -0.093811 0.984047 0.151168
vn -0.069696 0.982351 0.173577
vn -0.014071 0.985249 -0.170548
vn 0.125252 0.819113 0.559790
vn 0.117027 0.932493 0.341705
vn -0.216651 0.631657 -0.744360
vn -0.014071 0.985249 -0.170548
vn -0.204077 0.799256 -0.565281
vn 0.091736 0.926305 0.365436
vn -0.328726 0.426175 0.842802
vn -0.283356 0.682834 0.673385
vn -0.185669 0.944016 0.272693
vn -0.328726 0.426175 0.842802
vn 0.134041 0.990948 0.007408
vn -0.137226 0.950241 0.279663
vn -0.207288 0.702618 0.680706
vn -0.351902 0.533955 0.768802
vn -0.138039 0.953028 0.269596
vn -0.332348 0.671187 0.662610
vn -0.048378 0.976687 0.209145
vn -0.207288 0.702618 0.680706
vn -0.153509 0.412058 0.898133
vn -0.109966 0.768944 0.629788
vn -0.048378 0.976687 0.209145
vn -0.332348 0.671187 0.662610
vn -0.207288 0.702618 0.680706
vn -0.213018 0.928122 0.305308
vn -0.032700 0.903934 0.426419
vn -0.060283 0.921871 0.382780
vn -0.093811 0.984047 0.151168
vn -0.164754 0.948707 0.269837
vn -0.069696 0.982351 0.173577
vn 0.116608 0.854559 0.506095
vn 0.111869 0.841383 0.528735
vn -0.060283 0.921871 0.382780
vn -0.060283 0.921871 0.382780
vn 0.111869 0.841383 0.528735
vn -0.037017 0.948050 0.315959
vn 0.111869 0.841383 0.528735
vn 0.116608 0.854559 0.506095
vn 0.117027 0.932493 0.341705
vn -0.037017 0.948050 0.315959
vn 0.111869 0.841383 0.528735
vn 0.083902 0.851286 0.517950
vn -0.064097 0.985041 -0.159953
vn 0.000714 1.000000 0.000176
vn 0.007125 0.999160 -0.040362
vn -0.061816 0.984200 -0.165921
vn -0.005221 0.999904 -0.012852
vn 0.006331 0.977825 -0.209327
vn -0.216651 0.631657 -0.744360
vn -0.148761 0.720777 -0.677016
vn -0.014071 0.985249 -0.170548
vn -0.201266 0.698859 -0.686359
vn -0.201917 0.706795 -0.677990
vn -0.232027 0.575149 -0.784453
vn -0.014071 0.985249 -0.170548
vn -0.148761 0.720777 -0.677016
vn -0.010233 0.997866 0.064493
vn -0.172180 0.749998 -0.638636
vn -0.148761 0.720777 -0.677016
vn -0.216651 0.631657 -0.744360
vn -0.172180 0.749998 -0.638636
vn -0.216651 0.631657 -0.744360
vn -0.067109 0.878429 -0.473137
vn -0.172180 0.749998 -0.638636
vn -0.127599 0.852281 -0.507283
vn -0.185017 0.635114 -0.749932
vn 0.018895 -0.260660 -0.965246
vn -0.103866 -0.096761 -0.989873
vn 0.041728 0.522296 -0.851743
vn -0.109032 -0.001685 -0.994037
vn -0.103866 -0.096761 -0.989873
vn -0.030358 -0.228835 -0.972992
vn -0.597916 0.495957 0.629701
vn -0.633746 0.176343 0.753173
vn -0.580889 -0.072265 0.810768
vn -0.005557 0.997043 0.076648
vn -0.456252 0.472073 0.754308
vn 0.190689 0.981630 -0.006380
vn -0.584358 0.297281 0.755082
vn -0.633746 0.176343 0.753173
vn -0.597916 0.495957 0.629701
vn -0.104958 0.882372 0.458698
vn 0.428076 0.889098 -0.162036
vn 0.190689 0.981630 -0.006380
vn -0.019907 0.992349 -0.121852
vn 0.319565 0.899468 -0.298053
vn 0.352211 0.912892 -0.206337
vn 0.185277 0.835511 -0.517294
vn -0.142617 0.958479 0.246938
vn 0.148643 0.939178 -0.309597
vn 0.148643 0.939178 -0.309597
vn -0.142617 0.958479 0.246938
vn -0.005557 0.997043 0.076648
vn 0.117674 0.959506 -0.255932
vn -0.370322 0.615917 0.695347
vn -0.142617 0.958479 0.246938
vn -0.104958 0.882372 0.458698
vn 0.190689 0.981630 -0.006380
vn -0.633746 0.176343 0.753173
vn -0.456252 0.472073 0.754308
vn -0.005557 0.997043 0.076648
vn -0.496571 0.324445 0.805080
vn 0.190689 0.981630 -0.006380
vn 0.352211 0.912892 -0.206337
vn 0.319565 0.899468 -0.298053
vn -0.633746 0.176343 0.753173
vn 0.190689 0.981630 -0.006380
vn -0.456252 0.472073 0.754308
vn 0.277181 0.787127 -0.551001
vn 0.319565 0.899468 -0.298053
vn -0.019907 0.992349 -0.121852
vn 0.190689 0.981630 -0.006380
vn 0.319565 0.899468 -0.298053
vn -0.005557 0.997043 0.076648
vn -0.496571 0.324445 0.805080
vn -0.451296 -0.393321 0.801018
vn -0.580889 -0.072265 0.810768
vn -0.005557 0.997043 0.076648
vn -0.142617 0.958479 0.246938
vn -0.496571 0.324445 0.805080
vn 0.319565 0.899468 -0.298053
vn 0.148643 0.939178 -0.309597
vn -0.005557 0.997043 0.076648
vn 0.148643 0.939178 -0.309597
vn 0.277181 0.787127 -0.551001
vn 0.185277 0.835511 -0.517294
vn 0.129575 0.914143 -0.384126
vn 0.277181 0.787127 -0.551001
vn -0.321517 0.944696 0.064626
vn 0.195497 0.796363 -0.572352
vn 0.129575 0.914143 -0.384126
vn -0.135020 0.880501 0.454410
vn -0.009694 0.845476 -0.533926
vn 0.195497 0.796363 -0.572352
vn 0.082189 0.745462 -0.661462
vn 0.129575 0.914143 -0.384126
vn 0.195497 0.796363 -0.572352
vn 0.185277 0.835511 -0.517294
vn 0.129575 0.914143 -0.384126
vn 0.185277 0.835511 -0.517294
vn 0.277181 0.787127 -0.551001
vn -0.135020 0.880501 0.454410
vn 0.129575 0.914143 -0.384126
vn -0.274741 0.766016 0.581151
vn -0.109966 0.768944 0.629788
vn -0.135020 0.880501 0.454410
vn -0.274741 0.766016 0.581151
vn -0.135020 0.880501 0.454410
vn -0.153509 0.412058 0.898133
vn -0.086814 0.951190 0.296143
vn -0.331957 0.453827 0.826949
vn -0.060642 0.928630 0.366017
vn -0.356149 0.872925 0.333407
vn -0.440749 0.645637 0.623613
vn 0.099670 0.850634 0.516225
vn -0.331957 0.453827 0.826949
vn 0.099670 0.850634 0.516225
vn -0.440749 0.645637 0.623613
vn -0.389866 0.868544 0.306000
vn -0.060642 0.928630 0.366017
vn -0.331957 0.453827 0.826949
vn -0.584358 0.297281 0.755082
vn -0.104958 0.882372 0.458698
vn -0.584358 0.297281 0.755082
vn 0.099670 0.850634 0.516225
vn -0.331957 0.453827 0.826949
vn 0.099670 0.850634 0.516225
vn -0.584358 0.297281 0.755082
vn 0.538151 0.825944 -0.167957
vn 0.459795 0.834635 -0.303270
vn 0.139121 0.966894 0.213917
vn 0.255874 0.952616 -0.164471
vn 0.139121 0.966894 0.213917
vn 0.459795 0.834635 -0.303270
vn -0.760013 -0.629457 0.161750
vn 0.244052 0.967858 0.060747
vn -0.808703 0.525757 0.263779
vn 0.373062 0.738952 -0.561048
vn 0.244052 0.967858 0.060747
vn -0.256087 0.887582 -0.382906
vn 0.149981 0.704031 -0.694151
vn -0.130671 0.899666 0.416566
vn 0.122544 0.974029 0.190396
vn 0.161071 0.884615 -0.437622
vn 0.280796 0.711247 -0.644423
vn -0.519521 0.826896 -0.215270
vn -0.136882 0.929376 0.342818
vn -0.000902 0.913236 -0.407430
vn 0.164568 0.951754 -0.259003
vn 0.149981 0.704031 -0.694151
vn -0.000902 0.913236 -0.407430
vn -0.130671 0.899666 0.416566
vn 0.026329 0.889265 0.456634
vn -0.556668 0.830665 -0.010757
vn 0.122544 0.974029 0.190396
vn 0.280796 0.711247 -0.644423
vn 0.149981 0.704031 -0.694151
vn -0.074226 0.822723 -0.563575
vn -0.441161 0.799815 0.407029
vn -0.556668 0.830665 -0.010757
vn -0.517226 0.376661 0.768508
vn -0.811414 0.465942 0.352854
vn -0.924517 0.365392 -0.108429
vn -0.765267 0.463228 0.446974
vn 0.280796 0.711247 -0.644423
vn -0.074226 0.822723 -0.563575
vn -0.519521 0.826896 -0.215270
vn 0.149981 0.704031 -0.694151
vn -0.556668 0.830665 -0.010757
vn -0.074226 0.822723 -0.563575
vn -0.519521 0.826896 -0.215270
vn -0.074226 0.822723 -0.563575
vn -0.765267 0.463228 0.446974
vn -0.556668 0.830665 -0.010757
vn -0.765267 0.463228 0.446974
vn -0.074226 0.822723 -0.563575
vn -0.000139 1.000000 0.000773
vn -0.001079 0.999999 0.000689
vn -0.026669 0.996310 0.081585
vn -0.000774 0.999999 -0.000946
vn -0.001079 0.999999 0.000689
vn -0.000418 1.000000 -0.000970
vn -0.201266 0.698859 -0.686359
vn -0.229388 0.796533 -0.559389
vn -0.216246 0.630598 -0.745375
vn -0.211192 0.868810 -0.447847
vn -0.124148 0.966085 -0.226422
vn -0.216246 0.630598 -0.745375
vn -0.037993 0.989184 0.141675
vn -0.229388 0.796533 -0.559389
vn 0.011256 0.974634 0.223523
vn -0.077039 0.935231 0.345555
vn -0.037993 0.989184 0.141675
vn -0.023534 0.893452 0.448542
vn -0.298877 0.538211 -0.788037
vn -0.309651 0.649851 -0.694126
vn -0.211192 0.868810 -0.447847
vn 0.024572 0.997906 0.059827
vn -0.216889 0.786349 -0.578459
vn -0.037993 0.989184 0.141675
vn 0.011256 0.974634 0.223523
vn -0.229388 0.796533 -0.559389
vn -0.201266 0.698859 -0.686359
vn -0.216889 0.786349 -0.578459
vn -0.229388 0.796533 -0.559389
vn -0.037993 0.989184 0.141675
vn -0.079901 0.942847 -0.323505
vn 0.011256 0.974634 0.223523
vn -0.201266 0.698859 -0.686359
vn 0.011256 0.974634 0.223523
vn -0.032700 0.903934 0.426419
vn -0.023534 0.893452 0.448542
vn -0.229388 0.796533 -0.559389
vn -0.298877 0.538211 -0.788037
vn -0.216246 0.630598 -0.745375
vn -0.309651 0.649851 -0.694126
vn -0.298877 0.538211 -0.788037
vn -0.216889 0.786349 -0.578459
vn 0.024572 0.997906 0.059827
vn -0.037993 0.989184 0.141675
vn -0.077039 0.935231 0.345555
vn 0.091735 0.995519 0.022965
vn 0.024572 0.997906 0.059827
vn 0.185431 0.964757 0.186707
vn -0.037993 0.989184 0.141675
vn 0.011256 0.974634 0.223523
vn -0.023534 0.893452 0.448542
vn -0.211531 0.944022 0.253136
vn -0.009630 0.991137 0.132492
vn -0.169610 0.958983 0.227121
vn -0.232027 0.575149 -0.784453
vn -0.079901 0.942847 -0.323505
vn -0.201266 0.698859 -0.686359
vn -0.014071 0.985249 -0.170548
vn 0.117027 0.932493 0.341705
vn -0.204077 0.799256 -0.565281
vn 0.121773 0.986632 0.108303
vn 0.051103 0.980888 0.187745
vn -0.009630 0.991137 0.132492
vn 0.024572 0.997906 0.059827
vn 0.051103 0.980888 0.187745
vn 0.185431 0.964757 0.186707
vn 0.116608 0.854559 0.506095
vn -0.032700 0.903934 0.426419
vn 0.011256 0.974634 0.223523
vn 0.116608 0.854559 0.506095
vn -0.060283 0.921871 0.382780
vn -0.032700 0.903934 0.426419
vn -0.211531 0.944022 0.253136
vn -0.176166 0.937655 0.299614
vn -0.213018 0.928122 0.305308
vn -0.077039 0.935231 0.345555
vn -0.023534 0.893452 0.448542
vn -0.176166 0.937655 0.299614
vn -0.213018 0.928122 0.305308
vn -0.176166 0.937655 0.299614
vn -0.032700 0.903934 0.426419
vn -0.023534 0.893452 0.448542
vn -0.032700 0.903934 0.426419
vn -0.176166 0.937655 0.299614
vn 0.051103 0.980888 0.187745
vn -0.169610 0.958983 0.227121
vn -0.009630 0.991137 0.132492
vn -0.176166 0.937655 0.299614
vn -0.169610 0.958983 0.227121
vn -0.077039 0.935231 0.345555
vn -0.022321 0.997768 -0.062939
vn -0.066061 0.979117 -0.192264
vn -0.053260 0.986550 0.154540
vn -0.022321 0.997768 -0.062939
vn -0.053260 0.986550 0.154540
vn -0.104219 0.957956 0.267316
vn -0.001287 0.999930 -0.011757
vn -0.104219 0.957956 0.267316
vn -0.000865 0.999999 0.000781
vn -0.066061 0.979117 -0.192264
vn -0.022321 0.997768 -0.062939
vn -0.138568 0.877244 -0.459610
vn -0.067109 0.878429 -0.473137
vn -0.061816 0.984200 -0.165921
vn 0.006331 0.977825 -0.209327
vn -0.138568 0.877244 -0.459610
vn -0.022321 0.997768 -0.062939
vn -0.061816 0.984200 -0.165921
vn -0.201917 0.706795 -0.677990
vn -0.066061 0.979117 -0.192264
vn -0.138568 0.877244 -0.459610
vn -0.053260 0.986550 0.154540
vn -0.066061 0.979117 -0.192264
vn -0.124148 0.966085 -0.226422
vn -0.232027 0.575149 -0.784453
vn -0.201917 0.706795 -0.677990
vn -0.138568 0.877244 -0.459610
vn -0.201917 0.706795 -0.677990
vn -0.201266 0.698859 -0.686359
vn -0.216246 0.630598 -0.745375
vn -0.217952 0.669143 -0.710454
vn -0.232027 0.575149 -0.784453
vn -0.138568 0.877244 -0.459610
vn -0.232027 0.575149 -0.784453
vn -0.204077 0.799256 -0.565281
vn -0.079901 0.942847 -0.323505
vn -0.104219 0.957956 0.267316
vn -0.001287 0.999930 -0.011757
vn -0.022321 0.997768 -0.062939
vn -0.005221 0.999904 -0.012852
vn -0.001287 0.999930 -0.011757
vn -0.000865 0.999999 0.000781
vn -0.172180 0.749998 -0.638636
vn -0.067109 0.878429 -0.473137
vn 0.006331 0.977825 -0.209327
vn -0.217952 0.669143 -0.710454
vn -0.067109 0.878429 -0.473137
vn -0.216651 0.631657 -0.744360
vn -0.216651 0.631657 -0.744360
vn -0.204077 0.799256 -0.565281
vn -0.217952 0.669143 -0.710454
vn -0.232027 0.575149 -0.784453
vn -0.217952 0.669143 -0.710454
vn -0.204077 0.799256 -0.565281
vn -0.172180 0.749998 -0.638636
vn -0.064097 0.985041 -0.159953
vn -0.127599 0.852281 -0.507283
vn -0.005221 0.999904 -0.012852
vn -0.064097 0.985041 -0.159953
vn 0.006331 0.977825 -0.209327
vn 0.114805 0.839983 0.530328
vn 0.057941 0.964329 0.258289
vn 0.083902 0.851286 0.517950
vn -0.164754 0.948707 0.269837
vn -0.037017 0.948050 0.315959
vn -0.069696 0.982351 0.173577
vn -0.005248 0.999341 0.035926
vn -0.010287 0.993024 0.117460
vn 0.136041 0.990669 -0.008265
vn -0.069696 0.982351 0.173577
vn -0.037017 0.948050 0.315959
vn -0.010287 0.993024 0.117460
vn 0.136041 0.990669 -0.008265
vn 0.057941 0.964329 0.258289
vn 0.126584 0.986626 0.102696
vn -0.037017 0.948050 0.315959
vn 0.057941 0.964329 0.258289
vn -0.010287 0.993024 0.117460
vn 0.011256 0.974634 0.223523
vn 0.117027 0.932493 0.341705
vn 0.116608 0.854559 0.506095
vn 0.117027 0.932493 0.341705
vn -0.079901 0.942847 -0.323505
vn -0.204077 0.799256 -0.565281
vn 0.292046 0.896866 0.332175
vn 0.357807 0.932773 -0.043687
vn 0.165604 0.764397 0.623115
vn 0.488873 0.856819 -0.163904
vn 0.357807 0.932773 -0.043687
vn 0.594000 0.795692 -0.118481
vn -0.001041 -0.999999 -0.000482
vn -0.001470 -0.999999 -0.000982
vn -0.000820 -1.000000 0.000133
vn 0.282575 -0.959080 -0.017780
vn 0.095157 -0.993867 0.056337
vn -0.107588 -0.994107 0.013273
vn -0.112842 -0.993611 0.002059
vn 0.036899 -0.998345 -0.044103
vn -0.107588 -0.994107 0.013273
vn -0.000190 -1.000000 -0.000208
vn 0.000086 -1.000000 -0.000018
vn 0.000062 -1.000000 0.000043
vn -0.463824 -0.885791 0.015552
vn -0.112842 -0.993611 0.002059
vn -0.239711 -0.969027 -0.059377
vn -0.282486 0.561422 -0.777822
vn 0.156275 0.946163 0.283468
vn -0.713386 0.637899 -0.290112
vn 0.772936 0.433170 -0.463609
vn -0.087866 -0.905459 -0.415240
vn 0.639999 0.758973 -0.119836
vn -0.004333 -0.999990 -0.000732
vn 0.000298 -1.000000 0.000670
vn 0.000036 -1.000000 0.000064
vn -0.043046 -0.996977 -0.064684
vn -0.010134 -0.999946 0.002504
vn -0.134043 -0.989981 0.044379
vn 0.123281 -0.937132 -0.326473
vn -0.112842 -0.993611 0.002059
vn -0.035838 -0.914265 -0.403528
vn -0.039037 -0.999206 0.007977
vn -0.796233 -0.480391 0.367747
vn -0.122169 -0.990624 0.061153
vn 0.631294 -0.560466 -0.536046
vn 0.629156 0.649349 -0.427211
vn -0.377611 -0.863319 -0.334799
vn -0.000913 -0.999999 0.000722
vn -0.145525 -0.984595 0.096932
vn -0.268996 -0.953616 0.135123
vn 0.123281 -0.937132 -0.326473
vn 0.884323 -0.323188 -0.336930
vn 0.603725 -0.789188 -0.112689
vn -0.041478 -0.917242 -0.396165
vn 0.968465 -0.125036 -0.215501
vn 0.884323 -0.323188 -0.336930
vn -0.192094 -0.953305 0.233044
vn -0.145525 -0.984595 0.096932
vn -0.001119 -0.999999 0.000159
vn -0.511280 0.799334 0.315688
vn -0.538333 -0.238421 0.808303
vn -0.661925 -0.729889 0.170640
vn -0.041478 -0.917242 -0.396165
vn -0.191895 -0.969185 0.154457
vn 0.276414 -0.952766 0.125827
vn 0.084167 -0.995759 0.037151
vn -0.000608 -1.000000 0.000476
vn 0.027683 -0.999477 0.016724
vn 0.835475 -0.310687 -0.453272
vn 0.645699 0.569994 -0.508114
vn 0.066751 0.904445 -0.421335
vn 0.859833 0.324140 -0.394488
vn 0.776709 -0.578801 -0.248419
vn 0.687358 0.618069 -0.381483
vn 0.000000 -1.000000 0.000000
vn 0.000000 -1.000000 0.000000
vn 0.000000 -1.000000 0.000000
vn -0.041478 -0.917242 -0.396165
vn 0.276414 -0.952766 0.125827
vn 0.968465 -0.125036 -0.215501
vn -0.538333 -0.238421 0.808303
vn -0.755467 -0.648923 0.090377
vn -0.661925 -0.729889 0.170640
vn -0.268706 -0.955137 -0.124539
vn -0.240409 -0.943694 -0.227255
vn 0.609493 0.246571 -0.753473
vn 0.154706 -0.976484 -0.150148
vn -0.017707 -0.943502 -0.330893
vn 0.098330 -0.967145 -0.234438
vn -0.227175 -0.798501 -0.557483
vn -0.093683 -0.640207 -0.762469
vn 0.009327 -0.987800 0.155449
vn 0.292999 -0.899842 -0.323166
vn 0.397360 -0.877897 -0.267211
vn 0.353857 -0.935272 0.007192
vn 0.000036 -1.000000 0.000064
vn 0.103369 -0.987942 -0.115263
vn 0.050409 -0.989825 -0.133064
vn -0.116242 -0.943343 -0.310792
vn -0.347250 -0.900622 -0.261340
vn -0.185869 -0.938157 -0.292086
vn 0.000379 -1.000000 -0.000912
vn 0.000036 -1.000000 0.000064
vn 0.001330 -0.999999 0.000087
vn 0.051638 -0.998332 -0.025828
vn 0.007419 -0.999962 -0.004564
vn -0.001450 -0.999998 -0.001725
vn 0.002346 -0.999996 0.001820
vn 0.001330 -0.999999 0.000087
vn 0.000298 -1.000000 0.000670
vn -0.012576 -0.999912 -0.004292
vn 0.002017 -0.999997 -0.001128
vn 0.001330 -0.999999 0.000087
vn -0.001184 -0.999999 0.001145
vn -0.044795 -0.998924 0.012015
vn -0.079914 -0.995426 -0.052355
vn 0.000298 -1.000000 0.000670
vn 0.001330 -0.999999 0.000087
vn 0.000036 -1.000000 0.000064
vn 0.123326 -0.987551 -0.097638
vn 0.275587 -0.914868 -0.295073
vn 0.103369 -0.987942 -0.115263
vn 0.000659 -1.000000 0.000061
vn 0.000036 -1.000000 0.000064
vn 0.000379 -1.000000 -0.000912
vn 0.000659 -1.000000 0.000061
vn 0.000379 -1.000000 -0.000912
vn -0.000196 -1.000000 0.000888
vn 0.029604 -0.996027 -0.083982
vn -0.101916 -0.994719 -0.012139
vn -0.029642 -0.998925 -0.035642
vn -0.227175 -0.798501 -0.557483
vn -0.148385 -0.405474 -0.901983
vn -0.230409 -0.652552 -0.721864
vn -0.074520 -0.997205 0.005299
vn 0.022972 -0.998041 0.058199
vn -0.079914 -0.995426 -0.052355
vn -0.101916 -0.994719 -0.012139
vn -0.133020 -0.991021 0.013553
vn -0.044795 -0.998924 0.012015
vn -0.079914 -0.995426 -0.052355
vn -0.133020 -0.991021 0.013553
vn -0.074520 -0.997205 0.005299
vn -0.401843 -0.915662 -0.009225
vn -0.530763 -0.847459 0.010253
vn -0.049030 -0.995703 0.078562
vn 0.087925 -0.996035 0.013559
vn 0.022972 -0.998041 0.058199
vn -0.074520 -0.997205 0.005299
vn 0.001030 -0.999999 0.000775
vn 0.001095 -0.999882 0.015338
vn -0.000604 -1.000000 -0.000595
vn 0.079114 -0.830319 0.551645
vn -0.007550 -0.994151 0.107736
vn 0.141324 -0.917314 0.372240
vn -0.174890 -0.822394 -0.541370
vn -0.347025 -0.391503 -0.852232
vn -0.230409 -0.652552 -0.721864
vn 0.011398 -0.999892 0.009308
vn -0.000253 -1.000000 0.000001
vn 0.001095 -0.999882 0.015338
vn 0.018244 -0.999822 -0.004779
vn 0.022972 -0.998041 0.058199
vn 0.087925 -0.996035 0.013559
vn 0.141324 -0.917314 0.372240
vn 0.234200 -0.533730 0.812578
vn 0.079114 -0.830319 0.551645
vn -0.048256 -0.998834 0.001419
vn -0.012576 -0.999912 -0.004292
vn -0.029642 -0.998925 -0.035642
vn 0.123281 -0.937132 -0.326473
vn -0.041478 -0.917242 -0.396165
vn 0.884323 -0.323188 -0.336930
vn -0.116242 -0.943343 -0.310792
vn 0.103369 -0.987942 -0.115263
vn 0.275587 -0.914868 -0.295073
vn 0.066751 0.904445 -0.421335
vn 0.645699 0.569994 -0.508114
vn -0.311042 0.950392 0.002852
vn -0.000437 -1.000000 0.000370
vn -0.001061 -0.999999 -0.000367
vn 0.000245 -1.000000 -0.000170
vn -0.316275 0.932687 0.173396
vn 0.004617 0.999150 -0.040966
vn -0.254807 0.952040 0.169393
vn -0.254807 0.952040 0.169393
vn -0.309963 0.894748 0.321478
vn -0.197133 0.959709 0.200243
vn 0.047457 0.910722 0.410284
vn -0.121191 0.966322 0.227012
vn -0.085357 0.843653 0.530060
vn 0.016552 0.720860 -0.692883
vn 0.134483 0.919122 0.370310
vn 0.195583 0.817219 0.542126
vn -0.208521 0.947393 0.242828
vn -0.062014 0.995471 0.072049
vn -0.235362 0.954350 0.183904
vn -0.249673 -0.772963 -0.583259
vn -0.363089 -0.201552 -0.909694
vn -0.164766 -0.838440 -0.519491
vn -0.100967 0.988468 0.112856
vn -0.044474 0.991926 0.118764
vn -0.237903 -0.791281 0.563274
vn -0.100967 0.988468 0.112856
vn -0.113120 0.960743 0.253333
vn -0.235362 0.954350 0.183904
vn 0.000245 -1.000000 -0.000170
vn -0.000432 -0.999999 0.001358
vn -0.000437 -1.000000 0.000370
vn 0.318345 0.866994 -0.383377
vn -0.208521 0.947393 0.242828
vn 0.723855 0.561329 -0.401179
vn 0.330259 0.940480 0.080161
vn 0.124626 0.992197 0.003560
vn 0.047457 0.910722 0.410284
vn -0.322019 -0.399684 -0.858229
vn -0.163489 -0.048642 -0.985345
vn 0.164315 0.775159 -0.610023
vn -0.044474 0.991926 0.118764
vn 0.530689 -0.846248 -0.047271
vn -0.237903 -0.791281 0.563274
vn -0.282486 0.561422 -0.777822
vn -0.441237 -0.551411 -0.707994
vn -0.322019 -0.399684 -0.858229
vn -0.308858 -0.944824 0.109153
vn 0.715246 0.692580 0.093574
vn 0.630894 0.262772 -0.730017
vn -0.424682 -0.845156 0.324586
vn 0.110560 -0.992623 -0.049753
vn 0.091824 -0.966325 0.240383
vn -0.367813 0.682886 -0.631174
vn -0.249673 -0.772963 -0.583259
vn -0.103475 0.648835 -0.753861
vn 0.001249 -0.999995 0.003048
vn 0.001453 -0.999998 0.001726
vn 0.000460 -0.999852 -0.017174
vn -0.080127 0.943747 0.320813
vn 0.365659 0.920853 0.135360
vn 0.287404 0.910492 0.297326
vn -0.310343 0.931681 -0.188835
vn 0.059124 0.927635 0.368779
vn -0.046987 0.784183 -0.618748
vn -0.000694 -0.999999 -0.001252
vn 0.000045 -1.000000 -0.000037
vn 0.075462 -0.993795 -0.081713
vn -0.087605 0.125383 -0.988233
vn -0.435205 0.712405 -0.550523
vn 0.112593 -0.681807 -0.722816
vn 0.000379 -1.000000 -0.000912
vn 0.001330 -0.999999 0.000087
vn 0.002017 -0.999997 -0.001128
vn -0.137181 -0.893031 0.428576
vn 0.033042 -0.900677 -0.433231
vn 0.237912 -0.869622 -0.432615
vn -0.332205 0.500556 -0.799427
vn -0.105567 0.349587 -0.930937
vn 0.012383 0.626524 -0.779304
vn -0.311042 0.950392 0.002852
vn -0.044188 0.998909 -0.015099
vn -0.316275 0.932687 0.173396
vn -0.148923 0.885217 0.440696
vn 0.287404 0.910492 0.297326
vn -0.032476 0.928629 0.369586
vn 0.267231 -0.763103 0.588439
vn 0.279332 -0.716931 0.638736
vn 0.157631 -0.927972 -0.337669
vn -0.016441 -0.994797 0.100542
vn -0.073070 -0.961155 0.266162
vn 0.214718 -0.975721 0.043193
vn 0.034746 0.999138 -0.022707
vn -0.143484 0.989376 -0.023418
vn -0.071396 0.169432 -0.982952
vn -0.074699 -0.995907 -0.050887
vn 0.431651 -0.851749 -0.296986
vn -0.239711 -0.969027 -0.059377
vn -0.038943 -0.922089 0.385013
vn 0.010825 -0.987060 0.159988
vn 0.111949 -0.993612 0.014273
vn 0.000000 -1.000000 0.000000
vn 0.000000 -1.000000 0.000000
vn -0.000679 -1.000000 0.000156
vn 0.204788 -0.956623 0.207206
vn 0.188507 -0.980765 0.050640
vn -0.073070 -0.961155 0.266162
vn -0.105567 0.349587 -0.930937
vn -0.114233 -0.037991 -0.992727
vn 0.012383 0.626524 -0.779304
vn 0.000000 -1.000000 0.000000
vn 0.000000 -1.000000 0.000000
vn 0.000000 -1.000000 0.000000
vn -0.000604 -1.000000 -0.000595
vn -0.000140 -0.999999 -0.001273
vn 0.000124 -0.999999 -0.001347
vn 0.000017 -1.000000 -0.000014
vn 0.000811 -1.000000 -0.000294
vn 0.000193 -1.000000 -0.000413
vn 0.027282 0.979252 0.200804
vn 0.197646 0.880503 0.430872
vn -0.302035 0.530719 -0.791904
vn -0.310343 0.931681 -0.188835
vn -0.105567 0.349587 -0.930937
vn -0.332205 0.500556 -0.799427
vn -0.046987 0.784183 -0.618748
vn -0.114233 -0.037991 -0.992727
vn -0.105567 0.349587 -0.930937
vn 0.156275 0.946163 0.283468
vn -0.000827 0.948163 0.317782
vn -0.212121 0.961627 0.174004
vn -0.329462 0.903712 -0.273421
vn 0.286742 0.908359 0.304407
vn -0.163489 -0.048642 -0.985345
vn 0.164315 0.775159 -0.610023
vn 0.298748 0.835907 -0.460444
vn 0.307986 0.951390 0.001457
vn 0.129464 0.963929 0.232551
vn 0.156275 0.946163 0.283468
vn 0.244317 0.953048 0.178910
vn 0.002346 -0.999996 0.001820
vn 0.001249 -0.999995 0.003048
vn -0.012576 -0.999912 -0.004292
vn -0.713386 0.637899 -0.290112
vn 0.156275 0.946163 0.283468
vn -0.212121 0.961627 0.174004
vn 0.001330 -0.999999 0.000087
vn 0.002346 -0.999996 0.001820
vn -0.012576 -0.999912 -0.004292
vn 0.307986 0.951390 0.001457
vn -0.073592 0.218282 -0.973107
vn -0.046987 0.784183 -0.618748
vn 0.617556 0.689038 -0.379277
vn 0.740882 -0.584975 -0.329997
vn 0.835475 -0.310687 -0.453272
vn 0.298748 0.835907 -0.460444
vn 0.164315 0.775159 -0.610023
vn 0.286742 0.908359 0.304407
vn -0.000827 0.948163 0.317782
vn 0.156275 0.946163 0.283468
vn 0.154733 0.846231 0.509854
vn 0.000193 -1.000000 -0.000413
vn -0.000787 -1.000000 -0.000578
vn 0.000000 -1.000000 0.000000
vn 0.185307 0.831806 -0.523221
vn 0.655963 -0.447144 -0.608091
vn 0.113238 0.993551 0.005867
vn 0.000000 -1.000000 0.000000
vn 0.010790 -0.997295 -0.072706
vn 0.000000 -1.000000 0.000000
vn 0.204502 -0.678364 0.705692
vn 0.078914 -0.962632 0.259061
vn 0.128842 -0.694558 0.707805
vn 0.132642 0.912186 0.387714
vn 0.020999 0.979244 0.201593
vn -0.000827 0.948163 0.317782
vn -0.000662 -0.998564 0.053577
vn 0.079114 -0.830319 0.551645
vn 0.045073 -0.994295 0.096675
vn -0.010327 0.992768 -0.119602
vn -0.049256 0.974578 0.218569
vn -0.085357 0.843653 0.530060
vn 0.000784 -1.000000 -0.000334
vn 0.001829 -0.999994 0.002823
vn 0.001092 -0.999999 0.000596
vn 0.018244 -0.999822 -0.004779
vn 0.049881 -0.968254 -0.244940
vn -0.014044 -0.999165 0.038376
vn 0.631294 -0.560466 -0.536046
vn -0.400050 -0.911917 -0.091473
vn 0.113336 -0.906397 0.406940
vn -0.001148 -0.999999 -0.000642
vn -0.001305 -0.999999 0.000006
vn -0.000243 -0.999999 0.001091
vn -0.101916 -0.994719 -0.012139
vn 0.080644 -0.996721 -0.006611
vn -0.074520 -0.997205 0.005299
vn -0.422284 -0.884608 -0.197852
vn -0.400050 -0.911917 -0.091473
vn -0.377611 -0.863319 -0.334799
vn -0.000501 -1.000000 -0.000093
vn -0.000548 -1.000000 0.000670
vn 0.000024 -1.000000 0.000265
vn 0.103369 -0.987942 -0.115263
vn 0.000036 -1.000000 0.000064
vn 0.000659 -1.000000 0.000061
vn -0.044795 -0.998924 0.012015
vn -0.045205 -0.998976 -0.001636
vn -0.101916 -0.994719 -0.012139
vn -0.134043 -0.989981 0.044379
vn -0.027608 -0.999547 0.012020
vn -0.122169 -0.990624 0.061153
vn 0.280540 -0.578561 0.765875
vn 0.228149 -0.603209 0.764256
vn 0.200819 -0.851383 0.484581
vn -0.212020 -0.975783 0.053808
vn -0.927074 0.094854 0.362680
vn -0.903581 0.120539 0.411111
vn -0.000684 -1.000000 -0.000194
vn -0.000494 -1.000000 0.000445
vn -0.000679 -1.000000 0.000156
vn 0.000622 -1.000000 0.000106
vn -0.000820 -1.000000 0.000133
vn -0.001729 -0.999998 0.000541
vn 0.000000 -1.000000 -0.000002
vn 0.000193 -1.000000 -0.000413
vn 0.000000 -1.000000 0.000000
vn -0.000515 -1.000000 0.000120
vn 0.000204 -1.000000 -0.000489
vn 0.000811 -1.000000 -0.000294
vn 0.001063 -0.999997 0.002009
vn 0.000530 -1.000000 0.000427
vn 0.001557 -0.999998 0.001217
vn 0.000318 -1.000000 0.000132
vn 0.000000 -1.000000 0.000000
vn -0.000029 -0.999985 -0.005505
vn -0.000706 -0.999999 -0.000806
vn -0.192094 -0.953305 0.233044
vn -0.001119 -0.999999 0.000159
vn -0.073592 0.218282 -0.973107
vn -0.114233 -0.037991 -0.992727
vn -0.046987 0.784183 -0.618748
vn 0.000577 -1.000000 0.000156
vn -0.000501 -1.000000 -0.000093
vn 0.000024 -1.000000 0.000265
vn -0.196882 -0.980285 0.016716
vn -0.277538 -0.960690 0.006952
vn -0.005068 -0.999987 0.000686
vn 0.034007 -0.999030 -0.027964
vn 0.066166 -0.997171 -0.035672
vn 0.377173 -0.871716 -0.312813
vn -0.001119 -0.999999 0.000159
vn 0.000024 -1.000000 0.000265
vn -0.000467 -1.000000 -0.000114
vn -0.143484 0.989376 -0.023418
vn -0.706783 0.707229 0.016877
vn -0.435205 0.712405 -0.550523
vn -0.249951 -0.966290 0.061717
vn -0.661925 -0.729889 0.170640
vn -0.039538 -0.999217 0.001499
vn 0.050409 -0.989825 -0.133064
vn -0.185869 -0.938157 -0.292086
vn -0.004333 -0.999990 -0.000732
vn -0.029642 -0.998925 -0.035642
vn 0.000460 -0.999852 -0.017174
vn 0.019862 -0.998995 -0.040193
vn -0.000551 -0.999999 -0.001157
vn 0.000530 -1.000000 0.000427
vn -0.001444 -0.999999 -0.000547
vn 0.001095 -0.999882 0.015338
vn 0.001030 -0.999999 0.000775
vn 0.012377 -0.999639 0.023859
vn -0.000253 -1.000000 0.000001
vn -0.000494 -1.000000 0.000445
vn 0.000421 -1.000000 -0.000934
vn -0.604863 -0.714653 0.351301
vn 0.000622 -1.000000 0.000106
vn -0.501614 -0.830706 0.241476
vn -0.134043 -0.989981 0.044379
vn -0.818129 -0.316351 0.480194
vn -0.917761 -0.106049 0.382712
vn 0.030720 -0.991452 0.126806
vn -0.422536 -0.898752 0.117085
vn -0.221526 -0.853853 0.471021
vn -0.006988 -0.953716 -0.300628
vn -0.003220 -0.976810 -0.214084
vn -0.032563 -0.997054 0.069443
vn 0.687358 0.618069 -0.381483
vn 0.776709 -0.578801 -0.248419
vn 0.740882 -0.584975 -0.329997
vn 0.030720 -0.991452 0.126806
vn -0.221526 -0.853853 0.471021
vn 0.301832 -0.827372 -0.473659
vn 0.000380 -1.000000 -0.000514
vn -0.002398 -0.999221 -0.039395
vn -0.028185 -0.996473 -0.079038
vn -0.200803 -0.948580 -0.244691
vn -0.110011 -0.984506 -0.136552
vn -0.240033 -0.805571 -0.541701
vn 0.003509 -0.999968 -0.007263
vn 0.000299 -0.999999 -0.001490
vn 0.000375 -0.999999 -0.001541
vn -0.434002 -0.865741 0.249269
vn -0.873825 0.107315 0.474250
vn -0.926021 0.317817 0.203662
vn -0.116242 -0.943343 -0.310792
vn -0.422284 -0.884608 -0.197852
vn -0.347250 -0.900622 -0.261340
vn 0.098558 0.994583 -0.033019
vn -0.926021 0.317817 0.203662
vn -0.291685 0.941909 -0.166516
vn 0.629156 0.649349 -0.427211
vn 0.639999 0.758973 -0.119836
vn 0.609493 0.246571 -0.753473
vn -0.463824 -0.885791 0.015552
vn -0.530763 -0.847459 0.010253
vn -0.332980 -0.873219 -0.355827
vn -0.006988 -0.953716 -0.300628
vn 0.262470 -0.964857 -0.012656
vn -0.003220 -0.976810 -0.214084
vn -0.934636 -0.184342 0.304095
vn -0.511280 0.799334 0.315688
vn -0.661925 -0.729889 0.170640
vn -0.239711 -0.969027 -0.059377
vn -0.107588 -0.994107 0.013273
vn -0.074699 -0.995907 -0.050887
vn -0.159283 -0.594413 0.788227
vn -0.538333 -0.238421 0.808303
vn -0.511280 0.799334 0.315688
vn 0.603725 -0.789188 -0.112689
vn 0.282575 -0.959080 -0.017780
vn 0.036899 -0.998345 -0.044103
vn -0.035838 -0.914265 -0.403528
vn 0.055945 -0.709386 -0.702596
vn -0.041478 -0.917242 -0.396165
vn -0.159283 -0.594413 0.788227
vn -0.511280 0.799334 0.315688
vn 0.098558 0.994583 -0.033019
vn -0.239711 -0.969027 -0.059377
vn -0.112842 -0.993611 0.002059
vn -0.107588 -0.994107 0.013273
vn 0.000000 -1.000000 0.000000
vn -0.000679 -1.000000 0.000156
vn -0.000696 -1.000000 0.000160
vn -0.024196 -0.989851 -0.140036
vn -0.191895 -0.969185 0.154457
vn 0.055945 -0.709386 -0.702596
vn -0.003220 -0.976810 -0.214084
vn 0.220155 -0.974317 0.047303
vn -0.212020 -0.975783 0.053808
vn -0.001292 -0.999998 0.001592
vn -0.001312 -0.999998 0.001701
vn 0.004411 -0.999984 -0.003568
vn -0.444295 -0.855255 -0.266721
vn -0.495039 -0.662773 -0.561843
vn -0.199216 -0.973099 -0.115719
vn 0.010782 -0.999927 -0.005432
vn 0.000000 -1.000000 0.000000
vn 0.000000 -1.000000 0.000000
vn 0.000000 -1.000000 0.000000
vn 0.000318 -1.000000 0.000132
vn 0.000223 -1.000000 -0.000117
vn 0.000000 -1.000000 0.000000
vn 0.000000 -1.000000 0.000000
vn 0.000000 -1.000000 0.000000
vn 0.105324 -0.994419 -0.006192
vn 0.000245 -1.000000 -0.000170
vn 0.091943 -0.995084 0.036797
vn -0.000372 -0.998564 -0.053581
vn -0.014448 -0.999334 -0.033498
vn -0.010430 -0.987345 -0.158244
vn -0.002093 -0.999991 -0.003566
vn 0.000165 -1.000000 -0.000466
vn -0.000732 -1.000000 -0.000397
vn -0.164766 -0.838440 -0.519491
vn -0.010430 -0.987345 -0.158244
vn -0.249673 -0.772963 -0.583259
vn -0.084751 0.943812 0.319432
vn -0.080127 0.943747 0.320813
vn -0.148923 0.885217 0.440696
vn -0.000437 -1.000000 0.000370
vn -0.000432 -0.999999 0.001358
vn 0.000019 -1.000000 -0.000059
vn -0.164766 -0.838440 -0.519491
vn -0.043073 -0.997936 -0.047620
vn -0.000372 -0.998564 -0.053581
vn 0.000000 -1.000000 0.000000
vn 0.000000 -1.000000 0.000000
vn 0.031854 -0.999220 -0.023344
vn -0.001061 -0.999999 -0.000367
vn -0.000372 -0.998564 -0.053581
vn 0.000245 -1.000000 -0.000170
vn 0.132642 0.912186 0.387714
vn 0.197646 0.880503 0.430872
vn 0.233686 0.848464 0.474868
vn -0.367813 0.682886 -0.631174
vn 0.027282 0.979252 0.200804
vn -0.302035 0.530719 -0.791904
vn 0.112324 0.971098 0.210601
vn 0.020999 0.979244 0.201593
vn 0.132642 0.912186 0.387714
vn 0.233686 0.848464 0.474868
vn 0.326464 0.907260 0.265142
vn 0.112324 0.971098 0.210601
vn 0.222905 0.945732 0.236442
vn 0.233686 0.848464 0.474868
vn 0.027282 0.979252 0.200804
vn 0.020999 0.979244 0.201593
vn -0.212121 0.961627 0.174004
vn -0.000827 0.948163 0.317782
vn 0.000457 -0.999999 0.001432
vn 0.000384 -0.999999 0.001636
vn 0.001718 -0.999996 0.002376
vn 0.287404 0.910492 0.297326
vn 0.326464 0.907260 0.265142
vn 0.222905 0.945732 0.236442
vn 0.000379 -1.000000 -0.000912
vn -0.048256 -0.998834 0.001419
vn -0.045205 -0.998976 -0.001636
vn -0.000557 -1.000000 -0.000267
vn -0.001061 -0.999999 -0.000367
vn -0.000437 -1.000000 0.000370
vn 0.222905 0.945732 0.236442
vn 0.027282 0.979252 0.200804
vn -0.367813 0.682886 -0.631174
vn -0.062014 0.995471 0.072049
vn 0.318345 0.866994 -0.383377
vn 0.185307 0.831806 -0.523221
vn -0.080127 0.943747 0.320813
vn -0.084751 0.943812 0.319432
vn -0.033892 0.994695 -0.097122
vn -0.230409 -0.652552 -0.721864
vn 0.018244 -0.999822 -0.004779
vn -0.174890 -0.822394 -0.541370
vn 0.000223 -1.000000 -0.000117
vn -0.000022 -1.000000 0.000054
vn 0.000000 -1.000000 0.000000
vn -0.302035 0.530719 -0.791904
vn -0.164766 -0.838440 -0.519491
vn -0.363089 -0.201552 -0.909694
vn 0.095157 -0.993867 0.056337
vn -0.074699 -0.995907 -0.050887
vn -0.107588 -0.994107 0.013273
vn -0.101621 -0.994249 -0.033809
vn 0.249362 -0.968395 0.005381
vn -0.744841 -0.354491 -0.565286
vn -0.010327 0.992768 -0.119602
vn 0.459943 -0.063359 -0.885685
vn 0.374593 0.107992 -0.920879
vn 0.185352 0.980208 0.069556
vn -0.116483 0.973934 0.194637
vn -0.444964 0.819131 -0.361982
vn 0.059124 0.927635 0.368779
vn -0.310343 0.931681 -0.188835
vn -0.125334 0.794702 0.593919
vn -0.000022 -1.000000 0.000054
vn 0.000046 -1.000000 -0.000426
vn 0.000000 -1.000000 0.000000
vn -0.422536 -0.898752 0.117085
vn -0.299279 -0.863539 0.405873
vn -0.221526 -0.853853 0.471021
vn -0.317588 0.512461 -0.797823
vn -0.302035 0.530719 -0.791904
vn 0.129464 0.963929 0.232551
vn -0.000196 -1.000000 0.000888
vn 0.000379 -1.000000 -0.000912
vn -0.045205 -0.998976 -0.001636
vn -0.007551 -0.999969 0.002281
vn 0.000000 -1.000000 0.000000
vn 0.000000 -1.000000 0.000000
vn -0.127464 -0.978143 -0.164282
vn -0.193044 -0.792761 -0.578156
vn -0.044131 -0.991782 -0.120084
vn 0.459943 -0.063359 -0.885685
vn 0.466047 0.618595 -0.632567
vn 0.374593 0.107992 -0.920879
vn -0.332205 0.500556 -0.799427
vn -0.706783 0.707229 0.016877
vn -0.310343 0.931681 -0.188835
vn -0.340177 0.860692 0.378800
vn -0.085357 0.843653 0.530060
vn -0.121191 0.966322 0.227012
vn 0.132642 0.912186 0.387714
vn 0.154733 0.846231 0.509854
vn 0.197646 0.880503 0.430872
vn 0.211171 0.767941 -0.604709
vn -0.010327 0.992768 -0.119602
vn 0.374593 0.107992 -0.920879
vn 0.132642 0.912186 0.387714
vn 0.233686 0.848464 0.474868
vn 0.112324 0.971098 0.210601
vn 0.466341 -0.446427 -0.763694
vn 0.459943 -0.063359 -0.885685
vn 0.768742 0.086234 -0.633719
vn 0.047457 0.910722 0.410284
vn 0.124626 0.992197 0.003560
vn -0.121191 0.966322 0.227012
vn -0.000295 -1.000000 -0.000843
vn -0.001148 -0.999999 -0.000642
vn 0.000446 -1.000000 0.000210
vn -0.706783 0.707229 0.016877
vn -0.143484 0.989376 -0.023418
vn -0.125334 0.794702 0.593919
vn 0.124626 0.992197 0.003560
vn 0.511579 0.849058 -0.131863
vn 0.419757 0.907628 -0.003886
vn 0.530689 -0.846248 -0.047271
vn -0.044474 0.991926 0.118764
vn 0.113238 0.993551 0.005867
vn 0.387212 0.920090 -0.059179
vn 0.419757 0.907628 -0.003886
vn 0.511579 0.849058 -0.131863
vn 0.330259 0.940480 0.080161
vn 0.511579 0.849058 -0.131863
vn 0.124626 0.992197 0.003560
vn -0.049030 -0.995703 0.078562
vn 0.362935 -0.781247 0.507870
vn 0.151817 -0.978441 0.140016
vn 0.164315 0.775159 -0.610023
vn 0.307986 0.951390 0.001457
vn 0.016552 0.720860 -0.692883
vn -0.714700 -0.690876 0.109066
vn 0.429098 -0.876064 -0.219969
vn 0.314795 -0.948583 -0.033091
vn -0.000402 -1.000000 0.000251
vn 0.000000 -1.000000 0.000000
vn -0.000211 -1.000000 0.000009
vn -0.105567 0.349587 -0.930937
vn -0.310343 0.931681 -0.188835
vn -0.046987 0.784183 -0.618748
vn 0.004411 -0.999984 -0.003568
vn 0.000260 -0.999999 0.001625
vn -0.000683 -1.000000 0.000583
vn -0.000029 -0.999985 -0.005505
vn 0.000000 -1.000000 0.000000
vn 0.010782 -0.999927 -0.005432
vn 0.344682 -0.918246 -0.194984
vn 0.353857 -0.935272 0.007192
vn 0.397360 -0.877897 -0.267211
vn 0.132642 0.912186 0.387714
vn -0.000827 0.948163 0.317782
vn 0.154733 0.846231 0.509854
vn 0.009349 -0.999912 -0.009407
vn 0.000859 -0.999999 -0.001047
vn 0.009105 -0.999942 -0.005738
vn 0.280540 -0.578561 0.765875
vn 0.200819 -0.851383 0.484581
vn 0.188196 -0.685847 0.702991
vn -0.048256 -0.998834 0.001419
vn 0.000379 -1.000000 -0.000912
vn 0.002017 -0.999997 -0.001128
vn 0.029604 -0.996027 -0.083982
vn 0.082488 -0.995617 -0.044076
vn 0.080644 -0.996721 -0.006611
vn 0.000460 -0.999852 -0.017174
vn -0.012576 -0.999912 -0.004292
vn 0.001249 -0.999995 0.003048
vn 0.000460 -0.999852 -0.017174
vn -0.029642 -0.998925 -0.035642
vn -0.012576 -0.999912 -0.004292
vn -0.000243 -0.999999 0.001091
vn 0.001829 -0.999994 0.002823
vn 0.001718 -0.999996 0.002376
vn 0.019862 -0.998995 -0.040193
vn 0.003509 -0.999968 -0.007263
vn 0.045631 -0.997912 -0.045719
vn 0.000530 -1.000000 0.000427
vn 0.000446 -1.000000 0.000210
vn 0.001557 -0.999998 0.001217
vn 0.008128 -0.999965 0.001913
vn 0.094923 -0.995360 0.015740
vn 0.082488 -0.995617 -0.044076
vn -0.093683 -0.640207 -0.762469
vn -0.227175 -0.798501 -0.557483
vn -0.347025 -0.391503 -0.852232
vn 0.000000 -1.000000 0.000000
vn 0.000050 -1.000000 0.000006
vn 0.000000 -1.000000 0.000000
vn -0.069116 -0.985555 -0.154610
vn -0.187102 -0.693205 -0.696031
vn -0.155332 -0.893985 -0.420312
vn 0.000311 -1.000000 -0.000349
vn -0.001470 -0.999999 -0.000982
vn 0.000087 -1.000000 0.000474
vn -0.441636 -0.834647 -0.329123
vn -0.973299 0.183881 -0.137394
vn -0.382798 0.740471 -0.552421
vn 0.000050 -1.000000 0.000006
vn 0.000060 -1.000000 0.000050
vn 0.000009 -1.000000 0.000059
vn -0.144460 0.972284 0.183834
vn -0.197133 0.959709 0.200243
vn -0.288043 0.900396 0.326065
vn -0.308858 -0.944824 0.109153
vn 0.530689 -0.846248 -0.047271
vn 0.715246 0.692580 0.093574
vn 0.377173 -0.871716 -0.312813
vn 0.655963 -0.447144 -0.608091
vn 0.185307 0.831806 -0.523221
vn 0.014863 -0.978145 0.207391
vn -0.424682 -0.845156 0.324586
vn 0.091824 -0.966325 0.240383
vn 0.113238 0.993551 0.005867
vn -0.044474 0.991926 0.118764
vn -0.407234 0.908927 -0.089516
vn 0.113238 0.993551 0.005867
vn 0.655963 -0.447144 -0.608091
vn 0.630894 0.262772 -0.730017
vn -0.044474 0.991926 0.118764
vn -0.235362 0.954350 0.183904
vn -0.407234 0.908927 -0.089516
vn -0.208521 0.947393 0.242828
vn -0.113120 0.960743 0.253333
vn -0.144460 0.972284 0.183834
vn 0.630894 0.262772 -0.730017
vn 0.655963 -0.447144 -0.608091
vn 0.302436 -0.726351 -0.617208
vn -0.308858 -0.944824 0.109153
vn 0.630894 0.262772 -0.730017
vn 0.515387 -0.767856 -0.380491
vn 0.530689 -0.846248 -0.047271
vn 0.113238 0.993551 0.005867
vn 0.715246 0.692580 0.093574
vn 0.630894 0.262772 -0.730017
vn 0.715246 0.692580 0.093574
vn 0.113238 0.993551 0.005867
vn -0.407234 0.908927 -0.089516
vn 0.185307 0.831806 -0.523221
vn 0.113238 0.993551 0.005867
vn -0.062014 0.995471 0.072049
vn -0.208521 0.947393 0.242828
vn 0.318345 0.866994 -0.383377
vn 0.075462 -0.993795 -0.081713
vn 0.377173 -0.871716 -0.312813
vn 0.600277 -0.700276 -0.386369
vn -0.006084 -0.999813 -0.018360
vn -0.001069 -0.948362 -0.317189
vn 0.066166 -0.997171 -0.035672
vn -0.235362 0.954350 0.183904
vn -0.044474 0.991926 0.118764
vn -0.100967 0.988468 0.112856
vn 0.185307 0.831806 -0.523221
vn -0.407234 0.908927 -0.089516
vn -0.062014 0.995471 0.072049
vn 0.066166 -0.997171 -0.035672
vn -0.001069 -0.948362 -0.317189
vn 0.302436 -0.726351 -0.617208
vn 0.000000 -1.000000 0.000000
vn 0.000000 -1.000000 0.000000
vn -0.000315 -0.999999 0.001253
vn 0.066166 -0.997171 -0.035672
vn 0.655963 -0.447144 -0.608091
vn 0.377173 -0.871716 -0.312813
vn 0.103498 -0.844374 -0.525663
vn 0.033042 -0.900677 -0.433231
vn 0.201305 -0.504145 -0.839830
vn 0.066166 -0.997171 -0.035672
vn 0.302436 -0.726351 -0.617208
vn 0.655963 -0.447144 -0.608091
vn 0.201305 -0.504145 -0.839830
vn 0.302436 -0.726351 -0.617208
vn -0.001069 -0.948362 -0.317189
vn 0.000372 -0.999999 -0.001304
vn 0.000046 -1.000000 -0.000426
vn 0.000746 -1.000000 -0.000132
vn -0.001282 -0.999999 -0.001206
vn 0.000817 -0.999999 0.000769
vn -0.001304 -0.999999 0.000787
vn 0.024932 -0.848618 -0.528418
vn -0.087605 0.125383 -0.988233
vn 0.112593 -0.681807 -0.722816
vn -0.131469 0.124338 -0.983492
vn 0.034746 0.999138 -0.022707
vn -0.071396 0.169432 -0.982952
vn -0.706783 0.707229 0.016877
vn -0.125334 0.794702 0.593919
vn -0.310343 0.931681 -0.188835
vn 0.052316 0.937332 0.344488
vn -0.125334 0.794702 0.593919
vn 0.034746 0.999138 -0.022707
vn 0.052316 0.937332 0.344488
vn 0.034746 0.999138 -0.022707
vn -0.131469 0.124338 -0.983492
vn -0.441237 -0.551411 -0.707994
vn -0.329462 0.903712 -0.273421
vn -0.163489 -0.048642 -0.985345
vn 0.031854 -0.999220 -0.023344
vn 0.000112 -1.000000 -0.000107
vn 0.010782 -0.999927 -0.005432
vn 0.000000 -1.000000 0.000000
vn 0.033383 -0.994053 -0.103654
vn 0.000000 -1.000000 0.000000
vn -0.049781 -0.928844 -0.367111
vn 0.048811 -0.956927 -0.286198
vn 0.134372 -0.987275 0.085044
vn -0.167197 0.580122 -0.797185
vn 0.244317 0.953048 0.178910
vn 0.196283 0.901094 0.386656
vn 0.000530 -1.000000 0.000427
vn -0.000548 -1.000000 0.000670
vn -0.001444 -0.999999 -0.000547
vn -0.001305 -0.999999 0.000006
vn -0.000295 -1.000000 -0.000843
vn -0.000315 -1.000000 0.000876
vn 0.000482 -0.999999 0.001706
vn -0.000618 -1.000000 0.000468
vn 0.000445 -0.999999 0.001443
vn 0.000077 -1.000000 -0.000025
vn -0.000387 -1.000000 -0.000330
vn 0.000285 -1.000000 -0.000177
vn -0.007551 -0.999969 0.002281
vn -0.241633 -0.970331 0.008425
vn -0.162576 -0.986434 0.022738
vn -0.000015 -1.000000 0.000013
vn 0.000277 -1.000000 -0.000064
vn 0.000002 -1.000000 0.000028
vn -0.000103 -1.000000 0.000276
vn 0.000129 -1.000000 0.000334
vn 0.000041 -1.000000 0.000056
vn 0.000002 -1.000000 0.000028
vn 0.000000 -1.000000 0.000000
vn -0.000015 -1.000000 0.000013
vn -0.000494 -1.000000 0.000445
vn -0.000253 -1.000000 0.000001
vn 0.001058 -0.999999 0.000521
vn 0.000000 -1.000000 0.000000
vn 0.000000 -1.000000 0.000000
vn 0.000000 -1.000000 0.000000
vn -0.249951 -0.966290 0.061717
vn -0.934636 -0.184342 0.304095
vn -0.661925 -0.729889 0.170640
vn 0.000009 -1.000000 0.000059
vn 0.022299 -0.997087 0.072936
vn -0.026573 -0.999438 0.020435
vn -0.196882 -0.980285 0.016716
vn -0.039538 -0.999217 0.001499
vn -0.661925 -0.729889 0.170640
vn -0.000206 -1.000000 -0.000041
vn -0.000287 -1.000000 -0.000031
vn -0.000202 -1.000000 0.000216
vn -0.755467 -0.648923 0.090377
vn -0.538333 -0.238421 0.808303
vn -0.468057 -0.838464 0.279107
vn -0.340421 -0.932555 0.120231
vn -0.249951 -0.966290 0.061717
vn -0.000608 -1.000000 0.000476
vn 0.187208 -0.979884 0.069144
vn -0.241633 -0.970331 0.008425
vn -0.277538 -0.960690 0.006952
vn -0.468057 -0.838464 0.279107
vn -0.277538 -0.960690 0.006952
vn -0.196882 -0.980285 0.016716
vn -0.032563 -0.997054 0.069443
vn 0.086626 -0.934274 0.345873
vn 0.077026 -0.985615 0.150431
vn 0.098558 0.994583 -0.033019
vn -0.934636 -0.184342 0.304095
vn -0.926021 0.317817 0.203662
vn -0.468057 -0.838464 0.279107
vn -0.196882 -0.980285 0.016716
vn -0.755467 -0.648923 0.090377
vn -0.661925 -0.729889 0.170640
vn -0.755467 -0.648923 0.090377
vn -0.196882 -0.980285 0.016716
vn 0.000000 -1.000000 0.000000
vn 0.000041 -1.000000 0.000056
vn 0.000000 -1.000000 0.000000
vn -0.039538 -0.999217 0.001499
vn -0.196882 -0.980285 0.016716
vn -0.005068 -0.999987 0.000686
vn -0.000608 -1.000000 0.000476
vn -0.249951 -0.966290 0.061717
vn -0.039538 -0.999217 0.001499
vn -0.249951 -0.966290 0.061717
vn -0.340421 -0.932555 0.120231
vn -0.934636 -0.184342 0.304095
vn -0.039538 -0.999217 0.001499
vn -0.005068 -0.999987 0.000686
vn 0.000000 -1.000000 0.000000
vn -0.000608 -1.000000 0.000476
vn 0.084167 -0.995759 0.037151
vn -0.051764 -0.997080 0.056142
vn -0.934636 -0.184342 0.304095
vn -0.340421 -0.932555 0.120231
vn -0.926021 0.317817 0.203662
vn 0.098558 0.994583 -0.033019
vn -0.511280 0.799334 0.315688
vn -0.934636 -0.184342 0.304095
vn -0.434002 -0.865741 0.249269
vn -0.926021 0.317817 0.203662
vn -0.340421 -0.932555 0.120231
vn -0.291685 0.941909 -0.166516
vn -0.926021 0.317817 0.203662
vn -0.873825 0.107315 0.474250
vn -0.005068 -0.999987 0.000686
vn 0.000000 -1.000000 0.000000
vn 0.000000 -1.000000 0.000000
vn 0.000000 -1.000000 0.000000
vn -0.005068 -0.999987 0.000686
vn 0.000000 -1.000000 0.000000
vn -0.000608 -1.000000 0.000476
vn -0.039538 -0.999217 0.001499
vn 0.000000 -1.000000 0.000000
vn -0.000202 -1.000000 0.000216
vn -0.000287 -1.000000 -0.000031
vn 0.000129 -1.000000 0.000334
vn -0.000987 -0.999762 0.021816
vn 0.027683 -0.999477 0.016724
vn 0.000000 -1.000000 0.000000
vn 0.000000 -1.000000 0.000000
vn 0.027683 -0.999477 0.016724
vn -0.000608 -1.000000 0.000476
vn 0.000000 -1.000000 0.000000
vn 0.000000 -1.000000 0.000000
vn 0.000000 -1.000000 0.000000
vn 0.000000 -1.000000 0.000000
vn 0.000000 -1.000000 0.000000
vn 0.000041 -1.000000 0.000056
vn -0.000919 -1.000000 0.000436
vn -0.000582 -0.999999 0.000914
vn -0.000820 -0.999999 0.000706
vn 0.000000 -1.000000 0.000000
vn -0.000202 -1.000000 0.000216
vn 0.000200 -1.000000 0.000220
vn 0.000000 -1.000000 0.000000
vn -0.000820 -0.999999 0.000706
vn -0.000582 -0.999999 0.000914
vn 0.000041 -1.000000 0.000056
vn 0.000000 -1.000000 0.000000
vn -0.000304 -1.000000 0.000129
vn -0.000103 -1.000000 0.000276
vn 0.000041 -1.000000 0.000056
vn -0.000304 -1.000000 0.000129
vn 0.000041 -1.000000 0.000056
vn -0.000987 -0.999762 0.021816
vn 0.000000 -1.000000 0.000000
vn -0.000515 -0.999999 0.001268
vn 0.000200 -1.000000 0.000220
vn -0.000103 -1.000000 0.000276
vn -0.000287 -1.000000 -0.000031
vn -0.030382 -0.998201 0.051694
vn 0.000129 -1.000000 0.000334
vn 0.000311 -1.000000 0.000003
vn 0.000989 -1.000000 -0.000220
vn 0.000956 -0.999999 -0.000851
vn 0.000086 -1.000000 -0.000018
vn -0.000280 -1.000000 -0.000121
vn 0.000002 -1.000000 0.000000
vn -0.714700 -0.690876 0.109066
vn -0.439887 -0.897084 0.041714
vn -0.162909 -0.985394 0.049600
vn -0.052984 -0.994879 0.086075
vn 0.249362 -0.968395 0.005381
vn -0.101621 -0.994249 -0.033809
vn -0.011906 -0.999928 -0.001372
vn -0.162909 -0.985394 0.049600
vn -0.439887 -0.897084 0.041714
vn -0.216169 -0.613593 -0.759457
vn -0.103475 0.648835 -0.753861
vn -0.249673 -0.772963 -0.583259
vn 0.000000 -1.000000 0.000000
vn -0.001400 -0.999999 -0.000319
vn 0.000000 -1.000000 0.000000
vn 0.000000 -1.000000 0.000000
vn 0.000357 -1.000000 0.000308
vn 0.000000 -1.000000 0.000000
vn -0.340177 0.860692 0.378800
vn -0.010327 0.992768 -0.119602
vn -0.085357 0.843653 0.530060
vn 0.047457 0.910722 0.410284
vn -0.085357 0.843653 0.530060
vn 0.024149 0.885345 0.464308
vn -0.232009 0.418003 -0.878320
vn 0.010797 0.747745 -0.663898
vn -0.268396 -0.655455 -0.705934
vn -0.011906 -0.999928 -0.001372
vn -0.000211 -1.000000 0.000009
vn -0.162909 -0.985394 0.049600
vn -0.028063 -0.985745 -0.165887
vn -0.038958 -0.987903 -0.150100
vn 0.000791 -0.999999 -0.000863
vn 0.031854 -0.999220 -0.023344
vn 0.012406 -0.995836 -0.090318
vn 0.000112 -1.000000 -0.000107
vn -0.302035 0.530719 -0.791904
vn -0.363089 -0.201552 -0.909694
vn -0.367813 0.682886 -0.631174
vn -0.164766 -0.838440 -0.519491
vn -0.351225 -0.513286 -0.783057
vn -0.028063 -0.985745 -0.165887
vn -0.302035 0.530719 -0.791904
vn 0.197646 0.880503 0.430872
vn 0.129464 0.963929 0.232551
vn -0.351225 -0.513286 -0.783057
vn -0.164766 -0.838440 -0.519491
vn -0.302035 0.530719 -0.791904
vn -0.249673 -0.772963 -0.583259
vn -0.367813 0.682886 -0.631174
vn -0.363089 -0.201552 -0.909694
vn 0.222905 0.945732 0.236442
vn -0.367813 0.682886 -0.631174
vn -0.103475 0.648835 -0.753861
vn -0.014448 -0.999334 -0.033498
vn -0.001061 -0.999999 -0.000367
vn -0.000557 -1.000000 -0.000267
vn -0.193044 -0.792761 -0.578156
vn -0.351671 -0.524217 -0.775580
vn -0.375901 0.364341 -0.852030
vn -0.028936 0.997456 -0.065151
vn 0.222905 0.945732 0.236442
vn -0.103475 0.648835 -0.753861
vn -0.148923 0.885217 0.440696
vn -0.080127 0.943747 0.320813
vn 0.287404 0.910492 0.297326
vn 0.326464 0.907260 0.265142
vn 0.287404 0.910492 0.297326
vn 0.365659 0.920853 0.135360
vn 0.222905 0.945732 0.236442
vn -0.028936 0.997456 -0.065151
vn -0.032476 0.928629 0.369586
vn 0.112324 0.971098 0.210601
vn 0.326464 0.907260 0.265142
vn 0.365659 0.920853 0.135360
vn 0.222905 0.945732 0.236442
vn 0.326464 0.907260 0.265142
vn 0.233686 0.848464 0.474868
vn 0.740882 -0.584975 -0.329997
vn -0.094542 -0.991728 -0.086815
vn 0.835475 -0.310687 -0.453272
vn 0.687358 0.618069 -0.381483
vn 0.740882 -0.584975 -0.329997
vn 0.617556 0.689038 -0.379277
vn 0.123281 -0.937132 -0.326473
vn 0.603725 -0.789188 -0.112689
vn 0.036899 -0.998345 -0.044103
vn -0.041478 -0.917242 -0.396165
vn 0.123281 -0.937132 -0.326473
vn -0.035838 -0.914265 -0.403528
vn 0.055945 -0.709386 -0.702596
vn -0.035838 -0.914265 -0.403528
vn -0.332980 -0.873219 -0.355827
vn 0.276414 -0.952766 0.125827
vn 0.859833 0.324140 -0.394488
vn 0.968465 -0.125036 -0.215501
vn -0.107588 -0.994107 0.013273
vn 0.036899 -0.998345 -0.044103
vn 0.282575 -0.959080 -0.017780
vn 0.123281 -0.937132 -0.326473
vn 0.036899 -0.998345 -0.044103
vn -0.112842 -0.993611 0.002059
vn 0.431651 -0.851749 -0.296986
vn -0.087866 -0.905459 -0.415240
vn -0.239711 -0.969027 -0.059377
vn -0.239711 -0.969027 -0.059377
vn -0.087866 -0.905459 -0.415240
vn -0.463824 -0.885791 0.015552
vn 0.639999 0.758973 -0.119836
vn -0.087866 -0.905459 -0.415240
vn 0.431651 -0.851749 -0.296986
vn -0.463824 -0.885791 0.015552
vn -0.087866 -0.905459 -0.415240
vn -0.372027 -0.919793 -0.124808
vn -0.530763 -0.847459 0.010253
vn -0.463824 -0.885791 0.015552
vn -0.372027 -0.919793 -0.124808
vn -0.035838 -0.914265 -0.403528
vn -0.112842 -0.993611 0.002059
vn -0.463824 -0.885791 0.015552
vn -0.530763 -0.847459 0.010253
vn -0.372027 -0.919793 -0.124808
vn 0.654781 -0.595901 -0.464934
vn -0.530763 -0.847459 0.010253
vn -0.401843 -0.915662 -0.009225
vn -0.332980 -0.873219 -0.355827
vn 0.772936 0.433170 -0.463609
vn 0.629156 0.649349 -0.427211
vn 0.654781 -0.595901 -0.464934
vn 0.362935 -0.781247 0.507870
vn 0.081381 -0.894237 0.440133
vn 0.461459 -0.872115 -0.162701
vn -0.268706 -0.955137 -0.124539
vn -0.347250 -0.900622 -0.261340
vn -0.422284 -0.884608 -0.197852
vn -0.377611 -0.863319 -0.334799
vn -0.400050 -0.911917 -0.091473
vn 0.631294 -0.560466 -0.536046
vn 0.021823 -0.999734 0.007426
vn 0.035273 -0.997167 -0.066432
vn 0.243836 -0.959351 -0.142093
vn 0.692722 -0.278704 -0.665177
vn 0.790555 0.112387 -0.601991
vn 0.243836 -0.959351 -0.142093
vn 0.279332 -0.716931 0.638736
vn 0.149933 -0.898585 0.412389
vn 0.250467 -0.672885 0.696055
vn -0.240033 -0.805571 -0.541701
vn 0.070237 -0.981642 -0.177328
vn 0.049881 -0.968254 -0.244940
vn 0.186209 -0.875698 0.445510
vn 0.279332 -0.716931 0.638736
vn 0.250467 -0.672885 0.696055
vn 0.267231 -0.763103 0.588439
vn 0.157631 -0.927972 -0.337669
vn -0.227175 -0.798501 -0.557483
vn 0.000421 -1.000000 -0.000934
vn 0.000727 -0.999999 -0.000794
vn -0.000253 -1.000000 0.000001
vn -0.000253 -1.000000 0.000001
vn -0.000546 -1.000000 -0.000491
vn -0.000604 -1.000000 -0.000595
vn 0.645699 0.569994 -0.508114
vn 0.790555 0.112387 -0.601991
vn -0.044188 0.998909 -0.015099
vn 0.600277 -0.700276 -0.386369
vn 0.406652 -0.873116 -0.268891
vn 0.075462 -0.993795 -0.081713
vn -0.116242 -0.943343 -0.310792
vn -0.185869 -0.938157 -0.292086
vn 0.050409 -0.989825 -0.133064
vn -0.377611 -0.863319 -0.334799
vn -0.240409 -0.943694 -0.227255
vn -0.422284 -0.884608 -0.197852
vn 0.049881 -0.968254 -0.244940
vn 0.070237 -0.981642 -0.177328
vn -0.014044 -0.999165 0.038376
vn -0.001450 -0.999998 -0.001725
vn -0.079914 -0.995426 -0.052355
vn -0.083279 -0.992484 -0.089671
vn -0.044795 -0.998924 0.012015
vn -0.000196 -1.000000 0.000888
vn -0.045205 -0.998976 -0.001636
vn 0.000659 -1.000000 0.000061
vn -0.000196 -1.000000 0.000888
vn -0.001184 -0.999999 0.001145
vn -0.079914 -0.995426 -0.052355
vn -0.044795 -0.998924 0.012015
vn -0.133020 -0.991021 0.013553
vn -0.000196 -1.000000 0.000888
vn -0.044795 -0.998924 0.012015
vn -0.001184 -0.999999 0.001145
vn 0.000036 -1.000000 0.000064
vn 0.050409 -0.989825 -0.133064
vn -0.004333 -0.999990 -0.000732
vn -0.116242 -0.943343 -0.310792
vn 0.050409 -0.989825 -0.133064
vn 0.103369 -0.987942 -0.115263
vn -0.201492 -0.707409 -0.677476
vn -0.031411 -0.991960 -0.122589
vn -0.216556 -0.700983 -0.679504
vn -0.190217 -0.668268 -0.719190
vn -0.093683 -0.640207 -0.762469
vn -0.174890 -0.822394 -0.541370
vn -0.101916 -0.994719 -0.012139
vn -0.045205 -0.998976 -0.001636
vn -0.048256 -0.998834 0.001419
vn 0.080644 -0.996721 -0.006611
vn -0.101916 -0.994719 -0.012139
vn 0.029604 -0.996027 -0.083982
vn 0.082488 -0.995617 -0.044076
vn 0.029604 -0.996027 -0.083982
vn 0.045631 -0.997912 -0.045719
vn 0.094923 -0.995360 0.015740
vn 0.000964 -0.999989 -0.004648
vn 0.087925 -0.996035 0.013559
vn -0.012576 -0.999912 -0.004292
vn -0.048256 -0.998834 0.001419
vn 0.002017 -0.999997 -0.001128
vn -0.101916 -0.994719 -0.012139
vn -0.048256 -0.998834 0.001419
vn -0.029642 -0.998925 -0.035642
vn 0.001453 -0.999998 0.001726
vn 0.000784 -1.000000 -0.000334
vn 0.000460 -0.999852 -0.017174
vn 0.000460 -0.999852 -0.017174
vn 0.000784 -1.000000 -0.000334
vn 0.019862 -0.998995 -0.040193
vn 0.001829 -0.999994 0.002823
vn 0.000784 -1.000000 -0.000334
vn 0.001453 -0.999998 0.001726
vn 0.019862 -0.998995 -0.040193
vn 0.000784 -1.000000 -0.000334
vn 0.000917 -0.999996 -0.002667
vn 0.003509 -0.999968 -0.007263
vn 0.019862 -0.998995 -0.040193
vn 0.000917 -0.999996 -0.002667
vn 0.029604 -0.996027 -0.083982
vn -0.029642 -0.998925 -0.035642
vn 0.019862 -0.998995 -0.040193
vn 0.003509 -0.999968 -0.007263
vn 0.000917 -0.999996 -0.002667
vn 0.000299 -0.999999 -0.001490
vn 0.003509 -0.999968 -0.007263
vn 0.009349 -0.999912 -0.009407
vn 0.045631 -0.997912 -0.045719
vn 0.001092 -0.999999 0.000596
vn -0.000243 -0.999999 0.001091
vn 0.000299 -0.999999 -0.001490
vn 0.000859 -0.999999 -0.001047
vn 0.000365 -1.000000 -0.000703
vn 0.009105 -0.999942 -0.005738
vn 0.000457 -0.999999 0.001432
vn 0.001557 -0.999998 0.001217
vn 0.000446 -1.000000 0.000210
vn -0.001148 -0.999999 -0.000642
vn -0.000295 -1.000000 -0.000843
vn -0.001305 -0.999999 0.000006
vn 0.009327 -0.987800 0.155449
vn -0.093683 -0.640207 -0.762469
vn 0.126374 -0.851046 0.509657
vn 0.000858 -0.999750 0.022350
vn 0.081308 -0.965976 0.245519
vn 0.016841 -0.999486 0.027291
vn -0.338254 -0.933385 0.119903
vn -0.917761 -0.106049 0.382712
vn -0.927074 0.094854 0.362680
vn -0.027608 -0.999547 0.012020
vn -0.134043 -0.989981 0.044379
vn -0.008961 -0.999957 -0.002232
vn 0.262470 -0.964857 -0.012656
vn 0.129132 -0.984339 0.120007
vn 0.305924 -0.949483 -0.069953
vn -0.043046 -0.996977 -0.064684
vn -0.134043 -0.989981 0.044379
vn -0.021284 -0.999002 -0.039260
vn -0.529148 0.831343 0.169917
vn -0.873825 0.107315 0.474250
vn -0.665187 -0.269012 0.696534
vn -0.161280 -0.967010 0.197179
vn -0.197965 -0.952429 0.231708
vn 0.077026 -0.985615 0.150431
vn -0.434002 -0.865741 0.249269
vn -0.051764 -0.997080 0.056142
vn -0.210092 -0.945023 0.250585
vn -0.665187 -0.269012 0.696534
vn 0.056734 -0.870289 0.489264
vn -0.441636 -0.834647 -0.329123
vn -0.051764 -0.997080 0.056142
vn -0.434002 -0.865741 0.249269
vn -0.340421 -0.932555 0.120231
vn -0.873825 0.107315 0.474250
vn -0.434002 -0.865741 0.249269
vn -0.210092 -0.945023 0.250585
vn -0.000608 -1.000000 0.000476
vn -0.051764 -0.997080 0.056142
vn -0.340421 -0.932555 0.120231
vn -0.051764 -0.997080 0.056142
vn 0.084167 -0.995759 0.037151
vn 0.065486 -0.997483 0.027174
vn -0.873825 0.107315 0.474250
vn -0.210092 -0.945023 0.250585
vn -0.665187 -0.269012 0.696534
vn -0.873825 0.107315 0.474250
vn -0.529148 0.831343 0.169917
vn -0.291685 0.941909 -0.166516
vn -0.309963 0.894748 0.321478
vn 0.004617 0.999150 -0.040966
vn 0.266997 0.949025 -0.167526
vn 0.358089 -0.866346 -0.348163
vn 0.186807 0.954599 -0.232045
vn 0.604341 -0.495460 -0.623932
vn -0.208521 0.947393 0.242828
vn -0.235362 0.954350 0.183904
vn -0.113120 0.960743 0.253333
vn -0.407234 0.908927 -0.089516
vn -0.235362 0.954350 0.183904
vn -0.062014 0.995471 0.072049
vn -0.288043 0.900396 0.326065
vn -0.208521 0.947393 0.242828
vn -0.144460 0.972284 0.183834
vn 0.723855 0.561329 -0.401179
vn -0.208521 0.947393 0.242828
vn 0.186807 0.954599 -0.232045
vn 0.600277 -0.700276 -0.386369
vn 0.377173 -0.871716 -0.312813
vn 0.318345 0.866994 -0.383377
vn 0.185307 0.831806 -0.523221
vn 0.318345 0.866994 -0.383377
vn 0.377173 -0.871716 -0.312813
vn 0.723855 0.561329 -0.401179
vn 0.358089 -0.866346 -0.348163
vn 0.406652 -0.873116 -0.268891
vn 0.406652 -0.873116 -0.268891
vn 0.358089 -0.866346 -0.348163
vn 0.000414 -0.999999 -0.001346
vn -0.026754 -0.977078 -0.211192
vn 0.000000 -1.000000 0.000000
vn 0.033383 -0.994053 -0.103654
vn 0.068329 -0.839196 -0.539520
vn 0.064922 -0.993928 0.088837
vn 0.076468 -0.845169 -0.529001
vn 0.034007 -0.999030 -0.027964
vn 0.377173 -0.871716 -0.312813
vn 0.075462 -0.993795 -0.081713
vn -0.006084 -0.999813 -0.018360
vn 0.010790 -0.997295 -0.072706
vn 0.103498 -0.844374 -0.525663
vn 0.000000 -1.000000 0.000000
vn 0.000000 -1.000000 0.000000
vn 0.000193 -1.000000 -0.000413
vn 0.000017 -1.000000 -0.000014
vn 0.000003 -1.000000 -0.000002
vn 0.000003 -1.000000 0.000000
vn -0.143484 0.989376 -0.023418
vn -0.435205 0.712405 -0.550523
vn -0.087605 0.125383 -0.988233
vn -0.125334 0.794702 0.593919
vn -0.143484 0.989376 -0.023418
vn 0.034746 0.999138 -0.022707
vn 0.103660 -0.991812 -0.074591
vn 0.112593 -0.681807 -0.722816
vn -0.016441 -0.994797 0.100542
vn -0.038958 -0.987903 -0.150100
vn 0.027091 -0.998676 0.043741
vn 0.000791 -0.999999 -0.000863
vn 0.298748 0.835907 -0.460444
vn -0.073592 0.218282 -0.973107
vn 0.307986 0.951390 0.001457
vn 0.164315 0.775159 -0.610023
vn -0.465617 0.051995 -0.883458
vn -0.322019 -0.399684 -0.858229
vn 0.031854 -0.999220 -0.023344
vn 0.000000 -1.000000 0.000000
vn 0.000000 -1.000000 0.000000
vn -0.008720 -0.999956 -0.003366
vn -0.000029 -0.999985 -0.005505
vn 0.000112 -1.000000 -0.000107
vn -0.155891 -0.725446 -0.670393
vn -0.351225 -0.513286 -0.783057
vn -0.317588 0.512461 -0.797823
vn 0.199619 -0.974169 0.105581
vn 0.181842 -0.973861 0.136120
vn 0.145100 -0.978139 -0.148967
vn 0.000000 -1.000000 0.000000
vn 0.000000 -1.000000 0.000000
vn 0.000074 -1.000000 0.000720
vn -0.000913 -0.999999 0.000999
vn 0.000576 -1.000000 -0.000095
vn -0.000405 -1.000000 0.000072
vn -0.137181 -0.893031 0.428576
vn 0.204788 -0.956623 0.207206
vn 0.091824 -0.966325 0.240383
vn 0.014811 -0.845449 -0.533851
vn 0.004090 -0.998900 -0.046708
vn -0.031027 -0.926334 -0.375424
vn -0.000548 -1.000000 0.000670
vn 0.001063 -0.999997 0.002009
vn -0.000214 -1.000000 -0.000215
vn -0.001148 -0.999999 -0.000642
vn 0.000384 -0.999999 0.001636
vn 0.000446 -1.000000 0.000210
vn -0.004971 -0.999987 -0.000863
vn -0.604863 -0.714653 0.351301
vn -0.641633 -0.666236 0.380049
vn -0.001041 -0.999999 -0.000482
vn -0.000820 -1.000000 0.000133
vn 0.000622 -1.000000 0.000106
vn -0.122169 -0.990624 0.061153
vn -0.796233 -0.480391 0.367747
vn -0.818129 -0.316351 0.480194
vn 0.000445 -0.999999 0.001443
vn 0.001754 -0.999998 0.000887
vn 0.000087 -1.000000 0.000474
vn -0.000787 -1.000000 -0.000578
vn 0.000193 -1.000000 -0.000413
vn 0.000204 -1.000000 -0.000489
vn 0.000000 -1.000000 0.000000
vn 0.000000 -1.000000 0.000000
vn 0.000062 -1.000000 0.000043
vn 0.000002 -1.000000 0.000000
vn -0.000280 -1.000000 -0.000121
vn 0.000001 -1.000000 -0.000001
vn -0.000190 -1.000000 -0.000208
vn 0.000062 -1.000000 0.000043
vn -0.000022 -1.000000 0.000054
vn -0.000662 -0.998564 0.053577
vn 0.001058 -0.999999 0.000521
vn 0.011398 -0.999892 0.009308
vn 0.045073 -0.994295 0.096675
vn 0.186938 -0.841306 0.507207
vn 0.062963 -0.969107 0.238469
vn 0.187208 -0.979884 0.069144
vn 0.429098 -0.876064 -0.219969
vn -0.599329 -0.799749 0.034721
vn 0.000000 -1.000000 0.000000
vn 0.000000 -1.000000 0.000000
vn 0.000000 -1.000000 0.000000
vn 0.187208 -0.979884 0.069144
vn -0.277538 -0.960690 0.006952
vn -0.468057 -0.838464 0.279107
vn -0.005068 -0.999987 0.000686
vn -0.277538 -0.960690 0.006952
vn -0.016737 -0.999825 -0.008318
vn -0.746343 -0.627324 0.222342
vn 0.314795 -0.948583 -0.033091
vn 0.416916 -0.897742 0.142269
vn 0.000000 -1.000000 0.000000
vn -0.162576 -0.986434 0.022738
vn -0.162909 -0.985394 0.049600
vn 0.000000 -1.000000 0.000000
vn 0.000019 -1.000000 -0.000059
vn 0.000000 -1.000000 0.000000
vn 0.000528 -1.000000 -0.000721
vn -0.000557 -1.000000 -0.000267
vn 0.000029 -1.000000 0.000010
vn 0.000000 -1.000000 0.000000
vn 0.010782 -0.999927 -0.005432
vn 0.000000 -1.000000 0.000000
vn 0.000000 -1.000000 0.000000
vn 0.000000 -1.000000 0.000000
vn 0.000019 -1.000000 -0.000059
vn 0.000223 -1.000000 -0.000117
vn 0.000318 -1.000000 0.000132
vn 0.000746 -1.000000 -0.000132
vn -0.000174 -1.000000 -0.000010
vn 0.000000 -1.000000 0.000000
vn 0.000000 -1.000000 0.000000
vn -0.010327 0.992768 -0.119602
vn -0.340177 0.860692 0.378800
vn -0.027698 0.983212 -0.180355
vn -0.049256 0.974578 0.218569
vn 0.024149 0.885345 0.464308
vn -0.085357 0.843653 0.530060
vn -0.027698 0.983212 -0.180355
vn 0.459943 -0.063359 -0.885685
vn -0.010327 0.992768 -0.119602
vn 0.466047 0.618595 -0.632567
vn 0.459943 -0.063359 -0.885685
vn 0.466341 -0.446427 -0.763694
vn 0.036587 0.978789 -0.201578
vn -0.116483 0.973934 0.194637
vn 0.024149 0.885345 0.464308
vn 0.330259 0.940480 0.080161
vn 0.024149 0.885345 0.464308
vn 0.185352 0.980208 0.069556
vn 0.185352 0.980208 0.069556
vn -0.444964 0.819131 -0.361982
vn -0.399797 0.763887 -0.506596
vn -0.003985 -0.999991 0.001735
vn -0.060726 -0.996614 0.055438
vn -0.301938 -0.949418 0.086248
vn -0.043073 -0.997936 -0.047620
vn -0.028063 -0.985745 -0.165887
vn 0.000791 -0.999999 -0.000863
vn 0.091943 -0.995084 0.036797
vn 0.199619 -0.974169 0.105581
vn 0.105324 -0.994419 -0.006192
vn -0.164766 -0.838440 -0.519491
vn -0.000372 -0.998564 -0.053581
vn -0.010430 -0.987345 -0.158244
vn 0.000245 -1.000000 -0.000170
vn -0.000372 -0.998564 -0.053581
vn -0.043073 -0.997936 -0.047620
vn 0.197646 0.880503 0.430872
vn 0.027282 0.979252 0.200804
vn 0.233686 0.848464 0.474868
vn 0.129464 0.963929 0.232551
vn 0.197646 0.880503 0.430872
vn 0.154733 0.846231 0.509854
vn 0.156275 0.946163 0.283468
vn 0.129464 0.963929 0.232551
vn 0.154733 0.846231 0.509854
vn -0.317588 0.512461 -0.797823
vn 0.129464 0.963929 0.232551
vn 0.244317 0.953048 0.178910
vn -0.103365 0.951550 0.289601
vn 0.083811 0.867519 0.490293
vn -0.256896 0.240219 -0.936109
vn -0.302035 0.530719 -0.791904
vn -0.317588 0.512461 -0.797823
vn -0.351225 -0.513286 -0.783057
vn 0.083811 0.867519 0.490293
vn -0.103365 0.951550 0.289601
vn 0.102711 0.857361 0.504363
vn 0.014811 -0.845449 -0.533851
vn 0.021141 -0.027160 -0.999408
vn -0.131469 0.124338 -0.983492
vn -0.040845 -0.994533 -0.096102
vn -0.038958 -0.987903 -0.150100
vn -0.126323 -0.772709 -0.622064
vn -0.038958 -0.987903 -0.150100
vn -0.028063 -0.985745 -0.165887
vn -0.155891 -0.725446 -0.670393
vn -0.167197 0.580122 -0.797185
vn -0.317588 0.512461 -0.797823
vn 0.244317 0.953048 0.178910
vn -0.155891 -0.725446 -0.670393
vn -0.126323 -0.772709 -0.622064
vn -0.038958 -0.987903 -0.150100
vn -0.004599 -0.999862 -0.015989
vn -0.040845 -0.994533 -0.096102
vn -0.108838 -0.902957 -0.415719
vn -0.043073 -0.997936 -0.047620
vn 0.000791 -0.999999 -0.000863
vn 0.000245 -1.000000 -0.000170
vn -0.014448 -0.999334 -0.033498
vn -0.044131 -0.991782 -0.120084
vn -0.249673 -0.772963 -0.583259
vn -0.331479 0.876033 -0.350269
vn -0.016716 0.999577 0.023794
vn 0.028241 0.924770 0.379477
vn -0.375901 0.364341 -0.852030
vn -0.028936 0.997456 -0.065151
vn -0.103475 0.648835 -0.753861
vn -0.032476 0.928629 0.369586
vn -0.218872 0.974107 0.056659
vn -0.148923 0.885217 0.440696
vn 0.276414 -0.952766 0.125827
vn 0.776709 -0.578801 -0.248419
vn 0.859833 0.324140 -0.394488
vn 0.740882 -0.584975 -0.329997
vn 0.776709 -0.578801 -0.248419
vn 0.216189 -0.969820 0.112749
vn -0.003024 -0.996269 0.086252
vn 0.740882 -0.584975 -0.329997
vn 0.216189 -0.969820 0.112749
vn 0.036641 -0.988070 0.149586
vn 0.835475 -0.310687 -0.453272
vn -0.094542 -0.991728 -0.086815
vn 0.055945 -0.709386 -0.702596
vn -0.332980 -0.873219 -0.355827
vn 0.287672 -0.597401 -0.748570
vn 0.055945 -0.709386 -0.702596
vn 0.287672 -0.597401 -0.748570
vn -0.024196 -0.989851 -0.140036
vn 0.629156 0.649349 -0.427211
vn 0.609493 0.246571 -0.753473
vn -0.240409 -0.943694 -0.227255
vn 0.629156 0.649349 -0.427211
vn 0.631294 -0.560466 -0.536046
vn 0.654781 -0.595901 -0.464934
vn -0.422284 -0.884608 -0.197852
vn -0.240409 -0.943694 -0.227255
vn -0.268706 -0.955137 -0.124539
vn 0.629156 0.649349 -0.427211
vn -0.240409 -0.943694 -0.227255
vn -0.377611 -0.863319 -0.334799
vn 0.275587 -0.914868 -0.295073
vn -0.118529 -0.952035 -0.282099
vn -0.116242 -0.943343 -0.310792
vn 0.045709 -0.972425 0.228694
vn -0.400050 -0.911917 -0.091473
vn -0.118529 -0.952035 -0.282099
vn 0.362935 -0.781247 0.507870
vn 0.631294 -0.560466 -0.536046
vn 0.113336 -0.906397 0.406940
vn 0.631294 -0.560466 -0.536046
vn -0.049030 -0.995703 0.078562
vn 0.654781 -0.595901 -0.464934
vn 0.066751 0.904445 -0.421335
vn 0.617556 0.689038 -0.379277
vn 0.835475 -0.310687 -0.453272
vn 0.790555 0.112387 -0.601991
vn 0.645699 0.569994 -0.508114
vn 0.391297 -0.898807 -0.197565
vn -0.003024 -0.996269 0.086252
vn -0.094542 -0.991728 -0.086815
vn 0.740882 -0.584975 -0.329997
vn 0.391297 -0.898807 -0.197565
vn 0.645699 0.569994 -0.508114
vn 0.835475 -0.310687 -0.453272
vn 0.391297 -0.898807 -0.197565
vn 0.021823 -0.999734 0.007426
vn 0.243836 -0.959351 -0.142093
vn 0.790555 0.112387 -0.601991
vn 0.692722 -0.278704 -0.665177
vn 0.004617 0.999150 -0.040966
vn 0.127069 -0.613768 0.779194
vn 0.126374 -0.851046 0.509657
vn 0.234200 -0.533730 0.812578
vn -0.227175 -0.798501 -0.557483
vn 0.157631 -0.927972 -0.337669
vn -0.148385 -0.405474 -0.901983
vn 0.127069 -0.613768 0.779194
vn -0.227175 -0.798501 -0.557483
vn 0.009327 -0.987800 0.155449
vn 0.267231 -0.763103 0.588439
vn 0.127069 -0.613768 0.779194
vn 0.141324 -0.917314 0.372240
vn 0.157631 -0.927972 -0.337669
vn 0.186209 -0.875698 0.445510
vn -0.434945 -0.355898 -0.827139
vn 0.070237 -0.981642 -0.177328
vn -0.110011 -0.984506 -0.136552
vn -0.079914 -0.995426 -0.052355
vn 0.011398 -0.999892 0.009308
vn -0.007550 -0.994151 0.107736
vn -0.000662 -0.998564 0.053577
vn 0.267231 -0.763103 0.588439
vn 0.141324 -0.917314 0.372240
vn 0.149933 -0.898585 0.412389
vn 0.149933 -0.898585 0.412389
vn 0.141324 -0.917314 0.372240
vn 0.001095 -0.999882 0.015338
vn 0.141324 -0.917314 0.372240
vn -0.007550 -0.994151 0.107736
vn 0.011398 -0.999892 0.009308
vn 0.000727 -0.999999 -0.000794
vn -0.000684 -1.000000 -0.000194
vn 0.000550 -1.000000 -0.000224
vn 0.001095 -0.999882 0.015338
vn -0.000253 -1.000000 0.000001
vn -0.000604 -1.000000 -0.000595
vn 0.000811 -1.000000 -0.000294
vn 0.000550 -1.000000 -0.000224
vn -0.000515 -1.000000 0.000120
vn 0.000000 -1.000000 -0.000002
vn 0.000003 -1.000000 -0.000002
vn 0.000017 -1.000000 -0.000014
vn 0.004617 0.999150 -0.040966
vn -0.316275 0.932687 0.173396
vn -0.044188 0.998909 -0.015099
vn 0.266997 0.949025 -0.167526
vn 0.004617 0.999150 -0.040966
vn 0.692722 -0.278704 -0.665177
vn 0.383430 -0.850762 -0.359424
vn 0.077269 -0.996214 -0.039848
vn 0.604341 -0.495460 -0.623932
vn 0.266997 0.949025 -0.167526
vn 0.186807 0.954599 -0.232045
vn -0.288043 0.900396 0.326065
vn 0.123326 -0.987551 -0.097638
vn 0.103369 -0.987942 -0.115263
vn 0.000659 -1.000000 0.000061
vn -0.118529 -0.952035 -0.282099
vn 0.275587 -0.914868 -0.295073
vn 0.292999 -0.899842 -0.323166
vn -0.083279 -0.992484 -0.089671
vn 0.051638 -0.998332 -0.025828
vn -0.001450 -0.999998 -0.001725
vn -0.001184 -0.999999 0.001145
vn -0.079914 -0.995426 -0.052355
vn -0.001450 -0.999998 -0.001725
vn 0.087925 -0.996035 0.013559
vn -0.174890 -0.822394 -0.541370
vn 0.018244 -0.999822 -0.004779
vn -0.174890 -0.822394 -0.541370
vn -0.079102 -0.975303 -0.206222
vn -0.201492 -0.707409 -0.677476
vn -0.174890 -0.822394 -0.541370
vn -0.201492 -0.707409 -0.677476
vn -0.190217 -0.668268 -0.719190
vn 0.126374 -0.851046 0.509657
vn 0.127069 -0.613768 0.779194
vn 0.009327 -0.987800 0.155449
vn -0.101916 -0.994719 -0.012139
vn -0.074520 -0.997205 0.005299
vn -0.133020 -0.991021 0.013553
vn 0.087925 -0.996035 0.013559
vn -0.074520 -0.997205 0.005299
vn 0.080644 -0.996721 -0.006611
vn 0.009105 -0.999942 -0.005738
vn 0.082488 -0.995617 -0.044076
vn 0.009349 -0.999912 -0.009407
vn 0.082488 -0.995617 -0.044076
vn 0.009105 -0.999942 -0.005738
vn 0.008128 -0.999965 0.001913
vn 0.087925 -0.996035 0.013559
vn 0.080644 -0.996721 -0.006611
vn 0.094923 -0.995360 0.015740
vn -0.174890 -0.822394 -0.541370
vn 0.087925 -0.996035 0.013559
vn -0.079102 -0.975303 -0.206222
vn -0.000243 -0.999999 0.001091
vn 0.001718 -0.999996 0.002376
vn 0.000384 -0.999999 0.001636
vn 0.000299 -0.999999 -0.001490
vn -0.000243 -0.999999 0.001091
vn -0.001143 -0.999999 0.000304
vn 0.000446 -1.000000 0.000210
vn 0.000384 -0.999999 0.001636
vn 0.000457 -0.999999 0.001432
vn -0.000243 -0.999999 0.001091
vn 0.000384 -0.999999 0.001636
vn -0.001148 -0.999999 -0.000642
vn 0.000530 -1.000000 0.000427
vn -0.000551 -0.999999 -0.001157
vn -0.000187 -0.999999 -0.001309
vn -0.000168 -1.000000 -0.000367
vn -0.000295 -1.000000 -0.000843
vn -0.000187 -0.999999 -0.001309
vn -0.000382 -1.000000 0.000669
vn -0.001305 -0.999999 0.000006
vn -0.000315 -1.000000 0.000876
vn -0.000243 -0.999999 0.001091
vn -0.001305 -0.999999 0.000006
vn -0.001143 -0.999999 0.000304
vn 0.126374 -0.851046 0.509657
vn 0.079114 -0.830319 0.551645
vn 0.234200 -0.533730 0.812578
vn 0.045073 -0.994295 0.096675
vn 0.079114 -0.830319 0.551645
vn 0.186938 -0.841306 0.507207
vn 0.062963 -0.969107 0.238469
vn 0.186938 -0.841306 0.507207
vn 0.280540 -0.578561 0.765875
vn 0.045073 -0.994295 0.096675
vn -0.000395 -1.000000 0.000635
vn -0.000494 -1.000000 0.000445
vn -0.134043 -0.989981 0.044379
vn -0.917761 -0.106049 0.382712
vn -0.338254 -0.933385 0.119903
vn -0.134043 -0.989981 0.044379
vn -0.010134 -0.999946 0.002504
vn -0.008961 -0.999957 -0.002232
vn -0.021284 -0.999002 -0.039260
vn -0.338254 -0.933385 0.119903
vn -0.212020 -0.975783 0.053808
vn -0.007681 -0.999860 -0.014886
vn -0.017707 -0.943502 -0.330893
vn -0.004339 -0.978243 -0.207416
vn -0.007681 -0.999860 -0.014886
vn -0.006878 -0.999976 -0.000504
vn -0.008961 -0.999957 -0.002232
vn -0.000618 -1.000000 0.000468
vn -0.039037 -0.999206 0.007977
vn -0.003267 -0.999995 -0.000570
vn -0.555519 -0.828880 -0.066013
vn -0.903581 0.120539 0.411111
vn -0.973299 0.183881 -0.137394
vn -0.212020 -0.975783 0.053808
vn 0.220155 -0.974317 0.047303
vn 0.098330 -0.967145 -0.234438
vn -0.555519 -0.828880 -0.066013
vn -0.212020 -0.975783 0.053808
vn -0.903581 0.120539 0.411111
vn -0.003220 -0.976810 -0.214084
vn -0.555519 -0.828880 -0.066013
vn -0.441636 -0.834647 -0.329123
vn -0.529148 0.831343 0.169917
vn -0.665187 -0.269012 0.696534
vn -0.382798 0.740471 -0.552421
vn -0.003220 -0.976810 -0.214084
vn -0.441636 -0.834647 -0.329123
vn -0.032563 -0.997054 0.069443
vn -0.210092 -0.945023 0.250585
vn 0.086626 -0.934274 0.345873
vn 0.056734 -0.870289 0.489264
vn -0.382798 0.740471 -0.552421
vn -0.665187 -0.269012 0.696534
vn -0.441636 -0.834647 -0.329123
vn -0.288043 0.900396 0.326065
vn -0.197133 0.959709 0.200243
vn -0.309963 0.894748 0.321478
vn -0.208521 0.947393 0.242828
vn -0.288043 0.900396 0.326065
vn 0.186807 0.954599 -0.232045
vn 0.358089 -0.866346 -0.348163
vn 0.723855 0.561329 -0.401179
vn 0.186807 0.954599 -0.232045
vn 0.318345 0.866994 -0.383377
vn 0.723855 0.561329 -0.401179
vn 0.600277 -0.700276 -0.386369
vn 0.604341 -0.495460 -0.623932
vn 0.186807 0.954599 -0.232045
vn 0.266997 0.949025 -0.167526
vn 0.358089 -0.866346 -0.348163
vn 0.001898 -0.999997 -0.001271
vn 0.000414 -0.999999 -0.001346
vn 0.515387 -0.767856 -0.380491
vn -0.424682 -0.845156 0.324586
vn -0.308858 -0.944824 0.109153
vn 0.091824 -0.966325 0.240383
vn 0.033042 -0.900677 -0.433231
vn -0.137181 -0.893031 0.428576
vn 0.075462 -0.993795 -0.081713
vn 0.000045 -1.000000 -0.000037
vn 0.034007 -0.999030 -0.027964
vn 0.034007 -0.999030 -0.027964
vn 0.000045 -1.000000 -0.000037
vn -0.000180 -1.000000 -0.000301
vn -0.000180 -1.000000 -0.000301
vn 0.066166 -0.997171 -0.035672
vn 0.034007 -0.999030 -0.027964
vn -0.000043 -1.000000 -0.000044
vn -0.000180 -1.000000 -0.000301
vn -0.000473 -1.000000 0.000159
vn 0.010790 -0.997295 -0.072706
vn -0.006084 -0.999813 -0.018360
vn 0.000000 -1.000000 0.000000
vn 0.000000 -1.000000 0.000000
vn -0.000180 -1.000000 -0.000301
vn -0.000043 -1.000000 -0.000044
vn -0.000180 -1.000000 -0.000301
vn 0.000000 -1.000000 0.000000
vn -0.006084 -0.999813 -0.018360
vn 0.000000 -1.000000 0.000000
vn 0.000000 -1.000000 0.000000
vn 0.000000 -1.000000 0.000000
vn -0.000180 -1.000000 -0.000301
vn -0.006084 -0.999813 -0.018360
vn 0.066166 -0.997171 -0.035672
vn -0.000180 -1.000000 -0.000301
vn 0.000045 -1.000000 -0.000037
vn -0.000473 -1.000000 0.000159
vn -0.000043 -1.000000 -0.000044
vn -0.000315 -0.999999 0.001253
vn 0.000000 -1.000000 0.000000
vn 0.000000 -1.000000 0.000000
vn 0.000682 -1.000000 0.000772
vn 0.000000 -1.000000 0.000000
vn 0.000000 -1.000000 0.000000
vn 0.000000 -1.000000 0.000000
vn -0.000043 -1.000000 -0.000044
vn 0.000000 -1.000000 0.000000
vn 0.000000 -1.000000 0.000000
vn 0.033383 -0.994053 -0.103654
vn -0.000043 -1.000000 -0.000044
vn -0.001304 -0.999999 0.000787
vn -0.000315 -0.999999 0.001253
vn 0.000000 -1.000000 0.000000
vn 0.000000 -1.000000 0.000000
vn 0.000000 -1.000000 0.000000
vn 0.092595 -0.888922 -0.448603
vn 0.033383 -0.994053 -0.103654
vn -0.014153 -0.995944 -0.088858
vn 0.068329 -0.839196 -0.539520
vn 0.076468 -0.845169 -0.529001
vn 0.092595 -0.888922 -0.448603
vn 0.000955 -0.999999 -0.001179
vn 0.000576 -1.000000 -0.000095
vn 0.000817 -0.999999 0.000769
vn 0.000000 -1.000000 0.000000
vn 0.000000 -1.000000 0.000000
vn 0.000682 -1.000000 0.000772
vn 0.076491 -0.985332 -0.152547
vn 0.140585 -0.914349 0.379739
vn 0.062258 -0.918204 0.391185
vn 0.006674 -0.877625 0.479301
vn 0.043314 -0.936143 0.348942
vn 0.010825 -0.987060 0.159988
vn 0.092595 -0.888922 -0.448603
vn -0.014153 -0.995944 -0.088858
vn 0.013881 -0.880785 -0.473312
vn -0.026754 -0.977078 -0.211192
vn 0.033383 -0.994053 -0.103654
vn 0.076468 -0.845169 -0.529001
vn 0.000000 -1.000000 0.000000
vn 0.000046 -1.000000 -0.000426
vn 0.000372 -0.999999 -0.001304
vn 0.000017 -1.000000 -0.000014
vn 0.000193 -1.000000 -0.000413
vn 0.000000 -1.000000 -0.000002
vn 0.000746 -1.000000 -0.000132
vn 0.000046 -1.000000 -0.000426
vn 0.000223 -1.000000 -0.000117
vn -0.000405 -1.000000 0.000072
vn 0.000576 -1.000000 -0.000095
vn -0.000235 -1.000000 -0.000695
vn 0.000003 -1.000000 -0.000002
vn 0.000955 -0.999999 -0.001179
vn 0.000000 -1.000000 0.000000
vn 0.000727 -0.999999 -0.000794
vn 0.000811 -1.000000 -0.000294
vn -0.000546 -1.000000 -0.000491
vn 0.000000 -1.000000 0.000000
vn 0.000000 -1.000000 0.000000
vn -0.000022 -1.000000 0.000054
vn 0.000000 -1.000000 0.000000
vn 0.000372 -0.999999 -0.001304
vn -0.000235 -1.000000 -0.000695
vn 0.112593 -0.681807 -0.722816
vn 0.103660 -0.991812 -0.074591
vn 0.024932 -0.848618 -0.528418
vn -0.143484 0.989376 -0.023418
vn -0.087605 0.125383 -0.988233
vn -0.071396 0.169432 -0.982952
vn 0.085137 -0.994827 -0.055410
vn 0.103660 -0.991812 -0.074591
vn 0.214718 -0.975721 0.043193
vn 0.025806 -0.998382 -0.050662
vn 0.014811 -0.845449 -0.533851
vn -0.111042 -0.882843 -0.456353
vn -0.046987 0.784183 -0.618748
vn 0.352824 0.912995 -0.204829
vn 0.307986 0.951390 0.001457
vn 0.134483 0.919122 0.370310
vn 0.016552 0.720860 -0.692883
vn 0.352824 0.912995 -0.204829
vn -0.105405 0.966558 0.233785
vn -0.322019 -0.399684 -0.858229
vn -0.465617 0.051995 -0.883458
vn 0.102711 0.857361 0.504363
vn 0.156275 0.946163 0.283468
vn -0.282486 0.561422 -0.777822
vn 0.031854 -0.999220 -0.023344
vn 0.010782 -0.999927 -0.005432
vn 0.000000 -1.000000 0.000000
vn -0.000029 -0.999985 -0.005505
vn 0.010782 -0.999927 -0.005432
vn 0.000112 -1.000000 -0.000107
vn 0.105324 -0.994419 -0.006192
vn -0.000174 -1.000000 0.000775
vn 0.000245 -1.000000 -0.000170
vn 0.000112 -1.000000 -0.000107
vn 0.012406 -0.995836 -0.090318
vn -0.016139 -0.998960 -0.042637
vn -0.008720 -0.999956 -0.003366
vn 0.000112 -1.000000 -0.000107
vn -0.016139 -0.998960 -0.042637
vn 0.000074 -1.000000 0.000720
vn -0.000405 -1.000000 0.000072
vn 0.000746 -1.000000 -0.000132
vn 0.014863 -0.978145 0.207391
vn 0.204788 -0.956623 0.207206
vn -0.073070 -0.961155 0.266162
vn 0.085137 -0.994827 -0.055410
vn 0.214718 -0.975721 0.043193
vn 0.111949 -0.993612 0.014273
vn -0.000214 -1.000000 -0.000215
vn -0.000706 -0.999999 -0.000806
vn -0.000467 -1.000000 -0.000114
vn 0.000767 -1.000000 -0.000035
vn -0.000501 -1.000000 -0.000093
vn 0.000577 -1.000000 0.000156
vn -0.000913 -0.999999 0.000722
vn -0.001119 -0.999999 0.000159
vn -0.145525 -0.984595 0.096932
vn -0.268996 -0.953616 0.135123
vn -0.501614 -0.830706 0.241476
vn -0.001729 -0.999998 0.000541
vn 0.000767 -1.000000 -0.000035
vn 0.000577 -1.000000 0.000156
vn -0.000374 -1.000000 0.000561
vn -0.000913 -0.999999 0.000722
vn 0.000024 -1.000000 0.000265
vn -0.001119 -0.999999 0.000159
vn 0.000622 -1.000000 0.000106
vn -0.004971 -0.999987 -0.000863
vn -0.001041 -0.999999 -0.000482
vn -0.039037 -0.999206 0.007977
vn -0.641633 -0.666236 0.380049
vn -0.796233 -0.480391 0.367747
vn -0.000022 -1.000000 0.000054
vn 0.000000 -1.000000 0.000000
vn -0.000787 -1.000000 -0.000578
vn 0.000000 -1.000000 0.000000
vn -0.000022 -1.000000 0.000054
vn 0.000062 -1.000000 0.000043
vn -0.000190 -1.000000 -0.000208
vn -0.000787 -1.000000 -0.000578
vn -0.000515 -1.000000 0.000120
vn 0.000000 -1.000000 0.000000
vn 0.000086 -1.000000 -0.000018
vn 0.000000 -1.000000 0.000000
vn 0.000062 -1.000000 0.000043
vn 0.000000 -1.000000 0.000000
vn 0.000000 -1.000000 0.000000
vn 0.000000 -1.000000 0.000000
vn 0.000000 -1.000000 0.000000
vn -0.000015 -1.000000 0.000013
vn -0.000684 -1.000000 -0.000194
vn 0.000727 -0.999999 -0.000794
vn 0.000421 -1.000000 -0.000934
vn -0.000515 -1.000000 0.000120
vn -0.000325 -1.000000 0.000279
vn -0.000280 -1.000000 -0.000121
vn -0.000684 -1.000000 -0.000194
vn -0.000515 -1.000000 0.000120
vn 0.000550 -1.000000 -0.000224
vn -0.000325 -1.000000 0.000279
vn -0.000515 -1.000000 0.000120
vn -0.000679 -1.000000 0.000156
vn -0.000494 -1.000000 0.000445
vn 0.001058 -0.999999 0.000521
vn -0.000662 -0.998564 0.053577
vn -0.000679 -1.000000 0.000156
vn -0.000494 -1.000000 0.000445
vn -0.000696 -1.000000 0.000160
vn -0.162576 -0.986434 0.022738
vn -0.599329 -0.799749 0.034721
vn -0.714700 -0.690876 0.109066
vn 0.000000 -1.000000 0.000000
vn -0.162909 -0.985394 0.049600
vn -0.000211 -1.000000 0.000009
vn -0.005068 -0.999987 0.000686
vn -0.016737 -0.999825 -0.008318
vn 0.000000 -1.000000 0.000000
vn -0.000162 -1.000000 0.000107
vn -0.000820 -0.999999 0.000706
vn -0.007551 -0.999969 0.002281
vn -0.714700 -0.690876 0.109066
vn 0.314795 -0.948583 -0.033091
vn -0.746343 -0.627324 0.222342
vn -0.162576 -0.986434 0.022738
vn -0.714700 -0.690876 0.109066
vn -0.162909 -0.985394 0.049600
vn -0.436033 -0.893120 0.110512
vn 0.416916 -0.897742 0.142269
vn -0.052984 -0.994879 0.086075
vn -0.439887 -0.897084 0.041714
vn -0.094291 -0.995539 0.003415
vn -0.011906 -0.999928 -0.001372
vn 0.000019 -1.000000 -0.000059
vn -0.000432 -0.999999 0.001358
vn -0.000174 -1.000000 0.000775
vn -0.000557 -1.000000 -0.000267
vn -0.000437 -1.000000 0.000370
vn 0.000029 -1.000000 0.000010
vn 0.000000 -1.000000 0.000000
vn 0.000000 -1.000000 0.000000
vn 0.000000 -1.000000 0.000000
vn 0.000029 -1.000000 0.000010
vn -0.000437 -1.000000 0.000370
vn 0.000019 -1.000000 -0.000059
vn 0.000251 -1.000000 -0.000371
vn 0.000528 -1.000000 -0.000721
vn 0.000357 -1.000000 0.000308
vn -0.014448 -0.999334 -0.033498
vn -0.249673 -0.772963 -0.583259
vn -0.010430 -0.987345 -0.158244
vn 0.000000 -1.000000 0.000000
vn 0.000000 -1.000000 0.000000
vn 0.000000 -1.000000 0.000000
vn 0.000019 -1.000000 -0.000059
vn 0.000000 -1.000000 0.000000
vn 0.000000 -1.000000 0.000000
vn 0.000000 -1.000000 0.000000
vn 0.000318 -1.000000 0.000132
vn 0.000000 -1.000000 0.000000
vn 0.000000 -1.000000 0.000000
vn 0.000000 -1.000000 0.000000
vn 0.000000 -1.000000 0.000000
vn 0.768742 0.086234 -0.633719
vn 0.459943 -0.063359 -0.885685
vn -0.027698 0.983212 -0.180355
vn -0.084751 0.943812 0.319432
vn 0.466047 0.618595 -0.632567
vn -0.033892 0.994695 -0.097122
vn -0.218872 0.974107 0.056659
vn 0.028241 0.924770 0.379477
vn -0.148923 0.885217 0.440696
vn -0.010327 0.992768 -0.119602
vn 0.211171 0.767941 -0.604709
vn -0.049256 0.974578 0.218569
vn 0.321757 0.946045 0.038351
vn 0.374593 0.107992 -0.920879
vn 0.205507 0.970183 0.128496
vn 0.211171 0.767941 -0.604709
vn 0.374593 0.107992 -0.920879
vn 0.321757 0.946045 0.038351
vn -0.016716 0.999577 0.023794
vn 0.321757 0.946045 0.038351
vn 0.028241 0.924770 0.379477
vn -0.127464 -0.978143 -0.164282
vn -0.351671 -0.524217 -0.775580
vn -0.193044 -0.792761 -0.578156
vn 0.028241 0.924770 0.379477
vn 0.321757 0.946045 0.038351
vn 0.205507 0.970183 0.128496
vn -0.016716 0.999577 0.023794
vn 0.010797 0.747745 -0.663898
vn 0.211171 0.767941 -0.604709
vn 0.028241 0.924770 0.379477
vn 0.205507 0.970183 0.128496
vn -0.084751 0.943812 0.319432
vn 0.028241 0.924770 0.379477
vn -0.218872 0.974107 0.056659
vn -0.331479 0.876033 -0.350269
vn -0.016716 0.999577 0.023794
vn 0.211171 0.767941 -0.604709
vn 0.321757 0.946045 0.038351
vn 0.036587 0.978789 -0.201578
vn 0.211171 0.767941 -0.604709
vn 0.010797 0.747745 -0.663898
vn -0.033892 0.994695 -0.097122
vn 0.466047 0.618595 -0.632567
vn 0.466341 -0.446427 -0.763694
vn 0.374593 0.107992 -0.920879
vn 0.466047 0.618595 -0.632567
vn 0.205507 0.970183 0.128496
vn -0.444964 0.819131 -0.361982
vn -0.483860 0.647472 -0.588778
vn -0.495039 -0.662773 -0.561843
vn 0.387212 0.920090 -0.059179
vn 0.185352 0.980208 0.069556
vn -0.399797 0.763887 -0.506596
vn -0.131469 0.124338 -0.983492
vn -0.111042 -0.882843 -0.456353
vn 0.014811 -0.845449 -0.533851
vn 0.083811 0.867519 0.490293
vn 0.102711 0.857361 0.504363
vn -0.105405 0.966558 0.233785
vn -0.164766 -0.838440 -0.519491
vn -0.028063 -0.985745 -0.165887
vn -0.043073 -0.997936 -0.047620
vn -0.155891 -0.725446 -0.670393
vn -0.028063 -0.985745 -0.165887
vn -0.351225 -0.513286 -0.783057
vn 0.041815 -0.987086 0.154641
vn -0.022840 -0.994591 -0.101332
vn 0.001485 -0.999995 -0.002952
vn 0.067489 -0.983250 0.169307
vn 0.199619 -0.974169 0.105581
vn 0.027091 -0.998676 0.043741
vn -0.038958 -0.987903 -0.150100
vn -0.040845 -0.994533 -0.096102
vn 0.027091 -0.998676 0.043741
vn 0.199619 -0.974169 0.105581
vn 0.145100 -0.978139 -0.148967
vn 0.105324 -0.994419 -0.006192
vn 0.067489 -0.983250 0.169307
vn 0.027091 -0.998676 0.043741
vn -0.004599 -0.999862 -0.015989
vn 0.091943 -0.995084 0.036797
vn 0.027091 -0.998676 0.043741
vn 0.199619 -0.974169 0.105581
vn 0.000245 -1.000000 -0.000170
vn 0.000791 -0.999999 -0.000863
vn 0.091943 -0.995084 0.036797
vn 0.027091 -0.998676 0.043741
vn 0.091943 -0.995084 0.036797
vn 0.000791 -0.999999 -0.000863
vn 0.000000 -1.000000 0.000000
vn -0.000174 -1.000000 0.000775
vn 0.031854 -0.999220 -0.023344
vn -0.000174 -1.000000 0.000775
vn 0.000000 -1.000000 0.000000
vn 0.000019 -1.000000 -0.000059
vn 0.041815 -0.987086 0.154641
vn 0.001485 -0.999995 -0.002952
vn 0.043314 -0.936143 0.348942
vn 0.006674 -0.877625 0.479301
vn 0.062258 -0.918204 0.391185
vn 0.043314 -0.936143 0.348942
vn 0.067489 -0.983250 0.169307
vn -0.004599 -0.999862 -0.015989
vn 0.041815 -0.987086 0.154641
vn 0.067489 -0.983250 0.169307
vn 0.139136 -0.934086 0.328824
vn 0.181842 -0.973861 0.136120
vn -0.028936 0.997456 -0.065151
vn -0.375901 0.364341 -0.852030
vn -0.218872 0.974107 0.056659
vn -0.216169 -0.613593 -0.759457
vn -0.375901 0.364341 -0.852030
vn -0.103475 0.648835 -0.753861
vn -0.044131 -0.991782 -0.120084
vn -0.216169 -0.613593 -0.759457
vn -0.249673 -0.772963 -0.583259
vn -0.375901 0.364341 -0.852030
vn -0.216169 -0.613593 -0.759457
vn -0.193044 -0.792761 -0.578156
vn 0.222905 0.945732 0.236442
vn -0.032476 0.928629 0.369586
vn 0.287404 0.910492 0.297326
vn -0.218872 0.974107 0.056659
vn -0.032476 0.928629 0.369586
vn -0.028936 0.997456 -0.065151
vn -0.299279 -0.863539 0.405873
vn 0.216189 -0.969820 0.112749
vn -0.139102 -0.860692 0.489755
vn -0.541504 -0.838075 0.066366
vn -0.003024 -0.996269 0.086252
vn -0.299279 -0.863539 0.405873
vn -0.332980 -0.873219 -0.355827
vn -0.035838 -0.914265 -0.403528
vn -0.463824 -0.885791 0.015552
vn 0.287672 -0.597401 -0.748570
vn -0.332980 -0.873219 -0.355827
vn -0.401843 -0.915662 -0.009225
vn 0.081381 -0.894237 0.440133
vn 0.113336 -0.906397 0.406940
vn 0.045709 -0.972425 0.228694
vn 0.081381 -0.894237 0.440133
vn -0.111957 -0.987514 -0.110824
vn 0.461459 -0.872115 -0.162701
vn -0.191895 -0.969185 0.154457
vn -0.139102 -0.860692 0.489755
vn 0.276414 -0.952766 0.125827
vn -0.041478 -0.917242 -0.396165
vn 0.055945 -0.709386 -0.702596
vn -0.191895 -0.969185 0.154457
vn -0.530763 -0.847459 0.010253
vn 0.654781 -0.595901 -0.464934
vn -0.049030 -0.995703 0.078562
vn 0.772936 0.433170 -0.463609
vn 0.654781 -0.595901 -0.464934
vn -0.372027 -0.919793 -0.124808
vn -0.087866 -0.905459 -0.415240
vn 0.772936 0.433170 -0.463609
vn -0.372027 -0.919793 -0.124808
vn 0.639999 0.758973 -0.119836
vn 0.629156 0.649349 -0.427211
vn 0.772936 0.433170 -0.463609
vn -0.118529 -0.952035 -0.282099
vn 0.292999 -0.899842 -0.323166
vn 0.045709 -0.972425 0.228694
vn -0.422284 -0.884608 -0.197852
vn -0.116242 -0.943343 -0.310792
vn -0.118529 -0.952035 -0.282099
vn 0.292999 -0.899842 -0.323166
vn 0.353857 -0.935272 0.007192
vn 0.045709 -0.972425 0.228694
vn 0.081381 -0.894237 0.440133
vn 0.045709 -0.972425 0.228694
vn 0.041541 -0.906195 0.420815
vn -0.118529 -0.952035 -0.282099
vn -0.400050 -0.911917 -0.091473
vn -0.422284 -0.884608 -0.197852
vn 0.045709 -0.972425 0.228694
vn 0.113336 -0.906397 0.406940
vn -0.400050 -0.911917 -0.091473
vn 0.038629 -0.989422 0.139826
vn 0.391297 -0.898807 -0.197565
vn 0.036641 -0.988070 0.149586
vn 0.095868 -0.982156 0.161801
vn 0.199446 -0.912482 0.357209
vn 0.271249 -0.827332 0.491879
vn 0.645699 0.569994 -0.508114
vn -0.044188 0.998909 -0.015099
vn -0.311042 0.950392 0.002852
vn 0.004617 0.999150 -0.040966
vn -0.044188 0.998909 -0.015099
vn 0.790555 0.112387 -0.601991
vn 0.145885 -0.930087 0.337128
vn 0.149933 -0.898585 0.412389
vn 0.012377 -0.999639 0.023859
vn 0.149933 -0.898585 0.412389
vn 0.145885 -0.930087 0.337128
vn 0.250467 -0.672885 0.696055
vn 0.141324 -0.917314 0.372240
vn 0.127069 -0.613768 0.779194
vn 0.234200 -0.533730 0.812578
vn -0.227175 -0.798501 -0.557483
vn 0.127069 -0.613768 0.779194
vn 0.267231 -0.763103 0.588439
vn -0.227175 -0.798501 -0.557483
vn -0.230409 -0.652552 -0.721864
vn -0.347025 -0.391503 -0.852232
vn 0.049881 -0.968254 -0.244940
vn -0.230409 -0.652552 -0.721864
vn -0.148385 -0.405474 -0.901983
vn 0.022972 -0.998041 0.058199
vn -0.014044 -0.999165 0.038376
vn -0.079914 -0.995426 -0.052355
vn -0.434945 -0.355898 -0.827139
vn -0.148385 -0.405474 -0.901983
vn 0.157631 -0.927972 -0.337669
vn -0.000140 -0.999999 -0.001273
vn -0.000604 -1.000000 -0.000595
vn -0.000546 -1.000000 -0.000491
vn 0.012377 -0.999639 0.023859
vn 0.001030 -0.999999 0.000775
vn 0.004763 -0.999974 0.005473
vn 0.012377 -0.999639 0.023859
vn 0.004763 -0.999974 0.005473
vn 0.078914 -0.962632 0.259061
vn 0.001095 -0.999882 0.015338
vn 0.012377 -0.999639 0.023859
vn 0.149933 -0.898585 0.412389
vn 0.004763 -0.999974 0.005473
vn -0.000305 -0.999999 -0.001169
vn 0.002597 -0.999934 0.011210
vn 0.092269 -0.951680 0.292902
vn 0.222355 -0.849138 0.479085
vn 0.261762 -0.660255 0.703949
vn 0.012377 -0.999639 0.023859
vn 0.078914 -0.962632 0.259061
vn 0.145885 -0.930087 0.337128
vn 0.078914 -0.962632 0.259061
vn 0.250467 -0.672885 0.696055
vn 0.145885 -0.930087 0.337128
vn -0.000253 -1.000000 0.000001
vn 0.011398 -0.999892 0.009308
vn 0.001058 -0.999999 0.000521
vn 0.141324 -0.917314 0.372240
vn 0.011398 -0.999892 0.009308
vn 0.001095 -0.999882 0.015338
vn 0.000727 -0.999999 -0.000794
vn 0.000550 -1.000000 -0.000224
vn 0.000811 -1.000000 -0.000294
vn -0.000253 -1.000000 0.000001
vn 0.000727 -0.999999 -0.000794
vn -0.000546 -1.000000 -0.000491
vn 0.004617 0.999150 -0.040966
vn -0.309963 0.894748 0.321478
vn -0.254807 0.952040 0.169393
vn -0.288043 0.900396 0.326065
vn -0.309963 0.894748 0.321478
vn 0.266997 0.949025 -0.167526
vn -0.174890 -0.822394 -0.541370
vn -0.093683 -0.640207 -0.762469
vn -0.347025 -0.391503 -0.852232
vn 0.126374 -0.851046 0.509657
vn -0.093683 -0.640207 -0.762469
vn -0.190217 -0.668268 -0.719190
vn 0.001884 -0.999998 0.000452
vn 0.000000 -1.000000 0.000000
vn -0.031411 -0.991960 -0.122589
vn 0.078308 -0.984989 -0.153835
vn 0.188196 -0.685847 0.702991
vn 0.200819 -0.851383 0.484581
vn 0.228149 -0.603209 0.764256
vn -0.183419 -0.838525 -0.513063
vn 0.200819 -0.851383 0.484581
vn 0.126374 -0.851046 0.509657
vn 0.228149 -0.603209 0.764256
vn 0.079114 -0.830319 0.551645
vn 0.045631 -0.997912 -0.045719
vn 0.029604 -0.996027 -0.083982
vn 0.019862 -0.998995 -0.040193
vn 0.009349 -0.999912 -0.009407
vn 0.082488 -0.995617 -0.044076
vn 0.045631 -0.997912 -0.045719
vn 0.000388 -1.000000 0.000614
vn -0.001150 -0.999999 0.000412
vn -0.000482 -1.000000 0.000721
vn 0.000365 -1.000000 -0.000703
vn -0.000294 -1.000000 -0.000624
vn 0.000000 -1.000000 0.000000
vn 0.094923 -0.995360 0.015740
vn 0.001884 -0.999998 0.000452
vn 0.000964 -0.999989 -0.004648
vn 0.080644 -0.996721 -0.006611
vn 0.082488 -0.995617 -0.044076
vn 0.094923 -0.995360 0.015740
vn 0.000964 -0.999989 -0.004648
vn 0.001884 -0.999998 0.000452
vn -0.031411 -0.991960 -0.122589
vn -0.079102 -0.975303 -0.206222
vn 0.087925 -0.996035 0.013559
vn 0.000964 -0.999989 -0.004648
vn 0.000299 -0.999999 -0.001490
vn -0.001143 -0.999999 0.000304
vn 0.000375 -0.999999 -0.001541
vn 0.001092 -0.999999 0.000596
vn 0.000299 -0.999999 -0.001490
vn 0.000917 -0.999996 -0.002667
vn 0.000784 -1.000000 -0.000334
vn 0.001092 -0.999999 0.000596
vn 0.000917 -0.999996 -0.002667
vn 0.001829 -0.999994 0.002823
vn -0.000243 -0.999999 0.001091
vn 0.001092 -0.999999 0.000596
vn -0.000187 -0.999999 -0.001309
vn -0.000551 -0.999999 -0.001157
vn -0.000168 -1.000000 -0.000367
vn 0.000446 -1.000000 0.000210
vn 0.000530 -1.000000 0.000427
vn -0.000187 -0.999999 -0.001309
vn -0.000551 -0.999999 -0.001157
vn 0.000077 -1.000000 -0.000025
vn -0.000168 -1.000000 -0.000367
vn -0.000186 -1.000000 -0.000806
vn -0.000382 -1.000000 0.000669
vn -0.001150 -0.999999 0.000412
vn -0.000187 -0.999999 -0.001309
vn -0.000295 -1.000000 -0.000843
vn 0.000446 -1.000000 0.000210
vn -0.000168 -1.000000 -0.000367
vn -0.000315 -1.000000 0.000876
vn -0.000295 -1.000000 -0.000843
vn 0.079114 -0.830319 0.551645
vn -0.000662 -0.998564 0.053577
vn -0.007550 -0.994151 0.107736
vn -0.000494 -1.000000 0.000445
vn -0.000662 -0.998564 0.053577
vn 0.045073 -0.994295 0.096675
vn 0.062963 -0.969107 0.238469
vn 0.188196 -0.685847 0.702991
vn 0.081308 -0.965976 0.245519
vn -0.000494 -1.000000 0.000445
vn -0.000395 -1.000000 0.000635
vn -0.000696 -1.000000 0.000160
vn -0.212020 -0.975783 0.053808
vn -0.338254 -0.933385 0.119903
vn -0.927074 0.094854 0.362680
vn -0.134043 -0.989981 0.044379
vn -0.338254 -0.933385 0.119903
vn -0.021284 -0.999002 -0.039260
vn 0.098330 -0.967145 -0.234438
vn -0.017707 -0.943502 -0.330893
vn -0.043046 -0.996977 -0.064684
vn 0.220155 -0.974317 0.047303
vn -0.003220 -0.976810 -0.214084
vn 0.262470 -0.964857 -0.012656
vn -0.134043 -0.989981 0.044379
vn -0.122169 -0.990624 0.061153
vn -0.818129 -0.316351 0.480194
vn -0.039037 -0.999206 0.007977
vn -0.122169 -0.990624 0.061153
vn -0.027608 -0.999547 0.012020
vn -0.006878 -0.999976 -0.000504
vn -0.007681 -0.999860 -0.014886
vn -0.003061 -0.999989 -0.003654
vn -0.003267 -0.999995 -0.000570
vn -0.006878 -0.999976 -0.000504
vn -0.000509 -1.000000 0.000532
vn -0.039037 -0.999206 0.007977
vn -0.027608 -0.999547 0.012020
vn -0.003267 -0.999995 -0.000570
vn -0.039037 -0.999206 0.007977
vn -0.000618 -1.000000 0.000468
vn -0.004971 -0.999987 -0.000863
vn -0.006988 -0.953716 -0.300628
vn -0.032563 -0.997054 0.069443
vn 0.077026 -0.985615 0.150431
vn -0.006988 -0.953716 -0.300628
vn 0.129132 -0.984339 0.120007
vn 0.262470 -0.964857 -0.012656
vn 0.121142 -0.959841 -0.253041
vn 0.305924 -0.949483 -0.069953
vn 0.126937 -0.803339 0.581836
vn 0.220155 -0.974317 0.047303
vn 0.262470 -0.964857 -0.012656
vn 0.154706 -0.976484 -0.150148
vn -0.116765 -0.841108 -0.528113
vn -0.137314 -0.685854 -0.714667
vn -0.070916 -0.966772 -0.245608
vn 0.029825 -0.915011 -0.402326
vn -0.017707 -0.943502 -0.330893
vn 0.154706 -0.976484 -0.150148
vn 0.305924 -0.949483 -0.069953
vn 0.154706 -0.976484 -0.150148
vn 0.262470 -0.964857 -0.012656
vn 0.121142 -0.959841 -0.253041
vn -0.048923 -0.865849 -0.497907
vn 0.029825 -0.915011 -0.402326
vn 0.129132 -0.984339 0.120007
vn -0.034337 -0.832515 0.552938
vn 0.126937 -0.803339 0.581836
vn 0.305924 -0.949483 -0.069953
vn 0.121142 -0.959841 -0.253041
vn 0.029825 -0.915011 -0.402326
vn -0.441636 -0.834647 -0.329123
vn -0.555519 -0.828880 -0.066013
vn -0.973299 0.183881 -0.137394
vn -0.212020 -0.975783 0.053808
vn -0.555519 -0.828880 -0.066013
vn -0.003220 -0.976810 -0.214084
vn 0.723855 0.561329 -0.401179
vn 0.406652 -0.873116 -0.268891
vn 0.600277 -0.700276 -0.386369
vn 0.000414 -0.999999 -0.001346
vn -0.000694 -0.999999 -0.001252
vn 0.075462 -0.993795 -0.081713
vn 0.692722 -0.278704 -0.665177
vn 0.383430 -0.850762 -0.359424
vn 0.266997 0.949025 -0.167526
vn 0.035273 -0.997167 -0.066432
vn 0.077269 -0.996214 -0.039848
vn 0.383430 -0.850762 -0.359424
vn 0.002700 -0.999996 -0.000927
vn 0.008643 -0.999960 0.002323
vn 0.077269 -0.996214 -0.039848
vn 0.358089 -0.866346 -0.348163
vn 0.604341 -0.495460 -0.623932
vn 0.077269 -0.996214 -0.039848
vn 0.001898 -0.999997 -0.001271
vn 0.000084 -0.999998 -0.001892
vn 0.000414 -0.999999 -0.001346
vn 0.000000 -1.000000 0.000000
vn 0.000000 -1.000000 0.000000
vn 0.000000 -1.000000 0.000000
vn 0.302436 -0.726351 -0.617208
vn 0.201305 -0.504145 -0.839830
vn 0.630894 0.262772 -0.730017
vn 0.103498 -0.844374 -0.525663
vn -0.001069 -0.948362 -0.317189
vn -0.006084 -0.999813 -0.018360
vn 0.630894 0.262772 -0.730017
vn 0.201305 -0.504145 -0.839830
vn 0.515387 -0.767856 -0.380491
vn 0.515387 -0.767856 -0.380491
vn 0.201305 -0.504145 -0.839830
vn 0.110560 -0.992623 -0.049753
vn 0.064922 -0.993928 0.088837
vn 0.006674 -0.877625 0.479301
vn -0.069066 -0.838006 0.541272
vn 0.188507 -0.980765 0.050640
vn 0.111949 -0.993612 0.014273
vn 0.214718 -0.975721 0.043193
vn -0.073070 -0.961155 0.266162
vn 0.188507 -0.980765 0.050640
vn 0.214718 -0.975721 0.043193
vn -0.038943 -0.922089 0.385013
vn 0.188507 -0.980765 0.050640
vn -0.069066 -0.838006 0.541272
vn 0.091824 -0.966325 0.240383
vn 0.204788 -0.956623 0.207206
vn 0.014863 -0.978145 0.207391
vn -0.069066 -0.838006 0.541272
vn 0.188507 -0.980765 0.050640
vn 0.204788 -0.956623 0.207206
vn 0.000084 -0.999998 -0.001892
vn -0.001663 -0.999999 -0.000378
vn -0.000694 -0.999999 -0.001252
vn -0.001312 -0.999998 0.001701
vn 0.000084 -0.999998 -0.001892
vn 0.008643 -0.999960 0.002323
vn 0.000318 -1.000000 0.000132
vn -0.000029 -0.999985 -0.005505
vn 0.000746 -1.000000 -0.000132
vn 0.000746 -1.000000 -0.000132
vn -0.000029 -0.999985 -0.005505
vn 0.000074 -1.000000 0.000720
vn 0.000000 -1.000000 0.000000
vn 0.000000 -1.000000 0.000000
vn 0.000000 -1.000000 0.000000
vn -0.000546 -1.000000 -0.000491
vn 0.000017 -1.000000 -0.000014
vn 0.000003 -1.000000 0.000000
vn 0.000193 -1.000000 -0.000413
vn 0.000811 -1.000000 -0.000294
vn 0.000204 -1.000000 -0.000489
vn 0.000811 -1.000000 -0.000294
vn 0.000017 -1.000000 -0.000014
vn -0.000546 -1.000000 -0.000491
vn 0.214718 -0.975721 0.043193
vn 0.103660 -0.991812 -0.074591
vn -0.016441 -0.994797 0.100542
vn 0.085137 -0.994827 -0.055410
vn -0.111042 -0.882843 -0.456353
vn 0.024932 -0.848618 -0.528418
vn -0.046987 0.784183 -0.618748
vn 0.059124 0.927635 0.368779
vn 0.352824 0.912995 -0.204829
vn 0.352824 0.912995 -0.204829
vn 0.059124 0.927635 0.368779
vn 0.134483 0.919122 0.370310
vn 0.059124 0.927635 0.368779
vn 0.052316 0.937332 0.344488
vn 0.134483 0.919122 0.370310
vn -0.050884 0.903575 -0.425397
vn 0.052316 0.937332 0.344488
vn 0.021141 -0.027160 -0.999408
vn 0.164315 0.775159 -0.610023
vn -0.163489 -0.048642 -0.985345
vn 0.286742 0.908359 0.304407
vn -0.441237 -0.551411 -0.707994
vn -0.163489 -0.048642 -0.985345
vn -0.322019 -0.399684 -0.858229
vn 0.016552 0.720860 -0.692883
vn 0.195583 0.817219 0.542126
vn -0.465617 0.051995 -0.883458
vn 0.156275 0.946163 0.283468
vn 0.102711 0.857361 0.504363
vn 0.196283 0.901094 0.386656
vn 0.031854 -0.999220 -0.023344
vn 0.145100 -0.978139 -0.148967
vn 0.012406 -0.995836 -0.090318
vn 0.145100 -0.978139 -0.148967
vn 0.048811 -0.956927 -0.286198
vn -0.004034 -0.964239 -0.265004
vn 0.105324 -0.994419 -0.006192
vn 0.145100 -0.978139 -0.148967
vn 0.031854 -0.999220 -0.023344
vn -0.016139 -0.998960 -0.042637
vn -0.004034 -0.964239 -0.265004
vn -0.038705 -0.971945 -0.232004
vn -0.008720 -0.999956 -0.003366
vn -0.016139 -0.998960 -0.042637
vn -0.000148 -0.999999 -0.001100
vn 0.000074 -1.000000 0.000720
vn -0.000913 -0.999999 0.000999
vn -0.000405 -1.000000 0.000072
vn 0.000000 -1.000000 0.000000
vn -0.008720 -0.999956 -0.003366
vn -0.000148 -0.999999 -0.001100
vn -0.000148 -0.999999 -0.001100
vn -0.000285 -1.000000 -0.000586
vn 0.000000 -1.000000 0.000000
vn -0.000029 -0.999985 -0.005505
vn -0.008720 -0.999956 -0.003366
vn 0.000074 -1.000000 0.000720
vn 0.000000 -1.000000 0.000000
vn 0.000074 -1.000000 0.000720
vn -0.008720 -0.999956 -0.003366
vn -0.000548 -1.000000 0.000670
vn 0.000530 -1.000000 0.000427
vn 0.001063 -0.999997 0.002009
vn -0.000387 -1.000000 -0.000330
vn -0.000501 -1.000000 -0.000093
vn 0.000767 -1.000000 -0.000035
vn -0.000548 -1.000000 0.000670
vn -0.000214 -1.000000 -0.000215
vn -0.000467 -1.000000 -0.000114
vn -0.001444 -0.999999 -0.000547
vn -0.000548 -1.000000 0.000670
vn -0.000501 -1.000000 -0.000093
vn -0.001119 -0.999999 0.000159
vn -0.000467 -1.000000 -0.000114
vn -0.000706 -0.999999 -0.000806
vn -0.000548 -1.000000 0.000670
vn -0.000467 -1.000000 -0.000114
vn 0.000024 -1.000000 0.000265
vn -0.001729 -0.999998 0.000541
vn -0.000913 -0.999999 0.000722
vn -0.268996 -0.953616 0.135123
vn 0.000577 -1.000000 0.000156
vn -0.000913 -0.999999 0.000722
vn -0.000374 -1.000000 0.000561
vn 0.000622 -1.000000 0.000106
vn -0.001729 -0.999998 0.000541
vn -0.501614 -0.830706 0.241476
vn -0.000913 -0.999999 0.000722
vn -0.001729 -0.999998 0.000541
vn -0.000374 -1.000000 0.000561
vn -0.000820 -1.000000 0.000133
vn -0.001470 -0.999999 -0.000982
vn 0.000815 -1.000000 -0.000385
vn -0.001729 -0.999998 0.000541
vn -0.000820 -1.000000 0.000133
vn -0.000374 -1.000000 0.000561
vn -0.000913 -0.999999 0.000722
vn 0.000577 -1.000000 0.000156
vn 0.000024 -1.000000 0.000265
vn -0.000374 -1.000000 0.000561
vn -0.000820 -1.000000 0.000133
vn 0.000767 -1.000000 -0.000035
vn 0.000311 -1.000000 -0.000349
vn 0.000285 -1.000000 -0.000177
vn 0.000815 -1.000000 -0.000385
vn -0.000387 -1.000000 -0.000330
vn -0.001444 -0.999999 -0.000547
vn -0.000501 -1.000000 -0.000093
vn -0.004971 -0.999987 -0.000863
vn 0.000622 -1.000000 0.000106
vn -0.604863 -0.714653 0.351301
vn 0.000087 -1.000000 0.000474
vn -0.001041 -0.999999 -0.000482
vn 0.000482 -0.999999 0.001706
vn -0.039037 -0.999206 0.007977
vn -0.004971 -0.999987 -0.000863
vn -0.641633 -0.666236 0.380049
vn -0.001041 -0.999999 -0.000482
vn -0.004971 -0.999987 -0.000863
vn 0.000482 -0.999999 0.001706
vn -0.000515 -1.000000 0.000120
vn -0.000787 -1.000000 -0.000578
vn 0.000204 -1.000000 -0.000489
vn -0.000022 -1.000000 0.000054
vn -0.000787 -1.000000 -0.000578
vn -0.000190 -1.000000 -0.000208
vn -0.000190 -1.000000 -0.000208
vn -0.000280 -1.000000 -0.000121
vn 0.000086 -1.000000 -0.000018
vn -0.000325 -1.000000 0.000279
vn -0.000679 -1.000000 0.000156
vn 0.000000 -1.000000 0.000000
vn -0.000022 -1.000000 0.000054
vn 0.000223 -1.000000 -0.000117
vn 0.000046 -1.000000 -0.000426
vn 0.000000 -1.000000 0.000000
vn 0.000223 -1.000000 -0.000117
vn 0.000000 -1.000000 0.000000
vn 0.000862 -1.000000 -0.000114
vn 0.000956 -0.999999 -0.000851
vn -0.000174 -1.000000 -0.000010
vn 0.000000 -1.000000 0.000000
vn -0.000174 -1.000000 -0.000010
vn -0.000120 -1.000000 0.000084
vn 0.016841 -0.999486 0.027291
vn -0.000070 -1.000000 0.000135
vn 0.000000 -1.000000 0.000000
vn 0.000000 -1.000000 0.000000
vn 0.000000 -1.000000 0.000000
vn 0.000000 -1.000000 0.000000
vn -0.040317 -0.996343 0.075339
vn 0.000060 -1.000000 0.000050
vn -0.000972 -0.999997 0.002384
vn -0.000325 -1.000000 0.000279
vn 0.000000 -1.000000 0.000000
vn 0.000001 -1.000000 -0.000001
vn 0.000000 -1.000000 0.000000
vn 0.000000 -1.000000 0.000000
vn 0.000566 -1.000000 0.000751
vn 0.000086 -1.000000 -0.000018
vn 0.000002 -1.000000 0.000000
vn 0.000000 -1.000000 0.000000
vn 0.000000 -1.000000 0.000000
vn 0.000001 -1.000000 -0.000001
vn 0.000000 -1.000000 0.000000
vn 0.000001 -1.000000 -0.000001
vn 0.000000 -1.000000 0.000000
vn 0.000000 -1.000000 0.000000
vn 0.000050 -1.000000 0.000006
vn 0.000009 -1.000000 0.000059
vn -0.000206 -1.000000 -0.000041
vn 0.000001 -1.000000 -0.000001
vn 0.000000 -1.000000 0.000000
vn 0.000000 -1.000000 0.000000
vn -0.000494 -1.000000 0.000445
vn -0.000684 -1.000000 -0.000194
vn 0.000421 -1.000000 -0.000934
vn -0.000515 -1.000000 0.000120
vn -0.000684 -1.000000 -0.000194
vn -0.000679 -1.000000 0.000156
vn -0.277538 -0.960690 0.006952
vn -0.241633 -0.970331 0.008425
vn -0.016737 -0.999825 -0.008318
vn -0.599329 -0.799749 0.034721
vn -0.241633 -0.970331 0.008425
vn 0.187208 -0.979884 0.069144
vn -0.714700 -0.690876 0.109066
vn -0.599329 -0.799749 0.034721
vn 0.429098 -0.876064 -0.219969
vn -0.241633 -0.970331 0.008425
vn -0.599329 -0.799749 0.034721
vn -0.162576 -0.986434 0.022738
vn -0.000331 -0.999999 -0.001094
vn 0.000141 -1.000000 0.000797
vn 0.000218 -1.000000 0.000074
vn -0.016737 -0.999825 -0.008318
vn -0.007551 -0.999969 0.002281
vn 0.000000 -1.000000 0.000000
vn -0.000402 -1.000000 0.000251
vn 0.000000 -1.000000 0.000000
vn 0.000000 -1.000000 0.000000
vn -0.000402 -1.000000 0.000251
vn -0.001371 -0.999999 -0.000586
vn -0.000162 -1.000000 0.000107
vn -0.241633 -0.970331 0.008425
vn -0.007551 -0.999969 0.002281
vn -0.016737 -0.999825 -0.008318
vn 0.000000 -1.000000 0.000000
vn -0.162576 -0.986434 0.022738
vn 0.000000 -1.000000 0.000000
vn -0.000162 -1.000000 0.000107
vn -0.007551 -0.999969 0.002281
vn 0.000000 -1.000000 0.000000
vn -0.162576 -0.986434 0.022738
vn 0.000000 -1.000000 0.000000
vn -0.007551 -0.999969 0.002281
vn -0.094291 -0.995539 0.003415
vn -0.339595 -0.924163 0.174922
vn -0.060726 -0.996614 0.055438
vn -0.094291 -0.995539 0.003415
vn -0.002093 -0.999991 -0.003566
vn -0.011906 -0.999928 -0.001372
vn -0.268396 -0.655455 -0.705934
vn -0.057162 -0.995750 -0.072213
vn -0.418423 -0.741523 -0.524468
vn -0.002093 -0.999991 -0.003566
vn -0.000211 -1.000000 0.000009
vn -0.011906 -0.999928 -0.001372
vn -0.094291 -0.995539 0.003415
vn -0.439887 -0.897084 0.041714
vn -0.436033 -0.893120 0.110512
vn -0.094291 -0.995539 0.003415
vn 0.001587 -0.999999 -0.000433
vn -0.002093 -0.999991 -0.003566
vn -0.439887 -0.897084 0.041714
vn -0.746343 -0.627324 0.222342
vn -0.436033 -0.893120 0.110512
vn -0.301938 -0.949418 0.086248
vn -0.101621 -0.994249 -0.033809
vn -0.199216 -0.973099 -0.115719
vn -0.006284 -0.999979 0.001714
vn 0.001587 -0.999999 -0.000433
vn -0.000825 -0.999990 0.004425
vn 0.001587 -0.999999 -0.000433
vn -0.006284 -0.999979 0.001714
vn -0.002093 -0.999991 -0.003566
vn -0.436033 -0.893120 0.110512
vn -0.746343 -0.627324 0.222342
vn 0.416916 -0.897742 0.142269
vn -0.714700 -0.690876 0.109066
vn -0.746343 -0.627324 0.222342
vn -0.439887 -0.897084 0.041714
vn 0.000000 -1.000000 0.000000
vn 0.000000 -1.000000 0.000000
vn 0.000000 -1.000000 0.000000
vn 0.000019 -1.000000 -0.000059
vn 0.000000 -1.000000 0.000000
vn 0.000000 -1.000000 0.000000
vn 0.000000 -1.000000 0.000000
vn 0.000000 -1.000000 0.000000
vn 0.000000 -1.000000 0.000000
vn 0.000000 -1.000000 0.000000
vn 0.000000 -1.000000 0.000000
vn 0.000357 -1.000000 0.000308
vn -0.268396 -0.655455 -0.705934
vn -0.574130 0.201583 -0.793561
vn -0.102707 -0.972291 -0.210005
vn -0.044131 -0.991782 -0.120084
vn -0.193044 -0.792761 -0.578156
vn -0.216169 -0.613593 -0.759457
vn 0.000528 -1.000000 -0.000721
vn -0.044131 -0.991782 -0.120084
vn -0.000557 -1.000000 -0.000267
vn -0.127464 -0.978143 -0.164282
vn 0.000251 -1.000000 -0.000371
vn -0.015585 -0.991155 -0.131793
vn -0.014448 -0.999334 -0.033498
vn -0.000372 -0.998564 -0.053581
vn -0.001061 -0.999999 -0.000367
vn -0.044131 -0.991782 -0.120084
vn -0.014448 -0.999334 -0.033498
vn -0.000557 -1.000000 -0.000267
vn 0.000000 -1.000000 0.000000
vn 0.000000 -1.000000 0.000000
vn 0.000000 -1.000000 0.000000
vn 0.000000 -1.000000 0.000000
vn 0.000000 -1.000000 0.000000
vn 0.000000 -1.000000 0.000000
vn 0.000000 -1.000000 0.000000
vn 0.000000 -1.000000 0.000000
vn 0.000000 -1.000000 0.000000
vn 0.000000 -1.000000 0.000000
vn 0.000000 -1.000000 0.000000
vn 0.000000 -1.000000 0.000000
vn 0.000000 -1.000000 0.000000
vn 0.000000 -1.000000 0.000000
vn 0.000000 -1.000000 0.000000
vn -0.000120 -1.000000 0.000084
vn 0.000000 -1.000000 0.000000
vn 0.000000 -1.000000 0.000000
vn -0.000331 -0.999999 -0.001094
vn 0.000651 -1.000000 -0.000479
vn 0.000000 -1.000000 0.000000
vn 0.000000 -1.000000 0.000000
vn 0.000000 -1.000000 0.000000
vn 0.000000 -1.000000 0.000000
vn -0.000015 -1.000000 0.000013
vn 0.000000 -1.000000 0.000000
vn 0.000000 -1.000000 0.000000
vn 0.000000 -1.000000 0.000000
vn 0.000002 -1.000000 0.000028
vn 0.000000 -1.000000 0.000000
vn 0.000251 -1.000000 -0.000371
vn -0.000180 -1.000000 0.000371
vn -0.000656 -1.000000 0.000221
vn 0.010797 0.747745 -0.663898
vn -0.016716 0.999577 0.023794
vn -0.574130 0.201583 -0.793561
vn -0.218872 0.974107 0.056659
vn -0.375901 0.364341 -0.852030
vn -0.351671 -0.524217 -0.775580
vn -0.331479 0.876033 -0.350269
vn -0.296528 -0.719090 -0.628474
vn -0.574130 0.201583 -0.793561
vn -0.296528 -0.719090 -0.628474
vn -0.331479 0.876033 -0.350269
vn -0.351671 -0.524217 -0.775580
vn -0.218872 0.974107 0.056659
vn -0.351671 -0.524217 -0.775580
vn -0.331479 0.876033 -0.350269
vn 0.010797 0.747745 -0.663898
vn -0.574130 0.201583 -0.793561
vn -0.268396 -0.655455 -0.705934
vn 0.036587 0.978789 -0.201578
vn 0.010797 0.747745 -0.663898
vn -0.232009 0.418003 -0.878320
vn -0.102707 -0.972291 -0.210005
vn -0.015585 -0.991155 -0.131793
vn 0.000000 -1.000000 0.000000
vn -0.418423 -0.741523 -0.524468
vn -0.495039 -0.662773 -0.561843
vn -0.483860 0.647472 -0.588778
vn 0.036587 0.978789 -0.201578
vn -0.232009 0.418003 -0.878320
vn -0.483860 0.647472 -0.588778
vn -0.049256 0.974578 0.218569
vn 0.211171 0.767941 -0.604709
vn 0.036587 0.978789 -0.201578
vn 0.036587 0.978789 -0.201578
vn 0.024149 0.885345 0.464308
vn -0.049256 0.974578 0.218569
vn 0.185352 0.980208 0.069556
vn 0.024149 0.885345 0.464308
vn -0.116483 0.973934 0.194637
vn -0.418423 -0.741523 -0.524468
vn -0.232009 0.418003 -0.878320
vn -0.268396 -0.655455 -0.705934
vn -0.444295 -0.855255 -0.266721
vn -0.199216 -0.973099 -0.115719
vn -0.101621 -0.994249 -0.033809
vn 0.387212 0.920090 -0.059179
vn 0.511579 0.849058 -0.131863
vn 0.330259 0.940480 0.080161
vn -0.116483 0.973934 0.194637
vn -0.483860 0.647472 -0.588778
vn -0.444964 0.819131 -0.361982
vn -0.131469 0.124338 -0.983492
vn -0.071396 0.169432 -0.982952
vn -0.111042 -0.882843 -0.456353
vn 0.052316 0.937332 0.344488
vn -0.131469 0.124338 -0.983492
vn 0.021141 -0.027160 -0.999408
vn 0.025806 -0.998382 -0.050662
vn 0.085137 -0.994827 -0.055410
vn 0.111949 -0.993612 0.014273
vn 0.014811 -0.845449 -0.533851
vn 0.025806 -0.998382 -0.050662
vn 0.004090 -0.998900 -0.046708
vn -0.108838 -0.902957 -0.415719
vn -0.040845 -0.994533 -0.096102
vn -0.126323 -0.772709 -0.622064
vn 0.027091 -0.998676 0.043741
vn -0.040845 -0.994533 -0.096102
vn -0.004599 -0.999862 -0.015989
vn -0.256896 0.240219 -0.936109
vn -0.108838 -0.902957 -0.415719
vn -0.126323 -0.772709 -0.622064
vn -0.108838 -0.902957 -0.415719
vn -0.207509 -0.799949 -0.563047
vn -0.022840 -0.994591 -0.101332
vn 0.000245 -1.000000 -0.000170
vn -0.000174 -1.000000 0.000775
vn -0.000432 -0.999999 0.001358
vn 0.031854 -0.999220 -0.023344
vn -0.000174 -1.000000 0.000775
vn 0.105324 -0.994419 -0.006192
vn -0.541504 -0.838075 0.066366
vn -0.423246 -0.887731 0.181099
vn -0.094542 -0.991728 -0.086815
vn 0.835475 -0.310687 -0.453272
vn 0.036641 -0.988070 0.149586
vn 0.391297 -0.898807 -0.197565
vn -0.502671 -0.862788 -0.054022
vn -0.299279 -0.863539 0.405873
vn -0.422536 -0.898752 0.117085
vn 0.036641 -0.988070 0.149586
vn -0.423246 -0.887731 0.181099
vn 0.111348 -0.920332 0.374954
vn -0.423246 -0.887731 0.181099
vn 0.036641 -0.988070 0.149586
vn -0.094542 -0.991728 -0.086815
vn 0.038629 -0.989422 0.139826
vn 0.111348 -0.920332 0.374954
vn 0.059875 -0.993877 0.092865
vn -0.299279 -0.863539 0.405873
vn -0.003024 -0.996269 0.086252
vn 0.216189 -0.969820 0.112749
vn -0.094542 -0.991728 -0.086815
vn -0.003024 -0.996269 0.086252
vn -0.541504 -0.838075 0.066366
vn 0.151817 -0.978441 0.140016
vn 0.287672 -0.597401 -0.748570
vn -0.401843 -0.915662 -0.009225
vn 0.287672 -0.597401 -0.748570
vn 0.328451 -0.528379 -0.782902
vn -0.024196 -0.989851 -0.140036
vn -0.139102 -0.860692 0.489755
vn -0.191895 -0.969185 0.154457
vn -0.312126 -0.782421 0.538883
vn 0.776709 -0.578801 -0.248419
vn 0.276414 -0.952766 0.125827
vn 0.216189 -0.969820 0.112749
vn 0.397360 -0.877897 -0.267211
vn 0.275587 -0.914868 -0.295073
vn 0.123326 -0.987551 -0.097638
vn 0.353857 -0.935272 0.007192
vn 0.183851 -0.970292 0.157267
vn 0.041541 -0.906195 0.420815
vn 0.000659 -1.000000 0.000061
vn -0.001184 -0.999999 0.001145
vn 0.007419 -0.999962 -0.004564
vn 0.344682 -0.918246 -0.194984
vn 0.183851 -0.970292 0.157267
vn 0.353857 -0.935272 0.007192
vn 0.275587 -0.914868 -0.295073
vn 0.397360 -0.877897 -0.267211
vn 0.292999 -0.899842 -0.323166
vn 0.397360 -0.877897 -0.267211
vn 0.143398 -0.986551 -0.078444
vn 0.344682 -0.918246 -0.194984
vn 0.143398 -0.986551 -0.078444
vn 0.051638 -0.998332 -0.025828
vn 0.344682 -0.918246 -0.194984
vn 0.344682 -0.918246 -0.194984
vn 0.051638 -0.998332 -0.025828
vn 0.047207 -0.992715 -0.110853
vn 0.051638 -0.998332 -0.025828
vn 0.143398 -0.986551 -0.078444
vn 0.007419 -0.999962 -0.004564
vn -0.083279 -0.992484 -0.089671
vn -0.110011 -0.984506 -0.136552
vn 0.047207 -0.992715 -0.110853
vn 0.007419 -0.999962 -0.004564
vn 0.143398 -0.986551 -0.078444
vn 0.123326 -0.987551 -0.097638
vn -0.001450 -0.999998 -0.001725
vn 0.007419 -0.999962 -0.004564
vn -0.001184 -0.999999 0.001145
vn 0.047207 -0.992715 -0.110853
vn -0.200803 -0.948580 -0.244691
vn -0.035082 -0.990251 -0.134808
vn -0.371723 -0.473772 -0.798350
vn -0.173486 -0.322930 -0.930386
vn -0.338185 -0.052125 -0.939635
vn 0.391297 -0.898807 -0.197565
vn 0.243836 -0.959351 -0.142093
vn 0.790555 0.112387 -0.601991
vn 0.021823 -0.999734 0.007426
vn 0.000500 -0.999996 -0.002715
vn 0.035273 -0.997167 -0.066432
vn 0.077269 -0.996214 -0.039848
vn 0.035273 -0.997167 -0.066432
vn 0.002700 -0.999996 -0.000927
vn 0.692722 -0.278704 -0.665177
vn 0.243836 -0.959351 -0.142093
vn 0.035273 -0.997167 -0.066432
vn 0.149933 -0.898585 0.412389
vn 0.279332 -0.716931 0.638736
vn 0.267231 -0.763103 0.588439
vn 0.250467 -0.672885 0.696055
vn 0.204502 -0.678364 0.705692
vn 0.186209 -0.875698 0.445510
vn -0.062832 -0.998022 0.002023
vn -0.357931 -0.442961 -0.821992
vn -0.434945 -0.355898 -0.827139
vn 0.157631 -0.927972 -0.337669
vn 0.279332 -0.716931 0.638736
vn 0.186209 -0.875698 0.445510
vn -0.173486 -0.322930 -0.930386
vn -0.302826 -0.595932 -0.743749
vn -0.357931 -0.442961 -0.821992
vn 0.047207 -0.992715 -0.110853
vn -0.110011 -0.984506 -0.136552
vn -0.200803 -0.948580 -0.244691
vn -0.062832 -0.998022 0.002023
vn -0.434945 -0.355898 -0.827139
vn 0.186209 -0.875698 0.445510
vn -0.434945 -0.355898 -0.827139
vn -0.357931 -0.442961 -0.821992
vn -0.240033 -0.805571 -0.541701
vn 0.018244 -0.999822 -0.004779
vn -0.014044 -0.999165 0.038376
vn 0.022972 -0.998041 0.058199
vn 0.070237 -0.981642 -0.177328
vn -0.079914 -0.995426 -0.052355
vn -0.014044 -0.999165 0.038376
vn -0.079102 -0.975303 -0.206222
vn 0.000964 -0.999989 -0.004648
vn -0.031411 -0.991960 -0.122589
vn 0.200819 -0.851383 0.484581
vn -0.206350 -0.679002 -0.704539
vn 0.078308 -0.984989 -0.153835
vn 0.001884 -0.999998 0.000452
vn 0.008128 -0.999965 0.001913
vn 0.000000 -1.000000 0.000000
vn -0.206350 -0.679002 -0.704539
vn -0.155332 -0.893985 -0.420312
vn -0.187102 -0.693205 -0.696031
vn 0.000859 -0.999999 -0.001047
vn -0.000186 -1.000000 -0.000806
vn 0.000365 -1.000000 -0.000703
vn -0.099441 -0.890448 -0.444088
vn -0.028185 -0.996473 -0.079038
vn -0.066984 -0.862508 -0.501591
vn -0.216556 -0.700983 -0.679504
vn -0.031411 -0.991960 -0.122589
vn -0.155332 -0.893985 -0.420312
vn -0.004483 -0.999846 -0.016973
vn -0.031411 -0.991960 -0.122589
vn 0.000000 -1.000000 0.000000
vn -0.183419 -0.838525 -0.513063
vn 0.126374 -0.851046 0.509657
vn -0.190217 -0.668268 -0.719190
vn -0.183419 -0.838525 -0.513063
vn -0.216556 -0.700983 -0.679504
vn -0.206350 -0.679002 -0.704539
vn 0.000859 -0.999999 -0.001047
vn 0.009349 -0.999912 -0.009407
vn 0.000375 -0.999999 -0.001541
vn 0.008128 -0.999965 0.001913
vn 0.009105 -0.999942 -0.005738
vn 0.000365 -1.000000 -0.000703
vn -0.000382 -1.000000 0.000669
vn 0.000859 -0.999999 -0.001047
vn 0.000375 -0.999999 -0.001541
vn 0.000000 -1.000000 0.000000
vn -0.000482 -1.000000 0.000721
vn -0.000168 -1.000000 -0.000367
vn 0.000000 -1.000000 0.000000
vn 0.008128 -0.999965 0.001913
vn 0.000365 -1.000000 -0.000703
vn 0.094923 -0.995360 0.015740
vn 0.008128 -0.999965 0.001913
vn 0.001884 -0.999998 0.000452
vn -0.000387 -1.000000 -0.000330
vn 0.000077 -1.000000 -0.000025
vn -0.000551 -0.999999 -0.001157
vn 0.000040 -1.000000 0.000033
vn 0.000388 -1.000000 0.000614
vn 0.000000 -1.000000 0.000000
vn -0.001444 -0.999999 -0.000547
vn -0.000387 -1.000000 -0.000330
vn -0.000551 -0.999999 -0.001157
vn 0.000285 -1.000000 -0.000177
vn -0.000387 -1.000000 -0.000330
vn 0.000767 -1.000000 -0.000035
vn 0.000815 -1.000000 -0.000385
vn 0.000285 -1.000000 -0.000177
vn 0.000767 -1.000000 -0.000035
vn 0.000040 -1.000000 0.000033
vn 0.000077 -1.000000 -0.000025
vn 0.000285 -1.000000 -0.000177
vn -0.000820 -1.000000 0.000133
vn 0.000815 -1.000000 -0.000385
vn 0.000767 -1.000000 -0.000035
vn 0.000087 -1.000000 0.000474
vn -0.001470 -0.999999 -0.000982
vn -0.001041 -0.999999 -0.000482
vn 0.000273 -1.000000 -0.000704
vn 0.000380 -1.000000 -0.000514
vn 0.001255 -0.999999 -0.000588
vn 0.000285 -1.000000 -0.000177
vn 0.000311 -1.000000 -0.000349
vn 0.000040 -1.000000 0.000033
vn 0.280540 -0.578561 0.765875
vn 0.186938 -0.841306 0.507207
vn 0.228149 -0.603209 0.764256
vn 0.188196 -0.685847 0.702991
vn 0.062963 -0.969107 0.238469
vn 0.280540 -0.578561 0.765875
vn 0.080447 -0.552014 0.829945
vn 0.090944 -0.886040 0.454601
vn 0.089813 -0.615704 0.782842
vn -0.000972 -0.999997 0.002384
vn 0.016841 -0.999486 0.027291
vn 0.055498 -0.860683 0.506108
vn 0.000000 -1.000000 0.000000
vn -0.000696 -1.000000 0.000160
vn 0.000000 -1.000000 0.000000
vn -0.000696 -1.000000 0.000160
vn -0.000395 -1.000000 0.000635
vn 0.000858 -0.999750 0.022350
vn 0.045073 -0.994295 0.096675
vn 0.062963 -0.969107 0.238469
vn -0.000395 -1.000000 0.000635
vn 0.062963 -0.969107 0.238469
vn 0.081308 -0.965976 0.245519
vn 0.000858 -0.999750 0.022350
vn -0.007681 -0.999860 -0.014886
vn -0.004339 -0.978243 -0.207416
vn -0.003061 -0.999989 -0.003654
vn -0.043046 -0.996977 -0.064684
vn -0.007681 -0.999860 -0.014886
vn -0.010134 -0.999946 0.002504
vn 0.098330 -0.967145 -0.234438
vn -0.043046 -0.996977 -0.064684
vn -0.021284 -0.999002 -0.039260
vn -0.007681 -0.999860 -0.014886
vn -0.043046 -0.996977 -0.064684
vn -0.017707 -0.943502 -0.330893
vn -0.212020 -0.975783 0.053808
vn 0.098330 -0.967145 -0.234438
vn -0.021284 -0.999002 -0.039260
vn 0.154706 -0.976484 -0.150148
vn 0.098330 -0.967145 -0.234438
vn 0.220155 -0.974317 0.047303
vn -0.007681 -0.999860 -0.014886
vn -0.008961 -0.999957 -0.002232
vn -0.010134 -0.999946 0.002504
vn -0.003267 -0.999995 -0.000570
vn -0.008961 -0.999957 -0.002232
vn -0.006878 -0.999976 -0.000504
vn -0.003267 -0.999995 -0.000570
vn -0.001922 -0.999996 0.002074
vn -0.000618 -1.000000 0.000468
vn -0.008961 -0.999957 -0.002232
vn -0.003267 -0.999995 -0.000570
vn -0.027608 -0.999547 0.012020
vn -0.000618 -1.000000 0.000468
vn -0.001922 -0.999996 0.002074
vn 0.000445 -0.999999 0.001443
vn -0.004971 -0.999987 -0.000863
vn -0.000618 -1.000000 0.000468
vn 0.000482 -0.999999 0.001706
vn 0.266997 0.949025 -0.167526
vn 0.383430 -0.850762 -0.359424
vn 0.604341 -0.495460 -0.623932
vn 0.035273 -0.997167 -0.066432
vn 0.383430 -0.850762 -0.359424
vn 0.692722 -0.278704 -0.665177
vn 0.000414 -0.999999 -0.001346
vn 0.075462 -0.993795 -0.081713
vn 0.406652 -0.873116 -0.268891
vn -0.001663 -0.999999 -0.000378
vn -0.000580 -1.000000 -0.000654
vn -0.000694 -0.999999 -0.001252
vn 0.001898 -0.999997 -0.001271
vn 0.358089 -0.866346 -0.348163
vn 0.077269 -0.996214 -0.039848
vn 0.000084 -0.999998 -0.001892
vn -0.000694 -0.999999 -0.001252
vn 0.000414 -0.999999 -0.001346
vn 0.000500 -0.999996 -0.002715
vn 0.000260 -0.999999 0.001625
vn 0.004411 -0.999984 -0.003568
vn 0.008643 -0.999960 0.002323
vn 0.002700 -0.999996 -0.000927
vn 0.004411 -0.999984 -0.003568
vn 0.077269 -0.996214 -0.039848
vn 0.008643 -0.999960 0.002323
vn 0.001898 -0.999997 -0.001271
vn 0.000084 -0.999998 -0.001892
vn 0.001898 -0.999997 -0.001271
vn 0.008643 -0.999960 0.002323
vn 0.004763 -0.999974 0.005473
vn 0.002597 -0.999934 0.011210
vn 0.078914 -0.962632 0.259061
vn 0.000084 -0.999998 -0.001892
vn -0.001312 -0.999998 0.001701
vn -0.001663 -0.999999 -0.000378
vn 0.002700 -0.999996 -0.000927
vn 0.035273 -0.997167 -0.066432
vn 0.000500 -0.999996 -0.002715
vn 0.004411 -0.999984 -0.003568
vn -0.000683 -1.000000 0.000583
vn -0.001292 -0.999998 0.001592
vn 0.036272 -0.997839 0.054795
vn 0.059875 -0.993877 0.092865
vn 0.199446 -0.912482 0.357209
vn -0.000683 -1.000000 0.000583
vn 0.006086 -0.999939 0.009241
vn -0.000109 -1.000000 0.000100
vn 0.000031 -1.000000 0.000055
vn 0.000000 -1.000000 0.000000
vn -0.000767 -0.999999 0.001088
vn 0.001030 -0.999999 0.000775
vn 0.001030 -0.999999 -0.001018
vn 0.004763 -0.999974 0.005473
vn 0.000500 -0.999996 -0.002715
vn 0.004411 -0.999984 -0.003568
vn 0.002700 -0.999996 -0.000927
vn 0.006086 -0.999939 0.009241
vn 0.000260 -0.999999 0.001625
vn 0.006688 -0.999977 0.001469
vn 0.004411 -0.999984 -0.003568
vn -0.001312 -0.999998 0.001701
vn 0.008643 -0.999960 0.002323
vn -0.000767 -0.999999 0.001088
vn -0.000550 -0.999999 0.001254
vn -0.001663 -0.999999 -0.000378
vn -0.001292 -0.999998 0.001592
vn -0.000683 -1.000000 0.000583
vn -0.000111 -1.000000 0.000082
vn -0.001312 -0.999998 0.001701
vn -0.001292 -0.999998 0.001592
vn -0.000767 -0.999999 0.001088
vn 0.515387 -0.767856 -0.380491
vn 0.110560 -0.992623 -0.049753
vn -0.424682 -0.845156 0.324586
vn 0.033042 -0.900677 -0.433231
vn 0.110560 -0.992623 -0.049753
vn 0.201305 -0.504145 -0.839830
vn 0.110560 -0.992623 -0.049753
vn 0.033042 -0.900677 -0.433231
vn 0.091824 -0.966325 0.240383
vn -0.001069 -0.948362 -0.317189
vn 0.103498 -0.844374 -0.525663
vn 0.201305 -0.504145 -0.839830
vn -0.026754 -0.977078 -0.211192
vn 0.131585 -0.755456 -0.641850
vn 0.010790 -0.997295 -0.072706
vn 0.237912 -0.869622 -0.432615
vn 0.033042 -0.900677 -0.433231
vn 0.131585 -0.755456 -0.641850
vn 0.064922 -0.993928 0.088837
vn -0.137181 -0.893031 0.428576
vn 0.237912 -0.869622 -0.432615
vn 0.204788 -0.956623 0.207206
vn -0.137181 -0.893031 0.428576
vn -0.069066 -0.838006 0.541272
vn -0.000580 -1.000000 -0.000654
vn -0.000473 -1.000000 0.000159
vn 0.000045 -1.000000 -0.000037
vn -0.000473 -1.000000 0.000159
vn -0.000321 -1.000000 -0.000198
vn -0.000057 -1.000000 0.000081
vn -0.000913 -0.999999 0.000999
vn 0.000000 -1.000000 0.000000
vn 0.000682 -1.000000 0.000772
vn 0.000372 -0.999999 -0.001304
vn 0.000746 -1.000000 -0.000132
vn -0.000405 -1.000000 0.000072
vn 0.000576 -1.000000 -0.000095
vn 0.000682 -1.000000 0.000772
vn 0.000817 -0.999999 0.000769
vn -0.000235 -1.000000 -0.000695
vn 0.000000 -1.000000 -0.000002
vn 0.000000 -1.000000 0.000000
vn 0.000003 -1.000000 0.000000
vn 0.000000 -1.000000 0.000000
vn 0.000000 -1.000000 0.000000
vn -0.000546 -1.000000 -0.000491
vn 0.000003 -1.000000 0.000000
vn -0.000140 -0.999999 -0.001273
vn -0.001364 -0.999999 -0.000082
vn 0.000000 -1.000000 0.000000
vn -0.000125 -1.000000 -0.000740
vn 0.000031 -1.000000 0.000055
vn -0.000767 -0.999999 0.001088
vn -0.000111 -1.000000 0.000082
vn -0.000604 -1.000000 -0.000595
vn 0.001030 -0.999999 -0.001018
vn 0.001030 -0.999999 0.000775
vn 0.000347 -1.000000 -0.000550
vn 0.000000 -1.000000 0.000000
vn 0.000031 -1.000000 0.000055
vn -0.001282 -0.999999 -0.001206
vn -0.001364 -0.999999 -0.000082
vn -0.000125 -1.000000 -0.000740
vn 0.000000 -1.000000 0.000000
vn 0.000347 -1.000000 -0.000550
vn 0.000124 -0.999999 -0.001347
vn -0.001364 -0.999999 -0.000082
vn -0.001304 -0.999999 0.000787
vn 0.000007 -1.000000 -0.000003
vn 0.000000 -1.000000 0.000000
vn -0.000552 -1.000000 0.000231
vn 0.000000 -1.000000 0.000000
vn 0.000003 -1.000000 0.000000
vn 0.000000 -1.000000 0.000000
vn -0.000140 -0.999999 -0.001273
vn 0.000000 -1.000000 0.000000
vn 0.000000 -1.000000 0.000000
vn 0.000124 -0.999999 -0.001347
vn -0.000125 -1.000000 -0.000740
vn 0.000000 -1.000000 0.000000
vn 0.000000 -1.000000 0.000000
vn -0.000552 -1.000000 0.000231
vn 0.000000 -1.000000 0.000000
vn 0.000007 -1.000000 -0.000003
vn -0.000767 -0.999999 0.001088
vn -0.001292 -0.999998 0.001592
vn -0.000111 -1.000000 0.000082
vn 0.000000 -1.000000 0.000000
vn 0.000000 -1.000000 0.000000
vn 0.000000 -1.000000 0.000000
vn 0.037397 -0.993942 0.103348
vn 0.054537 -0.996202 0.067880
vn -0.000109 -1.000000 0.000100
vn 0.004763 -0.999974 0.005473
vn 0.001030 -0.999999 -0.001018
vn 0.000347 -1.000000 -0.000550
vn -0.000604 -1.000000 -0.000595
vn 0.000124 -0.999999 -0.001347
vn 0.001030 -0.999999 -0.001018
vn 0.000000 -1.000000 0.000000
vn 0.000124 -0.999999 -0.001347
vn -0.000140 -0.999999 -0.001273
vn 0.000347 -1.000000 -0.000550
vn 0.001030 -0.999999 -0.001018
vn 0.000124 -0.999999 -0.001347
vn 0.000031 -1.000000 0.000055
vn 0.000478 -1.000000 -0.000582
vn -0.000305 -0.999999 -0.001169
vn 0.000031 -1.000000 0.000055
vn 0.000000 -1.000000 0.000000
vn 0.000000 -1.000000 0.000000
vn 0.004763 -0.999974 0.005473
vn 0.000347 -1.000000 -0.000550
vn -0.000305 -0.999999 -0.001169
vn 0.000955 -0.999999 -0.001179
vn 0.000003 -1.000000 -0.000002
vn 0.000000 -1.000000 -0.000002
vn 0.000003 -1.000000 0.000000
vn 0.000003 -1.000000 -0.000002
vn 0.000000 -1.000000 0.000000
vn 0.164315 0.775159 -0.610023
vn 0.016552 0.720860 -0.692883
vn -0.465617 0.051995 -0.883458
vn 0.352824 0.912995 -0.204829
vn 0.016552 0.720860 -0.692883
vn 0.307986 0.951390 0.001457
vn 0.052316 0.937332 0.344488
vn 0.059124 0.927635 0.368779
vn -0.125334 0.794702 0.593919
vn 0.083811 0.867519 0.490293
vn 0.195583 0.817219 0.542126
vn 0.120075 0.789715 0.601608
vn -0.105405 0.966558 0.233785
vn -0.465617 0.051995 -0.883458
vn 0.195583 0.817219 0.542126
vn -0.282486 0.561422 -0.777822
vn -0.105405 0.966558 0.233785
vn 0.102711 0.857361 0.504363
vn 0.120075 0.789715 0.601608
vn 0.195583 0.817219 0.542126
vn 0.134483 0.919122 0.370310
vn 0.083811 0.867519 0.490293
vn -0.050884 0.903575 -0.425397
vn -0.256896 0.240219 -0.936109
vn 0.000000 -1.000000 0.000000
vn 0.000000 -1.000000 0.000000
vn 0.000000 -1.000000 0.000000
vn 0.000062 -1.000000 0.000043
vn 0.000086 -1.000000 -0.000018
vn 0.000000 -1.000000 0.000000
vn -0.000515 -1.000000 0.000120
vn -0.000280 -1.000000 -0.000121
vn -0.000190 -1.000000 -0.000208
vn 0.000001 -1.000000 -0.000001
vn -0.000280 -1.000000 -0.000121
vn -0.000325 -1.000000 0.000279
vn -0.000582 -0.999999 0.000914
vn 0.000311 -1.000000 0.000003
vn -0.000515 -0.999999 0.001268
vn -0.000120 -1.000000 0.000084
vn 0.000277 -1.000000 -0.000064
vn -0.000015 -1.000000 0.000013
vn 0.000000 -1.000000 0.000000
vn 0.000000 -1.000000 0.000000
vn -0.000015 -1.000000 0.000013
vn 0.000000 -1.000000 0.000000
vn 0.000000 -1.000000 0.000000
vn 0.000000 -1.000000 0.000000
vn 0.000000 -1.000000 0.000000
vn 0.000000 -1.000000 0.000000
vn 0.000000 -1.000000 0.000000
vn 0.000862 -1.000000 -0.000114
vn 0.000000 -1.000000 0.000000
vn 0.000566 -1.000000 0.000751
vn -0.052984 -0.994879 0.086075
vn 0.416916 -0.897742 0.142269
vn 0.249362 -0.968395 0.005381
vn -0.094291 -0.995539 0.003415
vn -0.436033 -0.893120 0.110512
vn -0.339595 -0.924163 0.174922
vn -0.301938 -0.949418 0.086248
vn -0.052984 -0.994879 0.086075
vn -0.101621 -0.994249 -0.033809
vn -0.436033 -0.893120 0.110512
vn -0.052984 -0.994879 0.086075
vn -0.339595 -0.924163 0.174922
vn -0.301938 -0.949418 0.086248
vn -0.199216 -0.973099 -0.115719
vn -0.003985 -0.999991 0.001735
vn -0.052984 -0.994879 0.086075
vn -0.301938 -0.949418 0.086248
vn -0.339595 -0.924163 0.174922
vn 0.000357 -1.000000 0.000308
vn 0.000528 -1.000000 -0.000721
vn 0.000029 -1.000000 0.000010
vn -0.044131 -0.991782 -0.120084
vn 0.000528 -1.000000 -0.000721
vn 0.000251 -1.000000 -0.000371
vn -0.331479 0.876033 -0.350269
vn -0.574130 0.201583 -0.793561
vn -0.016716 0.999577 0.023794
vn -0.102707 -0.972291 -0.210005
vn -0.574130 0.201583 -0.793561
vn -0.296528 -0.719090 -0.628474
vn -0.006284 -0.999979 0.001714
vn -0.000829 -0.999999 0.001112
vn -0.001400 -0.999999 -0.000319
vn -0.000825 -0.999990 0.004425
vn 0.001587 -0.999999 -0.000433
vn -0.003985 -0.999991 0.001735
vn 0.036587 0.978789 -0.201578
vn -0.483860 0.647472 -0.588778
vn -0.116483 0.973934 0.194637
vn -0.418423 -0.741523 -0.524468
vn -0.483860 0.647472 -0.588778
vn -0.232009 0.418003 -0.878320
vn -0.268396 -0.655455 -0.705934
vn -0.102707 -0.972291 -0.210005
vn -0.057162 -0.995750 -0.072213
vn -0.495039 -0.662773 -0.561843
vn -0.418423 -0.741523 -0.524468
vn -0.122158 -0.987615 -0.098462
vn -0.000825 -0.999990 0.004425
vn -0.057162 -0.995750 -0.072213
vn 0.000000 -1.000000 0.000000
vn -0.495039 -0.662773 -0.561843
vn -0.122158 -0.987615 -0.098462
vn -0.199216 -0.973099 -0.115719
vn -0.000829 -0.999999 0.001112
vn -0.000825 -0.999990 0.004425
vn 0.000000 -1.000000 0.000000
vn -0.060726 -0.996614 0.055438
vn -0.003985 -0.999991 0.001735
vn 0.001587 -0.999999 -0.000433
vn -0.418423 -0.741523 -0.524468
vn -0.057162 -0.995750 -0.072213
vn -0.122158 -0.987615 -0.098462
vn -0.000825 -0.999990 0.004425
vn -0.122158 -0.987615 -0.098462
vn -0.057162 -0.995750 -0.072213
vn -0.199216 -0.973099 -0.115719
vn -0.122158 -0.987615 -0.098462
vn -0.003985 -0.999991 0.001735
vn -0.000825 -0.999990 0.004425
vn -0.003985 -0.999991 0.001735
vn -0.122158 -0.987615 -0.098462
vn -0.094291 -0.995539 0.003415
vn -0.060726 -0.996614 0.055438
vn 0.001587 -0.999999 -0.000433
vn -0.301938 -0.949418 0.086248
vn -0.060726 -0.996614 0.055438
vn -0.339595 -0.924163 0.174922
vn -0.744841 -0.354491 -0.565286
vn -0.846441 -0.297082 -0.441906
vn -0.101621 -0.994249 -0.033809
vn -0.846441 -0.297082 -0.441906
vn -0.399797 0.763887 -0.506596
vn -0.444964 0.819131 -0.361982
vn -0.495039 -0.662773 -0.561843
vn -0.444295 -0.855255 -0.266721
vn -0.444964 0.819131 -0.361982
vn -0.444964 0.819131 -0.361982
vn -0.444295 -0.855255 -0.266721
vn -0.846441 -0.297082 -0.441906
vn -0.101621 -0.994249 -0.033809
vn -0.846441 -0.297082 -0.441906
vn -0.444295 -0.855255 -0.266721
vn -0.399797 0.763887 -0.506596
vn -0.846441 -0.297082 -0.441906
vn -0.744841 -0.354491 -0.565286
vn 0.024149 0.885345 0.464308
vn 0.330259 0.940480 0.080161
vn 0.047457 0.910722 0.410284
vn 0.387212 0.920090 -0.059179
vn 0.330259 0.940480 0.080161
vn 0.185352 0.980208 0.069556
vn 0.024932 -0.848618 -0.528418
vn -0.071396 0.169432 -0.982952
vn -0.087605 0.125383 -0.988233
vn 0.025806 -0.998382 -0.050662
vn -0.111042 -0.882843 -0.456353
vn 0.085137 -0.994827 -0.055410
vn 0.111949 -0.993612 0.014273
vn 0.010825 -0.987060 0.159988
vn 0.025806 -0.998382 -0.050662
vn 0.010825 -0.987060 0.159988
vn 0.001485 -0.999995 -0.002952
vn 0.004090 -0.998900 -0.046708
vn 0.111949 -0.993612 0.014273
vn 0.188507 -0.980765 0.050640
vn -0.038943 -0.922089 0.385013
vn 0.001485 -0.999995 -0.002952
vn 0.010825 -0.987060 0.159988
vn 0.043314 -0.936143 0.348942
vn -0.069066 -0.838006 0.541272
vn -0.137181 -0.893031 0.428576
vn 0.064922 -0.993928 0.088837
vn 0.013881 -0.880785 -0.473312
vn 0.068329 -0.839196 -0.539520
vn 0.092595 -0.888922 -0.448603
vn 0.043314 -0.936143 0.348942
vn 0.140585 -0.914349 0.379739
vn 0.041815 -0.987086 0.154641
vn -0.207509 -0.799949 -0.563047
vn -0.167024 -0.277507 -0.946093
vn -0.031027 -0.926334 -0.375424
vn 0.010825 -0.987060 0.159988
vn 0.004090 -0.998900 -0.046708
vn 0.025806 -0.998382 -0.050662
vn 0.004090 -0.998900 -0.046708
vn 0.001485 -0.999995 -0.002952
vn -0.031027 -0.926334 -0.375424
vn -0.139102 -0.860692 0.489755
vn -0.312126 -0.782421 0.538883
vn -0.299279 -0.863539 0.405873
vn 0.216189 -0.969820 0.112749
vn 0.276414 -0.952766 0.125827
vn -0.139102 -0.860692 0.489755
vn -0.024196 -0.989851 -0.140036
vn -0.221526 -0.853853 0.471021
vn -0.312126 -0.782421 0.538883
vn -0.299279 -0.863539 0.405873
vn -0.312126 -0.782421 0.538883
vn -0.221526 -0.853853 0.471021
vn 0.301832 -0.827372 -0.473659
vn 0.421862 -0.758353 -0.496923
vn 0.446645 -0.646877 -0.618109
vn -0.221526 -0.853853 0.471021
vn -0.024196 -0.989851 -0.140036
vn 0.301832 -0.827372 -0.473659
vn 0.045709 -0.972425 0.228694
vn 0.353857 -0.935272 0.007192
vn 0.041541 -0.906195 0.420815
vn 0.446645 -0.646877 -0.618109
vn 0.421862 -0.758353 -0.496923
vn 0.461459 -0.872115 -0.162701
vn 0.183851 -0.970292 0.157267
vn -0.035082 -0.990251 -0.134808
vn -0.053288 -0.997322 0.050086
vn 0.081381 -0.894237 0.440133
vn 0.041541 -0.906195 0.420815
vn -0.033773 -0.997839 -0.056363
vn -0.434945 -0.355898 -0.827139
vn -0.240033 -0.805571 -0.541701
vn -0.148385 -0.405474 -0.901983
vn -0.240033 -0.805571 -0.541701
vn -0.357931 -0.442961 -0.821992
vn -0.200803 -0.948580 -0.244691
vn -0.062832 -0.998022 0.002023
vn -0.173486 -0.322930 -0.930386
vn -0.357931 -0.442961 -0.821992
vn 0.047207 -0.992715 -0.110853
vn 0.183851 -0.970292 0.157267
vn 0.344682 -0.918246 -0.194984
vn -0.083279 -0.992484 -0.089671
vn 0.047207 -0.992715 -0.110853
vn 0.051638 -0.998332 -0.025828
vn -0.302826 -0.595932 -0.743749
vn -0.200803 -0.948580 -0.244691
vn -0.357931 -0.442961 -0.821992
vn -0.230409 -0.652552 -0.721864
vn 0.049881 -0.968254 -0.244940
vn 0.018244 -0.999822 -0.004779
vn 0.049881 -0.968254 -0.244940
vn -0.148385 -0.405474 -0.901983
vn -0.240033 -0.805571 -0.541701
vn -0.031411 -0.991960 -0.122589
vn -0.201492 -0.707409 -0.677476
vn -0.079102 -0.975303 -0.206222
vn -0.183419 -0.838525 -0.513063
vn -0.201492 -0.707409 -0.677476
vn -0.216556 -0.700983 -0.679504
vn -0.000325 -1.000000 0.000629
vn 0.001754 -0.999998 0.000887
vn 0.000133 -1.000000 0.000385
vn -0.000294 -1.000000 -0.000624
vn 0.001255 -0.999999 -0.000588
vn 0.000380 -1.000000 -0.000514
vn 0.079114 -0.830319 0.551645
vn 0.228149 -0.603209 0.764256
vn 0.186938 -0.841306 0.507207
vn -0.183419 -0.838525 -0.513063
vn 0.228149 -0.603209 0.764256
vn 0.126374 -0.851046 0.509657
vn -0.201492 -0.707409 -0.677476
vn -0.183419 -0.838525 -0.513063
vn -0.190217 -0.668268 -0.719190
vn -0.216556 -0.700983 -0.679504
vn -0.155332 -0.893985 -0.420312
vn -0.206350 -0.679002 -0.704539
vn -0.187102 -0.693205 -0.696031
vn -0.109526 -0.955341 -0.274460
vn 0.078308 -0.984989 -0.153835
vn 0.200819 -0.851383 0.484581
vn -0.183419 -0.838525 -0.513063
vn -0.206350 -0.679002 -0.704539
vn -0.069116 -0.985555 -0.154610
vn -0.099441 -0.890448 -0.444088
vn -0.187102 -0.693205 -0.696031
vn 0.119143 -0.862430 0.491954
vn 0.016841 -0.999486 0.027291
vn 0.081308 -0.965976 0.245519
vn -0.187102 -0.693205 -0.696031
vn 0.078308 -0.984989 -0.153835
vn -0.206350 -0.679002 -0.704539
vn 0.188196 -0.685847 0.702991
vn 0.078308 -0.984989 -0.153835
vn -0.109526 -0.955341 -0.274460
vn 0.003509 -0.999968 -0.007263
vn 0.000375 -0.999999 -0.001541
vn 0.009349 -0.999912 -0.009407
vn -0.000382 -1.000000 0.000669
vn 0.000375 -0.999999 -0.001541
vn -0.001143 -0.999999 0.000304
vn -0.001305 -0.999999 0.000006
vn -0.000382 -1.000000 0.000669
vn -0.001143 -0.999999 0.000304
vn -0.000382 -1.000000 0.000669
vn -0.000315 -1.000000 0.000876
vn -0.000482 -1.000000 0.000721
vn -0.000168 -1.000000 -0.000367
vn -0.000482 -1.000000 0.000721
vn -0.000315 -1.000000 0.000876
vn -0.000727 -1.000000 -0.000192
vn -0.001150 -0.999999 0.000412
vn 0.000388 -1.000000 0.000614
vn 0.188196 -0.685847 0.702991
vn -0.109526 -0.955341 -0.274460
vn 0.022443 -0.905056 0.424701
vn 0.000858 -0.999750 0.022350
vn 0.016841 -0.999486 0.027291
vn 0.000000 -1.000000 0.000000
vn 0.080447 -0.552014 0.829945
vn 0.119143 -0.862430 0.491954
vn 0.188196 -0.685847 0.702991
vn -0.103316 -0.799114 -0.592235
vn -0.066984 -0.862508 -0.501591
vn -0.083376 -0.732894 -0.675215
vn 0.188196 -0.685847 0.702991
vn 0.119143 -0.862430 0.491954
vn 0.081308 -0.965976 0.245519
vn 0.080447 -0.552014 0.829945
vn 0.089813 -0.615704 0.782842
vn 0.055498 -0.860683 0.506108
vn 0.010790 -0.997295 -0.072706
vn 0.131585 -0.755456 -0.641850
vn 0.103498 -0.844374 -0.525663
vn 0.103498 -0.844374 -0.525663
vn 0.131585 -0.755456 -0.641850
vn 0.033042 -0.900677 -0.433231
vn 0.000000 -1.000000 0.000000
vn -0.026754 -0.977078 -0.211192
vn 0.010790 -0.997295 -0.072706
vn 0.076468 -0.845169 -0.529001
vn 0.033383 -0.994053 -0.103654
vn 0.092595 -0.888922 -0.448603
vn 0.237912 -0.869622 -0.432615
vn 0.131585 -0.755456 -0.641850
vn 0.076468 -0.845169 -0.529001
vn -0.026754 -0.977078 -0.211192
vn 0.076468 -0.845169 -0.529001
vn 0.131585 -0.755456 -0.641850
vn 0.000478 -1.000000 -0.000582
vn 0.000031 -1.000000 0.000055
vn -0.000111 -1.000000 0.000082
vn 0.000347 -1.000000 -0.000550
vn 0.000031 -1.000000 0.000055
vn -0.000305 -0.999999 -0.001169
vn 0.006086 -0.999939 0.009241
vn -0.000683 -1.000000 0.000583
vn 0.000260 -0.999999 0.001625
vn 0.078914 -0.962632 0.259061
vn 0.092269 -0.951680 0.292902
vn 0.128842 -0.694558 0.707805
vn 0.120075 0.789715 0.601608
vn 0.134483 0.919122 0.370310
vn 0.052316 0.937332 0.344488
vn -0.105405 0.966558 0.233785
vn 0.195583 0.817219 0.542126
vn 0.083811 0.867519 0.490293
vn 0.021141 -0.027160 -0.999408
vn -0.167024 -0.277507 -0.946093
vn -0.050884 0.903575 -0.425397
vn -0.050884 0.903575 -0.425397
vn -0.167024 -0.277507 -0.946093
vn -0.256896 0.240219 -0.936109
vn 0.052316 0.937332 0.344488
vn -0.050884 0.903575 -0.425397
vn 0.120075 0.789715 0.601608
vn 0.120075 0.789715 0.601608
vn -0.050884 0.903575 -0.425397
vn 0.083811 0.867519 0.490293
vn 0.014811 -0.845449 -0.533851
vn -0.031027 -0.926334 -0.375424
vn 0.021141 -0.027160 -0.999408
vn -0.256896 0.240219 -0.936109
vn -0.167024 -0.277507 -0.946093
vn -0.207509 -0.799949 -0.563047
vn -0.031027 -0.926334 -0.375424
vn 0.001485 -0.999995 -0.002952
vn -0.022840 -0.994591 -0.101332
vn -0.031027 -0.926334 -0.375424
vn -0.167024 -0.277507 -0.946093
vn 0.021141 -0.027160 -0.999408
vn -0.108838 -0.902957 -0.415719
vn -0.256896 0.240219 -0.936109
vn -0.207509 -0.799949 -0.563047
vn -0.126323 -0.772709 -0.622064
vn -0.155891 -0.725446 -0.670393
vn -0.167197 0.580122 -0.797185
vn -0.167197 0.580122 -0.797185
vn -0.256896 0.240219 -0.936109
vn -0.126323 -0.772709 -0.622064
vn 0.196283 0.901094 0.386656
vn -0.103365 0.951550 0.289601
vn -0.167197 0.580122 -0.797185
vn -0.167197 0.580122 -0.797185
vn -0.155891 -0.725446 -0.670393
vn -0.317588 0.512461 -0.797823
vn -0.256896 0.240219 -0.936109
vn -0.167197 0.580122 -0.797185
vn -0.103365 0.951550 0.289601
vn 0.156275 0.946163 0.283468
vn 0.196283 0.901094 0.386656
vn 0.244317 0.953048 0.178910
vn 0.102711 0.857361 0.504363
vn -0.103365 0.951550 0.289601
vn 0.196283 0.901094 0.386656
vn 0.000862 -1.000000 -0.000114
vn -0.000174 -1.000000 -0.000010
vn 0.000000 -1.000000 0.000000
vn -0.000120 -1.000000 0.000084
vn -0.000174 -1.000000 -0.000010
vn 0.000956 -0.999999 -0.000851
vn 0.000000 -1.000000 0.000000
vn 0.000862 -1.000000 -0.000114
vn 0.000000 -1.000000 0.000000
vn 0.000862 -1.000000 -0.000114
vn 0.000566 -1.000000 0.000751
vn 0.000311 -1.000000 0.000003
vn -0.000120 -1.000000 0.000084
vn 0.000956 -0.999999 -0.000851
vn 0.000277 -1.000000 -0.000064
vn 0.000000 -1.000000 0.000000
vn -0.000120 -1.000000 0.000084
vn -0.000015 -1.000000 0.000013
vn 0.000989 -1.000000 -0.000220
vn 0.000866 -0.999999 -0.000807
vn 0.000277 -1.000000 -0.000064
vn 0.000866 -0.999999 -0.000807
vn -0.000331 -0.999999 -0.001094
vn 0.000000 -1.000000 0.000000
vn 0.000002 -1.000000 0.000028
vn 0.000277 -1.000000 -0.000064
vn 0.000866 -0.999999 -0.000807
vn 0.000989 -1.000000 -0.000220
vn 0.000277 -1.000000 -0.000064
vn 0.000956 -0.999999 -0.000851
vn 0.000001 -1.000000 -0.000001
vn 0.000000 -1.000000 0.000000
vn 0.000002 -1.000000 0.000000
vn 0.000000 -1.000000 0.000000
vn 0.000002 -1.000000 0.000000
vn 0.000000 -1.000000 0.000000
vn 0.000053 -1.000000 -0.000075
vn 0.000000 -1.000000 0.000000
vn 0.000000 -1.000000 0.000000
vn -0.000202 -1.000000 0.000216
vn -0.000103 -1.000000 0.000276
vn 0.000200 -1.000000 0.000220
vn -0.000515 -0.999999 0.001268
vn -0.000103 -1.000000 0.000276
vn -0.000304 -1.000000 0.000129
vn 0.000566 -1.000000 0.000751
vn 0.000000 -1.000000 0.000000
vn 0.000200 -1.000000 0.000220
vn -0.015585 -0.991155 -0.131793
vn -0.102707 -0.972291 -0.210005
vn -0.296528 -0.719090 -0.628474
vn -0.057162 -0.995750 -0.072213
vn -0.102707 -0.972291 -0.210005
vn 0.000000 -1.000000 0.000000
vn -0.015585 -0.991155 -0.131793
vn -0.296528 -0.719090 -0.628474
vn -0.351671 -0.524217 -0.775580
vn -0.015585 -0.991155 -0.131793
vn 0.000251 -1.000000 -0.000371
vn -0.000656 -1.000000 0.000221
vn 0.000251 -1.000000 -0.000371
vn -0.127464 -0.978143 -0.164282
vn -0.044131 -0.991782 -0.120084
vn -0.351671 -0.524217 -0.775580
vn -0.127464 -0.978143 -0.164282
vn -0.015585 -0.991155 -0.131793
vn -0.000656 -1.000000 0.000221
vn -0.000829 -0.999999 0.001112
vn 0.000000 -1.000000 0.000000
vn -0.000829 -0.999999 0.001112
vn -0.000180 -1.000000 0.000371
vn -0.001400 -0.999999 -0.000319
vn -0.000180 -1.000000 0.000371
vn 0.000000 -1.000000 0.000000
vn -0.001400 -0.999999 -0.000319
vn 0.000000 -1.000000 0.000000
vn 0.000000 -1.000000 0.000000
vn 0.000000 -1.000000 0.000000
vn -0.000829 -0.999999 0.001112
vn -0.006284 -0.999979 0.001714
vn -0.000825 -0.999990 0.004425
vn -0.001400 -0.999999 -0.000319
vn -0.002093 -0.999991 -0.003566
vn -0.006284 -0.999979 0.001714
vn 0.085137 -0.994827 -0.055410
vn 0.024932 -0.848618 -0.528418
vn 0.103660 -0.991812 -0.074591
vn -0.071396 0.169432 -0.982952
vn 0.024932 -0.848618 -0.528418
vn -0.111042 -0.882843 -0.456353
vn -0.069066 -0.838006 0.541272
vn 0.006674 -0.877625 0.479301
vn -0.038943 -0.922089 0.385013
vn 0.010825 -0.987060 0.159988
vn -0.038943 -0.922089 0.385013
vn 0.006674 -0.877625 0.479301
vn 0.076468 -0.845169 -0.529001
vn 0.064922 -0.993928 0.088837
vn 0.237912 -0.869622 -0.432615
vn 0.064922 -0.993928 0.088837
vn 0.068329 -0.839196 -0.539520
vn 0.113679 -0.984406 -0.134243
vn 0.113679 -0.984406 -0.134243
vn 0.068329 -0.839196 -0.539520
vn 0.013881 -0.880785 -0.473312
vn -0.038705 -0.971945 -0.232004
vn -0.049781 -0.928844 -0.367111
vn 0.013881 -0.880785 -0.473312
vn -0.024196 -0.989851 -0.140036
vn -0.312126 -0.782421 0.538883
vn -0.191895 -0.969185 0.154457
vn 0.301832 -0.827372 -0.473659
vn -0.024196 -0.989851 -0.140036
vn 0.328451 -0.528379 -0.782902
vn 0.016461 -0.721820 -0.691885
vn -0.033773 -0.997839 -0.056363
vn -0.307690 -0.343084 -0.887480
vn -0.423246 -0.887731 0.181099
vn -0.047112 -0.919194 0.390978
vn 0.111348 -0.920332 0.374954
vn 0.328451 -0.528379 -0.782902
vn 0.287672 -0.597401 -0.748570
vn 0.151817 -0.978441 0.140016
vn 0.362935 -0.781247 0.507870
vn -0.049030 -0.995703 0.078562
vn 0.631294 -0.560466 -0.536046
vn -0.049030 -0.995703 0.078562
vn 0.151817 -0.978441 0.140016
vn -0.401843 -0.915662 -0.009225
vn 0.328451 -0.528379 -0.782902
vn 0.151817 -0.978441 0.140016
vn 0.421862 -0.758353 -0.496923
vn -0.079914 -0.995426 -0.052355
vn -0.110011 -0.984506 -0.136552
vn -0.083279 -0.992484 -0.089671
vn -0.240033 -0.805571 -0.541701
vn -0.110011 -0.984506 -0.136552
vn 0.070237 -0.981642 -0.177328
vn -0.302826 -0.595932 -0.743749
vn -0.173486 -0.322930 -0.930386
vn -0.371723 -0.473772 -0.798350
vn 0.183851 -0.970292 0.157267
vn 0.030992 -0.998373 -0.047858
vn 0.041541 -0.906195 0.420815
vn -0.053288 -0.997322 0.050086
vn -0.371723 -0.473772 -0.798350
vn 0.030992 -0.998373 -0.047858
vn 0.183851 -0.970292 0.157267
vn 0.047207 -0.992715 -0.110853
vn -0.035082 -0.990251 -0.134808
vn -0.371723 -0.473772 -0.798350
vn -0.035082 -0.990251 -0.134808
vn -0.302826 -0.595932 -0.743749
vn -0.200803 -0.948580 -0.244691
vn -0.302826 -0.595932 -0.743749
vn -0.035082 -0.990251 -0.134808
vn 0.261762 -0.660255 0.703949
vn 0.112485 -0.930478 0.348651
vn 0.128842 -0.694558 0.707805
vn -0.173486 -0.322930 -0.930386
vn -0.062832 -0.998022 0.002023
vn 0.112485 -0.930478 0.348651
vn -0.338185 -0.052125 -0.939635
vn 0.112485 -0.930478 0.348651
vn -0.071899 -0.931105 -0.357596
vn 0.081381 -0.894237 0.440133
vn -0.033773 -0.997839 -0.056363
vn -0.111957 -0.987514 -0.110824
vn 0.268845 -0.719520 0.640323
vn 0.199446 -0.912482 0.357209
vn -0.047112 -0.919194 0.390978
vn -0.371723 -0.473772 -0.798350
vn -0.338185 -0.052125 -0.939635
vn -0.307690 -0.343084 -0.887480
vn -0.371723 -0.473772 -0.798350
vn -0.053288 -0.997322 0.050086
vn -0.035082 -0.990251 -0.134808
vn 0.030992 -0.998373 -0.047858
vn 0.183851 -0.970292 0.157267
vn -0.053288 -0.997322 0.050086
vn 0.128842 -0.694558 0.707805
vn 0.112485 -0.930478 0.348651
vn -0.062832 -0.998022 0.002023
vn 0.295402 -0.624350 0.723136
vn -0.071899 -0.931105 -0.357596
vn 0.112485 -0.930478 0.348651
vn 0.204502 -0.678364 0.705692
vn 0.128842 -0.694558 0.707805
vn -0.062832 -0.998022 0.002023
vn -0.003715 -0.999961 0.008058
vn 0.092269 -0.951680 0.292902
vn 0.078914 -0.962632 0.259061
vn 0.093026 -0.933315 0.346798
vn 0.295402 -0.624350 0.723136
vn 0.294400 -0.646402 0.703913
vn 0.613496 -0.474632 -0.631148
vn 0.016461 -0.721820 -0.691885
vn 0.446645 -0.646877 -0.618109
vn 0.112485 -0.930478 0.348651
vn -0.338185 -0.052125 -0.939635
vn -0.173486 -0.322930 -0.930386
vn -0.338185 -0.052125 -0.939635
vn -0.442008 -0.174226 -0.879929
vn -0.307690 -0.343084 -0.887480
vn -0.510089 -0.033336 -0.859475
vn -0.077737 -0.672653 -0.735864
vn 0.016461 -0.721820 -0.691885
vn -0.338185 -0.052125 -0.939635
vn -0.071899 -0.931105 -0.357596
vn -0.442008 -0.174226 -0.879929
vn -0.000294 -1.000000 -0.000624
vn 0.000365 -1.000000 -0.000703
vn -0.000186 -1.000000 -0.000806
vn -0.000197 -1.000000 0.000202
vn -0.000294 -1.000000 -0.000624
vn 0.000380 -1.000000 -0.000514
vn -0.000168 -1.000000 -0.000367
vn 0.000077 -1.000000 -0.000025
vn 0.000000 -1.000000 0.000000
vn -0.000382 -1.000000 0.000669
vn -0.000482 -1.000000 0.000721
vn -0.001150 -0.999999 0.000412
vn -0.000325 -1.000000 0.000629
vn 0.000273 -1.000000 -0.000704
vn 0.000173 -1.000000 0.000673
vn -0.000727 -1.000000 -0.000192
vn 0.000388 -1.000000 0.000614
vn 0.001255 -0.999999 -0.000588
vn 0.000040 -1.000000 0.000033
vn 0.000000 -1.000000 0.000000
vn 0.000077 -1.000000 -0.000025
vn -0.000482 -1.000000 0.000721
vn 0.000000 -1.000000 0.000000
vn 0.000388 -1.000000 0.000614
vn -0.000382 -1.000000 0.000669
vn -0.000186 -1.000000 -0.000806
vn 0.000859 -0.999999 -0.001047
vn -0.000186 -1.000000 -0.000806
vn -0.001150 -0.999999 0.000412
vn -0.000727 -1.000000 -0.000192
vn 0.000478 -1.000000 -0.000582
vn 0.002597 -0.999934 0.011210
vn -0.000305 -0.999999 -0.001169
vn 0.078914 -0.962632 0.259061
vn 0.002597 -0.999934 0.011210
vn -0.003715 -0.999961 0.008058
vn -0.000109 -1.000000 0.000100
vn 0.000478 -1.000000 -0.000582
vn -0.000111 -1.000000 0.000082
vn 0.002597 -0.999934 0.011210
vn 0.000478 -1.000000 -0.000582
vn -0.003715 -0.999961 0.008058
vn 0.000357 -1.000000 0.000308
vn 0.000000 -1.000000 0.000000
vn -0.000180 -1.000000 0.000371
vn 0.000000 -1.000000 0.000000
vn 0.000000 -1.000000 0.000000
vn 0.000000 -1.000000 0.000000
vn 0.000000 -1.000000 0.000000
vn 0.000000 -1.000000 0.000000
vn 0.000000 -1.000000 0.000000
vn 0.000165 -1.000000 -0.000466
vn -0.002093 -0.999991 -0.003566
vn -0.001400 -0.999999 -0.000319
vn 0.006674 -0.877625 0.479301
vn 0.064922 -0.993928 0.088837
vn 0.113679 -0.984406 -0.134243
vn 0.134372 -0.987275 0.085044
vn 0.076491 -0.985332 -0.152547
vn -0.049781 -0.928844 -0.367111
vn 0.076491 -0.985332 -0.152547
vn 0.062258 -0.918204 0.391185
vn 0.113679 -0.984406 -0.134243
vn 0.113679 -0.984406 -0.134243
vn 0.062258 -0.918204 0.391185
vn 0.006674 -0.877625 0.479301
vn 0.139136 -0.934086 0.328824
vn 0.067489 -0.983250 0.169307
vn 0.041815 -0.987086 0.154641
vn 0.043314 -0.936143 0.348942
vn 0.062258 -0.918204 0.391185
vn 0.140585 -0.914349 0.379739
vn -0.038705 -0.971945 -0.232004
vn 0.013881 -0.880785 -0.473312
vn -0.014153 -0.995944 -0.088858
vn 0.076491 -0.985332 -0.152547
vn 0.113679 -0.984406 -0.134243
vn 0.013881 -0.880785 -0.473312
vn -0.038705 -0.971945 -0.232004
vn -0.014153 -0.995944 -0.088858
vn -0.000285 -1.000000 -0.000586
vn 0.012406 -0.995836 -0.090318
vn -0.004034 -0.964239 -0.265004
vn -0.016139 -0.998960 -0.042637
vn 0.181842 -0.973861 0.136120
vn 0.048811 -0.956927 -0.286198
vn 0.145100 -0.978139 -0.148967
vn 0.134372 -0.987275 0.085044
vn 0.139136 -0.934086 0.328824
vn 0.140585 -0.914349 0.379739
vn 0.145100 -0.978139 -0.148967
vn -0.004034 -0.964239 -0.265004
vn 0.012406 -0.995836 -0.090318
vn -0.038705 -0.971945 -0.232004
vn -0.004034 -0.964239 -0.265004
vn 0.048811 -0.956927 -0.286198
vn 0.076491 -0.985332 -0.152547
vn 0.134372 -0.987275 0.085044
vn 0.140585 -0.914349 0.379739
vn 0.181842 -0.973861 0.136120
vn 0.134372 -0.987275 0.085044
vn 0.048811 -0.956927 -0.286198
vn 0.421862 -0.758353 -0.496923
vn 0.301832 -0.827372 -0.473659
vn 0.328451 -0.528379 -0.782902
vn 0.030720 -0.991452 0.126806
vn 0.301832 -0.827372 -0.473659
vn 0.446645 -0.646877 -0.618109
vn -0.221097 -0.967674 0.121342
vn -0.422536 -0.898752 0.117085
vn -0.077737 -0.672653 -0.735864
vn -0.442008 -0.174226 -0.879929
vn -0.071899 -0.931105 -0.357596
vn 0.093026 -0.933315 0.346798
vn -0.502671 -0.862788 -0.054022
vn -0.423246 -0.887731 0.181099
vn -0.541504 -0.838075 0.066366
vn 0.268845 -0.719520 0.640323
vn -0.047112 -0.919194 0.390978
vn -0.221097 -0.967674 0.121342
vn -0.071899 -0.931105 -0.357596
vn 0.295402 -0.624350 0.723136
vn 0.093026 -0.933315 0.346798
vn 0.006086 -0.999939 0.009241
vn 0.095868 -0.982156 0.161801
vn 0.037397 -0.993942 0.103348
vn -0.221097 -0.967674 0.121342
vn -0.047112 -0.919194 0.390978
vn -0.422536 -0.898752 0.117085
vn -0.422536 -0.898752 0.117085
vn -0.047112 -0.919194 0.390978
vn -0.502671 -0.862788 -0.054022
vn 0.268845 -0.719520 0.640323
vn 0.093026 -0.933315 0.346798
vn 0.294400 -0.646402 0.703913
vn 0.205547 -0.894686 0.396594
vn 0.037397 -0.993942 0.103348
vn 0.095868 -0.982156 0.161801
vn 0.093026 -0.933315 0.346798
vn 0.268845 -0.719520 0.640323
vn -0.221097 -0.967674 0.121342
vn 0.268845 -0.719520 0.640323
vn 0.271249 -0.827332 0.491879
vn 0.199446 -0.912482 0.357209
vn 0.461459 -0.872115 -0.162701
vn -0.111957 -0.987514 -0.110824
vn 0.613496 -0.474632 -0.631148
vn 0.461459 -0.872115 -0.162701
vn 0.421862 -0.758353 -0.496923
vn 0.362935 -0.781247 0.507870
vn 0.041541 -0.906195 0.420815
vn 0.030992 -0.998373 -0.047858
vn -0.033773 -0.997839 -0.056363
vn -0.033773 -0.997839 -0.056363
vn 0.030992 -0.998373 -0.047858
vn -0.307690 -0.343084 -0.887480
vn 0.186209 -0.875698 0.445510
vn 0.204502 -0.678364 0.705692
vn -0.062832 -0.998022 0.002023
vn 0.078914 -0.962632 0.259061
vn 0.204502 -0.678364 0.705692
vn 0.250467 -0.672885 0.696055
vn -0.003715 -0.999961 0.008058
vn 0.054537 -0.996202 0.067880
vn 0.092269 -0.951680 0.292902
vn 0.037397 -0.993942 0.103348
vn 0.205547 -0.894686 0.396594
vn 0.222355 -0.849138 0.479085
vn 0.016461 -0.721820 -0.691885
vn -0.111957 -0.987514 -0.110824
vn -0.033773 -0.997839 -0.056363
vn 0.093026 -0.933315 0.346798
vn -0.510089 -0.033336 -0.859475
vn -0.442008 -0.174226 -0.879929
vn 0.001255 -0.999999 -0.000588
vn -0.000294 -1.000000 -0.000624
vn -0.000727 -1.000000 -0.000192
vn -0.000186 -1.000000 -0.000806
vn -0.000727 -1.000000 -0.000192
vn -0.000294 -1.000000 -0.000624
vn -0.028185 -0.996473 -0.079038
vn -0.000197 -1.000000 0.000202
vn 0.000380 -1.000000 -0.000514
vn -0.066984 -0.862508 -0.501591
vn -0.137314 -0.685854 -0.714667
vn -0.083376 -0.732894 -0.675215
vn -0.155332 -0.893985 -0.420312
vn -0.004483 -0.999846 -0.016973
vn -0.069116 -0.985555 -0.154610
vn -0.000197 -1.000000 0.000202
vn 0.000000 -1.000000 0.000000
vn -0.000294 -1.000000 -0.000624
vn -0.031411 -0.991960 -0.122589
vn -0.004483 -0.999846 -0.016973
vn -0.155332 -0.893985 -0.420312
vn -0.000197 -1.000000 0.000202
vn -0.004483 -0.999846 -0.016973
vn 0.000000 -1.000000 0.000000
vn -0.028185 -0.996473 -0.079038
vn -0.069116 -0.985555 -0.154610
vn -0.000197 -1.000000 0.000202
vn -0.000197 -1.000000 0.000202
vn -0.069116 -0.985555 -0.154610
vn -0.004483 -0.999846 -0.016973
vn 0.001255 -0.999999 -0.000588
vn 0.000173 -1.000000 0.000673
vn 0.000273 -1.000000 -0.000704
vn -0.066984 -0.862508 -0.501591
vn -0.002398 -0.999221 -0.039395
vn 0.013456 -0.998420 -0.054555
vn -0.000509 -1.000000 0.000532
vn 0.000834 -0.999998 -0.002002
vn 0.001482 -0.999999 -0.000358
vn -0.048923 -0.865849 -0.497907
vn -0.011112 -0.858049 -0.513447
vn -0.116765 -0.841108 -0.528113
vn 0.000173 -1.000000 0.000673
vn 0.001255 -0.999999 -0.000588
vn 0.000388 -1.000000 0.000614
vn 0.000133 -1.000000 0.000385
vn 0.001482 -0.999999 -0.000358
vn -0.001997 -0.999904 -0.013700
vn 0.000040 -1.000000 0.000033
vn -0.000450 -0.999999 0.001407
vn 0.000388 -1.000000 0.000614
vn 0.000087 -1.000000 0.000474
vn 0.001754 -0.999998 0.000887
vn -0.000325 -1.000000 0.000629
vn -0.001997 -0.999904 -0.013700
vn 0.000011 -0.999999 -0.001149
vn 0.000133 -1.000000 0.000385
vn 0.013456 -0.998420 -0.054555
vn -0.092772 -0.938042 -0.333873
vn -0.066984 -0.862508 -0.501591
vn 0.000380 -1.000000 -0.000514
vn 0.000273 -1.000000 -0.000704
vn -0.002398 -0.999221 -0.039395
vn 0.000011 -0.999999 -0.001149
vn 0.000273 -1.000000 -0.000704
vn 0.000133 -1.000000 0.000385
vn 0.013456 -0.998420 -0.054555
vn -0.002398 -0.999221 -0.039395
vn 0.000011 -0.999999 -0.001149
vn 0.000273 -1.000000 -0.000704
vn 0.000011 -0.999999 -0.001149
vn -0.002398 -0.999221 -0.039395
vn 0.000000 -1.000000 0.000000
vn 0.000651 -1.000000 -0.000479
vn 0.000165 -1.000000 -0.000466
vn 0.000218 -1.000000 0.000074
vn 0.000651 -1.000000 -0.000479
vn -0.000331 -0.999999 -0.001094
vn 0.041815 -0.987086 0.154641
vn 0.140585 -0.914349 0.379739
vn 0.139136 -0.934086 0.328824
vn -0.022840 -0.994591 -0.101332
vn 0.041815 -0.987086 0.154641
vn -0.004599 -0.999862 -0.015989
vn -0.014153 -0.995944 -0.088858
vn 0.000000 -1.000000 0.000000
vn -0.000285 -1.000000 -0.000586
vn -0.000285 -1.000000 -0.000586
vn 0.000000 -1.000000 0.000000
vn 0.000000 -1.000000 0.000000
vn 0.033383 -0.994053 -0.103654
vn 0.000000 -1.000000 0.000000
vn -0.014153 -0.995944 -0.088858
vn 0.000000 -1.000000 0.000000
vn 0.000000 -1.000000 0.000000
vn 0.000000 -1.000000 0.000000
vn -0.016139 -0.998960 -0.042637
vn -0.038705 -0.971945 -0.232004
vn -0.000148 -0.999999 -0.001100
vn -0.000285 -1.000000 -0.000586
vn -0.000148 -0.999999 -0.001100
vn -0.038705 -0.971945 -0.232004
vn -0.077737 -0.672653 -0.735864
vn 0.446645 -0.646877 -0.618109
vn 0.016461 -0.721820 -0.691885
vn -0.422536 -0.898752 0.117085
vn 0.030720 -0.991452 0.126806
vn -0.077737 -0.672653 -0.735864
vn -0.423246 -0.887731 0.181099
vn -0.502671 -0.862788 -0.054022
vn -0.047112 -0.919194 0.390978
vn -0.299279 -0.863539 0.405873
vn -0.502671 -0.862788 -0.054022
vn -0.541504 -0.838075 0.066366
vn 0.294400 -0.646402 0.703913
vn 0.295402 -0.624350 0.723136
vn 0.222355 -0.849138 0.479085
vn 0.268845 -0.719520 0.640323
vn 0.294400 -0.646402 0.703913
vn 0.271249 -0.827332 0.491879
vn 0.261762 -0.660255 0.703949
vn 0.222355 -0.849138 0.479085
vn 0.295402 -0.624350 0.723136
vn 0.054537 -0.996202 0.067880
vn 0.222355 -0.849138 0.479085
vn 0.092269 -0.951680 0.292902
vn 0.271249 -0.827332 0.491879
vn 0.294400 -0.646402 0.703913
vn 0.205547 -0.894686 0.396594
vn 0.222355 -0.849138 0.479085
vn 0.205547 -0.894686 0.396594
vn 0.294400 -0.646402 0.703913
vn 0.112485 -0.930478 0.348651
vn 0.261762 -0.660255 0.703949
vn 0.295402 -0.624350 0.723136
vn 0.092269 -0.951680 0.292902
vn 0.261762 -0.660255 0.703949
vn 0.128842 -0.694558 0.707805
vn 0.000478 -1.000000 -0.000582
vn -0.000109 -1.000000 0.000100
vn -0.003715 -0.999961 0.008058
vn 0.222355 -0.849138 0.479085
vn 0.054537 -0.996202 0.067880
vn 0.037397 -0.993942 0.103348
vn -0.003715 -0.999961 0.008058
vn -0.000109 -1.000000 0.000100
vn 0.054537 -0.996202 0.067880
vn -0.000111 -1.000000 0.000082
vn -0.000683 -1.000000 0.000583
vn -0.000109 -1.000000 0.000100
vn 0.205547 -0.894686 0.396594
vn 0.095868 -0.982156 0.161801
vn 0.271249 -0.827332 0.491879
vn 0.037397 -0.993942 0.103348
vn -0.000109 -1.000000 0.000100
vn 0.006086 -0.999939 0.009241
vn 0.006688 -0.999977 0.001469
vn 0.036272 -0.997839 0.054795
vn 0.006086 -0.999939 0.009241
vn 0.111348 -0.920332 0.374954
vn -0.047112 -0.919194 0.390978
vn 0.199446 -0.912482 0.357209
vn 0.095868 -0.982156 0.161801
vn 0.036272 -0.997839 0.054795
vn 0.199446 -0.912482 0.357209
vn 0.006688 -0.999977 0.001469
vn 0.059875 -0.993877 0.092865
vn 0.036272 -0.997839 0.054795
vn 0.006086 -0.999939 0.009241
vn 0.036272 -0.997839 0.054795
vn 0.095868 -0.982156 0.161801
vn 0.006688 -0.999977 0.001469
vn 0.000500 -0.999996 -0.002715
vn 0.059875 -0.993877 0.092865
vn 0.038629 -0.989422 0.139826
vn 0.021823 -0.999734 0.007426
vn 0.391297 -0.898807 -0.197565
vn 0.111348 -0.920332 0.374954
vn 0.199446 -0.912482 0.357209
vn 0.059875 -0.993877 0.092865
vn 0.111348 -0.920332 0.374954
vn 0.038629 -0.989422 0.139826
vn 0.036641 -0.988070 0.149586
vn 0.021823 -0.999734 0.007426
vn 0.038629 -0.989422 0.139826
vn 0.059875 -0.993877 0.092865
vn 0.461459 -0.872115 -0.162701
vn 0.613496 -0.474632 -0.631148
vn 0.446645 -0.646877 -0.618109
vn -0.111957 -0.987514 -0.110824
vn 0.016461 -0.721820 -0.691885
vn 0.613496 -0.474632 -0.631148
vn -0.307690 -0.343084 -0.887480
vn 0.030992 -0.998373 -0.047858
vn -0.371723 -0.473772 -0.798350
vn -0.510089 -0.033336 -0.859475
vn -0.307690 -0.343084 -0.887480
vn -0.442008 -0.174226 -0.879929
vn -0.077737 -0.672653 -0.735864
vn 0.093026 -0.933315 0.346798
vn -0.221097 -0.967674 0.121342
vn -0.307690 -0.343084 -0.887480
vn -0.510089 -0.033336 -0.859475
vn 0.016461 -0.721820 -0.691885
vn 0.000011 -0.999999 -0.001149
vn -0.001997 -0.999904 -0.013700
vn 0.013456 -0.998420 -0.054555
vn 0.001482 -0.999999 -0.000358
vn 0.001754 -0.999998 0.000887
vn -0.000509 -1.000000 0.000532
vn -0.042755 -0.988683 -0.143802
vn 0.000834 -0.999998 -0.002002
vn -0.003061 -0.999989 -0.003654
vn -0.001997 -0.999904 -0.013700
vn 0.000834 -0.999998 -0.002002
vn -0.042755 -0.988683 -0.143802
vn -0.004339 -0.978243 -0.207416
vn -0.048923 -0.865849 -0.497907
vn -0.042755 -0.988683 -0.143802
vn -0.070916 -0.966772 -0.245608
vn -0.137314 -0.685854 -0.714667
vn -0.092772 -0.938042 -0.333873
vn -0.004339 -0.978243 -0.207416
vn -0.017707 -0.943502 -0.330893
vn 0.029825 -0.915011 -0.402326
vn -0.011112 -0.858049 -0.513447
vn -0.048923 -0.865849 -0.497907
vn 0.121142 -0.959841 -0.253041
vn 0.029825 -0.915011 -0.402326
vn 0.154706 -0.976484 -0.150148
vn 0.305924 -0.949483 -0.069953
vn -0.004339 -0.978243 -0.207416
vn 0.029825 -0.915011 -0.402326
vn -0.048923 -0.865849 -0.497907
vn 0.000000 -1.000000 0.000000
vn 0.000165 -1.000000 -0.000466
vn 0.000000 -1.000000 0.000000
vn -0.001400 -0.999999 -0.000319
vn 0.000000 -1.000000 0.000000
vn 0.000165 -1.000000 -0.000466
vn 0.000000 -1.000000 0.000000
vn 0.000651 -1.000000 -0.000479
vn 0.000000 -1.000000 0.000000
vn -0.001371 -0.999999 -0.000586
vn -0.000331 -0.999999 -0.001094
vn -0.000919 -1.000000 0.000436
vn -0.000402 -1.000000 0.000251
vn -0.000162 -1.000000 0.000107
vn 0.000000 -1.000000 0.000000
vn -0.000732 -1.000000 -0.000397
vn -0.000211 -1.000000 0.000009
vn -0.002093 -0.999991 -0.003566
vn -0.000732 -1.000000 -0.000397
vn -0.000402 -1.000000 0.000251
vn -0.000211 -1.000000 0.000009
vn 0.000141 -1.000000 0.000797
vn -0.001371 -0.999999 -0.000586
vn -0.000402 -1.000000 0.000251
vn 0.000218 -1.000000 0.000074
vn 0.000165 -1.000000 -0.000466
vn 0.000651 -1.000000 -0.000479
vn -0.000732 -1.000000 -0.000397
vn 0.000218 -1.000000 0.000074
vn -0.000402 -1.000000 0.000251
vn -0.042755 -0.988683 -0.143802
vn -0.003061 -0.999989 -0.003654
vn -0.004339 -0.978243 -0.207416
vn -0.000509 -1.000000 0.000532
vn -0.003061 -0.999989 -0.003654
vn 0.000834 -0.999998 -0.002002
vn 0.092449 -0.867435 0.488886
vn 0.121142 -0.959841 -0.253041
vn 0.126937 -0.803339 0.581836
vn -0.011112 -0.858049 -0.513447
vn 0.149098 -0.981064 0.123627
vn -0.083376 -0.732894 -0.675215
vn 0.090944 -0.886040 0.454601
vn -0.103316 -0.799114 -0.592235
vn -0.083376 -0.732894 -0.675215
vn -0.070916 -0.966772 -0.245608
vn 0.013456 -0.998420 -0.054555
vn -0.001997 -0.999904 -0.013700
vn -0.001997 -0.999904 -0.013700
vn -0.042755 -0.988683 -0.143802
vn -0.070916 -0.966772 -0.245608
vn -0.042755 -0.988683 -0.143802
vn -0.048923 -0.865849 -0.497907
vn -0.116765 -0.841108 -0.528113
vn -0.137314 -0.685854 -0.714667
vn -0.116765 -0.841108 -0.528113
vn -0.011112 -0.858049 -0.513447
vn -0.042755 -0.988683 -0.143802
vn -0.116765 -0.841108 -0.528113
vn -0.070916 -0.966772 -0.245608
vn 0.000866 -0.999999 -0.000807
vn 0.000989 -1.000000 -0.000220
vn 0.001266 -0.999998 -0.001470
vn -0.000582 -0.999999 0.000914
vn -0.000304 -1.000000 0.000129
vn 0.000000 -1.000000 0.000000
vn 0.000000 -1.000000 0.000000
vn -0.000582 -0.999999 0.000914
vn 0.000000 -1.000000 0.000000
vn -0.000582 -0.999999 0.000914
vn -0.000919 -1.000000 0.000436
vn 0.000989 -1.000000 -0.000220
vn 0.000862 -1.000000 -0.000114
vn 0.000311 -1.000000 0.000003
vn 0.000956 -0.999999 -0.000851
vn 0.000989 -1.000000 -0.000220
vn -0.000919 -1.000000 0.000436
vn 0.001266 -0.999998 -0.001470
vn -0.000515 -0.999999 0.001268
vn 0.000311 -1.000000 0.000003
vn 0.000566 -1.000000 0.000751
vn -0.000582 -0.999999 0.000914
vn 0.000989 -1.000000 -0.000220
vn 0.000311 -1.000000 0.000003
vn -0.000919 -1.000000 0.000436
vn -0.000331 -0.999999 -0.001094
vn 0.001266 -0.999998 -0.001470
vn 0.000866 -0.999999 -0.000807
vn 0.001266 -0.999998 -0.001470
vn -0.000331 -0.999999 -0.001094
vn 0.000200 -1.000000 0.000220
vn -0.000515 -0.999999 0.001268
vn 0.000566 -1.000000 0.000751
vn -0.000582 -0.999999 0.000914
vn -0.000515 -0.999999 0.001268
vn -0.000304 -1.000000 0.000129
vn -0.000402 -1.000000 0.000251
vn 0.000218 -1.000000 0.000074
vn 0.000141 -1.000000 0.000797
vn 0.000165 -1.000000 -0.000466
vn 0.000218 -1.000000 0.000074
vn -0.000732 -1.000000 -0.000397
vn 0.022443 -0.905056 0.424701
vn -0.103316 -0.799114 -0.592235
vn 0.090944 -0.886040 0.454601
vn -0.099441 -0.890448 -0.444088
vn -0.162056 -0.644385 -0.747332
vn -0.187102 -0.693205 -0.696031
vn -0.000331 -0.999999 -0.001094
vn -0.001371 -0.999999 -0.000586
vn 0.000141 -1.000000 0.000797
vn -0.000820 -0.999999 0.000706
vn -0.001371 -0.999999 -0.000586
vn -0.000919 -1.000000 0.000436
vn -0.007551 -0.999969 0.002281
vn -0.000820 -0.999999 0.000706
vn 0.000000 -1.000000 0.000000
vn -0.000820 -0.999999 0.000706
vn -0.000162 -1.000000 0.000107
vn -0.001371 -0.999999 -0.000586
vn -0.011112 -0.858049 -0.513447
vn -0.083376 -0.732894 -0.675215
vn -0.137314 -0.685854 -0.714667
vn 0.090944 -0.886040 0.454601
vn -0.083376 -0.732894 -0.675215
vn 0.149098 -0.981064 0.123627
vn 0.090944 -0.886040 0.454601
vn 0.149098 -0.981064 0.123627
vn 0.089813 -0.615704 0.782842
vn 0.022443 -0.905056 0.424701
vn 0.090944 -0.886040 0.454601
vn 0.080447 -0.552014 0.829945
vn 0.188196 -0.685847 0.702991
vn 0.022443 -0.905056 0.424701
vn 0.080447 -0.552014 0.829945
vn -0.162056 -0.644385 -0.747332
vn 0.022443 -0.905056 0.424701
vn -0.109526 -0.955341 -0.274460
vn 0.022443 -0.905056 0.424701
vn -0.162056 -0.644385 -0.747332
vn -0.103316 -0.799114 -0.592235
vn -0.002398 -0.999221 -0.039395
vn -0.066984 -0.862508 -0.501591
vn -0.028185 -0.996473 -0.079038
vn -0.028185 -0.996473 -0.079038
vn -0.099441 -0.890448 -0.444088
vn -0.069116 -0.985555 -0.154610
vn -0.066984 -0.862508 -0.501591
vn -0.103316 -0.799114 -0.592235
vn -0.162056 -0.644385 -0.747332
vn -0.070916 -0.966772 -0.245608
vn -0.092772 -0.938042 -0.333873
vn 0.013456 -0.998420 -0.054555
vn -0.137314 -0.685854 -0.714667
vn -0.066984 -0.862508 -0.501591
vn -0.092772 -0.938042 -0.333873
vn -0.000043 -1.000000 -0.000044
vn -0.000057 -1.000000 0.000081
vn -0.001304 -0.999999 0.000787
vn -0.000057 -1.000000 0.000081
vn 0.000007 -1.000000 -0.000003
vn -0.001304 -0.999999 0.000787
vn -0.000473 -1.000000 0.000159
vn -0.000057 -1.000000 0.000081
vn -0.000043 -1.000000 -0.000044
vn 0.000007 -1.000000 -0.000003
vn -0.000057 -1.000000 0.000081
vn -0.000321 -1.000000 -0.000198
vn -0.000321 -1.000000 -0.000198
vn -0.001109 -0.999999 -0.000066
vn -0.000552 -1.000000 0.000231
vn 0.000007 -1.000000 -0.000003
vn 0.000000 -1.000000 0.000000
vn -0.001364 -0.999999 -0.000082
vn -0.000473 -1.000000 0.000159
vn -0.000580 -1.000000 -0.000654
vn -0.000321 -1.000000 -0.000198
vn -0.001109 -0.999999 -0.000066
vn -0.001663 -0.999999 -0.000378
vn -0.000550 -0.999999 0.001254
vn -0.000694 -0.999999 -0.001252
vn -0.000580 -1.000000 -0.000654
vn 0.000045 -1.000000 -0.000037
vn -0.000321 -1.000000 -0.000198
vn -0.000580 -1.000000 -0.000654
vn -0.001109 -0.999999 -0.000066
vn -0.000767 -0.999999 0.001088
vn -0.001663 -0.999999 -0.000378
vn -0.001312 -0.999998 0.001701
vn -0.000580 -1.000000 -0.000654
vn -0.001663 -0.999999 -0.000378
vn -0.001109 -0.999999 -0.000066
vn 0.000000 -1.000000 0.000000
vn 0.000000 -1.000000 0.000000
vn -0.000125 -1.000000 -0.000740
vn -0.001304 -0.999999 0.000787
vn -0.001364 -0.999999 -0.000082
vn -0.001282 -0.999999 -0.001206
vn -0.000321 -1.000000 -0.000198
vn -0.000552 -1.000000 0.000231
vn 0.000007 -1.000000 -0.000003
vn -0.000552 -1.000000 0.000231
vn -0.001109 -0.999999 -0.000066
vn -0.000550 -0.999999 0.001254
vn 0.028241 0.924770 0.379477
vn -0.084751 0.943812 0.319432
vn -0.148923 0.885217 0.440696
vn 0.466047 0.618595 -0.632567
vn -0.084751 0.943812 0.319432
vn 0.205507 0.970183 0.128496
vn 0.000955 -0.999999 -0.001179
vn 0.000000 -1.000000 -0.000002
vn -0.000235 -1.000000 -0.000695
vn -0.000125 -1.000000 -0.000740
vn 0.000955 -0.999999 -0.001179
vn -0.001282 -0.999999 -0.001206
vn -0.441237 -0.551411 -0.707994
vn -0.282486 0.561422 -0.777822
vn -0.713386 0.637899 -0.290112
vn -0.105405 0.966558 0.233785
vn -0.282486 0.561422 -0.777822
vn -0.322019 -0.399684 -0.858229
vn -0.000285 -1.000000 -0.000586
vn 0.000000 -1.000000 0.000000
vn 0.000000 -1.000000 0.000000
vn 0.000000 -1.000000 0.000000
vn 0.000000 -1.000000 0.000000
vn 0.000000 -1.000000 0.000000
vn 0.000817 -0.999999 0.000769
vn 0.000682 -1.000000 0.000772
vn -0.000315 -0.999999 0.001253
vn -0.000913 -0.999999 0.000999
vn 0.000682 -1.000000 0.000772
vn 0.000576 -1.000000 -0.000095
vn 0.000074 -1.000000 0.000720
vn 0.000000 -1.000000 0.000000
vn -0.000913 -0.999999 0.000999
vn 0.000000 -1.000000 0.000000
vn 0.000000 -1.000000 0.000000
vn 0.000000 -1.000000 0.000000
vn 0.000000 -1.000000 0.000000
vn 0.000000 -1.000000 0.000000
vn 0.000000 -1.000000 0.000000
vn 0.000682 -1.000000 0.000772
vn 0.000000 -1.000000 0.000000
vn -0.000315 -0.999999 0.001253
vn 0.000251 -1.000000 -0.000371
vn 0.000357 -1.000000 0.000308
vn -0.000180 -1.000000 0.000371
vn 0.000000 -1.000000 0.000000
vn 0.000357 -1.000000 0.000308
vn 0.000029 -1.000000 0.000010
vn 0.000019 -1.000000 -0.000059
vn 0.000000 -1.000000 0.000000
vn 0.000029 -1.000000 0.000010
vn 0.000000 -1.000000 0.000000
vn 0.000000 -1.000000 0.000000
vn 0.000000 -1.000000 0.000000
vn 0.007419 -0.999962 -0.004564
vn 0.123326 -0.987551 -0.097638
vn 0.000659 -1.000000 0.000061
vn 0.123326 -0.987551 -0.097638
vn 0.143398 -0.986551 -0.078444
vn 0.397360 -0.877897 -0.267211
vn -0.001470 -0.999999 -0.000982
vn 0.000311 -1.000000 -0.000349
vn 0.000815 -1.000000 -0.000385
vn -0.000325 -1.000000 0.000629
vn 0.000311 -1.000000 -0.000349
vn 0.000087 -1.000000 0.000474
vn 0.059875 -0.993877 0.092865
vn 0.000500 -0.999996 -0.002715
vn 0.021823 -0.999734 0.007426
vn 0.000260 -0.999999 0.001625
vn 0.000500 -0.999996 -0.002715
vn 0.006688 -0.999977 0.001469
vn -0.001304 -0.999999 0.000787
vn 0.000817 -0.999999 0.000769
vn -0.000315 -0.999999 0.001253
vn 0.000955 -0.999999 -0.001179
vn 0.000817 -0.999999 0.000769
vn -0.001282 -0.999999 -0.001206
vn -0.000405 -1.000000 0.000072
vn -0.000235 -1.000000 -0.000695
vn 0.000372 -0.999999 -0.001304
vn 0.000955 -0.999999 -0.001179
vn -0.000235 -1.000000 -0.000695
vn 0.000576 -1.000000 -0.000095
vn -0.000829 -0.999999 0.001112
vn -0.000656 -1.000000 0.000221
vn -0.000180 -1.000000 0.000371
vn -0.015585 -0.991155 -0.131793
vn -0.000656 -1.000000 0.000221
vn 0.000000 -1.000000 0.000000
vn -0.000696 -1.000000 0.000160
vn 0.000858 -0.999750 0.022350
vn 0.000000 -1.000000 0.000000
vn 0.062963 -0.969107 0.238469
vn 0.000858 -0.999750 0.022350
vn -0.000395 -1.000000 0.000635
vn 0.092449 -0.867435 0.488886
vn -0.011112 -0.858049 -0.513447
vn 0.121142 -0.959841 -0.253041
vn 0.089813 -0.615704 0.782842
vn 0.092449 -0.867435 0.488886
vn 0.062281 -0.852903 0.518342
vn 0.022299 -0.997087 0.072936
vn -0.127043 -0.968517 0.214089
vn -0.026573 -0.999438 0.020435
vn 0.062281 -0.852903 0.518342
vn -0.034337 -0.832515 0.552938
vn 0.022299 -0.997087 0.072936
vn 0.129132 -0.984339 0.120007
vn 0.126937 -0.803339 0.581836
vn 0.305924 -0.949483 -0.069953
vn 0.092449 -0.867435 0.488886
vn 0.126937 -0.803339 0.581836
vn -0.034337 -0.832515 0.552938
vn 0.062281 -0.852903 0.518342
vn 0.092449 -0.867435 0.488886
vn -0.034337 -0.832515 0.552938
vn -0.011112 -0.858049 -0.513447
vn 0.092449 -0.867435 0.488886
vn 0.149098 -0.981064 0.123627
vn -0.034337 -0.832515 0.552938
vn -0.127043 -0.968517 0.214089
vn 0.022299 -0.997087 0.072936
vn 0.089813 -0.615704 0.782842
vn 0.062281 -0.852903 0.518342
vn 0.001645 -0.905339 0.424686
vn 0.000053 -1.000000 -0.000075
vn 0.000050 -1.000000 0.000006
vn -0.000206 -1.000000 -0.000041
vn 0.022299 -0.997087 0.072936
vn -0.040317 -0.996343 0.075339
vn 0.062281 -0.852903 0.518342
vn -0.197965 -0.952429 0.231708
vn -0.127043 -0.968517 0.214089
vn -0.034337 -0.832515 0.552938
vn 0.000000 -1.000000 0.000000
vn 0.000060 -1.000000 0.000050
vn 0.000050 -1.000000 0.000006
vn 0.000000 -1.000000 0.000000
vn 0.000000 -1.000000 0.000000
vn 0.000000 -1.000000 0.000000
vn 0.000060 -1.000000 0.000050
vn 0.000000 -1.000000 0.000000
vn -0.000070 -1.000000 0.000135
vn 0.001645 -0.905339 0.424686
vn 0.055498 -0.860683 0.506108
vn 0.089813 -0.615704 0.782842
vn 0.149098 -0.981064 0.123627
vn 0.092449 -0.867435 0.488886
vn 0.089813 -0.615704 0.782842
vn 0.129132 -0.984339 0.120007
vn -0.006988 -0.953716 -0.300628
vn 0.077026 -0.985615 0.150431
vn -0.026573 -0.999438 0.020435
vn -0.249082 -0.943500 0.218556
vn -0.189713 -0.979226 0.071589
vn -0.032563 -0.997054 0.069443
vn 0.056734 -0.870289 0.489264
vn 0.086626 -0.934274 0.345873
vn 0.086626 -0.934274 0.345873
vn 0.065486 -0.997483 0.027174
vn 0.171298 -0.982169 0.077467
vn 0.000009 -1.000000 0.000059
vn -0.026573 -0.999438 0.020435
vn -0.039531 -0.999125 0.013634
vn -0.000202 -1.000000 0.000216
vn 0.000000 -1.000000 0.000000
vn 0.000053 -1.000000 -0.000075
vn 0.000050 -1.000000 0.000006
vn 0.000053 -1.000000 -0.000075
vn 0.000000 -1.000000 0.000000
vn -0.000202 -1.000000 0.000216
vn 0.000053 -1.000000 -0.000075
vn -0.000206 -1.000000 -0.000041
vn -0.197965 -0.952429 0.231708
vn -0.034337 -0.832515 0.552938
vn 0.129132 -0.984339 0.120007
vn -0.127043 -0.968517 0.214089
vn -0.249082 -0.943500 0.218556
vn -0.026573 -0.999438 0.020435
vn -0.089752 -0.989266 0.115316
vn -0.161280 -0.967010 0.197179
vn 0.171298 -0.982169 0.077467
vn -0.039531 -0.999125 0.013634
vn -0.026573 -0.999438 0.020435
vn -0.189713 -0.979226 0.071589
vn 0.027683 -0.999477 0.016724
vn 0.034332 -0.995559 0.087660
vn 0.084167 -0.995759 0.037151
vn 0.171298 -0.982169 0.077467
vn 0.034332 -0.995559 0.087660
vn -0.089752 -0.989266 0.115316
vn -0.249082 -0.943500 0.218556
vn -0.197965 -0.952429 0.231708
vn -0.161280 -0.967010 0.197179
vn -0.039531 -0.999125 0.013634
vn -0.189713 -0.979226 0.071589
vn -0.089752 -0.989266 0.115316
vn 0.034332 -0.995559 0.087660
vn -0.030382 -0.998201 0.051694
vn -0.089752 -0.989266 0.115316
vn -0.039531 -0.999125 0.013634
vn -0.000206 -1.000000 -0.000041
vn 0.000009 -1.000000 0.000059
vn 0.027683 -0.999477 0.016724
vn -0.000987 -0.999762 0.021816
vn 0.034332 -0.995559 0.087660
vn 0.034332 -0.995559 0.087660
vn -0.000987 -0.999762 0.021816
vn -0.030382 -0.998201 0.051694
vn -0.127043 -0.968517 0.214089
vn -0.197965 -0.952429 0.231708
vn -0.249082 -0.943500 0.218556
vn 0.129132 -0.984339 0.120007
vn 0.077026 -0.985615 0.150431
vn -0.197965 -0.952429 0.231708
vn 0.065486 -0.997483 0.027174
vn -0.210092 -0.945023 0.250585
vn -0.051764 -0.997080 0.056142
vn 0.084167 -0.995759 0.037151
vn 0.171298 -0.982169 0.077467
vn 0.065486 -0.997483 0.027174
vn 0.084167 -0.995759 0.037151
vn 0.034332 -0.995559 0.087660
vn 0.171298 -0.982169 0.077467
vn -0.210092 -0.945023 0.250585
vn 0.065486 -0.997483 0.027174
vn 0.086626 -0.934274 0.345873
vn -0.161280 -0.967010 0.197179
vn -0.089752 -0.989266 0.115316
vn -0.189713 -0.979226 0.071589
vn 0.077026 -0.985615 0.150431
vn 0.086626 -0.934274 0.345873
vn 0.171298 -0.982169 0.077467
vn -0.441636 -0.834647 -0.329123
vn 0.056734 -0.870289 0.489264
vn -0.032563 -0.997054 0.069443
vn -0.210092 -0.945023 0.250585
vn 0.056734 -0.870289 0.489264
vn -0.665187 -0.269012 0.696534
vn -0.249082 -0.943500 0.218556
vn -0.161280 -0.967010 0.197179
vn -0.189713 -0.979226 0.071589
vn 0.077026 -0.985615 0.150431
vn 0.171298 -0.982169 0.077467
vn -0.161280 -0.967010 0.197179
vn -0.000206 -1.000000 -0.000041
vn -0.039531 -0.999125 0.013634
vn -0.000287 -1.000000 -0.000031
vn -0.089752 -0.989266 0.115316
vn -0.030382 -0.998201 0.051694
vn -0.039531 -0.999125 0.013634
vn 0.000129 -1.000000 0.000334
vn -0.030382 -0.998201 0.051694
vn -0.000987 -0.999762 0.021816
vn -0.039531 -0.999125 0.013634
vn -0.030382 -0.998201 0.051694
vn -0.000287 -1.000000 -0.000031
vn 0.000041 -1.000000 0.000056
vn 0.000129 -1.000000 0.000334
vn -0.000987 -0.999762 0.021816
vn -0.000202 -1.000000 0.000216
vn 0.000129 -1.000000 0.000334
vn -0.000103 -1.000000 0.000276
vn 0.362935 -0.781247 0.507870
vn 0.113336 -0.906397 0.406940
vn 0.081381 -0.894237 0.440133
vn 0.151817 -0.978441 0.140016
vn 0.362935 -0.781247 0.507870
vn 0.421862 -0.758353 -0.496923
vn 0.000000 -1.000000 0.000000
vn 0.000000 -1.000000 0.000000
vn 0.000000 -1.000000 0.000000
vn 0.000000 -1.000000 0.000000
vn 0.000000 -1.000000 0.000000
vn 0.000000 -1.000000 0.000000
vn 0.000000 -1.000000 0.000000
vn 0.000000 -1.000000 0.000000
vn 0.000000 -1.000000 0.000000
vn 0.000866 -0.999999 -0.000807
vn 0.000000 -1.000000 0.000000
vn 0.000002 -1.000000 0.000028
vn 0.000000 -1.000000 0.000000
vn 0.000000 -1.000000 0.000000
vn 0.000000 -1.000000 0.000000
vn 0.000000 -1.000000 0.000000
vn 0.000000 -1.000000 0.000000
vn 0.000002 -1.000000 0.000028
vn 0.067489 -0.983250 0.169307
vn 0.181842 -0.973861 0.136120
vn 0.199619 -0.974169 0.105581
vn 0.134372 -0.987275 0.085044
vn 0.181842 -0.973861 0.136120
vn 0.139136 -0.934086 0.328824
vn 0.013881 -0.880785 -0.473312
vn -0.049781 -0.928844 -0.367111
vn 0.076491 -0.985332 -0.152547
vn -0.038705 -0.971945 -0.232004
vn 0.048811 -0.956927 -0.286198
vn -0.049781 -0.928844 -0.367111
vn 0.000445 -0.999999 0.001443
vn -0.000509 -1.000000 0.000532
vn 0.001754 -0.999998 0.000887
vn 0.000133 -1.000000 0.000385
vn 0.000273 -1.000000 -0.000704
vn -0.000325 -1.000000 0.000629
vn 0.000445 -0.999999 0.001443
vn 0.000087 -1.000000 0.000474
vn 0.000482 -0.999999 0.001706
vn -0.000509 -1.000000 0.000532
vn 0.000445 -0.999999 0.001443
vn -0.001922 -0.999996 0.002074
vn -0.003267 -0.999995 -0.000570
vn -0.000509 -1.000000 0.000532
vn -0.001922 -0.999996 0.002074
vn -0.003061 -0.999989 -0.003654
vn -0.000509 -1.000000 0.000532
vn -0.006878 -0.999976 -0.000504
vn -0.001997 -0.999904 -0.013700
vn 0.001482 -0.999999 -0.000358
vn 0.000834 -0.999998 -0.002002
vn 0.000133 -1.000000 0.000385
vn 0.001754 -0.999998 0.000887
vn 0.001482 -0.999999 -0.000358
vn 0.000173 -1.000000 0.000673
vn -0.000450 -0.999999 0.001407
vn -0.000325 -1.000000 0.000629
vn -0.000450 -0.999999 0.001407
vn 0.000311 -1.000000 -0.000349
vn -0.000325 -1.000000 0.000629
vn 0.000388 -1.000000 0.000614
vn -0.000450 -0.999999 0.001407
vn 0.000173 -1.000000 0.000673
vn 0.000311 -1.000000 -0.000349
vn -0.000450 -0.999999 0.001407
vn 0.000040 -1.000000 0.000033
vn -0.077737 -0.672653 -0.735864
vn 0.030720 -0.991452 0.126806
vn 0.446645 -0.646877 -0.618109
vn 0.093026 -0.933315 0.346798
vn -0.077737 -0.672653 -0.735864
vn -0.510089 -0.033336 -0.859475
vn -0.187102 -0.693205 -0.696031
vn -0.162056 -0.644385 -0.747332
vn -0.109526 -0.955341 -0.274460
vn -0.066984 -0.862508 -0.501591
vn -0.162056 -0.644385 -0.747332
vn -0.099441 -0.890448 -0.444088
vn -0.000767 -0.999999 0.001088
vn 0.000000 -1.000000 0.000000
vn -0.000550 -0.999999 0.001254
vn -0.000552 -1.000000 0.000231
vn -0.000550 -0.999999 0.001254
vn 0.000000 -1.000000 0.000000
vn 0.000000 -1.000000 0.000000
vn -0.000125 -1.000000 -0.000740
vn 0.000000 -1.000000 0.000000
vn -0.000125 -1.000000 -0.000740
vn 0.000000 -1.000000 0.000000
vn 0.000955 -0.999999 -0.001179
vn 0.000000 -1.000000 0.000000
vn 0.000000 -1.000000 0.000000
vn 0.000000 -1.000000 0.000000
vn -0.000972 -0.999997 0.002384
vn -0.000070 -1.000000 0.000135
vn 0.016841 -0.999486 0.027291
vn 0.000000 -1.000000 0.000000
vn 0.000000 -1.000000 0.000000
vn 0.000050 -1.000000 0.000006
vn 0.000000 -1.000000 0.000000
vn 0.000000 -1.000000 0.000000
vn 0.000000 -1.000000 0.000000
vn 0.016841 -0.999486 0.027291
vn 0.000000 -1.000000 0.000000
vn 0.000000 -1.000000 0.000000
vn 0.000000 -1.000000 0.000000
vn 0.000000 -1.000000 0.000000
vn -0.000070 -1.000000 0.000135
vn 0.055498 -0.860683 0.506108
vn 0.016841 -0.999486 0.027291
vn 0.119143 -0.862430 0.491954
vn -0.040317 -0.996343 0.075339
vn -0.000972 -0.999997 0.002384
vn 0.001645 -0.905339 0.424686
vn 0.080447 -0.552014 0.829945
vn 0.055498 -0.860683 0.506108
vn 0.119143 -0.862430 0.491954
vn 0.001645 -0.905339 0.424686
vn -0.000972 -0.999997 0.002384
vn 0.055498 -0.860683 0.506108
vn 0.062281 -0.852903 0.518342
vn -0.040317 -0.996343 0.075339
vn 0.001645 -0.905339 0.424686
vn 0.000060 -1.000000 0.000050
vn 0.022299 -0.997087 0.072936
vn 0.000009 -1.000000 0.000059
vn -0.000972 -0.999997 0.002384
vn 0.000060 -1.000000 0.000050
vn -0.000070 -1.000000 0.000135
vn 0.022299 -0.997087 0.072936
vn 0.000060 -1.000000 0.000050
vn -0.040317 -0.996343 0.075339
vn -0.108838 -0.902957 -0.415719
vn -0.022840 -0.994591 -0.101332
vn -0.004599 -0.999862 -0.015989
vn -0.031027 -0.926334 -0.375424
vn -0.022840 -0.994591 -0.101332
vn -0.207509 -0.799949 -0.563047
s off
g Clothes0
f 68/1/1 43/2/2 51/3/3
f 115/4/4 47/5/5 117/6/6
f 31/7/7 75/8/8 32/9/9
f 69/10/10 41/11/11 52/12/12
f 2/13/13 57/14/14 67/15/15
f 94/16/16 67/15/17 66/17/18
f 76/18/19 67/15/20 57/14/21
f 42/19/22 51/3/23 43/2/24
f 48/20/25 58/21/26 52/12/27
f 130/22/28 96/23/29 97/24/30
f 67/15/31 3/25/32 2/13/33
f 125/26/34 2/27/35 3/28/36
f 125/26/37 124/29/38 2/27/39
f 40/30/40 52/12/41 41/11/42
f 119/31/43 52/12/44 59/32/45
f 100/33/46 91/34/47 121/35/48
f 62/36/49 78/37/50 100/33/51
f 121/35/52 63/38/53 61/39/54
f 123/40/55 37/41/56 36/42/57
f 53/43/58 59/32/59 71/44/60
f 74/45/61 56/46/62 77/47/63
f 119/31/64 48/20/65 52/12/66
f 52/12/67 58/21/68 69/10/69
f 43/2/70 68/1/71 1/48/72
f 130/22/73 97/24/74 79/49/75
f 7/50/76 6/51/77 80/52/78
f 117/6/79 47/5/80 58/21/81
f 8/53/82 80/52/83 81/54/84
f 150/55/85 96/23/86 94/16/87
f 277/56/88 152/57/89 276/58/90
f 9/59/91 8/53/92 101/60/93
f 171/61/94 211/62/95 169/63/96
f 11/64/97 141/65/98 12/66/99
f 11/64/100 208/67/101 141/65/102
f 57/14/103 68/1/104 51/3/105
f 131/68/106 49/69/107 78/37/108
f 39/70/109 98/71/110 70/72/111
f 12/66/112 165/73/113 13/74/114
f 72/75/115 38/76/116 37/41/117
f 13/74/118 166/77/119 14/78/120
f 12/66/121 141/65/122 165/73/123
f 89/79/124 58/21/125 48/20/126
f 101/60/127 104/80/128 9/59/129
f 32/9/130 74/45/131 33/81/132
f 14/78/133 166/77/134 168/82/135
f 57/14/136 51/3/137 47/5/138
f 14/78/139 168/82/140 15/83/141
f 2/13/142 1/48/143 68/1/144
f 55/84/145 50/85/146 128/86/147
f 54/87/148 121/35/149 61/39/150
f 62/36/151 34/88/152 33/81/153
f 61/39/154 62/36/155 54/87/156
f 55/84/157 31/7/158 30/89/159
f 123/40/160 63/38/161 155/90/162
f 71/44/163 39/70/164 38/76/165
f 55/84/166 73/91/167 160/92/168
f 36/42/169 35/93/170 63/38/171
f 65/94/172 75/8/173 55/84/174
f 1/95/175 2/27/176 124/29/177
f 42/19/178 69/10/179 51/3/180
f 47/5/181 51/3/182 58/21/183
f 92/96/184 126/97/185 64/98/186
f 107/99/187 27/100/188 134/101/189
f 161/102/190 271/103/191 270/104/192
f 70/72/193 98/71/194 59/32/195
f 3/28/196 4/105/197 114/106/198
f 57/14/199 2/13/200 68/1/201
f 124/29/202 92/96/203 64/98/204
f 40/30/205 70/72/206 52/12/207
f 5/107/208 6/108/209 108/109/210
f 112/110/211 146/111/212 147/112/213
f 34/88/214 61/39/215 35/93/216
f 127/113/217 93/114/218 271/103/219
f 127/113/220 128/86/221 93/114/222
f 135/115/223 133/116/224 136/117/225
f 190/118/226 193/119/227 226/120/228
f 72/75/229 123/40/230 60/121/231
f 34/88/232 62/36/233 61/39/234
f 73/91/235 29/122/236 64/98/237
f 169/63/238 17/123/239 16/124/240
f 28/125/241 82/126/242 7/127/243
f 140/128/244 107/99/245 84/129/246
f 30/89/247 73/91/248 55/84/249
f 108/109/250 139/130/251 138/131/252
f 94/16/253 4/132/254 3/25/255
f 147/112/256 113/133/257 182/134/258
f 282/135/259 191/136/260 279/137/261
f 24/138/262 144/139/263 25/140/264
f 23/141/265 22/142/266 146/111/267
f 227/143/268 119/31/269 53/43/270
f 272/144/271 195/145/272 258/146/273
f 135/115/274 26/147/275 163/148/276
f 84/129/277 6/108/278 82/126/279
f 77/47/280 78/37/281 62/36/282
f 57/14/283 47/5/284 76/18/285
f 35/93/286 61/39/287 63/38/288
f 32/9/289 75/8/290 74/45/291
f 192/149/292 225/150/293 181/151/294
f 41/11/295 69/10/296 42/19/297
f 58/21/298 51/3/299 69/10/300
f 39/70/301 70/72/302 40/30/303
f 59/32/304 52/12/305 70/72/306
f 72/75/307 71/44/308 38/76/309
f 71/44/310 60/121/311 201/152/312
f 123/40/313 72/75/314 37/41/315
f 71/44/316 72/75/317 60/121/318
f 29/122/319 73/91/320 30/89/321
f 73/91/322 64/98/323 160/92/324
f 74/45/325 65/94/326 127/113/327
f 62/36/328 33/81/329 74/45/330
f 55/84/331 75/8/332 31/7/333
f 74/45/334 75/8/335 65/94/336
f 115/4/337 76/18/338 47/5/339
f 67/15/340 76/18/341 66/17/342
f 78/37/343 77/47/344 56/46/345
f 62/36/346 74/45/347 77/47/348
f 161/102/349 270/104/350 131/68/351
f 100/33/352 78/37/353 49/69/354
f 4/132/355 94/16/356 96/23/357
f 277/56/358 104/80/359 101/60/360
f 81/54/361 80/52/362 6/51/363
f 8/53/364 7/50/365 80/52/366
f 130/22/367 6/51/368 5/153/369
f 81/54/370 79/49/371 101/60/372
f 107/99/373 28/125/374 27/100/375
f 6/108/376 7/127/377 82/126/378
f 132/154/379 27/100/380 26/147/381
f 158/155/382 88/156/383 159/157/384
f 140/128/385 28/125/386 107/99/387
f 84/129/388 83/158/389 139/130/390
f 48/20/391 118/159/392 89/79/393
f 180/160/394 187/161/395 87/162/396
f 207/163/397 131/68/398 99/164/399
f 238/165/400 204/166/401 240/167/402
f 20/168/403 148/169/404 21/170/405
f 183/171/406 147/112/407 182/134/408
f 138/131/409 4/105/410 5/107/411
f 126/97/412 158/155/413 129/172/414
f 48/20/415 119/31/416 118/159/417
f 89/79/418 44/173/419 115/4/420
f 199/174/421 153/175/422 198/176/423
f 44/173/424 89/79/425 118/159/426
f 230/177/427 229/178/428 120/179/429
f 121/35/430 155/90/431 63/38/432
f 92/96/433 125/26/434 114/106/435
f 126/97/436 92/96/437 157/180/438
f 129/172/439 93/114/440 128/86/441
f 268/181/442 270/104/443 271/103/444
f 67/15/445 94/16/446 3/25/447
f 66/17/448 150/55/449 94/16/450
f 150/55/451 115/4/452 116/182/453
f 150/55/454 116/182/455 95/183/456
f 97/24/457 96/23/458 95/183/459
f 5/153/460 4/132/461 96/23/462
f 97/24/463 95/183/464 196/184/465
f 79/49/466 81/54/467 130/22/468
f 39/70/469 71/44/470 98/71/471
f 59/32/472 98/71/473 71/44/474
f 131/68/475 78/37/476 161/102/477
f 278/185/478 45/186/479 234/187/480
f 91/34/481 100/33/482 49/69/483
f 62/36/484 100/33/485 54/87/486
f 81/54/487 101/60/488 8/53/489
f 116/182/490 196/184/491 95/183/492
f 151/188/493 272/144/494 197/189/495
f 257/190/496 220/191/497 256/192/498
f 109/193/499 256/192/500 220/191/501
f 104/80/502 286/194/503 9/59/504
f 277/56/505 101/60/506 79/49/507
f 104/80/508 103/195/509 286/194/510
f 144/139/511 133/116/512 163/148/513
f 241/196/514 204/166/515 105/197/516
f 83/158/517 203/198/518 139/130/519
f 106/199/520 203/198/521 114/106/522
f 27/100/523 132/154/524 134/101/525
f 83/158/526 84/129/527 107/99/528
f 6/108/529 84/129/530 108/109/531
f 108/109/532 84/129/533 139/130/534
f 9/59/535 286/194/536 10/200/537
f 217/201/538 215/202/539 142/203/540
f 253/204/541 236/205/542 233/206/543
f 177/207/544 179/208/545 149/209/546
f 183/171/547 185/210/548 112/110/549
f 189/211/550 145/212/551 185/210/552
f 188/213/553 183/171/554 87/162/555
f 111/214/556 144/139/557 145/212/558
f 20/168/559 174/215/560 148/169/561
f 148/169/562 149/209/563 113/133/564
f 114/106/565 4/105/566 138/131/567
f 114/106/568 88/156/569 157/180/570
f 115/4/571 44/173/572 116/182/573
f 76/18/574 115/4/575 66/17/576
f 151/188/577 116/182/578 44/173/579
f 196/184/580 116/182/581 197/189/582
f 58/21/583 89/79/584 117/6/585
f 115/4/586 117/6/587 89/79/588
f 227/143/589 90/216/590 119/31/591
f 261/217/592 247/218/593 260/219/594
f 53/43/595 119/31/596 59/32/597
f 118/159/598 119/31/599 90/216/600
f 201/152/601 202/220/602 156/221/603
f 231/222/604 200/223/605 91/34/606
f 100/33/607 121/35/608 54/87/609
f 155/90/610 121/35/611 91/34/612
f 122/224/613 155/90/614 200/223/615
f 156/221/616 228/225/617 201/152/618
f 63/38/619 123/40/620 36/42/621
f 123/40/622 122/224/623 202/220/624
f 64/98/625 29/122/626 124/29/627
f 1/95/628 124/29/629 29/122/630
f 114/106/631 125/26/632 3/28/633
f 124/29/634 125/26/635 92/96/636
f 126/97/637 157/180/638 158/155/639
f 160/92/640 126/97/641 129/172/642
f 74/45/643 127/113/644 56/46/645
f 128/86/646 127/113/647 65/94/648
f 55/84/649 128/86/650 65/94/651
f 129/172/652 128/86/653 50/85/654
f 129/172/655 50/85/656 160/92/657
f 268/181/658 129/172/659 46/226/660
f 6/51/661 130/22/662 81/54/663
f 96/23/664 130/22/665 5/153/666
f 161/102/667 78/37/668 56/46/669
f 278/185/670 162/227/671 207/163/672
f 26/147/673 25/140/674 163/148/675
f 132/154/676 105/197/677 134/101/678
f 137/228/679 86/229/680 136/117/681
f 105/197/682 132/154/683 135/115/684
f 239/230/685 105/197/686 204/166/687
f 107/99/688 134/101/689 239/230/690
f 26/147/691 135/115/692 132/154/693
f 133/116/694 137/228/695 136/117/696
f 136/117/697 86/229/698 206/231/699
f 105/197/700 135/115/701 136/117/702
f 133/116/703 111/214/704 137/228/705
f 189/211/706 186/232/707 111/214/708
f 108/109/709 138/131/710 5/107/711
f 114/106/712 138/131/713 106/199/714
f 83/158/715 238/165/716 203/198/717
f 139/130/718 106/199/719 138/131/720
f 84/129/721 82/126/722 140/128/723
f 28/125/724 140/128/725 82/126/726
f 10/200/727 286/194/728 208/67/729
f 210/233/730 165/73/731 141/65/732
f 243/234/733 218/235/734 220/191/735
f 214/236/736 213/237/737 143/238/738
f 170/239/739 15/83/740 167/240/741
f 175/241/742 177/207/743 149/209/744
f 24/138/745 23/141/746 172/242/747
f 133/116/748 144/139/749 111/214/750
f 172/242/751 144/139/752 24/138/753
f 145/212/754 172/242/755 146/111/756
f 22/142/757 21/170/758 173/243/759
f 145/212/760 146/111/761 112/110/762
f 173/243/763 146/111/764 22/142/765
f 147/112/766 173/243/767 148/169/768
f 174/215/769 20/168/770 19/244/771
f 147/112/772 148/169/773 113/133/774
f 18/245/775 175/241/776 19/244/777
f 211/62/778 171/61/779 175/241/780
f 150/55/781 95/183/782 96/23/783
f 115/4/784 150/55/785 66/17/786
f 118/159/787 195/145/788 44/173/789
f 198/176/790 118/159/791 90/216/792
f 152/57/793 197/189/794 276/58/795
f 97/24/796 152/57/797 79/49/798
f 230/177/799 120/179/800 289/246/801
f 44/173/802 195/145/803 151/188/804
f 231/222/805 232/247/806 154/248/807
f 234/187/808 251/249/809 253/204/810
f 200/223/811 155/90/812 91/34/813
f 123/40/814 155/90/815 122/224/816
f 202/220/817 237/250/818 156/221/819
f 229/178/820 199/174/821 228/225/822
f 114/106/823 157/180/824 92/96/825
f 158/155/826 157/180/827 88/156/828
f 88/156/829 203/198/830 159/157/831
f 129/172/832 158/155/833 46/226/834
f 107/99/835 239/230/836 83/158/837
f 158/155/838 159/157/839 254/251/840
f 160/92/841 50/85/842 55/84/843
f 64/98/844 126/97/845 160/92/846
f 271/103/847 56/46/848 127/113/849
f 266/252/850 268/181/851 46/226/852
f 232/247/853 233/206/854 154/248/855
f 207/163/856 232/247/857 131/68/858
f 144/139/859 163/148/860 25/140/861
f 135/115/862 163/148/863 133/116/864
f 263/253/865 264/254/866 102/255/867
f 210/233/868 209/256/869 109/193/870
f 141/65/871 209/256/872 210/233/873
f 166/77/874 165/73/875 142/203/876
f 165/73/877 166/77/878 13/74/879
f 142/203/880 167/240/881 168/82/882
f 222/257/883 213/237/884 214/236/885
f 143/238/886 169/63/887 170/239/888
f 142/203/889 168/82/890 166/77/891
f 15/83/892 168/82/893 167/240/894
f 170/239/895 169/63/896 16/124/897
f 169/63/898 143/238/899 171/61/900
f 15/83/901 170/239/902 16/124/903
f 170/239/904 167/240/905 214/236/906
f 178/258/907 176/259/908 177/207/909
f 175/241/910 149/209/911 174/215/912
f 146/111/913 172/242/914 23/141/915
f 144/139/916 172/242/917 145/212/918
f 148/169/919 173/243/920 21/170/921
f 146/111/922 173/243/923 147/112/924
f 175/241/925 174/215/926 19/244/927
f 148/169/928 174/215/929 149/209/930
f 211/62/931 175/241/932 18/245/933
f 178/258/934 212/260/935 143/238/936
f 194/261/937 184/262/938 188/213/939
f 180/160/940 182/134/941 179/208/942
f 212/260/943 175/241/944 171/61/945
f 179/208/946 177/207/947 176/259/948
f 212/260/949 178/258/950 177/207/951
f 143/238/952 213/237/953 178/258/954
f 180/160/955 179/208/956 176/259/957
f 149/209/958 179/208/959 113/133/960
f 192/149/961 181/151/962 187/161/963
f 182/134/964 180/160/965 87/162/966
f 187/161/967 193/119/968 192/149/969
f 225/150/970 190/118/971 224/263/972
f 183/171/973 182/134/974 87/162/975
f 179/208/976 182/134/977 113/133/978
f 188/213/979 185/210/980 183/171/981
f 147/112/982 183/171/983 112/110/984
f 87/162/985 194/261/986 188/213/987
f 111/214/988 186/232/989 137/228/990
f 184/262/991 186/232/992 189/211/993
f 145/212/994 112/110/995 185/210/996
f 284/264/997 184/262/998 282/135/999
f 86/229/1000 137/228/1001 186/232/1002
f 193/119/1003 180/160/1004 176/259/1005
f 181/151/1006 191/136/1007 194/261/1008
f 194/261/1009 87/162/1010 187/161/1011
f 184/262/1012 185/210/1013 188/213/1014
f 145/212/1015 189/211/1016 111/214/1017
f 184/262/1018 189/211/1019 185/210/1020
f 226/120/1021 176/259/1022 178/258/1023
f 219/265/1024 223/266/1025 110/267/1026
f 252/268/1027 250/269/1028 251/249/1029
f 45/186/1030 281/270/1031 252/268/1032
f 193/119/1033 187/161/1034 180/160/1035
f 225/150/1036 192/149/1037 190/118/1038
f 226/120/1039 193/119/1040 176/259/1041
f 192/149/1042 193/119/1043 190/118/1044
f 181/151/1045 194/261/1046 187/161/1047
f 194/261/1048 191/136/1049 184/262/1050
f 198/176/1051 195/145/1052 118/159/1053
f 257/190/1054 260/219/1055 259/271/1056
f 197/189/1057 116/182/1058 151/188/1059
f 97/24/1060 196/184/1061 152/57/1062
f 276/58/1063 197/189/1064 102/255/1065
f 196/184/1066 197/189/1067 152/57/1068
f 198/176/1069 90/216/1070 227/143/1071
f 195/145/1072 198/176/1073 153/175/1074
f 228/225/1075 53/43/1076 201/152/1077
f 230/177/1078 199/174/1079 229/178/1080
f 231/222/1081 91/34/1082 49/69/1083
f 200/223/1084 154/248/1085 249/272/1086
f 71/44/1087 201/152/1088 53/43/1089
f 202/220/1090 201/152/1091 60/121/1092
f 123/40/1093 202/220/1094 60/121/1095
f 237/250/1096 202/220/1097 122/224/1098
f 114/106/1099 203/198/1100 88/156/1101
f 139/130/1102 203/198/1103 106/199/1104
f 206/231/1105 241/196/1106 136/117/1107
f 238/165/1108 240/167/1109 159/157/1110
f 267/273/1111 269/274/1112 255/275/1113
f 46/226/1114 158/155/1115 254/251/1116
f 269/274/1117 206/231/1118 86/229/1119
f 206/231/1120 205/276/1121 241/196/1122
f 278/185/1123 207/163/1124 99/164/1125
f 207/163/1126 162/227/1127 232/247/1128
f 10/200/1129 208/67/1130 11/64/1131
f 209/256/1132 208/67/1133 164/277/1134
f 208/67/1135 209/256/1136 141/65/1137
f 242/278/1138 209/256/1139 164/277/1140
f 210/233/1141 109/193/1142 218/235/1143
f 142/203/1144 165/73/1145 210/233/1146
f 18/245/1147 17/123/1148 211/62/1149
f 169/63/1150 211/62/1151 17/123/1152
f 175/241/1153 212/260/1154 177/207/1155
f 143/238/1156 212/260/1157 171/61/1158
f 143/238/1159 170/239/1160 214/236/1161
f 110/267/1162 178/258/1163 213/237/1164
f 142/203/1165 215/202/1166 167/240/1167
f 214/236/1168 167/240/1169 215/202/1170
f 217/201/1171 142/203/1172 218/235/1173
f 215/202/1174 217/201/1175 219/265/1176
f 110/267/1177 223/266/1178 224/263/1179
f 215/202/1180 219/265/1181 222/257/1182
f 142/203/1183 210/233/1184 218/235/1185
f 219/265/1186 217/201/1187 216/279/1188
f 220/191/1189 218/235/1190 109/193/1191
f 216/279/1192 217/201/1193 218/235/1194
f 223/266/1195 219/265/1196 245/280/1197
f 110/267/1198 213/237/1199 222/257/1200
f 242/278/1201 256/192/1202 209/256/1203
f 243/234/1204 220/191/1205 85/281/1206
f 245/280/1207 243/234/1208 244/282/1209
f 85/281/1210 248/283/1211 244/282/1212
f 215/202/1213 222/257/1214 214/236/1215
f 110/267/1216 222/257/1217 219/265/1218
f 245/280/1219 219/265/1220 216/279/1221
f 224/263/1222 223/266/1223 221/284/1224
f 224/263/1225 221/284/1226 225/150/1227
f 224/263/1228 190/118/1229 226/120/1230
f 221/284/1231 245/280/1232 244/282/1233
f 181/151/1234 225/150/1235 250/269/1236
f 178/258/1237 110/267/1238 226/120/1239
f 224/263/1240 226/120/1241 110/267/1242
f 228/225/1243 227/143/1244 53/43/1245
f 198/176/1246 227/143/1247 199/174/1248
f 228/225/1249 156/221/1250 229/178/1251
f 227/143/1252 228/225/1253 199/174/1254
f 229/178/1255 156/221/1256 237/250/1257
f 154/248/1258 236/205/1259 288/285/1260
f 230/177/1261 289/246/1262 247/218/1263
f 153/175/1264 199/174/1265 230/177/1266
f 232/247/1267 231/222/1268 49/69/1269
f 154/248/1270 200/223/1271 231/222/1272
f 232/247/1273 49/69/1274 131/68/1275
f 232/247/1276 162/227/1277 233/206/1278
f 162/227/1279 234/187/1280 233/206/1281
f 251/249/1282 234/187/1283 45/186/1284
f 278/185/1285 234/187/1286 162/227/1287
f 250/269/1288 252/268/1289 181/151/1290
f 274/286/1291 275/287/1292 244/282/1293
f 233/206/1294 236/205/1295 154/248/1296
f 246/288/1297 287/289/1298 265/290/1299
f 288/285/1300 229/178/1301 249/272/1302
f 122/224/1303 200/223/1304 237/250/1305
f 237/250/1306 200/223/1307 249/272/1308
f 203/198/1309 238/165/1310 159/157/1311
f 239/230/1312 238/165/1313 83/158/1314
f 105/197/1315 239/230/1316 134/101/1317
f 238/165/1318 239/230/1319 204/166/1320
f 241/196/1321 240/167/1322 204/166/1323
f 267/273/1324 205/276/1325 269/274/1326
f 241/196/1327 105/197/1328 136/117/1329
f 240/167/1330 241/196/1331 205/276/1332
f 242/278/1333 264/254/1334 263/253/1335
f 272/144/1336 102/255/1337 197/189/1338
f 243/234/1339 85/281/1340 244/282/1341
f 218/235/1342 243/234/1343 216/279/1344
f 230/177/1345 247/218/1346 153/175/1347
f 274/286/1348 244/282/1349 248/283/1350
f 223/266/1351 245/280/1352 221/284/1353
f 243/234/1354 245/280/1355 216/279/1356
f 287/289/1357 246/288/1358 289/246/1359
f 265/290/1360 236/205/1361 235/291/1362
f 259/271/1363 246/288/1364 248/283/1365
f 257/190/1366 85/281/1367 220/191/1368
f 248/283/1369 85/281/1370 259/271/1371
f 274/286/1372 246/288/1373 265/290/1374
f 288/285/1375 236/205/1376 287/289/1377
f 237/250/1378 249/272/1379 229/178/1380
f 273/292/1381 250/269/1382 225/150/1383
f 251/249/1384 250/269/1385 235/291/1386
f 251/249/1387 235/291/1388 253/204/1389
f 252/268/1390 251/249/1391 45/186/1392
f 281/270/1393 45/186/1394 278/185/1395
f 181/151/1396 252/268/1397 191/136/1398
f 234/187/1399 253/204/1400 233/206/1401
f 235/291/1402 236/205/1403 253/204/1404
f 159/157/1405 240/167/1406 254/251/1407
f 46/226/1408 254/251/1409 240/167/1410
f 46/226/1411 240/167/1412 266/252/1413
f 266/252/1414 240/167/1415 267/273/1416
f 209/256/1417 256/192/1418 109/193/1419
f 257/190/1420 256/192/1421 242/278/1422
f 262/293/1423 257/190/1424 242/278/1425
f 262/293/1426 260/219/1427 257/190/1428
f 262/293/1429 263/253/1430 258/146/1431
f 153/175/1432 247/218/1433 261/217/1434
f 247/218/1435 289/246/1436 259/271/1437
f 85/281/1438 257/190/1439 259/271/1440
f 260/219/1441 258/146/1442 261/217/1443
f 247/218/1444 259/271/1445 260/219/1446
f 258/146/1447 195/145/1448 261/217/1449
f 195/145/1450 153/175/1451 261/217/1452
f 263/253/1453 262/293/1454 242/278/1455
f 260/219/1456 262/293/1457 258/146/1458
f 264/254/1459 242/278/1460 164/277/1461
f 263/253/1462 102/255/1463 272/144/1464
f 286/194/1465 264/254/1466 164/277/1467
f 276/58/1468 264/254/1469 103/195/1470
f 273/292/1471 265/290/1472 235/291/1473
f 274/286/1474 248/283/1475 246/288/1476
f 267/273/1477 240/167/1478 205/276/1479
f 268/181/1480 266/252/1481 255/275/1482
f 205/276/1483 206/231/1484 269/274/1485
f 255/275/1486 266/252/1487 267/273/1488
f 268/181/1489 255/275/1490 270/104/1491
f 268/181/1492 93/114/1493 129/172/1494
f 191/136/1495 282/135/1496 184/262/1497
f 255/275/1498 269/274/1499 280/294/1500
f 255/275/1501 99/164/1502 270/104/1503
f 131/68/1504 270/104/1505 99/164/1506
f 56/46/1507 271/103/1508 161/102/1509
f 93/114/1510 268/181/1511 271/103/1512
f 195/145/1513 272/144/1514 151/188/1515
f 263/253/1516 272/144/1517 258/146/1518
f 250/269/1519 273/292/1520 235/291/1521
f 225/150/1522 221/284/1523 275/287/1524
f 265/290/1525 273/292/1526 274/286/1527
f 273/292/1528 225/150/1529 275/287/1530
f 244/282/1531 275/287/1532 221/284/1533
f 273/292/1534 275/287/1535 274/286/1536
f 264/254/1537 276/58/1538 102/255/1539
f 277/56/1540 103/195/1541 104/80/1542
f 152/57/1543 277/56/1544 79/49/1545
f 277/56/1546 276/58/1547 103/195/1548
f 99/164/1549 280/294/1550 278/185/1551
f 252/268/1552 279/137/1553 191/136/1554
f 285/295/1555 278/185/1556 280/294/1557
f 86/229/1558 186/232/1559 284/264/1560
f 255/275/1561 280/294/1562 99/164/1563
f 269/274/1564 283/296/1565 285/295/1566
f 285/295/1567 281/270/1568 278/185/1569
f 252/268/1570 281/270/1571 279/137/1572
f 283/296/1573 282/135/1574 279/137/1575
f 284/264/1576 186/232/1577 184/262/1578
f 285/295/1579 283/296/1580 279/137/1581
f 269/274/1582 86/229/1583 283/296/1584
f 282/135/1585 283/296/1586 284/264/1587
f 86/229/1588 284/264/1589 283/296/1590
f 285/295/1591 279/137/1592 281/270/1593
f 269/274/1594 285/295/1595 280/294/1596
f 264/254/1597 286/194/1598 103/195/1599
f 208/67/1600 286/194/1601 164/277/1602
f 120/179/1603 229/178/1604 288/285/1605
f 265/290/1606 287/289/1607 236/205/1608
f 154/248/1609 288/285/1610 249/272/1611
f 120/179/1612 288/285/1613 287/289/1614
f 287/289/1615 289/246/1616 120/179/1617
f 259/271/1618 289/246/1619 246/288/1620
f 340/297/1621 357/298/1622 318/299/1623
f 385/300/1624 356/301/1625 355/302/1626
f 365/303/1627 356/301/1628 347/304/1629
f 319/305/1630 340/297/1631 318/299/1632
f 291/306/1633 347/304/1634 356/301/1635
f 359/307/1636 387/308/1637 349/309/1638
f 459/310/1639 513/311/1640 492/312/1641
f 385/300/1642 391/313/1643 293/314/1644
f 358/315/1645 320/316/1646 341/317/1647
f 291/306/1648 290/318/1649 357/298/1650
f 348/319/1651 341/317/1652 337/320/1653
f 419/321/1654 336/322/1655 421/323/1656
f 417/324/1657 416/325/1658 354/326/1659
f 356/301/1660 292/327/1661 291/306/1662
f 342/328/1663 349/309/1664 360/329/1665
f 353/330/1666 350/331/1667 361/332/1668
f 427/333/1669 383/334/1670 429/335/1671
f 423/336/1672 341/317/1673 349/309/1674
f 384/337/1675 354/326/1676 332/338/1677
f 320/316/1678 321/339/1679 341/317/1680
f 398/340/1681 402/341/1682 404/342/1683
f 364/343/1684 324/344/1685 325/345/1686
f 296/346/1687 295/347/1688 366/348/1689
f 341/317/1690 348/319/1691 358/315/1692
f 389/349/1693 295/347/1694 294/350/1695
f 307/351/1696 308/352/1697 453/353/1698
f 494/354/1699 513/311/1700 459/310/1701
f 393/355/1702 316/356/1703 317/357/1704
f 395/358/1705 316/356/1706 394/359/1707
f 394/359/1708 388/360/1709 395/358/1710
f 366/348/1711 368/361/1712 317/357/1713
f 347/304/1714 357/298/1715 340/297/1716
f 313/362/1717 314/363/1718 405/364/1719
f 405/364/1720 314/363/1721 401/365/1722
f 322/366/1723 387/308/1724 359/307/1725
f 362/367/1726 363/368/1727 352/369/1728
f 361/332/1729 323/370/1730 324/344/1731
f 312/371/1732 313/362/1733 437/372/1734
f 362/367/1735 351/373/1736 326/374/1737
f 313/362/1738 405/364/1739 437/372/1740
f 491/375/1741 310/376/1742 311/377/1743
f 496/378/1744 515/379/1745 495/380/1746
f 401/365/1747 395/358/1748 399/381/1749
f 380/382/1750 348/319/1751 337/320/1752
f 412/383/1753 505/384/1754 474/385/1755
f 347/304/1756 340/297/1757 336/322/1758
f 337/320/1759 341/317/1760 423/336/1761
f 318/299/1762 357/298/1763 290/318/1764
f 328/386/1765 379/387/1766 363/368/1767
f 363/368/1768 327/388/1769 328/386/1770
f 353/330/1771 351/373/1772 343/389/1773
f 352/369/1774 424/390/1775 351/373/1776
f 330/391/1777 344/392/1778 329/393/1779
f 343/389/1780 429/335/1781 353/330/1782
f 364/343/1783 351/373/1784 353/330/1785
f 331/394/1786 332/338/1787 354/326/1788
f 362/367/1789 326/374/1790 327/388/1791
f 379/387/1792 344/392/1793 378/395/1794
f 377/396/1795 417/324/1796 384/337/1797
f 321/339/1798 359/307/1799 341/317/1800
f 319/305/1801 358/315/1802 340/297/1803
f 290/397/1804 291/398/1805 384/337/1806
f 526/399/1807 415/400/1808 375/401/1809
f 347/304/1810 291/306/1811 357/298/1812
f 347/304/1813 336/322/1814 365/303/1815
f 377/396/1816 292/402/1817 469/403/1818
f 336/322/1819 340/297/1820 348/319/1821
f 526/399/1822 511/404/1823 339/405/1824
f 360/329/1825 322/366/1826 323/370/1827
f 410/406/1828 446/407/1829 445/408/1830
f 450/409/1831 411/410/1832 449/411/1833
f 304/412/1834 305/413/1835 477/414/1836
f 342/328/1837 381/415/1838 423/336/1839
f 497/416/1840 463/417/1841 342/328/1842
f 490/418/1843 306/419/1844 307/351/1845
f 490/418/1846 453/353/1847 455/420/1848
f 415/400/1849 378/395/1850 344/392/1851
f 354/326/1852 416/325/1853 376/421/1854
f 291/398/1855 292/402/1856 377/396/1857
f 301/422/1858 302/423/1859 449/411/1860
f 330/391/1861 331/394/1862 376/421/1863
f 459/310/1864 508/424/1865 509/425/1866
f 295/426/1867 296/427/1868 369/428/1869
f 369/428/1870 371/429/1871 295/426/1872
f 474/385/1873 502/430/1874 473/431/1875
f 570/432/1876 571/433/1877 475/434/1878
f 421/323/1879 336/322/1880 348/319/1881
f 448/435/1882 409/436/1883 371/429/1884
f 444/437/1885 407/438/1886 441/439/1887
f 443/440/1888 409/436/1889 298/441/1890
f 385/300/1891 293/314/1892 292/327/1893
f 301/422/1894 476/442/1895 300/443/1896
f 410/406/1897 294/444/1898 295/426/1899
f 294/444/1900 445/408/1901 293/445/1902
f 424/390/1903 382/446/1904 427/333/1905
f 326/374/1906 351/373/1907 325/345/1908
f 424/390/1909 425/447/1910 382/446/1911
f 428/448/1912 350/331/1913 353/330/1914
f 320/316/1915 358/315/1916 319/305/1917
f 348/319/1918 340/297/1919 358/315/1920
f 322/366/1921 359/307/1922 321/339/1923
f 349/309/1924 341/317/1925 359/307/1926
f 361/332/1927 360/329/1928 323/370/1929
f 342/328/1930 360/329/1931 350/331/1932
f 361/332/1933 324/344/1934 364/343/1935
f 360/329/1936 361/332/1937 350/331/1938
f 363/368/1939 362/367/1940 327/388/1941
f 351/373/1942 362/367/1943 352/369/1944
f 378/395/1945 418/449/1946 379/387/1947
f 363/368/1948 418/449/1949 425/447/1950
f 351/373/1951 364/343/1952 325/345/1953
f 361/332/1954 364/343/1955 353/330/1956
f 419/321/1957 365/303/1958 336/322/1959
f 356/301/1960 365/303/1961 355/302/1962
f 389/349/1963 368/361/1964 366/348/1965
f 317/357/1966 296/346/1967 366/348/1968
f 355/302/1969 391/313/1970 385/300/1971
f 402/341/1972 388/360/1973 396/450/1974
f 389/349/1975 366/348/1976 295/347/1977
f 431/451/1978 396/450/1979 394/359/1980
f 296/427/1981 297/452/1982 369/428/1983
f 409/436/1984 297/452/1985 298/441/1986
f 441/439/1987 298/441/1988 299/453/1989
f 511/404/1990 526/399/1991 581/454/1992
f 448/435/1993 297/452/1994 409/436/1995
f 371/429/1996 370/455/1997 446/407/1998
f 337/320/1999 422/456/2000 380/382/2001
f 537/457/2002 517/458/2003 533/459/2004
f 471/460/2005 472/461/2006 450/409/2007
f 545/462/2008 544/463/2009 514/464/2010
f 454/465/2011 487/466/2012 488/467/2013
f 454/465/2014 413/468/2015 453/353/2016
f 344/392/2017 330/391/2018 376/421/2019
f 416/325/2020 542/469/2021 375/401/2022
f 354/326/2023 376/421/2024 331/394/2025
f 376/421/2026 375/401/2027 415/400/2028
f 469/403/2029 447/470/2030 468/471/2031
f 417/324/2032 345/472/2033 416/325/2034
f 378/395/2035 339/405/2036 512/473/2037
f 418/449/2038 378/395/2039 346/474/2040
f 328/386/2041 329/393/2042 379/387/2043
f 344/392/2044 379/387/2045 329/393/2046
f 337/320/2047 423/336/2048 422/456/2049
f 380/382/2050 333/475/2051 419/321/2052
f 460/476/2053 461/477/2054 496/378/2055
f 398/340/2056 435/478/2057 433/479/2058
f 508/424/2059 459/310/2060 492/312/2061
f 427/333/2062 382/446/2063 513/311/2064
f 529/480/2065 543/481/2066 544/463/2067
f 461/477/2068 559/482/2069 428/448/2070
f 290/397/2071 384/337/2072 332/338/2073
f 377/396/2074 384/337/2075 291/398/2076
f 356/301/2077 385/300/2078 292/327/2079
f 355/302/2080 556/483/2081 391/313/2082
f 419/321/2083 420/484/2084 556/483/2085
f 389/349/2086 390/485/2087 392/486/2088
f 322/366/2089 360/329/2090 387/308/2091
f 349/309/2092 387/308/2093 360/329/2094
f 388/360/2095 394/359/2096 396/450/2097
f 388/360/2098 399/381/2099 395/358/2100
f 390/485/2101 389/349/2102 294/350/2103
f 367/487/2104 368/361/2105 389/349/2106
f 293/314/2107 390/485/2108 294/350/2109
f 392/486/2110 390/485/2111 386/488/2112
f 386/488/2113 390/485/2114 391/313/2115
f 293/314/2116 391/313/2117 390/485/2118
f 406/489/2119 386/488/2120 404/342/2121
f 389/349/2122 392/486/2123 367/487/2124
f 317/357/2125 368/361/2126 393/355/2127
f 368/361/2128 367/487/2129 431/451/2130
f 316/356/2131 393/355/2132 394/359/2133
f 393/355/2134 368/361/2135 431/451/2136
f 399/381/2137 400/490/2138 432/491/2139
f 316/356/2140 395/358/2141 315/492/2142
f 406/489/2143 392/486/2144 386/488/2145
f 404/342/2146 333/475/2147 436/493/2148
f 519/494/2149 484/495/2150 539/496/2151
f 315/492/2152 395/358/2153 401/365/2154
f 422/456/2155 333/475/2156 380/382/2157
f 400/490/2158 372/497/2159 432/491/2160
f 399/381/2161 388/360/2162 400/490/2163
f 401/365/2164 399/381/2165 397/498/2166
f 402/341/2167 400/490/2168 388/360/2169
f 433/479/2170 400/490/2171 398/340/2172
f 397/498/2173 403/499/2174 405/364/2175
f 315/492/2176 401/365/2177 314/363/2178
f 396/450/2179 367/487/2180 406/489/2181
f 400/490/2182 402/341/2183 398/340/2184
f 432/491/2185 439/500/2186 557/501/2187
f 488/467/2188 489/502/2189 454/465/2190
f 402/341/2191 396/450/2192 406/489/2193
f 386/488/2194 556/483/2195 420/484/2196
f 397/498/2197 405/364/2198 401/365/2199
f 405/364/2200 403/499/2201 437/372/2202
f 392/486/2203 406/489/2204 367/487/2205
f 402/341/2206 406/489/2207 404/342/2208
f 299/453/2209 467/503/2210 444/437/2211
f 560/504/2212 574/505/2213 572/506/2214
f 468/471/2215 345/472/2216 417/324/2217
f 524/507/2218 470/508/2219 408/509/2220
f 298/441/2221 441/439/2222 443/440/2223
f 370/455/2224 371/429/2225 409/436/2226
f 295/426/2227 371/429/2228 410/406/2229
f 410/406/2230 371/429/2231 446/407/2232
f 471/460/2233 449/411/2234 302/423/2235
f 572/506/2236 444/437/2237 442/510/2238
f 478/511/2239 452/512/2240 477/414/2241
f 501/513/2242 518/514/2243 373/515/2244
f 487/466/2245 453/353/2246 308/352/2247
f 480/516/2248 479/517/2249 486/518/2250
f 457/519/2251 312/371/2252 437/372/2253
f 456/520/2254 457/519/2255 458/521/2256
f 378/395/2257 415/400/2258 339/405/2259
f 376/421/2260 415/400/2261 344/392/2262
f 542/469/2263 416/325/2264 345/472/2265
f 376/421/2266 416/325/2267 375/401/2268
f 384/337/2269 417/324/2270 354/326/2271
f 468/471/2272 417/324/2273 377/396/2274
f 425/447/2275 418/449/2276 346/474/2277
f 379/387/2278 418/449/2279 363/368/2280
f 419/321/2281 333/475/2282 420/484/2283
f 365/303/2284 419/321/2285 355/302/2286
f 333/475/2287 404/342/2288 420/484/2289
f 386/488/2290 420/484/2291 404/342/2292
f 348/319/2293 380/382/2294 421/323/2295
f 419/321/2296 421/323/2297 380/382/2298
f 466/522/2299 462/523/2300 434/524/2301
f 466/522/2302 436/493/2303 333/475/2304
f 342/328/2305 423/336/2306 349/309/2307
f 422/456/2308 423/336/2309 381/415/2310
f 351/373/2311 424/390/2312 343/389/2313
f 425/447/2314 424/390/2315 352/369/2316
f 363/368/2317 425/447/2318 352/369/2319
f 492/312/2320 425/447/2321 346/474/2322
f 561/525/2323 569/526/2324 570/432/2325
f 494/354/2326 552/527/2327 513/311/2328
f 427/333/2329 338/528/2330 516/529/2331
f 424/390/2332 427/333/2333 343/389/2334
f 429/335/2335 428/448/2336 353/330/2337
f 383/334/2338 515/379/2339 428/448/2340
f 427/333/2341 429/335/2342 343/389/2343
f 428/448/2344 429/335/2345 383/334/2346
f 374/530/2347 484/495/2348 519/494/2349
f 372/497/2350 400/490/2351 433/479/2352
f 396/450/2353 431/451/2354 367/487/2355
f 393/355/2356 431/451/2357 394/359/2358
f 372/497/2359 439/500/2360 432/491/2361
f 399/381/2362 432/491/2363 397/498/2364
f 434/524/2365 435/478/2366 436/493/2367
f 435/478/2368 434/524/2369 500/531/2370
f 462/523/2371 422/456/2372 381/415/2373
f 433/479/2374 435/478/2375 465/532/2376
f 436/493/2377 435/478/2378 398/340/2379
f 500/531/2380 434/524/2381 464/533/2382
f 404/342/2383 436/493/2384 398/340/2385
f 333/475/2386 422/456/2387 466/522/2388
f 440/534/2389 437/372/2390 403/499/2391
f 458/521/2392 414/535/2393 456/520/2394
f 403/499/2395 397/498/2396 557/501/2397
f 440/534/2398 403/499/2399 558/536/2400
f 541/537/2401 465/532/2402 540/538/2403
f 558/536/2404 577/539/2405 438/540/2406
f 403/499/2407 557/501/2408 558/536/2409
f 457/519/2410 440/534/2411 438/540/2412
f 467/503/2413 299/453/2414 300/443/2415
f 441/439/2416 407/438/2417 443/440/2418
f 476/442/2419 449/411/2420 451/541/2421
f 451/541/2422 411/410/2423 503/542/2424
f 575/543/2425 407/438/2426 573/544/2427
f 370/455/2428 409/436/2429 443/440/2430
f 299/453/2431 444/437/2432 441/439/2433
f 442/510/2434 571/433/2435 572/506/2436
f 410/406/2437 445/408/2438 294/444/2439
f 445/408/2440 408/509/2441 470/508/2442
f 524/507/2443 446/407/2444 370/455/2445
f 446/407/2446 408/509/2447 445/408/2448
f 524/507/2449 370/455/2450 576/545/2451
f 522/546/2452 525/547/2453 582/548/2454
f 371/429/2455 369/428/2456 448/435/2457
f 297/452/2458 448/435/2459 369/428/2460
f 471/460/2461 302/423/2462 303/549/2463
f 451/541/2464 449/411/2465 411/410/2466
f 472/461/2467 303/549/2468 304/412/2469
f 502/430/2470 501/513/2471 411/410/2472
f 501/513/2473 475/434/2474 503/542/2475
f 451/541/2476 442/510/2477 467/503/2478
f 478/511/2479 305/413/2480 306/419/2481
f 452/512/2482 473/431/2483 472/461/2484
f 487/466/2485 308/352/2486 309/550/2487
f 453/353/2488 413/468/2489 455/420/2490
f 488/467/2491 309/550/2492 310/376/2493
f 580/551/2494 579/552/2495 539/496/2496
f 455/420/2497 481/553/2498 479/517/2499
f 480/516/2500 478/511/2501 479/517/2502
f 312/371/2503 457/519/2504 311/377/2505
f 489/502/2506 488/467/2507 456/520/2508
f 457/519/2509 437/372/2510 440/534/2511
f 457/519/2512 456/520/2513 491/375/2514
f 457/519/2515 438/540/2516 458/521/2517
f 580/551/2518 458/521/2519 438/540/2520
f 512/473/2521 508/424/2522 378/395/2523
f 459/310/2524 426/554/2525 494/354/2526
f 350/331/2527 559/482/2528 342/328/2529
f 462/523/2530 464/533/2531 434/524/2532
f 516/529/2533 495/380/2534 515/379/2535
f 497/416/2536 461/477/2537 460/476/2538
f 381/415/2539 463/417/2540 462/523/2541
f 462/523/2542 463/417/2543 464/533/2544
f 342/328/2545 463/417/2546 381/415/2547
f 464/533/2548 463/417/2549 460/476/2550
f 460/476/2551 498/555/2552 464/533/2553
f 433/479/2554 465/532/2555 372/497/2556
f 499/556/2557 464/533/2558 498/555/2559
f 499/556/2560 465/532/2561 500/531/2562
f 462/523/2563 466/522/2564 422/456/2565
f 434/524/2566 436/493/2567 466/522/2568
f 467/503/2569 300/443/2570 476/442/2571
f 444/437/2572 467/503/2573 442/510/2574
f 469/403/2575 468/471/2576 377/396/2577
f 522/546/2578 468/471/2579 447/470/2580
f 292/402/2581 293/445/2582 469/403/2583
f 293/445/2584 445/408/2585 470/508/2586
f 447/470/2587 469/403/2588 470/508/2589
f 470/508/2590 469/403/2591 293/445/2592
f 472/461/2593 471/460/2594 303/549/2595
f 449/411/2596 471/460/2597 450/409/2598
f 477/414/2599 472/461/2600 304/412/2601
f 452/512/2602 480/516/2603 473/431/2604
f 474/385/2605 473/431/2606 412/383/2607
f 450/409/2608 472/461/2609 473/431/2610
f 412/383/2611 480/516/2612 486/518/2613
f 474/385/2614 518/514/2615 501/513/2616
f 565/557/2617 373/515/2618 550/558/2619
f 503/542/2620 571/433/2621 451/541/2622
f 449/411/2623 476/442/2624 301/422/2625
f 467/503/2626 476/442/2627 451/541/2628
f 478/511/2629 477/414/2630 305/413/2631
f 472/461/2632 477/414/2633 452/512/2634
f 490/418/2635 478/511/2636 306/419/2637
f 478/511/2638 455/420/2639 479/517/2640
f 481/553/2641 455/420/2642 413/468/2643
f 481/553/2644 485/559/2645 479/517/2646
f 473/431/2647 480/516/2648 412/383/2649
f 478/511/2650 480/516/2651 452/512/2652
f 413/468/2653 483/560/2654 481/553/2655
f 482/561/2656 486/518/2657 485/559/2658
f 536/562/2659 546/563/2660 534/564/2661
f 486/518/2662 505/384/2663 412/383/2664
f 507/565/2665 413/468/2666 454/465/2667
f 374/530/2668 548/566/2669 485/559/2670
f 374/530/2671 483/560/2672 484/495/2673
f 483/560/2674 413/468/2675 507/565/2676
f 481/553/2677 483/560/2678 485/559/2679
f 374/530/2680 485/559/2681 483/560/2682
f 485/559/2683 486/518/2684 479/517/2685
f 482/561/2686 547/567/2687 505/384/2688
f 488/467/2689 487/466/2690 309/550/2691
f 453/353/2692 487/466/2693 454/465/2694
f 491/375/2695 488/467/2696 310/376/2697
f 489/502/2698 456/520/2699 414/535/2700
f 414/535/2701 484/495/2702 489/502/2703
f 489/502/2704 484/495/2705 507/565/2706
f 453/353/2707 490/418/2708 307/351/2709
f 478/511/2710 490/418/2711 455/420/2712
f 457/519/2713 491/375/2714 311/377/2715
f 488/467/2716 491/375/2717 456/520/2718
f 425/447/2719 492/312/2720 382/446/2721
f 508/424/2722 492/312/2723 346/474/2724
f 510/568/2725 493/569/2726 511/404/2727
f 510/568/2728 426/554/2729 509/425/2730
f 527/570/2731 494/354/2732 426/554/2733
f 529/480/2734 533/459/2735 532/571/2736
f 543/481/2737 529/480/2738 551/572/2739
f 496/378/2740 430/573/2741 498/555/2742
f 515/379/2743 496/378/2744 461/477/2745
f 551/572/2746 496/378/2747 495/380/2748
f 463/417/2749 497/416/2750 460/476/2751
f 559/482/2752 497/416/2753 342/328/2754
f 496/378/2755 498/555/2756 460/476/2757
f 498/555/2758 430/573/2759 499/556/2760
f 532/571/2761 517/458/2762 528/574/2763
f 465/532/2764 499/556/2765 540/538/2766
f 499/556/2767 500/531/2768 464/533/2769
f 435/478/2770 500/531/2771 465/532/2772
f 475/434/2773 501/513/2774 373/515/2775
f 502/430/2776 411/410/2777 450/409/2778
f 473/431/2779 502/430/2780 450/409/2781
f 474/385/2782 501/513/2783 502/430/2784
f 501/513/2785 503/542/2786 411/410/2787
f 503/542/2788 475/434/2789 571/433/2790
f 374/530/2791 538/575/2792 548/566/2793
f 553/576/2794 546/563/2795 536/562/2796
f 482/561/2797 505/384/2798 486/518/2799
f 505/384/2800 504/577/2801 518/514/2802
f 372/497/2803 541/537/2804 439/500/2805
f 528/574/2806 499/556/2807 430/573/2808
f 489/502/2809 507/565/2810 454/465/2811
f 483/560/2812 507/565/2813 484/495/2814
f 378/395/2815 508/424/2816 346/474/2817
f 509/425/2818 508/424/2819 493/569/2820
f 510/568/2821 509/425/2822 493/569/2823
f 459/310/2824 509/425/2825 426/554/2826
f 493/569/2827 512/473/2828 511/404/2829
f 510/568/2830 335/578/2831 564/579/2832
f 542/469/2833 526/399/2834 375/401/2835
f 335/578/2836 510/568/2837 511/404/2838
f 511/404/2839 512/473/2840 339/405/2841
f 508/424/2842 512/473/2843 493/569/2844
f 427/333/2845 513/311/2846 338/528/2847
f 513/311/2848 382/446/2849 492/312/2850
f 569/526/2851 567/580/2852 568/581/2853
f 550/558/2854 504/577/2855 553/576/2856
f 428/448/2857 515/379/2858 461/477/2859
f 516/529/2860 515/379/2861 383/334/2862
f 427/333/2863 516/529/2864 383/334/2865
f 338/528/2866 495/380/2867 516/529/2868
f 538/575/2869 506/582/2870 531/583/2871
f 531/583/2872 520/584/2873 530/585/2874
f 505/384/2875 518/514/2876 474/385/2877
f 550/558/2878 518/514/2879 504/577/2880
f 539/496/2881 484/495/2882 414/535/2883
f 537/457/2884 538/575/2885 531/583/2886
f 499/556/2887 528/574/2888 530/585/2889
f 506/582/2890 577/539/2891 578/586/2892
f 522/546/2893 345/472/2894 468/471/2895
f 525/547/2896 522/546/2897 447/470/2898
f 524/507/2899 447/470/2900 470/508/2901
f 522/546/2902 521/587/2903 542/469/2904
f 370/455/2905 443/440/2906 575/543/2907
f 581/454/2908 335/578/2909 511/404/2910
f 524/507/2911 408/509/2912 446/407/2913
f 524/507/2914 523/588/2915 525/547/2916
f 524/507/2917 525/547/2918 447/470/2919
f 583/589/2920 582/548/2921 523/588/2922
f 526/399/2923 339/405/2924 415/400/2925
f 581/454/2926 526/399/2927 521/587/2928
f 527/570/2929 426/554/2930 584/590/2931
f 544/463/2932 527/570/2933 514/464/2934
f 532/571/2935 528/574/2936 555/591/2937
f 530/585/2938 528/574/2939 517/458/2940
f 495/380/2941 543/481/2942 551/572/2943
f 338/528/2944 543/481/2945 495/380/2946
f 531/583/2947 530/585/2948 517/458/2949
f 530/585/2950 520/584/2951 540/538/2952
f 535/592/2953 537/457/2954 533/459/2955
f 520/584/2956 531/583/2957 506/582/2958
f 555/591/2959 528/574/2960 430/573/2961
f 529/480/2962 545/462/2963 533/459/2964
f 533/459/2965 334/593/2966 535/592/2967
f 517/458/2968 532/571/2969 533/459/2970
f 535/592/2971 536/562/2972 534/564/2973
f 374/530/2974 519/494/2975 538/575/2976
f 535/592/2977 334/593/2978 536/562/2979
f 537/457/2980 535/592/2981 534/564/2982
f 549/594/2983 334/593/2984 545/462/2985
f 536/562/2986 334/593/2987 549/594/2988
f 537/457/2989 534/564/2990 538/575/2991
f 517/458/2992 537/457/2993 531/583/2994
f 538/575/2995 534/564/2996 548/566/2997
f 506/582/2998 538/575/2999 519/494/3000
f 414/535/3001 458/521/3002 580/551/3003
f 519/494/3004 539/496/3005 579/552/3006
f 530/585/3007 540/538/3008 499/556/3009
f 541/537/3010 540/538/3011 520/584/3012
f 541/537/3013 520/584/3014 578/586/3015
f 465/532/3016 541/537/3017 372/497/3018
f 522/546/3019 542/469/3020 345/472/3021
f 526/399/3022 542/469/3023 521/587/3024
f 338/528/3025 552/527/3026 543/481/3027
f 494/354/3028 527/570/3029 544/463/3030
f 549/594/3031 545/462/3032 514/464/3033
f 544/463/3034 543/481/3035 552/527/3036
f 533/459/3037 545/462/3038 334/593/3039
f 529/480/3040 544/463/3041 545/462/3042
f 504/577/3043 547/567/3044 546/563/3045
f 482/561/3046 485/559/3047 548/566/3048
f 505/384/3049 547/567/3050 504/577/3051
f 548/566/3052 547/567/3053 482/561/3054
f 534/564/3055 546/563/3056 548/566/3057
f 548/566/3058 546/563/3059 547/567/3060
f 510/568/3061 564/579/3062 426/554/3063
f 550/558/3064 373/515/3065 518/514/3066
f 536/562/3067 549/594/3068 554/595/3069
f 567/580/3070 561/525/3071 562/596/3072
f 555/591/3073 529/480/3074 532/571/3075
f 496/378/3076 551/572/3077 430/573/3078
f 513/311/3079 552/527/3080 338/528/3081
f 544/463/3082 552/527/3083 494/354/3084
f 546/563/3085 553/576/3086 504/577/3087
f 554/595/3088 553/576/3089 536/562/3090
f 554/595/3091 549/594/3092 562/596/3093
f 553/576/3094 554/595/3095 550/558/3096
f 430/573/3097 551/572/3098 555/591/3099
f 529/480/3100 555/591/3101 551/572/3102
f 391/313/3103 556/483/3104 386/488/3105
f 419/321/3106 556/483/3107 355/302/3108
f 432/491/3109 557/501/3110 397/498/3111
f 557/501/3112 439/500/3113 558/536/3114
f 577/539/3115 558/536/3116 439/500/3117
f 440/534/3118 558/536/3119 438/540/3120
f 428/448/3121 559/482/3122 350/331/3123
f 497/416/3124 559/482/3125 461/477/3126
f 373/515/3127 565/557/3128 475/434/3129
f 573/544/3130 407/438/3131 572/506/3132
f 562/596/3133 550/558/3134 554/595/3135
f 561/525/3136 565/557/3137 562/596/3138
f 549/594/3139 514/464/3140 566/597/3141
f 584/590/3142 426/554/3143 563/598/3144
f 569/526/3145 568/581/3146 574/505/3147
f 566/597/3148 584/590/3149 562/596/3150
f 568/581/3151 564/579/3152 335/578/3153
f 426/554/3154 564/579/3155 563/598/3156
f 562/596/3157 565/557/3158 550/558/3159
f 565/557/3160 561/525/3161 570/432/3162
f 527/570/3163 584/590/3164 514/464/3165
f 562/596/3166 549/594/3167 566/597/3168
f 584/590/3169 567/580/3170 562/596/3171
f 567/580/3172 563/598/3173 568/581/3174
f 564/579/3175 568/581/3176 563/598/3177
f 581/454/3178 583/589/3179 335/578/3180
f 570/432/3181 569/526/3182 560/504/3183
f 567/580/3184 569/526/3185 561/525/3186
f 571/433/3187 570/432/3188 560/504/3189
f 570/432/3190 475/434/3191 565/557/3192
f 571/433/3193 560/504/3194 572/506/3195
f 442/510/3196 451/541/3197 571/433/3198
f 560/504/3199 569/526/3200 574/505/3201
f 444/437/3202 572/506/3203 407/438/3204
f 568/581/3205 583/589/3206 574/505/3207
f 575/543/3208 523/588/3209 576/545/3210
f 583/589/3211 568/581/3212 335/578/3213
f 572/506/3214 574/505/3215 573/544/3216
f 407/438/3217 575/543/3218 443/440/3219
f 523/588/3220 575/543/3221 573/544/3222
f 524/507/3223 576/545/3224 523/588/3225
f 370/455/3226 575/543/3227 576/545/3228
f 578/586/3229 577/539/3230 439/500/3231
f 579/552/3232 577/539/3233 506/582/3234
f 541/537/3235 578/586/3236 439/500/3237
f 506/582/3238 578/586/3239 520/584/3240
f 519/494/3241 579/552/3242 506/582/3243
f 580/551/3244 539/496/3245 414/535/3246
f 438/540/3247 577/539/3248 580/551/3249
f 579/552/3250 580/551/3251 577/539/3252
f 582/548/3253 581/454/3254 521/587/3255
f 583/589/3256 573/544/3257 574/505/3258
f 522/546/3259 582/548/3260 521/587/3261
f 523/588/3262 582/548/3263 525/547/3264
f 582/548/3265 583/589/3266 581/454/3267
f 523/588/3268 573/544/3269 583/589/3270
f 584/590/3271 563/598/3272 567/580/3273
f 584/590/3274 566/597/3275 514/464/3276
f 944/599/3277 764/600/3278 716/601/3279
f 632/602/3280 631/603/3281 705/604/3282
f 745/605/3283 808/606/3284 705/604/3285
f 823/607/3286 827/608/3287 677/609/3288
f 811/610/3289 745/605/3290 809/611/3291
f 1168/612/3292 1170/613/3293 1163/614/3294
f 1035/615/3295 810/616/3296 628/617/3297
f 591/618/3298 698/619/3299 592/620/3300
f 702/621/3301 697/622/3302 704/623/3303
f 806/624/3304 745/605/3305 744/625/3306
f 940/626/3307 1066/627/3308 942/628/3309
f 910/629/3310 907/630/3311 814/631/3312
f 925/632/3313 928/633/3314 824/634/3315
f 704/623/3316 687/635/3317 589/636/3318
f 807/637/3319 1033/638/3320 1138/639/3321
f 1080/640/3322 965/641/3323 967/642/3324
f 698/619/3325 692/643/3326 592/620/3327
f 806/624/3328 634/644/3329 633/645/3330
f 638/646/3331 911/647/3332 639/648/3333
f 635/649/3334 807/637/3335 1138/639/3336
f 635/649/3337 634/644/3338 807/637/3339
f 687/635/3340 698/619/3341 590/650/3342
f 685/651/3343 693/652/3344 653/653/3345
f 639/648/3346 911/647/3347 912/654/3348
f 626/655/3349 908/656/3350 627/657/3351
f 1093/658/3352 1100/659/3353 776/660/3354
f 882/661/3355 688/662/3356 684/663/3357
f 870/664/3358 1368/665/3359 683/666/3360
f 712/667/3361 754/668/3362 825/669/3363
f 820/670/3364 625/671/3365 624/672/3366
f 711/673/3367 712/667/3368 710/674/3369
f 778/675/3370 726/676/3371 723/677/3372
f 621/678/3373 710/674/3374 622/679/3375
f 713/680/3376 679/681/3377 710/674/3378
f 863/682/3379 725/683/3380 609/684/3381
f 622/679/3382 710/674/3383 712/667/3384
f 613/685/3385 612/686/3386 726/676/3387
f 709/687/3388 712/667/3389 711/673/3390
f 709/687/3391 711/673/3392 822/688/3393
f 756/689/3394 827/608/3395 757/690/3396
f 674/691/3397 914/692/3398 916/693/3399
f 828/694/3400 676/695/3401 821/696/3402
f 827/608/3403 823/607/3404 678/697/3405
f 821/696/3406 677/609/3407 828/694/3408
f 813/698/3409 706/699/3410 812/700/3411
f 1060/701/3412 1226/702/3413 828/694/3414
f 819/703/3415 1046/704/3416 918/705/3417
f 935/706/3418 671/707/3419 917/708/3420
f 929/709/3421 674/691/3422 916/693/3423
f 922/710/3424 920/711/3425 819/703/3426
f 1226/702/3427 676/695/3428 828/694/3429
f 917/708/3430 672/712/3431 935/706/3432
f 829/713/3433 713/680/3434 757/690/3435
f 806/624/3436 807/637/3437 634/644/3438
f 734/714/3439 994/715/3440 788/716/3441
f 920/711/3442 1098/717/3443 669/718/3444
f 651/719/3445 689/720/3446 652/721/3447
f 1040/722/3448 642/723/3449 641/724/3450
f 717/725/3451 718/726/3452 297/727/3453
f 695/728/3454 693/652/3455 690/729/3456
f 842/730/3457 840/731/3458 765/732/3459
f 681/733/3460 1125/734/3461 1001/735/3462
f 711/673/3463 710/674/3464 679/681/3465
f 296/736/3466 646/737/3467 717/725/3468
f 644/738/3469 840/731/3470 645/739/3471
f 783/740/3472 703/741/3473 697/622/3474
f 763/742/3475 840/731/3476 841/743/3477
f 693/652/3478 699/744/3479 654/745/3480
f 704/623/3481 588/746/3482 691/747/3483
f 717/725/3484 297/727/3485 296/736/3486
f 306/748/3487 719/749/3488 307/750/3489
f 710/674/3490 621/678/3491 713/680/3492
f 655/751/3493 654/745/3494 699/744/3495
f 737/752/3496 681/733/3497 797/753/3498
f 693/652/3499 694/754/3500 690/729/3501
f 855/755/3502 1029/756/3503 662/757/3504
f 998/758/3505 999/759/3506 888/760/3507
f 688/662/3508 699/744/3509 695/728/3510
f 689/720/3511 685/651/3512 652/721/3513
f 704/623/3514 691/747/3515 702/621/3516
f 845/761/3517 844/762/3518 298/763/3519
f 738/764/3520 719/749/3521 892/765/3522
f 640/766/3523 912/654/3524 1041/767/3525
f 717/725/3526 764/600/3527 718/726/3528
f 650/768/3529 649/769/3530 797/753/3531
f 793/770/3532 658/771/3533 657/772/3534
f 1120/773/3535 1422/774/3536 851/775/3537
f 784/776/3538 780/777/3539 781/778/3540
f 849/779/3541 299/780/3542 847/781/3543
f 671/707/3544 936/782/3545 670/783/3546
f 1125/734/3547 1126/784/3548 1000/785/3549
f 655/751/3550 688/662/3551 656/786/3552
f 952/787/3553 980/788/3554 665/789/3555
f 886/790/3556 695/728/3557 884/791/3558
f 919/792/3559 1048/793/3560 818/794/3561
f 654/745/3562 653/653/3563 693/652/3564
f 703/741/3565 704/623/3566 697/622/3567
f 648/795/3568 798/796/3569 649/769/3570
f 298/763/3571 297/727/3572 766/797/3573
f 797/753/3574 649/769/3575 798/796/3576
f 719/749/3577 647/798/3578 307/750/3579
f 711/673/3580 829/713/3581 678/697/3582
f 1130/799/3583 796/800/3584 1129/801/3585
f 653/653/3586 652/721/3587 685/651/3588
f 884/791/3589 695/728/3590 690/729/3591
f 651/719/3592 650/768/3593 689/720/3594
f 822/688/3595 711/673/3596 678/697/3597
f 685/651/3598 689/720/3599 681/733/3600
f 694/754/3601 693/652/3602 685/651/3603
f 305/802/3604 893/803/3605 306/748/3606
f 786/804/3607 780/777/3608 784/776/3609
f 304/805/3610 303/806/3611 887/807/3612
f 639/648/3613 912/654/3614 640/766/3615
f 948/808/3616 768/809/3617 845/761/3618
f 936/782/3619 671/707/3620 935/706/3621
f 842/730/3622 646/737/3623 645/739/3624
f 758/810/3625 831/811/3626 618/812/3627
f 611/813/3628 610/814/3629 724/815/3630
f 725/683/3631 724/815/3632 610/814/3633
f 1061/816/3634 933/817/3635 835/818/3636
f 937/819/3637 939/820/3638 604/821/3639
f 688/662/3640 655/751/3641 699/744/3642
f 726/676/3643 778/675/3644 866/822/3645
f 687/635/3646 703/741/3647 683/666/3648
f 691/747/3649 686/823/3650 702/621/3651
f 857/824/3652 615/825/3653 614/826/3654
f 1131/827/3655 702/621/3656 686/823/3657
f 677/609/3658 827/608/3659 828/694/3660
f 1051/828/3661 1047/829/3662 750/830/3663
f 1097/831/3664 1098/717/3665 983/832/3666
f 953/833/3667 957/834/3668 856/835/3669
f 1265/836/3670 860/837/3671 979/838/3672
f 1093/658/3673 981/839/3674 862/840/3675
f 951/841/3676 953/833/3677 955/842/3678
f 725/683/3679 863/682/3680 723/677/3681
f 916/693/3682 675/843/3683 929/709/3684
f 607/844/3685 858/845/3686 608/846/3687
f 1096/847/3688 982/848/3689 981/839/3690
f 726/676/3691 724/815/3692 725/683/3693
f 602/849/3694 601/850/3695 940/626/3696
f 612/686/3697 724/815/3698 726/676/3699
f 846/851/3700 848/852/3701 1072/853/3702
f 1230/854/3703 1222/855/3704 1299/856/3705
f 756/689/3706 757/690/3707 832/857/3708
f 723/677/3709 726/676/3710 725/683/3711
f 759/858/3712 1061/816/3713 1086/859/3714
f 1217/860/3715 817/861/3716 914/692/3717
f 1134/862/3718 686/823/3719 1013/863/3720
f 604/821/3721 603/864/3722 937/819/3723
f 896/865/3724 659/866/3725 794/867/3726
f 937/819/3727 1233/868/3728 838/869/3729
f 700/870/3730 701/871/3731 696/872/3732
f 742/873/3733 701/871/3734 586/874/3735
f 833/875/3736 1062/876/3737 1297/877/3738
f 864/878/3739 609/684/3740 608/846/3741
f 976/879/3742 1089/880/3743 773/881/3744
f 867/882/3745 599/883/3746 598/884/3747
f 914/692/3748 930/885/3749 673/886/3750
f 762/887/3751 1245/888/3752 1242/889/3753
f 789/890/3754 872/891/3755 871/892/3756
f 904/893/3757 637/894/3758 636/895/3759
f 942/628/3760 839/896/3761 940/626/3762
f 587/897/3763 586/874/3764 701/871/3765
f 597/898/3766 872/891/3767 598/884/3768
f 871/892/3769 733/899/3770 788/716/3771
f 909/900/3772 1038/901/3773 814/631/3774
f 621/678/3775 620/902/3776 713/680/3777
f 657/772/3778 658/771/3779 741/903/3780
f 616/904/3781 934/905/3782 617/906/3783
f 875/907/3784 878/908/3785 873/909/3786
f 761/910/3787 1064/911/3788 1301/912/3789
f 724/815/3790 612/686/3791 611/813/3792
f 973/913/3793 984/914/3794 865/915/3795
f 733/899/3796 596/916/3797 7/917/3798
f 1076/918/3799 1077/919/3800 950/920/3801
f 991/921/3802 989/922/3803 739/923/3804
f 901/924/3805 661/925/3806 1076/918/3807
f 794/867/3808 660/926/3809 896/865/3810
f 792/927/3811 900/928/3812 658/771/3813
f 15/929/3814 868/930/3815 895/931/3816
f 793/770/3817 882/661/3818 684/663/3819
f 691/747/3820 700/870/3821 686/823/3822
f 1005/932/3823 897/933/3824 803/934/3825
f 735/935/3826 792/927/3827 793/770/3828
f 802/936/3829 896/865/3830 897/933/3831
f 1121/937/3832 1324/938/3833 1328/939/3834
f 685/651/3835 681/733/3836 694/754/3837
f 804/940/3838 585/941/3839 882/661/3840
f 693/652/3841 695/728/3842 699/744/3843
f 588/746/3844 587/897/3845 691/747/3846
f 1014/942/3847 1012/943/3848 696/872/3849
f 704/623/3850 589/636/3851 588/746/3852
f 630/944/3853 629/945/3854 809/611/3855
f 698/619/3856 687/635/3857 692/643/3858
f 844/762/3859 847/781/3860 299/780/3861
f 591/618/3862 590/650/3863 698/619/3864
f 590/650/3865 589/636/3866 687/635/3867
f 701/871/3868 691/747/3869 587/897/3870
f 703/741/3871 687/635/3872 704/623/3873
f 657/772/3874 741/903/3875 742/873/3876
f 978/946/3877 663/947/3878 955/842/3879
f 585/941/3880 656/786/3881 882/661/3882
f 692/643/3883 687/635/3884 683/666/3885
f 868/930/3886 15/929/3887 16/948/3888
f 800/949/3889 13/950/3890 14/951/3891
f 691/747/3892 701/871/3893 700/870/3894
f 1010/952/3895 741/903/3896 1017/953/3897
f 995/954/3898 881/955/3899 994/715/3900
f 852/956/3901 300/957/3902 849/779/3903
f 980/788/3904 952/787/3905 666/958/3906
f 883/959/3907 680/960/3908 1116/961/3909
f 877/962/3910 801/963/3911 1027/964/3912
f 988/965/3913 801/963/3914 877/962/3915
f 695/728/3916 684/663/3917 688/662/3918
f 18/966/3919 729/967/3920 17/968/3921
f 730/969/3922 728/970/3923 731/971/3924
f 754/668/3925 712/667/3926 709/687/3927
f 592/620/3928 692/643/3929 1368/665/3930
f 623/972/3931 622/679/3932 712/667/3933
f 16/948/3934 731/971/3935 781/778/3936
f 1368/665/3937 593/973/3938 592/620/3939
f 886/790/3940 997/974/3941 695/728/3942
f 18/966/3943 595/975/3944 729/967/3945
f 1014/942/3946 696/872/3947 1010/952/3948
f 631/603/3949 630/944/3950 705/604/3951
f 730/969/3952 787/976/3953 728/970/3954
f 620/902/3955 619/977/3956 830/978/3957
f 1304/979/3958 1237/980/3959 1238/981/3960
f 1257/982/3961 1343/983/3962 1262/984/3963
f 989/922/3964 991/921/3965 1369/985/3966
f 7/917/3967 8/986/3968 733/899/3969
f 299/780/3970 298/763/3971 844/762/3972
f 1323/987/3973 775/988/3974 1092/989/3975
f 956/990/3976 955/842/3977 663/947/3978
f 610/814/3979 609/684/3980 725/683/3981
f 719/749/3982 738/764/3983 647/798/3984
f 783/740/3985 683/666/3986 703/741/3987
f 17/968/3988 729/967/3989 731/971/3990
f 730/969/3991 729/967/3992 595/975/3993
f 729/967/3994 730/969/3995 731/971/3996
f 595/975/3997 594/991/3998 730/969/3999
f 870/664/4000 782/992/4001 869/993/4002
f 781/778/4003 731/971/4004 728/970/4005
f 16/948/4006 17/968/4007 731/971/4008
f 730/969/4009 594/991/4010 787/976/4011
f 787/976/4012 593/973/4013 1368/665/4014
f 734/714/4015 733/899/4016 8/986/4017
f 733/899/4018 734/714/4019 788/716/4020
f 8/986/4021 9/994/4022 790/995/4023
f 790/995/4024 9/994/4025 995/954/4026
f 1118/996/4027 735/935/4028 1116/961/4029
f 792/927/4030 794/867/4031 659/866/4032
f 853/997/4033 854/998/4034 852/956/4035
f 1354/999/4036 1331/1000/4037 1276/1001/4038
f 738/764/4039 648/795/4040 647/798/4041
f 738/764/4042 737/752/4043 798/796/4044
f 306/748/4045 893/803/4046 892/765/4047
f 891/1002/4048 304/805/4049 887/807/4050
f 802/936/4051 1006/1003/4052 1015/1004/4053
f 1111/1005/4054 800/949/4055 987/1006/4056
f 860/837/4057 775/988/4058 1018/1007/4059
f 986/1008/4060 779/1009/4061 985/1010/4062
f 900/928/4063 792/927/4064 659/866/4065
f 696/872/4066 701/871/4067 742/873/4068
f 586/874/4069 585/941/4070 804/940/4071
f 696/872/4072 742/873/4073 741/903/4074
f 1282/1011/4075 1281/1012/4076 1032/1013/4077
f 1154/1014/4078 1143/1015/4079 1148/1016/4080
f 633/645/4081 632/602/4082 808/606/4083
f 744/625/4084 906/1017/4085 807/637/4086
f 809/611/4087 705/604/4088 630/944/4089
f 809/611/4090 745/605/4091 705/604/4092
f 907/630/4093 628/617/4094 627/657/4095
f 811/610/4096 812/700/4097 1031/1018/4098
f 820/670/4099 909/900/4100 625/671/4101
f 1033/638/4102 1137/1019/4103 743/1020/4104
f 904/893/4105 905/1021/4106 637/894/4107
f 1167/1022/4108 1190/1023/4109 1212/1024/4110
f 1182/1025/4111 1165/1026/4112 1176/1027/4113
f 1044/1028/4114 1200/1029/4115 1195/1030/4116
f 819/703/4117 920/711/4118 923/1031/4119
f 763/742/4120 841/743/4121 1069/1032/4122
f 825/669/4123 624/672/4124 623/972/4125
f 910/629/4126 1038/901/4127 747/1033/4128
f 1045/1034/4129 1221/1035/4130 1295/1036/4131
f 1057/1037/4132 751/1038/4133 924/1039/4134
f 753/1040/4135 823/607/4136 821/696/4137
f 927/1041/4138 824/634/4139 928/633/4140
f 709/687/4141 928/633/4142 925/632/4143
f 820/670/4144 754/668/4145 924/1039/4146
f 714/1042/4147 1224/1043/4148 1223/1044/4149
f 1228/1045/4150 1337/1046/4151 1227/1047/4152
f 829/713/4153 711/673/4154 679/681/4155
f 756/689/4156 931/1048/4157 828/694/4158
f 830/978/4159 713/680/4160 620/902/4161
f 830/978/4162 757/690/4163 713/680/4164
f 933/817/4165 618/812/4166 617/906/4167
f 830/978/4168 832/857/4169 757/690/4170
f 615/825/4171 975/1049/4172 1088/1050/4173
f 1262/984/4174 1316/1051/4175 1260/1052/4176
f 930/885/4177 914/692/4178 674/691/4179
f 1352/1053/4180 1305/1054/4181 1341/1055/4182
f 1264/1056/4183 1344/1057/4184 1345/1058/4185
f 1350/1059/4186 1261/1060/4187 1347/1061/4188
f 941/1062/4189 1066/627/4190 1067/1063/4191
f 986/1008/4192 1271/1064/4193 779/1009/4194
f 643/1065/4195 841/743/4196 644/738/4197
f 1042/1066/4198 642/723/4199 1040/722/4200
f 717/725/4201 646/737/4202 842/730/4203
f 1248/1067/4204 765/732/4205 763/742/4206
f 716/601/4207 764/600/4208 765/732/4209
f 765/732/4210 764/600/4211 842/730/4212
f 297/727/4213 718/726/4214 766/797/4215
f 718/726/4216 764/600/4217 944/599/4218
f 843/1068/4219 1070/1069/4220 1249/1070/4221
f 1189/1071/4222 1190/1023/4223 1177/1072/4224
f 766/797/4225 948/808/4226 845/761/4227
f 849/779/4228 300/957/4229 299/780/4230
f 855/755/4231 1076/918/4232 1075/1073/4233
f 962/1074/4234 959/1075/4235 960/1076/4236
f 1333/1077/4237 769/1078/4238 1327/1079/4239
f 854/998/4240 302/1080/4241 301/1081/4242
f 946/1082/4243 1081/1083/4244 1249/1070/4245
f 1078/1084/4246 952/787/4247 954/1085/4248
f 866/822/4249 614/826/4250 613/685/4251
f 1084/1086/4252 1083/1087/4253 772/1088/4254
f 1318/1089/4255 977/1090/4256 1303/1091/4257
f 1084/1086/4258 772/1088/4259 972/1092/4260
f 875/907/4261 876/1093/4262 874/1094/4263
f 774/1095/4264 878/908/4265 1024/1096/4266
f 1024/1096/4267 1028/1097/4268 774/1095/4269
f 897/933/4270 1007/1098/4271 802/936/4272
f 982/848/4273 667/1099/4274 1053/1100/4275
f 1270/1101/4276 982/848/4277 983/832/4278
f 777/1102/4279 864/878/4280 858/845/4281
f 976/879/4282 865/915/4283 984/914/4284
f 723/677/4285 984/914/4286 973/913/4287
f 857/824/4288 778/675/4289 972/1092/4290
f 1102/1103/4291 727/1104/4292 994/715/4293
f 1068/1105/4294 941/1062/4295 1067/1063/4296
f 782/992/4297 784/776/4298 869/993/4299
f 785/1106/4300 992/1107/4301 993/1108/4302
f 728/970/4303 869/993/4304 784/776/4305
f 781/778/4306 780/777/4307 868/930/4308
f 697/622/4309 1131/827/4310 783/740/4311
f 784/776/4312 781/778/4313 728/970/4314
f 702/621/4315 1131/827/4316 697/622/4317
f 783/740/4318 782/992/4319 870/664/4320
f 1133/1109/4321 1131/827/4322 1132/1110/4323
f 782/992/4324 783/740/4325 1133/1109/4326
f 992/1107/4327 682/1111/4328 990/1112/4329
f 739/923/4330 800/949/4331 894/1113/4332
f 782/992/4333 1133/1109/4334 784/776/4335
f 894/1113/4336 786/804/4337 785/1106/4338
f 593/973/4339 787/976/4340 594/991/4341
f 787/976/4342 732/1114/4343 869/993/4344
f 789/890/4345 788/716/4346 727/1104/4347
f 596/916/4348 871/892/4349 597/898/4350
f 1101/1115/4351 985/1010/4352 789/890/4353
f 985/1010/4354 867/882/4355 872/891/4356
f 995/954/4357 9/994/4358 791/1116/4359
f 734/714/4360 8/986/4361 790/995/4362
f 10/1117/4363 873/909/4364 9/994/4365
f 727/1104/4366 788/716/4367 994/715/4368
f 793/770/4369 792/927/4370 658/771/4371
f 794/867/4372 792/927/4373 735/935/4374
f 882/661/4375 793/770/4376 657/772/4377
f 883/959/4378 684/663/4379 680/960/4380
f 1114/1118/4381 680/960/4382 885/1119/4383
f 1075/1073/4384 769/1078/4385 855/755/4386
f 1001/735/4387 690/729/4388 694/754/4389
f 795/1120/4390 1112/1121/4391 885/1119/4392
f 795/1120/4393 1002/1122/4394 1129/801/4395
f 1126/784/4396 1125/734/4397 737/752/4398
f 681/733/4399 689/720/4400 797/753/4401
f 650/768/4402 797/753/4403 689/720/4404
f 738/764/4405 798/796/4406 648/795/4407
f 797/753/4408 798/796/4409 737/752/4410
f 305/802/4411 304/805/4412 891/1002/4413
f 737/752/4414 1125/734/4415 681/733/4416
f 1004/1123/4417 15/929/4418 895/931/4419
f 879/1124/4420 987/1006/4421 988/965/4422
f 1022/1125/4423 740/1126/4424 1005/932/4425
f 875/907/4426 873/909/4427 10/1117/4428
f 802/936/4429 1007/1098/4430 1006/1003/4431
f 896/865/4432 900/928/4433 659/866/4434
f 902/1127/4435 1029/756/4436 978/946/4437
f 902/1127/4438 1020/1128/4439 803/934/4440
f 657/772/4441 742/873/4442 804/940/4443
f 586/874/4444 804/940/4445 742/873/4446
f 1142/1129/4447 1135/1130/4448 1286/1131/4449
f 815/1132/4450 905/1021/4451 1135/1130/4452
f 806/624/4453 633/645/4454 808/606/4455
f 807/637/4456 806/624/4457 744/625/4458
f 906/1017/4459 744/625/4460 1031/1018/4461
f 1138/639/4462 636/895/4463 635/649/4464
f 705/604/4465 808/606/4466 632/602/4467
f 806/624/4468 808/606/4469 745/605/4470
f 629/945/4471 810/616/4472 809/611/4473
f 809/611/4474 810/616/4475 811/610/4476
f 628/617/4477 810/616/4478 629/945/4479
f 811/610/4480 810/616/4481 746/1133/4482
f 812/700/4483 811/610/4484 746/1133/4485
f 744/625/4486 745/605/4487 811/610/4488
f 812/700/4489 746/1133/4490 1034/1134/4491
f 812/700/4492 706/699/4493 1031/1018/4494
f 1035/615/4495 907/630/4496 1034/1134/4497
f 1280/1135/4498 1284/1136/4499 747/1033/4500
f 626/655/4501 625/671/4502 909/900/4503
f 814/631/4504 1038/901/4505 910/629/4506
f 905/1021/4507 638/646/4508 637/894/4509
f 1039/1137/4510 912/654/4511 815/1132/4512
f 1144/1138/4513 1039/1137/4514 1145/1139/4515
f 1157/1140/4516 707/1141/4517 1159/1142/4518
f 915/1143/4519 673/886/4520 672/712/4521
f 916/693/4522 914/692/4523 1219/1144/4524
f 1218/1145/4525 1050/1146/4526 1043/1147/4527
f 1217/860/4528 914/692/4529 915/1143/4530
f 923/1031/4531 920/711/4532 1052/1148/4533
f 1053/1100/4534 668/1149/4535 982/848/4536
f 820/670/4537 624/672/4538 825/669/4539
f 814/631/4540 908/656/4541 909/900/4542
f 675/843/4543 916/693/4544 1295/1036/4545
f 821/696/4546 1220/1150/4547 927/1041/4548
f 823/607/4549 822/688/4550 678/697/4551
f 822/688/4552 753/1040/4553 928/633/4554
f 821/696/4555 823/607/4556 677/609/4557
f 822/688/4558 823/607/4559 753/1040/4560
f 1196/1151/4561 926/1152/4562 1056/1153/4563
f 924/1039/4564 925/632/4565 1057/1037/4566
f 712/667/4567 825/669/4568 623/972/4569
f 820/670/4570 825/669/4571 754/668/4572
f 1296/1154/4573 1222/855/4574 826/1155/4575
f 929/709/4576 930/885/4577 674/691/4578
f 827/608/4579 678/697/4580 829/713/4581
f 828/694/4582 827/608/4583 756/689/4584
f 756/689/4585 932/1156/4586 931/1048/4587
f 1226/702/4588 675/843/4589 676/695/4590
f 713/680/4591 829/713/4592 679/681/4593
f 827/608/4594 829/713/4595 757/690/4596
f 619/977/4597 831/811/4598 830/978/4599
f 830/978/4600 831/811/4601 832/857/4602
f 618/812/4603 831/811/4604 619/977/4605
f 832/857/4606 831/811/4607 758/810/4608
f 758/810/4609 833/875/4610 832/857/4611
f 832/857/4612 833/875/4613 932/1156/4614
f 833/875/4615 758/810/4616 1062/876/4617
f 932/1156/4618 833/875/4619 714/1042/4620
f 618/812/4621 933/817/4622 1062/876/4623
f 1224/1043/4624 1059/1157/4625 1223/1044/4626
f 857/824/4627 1085/1158/4628 615/825/4629
f 1061/816/4630 759/858/4631 834/1159/4632
f 673/886/4633 1230/854/4634 1229/1160/4635
f 1063/1161/4636 936/782/4637 836/1162/4638
f 1337/1046/4639 1357/1163/4640 760/1164/4641
f 1093/658/4642 1094/1165/4643 981/839/4644
f 938/1166/4645 603/864/4646 602/849/4647
f 939/820/4648 937/819/4649 1236/1167/4650
f 1302/1168/4651 1234/1169/4652 839/896/4653
f 1233/868/4654 937/819/4655 938/1166/4656
f 841/743/4657 840/731/4658 644/738/4659
f 765/732/4660 840/731/4661 763/742/4662
f 1215/1170/4663 642/723/4664 1042/1066/4665
f 841/743/4666 1247/1171/4667 1069/1032/4668
f 842/730/4669 645/739/4670 840/731/4671
f 717/725/4672 842/730/4673 764/600/4674
f 1069/1032/4675 1248/1067/4676 763/742/4677
f 848/852/4678 945/1172/4679 767/1173/4680
f 845/761/4681 298/763/4682 766/797/4683
f 848/852/4684 846/851/4685 847/781/4686
f 948/808/4687 766/797/4688 718/726/4689
f 768/809/4690 844/762/4691 845/761/4692
f 844/762/4693 848/852/4694 847/781/4695
f 1072/853/4696 848/852/4697 1071/1174/4698
f 848/852/4699 844/762/4700 768/809/4701
f 847/781/4702 846/851/4703 849/779/4704
f 945/1172/4705 848/852/4706 768/809/4707
f 1071/1174/4708 848/852/4709 767/1173/4710
f 846/851/4711 1072/853/4712 1074/1175/4713
f 849/779/4714 846/851/4715 850/1176/4716
f 853/997/4717 850/1176/4718 770/1177/4719
f 300/957/4720 852/956/4721 301/1081/4722
f 851/775/4723 853/997/4724 1120/773/4725
f 1278/1178/4726 1277/1179/4727 736/1180/4728
f 849/779/4729 850/1176/4730 852/956/4731
f 852/956/4732 850/1176/4733 853/997/4734
f 770/1177/4735 1355/1181/4736 1120/773/4737
f 853/997/4738 851/775/4739 854/998/4740
f 854/998/4741 851/775/4742 999/759/4743
f 301/1081/4744 852/956/4745 854/998/4746
f 1075/1073/4747 1076/918/4748 950/920/4749
f 963/1182/4750 956/990/4751 769/1078/4752
f 664/1183/4753 955/842/4754 953/833/4755
f 921/1184/4756 1053/1100/4757 1055/1185/4758
f 857/824/4759 614/826/4760 866/822/4761
f 857/824/4762 972/1092/4763 1085/1158/4764
f 1090/1186/4765 607/844/4766 606/1187/4767
f 858/845/4768 1089/880/4769 976/879/4770
f 1304/979/4771 604/821/4772 939/820/4773
f 1342/1188/4774 1350/1059/4775 1065/1189/4776
f 1091/1190/4777 664/1183/4778 953/833/4779
f 860/837/4780 1018/1007/4781 902/1127/4782
f 775/988/4783 860/837/4784 1265/836/4785
f 979/838/4786 860/837/4787 978/946/4788
f 1097/831/4789 982/848/4790 668/1149/4791
f 862/840/4792 982/848/4793 1270/1101/4794
f 864/878/4795 863/682/4796 609/684/4797
f 863/682/4798 777/1102/4799 984/914/4800
f 858/845/4801 864/878/4802 608/846/4803
f 863/682/4804 864/878/4805 777/1102/4806
f 1082/1191/4807 721/1192/4808 974/1193/4809
f 972/1092/4810 973/913/4811 1084/1086/4812
f 726/676/4813 866/822/4814 613/685/4815
f 857/824/4816 866/822/4817 778/675/4818
f 867/882/4819 598/884/4820 872/891/4821
f 1067/1063/4822 867/882/4823 1239/1194/4824
f 781/778/4825 868/930/4826 16/948/4827
f 780/777/4828 786/804/4829 895/931/4830
f 787/976/4831 869/993/4832 728/970/4833
f 870/664/4834 869/993/4835 732/1114/4836
f 1368/665/4837 870/664/4838 732/1114/4839
f 783/740/4840 870/664/4841 683/666/4842
f 733/899/4843 871/892/4844 596/916/4845
f 789/890/4846 871/892/4847 788/716/4848
f 871/892/4849 872/891/4850 597/898/4851
f 872/891/4852 789/890/4853 985/1010/4854
f 10/1117/4855 876/1093/4856 875/907/4857
f 791/1116/4858 9/994/4859 873/909/4860
f 1025/1195/4861 1027/964/4862 1372/1196/4863
f 873/909/4864 878/908/4865 880/1197/4866
f 876/1093/4867 10/1117/4868 11/1198/4869
f 875/907/4870 874/1094/4871 878/908/4872
f 879/1124/4873 11/1198/4874 12/1199/4875
f 874/1094/4876 876/1093/4877 877/962/4878
f 876/1093/4879 879/1124/4880 877/962/4881
f 879/1124/4882 12/1199/4883 1111/1005/4884
f 1025/1195/4885 1023/1200/4886 1024/1096/4887
f 880/1197/4888 878/908/4889 774/1095/4890
f 11/1198/4891 879/1124/4892 876/1093/4893
f 12/1199/4894 13/950/4895 1111/1005/4896
f 880/1197/4897 774/1095/4898 1105/1201/4899
f 873/909/4900 880/1197/4901 791/1116/4902
f 1105/1201/4903 791/1116/4904 880/1197/4905
f 881/955/4906 1104/1202/4907 1102/1103/4908
f 882/661/4909 657/772/4910 804/940/4911
f 882/661/4912 656/786/4913 688/662/4914
f 735/935/4915 793/770/4916 883/959/4917
f 684/663/4918 883/959/4919 793/770/4920
f 690/729/4921 1001/735/4922 1128/1203/4923
f 885/1119/4924 884/791/4925 795/1120/4926
f 1129/801/4927 1278/1178/4928 795/1120/4929
f 885/1119/4930 680/960/4931 997/974/4932
f 884/791/4933 885/1119/4934 886/790/4935
f 886/790/4936 885/1119/4937 997/974/4938
f 998/758/4939 303/806/4940 302/1080/4941
f 891/1002/4942 796/800/4943 889/1204/4944
f 796/800/4945 887/807/4946 890/1205/4947
f 998/758/4948 890/1205/4949 887/807/4950
f 884/791/4951 1128/1203/4952 795/1120/4953
f 799/1206/4954 893/803/4955 1003/1207/4956
f 998/758/4957 887/807/4958 303/806/4959
f 1277/1179/4960 890/1205/4961 888/760/4962
f 796/800/4963 891/1002/4964 887/807/4965
f 891/1002/4966 889/1204/4967 1003/1207/4968
f 306/748/4969 892/765/4970 719/749/4971
f 1126/784/4972 892/765/4973 799/1206/4974
f 1003/1207/4975 893/803/4976 305/802/4977
f 892/765/4978 893/803/4979 799/1206/4980
f 1004/1123/4981 800/949/4982 14/951/4983
f 894/1113/4984 895/931/4985 786/804/4986
f 780/777/4987 895/931/4988 868/930/4989
f 895/931/4990 894/1113/4991 1004/1123/4992
f 661/925/4993 903/1208/4994 899/1209/4995
f 898/1210/4996 896/865/4997 802/936/4998
f 660/926/4999 899/1209/5000 896/865/5001
f 901/924/5002 897/933/5003 903/1208/5004
f 1009/1211/5005 1384/1212/5006 1015/1004/5007
f 1017/953/5008 741/903/5009 658/771/5010
f 661/925/5011 899/1209/5012 660/926/5013
f 897/933/5014 896/865/5015 899/1209/5016
f 896/865/5017 898/1210/5018 900/928/5019
f 900/928/5020 898/1210/5021 1017/953/5022
f 1029/756/5023 855/755/5024 663/947/5025
f 897/933/5026 901/924/5027 803/934/5028
f 803/934/5029 901/924/5030 902/1127/5031
f 901/924/5032 662/757/5033 1029/756/5034
f 899/1209/5035 903/1208/5036 897/933/5037
f 661/925/5038 901/924/5039 903/1208/5040
f 1138/639/5041 904/893/5042 636/895/5043
f 905/1021/5044 904/893/5045 805/1213/5046
f 905/1021/5047 805/1213/5048 1136/1214/5049
f 911/647/5050 905/1021/5051 815/1132/5052
f 906/1017/5053 1031/1018/5054 1137/1019/5055
f 1033/638/5056 906/1017/5057 1137/1019/5058
f 907/630/5059 627/657/5060 908/656/5061
f 907/630/5062 910/629/5063 1034/1134/5064
f 909/900/5065 908/656/5066 626/655/5067
f 907/630/5068 908/656/5069 814/631/5070
f 924/1039/5071 1036/1215/5072 820/670/5073
f 1037/1216/5074 1038/901/5075 1036/1215/5076
f 1284/1136/5077 910/629/5078 747/1033/5079
f 910/629/5080 813/698/5081 1034/1134/5082
f 905/1021/5083 911/647/5084 638/646/5085
f 912/654/5086 911/647/5087 815/1132/5088
f 1039/1137/5089 815/1132/5090 1142/1129/5091
f 1041/767/5092 912/654/5093 1144/1138/5094
f 1040/722/5095 641/724/5096 1041/767/5097
f 1388/1217/5098 1153/1218/5099 1147/1219/5100
f 915/1143/5101 914/692/5102 673/886/5103
f 914/692/5104 817/861/5105 1219/1144/5106
f 917/708/5107 915/1143/5108 672/712/5109
f 1216/1220/5110 1043/1147/5111 749/1221/5112
f 1216/1220/5113 1044/1028/5114 1219/1144/5115
f 1220/1150/5116 752/1222/5117 927/1041/5118
f 670/783/5119 922/710/5120 919/792/5121
f 917/708/5122 818/794/5123 1218/1145/5124
f 917/708/5125 919/792/5126 818/794/5127
f 919/792/5128 917/708/5129 671/707/5130
f 670/783/5131 919/792/5132 671/707/5133
f 919/792/5134 918/705/5135 1048/793/5136
f 1052/1148/5137 1097/831/5138 668/1149/5139
f 922/710/5140 819/703/5141 918/705/5142
f 1078/1084/5143 1096/847/5144 666/958/5145
f 964/1223/5146 954/1085/5147 856/835/5148
f 919/792/5149 922/710/5150 918/705/5151
f 670/783/5152 920/711/5153 922/710/5154
f 1052/1148/5155 920/711/5156 669/718/5157
f 921/1184/5158 1055/1185/5159 1208/1224/5160
f 925/632/5161 924/1039/5162 754/668/5163
f 1036/1215/5164 924/1039/5165 751/1038/5166
f 709/687/5167 925/632/5168 754/668/5169
f 925/632/5170 824/634/5171 926/1152/5172
f 1056/1153/5173 926/1152/5174 824/634/5175
f 926/1152/5176 708/1225/5177 1139/1226/5178
f 824/634/5179 927/1041/5180 752/1222/5181
f 753/1040/5182 821/696/5183 927/1041/5184
f 822/688/5185 928/633/5186 709/687/5187
f 927/1041/5188 928/633/5189 753/1040/5190
f 1226/702/5191 929/709/5192 675/843/5193
f 930/885/5194 929/709/5195 826/1155/5196
f 930/885/5197 826/1155/5198 1222/855/5199
f 1229/1160/5200 1228/1045/5201 836/1162/5202
f 1223/1044/5203 931/1048/5204 714/1042/5205
f 931/1048/5206 1223/1044/5207 1225/1227/5208
f 931/1048/5209 932/1156/5210 714/1042/5211
f 756/689/5212 832/857/5213 932/1156/5214
f 933/817/5215 617/906/5216 934/905/5217
f 933/817/5218 1061/816/5219 1062/876/5220
f 1088/1050/5221 934/905/5222 616/904/5223
f 933/817/5224 934/905/5225 835/818/5226
f 935/706/5227 672/712/5228 1229/1160/5229
f 936/782/5230 935/706/5231 836/1162/5232
f 1063/1161/5233 836/1162/5234 1227/1047/5235
f 1269/1228/5236 1098/717/5237 1231/1229/5238
f 938/1166/5239 937/819/5240 603/864/5241
f 937/819/5242 838/869/5243 1236/1167/5244
f 940/626/5245 938/1166/5246 602/849/5247
f 1232/1230/5248 1064/911/5249 761/910/5250
f 1232/1230/5251 1065/1189/5252 1236/1167/5253
f 1238/981/5254 977/1090/5255 1090/1186/5256
f 1066/627/5257 601/850/5258 600/1231/5259
f 940/626/5260 839/896/5261 1234/1169/5262
f 599/883/5263 1067/1063/5264 600/1231/5265
f 942/628/5266 1240/1232/5267 839/896/5268
f 1066/627/5269 940/626/5270 601/850/5271
f 1240/1232/5272 942/628/5273 941/1062/5274
f 1149/1233/5275 1166/1234/5276 816/1235/5277
f 945/1172/5278 843/1068/5279 1249/1070/5280
f 1070/1069/5281 944/599/5282 716/601/5283
f 948/808/5284 944/599/5285 843/1068/5286
f 768/809/5287 843/1068/5288 945/1172/5289
f 1070/1069/5290 843/1068/5291 944/599/5292
f 1387/1236/5293 1388/1217/5294 1389/1237/5295
f 767/1173/5296 945/1172/5297 947/1238/5298
f 968/1239/5299 771/1240/5300 962/1074/5301
f 966/1241/5302 968/1239/5303 962/1074/5304
f 944/599/5305 948/808/5306 718/726/5307
f 768/809/5308 948/808/5309 843/1068/5310
f 1386/1242/5311 947/1238/5312 971/1243/5313
f 1073/1244/5314 1072/853/5315 949/1245/5316
f 1077/919/5317 661/925/5318 660/926/5319
f 680/960/5320 1114/1118/5321 1116/961/5322
f 1332/1246/5323 1330/1247/5324 720/1248/5325
f 856/835/5326 952/787/5327 953/833/5328
f 953/833/5329 952/787/5330 665/789/5331
f 952/787/5332 856/835/5333 954/1085/5334
f 953/833/5335 665/789/5336 1091/1190/5337
f 953/833/5338 951/841/5339 957/834/5340
f 856/835/5341 959/1075/5342 964/1223/5343
f 1053/1100/5344 921/1184/5345 1052/1148/5346
f 955/842/5347 664/1183/5348 978/946/5349
f 956/990/5350 663/947/5351 855/755/5352
f 769/1078/5353 956/990/5354 855/755/5355
f 951/841/5356 955/842/5357 956/990/5358
f 960/1076/5359 957/834/5360 951/841/5361
f 771/1240/5362 961/1249/5363 964/1223/5364
f 960/1076/5365 963/1182/5366 958/1250/5367
f 967/642/5368 965/641/5369 966/1241/5370
f 856/835/5371 957/834/5372 959/1075/5373
f 959/1075/5374 957/834/5375 960/1076/5376
f 963/1182/5377 960/1076/5378 951/841/5379
f 960/1076/5380 958/1250/5381 962/1074/5382
f 1210/1251/5383 771/1240/5384 968/1239/5385
f 1385/1252/5386 1055/1185/5387 1053/1100/5388
f 966/1241/5389 962/1074/5390 958/1250/5391
f 771/1240/5392 959/1075/5393 962/1074/5394
f 956/990/5395 963/1182/5396 951/841/5397
f 1332/1246/5398 1334/1253/5399 1333/1077/5400
f 771/1240/5401 964/1223/5402 959/1075/5403
f 964/1223/5404 961/1249/5405 1385/1252/5406
f 966/1241/5407 958/1250/5408 967/642/5409
f 970/1254/5410 968/1239/5411 965/641/5412
f 958/1250/5413 1332/1246/5414 967/642/5415
f 966/1241/5416 965/641/5417 968/1239/5418
f 720/1248/5419 1079/1255/5420 967/642/5421
f 1079/1255/5422 1080/640/5423 967/642/5424
f 971/1243/5425 969/1256/5426 970/1254/5427
f 1214/1257/5428 1294/1258/5429 1205/1259/5430
f 1249/1070/5431 1081/1083/5432 947/1238/5433
f 1390/1260/5434 1389/1237/5435 1164/1261/5436
f 971/1243/5437 970/1254/5438 965/641/5439
f 1205/1259/5440 970/1254/5441 969/1256/5442
f 965/641/5443 1080/640/5444 1386/1242/5445
f 971/1243/5446 947/1238/5447 1081/1083/5448
f 973/913/5449 972/1092/5450 778/675/5451
f 1085/1158/5452 972/1092/5453 772/1088/5454
f 723/677/5455 973/913/5456 778/675/5457
f 973/913/5458 865/915/5459 974/1193/5460
f 1082/1191/5461 974/1193/5462 865/915/5463
f 974/1193/5464 721/1192/5465 1083/1087/5466
f 772/1088/5467 1083/1087/5468 1087/1262/5469
f 975/1049/5470 1086/859/5471 1088/1050/5472
f 865/915/5473 976/879/5474 773/881/5475
f 777/1102/5476 858/845/5477 976/879/5478
f 858/845/5479 1090/1186/5480 1089/880/5481
f 1238/981/5482 606/1187/5483 1304/979/5484
f 978/946/5485 664/1183/5486 1091/1190/5487
f 902/1127/5488 978/946/5489 860/837/5490
f 979/838/5491 1091/1190/5492 980/788/5493
f 1265/836/5494 979/838/5495 1266/1263/5496
f 1096/847/5497 1078/1084/5498 667/1099/5499
f 979/838/5500 980/788/5501 861/1264/5502
f 861/1264/5503 980/788/5504 981/839/5505
f 980/788/5506 666/958/5507 1096/847/5508
f 1097/831/5509 1052/1148/5510 669/718/5511
f 981/839/5512 982/848/5513 862/840/5514
f 1098/717/5515 920/711/5516 670/783/5517
f 1269/1228/5518 1099/1265/5519 1270/1101/5520
f 863/682/5521 984/914/5522 723/677/5523
f 976/879/5524 984/914/5525 777/1102/5526
f 1101/1115/5527 789/890/5528 727/1104/5529
f 779/1009/5530 867/882/5531 985/1010/5532
f 1102/1103/5533 986/1008/5534 727/1104/5535
f 1339/1266/5536 1271/1064/5537 1307/1267/5538
f 739/923/5539 989/922/5540 800/949/5541
f 987/1006/5542 989/922/5543 988/965/5544
f 879/1124/5545 988/965/5546 877/962/5547
f 987/1006/5548 800/949/5549 989/922/5550
f 990/1112/5551 991/921/5552 992/1107/5553
f 988/965/5554 989/922/5555 1369/985/5556
f 1010/952/5557 696/872/5558 741/903/5559
f 801/963/5560 988/965/5561 1369/985/5562
f 991/921/5563 739/923/5564 992/1107/5565
f 1369/985/5566 991/921/5567 990/1112/5568
f 993/1108/5569 992/1107/5570 739/923/5571
f 785/1106/5572 682/1111/5573 992/1107/5574
f 739/923/5575 894/1113/5576 993/1108/5577
f 785/1106/5578 993/1108/5579 894/1113/5580
f 995/954/5581 994/715/5582 734/714/5583
f 1102/1103/5584 994/715/5585 881/955/5586
f 790/995/5587 995/954/5588 734/714/5589
f 791/1116/5590 881/955/5591 995/954/5592
f 1117/1268/5593 1325/1269/5594 1115/1270/5595
f 1112/1121/5596 1114/1118/5597 885/1119/5598
f 680/960/5599 684/663/5600 997/974/5601
f 997/974/5602 684/663/5603 695/728/5604
f 302/1080/5605 854/998/5606 999/759/5607
f 890/1205/5608 998/758/5609 888/760/5610
f 888/760/5611 999/759/5612 851/775/5613
f 302/1080/5614 999/759/5615 998/758/5616
f 1130/799/5617 1127/1271/5618 889/1204/5619
f 1128/1203/5620 1002/1122/5621 795/1120/5622
f 681/733/5623 1001/735/5624 694/754/5625
f 1000/785/5626 1002/1122/5627 1001/735/5628
f 1000/785/5629 1127/1271/5630 1130/799/5631
f 1130/799/5632 1002/1122/5633 1000/785/5634
f 891/1002/5635 1003/1207/5636 305/802/5637
f 1127/1271/5638 1003/1207/5639 889/1204/5640
f 1004/1123/5641 14/951/5642 15/929/5643
f 894/1113/5644 800/949/5645 1004/1123/5646
f 1020/1128/5647 1022/1125/5648 803/934/5649
f 1005/932/5650 740/1126/5651 1006/1003/5652
f 1369/985/5653 1370/1272/5654 1373/1273/5655
f 1006/1003/5656 740/1126/5657 1009/1211/5658
f 897/933/5659 1005/932/5660 1007/1098/5661
f 1006/1003/5662 1007/1098/5663 1005/932/5664
f 682/1111/5665 1382/1274/5666 990/1112/5667
f 686/823/5668 700/870/5669 1012/943/5670
f 1009/1211/5671 740/1126/5672 1374/1275/5673
f 1009/1211/5674 1008/1276/5675 1384/1212/5676
f 1016/1277/5677 802/936/5678 1015/1004/5679
f 1370/1272/5680 1382/1274/5681 1008/1276/5682
f 1016/1277/5683 1010/952/5684 898/1210/5685
f 1012/943/5686 1011/1278/5687 1013/863/5688
f 696/872/5689 1012/943/5690 700/870/5691
f 1011/1278/5692 1383/1279/5693 1013/863/5694
f 1132/1110/5695 1134/862/5696 785/1106/5697
f 686/823/5698 1012/943/5699 1013/863/5700
f 1014/942/5701 1010/952/5702 1016/1277/5703
f 1012/943/5704 1014/942/5705 1011/1278/5706
f 1015/1004/5707 1006/1003/5708 1009/1211/5709
f 1015/1004/5710 1011/1278/5711 1014/942/5712
f 802/936/5713 1016/1277/5714 898/1210/5715
f 1014/942/5716 1016/1277/5717 1015/1004/5718
f 900/928/5719 1017/953/5720 658/771/5721
f 1010/952/5722 1017/953/5723 898/1210/5724
f 1021/1280/5725 775/988/5726 1380/1281/5727
f 902/1127/5728 1018/1007/5729 1020/1128/5730
f 1266/1263/5731 1323/987/5732 1092/989/5733
f 1376/1282/5734 1369/985/5735 1373/1273/5736
f 1018/1007/5737 1021/1280/5738 1020/1128/5739
f 1020/1128/5740 1021/1280/5741 1022/1125/5742
f 775/988/5743 1021/1280/5744 1018/1007/5745
f 1019/1283/5746 1377/1284/5747 1375/1285/5748
f 803/934/5749 1022/1125/5750 1005/932/5751
f 1021/1280/5752 1019/1283/5753 1022/1125/5754
f 878/908/5755 1025/1195/5756 1024/1096/5757
f 1372/1196/5758 1378/1286/5759 1023/1200/5760
f 1025/1195/5761 878/908/5762 874/1094/5763
f 1028/1097/5764 1024/1096/5765 1023/1200/5766
f 1027/964/5767 874/1094/5768 877/962/5769
f 801/963/5770 1372/1196/5771 1027/964/5772
f 1275/1287/5773 1026/1288/5774 1379/1289/5775
f 722/1290/5776 1109/1291/5777 1272/1292/5778
f 801/963/5779 1376/1282/5780 1372/1196/5781
f 874/1094/5782 1027/964/5783 1025/1195/5784
f 1023/1200/5785 1378/1286/5786 1379/1289/5787
f 1028/1097/5788 1026/1288/5789 1273/1293/5790
f 978/946/5791 1029/756/5792 663/947/5793
f 901/924/5794 1029/756/5795 902/1127/5796
f 1206/1294/5797 805/1213/5798 1279/1295/5799
f 1199/1296/5800 1032/1013/5801 1198/1297/5802
f 1031/1018/5803 744/625/5804 811/610/5805
f 1137/1019/5806 1031/1018/5807 706/699/5808
f 1141/1298/5809 1280/1135/5810 1283/1299/5811
f 1280/1135/5812 747/1033/5813 1283/1299/5814
f 1033/638/5815 1279/1295/5816 1138/639/5817
f 807/637/5818 906/1017/5819 1033/638/5820
f 812/700/5821 1034/1134/5822 813/698/5823
f 1035/615/5824 1034/1134/5825 746/1133/5826
f 810/616/5827 1035/615/5828 746/1133/5829
f 628/617/5830 907/630/5831 1035/615/5832
f 1036/1215/5833 751/1038/5834 1037/1216/5835
f 909/900/5836 820/670/5837 1036/1215/5838
f 751/1038/5839 1057/1037/5840 1139/1226/5841
f 1139/1226/5842 1141/1298/5843 1037/1216/5844
f 1036/1215/5845 1038/901/5846 909/900/5847
f 1283/1299/5848 1038/901/5849 1037/1216/5850
f 1039/1137/5851 1148/1016/5852 1145/1139/5853
f 913/1300/5854 1041/767/5855 1146/1301/5856
f 641/724/5857 640/766/5858 1041/767/5859
f 1042/1066/5860 1040/722/5861 913/1300/5862
f 1144/1138/5863 912/654/5864 1039/1137/5865
f 913/1300/5866 1040/722/5867 1041/767/5868
f 1147/1219/5869 1153/1218/5870 913/1300/5871
f 1215/1170/5872 841/743/5873 643/1065/5874
f 1218/1145/5875 1043/1147/5876 1217/860/5877
f 818/794/5878 1048/793/5879 1047/829/5880
f 1175/1302/5881 1171/1303/5882 1163/614/5883
f 1195/1030/5884 1200/1029/5885 1187/1304/5886
f 1221/1035/5887 821/696/5888 676/695/5889
f 916/693/5890 1219/1144/5891 1202/1305/5892
f 1191/1306/5893 1046/704/5894 819/703/5895
f 1046/704/5896 750/830/5897 1047/829/5898
f 1166/1234/5899 1149/1233/5900 1143/1015/5901
f 818/794/5902 1047/829/5903 1050/1146/5904
f 918/705/5905 1046/704/5906 1048/793/5907
f 1047/829/5908 1048/793/5909 1046/704/5910
f 1049/1307/5911 1160/1308/5912 1165/1026/5913
f 1176/1027/5914 1043/1147/5915 1050/1146/5916
f 1051/828/5917 1050/1146/5918 1047/829/5919
f 1165/1026/5920 1171/1303/5921 1176/1027/5922
f 1162/1309/5923 1158/1310/5924 1160/1308/5925
f 1051/828/5926 1049/1307/5927 1182/1025/5928
f 1053/1100/5929 1052/1148/5930 668/1149/5931
f 923/1031/5932 1052/1148/5933 921/1184/5934
f 1078/1084/5935 1053/1100/5936 667/1099/5937
f 954/1085/5938 964/1223/5939 1385/1252/5940
f 1177/1072/5941 1190/1023/5942 1167/1022/5943
f 1055/1185/5944 1054/1311/5945 1208/1224/5946
f 1385/1252/5947 1053/1100/5948 954/1085/5949
f 1208/1224/5950 1054/1311/5951 1207/1312/5952
f 824/634/5953 752/1222/5954 1056/1153/5955
f 1056/1153/5956 752/1222/5957 1188/1313/5958
f 925/632/5959 926/1152/5960 1057/1037/5961
f 1057/1037/5962 926/1152/5963 1139/1226/5964
f 931/1048/5965 1225/1227/5966 1060/701/5967
f 1300/1314/5968 1357/1163/5969 1337/1046/5970
f 1258/1315/5971 759/858/5972 1087/1262/5973
f 1356/1316/5974 1059/1157/5975 1316/1051/5976
f 1060/701/5977 1298/1317/5978 1226/702/5979
f 828/694/5980 931/1048/5981 1060/701/5982
f 1061/816/5983 835/818/5984 1086/859/5985
f 1062/876/5986 1061/816/5987 834/1159/5988
f 1062/876/5989 834/1159/5990 1297/877/5991
f 618/812/5992 1062/876/5993 758/810/5994
f 1417/1318/5995 1367/1319/5996 1351/1320/5997
f 1231/1229/5998 1063/1161/5999 1367/1319/6000
f 1234/1169/6001 1064/911/6002 1233/868/6003
f 839/896/6004 1240/1232/6005 1241/1321/6006
f 1065/1189/6007 1232/1230/6008 1342/1188/6009
f 1237/980/6010 1065/1189/6011 1350/1059/6012
f 1067/1063/6013 1066/627/6014 600/1231/6015
f 942/628/6016 1066/627/6017 941/1062/6018
f 599/883/6019 867/882/6020 1067/1063/6021
f 779/1009/6022 1339/1266/6023 1239/1194/6024
f 1339/1266/6025 1306/1322/6026 1068/1105/6027
f 1240/1232/6028 1068/1105/6029 1306/1322/6030
f 841/743/6031 1215/1170/6032 1247/1171/6033
f 1314/1323/6034 1250/1324/6035 1251/1325/6036
f 716/601/6037 765/732/6038 1248/1067/6039
f 1250/1324/6040 1070/1069/6041 1251/1325/6042
f 1071/1174/6043 767/1173/6044 1386/1242/6045
f 1071/1174/6046 949/1245/6047 1072/853/6048
f 949/1245/6049 1079/1255/6050 1073/1244/6051
f 850/1176/6052 1074/1175/6053 770/1177/6054
f 1326/1326/6055 1327/1079/6056 1121/937/6057
f 1073/1244/6058 1353/1327/6059 1074/1175/6060
f 846/851/6061 1074/1175/6062 850/1176/6063
f 1073/1244/6064 1074/1175/6065 1072/853/6066
f 1076/918/6067 855/755/6068 662/757/6069
f 1327/1079/6070 1075/1073/6071 950/920/6072
f 1076/918/6073 662/757/6074 901/924/6075
f 1077/919/6076 1076/918/6077 661/925/6078
f 660/926/6079 794/867/6080 1077/919/6081
f 1124/1328/6082 1121/937/6083 1123/1329/6084
f 952/787/6085 1078/1084/6086 666/958/6087
f 1053/1100/6088 1078/1084/6089 954/1085/6090
f 1073/1244/6091 1079/1255/6092 720/1248/6093
f 1079/1255/6094 949/1245/6095 1080/640/6096
f 1071/1174/6097 1080/640/6098 949/1245/6099
f 1386/1242/6100 767/1173/6101 947/1238/6102
f 1256/1330/6103 946/1082/6104 1254/1331/6105
f 971/1243/6106 1081/1083/6107 969/1256/6108
f 865/915/6109 773/881/6110 1082/1191/6111
f 1082/1191/6112 773/881/6113 1318/1089/6114
f 1259/1332/6115 1258/1315/6116 1083/1087/6117
f 759/858/6118 1086/859/6119 1087/1262/6120
f 973/913/6121 974/1193/6122 1084/1086/6123
f 1083/1087/6124 1084/1086/6125 974/1193/6126
f 1087/1262/6127 1085/1158/6128 772/1088/6129
f 615/825/6130 1085/1158/6131 975/1049/6132
f 1088/1050/6133 1086/859/6134 835/818/6135
f 1087/1262/6136 1086/859/6137 975/1049/6138
f 1087/1262/6139 975/1049/6140 1085/1158/6141
f 1087/1262/6142 1083/1087/6143 1258/1315/6144
f 934/905/6145 1088/1050/6146 835/818/6147
f 615/825/6148 1088/1050/6149 616/904/6150
f 1090/1186/6151 858/845/6152 607/844/6153
f 1318/1089/6154 1089/880/6155 977/1090/6156
f 1237/980/6157 859/1333/6158 1303/1091/6159
f 1089/880/6160 1090/1186/6161 977/1090/6162
f 980/788/6163 1091/1190/6164 665/789/6165
f 978/946/6166 1091/1190/6167 979/838/6168
f 1266/1263/6169 1094/1165/6170 1095/1334/6171
f 1095/1334/6172 1323/987/6173 1266/1263/6174
f 862/840/6175 1270/1101/6176 1100/659/6177
f 1094/1165/6178 1093/658/6179 776/660/6180
f 1094/1165/6181 776/660/6182 1095/1334/6183
f 981/839/6184 1094/1165/6185 861/1264/6186
f 1319/1335/6187 1095/1334/6188 776/660/6189
f 722/1290/6190 1272/1292/6191 1274/1336/6192
f 982/848/6193 1096/847/6194 667/1099/6195
f 980/788/6196 1096/847/6197 981/839/6198
f 1098/717/6199 1097/831/6200 669/718/6201
f 982/848/6202 1097/831/6203 983/832/6204
f 670/783/6205 936/782/6206 1098/717/6207
f 1098/717/6208 936/782/6209 1231/1229/6210
f 1244/1337/6211 1235/1338/6212 1242/889/6213
f 1100/659/6214 1093/658/6215 862/840/6216
f 1063/1161/6217 1227/1047/6218 1366/1339/6219
f 722/1290/6220 1360/1340/6221 1359/1341/6222
f 727/1104/6223 986/1008/6224 1101/1115/6225
f 985/1010/6226 1101/1115/6227 986/1008/6228
f 1105/1201/6229 1103/1342/6230 1104/1202/6231
f 1271/1064/6232 1107/1343/6233 1312/1344/6234
f 1273/1293/6235 1026/1288/6236 1272/1292/6237
f 1312/1344/6238 1313/1345/6239 1358/1346/6240
f 791/1116/6241 1105/1201/6242 881/955/6243
f 1108/1347/6244 1104/1202/6245 1103/1342/6246
f 1105/1201/6247 774/1095/6248 1273/1293/6249
f 881/955/6250 1105/1201/6251 1104/1202/6252
f 986/1008/6253 1102/1103/6254 1110/1348/6255
f 1308/1349/6256 1106/1350/6257 1311/1351/6258
f 1108/1347/6259 1102/1103/6260 1104/1202/6261
f 1108/1347/6262 1103/1342/6263 1109/1291/6264
f 1103/1342/6265 1272/1292/6266 1109/1291/6267
f 1108/1347/6268 1107/1343/6269 1110/1348/6270
f 1359/1341/6271 1322/1352/6272 1340/1353/6273
f 1108/1347/6274 1109/1291/6275 1313/1345/6276
f 1108/1347/6277 1110/1348/6278 1102/1103/6279
f 1271/1064/6280 1110/1348/6281 1107/1343/6282
f 800/949/6283 1111/1005/6284 13/950/6285
f 879/1124/6286 1111/1005/6287 987/1006/6288
f 1278/1178/6289 1112/1121/6290 795/1120/6291
f 1114/1118/6292 1112/1121/6293 996/1354/6294
f 1115/1270/6295 1113/1355/6296 1116/961/6297
f 1118/996/6298 1124/1328/6299 794/867/6300
f 1115/1270/6301 1114/1118/6302 996/1354/6303
f 1114/1118/6304 1115/1270/6305 1116/961/6306
f 736/1180/6307 1117/1268/6308 996/1354/6309
f 1115/1270/6310 996/1354/6311 1117/1268/6312
f 1118/996/6313 1116/961/6314 1113/1355/6315
f 883/959/6316 1116/961/6317 735/935/6318
f 736/1180/6319 1122/1356/6320 1117/1268/6321
f 1331/1000/6322 1355/1181/6323 1353/1327/6324
f 1121/937/6325 1118/996/6326 1113/1355/6327
f 735/935/6328 1118/996/6329 794/867/6330
f 1120/773/6331 1119/1357/6332 1422/774/6333
f 1329/1358/6334 1331/1000/6335 1353/1327/6336
f 770/1177/6337 1120/773/6338 853/997/6339
f 1122/1356/6340 1422/774/6341 1119/1357/6342
f 1121/937/6343 1113/1355/6344 1324/938/6345
f 1077/919/6346 1123/1329/6347 950/920/6348
f 1122/1356/6349 736/1180/6350 1422/774/6351
f 1122/1356/6352 1119/1357/6353 1354/999/6354
f 1124/1328/6355 1077/919/6356 794/867/6357
f 1121/937/6358 950/920/6359 1123/1329/6360
f 1121/937/6361 1124/1328/6362 1118/996/6363
f 1077/919/6364 1124/1328/6365 1123/1329/6366
f 1126/784/6367 737/752/6368 738/764/6369
f 1001/735/6370 1125/734/6371 1000/785/6372
f 892/765/6373 1126/784/6374 738/764/6375
f 799/1206/6376 1003/1207/6377 1127/1271/6378
f 1000/785/6379 1126/784/6380 1127/1271/6381
f 799/1206/6382 1127/1271/6383 1126/784/6384
f 690/729/6385 1128/1203/6386 884/791/6387
f 1001/735/6388 1002/1122/6389 1128/1203/6390
f 1277/1179/6391 1129/801/6392 796/800/6393
f 1278/1178/6394 996/1354/6395 1112/1121/6396
f 796/800/6397 1130/799/6398 889/1204/6399
f 1002/1122/6400 1130/799/6401 1129/801/6402
f 682/1111/6403 1134/862/6404 1013/863/6405
f 1132/1110/6406 785/1106/6407 786/804/6408
f 784/776/6409 1132/1110/6410 786/804/6411
f 1132/1110/6412 1131/827/6413 1134/862/6414
f 1131/827/6415 1133/1109/6416 783/740/6417
f 784/776/6418 1133/1109/6419 1132/1110/6420
f 1134/862/6421 682/1111/6422 785/1106/6423
f 686/823/6424 1134/862/6425 1131/827/6426
f 1136/1214/6427 1135/1130/6428 905/1021/6429
f 1135/1130/6430 1030/1359/6431 1286/1131/6432
f 1206/1294/6433 1136/1214/6434 805/1213/6435
f 1135/1130/6436 1136/1214/6437 1030/1359/6438
f 1137/1019/6439 706/699/6440 1282/1011/6441
f 743/1020/6442 1137/1019/6443 1032/1013/6444
f 1279/1295/6445 1033/638/6446 743/1020/6447
f 904/893/6448 1138/639/6449 805/1213/6450
f 1185/1360/6451 1141/1298/6452 1186/1361/6453
f 1139/1226/6454 1037/1216/6455 751/1038/6456
f 1171/1303/6457 1175/1302/6458 749/1221/6459
f 1288/1362/6460 1194/1363/6461 1173/1364/6462
f 708/1225/6463 1141/1298/6464 1139/1226/6465
f 1141/1298/6466 1140/1365/6467 1280/1135/6468
f 1135/1130/6469 1142/1129/6470 815/1132/6471
f 748/1366/6472 1039/1137/6473 1142/1129/6474
f 1155/1367/6475 1148/1016/6476 748/1366/6477
f 1162/1309/6478 1049/1307/6479 1051/828/6480
f 1148/1016/6481 1039/1137/6482 748/1366/6483
f 1041/767/6484 1144/1138/6485 1146/1301/6486
f 1143/1015/6487 1149/1233/6488 1145/1139/6489
f 1388/1217/6490 1387/1236/6491 1150/1368/6492
f 1145/1139/6493 1151/1369/6494 1144/1138/6495
f 1149/1233/6496 1147/1219/6497 1151/1369/6498
f 913/1300/6499 1146/1301/6500 1147/1219/6501
f 1151/1369/6502 1147/1219/6503 1146/1301/6504
f 1155/1367/6505 1286/1131/6506 1156/1370/6507
f 1143/1015/6508 1145/1139/6509 1148/1016/6510
f 1154/1014/6511 1161/1371/6512 1143/1015/6513
f 1147/1219/6514 1149/1233/6515 816/1235/6516
f 1285/1372/6517 943/1373/6518 1314/1323/6519
f 1153/1218/6520 1042/1066/6521 913/1300/6522
f 1144/1138/6523 1151/1369/6524 1146/1301/6525
f 1149/1233/6526 1151/1369/6527 1145/1139/6528
f 748/1366/6529 1286/1131/6530 1155/1367/6531
f 1155/1367/6532 1156/1370/6533 1152/1374/6534
f 1388/1217/6535 1147/1219/6536 816/1235/6537
f 1042/1066/6538 1153/1218/6539 1150/1368/6540
f 1288/1362/6541 1179/1375/6542 1152/1374/6543
f 1157/1140/6544 1154/1014/6545 1152/1374/6546
f 1152/1374/6547 1154/1014/6548 1155/1367/6549
f 1148/1016/6550 1155/1367/6551 1154/1014/6552
f 743/1020/6553 1032/1013/6554 1199/1296/6555
f 1193/1376/6556 1192/1377/6557 1181/1378/6558
f 1160/1308/6559 1158/1310/6560 1159/1142/6561
f 1154/1014/6562 1157/1140/6563 1161/1371/6564
f 1177/1072/6565 1172/1379/6566 1162/1309/6567
f 1159/1142/6568 1161/1371/6569 1157/1140/6570
f 1160/1308/6571 1159/1142/6572 707/1141/6573
f 1159/1142/6574 1158/1310/6575 1161/1371/6576
f 1168/612/6577 1165/1026/6578 1160/1308/6579
f 1160/1308/6580 1049/1307/6581 1162/1309/6582
f 1289/1380/6583 1172/1379/6584 1178/1381/6585
f 1161/1371/6586 1164/1261/6587 1166/1234/6588
f 1051/828/6589 750/830/6590 1162/1309/6591
f 1161/1371/6592 1289/1380/6593 1178/1381/6594
f 1181/1378/6595 1185/1360/6596 1174/1382/6597
f 1170/613/6598 1180/1383/6599 1393/1384/6600
f 1172/1379/6601 1158/1310/6602 1162/1309/6603
f 1390/1260/6604 1209/1385/6605 1392/1386/6606
f 1168/612/6607 1160/1308/6608 707/1141/6609
f 1171/1303/6610 1165/1026/6611 1163/614/6612
f 1161/1371/6613 1166/1234/6614 1143/1015/6615
f 816/1235/6616 1166/1234/6617 1164/1261/6618
f 750/830/6619 1189/1071/6620 1177/1072/6621
f 1190/1023/6622 1183/1387/6623 1203/1388/6624
f 1173/1364/6625 1170/613/6626 1287/1389/6627
f 1163/614/6628 1165/1026/6629 1168/612/6630
f 1179/1375/6631 707/1141/6632 1157/1140/6633
f 1192/1377/6634 1140/1365/6635 1181/1378/6636
f 1287/1389/6637 1168/612/6638 707/1141/6639
f 1180/1383/6640 1170/613/6641 1169/1390/6642
f 1163/614/6643 1393/1384/6644 1175/1302/6645
f 749/1221/6646 1043/1147/6647 1176/1027/6648
f 1177/1072/6649 1162/1309/6650 750/830/6651
f 1172/1379/6652 1167/1022/6653 1178/1381/6654
f 1173/1364/6655 1179/1375/6656 1288/1362/6657
f 1169/1390/6658 1170/613/6659 1173/1364/6660
f 1180/1383/6661 1181/1378/6662 1174/1382/6663
f 1290/1391/6664 1187/1304/6665 1175/1302/6666
f 1186/1361/6667 1187/1304/6668 1290/1391/6669
f 749/1221/6670 1175/1302/6671 1200/1029/6672
f 1050/1146/6673 1051/828/6674 1182/1025/6675
f 749/1221/6676 1176/1027/6677 1171/1303/6678
f 1189/1071/6679 750/830/6680 1191/1306/6681
f 1167/1022/6682 1172/1379/6683 1177/1072/6684
f 1178/1381/6685 1167/1022/6686 1390/1260/6687
f 1161/1371/6688 1178/1381/6689 1164/1261/6690
f 1152/1374/6691 1179/1375/6692 1157/1140/6693
f 1287/1389/6694 1179/1375/6695 1173/1364/6696
f 1181/1378/6697 1180/1383/6698 1169/1390/6699
f 1290/1391/6700 1393/1384/6701 1174/1382/6702
f 1181/1378/6703 1169/1390/6704 1193/1376/6705
f 1181/1378/6706 1140/1365/6707 1185/1360/6708
f 1165/1026/6709 1182/1025/6710 1049/1307/6711
f 1050/1146/6712 1182/1025/6713 1176/1027/6714
f 819/703/6715 923/1031/6716 1208/1224/6717
f 1291/1392/6718 1197/1393/6719 1207/1312/6720
f 1184/1394/6721 1193/1376/6722 1194/1363/6723
f 1293/1395/6724 1156/1370/6725 1286/1131/6726
f 1140/1365/6727 1141/1298/6728 1185/1360/6729
f 1186/1361/6730 1141/1298/6731 708/1225/6732
f 1186/1361/6733 708/1225/6734 1187/1304/6735
f 1174/1382/6736 1185/1360/6737 1186/1361/6738
f 1187/1304/6739 1196/1151/6740 1188/1313/6741
f 1202/1305/6742 1195/1030/6743 1201/1396/6744
f 752/1222/6745 1220/1150/6746 1201/1396/6747
f 1196/1151/6748 1187/1304/6749 708/1225/6750
f 1191/1306/6751 750/830/6752 1046/704/6753
f 1189/1071/6754 1183/1387/6755 1190/1023/6756
f 1197/1393/6757 1203/1388/6758 1207/1312/6759
f 1212/1024/6760 1203/1388/6761 1213/1397/6762
f 1191/1306/6763 819/703/6764 1208/1224/6765
f 1189/1071/6766 1191/1306/6767 1183/1387/6768
f 1184/1394/6769 1198/1297/6770 1192/1377/6771
f 1198/1297/6772 1281/1012/6773 1192/1377/6774
f 1194/1363/6775 1193/1376/6776 1169/1390/6777
f 1192/1377/6778 1193/1376/6779 1184/1394/6780
f 1173/1364/6781 1194/1363/6782 1169/1390/6783
f 1206/1294/6784 1211/1398/6785 1293/1395/6786
f 1187/1304/6787 1188/1313/6788 1195/1030/6789
f 1201/1396/6790 1195/1030/6791 1188/1313/6792
f 926/1152/6793 1196/1151/6794 708/1225/6795
f 1056/1153/6796 1188/1313/6797 1196/1151/6798
f 771/1240/6799 1210/1251/6800 961/1249/6801
f 1081/1083/6802 946/1082/6803 1256/1330/6804
f 1198/1297/6805 1184/1394/6806 1199/1296/6807
f 1280/1135/6808 1140/1365/6809 1281/1012/6810
f 1211/1398/6811 1184/1394/6812 1194/1363/6813
f 1206/1294/6814 1199/1296/6815 1211/1398/6816
f 749/1221/6817 1200/1029/6818 1044/1028/6819
f 1187/1304/6820 1200/1029/6821 1175/1302/6822
f 752/1222/6823 1201/1396/6824 1188/1313/6825
f 1202/1305/6826 1201/1396/6827 1045/1034/6828
f 1202/1305/6829 1045/1034/6830 1295/1036/6831
f 1044/1028/6832 1195/1030/6833 1202/1305/6834
f 1207/1312/6835 1203/1388/6836 1183/1387/6837
f 1203/1388/6838 1197/1393/6839 1213/1397/6840
f 968/1239/6841 970/1254/6842 1205/1259/6843
f 1294/1258/6844 1292/1399/6845 1204/1400/6846
f 1250/1324/6847 1253/1401/6848 1254/1331/6849
f 1205/1259/6850 1204/1400/6851 1210/1251/6852
f 1206/1294/6853 1030/1359/6854 1136/1214/6855
f 743/1020/6856 1199/1296/6857 1206/1294/6858
f 1191/1306/6859 1208/1224/6860 1183/1387/6861
f 1207/1312/6862 1054/1311/6863 1291/1392/6864
f 921/1184/6865 1208/1224/6866 923/1031/6867
f 1208/1224/6868 1207/1312/6869 1183/1387/6870
f 1197/1393/6871 1294/1258/6872 1213/1397/6873
f 946/1082/6874 1250/1324/6875 1254/1331/6876
f 1205/1259/6877 1210/1251/6878 968/1239/6879
f 961/1249/6880 1210/1251/6881 1204/1400/6882
f 1184/1394/6883 1211/1398/6884 1199/1296/6885
f 1293/1395/6886 1194/1363/6887 1156/1370/6888
f 1203/1388/6889 1212/1024/6890 1190/1023/6891
f 1390/1260/6892 1212/1024/6893 1209/1385/6894
f 1294/1258/6895 1214/1257/6896 1213/1397/6897
f 1212/1024/6898 1213/1397/6899 1209/1385/6900
f 1256/1330/6901 1205/1259/6902 969/1256/6903
f 1209/1385/6904 1213/1397/6905 1214/1257/6906
f 642/723/6907 1215/1170/6908 643/1065/6909
f 1247/1171/6910 1215/1170/6911 1042/1066/6912
f 1044/1028/6913 1216/1220/6914 749/1221/6915
f 1217/860/6916 1216/1220/6917 817/861/6918
f 1218/1145/6919 1217/860/6920 915/1143/6921
f 1216/1220/6922 1217/860/6923 1043/1147/6924
f 917/708/6925 1218/1145/6926 915/1143/6927
f 1050/1146/6928 1218/1145/6929 818/794/6930
f 1216/1220/6931 1219/1144/6932 817/861/6933
f 1202/1305/6934 1219/1144/6935 1044/1028/6936
f 1221/1035/6937 1220/1150/6938 821/696/6939
f 1201/1396/6940 1220/1150/6941 1045/1034/6942
f 675/843/6943 1221/1035/6944 676/695/6945
f 1220/1150/6946 1221/1035/6947 1045/1034/6948
f 826/1155/6949 1298/1317/6950 1296/1154/6951
f 1337/1046/6952 1299/856/6953 1300/1314/6954
f 1224/1043/6955 714/1042/6956 1297/877/6957
f 1225/1227/6958 1223/1044/6959 1059/1157/6960
f 759/858/6961 1263/1402/6962 834/1159/6963
f 1260/1052/6964 759/858/6965 1258/1315/6966
f 1356/1316/6967 1336/1403/6968 1059/1157/6969
f 1060/701/6970 1225/1227/6971 755/1404/6972
f 1298/1317/6973 1060/701/6974 755/1404/6975
f 929/709/6976 1226/702/6977 826/1155/6978
f 1228/1045/6979 1227/1047/6980 836/1162/6981
f 1366/1339/6982 1227/1047/6983 760/1164/6984
f 935/706/6985 1229/1160/6986 836/1162/6987
f 1222/855/6988 1420/1405/6989 1299/856/6990
f 672/712/6991 673/886/6992 1229/1160/6993
f 1230/854/6994 673/886/6995 930/885/6996
f 1222/855/6997 1230/854/6998 930/885/6999
f 1228/1045/7000 1229/1160/7001 1230/854/7002
f 1231/1229/7003 837/1406/7004 1269/1228/7005
f 936/782/7006 1063/1161/7007 1231/1229/7008
f 1232/1230/7009 761/910/7010 1342/1188/7011
f 1233/868/7012 1232/1230/7013 838/869/7014
f 1234/1169/7015 1233/868/7016 938/1166/7017
f 1232/1230/7018 1233/868/7019 1064/911/7020
f 940/626/7021 1234/1169/7022 938/1166/7023
f 1302/1168/7024 839/896/7025 1241/1321/7026
f 1235/1338/7027 1302/1168/7028 1242/889/7029
f 1235/1338/7030 1394/1407/7031 1399/1408/7032
f 1232/1230/7033 1236/1167/7034 838/869/7035
f 1237/980/7036 1236/1167/7037 1065/1189/7038
f 1237/980/7039 1303/1091/7040 1238/981/7041
f 1236/1167/7042 1237/980/7043 939/820/7044
f 1090/1186/7045 606/1187/7046 1238/981/7047
f 1304/979/7048 606/1187/7049 605/1409/7050
f 779/1009/7051 1239/1194/7052 867/882/7053
f 1068/1105/7054 1067/1063/7055 1239/1194/7056
f 1240/1232/7057 762/887/7058 1241/1321/7059
f 941/1062/7060 1068/1105/7061 1240/1232/7062
f 1242/889/7063 1241/1321/7064 762/887/7065
f 1235/1338/7066 1301/912/7067 1302/1168/7068
f 1308/1349/7069 1245/888/7070 1246/1410/7071
f 1245/888/7072 1244/1337/7073 1242/889/7074
f 1267/1411/7075 1320/1412/7076 1322/1352/7077
f 1414/1413/7078 1410/1414/7079 1409/1415/7080
f 1410/1414/7081 1416/1416/7082 1408/1417/7083
f 1394/1407/7084 1244/1337/7085 1412/1418/7086
f 1246/1410/7087 1245/888/7088 762/887/7089
f 1244/1337/7090 1245/888/7091 1243/1419/7092
f 1306/1322/7093 1246/1410/7094 762/887/7095
f 1246/1410/7096 1106/1350/7097 1308/1349/7098
f 1042/1066/7099 1150/1368/7100 1247/1171/7101
f 1285/1372/7102 1247/1171/7103 1150/1368/7104
f 1069/1032/7105 1285/1372/7106 1314/1323/7107
f 1070/1069/7108 716/601/7109 1248/1067/7110
f 1249/1070/7111 947/1238/7112 945/1172/7113
f 1070/1069/7114 946/1082/7115 1249/1070/7116
f 1253/1401/7117 1250/1324/7118 943/1373/7119
f 946/1082/7120 1070/1069/7121 1250/1324/7122
f 1070/1069/7123 1248/1067/7124 1251/1325/7125
f 1248/1067/7126 1069/1032/7127 1314/1323/7128
f 1285/1372/7129 1387/1236/7130 943/1373/7131
f 1255/1420/7132 1209/1385/7133 1214/1257/7134
f 1387/1236/7135 1253/1401/7136 943/1373/7137
f 1253/1401/7138 1252/1421/7139 1254/1331/7140
f 1252/1421/7141 1255/1420/7142 1254/1331/7143
f 1255/1420/7144 1256/1330/7145 1254/1331/7146
f 1255/1420/7147 1252/1421/7148 1392/1386/7149
f 1256/1330/7150 1255/1420/7151 1214/1257/7152
f 1205/1259/7153 1256/1330/7154 1214/1257/7155
f 1256/1330/7156 969/1256/7157 1081/1083/7158
f 1258/1315/7159 1259/1332/7160 1257/982/7161
f 1262/984/7162 1356/1316/7163 1316/1051/7164
f 1259/1332/7165 1083/1087/7166 721/1192/7167
f 1258/1315/7168 1257/982/7169 1260/1052/7170
f 1347/1061/7171 1261/1060/7172 1264/1056/7173
f 721/1192/7174 1264/1056/7175 1259/1332/7176
f 1260/1052/7177 1257/982/7178 1262/984/7179
f 1263/1402/7180 1260/1052/7181 1316/1051/7182
f 1400/1422/7183 1342/1188/7184 761/910/7185
f 1363/1423/7186 1300/1314/7187 1058/1424/7188
f 1257/982/7189 1345/1058/7190 1343/983/7191
f 1336/1403/7192 1296/1154/7193 755/1404/7194
f 834/1159/7195 1263/1402/7196 1224/1043/7197
f 759/858/7198 1260/1052/7199 1263/1402/7200
f 1082/1191/7201 1348/1425/7202 721/1192/7203
f 1264/1056/7204 1261/1060/7205 1344/1057/7206
f 1266/1263/7207 979/838/7208 861/1264/7209
f 775/988/7210 1265/836/7211 1092/989/7212
f 1265/836/7213 1266/1263/7214 1092/989/7215
f 1094/1165/7216 1266/1263/7217 861/1264/7218
f 1100/659/7219 1320/1412/7220 776/660/7221
f 1267/1411/7222 1319/1335/7223 1320/1412/7224
f 1319/1335/7225 1360/1340/7226 1095/1334/7227
f 1275/1287/7228 1379/1289/7229 1381/1426/7230
f 1269/1228/7231 837/1406/7232 1417/1318/7233
f 983/832/7234 1098/717/7235 1269/1228/7236
f 1269/1228/7237 1270/1101/7238 983/832/7239
f 1100/659/7240 1270/1101/7241 1099/1265/7242
f 1271/1064/7243 986/1008/7244 1110/1348/7245
f 1307/1267/7246 1106/1350/7247 1246/1410/7248
f 1273/1293/7249 1272/1292/7250 1103/1342/7251
f 1274/1336/7252 1272/1292/7253 1026/1288/7254
f 1105/1201/7255 1273/1293/7256 1103/1342/7257
f 1273/1293/7258 774/1095/7259 1028/1097/7260
f 1026/1288/7261 1275/1287/7262 1274/1336/7263
f 1274/1336/7264 1275/1287/7265 1360/1340/7266
f 1379/1289/7267 1028/1097/7268 1023/1200/7269
f 1275/1287/7270 1268/1427/7271 1360/1340/7272
f 1325/1269/7273 1324/938/7274 1113/1355/7275
f 720/1248/7276 1329/1358/7277 1073/1244/7278
f 890/1205/7279 1277/1179/7280 796/800/7281
f 1422/774/7282 1277/1179/7283 888/760/7284
f 1277/1179/7285 1278/1178/7286 1129/801/7287
f 736/1180/7288 996/1354/7289 1278/1178/7290
f 1206/1294/7291 1279/1295/7292 743/1020/7293
f 805/1213/7294 1138/639/7295 1279/1295/7296
f 1140/1365/7297 1192/1377/7298 1281/1012/7299
f 1282/1011/7300 1284/1136/7301 1281/1012/7302
f 1198/1297/7303 1032/1013/7304 1281/1012/7305
f 1137/1019/7306 1282/1011/7307 1032/1013/7308
f 706/699/7309 813/698/7310 1282/1011/7311
f 910/629/7312 1284/1136/7313 813/698/7314
f 1038/901/7315 1283/1299/7316 747/1033/7317
f 1141/1298/7318 1283/1299/7319 1037/1216/7320
f 1281/1012/7321 1284/1136/7322 1280/1135/7323
f 813/698/7324 1284/1136/7325 1282/1011/7326
f 1247/1171/7327 1285/1372/7328 1069/1032/7329
f 1387/1236/7330 1285/1372/7331 1150/1368/7332
f 1286/1131/7333 748/1366/7334 1142/1129/7335
f 1293/1395/7336 1286/1131/7337 1030/1359/7338
f 1168/612/7339 1287/1389/7340 1170/613/7341
f 1179/1375/7342 1287/1389/7343 707/1141/7344
f 1152/1374/7345 1156/1370/7346 1288/1362/7347
f 1194/1363/7348 1288/1362/7349 1156/1370/7350
f 1161/1371/7351 1158/1310/7352 1289/1380/7353
f 1172/1379/7354 1289/1380/7355 1158/1310/7356
f 1393/1384/7357 1290/1391/7358 1175/1302/7359
f 1186/1361/7360 1290/1391/7361 1174/1382/7362
f 1054/1311/7363 961/1249/7364 1291/1392/7365
f 1292/1399/7366 961/1249/7367 1204/1400/7368
f 1197/1393/7369 1291/1392/7370 1292/1399/7371
f 961/1249/7372 1292/1399/7373 1291/1392/7374
f 1206/1294/7375 1293/1395/7376 1030/1359/7377
f 1194/1363/7378 1293/1395/7379 1211/1398/7380
f 1292/1399/7381 1294/1258/7382 1197/1393/7383
f 1205/1259/7384 1294/1258/7385 1204/1400/7386
f 1295/1036/7387 916/693/7388 1202/1305/7389
f 1221/1035/7390 675/843/7391 1295/1036/7392
f 755/1404/7393 1225/1227/7394 1336/1403/7395
f 1419/1428/7396 1420/1405/7397 1296/1154/7398
f 833/875/7399 1297/877/7400 714/1042/7401
f 834/1159/7402 1224/1043/7403 1297/877/7404
f 1296/1154/7405 1298/1317/7406 755/1404/7407
f 826/1155/7408 1226/702/7409 1298/1317/7410
f 1299/856/7411 1058/1424/7412 1300/1314/7413
f 1230/854/7414 1299/856/7415 1228/1045/7416
f 1362/1429/7417 1418/1430/7418 1361/1431/7419
f 1421/1432/7420 1300/1314/7421 1363/1423/7422
f 1302/1168/7423 1301/912/7424 1064/911/7425
f 1397/1433/7426 1396/1434/7427 1399/1408/7428
f 1234/1169/7429 1302/1168/7430 1064/911/7431
f 1302/1168/7432 1241/1321/7433 1242/889/7434
f 1303/1091/7435 859/1333/7436 1349/1435/7437
f 977/1090/7438 1238/981/7439 1303/1091/7440
f 604/821/7441 1304/979/7442 605/1409/7443
f 1237/980/7444 1304/979/7445 939/820/7446
f 1321/1436/7447 1417/1318/7448 1364/1437/7449
f 1245/888/7450 1308/1349/7451 1243/1419/7452
f 1240/1232/7453 1306/1322/7454 762/887/7455
f 1239/1194/7456 1339/1266/7457 1068/1105/7458
f 1106/1350/7459 1307/1267/7460 1271/1064/7461
f 1246/1410/7462 1306/1322/7463 1307/1267/7464
f 1312/1344/7465 1311/1351/7466 1106/1350/7467
f 1414/1413/7468 1364/1437/7469 1410/1414/7470
f 1109/1291/7471 722/1290/7472 1340/1353/7473
f 1309/1438/7474 1341/1055/7475 1310/1439/7476
f 1243/1419/7477 1308/1349/7478 1310/1439/7479
f 1310/1439/7480 1308/1349/7481 1311/1351/7482
f 1106/1350/7483 1271/1064/7484 1312/1344/7485
f 1310/1439/7486 1311/1351/7487 1309/1438/7488
f 1313/1345/7489 1312/1344/7490 1107/1343/7491
f 1309/1438/7492 1311/1351/7493 1312/1344/7494
f 1108/1347/7495 1313/1345/7496 1107/1343/7497
f 1109/1291/7498 1340/1353/7499 1358/1346/7500
f 1250/1324/7501 1314/1323/7502 943/1373/7503
f 1248/1067/7504 1314/1323/7505 1251/1325/7506
f 1301/912/7507 1396/1434/7508 761/910/7509
f 1347/1061/7510 1349/1435/7511 1350/1059/7512
f 1059/1157/7513 1224/1043/7514 1316/1051/7515
f 1316/1051/7516 1224/1043/7517 1263/1402/7518
f 1401/1440/7519 1403/1441/7520 1400/1422/7521
f 1418/1430/7522 1058/1424/7523 1420/1405/7524
f 1318/1089/7525 1348/1425/7526 1082/1191/7527
f 1318/1089/7528 773/881/7529 1089/880/7530
f 1320/1412/7531 1319/1335/7532 776/660/7533
f 1360/1340/7534 1319/1335/7535 1267/1411/7536
f 1321/1436/7537 1320/1412/7538 1100/659/7539
f 1358/1346/7540 1340/1353/7541 1309/1438/7542
f 1100/659/7543 1099/1265/7544 1321/1436/7545
f 1099/1265/7546 1269/1228/7547 1417/1318/7548
f 1321/1436/7549 1352/1053/7550 1320/1412/7551
f 1310/1439/7552 1341/1055/7553 1305/1054/7554
f 1360/1340/7555 1323/987/7556 1095/1334/7557
f 1323/987/7558 1268/1427/7559 1381/1426/7560
f 1113/1355/7561 1115/1270/7562 1325/1269/7563
f 1324/938/7564 1276/1001/7565 1328/939/7566
f 1117/1268/7567 1122/1356/7568 1354/999/7569
f 1324/938/7570 1325/1269/7571 1354/999/7572
f 1330/1247/7573 1328/939/7574 1276/1001/7575
f 769/1078/7576 1075/1073/7577 1327/1079/7578
f 1121/937/7579 1327/1079/7580 950/920/7581
f 1327/1079/7582 1326/1326/7583 1333/1077/7584
f 1330/1247/7585 1276/1001/7586 1329/1358/7587
f 1121/937/7588 1328/939/7589 1326/1326/7590
f 1330/1247/7591 1329/1358/7592 720/1248/7593
f 1329/1358/7594 1276/1001/7595 1331/1000/7596
f 967/642/7597 1332/1246/7598 720/1248/7599
f 1328/939/7600 1330/1247/7601 1326/1326/7602
f 1276/1001/7603 1324/938/7604 1354/999/7605
f 1355/1181/7606 1331/1000/7607 1354/999/7608
f 963/1182/7609 1334/1253/7610 958/1250/7611
f 769/1078/7612 1334/1253/7613 963/1182/7614
f 1326/1326/7615 1330/1247/7616 1333/1077/7617
f 1332/1246/7618 1333/1077/7619 1330/1247/7620
f 1333/1077/7621 1334/1253/7622 769/1078/7623
f 958/1250/7624 1334/1253/7625 1332/1246/7626
f 1356/1316/7627 1343/983/7628 1361/1431/7629
f 1362/1429/7630 1361/1431/7631 1317/1442/7632
f 1059/1157/7633 1336/1403/7634 1225/1227/7635
f 1336/1403/7636 1335/1443/7637 1419/1428/7638
f 1227/1047/7639 1337/1046/7640 760/1164/7641
f 1299/856/7642 1337/1046/7643 1228/1045/7644
f 1411/1444/7645 1412/1418/7646 1244/1337/7647
f 1364/1437/7648 1305/1054/7649 1321/1436/7650
f 1271/1064/7651 1339/1266/7652 779/1009/7653
f 1306/1322/7654 1339/1266/7655 1307/1267/7656
f 1359/1341/7657 1340/1353/7658 722/1290/7659
f 1322/1352/7660 1309/1438/7661 1340/1353/7662
f 1309/1438/7663 1322/1352/7664 1341/1055/7665
f 1352/1053/7666 1341/1055/7667 1322/1352/7668
f 1400/1422/7669 761/910/7670 1396/1434/7671
f 1350/1059/7672 1342/1188/7673 1315/1445/7674
f 1257/982/7675 1259/1332/7676 1345/1058/7677
f 1361/1431/7678 1343/983/7679 1317/1442/7680
f 1403/1441/7681 1401/1440/7682 1407/1446/7683
f 1343/983/7684 1344/1057/7685 1317/1442/7686
f 1264/1056/7687 1345/1058/7688 1259/1332/7689
f 1343/983/7690 1345/1058/7691 1344/1057/7692
f 1344/1057/7693 1407/1446/7694 1405/1447/7695
f 1402/1448/7696 1421/1432/7697 1398/1449/7698
f 1348/1425/7699 1264/1056/7700 721/1192/7701
f 1349/1435/7702 1347/1061/7703 1318/1089/7704
f 1318/1089/7705 1347/1061/7706 1348/1425/7707
f 1264/1056/7708 1348/1425/7709 1347/1061/7710
f 1303/1091/7711 1349/1435/7712 1318/1089/7713
f 1350/1059/7714 1349/1435/7715 859/1333/7716
f 1350/1059/7717 859/1333/7718 1237/980/7719
f 1350/1059/7720 1315/1445/7721 1403/1441/7722
f 1063/1161/7723 1366/1339/7724 1367/1319/7725
f 1410/1414/7726 1415/1450/7727 1416/1416/7728
f 1305/1054/7729 1352/1053/7730 1321/1436/7731
f 1322/1352/7732 1320/1412/7733 1352/1053/7734
f 1074/1175/7735 1353/1327/7736 770/1177/7737
f 1329/1358/7738 1353/1327/7739 1073/1244/7740
f 1354/999/7741 1325/1269/7742 1117/1268/7743
f 1355/1181/7744 1354/999/7745 1119/1357/7746
f 1120/773/7747 1355/1181/7748 1119/1357/7749
f 1353/1327/7750 1355/1181/7751 770/1177/7752
f 1343/983/7753 1356/1316/7754 1262/984/7755
f 1336/1403/7756 1356/1316/7757 1335/1443/7758
f 1357/1163/7759 1300/1314/7760 1421/1432/7761
f 1365/1451/7762 1357/1163/7763 1338/1452/7764
f 1312/1344/7765 1358/1346/7766 1309/1438/7767
f 1109/1291/7768 1358/1346/7769 1313/1345/7770
f 1274/1336/7771 1360/1340/7772 722/1290/7773
f 1322/1352/7774 1359/1341/7775 1267/1411/7776
f 1360/1340/7777 1268/1427/7778 1323/987/7779
f 1267/1411/7780 1359/1341/7781 1360/1340/7782
f 1317/1442/7783 1406/1453/7784 1362/1429/7785
f 1356/1316/7786 1361/1431/7787 1335/1443/7788
f 1346/1454/7789 1363/1423/7790 1362/1429/7791
f 1362/1429/7792 1363/1423/7793 1418/1430/7794
f 1363/1423/7795 1346/1454/7796 1421/1432/7797
f 1418/1430/7798 1363/1423/7799 1058/1424/7800
f 1417/1318/7801 1321/1436/7802 1099/1265/7803
f 1410/1414/7804 1364/1437/7805 1351/1320/7806
f 1365/1451/7807 1366/1339/7808 1357/1163/7809
f 715/1455/7810 1412/1418/7811 1413/1456/7812
f 1357/1163/7813 1366/1339/7814 760/1164/7815
f 1367/1319/7816 1366/1339/7817 1365/1451/7818
f 1367/1319/7819 1365/1451/7820 1415/1450/7821
f 1367/1319/7822 837/1406/7823 1231/1229/7824
f 683/666/7825 1368/665/7826 692/643/7827
f 787/976/7828 1368/665/7829 732/1114/7830
f 990/1112/7831 1370/1272/7832 1369/985/7833
f 1371/1457/7834 1373/1273/7835 1374/1275/7836
f 1382/1274/7837 1370/1272/7838 990/1112/7839
f 1008/1276/7840 1009/1211/7841 1374/1275/7842
f 1022/1125/7843 1375/1285/7844 740/1126/7845
f 1378/1286/7846 1372/1196/7847 1377/1284/7848
f 1377/1284/7849 1372/1196/7850 1371/1457/7851
f 1023/1200/7852 1025/1195/7853 1372/1196/7854
f 1008/1276/7855 1374/1275/7856 1370/1272/7857
f 1373/1273/7858 1371/1457/7859 1376/1282/7860
f 1374/1275/7861 740/1126/7862 1375/1285/7863
f 1370/1272/7864 1374/1275/7865 1373/1273/7866
f 1019/1283/7867 1375/1285/7868 1022/1125/7869
f 1374/1275/7870 1375/1285/7871 1371/1457/7872
f 1376/1282/7873 801/963/7874 1369/985/7875
f 1371/1457/7876 1372/1196/7877 1376/1282/7878
f 1375/1285/7879 1377/1284/7880 1371/1457/7881
f 1377/1284/7882 1019/1283/7883 1378/1286/7884
f 1380/1281/7885 1019/1283/7886 1021/1280/7887
f 1379/1289/7888 1380/1281/7889 1381/1426/7890
f 1028/1097/7891 1379/1289/7892 1026/1288/7893
f 1380/1281/7894 1379/1289/7895 1378/1286/7896
f 1380/1281/7897 1378/1286/7898 1019/1283/7899
f 1381/1426/7900 1380/1281/7901 775/988/7902
f 1323/987/7903 1381/1426/7904 775/988/7905
f 1381/1426/7906 1268/1427/7907 1275/1287/7908
f 1383/1279/7909 682/1111/7910 1013/863/7911
f 1011/1278/7912 1384/1212/7913 1383/1279/7914
f 1384/1212/7915 1011/1278/7916 1015/1004/7917
f 682/1111/7918 1383/1279/7919 1382/1274/7920
f 1008/1276/7921 1382/1274/7922 1384/1212/7923
f 1383/1279/7924 1384/1212/7925 1382/1274/7926
f 961/1249/7927 1054/1311/7928 1385/1252/7929
f 1055/1185/7930 1385/1252/7931 1054/1311/7932
f 965/641/7933 1386/1242/7934 971/1243/7935
f 1071/1174/7936 1386/1242/7937 1080/640/7938
f 1389/1237/7939 816/1235/7940 1164/1261/7941
f 1253/1401/7942 1387/1236/7943 1252/1421/7944
f 1153/1218/7945 1388/1217/7946 1150/1368/7947
f 1389/1237/7948 1388/1217/7949 816/1235/7950
f 1178/1381/7951 1390/1260/7952 1164/1261/7953
f 1387/1236/7954 1389/1237/7955 1391/1458/7956
f 1212/1024/7957 1390/1260/7958 1167/1022/7959
f 1209/1385/7960 1255/1420/7961 1392/1386/7962
f 1387/1236/7963 1391/1458/7964 1252/1421/7965
f 1389/1237/7966 1390/1260/7967 1391/1458/7968
f 1252/1421/7969 1391/1458/7970 1392/1386/7971
f 1390/1260/7972 1392/1386/7973 1391/1458/7974
f 1170/613/7975 1393/1384/7976 1163/614/7977
f 1174/1382/7978 1393/1384/7979 1180/1383/7980
f 715/1455/7981 1397/1433/7982 1394/1407/7983
f 1235/1338/7984 1244/1337/7985 1394/1407/7986
f 1395/1459/7987 1397/1433/7988 1398/1449/7989
f 1401/1440/7990 1395/1459/7991 1404/1460/7992
f 1399/1408/7993 1301/912/7994 1235/1338/7995
f 1400/1422/7996 1396/1434/7997 1395/1459/7998
f 1398/1449/7999 1397/1433/8000 715/1455/8001
f 1396/1434/8002 1397/1433/8003 1395/1459/8004
f 1402/1448/8005 1398/1449/8006 715/1455/8007
f 1398/1449/8008 1406/1453/8009 1404/1460/8010
f 1397/1433/8011 1399/1408/8012 1394/1407/8013
f 1301/912/8014 1399/1408/8015 1396/1434/8016
f 1400/1422/8017 1395/1459/8018 1401/1440/8019
f 1342/1188/8020 1400/1422/8021 1315/1445/8022
f 1395/1459/8023 1398/1449/8024 1404/1460/8025
f 1344/1057/8026 1261/1060/8027 1407/1446/8028
f 1413/1456/8029 1402/1448/8030 715/1455/8031
f 1357/1163/8032 1421/1432/8033 1338/1452/8034
f 1350/1059/8035 1403/1441/8036 1261/1060/8037
f 1400/1422/8038 1403/1441/8039 1315/1445/8040
f 1346/1454/8041 1406/1453/8042 1398/1449/8043
f 1346/1454/8044 1362/1429/8045 1406/1453/8046
f 1344/1057/8047 1405/1447/8048 1317/1442/8049
f 1401/1440/8050 1404/1460/8051 1405/1447/8052
f 1317/1442/8053 1405/1447/8054 1406/1453/8055
f 1404/1460/8056 1406/1453/8057 1405/1447/8058
f 1403/1441/8059 1407/1446/8060 1261/1060/8061
f 1405/1447/8062 1407/1446/8063 1401/1440/8064
f 1409/1415/8065 1411/1444/8066 1243/1419/8067
f 1409/1415/8068 1243/1419/8069 1310/1439/8070
f 1414/1413/8071 1310/1439/8072 1305/1054/8073
f 1411/1444/8074 1409/1415/8075 1408/1417/8076
f 1415/1450/8077 1410/1414/8078 1351/1320/8079
f 1408/1417/8080 1409/1415/8081 1410/1414/8082
f 1412/1418/8083 1411/1444/8084 1408/1417/8085
f 1243/1419/8086 1411/1444/8087 1244/1337/8088
f 1413/1456/8089 1412/1418/8090 1408/1417/8091
f 1412/1418/8092 715/1455/8093 1394/1407/8094
f 1416/1416/8095 1413/1456/8096 1408/1417/8097
f 1413/1456/8098 1338/1452/8099 1402/1448/8100
f 1310/1439/8101 1414/1413/8102 1409/1415/8103
f 1364/1437/8104 1414/1413/8105 1305/1054/8106
f 1367/1319/8107 1415/1450/8108 1351/1320/8109
f 1416/1416/8110 1415/1450/8111 1365/1451/8112
f 1365/1451/8113 1338/1452/8114 1416/1416/8115
f 1413/1456/8116 1416/1416/8117 1338/1452/8118
f 1367/1319/8119 1417/1318/8120 837/1406/8121
f 1364/1437/8122 1417/1318/8123 1351/1320/8124
f 1299/856/8125 1420/1405/8126 1058/1424/8127
f 1361/1431/8128 1418/1430/8129 1335/1443/8130
f 1336/1403/8131 1419/1428/8132 1296/1154/8133
f 1335/1443/8134 1418/1430/8135 1419/1428/8136
f 1296/1154/8137 1420/1405/8138 1222/855/8139
f 1418/1430/8140 1420/1405/8141 1419/1428/8142
f 1398/1449/8143 1421/1432/8144 1346/1454/8145
f 1421/1432/8146 1402/1448/8147 1338/1452/8148
f 1277/1179/8149 1422/774/8150 736/1180/8151
f 851/775/8152 1422/774/8153 888/760/8154
f 1852/1461/8155 1550/1462/8156 1849/1463/8157
f 610/1464/8158 611/1465/8159 1480/1466/8160
f 1512/1467/8161 1590/1468/8162 1480/1466/8163
f 1739/1469/8164 1855/1470/8165 1643/1471/8166
f 1593/1472/8167 1512/1467/8168 1591/1473/8169
f 2182/1474/8170 1478/1475/8171 1426/1476/8172
f 1779/1477/8173 1592/1478/8174 1430/1479/8175
f 1435/1480/8176 1436/1481/8177 1487/1482/8178
f 1938/1483/8179 1618/1484/8180 1699/1485/8181
f 1588/1486/8182 1512/1467/8183 1511/1487/8184
f 1814/1488/8185 637/1489/8186 1812/1490/8187
f 1673/1491/8188 1670/1492/8189 1596/1493/8190
f 1847/1494/8191 632/1495/8192 633/1496/8193
f 1588/1486/8194 608/1497/8195 609/1498/8196
f 1589/1499/8197 607/1500/8198 608/1497/8199
f 631/1501/8200 632/1495/8201 1500/1502/8202
f 1501/1503/8203 317/1504/8204 1556/1505/8205
f 1589/1499/8206 1777/1506/8207 1905/1507/8208
f 1554/1508/8209 1562/1509/8210 1566/1510/8211
f 1675/1511/8212 1674/1512/8213 603/1513/8214
f 606/1514/8215 1667/1515/8216 605/1516/8217
f 1650/1517/8218 1752/1518/8219 1882/1519/8220
f 1589/1499/8221 1905/1507/8222 607/1500/8223
f 317/1504/8224 1559/1520/8225 1556/1505/8226
f 1432/1521/8227 1671/1522/8228 1431/1523/8229
f 1818/1524/8230 1811/1525/8231 1939/1526/8232
f 1677/1527/8233 1796/1528/8234 1469/1529/8235
f 1519/1530/8236 1908/1531/8237 1906/1532/8238
f 1487/1482/8239 1522/1533/8240 1606/1534/8241
f 1602/1535/8242 1433/1536/8243 1434/1537/8244
f 1486/1538/8245 1487/1482/8246 1485/1539/8247
f 1910/1540/8248 1911/1541/8249 1687/1542/8250
f 1437/1543/8251 1485/1539/8252 1436/1481/8253
f 1488/1544/8254 1475/1545/8255 1485/1539/8256
f 1521/1546/8257 1605/1547/8258 1603/1548/8259
f 1436/1481/8260 1485/1539/8261 1487/1482/8262
f 2189/1549/8263 1686/1550/8264 1522/1533/8265
f 1484/1551/8266 1487/1482/8267 1486/1538/8268
f 1484/1551/8269 1486/1538/8270 1604/1552/8271
f 1524/1553/8272 1608/1554/8273 1525/1555/8274
f 1677/1527/8275 1679/1556/8276 1787/1557/8277
f 1690/1558/8278 1472/1559/8279 1603/1548/8280
f 1608/1554/8281 1473/1560/8282 1605/1547/8283
f 1603/1548/8284 1473/1560/8285 1690/1558/8286
f 1481/1561/8287 1594/1562/8288 1595/1563/8289
f 1692/1564/8290 1472/1559/8291 1690/1558/8292
f 1789/1565/8293 1681/1566/8294 1600/1567/8295
f 1697/1568/8296 1467/1569/8297 1680/1570/8298
f 1688/1571/8299 1470/1572/8300 1787/1557/8301
f 1793/1573/8302 1682/1574/8303 1681/1566/8304
f 1471/1575/8305 1472/1559/8306 1692/1564/8307
f 1680/1570/8308 1468/1576/8309 1697/1568/8310
f 1610/1577/8311 1488/1544/8312 1525/1555/8313
f 1588/1486/8314 1589/1499/8315 608/1497/8316
f 1602/1535/8317 1522/1533/8318 1686/1550/8319
f 603/1513/8320 1674/1512/8321 602/1578/8322
f 1748/1579/8323 1455/1580/8324 1656/1581/8325
f 601/1582/8326 1684/1583/8327 600/1584/8328
f 600/1584/8329 1795/1585/8330 599/1586/8331
f 1654/1587/8332 648/1588/8333 1652/1589/8334
f 1975/1590/8335 1836/1591/8336 2034/1592/8337
f 1627/1593/8338 1534/1594/8339 1626/1595/8340
f 1583/1596/8341 1453/1597/8342 1580/1598/8343
f 596/1599/8344 1492/1600/8345 7/1601/8346
f 596/1599/8347 597/1602/8348 1626/1595/8349
f 1656/1581/8350 1456/1603/8351 1748/1579/8352
f 1628/1604/8353 1627/1593/8354 1707/1605/8355
f 2000/1606/8356 647/1607/8357 1654/1587/8358
f 1729/1608/8359 1837/1609/8360 1635/1610/8361
f 1492/1600/8362 28/1611/8363 7/1601/8364
f 2182/1474/8365 1427/1612/8366 1729/1608/8367
f 27/1613/8368 1536/1614/8369 1535/1615/8370
f 26/1616/8371 1955/1617/8372 1709/1618/8373
f 1582/1619/8374 1583/1596/8375 1506/1620/8376
f 1438/1621/8377 1439/1622/8378 1611/1623/8379
f 1449/1624/8380 1450/1625/8381 1585/1626/8382
f 1496/1627/8383 1493/1628/8384 1497/1629/8385
f 1944/1630/8386 1491/1631/8387 1629/1632/8388
f 1726/1633/8389 21/1634/8390 22/1635/8391
f 1486/1538/8392 1485/1539/8393 1475/1545/8394
f 1958/1636/8395 1956/1637/8396 1630/1638/8397
f 19/1639/8398 1495/1640/8399 18/1641/8400
f 602/1578/8401 1784/1642/8402 601/1582/8403
f 1479/1643/8404 1585/1626/8405 1773/1644/8406
f 1678/1645/8407 1915/1646/8408 1598/1647/8409
f 23/1648/8410 24/1649/8411 1733/1650/8412
f 1544/1651/8413 1633/1652/8414 1634/1653/8415
f 1428/1654/8416 1429/1655/8417 1591/1473/8418
f 2058/1656/8419 2003/1657/8420 1639/1658/8421
f 1858/1659/8422 1859/1660/8423 1742/1661/8424
f 1829/1662/8425 1828/1663/8426 24/1649/8427
f 1495/1640/8428 595/1664/8429 18/1641/8430
f 1553/1665/8431 1862/1666/8432 1859/1660/8433
f 1600/1567/8434 1967/1667/8435 1971/1668/8436
f 1724/1669/8437 1833/1670/8438 1722/1671/8439
f 1452/1672/8440 1658/1673/8441 1581/1674/8442
f 1496/1627/8443 1495/1640/8444 19/1639/8445
f 1497/1629/8446 595/1664/8447 1495/1640/8448
f 1478/1475/8449 1508/1675/8450 1425/1676/8451
f 591/1677/8452 592/1678/8453 1837/1609/8454
f 1635/1610/8455 593/1679/8456 1728/1680/8457
f 1659/1681/8458 1478/1475/8459 1476/1682/8460
f 1437/1543/8461 1438/1621/8462 1488/1544/8463
f 1426/1476/8464 1478/1475/8465 1425/1676/8466
f 1485/1539/8467 1437/1543/8468 1488/1544/8469
f 1728/1680/8470 594/1683/8471 1497/1629/8472
f 604/1684/8473 1668/1685/8474 1675/1511/8475
f 593/1679/8476 1635/1610/8477 592/1678/8478
f 1508/1675/8479 1478/1475/8480 1507/1686/8481
f 1722/1671/8482 1854/1687/8483 1462/1688/8484
f 1537/1689/8485 1532/1690/8486 1533/1691/8487
f 1716/1692/8488 1540/1693/8489 1713/1694/8490
f 2104/1695/8491 1791/1696/8492 2074/1697/8493
f 1509/1698/8494 1424/1699/8495 1508/1675/8496
f 1808/1700/8497 1697/1568/8498 1698/1701/8499
f 1653/1702/8500 1577/1703/8501 1652/1589/8502
f 1612/1704/8503 1440/1705/8504 1804/1706/8505
f 1471/1575/8506 2015/1707/8507 1919/1708/8508
f 1673/1491/8509 1782/1709/8510 1514/1710/8511
f 1616/1711/8512 1696/1712/8513 1693/1713/8514
f 1608/1554/8515 1609/1714/8516 1690/1558/8517
f 1672/1715/8518 1782/1709/8519 1596/1493/8520
f 1734/1716/8521 1845/1717/8522 1735/1718/8523
f 1522/1533/8524 1487/1482/8525 1484/1551/8526
f 1605/1547/8527 1474/1719/8528 1608/1554/8529
f 1699/1485/8530 1701/1720/8531 1812/1490/8532
f 1933/1721/8533 2018/1722/8534 1924/1723/8535
f 1702/1724/8536 640/1725/8537 641/1726/8538
f 1863/1727/8539 1743/1728/8540 1742/1661/8541
f 1641/1729/8542 1849/1463/8543 1848/1730/8544
f 1632/1731/8545 1722/1671/8546 1725/1732/8547
f 1741/1733/8548 1463/1734/8549 1833/1670/8550
f 1444/1735/8551 1640/1736/8552 1443/1737/8553
f 1460/1738/8554 1459/1739/8555 1732/1740/8556
f 1446/1741/8557 631/1501/8558 1500/1502/8559
f 594/1683/8560 595/1664/8561 1497/1629/8562
f 1850/1742/8563 1734/1716/8564 1735/1718/8565
f 1557/1743/8566 1647/1744/8567 1560/1745/8568
f 1710/1746/8569 1631/1747/8570 1538/1748/8571
f 1500/1502/8572 1735/1718/8573 1846/1749/8574
f 1633/1652/8575 20/1750/8576 21/1634/8577
f 1561/1751/8578 1556/1505/8579 1555/1752/8580
f 1606/1534/8581 1434/1537/8582 1435/1480/8583
f 1525/1555/8584 1611/1623/8585 1613/1753/8586
f 1549/1754/8587 1640/1736/8588 1844/1755/8589
f 1681/1566/8590 1789/1565/8591 1790/1756/8592
f 1682/1574/8593 1743/1728/8594 1465/1757/8595
f 635/1758/8596 1641/1729/8597 634/1759/8598
f 1699/1485/8599 638/1760/8600 639/1761/8601
f 2124/1762/8602 2099/1763/8603 2009/1764/8604
f 1815/1765/8605 1703/1766/8606 1620/1767/8607
f 605/1516/8608 1667/1515/8609 1668/1685/8610
f 2124/1762/8611 2009/1764/8612 2095/1768/8613
f 2112/1769/8614 2117/1770/8615 2108/1771/8616
f 2013/1772/8617 2065/1773/8618 2012/1774/8619
f 1614/1775/8620 1803/1776/8621 2023/1777/8622
f 1622/1778/8623 1624/1779/8624 1564/1780/8625
f 1602/1535/8626 1672/1715/8627 1433/1536/8628
f 646/1781/8629 1564/1780/8630 645/1782/8631
f 1670/1492/8632 1430/1479/8633 1431/1523/8634
f 1593/1472/8635 1594/1562/8636 1775/1783/8637
f 1815/1765/8638 1816/1784/8639 1703/1766/8640
f 1563/1785/8641 1501/1503/8642 1556/1505/8643
f 1591/1473/8644 1480/1466/8645 1428/1654/8646
f 296/1786/8647 317/1504/8648 1501/1503/8649
f 609/1498/8650 610/1464/8651 1590/1468/8652
f 1511/1487/8653 1669/1787/8654 1589/1499/8655
f 296/1786/8656 1501/1503/8657 646/1781/8658
f 1591/1473/8659 1512/1467/8660 1480/1466/8661
f 1858/1659/8662 1742/1661/8663 1645/1788/8664
f 2061/1789/8665 1777/1506/8666 1669/1787/8667
f 1703/1766/8668 1619/1790/8669 1702/1724/8670
f 1954/1791/8671 1953/1792/8672 1949/1793/8673
f 1997/1794/8674 1893/1795/8675 1578/1796/8676
f 1730/1797/8677 1752/1518/8678 1458/1798/8679
f 1881/1799/8680 1460/1738/8681 1856/1800/8682
f 1752/1518/8683 1650/1517/8684 1751/1801/8685
f 1768/1802/8686 1656/1581/8687 1767/1803/8688
f 1657/1804/8689 1880/1805/8690 1454/1806/8691
f 1874/1807/8692 2119/1808/8693 2150/1809/8694
f 1580/1598/8695 1454/1806/8696 1583/1596/8697
f 2180/1810/8698 1449/1624/8699 1479/1643/8700
f 1748/1579/8701 1456/1603/8702 1749/1811/8703
f 1580/1598/8704 1579/1812/8705 1657/1804/8706
f 1751/1801/8707 1457/1813/8708 1731/1814/8709
f 1455/1580/8710 1657/1804/8711 1656/1581/8712
f 1509/1698/8713 1658/1673/8714 1451/1815/8715
f 1582/1619/8716 1452/1672/8717 1581/1674/8718
f 1423/1816/8719 1424/1699/8720 1509/1698/8721
f 1451/1815/8722 1586/1817/8723 1423/1816/8724
f 1584/1818/8725 1451/1815/8726 1452/1672/8727
f 1424/1699/8728 1425/1676/8729 1508/1675/8730
f 1442/1819/8731 1694/1820/8732 1441/1821/8733
f 1585/1626/8734 1586/1817/8735 1584/1818/8736
f 1486/1538/8737 1610/1577/8738 1474/1719/8739
f 1750/1822/8740 1455/1580/8741 1748/1579/8742
f 1584/1818/8743 1452/1672/8744 1582/1619/8745
f 1534/1594/8746 1628/1604/8747 1537/1689/8748
f 1449/1624/8749 2180/1810/8750 1448/1823/8751
f 1787/1557/8752 1471/1575/8753 1688/1571/8754
f 1856/1800/8755 1738/1824/8756 1740/1825/8757
f 1581/1674/8758 1580/1598/8759 1453/1597/8760
f 611/1465/8761 1428/1654/8762 1480/1466/8763
f 1655/1826/8764 311/1827/8765 310/1828/8766
f 1653/1702/8767 1753/1829/8768 1755/1830/8769
f 1894/1831/8770 1761/1832/8771 1998/1833/8772
f 1493/1628/8773 1496/1627/8774 1545/1834/8775
f 1738/1824/8776 1461/1835/8777 1725/1732/8778
f 2099/1763/8779 2008/1836/8780 2009/1764/8781
f 1660/1837/8782 1581/1674/8783 1659/1681/8784
f 1604/1552/8785 1486/1538/8786 1474/1719/8787
f 1868/1838/8788 1551/1839/8789 1745/1840/8790
f 2053/1841/8791 1665/1842/8792 1879/1843/8793
f 1753/1829/8794 1760/1844/8795 1755/1830/8796
f 19/1639/8797 20/1750/8798 1496/1627/8799
f 649/1845/8800 1652/1589/8801 648/1588/8802
f 1509/1698/8803 1507/1686/8804 1658/1673/8805
f 1759/1846/8806 1653/1702/8807 1755/1830/8808
f 1509/1698/8809 1451/1815/8810 1423/1816/8811
f 1447/1847/8812 1753/1829/8813 651/1848/8814
f 1654/1587/8815 647/1607/8816 648/1588/8817
f 1807/1849/8818 1616/1711/8819 1695/1850/8820
f 20/1750/8821 1633/1652/8822 1545/1834/8823
f 647/1607/8824 1504/1851/8825 307/1852/8826
f 28/1611/8827 1492/1600/8828 1533/1691/8829
f 308/1853/8830 307/1852/8831 1504/1851/8832
f 2000/1606/8833 1504/1851/8834 647/1607/8835
f 1595/1563/8836 2224/1854/8837 2064/1855/8838
f 1635/1610/8839 1728/1680/8840 1975/1590/8841
f 1746/1856/8842 314/1857/8843 313/1858/8844
f 2149/1859/8845 1866/1860/8846 1574/1861/8847
f 1495/1640/8848 1496/1627/8849 1497/1629/8850
f 1949/1793/8851 1952/1862/8852 1948/1863/8853
f 1732/1740/8854 1459/1739/8855 1730/1797/8856
f 1909/1864/8857 1906/1532/8858 1908/1531/8859
f 1509/1698/8860 1508/1675/8861 1507/1686/8862
f 1489/1865/8863 1926/1866/8864 1925/1867/8865
f 1933/1721/8866 1924/1723/8867 1528/1868/8868
f 1610/1577/8869 1486/1538/8870 1475/1545/8871
f 1524/1553/8872 1691/1869/8873 1609/1714/8874
f 1611/1623/8875 1488/1544/8876 1438/1621/8877
f 1611/1623/8878 1525/1555/8879 1488/1544/8880
f 1693/1713/8881 1440/1705/8882 1441/1821/8883
f 1613/1753/8884 1614/1775/8885 1799/1870/8886
f 1640/1736/8887 1695/1850/8888 1443/1737/8889
f 1927/1871/8890 1801/1872/8891 1691/1869/8892
f 1796/1528/8893 1677/1527/8894 1470/1572/8895
f 1862/1666/8896 2203/1873/8897 1860/1874/8898
f 2109/1875/8899 1797/1876/8900 1923/1877/8901
f 2190/1878/8902 1550/1462/8903 1932/1879/8904
f 1704/1880/8905 642/1881/8906 643/1882/8907
f 2203/1873/8908 2246/1883/8909 2201/1884/8910
f 598/1885/8911 599/1586/8912 1706/1886/8913
f 27/1613/8914 28/1611/8915 1536/1614/8916
f 1538/1748/8917 1532/1690/8918 1537/1689/8919
f 25/1887/8920 26/1616/8921 1709/1618/8922
f 1533/1691/8923 1492/1600/8924 1539/1888/8925
f 1533/1691/8926 1532/1690/8927 1535/1615/8928
f 1492/1600/8929 1626/1595/8930 1539/1888/8931
f 1627/1593/8932 597/1602/8933 598/1885/8934
f 1535/1615/8935 1532/1690/8936 1542/1889/8937
f 27/1613/8938 1535/1615/8939 1826/1890/8940
f 28/1611/8941 1533/1691/8942 1536/1614/8943
f 1535/1615/8944 1536/1614/8945 1533/1691/8946
f 1539/1888/8947 1537/1689/8948 1533/1691/8949
f 1534/1594/8950 1627/1593/8951 1628/1604/8952
f 1629/1632/8953 1538/1748/8954 1531/1891/8955
f 1711/1892/8956 1541/1893/8957 1631/1747/8958
f 1626/1595/8959 1492/1600/8960 596/1599/8961
f 1537/1689/8962 1539/1888/8963 1534/1594/8964
f 1631/1747/8965 1541/1893/8966 1542/1889/8967
f 2186/1894/8968 1717/1895/8969 1719/1896/8970
f 1631/1747/8971 1532/1690/8972 1538/1748/8973
f 2029/1897/8974 1956/1637/8975 1825/1898/8976
f 1631/1747/8977 1542/1889/8978 1532/1690/8979
f 1825/1898/8980 1542/1889/8981 1541/1893/8982
f 1723/1899/8983 1461/1835/8984 1831/1900/8985
f 1543/1901/8986 2192/1902/8987 2172/1903/8988
f 2057/1904/8989 1726/1633/8990 22/1635/8991
f 1895/1905/8992 1544/1651/8993 1634/1653/8994
f 20/1750/8995 1545/1834/8996 1496/1627/8997
f 1976/1906/8998 1545/1834/8999 1544/1651/9000
f 1976/1906/9001 1544/1651/9002 1895/1905/9003
f 1427/1612/9004 591/1677/9005 1837/1609/9006
f 1731/1814/9007 1636/1907/9008 1730/1797/9009
f 1715/1908/9010 1718/1909/9011 1716/1692/9012
f 2229/1910/9013 2092/1911/9014 2094/1912/9015
f 2041/1913/9016 1476/1682/9017 2042/1914/9018
f 1640/1736/9019 1845/1717/9020 1844/1755/9021
f 1696/1712/9022 1807/1849/9023 1527/1915/9024
f 1737/1916/9025 1942/1917/9026 2231/1918/9027
f 1928/1919/9028 1929/1920/9029 1930/1921/9030
f 1868/1838/9031 1864/1922/9032 1744/1923/9033
f 1651/1924/9034 2046/1925/9035 1884/1926/9036
f 1572/1927/9037 2223/1928/9038 1571/1929/9039
f 1884/1926/9040 1885/1930/9041 1651/1924/9042
f 1743/1728/9043 1682/1574/9044 1466/1931/9045
f 1553/1665/9046 1858/1659/9047 1935/1932/9048
f 1561/1751/9049 1563/1785/9050 1556/1505/9051
f 2201/1884/9052 2202/1933/9053 2210/1934/9054
f 1557/1743/9055 1555/1752/9056 1556/1505/9057
f 2207/1935/9058 2221/1936/9059 1499/1937/9060
f 1559/1520/9061 317/1504/9062 316/1938/9063
f 1558/1939/9064 1561/1751/9065 1562/1509/9066
f 315/1940/9067 1864/1922/9068 1647/1744/9069
f 316/1938/9070 1647/1744/9071 1557/1743/9072
f 1620/1767/9073 2216/1941/9074 2206/1942/9075
f 646/1781/9076 1563/1785/9077 1564/1780/9078
f 316/1938/9079 1557/1743/9080 1559/1520/9081
f 1556/1505/9082 1559/1520/9083 1557/1743/9084
f 1570/1943/9085 1571/1929/9086 1568/1944/9087
f 1555/1752/9088 1557/1743/9089 1560/1745/9090
f 1562/1509/9091 1561/1751/9092 1555/1752/9093
f 1561/1751/9094 1558/1939/9095 1563/1785/9096
f 1555/1752/9097 1560/1745/9098 1567/1945/9099
f 1562/1509/9100 1554/1508/9101 1623/1946/9102
f 1563/1785/9103 1558/1939/9104 1564/1780/9105
f 646/1781/9106 1501/1503/9107 1563/1785/9108
f 1622/1778/9109 1564/1780/9110 1558/1939/9111
f 645/1782/9112 1564/1780/9113 1624/1779/9114
f 1560/1745/9115 1745/1840/9116 1568/1944/9117
f 1567/1945/9118 1560/1745/9119 1568/1944/9120
f 1562/1509/9121 1555/1752/9122 1567/1945/9123
f 1499/1937/9124 2221/1936/9125 2223/1928/9126
f 1565/1947/9127 1566/1510/9128 1567/1945/9129
f 1567/1945/9130 1566/1510/9131 1562/1509/9132
f 1568/1944/9133 1551/1839/9134 1570/1943/9135
f 1567/1945/9136 1568/1944/9137 1571/1929/9138
f 2156/1948/9139 2157/1949/9140 2165/1950/9141
f 2049/1951/9142 1499/1937/9143 2050/1952/9144
f 1551/1839/9145 2165/1950/9146 2157/1949/9147
f 1571/1929/9148 1570/1943/9149 1569/1953/9150
f 1572/1927/9151 1571/1929/9152 1569/1953/9153
f 1571/1929/9154 1565/1947/9155 1567/1945/9156
f 2161/1954/9157 2050/1952/9158 1572/1927/9159
f 2221/1936/9160 2222/1955/9161 2223/1928/9162
f 2159/1956/9163 2158/1957/9164 1981/1958/9165
f 1855/1470/9166 1980/1959/9167 2048/1960/9168
f 1746/1856/9169 1747/1961/9170 1648/1962/9171
f 1985/1963/9172 311/1827/9173 1655/1826/9174
f 1870/1964/9175 1648/1962/9176 1747/1961/9177
f 1772/1965/9178 1506/1620/9179 1583/1596/9180
f 2146/1966/9181 2055/1967/9182 2085/1968/9183
f 1877/1969/9184 2187/1970/9185 2188/1971/9186
f 649/1845/9187 1653/1702/9188 1652/1589/9189
f 1654/1587/9190 1652/1589/9191 1892/1972/9192
f 1503/1973/9193 1889/1974/9194 1890/1975/9195
f 1870/1964/9196 1574/1861/9197 1648/1962/9198
f 1763/1976/9199 1664/1977/9200 1765/1978/9201
f 1731/1814/9202 1839/1979/9203 1636/1907/9204
f 1581/1674/9205 1453/1597/9206 1582/1619/9207
f 1580/1598/9208 1505/1980/9209 1763/1976/9210
f 1581/1674/9211 1658/1673/9212 1659/1681/9213
f 1505/1980/9214 1580/1598/9215 1581/1674/9216
f 1583/1596/9217 1582/1619/9218 1453/1597/9219
f 1584/1818/9220 1582/1619/9221 1506/1620/9222
f 1880/1805/9223 1455/1580/9224 1750/1822/9225
f 1665/1842/9226 1888/1981/9227 1771/1982/9228
f 1666/1983/9229 1584/1818/9230 1506/1620/9231
f 1479/1643/9232 1449/1624/9233 1585/1626/9234
f 1586/1817/9235 1585/1626/9236 1450/1625/9237
f 1584/1818/9238 1666/1983/9239 1773/1644/9240
f 1423/1816/9241 1586/1817/9242 1450/1625/9243
f 1584/1818/9244 1586/1817/9245 1451/1815/9246
f 1668/1685/9247 1900/1984/9248 1675/1511/9249
f 605/1516/9250 1668/1685/9251 604/1684/9252
f 1588/1486/9253 609/1498/9254 1590/1468/9255
f 1589/1499/9256 1588/1486/9257 1511/1487/9258
f 1669/1787/9259 1511/1487/9260 1775/1783/9261
f 1905/1507/9262 606/1514/9263 607/1500/9264
f 1480/1466/9265 1590/1468/9266 610/1464/9267
f 1588/1486/9268 1590/1468/9269 1512/1467/9270
f 1429/1655/9271 1592/1478/9272 1591/1473/9273
f 1591/1473/9274 1592/1478/9275 1593/1472/9276
f 1430/1479/9277 1592/1478/9278 1429/1655/9279
f 1593/1472/9280 1592/1478/9281 1513/1985/9282
f 1594/1562/9283 1593/1472/9284 1513/1985/9285
f 1511/1487/9286 1512/1467/9287 1593/1472/9288
f 1594/1562/9289 1513/1985/9290 1778/1986/9291
f 1594/1562/9292 1481/1561/9293 1775/1783/9294
f 1779/1477/9295 1670/1492/9296 1778/1986/9297
f 2224/1854/9298 2010/1987/9299 2102/1988/9300
f 1432/1521/9301 1433/1536/9302 1672/1715/9303
f 1596/1493/9304 1782/1709/9305 1673/1491/9306
f 1783/1989/9307 1914/1990/9308 1913/1991/9309
f 1601/1992/9310 1676/1993/9311 1913/1991/9312
f 1915/1646/9313 1599/1994/9314 1785/1995/9315
f 2012/1774/9316 1788/1996/9317 2015/1707/9318
f 1916/1997/9319 1915/1646/9320 1785/1995/9321
f 1678/1645/9322 1598/1647/9323 1677/1527/9324
f 1465/1757/9325 1794/1998/9326 1682/1574/9327
f 1682/1574/9328 1683/1999/9329 1600/1567/9330
f 1674/1512/9331 1676/1993/9332 1784/1642/9333
f 1531/1891/9334 1821/2000/9335 1629/1632/9336
f 1602/1535/9337 1434/1537/9338 1606/1534/9339
f 1596/1493/9340 1671/1522/9341 1672/1715/9342
f 2015/1707/9343 1788/1996/9344 1919/1708/9345
f 1687/1542/9346 1603/1548/9347 1520/2001/9348
f 1605/1547/9349 1604/1552/9350 1474/1719/9351
f 1484/1551/9352 1604/1552/9353 1521/1546/9354
f 1603/1548/9355 1605/1547/9356 1473/1560/9357
f 1604/1552/9358 1605/1547/9359 1521/1546/9360
f 1487/1482/9361 1606/1534/9362 1435/1480/9363
f 1602/1535/9364 1606/1534/9365 1522/1533/9366
f 2016/2002/9367 1921/2003/9368 1920/2004/9369
f 1689/2005/9370 1796/1528/9371 1688/1571/9372
f 1608/1554/9373 1474/1719/9374 1610/1577/9375
f 1609/1714/9376 1608/1554/9377 1524/1553/9378
f 1691/1869/9379 1524/1553/9380 1799/1870/9381
f 1801/1872/9382 1802/2006/9383 1692/1564/9384
f 1488/1544/9385 1610/1577/9386 1475/1545/9387
f 1608/1554/9388 1610/1577/9389 1525/1555/9390
f 1439/1622/9391 1612/1704/9392 1611/1623/9393
f 1611/1623/9394 1612/1704/9395 1613/1753/9396
f 1440/1705/9397 1612/1704/9398 1439/1622/9399
f 1613/1753/9400 1612/1704/9401 1526/2007/9402
f 1614/1775/9403 1613/1753/9404 1526/2007/9405
f 1524/1553/9406 1525/1555/9407 1613/1753/9408
f 1614/1775/9409 1526/2007/9410 1803/1776/9411
f 1614/1775/9412 1489/1865/9413 1799/1870/9414
f 1804/1706/9415 1693/1713/9416 1803/1776/9417
f 1926/1866/9418 1800/2008/9419 1925/1867/9420
f 1442/1819/9421 1443/1737/9422 1695/1850/9423
f 1616/1711/9424 1807/1849/9425 1696/1712/9426
f 1469/1529/9427 1796/1528/9428 1798/2009/9429
f 2195/2010/9430 2026/2011/9431 1934/2012/9432
f 1810/2013/9433 639/1761/9434 640/1725/9435
f 1701/1720/9436 1699/1485/9437 1940/2014/9438
f 1816/1784/9439 1530/2015/9440 1819/2016/9441
f 1938/1483/9442 1699/1485/9443 1700/2017/9444
f 644/2018/9445 1624/1779/9446 1705/2019/9447
f 2220/2020/9448 2215/2021/9449 2206/1942/9450
f 1622/1778/9451 1623/1946/9452 1621/2022/9453
f 1705/2019/9454 2219/2023/9455 1704/1880/9456
f 1623/1946/9457 1622/1778/9458 1558/1939/9459
f 1624/1779/9460 1622/1778/9461 1621/2022/9462
f 1562/1509/9463 1623/1946/9464 1558/1939/9465
f 1623/1946/9466 1554/1508/9467 2217/2024/9468
f 1624/1779/9469 1621/2022/9470 1705/2019/9471
f 1624/1779/9472 644/2018/9473 645/1782/9474
f 1795/1585/9475 1684/1583/9476 1685/2025/9477
f 1708/2026/9478 1625/2027/9479 1822/2028/9480
f 1627/1593/9481 1626/1595/9482 597/1602/9483
f 1539/1888/9484 1626/1595/9485 1534/1594/9486
f 1706/1886/9487 1627/1593/9488 598/1885/9489
f 1707/1605/9490 1627/1593/9491 1625/2027/9492
f 1531/1891/9493 1538/1748/9494 1628/1604/9495
f 1537/1689/9496 1628/1604/9497 1538/1748/9498
f 1707/1605/9499 1708/2026/9500 1821/2000/9501
f 1821/2000/9502 1708/2026/9503 1945/2029/9504
f 2030/2030/9505 1716/1692/9506 1718/1909/9507
f 1720/2031/9508 2059/2032/9509 2031/2033/9510
f 1710/1746/9511 1538/1748/9512 1629/1632/9513
f 1711/1892/9514 1540/1693/9515 2029/1897/9516
f 1462/1688/9517 1725/1732/9518 1722/1671/9519
f 1724/1669/9520 1974/2034/9521 1962/2035/9522
f 1633/1652/9523 21/1634/9524 1726/1633/9525
f 1545/1834/9526 1633/1652/9527 1544/1651/9528
f 1834/2036/9529 22/1635/9530 23/1648/9531
f 1664/1977/9532 1766/2037/9533 1765/1978/9534
f 593/1679/9535 594/1683/9536 1728/1680/9537
f 1635/1610/9538 1546/2038/9539 1729/1608/9540
f 1731/1814/9541 1458/1798/9542 1751/1801/9543
f 1841/2039/9544 1732/1740/9545 1636/1907/9546
f 1663/2040/9547 1505/1980/9548 1660/1837/9549
f 1637/2041/9550 2228/2042/9551 1840/2043/9552
f 1842/2044/9553 2185/2045/9554 1843/2046/9555
f 1638/2047/9556 1961/2048/9557 1960/2049/9558
f 1958/1636/9559 1829/1662/9560 1709/1618/9561
f 1896/2050/9562 2006/2051/9563 2038/2052/9564
f 1845/1717/9565 1444/1735/9566 1445/2053/9567
f 1616/1711/9568 1694/1820/9569 1695/1850/9570
f 1853/2054/9571 635/1758/9572 636/2055/9573
f 1852/1461/9574 1849/1463/9575 1641/1729/9576
f 1812/1490/9577 637/1489/9578 638/1760/9579
f 2231/1918/9580 2230/2056/9581 1932/1879/9582
f 1854/1687/9583 1722/1671/9584 1463/1734/9585
f 1857/2057/9586 1740/1825/9587 1643/1471/9588
f 2048/1960/9589 1980/1959/9590 1861/2058/9591
f 1739/1469/9592 1643/1471/9593 1738/1824/9594
f 1808/1700/9595 1466/1931/9596 1793/1573/9597
f 1698/1701/9598 1617/2059/9599 1809/2060/9600
f 315/1940/9601 314/1857/9602 1865/2061/9603
f 1568/1944/9604 1745/1840/9605 1551/1839/9606
f 315/1940/9607 1647/1744/9608 316/1938/9609
f 1560/1745/9610 1647/1744/9611 1646/2062/9612
f 1875/2063/9613 313/1858/9614 312/2064/9615
f 1866/1860/9616 1744/1923/9617 1648/1962/9618
f 1751/1801/9619 1749/1811/9620 1457/1813/9621
f 1987/2065/9622 1750/1822/9623 1649/2066/9624
f 1752/1518/9625 1730/1797/9626 1459/1739/9627
f 1650/1517/9628 1876/2067/9629 1749/1811/9630
f 1856/1800/9631 1460/1738/9632 1831/1900/9633
f 2043/2068/9634 1857/2057/9635 1552/2069/9636
f 1653/1702/9637 649/1845/9638 650/2070/9639
f 1577/1703/9640 1892/1972/9641 1652/1589/9642
f 650/2070/9643 1753/1829/9644 1653/1702/9645
f 1760/1844/9646 1753/1829/9647 1447/1847/9648
f 1891/2071/9649 1761/1832/9650 1892/1972/9651
f 2000/1606/9652 1892/1972/9653 1894/1831/9654
f 1894/1831/9655 1998/1833/9656 309/2072/9657
f 1995/2073/9658 1996/2074/9659 1986/2075/9660
f 1579/1812/9661 1763/1976/9662 1765/1978/9663
f 1767/1803/9664 1637/2041/9665 1768/1802/9666
f 1580/1598/9667 1657/1804/9668 1454/1806/9669
f 1656/1581/9670 1657/1804/9671 1579/1812/9672
f 1658/1673/9673 1452/1672/9674 1451/1815/9675
f 1659/1681/9676 1658/1673/9677 1507/1686/9678
f 1478/1475/9679 1659/1681/9680 1507/1686/9681
f 1660/1837/9682 1659/1681/9683 1476/1682/9684
f 2040/2076/9685 1978/2077/9686 2039/2078/9687
f 1581/1674/9688 1660/1837/9689 1505/1980/9690
f 1978/2077/9691 2040/2076/9692 1838/2079/9693
f 1896/2050/9694 1762/2080/9695 1895/1905/9696
f 1897/2081/9697 1664/1977/9698 1662/2082/9699
f 1664/1977/9700 1763/1976/9701 1663/2040/9702
f 2041/1913/9703 1660/1837/9704 1476/1682/9705
f 1663/2040/9706 1662/2082/9707 1664/1977/9708
f 1764/2083/9709 1897/2081/9710 1898/2084/9711
f 1579/1812/9712 1765/1978/9713 1656/1581/9714
f 1880/1805/9715 1879/1843/9716 1583/1596/9717
f 1887/2085/9718 1756/2086/9719 1758/2087/9720
f 1771/1982/9721 1666/1983/9722 1506/1620/9723
f 1773/1644/9724 1477/2088/9725 1479/1643/9726
f 1905/1507/9727 1667/1515/9728 606/1514/9729
f 1668/1685/9730 1667/1515/9731 1587/2089/9732
f 1903/2090/9733 1668/1685/9734 1587/2089/9735
f 1902/2091/9736 1675/1511/9737 1900/1984/9738
f 1669/1787/9739 1775/1783/9740 1904/2092/9741
f 1669/1787/9742 1904/2092/9743 2061/1789/9744
f 1670/1492/9745 1431/1523/9746 1671/1522/9747
f 1670/1492/9748 1673/1491/9749 1778/1986/9750
f 1672/1715/9751 1671/1522/9752 1432/1521/9753
f 1670/1492/9754 1671/1522/9755 1596/1493/9756
f 1686/1550/9757 1780/2093/9758 1602/1535/9759
f 1781/2094/9760 1782/1709/9761 1780/2093/9762
f 2224/1854/9763 1673/1491/9764 1514/1710/9765
f 1673/1491/9766 1595/1563/9767 1778/1986/9768
f 603/1513/9769 604/1684/9770 1675/1511/9771
f 1676/1993/9772 1674/1512/9773 1597/2095/9774
f 1903/2090/9775 1900/1984/9776 1668/1685/9777
f 1597/2095/9778 1674/1512/9779 1675/1511/9780
f 1597/2095/9781 1783/1989/9782 1913/1991/9783
f 1676/1993/9784 1601/1992/9785 1684/1583/9786
f 1786/2096/9787 1798/2009/9788 1468/1576/9789
f 1677/1527/9790 1598/1647/9791 1679/1556/9792
f 1786/2096/9793 1677/1527/9794 1469/1529/9795
f 1678/1645/9796 1786/2096/9797 1680/1570/9798
f 1598/1647/9799 1916/1997/9800 1918/2097/9801
f 1788/1996/9802 2065/1773/9803 1603/1548/9804
f 1793/1573/9805 1467/1569/9806 1808/1700/9807
f 1678/1645/9808 1680/1570/9809 1599/1994/9810
f 1599/1994/9811 1680/1570/9812 1681/1566/9813
f 1680/1570/9814 1467/1569/9815 1793/1573/9816
f 1794/1998/9817 1863/1727/9818 1464/2098/9819
f 1681/1566/9820 1682/1574/9821 1600/1567/9822
f 1833/1670/9823 1464/2098/9824 1741/1733/9825
f 1632/1731/9826 1974/2034/9827 1724/1669/9828
f 1684/1583/9829 601/1582/9830 1784/1642/9831
f 1685/2025/9832 1684/1583/9833 1601/1992/9834
f 1943/2099/9835 1823/2100/9836 1822/2028/9837
f 1685/2025/9838 1625/2027/9839 1706/1886/9840
f 2189/1549/9841 1522/1533/9842 1484/1551/9843
f 1780/2093/9844 1686/1550/9845 1519/1530/9846
f 1520/2001/9847 1910/1540/9848 1687/1542/9849
f 1521/1546/9850 1603/1548/9851 1687/1542/9852
f 1692/1564/9853 1688/1571/9854 1471/1575/9855
f 1688/1571/9856 1607/2101/9857 2016/2002/9858
f 1688/1571/9859 2016/2002/9860 1689/2005/9861
f 1798/2009/9862 1786/2096/9863 1469/1529/9864
f 1608/1554/9865 1690/1558/9866 1473/1560/9867
f 1692/1564/9868 1690/1558/9869 1609/1714/9870
f 1925/1867/9871 1691/1869/9872 1489/1865/9873
f 1691/1869/9874 1925/1867/9875 1927/1871/9876
f 1692/1564/9877 1609/1714/9878 1801/1872/9879
f 1688/1571/9880 1692/1564/9881 1607/2101/9882
f 1693/1713/9883 1441/1821/9884 1694/1820/9885
f 1803/1776/9886 1693/1713/9887 1615/2102/9888
f 1695/1850/9889 1694/1820/9890 1442/1819/9891
f 1693/1713/9892 1694/1820/9893 1616/1711/9894
f 1640/1736/9895 1549/1754/9896 1805/2103/9897
f 1806/2104/9898 1807/1849/9899 1805/2103/9900
f 2024/2105/9901 1696/1712/9902 1527/1915/9903
f 1693/1713/9904 1696/1712/9905 1615/2102/9906
f 1798/2009/9907 1697/1568/9908 1468/1576/9909
f 1698/1701/9910 1697/1568/9911 1617/2059/9912
f 1809/2060/9913 1617/2059/9914 1933/1721/9915
f 1698/1701/9916 1936/2106/9917 1743/1728/9918
f 1699/1485/9919 639/1761/9920 1810/2013/9921
f 1699/1485/9922 1618/1484/9923 1940/2014/9924
f 1700/2017/9925 1810/2013/9926 1702/1724/9927
f 1937/2107/9928 1811/1525/9929 1529/2108/9930
f 1937/2107/9931 1813/2109/9932 1940/2014/9933
f 1942/1917/9934 1814/1488/9935 1941/2110/9936
f 1820/2111/9937 641/1726/9938 642/1881/9939
f 1702/1724/9940 1619/1790/9941 1939/1526/9942
f 1820/2111/9943 1702/1724/9944 641/1726/9945
f 1703/1766/9946 1820/2111/9947 1704/1880/9948
f 644/2018/9949 1705/2019/9950 643/1882/9951
f 1703/1766/9952 1704/1880/9953 1620/1767/9954
f 1621/2022/9955 2216/1941/9956 2219/2023/9957
f 643/1882/9958 1705/2019/9959 1704/1880/9960
f 1706/1886/9961 599/1586/9962 1795/1585/9963
f 1627/1593/9964 1706/1886/9965 1625/2027/9966
f 1708/2026/9967 1707/1605/9968 1625/2027/9969
f 1628/1604/9970 1707/1605/9971 1531/1891/9972
f 1822/2028/9973 1625/2027/9974 1685/2025/9975
f 1708/2026/9976 1947/2112/9977 1945/2029/9978
f 1826/1890/9979 26/1616/9980 27/1613/9981
f 1709/1618/9982 1956/1637/9983 1958/1636/9984
f 1629/1632/9985 1491/1631/9986 1710/1746/9987
f 1710/1746/9988 1491/1631/9989 1714/2113/9990
f 1714/2113/9991 1631/1747/9992 1710/1746/9993
f 1712/2114/9994 1714/2113/9995 1959/2115/9996
f 1540/1693/9997 1711/1892/9998 1713/1694/9999
f 1713/1694/10000 1714/2113/10001 1712/2114/10002
f 1714/2113/10003 1713/1694/10004 1711/1892/10005
f 1717/1895/10006 1716/1692/10007 1713/1694/10008
f 1714/2113/10009 1711/1892/10010 1631/1747/10011
f 1714/2113/10012 1491/1631/10013 1959/2115/10014
f 1712/2114/10015 1719/1896/10016 1717/1895/10017
f 2186/1894/10018 2184/2116/10019 2183/2117/10020
f 1717/1895/10021 1713/1694/10022 1712/2114/10023
f 1715/1908/10024 2122/2118/10025 1718/1909/10026
f 1712/2114/10027 2172/1903/10028 1719/1896/10029
f 1715/1908/10030 1716/1692/10031 1717/1895/10032
f 1721/2119/10033 1718/1909/10034 1494/2120/10035
f 1720/2031/10036 2031/2033/10037 1721/2119/10038
f 2181/2121/10039 1961/2048/10040 2192/1902/10041
f 2185/2045/10042 2183/2117/10043 2184/2116/10044
f 2060/2122/10045 2089/2123/10046 2087/2124/10047
f 2004/2125/10048 1548/2126/10049 2003/1657/10050
f 1721/2119/10051 1494/2120/10052 2090/2127/10053
f 2030/2030/10054 1718/1909/10055 2031/2033/10056
f 1725/1732/10057 1461/1835/10058 1723/1899/10059
f 1724/1669/10060 1722/1671/10061 1632/1731/10062
f 1831/1900/10063 1461/1835/10064 1856/1800/10065
f 1960/2049/10066 1961/2048/10067 2193/2128/10068
f 1974/2034/10069 2181/2121/10070 1832/2129/10071
f 1794/1998/10072 1833/1670/10073 1683/1999/10074
f 1725/1732/10075 1462/1688/10076 1738/1824/10077
f 1725/1732/10078 1723/1899/10079 2193/2128/10080
f 22/1635/10081 1834/2036/10082 2057/1904/10083
f 1633/1652/10084 1726/1633/10085 1634/1653/10086
f 1727/2130/10087 1834/2036/10088 1733/1650/10089
f 2002/2131/10090 1896/2050/10091 2001/2132/10092
f 1497/1629/10093 1835/2133/10094 1728/1680/10095
f 1836/1591/10096 1975/1590/10097 1835/2133/10098
f 1977/2134/10099 1729/1608/10100 1546/2038/10101
f 1838/2079/10102 1478/1475/10103 2182/1474/10104
f 1731/1814/10105 1730/1797/10106 1458/1798/10107
f 1732/1740/10108 1730/1797/10109 1636/1907/10110
f 1768/1802/10111 1899/2135/10112 1656/1581/10113
f 1636/1907/10114 1839/1979/10115 1547/2136/10116
f 1841/2039/10117 1636/1907/10118 1547/2136/10119
f 1843/2046/10120 1960/2049/10121 1831/1900/10122
f 25/1887/10123 1829/1662/10124 24/1649/10125
f 1727/2130/10126 1733/1650/10127 1639/1658/10128
f 1445/2053/10129 1446/1741/10130 1846/1749/10131
f 1851/2137/10132 1734/1716/10133 1850/1742/10134
f 1847/1494/10135 1500/1502/10136 632/1495/10137
f 633/1496/10138 634/1759/10139 1848/1730/10140
f 1851/2137/10141 1850/1742/10142 1736/2138/10143
f 1847/1494/10144 1735/1718/10145 1500/1502/10146
f 1641/1729/10147 1853/2054/10148 1852/1461/10149
f 1814/1488/10150 636/2055/10151 637/1489/10152
f 1738/1824/10153 1462/1688/10154 1854/1687/10155
f 1740/1825/10156 1738/1824/10157 1643/1471/10158
f 1739/1469/10159 1854/1687/10160 1741/1733/10161
f 1979/2139/10162 1855/1470/10163 1552/2069/10164
f 1643/1471/10165 1979/2139/10166 1857/2057/10167
f 1883/2140/10168 1881/1799/10169 1651/1924/10170
f 1863/1727/10171 1794/1998/10172 1465/1757/10173
f 1741/1733/10174 1644/2141/10175 1980/1959/10176
f 1863/1727/10177 1741/1733/10178 1464/2098/10179
f 1644/2141/10180 1741/1733/10181 1742/1661/10182
f 1743/1728/10183 1466/1931/10184 1808/1700/10185
f 1742/1661/10186 1743/1728/10187 1645/1788/10188
f 1744/1923/10189 1865/2061/10190 1746/1856/10191
f 1866/1860/10192 1648/1962/10193 1574/1861/10194
f 1560/1745/10195 1646/2062/10196 1745/1840/10197
f 1867/2142/10198 2165/1950/10199 1868/1838/10200
f 1746/1856/10201 313/1858/10202 1875/2063/10203
f 1744/1923/10204 1746/1856/10205 1648/1962/10206
f 1984/2143/10207 312/2064/10208 1985/1963/10209
f 1747/1961/10210 1872/2144/10211 1870/1964/10212
f 1749/1811/10213 1456/1603/10214 1899/2135/10215
f 1750/1822/10216 1748/1579/10217 1649/2066/10218
f 1876/2067/10219 1650/1517/10220 1576/2145/10221
f 1649/2066/10222 1748/1579/10223 1749/1811/10224
f 1878/2146/10225 1987/2065/10226 2187/1970/10227
f 1880/1805/10228 1583/1596/10229 1454/1806/10230
f 1752/1518/10231 1751/1801/10232 1458/1798/10233
f 1749/1811/10234 1751/1801/10235 1650/1517/10236
f 1459/1739/10237 1460/1738/10238 1881/1799/10239
f 1650/1517/10240 1882/1519/10241 1576/2145/10242
f 651/1848/10243 1753/1829/10244 650/2070/10245
f 2180/1810/10246 1760/1844/10247 1448/1823/10248
f 1477/2088/10249 1758/2087/10250 1479/1643/10251
f 1653/1702/10252 1759/1846/10253 1577/1703/10254
f 1757/2147/10255 1755/1830/10256 1754/2148/10257
f 1759/1846/10258 1755/1830/10259 1757/2147/10260
f 1756/2086/10261 1757/2147/10262 1758/2087/10263
f 2053/1841/10264 1888/1981/10265 1665/1842/10266
f 1758/2087/10267 1757/2147/10268 1754/2148/10269
f 1756/2086/10270 1889/1974/10271 1759/1846/10272
f 1758/2087/10273 1754/2148/10274 2180/1810/10275
f 1758/2087/10276 1477/2088/10277 1887/2085/10278
f 1756/2086/10279 1759/1846/10280 1757/2147/10281
f 1891/2071/10282 1759/1846/10283 1889/1974/10284
f 1448/1823/10285 1760/1844/10286 1447/1847/10287
f 1755/1830/10288 1760/1844/10289 1754/2148/10290
f 1998/1833/10291 1990/2149/10292 1893/1795/10293
f 308/1853/10294 1894/1831/10295 309/2072/10296
f 1895/1905/10297 2001/2132/10298 1896/2050/10299
f 1978/2077/10300 1838/2079/10301 1977/2134/10302
f 1580/1598/10303 1763/1976/10304 1579/1812/10305
f 1663/2040/10306 1763/1976/10307 1505/1980/10308
f 2120/2150/10309 2247/2151/10310 2005/2152/10311
f 1770/2153/10312 1637/2041/10313 1766/2037/10314
f 1664/1977/10315 1897/2081/10316 1766/2037/10317
f 1637/2041/10318 1840/2043/10319 1768/1802/10320
f 1770/2153/10321 1766/2037/10322 1764/2083/10323
f 1767/1803/10324 1766/2037/10325 1637/2041/10326
f 1656/1581/10327 1765/1978/10328 1767/1803/10329
f 1766/2037/10330 1767/1803/10331 1765/1978/10332
f 1457/1813/10333 1899/2135/10334 1731/1814/10335
f 1899/2135/10336 1457/1813/10337 1749/1811/10338
f 2120/2150/10339 2005/2152/10340 1548/2126/10341
f 2004/2125/10342 2087/2124/10343 1548/2126/10344
f 1770/2153/10345 1764/2083/10346 2120/2150/10347
f 1770/2153/10348 1769/2154/10349 2228/2042/10350
f 1666/1983/10351 1771/1982/10352 1477/2088/10353
f 1772/1965/10354 1771/1982/10355 1506/1620/10356
f 1879/1843/10357 1772/1965/10358 1583/1596/10359
f 1771/1982/10360 1772/1965/10361 1665/1842/10362
f 1584/1818/10363 1773/1644/10364 1585/1626/10365
f 1477/2088/10366 1773/1644/10367 1666/1983/10368
f 2008/1836/10369 1587/2089/10370 2007/2155/10371
f 1774/2156/10372 1903/2090/10373 2008/1836/10374
f 1775/1783/10375 1511/1487/10376 1593/1472/10377
f 1904/2092/10378 1775/1783/10379 1481/1561/10380
f 2010/1987/10381 1514/1710/10382 1781/2094/10383
f 2010/1987/10384 1912/2157/10385 2102/1988/10386
f 1777/1506/10387 2007/2155/10388 1905/1507/10389
f 1589/1499/10390 1669/1787/10391 1777/1506/10392
f 1594/1562/10393 1778/1986/10394 1595/1563/10395
f 1779/1477/10396 1778/1986/10397 1513/1985/10398
f 1592/1478/10399 1779/1477/10400 1513/1985/10401
f 1430/1479/10402 1670/1492/10403 1779/1477/10404
f 1780/2093/10405 1519/1530/10406 1781/2094/10407
f 1672/1715/10408 1602/1535/10409 1780/2093/10410
f 1519/1530/10411 1906/1532/10412 1781/2094/10413
f 2010/1987/10414 1781/2094/10415 2011/2158/10416
f 1780/2093/10417 1782/1709/10418 1672/1715/10419
f 1781/2094/10420 1514/1710/10421 1782/1709/10422
f 2137/2159/10423 1597/2095/10424 1902/2091/10425
f 2133/2160/10426 2134/2161/10427 2100/2162/10428
f 1674/1512/10429 1784/1642/10430 602/1578/10431
f 1684/1583/10432 1784/1642/10433 1676/1993/10434
f 1792/2163/10435 1599/1994/10436 1790/1756/10437
f 1599/1994/10438 1792/2163/10439 1785/1995/10440
f 1680/1570/10441 1786/2096/10442 1468/1576/10443
f 1677/1527/10444 1786/2096/10445 1678/1645/10446
f 1677/1527/10447 1787/1557/10448 1470/1572/10449
f 2015/1707/10450 1787/1557/10451 1679/1556/10452
f 1472/1559/10453 1919/1708/10454 1603/1548/10455
f 1918/2097/10456 1679/1556/10457 1598/1647/10458
f 1967/1667/10459 1600/1567/10460 1683/1999/10461
f 1790/1756/10462 1789/1565/10463 1517/2164/10464
f 1790/1756/10465 1517/2164/10466 1791/1696/10467
f 1681/1566/10468 1790/1756/10469 1599/1994/10470
f 1517/2164/10471 1972/2165/10472 2083/2166/10473
f 2105/2167/10474 2127/2168/10475 2129/2169/10476
f 1790/1756/10477 1791/1696/10478 1792/2163/10479
f 1791/1696/10480 1785/1995/10481 1792/2163/10482
f 1682/1574/10483 1793/1573/10484 1466/1931/10485
f 1680/1570/10486 1793/1573/10487 1681/1566/10488
f 1794/1998/10489 1464/2098/10490 1833/1670/10491
f 1682/1574/10492 1794/1998/10493 1683/1999/10494
f 1684/1583/10495 1795/1585/10496 600/1584/10497
f 1706/1886/10498 1795/1585/10499 1685/2025/10500
f 1688/1571/10501 1796/1528/10502 1470/1572/10503
f 1798/2009/10504 1796/1528/10505 1689/2005/10506
f 1523/2170/10507 1922/2171/10508 1921/2003/10509
f 2022/2172/10510 1528/1868/10511 1924/1723/10512
f 2018/1722/10513 2019/2173/10514 1924/1723/10515
f 1798/2009/10516 2018/1722/10517 1697/1568/10518
f 1799/1870/10519 1524/1553/10520 1613/1753/10521
f 1489/1865/10522 1691/1869/10523 1799/1870/10524
f 2080/2174/10525 2025/2175/10526 2079/2176/10527
f 1800/2008/10528 2078/2177/10529 1922/2171/10530
f 1801/1872/10531 1523/2170/10532 1802/2006/10533
f 1609/1714/10534 1691/1869/10535 1801/1872/10536
f 1802/2006/10537 1523/2170/10538 1921/2003/10539
f 1607/2101/10540 1692/1564/10541 1802/2006/10542
f 1803/1776/10543 1615/2102/10544 2023/1777/10545
f 1804/1706/10546 1803/1776/10547 1526/2007/10548
f 1612/1704/10549 1804/1706/10550 1526/2007/10551
f 1440/1705/10552 1693/1713/10553 1804/1706/10554
f 1805/2103/10555 1549/1754/10556 1806/2104/10557
f 1695/1850/10558 1640/1736/10559 1805/2103/10560
f 1549/1754/10561 1928/1919/10562 1806/2104/10563
f 2082/2178/10564 2024/2105/10565 2025/2175/10566
f 1805/2103/10567 1807/1849/10568 1695/1850/10569
f 1806/2104/10570 1527/1915/10571 1807/1849/10572
f 1697/1568/10573 1808/1700/10574 1467/1569/10575
f 1743/1728/10576 1808/1700/10577 1698/1701/10578
f 1809/2060/10579 1528/1868/10580 2026/2011/10581
f 1743/1728/10582 1936/2106/10583 1645/1788/10584
f 1702/1724/10585 1810/2013/10586 640/1725/10587
f 1699/1485/10588 1810/2013/10589 1700/2017/10590
f 1939/1526/10591 1811/1525/10592 1938/1483/10593
f 1619/1790/10594 1703/1766/10595 1816/1784/10596
f 1699/1485/10597 1812/1490/10598 638/1760/10599
f 1814/1488/10600 1812/1490/10601 1701/1720/10602
f 1813/2109/10603 1937/2107/10604 2151/2179/10605
f 1941/2110/10606 1813/2109/10607 2232/2180/10608
f 1814/1488/10609 1701/1720/10610 1941/2110/10611
f 1814/1488/10612 1942/1917/10613 1853/2054/10614
f 1815/1765/10615 1620/1767/10616 2206/1942/10617
f 1815/1765/10618 1530/2015/10619 1816/1784/10620
f 1817/2181/10621 1819/2016/10622 2198/2182/10623
f 1619/1790/10624 1816/1784/10625 1818/1524/10626
f 2155/2183/10627 2153/2184/10628 2154/2185/10629
f 2145/2186/10630 1811/1525/10631 1818/1524/10632
f 1819/2016/10633 1818/1524/10634 1816/1784/10635
f 1817/2181/10636 2144/2187/10637 2145/2186/10638
f 1530/2015/10639 2197/2188/10640 2198/2182/10641
f 1819/2016/10642 1817/2181/10643 2145/2186/10644
f 1704/1880/10645 1820/2111/10646 642/1881/10647
f 1702/1724/10648 1820/2111/10649 1703/1766/10650
f 1707/1605/10651 1821/2000/10652 1531/1891/10653
f 1945/2029/10654 1944/1630/10655 1629/1632/10656
f 1601/1992/10657 1943/2099/10658 1685/2025/10659
f 1914/1990/10660 1823/2100/10661 1943/2099/10662
f 1518/2189/10663 1946/2190/10664 1823/2100/10665
f 1708/2026/10666 1822/2028/10667 1823/2100/10668
f 1947/2112/10669 1824/2191/10670 1945/2029/10671
f 1968/2192/10672 1966/2193/10673 1969/2194/10674
f 1542/1889/10675 1825/1898/10676 1535/1615/10677
f 2029/1897/10678 1541/1893/10679 1711/1892/10680
f 1535/1615/10681 1825/1898/10682 1826/1890/10683
f 1826/1890/10684 1825/1898/10685 1955/1617/10686
f 2059/2032/10687 2004/2125/10688 1827/2195/10689
f 1828/1663/10690 1639/1658/10691 1733/1650/10692
f 24/1649/10693 1828/1663/10694 1733/1650/10695
f 2058/1656/10696 1828/1663/10697 1827/2195/10698
f 1709/1618/10699 1829/1662/10700 25/1887/10701
f 1827/2195/10702 1828/1663/10703 1829/1662/10704
f 1824/2191/10705 2177/2196/10706 1944/1630/10707
f 1953/1792/10708 1824/2191/10709 1946/2190/10710
f 1460/1738/10711 1732/1740/10712 1831/1900/10713
f 1831/1900/10714 1732/1740/10715 1843/2046/10716
f 1968/2192/10717 1963/2197/10718 1965/2198/10719
f 1683/1999/10720 1724/1669/10721 1962/2035/10722
f 1722/1671/10723 1833/1670/10724 1463/1734/10725
f 1833/1670/10726 1724/1669/10727 1683/1999/10728
f 1733/1650/10729 1834/2036/10730 23/1648/10731
f 1727/2130/10732 2001/2132/10733 2057/1904/10734
f 1497/1629/10735 1493/1628/10736 1835/2133/10737
f 1835/2133/10738 1493/1628/10739 1836/1591/10740
f 1493/1628/10741 1976/1906/10742 1836/1591/10743
f 2035/2199/10744 1976/1906/10745 1762/2080/10746
f 1635/1610/10747 1837/1609/10748 592/1678/10749
f 1427/1612/10750 1837/1609/10751 1729/1608/10752
f 1975/1590/10753 2034/1592/10754 1546/2038/10755
f 1478/1475/10756 1838/2079/10757 2042/1914/10758
f 1731/1814/10759 1840/2043/10760 1839/1979/10761
f 1840/2043/10762 2092/1911/10763 2093/2200/10764
f 1768/1802/10765 1840/2043/10766 1731/1814/10767
f 1547/2136/10768 2093/2200/10769 2091/2201/10770
f 1841/2039/10771 1547/2136/10772 2123/2202/10773
f 1843/2046/10774 1638/2047/10775 1960/2049/10776
f 1842/2044/10777 1841/2039/10778 2123/2202/10779
f 2123/2202/10780 2121/2203/10781 1842/2044/10782
f 1732/1740/10783 1841/2039/10784 1843/2046/10785
f 1842/2044/10786 1843/2046/10787 1841/2039/10788
f 1845/1717/10789 1640/1736/10790 1444/1735/10791
f 1929/1920/10792 1734/1716/10793 1851/2137/10794
f 1845/1717/10795 1445/2053/10796 1846/1749/10797
f 1844/1755/10798 1845/1717/10799 1734/1716/10800
f 1500/1502/10801 1846/1749/10802 1446/1741/10803
f 1845/1717/10804 1846/1749/10805 1735/1718/10806
f 1848/1730/10807 1847/1494/10808 633/1496/10809
f 1850/1742/10810 1847/1494/10811 1736/2138/10812
f 1641/1729/10813 1848/1730/10814 634/1759/10815
f 1847/1494/10816 1848/1730/10817 1736/2138/10818
f 1849/1463/10819 1550/1462/10820 1931/2204/10821
f 1848/1730/10822 1849/1463/10823 1736/2138/10824
f 1847/1494/10825 1850/1742/10826 1735/1718/10827
f 1736/2138/10828 1849/1463/10829 1851/2137/10830
f 2190/1878/10831 1930/1921/10832 1931/2204/10833
f 1929/1920/10834 1844/1755/10835 1734/1716/10836
f 1853/2054/10837 1641/1729/10838 635/1758/10839
f 1932/1879/10840 1852/1461/10841 1737/1916/10842
f 1814/1488/10843 1853/2054/10844 636/2055/10845
f 1852/1461/10846 1853/2054/10847 1737/1916/10848
f 1741/1733/10849 1854/1687/10850 1463/1734/10851
f 1738/1824/10852 1854/1687/10853 1739/1469/10854
f 1739/1469/10855 1980/1959/10856 1855/1470/10857
f 1644/2141/10858 1742/1661/10859 1859/1660/10860
f 1738/1824/10861 1856/1800/10862 1461/1835/10863
f 1881/1799/10864 1856/1800/10865 1740/1825/10866
f 2044/2205/10867 1981/1958/10868 2043/2068/10869
f 1857/2057/10870 2043/2068/10871 2045/2206/10872
f 1934/2012/10873 2240/2207/10874 2242/2208/10875
f 1858/1659/10876 1553/1665/10877 1859/1660/10878
f 2245/2209/10879 2246/1883/10880 2243/2210/10881
f 1644/2141/10882 1859/1660/10883 1861/2058/10884
f 1983/2211/10885 2049/1951/10886 1573/2212/10887
f 1855/1470/10888 2048/1960/10889 1552/2069/10890
f 1862/1666/10891 1861/2058/10892 1859/1660/10893
f 1861/2058/10894 1860/1874/10895 1983/2211/10896
f 2203/1873/10897 2201/1884/10898 2207/1935/10899
f 1861/2058/10900 1862/1666/10901 1860/1874/10902
f 1743/1728/10903 1863/1727/10904 1465/1757/10905
f 1741/1733/10906 1863/1727/10907 1742/1661/10908
f 1647/1744/10909 1864/1922/10910 1646/2062/10911
f 1865/2061/10912 1864/1922/10913 315/1940/10914
f 1746/1856/10915 1865/2061/10916 314/1857/10917
f 1864/1922/10918 1865/2061/10919 1744/1923/10920
f 1502/2213/10921 2148/2214/10922 2162/2215/10923
f 1646/2062/10924 1868/1838/10925 1745/1840/10926
f 2149/1859/10927 1869/2216/10928 1866/1860/10929
f 2149/1859/10930 2164/2217/10931 1867/2142/10932
f 1864/1922/10933 1868/1838/10934 1646/2062/10935
f 1869/2216/10936 1744/1923/10937 1866/1860/10938
f 1867/2142/10939 1868/1838/10940 1869/2216/10941
f 1744/1923/10942 1869/2216/10943 1868/1838/10944
f 1872/2144/10945 1873/2218/10946 1996/2074/10947
f 1872/2144/10948 1874/1807/10949 1870/1964/10950
f 1890/1975/10951 1992/2219/10952 1991/2220/10953
f 1874/1807/10954 1574/1861/10955 1870/1964/10956
f 1872/2144/10957 1747/1961/10958 1984/2143/10959
f 1872/2144/10960 1871/2221/10961 1874/1807/10962
f 1747/1961/10963 1875/2063/10964 1984/2143/10965
f 1986/2075/10966 1655/1826/10967 1578/1796/10968
f 2056/2222/10969 1871/2221/10970 1993/2223/10971
f 1871/2221/10972 2056/2222/10973 1874/1807/10974
f 1984/2143/10975 1875/2063/10976 312/2064/10977
f 1746/1856/10978 1875/2063/10979 1747/1961/10980
f 1877/1969/10981 1876/2067/10982 1576/2145/10983
f 1749/1811/10984 1876/2067/10985 2188/1971/10986
f 2225/2224/10987 2226/2225/10988 2086/2226/10989
f 1877/1969/10990 2085/1968/10991 2187/1970/10992
f 1890/1975/10993 1988/2227/10994 2051/2228/10995
f 1879/1843/10996 1665/1842/10997 1772/1965/10998
f 1987/2065/10999 1879/1843/11000 1750/1822/11001
f 2053/1841/11002 1878/2146/11003 2052/2229/11004
f 1880/1805/11005 1657/1804/11006 1455/1580/11007
f 1879/1843/11008 1880/1805/11009 1750/1822/11010
f 1881/1799/11011 1740/1825/11012 1982/2230/11013
f 1459/1739/11014 1881/1799/11015 1752/1518/11016
f 1752/1518/11017 1883/2140/11018 1882/1519/11019
f 1882/1519/11020 1883/2140/11021 1885/1930/11022
f 1881/1799/11023 1883/2140/11024 1752/1518/11025
f 2045/2206/11026 1982/2230/11027 1857/2057/11028
f 1502/2213/11029 2147/2231/11030 2227/2232/11031
f 1885/1930/11032 1576/2145/11033 1882/1519/11034
f 1651/1924/11035 1885/1930/11036 1883/2140/11037
f 1885/1930/11038 1884/1926/11039 2226/2225/11040
f 1878/2146/11041 1575/2233/11042 2194/2234/11043
f 1889/1974/11044 1756/2086/11045 1988/2227/11046
f 1477/2088/11047 1771/1982/11048 1888/1981/11049
f 1887/2085/11050 1886/2235/11051 1988/2227/11052
f 1886/2235/11053 1887/2085/11054 1888/1981/11055
f 1477/2088/11056 1888/1981/11057 1887/2085/11058
f 1889/1974/11059 1988/2227/11060 1890/1975/11061
f 1891/2071/11062 1889/1974/11063 1503/1973/11064
f 2051/2228/11065 2052/2229/11066 1989/2236/11067
f 1991/2220/11068 1893/1795/11069 1990/2149/11070
f 1891/2071/11071 1503/1973/11072 1990/2149/11073
f 1577/1703/11074 1759/1846/11075 1891/2071/11076
f 1891/2071/11077 1892/1972/11078 1577/1703/11079
f 1894/1831/11080 1892/1972/11081 1761/1832/11082
f 1991/2220/11083 1503/1973/11084 1890/1975/11085
f 1997/1794/11086 1578/1796/11087 1655/1826/11088
f 308/1853/11089 1504/1851/11090 2000/1606/11091
f 1761/1832/11092 1990/2149/11093 1998/1833/11094
f 1895/1905/11095 1634/1653/11096 2001/2132/11097
f 1976/1906/11098 1895/1905/11099 1762/2080/11100
f 2002/2131/11101 1727/2130/11102 1639/1658/11103
f 1896/2050/11104 2002/2131/11105 2006/2051/11106
f 1898/2084/11107 1897/2081/11108 1662/2082/11109
f 1766/2037/11110 1897/2081/11111 1764/2083/11112
f 2039/2078/11113 1898/2084/11114 1662/2082/11115
f 1898/2084/11116 1661/2237/11117 2247/2151/11118
f 1656/1581/11119 1899/2135/11120 1456/1603/11121
f 1731/1814/11122 1899/2135/11123 1768/1802/11124
f 1774/2156/11125 1901/2238/11126 1900/1984/11127
f 1675/1511/11128 1902/2091/11129 1597/2095/11130
f 2125/2239/11131 2008/1836/11132 2099/1763/11133
f 1902/2091/11134 1901/2238/11135 1515/2240/11136
f 1901/2238/11137 1902/2091/11138 1900/1984/11139
f 2137/2159/11140 1515/2240/11141 2136/2241/11142
f 2008/1836/11143 1903/2090/11144 1587/2089/11145
f 1900/1984/11146 1903/2090/11147 1774/2156/11148
f 2064/1855/11149 1904/2092/11150 1481/1561/11151
f 1904/2092/11152 1776/2242/11153 2061/1789/11154
f 2007/2155/11155 1777/1506/11156 1510/2243/11157
f 1667/1515/11158 1905/1507/11159 1587/2089/11160
f 1908/1531/11161 1686/1550/11162 2189/1549/11163
f 1906/1532/11164 1483/2244/11165 2011/2158/11166
f 1484/1551/11167 1521/1546/11168 1911/1541/11169
f 1909/1864/11170 1483/2244/11171 1906/1532/11172
f 1686/1550/11173 1908/1531/11174 1519/1530/11175
f 1908/1531/11176 1907/2245/11177 1909/1864/11178
f 1907/2245/11179 1910/1540/11180 1909/1864/11181
f 1909/1864/11182 1910/1540/11183 2014/2246/11184
f 1910/1540/11185 1907/2245/11186 1911/1541/11187
f 1520/2001/11188 2065/1773/11189 2014/2246/11190
f 1911/1541/11191 1907/2245/11192 2189/1549/11193
f 1687/1542/11194 1911/1541/11195 1521/1546/11196
f 2014/2246/11197 2013/1772/11198 2067/2247/11199
f 2066/2248/11200 2069/2249/11201 2076/2250/11202
f 1597/2095/11203 1913/1991/11204 1676/1993/11205
f 1783/1989/11206 2191/2251/11207 1914/1990/11208
f 1823/2100/11209 1914/1990/11210 1518/2189/11211
f 1601/1992/11212 1913/1991/11213 1914/1990/11214
f 1599/1994/11215 1915/1646/11216 1678/1645/11217
f 1785/1995/11218 2104/1695/11219 1916/1997/11220
f 1516/2252/11221 1917/2253/11222 1918/2097/11223
f 1598/1647/11224 1915/1646/11225 1916/1997/11226
f 2069/2249/11227 2068/2254/11228 1917/2253/11229
f 2014/2246/11230 2065/1773/11231 2013/1772/11232
f 1516/2252/11233 1918/2097/11234 1916/1997/11235
f 1918/2097/11236 1917/2253/11237 2012/1774/11238
f 1471/1575/11239 1919/1708/11240 1472/1559/11241
f 1788/1996/11242 1603/1548/11243 1919/1708/11244
f 1607/2101/11245 1802/2006/11246 1921/2003/11247
f 1924/1723/11248 2020/2255/11249 2022/2172/11250
f 1523/2170/11251 1927/1871/11252 1922/2171/11253
f 2020/2255/11254 1923/1877/11255 1797/1876/11256
f 1926/1866/11257 2082/2178/11258 1800/2008/11259
f 2170/2256/11260 2108/1771/11261 2169/2257/11262
f 1920/2004/11263 1921/2003/11264 1923/1877/11265
f 2110/2258/11266 1921/2003/11267 1922/2171/11268
f 2019/2173/11269 1798/2009/11270 1689/2005/11271
f 2019/2173/11272 1920/2004/11273 2020/2255/11274
f 1926/1866/11275 1489/1865/11276 2023/1777/11277
f 1927/1871/11278 1925/1867/11279 1800/2008/11280
f 2024/2105/11281 1926/1866/11282 2023/1777/11283
f 2081/2259/11284 2079/2176/11285 1806/2104/11286
f 1922/2171/11287 1927/1871/11288 1800/2008/11289
f 1801/1872/11290 1927/1871/11291 1523/2170/11292
f 1929/1920/11293 1928/1919/11294 1549/1754/11295
f 1498/2260/11296 2080/2174/11297 2081/2259/11298
f 1844/1755/11299 1929/1920/11300 1549/1754/11301
f 1930/1921/11302 1929/1920/11303 1851/2137/11304
f 1931/2204/11305 1930/1921/11306 1851/2137/11307
f 1498/2260/11308 1928/1919/11309 1930/1921/11310
f 1849/1463/11311 1931/2204/11312 1851/2137/11313
f 1932/1879/11314 1550/1462/11315 1852/1461/11316
f 2114/2261/11317 2112/1769/11318 2017/2262/11319
f 1930/1921/11320 2190/1878/11321 1498/2260/11322
f 1933/1721/11323 1617/2059/11324 2018/1722/11325
f 1528/1868/11326 1809/2060/11327 1933/1721/11328
f 2027/2263/11329 2167/2264/11330 2204/2265/11331
f 2243/2210/11332 1934/2012/11333 2244/2266/11334
f 1858/1659/11335 1645/1788/11336 1935/1932/11337
f 1645/1788/11338 1936/2106/11339 2195/2010/11340
f 1698/1701/11341 1809/2060/11342 1936/2106/11343
f 1809/2060/11344 2026/2011/11345 2195/2010/11346
f 1937/2107/11347 1529/2108/11348 2151/2179/11349
f 1938/1483/11350 1937/2107/11351 1618/1484/11352
f 1939/1526/11353 1938/1483/11354 1700/2017/11355
f 1937/2107/11356 1938/1483/11357 1811/1525/11358
f 1702/1724/11359 1939/1526/11360 1700/2017/11361
f 1818/1524/11362 1939/1526/11363 1619/1790/11364
f 1937/2107/11365 1940/2014/11366 1618/1484/11367
f 1941/2110/11368 1940/2014/11369 1813/2109/11370
f 1941/2110/11371 1642/2267/11372 1942/1917/11373
f 1940/2014/11374 1941/2110/11375 1701/1720/11376
f 1942/1917/11377 1642/2267/11378 2231/1918/11379
f 1853/2054/11380 1942/1917/11381 1737/1916/11382
f 1685/2025/11383 1943/2099/11384 1822/2028/11385
f 1914/1990/11386 1943/2099/11387 1601/1992/11388
f 1945/2029/11389 1629/1632/11390 1821/2000/11391
f 2177/2196/11392 2176/2268/11393 1944/1630/11394
f 1947/2112/11395 1708/2026/11396 1823/2100/11397
f 1824/2191/11398 1944/1630/11399 1945/2029/11400
f 2191/2251/11401 1952/1862/11402 1949/1793/11403
f 1946/2190/11404 1518/2189/11405 1949/1793/11406
f 1823/2100/11407 1946/2190/11408 1947/2112/11409
f 1824/2191/11410 1947/2112/11411 1946/2190/11412
f 1517/2164/11413 2083/2166/11414 1791/1696/11415
f 1824/2191/11416 1953/1792/11417 2177/2196/11418
f 1518/2189/11419 1914/1990/11420 2191/2251/11421
f 1949/1793/11422 1948/1863/11423 1954/1791/11424
f 2135/2269/11425 2136/2241/11426 2134/2161/11427
f 1948/1863/11428 2132/2270/11429 2131/2271/11430
f 2032/2272/11431 1969/2194/11432 1951/2273/11433
f 1789/1565/11434 1964/2274/11435 1517/2164/11436
f 2191/2251/11437 1949/1793/11438 1518/2189/11439
f 2132/2270/11440 1952/1862/11441 1950/2275/11442
f 1949/1793/11443 1953/1792/11444 1946/2190/11445
f 1951/2273/11446 2238/2276/11447 2177/2196/11448
f 1954/1791/11449 1948/1863/11450 1970/2277/11451
f 1953/1792/11452 1954/1791/11453 1951/2273/11454
f 1826/1890/11455 1955/1617/11456 26/1616/11457
f 1956/1637/11458 1955/1617/11459 1825/1898/11460
f 1955/1617/11461 1956/1637/11462 1709/1618/11463
f 1541/1893/11464 2029/1897/11465 1825/1898/11466
f 2030/2030/11467 1957/2278/11468 1540/1693/11469
f 1630/1638/11470 1956/1637/11471 1957/2278/11472
f 2059/2032/11473 1958/1636/11474 1630/1638/11475
f 1829/1662/11476 1958/1636/11477 1827/2195/11478
f 2176/2268/11479 1959/2115/11480 1491/1631/11481
f 1959/2115/11482 1830/2279/11483 2173/2280/11484
f 1638/2047/11485 2185/2045/11486 2184/2116/11487
f 1723/1899/11488 1831/1900/11489 1960/2049/11490
f 1961/2048/11491 2184/2116/11492 2192/1902/11493
f 2193/2128/11494 1632/1731/11495 1725/1732/11496
f 1962/2035/11497 1832/2129/11498 1965/2198/11499
f 1683/1999/11500 1962/2035/11501 1967/1667/11502
f 2178/2281/11503 1966/2193/11504 2239/2282/11505
f 2032/2272/11506 1951/2273/11507 1970/2277/11508
f 1600/1567/11509 1964/2274/11510 1789/1565/11511
f 1973/2283/11512 1963/2197/11513 2032/2272/11514
f 1543/1901/11515 2178/2281/11516 2239/2282/11517
f 1963/2197/11518 1973/2283/11519 1971/1668/11520
f 2178/2281/11521 2172/1903/11522 2174/2284/11523
f 1966/2193/11524 2179/2285/11525 1969/2194/11526
f 1962/2035/11527 1965/2198/11528 1967/1667/11529
f 1965/2198/11530 1963/2197/11531 1971/1668/11532
f 2239/2282/11533 1965/2198/11534 1832/2129/11535
f 2179/2285/11536 1966/2193/11537 2174/2284/11538
f 1951/2273/11539 1954/1791/11540 1970/2277/11541
f 1963/2197/11542 1968/2192/11543 1969/2194/11544
f 1482/2286/11545 2130/2287/11546 2131/2271/11547
f 1517/2164/11548 1964/2274/11549 1973/2283/11550
f 1600/1567/11551 1971/1668/11552 1964/2274/11553
f 1965/2198/11554 1971/1668/11555 1967/1667/11556
f 1973/2283/11557 1964/2274/11558 1971/1668/11559
f 2032/2272/11560 2084/2288/11561 1972/2165/11562
f 2032/2272/11563 1963/2197/11564 1969/2194/11565
f 1517/2164/11566 1973/2283/11567 1972/2165/11568
f 2181/2121/11569 1974/2034/11570 1632/1731/11571
f 1962/2035/11572 1974/2034/11573 1832/2129/11574
f 1635/1610/11575 1975/1590/11576 1546/2038/11577
f 1835/2133/11578 1975/1590/11579 1728/1680/11580
f 1976/1906/11581 1493/1628/11582 1545/1834/11583
f 1978/2077/11584 2034/1592/11585 2036/2289/11586
f 1977/2134/11587 1546/2038/11588 2034/1592/11589
f 2182/1474/11590 1977/2134/11591 1838/2079/11592
f 2036/2289/11593 2034/1592/11594 1836/1591/11595
f 1978/2077/11596 2035/2199/11597 2039/2078/11598
f 1857/2057/11599 1979/2139/11600 1552/2069/11601
f 1643/1471/11602 1855/1470/11603 1979/2139/11604
f 1741/1733/11605 1980/1959/11606 1739/1469/11607
f 1861/2058/11608 1980/1959/11609 1644/2141/11610
f 2157/1949/11611 2159/1956/11612 2161/1954/11613
f 2045/2206/11614 2046/1925/11615 1651/1924/11616
f 1881/1799/11617 1982/2230/11618 1651/1924/11619
f 1740/1825/11620 1857/2057/11621 1982/2230/11622
f 2049/1951/11623 1983/2211/11624 1860/1874/11625
f 2044/2205/11626 1983/2211/11627 1573/2212/11628
f 1985/1963/11629 312/2064/11630 311/1827/11631
f 1872/2144/11632 1984/2143/11633 1873/2218/11634
f 1986/2075/11635 1985/1963/11636 1655/1826/11637
f 1984/2143/11638 1985/1963/11639 1873/2218/11640
f 1986/2075/11641 1578/1796/11642 1995/2073/11643
f 1985/1963/11644 1986/2075/11645 1873/2218/11646
f 2187/1970/11647 1987/2065/11648 1649/2066/11649
f 1879/1843/11650 1987/2065/11651 1878/2146/11652
f 1887/2085/11653 1988/2227/11654 1756/2086/11655
f 2051/2228/11656 1988/2227/11657 1886/2235/11658
f 2056/2222/11659 2054/2290/11660 2055/1967/11661
f 1993/2223/11662 1871/2221/11663 1995/2073/11664
f 1891/2071/11665 1990/2149/11666 1761/1832/11667
f 1991/2220/11668 1990/2149/11669 1503/1973/11670
f 1890/1975/11671 2051/2228/11672 1992/2219/11673
f 1893/1795/11674 1991/2220/11675 1994/2291/11676
f 1993/2223/11677 1992/2219/11678 1989/2236/11679
f 1893/1795/11680 1994/2291/11681 1578/1796/11682
f 2054/2290/11683 1993/2223/11684 1989/2236/11685
f 1996/2074/11686 1995/2073/11687 1871/2221/11688
f 1991/2220/11689 1992/2219/11690 1994/2291/11691
f 1993/2223/11692 1994/2291/11693 1992/2219/11694
f 1578/1796/11695 1994/2291/11696 1995/2073/11697
f 1993/2223/11698 1995/2073/11699 1994/2291/11700
f 1872/2144/11701 1996/2074/11702 1871/2221/11703
f 1986/2075/11704 1996/2074/11705 1873/2218/11706
f 310/1828/11707 1999/2292/11708 1655/1826/11709
f 1999/2292/11710 309/2072/11711 1998/1833/11712
f 1893/1795/11713 1997/1794/11714 1998/1833/11715
f 1998/1833/11716 1997/1794/11717 1999/2292/11718
f 1655/1826/11719 1999/2292/11720 1997/1794/11721
f 309/2072/11722 1999/2292/11723 310/1828/11724
f 1892/1972/11725 2000/1606/11726 1654/1587/11727
f 308/1853/11728 2000/1606/11729 1894/1831/11730
f 2057/1904/11731 1634/1653/11732 1726/1633/11733
f 2002/2131/11734 2001/2132/11735 1727/2130/11736
f 1639/1658/11737 2003/1657/11738 2002/2131/11739
f 2003/1657/11740 2005/2152/11741 2006/2051/11742
f 1639/1658/11743 1828/1663/11744 2058/1656/11745
f 2005/2152/11746 2003/1657/11747 1548/2126/11748
f 1827/2195/11749 1958/1636/11750 2059/2032/11751
f 2090/2127/11752 1720/2031/11753 1721/2119/11754
f 1548/2126/11755 2089/2123/11756 2120/2150/11757
f 1661/2237/11758 2037/2293/11759 2038/2052/11760
f 2003/1657/11761 2006/2051/11762 2002/2131/11763
f 2006/2051/11764 2005/2152/11765 2038/2052/11766
f 2007/2155/11767 1510/2243/11768 2008/1836/11769
f 1587/2089/11770 1905/1507/11771 2007/2155/11772
f 2061/1789/11773 2009/1764/11774 1510/2243/11775
f 2008/1836/11776 1510/2243/11777 2009/1764/11778
f 2095/1768/11779 2063/2294/11780 2062/2295/11781
f 2009/1764/11782 2061/1789/11783 2095/1768/11784
f 1781/2094/11785 1906/1532/11786 2011/2158/11787
f 2062/2295/11788 2063/2294/11789 2102/1988/11790
f 1483/2244/11791 2067/2247/11792 2072/2296/11793
f 2010/1987/11794 2011/2158/11795 2103/2297/11796
f 1918/2097/11797 2012/1774/11798 1679/1556/11799
f 2012/1774/11800 1917/2253/11801 2013/1772/11802
f 1516/2252/11803 2069/2249/11804 1917/2253/11805
f 2014/2246/11806 1483/2244/11807 1909/1864/11808
f 1520/2001/11809 2014/2246/11810 1910/1540/11811
f 2068/2254/11812 2013/1772/11813 1917/2253/11814
f 1787/1557/11815 2015/1707/11816 1471/1575/11817
f 2015/1707/11818 1679/1556/11819 2012/1774/11820
f 1921/2003/11821 2016/2002/11822 1607/2101/11823
f 2019/2173/11824 2016/2002/11825 1920/2004/11826
f 2234/2298/11827 2230/2056/11828 2113/2299/11829
f 2078/2177/11830 2017/2262/11831 2112/1769/11832
f 1697/1568/11833 2018/1722/11834 1617/2059/11835
f 2019/2173/11836 2018/1722/11837 1798/2009/11838
f 2016/2002/11839 2019/2173/11840 1689/2005/11841
f 1920/2004/11842 1923/1877/11843 2020/2255/11844
f 1797/1876/11845 2021/2300/11846 2022/2172/11847
f 1924/1723/11848 2019/2173/11849 2020/2255/11850
f 2109/1875/11851 2170/2256/11852 1797/1876/11853
f 2028/2301/11854 1934/2012/11855 2026/2011/11856
f 1797/1876/11857 2022/2172/11858 2020/2255/11859
f 1528/1868/11860 2022/2172/11861 2021/2300/11862
f 1614/1775/11863 2023/1777/11864 1489/1865/11865
f 2024/2105/11866 2023/1777/11867 1615/2102/11868
f 1696/1712/11869 2024/2105/11870 1615/2102/11871
f 2024/2105/11872 1527/1915/11873 2079/2176/11874
f 1806/2104/11875 2079/2176/11876 1527/1915/11877
f 2107/2302/11878 2025/2175/11879 2080/2174/11880
f 1528/1868/11881 2021/2300/11882 2168/2303/11883
f 2195/2010/11884 1934/2012/11885 1935/1932/11886
f 2027/2263/11887 2028/2301/11888 1528/1868/11889
f 2163/2304/11890 2169/2257/11891 2166/2305/11892
f 1528/1868/11893 2028/2301/11894 2026/2011/11895
f 2027/2263/11896 2204/2265/11897 2244/2266/11898
f 1540/1693/11899 1957/2278/11900 2029/1897/11901
f 2029/1897/11902 1957/2278/11903 1956/1637/11904
f 1716/1692/11905 2030/2030/11906 1540/1693/11907
f 2031/2033/11908 1718/1909/11909 1721/2119/11910
f 1630/1638/11911 1957/2278/11912 2031/2033/11913
f 2030/2030/11914 2031/2033/11915 1957/2278/11916
f 2084/2288/11917 2032/2272/11918 1970/2277/11919
f 1973/2283/11920 2032/2272/11921 1972/2165/11922
f 2132/2270/11923 1948/1863/11924 1952/1862/11925
f 1791/1696/11926 2105/2167/11927 2074/1697/11928
f 2036/2289/11929 1836/1591/11930 1976/1906/11931
f 1977/2134/11932 2034/1592/11933 1978/2077/11934
f 1762/2080/11935 2037/2293/11936 2035/2199/11937
f 2035/2199/11938 2037/2293/11939 2039/2078/11940
f 1976/1906/11941 2035/2199/11942 2036/2289/11943
f 2036/2289/11944 2035/2199/11945 1978/2077/11946
f 1896/2050/11947 2038/2052/11948 1762/2080/11949
f 2039/2078/11950 2037/2293/11951 1661/2237/11952
f 2038/2052/11953 2005/2152/11954 2247/2151/11955
f 2038/2052/11956 2037/2293/11957 1762/2080/11958
f 1898/2084/11959 2039/2078/11960 1661/2237/11961
f 1662/2082/11962 1663/2040/11963 2041/1913/11964
f 2041/1913/11965 2039/2078/11966 1662/2082/11967
f 2042/1914/11968 2040/2076/11969 2041/1913/11970
f 2041/1913/11971 1663/2040/11972 1660/1837/11973
f 2039/2078/11974 2041/1913/11975 2040/2076/11976
f 1478/1475/11977 2042/1914/11978 1476/1682/11979
f 1838/2079/11980 2040/2076/11981 2042/1914/11982
f 2044/2205/11983 2043/2068/11984 1552/2069/11985
f 2045/2206/11986 2043/2068/11987 1981/1958/11988
f 1983/2211/11989 2044/2205/11990 1552/2069/11991
f 2044/2205/11992 1573/2212/11993 2159/1956/11994
f 2045/2206/11995 1981/1958/11996 2046/1925/11997
f 1982/2230/11998 2045/2206/11999 1651/1924/12000
f 2158/1957/12001 2047/2306/12002 2046/1925/12003
f 2047/2306/12004 1502/2213/12005 2227/2232/12006
f 1884/1926/12007 2046/1925/12008 2047/2306/12009
f 2158/1957/12010 2046/1925/12011 1981/1958/12012
f 1861/2058/12013 1983/2211/12014 2048/1960/12015
f 1552/2069/12016 2048/1960/12017 1983/2211/12018
f 2208/2307/12019 2049/1951/12020 1860/1874/12021
f 1499/1937/12022 1572/1927/12023 2050/1952/12024
f 2161/1954/12025 1572/1927/12026 1569/1953/12027
f 1573/2212/12028 2049/1951/12029 2050/1952/12030
f 2052/2229/12031 2051/2228/12032 1886/2235/12033
f 1992/2219/12034 2051/2228/12035 1989/2236/12036
f 2052/2229/12037 1886/2235/12038 1888/1981/12039
f 2052/2229/12040 1878/2146/12041 2194/2234/12042
f 1878/2146/12043 2053/1841/12044 1879/1843/12045
f 1888/1981/12046 2053/1841/12047 2052/2229/12048
f 2194/2234/12049 2054/2290/12050 1989/2236/12051
f 2054/2290/12052 1575/2233/12053 2055/1967/12054
f 1575/2233/12055 2085/1968/12056 2055/1967/12057
f 2146/1966/12058 2085/1968/12059 1877/1969/12060
f 2054/2290/12061 2056/2222/12062 1993/2223/12063
f 2055/1967/12064 1874/1807/12065 2056/2222/12066
f 1727/2130/12067 2057/1904/12068 1834/2036/12069
f 1634/1653/12070 2057/1904/12071 2001/2132/12072
f 1827/2195/12073 2004/2125/12074 2058/1656/12075
f 2003/1657/12076 2058/1656/12077 2004/2125/12078
f 2031/2033/12079 2059/2032/12080 1630/1638/12081
f 2059/2032/12082 1720/2031/12083 2088/2308/12084
f 2088/2308/12085 1720/2031/12086 2090/2127/12087
f 2091/2201/12088 2229/1910/12089 2090/2127/12090
f 2061/1789/12091 1510/2243/12092 1777/1506/12093
f 2095/1768/12094 2061/1789/12095 1776/2242/12096
f 2106/2309/12097 2103/2297/12098 2139/2310/12099
f 1901/2238/12100 2097/2311/12101 1515/2240/12102
f 1776/2242/12103 1904/2092/12104 2064/1855/12105
f 2224/1854/12106 1595/1563/12107 1673/1491/12108
f 1595/1563/12109 2064/1855/12110 1481/1561/12111
f 1776/2242/12112 2064/1855/12113 2063/2294/12114
f 1603/1548/12115 2065/1773/12116 1520/2001/12117
f 2012/1774/12118 2065/1773/12119 1788/1996/12120
f 2068/2254/12121 2069/2249/12122 2066/2248/12123
f 1483/2244/12124 2070/2312/12125 2011/2158/12126
f 2072/2296/12127 2066/2248/12128 2070/2312/12129
f 1483/2244/12130 2014/2246/12131 2067/2247/12132
f 2066/2248/12133 2067/2247/12134 2068/2254/12135
f 2013/1772/12136 2068/2254/12137 2067/2247/12138
f 2129/2169/12139 2073/2313/12140 2074/1697/12141
f 2069/2249/12142 1516/2252/12143 2073/2313/12144
f 2076/2250/12145 2073/2313/12146 2077/2314/12147
f 2010/1987/12148 2103/2297/12149 1912/2157/12150
f 2101/2315/12151 2134/2161/12152 2097/2311/12153
f 2066/2248/12154 2076/2250/12155 2139/2310/12156
f 2066/2248/12157 2072/2296/12158 2067/2247/12159
f 2070/2312/12160 1483/2244/12161 2072/2296/12162
f 2074/1697/12163 2073/2313/12164 1516/2252/12165
f 2071/2316/12166 2077/2314/12167 2073/2313/12168
f 2104/1695/12169 2074/1697/12170 1516/2252/12171
f 2033/2317/12172 2105/2167/12173 1791/1696/12174
f 2098/2318/12175 2071/2316/12176 2126/2319/12177
f 2138/2320/12178 2106/2309/12179 2062/2295/12180
f 2073/2313/12181 2076/2250/12182 2069/2249/12183
f 2076/2250/12184 2075/2321/12185 2139/2310/12186
f 2140/2322/12187 2236/2323/12188 2106/2309/12189
f 2076/2250/12190 2077/2314/12191 2075/2321/12192
f 2078/2177/12193 1800/2008/12194 2082/2178/12195
f 2111/2324/12196 2078/2177/12197 2112/1769/12198
f 1806/2104/12199 1928/1919/12200 2081/2259/12201
f 2024/2105/12202 2079/2176/12203 2025/2175/12204
f 2234/2298/12205 2114/2261/12206 2115/2325/12207
f 2107/2302/12208 2080/2174/12209 2017/2262/12210
f 1498/2260/12211 2081/2259/12212 1928/1919/12213
f 2079/2176/12214 2081/2259/12215 2080/2174/12216
f 2024/2105/12217 2082/2178/12218 1926/1866/12219
f 2082/2178/12220 2025/2175/12221 2107/2302/12222
f 2084/2288/12223 2083/2166/12224 1972/2165/12225
f 1791/1696/12226 2083/2166/12227 2033/2317/12228
f 2131/2271/12229 2084/2288/12230 1970/2277/12231
f 2083/2166/12232 2084/2288/12233 2033/2317/12234
f 2187/1970/12235 2085/1968/12236 1575/2233/12237
f 1877/1969/12238 2225/2224/12239 2146/1966/12240
f 1576/2145/12241 2225/2224/12242 1877/1969/12243
f 2119/1808/12244 1874/1807/12245 2055/1967/12246
f 2004/2125/12247 2059/2032/12248 2088/2308/12249
f 2094/1912/12250 2060/2122/12251 2229/1910/12252
f 2060/2122/12253 2087/2124/12254 2088/2308/12255
f 2088/2308/12256 2087/2124/12257 2004/2125/12258
f 1769/2154/12259 1770/2153/12260 2120/2150/12261
f 1548/2126/12262 2087/2124/12263 2089/2123/12264
f 2091/2201/12265 2090/2127/12266 1494/2120/12267
f 2060/2122/12268 2088/2308/12269 2090/2127/12270
f 2091/2201/12271 1494/2120/12272 2121/2203/12273
f 1839/1979/12274 2093/2200/12275 1547/2136/12276
f 2228/2042/12277 2092/1911/12278 1840/2043/12279
f 2094/1912/12280 1769/2154/12281 2089/2123/12282
f 1840/2043/12283 2093/2200/12284 1839/1979/12285
f 2091/2201/12286 2093/2200/12287 2092/1911/12288
f 2060/2122/12289 2094/1912/12290 2089/2123/12291
f 2228/2042/12292 2094/1912/12293 2092/1911/12294
f 2063/2294/12295 2095/1768/12296 1776/2242/12297
f 2124/1762/12298 2095/1768/12299 2062/2295/12300
f 2096/2326/12301 2099/1763/12302 2236/2323/12303
f 2075/2321/12304 2077/2314/12305 2098/2318/12306
f 2125/2239/12307 1901/2238/12308 1774/2156/12309
f 2101/2315/12310 2097/2311/12311 2096/2326/12312
f 2077/2314/12313 2071/2316/12314 2098/2318/12315
f 2132/2270/12316 2133/2160/12317 1482/2286/12318
f 2096/2326/12319 2097/2311/12320 2099/1763/12321
f 2099/1763/12322 2097/2311/12323 2125/2239/12324
f 2101/2315/12325 2098/2318/12326 2126/2319/12327
f 2128/2327/12328 1482/2286/12329 2133/2160/12330
f 2098/2318/12331 2101/2315/12332 2096/2326/12333
f 2101/2315/12334 2100/2162/12335 2134/2161/12336
f 2102/1988/12337 1912/2157/12338 2138/2320/12339
f 2102/1988/12340 2063/2294/12341 2224/1854/12342
f 2011/2158/12343 2070/2312/12344 2103/2297/12345
f 2103/2297/12346 2070/2312/12347 2139/2310/12348
f 1916/1997/12349 2104/1695/12350 1516/2252/12351
f 1791/1696/12352 2104/1695/12353 1785/1995/12354
f 2033/2317/12355 2130/2287/12356 2105/2167/12357
f 1482/2286/12358 2128/2327/12359 2127/2168/12360
f 2106/2309/12361 1912/2157/12362 2103/2297/12363
f 2098/2318/12364 2140/2322/12365 2075/2321/12366
f 2017/2262/12367 2078/2177/12368 2107/2302/12369
f 2082/2178/12370 2107/2302/12371 2078/2177/12372
f 2108/1771/12373 2111/2324/12374 2112/1769/12375
f 2169/2257/12376 2153/2184/12377 2166/2305/12378
f 1923/1877/12379 2110/2258/12380 2109/1875/12381
f 2111/2324/12382 1922/2171/12383 2078/2177/12384
f 1921/2003/12385 2110/2258/12386 1923/1877/12387
f 2111/2324/12388 2110/2258/12389 1922/2171/12390
f 2108/1771/12391 2109/1875/12392 2111/2324/12393
f 2111/2324/12394 2109/1875/12395 2110/2258/12396
f 2017/2262/12397 2115/2325/12398 2114/2261/12399
f 2169/2257/12400 2117/1770/12401 2116/2328/12402
f 2232/2180/12403 2141/2329/12404 2233/2330/12405
f 2144/2187/12406 2152/2331/12407 2155/2183/12408
f 2115/2325/12409 2017/2262/12410 2080/2174/12411
f 2113/2299/12412 2233/2330/12413 2142/2332/12414
f 1498/2260/12415 2235/2333/12416 2080/2174/12417
f 1932/1879/12418 2230/2056/12419 2234/2298/12420
f 2142/2332/12421 2118/2334/12422 2113/2299/12423
f 2116/2328/12424 2171/2335/12425 2169/2257/12426
f 2112/1769/12427 2114/2261/12428 2117/1770/12429
f 2118/2334/12430 2114/2261/12431 2113/2299/12432
f 2116/2328/12433 2117/1770/12434 2118/2334/12435
f 2114/2261/12436 2118/2334/12437 2117/1770/12438
f 2086/2226/12439 2147/2231/12440 2119/1808/12441
f 2162/2215/12442 2147/2231/12443 1502/2213/12444
f 2120/2150/12445 2089/2123/12446 1769/2154/12447
f 2247/2151/12448 2120/2150/12449 1764/2083/12450
f 1494/2120/12451 2122/2118/12452 2121/2203/12453
f 2121/2203/12454 2122/2118/12455 2183/2117/12456
f 1718/1909/12457 2122/2118/12458 1494/2120/12459
f 2186/1894/12460 2183/2117/12461 2122/2118/12462
f 1547/2136/12463 2091/2201/12464 2123/2202/12465
f 2121/2203/12466 2123/2202/12467 2091/2201/12468
f 2236/2323/12469 2062/2295/12470 2106/2309/12471
f 2099/1763/12472 2124/1762/12473 2236/2323/12474
f 1901/2238/12475 2125/2239/12476 2097/2311/12477
f 2008/1836/12478 2125/2239/12479 1774/2156/12480
f 2126/2319/12481 2071/2316/12482 2127/2168/12483
f 2101/2315/12484 2126/2319/12485 2100/2162/12486
f 2129/2169/12487 2127/2168/12488 2071/2316/12489
f 2130/2287/12490 2127/2168/12491 2105/2167/12492
f 2100/2162/12493 2126/2319/12494 2128/2327/12495
f 2127/2168/12496 2128/2327/12497 2126/2319/12498
f 2073/2313/12499 2129/2169/12500 2071/2316/12501
f 2105/2167/12502 2129/2169/12503 2074/1697/12504
f 2084/2288/12505 2131/2271/12506 2033/2317/12507
f 2127/2168/12508 2130/2287/12509 1482/2286/12510
f 2033/2317/12511 2131/2271/12512 2130/2287/12513
f 1970/2277/12514 1948/1863/12515 2131/2271/12516
f 2128/2327/12517 2133/2160/12518 2100/2162/12519
f 1482/2286/12520 2131/2271/12521 2132/2270/12522
f 1950/2275/12523 2135/2269/12524 2132/2270/12525
f 1515/2240/12526 2097/2311/12527 2134/2161/12528
f 2133/2160/12529 2135/2269/12530 2134/2161/12531
f 1950/2275/12532 2136/2241/12533 2135/2269/12534
f 2132/2270/12535 2135/2269/12536 2133/2160/12537
f 1950/2275/12538 2191/2251/12539 2136/2241/12540
f 2137/2159/12541 1783/1989/12542 1597/2095/12543
f 1515/2240/12544 2134/2161/12545 2136/2241/12546
f 1515/2240/12547 2137/2159/12548 1902/2091/12549
f 1783/1989/12550 2137/2159/12551 2136/2241/12552
f 2102/1988/12553 2138/2320/12554 2062/2295/12555
f 1912/2157/12556 2106/2309/12557 2138/2320/12558
f 2139/2310/12559 2070/2312/12560 2066/2248/12561
f 2140/2322/12562 2139/2310/12563 2075/2321/12564
f 2236/2323/12565 2098/2318/12566 2096/2326/12567
f 2139/2310/12568 2140/2322/12569 2106/2309/12570
f 2118/2334/12571 2142/2332/12572 2116/2328/12573
f 2233/2330/12574 2230/2056/12575 2232/2180/12576
f 2143/2336/12577 2141/2329/12578 2151/2179/12579
f 2142/2332/12580 2141/2329/12581 2143/2336/12582
f 1529/2108/12583 2144/2187/12584 2143/2336/12585
f 2154/2185/12586 2153/2184/12587 2171/2335/12588
f 1529/2108/12589 1811/1525/12590 2145/2186/12591
f 2152/2331/12592 2144/2187/12593 1817/2181/12594
f 2145/2186/12595 1818/1524/12596 1819/2016/12597
f 1529/2108/12598 2145/2186/12599 2144/2187/12600
f 2086/2226/12601 2119/1808/12602 2146/1966/12603
f 2055/1967/12604 2146/1966/12605 2119/1808/12606
f 2227/2232/12607 2147/2231/12608 2086/2226/12609
f 2164/2217/12610 1502/2213/12611 2156/1948/12612
f 2149/1859/12613 1867/2142/12614 1869/2216/12615
f 2150/1809/12616 1574/1861/12617 1874/1807/12618
f 2150/1809/12619 2149/1859/12620 1574/1861/12621
f 2148/2214/12622 2164/2217/12623 2149/1859/12624
f 2162/2215/12625 2119/1808/12626 2147/2231/12627
f 2150/1809/12628 2162/2215/12629 2149/1859/12630
f 2143/2336/12631 2151/2179/12632 1529/2108/12633
f 2232/2180/12634 2151/2179/12635 2141/2329/12636
f 2199/2337/12637 1817/2181/12638 2198/2182/12639
f 2152/2331/12640 1490/2338/12641 2166/2305/12642
f 2167/2264/12643 2163/2304/12644 2166/2305/12645
f 2154/2185/12646 2116/2328/12647 2142/2332/12648
f 2142/2332/12649 2143/2336/12650 2154/2185/12651
f 2143/2336/12652 2144/2187/12653 2155/2183/12654
f 2153/2184/12655 2155/2183/12656 2152/2331/12657
f 2143/2336/12658 2155/2183/12659 2154/2185/12660
f 2047/2306/12661 2158/1957/12662 2160/2339/12663
f 2157/1949/12664 1569/1953/12665 1570/1943/12666
f 1551/1839/12667 2157/1949/12668 1570/1943/12669
f 2157/1949/12670 2156/1948/12671 2158/1957/12672
f 2044/2205/12673 2159/1956/12674 1981/1958/12675
f 2158/1957/12676 2156/1948/12677 2160/2339/12678
f 2161/1954/12679 2159/1956/12680 1573/2212/12681
f 2157/1949/12682 2158/1957/12683 2159/1956/12684
f 2156/1948/12685 1502/2213/12686 2160/2339/12687
f 2047/2306/12688 2160/2339/12689 1502/2213/12690
f 2050/1952/12691 2161/1954/12692 1573/2212/12693
f 2157/1949/12694 2161/1954/12695 1569/1953/12696
f 2149/1859/12697 2162/2215/12698 2148/2214/12699
f 2119/1808/12700 2162/2215/12701 2150/1809/12702
f 2168/2303/12703 2163/2304/12704 2167/2264/12705
f 2170/2256/12706 2237/2340/12707 1797/1876/12708
f 1502/2213/12709 2164/2217/12710 2148/2214/12711
f 2165/1950/12712 2164/2217/12713 2156/1948/12714
f 1868/1838/12715 2165/1950/12716 1551/1839/12717
f 2165/1950/12718 1867/2142/12719 2164/2217/12720
f 2152/2331/12721 2166/2305/12722 2153/2184/12723
f 2167/2264/12724 2166/2305/12725 1490/2338/12726
f 2167/2264/12727 1490/2338/12728 2204/2265/12729
f 2168/2303/12730 2167/2264/12731 2027/2263/12732
f 1528/1868/12733 2168/2303/12734 2027/2263/12735
f 2237/2340/12736 2168/2303/12737 2021/2300/12738
f 2168/2303/12739 2237/2340/12740 2163/2304/12741
f 2117/1770/12742 2169/2257/12743 2108/1771/12744
f 2108/1771/12745 2170/2256/12746 2109/1875/12747
f 2169/2257/12748 2163/2304/12749 2237/2340/12750
f 2154/2185/12751 2171/2335/12752 2116/2328/12753
f 2153/2184/12754 2169/2257/12755 2171/2335/12756
f 1712/2114/12757 2173/2280/12758 2172/1903/12759
f 2173/2280/12760 2174/2284/12761 2172/1903/12762
f 1959/2115/12763 2173/2280/12764 1712/2114/12765
f 2174/2284/12766 2173/2280/12767 1830/2279/12768
f 1830/2279/12769 2175/2341/12770 2179/2285/12771
f 2174/2284/12772 1966/2193/12773 2178/2281/12774
f 1959/2115/12775 2176/2268/12776 1830/2279/12777
f 2175/2341/12778 2177/2196/12779 2238/2276/12780
f 1944/1630/12781 2176/2268/12782 1491/1631/12783
f 1830/2279/12784 2176/2268/12785 2175/2341/12786
f 1951/2273/12787 2177/2196/12788 1953/1792/12789
f 2176/2268/12790 2177/2196/12791 2175/2341/12792
f 1966/2193/12793 1968/2192/12794 2239/2282/12795
f 2172/1903/12796 2178/2281/12797 1543/1901/12798
f 1830/2279/12799 2179/2285/12800 2174/2284/12801
f 2179/2285/12802 2175/2341/12803 2238/2276/12804
f 1758/2087/12805 2180/1810/12806 1479/1643/12807
f 1760/1844/12808 2180/1810/12809 1754/2148/12810
f 2181/2121/12811 1632/1731/12812 2193/2128/12813
f 2239/2282/12814 2181/2121/12815 1543/1901/12816
f 1427/1612/12817 2182/1474/12818 1426/1476/12819
f 1977/2134/12820 2182/1474/12821 1729/1608/12822
f 2121/2203/12823 2183/2117/12824 1842/2044/12825
f 2186/1894/12826 2122/2118/12827 1715/1908/12828
f 2192/1902/12829 2184/2116/12830 1719/1896/12831
f 1638/2047/12832 2184/2116/12833 1961/2048/12834
f 1843/2046/12835 2185/2045/12836 1638/2047/12837
f 1842/2044/12838 2183/2117/12839 2185/2045/12840
f 1717/1895/12841 2186/1894/12842 1715/1908/12843
f 2184/2116/12844 2186/1894/12845 1719/1896/12846
f 1878/2146/12847 2187/1970/12848 1575/2233/12849
f 2188/1971/12850 2187/1970/12851 1649/2066/12852
f 1749/1811/12853 2188/1971/12854 1649/2066/12855
f 1877/1969/12856 2188/1971/12857 1876/2067/12858
f 1911/1541/12859 2189/1549/12860 1484/1551/12861
f 2189/1549/12862 1907/2245/12863 1908/1531/12864
f 1550/1462/12865 2190/1878/12866 1931/2204/12867
f 2234/2298/12868 2190/1878/12869 1932/1879/12870
f 2136/2241/12871 2191/2251/12872 1783/1989/12873
f 1952/1862/12874 2191/2251/12875 1950/2275/12876
f 2172/1903/12877 2192/1902/12878 1719/1896/12879
f 2181/2121/12880 2192/1902/12881 1543/1901/12882
f 1960/2049/12883 2193/2128/12884 1723/1899/12885
f 2181/2121/12886 2193/2128/12887 1961/2048/12888
f 2054/2290/12889 2194/2234/12890 1575/2233/12891
f 2052/2229/12892 2194/2234/12893 1989/2236/12894
f 1645/1788/12895 2195/2010/12896 1935/1932/12897
f 1809/2060/12898 2195/2010/12899 1936/2106/12900
f 2199/2337/12901 2152/2331/12902 1817/2181/12903
f 2204/2265/12904 2199/2337/12905 2200/2342/12906
f 2202/1933/12907 2209/2343/12908 2210/1934/12909
f 2200/2342/12910 2197/2188/12911 2202/1933/12912
f 1530/2015/12913 2198/2182/12914 1819/2016/12915
f 2199/2337/12916 2198/2182/12917 2197/2188/12918
f 2200/2342/12919 2199/2337/12920 2197/2188/12921
f 2152/2331/12922 2199/2337/12923 1490/2338/12924
f 2197/2188/12925 2209/2343/12926 2202/1933/12927
f 2204/2265/12928 2200/2342/12929 2196/2344/12930
f 2208/2307/12931 2203/1873/12932 2207/1935/12933
f 2202/1933/12934 2245/2209/12935 2200/2342/12936
f 2215/2021/12937 2209/2343/12938 2197/2188/12939
f 2241/2345/12940 2246/1883/12941 2203/1873/12942
f 1553/1665/12943 2241/2345/12944 1862/1666/12945
f 2246/1883/12946 2241/2345/12947 2240/2207/12948
f 2196/2344/12949 2244/2266/12950 2204/2265/12951
f 1490/2338/12952 2199/2337/12953 2204/2265/12954
f 1530/2015/12955 1815/1765/12956 2206/1942/12957
f 2210/1934/12958 2205/2346/12959 2212/2347/12960
f 1620/1767/12961 2219/2023/12962 2216/1941/12963
f 2216/1941/12964 2217/2024/12965 2218/2348/12966
f 2201/1884/12967 2210/1934/12968 2213/2349/12969
f 1499/1937/12970 2049/1951/12971 2208/2307/12972
f 2203/1873/12973 2208/2307/12974 1860/1874/12975
f 1499/1937/12976 2208/2307/12977 2207/1935/12978
f 2215/2021/12979 2197/2188/12980 1530/2015/12981
f 2209/2343/12982 2205/2346/12983 2210/1934/12984
f 2211/2350/12985 2220/2020/12986 2218/2348/12987
f 2213/2349/12988 2210/1934/12989 2212/2347/12990
f 1566/1510/12991 2214/2351/12992 1554/1508/12993
f 2218/2348/12994 2214/2351/12995 2211/2350/12996
f 2205/2346/12997 2215/2021/12998 2220/2020/12999
f 2213/2349/13000 2212/2347/13001 2211/2350/13002
f 2214/2351/13003 2222/1955/13004 2211/2350/13005
f 2213/2349/13006 2207/1935/13007 2201/1884/13008
f 1566/1510/13009 1565/1947/13010 2214/2351/13011
f 2214/2351/13012 1565/1947/13013 2222/1955/13014
f 2209/2343/13015 2215/2021/13016 2205/2346/13017
f 1530/2015/13018 2206/1942/13019 2215/2021/13020
f 2217/2024/13021 1621/2022/13022 1623/1946/13023
f 1554/1508/13024 2218/2348/13025 2217/2024/13026
f 1554/1508/13027 2214/2351/13028 2218/2348/13029
f 1621/2022/13030 2217/2024/13031 2216/1941/13032
f 2220/2020/13033 2211/2350/13034 2212/2347/13035
f 2206/1942/13036 2216/1941/13037 2218/2348/13038
f 1704/1880/13039 2219/2023/13040 1620/1767/13041
f 1621/2022/13042 2219/2023/13043 1705/2019/13044
f 2205/2346/13045 2220/2020/13046 2212/2347/13047
f 2206/1942/13048 2218/2348/13049 2220/2020/13050
f 2207/1935/13051 2213/2349/13052 2221/1936/13053
f 2211/2350/13054 2222/1955/13055 2213/2349/13056
f 2223/1928/13057 2222/1955/13058 1565/1947/13059
f 2213/2349/13060 2222/1955/13061 2221/1936/13062
f 1571/1929/13063 2223/1928/13064 1565/1947/13065
f 1499/1937/13066 2223/1928/13067 1572/1927/13068
f 2224/1854/13069 1514/1710/13070 2010/1987/13071
f 2064/1855/13072 2224/1854/13073 2063/2294/13074
f 2226/2225/13075 2225/2224/13076 1576/2145/13077
f 2146/1966/13078 2225/2224/13079 2086/2226/13080
f 1885/1930/13081 2226/2225/13082 1576/2145/13083
f 2047/2306/13084 2227/2232/13085 1884/1926/13086
f 2086/2226/13087 2226/2225/13088 2227/2232/13089
f 2227/2232/13090 2226/2225/13091 1884/1926/13092
f 1770/2153/13093 2228/2042/13094 1637/2041/13095
f 2094/1912/13096 2228/2042/13097 1769/2154/13098
f 2090/2127/13099 2229/1910/13100 2060/2122/13101
f 2091/2201/13102 2092/1911/13103 2229/1910/13104
f 2231/1918/13105 2232/2180/13106 2230/2056/13107
f 2113/2299/13108 2114/2261/13109 2234/2298/13110
f 2231/1918/13111 1932/1879/13112 1737/1916/13113
f 2232/2180/13114 2231/1918/13115 1642/2267/13116
f 1941/2110/13117 2232/2180/13118 1642/2267/13119
f 2151/2179/13120 2232/2180/13121 1813/2109/13122
f 2142/2332/13123 2233/2330/13124 2141/2329/13125
f 2113/2299/13126 2230/2056/13127 2233/2330/13128
f 2115/2325/13129 2235/2333/13130 2234/2298/13131
f 2235/2333/13132 2190/1878/13133 2234/2298/13134
f 2080/2174/13135 2235/2333/13136 2115/2325/13137
f 2190/1878/13138 2235/2333/13139 1498/2260/13140
f 2236/2323/13141 2124/1762/13142 2062/2295/13143
f 2098/2318/13144 2236/2323/13145 2140/2322/13146
f 1797/1876/13147 2237/2340/13148 2021/2300/13149
f 2169/2257/13150 2237/2340/13151 2170/2256/13152
f 1951/2273/13153 1969/2194/13154 2238/2276/13155
f 2179/2285/13156 2238/2276/13157 1969/2194/13158
f 1965/2198/13159 2239/2282/13160 1968/2192/13161
f 2239/2282/13162 1832/2129/13163 2181/2121/13164
f 1935/1932/13165 2242/2208/13166 1553/1665/13167
f 2243/2210/13168 2240/2207/13169 1934/2012/13170
f 1862/1666/13171 2241/2345/13172 2203/1873/13173
f 2242/2208/13174 2241/2345/13175 1553/1665/13176
f 1934/2012/13177 2242/2208/13178 1935/1932/13179
f 2241/2345/13180 2242/2208/13181 2240/2207/13182
f 2244/2266/13183 1934/2012/13184 2028/2301/13185
f 2245/2209/13186 2243/2210/13187 2196/2344/13188
f 2027/2263/13189 2244/2266/13190 2028/2301/13191
f 2196/2344/13192 2243/2210/13193 2244/2266/13194
f 2200/2342/13195 2245/2209/13196 2196/2344/13197
f 2246/1883/13198 2202/1933/13199 2201/1884/13200
f 2243/2210/13201 2246/1883/13202 2240/2207/13203
f 2202/1933/13204 2246/1883/13205 2245/2209/13206
f 1898/2084/13207 2247/2151/13208 1764/2083/13209
f 2038/2052/13210 2247/2151/13211 1661/2237/13212
