# This file uses meters as units for non-parametric coordinates.

mtllib Clothes1.mtl
g default
v -42.836639 19.489206 234.158478
v -15.486389 34.630600 232.258575
v 12.667664 33.266506 228.705170
v 10.546997 40.392529 209.183441
v 30.508179 40.268490 185.277191
v 31.620605 52.136375 161.660919
v 16.838318 75.960487 148.330475
v 48.119629 77.527527 143.619720
v 75.728027 71.386093 146.284943
v 94.947571 77.936897 139.904938
v 116.517334 95.642082 127.160431
v 147.143494 93.949966 133.941071
v 175.144043 85.091713 145.036713
v 194.896301 64.808723 157.013641
v 191.515320 41.061100 139.362640
v 180.271240 20.840631 120.881073
v 153.096863 16.476307 103.211517
v 132.580139 1.908896 117.154694
v 120.942688 18.414856 101.786224
v 98.266785 3.950028 119.144867
v 88.544434 20.890020 115.596283
v 82.817810 50.136784 107.098236
v 68.409729 65.847839 110.742889
v 41.132080 56.303024 112.824554
v 10.560730 58.254208 107.187897
v 13.692627 39.605770 95.149750
v -0.537292 38.697231 121.649933
v -2.697754 55.905434 146.702423
v -57.609283 21.454786 212.312897
v -67.269135 7.709205 189.788483
v -77.049438 6.590185 162.244843
v -84.038025 6.735961 133.512543
v -87.917633 1.908896 160.034027
v -83.646790 1.908896 188.193878
v -79.307373 1.908896 216.541473
v -74.782288 1.908896 244.964203
v -67.929871 6.517329 265.494904
v -51.999512 21.685877 249.798126
v -35.492676 10.934414 234.786041
v -28.282593 6.146022 209.754303
v -16.232056 8.522956 194.998749
v -18.817871 13.674202 208.328827
v -22.940369 20.507566 216.816376
v 57.368225 16.754599 215.253510
v 80.325623 1.908896 176.257721
v 14.039856 18.820240 142.430878
v 17.265747 20.068214 216.902618
v 9.936829 7.823586 223.289215
v -1.288269 1.908896 189.579559
v -28.280945 5.673355 160.533234
v -5.651001 27.126526 224.104095
v -13.340454 5.699494 209.338715
v -12.312256 20.652475 270.510712
v -42.659180 1.867460 195.764496
v -52.268127 5.708390 169.476227
v -34.272766 1.908896 135.711945
v 8.123474 16.846277 204.186981
v -2.679626 15.367952 233.508270
v -15.824036 9.226205 241.451263
v -34.424072 11.812786 272.335968
v -64.636627 1.908896 199.537750
v -58.069000 1.908896 168.470795
v -49.070129 1.908896 226.802765
v -28.919312 13.375038 193.857147
v -50.247986 11.959758 136.436920
v -9.103760 24.308498 205.781281
v 24.330200 30.518888 230.965240
v 3.120789 30.622616 239.804169
v -22.374207 15.931980 232.987762
v -26.859863 6.258978 224.386322
v -26.567566 25.762884 254.410980
v -50.231506 11.411498 266.354034
v -47.354675 7.825178 188.266449
v -66.475616 1.908896 141.198334
v -67.830933 11.833236 145.555023
v 16.757080 14.001004 233.533905
v -48.785492 1.908896 150.061493
v -20.845276 1.908896 164.630829
v 35.184692 71.841713 158.270416
v 67.527405 70.865128 193.198517
v 62.109619 72.205299 169.634369
v 12.672485 57.398888 156.829437
v 42.378235 34.063248 154.788788
v 19.792175 43.809719 162.777008
v 94.453064 70.627464 224.174408
v 69.235046 42.190235 120.214813
v 95.795959 45.653011 177.513763
v 27.125732 14.479997 189.912689
v 32.406799 12.698793 214.370880
v 9.428894 19.022331 248.460358
v -18.075134 1.908896 217.210907
v -3.108398 29.690300 203.892548
v -20.211548 7.454088 129.518707
v 19.440979 47.211174 229.148224
v 46.419678 51.876884 214.099762
v -26.619812 14.212815 238.801544
v 33.080872 1.908896 142.301849
v -22.923157 1.908896 186.418976
v 99.545715 62.744911 172.938019
v 43.398438 58.821716 176.012177
v 33.077576 61.497719 199.564178
v 29.236023 55.707546 217.707245
v 51.623352 67.231583 203.574554
v 80.084656 72.202965 166.325165
v 66.256531 81.538361 155.161957
v 39.282471 33.094128 125.102203
v 27.175781 22.454832 181.844757
v 18.055420 42.409069 140.084320
v 28.118713 41.372467 174.814056
v 113.476196 99.620888 183.519867
v 136.626404 26.911900 185.301361
v 37.184021 51.768711 146.778229
v 73.259949 64.590309 149.086334
v 106.192566 34.868092 152.244049
v 29.130798 33.212147 207.618988
v 41.325745 15.578987 210.963409
v 65.105652 30.277332 214.365997
v 22.739319 26.983805 206.356171
v 37.035889 16.057432 236.074554
v 2.606262 6.680756 240.937958
v 45.889465 37.233318 258.275787
v -36.242310 1.908896 213.330048
v -24.834473 2.583577 250.199860
v -50.631409 2.241986 255.626801
v -26.139832 29.103161 211.681305
v -1.879272 37.173035 220.602631
v -1.223083 9.199647 181.425995
v -38.025940 5.597724 124.759491
v -33.332092 5.687048 142.271210
v -7.165588 10.716416 149.699005
v 9.274414 1.908896 161.115204
v 100.771790 71.163391 155.030853
v 100.229065 93.286476 153.816132
v 107.560364 75.367630 146.299896
v 19.352722 25.257690 114.407562
v 27.400696 35.927101 120.277130
v 20.856018 23.852690 137.655487
v 35.777161 29.923874 106.298981
v 47.155151 49.575897 110.802460
v 40.936646 45.143028 130.414703
v 17.306580 29.971483 192.491913
v 28.112061 29.836876 165.357880
v 11.691162 49.450077 156.642975
v 125.909668 104.466560 154.955902
v 144.685486 68.603851 165.575592
v 145.849609 22.786827 144.374969
v 23.706238 62.334782 128.742828
v 49.147644 73.557465 139.509308
v 69.489624 60.777058 125.299896
v 86.724976 42.972183 140.243317
v 95.326538 18.352919 136.903778
v 118.899963 28.768379 127.364777
v 44.427307 30.833946 221.980804
v 80.231873 53.612232 210.074371
v 27.325439 55.088093 238.549774
v 35.398315 2.176778 231.091949
v -30.533997 1.943320 231.779877
v -3.844116 11.471715 271.718048
v 9.094177 20.823093 191.909698
v 17.891418 15.351410 167.301849
v 46.228210 13.411142 163.797333
v -20.141052 7.320923 177.865326
v -8.364502 1.908896 141.192047
v 42.703125 1.908896 178.880707
v 14.825256 41.213963 108.593231
v 116.660522 98.685974 146.023407
v 108.569031 105.879654 165.232819
v 152.180664 92.416954 162.683807
v 171.309143 75.085243 164.929535
v 163.514160 46.138397 148.999603
v 177.092957 57.817097 158.199127
v 159.120544 20.696535 124.812592
v 170.358398 23.224714 143.890472
v 148.727478 6.207604 128.790314
v 52.813416 67.064865 122.509186
v 87.538391 38.597198 121.417572
v 110.380920 15.840519 117.859650
v 131.771912 21.142834 122.639069
v 123.337891 11.986775 170.001373
v 126.961609 12.313324 142.344635
v 137.026245 10.039217 160.987701
v 123.092529 33.139984 155.555573
v 115.047729 31.095184 175.499420
v 82.861877 26.132652 167.055206
v 110.566711 51.143097 167.337799
v 87.636780 59.239006 166.882233
v 57.599182 38.683788 159.821259
v 61.533813 61.227215 166.363739
v 61.564331 46.815865 145.781036
v 101.261658 33.456848 159.109833
v 73.130798 46.957951 174.277863
v 52.236084 57.988060 157.190033
v 106.341736 11.026803 172.295807
v 78.063904 37.449020 168.474152
v 96.569824 16.612043 164.076447
v 113.166809 14.772988 172.623383
v 90.353210 48.095192 159.680695
v 76.975281 30.405270 210.891632
v 51.594971 43.508488 222.763947
v 85.561523 48.229347 200.250275
v 24.090271 33.541996 240.241974
v 11.440735 38.405998 261.267853
v 4.887512 2.203884 239.370758
v -19.454834 21.247797 279.142303
v -21.235779 5.533522 268.738068
v 44.592529 19.570553 183.363068
v 49.237244 26.271301 147.077362
v 58.279541 27.789816 111.889984
v 60.687439 45.552212 103.794342
v 29.789734 1.908896 162.730133
v 133.323608 96.186096 173.904816
v 147.877380 5.216224 111.988556
v 138.244812 2.673651 143.174103
v 138.303650 26.926903 163.991302
v 147.444214 31.480885 154.620636
v 143.581787 52.779026 151.201324
v 125.895813 61.875031 191.789093
v 131.786133 61.677078 169.938324
v 121.672424 79.855652 181.151215
v 135.498291 46.493004 174.604095
v 97.792480 84.938843 197.785431
v 107.525085 30.459343 196.798920
v 147.613525 35.110828 173.170868
v 118.865784 32.481209 179.204681
v 111.393982 13.088895 184.697906
v 94.969238 29.818577 189.100311
v 127.277527 13.425752 178.692169
v 58.430603 78.590851 220.760040
v 52.412781 25.842243 228.606720
v 98.102600 59.761089 195.970184
v 72.694702 81.629570 192.457916
v 86.782410 100.800354 181.426544
v 94.026123 83.122955 180.104767
v 80.061096 94.578857 207.229156
v 84.631042 55.571270 180.197540
v 66.764282 50.900303 207.685760
v -4.029175 30.383396 257.240631
v 1.879456 31.456039 274.877533
v 25.807922 16.122044 265.519562
v 28.561951 50.601013 255.467316
v 54.305115 63.715450 245.200531
v 7.320435 1.908896 213.872589
v 23.335022 1.908896 194.787201
v 49.403015 1.908896 206.453705
v 61.757385 1.908896 188.548981
v 87.136902 8.324074 211.832123
v 66.186157 4.908103 231.796173
v -6.068298 4.196263 255.207367
v 52.486633 19.805805 154.121918
v 35.096375 19.702650 147.805389
v 40.259827 7.397177 136.700287
v 51.576294 35.736988 128.453705
v 109.531616 69.444122 206.600800
v 99.915771 50.450108 211.967255
v 109.416992 49.463654 194.006073
v 81.111694 44.032261 239.783661
v 88.763977 52.892414 225.425323
v 42.754517 63.569199 223.207977
v 59.780701 66.554321 207.740448
v 77.213318 83.759956 226.214996
v 23.863708 4.507579 248.493134
v 84.930115 20.596508 190.138336
v 87.565979 4.412197 192.180084
v 73.164307 20.775654 180.302887
v 69.812256 2.423777 211.300812
v 31.593079 9.014215 154.826263
v 25.986023 15.214045 110.097565
v 63.614258 45.509312 250.098236
v 62.882996 19.955425 251.345612
v 84.972839 20.232990 231.853668
v 25.299561 16.770864 123.856598
v 42.265747 16.164978 110.792511
v 1.048401 15.732207 117.593536
v 58.887573 12.119431 117.818207
v 12.131409 1.908896 125.180328
v -14.004944 3.649492 120.312347
v 88.791626 25.409779 210.570465
v 101.023621 31.831001 221.981537
v 99.600830 30.826921 206.445099
v 60.347717 1.908896 154.811981
v 66.878479 24.461323 156.571381
v 53.253601 3.556414 135.641083
v 71.538452 9.646035 162.338104
v 74.701111 28.120373 149.521088
v 57.642334 28.871855 134.418610
v 70.535706 36.007580 140.809723
v 66.732483 14.838691 139.058441
v 75.674988 65.080902 238.508392
v -79.377289 8.383530 -198.923798
v -61.324402 32.247334 -195.298126
v -38.588928 43.596878 -177.694244
v -14.917175 48.223625 -158.004669
v 6.414551 43.878834 -142.906799
v 14.229309 44.301548 -136.107391
v 18.258545 69.886162 -118.497864
v 46.641907 64.843437 -131.214783
v 75.571106 54.346165 -138.059174
v 106.068176 50.033100 -144.181305
v 136.641785 50.432724 -142.501373
v 157.132385 33.299141 -126.693359
v 173.159485 9.034207 -126.656494
v 186.478088 1.910271 -109.596069
v 196.275391 1.914623 -79.706299
v 198.618103 11.466882 -54.665131
v 179.588867 34.695000 -46.396667
v 166.108337 25.928158 -70.265320
v 147.011841 24.993397 -92.060822
v 121.801758 39.969303 -87.377411
v 96.526794 54.004414 -89.232391
v 70.624634 70.160706 -96.369171
v 40.189331 76.889458 -98.902039
v 10.362122 71.716263 -93.364868
v -15.707458 57.979313 -81.520233
v -25.759521 60.511887 -61.567474
v -25.565247 57.237240 -92.753571
v -9.185913 61.077705 -106.992004
v -61.911926 1.908896 -180.409973
v -35.513977 1.908896 -175.594055
v -12.506287 1.908896 -158.354492
v 10.501404 1.908896 -141.066559
v 33.469360 1.908896 -123.625031
v 56.081909 1.908896 -105.633575
v 52.796448 5.431485 -87.541962
v 45.981689 5.308603 -107.145233
v 31.290588 5.744378 -81.660400
v 17.100464 5.617653 -76.240234
v 2.681946 5.766980 -100.924561
v -12.241943 10.981816 -124.528351
v -25.019226 5.663161 -148.848663
v -37.330261 7.487621 -174.249207
v -58.654114 3.700116 -183.796509
v -69.921570 37.194984 -94.427032
v 57.842285 12.864295 -39.997742
v 34.142090 13.437918 -118.877106
v -62.129883 33.150337 -146.981232
v -32.034851 5.561557 -109.332306
v 8.602173 18.339518 -49.887482
v -7.957153 16.756739 -128.485626
v -51.594727 18.002039 -167.017426
v -15.407166 1.908896 -130.997498
v 10.628113 1.908896 -70.982758
v 24.561707 16.690372 -76.540894
v -31.903992 15.109182 -126.360992
v -26.250000 15.207032 -177.844055
v -13.007935 25.355423 -74.127930
v -45.393585 8.328783 -137.995361
v -67.679321 38.735668 -174.419342
v 0.119629 1.908896 -102.077545
v 46.515442 1.908896 -69.983063
v 26.471741 13.180560 -95.475830
v -2.570679 10.954582 -78.807190
v 45.920654 18.030556 -78.695557
v -52.830383 25.824121 -176.280762
v -42.265656 4.793773 -157.168854
v -58.629822 43.011963 -148.601013
v -59.303345 41.414970 -176.337982
v -72.949402 22.850164 -185.558044
v 3.036011 1.908896 -122.128998
v 28.753540 1.908896 -94.270233
v 58.422729 1.908896 -85.963501
v 13.601196 7.290241 -74.265381
v -10.390808 7.712247 -76.842773
v 49.907349 12.834924 -89.643311
v -75.222321 43.326912 -157.114899
v 6.035645 54.032734 -118.920654
v -26.787292 21.267918 -108.448212
v -8.073730 31.719582 -108.357330
v 36.280334 38.367851 -163.651093
v 28.241516 57.428539 -130.719696
v 40.760071 54.526684 -149.541138
v -21.270874 66.950775 -55.895081
v 107.905518 17.056396 -104.847076
v 99.972290 32.916920 -21.548706
v 83.935974 2.068671 -153.233978
v -28.504395 27.958895 -151.448853
v -44.151459 18.250452 -153.218872
v -32.872192 23.711521 -197.308197
v -20.817993 12.332793 -100.615021
v -20.752930 8.708881 -98.096039
v -54.416687 21.895523 -113.815399
v -22.069580 6.639511 -77.236908
v 4.160706 16.904030 -69.318573
v 29.318909 17.622665 -54.411896
v -52.687164 15.305685 -198.196655
v -36.958862 43.617912 -154.664551
v -43.033173 45.243351 -126.341553
v 18.833191 1.908896 -110.943726
v -15.374084 24.139128 -64.527679
v -1.256470 28.652241 -129.684174
v -18.964172 41.793060 -135.464508
v -31.225891 51.013245 -137.917023
v -31.287598 30.569382 -125.345398
v -22.950012 45.562416 -106.284241
v -13.123962 35.886948 -86.612610
v -10.342651 44.838268 -67.288940
v -28.148071 19.513784 -84.906311
v 5.578003 41.702820 -52.474976
v -51.115967 42.559326 -60.302612
v -1.567322 34.531349 -50.586945
v -23.972290 43.175671 -46.851227
v -1.975281 48.329922 -61.775360
v -34.595886 32.006020 -67.433990
v 21.864929 41.630421 -76.501892
v -48.689972 46.184399 -94.613556
v 1.950378 46.703518 -82.500549
v -41.726929 27.424490 -95.755219
v 19.675354 42.398075 -154.772827
v 8.626709 27.966272 -155.902985
v 128.450012 5.848884 -123.703247
v 139.094543 2.349750 -55.696289
v 128.483948 17.953512 -53.877167
v 70.134277 45.769947 -71.101288
v 88.436218 25.503174 -140.714447
v 61.164368 33.895992 -148.205780
v -23.194702 26.814295 -133.657501
v -36.554626 26.222597 -167.701355
v -40.102722 20.572636 -189.686035
v -23.167053 13.048094 -81.322876
v -72.940674 40.399193 -122.541321
v -65.312225 48.146275 -107.258362
v -54.994904 23.278038 -132.573883
v -49.472412 17.467178 -83.643951
v -18.149902 4.183283 -95.968567
v 8.934082 10.810081 -69.983521
v -7.714783 17.994287 -64.126678
v 24.292786 30.685228 -82.445740
v 14.892822 19.846706 -61.646759
v 38.834839 8.133375 -59.907410
v 32.913269 26.161539 -69.181000
v 3.812683 26.140324 -15.363739
v -20.754761 23.748898 -100.145905
v -8.054443 55.593872 -49.359924
v -42.014404 59.515213 -47.133575
v -52.322052 35.519341 -47.364380
v -59.579529 53.864830 -48.656860
v -66.579254 47.128311 -71.059265
v 29.737305 57.700352 -94.340240
v 38.541199 46.868179 -80.412323
v 15.554443 68.114250 -65.127563
v 30.889526 42.566685 -90.914154
v -0.737366 38.932381 -149.117035
v 41.847168 10.854188 -171.539032
v 1.848328 16.641556 -185.711304
v 148.904419 11.997363 -125.054962
v 155.081909 1.908896 -109.017731
v 135.798401 19.214964 -144.113464
v 171.306824 2.082657 -59.730530
v 145.309998 14.010142 -71.484161
v 120.109497 27.380165 -83.045227
v 157.827087 18.905468 -41.214417
v 78.414185 46.751026 -100.171173
v 53.223450 54.130726 -107.161255
v 59.643433 47.876316 -90.424042
v 89.878601 42.687500 -139.449341
v 74.287170 18.205702 -156.020599
v 64.518250 4.427723 -166.129578
v 58.269104 3.477818 -135.741516
v 48.105652 17.971622 -164.959229
v 28.337341 22.315762 -167.333740
v -1.937378 20.327812 -82.987915
v -9.258911 10.103343 -38.994568
v 19.224854 3.078057 -41.466217
v -38.582764 16.400806 -58.480103
v -19.434875 8.972627 -56.970154
v -32.338867 23.884914 -30.421234
v -29.702637 53.145546 -27.165253
v -56.372437 29.444321 -67.727264
v -17.095276 11.693288 -191.056122
v -16.936096 31.528017 -182.603485
v -0.227783 26.343239 -173.224335
v 170.868103 1.908896 -119.383484
v 171.659119 1.908896 -88.223846
v 152.583862 1.908896 -74.976929
v 120.923157 2.337049 -82.522461
v 143.388367 33.763298 -136.546051
v 119.570862 30.781158 -116.106354
v 116.529663 13.872612 -140.595459
v 189.699158 2.503835 -62.826111
v 176.280151 13.029846 -38.449005
v 149.886353 6.779764 -29.766296
v 156.640991 1.908896 -47.171509
v 136.327759 21.509457 -31.919556
v 113.745728 13.733950 -35.415771
v 115.301453 24.809635 -36.664215
v 94.227844 43.804817 -52.060028
v 120.877258 18.896917 -17.641052
v 132.384705 6.900508 -38.294067
v 130.496399 29.666794 -89.104584
v 105.669800 38.883343 -99.780731
v 90.314148 38.858215 -82.534302
v 166.732239 24.107668 -51.659271
v 82.724426 56.523327 -100.873047
v 29.599609 3.382424 -148.532410
v -8.343811 23.672592 -70.381348
v 0.153137 38.334957 -106.405396
v 12.448792 32.492088 -62.785614
v 23.917603 9.747169 -25.204865
v 7.588623 7.347317 -21.232727
v 5.069458 8.472662 -52.098328
v -13.102234 19.950882 -19.574585
v -13.780518 34.649189 -28.984070
v -40.486938 38.878456 -31.695709
v 114.024780 3.387578 -105.004303
v 135.317383 1.908896 -99.128693
v 120.873230 17.157415 -130.831757
v 76.292603 30.525608 -98.195251
v 100.357300 10.238964 -146.712830
v 111.780823 27.717825 -137.743439
v 125.210571 24.788532 -149.272614
v 107.873413 32.564640 -69.520844
v 119.990417 15.709404 -57.439484
v 50.217834 61.070404 -26.498810
v 112.843201 33.460918 -61.977875
v 48.560120 3.525032 -154.135284
v 16.840515 25.133051 -138.349396
v 17.846130 4.242841 -172.695587
v -4.794495 36.748154 -87.038513
v 11.590942 35.832436 -91.454987
v 20.071716 31.024158 -105.701202
v 13.148376 34.419022 -121.364838
v 47.798950 27.132660 -92.686554
v -4.575439 19.810575 -109.631287
v -0.511108 25.828094 -67.647675
v 45.925842 18.167248 -64.309479
v 34.064880 7.414116 -39.530975
v 22.958984 15.770500 -42.216309
v 28.260376 44.984520 -36.018555
v 85.109253 20.451166 -126.842560
v 114.309387 19.729284 -84.812073
v 76.862549 49.036022 -29.095917
v 11.053894 61.574650 -25.659912
v 22.708130 10.492197 -133.314728
v -4.082275 19.405993 -153.039764
v 13.458984 13.853280 -157.495972
v -4.996460 8.384688 -171.108124
v 59.112183 14.283573 -112.018188
v 31.441956 37.423107 -89.322327
v 32.161743 32.403252 -71.659943
v 59.704346 27.588200 -78.196259
v 8.370911 34.961590 -37.460999
v 36.641357 19.623428 -23.951538
v 16.690857 44.213352 -21.645081
v 38.014404 57.230980 -19.081879
v 28.966736 35.077244 -33.456116
v 43.127136 28.030861 -31.925507
v 69.615479 35.449413 -36.596771
v 53.078491 33.449478 -48.223145
v 79.945496 18.580803 -61.994293
v 51.799927 43.986965 -30.368073
v 67.173035 37.875645 -14.873566
v 77.843750 3.850549 -134.650055
v 74.062500 54.894039 -51.120636
v -8.029968 51.403538 -22.943146
v -7.712463 66.922462 -37.347595
v 72.022949 26.530910 -114.681000
v 62.434570 37.464005 -88.191071
v 87.523254 8.208076 -81.796295
v 99.345642 16.818792 -84.971252
v 19.114441 28.317333 -30.846161
v 31.952515 26.028208 -49.556671
v 42.378174 5.536880 -44.500031
v 92.068970 35.725986 -49.032684
v 108.062744 27.217363 -49.742950
v 89.268066 23.261877 -27.603149
v 66.795654 2.714858 -62.962006
v 77.111389 23.108463 -78.725830
v 25.868835 19.555117 -9.825806
v 8.071167 28.839607 -45.358337
v 57.797852 9.679708 -75.988434
v 84.803040 2.158249 -68.701294
v 22.881531 27.622381 -17.212433
v -60.724304 52.408665 -129.630829
v 18.793396 56.077511 -63.079193
v 27.337463 61.272968 -80.866364
v 28.113525 1.908896 -56.037811
v 101.802795 32.069065 -95.617584
v 98.579895 15.773133 -95.906799
v 102.379761 34.000446 -117.884888
v 42.297607 62.168236 -53.755493
v 24.340332 70.269371 -42.005157
v 58.111572 62.822414 -43.744171
v 51.415771 50.939037 -66.877533
v 298.049438 1.955168 -53.635345
v 278.466614 2.092240 -32.603577
v 255.136047 1.908896 -16.349091
v 228.052917 2.086665 -8.143463
v 200.437317 8.211666 -6.501465
v 172.956970 17.727297 -8.390198
v 144.620789 26.313465 -7.423737
v 137.972168 3.408513 8.270447
v 131.996826 8.312696 36.102905
v 127.121338 16.050152 61.552521
v 131.877197 9.069180 88.866302
v 8.013916 90.799385 130.002106
v -3.313904 92.251389 149.864410
v -14.014832 67.363701 153.292694
v -31.669067 75.972847 164.872711
v -49.930115 71.274010 185.501007
v -44.287842 53.075188 209.064484
v -22.785095 43.801102 210.574982
v -40.019592 24.447159 203.585419
v -64.444916 20.677216 188.114166
v -86.137421 5.752561 175.576752
v -108.243317 2.078025 155.302338
v -130.026245 1.908896 134.087860
v -150.725891 1.908896 111.739471
v -170.431335 5.836577 89.331573
v -189.168091 5.086763 66.841888
v -208.434906 1.908896 43.460144
v -232.495911 1.908896 65.088226
v -256.187897 1.908896 86.688080
v -279.738922 2.328396 108.278168
v -302.688904 5.288101 129.955658
v -317.377716 18.353874 132.460480
v -319.574677 14.576740 105.688934
v -320.376831 2.378956 76.613068
v -320.281860 1.908896 44.700897
v -319.479309 1.908896 12.673981
v -317.732788 1.908896 -19.377441
v -303.777588 3.088773 -47.681152
v -280.173584 2.721272 -69.050964
v -254.476685 1.970961 -87.827179
v -225.217896 1.908896 -98.710480
v -193.885956 1.908896 -92.597595
v -163.459930 3.819995 -83.333923
v -175.629578 4.641889 -101.061066
v -201.802185 1.908896 -107.780182
v -218.477539 1.908896 -134.470337
v -228.818298 1.908896 -163.952087
v -202.951843 6.348633 -151.815308
v -201.196930 15.020635 -152.902679
v -227.798340 6.216130 -164.721161
v -254.873566 9.507576 -177.460358
v -254.119995 31.922396 -196.538696
v -232.423462 40.589527 -209.067871
v -202.904602 36.717571 -207.275360
v -175.888428 44.859867 -197.004181
v -148.504303 37.513630 -189.916199
v -120.180237 47.847340 -186.219452
v -93.949829 61.384850 -191.534821
v -69.069397 65.561195 -179.318665
v -43.186707 63.109871 -163.377167
v -18.667419 58.878914 -145.746429
v 0.591003 72.280449 -137.148712
v 149.568787 43.741802 -65.403961
v 156.959961 55.991409 -77.677795
v 180.118225 66.014252 -62.488220
v 197.983704 59.317436 -44.248230
v 197.621704 33.149220 -34.483917
v 214.988098 24.826241 -55.739380
v 227.147644 15.322101 -78.679749
v 249.703186 6.605380 -92.752930
v 275.703369 2.285076 -93.582794
v 300.647888 2.183090 -79.991425
v 292.084900 30.441872 -51.116089
v 267.056519 27.125748 -56.048920
v 237.836060 22.317492 -60.586334
v 216.717590 40.935150 -53.612122
v 202.519409 64.747826 -40.838409
v 177.843506 80.573929 -35.043671
v 149.132935 89.925812 -31.849670
v 119.398743 95.513191 -28.119598
v 89.982605 102.911179 -24.557739
v 59.807129 105.548332 -21.640686
v 29.592651 107.597412 -18.908905
v -0.833313 104.507523 -18.310608
v -31.353882 103.306671 -15.725311
v -61.904236 101.596046 -13.736511
v -92.356720 100.076797 -11.462830
v -122.270538 93.184921 -12.632751
v -151.771942 95.006516 -9.621521
v -178.578308 94.290741 -6.462341
v -194.541901 69.307693 -11.244141
v -223.013733 61.163910 -5.063995
v -251.537659 54.801338 2.660706
v -268.700409 32.972279 -7.722229
v -290.085449 14.088839 -15.687805
v 285.163147 47.996117 -118.839935
v 217.964966 55.477615 -88.232269
v 247.608032 44.385834 69.241119
v 180.809692 2.162271 38.341675
v 296.050171 25.366192 -104.728546
v 222.195129 39.477798 -76.541626
v 255.486023 9.207637 35.869141
v 184.071777 9.639978 13.709198
v 293.355835 9.230775 -96.321869
v 212.577087 47.990303 -57.466522
v 236.726868 38.387169 -112.817017
v 248.409241 2.391949 10.262573
v 161.090393 2.730192 21.715698
v 235.012024 21.748131 -98.397675
v 225.057129 44.831970 -96.997131
v 264.525269 21.185987 -119.602203
v 278.932434 24.802773 2.344147
v 218.002930 2.433232 33.541168
v 156.712158 11.236591 2.894257
v 262.977295 9.161035 -105.256317
v 269.448242 10.567612 16.374237
v 275.563965 6.980859 -6.407410
v 237.574951 3.165956 27.785645
v 198.402588 5.033199 28.270721
v 215.355713 4.000907 10.617950
v -216.317749 11.734292 -149.384369
v -224.427429 21.217766 -103.791046
v -112.182159 65.723396 -118.675446
v -217.773346 54.155605 -31.558777
v -283.884918 47.520298 -50.343414
v -305.680511 16.125620 -31.131866
v -285.597076 29.972980 -34.369110
v -294.707062 25.574451 -54.128845
v -303.499084 2.834584 -2.593445
v -244.559174 6.308699 57.776215
v -90.267670 97.649597 132.220062
v 19.052368 60.425953 -197.034576
v 24.247131 72.179413 -141.522675
v 169.104126 40.968521 -64.657867
v 140.244934 53.211201 -146.011078
v -212.713379 27.413914 183.909698
v 52.397583 91.542610 78.883698
v -213.377136 2.436770 111.273773
v -210.581909 1.966405 65.868439
v -201.022278 3.905258 89.199005
v -225.479126 1.908896 89.271454
v 51.492004 92.251953 150.763336
v 168.896118 31.458788 84.567535
v 137.148254 22.188831 106.362518
v 144.596863 26.740595 83.054535
v 158.581421 38.498024 104.647064
v 160.981995 18.017527 55.661713
v 28.328491 78.194946 129.382843
v 56.241150 83.294266 122.214752
v 257.333130 35.741093 -92.993408
v 240.043457 8.721239 -158.278198
v 187.246643 48.633484 -88.977203
v 168.401978 33.753796 -87.257660
v 208.463196 65.960190 103.606903
v 178.308411 16.196859 24.800629
v 275.338867 31.407452 -25.501038
v 288.571899 16.775661 -22.237671
v -241.240265 52.952682 -140.583038
v -224.683929 27.562946 -137.629425
v -203.503601 22.625439 -136.527130
v -188.119263 18.501953 -106.339996
v -197.955811 28.776741 -55.255859
v -82.944672 119.522713 -88.760864
v -74.005707 67.804192 -198.901398
v -161.266754 83.303215 -173.766846
v -236.376678 38.057400 -70.979584
v -251.529602 94.553925 -36.388306
v -172.306946 100.748482 -86.857025
v -269.429352 62.634342 -24.610870
v -264.820404 33.572956 -76.379150
v -200.642578 45.554260 45.515045
v -250.951843 23.090429 25.791077
v -275.725922 8.658983 12.493378
v -283.749176 1.908896 61.325287
v -254.643433 14.286077 122.858795
v -102.758881 96.014893 56.765167
v -98.551971 57.778019 203.390228
v -21.934021 105.338661 186.362274
v -7.571472 32.837460 -193.410370
v 41.933350 32.045422 -172.782196
v 40.240784 54.586452 -155.772278
v 6.326904 56.416481 -169.294403
v 61.583069 37.974277 -154.625916
v 24.844177 44.948765 -169.014862
v 20.241882 27.506481 -191.152466
v 22.250732 61.885712 -158.488983
v 87.017395 49.082535 -180.728699
v 73.365784 23.781872 -183.099762
v 59.843018 25.913164 -170.372528
v 29.855652 89.995567 -109.054626
v 150.506226 59.857559 -85.735657
v 169.891174 15.392462 -176.612823
v -255.528748 4.591519 158.843414
v -179.015442 1.939057 160.999664
v 105.314514 63.483063 102.379852
v 121.604980 71.165962 37.694244
v 49.359558 86.847900 44.869720
v -182.283051 4.278919 121.685028
v -246.936584 1.908896 121.007294
v 11.288025 89.565231 181.095245
v 196.640381 39.844265 113.575226
v 177.574036 40.048050 102.386383
v 189.642273 11.030264 68.999054
v 202.912354 3.543535 51.310699
v 195.905884 22.842300 92.580719
v 230.183228 35.278934 102.825165
v 211.804504 27.926645 106.048920
v 145.147156 19.962297 65.507294
v 39.061890 87.111092 138.777313
v 18.569824 80.431580 161.144012
v 65.058411 79.390915 131.152496
v 81.239929 69.580139 116.872589
v 254.686279 27.671831 -73.087494
v 285.331726 38.265671 -79.906799
v 232.892883 45.341808 -80.541351
v 257.900513 29.494600 -146.341461
v 234.011230 2.682865 -109.898651
v 202.112244 61.324188 -73.333405
v 175.837402 57.827637 -78.972809
v 194.743958 23.495956 -74.584351
v 197.044128 72.228241 129.919647
v 151.708923 51.199211 84.702667
v 214.928650 14.308400 -13.626770
v 168.288391 45.106087 -6.890656
v 296.365173 15.046533 -39.727448
v -230.156067 55.499763 -176.862854
v -219.952484 24.132740 -155.861053
v -251.820953 20.823870 -151.120880
v -200.924438 15.334087 -147.117157
v -192.315521 7.940894 -131.725159
v -183.012573 6.116651 -113.736847
v -199.319977 14.148193 -126.929016
v -207.007050 15.066741 -108.909424
v -198.215271 25.428993 -78.851990
v -184.436798 12.150176 -64.504089
v -110.967957 115.760773 -52.300598
v -49.942780 119.378098 -55.097748
v -93.146057 37.191563 -217.456299
v -147.291412 59.850723 -212.623398
v -237.739258 24.711060 -91.661469
v -245.110901 76.766403 -15.922913
v -197.208710 100.656631 -50.636169
v -275.787567 43.469181 -23.274506
v -264.404602 51.498295 -9.994751
v -262.682983 71.837463 -50.624847
v -267.272034 14.145519 -78.818512
v -187.273041 75.329582 24.610229
v -255.829437 35.333595 9.001526
v -228.179901 38.950031 16.969330
v -276.462708 16.875980 -3.814270
v -296.634216 1.908896 29.335419
v -300.437561 1.908896 49.356659
v -271.378479 2.600528 37.972198
v -264.156921 2.244493 56.545929
v -265.892822 5.365463 91.436249
v -288.658264 16.775879 121.579559
v -104.544067 79.174263 20.353119
v -42.616394 87.107544 37.752350
v -77.863556 33.818710 219.951569
v -38.935730 79.966766 227.515533
v -44.827362 41.659985 -194.221985
v 0.501526 56.605522 -151.411102
v -21.829468 50.204918 -174.080811
v 7.181274 38.274807 -179.913239
v 6.031128 38.286903 -212.780548
v 48.517273 28.408131 -198.427399
v 38.445190 106.926849 -64.230621
v 157.946777 75.721748 -58.626099
v 92.265625 77.252388 -77.474182
v 158.856750 25.226727 -154.060425
v -274.781189 1.908896 137.365875
v -158.086578 1.908896 140.566437
v -138.546631 15.506348 203.823212
v 137.926941 89.127365 8.387146
v 77.605896 85.464157 12.843109
v 17.012695 85.645683 16.757599
v -185.852325 7.419588 101.751312
v -168.712708 3.296524 108.470795
v -205.815552 1.908896 143.219513
v -260.072296 1.908896 106.229767
v -5.148071 68.424805 176.890656
v 190.928406 39.468506 125.198639
v 173.670715 21.028276 69.067841
v 176.857849 8.026375 55.118439
v 17.834290 93.290619 140.574066
v 3.426270 72.585976 154.466461
v 92.351746 59.696125 135.602997
v 122.232117 55.565025 110.832916
v 112.465210 63.881523 131.541229
v 115.982239 77.347603 113.223358
v 134.007812 67.820763 96.498260
v 102.423645 53.014915 113.546295
v 138.966919 86.807777 110.539459
v 89.873169 64.657471 109.286407
v 82.684753 81.862320 139.295807
v 301.517151 25.400322 -74.202637
v 277.842957 40.384392 -99.968872
v 257.910095 45.987068 -127.981567
v 277.914429 39.893032 -129.521057
v 270.489990 32.979824 -133.578613
v 211.709167 1.908896 -101.010651
v 209.522400 18.885881 -127.778168
v 225.675476 13.527573 -82.864899
v 217.763062 12.407076 -113.850586
v 230.797424 7.594977 -135.070068
v 215.523315 3.631281 -81.727081
v 257.879822 9.979684 -132.911804
v 176.507507 28.378304 -74.064392
v 196.368347 27.857786 -57.223938
v 222.151917 53.384983 127.886383
v 206.741516 49.459759 137.510895
v 219.505737 20.178728 -39.815460
v 193.201965 30.685953 -24.025635
v 245.814758 18.800110 -23.096588
v 207.339600 32.828739 -38.038269
v 238.918030 17.530870 -41.504822
v 184.791870 62.645245 -19.926422
v 163.946655 75.988762 0.389771
v 196.716431 49.532425 -29.453217
v -239.535309 47.551716 -193.770477
v -209.115356 58.763512 -200.002838
v -244.468750 23.290739 -123.784668
v -183.276337 8.628733 -77.826355
v -181.417175 1.908896 -78.266632
v -210.208984 15.625602 -78.277893
v -184.484680 25.856127 -65.643433
v -109.034027 107.173950 -28.842316
v -79.671844 115.667702 -40.921661
v -142.224030 106.494133 -40.544769
v -48.174683 113.691391 -30.912109
v -16.305542 119.570213 -44.765045
v -100.471405 38.561295 -196.943665
v -125.893250 39.499039 -214.125061
v -70.187408 43.389420 -205.577362
v -156.039703 45.370762 -210.640518
v -181.706116 54.208672 -213.231949
v -246.689331 38.794067 -80.877899
v -258.824799 56.944736 -69.343719
v -243.440155 59.026752 -46.063629
v -260.508545 80.249702 -26.648071
v -187.530731 86.438484 -30.351440
v -170.042877 106.862419 -31.107635
v -219.241608 90.817436 -29.618958
v -276.803436 62.946316 -41.767365
v -182.786743 76.821404 4.746765
v -164.917084 86.385910 17.151062
v -227.007843 19.751097 39.588531
v -253.132477 9.249252 40.878876
v -295.425995 3.852942 92.832794
v -307.686371 20.766132 120.002167
v -105.870728 86.249092 -0.240814
v -74.891113 83.606514 9.481232
v -62.777649 23.337734 207.709625
v -48.355103 45.625916 225.114349
v -94.425049 17.286112 200.673248
v -25.022461 63.623489 223.895477
v -26.946228 83.470299 210.247589
v -28.053894 79.534935 227.147247
v -52.855957 51.919132 -178.675720
v -25.256226 42.008049 -190.127899
v -29.171387 33.538406 -220.431702
v 28.222534 35.807156 -206.768616
v 66.765503 41.295322 -190.605743
v 58.373169 77.723511 -152.387939
v 65.752686 55.740776 -167.986115
v 46.316101 61.900848 -187.754547
v 99.556580 69.202576 -143.547333
v 88.451599 63.536575 -164.965424
v 78.855408 69.848434 -148.107697
v 65.186096 80.560669 -116.143127
v 117.694275 59.231770 -164.911682
v 42.887695 112.795471 -40.124603
v 73.230713 101.572235 -56.374176
v 13.876282 118.862419 -48.458679
v 54.943420 108.223289 -54.648285
v 194.838318 63.752899 -80.020782
v 125.133057 75.111984 -68.496857
v 154.007812 40.872169 -143.774109
v 124.369507 23.070948 -157.498718
v -255.190796 1.908896 139.288177
v -230.384277 1.908896 139.991241
v -221.588257 5.057442 169.364166
v -279.914459 22.053787 152.226288
v -177.397186 2.895897 141.090302
v -146.240570 1.941704 173.842133
v 136.875549 94.642052 -13.410583
v 107.365906 92.475182 0.512756
v 76.343811 98.561737 -6.444031
v 46.580383 92.776962 5.501312
v 15.570984 95.469727 -4.409088
v -14.276001 86.027832 6.317627
v -200.280579 4.038665 124.857208
v 17.418030 73.244354 175.961273
v 44.306091 94.003586 170.847504
v 171.065674 81.927422 113.516388
v 158.664124 76.712532 90.327179
v 185.229858 72.782684 92.430267
v 210.037659 56.297188 65.238007
v 203.146423 65.113380 83.390778
v 228.652893 54.856224 87.304901
v 225.487488 55.071831 107.638275
v 65.324524 89.555878 135.385406
v 75.574646 74.660309 120.726105
v 267.084595 29.492655 -154.069336
v 287.660950 38.134529 -117.337921
v 193.603943 5.386485 -125.258362
v 183.991394 24.448994 -134.908905
v 209.537720 28.084129 -115.346558
v 223.565186 50.304447 -116.616943
v 233.637390 28.728865 -131.919922
v 211.668274 18.621601 -68.885834
v 208.272583 60.529160 141.570343
v 177.499512 19.151371 -3.098694
v 199.836548 14.373849 8.739624
v 195.278748 17.237511 -12.380463
v 208.969299 28.680075 40.740112
v 197.957153 16.947170 28.658875
v 261.053162 29.158585 -5.652954
v 260.011536 31.466438 33.724792
v 268.336792 23.256325 31.824524
v 261.463501 30.972279 54.258209
v 267.322937 31.553839 14.300262
v 234.010254 17.819763 15.089813
v 243.099976 20.155590 -2.942780
v 260.229431 23.540245 -37.015717
v 143.816345 70.284431 19.752777
v 131.958130 27.831570 30.439606
v 155.337524 56.821213 6.571228
v 136.349976 47.278454 18.594360
v 154.652710 23.053726 13.482727
v 108.267517 27.733095 77.448395
v 106.017761 38.004585 95.617157
v 118.535400 37.814220 90.646271
v 76.397583 55.927345 75.917023
v 132.163757 50.047138 88.029266
v 89.500549 39.202637 82.741241
v 165.149841 84.823509 -18.535889
v -198.130554 73.347275 -167.341766
v -228.128357 18.909006 -119.689209
v -235.797333 53.945450 -101.267700
v -251.930267 33.203396 -139.912018
v -191.280609 16.041552 -88.844818
v -177.280365 9.695093 -94.119934
v -221.887512 28.742914 -80.803741
v -219.901367 20.471998 -53.780243
v -199.824982 27.609541 -63.950958
v -73.549103 120.091225 -65.505646
v -96.979248 121.054367 -70.395294
v -123.923523 101.020790 -95.440643
v -126.608612 118.877167 -78.145111
v -78.222412 108.172577 -23.047913
v -138.407166 97.811684 -23.134369
v -17.025818 112.054817 -26.727264
v -111.317932 66.312683 -204.872650
v -131.447388 39.165718 -198.090790
v -75.824158 57.598698 -195.148010
v -246.480347 76.899666 -44.348328
v -247.607849 49.938412 -61.350464
v -165.165039 117.225647 -61.353088
v -225.145782 91.676468 -55.003082
v -238.210266 91.695206 -26.273865
v -225.680878 76.774384 -17.139252
v -160.483917 86.969788 74.981049
v -210.660431 20.347780 76.745087
v -211.537964 33.303551 30.053528
v -279.877869 6.357019 106.246979
v -281.245819 2.782815 80.252777
v -80.494080 87.151375 36.742371
v -72.489349 64.451355 219.998688
v -110.412506 34.189606 216.340057
v -43.850708 73.106766 206.305939
v -28.291077 82.720772 189.363800
v -3.956604 88.610954 191.513580
v -11.108887 30.452980 -212.405396
v -52.430756 31.365902 -213.853546
v -52.956696 51.366837 -213.911774
v 20.893921 84.292282 -164.307709
v 119.959595 62.529995 -142.655670
v 106.238098 67.430977 -108.933777
v 145.009399 39.545006 -180.507660
v 73.631653 106.990807 -36.635773
v 100.906860 96.000122 -50.032928
v 7.800110 108.555077 -84.234344
v 13.459900 114.536491 -29.451111
v 171.413757 65.228584 -75.118439
v 188.410950 74.343582 -57.507996
v 216.968201 66.718193 -65.251984
v 143.664917 69.399826 -70.300232
v 131.013611 89.267334 -48.945129
v 122.646667 41.381805 -151.231964
v -200.460632 1.912167 164.765472
v -241.461670 25.419207 172.756622
v -236.692383 1.908896 158.432465
v -273.687500 5.457598 154.782562
v -271.886292 17.846502 135.216583
v -256.749939 23.182426 152.522491
v -296.503265 23.080366 137.383575
v -159.892639 1.908896 159.991608
v -131.209900 1.908896 156.937775
v 106.057617 99.482468 -16.105011
v 105.766479 89.350540 34.019836
v 38.696045 82.082520 24.737000
v 60.672729 80.641342 26.566254
v 77.627258 98.335632 42.918365
v 45.471985 102.499962 -10.361542
v -15.296082 96.666435 -8.988281
v -44.603943 86.308014 5.838562
v -8.067444 84.268158 39.577850
v 20.147644 86.051880 46.214874
v 39.335754 82.513695 166.719391
v 70.325928 94.385666 156.913361
v 77.732605 87.091362 117.690338
v 83.550598 91.246048 138.659271
v 99.084106 75.782448 124.964813
v 18.357727 121.904900 152.182220
v 43.000977 98.165955 145.027252
v 62.765503 95.179176 134.498199
v 53.232483 94.206116 107.231476
v 54.431885 103.952225 157.714020
v 164.614136 87.462143 130.205719
v 276.826538 26.585951 -143.237762
v 260.976929 11.196581 -153.206757
v 234.428284 57.946285 -127.895386
v 278.130554 47.903728 -141.350037
v 251.388428 47.766403 -146.096832
v 258.492310 51.917603 -124.773834
v 241.626282 30.447981 -164.589294
v 240.985596 55.017105 -104.971436
v 208.170288 16.343042 -174.352112
v 214.794312 59.084427 -103.318787
v 227.660156 16.472225 -169.253876
v 211.039185 14.215462 -151.274689
v 214.418274 63.067139 -83.681946
v 187.912476 8.960079 -159.832184
v 231.658508 62.310543 -89.655853
v 202.140442 43.902222 -102.955902
v 187.521301 26.054245 -103.183411
v 208.746399 16.639135 -97.740295
v 239.796997 46.484329 -128.111237
v 249.953430 22.026527 -134.950195
v 234.415100 12.670260 64.405914
v 223.288452 19.495037 85.602081
v 211.027710 10.830874 69.992706
v 248.114624 26.377995 69.434174
v -184.766724 65.113335 -189.742126
v -180.718567 79.146027 -175.825836
v -166.597412 66.988419 -202.805328
v -209.463531 59.943199 -178.873840
v -240.372833 33.332615 -105.273132
v -253.744690 34.999245 -168.302338
v -230.867096 38.363983 -42.502747
v -205.185425 53.054920 -64.048248
v -217.771393 37.146393 -52.935760
v -107.366577 118.281898 -94.084259
v -84.651978 87.167549 -113.473389
v -102.217896 96.989090 -100.778015
v -85.320099 107.313957 -106.797791
v -102.946716 73.760361 -105.570129
v -35.149658 113.435242 -103.933350
v -60.957458 115.123611 -101.600037
v -53.137665 121.915154 -79.688507
v -147.721008 109.881866 -90.137360
v -146.610199 118.027664 -71.333038
v -108.564423 51.281189 -219.321503
v -86.362640 56.262821 -215.038712
v -187.960541 109.534889 -68.625732
v -195.885681 78.918556 -72.351349
v -208.159912 103.084557 -63.422455
v -180.057953 111.418083 -48.496368
v -215.656097 104.985855 -44.318146
v -171.439636 81.541649 46.553802
v -223.812897 13.893801 60.060455
v -235.768372 8.180181 87.403473
v -207.993164 28.416912 56.548615
v -201.247650 51.668724 10.356995
v -100.968811 86.807083 38.408325
v -136.776031 81.876328 36.637604
v -131.082703 80.854195 10.377747
v -147.353668 80.387108 21.515289
v -61.066833 81.921097 25.958557
v -88.781189 51.218018 218.968353
v -66.706207 47.694641 223.836945
v -53.672791 65.312958 227.521271
v -64.217621 81.603355 174.895050
v -94.237732 25.769541 215.376312
v -115.975311 17.195835 207.345184
v -117.618530 4.160363 182.316742
v -9.375183 87.144623 185.976349
v -13.697754 92.589043 208.720306
v -38.790771 93.022392 203.970673
v -42.605133 93.162102 179.290558
v -21.055054 107.794365 137.065826
v -51.766693 99.307236 148.461273
v -26.873901 103.662956 161.469635
v -2.298157 115.813095 167.493927
v -70.259399 37.256149 -218.559128
v -19.618958 57.830650 -193.136993
v 28.073303 72.643044 -181.647186
v 41.989990 79.259003 -166.326782
v 33.998413 85.472382 -138.551178
v 111.861816 65.812401 -86.171204
v 130.812317 56.931599 -103.985718
v 132.312012 55.989956 -125.830597
v 135.419067 49.213730 -165.526459
v 106.859375 83.595779 -65.053131
v 88.224792 91.176208 -64.094696
v -3.944153 120.209152 -65.312775
v -15.107117 120.190094 -89.308350
v -3.512024 104.678482 -124.615631
v -30.192688 121.958176 -69.917725
v -14.172180 111.155617 -107.330780
v 18.001038 108.735214 -66.345459
v 29.908569 96.428070 -84.835449
v 51.448120 83.924606 -94.759766
v 58.624939 93.018791 -73.478546
v 74.890320 75.455521 -94.770782
v 85.740112 73.658165 -113.329102
v -205.797394 20.639610 136.146149
v -230.142792 20.759007 147.958710
v -210.262451 29.128078 159.960724
v -227.767273 12.648793 122.288116
v -162.418213 49.005508 179.368256
v -203.826813 19.623762 106.148773
v -242.181580 8.216984 107.440277
v -187.808350 37.438824 175.679047
v 117.928467 87.019066 16.312988
v 85.753357 84.588577 29.679901
v 55.133362 120.142776 61.992218
v 91.548828 84.092010 55.994293
v -30.195007 81.104492 20.783142
v -1.904175 82.477051 21.222626
v 25.501770 98.601715 161.203705
v 67.064941 77.293503 94.590790
v 88.799377 75.224174 101.036896
v 63.486877 73.091461 76.470673
v 76.520020 68.792198 58.031403
v 189.174683 39.918636 -143.545319
v 162.966614 44.473698 -124.095703
v 173.561401 52.472752 -99.692841
v 152.066101 51.757652 -106.201294
v 187.263428 45.652679 -119.514465
v 210.931213 46.287724 -131.246582
v 226.609985 44.203014 -151.237793
v 177.417786 19.873699 -151.678986
v -241.719147 50.355606 -160.817505
v -220.565033 65.672729 -153.057220
v -219.433929 65.541626 -123.831787
v -202.282532 58.264217 -47.206146
v -214.264954 36.019272 -55.764221
v -210.812775 22.306816 -48.954376
v -221.234192 48.911003 -77.180298
v -225.746155 41.953392 -88.059052
v -213.219086 28.755106 -90.533386
v -212.157288 40.002274 -68.338928
v -131.968018 116.057793 -56.170288
v -189.774994 69.467018 50.227264
v -252.479950 5.015370 76.274078
v -194.188354 56.147602 28.976074
v -150.819824 84.830620 54.647064
v -129.562714 97.472939 75.705658
v -76.192932 70.108871 195.474152
v -58.980438 80.386421 208.509247
v -135.652435 6.105885 188.573883
v -101.024353 13.256346 184.508148
v -8.755432 121.792473 81.285004
v 2.669373 103.682549 188.443085
v 12.077942 108.206123 170.282562
v -0.298706 121.007286 143.105377
v 29.296997 127.425003 110.101471
v -4.292358 116.907387 111.979828
v 18.639282 127.448883 131.161285
v 35.341064 116.534538 139.155731
v 42.300110 101.926804 124.608185
v -0.666382 52.201138 -202.415955
v -18.343933 49.130554 -210.847321
v -46.465149 67.908974 -191.622955
v -35.826477 57.436321 -205.249329
v -75.907776 64.197617 -152.245148
v -66.879425 69.085945 -176.323395
v -29.112366 64.798653 -147.309814
v -102.077423 78.994835 -172.680817
v -30.465393 67.094864 -172.417175
v -51.568359 66.282990 -157.095978
v -84.412689 72.205338 -167.883514
v -3.786438 68.387970 -165.103668
v 3.473816 61.903576 -184.113922
v -60.355652 68.566101 -126.793518
v -85.897369 60.405693 -123.868774
v -50.615692 91.976860 -114.089264
v -25.467102 92.472664 -121.659027
v -67.615967 84.124451 -117.856842
v -8.366699 84.916512 -142.645142
v 11.514160 95.193451 -142.560455
v 15.929565 98.352692 -122.239044
v 45.015503 82.405663 -121.203033
v -130.136414 45.901978 193.582794
v -218.008606 13.783619 93.617035
v -162.016113 53.450546 124.181915
v -177.847992 14.567641 196.206329
v 60.531067 102.701462 52.924835
v 34.416504 103.614647 58.784332
v 5.262878 103.765846 64.054352
v 28.685242 126.428284 78.078094
v 97.087524 98.235497 49.565216
v 163.209534 40.938980 -150.829834
v 182.603088 35.192936 -171.878357
v 194.456970 55.121380 -99.176361
v -237.255157 56.384483 -121.057800
v -210.598602 42.479843 -39.207275
v -201.525024 64.653351 -49.783081
v -222.634186 72.924713 -43.281586
v -239.042542 84.470573 -42.030060
v -211.758820 78.401047 -60.264099
v -180.124756 81.229370 -100.932465
v -177.881653 90.223946 -138.254578
v -199.276245 76.291290 -141.976288
v -195.234833 84.002846 -118.462219
v -205.200043 74.759453 -88.066620
v -187.526917 52.849617 88.262604
v -197.784912 45.532486 68.602753
v -125.245361 92.292099 53.585968
v -95.683716 108.991013 93.945831
v 10.184937 93.871765 176.520844
v 47.809326 117.491478 92.327118
v 11.311707 124.620720 94.772736
v -115.427246 47.667713 206.580231
v -182.878601 32.707714 122.416107
v -171.526917 42.102070 151.253448
v -190.069824 30.333521 149.676666
v -143.805237 85.557121 110.684479
v -174.426971 35.875465 194.094269
v -193.921112 28.173691 193.061310
v -159.202026 23.863228 204.258636
v -139.362671 34.112854 207.770599
v -29.304382 99.189644 66.351044
v 20.915771 114.451996 66.926971
v 163.981934 32.331654 -178.951050
v 205.942505 35.490715 -162.033295
v 189.138733 20.377914 -177.710571
v -232.590698 99.944160 -39.083344
v -207.122803 71.128922 -66.079987
v -183.203430 60.090099 -72.600677
v -190.176910 53.484928 -56.362701
v -201.002533 62.840027 -109.074524
v -205.972382 54.524765 -89.650299
v -198.190491 33.231857 89.876007
v -108.120270 102.203354 77.267426
v 44.756165 116.985725 111.890717
v 51.644531 110.991226 75.762665
v 70.898926 99.908279 61.146210
v -178.140625 50.026283 108.744904
v -164.629517 71.599953 106.361420
v -155.314209 85.138275 94.173553
v -12.528015 107.544525 70.695953
v -67.297302 103.040199 68.692413
v -81.747009 97.405479 55.060455
v -60.285492 95.072701 49.085175
v 152.902344 5.298816 39.759155
v 90.399048 26.691307 -158.118469
v 79.376526 35.600456 -145.437622
v 144.884583 12.777630 -168.364319
v 179.132996 54.751389 69.168365
v 195.581726 40.699303 57.279755
v 160.953979 26.391739 57.636993
v 138.156677 25.178612 75.413727
v 177.081726 35.204098 63.329742
v 183.622192 23.638691 45.153046
v 157.243713 19.429701 35.451233
v 155.781311 34.637051 73.751923
v 138.200623 22.419403 51.789032
v 112.769165 30.716087 50.605743
v 92.518799 47.364864 56.349213
v 109.327576 50.709095 38.513702
v 102.182129 68.394867 46.533112
v 229.724365 44.179497 49.313995
v 249.103943 37.550667 47.755096
v 229.499146 28.652712 33.061066
v -136.356750 76.356552 -190.334564
v -130.557465 67.280273 -206.925385
v -155.286530 75.731522 -190.498047
v -132.073334 86.667847 -158.733887
v -115.803894 78.079048 -187.697144
v -142.439270 84.460960 -173.966431
v -155.317535 90.084427 -150.142883
v -155.902588 83.093285 -120.977386
v -109.712677 76.042908 -145.310913
v -174.205872 88.990181 -118.498901
v -161.777405 70.602173 -98.074310
v -132.186890 71.437317 -99.803558
v -151.557709 90.525208 -81.292084
v -169.974243 76.885010 -77.421295
v -134.012726 76.131271 -135.550079
v -142.284332 65.814430 -114.994293
v -92.993317 64.910942 -141.089203
v -165.816772 67.307396 -109.275909
v -181.404755 60.281731 -93.640503
v -191.561859 73.269974 -80.039856
v -117.877838 83.382484 -94.744751
v -181.699341 85.069092 -82.040314
v 112.704895 37.198845 -187.784821
v 123.570190 20.946840 -176.897736
v 103.917969 28.227434 -174.125214
v 105.121826 54.257046 -180.967377
v -76.407837 91.355598 153.632599
v -114.431732 66.668846 156.177643
v -96.234344 65.986740 177.164276
v -97.879028 82.662018 149.449127
v -118.144531 85.946838 126.914398
v -83.435059 79.439018 168.674774
v -116.879211 54.960388 176.550446
v -141.070496 54.020535 159.596100
v -104.920715 100.326073 113.923431
v -142.698730 48.623177 178.628510
v -134.737671 72.125031 141.632721
v -154.158966 61.634415 143.477753
v -148.516357 70.770157 125.717377
v -160.648315 54.554653 160.739716
v -38.757751 75.697655 -129.868042
v -58.847382 109.501457 110.575653
v -31.126404 111.182999 111.838654
v -44.191772 117.176796 85.449921
v -45.450073 105.143867 127.984894
v -68.235199 102.563454 130.398956
v -81.551514 106.329277 112.042694
v -25.112610 117.419601 93.151215
v -48.151245 102.781235 72.168732
v -67.361938 114.165482 89.388580
v -25.707886 89.835548 48.959137
v -176.125061 73.582359 85.912567
v -187.657471 64.480431 70.654083
v -177.475311 81.393494 65.533051
v 94.522461 31.384396 -183.811432
v -124.877808 97.288544 99.699371
v 234.588989 12.296792 -111.075806
v 250.759033 9.736466 -115.041901
v 93.994629 60.376305 -56.059265
v 78.724670 68.024948 -61.818817
v 88.823181 50.852211 -47.027252
v 102.405212 39.353809 -28.188538
v 119.684204 27.143576 -13.789734
v -182.620117 2.140293 23.518463
v -155.837128 4.327417 5.342590
v -126.994751 6.375370 -9.056152
v -96.386810 1.908896 -16.362976
v -64.846985 1.908896 -20.664185
v -33.374207 1.908896 -24.711884
v -6.140015 2.380012 -32.600525
v -14.553833 1.908896 -64.142761
v -25.904297 1.908896 -94.953278
v -39.721985 1.908896 -124.937042
v -55.681274 3.432043 -153.270508
v -74.257355 14.859015 -174.493011
v -80.508301 15.564250 -157.280670
v -104.448517 15.546396 -167.953400
v -127.695068 1.872220 -177.423431
v -154.079102 1.894223 -192.222626
v -178.437408 1.908896 -212.053268
v -198.774017 1.908896 -220.194290
v -214.750061 1.908896 -192.691437
v 176.506775 32.015434 -20.506653
v 152.984558 27.210468 -21.196472
v 131.602905 33.397644 -33.517670
v 112.565613 45.771683 -45.660522
v 81.271423 64.494995 -28.403931
v 61.954956 61.319641 -4.477112
v 46.178406 61.812572 22.167816
v 26.420227 50.803722 42.480499
v 7.909424 64.897423 61.194916
v -14.608826 83.984238 63.094635
v -43.505127 86.644577 52.008698
v -72.113220 83.014755 45.135742
v -101.042969 73.874222 38.359772
v -126.337128 62.633041 42.131500
v -155.286438 72.393417 37.814545
v -181.362427 67.306602 31.452332
v -198.537781 41.964706 24.241241
v -189.982483 40.060726 21.946564
v -176.207001 46.060852 18.387909
v -160.591095 55.405666 25.367126
v -134.508514 53.516636 12.627869
v -118.313873 45.543243 -11.341614
v -106.702881 40.376045 -38.307953
v -77.828247 43.668198 -36.800781
v -66.941345 31.859749 -39.490112
v -68.530151 11.180062 -57.225311
v -93.944336 9.766768 -75.334747
v -96.221130 1.908896 -97.730652
v -67.725433 2.042723 -110.855225
v 41.047180 55.118000 -0.601135
v 107.622681 52.722538 24.107574
v 71.913208 52.527836 -16.935608
v 126.570923 35.553871 0.211761
v -186.467163 3.061819 45.251404
v -99.782349 9.366013 57.913788
v -55.783234 41.041859 90.404877
v -40.625061 14.448220 -4.834991
v -62.262390 12.045085 -63.242676
v -46.495880 3.454772 -103.481262
v -64.580292 3.553284 -86.169128
v -42.083221 7.394390 -76.341217
v -61.021881 1.908896 -131.857788
v -78.565430 38.944988 -120.855896
v -163.329529 16.814590 -113.182953
v -114.944366 67.362808 113.799347
v -7.359253 76.613914 138.707916
v 85.209351 16.735844 68.347260
v -76.260162 96.194069 131.309174
v 116.304626 3.299655 101.478607
v 99.840698 19.149935 92.535004
v 109.552368 3.663095 73.199371
v -177.456024 26.043047 -178.108551
v -135.477142 75.583786 -65.288879
v -208.241760 2.083827 -171.467133
v -5.817688 80.389908 -116.618011
v -49.461060 111.483772 -36.793152
v 120.036316 57.445751 -25.461426
v 147.141235 32.447506 -76.930267
v 4.306702 65.450638 6.840393
v 76.110718 40.345448 23.365936
v 51.233887 78.590141 -28.865051
v 66.928040 63.880924 -42.436493
v 67.993835 73.688911 -36.087494
v -76.311279 8.065914 107.410614
v -132.646545 10.364188 77.959198
v -158.707794 9.762148 58.678864
v -122.195740 2.565569 28.660828
v -67.215546 23.280046 33.151947
v -12.437805 17.111692 129.144867
v -66.939392 58.963074 8.452911
v -112.439850 19.531027 61.023041
v -53.462311 31.841980 168.208221
v -46.612335 6.839614 -2.497833
v -88.428558 7.867593 -30.352203
v -94.510101 3.566086 -61.547760
v -36.026672 15.622855 -39.267792
v -90.137878 15.139189 -73.069519
v -92.129791 20.862608 -107.794373
v -91.377655 6.579075 -127.863281
v -62.202820 23.128239 -150.223846
v -112.356110 37.112358 -175.859436
v -141.094543 38.310940 -43.202057
v -201.988983 66.186096 -139.983307
v -135.610931 55.967247 -137.532990
v -65.931763 90.107353 148.683441
v -51.738861 56.118961 126.871796
v -25.710144 60.903481 133.142670
v -33.595215 95.415169 135.085358
v -29.123718 42.318924 120.576385
v -14.986389 45.500912 135.113678
v -40.969727 74.829483 133.202972
v -68.034729 79.608879 124.801666
v -23.263123 80.732430 132.093536
v -67.234558 59.904709 84.022369
v -54.448547 47.589882 97.681061
v -47.490234 43.414043 115.071503
v -169.916290 37.404346 90.893524
v 67.777222 5.988004 98.268890
v 83.771240 6.556499 85.883453
v 85.270081 14.166888 22.788605
v -92.413086 90.059151 83.138824
v -6.973816 78.395264 86.591217
v -147.591003 22.787909 -207.771698
v -217.669098 21.444185 -209.062469
v -72.026794 73.569557 -52.980988
v -143.531128 77.218323 -34.483673
v -149.221863 59.348694 -49.126160
v -80.197021 53.384033 -94.632965
v -53.819550 88.192535 -89.896637
v -27.654968 80.520210 -99.123749
v -43.482208 66.382622 -85.141571
v -43.600189 68.130867 -110.156006
v -26.918640 63.416595 -96.190491
v -62.327057 73.593971 -68.155762
v -45.767700 85.986938 -110.000305
v -70.757050 77.630928 -103.114105
v -28.555298 80.113953 -125.482208
v -31.372131 57.614628 -126.746582
v -100.130188 66.263855 -74.805481
v -92.309906 70.286781 -91.747528
v -79.222198 80.141159 -82.259033
v -70.948456 64.521606 -71.055206
v -108.746185 83.540077 -68.238861
v -90.193054 72.084717 -63.207672
v -95.802277 78.383415 -75.887512
v -117.578644 82.387611 -76.433777
v -133.564453 94.912544 -60.371307
v -1.428772 95.032082 -60.809814
v 19.741943 86.116043 -11.357910
v -39.693542 67.152061 7.863403
v 152.630310 52.049965 -34.850067
v 90.928284 83.684364 -64.125610
v -5.504578 58.248756 37.000854
v 21.755493 62.374268 20.160309
v 36.065125 76.818886 -4.017212
v 62.462219 52.731342 14.527557
v 56.522278 48.741871 46.173431
v 88.029175 43.332390 -5.899292
v 109.197388 38.216156 -20.641602
v 97.881775 51.805702 -31.726166
v -76.736328 13.489217 140.056305
v -148.878967 2.491212 89.843414
v -119.770782 2.704308 104.500519
v -172.583588 7.746415 70.972443
v -156.388336 6.009944 32.324097
v -140.828094 3.310968 19.645416
v -135.805084 13.300235 46.931549
v -116.455750 6.325166 47.490936
v -94.232880 20.241682 34.686737
v -76.112946 3.677922 10.422058
v -4.021301 25.424603 175.268890
v -87.195892 34.458458 -19.199524
v -117.840057 17.091850 14.710205
v -148.942749 39.575790 50.470734
v -23.457214 49.324825 174.193939
v -20.216125 14.536196 -10.904877
v -94.594574 12.112291 -47.049896
v -84.673004 4.011406 -80.998108
v -98.738800 5.787940 -77.188812
v -18.802307 9.099582 -46.084808
v -89.418243 37.490479 -41.358582
v -93.573547 6.069387 -98.439453
v -68.916290 22.346815 -88.109650
v -87.197693 1.908896 -113.524963
v -83.854980 4.912379 -155.074127
v -73.432465 14.589340 -160.751556
v -78.136475 11.333220 -132.954132
v -68.658142 26.356552 -131.432526
v -84.339996 38.459843 -157.683258
v -111.083771 23.775711 -178.469727
v -131.557068 68.105934 -18.182678
v -202.354034 51.583473 -174.632080
v -150.243988 78.462532 -167.573273
v -103.396790 56.002232 -149.350159
v -69.104919 54.170883 -131.253265
v -50.593445 60.161110 -122.227539
v -60.737671 55.098904 -103.645325
v -53.002930 60.836155 -144.058472
v -48.432831 76.220390 143.763824
v -11.874451 97.653915 138.389801
v -32.493591 88.572388 158.472260
v -53.399109 91.736526 135.069000
v -94.763214 80.179771 136.845490
v -22.387939 69.433037 107.345428
v -77.194122 53.782635 111.747772
v -190.863922 45.934929 73.286835
v 78.504272 3.561580 113.610504
v 62.365845 28.998289 95.398346
v 111.351379 2.549700 17.598480
v -96.407776 92.200409 63.046539
v -61.432037 65.056808 61.274750
v -147.634399 84.773956 92.198822
v 33.748840 82.088593 105.259918
v -150.660980 6.305620 -219.305161
v -230.709076 3.630950 -193.131195
v -243.042236 30.738195 -159.048553
v -161.019440 79.680489 -0.040222
v -187.971252 39.475761 -23.804779
v -149.891205 66.536034 -1.831024
v -39.261780 54.405914 -66.338226
v -40.510925 49.103626 -82.894989
v -5.410217 73.523605 -66.933807
v 13.305542 66.123177 29.737305
v -48.449829 62.968102 34.116669
v -97.253326 77.174042 -5.269165
v 160.346558 58.309875 -54.789337
v 173.940125 71.825844 -32.768158
v 141.067627 38.525169 -60.702148
v 76.869202 59.071243 -71.020660
v -21.805115 60.699013 57.787506
v 8.401001 53.319206 47.716034
v 51.242371 74.955551 -13.822205
v 37.229492 67.923218 -19.153717
v 18.686951 56.659714 -8.830139
v 7.829773 22.600060 53.306549
v 2.079163 46.288902 23.403534
v 3.342834 47.018253 3.401520
v -24.124756 51.814217 18.766144
v 78.099487 57.735130 25.967896
v 96.299500 35.196377 13.749420
v -89.444824 10.792786 155.454376
v -59.443420 11.228740 163.615387
v -104.214996 9.055105 85.692657
v -102.610046 16.899269 6.746796
v -79.174469 2.039541 -8.099304
v -45.084503 1.908896 4.413086
v -83.813904 16.513901 24.922974
v -15.788269 26.458960 195.980438
v -34.764832 16.573090 176.131561
v -17.237366 35.324306 183.970978
v -92.818512 25.399586 -30.097473
v -115.540497 28.211300 -16.660370
v -66.893219 25.444799 -11.994934
v -129.736206 31.161982 4.451172
v -138.631683 34.234806 26.149689
v -163.582672 47.595478 38.211731
v -167.891479 21.945589 39.735046
v -36.077087 59.574047 185.207916
v -39.042358 62.875404 154.497711
v -36.634216 12.076277 -19.906372
v -102.244629 1.917805 -42.497467
v -70.027649 44.705910 -44.200439
v -95.878326 61.157219 -50.288971
v -76.402588 15.142996 -73.896210
v -78.535950 39.769028 -95.526276
v -76.271454 36.788467 -61.502533
v -84.157654 23.820395 -169.357025
v -111.299194 10.971993 -180.959412
v -127.731842 12.432629 -201.318085
v -94.959076 36.745045 -175.365112
v -124.979553 63.584293 -4.150391
v -149.514374 63.825283 7.885559
v -193.706573 37.826591 -186.798401
v -171.100342 55.661751 -177.563782
v -222.183228 49.712128 -184.949982
v -141.960510 62.690861 -184.485016
v -120.658966 72.659653 -171.381348
v -91.488281 57.720985 -170.764618
v -73.843018 55.683613 -155.108307
v -28.431458 72.245407 143.199738
v -52.864227 86.032379 161.299713
v -81.774658 66.263885 152.232758
v 0.723755 63.063496 91.489349
v -90.060272 72.875580 117.946198
v -77.251801 46.729214 88.066803
v -121.520142 58.761528 76.109467
v -92.645996 58.785011 74.884186
v -102.621460 59.750828 89.047333
v -103.311523 76.110741 107.354279
v -88.405182 65.293556 94.037750
v -109.653442 69.896210 89.729828
v -74.880524 74.147125 114.414032
v -140.887482 56.563301 105.650543
v -44.577301 82.778183 128.156891
v -62.802612 85.601555 123.237152
v -192.748230 51.607079 48.067352
v -171.120514 72.624084 67.140594
v -195.515930 23.411938 52.327118
v -180.263428 66.469727 50.997711
v 78.497070 32.798962 104.178131
v 55.460083 58.193935 93.809418
v 108.692200 4.235383 44.539978
v 107.857117 26.782555 14.463959
v -90.251282 86.838417 46.713043
v -65.726929 92.126755 63.828827
v -123.765594 86.619133 54.626984
v 50.335144 72.885773 110.110260
v -162.365875 6.929370 -212.122818
v -184.232849 3.973648 -190.846069
v -191.740356 13.662671 -191.517273
v -245.080658 13.594537 -188.432343
v -166.475220 75.214668 20.356781
v -186.563965 60.355000 0.402405
v -135.006653 70.185036 12.740692
v -197.550262 35.538055 0.842224
v -176.665131 60.477745 -4.361725
v -164.453339 68.590630 16.710297
v -29.433533 69.562180 -64.864349
v -55.294464 62.870869 -52.635956
v -5.290222 73.727608 -81.114899
v 24.622131 74.663727 -71.020081
v 7.501221 80.643921 49.415192
v -20.002625 74.252068 38.441498
v 38.731079 70.010338 47.438873
v -53.946777 78.713524 42.609894
v -77.678314 61.781216 28.613464
v 183.604309 56.924702 -23.522980
v 154.960449 53.705322 -2.327789
v 166.785400 70.744919 -13.419647
v 130.834351 81.698906 -5.750336
v 149.527466 73.883812 -2.107605
v 130.892395 58.311111 10.561340
v 148.731018 68.782036 -25.032684
v 169.514648 48.449036 -13.391785
v 135.983093 46.196793 -49.685852
v 32.154785 7.186066 79.426971
v -8.251648 62.740879 20.828552
v -20.213196 48.554333 58.112823
v -29.215759 58.795467 40.230988
v -41.161102 49.709759 40.045441
v -43.081390 54.404861 55.954132
v -42.813660 77.144531 72.155426
v -52.287415 56.019348 74.141754
v -40.452332 49.967873 60.136200
v 90.724182 43.996830 29.603790
v 74.007507 46.963928 38.415619
v 107.398010 33.068501 -2.101166
v -42.790466 27.429239 132.771576
v -114.815643 14.080122 69.403961
v -66.036469 2.266611 76.674164
v -98.578888 9.049582 103.082672
v -107.112335 11.162158 23.434082
v -121.801544 8.474150 9.317749
v -33.843994 11.746891 6.583191
v -55.071716 18.876276 26.185028
v -57.866791 3.427347 24.822723
v -19.045898 39.312115 164.127594
v -20.078430 50.508293 195.939056
v -95.037292 43.739777 10.382629
v -119.092896 32.649929 -24.970001
v -63.675018 37.523300 -25.459656
v -81.474609 13.441697 -17.254913
v -126.952789 35.905884 49.141571
v -111.289124 22.506180 37.080658
v -90.203735 37.882439 48.056549
v -101.143036 26.316595 24.626129
v -148.597504 41.451618 18.708191
v -173.232605 30.591007 21.933441
v -49.344604 69.929558 165.515778
v -92.634094 50.160084 -43.108154
v -124.018524 29.140308 -55.157440
v -104.529602 66.389694 -29.171875
v -79.567047 32.078037 -109.939484
v -102.972504 20.242817 -111.661102
v -82.955597 26.603487 -84.394104
v -83.755951 24.083475 -55.453522
v -73.642090 23.837343 -156.134247
v -64.500854 22.155249 -167.053741
v -133.855835 16.511229 -217.239563
v -134.897461 23.404253 -195.400482
v -112.573364 28.326685 -197.008392
v -148.243469 63.782982 14.756805
v -153.076141 45.781342 -16.700806
v -164.313354 39.768631 -183.428253
v -186.623199 74.489822 -165.021118
v -219.031647 43.867191 -202.186432
v -220.899292 49.893520 -151.541534
v -242.264709 29.771021 -189.083374
v -120.436127 69.506248 -150.020355
v -142.996979 72.919281 -144.682861
v -160.675903 36.181969 -137.595001
v -167.188385 71.873787 -151.892731
v -154.267883 56.258396 -129.779968
v -110.804504 65.820419 -181.853424
v -83.950806 81.436447 154.637421
v -57.928162 58.271088 149.561554
v -68.294556 50.499565 172.394257
v -85.032135 57.907593 136.158234
v -19.572571 41.615677 87.946564
v -14.680359 40.649975 107.460052
v 9.435059 76.084328 117.635895
v 31.316101 71.341736 117.527435
v 21.256165 76.963326 102.673126
v -123.420410 43.546776 90.194916
v -144.189758 71.981705 64.196014
v -181.665833 17.404325 85.920380
v -201.341309 27.736034 33.010040
v 70.954346 63.561996 100.535431
v 96.977295 5.884783 58.738068
v 75.027405 4.713155 44.017883
v 129.158569 22.503448 8.106293
v 70.565369 36.619392 16.505615
v -80.824097 76.566521 66.156830
v -63.487793 78.899742 71.208649
v -110.090973 87.064842 69.956573
v -115.527100 94.183441 100.018341
v -130.919586 91.342667 76.174042
v -158.433289 23.800983 -218.610657
v -178.580719 12.672730 -226.127655
v -199.059937 4.846776 -202.023895
v -184.200134 12.531663 -168.122894
v -206.522247 9.458721 -174.602142
v -210.063995 8.029951 -199.436340
v -170.382324 11.106366 -193.880402
v -179.568054 26.583061 -217.028183
v -236.537689 16.139517 -205.634491
v -257.000854 9.739723 -199.417297
v -189.062714 56.560711 18.209778
v -169.181366 66.253654 -23.093994
v -139.565369 65.967682 30.101654
v -135.541229 84.484352 -13.328979
v -158.727386 65.376160 -24.253998
v -168.912506 47.363590 -37.532745
v -167.461365 61.230560 -75.118073
v -182.816345 58.450066 -46.184906
v -164.447937 46.240929 -60.444489
v -179.064362 51.724068 10.989227
v -26.905273 60.331062 -76.222809
v -14.483459 66.057678 -66.708191
v -20.247192 86.504150 -60.502136
v -40.673645 94.354492 -63.700928
v -42.382507 74.099068 -61.880951
v -31.203369 83.393173 -75.320770
v 11.176697 78.121162 -52.769928
v 49.471497 103.057823 -58.666534
v 32.976685 86.134949 -59.796295
v 55.344604 72.593788 -78.479004
v 19.521118 111.129333 -42.986603
v 24.513245 78.657974 -88.151154
v -29.029785 63.036892 23.238007
v -11.067871 73.354126 -3.600250
v 41.740601 81.136223 18.082947
v 59.290100 68.443985 38.279358
v 40.449768 57.708076 53.589935
v -106.796112 58.227188 18.349731
v -60.042267 66.495132 14.919189
v -80.775330 67.899567 5.735413
v -64.531738 92.489052 -9.248108
v -62.818512 72.178864 -4.245331
v 93.840942 83.302155 4.483276
v 112.678894 71.555847 12.292816
v 93.070312 65.115341 15.963226
v 129.566467 72.629936 -20.088837
v 99.775024 78.267418 -17.155670
v 139.211365 52.574116 -27.304016
v 144.526428 36.827251 -42.375671
v 113.499268 66.526131 -52.939453
v 127.070129 28.731703 -67.342682
v 50.105713 13.108341 92.389435
v 37.177063 38.017006 79.129425
v -16.457703 48.980553 34.755829
v -2.197021 38.304146 41.603760
v -33.425354 87.245560 68.629486
v -35.881165 9.485778 152.030975
v -30.954163 13.316168 132.972748
v -17.029053 13.521007 162.913239
v -57.079041 19.538027 144.504059
v -87.636444 3.700129 74.492279
v -102.085724 3.416466 128.293427
v -62.247131 9.978323 4.660217
v -69.431915 3.341625 -29.277924
v -64.146301 8.217861 -10.727386
v -60.200104 10.355915 -21.837189
v -77.653656 7.308400 -29.937927
v -82.277618 1.934896 -43.514893
v -34.809692 16.739317 46.863617
v -15.129089 41.611897 175.779510
v -39.028809 41.087307 179.247650
v -99.126373 40.862064 -10.809723
v -79.159698 52.457199 -9.952423
v -82.708282 26.991755 11.461090
v -89.494171 40.983139 -4.861664
v -77.156372 14.793119 -37.949402
v -103.068420 37.433773 -64.398468
v -110.426697 24.628746 -59.398376
v -116.548462 15.869024 -88.703979
v -122.028076 36.407219 -61.842957
v -122.399719 63.745422 -46.689972
v -92.069519 39.557575 -107.100677
v -102.899597 38.580666 -136.303131
v -97.779266 25.913435 -90.473297
v -156.923309 32.945328 -195.572205
v -161.291168 33.096504 -211.509827
v -177.929138 36.068409 -198.757111
v -197.402618 29.105211 -205.652802
v -215.259003 31.182941 -173.130951
v -137.527222 51.621254 -28.604492
v -157.487671 41.429913 -54.248993
v -143.181122 53.487225 -30.878937
v -160.365051 51.599365 0.391541
v -202.876770 66.581749 -158.874603
v -187.302002 63.011555 -172.323303
v -169.681549 75.701248 -173.191010
v -213.659760 48.666931 -168.206970
v -236.176056 47.316284 -167.932831
v -249.268005 23.370644 -176.246124
v -46.375793 49.665321 167.368317
v -104.350708 67.286880 134.158356
v -93.072937 67.206993 153.110626
v -66.433746 45.230762 152.936432
v -81.953827 52.412518 160.407745
v -71.051422 35.528671 136.516144
v -57.863312 28.097921 148.844208
v -37.051025 46.207664 141.546967
v -96.935120 24.610043 145.075836
v -52.114258 35.093048 141.217072
v -82.816162 41.116348 145.384552
v -75.256653 19.625860 145.231049
v -2.169067 44.999836 86.969696
v -17.300537 51.817673 97.051361
v -45.883575 55.761322 100.285492
v -3.091553 75.072777 106.127960
v -119.709503 60.820057 94.108673
v -157.082275 75.113091 79.691376
v -167.992645 59.432686 100.369354
v -175.168274 14.658631 62.319305
v -133.411865 11.662173 91.961578
v -130.681122 34.041069 75.480927
v -157.226135 8.189485 81.532013
v -149.709991 26.019938 113.326996
v -150.019226 16.403362 57.770477
v -150.214844 8.419073 103.279388
v -120.908539 8.794171 123.898468
v -90.328064 21.369738 111.293732
v -140.418945 17.773035 74.390717
v -109.004700 20.092152 95.212006
v -123.544922 27.589455 91.429230
v -190.949310 27.458445 71.983185
v 91.564636 1.908896 33.917297
v 58.615173 1.904124 69.732635
v 89.306030 30.830458 24.016998
v 58.386414 21.884327 44.500458
v -155.466644 79.802872 -18.414551
v -186.475189 56.418716 -19.736176
v -103.400238 90.807251 -37.017883
v -118.725952 72.539017 -2.780670
v -159.633270 73.500610 -55.972260
v 39.473267 69.124092 -82.061981
v 63.361694 60.873932 -84.478607
v 74.399170 77.000320 -75.685669
v 32.975342 65.577553 28.351135
v 111.549377 89.153275 -4.264679
v 61.519775 91.553482 -20.796814
v 126.477661 60.028717 -42.667206
v 101.974792 70.374458 -36.783325
v 78.675110 80.248344 -34.311096
v 55.511780 82.611382 -45.685516
v 88.774536 81.825325 -49.711151
v 72.164490 96.634285 -55.999847
v 59.361023 89.892540 -69.056610
v 95.921692 63.380512 -60.344788
v 113.947998 46.774048 -57.154205
v 99.154602 46.610004 -69.244110
v 136.138306 25.160246 -69.498688
v 54.113892 41.335243 86.285309
v 30.810364 62.255287 88.551422
v 14.939331 77.910637 93.119476
v -3.392761 90.606400 113.787750
v 2.170166 44.966534 77.825714
v 20.945251 48.825512 78.964752
v -85.486572 11.319018 122.160492
v -60.579620 19.887419 123.463898
v -49.433380 7.240532 101.357147
v -60.976715 20.146605 42.318878
v -46.501862 22.531887 19.577759
v -75.850159 18.681440 1.937683
v -73.410797 13.283731 -5.627808
v -63.234833 13.531631 -21.464386
v -63.557434 21.495483 -24.314850
v -97.906982 46.959347 -54.320129
v -152.174622 6.676530 -127.636047
v -118.743134 71.836769 -30.769653
v -107.960022 57.555130 -46.097015
v -109.872742 49.204544 -58.428864
v -128.136444 34.936153 -74.441254
v -120.985474 47.994743 -60.837982
v -86.024475 42.144680 -138.910889
v -103.146393 40.458733 -157.417206
v -126.274994 12.798476 -153.184937
v -165.130859 38.206753 -38.059631
v -162.986511 23.323240 -75.099121
v -171.914307 32.546402 -57.483612
v -48.602539 50.124168 79.695221
v -66.620728 59.872112 102.691010
v -41.424469 67.935089 115.675262
v -111.483673 19.956390 114.651154
v -90.276245 42.653564 84.370270
v 67.671509 11.334581 31.851959
v 37.323669 4.489049 53.054169
v 56.989929 4.533629 49.399017
v 20.512024 10.352823 64.507416
v 15.682068 25.729517 74.152740
v 32.662903 29.461462 45.589691
v 47.149475 32.901115 25.260956
v 25.043701 40.364964 15.073517
v 53.064270 44.753643 11.338379
v -125.327728 89.569000 -30.396118
v -127.196045 79.216400 -49.052429
v -108.369446 91.412903 -18.526123
v -85.655518 101.381622 -21.234406
v -65.979614 105.318283 -25.663208
v -166.906647 63.348587 -41.500549
v -150.810181 83.885277 -76.453461
v -134.977600 93.325668 -77.773346
v 83.643677 92.177109 -13.416748
v 65.440491 82.851761 4.473022
v 64.305481 70.651268 18.730469
v 38.625427 82.414284 -28.363342
v 13.004761 89.732437 -30.478333
v 36.704102 96.684593 -38.205261
v 68.164734 46.265491 96.029083
v 16.504761 86.479950 114.447845
v -14.090332 78.962746 124.713654
v -46.484558 80.179214 107.391205
v -68.412720 10.958046 93.660919
v -32.735657 3.684094 74.356903
v -59.513733 22.299652 57.946198
v -78.386871 8.776775 54.691925
v -87.688477 9.129195 -16.830444
v -47.929871 27.620762 22.705505
v -52.957550 20.781301 -0.317169
v -67.127625 25.427647 14.297791
v -60.218567 35.569790 9.686584
v -22.289795 10.368183 20.305206
v -34.818542 43.861465 42.646912
v -35.270752 19.785419 7.439789
v -45.575348 51.205906 18.387848
v -71.916901 54.451981 34.235199
v -34.383789 29.104727 30.311432
v -39.809326 27.650908 13.612457
v -27.736572 42.369511 23.951691
v -126.325714 11.315913 -115.502838
v -128.109222 21.704090 -174.097382
v -153.918823 12.094539 -165.757324
v -148.143158 18.867392 -183.772430
v -111.721985 15.578719 -133.972870
v -97.722748 23.997984 76.149872
v -99.693390 30.516891 95.708160
v 1.042664 78.589630 -20.304443
v -23.284180 95.325760 -14.102478
v -23.519653 85.354706 102.142792
v -33.790039 94.335640 122.218292
v -37.281616 72.443375 84.391815
v -56.231873 94.916641 122.379669
v -79.666412 104.519569 102.126617
v -77.446045 74.231873 83.803802
v -81.571838 90.724625 74.460846
v -58.479980 71.679146 84.999969
v -48.653870 2.991266 83.649689
v -30.063965 30.541555 80.441681
v -26.690369 16.672644 105.178497
v -28.404663 33.528164 51.014557
v -45.120087 30.166252 102.432526
v -16.183777 36.270035 90.111237
v -16.385315 23.083582 88.424774
v -51.066132 23.160843 53.052521
v -34.891846 9.465746 28.923584
v -79.686035 56.259197 15.245789
v -73.179657 50.543182 63.223846
v -23.099792 17.124937 52.000092
v -131.858521 5.433495 -134.137054
v -154.805420 7.592877 -79.536560
v -132.321259 12.309340 -69.112457
v -127.012573 23.708187 -73.833832
v -136.420807 10.256437 -92.803894
v -154.608337 6.131426 -103.678619
v -199.166351 30.046412 -121.606903
v -177.294281 13.327252 -118.752045
v -171.234741 13.459451 -145.441895
v -188.654022 29.224222 -83.405731
v -173.646851 13.968794 -93.534943
v -189.129028 24.508820 -104.016754
v -3.579590 109.431030 -29.761566
v -22.597961 55.813988 85.649017
v -97.408112 95.935684 117.717499
v -96.317719 85.929413 125.025665
v -98.146545 103.230675 94.610016
v -39.662659 20.574518 87.624725
v -36.373962 29.043350 115.555634
v -22.302185 41.451305 65.339996
v -48.350830 43.682648 65.183563
v -35.559692 40.486187 82.682220
v -55.504944 46.977924 45.442841
v -73.067871 42.855614 81.877228
v -75.013123 40.151165 109.490021
v -51.212341 38.817371 119.293671
v -32.870789 36.873283 105.591339
v -8.835999 32.668343 117.392242
v -27.088928 37.384842 125.691376
v -8.820129 41.408604 144.379608
v -1.439880 23.664141 154.059479
v -24.466492 8.636470 59.482208
v -17.174805 21.483763 32.052094
v -33.620300 34.661755 50.031891
v -221.720764 48.915047 -120.592133
v -205.484650 42.571774 -99.469482
v -201.293915 57.924015 -116.873260
v -187.925781 46.940426 -133.982849
v -181.507263 54.943409 -154.558868
v -4.588257 93.359116 -18.459015
v -26.677551 109.800049 -32.098297
v -31.138733 113.476738 -62.531952
v -17.616882 100.991272 -73.026520
v -0.275452 114.889038 -49.904755
v -217.812561 58.745419 -134.094604
v -181.309509 24.226196 -125.301392
v -175.192871 23.800617 -94.447968
v -187.068634 42.384853 -93.693695
v -186.413940 41.066952 -114.297363
v -64.967407 113.418411 -65.673981
v -87.420135 96.895531 -70.163849
v -82.227905 103.416534 -49.267487
v -106.896088 102.577667 -55.692200
v -66.737061 112.897705 -46.657257
v -119.376099 100.565529 -65.678680
v -18.897827 115.738144 -48.402863
v -151.612152 16.395281 -87.717133
v -46.505493 110.387611 -71.193970
v -64.630951 92.265366 -65.815704
v -162.001648 13.321642 -100.216278
v -160.541107 25.682697 -97.362640
v -146.894989 34.324932 -80.319244
v -166.488037 20.189774 -66.190125
v -147.012756 21.871460 -60.287170
v -178.784393 28.083534 -77.552704
v -145.548584 47.239532 83.565582
v -129.867889 40.422455 74.500885
v -138.809570 37.879276 96.878815
v -113.177185 31.554592 119.323944
v -109.877808 50.409275 107.852692
v -96.111328 43.053177 127.757233
v -159.270782 34.039185 97.113556
v -132.011169 34.926380 115.310760
v 145.737549 35.600285 -4.966736
v -187.828339 36.412373 95.640411
v 88.662903 36.151939 -4.128479
v -131.404785 76.598808 118.146271
v -151.576233 66.849304 114.366364
v -132.327515 88.183540 103.608246
v -122.695007 68.356895 112.117462
v 9.684937 75.342514 7.719543
v -7.554626 71.632523 22.472107
v -56.292725 8.041022 -41.715881
v -195.714264 32.713753 -183.638611
v -34.659302 39.578869 159.566071
v -160.633270 46.100510 107.352509
v -175.484924 58.474930 80.093719
v 42.960815 91.068314 -4.505188
v -163.248779 52.197933 -21.544525
v -163.819946 45.171669 -93.190552
v -150.119965 37.521778 -127.887909
v -152.674591 38.598076 -119.095703
v -160.947449 22.508690 -117.518890
v -153.859283 38.277981 -109.259247
v -147.318909 46.455856 -99.348663
v -141.016479 25.932091 -108.599792
v -140.785614 56.924919 -80.280396
v -173.441833 32.575787 -104.386688
v -124.227264 25.701380 -129.681915
v -115.844482 56.144329 -126.740936
v -153.102234 66.404869 -81.565430
v -156.894226 69.063675 -80.238129
v -143.920929 23.097174 -127.908447
v -137.118774 40.792164 -120.112885
v -109.517456 35.940590 -96.898163
v -122.248962 31.516567 -111.376984
v -131.414459 54.173298 -92.329651
v -98.183685 48.691437 -87.630341
v -124.380768 42.746769 -139.346039
v -94.507385 52.573895 -123.618073
v -80.107300 49.882530 -107.200012
v -98.597229 47.623287 -108.507843
v -87.682190 51.122082 -142.001068
v -112.692413 38.625950 -119.517303
v -135.128693 71.078712 -79.696381
v -115.094849 59.126820 -80.484558
v -112.017639 71.851334 -65.862366
v -75.741547 28.258358 45.622620
v -23.313904 78.111984 -1.470886
v -43.825989 85.346054 -3.999146
v -43.812439 100.716583 -18.636444
v -71.178802 61.262875 69.172028
v -67.072052 85.330154 101.449554
v -220.091125 34.513203 -142.807526
v -228.580627 30.678127 -159.512024
v -233.324432 41.666855 -140.152588
v -216.880615 33.228107 -124.567230
v -194.662506 29.435350 -149.024048
v -181.017120 21.541374 -159.943573
v -41.112000 29.735313 69.570465
v -144.638428 22.991768 -70.527802
v -114.860138 24.266985 135.700409
v -169.461212 18.829901 103.980316
v -130.168335 48.765125 -62.247559
v -139.453888 57.493618 -66.340820
v -138.752014 56.931625 -47.944580
v -147.423462 44.824619 -75.639526
v -169.009705 41.685078 -73.581207
v -147.553314 33.750622 -91.653229
v -133.501801 43.283432 -84.613586
v -4.667847 38.075993 67.314667
vt 0.195920 0.885245
vt 0.200915 0.882770
vt 0.201697 0.888526
vt 0.200150 0.896244
vt 0.193999 0.894888
vt 0.197873 0.891041
vt 0.197508 0.911314
vt 0.202606 0.906191
vt 0.206033 0.911838
vt 0.206866 0.886355
vt 0.213027 0.884778
vt 0.209085 0.891807
vt 0.190821 0.889259
vt 0.249232 0.973292
vt 0.250591 0.978554
vt 0.243555 0.975786
vt 0.204892 0.882138
vt 0.215176 0.893818
vt 0.210475 0.900099
vt 0.225136 0.911605
vt 0.222101 0.917760
vt 0.216676 0.913991
vt 0.191062 0.898443
vt 0.209548 0.881007
vt 0.215501 0.880630
vt 0.220951 0.893675
vt 0.223233 0.888466
vt 0.280620 0.880846
vt 0.279450 0.892089
vt 0.276399 0.886533
vt 0.316627 0.892927
vt 0.318900 0.887878
vt 0.320423 0.896577
vt 0.256575 0.888226
vt 0.252569 0.883692
vt 0.261430 0.879897
vt 0.289869 0.876017
vt 0.284600 0.879966
vt 0.281546 0.874423
vt 0.231908 0.893390
vt 0.230197 0.886832
vt 0.208257 0.902865
vt 0.204751 0.895122
vt 0.207563 0.896440
vt 0.174836 0.927420
vt 0.179982 0.919672
vt 0.181312 0.925867
vt 0.258006 0.945646
vt 0.252507 0.939162
vt 0.261680 0.940488
vt 0.186218 0.919889
vt 0.182906 0.912379
vt 0.191005 0.926494
vt 0.183271 0.932020
vt 0.193479 0.902593
vt 0.193449 0.907666
vt 0.186597 0.903358
vt 0.191933 0.936328
vt 0.190029 0.931643
vt 0.195925 0.930952
vt 0.318811 0.915837
vt 0.313607 0.916710
vt 0.317516 0.908507
vt 0.200712 0.950557
vt 0.211057 0.950279
vt 0.207224 0.958666
vt 0.200843 0.937527
vt 0.201545 0.941037
vt 0.197162 0.941535
vt 0.299082 0.876298
vt 0.300168 0.882361
vt 0.293924 0.882618
vt 0.228783 0.897987
vt 0.238497 0.882064
vt 0.243276 0.882233
vt 0.237504 0.887348
vt 0.217323 0.957724
vt 0.213705 0.966092
vt 0.282853 0.891645
vt 0.288041 0.891160
vt 0.285694 0.896693
vt 0.220921 0.964640
vt 0.220765 0.972684
vt 0.307962 0.877029
vt 0.303919 0.887282
vt 0.224077 0.881648
vt 0.224592 0.884855
vt 0.219575 0.883003
vt 0.225425 0.968598
vt 0.265343 0.874438
vt 0.271147 0.883000
vt 0.229272 0.976282
vt 0.198381 0.900889
vt 0.293735 0.890742
vt 0.240300 0.876580
vt 0.247213 0.875090
vt 0.264283 0.893575
vt 0.255055 0.893838
vt 0.262092 0.886921
vt 0.299515 0.891404
vt 0.270592 0.895119
vt 0.284388 0.886316
vt 0.316214 0.878505
vt 0.311432 0.886474
vt 0.256402 0.874658
vt 0.250917 0.889291
vt 0.311081 0.894023
vt 0.302255 0.896641
vt 0.274003 0.874098
vt 0.311652 0.926770
vt 0.310622 0.934771
vt 0.305526 0.927032
vt 0.315175 0.903023
vt 0.321390 0.903010
vt 0.320424 0.912670
vt 0.321213 0.920213
vt 0.278489 0.954264
vt 0.284375 0.959116
vt 0.274842 0.962027
vt 0.297780 0.934343
vt 0.294968 0.938882
vt 0.291400 0.932192
vt 0.254440 0.948537
vt 0.253894 0.951550
vt 0.249322 0.954322
vt 0.247164 0.981751
vt 0.237677 0.979839
vt 0.318101 0.930879
vt 0.319712 0.925730
vt 0.325750 0.928342
vt 0.317334 0.925043
vt 0.316742 0.921014
vt 0.232251 0.879463
vt 0.270319 0.905310
vt 0.262636 0.900486
vt 0.266259 0.962223
vt 0.265322 0.956134
vt 0.273217 0.934830
vt 0.266834 0.940076
vt 0.270565 0.932480
vt 0.295027 0.954080
vt 0.293163 0.947025
vt 0.301130 0.946412
vt 0.288984 0.961109
vt 0.285179 0.966672
vt 0.276748 0.900249
vt 0.283083 0.899341
vt 0.280392 0.907500
vt 0.303851 0.940307
vt 0.299924 0.941315
vt 0.192882 0.879431
vt 0.234900 0.892338
vt 0.201552 0.927117
vt 0.203371 0.932318
vt 0.196310 0.921758
vt 0.303147 0.933136
vt 0.300579 0.904258
vt 0.307698 0.904590
vt 0.303034 0.913177
vt 0.308019 0.919081
vt 0.216273 0.903551
vt 0.259148 0.953693
vt 0.261506 0.947442
vt 0.266396 0.951024
vt 0.269027 0.912117
vt 0.274787 0.913975
vt 0.302145 0.917275
vt 0.299627 0.920003
vt 0.294363 0.915266
vt 0.271420 0.975244
vt 0.270374 0.968712
vt 0.276796 0.971941
vt 0.271698 0.953127
vt 0.292848 0.898423
vt 0.208965 0.908133
vt 0.230455 0.903472
vt 0.222786 0.905411
vt 0.229766 0.910259
vt 0.238815 0.905673
vt 0.235341 0.913707
vt 0.307425 0.898827
vt 0.285363 0.904887
vt 0.190618 0.912755
vt 0.194932 0.916448
vt 0.269725 0.923076
vt 0.261642 0.928086
vt 0.259883 0.921234
vt 0.207892 0.915061
vt 0.205960 0.921840
vt 0.210352 0.934704
vt 0.206972 0.927060
vt 0.215966 0.930123
vt 0.201687 0.916631
vt 0.293864 0.925060
vt 0.297331 0.927983
vt 0.308606 0.910189
vt 0.313579 0.911185
vt 0.206334 0.948265
vt 0.230577 0.954205
vt 0.232873 0.961136
vt 0.226571 0.957866
vt 0.253034 0.922316
vt 0.247944 0.919701
vt 0.255715 0.916076
vt 0.254707 0.966305
vt 0.260233 0.960806
vt 0.261602 0.970169
vt 0.277235 0.947774
vt 0.280366 0.945461
vt 0.285548 0.950797
vt 0.271829 0.947069
vt 0.286221 0.943567
vt 0.265760 0.974674
vt 0.223289 0.898372
vt 0.240010 0.891304
vt 0.238674 0.896601
vt 0.255381 0.902137
vt 0.248176 0.900193
vt 0.245408 0.890522
vt 0.233299 0.898918
vt 0.293177 0.906076
vt 0.263810 0.915609
vt 0.207754 0.942539
vt 0.210124 0.921434
vt 0.212847 0.945137
vt 0.288916 0.938795
vt 0.283965 0.931928
vt 0.303807 0.922366
vt 0.288700 0.929368
vt 0.279829 0.939044
vt 0.218700 0.951365
vt 0.231220 0.940370
vt 0.225416 0.948417
vt 0.224121 0.939315
vt 0.239894 0.964170
vt 0.243607 0.960852
vt 0.243412 0.967643
vt 0.237367 0.972427
vt 0.232050 0.967249
vt 0.257611 0.973572
vt 0.288952 0.955204
vt 0.278893 0.966604
vt 0.262795 0.979470
vt 0.255522 0.979675
vt 0.214002 0.908918
vt 0.215768 0.937867
vt 0.219198 0.945099
vt 0.222774 0.924308
vt 0.229187 0.919522
vt 0.260230 0.908326
vt 0.249490 0.910134
vt 0.256541 0.929349
vt 0.243813 0.896289
vt 0.298568 0.910293
vt 0.289168 0.911684
vt 0.240180 0.958108
vt 0.249275 0.961619
vt 0.252193 0.955882
vt 0.250380 0.967704
vt 0.265954 0.945316
vt 0.274790 0.940961
vt 0.250308 0.947845
vt 0.277653 0.934609
vt 0.236614 0.954004
vt 0.243043 0.949010
vt 0.244075 0.954613
vt 0.261697 0.934800
vt 0.255793 0.934924
vt 0.267029 0.928261
vt 0.244892 0.905627
vt 0.285432 0.918141
vt 0.282265 0.922697
vt 0.285508 0.912925
vt 0.285969 0.925468
vt 0.232558 0.947301
vt 0.238437 0.943283
vt 0.231082 0.933577
vt 0.238120 0.936918
vt 0.235061 0.920104
vt 0.245281 0.942132
vt 0.245931 0.937443
vt 0.226159 0.929491
vt 0.221494 0.932940
vt 0.217540 0.922880
vt 0.241502 0.917674
vt 0.235987 0.931498
vt 0.231184 0.926200
vt 0.243141 0.933106
vt 0.237393 0.926062
vt 0.244751 0.926498
vt 0.251157 0.928162
vt 0.248352 0.933111
vt 0.276013 0.920727
vt 0.274917 0.926509
vt 0.278412 0.929682
vt 0.953629 0.179130
vt 0.961488 0.184584
vt 0.953909 0.186438
vt 0.962193 0.172584
vt 0.966726 0.178204
vt 0.963472 0.178225
vt 0.959160 0.142118
vt 0.965327 0.140919
vt 0.963538 0.151706
vt 0.946312 0.182727
vt 0.929776 0.144296
vt 0.937010 0.146336
vt 0.928011 0.150374
vt 0.967061 0.184641
vt 0.980556 0.168275
vt 0.973131 0.169654
vt 0.973897 0.163594
vt 0.947507 0.176799
vt 0.937515 0.169493
vt 0.947527 0.170726
vt 0.956942 0.171590
vt 0.937810 0.178180
vt 0.973778 0.177003
vt 0.931809 0.160477
vt 0.923097 0.157931
vt 0.855308 0.130404
vt 0.862588 0.132433
vt 0.856979 0.136635
vt 0.912471 0.149041
vt 0.917605 0.149758
vt 0.914779 0.154926
vt 0.937286 0.158472
vt 0.859816 0.127185
vt 0.867253 0.129691
vt 0.929525 0.173066
vt 0.959254 0.163213
vt 0.952465 0.167952
vt 0.911378 0.152885
vt 0.912988 0.154784
vt 0.907438 0.157061
vt 0.996355 0.151558
vt 0.989000 0.158570
vt 0.990045 0.151454
vt 0.929327 0.134548
vt 0.920920 0.138908
vt 0.924161 0.134090
vt 0.982811 0.155996
vt 0.986522 0.161296
vt 0.881820 0.078842
vt 0.879392 0.083942
vt 0.873219 0.084238
vt 0.938045 0.152609
vt 0.982513 0.143514
vt 0.984354 0.138415
vt 0.989012 0.144777
vt 0.975348 0.131198
vt 0.976707 0.139189
vt 0.970138 0.136125
vt 0.981192 0.149292
vt 0.873266 0.141205
vt 0.864136 0.139665
vt 0.870163 0.134704
vt 0.981294 0.113345
vt 0.981190 0.123259
vt 0.975759 0.120275
vt 0.973359 0.127157
vt 0.918398 0.145208
vt 0.921655 0.167411
vt 0.926223 0.163329
vt 0.931413 0.166892
vt 0.878531 0.131138
vt 0.889394 0.135889
vt 0.879755 0.135977
vt 0.979160 0.104043
vt 0.974449 0.109591
vt 0.857623 0.104505
vt 0.853304 0.108574
vt 0.857135 0.101116
vt 0.969537 0.092363
vt 0.969347 0.086486
vt 0.975118 0.094721
vt 0.849777 0.127738
vt 0.850990 0.118168
vt 0.858230 0.123924
vt 0.968584 0.129689
vt 0.925775 0.079787
vt 0.924678 0.087125
vt 0.916541 0.084016
vt 0.899580 0.146027
vt 0.905191 0.149649
vt 0.900276 0.151270
vt 0.942057 0.162342
vt 0.966302 0.169256
vt 0.890897 0.144667
vt 0.890274 0.137141
vt 0.898130 0.139269
vt 0.905433 0.139418
vt 0.902101 0.135813
vt 0.905337 0.136736
vt 0.899177 0.147235
vt 0.900391 0.140713
vt 0.882276 0.141760
vt 0.908311 0.144105
vt 0.912306 0.143852
vt 0.914445 0.161104
vt 0.849204 0.136846
vt 0.876396 0.122386
vt 0.872974 0.129817
vt 0.947420 0.068194
vt 0.955825 0.072445
vt 0.949547 0.075112
vt 0.858572 0.116408
vt 0.883954 0.119161
vt 0.882939 0.127681
vt 0.862362 0.105683
vt 0.862618 0.100205
vt 0.909884 0.071907
vt 0.904290 0.079590
vt 0.903193 0.072753
vt 0.921677 0.060864
vt 0.930245 0.061235
vt 0.926470 0.063982
vt 0.901648 0.129845
vt 0.905322 0.132527
vt 0.901874 0.133468
vt 0.950878 0.162342
vt 0.941296 0.069306
vt 0.939653 0.063957
vt 0.939002 0.073739
vt 0.910206 0.137632
vt 0.897172 0.068241
vt 0.905256 0.065041
vt 0.858749 0.091541
vt 0.865594 0.093080
vt 0.856991 0.097722
vt 0.853209 0.088451
vt 0.912199 0.078585
vt 0.920590 0.074577
vt 0.885717 0.095703
vt 0.889980 0.098966
vt 0.887978 0.104508
vt 0.874426 0.092488
vt 0.894662 0.072725
vt 0.888808 0.072625
vt 0.909022 0.127916
vt 0.896922 0.077579
vt 0.915636 0.140464
vt 0.897203 0.129021
vt 0.898820 0.123967
vt 0.960461 0.191057
vt 0.895781 0.136410
vt 0.971516 0.143496
vt 0.976085 0.146513
vt 0.868337 0.099316
vt 0.863468 0.120439
vt 0.865712 0.124526
vt 0.863156 0.086824
vt 0.947183 0.153889
vt 0.935142 0.111700
vt 0.936323 0.118982
vt 0.929082 0.117232
vt 0.908060 0.066482
vt 0.917562 0.068001
vt 0.915638 0.122358
vt 0.912982 0.115488
vt 0.920248 0.116754
vt 0.956633 0.081802
vt 0.958360 0.077875
vt 0.963038 0.086135
vt 0.946417 0.081508
vt 0.893729 0.080494
vt 0.874873 0.101002
vt 0.869749 0.105144
vt 0.881222 0.111058
vt 0.877308 0.116279
vt 0.872815 0.111909
vt 0.862562 0.111586
vt 0.888773 0.129428
vt 0.899636 0.133163
vt 0.956613 0.154963
vt 0.934122 0.140622
vt 0.925344 0.140540
vt 0.954326 0.140876
vt 0.955248 0.135927
vt 0.925721 0.122179
vt 0.919969 0.128388
vt 0.922482 0.145020
vt 0.964849 0.163046
vt 0.961014 0.157694
vt 0.977993 0.160993
vt 0.974326 0.156205
vt 0.974867 0.149829
vt 0.969778 0.159872
vt 0.968983 0.148808
vt 0.962539 0.133904
vt 0.962414 0.128022
vt 0.982328 0.129323
vt 0.956086 0.147339
vt 0.944166 0.101743
vt 0.949989 0.094428
vt 0.951485 0.101352
vt 0.957236 0.129326
vt 0.968458 0.126631
vt 0.969970 0.116676
vt 0.960391 0.118775
vt 0.964681 0.119821
vt 0.959505 0.092087
vt 0.880486 0.094297
vt 0.866091 0.115052
vt 0.900488 0.082407
vt 0.934646 0.069032
vt 0.926545 0.069689
vt 0.909680 0.085015
vt 0.915895 0.090132
vt 0.908667 0.089627
vt 0.929461 0.074794
vt 0.934559 0.077729
vt 0.930884 0.082636
vt 0.971138 0.101646
vt 0.966633 0.094347
vt 0.965401 0.101197
vt 0.882735 0.088125
vt 0.888969 0.090476
vt 0.950026 0.148486
vt 0.943065 0.146742
vt 0.948977 0.142493
vt 0.901625 0.112326
vt 0.891058 0.113029
vt 0.895364 0.106709
vt 0.913966 0.130258
vt 0.913310 0.133821
vt 0.917914 0.136425
vt 0.939341 0.094263
vt 0.946795 0.137304
vt 0.948652 0.132657
vt 0.941969 0.137981
vt 0.969450 0.110756
vt 0.958428 0.099711
vt 0.964092 0.114015
vt 0.951750 0.125683
vt 0.945528 0.127411
vt 0.954925 0.110660
vt 0.965050 0.108750
vt 0.880744 0.099917
vt 0.881800 0.105278
vt 0.870429 0.118893
vt 0.875557 0.104619
vt 0.911835 0.062148
vt 0.901813 0.088317
vt 0.888370 0.083130
vt 0.962514 0.079937
vt 0.959157 0.106081
vt 0.950450 0.106966
vt 0.939347 0.081498
vt 0.904466 0.107881
vt 0.898176 0.101918
vt 0.903930 0.121866
vt 0.936607 0.134546
vt 0.940997 0.131278
vt 0.906289 0.094829
vt 0.892369 0.085792
vt 0.900179 0.092957
vt 0.903345 0.102438
vt 0.937032 0.087146
vt 0.942850 0.087545
vt 0.931656 0.088819
vt 0.921833 0.102936
vt 0.927421 0.098078
vt 0.932048 0.104918
vt 0.951164 0.087041
vt 0.934893 0.096940
vt 0.927010 0.092474
vt 0.885422 0.114624
vt 0.889440 0.121678
vt 0.901556 0.118632
vt 0.894985 0.119808
vt 0.907996 0.120307
vt 0.933097 0.120394
vt 0.926851 0.127991
vt 0.933375 0.130320
vt 0.937187 0.125063
vt 0.914440 0.095170
vt 0.916863 0.102866
vt 0.894913 0.096944
vt 0.938333 0.104857
vt 0.909237 0.103995
vt 0.913634 0.100150
vt 0.912720 0.109631
vt 0.921227 0.093355
vt 0.893247 0.125567
vt 0.907667 0.110275
vt 0.945229 0.110324
vt 0.942547 0.114236
vt 0.946915 0.121267
vt 0.941370 0.121405
vt 0.952267 0.116831
vt 0.929730 0.125835
vt 0.929090 0.110441
vt 0.923389 0.112783
vt 0.917323 0.108239
vt 0.910869 0.094137
vt 0.137310 0.727680
vt 0.144167 0.735188
vt 0.135880 0.734705
vt 0.021181 0.517825
vt 0.016840 0.510970
vt 0.022759 0.513799
vt 0.028878 0.518250
vt 0.024204 0.518417
vt 0.149895 0.723048
vt 0.145063 0.728659
vt 0.142602 0.722747
vt 0.033274 0.516622
vt 0.032293 0.513698
vt 0.151133 0.730865
vt 0.044158 0.511261
vt 0.037900 0.511288
vt 0.041964 0.509743
vt 0.179141 0.636613
vt 0.175668 0.633423
vt 0.183295 0.629338
vt 0.122472 0.619753
vt 0.128511 0.613345
vt 0.129268 0.622590
vt 0.024118 0.524535
vt 0.029399 0.524992
vt 0.180955 0.723103
vt 0.178828 0.728094
vt 0.174134 0.721598
vt 0.053934 0.516495
vt 0.049606 0.511297
vt 0.053396 0.513000
vt 0.018162 0.527247
vt 0.022497 0.519339
vt 0.025298 0.533755
vt 0.016232 0.535715
vt 0.025556 0.509021
vt 0.034421 0.505920
vt 0.060535 0.509717
vt 0.058551 0.516348
vt 0.030176 0.535386
vt 0.023003 0.540181
vt 0.026094 0.594333
vt 0.023114 0.584759
vt 0.028338 0.588567
vt 0.089180 0.587002
vt 0.096547 0.584349
vt 0.092949 0.594059
vt 0.019668 0.548969
vt 0.015205 0.552349
vt 0.015180 0.544365
vt 0.101604 0.564854
vt 0.113461 0.566039
vt 0.105774 0.569616
vt 0.054426 0.504651
vt 0.050249 0.508780
vt 0.045382 0.505783
vt 0.130046 0.727809
vt 0.131013 0.719314
vt 0.069748 0.506868
vt 0.063570 0.501290
vt 0.073126 0.498715
vt 0.176334 0.505321
vt 0.187966 0.502040
vt 0.186509 0.509795
vt 0.195122 0.513331
vt 0.193970 0.507084
vt 0.201331 0.513582
vt 0.090830 0.503540
vt 0.079494 0.507716
vt 0.078725 0.501595
vt 0.096615 0.507765
vt 0.098803 0.500260
vt 0.201348 0.494589
vt 0.201331 0.504201
vt 0.196307 0.499507
vt 0.103629 0.495199
vt 0.093460 0.496136
vt 0.108934 0.499769
vt 0.104101 0.504778
vt 0.089738 0.511167
vt 0.098210 0.513894
vt 0.116536 0.518550
vt 0.109698 0.518916
vt 0.113519 0.508873
vt 0.097955 0.546769
vt 0.109991 0.547411
vt 0.104970 0.551712
vt 0.113685 0.527596
vt 0.105094 0.532747
vt 0.097200 0.528305
vt 0.104824 0.523306
vt 0.101219 0.519038
vt 0.046790 0.524099
vt 0.039513 0.519930
vt 0.046578 0.515819
vt 0.119450 0.531401
vt 0.112673 0.537469
vt 0.100537 0.593908
vt 0.102443 0.584238
vt 0.110769 0.574354
vt 0.106148 0.579366
vt 0.099868 0.574603
vt 0.105091 0.542360
vt 0.088638 0.528999
vt 0.088207 0.534616
vt 0.083789 0.530539
vt 0.107706 0.509309
vt 0.180835 0.495196
vt 0.191130 0.494849
vt 0.041900 0.552510
vt 0.049842 0.551069
vt 0.046650 0.558585
vt 0.105253 0.560058
vt 0.096635 0.555106
vt 0.013933 0.597895
vt 0.014082 0.588382
vt 0.019644 0.593306
vt 0.023808 0.602329
vt 0.017786 0.602454
vt 0.034776 0.556704
vt 0.080361 0.515378
vt 0.090214 0.516999
vt 0.085323 0.520903
vt 0.021152 0.620791
vt 0.022949 0.629766
vt 0.017270 0.630051
vt 0.011739 0.633583
vt 0.016874 0.639057
vt 0.009991 0.641743
vt 0.012979 0.625612
vt 0.030721 0.621628
vt 0.028893 0.627649
vt 0.104640 0.514157
vt 0.070853 0.712043
vt 0.078015 0.715889
vt 0.068093 0.720590
vt 0.019048 0.646683
vt 0.030382 0.723560
vt 0.034743 0.729321
vt 0.030405 0.731934
vt 0.147035 0.744101
vt 0.140652 0.742493
vt 0.086740 0.722014
vt 0.079470 0.726466
vt 0.081046 0.720884
vt 0.050536 0.730346
vt 0.060655 0.729655
vt 0.056460 0.735454
vt 0.052599 0.708146
vt 0.044014 0.710657
vt 0.050885 0.704857
vt 0.097234 0.660261
vt 0.109945 0.660149
vt 0.105588 0.664863
vt 0.042119 0.692924
vt 0.047642 0.699215
vt 0.043230 0.702454
vt 0.151272 0.738926
vt 0.152965 0.747068
vt 0.062421 0.739428
vt 0.065877 0.733132
vt 0.069539 0.740645
vt 0.137479 0.718932
vt 0.038889 0.653379
vt 0.042972 0.663434
vt 0.037115 0.664805
vt 0.042766 0.728736
vt 0.038900 0.725504
vt 0.014732 0.578955
vt 0.016305 0.570178
vt 0.021295 0.575603
vt 0.090160 0.716992
vt 0.095959 0.706339
vt 0.104908 0.701751
vt 0.105036 0.709671
vt 0.162488 0.715402
vt 0.169310 0.709595
vt 0.170847 0.716676
vt 0.039163 0.674814
vt 0.045167 0.674591
vt 0.115034 0.583952
vt 0.106479 0.588979
vt 0.054727 0.724887
vt 0.048088 0.722944
vt 0.053985 0.718039
vt 0.095797 0.719665
vt 0.090848 0.608644
vt 0.096823 0.604246
vt 0.096486 0.613665
vt 0.076097 0.710409
vt 0.102443 0.613037
vt 0.100161 0.622446
vt 0.073560 0.732989
vt 0.072532 0.726060
vt 0.083163 0.707873
vt 0.036398 0.735421
vt 0.050529 0.740560
vt 0.047916 0.735291
vt 0.042158 0.736870
vt 0.097684 0.712613
vt 0.088182 0.711504
vt 0.065383 0.748672
vt 0.057622 0.744609
vt 0.064542 0.726489
vt 0.083239 0.497289
vt 0.162678 0.708843
vt 0.035438 0.705582
vt 0.037668 0.695972
vt 0.021710 0.567279
vt 0.015767 0.561204
vt 0.022623 0.558109
vt 0.125620 0.500786
vt 0.134568 0.494528
vt 0.129378 0.505983
vt 0.197871 0.518687
vt 0.201473 0.523391
vt 0.178193 0.565919
vt 0.184073 0.573862
vt 0.176236 0.574177
vt 0.139558 0.502394
vt 0.149630 0.504539
vt 0.143751 0.507321
vt 0.197371 0.567190
vt 0.193460 0.557472
vt 0.202147 0.563091
vt 0.153073 0.530811
vt 0.149158 0.538894
vt 0.143829 0.531370
vt 0.175935 0.499117
vt 0.031552 0.646344
vt 0.026538 0.653234
vt 0.196302 0.552475
vt 0.187610 0.553560
vt 0.193596 0.547086
vt 0.166300 0.503822
vt 0.159781 0.497183
vt 0.170410 0.495738
vt 0.131790 0.637536
vt 0.129123 0.648680
vt 0.127018 0.641123
vt 0.027946 0.634365
vt 0.033777 0.638132
vt 0.025279 0.640710
vt 0.109911 0.603409
vt 0.114578 0.593701
vt 0.115568 0.603245
vt 0.096111 0.626900
vt 0.092275 0.622458
vt 0.121148 0.645279
vt 0.117831 0.651140
vt 0.115680 0.641768
vt 0.115820 0.622586
vt 0.119390 0.612971
vt 0.059714 0.644296
vt 0.067267 0.646138
vt 0.061309 0.653164
vt 0.201608 0.533389
vt 0.193749 0.528553
vt 0.110020 0.622562
vt 0.112146 0.613003
vt 0.200494 0.581616
vt 0.200637 0.589217
vt 0.193737 0.585335
vt 0.099955 0.650643
vt 0.092283 0.656892
vt 0.049062 0.668239
vt 0.121888 0.509977
vt 0.144887 0.750619
vt 0.156251 0.728196
vt 0.157364 0.737103
vt 0.202330 0.572764
vt 0.136326 0.712650
vt 0.189437 0.572113
vt 0.190488 0.566595
vt 0.127837 0.512102
vt 0.135420 0.506758
vt 0.134173 0.515719
vt 0.189086 0.524468
vt 0.189227 0.532615
vt 0.184566 0.528743
vt 0.195977 0.613311
vt 0.195951 0.621922
vt 0.191555 0.616939
vt 0.189111 0.609451
vt 0.197529 0.606377
vt 0.189898 0.626153
vt 0.186356 0.619189
vt 0.062098 0.720628
vt 0.187429 0.585248
vt 0.189053 0.588112
vt 0.167386 0.593801
vt 0.172252 0.587507
vt 0.175393 0.595026
vt 0.106700 0.627265
vt 0.187614 0.632749
vt 0.195558 0.593377
vt 0.046891 0.595119
vt 0.044038 0.602476
vt 0.039501 0.595219
vt 0.114891 0.712602
vt 0.121792 0.714969
vt 0.114264 0.719151
vt 0.147434 0.712560
vt 0.170445 0.655293
vt 0.164409 0.651058
vt 0.172995 0.650041
vt 0.032482 0.713793
vt 0.034620 0.718700
vt 0.193786 0.628573
vt 0.193741 0.636148
vt 0.099383 0.669689
vt 0.097972 0.679094
vt 0.092177 0.673228
vt 0.156221 0.688143
vt 0.160942 0.683194
vt 0.161684 0.691471
vt 0.111804 0.669208
vt 0.105141 0.674408
vt 0.096486 0.688587
vt 0.111981 0.687629
vt 0.105032 0.692645
vt 0.100056 0.697093
vt 0.110954 0.693664
vt 0.176054 0.704239
vt 0.173436 0.708106
vt 0.171984 0.700901
vt 0.128915 0.712296
vt 0.116419 0.678611
vt 0.111093 0.675491
vt 0.093080 0.697262
vt 0.124806 0.675853
vt 0.120220 0.668850
vt 0.083984 0.668088
vt 0.078509 0.673368
vt 0.075468 0.666363
vt 0.108858 0.714399
vt 0.104764 0.719131
vt 0.122841 0.722220
vt 0.127493 0.704975
vt 0.133123 0.707324
vt 0.123040 0.708704
vt 0.114169 0.706267
vt 0.111052 0.650849
vt 0.105694 0.655373
vt 0.178458 0.712918
vt 0.170874 0.690504
vt 0.178060 0.684515
vt 0.178653 0.694671
vt 0.121272 0.702623
vt 0.111340 0.700476
vt 0.173074 0.641276
vt 0.170225 0.634892
vt 0.034834 0.670264
vt 0.036148 0.679916
vt 0.112256 0.632137
vt 0.106645 0.636712
vt 0.102373 0.631916
vt 0.089631 0.703779
vt 0.082585 0.705106
vt 0.082132 0.696279
vt 0.163648 0.666131
vt 0.156079 0.670121
vt 0.157841 0.663791
vt 0.162716 0.674850
vt 0.185408 0.731222
vt 0.171266 0.729877
vt 0.167339 0.722986
vt 0.105279 0.683809
vt 0.160974 0.742745
vt 0.176647 0.734676
vt 0.146569 0.706536
vt 0.140398 0.704811
vt 0.166472 0.733395
vt 0.153664 0.495333
vt 0.149747 0.498531
vt 0.144855 0.494723
vt 0.149380 0.515331
vt 0.153411 0.510155
vt 0.152364 0.679708
vt 0.185073 0.640251
vt 0.113953 0.494812
vt 0.116209 0.560481
vt 0.123424 0.552382
vt 0.126662 0.558930
vt 0.106215 0.646074
vt 0.176610 0.513166
vt 0.186973 0.515783
vt 0.181893 0.518992
vt 0.124250 0.494580
vt 0.119162 0.502024
vt 0.168663 0.738877
vt 0.157170 0.722285
vt 0.161877 0.725584
vt 0.179390 0.646939
vt 0.178482 0.640768
vt 0.087843 0.689848
vt 0.048255 0.693532
vt 0.043909 0.685443
vt 0.067820 0.659675
vt 0.073864 0.656448
vt 0.040863 0.707901
vt 0.120334 0.686989
vt 0.127743 0.683090
vt 0.128700 0.693856
vt 0.174701 0.679620
vt 0.168927 0.680374
vt 0.123207 0.655373
vt 0.176146 0.619898
vt 0.180588 0.609321
vt 0.184248 0.614100
vt 0.048405 0.529853
vt 0.053208 0.530992
vt 0.044634 0.534823
vt 0.053534 0.590387
vt 0.047782 0.589021
vt 0.033861 0.530497
vt 0.035571 0.525609
vt 0.039612 0.538490
vt 0.106604 0.598636
vt 0.087050 0.579820
vt 0.069716 0.572573
vt 0.073058 0.578434
vt 0.065956 0.577914
vt 0.034913 0.629324
vt 0.040686 0.628268
vt 0.041614 0.635366
vt 0.038285 0.567568
vt 0.035208 0.562634
vt 0.058163 0.519600
vt 0.093870 0.537647
vt 0.076433 0.517976
vt 0.071390 0.514545
vt 0.074268 0.510986
vt 0.095410 0.564363
vt 0.078663 0.564161
vt 0.078001 0.556214
vt 0.084934 0.564291
vt 0.095287 0.519501
vt 0.092453 0.524768
vt 0.128387 0.518266
vt 0.137735 0.520970
vt 0.129269 0.525055
vt 0.121379 0.563638
vt 0.127795 0.567280
vt 0.123449 0.575113
vt 0.122564 0.525022
vt 0.158390 0.508001
vt 0.155300 0.502135
vt 0.139765 0.526746
vt 0.148658 0.523631
vt 0.113746 0.554685
vt 0.139276 0.613064
vt 0.143274 0.603607
vt 0.148135 0.609128
vt 0.165786 0.537824
vt 0.158306 0.543299
vt 0.157517 0.536416
vt 0.178781 0.551050
vt 0.167179 0.546570
vt 0.171963 0.541404
vt 0.189211 0.593920
vt 0.191682 0.600465
vt 0.172867 0.613623
vt 0.018153 0.611309
vt 0.013773 0.616178
vt 0.013561 0.606597
vt 0.045528 0.654758
vt 0.048432 0.660912
vt 0.021866 0.635685
vt 0.036967 0.643222
vt 0.032916 0.652188
vt 0.038525 0.621550
vt 0.047611 0.639820
vt 0.042815 0.644405
vt 0.051390 0.631150
vt 0.059397 0.628097
vt 0.056194 0.638123
vt 0.047313 0.650147
vt 0.055433 0.650495
vt 0.051490 0.654957
vt 0.098822 0.641261
vt 0.096005 0.632873
vt 0.067893 0.624716
vt 0.063654 0.633057
vt 0.092250 0.665739
vt 0.052570 0.645652
vt 0.071066 0.675338
vt 0.052523 0.681840
vt 0.059760 0.684282
vt 0.054288 0.689209
vt 0.171324 0.516241
vt 0.164623 0.521002
vt 0.166286 0.512815
vt 0.177276 0.537446
vt 0.189435 0.538748
vt 0.188339 0.544459
vt 0.170680 0.508145
vt 0.170684 0.662109
vt 0.164172 0.658494
vt 0.161546 0.646294
vt 0.156529 0.653463
vt 0.151335 0.649250
vt 0.121475 0.680945
vt 0.106618 0.617797
vt 0.120485 0.606840
vt 0.191918 0.518858
vt 0.172273 0.627861
vt 0.178013 0.627053
vt 0.183453 0.602356
vt 0.158478 0.703925
vt 0.154493 0.696907
vt 0.160791 0.697841
vt 0.153198 0.717141
vt 0.155010 0.710688
vt 0.146742 0.701038
vt 0.149666 0.689222
vt 0.166712 0.699089
vt 0.161030 0.731320
vt 0.179989 0.620237
vt 0.170758 0.643082
vt 0.177646 0.653941
vt 0.076923 0.702546
vt 0.077441 0.707264
vt 0.087271 0.660178
vt 0.067046 0.706462
vt 0.071707 0.703803
vt 0.060584 0.703291
vt 0.054802 0.697370
vt 0.061748 0.694832
vt 0.172419 0.696848
vt 0.170530 0.669960
vt 0.130236 0.669059
vt 0.133254 0.676836
vt 0.116110 0.660246
vt 0.122233 0.662261
vt 0.028959 0.563179
vt 0.040759 0.514873
vt 0.040868 0.525268
vt 0.061168 0.525623
vt 0.055897 0.526383
vt 0.079713 0.577441
vt 0.081924 0.584798
vt 0.090374 0.552852
vt 0.089120 0.546427
vt 0.102747 0.603500
vt 0.030983 0.580211
vt 0.034758 0.617450
vt 0.032366 0.594014
vt 0.033696 0.585406
vt 0.098967 0.534029
vt 0.092602 0.532072
vt 0.083643 0.544212
vt 0.074436 0.545605
vt 0.076699 0.539424
vt 0.077166 0.532481
vt 0.077864 0.523829
vt 0.083183 0.526765
vt 0.124620 0.545369
vt 0.116436 0.546716
vt 0.122713 0.516140
vt 0.134440 0.529625
vt 0.163517 0.508222
vt 0.139005 0.511592
vt 0.123459 0.581659
vt 0.117404 0.574204
vt 0.136213 0.572322
vt 0.129737 0.574325
vt 0.123648 0.626590
vt 0.193346 0.576204
vt 0.189381 0.560912
vt 0.180530 0.580402
vt 0.187835 0.578843
vt 0.033419 0.612064
vt 0.024275 0.611261
vt 0.029631 0.606395
vt 0.025818 0.617405
vt 0.043289 0.618002
vt 0.039437 0.613407
vt 0.090574 0.616324
vt 0.068256 0.652704
vt 0.073285 0.628017
vt 0.081608 0.629291
vt 0.075087 0.634149
vt 0.032226 0.661174
vt 0.053856 0.674386
vt 0.058140 0.678673
vt 0.196400 0.538370
vt 0.201765 0.543546
vt 0.178820 0.559657
vt 0.184173 0.558718
vt 0.109807 0.641501
vt 0.106631 0.608240
vt 0.178692 0.525180
vt 0.168545 0.529380
vt 0.172946 0.521798
vt 0.185669 0.603656
vt 0.155624 0.658047
vt 0.149235 0.664330
vt 0.166942 0.645376
vt 0.177618 0.663962
vt 0.177578 0.674193
vt 0.150126 0.655522
vt 0.165852 0.639594
vt 0.168174 0.632800
vt 0.065848 0.715415
vt 0.065299 0.700456
vt 0.037843 0.688582
vt 0.055972 0.705035
vt 0.062170 0.707354
vt 0.039890 0.719625
vt 0.038927 0.713933
vt 0.111324 0.682228
vt 0.116371 0.696356
vt 0.133931 0.682959
vt 0.135401 0.693438
vt 0.026116 0.549280
vt 0.028549 0.555016
vt 0.028028 0.569853
vt 0.040459 0.530609
vt 0.065827 0.511381
vt 0.064107 0.519927
vt 0.050333 0.519776
vt 0.092162 0.574789
vt 0.090192 0.568328
vt 0.083413 0.570754
vt 0.017908 0.583882
vt 0.028434 0.600818
vt 0.035179 0.603574
vt 0.026510 0.576518
vt 0.071427 0.529511
vt 0.069387 0.523617
vt 0.087200 0.558176
vt 0.088101 0.540166
vt 0.127908 0.531605
vt 0.119778 0.597920
vt 0.120438 0.588107
vt 0.184133 0.567297
vt 0.199541 0.598484
vt 0.184166 0.595526
vt 0.040274 0.607306
vt 0.047537 0.623178
vt 0.053836 0.624663
vt 0.064847 0.639975
vt 0.076313 0.640713
vt 0.078270 0.647143
vt 0.077012 0.622629
vt 0.084680 0.621508
vt 0.081920 0.636888
vt 0.061355 0.659418
vt 0.089128 0.629954
vt 0.093446 0.638435
vt 0.087978 0.641375
vt 0.084797 0.613651
vt 0.080559 0.655218
vt 0.085470 0.648386
vt 0.093320 0.644602
vt 0.092353 0.650861
vt 0.047595 0.680377
vt 0.159708 0.515041
vt 0.125011 0.634548
vt 0.119571 0.632188
vt 0.126005 0.604583
vt 0.178694 0.608407
vt 0.173303 0.607271
vt 0.075461 0.694239
vt 0.067606 0.692221
vt 0.072131 0.686987
vt 0.047765 0.716043
vt 0.060681 0.712177
vt 0.145488 0.683578
vt 0.146613 0.677210
vt 0.142330 0.694316
vt 0.139797 0.678830
vt 0.138446 0.687021
vt 0.122738 0.696325
vt 0.134132 0.703454
vt 0.139622 0.700284
vt 0.129132 0.659556
vt 0.136018 0.651972
vt 0.149852 0.670352
vt 0.135609 0.662202
vt 0.142060 0.664682
vt 0.136949 0.670478
vt 0.141781 0.656527
vt 0.142300 0.640376
vt 0.148711 0.642779
vt 0.142760 0.648491
vt 0.147166 0.629685
vt 0.155960 0.627051
vt 0.153380 0.634850
vt 0.158588 0.640082
vt 0.034794 0.548644
vt 0.028317 0.543603
vt 0.063052 0.525539
vt 0.061636 0.520824
vt 0.085397 0.593796
vt 0.078338 0.592041
vt 0.075368 0.571466
vt 0.064285 0.558652
vt 0.065360 0.568411
vt 0.059964 0.566455
vt 0.035789 0.576436
vt 0.039027 0.581728
vt 0.052166 0.579079
vt 0.055402 0.584208
vt 0.083683 0.550929
vt 0.082630 0.537174
vt 0.134709 0.565626
vt 0.157028 0.523416
vt 0.138365 0.535383
vt 0.118402 0.540395
vt 0.128891 0.598785
vt 0.128579 0.587767
vt 0.134802 0.597134
vt 0.179985 0.588105
vt 0.178127 0.602583
vt 0.045091 0.611289
vt 0.050823 0.605896
vt 0.053959 0.598132
vt 0.067118 0.667835
vt 0.066626 0.617038
vt 0.073020 0.617663
vt 0.088829 0.600595
vt 0.080672 0.661951
vt 0.091716 0.685124
vt 0.086351 0.681088
vt 0.092256 0.679489
vt 0.160953 0.530273
vt 0.183758 0.547717
vt 0.131265 0.631790
vt 0.135046 0.626523
vt 0.147546 0.636115
vt 0.161994 0.586235
vt 0.170213 0.579720
vt 0.129954 0.580950
vt 0.137957 0.630625
vt 0.144684 0.624329
vt 0.161576 0.633517
vt 0.167199 0.619788
vt 0.163164 0.615254
vt 0.160695 0.621537
vt 0.155196 0.619304
vt 0.165109 0.626956
vt 0.171331 0.622594
vt 0.162681 0.603787
vt 0.166101 0.609163
vt 0.159546 0.609937
vt 0.144281 0.615439
vt 0.149461 0.621143
vt 0.070709 0.699612
vt 0.080599 0.688502
vt 0.062149 0.689580
vt 0.066389 0.681537
vt 0.061871 0.675036
vt 0.057920 0.670131
vt 0.076783 0.681124
vt 0.085772 0.674412
vt 0.033592 0.571271
vt 0.033852 0.540743
vt 0.067115 0.529000
vt 0.068280 0.535173
vt 0.061755 0.539114
vt 0.060914 0.533301
vt 0.075354 0.584545
vt 0.070507 0.595675
vt 0.077927 0.600203
vt 0.069639 0.603912
vt 0.069103 0.584814
vt 0.067812 0.590399
vt 0.060840 0.584833
vt 0.060704 0.576263
vt 0.077229 0.607060
vt 0.072112 0.611330
vt 0.072582 0.561066
vt 0.074613 0.551477
vt 0.060279 0.558432
vt 0.054438 0.562460
vt 0.052585 0.556917
vt 0.144012 0.519031
vt 0.131149 0.538092
vt 0.123894 0.537002
vt 0.129372 0.550600
vt 0.124926 0.593656
vt 0.162226 0.577850
vt 0.167159 0.573961
vt 0.202130 0.553559
vt 0.170369 0.602485
vt 0.139988 0.623294
vt 0.135228 0.617434
vt 0.145525 0.597687
vt 0.142472 0.592111
vt 0.151392 0.594718
vt 0.142254 0.584873
vt 0.149453 0.586262
vt 0.155182 0.582174
vt 0.159935 0.596480
vt 0.049919 0.617310
vt 0.059747 0.621300
vt 0.083340 0.605809
vt 0.056883 0.663850
vt 0.063895 0.610706
vt 0.055367 0.613332
vt 0.169298 0.560887
vt 0.139216 0.556375
vt 0.132939 0.555732
vt 0.171450 0.534976
vt 0.135359 0.645700
vt 0.136117 0.639195
vt 0.042432 0.543606
vt 0.053486 0.537867
vt 0.061178 0.545585
vt 0.056761 0.543177
vt 0.069988 0.537198
vt 0.131239 0.544733
vt 0.143040 0.551459
vt 0.135974 0.549329
vt 0.144271 0.543720
vt 0.142379 0.566152
vt 0.160245 0.570614
vt 0.169947 0.568229
vt 0.178180 0.544053
vt 0.135891 0.608091
vt 0.137940 0.602311
vt 0.153633 0.613832
vt 0.152736 0.603014
vt 0.044716 0.583979
vt 0.063740 0.599895
vt 0.062376 0.592884
vt 0.045902 0.573691
vt 0.058182 0.604172
vt 0.162688 0.554341
vt 0.168609 0.552570
vt 0.067416 0.540328
vt 0.066965 0.546334
vt 0.053461 0.570918
vt 0.045948 0.566233
vt 0.056765 0.552372
vt 0.049583 0.543859
vt 0.150043 0.548016
vt 0.137272 0.542206
vt 0.155822 0.589347
vt 0.174156 0.555508
vt 0.161447 0.548403
vt 0.156141 0.551696
vt 0.147848 0.571695
vt 0.151855 0.565697
vt 0.136365 0.591136
vt 0.070363 0.553538
vt 0.063114 0.551752
vt 0.134928 0.585210
vt 0.142069 0.575940
vt 0.150349 0.554943
vt 0.144975 0.559025
vt 0.154454 0.575091
vt 0.148554 0.579192
vt 0.144102 0.671788
vt 0.040372 0.572654
vt 0.162519 0.563546
vt 0.155950 0.558734
vt 0.321712 0.850773
vt 0.327217 0.848609
vt 0.326703 0.855197
vt 0.309642 0.736842
vt 0.310091 0.727340
vt 0.314833 0.732423
vt 0.318513 0.741615
vt 0.312620 0.741350
vt 0.318702 0.867556
vt 0.316891 0.860263
vt 0.324943 0.861699
vt 0.326385 0.743927
vt 0.324624 0.735914
vt 0.382560 0.751187
vt 0.373658 0.747862
vt 0.379151 0.745193
vt 0.337888 0.737574
vt 0.331021 0.736173
vt 0.339796 0.731886
vt 0.395442 0.756307
vt 0.400252 0.754587
vt 0.393576 0.760810
vt 0.384119 0.760042
vt 0.387936 0.756736
vt 0.391527 0.759435
vt 0.313697 0.750766
vt 0.320483 0.751528
vt 0.369878 0.743820
vt 0.346450 0.748865
vt 0.343534 0.740823
vt 0.351628 0.744931
vt 0.374794 0.950189
vt 0.382572 0.946671
vt 0.379538 0.957470
vt 0.308375 0.755040
vt 0.309015 0.745851
vt 0.316871 0.760304
vt 0.307711 0.764258
vt 0.325962 0.874416
vt 0.324708 0.867736
vt 0.330742 0.866547
vt 0.337874 0.938858
vt 0.333135 0.944932
vt 0.330767 0.940689
vt 0.322071 0.764833
vt 0.314927 0.769380
vt 0.331933 0.931132
vt 0.314541 0.797038
vt 0.313590 0.806572
vt 0.306896 0.801641
vt 0.307017 0.773498
vt 0.311051 0.778349
vt 0.306058 0.782856
vt 0.342225 0.946356
vt 0.356662 0.862035
vt 0.349623 0.863980
vt 0.353197 0.856630
vt 0.357708 0.736767
vt 0.352574 0.738912
vt 0.348972 0.734290
vt 0.337368 0.928255
vt 0.333058 0.924320
vt 0.366248 0.738062
vt 0.373975 0.736108
vt 0.397413 0.772229
vt 0.391037 0.771707
vt 0.393485 0.766480
vt 0.355849 0.751364
vt 0.350277 0.754989
vt 0.390119 0.740506
vt 0.379002 0.738892
vt 0.396499 0.744508
vt 0.397974 0.736901
vt 0.341100 0.847465
vt 0.341101 0.854893
vt 0.333807 0.849478
vt 0.402187 0.731322
vt 0.392563 0.732907
vt 0.407648 0.735478
vt 0.403537 0.741054
vt 0.344743 0.819990
vt 0.342854 0.826508
vt 0.338609 0.817646
vt 0.383203 0.734521
vt 0.389441 0.748164
vt 0.398516 0.750487
vt 0.411742 0.751441
vt 0.406184 0.751232
vt 0.412129 0.743643
vt 0.392143 0.783364
vt 0.387239 0.773637
vt 0.393804 0.774930
vt 0.404369 0.761658
vt 0.399860 0.765228
vt 0.400991 0.756467
vt 0.333061 0.753957
vt 0.331666 0.747885
vt 0.341343 0.750033
vt 0.406136 0.770149
vt 0.385417 0.815429
vt 0.380714 0.810288
vt 0.388541 0.807682
vt 0.402010 0.800362
vt 0.397667 0.805032
vt 0.391243 0.800533
vt 0.401069 0.775764
vt 0.398694 0.778683
vt 0.393195 0.808795
vt 0.392528 0.816361
vt 0.397287 0.796096
vt 0.407729 0.745677
vt 0.376798 0.759991
vt 0.367203 0.756406
vt 0.373238 0.757333
vt 0.307668 0.810308
vt 0.358311 0.953865
vt 0.350750 0.949843
vt 0.356088 0.946297
vt 0.304714 0.816649
vt 0.312869 0.819709
vt 0.308937 0.824312
vt 0.313520 0.827462
vt 0.310547 0.832829
vt 0.343067 0.954035
vt 0.334747 0.951168
vt 0.480373 0.761068
vt 0.475881 0.757274
vt 0.478691 0.752812
vt 0.318930 0.843295
vt 0.315465 0.852957
vt 0.469024 0.805128
vt 0.472841 0.798318
vt 0.475411 0.803230
vt 0.310059 0.857653
vt 0.310464 0.865553
vt 0.311605 0.850033
vt 0.406417 0.838889
vt 0.414809 0.841204
vt 0.409452 0.848041
vt 0.324327 0.840912
vt 0.484320 0.773926
vt 0.490711 0.778957
vt 0.488408 0.783171
vt 0.366125 0.952982
vt 0.364535 0.959971
vt 0.372092 0.960573
vt 0.444105 0.728640
vt 0.440201 0.733478
vt 0.435323 0.732403
vt 0.330766 0.882908
vt 0.335663 0.879669
vt 0.339097 0.884352
vt 0.404765 0.932030
vt 0.408871 0.922630
vt 0.410924 0.931969
vt 0.416403 0.956270
vt 0.408413 0.956357
vt 0.412384 0.949076
vt 0.346792 0.938991
vt 0.336905 0.919607
vt 0.334149 0.914643
vt 0.344928 0.886324
vt 0.341388 0.877940
vt 0.347492 0.880825
vt 0.326424 0.947329
vt 0.311840 0.813262
vt 0.482550 0.741182
vt 0.490087 0.739104
vt 0.489491 0.742037
vt 0.360977 0.746242
vt 0.335929 0.907926
vt 0.336062 0.899213
vt 0.340333 0.903583
vt 0.342781 0.927496
vt 0.343009 0.919867
vt 0.320267 0.728206
vt 0.330207 0.729656
vt 0.348086 0.895216
vt 0.352708 0.900557
vt 0.345491 0.900436
vt 0.415148 0.820386
vt 0.417728 0.827541
vt 0.407060 0.822107
vt 0.340921 0.891861
vt 0.341627 0.897202
vt 0.423612 0.821902
vt 0.424739 0.828536
vt 0.381507 0.821786
vt 0.375810 0.820970
vt 0.389016 0.832487
vt 0.394586 0.831751
vt 0.392548 0.840035
vt 0.400386 0.936993
vt 0.394335 0.937580
vt 0.392904 0.932316
vt 0.476496 0.868114
vt 0.470217 0.866495
vt 0.471002 0.861184
vt 0.350516 0.957878
vt 0.406526 0.885307
vt 0.405383 0.876301
vt 0.411278 0.880126
vt 0.366527 0.966644
vt 0.358407 0.962616
vt 0.479435 0.861985
vt 0.387502 0.956421
vt 0.334488 0.781568
vt 0.325296 0.779022
vt 0.333253 0.774701
vt 0.402131 0.783625
vt 0.397843 0.787123
vt 0.391563 0.949237
vt 0.391845 0.941502
vt 0.332622 0.858218
vt 0.444037 0.740756
vt 0.439359 0.737262
vt 0.448456 0.735658
vt 0.374309 0.788428
vt 0.370211 0.799452
vt 0.368439 0.791077
vt 0.491403 0.729781
vt 0.485823 0.733837
vt 0.400904 0.809548
vt 0.403154 0.808843
vt 0.342915 0.934196
vt 0.425582 0.734015
vt 0.424432 0.738163
vt 0.423228 0.735025
vt 0.402581 0.814816
vt 0.398608 0.821553
vt 0.380266 0.767760
vt 0.385012 0.764904
vt 0.380345 0.771165
vt 0.435003 0.741758
vt 0.429882 0.737846
vt 0.410005 0.760783
vt 0.339132 0.777745
vt 0.337976 0.771218
vt 0.467536 0.739922
vt 0.465879 0.733934
vt 0.476625 0.736968
vt 0.330789 0.769181
vt 0.325068 0.759539
vt 0.313920 0.787704
vt 0.485552 0.792415
vt 0.482699 0.783249
vt 0.487518 0.815834
vt 0.481886 0.810346
vt 0.489202 0.806536
vt 0.401662 0.822436
vt 0.484058 0.757034
vt 0.484785 0.747757
vt 0.385246 0.840481
vt 0.393015 0.845831
vt 0.403616 0.830962
vt 0.398066 0.834967
vt 0.463585 0.729138
vt 0.457596 0.736138
vt 0.453876 0.728111
vt 0.398413 0.862138
vt 0.398845 0.870862
vt 0.391192 0.866039
vt 0.481120 0.728514
vt 0.473690 0.741060
vt 0.464342 0.864313
vt 0.463983 0.869722
vt 0.457106 0.860656
vt 0.475829 0.731276
vt 0.326644 0.753311
vt 0.469023 0.854499
vt 0.463311 0.856827
vt 0.417877 0.736636
vt 0.416516 0.743294
vt 0.456232 0.742829
vt 0.461652 0.741104
vt 0.491710 0.762111
vt 0.491217 0.751981
vt 0.491238 0.788248
vt 0.490400 0.797472
vt 0.345124 0.755920
vt 0.338412 0.758111
vt 0.482320 0.819966
vt 0.480530 0.826974
vt 0.477805 0.817572
vt 0.394488 0.946575
vt 0.400201 0.946717
vt 0.400409 0.956243
vt 0.439148 0.773670
vt 0.443199 0.779361
vt 0.435996 0.780164
vt 0.338953 0.813564
vt 0.344696 0.814736
vt 0.420357 0.746235
vt 0.425902 0.741345
vt 0.426303 0.749364
vt 0.473200 0.844903
vt 0.478692 0.841002
vt 0.477988 0.849151
vt 0.485539 0.858243
vt 0.484979 0.850229
vt 0.394944 0.955736
vt 0.388971 0.936094
vt 0.381851 0.935428
vt 0.470909 0.819275
vt 0.467912 0.812852
vt 0.475920 0.855369
vt 0.401044 0.927164
vt 0.395007 0.922761
vt 0.486238 0.866583
vt 0.355785 0.940045
vt 0.360504 0.939977
vt 0.391992 0.904067
vt 0.404635 0.904455
vt 0.400503 0.908894
vt 0.420614 0.946331
vt 0.415233 0.943720
vt 0.410020 0.815346
vt 0.472425 0.825943
vt 0.455675 0.923851
vt 0.451544 0.928333
vt 0.451503 0.919037
vt 0.394819 0.875644
vt 0.397408 0.880697
vt 0.406183 0.866724
vt 0.401423 0.857287
vt 0.400597 0.885490
vt 0.390309 0.894065
vt 0.385226 0.901087
vt 0.397401 0.913214
vt 0.406746 0.916907
vt 0.400984 0.917780
vt 0.442172 0.896339
vt 0.435701 0.890807
vt 0.442162 0.889628
vt 0.424776 0.950867
vt 0.398654 0.899063
vt 0.406543 0.894920
vt 0.391856 0.912966
vt 0.398128 0.889755
vt 0.391253 0.885095
vt 0.405867 0.950248
vt 0.408719 0.941721
vt 0.404807 0.750503
vt 0.409674 0.913746
vt 0.412015 0.730153
vt 0.421643 0.730837
vt 0.424350 0.956971
vt 0.391279 0.791945
vt 0.385742 0.787779
vt 0.387179 0.782061
vt 0.402981 0.848197
vt 0.407097 0.857148
vt 0.460320 0.918496
vt 0.467642 0.913752
vt 0.467122 0.924072
vt 0.443417 0.952648
vt 0.438506 0.956787
vt 0.437957 0.949414
vt 0.461679 0.937888
vt 0.453918 0.937841
vt 0.457322 0.931458
vt 0.398242 0.852699
vt 0.306255 0.791981
vt 0.385742 0.929304
vt 0.368781 0.752023
vt 0.453977 0.872739
vt 0.450057 0.862567
vt 0.454628 0.866251
vt 0.420751 0.920182
vt 0.417915 0.926171
vt 0.414540 0.919033
vt 0.432901 0.954462
vt 0.477034 0.796763
vt 0.479174 0.791008
vt 0.451548 0.958008
vt 0.452526 0.950984
vt 0.459473 0.953444
vt 0.448569 0.944947
vt 0.442275 0.943917
vt 0.431058 0.960244
vt 0.436557 0.965939
vt 0.458756 0.944360
vt 0.460065 0.947549
vt 0.342204 0.838838
vt 0.347688 0.843256
vt 0.338218 0.841596
vt 0.464760 0.945070
vt 0.466445 0.951519
vt 0.469860 0.943181
vt 0.462565 0.940866
vt 0.401212 0.839355
vt 0.398494 0.844219
vt 0.462243 0.888011
vt 0.466522 0.884241
vt 0.465731 0.893961
vt 0.447761 0.881960
vt 0.453353 0.882657
vt 0.449458 0.888009
vt 0.413287 0.800430
vt 0.407832 0.794422
vt 0.412493 0.792272
vt 0.378764 0.803370
vt 0.460282 0.841509
vt 0.461873 0.849953
vt 0.455336 0.846201
vt 0.420717 0.752127
vt 0.429286 0.753190
vt 0.421173 0.758302
vt 0.419446 0.799315
vt 0.415829 0.758628
vt 0.416737 0.753350
vt 0.419941 0.765504
vt 0.413824 0.764270
vt 0.434628 0.825916
vt 0.429145 0.832844
vt 0.428689 0.780483
vt 0.423573 0.785123
vt 0.420667 0.783114
vt 0.465427 0.759271
vt 0.468808 0.765891
vt 0.486511 0.824386
vt 0.486379 0.832356
vt 0.437088 0.820799
vt 0.442104 0.825189
vt 0.311089 0.840272
vt 0.316103 0.836288
vt 0.335010 0.888934
vt 0.321135 0.856499
vt 0.335256 0.862815
vt 0.332028 0.872818
vt 0.329052 0.843341
vt 0.347063 0.859274
vt 0.340862 0.863456
vt 0.368032 0.857864
vt 0.360301 0.856614
vt 0.369571 0.851444
vt 0.344522 0.867689
vt 0.338186 0.874747
vt 0.388866 0.849697
vt 0.390609 0.857593
vt 0.372815 0.840943
vt 0.373663 0.846753
vt 0.365673 0.845088
vt 0.340215 0.914965
vt 0.347890 0.923667
vt 0.351893 0.931066
vt 0.388970 0.875206
vt 0.363575 0.862047
vt 0.359358 0.869801
vt 0.371681 0.883062
vt 0.378976 0.886090
vt 0.373704 0.889912
vt 0.377021 0.928378
vt 0.376132 0.937542
vt 0.439376 0.745461
vt 0.480633 0.766718
vt 0.479479 0.771376
vt 0.470454 0.771860
vt 0.457431 0.748669
vt 0.461409 0.745215
vt 0.463441 0.751988
vt 0.462014 0.875515
vt 0.457570 0.877289
vt 0.415944 0.866590
vt 0.425469 0.867359
vt 0.422722 0.875149
vt 0.441503 0.847433
vt 0.445005 0.844097
vt 0.448866 0.850205
vt 0.416772 0.877393
vt 0.396967 0.814073
vt 0.419815 0.816413
vt 0.446052 0.817452
vt 0.448925 0.822657
vt 0.434073 0.832342
vt 0.440293 0.836143
vt 0.439163 0.840194
vt 0.469735 0.868736
vt 0.471033 0.849428
vt 0.465534 0.878179
vt 0.465768 0.831937
vt 0.463951 0.824691
vt 0.448127 0.855969
vt 0.453835 0.858829
vt 0.455081 0.852724
vt 0.466414 0.844262
vt 0.449402 0.844954
vt 0.440071 0.869435
vt 0.440875 0.860319
vt 0.445531 0.866983
vt 0.433642 0.839650
vt 0.436000 0.844984
vt 0.442742 0.851313
vt 0.435944 0.851382
vt 0.447499 0.838559
vt 0.434259 0.856447
vt 0.434205 0.864563
vt 0.427413 0.859368
vt 0.411617 0.835938
vt 0.420050 0.838991
vt 0.458054 0.898144
vt 0.457656 0.887299
vt 0.462409 0.912609
vt 0.453234 0.893208
vt 0.412665 0.927073
vt 0.429887 0.892491
vt 0.433419 0.898485
vt 0.427606 0.896465
vt 0.421504 0.893641
vt 0.419933 0.901218
vt 0.413212 0.897181
vt 0.453503 0.942226
vt 0.444907 0.934395
vt 0.440277 0.937517
vt 0.438737 0.927615
vt 0.388014 0.916710
vt 0.383041 0.913827
vt 0.386544 0.907616
vt 0.386297 0.881896
vt 0.388453 0.922683
vt 0.423077 0.929220
vt 0.415860 0.931988
vt 0.414462 0.937777
vt 0.320653 0.792087
vt 0.333849 0.742110
vt 0.339344 0.744203
vt 0.349774 0.758367
vt 0.347406 0.763020
vt 0.325100 0.810683
vt 0.325035 0.818743
vt 0.320402 0.812326
vt 0.319047 0.816924
vt 0.317216 0.810471
vt 0.385172 0.799763
vt 0.379558 0.791513
vt 0.386105 0.767060
vt 0.380529 0.784107
vt 0.394590 0.823384
vt 0.388752 0.823405
vt 0.332836 0.838800
vt 0.387787 0.761789
vt 0.410380 0.782531
vt 0.417559 0.778098
vt 0.415178 0.781925
vt 0.406701 0.784907
vt 0.410505 0.772630
vt 0.422523 0.740728
vt 0.426648 0.762470
vt 0.404963 0.791080
vt 0.415898 0.810171
vt 0.421879 0.807437
vt 0.427104 0.811176
vt 0.486671 0.801733
vt 0.477669 0.786854
vt 0.462711 0.816521
vt 0.460706 0.809983
vt 0.481133 0.800862
vt 0.485519 0.841136
vt 0.478257 0.833724
vt 0.458071 0.827143
vt 0.459626 0.820016
vt 0.472230 0.838089
vt 0.472310 0.831477
vt 0.463549 0.838690
vt 0.318125 0.829371
vt 0.332421 0.834072
vt 0.321465 0.835417
vt 0.324875 0.830707
vt 0.336033 0.835335
vt 0.353410 0.868388
vt 0.357889 0.879866
vt 0.351499 0.886033
vt 0.352588 0.877077
vt 0.383981 0.835229
vt 0.383512 0.828619
vt 0.337862 0.910347
vt 0.382017 0.905637
vt 0.361620 0.945786
vt 0.386599 0.870495
vt 0.382949 0.923271
vt 0.382581 0.894379
vt 0.380466 0.891589
vt 0.386211 0.888228
vt 0.377265 0.866632
vt 0.377278 0.861275
vt 0.385153 0.863579
vt 0.381364 0.857583
vt 0.378443 0.848376
vt 0.385295 0.853928
vt 0.351539 0.914536
vt 0.355521 0.909930
vt 0.359437 0.916144
vt 0.470744 0.728279
vt 0.485453 0.765346
vt 0.488336 0.771356
vt 0.465291 0.774852
vt 0.416017 0.853892
vt 0.419205 0.833776
vt 0.406947 0.799650
vt 0.413466 0.806715
vt 0.462264 0.881049
vt 0.459460 0.870486
vt 0.463450 0.898567
vt 0.466903 0.903751
vt 0.414837 0.910164
vt 0.412778 0.904372
vt 0.411238 0.890200
vt 0.422169 0.854713
vt 0.421160 0.847737
vt 0.444411 0.962011
vt 0.447092 0.940149
vt 0.467503 0.933620
vt 0.448203 0.912929
vt 0.452556 0.909188
vt 0.456168 0.914485
vt 0.371338 0.933956
vt 0.363683 0.935200
vt 0.367220 0.927302
vt 0.371761 0.942017
vt 0.354724 0.922692
vt 0.377767 0.913073
vt 0.377736 0.920151
vt 0.372764 0.907648
vt 0.372518 0.916584
vt 0.427361 0.934171
vt 0.435062 0.937667
vt 0.426841 0.941239
vt 0.420849 0.935343
vt 0.317425 0.778341
vt 0.320033 0.784278
vt 0.320553 0.798833
vt 0.331679 0.760632
vt 0.364999 0.748665
vt 0.356533 0.756612
vt 0.319921 0.805698
vt 0.394092 0.791419
vt 0.382428 0.780068
vt 0.398191 0.827324
vt 0.323760 0.823932
vt 0.330661 0.825889
vt 0.407972 0.777292
vt 0.429560 0.744289
vt 0.452695 0.738922
vt 0.450236 0.745244
vt 0.433655 0.748050
vt 0.408817 0.810531
vt 0.472482 0.792347
vt 0.466699 0.791487
vt 0.472168 0.784158
vt 0.477321 0.779726
vt 0.474627 0.809230
vt 0.334348 0.829578
vt 0.351391 0.851477
vt 0.358633 0.849910
vt 0.353577 0.846157
vt 0.374338 0.853075
vt 0.372091 0.858759
vt 0.367073 0.867743
vt 0.361349 0.875673
vt 0.365692 0.873811
vt 0.378178 0.839740
vt 0.365951 0.886472
vt 0.368171 0.894173
vt 0.360448 0.891298
vt 0.352877 0.891535
vt 0.359248 0.898116
vt 0.363547 0.879389
vt 0.384127 0.846388
vt 0.378763 0.833645
vt 0.343002 0.910189
vt 0.350267 0.906782
vt 0.345697 0.915102
vt 0.348215 0.944508
vt 0.366906 0.946379
vt 0.394758 0.894504
vt 0.381949 0.876159
vt 0.467508 0.747659
vt 0.477370 0.746681
vt 0.415105 0.847324
vt 0.412480 0.872982
vt 0.411101 0.830639
vt 0.448223 0.874283
vt 0.461134 0.904051
vt 0.452453 0.900373
vt 0.415303 0.885643
vt 0.420798 0.912180
vt 0.434826 0.943964
vt 0.430768 0.948915
vt 0.450307 0.933811
vt 0.366998 0.901137
vt 0.366189 0.910966
vt 0.361920 0.908799
vt 0.377097 0.901855
vt 0.375717 0.895882
vt 0.320232 0.772289
vt 0.325734 0.785607
vt 0.351143 0.767647
vt 0.359627 0.759319
vt 0.324805 0.802498
vt 0.343218 0.799743
vt 0.335500 0.797344
vt 0.343180 0.792497
vt 0.379146 0.798393
vt 0.373159 0.808377
vt 0.364215 0.814958
vt 0.366484 0.808502
vt 0.362079 0.797663
vt 0.355707 0.792937
vt 0.361684 0.789929
vt 0.415575 0.769856
vt 0.425312 0.771339
vt 0.418290 0.789318
vt 0.410081 0.787890
vt 0.449786 0.757219
vt 0.440609 0.756183
vt 0.444450 0.750069
vt 0.433493 0.766216
vt 0.433510 0.758848
vt 0.466429 0.785994
vt 0.468531 0.778895
vt 0.456806 0.804488
vt 0.453533 0.809213
vt 0.454393 0.793102
vt 0.445436 0.792798
vt 0.450573 0.788488
vt 0.465791 0.799676
vt 0.460059 0.796046
vt 0.453180 0.812096
vt 0.331821 0.819319
vt 0.337204 0.824289
vt 0.341344 0.832141
vt 0.369641 0.828751
vt 0.366070 0.833717
vt 0.360094 0.825274
vt 0.346479 0.891603
vt 0.347474 0.832415
vt 0.369859 0.822620
vt 0.375941 0.826878
vt 0.359507 0.928268
vt 0.382085 0.880958
vt 0.373541 0.876883
vt 0.377331 0.872708
vt 0.370617 0.869649
vt 0.470383 0.753642
vt 0.426943 0.850426
vt 0.421204 0.861204
vt 0.430464 0.819559
vt 0.425097 0.818967
vt 0.440646 0.815609
vt 0.434486 0.815173
vt 0.425919 0.839849
vt 0.432322 0.847880
vt 0.433317 0.876626
vt 0.442077 0.879519
vt 0.439651 0.884517
vt 0.452332 0.877771
vt 0.442982 0.874344
vt 0.458807 0.908860
vt 0.441263 0.919256
vt 0.445287 0.926614
vt 0.447424 0.905897
vt 0.439967 0.903471
vt 0.441455 0.911001
vt 0.421131 0.889331
vt 0.421561 0.882328
vt 0.427536 0.887051
vt 0.433853 0.931375
vt 0.434294 0.922394
vt 0.426544 0.918633
vt 0.412869 0.860676
vt 0.433966 0.883863
vt 0.427793 0.880250
vt 0.427952 0.902876
vt 0.428223 0.910681
vt 0.429309 0.927144
vt 0.434417 0.915136
vt 0.365931 0.918829
vt 0.326691 0.790970
vt 0.331089 0.785067
vt 0.329930 0.795682
vt 0.329719 0.804489
vt 0.335939 0.765795
vt 0.325810 0.770810
vt 0.368398 0.763378
vt 0.381200 0.757515
vt 0.377847 0.761187
vt 0.372217 0.766939
vt 0.367242 0.772951
vt 0.371421 0.777083
vt 0.364750 0.775734
vt 0.329718 0.813413
vt 0.373350 0.784238
vt 0.378525 0.775236
vt 0.374031 0.773530
vt 0.414875 0.786105
vt 0.431657 0.786528
vt 0.438058 0.786752
vt 0.424838 0.778466
vt 0.451508 0.751125
vt 0.459088 0.757590
vt 0.448042 0.773143
vt 0.442673 0.767131
vt 0.432348 0.801706
vt 0.439242 0.800266
vt 0.441919 0.804920
vt 0.433146 0.808058
vt 0.474258 0.774519
vt 0.351767 0.839564
vt 0.337467 0.803317
vt 0.343832 0.807056
vt 0.351703 0.809139
vt 0.360004 0.820016
vt 0.349577 0.824519
vt 0.374760 0.815886
vt 0.335253 0.809576
vt 0.354581 0.827800
vt 0.355431 0.815423
vt 0.348595 0.872437
vt 0.358014 0.842652
vt 0.360894 0.845238
vt 0.369363 0.839013
vt 0.372621 0.834315
vt 0.368776 0.817399
vt 0.362994 0.839875
vt 0.360218 0.834344
vt 0.351628 0.800703
vt 0.357373 0.802108
vt 0.360919 0.812032
vt 0.357823 0.934064
vt 0.435326 0.906790
vt 0.447059 0.920018
vt 0.460930 0.926646
vt 0.360320 0.921921
vt 0.344467 0.762025
vt 0.343141 0.772666
vt 0.366034 0.766951
vt 0.356572 0.765128
vt 0.459358 0.768598
vt 0.455786 0.776492
vt 0.425239 0.791274
vt 0.427923 0.806221
vt 0.438796 0.762367
vt 0.431014 0.795406
vt 0.437442 0.794901
vt 0.442508 0.797846
vt 0.428595 0.872622
vt 0.433050 0.833860
vt 0.358966 0.884450
vt 0.351067 0.772585
vt 0.357127 0.771796
vt 0.335092 0.788792
vt 0.360033 0.767579
vt 0.366295 0.782520
vt 0.361188 0.780166
vt 0.341152 0.789161
vt 0.357484 0.784371
vt 0.360586 0.806115
vt 0.352805 0.782026
vt 0.350000 0.787563
vt 0.348048 0.771662
vt 0.358968 0.776847
vt 0.352499 0.779933
vt 0.345399 0.780055
vt 0.432045 0.773856
vt 0.451001 0.765321
vt 0.342835 0.784098
vt 0.349050 0.794644
vt 0.446951 0.785399
vt 0.462586 0.782975
vt 0.460974 0.778471
vt 0.452703 0.798957
vt 0.454719 0.784396
vt 0.456681 0.763136
vt 0.449738 0.779383
vt 0.443719 0.786939
vt 0.459835 0.788945
vt 0.448225 0.804049
vt 0.446330 0.801148
vt 0.434860 0.870506
vt 0.431879 0.790199
vt 0.354367 0.833219
vt 0.445881 0.811106
vt 0.451683 0.817014
vt 0.439259 0.809748
vt 0.430203 0.823356
vt 0.454851 0.821967
vt 0.453252 0.827032
vt 0.460255 0.833517
vt 0.444444 0.831465
vt 0.453903 0.832770
vt 0.454520 0.838717
vn 0.108973 -0.892825 0.437022
vn 0.106334 -0.993649 -0.036812
vn -0.000133 -0.992609 -0.121357
vn 0.287719 -0.743228 0.604012
vn 0.010123 0.176953 0.984167
vn -0.314830 -0.875227 0.367232
vn 0.215562 0.485391 0.847307
vn 0.358973 -0.001118 0.933347
vn 0.281174 0.116563 0.952551
vn 0.031893 -0.669242 0.742359
vn -0.140598 0.964356 0.224163
vn -0.239789 0.131455 0.961884
vn -0.083841 0.191590 0.977888
vn -0.314830 -0.875227 0.367232
vn 0.010123 0.176953 0.984167
vn -0.314830 -0.875227 0.367232
vn 0.108973 -0.892825 0.437022
vn -0.000133 -0.992609 -0.121357
vn 0.339659 -0.922065 0.185549
vn 0.401170 -0.905528 0.138134
vn 0.407569 -0.896833 0.171985
vn 0.564426 -0.755819 0.331904
vn -0.000133 -0.992609 -0.121357
vn 0.106334 -0.993649 -0.036812
vn -0.239789 0.131455 0.961884
vn -0.206414 0.968626 0.138408
vn -0.174393 0.935761 0.306494
vn -0.745435 0.528582 -0.406113
vn -0.783677 0.476963 -0.397941
vn -0.479119 -0.218908 -0.850014
vn 0.010123 0.176953 0.984167
vn -0.637360 0.766561 0.078463
vn -0.083841 0.191590 0.977888
vn -0.239789 0.131455 0.961884
vn -0.000133 -0.992609 -0.121357
vn 0.031893 -0.669242 0.742359
vn -0.357634 0.620153 0.698218
vn 0.031893 -0.669242 0.742359
vn 0.564426 -0.755819 0.331904
vn 0.139608 0.988780 0.053143
vn -0.140598 0.964356 0.224163
vn -0.357634 0.620153 0.698218
vn -0.228241 0.894984 -0.383288
vn -0.140598 0.964356 0.224163
vn 0.268605 0.916028 -0.297900
vn -0.110931 -0.931153 -0.347346
vn -0.017030 -0.996133 -0.086192
vn 0.000000 -1.000000 0.000000
vn -0.052006 0.987942 -0.145826
vn -0.083841 0.191590 0.977888
vn -0.637360 0.766561 0.078463
vn 0.000343 -0.999999 0.001099
vn 0.001622 -0.999990 0.004225
vn -0.000539 -1.000000 0.000262
vn -0.093514 0.991175 0.093957
vn -0.071071 0.996826 -0.035887
vn -0.516956 -0.099003 -0.850267
vn -0.171570 0.905009 -0.389259
vn 0.268605 0.916028 -0.297900
vn 0.003540 0.999141 -0.041296
vn 0.246370 -0.653296 0.715895
vn -0.172803 -0.926575 -0.334063
vn -0.178636 -0.627409 0.757923
vn -0.228241 0.894984 -0.383288
vn -0.206414 0.968626 0.138408
vn -0.140598 0.964356 0.224163
vn -0.237618 0.660480 0.712253
vn -0.686328 0.406313 0.603211
vn -0.340018 0.726196 0.597518
vn -0.387422 -0.847801 -0.362130
vn -0.230545 -0.946699 0.224967
vn -0.297987 -0.709994 -0.638054
vn -0.314830 -0.875227 0.367232
vn -0.000133 -0.992609 -0.121357
vn -0.172803 -0.926575 -0.334063
vn -0.601707 0.790582 0.113709
vn -0.686328 0.406313 0.603211
vn -0.793379 0.519669 -0.317008
vn -0.178636 -0.627409 0.757923
vn -0.172803 -0.926575 -0.334063
vn -0.239789 0.131455 0.961884
vn -0.340018 0.726196 0.597518
vn -0.248505 0.901384 0.354616
vn -0.097279 0.983417 0.153061
vn -0.386352 0.720675 0.575638
vn 0.010314 0.743503 0.668653
vn -0.753630 0.637500 -0.160111
vn 0.177230 0.979425 -0.096523
vn 0.134049 0.990022 0.043449
vn 0.317802 0.895672 0.311086
vn -0.097279 0.983417 0.153061
vn 0.134049 0.990022 0.043449
vn 0.177230 0.979425 -0.096523
vn -0.876618 0.454612 0.157700
vn -0.594230 -0.656051 -0.465283
vn -0.956928 -0.273400 -0.097682
vn -0.237815 0.936544 -0.257546
vn 0.207362 0.976072 -0.065453
vn 0.286134 0.949342 -0.129914
vn 0.042631 0.952967 0.300061
vn -0.952972 0.270418 -0.136815
vn -0.476823 0.780450 0.404398
vn 0.002299 0.972244 -0.233958
vn -0.063767 0.934653 -0.349797
vn 0.048542 0.997788 0.045409
vn -0.635529 0.575105 -0.515128
vn -0.228241 0.894984 -0.383288
vn -0.171570 0.905009 -0.389259
vn -0.244894 0.551086 0.797704
vn -0.023882 -0.975327 0.219468
vn -0.456129 0.058988 0.887957
vn 0.286134 0.949342 -0.129914
vn 0.437818 0.767401 0.468413
vn 0.452133 0.845213 0.284940
vn -0.213820 0.389664 -0.895792
vn 0.032410 0.998654 0.040507
vn -0.258148 0.959835 -0.109895
vn 0.452133 0.845213 0.284940
vn 0.332384 0.280491 0.900470
vn 0.441225 0.006700 0.897371
vn 0.286134 0.949342 -0.129914
vn 0.207362 0.976072 -0.065453
vn 0.437818 0.767401 0.468413
vn -0.063767 0.934653 -0.349797
vn -0.162142 0.917564 -0.363023
vn -0.162074 0.801124 -0.576135
vn 0.177230 0.979425 -0.096523
vn 0.042631 0.952967 0.300061
vn -0.476823 0.780450 0.404398
vn 0.035178 0.856135 -0.515553
vn 0.249761 0.810908 -0.529195
vn 0.108958 0.973779 -0.199707
vn 0.441225 0.006700 0.897371
vn 0.332384 0.280491 0.900470
vn 0.125844 -0.536880 0.834220
vn 0.000000 -1.000000 0.000000
vn -0.000100 -1.000000 -0.000319
vn -0.000539 -1.000000 0.000262
vn 0.441225 0.006700 0.897371
vn 0.125844 -0.536880 0.834220
vn 0.378405 -0.556496 0.739677
vn -0.386352 0.720675 0.575638
vn 0.010123 0.176953 0.984167
vn 0.493977 0.003412 0.869468
vn 0.048542 0.997788 0.045409
vn -0.112117 0.993687 -0.004063
vn 0.032410 0.998654 0.040507
vn -0.023882 -0.975327 0.219468
vn -0.154247 -0.565301 0.810335
vn -0.018567 -0.998012 0.060223
vn 0.000522 -1.000000 -0.000254
vn 0.001290 -0.999992 0.003700
vn 0.000343 -0.999999 0.001099
vn -0.000539 -1.000000 0.000262
vn -0.000100 -1.000000 -0.000319
vn 0.000000 -1.000000 0.000000
vn 0.048542 0.997788 0.045409
vn -0.093514 0.991175 0.093957
vn 0.002299 0.972244 -0.233958
vn -0.516956 -0.099003 -0.850267
vn -0.071071 0.996826 -0.035887
vn -0.110931 -0.931153 -0.347346
vn 0.000000 -1.000000 0.000000
vn 0.000343 -0.999999 0.001099
vn -0.000539 -1.000000 0.000262
vn 0.048542 0.997788 0.045409
vn -0.063767 0.934653 -0.349797
vn -0.093123 0.987971 -0.123454
vn -0.000100 -1.000000 -0.000319
vn 0.000000 -1.000000 0.000000
vn 0.000522 -1.000000 -0.000254
vn 0.059045 0.990244 -0.126216
vn -0.071071 0.996826 -0.035887
vn 0.048542 0.997788 0.045409
vn -0.084504 -0.714634 0.694376
vn -0.083841 0.191590 0.977888
vn -0.285651 0.922171 -0.260776
vn -0.018567 -0.998012 0.060223
vn 0.000000 -1.000000 0.000000
vn 0.001622 -0.999990 0.004225
vn -0.023882 -0.975327 0.219468
vn 0.001622 -0.999990 0.004225
vn 0.004458 -0.999855 0.016416
vn -0.136694 0.805637 -0.576423
vn -0.224496 0.920033 -0.321154
vn -0.162074 0.801124 -0.576135
vn -0.386352 0.720675 0.575638
vn -0.753630 0.637500 -0.160111
vn -0.637360 0.766561 0.078463
vn -0.516956 -0.099003 -0.850267
vn -0.110931 -0.931153 -0.347346
vn -0.044398 -0.997735 -0.050542
vn -0.562954 -0.628642 0.536556
vn -0.620484 -0.748854 0.232845
vn -0.381970 -0.897894 0.218828
vn -0.439786 0.562361 -0.700242
vn -0.637360 0.766561 0.078463
vn -0.753630 0.637500 -0.160111
vn -0.357634 0.620153 0.698218
vn -0.140598 0.964356 0.224163
vn 0.031893 -0.669242 0.742359
vn -0.285651 0.922171 -0.260776
vn -0.136694 0.805637 -0.576423
vn -0.162074 0.801124 -0.576135
vn -0.000100 -1.000000 -0.000319
vn 0.000000 -1.000000 0.000000
vn -0.044398 -0.997735 -0.050542
vn -0.793379 0.519669 -0.317008
vn -0.686328 0.406313 0.603211
vn -0.876618 0.454612 0.157700
vn -0.504903 -0.859767 0.076639
vn -0.652260 -0.755911 0.056171
vn -0.691129 -0.588725 0.419218
vn 0.000000 -1.000000 0.000000
vn -0.000539 -1.000000 0.000262
vn 0.000000 -1.000000 0.000000
vn -0.314830 -0.875227 0.367232
vn -0.083841 0.191590 0.977888
vn 0.108973 -0.892825 0.437022
vn -0.314830 -0.875227 0.367232
vn -0.172803 -0.926575 -0.334063
vn 0.287719 -0.743228 0.604012
vn 0.637975 -0.187358 -0.746917
vn 0.282228 0.774507 -0.566115
vn -0.000414 0.807419 -0.589978
vn -0.418854 -0.895820 0.148555
vn 0.436808 -0.285663 -0.852992
vn 0.302869 -0.873570 0.380979
vn -0.172803 -0.926575 -0.334063
vn -0.000133 -0.992609 -0.121357
vn -0.239789 0.131455 0.961884
vn 0.000000 -1.000000 0.000000
vn 0.000000 -1.000000 0.000000
vn -0.000100 -1.000000 -0.000319
vn -0.000133 -0.992609 -0.121357
vn 0.564426 -0.755819 0.331904
vn 0.031893 -0.669242 0.742359
vn 0.407569 -0.896833 0.171985
vn 0.334973 -0.931917 -0.139010
vn 0.304557 -0.919979 0.246747
vn -0.560700 -0.515688 0.647828
vn -0.335232 0.362913 0.869433
vn -0.237618 0.660480 0.712253
vn -0.636721 -0.664893 0.390517
vn -0.562954 -0.628642 0.536556
vn -0.744784 -0.602121 0.287658
vn -0.244894 0.551086 0.797704
vn -0.182090 0.978231 0.099538
vn -0.154247 -0.565301 0.810335
vn 0.000000 -1.000000 0.000000
vn 0.000000 -1.000000 0.000000
vn 0.000000 -1.000000 0.000000
vn 0.108958 0.973779 -0.199707
vn 0.249761 0.810908 -0.529195
vn 0.268605 0.916028 -0.297900
vn -0.691129 -0.588725 0.419218
vn -0.215594 -0.730047 0.648499
vn -0.595462 -0.792216 0.133489
vn 0.917507 0.087075 -0.388070
vn 0.408920 -0.372386 -0.833134
vn 0.956820 -0.186691 -0.222804
vn 0.118542 -0.894887 0.430262
vn 0.767445 -0.570734 -0.292046
vn 0.753545 -0.636687 -0.163705
vn -0.271497 -0.960415 0.062393
vn -0.865064 -0.494992 -0.081535
vn -0.652260 -0.755911 0.056171
vn -0.005995 -0.999633 -0.026413
vn -0.090835 -0.842856 -0.530418
vn 0.046561 -0.947476 -0.316418
vn -0.140598 0.964356 0.224163
vn -0.206414 0.968626 0.138408
vn -0.239789 0.131455 0.961884
vn 0.637975 -0.187358 -0.746917
vn -0.013909 -0.634122 -0.773108
vn 0.761336 0.509703 -0.400713
vn -0.744784 -0.602121 0.287658
vn -0.686328 0.406313 0.603211
vn -0.335232 0.362913 0.869433
vn 0.139608 0.988780 0.053143
vn 0.108958 0.973779 -0.199707
vn -0.140598 0.964356 0.224163
vn 0.003540 0.999141 -0.041296
vn 0.035178 0.856135 -0.515553
vn -0.182090 0.978231 0.099538
vn 0.000000 -1.000000 0.000000
vn -0.000539 -1.000000 0.000262
vn 0.001622 -0.999990 0.004225
vn -0.052006 0.987942 -0.145826
vn -0.285651 0.922171 -0.260776
vn -0.083841 0.191590 0.977888
vn -0.213820 0.389664 -0.895792
vn -0.258148 0.959835 -0.109895
vn -0.090835 -0.842856 -0.530418
vn -0.083841 0.191590 0.977888
vn -0.084504 -0.714634 0.694376
vn 0.108973 -0.892825 0.437022
vn 0.106334 -0.993649 -0.036812
vn 0.108973 -0.892825 0.437022
vn -0.084504 -0.714634 0.694376
vn 0.035178 0.856135 -0.515553
vn 0.108958 0.973779 -0.199707
vn 0.139608 0.988780 0.053143
vn 0.268605 0.916028 -0.297900
vn -0.140598 0.964356 0.224163
vn 0.108958 0.973779 -0.199707
vn -0.244894 0.551086 0.797704
vn 0.003540 0.999141 -0.041296
vn -0.182090 0.978231 0.099538
vn 0.003540 0.999141 -0.041296
vn -0.456129 0.058988 0.887957
vn -0.179121 0.305404 0.935224
vn -0.023882 -0.975327 0.219468
vn -0.244894 0.551086 0.797704
vn -0.154247 -0.565301 0.810335
vn 0.003540 0.999141 -0.041296
vn -0.244894 0.551086 0.797704
vn -0.456129 0.058988 0.887957
vn -0.162142 0.917564 -0.363023
vn -0.063767 0.934653 -0.349797
vn 0.002299 0.972244 -0.233958
vn -0.063767 0.934653 -0.349797
vn -0.162074 0.801124 -0.576135
vn -0.093123 0.987971 -0.123454
vn -0.110931 -0.931153 -0.347346
vn 0.059045 0.990244 -0.126216
vn -0.213820 0.389664 -0.895792
vn -0.000100 -1.000000 -0.000319
vn -0.044398 -0.997735 -0.050542
vn -0.110931 -0.931153 -0.347346
vn 0.048542 0.997788 0.045409
vn -0.071071 0.996826 -0.035887
vn -0.093514 0.991175 0.093957
vn -0.110931 -0.931153 -0.347346
vn -0.071071 0.996826 -0.035887
vn 0.059045 0.990244 -0.126216
vn 0.246370 -0.653296 0.715895
vn 0.287719 -0.743228 0.604012
vn -0.172803 -0.926575 -0.334063
vn 0.010123 0.176953 0.984167
vn 0.287719 -0.743228 0.604012
vn 0.493977 0.003412 0.869468
vn 0.000000 -1.000000 0.000000
vn 0.000000 -1.000000 0.000000
vn -0.017030 -0.996133 -0.086192
vn -0.000100 -1.000000 -0.000319
vn -0.110931 -0.931153 -0.347346
vn 0.000000 -1.000000 0.000000
vn -0.005995 -0.999633 -0.026413
vn 0.046561 -0.947476 -0.316418
vn 0.000000 -1.000000 0.000000
vn 0.000522 -1.000000 -0.000254
vn 0.000000 -1.000000 0.000000
vn 0.000000 -1.000000 0.000000
vn -0.601707 0.790582 0.113709
vn -0.248505 0.901384 0.354616
vn -0.340018 0.726196 0.597518
vn -0.097279 0.983417 0.153061
vn -0.237618 0.660480 0.712253
vn -0.340018 0.726196 0.597518
vn 0.493977 0.003412 0.869468
vn 0.010314 0.743503 0.668653
vn -0.386352 0.720675 0.575638
vn 0.293418 0.854140 0.429360
vn -0.924728 0.378223 0.042727
vn 0.317802 0.895672 0.311086
vn -0.601707 0.790582 0.113709
vn -0.340018 0.726196 0.597518
vn -0.686328 0.406313 0.603211
vn -0.248505 0.901384 0.354616
vn 0.238286 0.901292 0.361790
vn 0.317802 0.895672 0.311086
vn -0.562954 -0.628642 0.536556
vn -0.560700 -0.515688 0.647828
vn -0.620484 -0.748854 0.232845
vn -0.686328 0.406313 0.603211
vn -0.237618 0.660480 0.712253
vn -0.335232 0.362913 0.869433
vn -0.187613 -0.955897 -0.225969
vn -0.620484 -0.748854 0.232845
vn -0.013909 -0.634122 -0.773108
vn -0.054151 0.997497 -0.045476
vn -0.038404 0.929467 -0.366901
vn -0.272478 0.945692 -0.177266
vn -0.636721 -0.664893 0.390517
vn -0.560700 -0.515688 0.647828
vn -0.562954 -0.628642 0.536556
vn -0.744784 -0.602121 0.287658
vn -0.605889 -0.792055 0.074483
vn -0.594230 -0.656051 -0.465283
vn -0.206414 0.968626 0.138408
vn -0.393094 0.732031 -0.556424
vn -0.174393 0.935761 0.306494
vn -0.347512 -0.043059 -0.936686
vn 0.450046 0.191744 -0.872177
vn 0.280444 0.275560 -0.919466
vn 0.000000 -1.000000 0.000000
vn 0.000000 -1.000000 0.000000
vn 0.059683 -0.983757 -0.169291
vn -0.991825 -0.095602 0.084517
vn -0.620475 -0.697070 -0.359312
vn -0.435641 0.896990 0.075013
vn 0.093542 -0.821530 0.562439
vn -0.342106 -0.712301 0.612855
vn -0.936124 -0.251360 0.245948
vn -0.331257 -0.927988 -0.170610
vn -0.691129 -0.588725 0.419218
vn -0.595462 -0.792216 0.133489
vn -0.956928 -0.273400 -0.097682
vn -0.753630 0.637500 -0.160111
vn -0.793379 0.519669 -0.317008
vn -0.224496 0.920033 -0.321154
vn -0.054151 0.997497 -0.045476
vn -0.248295 0.966382 0.066749
vn -0.206414 0.968626 0.138408
vn -0.228241 0.894984 -0.383288
vn -0.393094 0.732031 -0.556424
vn -0.174393 0.935761 0.306494
vn -0.445080 0.891907 -0.080036
vn 0.246370 -0.653296 0.715895
vn -0.367446 0.867221 0.336023
vn -0.745435 0.528582 -0.406113
vn -0.554287 0.060422 -0.830130
vn -0.445080 0.891907 -0.080036
vn -0.174393 0.935761 0.306494
vn -0.393094 0.732031 -0.556424
vn -0.058725 0.556422 0.828822
vn 0.297740 -0.303075 0.905260
vn 0.246106 0.204436 0.947437
vn 0.000343 -0.999999 0.001099
vn 0.004458 -0.999855 0.016416
vn 0.001622 -0.999990 0.004225
vn -0.136694 0.805637 -0.576423
vn -0.052006 0.987942 -0.145826
vn -0.439786 0.562361 -0.700242
vn -0.224496 0.920033 -0.321154
vn -0.136694 0.805637 -0.576423
vn -0.030513 0.847085 -0.530580
vn -0.248295 0.966382 0.066749
vn -0.258148 0.959835 -0.109895
vn 0.032410 0.998654 0.040507
vn -0.300163 0.862750 -0.406897
vn 0.046561 -0.947476 -0.316418
vn -0.090835 -0.842856 -0.530418
vn 0.010123 0.176953 0.984167
vn -0.386352 0.720675 0.575638
vn -0.637360 0.766561 0.078463
vn 0.493977 0.003412 0.869468
vn 0.358973 -0.001118 0.933347
vn 0.010314 0.743503 0.668653
vn 0.246370 -0.653296 0.715895
vn 0.281174 0.116563 0.952551
vn 0.358973 -0.001118 0.933347
vn -0.601707 0.790582 0.113709
vn -0.597147 0.789801 -0.140109
vn -0.096576 0.918968 0.382324
vn 0.035178 0.856135 -0.515553
vn 0.003540 0.999141 -0.041296
vn 0.249761 0.810908 -0.529195
vn 0.268605 0.916028 -0.297900
vn 0.249761 0.810908 -0.529195
vn 0.003540 0.999141 -0.041296
vn 0.000000 -1.000000 0.000000
vn 0.000000 -1.000000 0.000000
vn -0.005995 -0.999633 -0.026413
vn 0.177902 -0.977592 -0.112534
vn 0.647672 -0.696287 -0.309363
vn 0.030636 -0.999421 0.014813
vn 0.001290 -0.999992 0.003700
vn 0.000522 -1.000000 -0.000254
vn 0.000000 -1.000000 0.000000
vn -0.000100 -1.000000 -0.000319
vn 0.000522 -1.000000 -0.000254
vn 0.000000 -1.000000 0.000000
vn -0.639219 0.144538 -0.755320
vn 0.163214 0.785332 0.597173
vn 0.281174 0.116563 0.952551
vn -0.798249 -0.328848 -0.504636
vn -0.806724 -0.126031 -0.577332
vn -0.679822 -0.113029 -0.724615
vn -0.597147 0.789801 -0.140109
vn -0.601707 0.790582 0.113709
vn -0.793379 0.519669 -0.317008
vn 0.238286 0.901292 0.361790
vn -0.248505 0.901384 0.354616
vn -0.601707 0.790582 0.113709
vn -0.753630 0.637500 -0.160111
vn -0.597147 0.789801 -0.140109
vn -0.793379 0.519669 -0.317008
vn -0.096576 0.918968 0.382324
vn -0.597147 0.789801 -0.140109
vn 0.215562 0.485391 0.847307
vn 0.215562 0.485391 0.847307
vn -0.597147 0.789801 -0.140109
vn 0.010314 0.743503 0.668653
vn -0.753630 0.637500 -0.160111
vn 0.010314 0.743503 0.668653
vn -0.597147 0.789801 -0.140109
vn 0.349778 0.417856 0.838482
vn 0.215562 0.485391 0.847307
vn 0.281174 0.116563 0.952551
vn -0.601707 0.790582 0.113709
vn -0.096576 0.918968 0.382324
vn 0.238286 0.901292 0.361790
vn 0.293418 0.854140 0.429360
vn 0.238286 0.901292 0.361790
vn 0.163214 0.785332 0.597173
vn 0.042631 0.952967 0.300061
vn 0.317802 0.895672 0.311086
vn -0.924728 0.378223 0.042727
vn -0.097279 0.983417 0.153061
vn -0.248505 0.901384 0.354616
vn 0.134049 0.990022 0.043449
vn 0.317802 0.895672 0.311086
vn 0.134049 0.990022 0.043449
vn -0.248505 0.901384 0.354616
vn 0.767445 -0.570734 -0.292046
vn 0.282228 0.774507 -0.566115
vn 0.761336 0.509703 -0.400713
vn -0.821248 -0.245392 -0.515107
vn -0.620475 -0.697070 -0.359312
vn 0.418076 -0.862160 -0.286168
vn -0.605889 -0.792055 0.074483
vn -0.736226 -0.459861 -0.496486
vn -0.594230 -0.656051 -0.465283
vn -0.330571 -0.940120 0.083053
vn -0.736226 -0.459861 -0.496486
vn -0.439786 0.562361 -0.700242
vn -0.620484 -0.748854 0.232845
vn -0.187613 -0.955897 -0.225969
vn -0.381970 -0.897894 0.218828
vn -0.605889 -0.792055 0.074483
vn -0.744784 -0.602121 0.287658
vn -0.562954 -0.628642 0.536556
vn -0.686328 0.406313 0.603211
vn -0.744784 -0.602121 0.287658
vn -0.876618 0.454612 0.157700
vn -0.876618 0.454612 0.157700
vn -0.744784 -0.602121 0.287658
vn -0.594230 -0.656051 -0.465283
vn -0.952972 0.270418 -0.136815
vn -0.614341 0.752541 -0.237208
vn -0.476823 0.780450 0.404398
vn 0.852292 0.060174 0.519593
vn 0.698233 0.038303 0.714845
vn 0.247159 -0.303276 0.920291
vn 0.138096 -0.986585 0.087059
vn 0.255096 -0.891027 0.375496
vn 0.020263 -0.999290 0.031764
vn -0.809571 -0.578711 -0.098432
vn -0.859931 -0.509967 0.021244
vn -0.130639 -0.912933 0.386635
vn -0.331257 -0.927988 -0.170610
vn 0.262243 -0.665473 -0.698838
vn -0.504903 -0.859767 0.076639
vn 0.801342 0.007815 -0.598156
vn 0.157226 -0.960850 -0.228139
vn 0.262243 -0.665473 -0.698838
vn 0.147486 0.422587 -0.894242
vn -0.331257 -0.927988 -0.170610
vn 0.280444 0.275560 -0.919466
vn 0.600474 0.280839 -0.748706
vn 0.767445 -0.570734 -0.292046
vn 0.157226 -0.960850 -0.228139
vn 0.093542 -0.821530 0.562439
vn 0.444511 -0.768303 0.460566
vn -0.342106 -0.712301 0.612855
vn -0.342106 -0.712301 0.612855
vn -0.130639 -0.912933 0.386635
vn -0.215594 -0.730047 0.648499
vn -0.439786 0.562361 -0.700242
vn -0.753630 0.637500 -0.160111
vn -0.956928 -0.273400 -0.097682
vn -0.439786 0.562361 -0.700242
vn -0.038404 0.929467 -0.366901
vn -0.030513 0.847085 -0.530580
vn 0.246370 -0.653296 0.715895
vn -0.445080 0.891907 -0.080036
vn 0.281174 0.116563 0.952551
vn 0.287719 -0.743228 0.604012
vn 0.246370 -0.653296 0.715895
vn 0.493977 0.003412 0.869468
vn 0.281174 0.116563 0.952551
vn -0.445080 0.891907 -0.080036
vn -0.639219 0.144538 -0.755320
vn -0.096576 0.918968 0.382324
vn 0.215562 0.485391 0.847307
vn 0.349778 0.417856 0.838482
vn -0.239789 0.131455 0.961884
vn -0.174393 0.935761 0.306494
vn -0.178636 -0.627409 0.757923
vn 0.246370 -0.653296 0.715895
vn -0.178636 -0.627409 0.757923
vn -0.174393 0.935761 0.306494
vn -0.635529 0.575105 -0.515128
vn -0.365394 0.269158 -0.891090
vn -0.228241 0.894984 -0.383288
vn -0.365394 0.269158 -0.891090
vn -0.554287 0.060422 -0.830130
vn -0.393094 0.732031 -0.556424
vn -0.171570 0.905009 -0.389259
vn -0.228241 0.894984 -0.383288
vn 0.268605 0.916028 -0.297900
vn -0.393094 0.732031 -0.556424
vn -0.228241 0.894984 -0.383288
vn -0.365394 0.269158 -0.891090
vn -0.179121 0.305404 0.935224
vn 0.025362 -0.874080 0.485120
vn 0.237307 -0.597008 0.766333
vn 0.002303 -0.999979 0.006079
vn 0.015450 -0.998043 0.060588
vn 0.001290 -0.999992 0.003700
vn 0.000522 -1.000000 -0.000254
vn 0.000343 -0.999999 0.001099
vn 0.000000 -1.000000 0.000000
vn 0.004458 -0.999855 0.016416
vn 0.000343 -0.999999 0.001099
vn 0.001290 -0.999992 0.003700
vn 0.027206 -0.995262 0.093346
vn 0.004458 -0.999855 0.016416
vn 0.015450 -0.998043 0.060588
vn 0.237307 -0.597008 0.766333
vn 0.082811 0.458262 0.884951
vn -0.179121 0.305404 0.935224
vn 0.001622 -0.999990 0.004225
vn -0.023882 -0.975327 0.219468
vn -0.018567 -0.998012 0.060223
vn -0.023882 -0.975327 0.219468
vn 0.027206 -0.995262 0.093346
vn 0.025362 -0.874080 0.485120
vn -0.162074 0.801124 -0.576135
vn -0.162142 0.917564 -0.363023
vn -0.285651 0.922171 -0.260776
vn -0.084504 -0.714634 0.694376
vn -0.285651 0.922171 -0.260776
vn -0.162142 0.917564 -0.363023
vn -0.439786 0.562361 -0.700242
vn -0.052006 0.987942 -0.145826
vn -0.637360 0.766561 0.078463
vn -0.285651 0.922171 -0.260776
vn -0.052006 0.987942 -0.145826
vn -0.136694 0.805637 -0.576423
vn -0.224496 0.920033 -0.321154
vn -0.030513 0.847085 -0.530580
vn -0.054151 0.997497 -0.045476
vn -0.093123 0.987971 -0.123454
vn -0.224496 0.920033 -0.321154
vn -0.248295 0.966382 0.066749
vn -0.110931 -0.931153 -0.347346
vn -0.213820 0.389664 -0.895792
vn -0.017030 -0.996133 -0.086192
vn 0.032410 0.998654 0.040507
vn -0.213820 0.389664 -0.895792
vn 0.059045 0.990244 -0.126216
vn 0.048542 0.997788 0.045409
vn 0.032410 0.998654 0.040507
vn 0.059045 0.990244 -0.126216
vn -0.248295 0.966382 0.066749
vn 0.032410 0.998654 0.040507
vn -0.112117 0.993687 -0.004063
vn -0.248295 0.966382 0.066749
vn -0.112117 0.993687 -0.004063
vn -0.093123 0.987971 -0.123454
vn -0.300163 0.862750 -0.406897
vn -0.248295 0.966382 0.066749
vn 0.065278 0.994607 0.080596
vn -0.005995 -0.999633 -0.026413
vn 0.000000 -1.000000 0.000000
vn -0.017030 -0.996133 -0.086192
vn 0.177902 -0.977592 -0.112534
vn 0.000000 -1.000000 0.000000
vn 0.000000 -1.000000 0.000000
vn 0.317802 0.895672 0.311086
vn 0.042631 0.952967 0.300061
vn 0.177230 0.979425 -0.096523
vn -0.924728 0.378223 0.042727
vn -0.856905 0.107951 -0.504044
vn -0.952972 0.270418 -0.136815
vn -0.679822 -0.113029 -0.724615
vn -0.806724 -0.126031 -0.577332
vn -0.422117 -0.320126 -0.848137
vn -0.614341 0.752541 -0.237208
vn -0.102656 0.993554 -0.048077
vn 0.207362 0.976072 -0.065453
vn -0.924728 0.378223 0.042727
vn -0.952972 0.270418 -0.136815
vn 0.042631 0.952967 0.300061
vn -0.952972 0.270418 -0.136815
vn -0.856905 0.107951 -0.504044
vn -0.614341 0.752541 -0.237208
vn -0.013909 -0.634122 -0.773108
vn 0.753545 -0.636687 -0.163705
vn 0.761336 0.509703 -0.400713
vn -0.187613 -0.955897 -0.225969
vn 0.418076 -0.862160 -0.286168
vn -0.381970 -0.897894 0.218828
vn -0.048455 0.993051 -0.107250
vn 0.843665 0.535174 -0.042636
vn -0.000414 0.807419 -0.589978
vn 0.418076 -0.862160 -0.286168
vn -0.187613 -0.955897 -0.225969
vn 0.637975 -0.187358 -0.746917
vn -0.297387 -0.875635 0.380558
vn 0.418076 -0.862160 -0.286168
vn -0.620475 -0.697070 -0.359312
vn -0.562954 -0.628642 0.536556
vn -0.381970 -0.897894 0.218828
vn -0.297387 -0.875635 0.380558
vn -0.013909 -0.634122 -0.773108
vn 0.637975 -0.187358 -0.746917
vn -0.187613 -0.955897 -0.225969
vn 0.282228 0.774507 -0.566115
vn -0.048455 0.993051 -0.107250
vn -0.000414 0.807419 -0.589978
vn -0.000414 0.807419 -0.589978
vn 0.843665 0.535174 -0.042636
vn 0.065596 -0.258370 -0.963816
vn 0.418076 -0.862160 -0.286168
vn 0.637975 -0.187358 -0.746917
vn -0.000414 0.807419 -0.589978
vn 0.282228 0.774507 -0.566115
vn 0.600474 0.280839 -0.748706
vn -0.048455 0.993051 -0.107250
vn 0.801342 0.007815 -0.598156
vn 0.443473 0.890095 -0.105181
vn 0.600474 0.280839 -0.748706
vn -0.876618 0.454612 0.157700
vn -0.956928 -0.273400 -0.097682
vn -0.793379 0.519669 -0.317008
vn -0.439786 0.562361 -0.700242
vn -0.956928 -0.273400 -0.097682
vn -0.330571 -0.940120 0.083053
vn -0.605889 -0.792055 0.074483
vn -0.991825 -0.095602 0.084517
vn -0.736226 -0.459861 -0.496486
vn -0.594230 -0.656051 -0.465283
vn -0.330571 -0.940120 0.083053
vn -0.956928 -0.273400 -0.097682
vn -0.744784 -0.602121 0.287658
vn -0.335232 0.362913 0.869433
vn -0.636721 -0.664893 0.390517
vn -0.560700 -0.515688 0.647828
vn -0.636721 -0.664893 0.390517
vn -0.335232 0.362913 0.869433
vn -0.614341 0.752541 -0.237208
vn 0.207362 0.976072 -0.065453
vn -0.237815 0.936544 -0.257546
vn 0.491131 0.510786 0.705612
vn 0.437818 0.767401 0.468413
vn 0.207362 0.976072 -0.065453
vn 0.729864 0.226281 0.645054
vn 0.644140 0.251121 0.722511
vn 0.507421 0.653310 0.561880
vn 0.601693 -0.274797 0.749968
vn 0.865057 -0.451053 0.219606
vn 0.657505 -0.606156 0.447507
vn 0.337019 -0.687425 0.643323
vn 0.378405 -0.556496 0.739677
vn 0.154704 -0.376344 0.913472
vn -0.493161 -0.860833 0.125535
vn -0.809571 -0.578711 -0.098432
vn -0.130639 -0.912933 0.386635
vn 0.118542 -0.894887 0.430262
vn -0.271497 -0.960415 0.062393
vn 0.082169 -0.926424 0.367405
vn 0.282228 0.774507 -0.566115
vn 0.767445 -0.570734 -0.292046
vn 0.600474 0.280839 -0.748706
vn 0.082169 -0.926424 0.367405
vn 0.767445 -0.570734 -0.292046
vn 0.118542 -0.894887 0.430262
vn 0.157226 -0.960850 -0.228139
vn 0.082169 -0.926424 0.367405
vn -0.652260 -0.755911 0.056171
vn -0.865064 -0.494992 -0.081535
vn -0.936124 -0.251360 0.245948
vn -0.907521 -0.412784 0.077554
vn 0.157226 -0.960850 -0.228139
vn -0.652260 -0.755911 0.056171
vn -0.504903 -0.859767 0.076639
vn -0.907521 -0.412784 0.077554
vn -0.652260 -0.755911 0.056171
vn -0.865064 -0.494992 -0.081535
vn -0.691129 -0.588725 0.419218
vn -0.907521 -0.412784 0.077554
vn -0.342106 -0.712301 0.612855
vn 0.444511 -0.768303 0.460566
vn 0.093542 -0.821530 0.562439
vn -0.138643 -0.896531 0.420726
vn -0.691129 -0.588725 0.419218
vn -0.342106 -0.712301 0.612855
vn -0.215594 -0.730047 0.648499
vn -0.560555 -0.495615 0.663433
vn -0.493161 -0.860833 0.125535
vn -0.138643 -0.896531 0.420726
vn 0.401170 -0.905528 0.138134
vn 0.339659 -0.922065 0.185549
vn -0.493161 -0.860833 0.125535
vn 0.010314 0.743503 0.668653
vn 0.358973 -0.001118 0.933347
vn 0.215562 0.485391 0.847307
vn 0.246370 -0.653296 0.715895
vn 0.358973 -0.001118 0.933347
vn 0.493977 0.003412 0.869468
vn -0.479119 -0.218908 -0.850014
vn -0.539415 0.020520 -0.841790
vn -0.554287 0.060422 -0.830130
vn -0.533769 0.844265 -0.048028
vn 0.507421 0.653310 0.561880
vn 0.288935 0.662659 0.690941
vn -0.572844 0.802456 0.167077
vn -0.783677 0.476963 -0.397941
vn -0.095302 0.753344 0.650685
vn -0.058725 0.556422 0.828822
vn -0.095302 0.753344 0.650685
vn -0.745435 0.528582 -0.406113
vn 0.002303 -0.999979 0.006079
vn 0.000418 -0.999997 0.002372
vn 0.079100 -0.981176 0.176175
vn 0.030636 -0.999421 0.014813
vn 0.659497 -0.734271 -0.160964
vn 0.138096 -0.986585 0.087059
vn 0.015450 -0.998043 0.060588
vn 0.004458 -0.999855 0.016416
vn 0.001290 -0.999992 0.003700
vn -0.023882 -0.975327 0.219468
vn 0.004458 -0.999855 0.016416
vn 0.027206 -0.995262 0.093346
vn 0.025362 -0.874080 0.485120
vn 0.129531 -0.936239 0.326617
vn 0.237307 -0.597008 0.766333
vn 0.297740 -0.303075 0.905260
vn -0.367446 0.867221 0.336023
vn 0.082811 0.458262 0.884951
vn -0.439786 0.562361 -0.700242
vn -0.030513 0.847085 -0.530580
vn -0.136694 0.805637 -0.576423
vn -0.054151 0.997497 -0.045476
vn -0.030513 0.847085 -0.530580
vn -0.038404 0.929467 -0.366901
vn -0.038404 0.929467 -0.366901
vn -0.736226 -0.459861 -0.496486
vn -0.272478 0.945692 -0.177266
vn -0.248295 0.966382 0.066749
vn -0.054151 0.997497 -0.045476
vn 0.065278 0.994607 0.080596
vn -0.562954 -0.628642 0.536556
vn -0.297387 -0.875635 0.380558
vn -0.605889 -0.792055 0.074483
vn -0.054151 0.997497 -0.045476
vn -0.272478 0.945692 -0.177266
vn 0.222617 0.970779 -0.089610
vn -0.093123 0.987971 -0.123454
vn -0.112117 0.993687 -0.004063
vn 0.048542 0.997788 0.045409
vn -0.162074 0.801124 -0.576135
vn -0.224496 0.920033 -0.321154
vn -0.093123 0.987971 -0.123454
vn -0.090835 -0.842856 -0.530418
vn -0.017030 -0.996133 -0.086192
vn -0.213820 0.389664 -0.895792
vn 0.158082 0.986115 0.050866
vn -0.300163 0.862750 -0.406897
vn 0.065278 0.994607 0.080596
vn 0.000418 -0.999997 0.002372
vn 0.020263 -0.999290 0.031764
vn 0.079100 -0.981176 0.176175
vn 0.000000 -1.000000 0.000000
vn 0.000418 -0.999997 0.002372
vn 0.000000 -1.000000 0.000000
vn 0.767445 -0.570734 -0.292046
vn 0.761336 0.509703 -0.400713
vn 0.753545 -0.636687 -0.163705
vn 0.637975 -0.187358 -0.746917
vn 0.761336 0.509703 -0.400713
vn 0.282228 0.774507 -0.566115
vn -0.614341 0.752541 -0.237208
vn -0.237815 0.936544 -0.257546
vn -0.476823 0.780450 0.404398
vn -0.102656 0.993554 -0.048077
vn -0.614341 0.752541 -0.237208
vn -0.856905 0.107951 -0.504044
vn -0.924728 0.378223 0.042727
vn -0.798249 -0.328848 -0.504636
vn -0.856905 0.107951 -0.504044
vn 0.491131 0.510786 0.705612
vn -0.102656 0.993554 -0.048077
vn 0.288935 0.662659 0.690941
vn 0.207362 0.976072 -0.065453
vn -0.102656 0.993554 -0.048077
vn 0.491131 0.510786 0.705612
vn 0.332384 0.280491 0.900470
vn 0.437818 0.767401 0.468413
vn 0.247159 -0.303276 0.920291
vn 0.437818 0.767401 0.468413
vn 0.332384 0.280491 0.900470
vn 0.452133 0.845213 0.284940
vn 0.247159 -0.303276 0.920291
vn 0.154704 -0.376344 0.913472
vn 0.125844 -0.536880 0.834220
vn 0.934090 0.074092 0.349264
vn 0.865057 -0.451053 0.219606
vn 0.601693 -0.274797 0.749968
vn 0.657505 -0.606156 0.447507
vn 0.407569 -0.896833 0.171985
vn 0.337019 -0.687425 0.643323
vn 0.247159 -0.303276 0.920291
vn 0.125844 -0.536880 0.834220
vn 0.332384 0.280491 0.900470
vn 0.378405 -0.556496 0.739677
vn 0.125844 -0.536880 0.834220
vn 0.154704 -0.376344 0.913472
vn 0.337019 -0.687425 0.643323
vn 0.407569 -0.896833 0.171985
vn 0.304557 -0.919979 0.246747
vn 0.407569 -0.896833 0.171985
vn 0.657505 -0.606156 0.447507
vn 0.339659 -0.922065 0.185549
vn 0.378405 -0.556496 0.739677
vn 0.337019 -0.687425 0.643323
vn 0.304557 -0.919979 0.246747
vn 0.337019 -0.687425 0.643323
vn 0.154704 -0.376344 0.913472
vn 0.601693 -0.274797 0.749968
vn 0.626945 -0.716219 0.306545
vn -0.793402 -0.543081 -0.274911
vn -0.809571 -0.578711 -0.098432
vn -0.493161 -0.860833 0.125535
vn -0.130639 -0.912933 0.386635
vn 0.444511 -0.768303 0.460566
vn -0.652260 -0.755911 0.056171
vn 0.082169 -0.926424 0.367405
vn -0.271497 -0.960415 0.062393
vn 0.767445 -0.570734 -0.292046
vn 0.082169 -0.926424 0.367405
vn 0.157226 -0.960850 -0.228139
vn -0.342106 -0.712301 0.612855
vn -0.907521 -0.412784 0.077554
vn -0.936124 -0.251360 0.245948
vn -0.652260 -0.755911 0.056171
vn -0.907521 -0.412784 0.077554
vn -0.691129 -0.588725 0.419218
vn -0.493161 -0.860833 0.125535
vn 0.444511 -0.768303 0.460566
vn -0.138643 -0.896531 0.420726
vn -0.342106 -0.712301 0.612855
vn 0.444511 -0.768303 0.460566
vn -0.130639 -0.912933 0.386635
vn 0.401170 -0.905528 0.138134
vn -0.493161 -0.860833 0.125535
vn -0.560555 -0.495615 0.663433
vn 0.626945 -0.716219 0.306545
vn 0.089448 -0.995635 -0.026629
vn 0.657505 -0.606156 0.447507
vn -0.011779 0.597769 -0.801582
vn 0.668845 0.597747 -0.441979
vn 0.147486 0.422587 -0.894242
vn -0.347512 -0.043059 -0.936686
vn -0.595462 -0.792216 0.133489
vn -0.859931 -0.509967 0.021244
vn 0.089448 -0.995635 -0.026629
vn -0.493161 -0.860833 0.125535
vn 0.339659 -0.922065 0.185549
vn -0.859931 -0.509967 0.021244
vn -0.809571 -0.578711 -0.098432
vn -0.793402 -0.543081 -0.274911
vn 0.089448 -0.995635 -0.026629
vn 0.626945 -0.716219 0.306545
vn -0.809571 -0.578711 -0.098432
vn 0.657505 -0.606156 0.447507
vn 0.865057 -0.451053 0.219606
vn 0.626945 -0.716219 0.306545
vn -0.347512 -0.043059 -0.936686
vn -0.859931 -0.509967 0.021244
vn -0.793402 -0.543081 -0.274911
vn -0.130639 -0.912933 0.386635
vn -0.859931 -0.509967 0.021244
vn -0.215594 -0.730047 0.648499
vn -0.387422 -0.847801 -0.362130
vn -0.297987 -0.709994 -0.638054
vn 0.450046 0.191744 -0.872177
vn -0.595462 -0.792216 0.133489
vn -0.347512 -0.043059 -0.936686
vn 0.280444 0.275560 -0.919466
vn 0.450046 0.191744 -0.872177
vn 0.436808 -0.285663 -0.852992
vn -0.387422 -0.847801 -0.362130
vn -0.230545 -0.946699 0.224967
vn -0.418854 -0.895820 0.148555
vn 0.014250 -0.607684 0.794051
vn -0.331257 -0.927988 -0.170610
vn -0.595462 -0.792216 0.133489
vn 0.280444 0.275560 -0.919466
vn -0.859931 -0.509967 0.021244
vn -0.595462 -0.792216 0.133489
vn -0.215594 -0.730047 0.648499
vn 0.147486 0.422587 -0.894242
vn 0.262243 -0.665473 -0.698838
vn -0.331257 -0.927988 -0.170610
vn -0.691129 -0.588725 0.419218
vn -0.331257 -0.927988 -0.170610
vn -0.504903 -0.859767 0.076639
vn 0.280444 0.275560 -0.919466
vn -0.011779 0.597769 -0.801582
vn 0.147486 0.422587 -0.894242
vn 0.600474 0.280839 -0.748706
vn 0.443473 0.890095 -0.105181
vn -0.048455 0.993051 -0.107250
vn 0.668845 0.597747 -0.441979
vn 0.443473 0.890095 -0.105181
vn 0.801342 0.007815 -0.598156
vn 0.157226 -0.960850 -0.228139
vn -0.504903 -0.859767 0.076639
vn 0.262243 -0.665473 -0.698838
vn 0.987071 0.157490 0.029783
vn 0.668845 0.597747 -0.441979
vn 0.917507 0.087075 -0.388070
vn 0.843665 0.535174 -0.042636
vn -0.048455 0.993051 -0.107250
vn 0.443473 0.890095 -0.105181
vn 0.436808 -0.285663 -0.852992
vn -0.347512 -0.043059 -0.936686
vn -0.793402 -0.543081 -0.274911
vn -0.297987 -0.709994 -0.638054
vn 0.408920 -0.372386 -0.833134
vn -0.011779 0.597769 -0.801582
vn -0.011779 0.597769 -0.801582
vn 0.280444 0.275560 -0.919466
vn 0.450046 0.191744 -0.872177
vn 0.668845 0.597747 -0.441979
vn 0.262243 -0.665473 -0.698838
vn 0.147486 0.422587 -0.894242
vn 0.157226 -0.960850 -0.228139
vn 0.801342 0.007815 -0.598156
vn 0.600474 0.280839 -0.748706
vn 0.668845 0.597747 -0.441979
vn 0.801342 0.007815 -0.598156
vn 0.262243 -0.665473 -0.698838
vn 0.302869 -0.873570 0.380979
vn -0.793402 -0.543081 -0.274911
vn 0.626945 -0.716219 0.306545
vn 0.655924 0.149485 0.739877
vn 0.454961 0.030109 0.890002
vn 0.518411 -0.111358 0.847850
vn 0.836135 -0.086832 -0.541607
vn 0.856890 -0.450298 -0.250940
vn 0.659497 -0.734271 -0.160964
vn 0.647672 -0.696287 -0.309363
vn 0.939290 -0.016773 -0.342713
vn 0.836135 -0.086832 -0.541607
vn 0.436808 -0.285663 -0.852992
vn 0.450046 0.191744 -0.872177
vn -0.347512 -0.043059 -0.936686
vn -0.230545 -0.946699 0.224967
vn -0.387422 -0.847801 -0.362130
vn -0.418854 -0.895820 0.148555
vn 0.302869 -0.873570 0.380979
vn 0.436808 -0.285663 -0.852992
vn -0.793402 -0.543081 -0.274911
vn -0.387422 -0.847801 -0.362130
vn 0.436808 -0.285663 -0.852992
vn -0.418854 -0.895820 0.148555
vn -0.297987 -0.709994 -0.638054
vn -0.011779 0.597769 -0.801582
vn 0.450046 0.191744 -0.872177
vn -0.011779 0.597769 -0.801582
vn 0.408920 -0.372386 -0.833134
vn 0.668845 0.597747 -0.441979
vn -0.539415 0.020520 -0.841790
vn -0.445080 0.891907 -0.080036
vn -0.393094 0.732031 -0.556424
vn 0.163214 0.785332 0.597173
vn -0.639219 0.144538 -0.755320
vn -0.422117 -0.320126 -0.848137
vn -0.422117 -0.320126 -0.848137
vn -0.639219 0.144538 -0.755320
vn -0.479119 -0.218908 -0.850014
vn -0.639219 0.144538 -0.755320
vn -0.445080 0.891907 -0.080036
vn -0.539415 0.020520 -0.841790
vn -0.806724 -0.126031 -0.577332
vn 0.163214 0.785332 0.597173
vn -0.422117 -0.320126 -0.848137
vn 0.238286 0.901292 0.361790
vn -0.096576 0.918968 0.382324
vn 0.349778 0.417856 0.838482
vn -0.554287 0.060422 -0.830130
vn -0.365394 0.269158 -0.891090
vn -0.635529 0.575105 -0.515128
vn -0.479119 -0.218908 -0.850014
vn -0.554287 0.060422 -0.830130
vn -0.745435 0.528582 -0.406113
vn 0.082811 0.458262 0.884951
vn -0.171570 0.905009 -0.389259
vn -0.179121 0.305404 0.935224
vn -0.058725 0.556422 0.828822
vn -0.367446 0.867221 0.336023
vn 0.297740 -0.303075 0.905260
vn 0.002303 -0.999979 0.006079
vn 0.001290 -0.999992 0.003700
vn 0.000000 -1.000000 0.000000
vn 0.015450 -0.998043 0.060588
vn 0.079100 -0.981176 0.176175
vn 0.201920 -0.899796 0.386776
vn 0.003540 0.999141 -0.041296
vn -0.179121 0.305404 0.935224
vn -0.171570 0.905009 -0.389259
vn 0.025362 -0.874080 0.485120
vn -0.179121 0.305404 0.935224
vn -0.456129 0.058988 0.887957
vn -0.023882 -0.975327 0.219468
vn 0.025362 -0.874080 0.485120
vn -0.456129 0.058988 0.887957
vn 0.129531 -0.936239 0.326617
vn 0.025362 -0.874080 0.485120
vn 0.027206 -0.995262 0.093346
vn -0.439786 0.562361 -0.700242
vn -0.736226 -0.459861 -0.496486
vn -0.038404 0.929467 -0.366901
vn -0.594230 -0.656051 -0.465283
vn -0.736226 -0.459861 -0.496486
vn -0.330571 -0.940120 0.083053
vn 0.065596 -0.258370 -0.963816
vn -0.821248 -0.245392 -0.515107
vn -0.000414 0.807419 -0.589978
vn -0.991825 -0.095602 0.084517
vn -0.435641 0.896990 0.075013
vn -0.272478 0.945692 -0.177266
vn -0.111582 0.987253 -0.113498
vn 0.706064 -0.566478 -0.424943
vn 0.040968 -0.782690 -0.621062
vn 0.065278 0.994607 0.080596
vn -0.054151 0.997497 -0.045476
vn 0.222617 0.970779 -0.089610
vn 0.706064 -0.566478 -0.424943
vn 0.065596 -0.258370 -0.963816
vn 0.843665 0.535174 -0.042636
vn 0.065596 -0.258370 -0.963816
vn -0.838925 0.310179 -0.447207
vn -0.821248 -0.245392 -0.515107
vn 0.177902 -0.977592 -0.112534
vn 0.000000 -1.000000 0.000000
vn 0.059683 -0.983757 -0.169291
vn 0.000000 -1.000000 0.000000
vn 0.000000 -1.000000 0.000000
vn 0.000418 -0.999997 0.002372
vn 0.491131 0.510786 0.705612
vn 0.288935 0.662659 0.690941
vn 0.644140 0.251121 0.722511
vn 0.247159 -0.303276 0.920291
vn 0.437818 0.767401 0.468413
vn 0.491131 0.510786 0.705612
vn -0.560555 -0.495615 0.663433
vn 0.334973 -0.931917 -0.139010
vn 0.401170 -0.905528 0.138134
vn 0.407569 -0.896833 0.171985
vn 0.401170 -0.905528 0.138134
vn 0.334973 -0.931917 -0.139010
vn -0.493161 -0.860833 0.125535
vn 0.089448 -0.995635 -0.026629
vn -0.809571 -0.578711 -0.098432
vn 0.657505 -0.606156 0.447507
vn 0.089448 -0.995635 -0.026629
vn 0.339659 -0.922065 0.185549
vn 0.657505 -0.606156 0.447507
vn 0.337019 -0.687425 0.643323
vn 0.601693 -0.274797 0.749968
vn 0.518411 -0.111358 0.847850
vn 0.626945 -0.716219 0.306545
vn 0.865057 -0.451053 0.219606
vn 0.247159 -0.303276 0.920291
vn 0.698233 0.038303 0.714845
vn 0.154704 -0.376344 0.913472
vn 0.601693 -0.274797 0.749968
vn 0.154704 -0.376344 0.913472
vn 0.698233 0.038303 0.714845
vn 0.852292 0.060174 0.519593
vn 0.247159 -0.303276 0.920291
vn 0.644140 0.251121 0.722511
vn 0.698233 0.038303 0.714845
vn 0.852292 0.060174 0.519593
vn 0.655924 0.149485 0.739877
vn 0.518411 -0.111358 0.847850
vn 0.454961 0.030109 0.890002
vn 0.014250 -0.607684 0.794051
vn 0.698233 0.038303 0.714845
vn 0.655924 0.149485 0.739877
vn 0.934090 0.074092 0.349264
vn 0.247159 -0.303276 0.920291
vn 0.491131 0.510786 0.705612
vn 0.644140 0.251121 0.722511
vn 0.655924 0.149485 0.739877
vn 0.852292 0.060174 0.519593
vn 0.796213 0.015936 0.604807
vn 0.507421 0.653310 0.561880
vn 0.644140 0.251121 0.722511
vn 0.288935 0.662659 0.690941
vn 0.796213 0.015936 0.604807
vn 0.852292 0.060174 0.519593
vn 0.644140 0.251121 0.722511
vn 0.454961 0.030109 0.890002
vn 0.655924 0.149485 0.739877
vn 0.681991 -0.312516 0.661227
vn 0.518411 -0.111358 0.847850
vn 0.865057 -0.451053 0.219606
vn 0.934090 0.074092 0.349264
vn -0.924728 0.378223 0.042727
vn -0.806724 -0.126031 -0.577332
vn -0.798249 -0.328848 -0.504636
vn 0.729864 0.226281 0.645054
vn 0.507421 0.653310 0.561880
vn 0.675755 0.315371 0.666256
vn 0.681991 -0.312516 0.661227
vn 0.729864 0.226281 0.645054
vn 0.855588 -0.082906 0.510976
vn 0.395839 0.191556 0.898119
vn -0.095302 0.753344 0.650685
vn 0.246106 0.204436 0.947437
vn 0.698233 0.038303 0.714845
vn 0.934090 0.074092 0.349264
vn 0.601693 -0.274797 0.749968
vn 0.518411 -0.111358 0.847850
vn 0.934090 0.074092 0.349264
vn 0.655924 0.149485 0.739877
vn 0.681991 -0.312516 0.661227
vn 0.655924 0.149485 0.739877
vn 0.796213 0.015936 0.604807
vn 0.014250 -0.607684 0.794051
vn 0.454961 0.030109 0.890002
vn 0.829970 -0.112598 0.546326
vn 0.829970 -0.112598 0.546326
vn 0.538523 -0.771079 0.339749
vn 0.014250 -0.607684 0.794051
vn 0.014250 -0.607684 0.794051
vn -0.418854 -0.895820 0.148555
vn 0.302869 -0.873570 0.380979
vn 0.829970 -0.112598 0.546326
vn 0.681991 -0.312516 0.661227
vn 0.855588 -0.082906 0.510976
vn -0.297987 -0.709994 -0.638054
vn -0.230545 -0.946699 0.224967
vn 0.856890 -0.450298 -0.250940
vn 0.626945 -0.716219 0.306545
vn 0.518411 -0.111358 0.847850
vn 0.302869 -0.873570 0.380979
vn 0.014250 -0.607684 0.794051
vn 0.302869 -0.873570 0.380979
vn 0.518411 -0.111358 0.847850
vn 0.248287 0.728409 0.638571
vn 0.507421 0.653310 0.561880
vn -0.215126 0.955240 0.203070
vn -0.783677 0.476963 -0.397941
vn -0.548372 -0.202215 -0.811417
vn -0.479119 -0.218908 -0.850014
vn -0.554287 0.060422 -0.830130
vn -0.539415 0.020520 -0.841790
vn -0.393094 0.732031 -0.556424
vn -0.639219 0.144538 -0.755320
vn -0.539415 0.020520 -0.841790
vn -0.479119 -0.218908 -0.850014
vn -0.422117 -0.320126 -0.848137
vn -0.548372 -0.202215 -0.811417
vn -0.679822 -0.113029 -0.724615
vn 0.293418 0.854140 0.429360
vn -0.806724 -0.126031 -0.577332
vn -0.924728 0.378223 0.042727
vn -0.533769 0.844265 -0.048028
vn -0.215126 0.955240 0.203070
vn 0.507421 0.653310 0.561880
vn -0.533769 0.844265 -0.048028
vn 0.288935 0.662659 0.690941
vn -0.102656 0.993554 -0.048077
vn -0.856905 0.107951 -0.504044
vn -0.533769 0.844265 -0.048028
vn -0.102656 0.993554 -0.048077
vn -0.533769 0.844265 -0.048028
vn -0.679822 -0.113029 -0.724615
vn -0.215126 0.955240 0.203070
vn -0.679822 -0.113029 -0.724615
vn -0.533769 0.844265 -0.048028
vn -0.798249 -0.328848 -0.504636
vn -0.856905 0.107951 -0.504044
vn -0.798249 -0.328848 -0.504636
vn -0.533769 0.844265 -0.048028
vn -0.679822 -0.113029 -0.724615
vn -0.572844 0.802456 0.167077
vn -0.215126 0.955240 0.203070
vn 0.248287 0.728409 0.638571
vn -0.215126 0.955240 0.203070
vn -0.572844 0.802456 0.167077
vn 0.238286 0.901292 0.361790
vn 0.293418 0.854140 0.429360
vn 0.317802 0.895672 0.311086
vn -0.806724 -0.126031 -0.577332
vn 0.293418 0.854140 0.429360
vn 0.163214 0.785332 0.597173
vn 0.281174 0.116563 0.952551
vn 0.163214 0.785332 0.597173
vn 0.349778 0.417856 0.838482
vn 0.349778 0.417856 0.838482
vn 0.163214 0.785332 0.597173
vn 0.238286 0.901292 0.361790
vn 0.082811 0.458262 0.884951
vn -0.635529 0.575105 -0.515128
vn -0.171570 0.905009 -0.389259
vn -0.554287 0.060422 -0.830130
vn -0.635529 0.575105 -0.515128
vn -0.367446 0.867221 0.336023
vn 0.082811 0.458262 0.884951
vn 0.237307 -0.597008 0.766333
vn 0.297740 -0.303075 0.905260
vn -0.635529 0.575105 -0.515128
vn 0.082811 0.458262 0.884951
vn -0.367446 0.867221 0.336023
vn 0.297740 -0.303075 0.905260
vn 0.237307 -0.597008 0.766333
vn 0.129531 -0.936239 0.326617
vn 0.422707 -0.504277 0.753010
vn 0.201920 -0.899796 0.386776
vn 0.079100 -0.981176 0.176175
vn -0.058725 0.556422 0.828822
vn 0.246106 0.204436 0.947437
vn -0.095302 0.753344 0.650685
vn -0.745435 0.528582 -0.406113
vn -0.367446 0.867221 0.336023
vn -0.058725 0.556422 0.828822
vn 0.750643 0.131651 0.647459
vn 0.855588 -0.082906 0.510976
vn 0.675755 0.315371 0.666256
vn 0.353213 0.442277 0.824398
vn -0.095302 0.753344 0.650685
vn 0.395839 0.191556 0.898119
vn 0.000418 -0.999997 0.002372
vn 0.002303 -0.999979 0.006079
vn 0.000000 -1.000000 0.000000
vn 0.079100 -0.981176 0.176175
vn 0.015450 -0.998043 0.060588
vn 0.002303 -0.999979 0.006079
vn 0.000418 -0.999997 0.002372
vn 0.000000 -1.000000 0.000000
vn 0.000000 -1.000000 0.000000
vn 0.000418 -0.999997 0.002372
vn 0.000000 -1.000000 0.000000
vn 0.020263 -0.999290 0.031764
vn 0.000000 -1.000000 0.000000
vn 0.030636 -0.999421 0.014813
vn 0.020263 -0.999290 0.031764
vn 0.659497 -0.734271 -0.160964
vn 0.030636 -0.999421 0.014813
vn 0.647672 -0.696287 -0.309363
vn 0.177902 -0.977592 -0.112534
vn 0.030636 -0.999421 0.014813
vn 0.000000 -1.000000 0.000000
vn 0.856890 -0.450298 -0.250940
vn 0.836135 -0.086832 -0.541607
vn -0.297987 -0.709994 -0.638054
vn 0.863636 -0.163630 0.476821
vn 0.538523 -0.771079 0.339749
vn 0.855588 -0.082906 0.510976
vn 0.020263 -0.999290 0.031764
vn 0.255096 -0.891027 0.375496
vn 0.079100 -0.981176 0.176175
vn 0.646183 0.047955 0.761675
vn 0.422707 -0.504277 0.753010
vn 0.696259 -0.452261 0.557390
vn 0.422707 -0.504277 0.753010
vn 0.297740 -0.303075 0.905260
vn 0.201920 -0.899796 0.386776
vn 0.027206 -0.995262 0.093346
vn 0.015450 -0.998043 0.060588
vn 0.129531 -0.936239 0.326617
vn 0.129531 -0.936239 0.326617
vn 0.015450 -0.998043 0.060588
vn 0.201920 -0.899796 0.386776
vn -0.736226 -0.459861 -0.496486
vn -0.991825 -0.095602 0.084517
vn -0.272478 0.945692 -0.177266
vn -0.297387 -0.875635 0.380558
vn -0.991825 -0.095602 0.084517
vn -0.605889 -0.792055 0.074483
vn 0.418076 -0.862160 -0.286168
vn -0.297387 -0.875635 0.380558
vn -0.381970 -0.897894 0.218828
vn -0.991825 -0.095602 0.084517
vn -0.297387 -0.875635 0.380558
vn -0.620475 -0.697070 -0.359312
vn -0.821248 -0.245392 -0.515107
vn -0.435641 0.896990 0.075013
vn -0.620475 -0.697070 -0.359312
vn -0.111582 0.987253 -0.113498
vn -0.838925 0.310179 -0.447207
vn 0.706064 -0.566478 -0.424943
vn -0.821248 -0.245392 -0.515107
vn 0.418076 -0.862160 -0.286168
vn -0.000414 0.807419 -0.589978
vn -0.435641 0.896990 0.075013
vn -0.821248 -0.245392 -0.515107
vn -0.838925 0.310179 -0.447207
vn 0.729864 0.226281 0.645054
vn 0.675755 0.315371 0.666256
vn 0.855588 -0.082906 0.510976
vn 0.644140 0.251121 0.722511
vn 0.729864 0.226281 0.645054
vn 0.796213 0.015936 0.604807
vn 0.675755 0.315371 0.666256
vn 0.353213 0.442277 0.824398
vn 0.750643 0.131651 0.647459
vn 0.863636 -0.163630 0.476821
vn 0.855588 -0.082906 0.510976
vn 0.750643 0.131651 0.647459
vn 0.454961 0.030109 0.890002
vn 0.681991 -0.312516 0.661227
vn 0.829970 -0.112598 0.546326
vn 0.729864 0.226281 0.645054
vn 0.681991 -0.312516 0.661227
vn 0.796213 0.015936 0.604807
vn 0.646183 0.047955 0.761675
vn 0.395839 0.191556 0.898119
vn 0.422707 -0.504277 0.753010
vn 0.696259 -0.452261 0.557390
vn 0.255096 -0.891027 0.375496
vn 0.806448 -0.557258 0.197752
vn 0.675755 0.315371 0.666256
vn 0.248287 0.728409 0.638571
vn 0.353213 0.442277 0.824398
vn 0.863636 -0.163630 0.476821
vn 0.646183 0.047955 0.761675
vn 0.696259 -0.452261 0.557390
vn -0.095302 0.753344 0.650685
vn -0.783677 0.476963 -0.397941
vn -0.745435 0.528582 -0.406113
vn -0.548372 -0.202215 -0.811417
vn -0.783677 0.476963 -0.397941
vn -0.572844 0.802456 0.167077
vn -0.679822 -0.113029 -0.724615
vn -0.548372 -0.202215 -0.811417
vn -0.572844 0.802456 0.167077
vn -0.479119 -0.218908 -0.850014
vn -0.548372 -0.202215 -0.811417
vn -0.422117 -0.320126 -0.848137
vn 0.353213 0.442277 0.824398
vn -0.572844 0.802456 0.167077
vn -0.095302 0.753344 0.650685
vn 0.507421 0.653310 0.561880
vn 0.248287 0.728409 0.638571
vn 0.675755 0.315371 0.666256
vn 0.422707 -0.504277 0.753010
vn 0.079100 -0.981176 0.176175
vn 0.255096 -0.891027 0.375496
vn 0.129531 -0.936239 0.326617
vn 0.201920 -0.899796 0.386776
vn 0.297740 -0.303075 0.905260
vn 0.800778 -0.598484 -0.023919
vn 0.856890 -0.450298 -0.250940
vn -0.230545 -0.946699 0.224967
vn 0.659497 -0.734271 -0.160964
vn 0.856890 -0.450298 -0.250940
vn 0.806448 -0.557258 0.197752
vn 0.659497 -0.734271 -0.160964
vn 0.806448 -0.557258 0.197752
vn 0.138096 -0.986585 0.087059
vn 0.836135 -0.086832 -0.541607
vn 0.659497 -0.734271 -0.160964
vn 0.647672 -0.696287 -0.309363
vn 0.939290 -0.016773 -0.342713
vn 0.647672 -0.696287 -0.309363
vn 0.177902 -0.977592 -0.112534
vn -0.297987 -0.709994 -0.638054
vn 0.836135 -0.086832 -0.541607
vn 0.408920 -0.372386 -0.833134
vn 0.030636 -0.999421 0.014813
vn 0.138096 -0.986585 0.087059
vn 0.020263 -0.999290 0.031764
vn 0.806448 -0.557258 0.197752
vn 0.255096 -0.891027 0.375496
vn 0.138096 -0.986585 0.087059
vn -0.272478 0.945692 -0.177266
vn -0.435641 0.896990 0.075013
vn 0.222617 0.970779 -0.089610
vn 0.065278 0.994607 0.080596
vn 0.222617 0.970779 -0.089610
vn -0.435641 0.896990 0.075013
vn 0.065278 0.994607 0.080596
vn -0.435641 0.896990 0.075013
vn 0.158082 0.986115 0.050866
vn 0.158082 0.986115 0.050866
vn -0.435641 0.896990 0.075013
vn -0.111582 0.987253 -0.113498
vn 0.422707 -0.504277 0.753010
vn 0.395839 0.191556 0.898119
vn 0.246106 0.204436 0.947437
vn 0.353213 0.442277 0.824398
vn 0.395839 0.191556 0.898119
vn 0.646183 0.047955 0.761675
vn 0.422707 -0.504277 0.753010
vn 0.246106 0.204436 0.947437
vn 0.297740 -0.303075 0.905260
vn 0.422707 -0.504277 0.753010
vn 0.255096 -0.891027 0.375496
vn 0.696259 -0.452261 0.557390
vn 0.800778 -0.598484 -0.023919
vn 0.696259 -0.452261 0.557390
vn 0.806448 -0.557258 0.197752
vn 0.863636 -0.163630 0.476821
vn 0.750643 0.131651 0.647459
vn 0.646183 0.047955 0.761675
vn -0.111582 0.987253 -0.113498
vn -0.435641 0.896990 0.075013
vn -0.838925 0.310179 -0.447207
vn -0.300163 0.862750 -0.406897
vn 0.158082 0.986115 0.050866
vn 0.040968 -0.782690 -0.621062
vn -0.838925 0.310179 -0.447207
vn 0.065596 -0.258370 -0.963816
vn 0.706064 -0.566478 -0.424943
vn 0.040968 -0.782690 -0.621062
vn 0.158082 0.986115 0.050866
vn -0.111582 0.987253 -0.113498
vn -0.300163 0.862750 -0.406897
vn 0.040968 -0.782690 -0.621062
vn 0.046561 -0.947476 -0.316418
vn -0.300163 0.862750 -0.406897
vn -0.258148 0.959835 -0.109895
vn -0.248295 0.966382 0.066749
vn 0.408920 -0.372386 -0.833134
vn 0.917507 0.087075 -0.388070
vn 0.668845 0.597747 -0.441979
vn 0.040968 -0.782690 -0.621062
vn 0.706064 -0.566478 -0.424943
vn 0.184721 -0.928990 -0.320711
vn 0.040968 -0.782690 -0.621062
vn 0.059683 -0.983757 -0.169291
vn 0.046561 -0.947476 -0.316418
vn 0.000000 -1.000000 0.000000
vn 0.046561 -0.947476 -0.316418
vn 0.059683 -0.983757 -0.169291
vn -0.017030 -0.996133 -0.086192
vn -0.090835 -0.842856 -0.530418
vn -0.005995 -0.999633 -0.026413
vn -0.258148 0.959835 -0.109895
vn -0.300163 0.862750 -0.406897
vn -0.090835 -0.842856 -0.530418
vn 0.856890 -0.450298 -0.250940
vn 0.800778 -0.598484 -0.023919
vn 0.806448 -0.557258 0.197752
vn 0.014250 -0.607684 0.794051
vn 0.538523 -0.771079 0.339749
vn -0.230545 -0.946699 0.224967
vn 0.696259 -0.452261 0.557390
vn 0.800778 -0.598484 -0.023919
vn 0.863636 -0.163630 0.476821
vn 0.800778 -0.598484 -0.023919
vn -0.230545 -0.946699 0.224967
vn 0.538523 -0.771079 0.339749
vn 0.855588 -0.082906 0.510976
vn 0.538523 -0.771079 0.339749
vn 0.829970 -0.112598 0.546326
vn 0.800778 -0.598484 -0.023919
vn 0.538523 -0.771079 0.339749
vn 0.863636 -0.163630 0.476821
vn 0.059683 -0.983757 -0.169291
vn 0.184721 -0.928990 -0.320711
vn 0.177902 -0.977592 -0.112534
vn 0.836135 -0.086832 -0.541607
vn 0.956820 -0.186691 -0.222804
vn 0.408920 -0.372386 -0.833134
vn 0.933015 -0.189262 -0.306043
vn 0.177902 -0.977592 -0.112534
vn 0.184721 -0.928990 -0.320711
vn 0.843665 0.535174 -0.042636
vn 0.443473 0.890095 -0.105181
vn 0.987071 0.157490 0.029783
vn 0.040968 -0.782690 -0.621062
vn 0.184721 -0.928990 -0.320711
vn 0.059683 -0.983757 -0.169291
vn 0.706064 -0.566478 -0.424943
vn 0.934987 -0.292542 -0.200545
vn 0.933015 -0.189262 -0.306043
vn 0.933015 -0.189262 -0.306043
vn 0.939290 -0.016773 -0.342713
vn 0.177902 -0.977592 -0.112534
vn 0.836135 -0.086832 -0.541607
vn 0.939290 -0.016773 -0.342713
vn 0.956820 -0.186691 -0.222804
vn 0.934987 -0.292542 -0.200545
vn 0.917507 0.087075 -0.388070
vn 0.956820 -0.186691 -0.222804
vn 0.987071 0.157490 0.029783
vn 0.443473 0.890095 -0.105181
vn 0.668845 0.597747 -0.441979
vn 0.933015 -0.189262 -0.306043
vn 0.934987 -0.292542 -0.200545
vn 0.956820 -0.186691 -0.222804
vn 0.706064 -0.566478 -0.424943
vn 0.843665 0.535174 -0.042636
vn 0.934987 -0.292542 -0.200545
vn 0.917507 0.087075 -0.388070
vn 0.934987 -0.292542 -0.200545
vn 0.987071 0.157490 0.029783
vn 0.843665 0.535174 -0.042636
vn 0.987071 0.157490 0.029783
vn 0.934987 -0.292542 -0.200545
vn 0.933015 -0.189262 -0.306043
vn 0.956820 -0.186691 -0.222804
vn 0.939290 -0.016773 -0.342713
vn 0.706064 -0.566478 -0.424943
vn 0.933015 -0.189262 -0.306043
vn 0.184721 -0.928990 -0.320711
vn 0.750643 0.131651 0.647459
vn 0.353213 0.442277 0.824398
vn 0.646183 0.047955 0.761675
vn -0.572844 0.802456 0.167077
vn 0.353213 0.442277 0.824398
vn 0.248287 0.728409 0.638571
vn -0.761033 -0.550883 0.342573
vn -0.890979 0.027708 0.453199
vn -0.544366 -0.351183 0.761798
vn -0.820300 0.563810 -0.096050
vn -0.102092 0.981092 -0.164423
vn -0.967869 -0.241322 0.070658
vn 0.374406 0.849692 -0.371273
vn 0.575394 0.746552 -0.334039
vn 0.429025 0.902834 0.028770
vn -0.324165 -0.879479 0.348473
vn -0.761033 -0.550883 0.342573
vn -0.544366 -0.351183 0.761798
vn -0.168782 -0.979328 0.111489
vn -0.249294 -0.942118 0.224200
vn -0.084303 -0.992477 0.088785
vn -0.967869 -0.241322 0.070658
vn -0.890979 0.027708 0.453199
vn -0.761033 -0.550883 0.342573
vn 0.068977 0.434462 -0.898045
vn -0.967869 -0.241322 0.070658
vn -0.102092 0.981092 -0.164423
vn 0.496878 0.692584 -0.522915
vn -0.139899 0.981500 -0.130714
vn 0.068958 0.996741 -0.041853
vn -0.329426 -0.943740 0.028883
vn -0.110658 -0.993417 0.029624
vn -0.605365 -0.793405 0.063567
vn -0.967869 -0.241322 0.070658
vn -0.761033 -0.550883 0.342573
vn -0.746109 -0.665566 -0.018535
vn -0.605365 -0.793405 0.063567
vn -0.746109 -0.665566 -0.018535
vn -0.761033 -0.550883 0.342573
vn -0.605365 -0.793405 0.063567
vn -0.761033 -0.550883 0.342573
vn -0.329426 -0.943740 0.028883
vn -0.063207 -0.997594 0.028498
vn -0.329426 -0.943740 0.028883
vn -0.324165 -0.879479 0.348473
vn -0.102092 0.981092 -0.164423
vn 0.239594 0.739366 -0.629232
vn 0.068977 0.434462 -0.898045
vn -0.084303 -0.992477 0.088785
vn -0.042492 -0.998927 0.018434
vn 0.000000 -1.000000 0.000000
vn 0.419266 -0.571051 -0.705774
vn 0.842447 -0.470097 -0.263233
vn 0.669434 -0.396578 -0.628159
vn 0.529584 0.845421 0.069314
vn 0.285052 -0.933686 0.216739
vn 0.492572 -0.855650 0.158858
vn -0.201590 -0.975625 0.086704
vn -0.110658 -0.993417 0.029624
vn -0.042492 -0.998927 0.018434
vn -0.207316 -0.970918 0.119744
vn -0.112729 -0.990091 0.083732
vn 0.842447 -0.470097 -0.263233
vn -0.063207 -0.997594 0.028498
vn 0.000000 -1.000000 0.000000
vn -0.110658 -0.993417 0.029624
vn -0.982487 -0.177144 -0.057787
vn -0.746109 -0.665566 -0.018535
vn -0.767180 -0.640254 -0.038851
vn 0.384122 0.835443 -0.393046
vn 0.792633 0.514136 -0.327714
vn -0.000550 0.295446 -0.955359
vn -0.244442 0.572162 -0.782866
vn -0.368153 0.796435 -0.479745
vn -0.693503 0.346032 -0.631914
vn -0.145963 -0.835511 0.529732
vn 0.790274 -0.401278 0.463079
vn 0.997226 0.065975 0.034452
vn -0.407581 0.885779 0.221975
vn -0.368153 0.796435 -0.479745
vn 0.129080 0.845115 -0.518767
vn -0.058431 -0.254125 -0.965405
vn 0.075292 0.018452 -0.996991
vn 0.185436 0.425329 -0.885838
vn -0.084303 -0.992477 0.088785
vn -0.287147 -0.951484 0.110563
vn -0.201590 -0.975625 0.086704
vn -0.869329 -0.047118 -0.491982
vn -0.905409 -0.419765 0.063490
vn -0.480673 0.221221 -0.848537
vn -0.894092 -0.255258 0.368026
vn -0.905409 -0.419765 0.063490
vn -0.964290 0.113030 0.239516
vn -0.964290 0.113030 0.239516
vn -0.351691 0.901542 -0.252063
vn -0.894092 -0.255258 0.368026
vn -0.693503 0.346032 -0.631914
vn -0.633054 0.339370 -0.695752
vn -0.480673 0.221221 -0.848537
vn 0.471014 0.850400 -0.234449
vn 0.644927 0.626814 -0.437234
vn 0.931122 0.053082 -0.360823
vn 0.229784 0.262428 0.937193
vn 0.463294 0.758802 0.457798
vn 0.312693 0.727883 0.610253
vn 0.312693 0.727883 0.610253
vn 0.463294 0.758802 0.457798
vn 0.315739 0.860749 0.399274
vn 0.859169 0.020410 0.511284
vn 0.285052 -0.933686 0.216739
vn 0.529584 0.845421 0.069314
vn 0.000000 -1.000000 0.000000
vn 0.000000 -1.000000 0.000000
vn 0.000000 -1.000000 0.000000
vn 0.044207 -0.958645 -0.281152
vn 0.557040 -0.830413 -0.010949
vn 0.780565 0.518372 -0.349296
vn 0.140927 -0.141730 0.979823
vn 0.229784 0.262428 0.937193
vn 0.340826 0.290607 0.894084
vn 0.390800 0.686673 -0.612989
vn 0.496878 0.692584 -0.522915
vn 0.129080 0.845115 -0.518767
vn 0.229784 0.262428 0.937193
vn 0.312693 0.727883 0.610253
vn 0.340826 0.290607 0.894084
vn -0.325637 -0.380829 0.865407
vn -0.500245 -0.673284 0.544466
vn -0.250922 -0.487680 0.836186
vn 0.068977 0.434462 -0.898045
vn 0.239594 0.739366 -0.629232
vn 0.241187 0.412872 -0.878274
vn 0.315739 0.860749 0.399274
vn -0.894092 -0.255258 0.368026
vn -0.535062 0.660739 -0.526433
vn 0.842447 -0.470097 -0.263233
vn -0.112729 -0.990091 0.083732
vn 0.931122 0.053082 -0.360823
vn -0.271113 -0.953376 0.132557
vn -0.718252 -0.694592 0.040688
vn -0.436563 -0.887213 0.149221
vn -0.153666 -0.847068 -0.508785
vn -0.354896 0.663577 -0.658570
vn -0.397506 -0.843576 -0.361066
vn -0.400248 -0.911905 0.090726
vn -0.110658 -0.993417 0.029624
vn -0.201590 -0.975625 0.086704
vn -0.139899 0.981500 -0.130714
vn -0.102092 0.981092 -0.164423
vn -0.146384 0.967956 -0.204039
vn 0.111472 0.993454 0.024983
vn 0.269169 0.962274 0.039702
vn 0.167123 0.957006 -0.237084
vn -0.149731 0.940750 -0.304252
vn 0.336502 0.405396 -0.849953
vn 0.151541 0.070873 -0.985907
vn 0.167123 0.957006 -0.237084
vn 0.063917 0.990738 -0.119805
vn 0.111472 0.993454 0.024983
vn -0.125735 0.648080 -0.751121
vn -0.149731 0.940750 -0.304252
vn -0.354896 0.663577 -0.658570
vn 0.471014 0.850400 -0.234449
vn 0.780565 0.518372 -0.349296
vn 0.185471 0.982650 0.000502
vn -0.153666 -0.847068 -0.508785
vn -0.397506 -0.843576 -0.361066
vn 0.063917 0.990738 -0.119805
vn -0.300379 0.867643 -0.396192
vn 0.270116 0.953986 0.130188
vn 0.529584 0.845421 0.069314
vn 0.644927 0.626814 -0.437234
vn 0.669434 -0.396578 -0.628159
vn 0.842447 -0.470097 -0.263233
vn 0.529584 0.845421 0.069314
vn -0.354896 0.663577 -0.658570
vn -0.300379 0.867643 -0.396192
vn 0.269169 0.962274 0.039702
vn 0.780565 0.518372 -0.349296
vn 0.557040 -0.830413 -0.010949
vn 0.241187 0.412872 -0.878274
vn -0.207316 -0.970918 0.119744
vn 0.419266 -0.571051 -0.705774
vn 0.000000 -1.000000 0.000000
vn 0.000000 -1.000000 0.000000
vn 0.057367 -0.998330 -0.006827
vn 0.000000 -1.000000 0.000000
vn 0.000000 -1.000000 0.000000
vn -0.110658 -0.993417 0.029624
vn 0.118942 -0.361462 -0.924769
vn 0.068977 0.434462 -0.898045
vn 0.419266 -0.571051 -0.705774
vn -0.218021 -0.940978 0.258898
vn 0.044207 -0.958645 -0.281152
vn -0.102057 -0.982203 0.157677
vn -0.534509 0.816067 0.219853
vn -0.115363 0.816971 0.565022
vn -0.059372 0.977881 0.200559
vn -0.139899 0.981500 -0.130714
vn 0.496878 0.692584 -0.522915
vn 0.239594 0.739366 -0.629232
vn 0.380118 0.649274 -0.658752
vn 0.241187 0.412872 -0.878274
vn 0.239594 0.739366 -0.629232
vn -0.153666 -0.847068 -0.508785
vn 0.167123 0.957006 -0.237084
vn -0.125735 0.648080 -0.751121
vn -0.167459 -0.924944 0.341226
vn 0.155830 -0.987756 -0.007395
vn -0.218021 -0.940978 0.258898
vn 0.384122 0.835443 -0.393046
vn -0.354896 0.663577 -0.658570
vn 0.529584 0.845421 0.069314
vn -0.075247 0.683111 -0.726427
vn 0.390800 0.686673 -0.612989
vn -0.366101 0.733959 -0.572079
vn -0.019452 -0.986941 -0.159905
vn -0.077251 -0.911336 -0.404350
vn 0.229542 -0.580967 -0.780889
vn 0.105910 -0.992630 0.058890
vn 0.594768 -0.376828 0.710107
vn 0.162979 -0.955714 0.245047
vn 0.076014 -0.955795 -0.284037
vn 0.923068 -0.320484 -0.212688
vn -0.378374 -0.706117 -0.598524
vn -0.400248 -0.911905 0.090726
vn -0.676480 -0.735774 0.031812
vn -0.605365 -0.793405 0.063567
vn -0.479961 0.825570 0.296769
vn -0.045449 0.531637 0.845752
vn -0.534509 0.816067 0.219853
vn -0.479961 0.825570 0.296769
vn -0.059372 0.977881 0.200559
vn 0.030593 0.977291 0.209683
vn -0.329426 -0.943740 0.028883
vn -0.761033 -0.550883 0.342573
vn -0.324165 -0.879479 0.348473
vn -0.149731 0.940750 -0.304252
vn 0.151541 0.070873 -0.985907
vn -0.038774 0.993810 -0.104105
vn -0.110658 -0.993417 0.029624
vn -0.400248 -0.911905 0.090726
vn -0.605365 -0.793405 0.063567
vn 0.295150 -0.129517 -0.946632
vn -0.002436 -0.373792 -0.927509
vn 0.229542 -0.580967 -0.780889
vn -0.366101 0.733959 -0.572079
vn -0.384229 0.758790 -0.525934
vn 0.076277 0.700770 -0.709297
vn -0.063207 -0.997594 0.028498
vn -0.110658 -0.993417 0.029624
vn -0.329426 -0.943740 0.028883
vn 0.492572 -0.855650 0.158858
vn 0.057367 -0.998330 -0.006827
vn 0.792633 0.514136 -0.327714
vn -0.368153 0.796435 -0.479745
vn -0.244442 0.572162 -0.782866
vn -0.384229 0.758790 -0.525934
vn -0.436563 -0.887213 0.149221
vn -0.032414 -0.997871 -0.056599
vn -0.006659 -0.999966 0.004917
vn 0.282394 -0.882983 -0.374959
vn 0.351251 -0.773236 0.527948
vn -0.057897 -0.977850 0.201141
vn -0.767180 -0.640254 -0.038851
vn -0.746109 -0.665566 -0.018535
vn -0.605365 -0.793405 0.063567
vn 0.075292 0.018452 -0.996991
vn 0.367555 0.389849 -0.844346
vn 0.185436 0.425329 -0.885838
vn 0.630553 -0.084747 -0.771505
vn 0.115037 -0.001367 -0.993360
vn 0.295150 -0.129517 -0.946632
vn 0.144675 -0.989418 0.010978
vn 0.923068 -0.320484 -0.212688
vn 0.076014 -0.955795 -0.284037
vn 0.000000 -1.000000 0.000000
vn 0.000000 -1.000000 0.000000
vn -0.042492 -0.998927 0.018434
vn 0.270456 -0.632798 -0.725548
vn 0.630553 -0.084747 -0.771505
vn 0.229542 -0.580967 -0.780889
vn 0.129080 0.845115 -0.518767
vn -0.368153 0.796435 -0.479745
vn -0.366101 0.733959 -0.572079
vn -0.967869 -0.241322 0.070658
vn -0.746109 -0.665566 -0.018535
vn -0.820300 0.563810 -0.096050
vn -0.967869 -0.241322 0.070658
vn 0.068977 0.434462 -0.898045
vn -0.890979 0.027708 0.453199
vn -0.397506 -0.843576 -0.361066
vn -0.354896 0.663577 -0.658570
vn -0.000550 0.295446 -0.955359
vn -0.038774 0.993810 -0.104105
vn 0.425213 0.822855 0.376966
vn 0.270116 0.953986 0.130188
vn 0.076014 -0.955795 -0.284037
vn 0.543349 -0.837939 -0.051285
vn -0.051381 -0.926132 -0.373685
vn 0.068977 0.434462 -0.898045
vn 0.118942 -0.361462 -0.924769
vn -0.890979 0.027708 0.453199
vn -0.544366 -0.351183 0.761798
vn -0.890979 0.027708 0.453199
vn 0.118942 -0.361462 -0.924769
vn 0.000000 -1.000000 0.000000
vn 0.000000 -1.000000 0.000000
vn 0.000000 -1.000000 0.000000
vn -0.042492 -0.998927 0.018434
vn -0.110658 -0.993417 0.029624
vn 0.000000 -1.000000 0.000000
vn 0.492572 -0.855650 0.158858
vn 0.000000 -1.000000 0.000000
vn 0.057367 -0.998330 -0.006827
vn -0.084303 -0.992477 0.088785
vn 0.000000 -1.000000 0.000000
vn 0.285052 -0.933686 0.216739
vn 0.492572 -0.855650 0.158858
vn 0.792633 0.514136 -0.327714
vn 0.384122 0.835443 -0.393046
vn 0.000000 -1.000000 0.000000
vn 0.492572 -0.855650 0.158858
vn 0.285052 -0.933686 0.216739
vn 0.167123 0.957006 -0.237084
vn -0.153666 -0.847068 -0.508785
vn 0.063917 0.990738 -0.119805
vn -0.354896 0.663577 -0.658570
vn -0.153666 -0.847068 -0.508785
vn -0.125735 0.648080 -0.751121
vn 0.557040 -0.830413 -0.010949
vn 0.918420 0.138955 -0.370400
vn 0.269169 0.962274 0.039702
vn 0.167123 0.957006 -0.237084
vn 0.918420 0.138955 -0.370400
vn 0.336502 0.405396 -0.849953
vn -0.354896 0.663577 -0.658570
vn 0.384122 0.835443 -0.393046
vn -0.000550 0.295446 -0.955359
vn 0.492572 -0.855650 0.158858
vn 0.384122 0.835443 -0.393046
vn 0.529584 0.845421 0.069314
vn -0.982487 -0.177144 -0.057787
vn -0.820300 0.563810 -0.096050
vn -0.746109 -0.665566 -0.018535
vn -0.102092 0.981092 -0.164423
vn -0.820300 0.563810 -0.096050
vn -0.146384 0.967956 -0.204039
vn -0.407581 0.885779 0.221975
vn -0.633054 0.339370 -0.695752
vn -0.693503 0.346032 -0.631914
vn -0.480673 0.221221 -0.848537
vn -0.244442 0.572162 -0.782866
vn -0.693503 0.346032 -0.631914
vn -0.146384 0.967956 -0.204039
vn 0.068958 0.996741 -0.041853
vn -0.139899 0.981500 -0.130714
vn 0.575394 0.746552 -0.334039
vn -0.351691 0.901542 -0.252063
vn -0.024708 0.993848 -0.107958
vn -0.407581 0.885779 0.221975
vn -0.693503 0.346032 -0.631914
vn -0.368153 0.796435 -0.479745
vn -0.888533 0.439222 -0.132640
vn -0.024708 0.993848 -0.107958
vn -0.964290 0.113030 0.239516
vn 0.076277 0.700770 -0.709297
vn 0.367555 0.389849 -0.844346
vn 0.128647 0.451699 -0.882846
vn 0.086282 -0.656542 -0.749338
vn -0.391908 -0.869510 0.300599
vn -0.207316 -0.970918 0.119744
vn -0.244442 0.572162 -0.782866
vn -0.083148 0.810179 -0.580255
vn -0.384229 0.758790 -0.525934
vn 0.076277 0.700770 -0.709297
vn -0.384229 0.758790 -0.525934
vn -0.083148 0.810179 -0.580255
vn 0.185436 0.425329 -0.885838
vn 0.076277 0.700770 -0.709297
vn -0.083148 0.810179 -0.580255
vn 0.076277 0.700770 -0.709297
vn 0.128647 0.451699 -0.882846
vn -0.366101 0.733959 -0.572079
vn -0.400248 -0.911905 0.090726
vn -0.549444 -0.828762 0.106137
vn -0.676480 -0.735774 0.031812
vn -0.224388 -0.792893 0.566543
vn 0.077446 -0.574023 0.815169
vn 0.462919 -0.061874 0.884238
vn -0.040616 -0.962046 -0.269849
vn 0.002670 -0.999981 0.005621
vn -0.019452 -0.986941 -0.159905
vn -0.504570 -0.842263 -0.189741
vn -0.604185 -0.628128 -0.490321
vn -0.418286 -0.900116 0.121768
vn 0.394133 0.899007 0.190909
vn 0.099099 0.651374 0.752258
vn -0.092124 0.396362 0.913461
vn 0.394133 0.899007 0.190909
vn 0.341121 0.939634 -0.026931
vn -0.059372 0.977881 0.200559
vn 0.115037 -0.001367 -0.993360
vn 0.630553 -0.084747 -0.771505
vn -0.048214 -0.161636 -0.985672
vn 0.128647 0.451699 -0.882846
vn 0.328110 0.430988 -0.840591
vn 0.172169 0.507005 -0.844573
vn 0.780565 0.518372 -0.349296
vn 0.471014 0.850400 -0.234449
vn 0.931122 0.053082 -0.360823
vn -0.172616 -0.980062 0.098396
vn -0.448192 -0.793095 0.412460
vn 0.049262 -0.877215 -0.477563
vn 0.842447 -0.470097 -0.263233
vn 0.931122 0.053082 -0.360823
vn 0.644927 0.626814 -0.437234
vn 0.931122 0.053082 -0.360823
vn -0.102057 -0.982203 0.157677
vn 0.044207 -0.958645 -0.281152
vn -0.075247 0.683111 -0.726427
vn 0.172169 0.507005 -0.844573
vn 0.448896 0.786693 -0.423800
vn -0.207316 -0.970918 0.119744
vn -0.391908 -0.869510 0.300599
vn -0.112729 -0.990091 0.083732
vn 0.557040 -0.830413 -0.010949
vn 0.155830 -0.987756 -0.007395
vn 0.702304 -0.636467 0.318870
vn 0.918420 0.138955 -0.370400
vn 0.557040 -0.830413 -0.010949
vn 0.778115 -0.609367 -0.152345
vn 0.111472 0.993454 0.024983
vn 0.185471 0.982650 0.000502
vn 0.269169 0.962274 0.039702
vn 0.780565 0.518372 -0.349296
vn 0.269169 0.962274 0.039702
vn 0.185471 0.982650 0.000502
vn -0.400248 -0.911905 0.090726
vn -0.201590 -0.975625 0.086704
vn -0.549444 -0.828762 0.106137
vn -0.676480 -0.735774 0.031812
vn -0.951127 -0.282454 0.124811
vn -0.982487 -0.177144 -0.057787
vn -0.317485 -0.930084 0.184788
vn -0.023721 -0.996909 0.074894
vn -0.145963 -0.835511 0.529732
vn 0.374406 0.849692 -0.371273
vn -0.737778 0.482129 0.472477
vn -0.133038 0.822234 -0.553382
vn 0.543349 -0.837939 -0.051285
vn 0.076014 -0.955795 -0.284037
vn -0.378374 -0.706117 -0.598524
vn -0.038774 0.993810 -0.104105
vn 0.151541 0.070873 -0.985907
vn 0.923068 -0.320484 -0.212688
vn -0.219748 -0.824692 0.521146
vn 0.441226 -0.768528 -0.463340
vn -0.504570 -0.842263 -0.189741
vn -0.023721 -0.996909 0.074894
vn -0.004876 -0.983221 0.182351
vn 0.859169 0.020410 0.511284
vn 0.118942 -0.361462 -0.924769
vn 0.419266 -0.571051 -0.705774
vn 0.669434 -0.396578 -0.628159
vn 0.241187 0.412872 -0.878274
vn 0.419266 -0.571051 -0.705774
vn 0.068977 0.434462 -0.898045
vn -0.102092 0.981092 -0.164423
vn -0.139899 0.981500 -0.130714
vn 0.239594 0.739366 -0.629232
vn -0.146384 0.967956 -0.204039
vn -0.219952 0.972857 -0.071905
vn 0.068958 0.996741 -0.041853
vn -0.982487 -0.177144 -0.057787
vn -0.224967 0.955279 0.191916
vn -0.219952 0.972857 -0.071905
vn -0.407581 0.885779 0.221975
vn 0.250037 0.719452 0.647974
vn 0.420628 0.711809 0.562495
vn 0.000000 -1.000000 0.000000
vn 0.000000 -1.000000 0.000000
vn 0.000000 -1.000000 0.000000
vn -0.042492 -0.998927 0.018434
vn 0.000000 -1.000000 0.000000
vn 0.000000 -1.000000 0.000000
vn -0.351691 0.901542 -0.252063
vn -0.964290 0.113030 0.239516
vn -0.024708 0.993848 -0.107958
vn -0.351691 0.901542 -0.252063
vn -0.535062 0.660739 -0.526433
vn -0.894092 -0.255258 0.368026
vn 0.250037 0.719452 0.647974
vn -0.407581 0.885779 0.221975
vn 0.129080 0.845115 -0.518767
vn 0.041920 0.985647 0.163531
vn -0.633054 0.339370 -0.695752
vn -0.407581 0.885779 0.221975
vn 0.496878 0.692584 -0.522915
vn 0.250037 0.719452 0.647974
vn 0.129080 0.845115 -0.518767
vn 0.420628 0.711809 0.562495
vn 0.250037 0.719452 0.647974
vn 0.542671 0.750075 0.378016
vn 0.542671 0.750075 0.378016
vn 0.250037 0.719452 0.647974
vn 0.068958 0.996741 -0.041853
vn 0.496878 0.692584 -0.522915
vn 0.068958 0.996741 -0.041853
vn 0.250037 0.719452 0.647974
vn 0.787054 0.614538 0.053753
vn 0.542671 0.750075 0.378016
vn 0.429025 0.902834 0.028770
vn -0.407581 0.885779 0.221975
vn 0.420628 0.711809 0.562495
vn 0.041920 0.985647 0.163531
vn -0.480673 0.221221 -0.848537
vn -0.633054 0.339370 -0.695752
vn -0.869329 -0.047118 -0.491982
vn -0.633054 0.339370 -0.695752
vn 0.041920 0.985647 0.163531
vn -0.888533 0.439222 -0.132640
vn -0.905409 -0.419765 0.063490
vn -0.869329 -0.047118 -0.491982
vn -0.964290 0.113030 0.239516
vn -0.869329 -0.047118 -0.491982
vn -0.633054 0.339370 -0.695752
vn -0.888533 0.439222 -0.132640
vn -0.535062 0.660739 -0.526433
vn 0.165177 0.374458 -0.912413
vn -0.227942 -0.309635 -0.923130
vn -0.905409 -0.419765 0.063490
vn -0.894092 -0.255258 0.368026
vn -0.669404 -0.318994 0.670926
vn 0.787054 0.614538 0.053753
vn 0.420628 0.711809 0.562495
vn 0.542671 0.750075 0.378016
vn 0.429025 0.902834 0.028770
vn -0.951127 -0.282454 0.124811
vn -0.830656 0.533931 0.157884
vn 0.435080 0.811362 0.390380
vn 0.472189 0.881490 0.003465
vn 0.372471 0.900917 -0.222740
vn -0.669404 -0.318994 0.670926
vn -0.894092 -0.255258 0.368026
vn 0.315739 0.860749 0.399274
vn -0.549444 -0.828762 0.106137
vn -0.951127 -0.282454 0.124811
vn -0.676480 -0.735774 0.031812
vn 0.165177 0.374458 -0.912413
vn -0.354040 0.773588 -0.525564
vn -0.227942 -0.309635 -0.923130
vn -0.535062 0.660739 -0.526433
vn -0.351691 0.901542 -0.252063
vn 0.165177 0.374458 -0.912413
vn 0.315739 0.860749 0.399274
vn -0.535062 0.660739 -0.526433
vn -0.321051 0.778460 -0.539375
vn 0.575394 0.746552 -0.334039
vn 0.165177 0.374458 -0.912413
vn -0.351691 0.901542 -0.252063
vn -0.133038 0.822234 -0.553382
vn 0.165177 0.374458 -0.912413
vn 0.374406 0.849692 -0.371273
vn -0.321051 0.778460 -0.539375
vn -0.438750 0.898321 0.022757
vn 0.312693 0.727883 0.610253
vn -0.669404 -0.318994 0.670926
vn 0.315739 0.860749 0.399274
vn 0.463294 0.758802 0.457798
vn -0.024708 0.993848 -0.107958
vn 0.041920 0.985647 0.163531
vn 0.787054 0.614538 0.053753
vn 0.165177 0.374458 -0.912413
vn 0.575394 0.746552 -0.334039
vn 0.374406 0.849692 -0.371273
vn -0.227942 -0.309635 -0.923130
vn -0.099388 0.879773 -0.464888
vn -0.716319 -0.042466 -0.696479
vn -0.092124 0.396362 0.913461
vn 0.337165 0.941432 0.005125
vn 0.394133 0.899007 0.190909
vn 0.575394 0.746552 -0.334039
vn -0.024708 0.993848 -0.107958
vn 0.787054 0.614538 0.053753
vn 0.542671 0.750075 0.378016
vn -0.219952 0.972857 -0.071905
vn -0.224967 0.955279 0.191916
vn -0.321051 0.778460 -0.539375
vn 0.312693 0.727883 0.610253
vn 0.315739 0.860749 0.399274
vn 0.312693 0.727883 0.610253
vn -0.438750 0.898321 0.022757
vn 0.340826 0.290607 0.894084
vn 0.420628 0.711809 0.562495
vn 0.787054 0.614538 0.053753
vn 0.041920 0.985647 0.163531
vn 0.575394 0.746552 -0.334039
vn 0.787054 0.614538 0.053753
vn 0.429025 0.902834 0.028770
vn -0.366101 0.733959 -0.572079
vn -0.368153 0.796435 -0.479745
vn -0.384229 0.758790 -0.525934
vn -0.366101 0.733959 -0.572079
vn 0.128647 0.451699 -0.882846
vn -0.075247 0.683111 -0.726427
vn 0.367555 0.389849 -0.844346
vn 0.380337 0.460925 -0.801805
vn 0.328110 0.430988 -0.840591
vn 0.380118 0.649274 -0.658752
vn 0.396565 0.041077 -0.917087
vn 0.086282 -0.656542 -0.749338
vn -0.040616 -0.962046 -0.269849
vn 0.229542 -0.580967 -0.780889
vn -0.002436 -0.373792 -0.927509
vn -0.836053 -0.358440 -0.415374
vn 0.270456 -0.632798 -0.725548
vn -0.077251 -0.911336 -0.404350
vn 0.327058 -0.373321 0.868139
vn 0.087070 -0.983918 0.155964
vn 0.162979 -0.955714 0.245047
vn -0.735873 -0.651168 -0.185667
vn -0.731774 -0.617454 0.288543
vn -0.730636 -0.488158 -0.477361
vn 0.099099 0.651374 0.752258
vn -0.059372 0.977881 0.200559
vn -0.115363 0.816971 0.565022
vn 0.078848 -0.976706 0.199571
vn 0.262817 -0.404355 0.876027
vn -0.288867 -0.940481 0.179029
vn 0.060059 0.307698 0.949587
vn 0.140927 -0.141730 0.979823
vn 0.340826 0.290607 0.894084
vn 0.191880 0.882362 0.429673
vn 0.060059 0.307698 0.949587
vn 0.105805 0.990321 0.089827
vn -0.836053 -0.358440 -0.415374
vn -0.048214 -0.161636 -0.985672
vn 0.270456 -0.632798 -0.725548
vn 0.380337 0.460925 -0.801805
vn 0.367555 0.389849 -0.844346
vn 0.278183 0.376985 -0.883457
vn 0.185436 0.425329 -0.885838
vn 0.367555 0.389849 -0.844346
vn 0.076277 0.700770 -0.709297
vn 0.278183 0.376985 -0.883457
vn 0.714267 -0.422689 -0.557814
vn 0.380337 0.460925 -0.801805
vn 0.557040 -0.830413 -0.010949
vn 0.044207 -0.958645 -0.281152
vn 0.155830 -0.987756 -0.007395
vn 0.931122 0.053082 -0.360823
vn 0.044207 -0.958645 -0.281152
vn 0.780565 0.518372 -0.349296
vn -0.391908 -0.869510 0.300599
vn -0.102057 -0.982203 0.157677
vn -0.112729 -0.990091 0.083732
vn 0.931122 0.053082 -0.360823
vn -0.112729 -0.990091 0.083732
vn -0.102057 -0.982203 0.157677
vn 0.419266 -0.571051 -0.705774
vn -0.207316 -0.970918 0.119744
vn 0.842447 -0.470097 -0.263233
vn 0.086282 -0.656542 -0.749338
vn -0.207316 -0.970918 0.119744
vn 0.241187 0.412872 -0.878274
vn 0.336502 0.405396 -0.849953
vn 0.918420 0.138955 -0.370400
vn 0.778115 -0.609367 -0.152345
vn 0.269169 0.962274 0.039702
vn 0.918420 0.138955 -0.370400
vn 0.167123 0.957006 -0.237084
vn -0.982487 -0.177144 -0.057787
vn -0.951127 -0.282454 0.124811
vn -0.224967 0.955279 0.191916
vn -0.820300 0.563810 -0.096050
vn -0.982487 -0.177144 -0.057787
vn -0.146384 0.967956 -0.204039
vn -0.951127 -0.282454 0.124811
vn 0.429025 0.902834 0.028770
vn -0.224967 0.955279 0.191916
vn 0.542671 0.750075 0.378016
vn -0.224967 0.955279 0.191916
vn 0.429025 0.902834 0.028770
vn -0.605365 -0.793405 0.063567
vn -0.676480 -0.735774 0.031812
vn -0.767180 -0.640254 -0.038851
vn -0.982487 -0.177144 -0.057787
vn -0.767180 -0.640254 -0.038851
vn -0.676480 -0.735774 0.031812
vn -0.757952 -0.592625 0.272588
vn -0.527522 -0.809291 0.258397
vn -0.767606 -0.487883 0.415633
vn -0.757952 -0.592625 0.272588
vn -0.830656 0.533931 0.157884
vn -0.951127 -0.282454 0.124811
vn -0.084303 -0.992477 0.088785
vn -0.201590 -0.975625 0.086704
vn -0.042492 -0.998927 0.018434
vn -0.549444 -0.828762 0.106137
vn -0.201590 -0.975625 0.086704
vn -0.287147 -0.951484 0.110563
vn -0.354896 0.663577 -0.658570
vn -0.149731 0.940750 -0.304252
vn -0.300379 0.867643 -0.396192
vn 0.336502 0.405396 -0.849953
vn -0.149731 0.940750 -0.304252
vn -0.125735 0.648080 -0.751121
vn 0.167123 0.957006 -0.237084
vn 0.336502 0.405396 -0.849953
vn -0.125735 0.648080 -0.751121
vn -0.378374 -0.706117 -0.598524
vn 0.336502 0.405396 -0.849953
vn 0.778115 -0.609367 -0.152345
vn -0.138953 -0.850389 0.507474
vn -0.222165 -0.859940 0.459506
vn 0.215245 -0.802086 0.557070
vn 0.144675 -0.989418 0.010978
vn 0.379721 -0.878560 -0.289730
vn 0.923068 -0.320484 -0.212688
vn -0.038774 0.993810 -0.104105
vn 0.709596 0.669254 -0.220393
vn 0.232622 0.933838 0.271724
vn -0.149731 0.940750 -0.304252
vn -0.038774 0.993810 -0.104105
vn -0.300379 0.867643 -0.396192
vn 0.270116 0.953986 0.130188
vn 0.859169 0.020410 0.511284
vn 0.529584 0.845421 0.069314
vn 0.425213 0.822855 0.376966
vn 0.790274 -0.401278 0.463079
vn 0.859169 0.020410 0.511284
vn -0.038774 0.993810 -0.104105
vn 0.270116 0.953986 0.130188
vn -0.300379 0.867643 -0.396192
vn 0.859169 0.020410 0.511284
vn 0.270116 0.953986 0.130188
vn 0.425213 0.822855 0.376966
vn 0.455069 0.664836 0.592373
vn 0.472189 0.881490 0.003465
vn 0.435080 0.811362 0.390380
vn -0.354040 0.773588 -0.525564
vn 0.165177 0.374458 -0.912413
vn -0.133038 0.822234 -0.553382
vn -0.024708 0.993848 -0.107958
vn -0.888533 0.439222 -0.132640
vn 0.041920 0.985647 0.163531
vn -0.869329 -0.047118 -0.491982
vn -0.888533 0.439222 -0.132640
vn -0.964290 0.113030 0.239516
vn -0.354040 0.773588 -0.525564
vn -0.099388 0.879773 -0.464888
vn -0.227942 -0.309635 -0.923130
vn -0.535062 0.660739 -0.526433
vn -0.227942 -0.309635 -0.923130
vn -0.321051 0.778460 -0.539375
vn -0.767606 -0.487883 0.415633
vn -0.737778 0.482129 0.472477
vn -0.830656 0.533931 0.157884
vn -0.737778 0.482129 0.472477
vn -0.767606 -0.487883 0.415633
vn -0.484983 -0.100940 0.868679
vn -0.527522 -0.809291 0.258397
vn -0.549444 -0.828762 0.106137
vn -0.287147 -0.951484 0.110563
vn -0.133038 0.822234 -0.553382
vn -0.737778 0.482129 0.472477
vn -0.335241 0.562848 0.755523
vn -0.830656 0.533931 0.157884
vn -0.737778 0.482129 0.472477
vn 0.374406 0.849692 -0.371273
vn -0.484983 -0.100940 0.868679
vn -0.767606 -0.487883 0.415633
vn -0.522870 -0.640695 0.562243
vn 0.429025 0.902834 0.028770
vn -0.830656 0.533931 0.157884
vn 0.374406 0.849692 -0.371273
vn -0.951127 -0.282454 0.124811
vn -0.549444 -0.828762 0.106137
vn -0.757952 -0.592625 0.272588
vn 0.152922 0.963056 0.221670
vn 0.340826 0.290607 0.894084
vn -0.438750 0.898321 0.022757
vn 0.105805 0.990321 0.089827
vn 0.268134 0.951050 -0.153647
vn 0.191880 0.882362 0.429673
vn -0.438750 0.898321 0.022757
vn -0.321051 0.778460 -0.539375
vn -0.716319 -0.042466 -0.696479
vn 0.152922 0.963056 0.221670
vn -0.438750 0.898321 0.022757
vn -0.068817 0.727995 -0.682119
vn -0.154346 0.940223 0.303576
vn -0.335241 0.562848 0.755523
vn -0.148535 0.224695 0.963042
vn -0.068817 0.727995 -0.682119
vn 0.351509 0.899497 -0.259513
vn 0.220210 0.942202 -0.252513
vn -0.438750 0.898321 0.022757
vn -0.716319 -0.042466 -0.696479
vn -0.068817 0.727995 -0.682119
vn 0.060059 0.307698 0.949587
vn 0.152922 0.963056 0.221670
vn 0.220210 0.942202 -0.252513
vn -0.366101 0.733959 -0.572079
vn 0.390800 0.686673 -0.612989
vn 0.129080 0.845115 -0.518767
vn 0.390800 0.686673 -0.612989
vn -0.075247 0.683111 -0.726427
vn 0.448896 0.786693 -0.423800
vn 0.190689 -0.713607 -0.674094
vn -0.057897 -0.977850 0.201141
vn -0.058992 -0.982722 -0.175436
vn -0.177121 -0.972557 0.150865
vn 0.086282 -0.656542 -0.749338
vn 0.396565 0.041077 -0.917087
vn 0.396565 0.041077 -0.917087
vn 0.448896 0.786693 -0.423800
vn 0.172169 0.507005 -0.844573
vn 0.190689 -0.713607 -0.674094
vn -0.058992 -0.982722 -0.175436
vn 0.111081 -0.649290 -0.752385
vn -0.040616 -0.962046 -0.269849
vn -0.002436 -0.373792 -0.927509
vn 0.054898 -0.994670 -0.087281
vn 0.229542 -0.580967 -0.780889
vn -0.077251 -0.911336 -0.404350
vn 0.270456 -0.632798 -0.725548
vn 0.002670 -0.999981 0.005621
vn 0.054898 -0.994670 -0.087281
vn 0.105910 -0.992630 0.058890
vn -0.032414 -0.997871 -0.056599
vn -0.735873 -0.651168 -0.185667
vn -0.077251 -0.911336 -0.404350
vn -0.735873 -0.651168 -0.185667
vn -0.747701 -0.633097 -0.200330
vn -0.836053 -0.358440 -0.415374
vn 0.278183 0.376985 -0.883457
vn -0.108447 0.061058 -0.992225
vn 0.714267 -0.422689 -0.557814
vn 0.327058 -0.373321 0.868139
vn 0.594768 -0.376828 0.710107
vn -0.045449 0.531637 0.845752
vn 0.087070 -0.983918 0.155964
vn -0.006659 -0.999966 0.004917
vn 0.002670 -0.999981 0.005621
vn 0.099099 0.651374 0.752258
vn -0.115363 0.816971 0.565022
vn -0.370739 -0.559640 0.741185
vn -0.059372 0.977881 0.200559
vn 0.341121 0.939634 -0.026931
vn 0.030593 0.977291 0.209683
vn -0.092124 0.396362 0.913461
vn -0.370739 -0.559640 0.741185
vn -0.500245 -0.673284 0.544466
vn 0.171910 0.914877 -0.365303
vn 0.302959 0.948137 -0.096191
vn 0.372471 0.900917 -0.222740
vn 0.030593 0.977291 0.209683
vn 0.265349 0.933154 0.242515
vn 0.262817 -0.404355 0.876027
vn 0.078848 -0.976706 0.199571
vn 0.327058 -0.373321 0.868139
vn 0.262817 -0.404355 0.876027
vn 0.140927 -0.141730 0.979823
vn 0.060059 0.307698 0.949587
vn -0.250922 -0.487680 0.836186
vn 0.337165 0.941432 0.005125
vn -0.092124 0.396362 0.913461
vn 0.191880 0.882362 0.429673
vn 0.060059 0.307698 0.949587
vn 0.340826 0.290607 0.894084
vn 0.152922 0.963056 0.221670
vn 0.060059 0.307698 0.949587
vn 0.191880 0.882362 0.429673
vn -0.325637 -0.380829 0.865407
vn 0.060059 0.307698 0.949587
vn 0.220210 0.942202 -0.252513
vn 0.105805 0.990321 0.089827
vn 0.171910 0.914877 -0.365303
vn 0.105805 0.990321 0.089827
vn 0.220210 0.942202 -0.252513
vn -0.108447 0.061058 -0.992225
vn 0.075292 0.018452 -0.996991
vn -0.058431 -0.254125 -0.965405
vn 0.367555 0.389849 -0.844346
vn 0.075292 0.018452 -0.996991
vn 0.278183 0.376985 -0.883457
vn 0.282394 -0.882983 -0.374959
vn 0.190689 -0.713607 -0.674094
vn 0.380337 0.460925 -0.801805
vn 0.190689 -0.713607 -0.674094
vn 0.328110 0.430988 -0.840591
vn 0.380337 0.460925 -0.801805
vn -0.057897 -0.977850 0.201141
vn 0.190689 -0.713607 -0.674094
vn 0.282394 -0.882983 -0.374959
vn 0.328110 0.430988 -0.840591
vn 0.190689 -0.713607 -0.674094
vn 0.111081 -0.649290 -0.752385
vn 0.195663 -0.967751 0.158662
vn 0.215245 -0.802086 0.557070
vn 0.394410 -0.745705 0.536995
vn -0.057897 -0.977850 0.201141
vn -0.222165 -0.859940 0.459506
vn -0.172616 -0.980062 0.098396
vn 0.172169 0.507005 -0.844573
vn 0.328110 0.430988 -0.840591
vn 0.111081 -0.649290 -0.752385
vn 0.328110 0.430988 -0.840591
vn 0.128647 0.451699 -0.882846
vn 0.367555 0.389849 -0.844346
vn 0.172169 0.507005 -0.844573
vn 0.111081 -0.649290 -0.752385
vn 0.049262 -0.877215 -0.477563
vn 0.128647 0.451699 -0.882846
vn 0.172169 0.507005 -0.844573
vn -0.075247 0.683111 -0.726427
vn 0.702304 -0.636467 0.318870
vn 0.543349 -0.837939 -0.051285
vn 0.557040 -0.830413 -0.010949
vn 0.076014 -0.955795 -0.284037
vn 0.163207 -0.967615 -0.192572
vn 0.144675 -0.989418 0.010978
vn 0.285052 -0.933686 0.216739
vn -0.004876 -0.983221 0.182351
vn -0.084303 -0.992477 0.088785
vn -0.527522 -0.809291 0.258397
vn -0.522870 -0.640695 0.562243
vn -0.767606 -0.487883 0.415633
vn 0.232622 0.933838 0.271724
vn 0.997226 0.065975 0.034452
vn 0.790274 -0.401278 0.463079
vn -0.168782 -0.979328 0.111489
vn -0.023721 -0.996909 0.074894
vn -0.317485 -0.930084 0.184788
vn -0.287147 -0.951484 0.110563
vn -0.249294 -0.942118 0.224200
vn -0.527522 -0.809291 0.258397
vn -0.527522 -0.809291 0.258397
vn -0.249294 -0.942118 0.224200
vn -0.522870 -0.640695 0.562243
vn -0.084303 -0.992477 0.088785
vn -0.249294 -0.942118 0.224200
vn -0.287147 -0.951484 0.110563
vn -0.522870 -0.640695 0.562243
vn -0.249294 -0.942118 0.224200
vn -0.317485 -0.930084 0.184788
vn -0.317485 -0.930084 0.184788
vn -0.460585 -0.393799 0.795477
vn -0.522870 -0.640695 0.562243
vn -0.133038 0.822234 -0.553382
vn -0.335241 0.562848 0.755523
vn -0.354040 0.773588 -0.525564
vn -0.128638 0.012289 0.991616
vn -0.522870 -0.640695 0.562243
vn -0.460585 -0.393799 0.795477
vn -0.128638 0.012289 0.991616
vn -0.335241 0.562848 0.755523
vn -0.484983 -0.100940 0.868679
vn -0.527522 -0.809291 0.258397
vn -0.757952 -0.592625 0.272588
vn -0.549444 -0.828762 0.106137
vn -0.767606 -0.487883 0.415633
vn -0.830656 0.533931 0.157884
vn -0.757952 -0.592625 0.272588
vn 0.380118 0.649274 -0.658752
vn 0.086282 -0.656542 -0.749338
vn 0.241187 0.412872 -0.878274
vn -0.177121 -0.972557 0.150865
vn 0.396565 0.041077 -0.917087
vn 0.049262 -0.877215 -0.477563
vn 0.239594 0.739366 -0.629232
vn 0.496878 0.692584 -0.522915
vn 0.380118 0.649274 -0.658752
vn 0.496878 0.692584 -0.522915
vn 0.390800 0.686673 -0.612989
vn 0.448896 0.786693 -0.423800
vn 0.396565 0.041077 -0.917087
vn 0.380118 0.649274 -0.658752
vn 0.448896 0.786693 -0.423800
vn 0.448896 0.786693 -0.423800
vn 0.380118 0.649274 -0.658752
vn 0.496878 0.692584 -0.522915
vn 0.002670 -0.999981 0.005621
vn -0.040616 -0.962046 -0.269849
vn 0.054898 -0.994670 -0.087281
vn 0.229542 -0.580967 -0.780889
vn -0.040616 -0.962046 -0.269849
vn -0.019452 -0.986941 -0.159905
vn 0.162979 -0.955714 0.245047
vn 0.002670 -0.999981 0.005621
vn 0.105910 -0.992630 0.058890
vn 0.087070 -0.983918 0.155964
vn 0.078848 -0.976706 0.199571
vn -0.006659 -0.999966 0.004917
vn -0.436563 -0.887213 0.149221
vn -0.006659 -0.999966 0.004917
vn -0.271113 -0.953376 0.132557
vn -0.019452 -0.986941 -0.159905
vn 0.002670 -0.999981 0.005621
vn -0.006659 -0.999966 0.004917
vn -0.271113 -0.953376 0.132557
vn 0.078848 -0.976706 0.199571
vn -0.288867 -0.940481 0.179029
vn -0.436563 -0.887213 0.149221
vn -0.731774 -0.617454 0.288543
vn -0.735873 -0.651168 -0.185667
vn 0.229542 -0.580967 -0.780889
vn 0.630553 -0.084747 -0.771505
vn 0.295150 -0.129517 -0.946632
vn -0.048214 -0.161636 -0.985672
vn 0.630553 -0.084747 -0.771505
vn 0.270456 -0.632798 -0.725548
vn -0.730636 -0.488158 -0.477361
vn -0.435144 -0.666516 -0.605316
vn -0.747701 -0.633097 -0.200330
vn 0.714267 -0.422689 -0.557814
vn 0.282394 -0.882983 -0.374959
vn 0.380337 0.460925 -0.801805
vn -0.747701 -0.633097 -0.200330
vn 0.209143 -0.875552 0.435509
vn -0.048214 -0.161636 -0.985672
vn 0.079612 -0.921241 0.380758
vn -0.435144 -0.666516 -0.605316
vn -0.027762 -0.996743 -0.075716
vn 0.327058 -0.373321 0.868139
vn 0.162979 -0.955714 0.245047
vn 0.594768 -0.376828 0.710107
vn 0.002670 -0.999981 0.005621
vn 0.162979 -0.955714 0.245047
vn 0.087070 -0.983918 0.155964
vn -0.479961 0.825570 0.296769
vn 0.327058 -0.373321 0.868139
vn -0.045449 0.531637 0.845752
vn 0.327058 -0.373321 0.868139
vn 0.030593 0.977291 0.209683
vn 0.262817 -0.404355 0.876027
vn 0.265349 0.933154 0.242515
vn 0.030593 0.977291 0.209683
vn 0.341121 0.939634 -0.026931
vn 0.265349 0.933154 0.242515
vn 0.014517 -0.298250 0.954377
vn 0.262817 -0.404355 0.876027
vn -0.006659 -0.999966 0.004917
vn 0.078848 -0.976706 0.199571
vn -0.271113 -0.953376 0.132557
vn 0.327058 -0.373321 0.868139
vn 0.078848 -0.976706 0.199571
vn 0.087070 -0.983918 0.155964
vn 0.341121 0.939634 -0.026931
vn 0.482567 0.865481 0.134427
vn 0.265349 0.933154 0.242515
vn -0.438708 -0.896992 -0.054224
vn -0.288867 -0.940481 0.179029
vn 0.014517 -0.298250 0.954377
vn 0.496649 -0.530975 0.686590
vn 0.007371 -0.998603 0.052330
vn -0.229677 -0.945965 0.228906
vn -0.288867 -0.940481 0.179029
vn -0.718252 -0.694592 0.040688
vn -0.271113 -0.953376 0.132557
vn 0.528670 0.848800 0.006832
vn 0.341121 0.939634 -0.026931
vn 0.394133 0.899007 0.190909
vn 0.455069 0.664836 0.592373
vn -0.400888 -0.914321 0.057497
vn 0.014517 -0.298250 0.954377
vn 0.455069 0.664836 0.592373
vn 0.482567 0.865481 0.134427
vn 0.472189 0.881490 0.003465
vn 0.482567 0.865481 0.134427
vn 0.341121 0.939634 -0.026931
vn 0.528670 0.848800 0.006832
vn 0.265349 0.933154 0.242515
vn 0.482567 0.865481 0.134427
vn 0.014517 -0.298250 0.954377
vn 0.455069 0.664836 0.592373
vn 0.014517 -0.298250 0.954377
vn 0.482567 0.865481 0.134427
vn 0.014517 -0.298250 0.954377
vn -0.288867 -0.940481 0.179029
vn 0.262817 -0.404355 0.876027
vn -0.438708 -0.896992 -0.054224
vn -0.563164 -0.741482 -0.364761
vn -0.718252 -0.694592 0.040688
vn -0.092124 0.396362 0.913461
vn 0.099099 0.651374 0.752258
vn -0.370739 -0.559640 0.741185
vn -0.059372 0.977881 0.200559
vn 0.099099 0.651374 0.752258
vn 0.394133 0.899007 0.190909
vn -0.325637 -0.380829 0.865407
vn -0.092124 0.396362 0.913461
vn -0.500245 -0.673284 0.544466
vn 0.337165 0.941432 0.005125
vn 0.191880 0.882362 0.429673
vn 0.268134 0.951050 -0.153647
vn 0.268134 0.951050 -0.153647
vn 0.472189 0.881490 0.003465
vn 0.337165 0.941432 0.005125
vn 0.337165 0.941432 0.005125
vn 0.472189 0.881490 0.003465
vn 0.528670 0.848800 0.006832
vn -0.059372 0.977881 0.200559
vn -0.479961 0.825570 0.296769
vn -0.534509 0.816067 0.219853
vn 0.327058 -0.373321 0.868139
vn -0.479961 0.825570 0.296769
vn 0.030593 0.977291 0.209683
vn 0.060059 0.307698 0.949587
vn -0.325637 -0.380829 0.865407
vn -0.250922 -0.487680 0.836186
vn -0.092124 0.396362 0.913461
vn -0.325637 -0.380829 0.865407
vn 0.191880 0.882362 0.429673
vn -0.172616 -0.980062 0.098396
vn -0.222165 -0.859940 0.459506
vn -0.712549 -0.637259 0.293556
vn 0.172169 0.507005 -0.844573
vn 0.049262 -0.877215 -0.477563
vn 0.396565 0.041077 -0.917087
vn 0.336502 0.405396 -0.849953
vn -0.378374 -0.706117 -0.598524
vn 0.151541 0.070873 -0.985907
vn 0.543349 -0.837939 -0.051285
vn -0.378374 -0.706117 -0.598524
vn 0.778115 -0.609367 -0.152345
vn -0.008009 -0.922047 0.386996
vn 0.155830 -0.987756 -0.007395
vn -0.167459 -0.924944 0.341226
vn -0.186846 -0.980676 0.057993
vn -0.051381 -0.926132 -0.373685
vn -0.436281 -0.806648 0.398721
vn -0.270030 -0.933211 -0.237069
vn 0.144675 -0.989418 0.010978
vn 0.163207 -0.967615 -0.192572
vn -0.219748 -0.824692 0.521146
vn 0.462919 -0.061874 0.884238
vn 0.138964 0.673302 0.726191
vn 0.441226 -0.768528 -0.463340
vn -0.219748 -0.824692 0.521146
vn 0.345345 -0.513348 0.785628
vn -0.145963 -0.835511 0.529732
vn -0.141763 0.510339 0.848208
vn -0.460585 -0.393799 0.795477
vn 0.790274 -0.401278 0.463079
vn -0.145963 -0.835511 0.529732
vn -0.023721 -0.996909 0.074894
vn 0.345345 -0.513348 0.785628
vn -0.145963 -0.835511 0.529732
vn 0.997226 0.065975 0.034452
vn -0.249294 -0.942118 0.224200
vn -0.168782 -0.979328 0.111489
vn -0.317485 -0.930084 0.184788
vn -0.004876 -0.983221 0.182351
vn -0.168782 -0.979328 0.111489
vn -0.084303 -0.992477 0.088785
vn -0.145963 -0.835511 0.529732
vn -0.460585 -0.393799 0.795477
vn -0.317485 -0.930084 0.184788
vn -0.460585 -0.393799 0.795477
vn -0.141763 0.510339 0.848208
vn -0.128638 0.012289 0.991616
vn 0.138964 0.673302 0.726191
vn 0.077446 -0.574023 0.815169
vn 0.177548 0.468207 0.865597
vn -0.335241 0.562848 0.755523
vn -0.128638 0.012289 0.991616
vn -0.148535 0.224695 0.963042
vn -0.128638 0.012289 0.991616
vn -0.484983 -0.100940 0.868679
vn -0.522870 -0.640695 0.562243
vn -0.737778 0.482129 0.472477
vn -0.484983 -0.100940 0.868679
vn -0.335241 0.562848 0.755523
vn -0.747701 -0.633097 -0.200330
vn -0.735873 -0.651168 -0.185667
vn -0.730636 -0.488158 -0.477361
vn -0.032414 -0.997871 -0.056599
vn -0.077251 -0.911336 -0.404350
vn -0.019452 -0.986941 -0.159905
vn -0.006659 -0.999966 0.004917
vn -0.032414 -0.997871 -0.056599
vn -0.019452 -0.986941 -0.159905
vn -0.436563 -0.887213 0.149221
vn -0.735873 -0.651168 -0.185667
vn -0.032414 -0.997871 -0.056599
vn -0.735873 -0.651168 -0.185667
vn -0.836053 -0.358440 -0.415374
vn -0.077251 -0.911336 -0.404350
vn -0.048214 -0.161636 -0.985672
vn -0.836053 -0.358440 -0.415374
vn -0.747701 -0.633097 -0.200330
vn 0.523305 -0.737131 0.427539
vn 0.496649 -0.530975 0.686590
vn 0.613957 -0.577904 0.537665
vn -0.222165 -0.859940 0.459506
vn -0.138953 -0.850389 0.507474
vn -0.436281 -0.806648 0.398721
vn 0.278183 0.376985 -0.883457
vn 0.075292 0.018452 -0.996991
vn -0.108447 0.061058 -0.992225
vn 0.265615 -0.698574 0.664412
vn 0.714267 -0.422689 -0.557814
vn 0.209143 -0.875552 0.435509
vn 0.115037 -0.001367 -0.993360
vn -0.108447 0.061058 -0.992225
vn -0.058431 -0.254125 -0.965405
vn 0.209143 -0.875552 0.435509
vn 0.714267 -0.422689 -0.557814
vn -0.108447 0.061058 -0.992225
vn 0.209143 -0.875552 0.435509
vn -0.108447 0.061058 -0.992225
vn -0.048214 -0.161636 -0.985672
vn 0.115037 -0.001367 -0.993360
vn -0.048214 -0.161636 -0.985672
vn -0.108447 0.061058 -0.992225
vn 0.455069 0.664836 0.592373
vn -0.125954 -0.255492 0.958572
vn -0.400888 -0.914321 0.057497
vn -0.285529 -0.508378 -0.812419
vn -0.285888 -0.543543 -0.789196
vn -0.389297 -0.475737 -0.788747
vn -0.438708 -0.896992 -0.054224
vn -0.718252 -0.694592 0.040688
vn -0.288867 -0.940481 0.179029
vn -0.718252 -0.694592 0.040688
vn -0.077878 -0.934442 0.347497
vn -0.731774 -0.617454 0.288543
vn -0.354040 0.773588 -0.525564
vn -0.154346 0.940223 0.303576
vn -0.099388 0.879773 -0.464888
vn 0.177548 0.468207 0.865597
vn -0.128638 0.012289 0.991616
vn -0.141763 0.510339 0.848208
vn 0.337165 0.941432 0.005125
vn 0.528670 0.848800 0.006832
vn 0.394133 0.899007 0.190909
vn 0.482567 0.865481 0.134427
vn 0.528670 0.848800 0.006832
vn 0.472189 0.881490 0.003465
vn -0.057897 -0.977850 0.201141
vn -0.172616 -0.980062 0.098396
vn -0.058992 -0.982722 -0.175436
vn 0.111081 -0.649290 -0.752385
vn -0.058992 -0.982722 -0.175436
vn -0.172616 -0.980062 0.098396
vn -0.436281 -0.806648 0.398721
vn -0.008009 -0.922047 0.386996
vn -0.712549 -0.637259 0.293556
vn 0.155830 -0.987756 -0.007395
vn 0.044207 -0.958645 -0.281152
vn -0.218021 -0.940978 0.258898
vn 0.111081 -0.649290 -0.752385
vn -0.172616 -0.980062 0.098396
vn 0.049262 -0.877215 -0.477563
vn -0.167459 -0.924944 0.341226
vn -0.218021 -0.940978 0.258898
vn -0.448192 -0.793095 0.412460
vn 0.557040 -0.830413 -0.010949
vn 0.543349 -0.837939 -0.051285
vn 0.778115 -0.609367 -0.152345
vn -0.051381 -0.926132 -0.373685
vn 0.543349 -0.837939 -0.051285
vn 0.314148 -0.910261 0.269698
vn -0.436281 -0.806648 0.398721
vn -0.051381 -0.926132 -0.373685
vn 0.314148 -0.910261 0.269698
vn 0.076014 -0.955795 -0.284037
vn -0.051381 -0.926132 -0.373685
vn 0.163207 -0.967615 -0.192572
vn -0.008009 -0.922047 0.386996
vn -0.436281 -0.806648 0.398721
vn 0.314148 -0.910261 0.269698
vn 0.215245 -0.802086 0.557070
vn -0.222165 -0.859940 0.459506
vn -0.057897 -0.977850 0.201141
vn -0.008009 -0.922047 0.386996
vn 0.314148 -0.910261 0.269698
vn 0.702304 -0.636467 0.318870
vn -0.008009 -0.922047 0.386996
vn -0.167459 -0.924944 0.341226
vn -0.712549 -0.637259 0.293556
vn 0.215245 -0.802086 0.557070
vn 0.195663 -0.967751 0.158662
vn -0.138953 -0.850389 0.507474
vn -0.186846 -0.980676 0.057993
vn -0.138953 -0.850389 0.507474
vn -0.225358 -0.768042 -0.599437
vn -0.008009 -0.922047 0.386996
vn 0.702304 -0.636467 0.318870
vn 0.155830 -0.987756 -0.007395
vn 0.543349 -0.837939 -0.051285
vn 0.702304 -0.636467 0.318870
vn 0.314148 -0.910261 0.269698
vn -0.038774 0.993810 -0.104105
vn 0.923068 -0.320484 -0.212688
vn 0.709596 0.669254 -0.220393
vn 0.923068 -0.320484 -0.212688
vn 0.151541 0.070873 -0.985907
vn -0.378374 -0.706117 -0.598524
vn 0.163207 -0.967615 -0.192572
vn -0.186846 -0.980676 0.057993
vn -0.225358 -0.768042 -0.599437
vn 0.496649 -0.530975 0.686590
vn -0.077878 -0.934442 0.347497
vn 0.007371 -0.998603 0.052330
vn 0.859169 0.020410 0.511284
vn 0.790274 -0.401278 0.463079
vn -0.023721 -0.996909 0.074894
vn 0.232622 0.933838 0.271724
vn 0.790274 -0.401278 0.463079
vn 0.425213 0.822855 0.376966
vn -0.038774 0.993810 -0.104105
vn 0.232622 0.933838 0.271724
vn 0.425213 0.822855 0.376966
vn 0.709596 0.669254 -0.220393
vn 0.997226 0.065975 0.034452
vn 0.232622 0.933838 0.271724
vn -0.125954 -0.255492 0.958572
vn 0.231887 0.877919 0.418911
vn -0.085044 -0.285057 0.954730
vn -0.085044 -0.285057 0.954730
vn -0.071642 0.694698 0.715725
vn 0.129051 -0.511436 0.849576
vn 0.265615 -0.698574 0.664412
vn 0.351251 -0.773236 0.527948
vn 0.714267 -0.422689 -0.557814
vn 0.079612 -0.921241 0.380758
vn 0.209143 -0.875552 0.435509
vn -0.747701 -0.633097 -0.200330
vn -0.718252 -0.694592 0.040688
vn -0.731774 -0.617454 0.288543
vn -0.436563 -0.887213 0.149221
vn 0.523305 -0.737131 0.427539
vn -0.731774 -0.617454 0.288543
vn -0.077878 -0.934442 0.347497
vn 0.372471 0.900917 -0.222740
vn 0.472189 0.881490 0.003465
vn 0.268134 0.951050 -0.153647
vn -0.224388 -0.792893 0.566543
vn -0.125954 -0.255492 0.958572
vn -0.085044 -0.285057 0.954730
vn -0.128638 0.012289 0.991616
vn 0.177548 0.468207 0.865597
vn 0.129051 -0.511436 0.849576
vn 0.231887 0.877919 0.418911
vn 0.351509 0.899497 -0.259513
vn 0.102683 0.986379 0.128500
vn -0.712549 -0.637259 0.293556
vn -0.222165 -0.859940 0.459506
vn -0.436281 -0.806648 0.398721
vn -0.448192 -0.793095 0.412460
vn -0.712549 -0.637259 0.293556
vn -0.167459 -0.924944 0.341226
vn -0.102057 -0.982203 0.157677
vn -0.391908 -0.869510 0.300599
vn -0.218021 -0.940978 0.258898
vn -0.218021 -0.940978 0.258898
vn -0.177121 -0.972557 0.150865
vn -0.448192 -0.793095 0.412460
vn -0.448192 -0.793095 0.412460
vn -0.172616 -0.980062 0.098396
vn -0.712549 -0.637259 0.293556
vn -0.177121 -0.972557 0.150865
vn -0.218021 -0.940978 0.258898
vn -0.391908 -0.869510 0.300599
vn 0.086282 -0.656542 -0.749338
vn -0.177121 -0.972557 0.150865
vn -0.391908 -0.869510 0.300599
vn 0.049262 -0.877215 -0.477563
vn -0.448192 -0.793095 0.412460
vn -0.177121 -0.972557 0.150865
vn 0.351251 -0.773236 0.527948
vn 0.215245 -0.802086 0.557070
vn -0.057897 -0.977850 0.201141
vn 0.215245 -0.802086 0.557070
vn 0.351251 -0.773236 0.527948
vn 0.394410 -0.745705 0.536995
vn -0.051381 -0.926132 -0.373685
vn -0.186846 -0.980676 0.057993
vn 0.163207 -0.967615 -0.192572
vn -0.436281 -0.806648 0.398721
vn -0.138953 -0.850389 0.507474
vn -0.186846 -0.980676 0.057993
vn -0.225358 -0.768042 -0.599437
vn -0.270030 -0.933211 -0.237069
vn 0.163207 -0.967615 -0.192572
vn -0.504570 -0.842263 -0.189741
vn -0.270030 -0.933211 -0.237069
vn -0.604185 -0.628128 -0.490321
vn -0.285888 -0.543543 -0.789196
vn -0.285529 -0.508378 -0.812419
vn -0.435144 -0.666516 -0.605316
vn -0.225358 -0.768042 -0.599437
vn -0.604185 -0.628128 -0.490321
vn -0.270030 -0.933211 -0.237069
vn 0.138964 0.673302 0.726191
vn 0.177548 0.468207 0.865597
vn 0.173684 0.851322 0.495060
vn 0.129051 -0.511436 0.849576
vn 0.177548 0.468207 0.865597
vn 0.077446 -0.574023 0.815169
vn 0.997226 0.065975 0.034452
vn 0.441226 -0.768528 -0.463340
vn 0.345345 -0.513348 0.785628
vn 0.709596 0.669254 -0.220393
vn 0.441226 -0.768528 -0.463340
vn 0.997226 0.065975 0.034452
vn -0.085044 -0.285057 0.954730
vn 0.129051 -0.511436 0.849576
vn 0.077446 -0.574023 0.815169
vn 0.129051 -0.511436 0.849576
vn -0.071642 0.694698 0.715725
vn -0.148535 0.224695 0.963042
vn 0.459511 -0.351652 0.815592
vn -0.224388 -0.792893 0.566543
vn 0.462919 -0.061874 0.884238
vn -0.071642 0.694698 0.715725
vn -0.085044 -0.285057 0.954730
vn 0.231887 0.877919 0.418911
vn 0.173684 0.851322 0.495060
vn 0.177548 0.468207 0.865597
vn -0.141763 0.510339 0.848208
vn -0.219748 -0.824692 0.521146
vn -0.418286 -0.900116 0.121768
vn 0.462919 -0.061874 0.884238
vn 0.462919 -0.061874 0.884238
vn 0.584328 -0.226308 0.779324
vn 0.459511 -0.351652 0.815592
vn 0.077446 -0.574023 0.815169
vn 0.138964 0.673302 0.726191
vn 0.462919 -0.061874 0.884238
vn 0.459511 -0.351652 0.815592
vn 0.496649 -0.530975 0.686590
vn -0.229677 -0.945965 0.228906
vn 0.455069 0.664836 0.592373
vn 0.435080 0.811362 0.390380
vn -0.125954 -0.255492 0.958572
vn 0.459511 -0.351652 0.815592
vn 0.584328 -0.226308 0.779324
vn 0.496649 -0.530975 0.686590
vn -0.224388 -0.792893 0.566543
vn 0.459511 -0.351652 0.815592
vn -0.229677 -0.945965 0.228906
vn 0.584328 -0.226308 0.779324
vn -0.418286 -0.900116 0.121768
vn -0.007000 -0.997109 0.075658
vn -0.225358 -0.768042 -0.599437
vn 0.195663 -0.967751 0.158662
vn -0.285529 -0.508378 -0.812419
vn -0.224388 -0.792893 0.566543
vn -0.229677 -0.945965 0.228906
vn -0.125954 -0.255492 0.958572
vn 0.077446 -0.574023 0.815169
vn -0.224388 -0.792893 0.566543
vn -0.085044 -0.285057 0.954730
vn -0.125954 -0.255492 0.958572
vn -0.229677 -0.945965 0.228906
vn -0.400888 -0.914321 0.057497
vn 0.231887 0.877919 0.418911
vn -0.125954 -0.255492 0.958572
vn 0.435080 0.811362 0.390380
vn 0.714267 -0.422689 -0.557814
vn 0.351251 -0.773236 0.527948
vn 0.282394 -0.882983 -0.374959
vn 0.351251 -0.773236 0.527948
vn 0.265615 -0.698574 0.664412
vn 0.394410 -0.745705 0.536995
vn 0.268134 0.951050 -0.153647
vn 0.105805 0.990321 0.089827
vn 0.171910 0.914877 -0.365303
vn 0.435080 0.811362 0.390380
vn 0.372471 0.900917 -0.222740
vn 0.302959 0.948137 -0.096191
vn 0.129051 -0.511436 0.849576
vn -0.148535 0.224695 0.963042
vn -0.128638 0.012289 0.991616
vn -0.154346 0.940223 0.303576
vn -0.148535 0.224695 0.963042
vn -0.071642 0.694698 0.715725
vn -0.154346 0.940223 0.303576
vn -0.071642 0.694698 0.715725
vn 0.102683 0.986379 0.128500
vn -0.335241 0.562848 0.755523
vn -0.154346 0.940223 0.303576
vn -0.354040 0.773588 -0.525564
vn 0.394410 -0.745705 0.536995
vn 0.265615 -0.698574 0.664412
vn 0.079612 -0.921241 0.380758
vn 0.394410 -0.745705 0.536995
vn -0.027762 -0.996743 -0.075716
vn 0.195663 -0.967751 0.158662
vn -0.285529 -0.508378 -0.812419
vn 0.195663 -0.967751 0.158662
vn -0.027762 -0.996743 -0.075716
vn -0.225358 -0.768042 -0.599437
vn -0.138953 -0.850389 0.507474
vn 0.195663 -0.967751 0.158662
vn -0.730636 -0.488158 -0.477361
vn -0.731774 -0.617454 0.288543
vn 0.523305 -0.737131 0.427539
vn -0.007000 -0.997109 0.075658
vn 0.496649 -0.530975 0.686590
vn 0.584328 -0.226308 0.779324
vn 0.496649 -0.530975 0.686590
vn 0.523305 -0.737131 0.427539
vn -0.077878 -0.934442 0.347497
vn 0.523305 -0.737131 0.427539
vn -0.285888 -0.543543 -0.789196
vn -0.614240 -0.382776 -0.690067
vn 0.709596 0.669254 -0.220393
vn 0.379721 -0.878560 -0.289730
vn 0.441226 -0.768528 -0.463340
vn 0.144675 -0.989418 0.010978
vn -0.270030 -0.933211 -0.237069
vn -0.504570 -0.842263 -0.189741
vn -0.007000 -0.997109 0.075658
vn -0.418286 -0.900116 0.121768
vn -0.604185 -0.628128 -0.490321
vn -0.504570 -0.842263 -0.189741
vn 0.441226 -0.768528 -0.463340
vn 0.379721 -0.878560 -0.289730
vn 0.462919 -0.061874 0.884238
vn -0.418286 -0.900116 0.121768
vn 0.584328 -0.226308 0.779324
vn -0.219748 -0.824692 0.521146
vn -0.504570 -0.842263 -0.189741
vn -0.418286 -0.900116 0.121768
vn -0.077878 -0.934442 0.347497
vn -0.563164 -0.741482 -0.364761
vn 0.007371 -0.998603 0.052330
vn -0.438708 -0.896992 -0.054224
vn 0.014517 -0.298250 0.954377
vn -0.400888 -0.914321 0.057497
vn -0.718252 -0.694592 0.040688
vn -0.563164 -0.741482 -0.364761
vn -0.077878 -0.934442 0.347497
vn -0.400888 -0.914321 0.057497
vn -0.563164 -0.741482 -0.364761
vn -0.438708 -0.896992 -0.054224
vn -0.229677 -0.945965 0.228906
vn 0.007371 -0.998603 0.052330
vn -0.400888 -0.914321 0.057497
vn -0.400888 -0.914321 0.057497
vn 0.007371 -0.998603 0.052330
vn -0.563164 -0.741482 -0.364761
vn -0.389297 -0.475737 -0.788747
vn -0.007000 -0.997109 0.075658
vn -0.604185 -0.628128 -0.490321
vn -0.285888 -0.543543 -0.789196
vn 0.613957 -0.577904 0.537665
vn -0.007000 -0.997109 0.075658
vn -0.435144 -0.666516 -0.605316
vn -0.285529 -0.508378 -0.812419
vn -0.027762 -0.996743 -0.075716
vn -0.389297 -0.475737 -0.788747
vn -0.285888 -0.543543 -0.789196
vn -0.007000 -0.997109 0.075658
vn 0.173684 0.851322 0.495060
vn -0.219748 -0.824692 0.521146
vn 0.138964 0.673302 0.726191
vn -0.145963 -0.835511 0.529732
vn 0.345345 -0.513348 0.785628
vn -0.141763 0.510339 0.848208
vn 0.923068 -0.320484 -0.212688
vn 0.379721 -0.878560 -0.289730
vn 0.709596 0.669254 -0.220393
vn -0.504570 -0.842263 -0.189741
vn 0.379721 -0.878560 -0.289730
vn 0.144675 -0.989418 0.010978
vn -0.604185 -0.628128 -0.490321
vn -0.225358 -0.768042 -0.599437
vn -0.389297 -0.475737 -0.788747
vn -0.285529 -0.508378 -0.812419
vn -0.389297 -0.475737 -0.788747
vn -0.225358 -0.768042 -0.599437
vn 0.523305 -0.737131 0.427539
vn 0.613957 -0.577904 0.537665
vn -0.285888 -0.543543 -0.789196
vn 0.496649 -0.530975 0.686590
vn -0.007000 -0.997109 0.075658
vn 0.613957 -0.577904 0.537665
vn -0.141763 0.510339 0.848208
vn 0.345345 -0.513348 0.785628
vn 0.173684 0.851322 0.495060
vn -0.219748 -0.824692 0.521146
vn 0.173684 0.851322 0.495060
vn 0.345345 -0.513348 0.785628
vn 0.068958 0.996741 -0.041853
vn -0.219952 0.972857 -0.071905
vn 0.542671 0.750075 0.378016
vn -0.982487 -0.177144 -0.057787
vn -0.219952 0.972857 -0.071905
vn -0.146384 0.967956 -0.204039
vn -0.227942 -0.309635 -0.923130
vn -0.716319 -0.042466 -0.696479
vn -0.321051 0.778460 -0.539375
vn -0.716319 -0.042466 -0.696479
vn -0.099388 0.879773 -0.464888
vn -0.068817 0.727995 -0.682119
vn 0.351509 0.899497 -0.259513
vn -0.068817 0.727995 -0.682119
vn -0.099388 0.879773 -0.464888
vn 0.152922 0.963056 0.221670
vn -0.068817 0.727995 -0.682119
vn 0.220210 0.942202 -0.252513
vn 0.859169 0.020410 0.511284
vn -0.004876 -0.983221 0.182351
vn 0.285052 -0.933686 0.216739
vn -0.168782 -0.979328 0.111489
vn -0.004876 -0.983221 0.182351
vn -0.023721 -0.996909 0.074894
vn -0.614240 -0.382776 -0.690067
vn -0.435144 -0.666516 -0.605316
vn -0.730636 -0.488158 -0.477361
vn -0.027762 -0.996743 -0.075716
vn 0.394410 -0.745705 0.536995
vn 0.079612 -0.921241 0.380758
vn 0.523305 -0.737131 0.427539
vn -0.614240 -0.382776 -0.690067
vn -0.730636 -0.488158 -0.477361
vn -0.285888 -0.543543 -0.789196
vn -0.435144 -0.666516 -0.605316
vn -0.614240 -0.382776 -0.690067
vn 0.209143 -0.875552 0.435509
vn 0.079612 -0.921241 0.380758
vn 0.265615 -0.698574 0.664412
vn -0.747701 -0.633097 -0.200330
vn -0.435144 -0.666516 -0.605316
vn 0.079612 -0.921241 0.380758
vn 0.102683 0.986379 0.128500
vn 0.351509 0.899497 -0.259513
vn -0.099388 0.879773 -0.464888
vn 0.302959 0.948137 -0.096191
vn 0.351509 0.899497 -0.259513
vn 0.231887 0.877919 0.418911
vn -0.154346 0.940223 0.303576
vn 0.102683 0.986379 0.128500
vn -0.099388 0.879773 -0.464888
vn 0.231887 0.877919 0.418911
vn 0.102683 0.986379 0.128500
vn -0.071642 0.694698 0.715725
vn 0.435080 0.811362 0.390380
vn 0.302959 0.948137 -0.096191
vn 0.231887 0.877919 0.418911
vn 0.171910 0.914877 -0.365303
vn 0.372471 0.900917 -0.222740
vn 0.268134 0.951050 -0.153647
vn 0.220210 0.942202 -0.252513
vn 0.351509 0.899497 -0.259513
vn 0.171910 0.914877 -0.365303
vn 0.302959 0.948137 -0.096191
vn 0.171910 0.914877 -0.365303
vn 0.351509 0.899497 -0.259513
vn -0.113291 -0.992826 -0.038233
vn -0.049149 -0.966490 -0.251956
vn -0.241095 -0.964311 -0.109440
vn -0.177989 0.826475 -0.534097
vn -0.258292 0.954904 -0.146433
vn -0.516199 0.838884 0.172660
vn -0.617241 -0.771756 0.152990
vn -0.878161 -0.266468 -0.397275
vn -0.516199 0.838884 0.172660
vn 0.031372 -0.978298 0.204813
vn -0.068528 -0.990529 -0.118977
vn 0.047682 -0.993590 0.102500
vn -0.312652 -0.944022 -0.105218
vn -0.617241 -0.771756 0.152990
vn -0.518420 0.709990 0.476607
vn 0.031372 -0.978298 0.204813
vn 0.002438 -0.999966 0.007831
vn -0.068528 -0.990529 -0.118977
vn -0.700568 -0.713369 -0.017595
vn -0.843467 0.115964 0.524515
vn -0.805241 -0.522557 0.280217
vn 0.144979 0.003314 0.989429
vn -0.155088 -0.914319 0.374123
vn 0.093073 -0.976335 0.195211
vn 0.044699 0.994785 0.091678
vn -0.016519 0.906989 -0.420831
vn -0.146950 0.794812 -0.588795
vn -0.114443 -0.807218 0.579053
vn -0.617241 -0.771756 0.152990
vn -0.036452 -0.988230 -0.148570
vn 0.334973 -0.931917 -0.139010
vn 0.662962 -0.617561 -0.423202
vn 0.382140 -0.812722 -0.439832
vn -0.729777 -0.678343 0.085302
vn -0.764395 -0.642963 -0.047948
vn 0.102588 0.570991 -0.814522
vn -0.068528 -0.990529 -0.118977
vn -0.113291 -0.992826 -0.038233
vn 0.047682 -0.993590 0.102500
vn -0.114443 -0.807218 0.579053
vn -0.045087 -0.886840 0.459872
vn -0.244193 -0.839146 0.486009
vn -0.402892 -0.814136 0.418163
vn -0.739563 -0.651093 0.170662
vn -0.045087 -0.886840 0.459872
vn -0.389343 0.868751 0.306078
vn -0.196613 0.965757 0.169280
vn -0.518420 0.709990 0.476607
vn 0.414828 0.632906 -0.653718
vn 0.128680 0.895717 -0.425597
vn 0.102588 0.570991 -0.814522
vn -0.402892 -0.814136 0.418163
vn -0.940279 0.281505 0.191391
vn -0.905672 0.423975 -0.001990
vn 0.039824 -0.834406 -0.549710
vn -0.152989 -0.599286 -0.785780
vn -0.083035 0.300892 -0.950036
vn -0.020790 0.995828 0.088848
vn -0.061664 0.959530 0.274774
vn -0.041041 0.984995 0.167630
vn -0.563357 0.787487 -0.249987
vn -0.077430 -0.386622 -0.918982
vn -0.851403 -0.008348 -0.524446
vn 0.034223 0.892103 0.450534
vn 0.067423 0.953662 0.293227
vn -0.070834 0.846240 0.528072
vn -0.402892 -0.814136 0.418163
vn -0.905672 0.423975 -0.001990
vn -0.739563 -0.651093 0.170662
vn -0.258292 0.954904 -0.146433
vn -0.389343 0.868751 0.306078
vn -0.516199 0.838884 0.172660
vn 0.177201 0.897406 -0.404058
vn 0.188935 0.886401 -0.422608
vn -0.797374 -0.520743 -0.304995
vn -0.113291 -0.992826 -0.038233
vn -0.079607 -0.996686 0.016713
vn 0.128042 -0.986614 0.100982
vn -0.080677 0.351923 -0.932546
vn 0.108295 0.516877 -0.849182
vn -0.439586 0.099328 -0.892692
vn 0.006958 -0.999976 0.000673
vn 0.023860 -0.999696 0.006141
vn 0.079676 -0.996816 0.003064
vn 0.031399 -0.999241 -0.023042
vn 0.102217 -0.994105 0.036161
vn -0.036601 -0.998410 -0.042868
vn -0.772118 0.338093 -0.538077
vn -0.541234 0.317873 -0.778474
vn -0.553743 0.130092 -0.822463
vn -0.729120 0.562201 0.390274
vn -0.772118 0.338093 -0.538077
vn -0.671930 0.728590 0.132913
vn 0.059511 -0.997337 0.042156
vn 0.110349 -0.993602 0.024033
vn 0.074031 -0.997074 0.019053
vn -0.543121 0.839643 0.004398
vn -0.671930 0.728590 0.132913
vn -0.813566 0.218514 -0.538853
vn -0.279397 0.933596 0.224357
vn -0.427605 0.792095 0.435591
vn -0.671930 0.728590 0.132913
vn 0.102217 -0.994105 0.036161
vn 0.074031 -0.997074 0.019053
vn 0.110349 -0.993602 0.024033
vn -0.813566 0.218514 -0.538853
vn -0.671930 0.728590 0.132913
vn -0.772118 0.338093 -0.538077
vn 0.110349 -0.993602 0.024033
vn -0.036601 -0.998410 -0.042868
vn 0.102217 -0.994105 0.036161
vn -0.836336 0.458604 -0.300374
vn -0.772118 0.338093 -0.538077
vn -0.729120 0.562201 0.390274
vn -0.836336 0.458604 -0.300374
vn -0.729120 0.562201 0.390274
vn -0.863467 0.284066 0.416811
vn -0.417679 0.718122 0.556637
vn -0.595099 0.512575 0.618970
vn -0.466362 0.822158 0.326439
vn -0.467454 0.731879 0.495823
vn -0.767722 0.611196 0.192463
vn -0.473865 0.801815 0.364067
vn -0.157611 0.686937 0.709419
vn -0.024818 0.699592 0.714111
vn -0.210252 0.632283 0.745662
vn -0.595099 0.512575 0.618970
vn -0.369403 0.547326 0.750983
vn -0.706006 0.423194 0.567858
vn -0.210252 0.632283 0.745662
vn -0.369403 0.547326 0.750983
vn -0.157611 0.686937 0.709419
vn -0.461893 -0.746452 0.479025
vn -0.151341 -0.964699 0.215525
vn -0.471648 -0.853122 0.223004
vn -0.600856 0.720209 0.346800
vn -0.541521 0.728755 0.419131
vn -0.157611 0.686937 0.709419
vn -0.027496 0.896777 0.441627
vn -0.061664 0.959530 0.274774
vn -0.044684 0.859183 0.509714
vn -0.106133 0.853807 0.509657
vn -0.129877 0.788790 0.600784
vn -0.146257 0.873088 0.465108
vn -0.767722 0.611196 0.192463
vn -0.467454 0.731879 0.495823
vn -0.229050 0.739137 0.633413
vn -0.146257 0.873088 0.465108
vn -0.070834 0.846240 0.528072
vn -0.106133 0.853807 0.509657
vn -0.541521 0.728755 0.419131
vn -0.024818 0.699592 0.714111
vn -0.157611 0.686937 0.709419
vn -0.481364 0.800356 -0.357378
vn -0.346059 0.934785 -0.080123
vn -0.374081 0.102461 -0.921719
vn -0.622749 0.662541 0.416201
vn -0.279397 0.933596 0.224357
vn -0.466362 0.822158 0.326439
vn -0.114443 -0.807218 0.579053
vn -0.402892 -0.814136 0.418163
vn -0.045087 -0.886840 0.459872
vn -0.004791 -0.999988 -0.000952
vn 0.001512 -0.999999 0.000563
vn 0.023860 -0.999696 0.006141
vn -0.528484 0.848844 0.012996
vn -0.615015 0.787303 0.043719
vn -0.227943 0.967214 -0.111975
vn 0.140658 0.910885 0.387948
vn 0.034223 0.892103 0.450534
vn -0.143670 0.911380 0.385676
vn 0.179092 -0.796278 0.577813
vn 0.137036 -0.470224 0.871843
vn 0.147003 -0.819998 0.553167
vn -0.130977 -0.842867 0.521939
vn -0.150650 -0.623369 0.767278
vn 0.147003 -0.819998 0.553167
vn -0.227943 0.967214 -0.111975
vn -0.457407 0.836752 -0.301040
vn -0.528484 0.848844 0.012996
vn -0.224854 0.650015 -0.725893
vn -0.831029 0.547997 -0.095340
vn -0.271097 0.722192 -0.636353
vn -0.133484 -0.862597 0.487963
vn -0.033906 -0.794310 0.606566
vn 0.174683 -0.892484 0.415882
vn -0.671930 0.728590 0.132913
vn -0.543121 0.839643 0.004398
vn -0.279397 0.933596 0.224357
vn 0.108081 -0.839064 0.533189
vn -0.131590 -0.935624 0.327554
vn -0.244442 0.572162 -0.782866
vn 0.108081 -0.839064 0.533189
vn -0.018565 -0.976675 0.213919
vn 0.174683 -0.892484 0.415882
vn -0.729120 0.562201 0.390274
vn -0.671930 0.728590 0.132913
vn -0.427605 0.792095 0.435591
vn -0.178398 -0.953231 0.243979
vn -0.168265 -0.692270 0.701747
vn -0.133484 -0.862597 0.487963
vn -0.706006 0.423194 0.567858
vn -0.790134 0.345705 0.506140
vn -0.595099 0.512575 0.618970
vn -0.421578 -0.845760 -0.327050
vn -0.072690 -0.633117 -0.770635
vn -0.529855 -0.586805 -0.612302
vn -0.131590 -0.935624 0.327554
vn -0.083148 0.810179 -0.580255
vn -0.244442 0.572162 -0.782866
vn -0.045449 0.531637 0.845752
vn 0.297441 0.925166 0.235789
vn -0.534509 0.816067 0.219853
vn -0.049149 -0.966490 -0.251956
vn 0.048593 -0.818253 -0.572800
vn -0.159978 -0.894055 -0.418418
vn 0.099539 -0.857292 -0.505116
vn -0.417379 -0.767118 -0.487159
vn -0.152259 -0.778602 -0.608766
vn 0.296732 -0.667522 0.682909
vn -0.314978 -0.940011 0.131031
vn -0.262504 -0.948630 0.176614
vn 0.411180 0.773441 0.482410
vn 0.760050 0.542759 0.357404
vn 0.253064 -0.966264 0.047882
vn 0.177219 0.903851 -0.389419
vn 0.471282 0.876491 0.098268
vn 0.425481 0.904905 0.010619
vn 0.188458 -0.770647 -0.608758
vn -0.074054 -0.904044 -0.420976
vn 0.084755 -0.980542 -0.177072
vn 0.048593 -0.818253 -0.572800
vn 0.070954 -0.979015 -0.191039
vn -0.184337 -0.887301 -0.422749
vn -0.805992 -0.408229 -0.428633
vn -0.906140 -0.256316 -0.336471
vn -0.866426 -0.133953 -0.481002
vn -0.113291 -0.992826 -0.038233
vn 0.128042 -0.986614 0.100982
vn 0.106421 -0.982834 0.150702
vn 0.044128 -0.895049 0.443779
vn -0.172321 -0.758928 0.627960
vn -0.083070 -0.458329 0.884892
vn 0.679142 0.237936 0.694372
vn 0.297441 0.925166 0.235789
vn 0.434118 0.891424 -0.130020
vn 0.009169 -0.894341 0.447292
vn 0.063608 -0.936559 -0.344691
vn -0.157460 -0.779809 -0.605892
vn -0.729120 0.562201 0.390274
vn -0.622749 0.662541 0.416201
vn -0.790134 0.345705 0.506140
vn 0.575819 -0.556543 -0.598909
vn 0.099539 -0.857292 -0.505116
vn -0.152259 -0.778602 -0.608766
vn 0.130548 0.979981 0.150315
vn -0.240138 0.962500 0.126202
vn 0.406045 0.886868 0.220436
vn 0.084755 -0.980542 -0.177072
vn -0.074054 -0.904044 -0.420976
vn 0.253064 -0.966264 0.047882
vn -0.241846 -0.827498 0.506712
vn -0.207526 -0.863970 0.458791
vn 0.022388 -0.996977 0.074398
vn -0.354951 -0.746289 0.563082
vn -0.172321 -0.758928 0.627960
vn -0.055456 -0.767472 0.638679
vn -0.041516 0.923979 0.380184
vn 0.005312 0.800300 0.599576
vn -0.044684 0.859183 0.509714
vn 0.461563 -0.637346 0.617049
vn 0.603727 0.513973 0.609381
vn 0.529361 0.284648 0.799220
vn 0.099539 -0.857292 -0.505116
vn 0.575819 -0.556543 -0.598909
vn 0.934129 -0.263657 -0.240601
vn 0.244552 0.962124 -0.120464
vn -0.008939 0.977690 0.209863
vn 0.178424 0.979897 -0.089256
vn 0.151056 -0.545292 -0.824523
vn -0.072690 -0.633117 -0.770635
vn -0.421578 -0.845760 -0.327050
vn 0.178424 0.979897 -0.089256
vn 0.031017 0.904022 0.426359
vn 0.164500 0.981966 0.093177
vn -0.417379 -0.767118 -0.487159
vn -0.835139 -0.326300 -0.442799
vn -0.679934 -0.511019 -0.525879
vn 0.151056 -0.545292 -0.824523
vn 0.618764 -0.472092 -0.627901
vn -0.072690 -0.633117 -0.770635
vn 0.297441 0.925166 0.235789
vn 0.480114 -0.037773 0.876393
vn -0.534509 0.816067 0.219853
vn -0.541234 0.317873 -0.778474
vn -0.772118 0.338093 -0.538077
vn -0.836336 0.458604 -0.300374
vn -0.262504 -0.948630 0.176614
vn 0.009225 -0.984022 0.177810
vn 0.123561 -0.695585 0.707738
vn 0.123561 -0.695585 0.707738
vn 0.009225 -0.984022 0.177810
vn 0.578106 -0.653918 0.488043
vn -0.679934 -0.511019 -0.525879
vn -0.152259 -0.778602 -0.608766
vn -0.417379 -0.767118 -0.487159
vn 0.960280 0.278933 -0.007687
vn 0.575819 -0.556543 -0.598909
vn 0.891910 0.202343 -0.404418
vn -0.835139 -0.326300 -0.442799
vn -0.866426 -0.133953 -0.481002
vn -0.906140 -0.256316 -0.336471
vn -0.072690 -0.633117 -0.770635
vn 0.891910 0.202343 -0.404418
vn 0.575819 -0.556543 -0.598909
vn -0.733738 -0.126964 -0.667464
vn -0.645176 -0.687174 -0.333975
vn -0.805992 -0.408229 -0.428633
vn 0.575819 -0.556543 -0.598909
vn -0.152259 -0.778602 -0.608766
vn -0.072690 -0.633117 -0.770635
vn -0.906140 -0.256316 -0.336471
vn -0.805992 -0.408229 -0.428633
vn -0.314978 -0.940011 0.131031
vn -0.847144 -0.466912 -0.253653
vn -0.679934 -0.511019 -0.525879
vn -0.906140 -0.256316 -0.336471
vn -0.645141 0.049013 -0.762490
vn -0.813566 0.218514 -0.538853
vn -0.772118 0.338093 -0.538077
vn 0.134668 -0.813079 0.566363
vn -0.207526 -0.863970 0.458791
vn -0.241846 -0.827498 0.506712
vn 0.105910 -0.992630 0.058890
vn 0.054898 -0.994670 -0.087281
vn 0.084755 -0.980542 -0.177072
vn -0.163969 0.244635 -0.955651
vn 0.005730 -0.776188 -0.630475
vn -0.248957 0.800337 -0.545418
vn -0.863467 0.284066 0.416811
vn -0.729120 0.562201 0.390274
vn -0.790134 0.345705 0.506140
vn -0.041516 0.923979 0.380184
vn -0.129877 0.788790 0.600784
vn -0.106133 0.853807 0.509657
vn 0.063608 -0.936559 -0.344691
vn -0.163969 0.244635 -0.955651
vn -0.157460 -0.779809 -0.605892
vn -0.005077 0.999983 -0.002931
vn 0.047010 0.991661 -0.119990
vn -0.008080 0.999880 -0.013253
vn -0.109580 -0.991838 -0.065197
vn -0.036601 -0.998410 -0.042868
vn -0.028315 -0.999168 -0.029342
vn -0.440639 0.837699 0.322642
vn -0.455933 0.648619 0.609442
vn -0.464009 0.842006 0.275174
vn 0.136714 0.927605 -0.347646
vn 0.230454 0.893380 -0.385698
vn 0.015151 0.955554 -0.294427
vn 0.114543 -0.810077 0.575026
vn 0.129590 -0.949325 0.286337
vn 0.121295 -0.939860 0.319297
vn -0.325166 0.926706 -0.188372
vn -0.642505 0.751972 0.147395
vn -0.492449 0.866520 0.081471
vn 0.023860 -0.999696 0.006141
vn 0.006958 -0.999976 0.000673
vn -0.007258 -0.999970 -0.002663
vn -0.083148 0.810179 -0.580255
vn -0.378623 -0.653923 0.655003
vn 0.185436 0.425329 -0.885838
vn 0.165768 -0.912901 0.373005
vn 0.014803 -0.742296 0.669909
vn 0.170339 -0.954687 0.244043
vn -0.062852 -0.996576 0.053720
vn -0.428407 -0.695850 0.576420
vn -0.067018 -0.997751 -0.001585
vn 0.552110 0.747833 0.368674
vn 0.597610 0.236651 0.766067
vn 0.365713 0.926977 -0.083470
vn -0.157611 0.686937 0.709419
vn -0.369403 0.547326 0.750983
vn -0.595099 0.512575 0.618970
vn -0.296601 -0.618471 0.727682
vn -0.296779 -0.811696 0.503063
vn -0.444405 -0.670170 0.594454
vn -0.003080 0.792993 0.609223
vn 0.005080 0.866698 0.498807
vn -0.058456 0.899220 0.433575
vn 0.223232 0.902243 -0.368951
vn 0.213965 0.875531 -0.433203
vn 0.164500 0.981966 0.093177
vn 0.159766 0.937627 0.308756
vn 0.324216 0.823578 0.465406
vn 0.025738 0.941363 0.336414
vn 0.044699 0.994785 0.091678
vn 0.007498 0.870471 0.492163
vn -0.023938 0.965092 0.260813
vn -0.026190 0.885914 -0.463110
vn 0.207980 0.967847 -0.141481
vn 0.332807 0.853514 -0.400941
vn 0.102217 -0.994105 0.036161
vn 0.031399 -0.999241 -0.023042
vn 0.079676 -0.996816 0.003064
vn 0.297441 0.925166 0.235789
vn 0.679142 0.237936 0.694372
vn 0.480114 -0.037773 0.876393
vn 0.020482 -0.999730 -0.010967
vn -0.033759 -0.999369 -0.011070
vn -0.028315 -0.999168 -0.029342
vn 0.021298 0.894064 0.447433
vn -0.078190 0.852607 0.516670
vn 0.007498 0.870471 0.492163
vn 0.023860 -0.999696 0.006141
vn 0.074031 -0.997074 0.019053
vn 0.102217 -0.994105 0.036161
vn 0.711252 -0.229957 0.664259
vn 0.756696 0.562284 -0.333537
vn 0.883589 -0.075354 0.462160
vn 0.001512 -0.999999 0.000563
vn 0.074031 -0.997074 0.019053
vn 0.023860 -0.999696 0.006141
vn 0.213017 0.885964 -0.411936
vn 0.177219 0.903851 -0.389419
vn 0.128750 0.825530 -0.549475
vn -0.172321 -0.758928 0.627960
vn -0.047450 -0.923313 -0.381105
vn -0.055456 -0.767472 0.638679
vn -0.417679 0.718122 0.556637
vn -0.466362 0.822158 0.326439
vn -0.236749 0.951038 0.198685
vn 0.079676 -0.996816 0.003064
vn 0.023860 -0.999696 0.006141
vn 0.102217 -0.994105 0.036161
vn 0.106421 -0.982834 0.150702
vn 0.047682 -0.993590 0.102500
vn -0.113291 -0.992826 -0.038233
vn -0.235976 -0.706867 -0.666824
vn 0.048593 -0.818253 -0.572800
vn -0.184337 -0.887301 -0.422749
vn -0.245297 -0.856930 0.453322
vn -0.125817 -0.937755 0.323707
vn 0.002438 -0.999966 0.007831
vn 0.121295 -0.939860 0.319297
vn 0.186043 -0.826279 0.531650
vn 0.114543 -0.810077 0.575026
vn 0.128042 -0.986614 0.100982
vn 0.498220 -0.786708 0.364509
vn 0.106421 -0.982834 0.150702
vn 0.114543 -0.810077 0.575026
vn -0.110926 -0.224147 0.968222
vn 0.007621 -0.368315 0.929670
vn -0.645176 -0.687174 -0.333975
vn 0.009225 -0.984022 0.177810
vn -0.262504 -0.948630 0.176614
vn -0.679934 -0.511019 -0.525879
vn -0.847144 -0.466912 -0.253653
vn -0.529855 -0.586805 -0.612302
vn -0.141350 0.989418 0.032742
vn -0.043830 0.995372 -0.085515
vn -0.129566 0.989137 -0.069434
vn -0.083148 0.810179 -0.580255
vn -0.131590 -0.935624 0.327554
vn -0.444405 -0.670170 0.594454
vn -0.003553 -0.998320 -0.057828
vn -0.057378 -0.990621 0.124007
vn 0.026518 -0.986488 0.161672
vn -0.084702 -0.633425 -0.769155
vn -0.187825 -0.587908 -0.786820
vn 0.240478 -0.792367 -0.560647
vn 0.009290 -0.871262 0.490731
vn -0.008453 -0.981864 0.189400
vn -0.084702 -0.633425 -0.769155
vn -0.127809 -0.961551 -0.243073
vn 0.250250 -0.901056 -0.354222
vn 0.240478 -0.792367 -0.560647
vn -0.314978 -0.940011 0.131031
vn 0.461563 -0.637346 0.617049
vn 0.233824 -0.797202 0.556593
vn -0.049149 -0.966490 -0.251956
vn -0.068528 -0.990529 -0.118977
vn 0.002438 -0.999966 0.007831
vn -0.220636 0.643960 0.732554
vn 0.883589 -0.075354 0.462160
vn 0.940204 -0.333867 -0.067455
vn -0.415779 0.902945 0.108713
vn -0.474563 0.865315 0.161309
vn -0.270369 0.916369 0.295242
vn 0.164500 0.981966 0.093177
vn 0.021298 0.894064 0.447433
vn 0.115901 0.950966 0.286759
vn -0.127809 -0.961551 -0.243073
vn 0.076129 0.564421 0.821969
vn 0.093073 -0.976335 0.195211
vn 0.883589 -0.075354 0.462160
vn 0.783012 -0.478633 -0.397244
vn 0.940204 -0.333867 -0.067455
vn 0.086819 0.993897 0.068047
vn 0.134914 0.956762 -0.257690
vn 0.143648 0.908681 -0.392001
vn 0.923893 0.090137 0.371882
vn 0.520518 -0.816755 0.248941
vn 0.532759 -0.774767 0.340447
vn 0.267460 -0.901679 0.339765
vn 0.106421 -0.982834 0.150702
vn 0.498220 -0.786708 0.364509
vn -0.652048 0.291177 -0.700035
vn 0.180565 0.933840 -0.308769
vn 0.231335 0.876604 -0.421959
vn -0.033906 -0.794310 0.606566
vn -0.168265 -0.692270 0.701747
vn -0.296601 -0.618471 0.727682
vn 0.074031 -0.997074 0.019053
vn 0.001512 -0.999999 0.000563
vn 0.059511 -0.997337 0.042156
vn 0.594768 -0.376828 0.710107
vn 0.501210 0.854864 0.134149
vn -0.045449 0.531637 0.845752
vn 0.076129 0.564421 0.821969
vn 0.107013 -0.104523 0.988748
vn -0.237618 0.660480 0.712253
vn 0.254881 0.960065 -0.115376
vn 0.618775 0.744286 0.251311
vn -0.006812 0.918033 -0.396446
vn 0.201904 0.912100 -0.356804
vn 0.252933 0.911159 -0.325291
vn 0.453664 0.891067 -0.013722
vn 0.705062 0.390822 0.591731
vn 0.675627 0.520995 0.521625
vn 0.254881 0.960065 -0.115376
vn 0.661605 0.532626 0.527815
vn 0.435491 0.804241 0.404405
vn 0.319421 0.794385 0.516645
vn -0.017650 0.927616 0.373118
vn -0.127448 0.984149 0.123323
vn -0.240138 0.962500 0.126202
vn 0.378405 -0.556496 0.739677
vn 0.643088 -0.754796 -0.129308
vn 0.286525 -0.793042 0.537576
vn 0.130548 0.979981 0.150315
vn 0.960280 0.278933 -0.007687
vn 0.891910 0.202343 -0.404418
vn 0.128042 -0.986614 0.100982
vn 0.650354 -0.695083 0.306429
vn 0.498220 -0.786708 0.364509
vn 0.590954 0.415273 0.691608
vn 0.723556 0.136099 0.676716
vn 0.705062 0.390822 0.591731
vn 0.222117 0.887544 0.403645
vn -0.017650 0.927616 0.373118
vn 0.130548 0.979981 0.150315
vn 0.448825 0.761403 0.467784
vn 0.590954 0.415273 0.691608
vn 0.666105 0.121138 0.735955
vn -0.010213 0.918321 -0.395705
vn -0.119437 0.940245 -0.318864
vn 0.202131 0.963419 -0.175975
vn -0.906140 -0.256316 -0.336471
vn -0.314978 -0.940011 0.131031
vn -0.847144 -0.466912 -0.253653
vn 0.928706 -0.070929 0.363970
vn 0.948662 -0.184664 0.256787
vn 0.960280 0.278933 -0.007687
vn -0.679934 -0.511019 -0.525879
vn -0.072690 -0.633117 -0.770635
vn -0.152259 -0.778602 -0.608766
vn -0.079607 -0.996686 0.016713
vn 0.114863 -0.989146 0.091634
vn 0.128042 -0.986614 0.100982
vn -0.094042 0.995319 -0.022255
vn 0.922017 -0.028609 0.386091
vn 0.866512 0.415415 0.276744
vn -0.113291 -0.992826 -0.038233
vn -0.241095 -0.964311 -0.109440
vn -0.079607 -0.996686 0.016713
vn 0.406045 0.886868 0.220436
vn -0.240138 0.962500 0.126202
vn 0.135007 0.987967 0.075460
vn 0.048593 -0.818253 -0.572800
vn -0.049149 -0.966490 -0.251956
vn 0.070954 -0.979015 -0.191039
vn 0.520518 -0.816755 0.248941
vn 0.128042 -0.986614 0.100982
vn 0.114863 -0.989146 0.091634
vn -0.235976 -0.706867 -0.666824
vn -0.159978 -0.894055 -0.418418
vn 0.048593 -0.818253 -0.572800
vn -0.159978 -0.894055 -0.418418
vn -0.241095 -0.964311 -0.109440
vn -0.049149 -0.966490 -0.251956
vn -0.906140 -0.256316 -0.336471
vn -0.679934 -0.511019 -0.525879
vn -0.835139 -0.326300 -0.442799
vn -0.068528 -0.990529 -0.118977
vn -0.049149 -0.966490 -0.251956
vn -0.113291 -0.992826 -0.038233
vn 0.406045 0.886868 0.220436
vn 0.135007 0.987967 0.075460
vn 0.923893 0.090137 0.371882
vn 0.241655 0.963534 0.114915
vn 0.325763 0.916610 -0.231742
vn 0.213017 0.885964 -0.411936
vn 0.948662 -0.184664 0.256787
vn 0.934129 -0.263657 -0.240601
vn 0.960280 0.278933 -0.007687
vn 0.070954 -0.979015 -0.191039
vn -0.049149 -0.966490 -0.251956
vn 0.002438 -0.999966 0.007831
vn 0.643088 -0.754796 -0.129308
vn 0.378405 -0.556496 0.739677
vn 0.304557 -0.919979 0.246747
vn 0.495290 0.868475 0.020963
vn 0.452133 0.845213 0.284940
vn 0.441225 0.006700 0.897371
vn 0.128042 -0.986614 0.100982
vn 0.520518 -0.816755 0.248941
vn 0.650354 -0.695083 0.306429
vn -0.241036 0.968463 -0.063092
vn 0.135007 0.987967 0.075460
vn -0.370464 0.927673 -0.046676
vn 0.074434 -0.181126 0.980639
vn -0.048161 -0.802067 0.595290
vn -0.155088 -0.914319 0.374123
vn 0.115037 -0.001367 -0.993360
vn -0.354951 -0.746289 0.563082
vn 0.295150 -0.129517 -0.946632
vn 0.071864 0.904257 0.420898
vn 0.194050 0.979624 0.051780
vn 0.214472 0.976711 -0.006139
vn 0.213726 0.924027 0.317009
vn 0.519534 0.840239 0.155187
vn 0.198971 0.968529 0.149537
vn -0.487062 0.392780 -0.780061
vn -0.360903 0.375220 -0.853791
vn -0.479694 0.446391 -0.755400
vn -0.133480 0.718862 -0.682217
vn -0.360903 0.375220 -0.853791
vn -0.487062 0.392780 -0.780061
vn -0.733738 -0.126964 -0.667464
vn -0.805992 -0.408229 -0.428633
vn -0.866426 -0.133953 -0.481002
vn -0.560555 -0.495615 0.663433
vn 0.662962 -0.617561 -0.423202
vn 0.334973 -0.931917 -0.139010
vn 0.502772 -0.850074 0.156826
vn -0.086280 -0.880293 0.466520
vn 0.382140 -0.812722 -0.439832
vn 0.435491 0.804241 0.404405
vn 0.661605 0.532626 0.527815
vn 0.784484 0.295280 0.545339
vn -0.184337 -0.887301 -0.422749
vn 0.070954 -0.979015 -0.191039
vn -0.125817 -0.937755 0.323707
vn -0.094042 0.995319 -0.022255
vn 0.866512 0.415415 0.276744
vn -0.241036 0.968463 -0.063092
vn 0.304557 -0.919979 0.246747
vn 0.382140 -0.812722 -0.439832
vn 0.022388 -0.996977 0.074398
vn -0.125817 -0.937755 0.323707
vn 0.047959 -0.965760 0.254967
vn -0.184337 -0.887301 -0.422749
vn 0.650354 -0.695083 0.306429
vn 0.520518 -0.816755 0.248941
vn 0.866512 0.415415 0.276744
vn -0.560555 -0.495615 0.663433
vn 0.622852 -0.765025 -0.163683
vn 0.662962 -0.617561 -0.423202
vn -0.072690 -0.633117 -0.770635
vn -0.679934 -0.511019 -0.525879
vn -0.529855 -0.586805 -0.612302
vn 0.686167 -0.504865 0.523723
vn 0.498220 -0.786708 0.364509
vn 0.924970 0.065034 0.374435
vn 0.502772 -0.850074 0.156826
vn 0.040334 -0.909738 0.413220
vn -0.086280 -0.880293 0.466520
vn 0.114863 -0.989146 0.091634
vn 0.532759 -0.774767 0.340447
vn 0.520518 -0.816755 0.248941
vn -0.383279 0.766939 0.514687
vn 0.048462 0.944942 -0.323628
vn 0.072301 0.923405 -0.376955
vn -0.000115 0.955431 -0.295214
vn 0.015151 0.955554 -0.294427
vn 0.077105 0.949893 -0.302915
vn 0.252933 0.911159 -0.325291
vn 0.201904 0.912100 -0.356804
vn -0.233133 0.588462 -0.774184
vn -0.237618 0.660480 0.712253
vn -0.097279 0.983417 0.153061
vn 0.076129 0.564421 0.821969
vn -0.543121 0.839643 0.004398
vn -0.024424 0.999646 0.010579
vn -0.279397 0.933596 0.224357
vn 0.110250 0.984944 0.133153
vn -0.246613 0.968999 0.014949
vn -0.193310 0.959559 -0.204639
vn 0.213017 0.885964 -0.411936
vn 0.193622 0.968876 -0.154238
vn 0.241655 0.963534 0.114915
vn 0.030733 -0.999419 0.014715
vn 0.053593 -0.996264 -0.067724
vn -0.012276 -0.999851 -0.012132
vn -0.024424 0.999646 0.010579
vn 0.001220 0.999986 -0.005200
vn -0.080362 0.994675 0.064533
vn 0.502772 -0.850074 0.156826
vn 0.662962 -0.617561 -0.423202
vn 0.622852 -0.765025 -0.163683
vn 0.662962 -0.617561 -0.423202
vn 0.502772 -0.850074 0.156826
vn 0.382140 -0.812722 -0.439832
vn 0.622852 -0.765025 -0.163683
vn 0.430781 -0.901489 0.041777
vn 0.502772 -0.850074 0.156826
vn -0.245297 -0.856930 0.453322
vn -0.207028 -0.870566 0.446378
vn -0.294251 -0.824119 0.483988
vn 0.022388 -0.996977 0.074398
vn 0.382140 -0.812722 -0.439832
vn -0.086280 -0.880293 0.466520
vn 0.304557 -0.919979 0.246747
vn 0.334973 -0.931917 -0.139010
vn 0.382140 -0.812722 -0.439832
vn 0.502772 -0.850074 0.156826
vn 0.430781 -0.901489 0.041777
vn 0.040334 -0.909738 0.413220
vn 0.040334 -0.909738 0.413220
vn 0.047959 -0.965760 0.254967
vn -0.125817 -0.937755 0.323707
vn 0.144979 0.003314 0.989429
vn 0.076129 0.564421 0.821969
vn -0.097279 0.983417 0.153061
vn 0.076129 0.564421 0.821969
vn 0.144979 0.003314 0.989429
vn 0.093073 -0.976335 0.195211
vn -0.097279 0.983417 0.153061
vn 0.177230 0.979425 -0.096523
vn 0.287141 0.930400 0.227829
vn 0.287141 0.930400 0.227829
vn 0.177230 0.979425 -0.096523
vn 0.074434 -0.181126 0.980639
vn 0.448307 0.866211 0.220682
vn 0.222117 0.887544 0.403645
vn 0.198971 0.968529 0.149537
vn -0.017650 0.927616 0.373118
vn 0.661605 0.532626 0.527815
vn 0.319421 0.794385 0.516645
vn -0.175357 -0.951389 -0.253199
vn 0.188458 -0.770647 -0.608758
vn -0.312389 -0.928654 -0.200037
vn 0.202131 0.963419 -0.175975
vn 0.414289 0.901111 -0.127917
vn 0.368487 0.929448 -0.018522
vn 0.679142 0.237936 0.694372
vn 0.578106 -0.653918 0.488043
vn 0.480114 -0.037773 0.876393
vn 0.679142 0.237936 0.694372
vn 0.296732 -0.667522 0.682909
vn 0.123561 -0.695585 0.707738
vn -0.045449 0.531637 0.845752
vn 0.501210 0.854864 0.134149
vn 0.434118 0.891424 -0.130020
vn 0.391026 -0.835335 0.386411
vn 0.105910 -0.992630 0.058890
vn 0.084755 -0.980542 -0.177072
vn 0.027002 0.990138 0.137466
vn 0.028418 0.999473 -0.015678
vn -0.206066 0.954724 -0.214566
vn 0.322140 0.924068 -0.205730
vn 0.495290 0.868475 0.020963
vn 0.276127 0.935805 -0.219141
vn 0.324216 0.823578 0.465406
vn 0.597610 0.236651 0.766067
vn 0.628655 0.144606 0.764122
vn 0.385772 0.145575 0.911037
vn 0.219439 0.171457 0.960442
vn 0.397759 -0.778777 0.485071
vn -0.127448 0.984149 0.123323
vn -0.017650 0.927616 0.373118
vn 0.319421 0.794385 0.516645
vn 0.866512 0.415415 0.276744
vn 0.520518 -0.816755 0.248941
vn 0.923893 0.090137 0.371882
vn 0.532759 -0.774767 0.340447
vn 0.948662 -0.184664 0.256787
vn 0.928706 -0.070929 0.363970
vn 0.866512 0.415415 0.276744
vn 0.923893 0.090137 0.371882
vn 0.135007 0.987967 0.075460
vn -0.679214 -0.412278 0.607202
vn -0.628925 0.661350 0.408742
vn -0.490846 0.776769 0.394588
vn -0.013783 0.992921 0.117973
vn 0.086819 0.993897 0.068047
vn 0.319090 0.931758 0.173232
vn -0.244193 -0.839146 0.486009
vn -0.177989 0.826475 -0.534097
vn -0.878161 -0.266468 -0.397275
vn -0.036452 -0.988230 -0.148570
vn -0.770456 -0.577445 0.270100
vn -0.402892 -0.814136 0.418163
vn -0.518420 0.709990 0.476607
vn -0.516199 0.838884 0.172660
vn -0.389343 0.868751 0.306078
vn -0.518420 0.709990 0.476607
vn -0.617241 -0.771756 0.152990
vn -0.516199 0.838884 0.172660
vn -0.764395 -0.642963 -0.047948
vn -0.805241 -0.522557 0.280217
vn -0.797374 -0.520743 -0.304995
vn -0.312652 -0.944022 -0.105218
vn -0.151341 -0.964699 0.215525
vn -0.306522 -0.950652 -0.048014
vn -0.080677 0.351923 -0.932546
vn 0.414828 0.632906 -0.653718
vn 0.108295 0.516877 -0.849182
vn -0.867549 0.461151 0.186273
vn -0.940279 0.281505 0.191391
vn -0.770456 -0.577445 0.270100
vn -0.027496 0.896777 0.441627
vn 0.005080 0.866698 0.498807
vn -0.004711 0.786379 0.617727
vn -0.043073 0.996381 0.073274
vn -0.061664 0.959530 0.274774
vn -0.020790 0.995828 0.088848
vn -0.329573 0.228850 -0.915975
vn -0.396813 0.168215 -0.902354
vn -0.351556 0.539356 -0.765182
vn -0.134372 -0.985772 0.100982
vn 0.294220 0.032587 -0.955182
vn 0.183028 -0.672350 -0.717249
vn -0.077430 -0.386622 -0.918982
vn -0.563357 0.787487 -0.249987
vn -0.248957 0.800337 -0.545418
vn -0.227943 0.967214 -0.111975
vn -0.122085 0.942611 -0.310774
vn -0.304002 0.862016 -0.405600
vn -0.553743 0.130092 -0.822463
vn -0.439586 0.099328 -0.892692
vn -0.645141 0.049013 -0.762490
vn -0.729777 -0.678343 0.085302
vn 0.128680 0.895717 -0.425597
vn -0.514854 -0.579945 -0.631339
vn -0.467454 0.731879 0.495823
vn 0.127883 0.728218 0.673308
vn -0.229050 0.739137 0.633413
vn 0.684977 0.634928 -0.357314
vn 0.649821 0.749729 -0.125054
vn 0.164171 0.694042 -0.700966
vn -0.146257 0.873088 0.465108
vn -0.020646 0.902206 0.430811
vn 0.034223 0.892103 0.450534
vn -0.194528 0.441816 -0.875761
vn -0.294782 0.514531 -0.805209
vn -0.191326 0.952640 -0.236371
vn -0.711024 0.425214 0.560034
vn -0.706006 0.423194 0.567858
vn -0.210252 0.632283 0.745662
vn -0.681257 0.636901 0.360897
vn -0.271097 0.722192 -0.636353
vn -0.831029 0.547997 -0.095340
vn -0.836336 0.458604 -0.300374
vn -0.831029 0.547997 -0.095340
vn -0.224854 0.650015 -0.725893
vn -0.080677 0.351923 -0.932546
vn -0.541234 0.317873 -0.778474
vn 0.164171 0.694042 -0.700966
vn -0.290047 0.944179 0.156202
vn -0.268794 0.963196 -0.001843
vn -0.471061 0.868106 0.156507
vn -0.069382 0.964674 -0.254148
vn -0.174465 0.916646 -0.359613
vn -0.084999 0.896459 -0.434897
vn -0.622749 0.662541 0.416201
vn -0.729120 0.562201 0.390274
vn -0.427605 0.792095 0.435591
vn -0.417679 0.718122 0.556637
vn -0.379566 0.802041 0.461150
vn -0.157611 0.686937 0.709419
vn -0.080362 0.994675 0.064533
vn -0.279397 0.933596 0.224357
vn -0.024424 0.999646 0.010579
vn -0.080362 0.994675 0.064533
vn -0.466362 0.822158 0.326439
vn -0.279397 0.933596 0.224357
vn 0.136714 0.927605 -0.347646
vn 0.047010 0.991661 -0.119990
vn 0.072301 0.923405 -0.376955
vn -0.080362 0.994675 0.064533
vn -0.236749 0.951038 0.198685
vn -0.466362 0.822158 0.326439
vn -0.428407 -0.695850 0.576420
vn -0.449566 0.530353 0.718760
vn -0.132266 0.946762 0.293509
vn -0.492449 0.866520 0.081471
vn -0.424040 0.904578 0.043913
vn -0.163499 0.969141 -0.184483
vn 0.140658 0.910885 0.387948
vn -0.473865 0.801815 0.364067
vn -0.167841 0.947466 0.272283
vn -0.145901 0.760253 -0.633031
vn -0.206980 0.917855 -0.338675
vn -0.201984 0.975626 -0.085765
vn -0.373964 0.925873 0.053939
vn -0.625906 0.779220 -0.032525
vn -0.406547 0.896250 -0.177355
vn -0.245998 0.498909 0.831009
vn -0.283867 0.904085 0.319451
vn -0.324870 0.620745 0.713537
vn 0.468111 -0.883163 0.029935
vn 0.783012 -0.478633 -0.397244
vn 0.241001 -0.941882 0.234046
vn 0.385772 0.145575 0.911037
vn 0.379226 0.738897 0.556973
vn 0.219439 0.171457 0.960442
vn -0.337869 -0.745373 0.574685
vn -0.133152 -0.972479 0.191195
vn -0.129628 -0.975289 0.178907
vn -0.083148 0.810179 -0.580255
vn -0.444405 -0.670170 0.594454
vn -0.378623 -0.653923 0.655003
vn -0.134372 -0.985772 0.100982
vn -0.296779 -0.811696 0.503063
vn -0.296601 -0.618471 0.727682
vn -0.172321 -0.758928 0.627960
vn -0.174867 -0.948984 -0.262394
vn -0.080854 -0.775987 -0.625545
vn -0.444405 -0.670170 0.594454
vn -0.131590 -0.935624 0.327554
vn -0.080850 -0.810690 0.579866
vn -0.444405 -0.670170 0.594454
vn -0.296779 -0.811696 0.503063
vn -0.378623 -0.653923 0.655003
vn -0.131590 -0.935624 0.327554
vn 0.174683 -0.892484 0.415882
vn -0.080850 -0.810690 0.579866
vn -0.133484 -0.862597 0.487963
vn -0.018565 -0.976675 0.213919
vn -0.133152 -0.972479 0.191195
vn -0.378623 -0.653923 0.655003
vn -0.296779 -0.811696 0.503063
vn -0.229594 -0.929088 0.289971
vn 0.185436 0.425329 -0.885838
vn -0.378623 -0.653923 0.655003
vn -0.078106 -0.644987 0.760192
vn -0.080850 -0.810690 0.579866
vn -0.296601 -0.618471 0.727682
vn -0.444405 -0.670170 0.594454
vn -0.033906 -0.794310 0.606566
vn -0.133484 -0.862597 0.487963
vn -0.168265 -0.692270 0.701747
vn 0.148843 -0.257571 -0.954727
vn -0.134372 -0.985772 0.100982
vn -0.178398 -0.953231 0.243979
vn 0.334431 0.363621 -0.869446
vn 0.174759 -0.900250 -0.398760
vn 0.183028 -0.672350 -0.717249
vn 0.174683 -0.892484 0.415882
vn -0.131590 -0.935624 0.327554
vn 0.108081 -0.839064 0.533189
vn -0.296601 -0.618471 0.727682
vn -0.080850 -0.810690 0.579866
vn -0.033906 -0.794310 0.606566
vn 0.183028 -0.672350 -0.717249
vn 0.174759 -0.900250 -0.398760
vn -0.229594 -0.929088 0.289971
vn 0.412027 0.559308 -0.719311
vn 0.382807 0.830719 -0.404183
vn 0.319865 0.760053 -0.565690
vn 0.183028 -0.672350 -0.717249
vn -0.296779 -0.811696 0.503063
vn -0.134372 -0.985772 0.100982
vn 0.132226 -0.451342 -0.882500
vn 0.053609 0.615052 -0.786662
vn 0.187014 0.223336 -0.956633
vn 0.183028 -0.672350 -0.717249
vn -0.229594 -0.929088 0.289971
vn -0.296779 -0.811696 0.503063
vn 0.044128 -0.895049 0.443779
vn -0.229594 -0.929088 0.289971
vn 0.174759 -0.900250 -0.398760
vn 0.253852 0.922500 -0.290780
vn 0.261577 0.857662 -0.442711
vn 0.214472 0.976711 -0.006139
vn 0.382807 0.830719 -0.404183
vn 0.358419 0.923482 -0.136810
vn 0.339173 0.897621 -0.281493
vn 0.177219 0.903851 -0.389419
vn 0.254881 0.960065 -0.115376
vn 0.008943 0.877698 -0.479131
vn -0.031967 0.618460 -0.785166
vn 0.319865 0.760053 -0.565690
vn -0.026190 0.885914 -0.463110
vn 0.202131 0.963419 -0.175975
vn -0.119437 0.940245 -0.318864
vn 0.001719 0.977146 -0.212563
vn -0.084600 -0.994961 0.053806
vn 0.241721 -0.583313 -0.775446
vn -0.133119 -0.989232 0.060827
vn -0.007258 -0.999970 -0.002663
vn -0.067018 -0.997751 -0.001585
vn -0.004791 -0.999988 -0.000952
vn -0.120842 -0.885237 0.449169
vn -0.480774 0.545239 0.686710
vn -0.374187 -0.533870 0.758266
vn -0.191949 -0.784753 0.589337
vn -0.080274 -0.977142 0.196849
vn -0.062132 -0.863139 0.501129
vn -0.120842 -0.885237 0.449169
vn -0.374187 -0.533870 0.758266
vn -0.036345 -0.996828 0.070808
vn -0.652048 0.291177 -0.700035
vn -0.699005 0.178055 -0.692595
vn -0.674798 0.437439 -0.594386
vn 0.822457 0.381541 -0.421890
vn 0.180565 0.933840 -0.308769
vn 0.521215 0.617512 -0.589078
vn 0.521215 0.617512 -0.589078
vn 0.671274 0.607463 -0.424711
vn 0.822457 0.381541 -0.421890
vn 0.590954 0.415273 0.691608
vn 0.226720 0.889425 0.396890
vn 0.027002 0.990138 0.137466
vn -0.078190 0.852607 0.516670
vn 0.052536 0.882113 0.468098
vn 0.031017 0.904022 0.426359
vn -0.093178 0.986694 0.133240
vn -0.078190 0.852607 0.516670
vn -0.058456 0.899220 0.433575
vn -0.067321 -0.994847 -0.075807
vn -0.109580 -0.991838 -0.065197
vn -0.033759 -0.999369 -0.011070
vn -0.003553 -0.998320 -0.057828
vn -0.012276 -0.999851 -0.012132
vn 0.053593 -0.996264 -0.067724
vn 0.079676 -0.996816 0.003064
vn 0.053593 -0.996264 -0.067724
vn 0.030733 -0.999419 0.014715
vn -0.062852 -0.996576 0.053720
vn 0.006958 -0.999976 0.000673
vn -0.036345 -0.996828 0.070808
vn 0.628410 -0.215398 0.747465
vn 0.262158 -0.962176 0.074101
vn -0.155088 -0.914319 0.374123
vn 0.562022 -0.757753 0.331575
vn 0.468111 -0.883163 0.029935
vn 0.241001 -0.941882 0.234046
vn -0.207028 -0.870566 0.446378
vn -0.241846 -0.827498 0.506712
vn -0.294251 -0.824119 0.483988
vn 0.811605 -0.241707 0.531860
vn 0.590172 0.807119 0.016007
vn 0.808726 0.568692 0.150171
vn -0.086280 -0.880293 0.466520
vn -0.294251 -0.824119 0.483988
vn -0.241846 -0.827498 0.506712
vn 0.022388 -0.996977 0.074398
vn -0.207526 -0.863970 0.458791
vn 0.643088 -0.754796 -0.129308
vn 0.047682 -0.993590 0.102500
vn 0.267460 -0.901679 0.339765
vn 0.031372 -0.978298 0.204813
vn -0.241846 -0.827498 0.506712
vn 0.022388 -0.996977 0.074398
vn -0.086280 -0.880293 0.466520
vn 0.106421 -0.982834 0.150702
vn 0.267460 -0.901679 0.339765
vn 0.047682 -0.993590 0.102500
vn 0.031372 -0.978298 0.204813
vn -0.207028 -0.870566 0.446378
vn -0.245297 -0.856930 0.453322
vn 0.052397 -0.913314 0.403872
vn 0.267460 -0.901679 0.339765
vn 0.279337 -0.838263 0.468279
vn -0.207028 -0.870566 0.446378
vn 0.031372 -0.978298 0.204813
vn 0.052397 -0.913314 0.403872
vn 0.590172 0.807119 0.016007
vn 0.662048 0.742854 0.099296
vn 0.117724 0.865696 -0.486530
vn 0.453664 0.891067 -0.013722
vn 0.495290 0.868475 0.020963
vn 0.850120 0.183704 0.493507
vn -0.207028 -0.870566 0.446378
vn 0.052397 -0.913314 0.403872
vn -0.241846 -0.827498 0.506712
vn 0.850120 0.183704 0.493507
vn 0.134668 -0.813079 0.566363
vn 0.811605 -0.241707 0.531860
vn 0.047959 -0.965760 0.254967
vn 0.040334 -0.909738 0.413220
vn 0.430781 -0.901489 0.041777
vn 0.040334 -0.909738 0.413220
vn -0.135110 -0.829984 0.541177
vn -0.294251 -0.824119 0.483988
vn 0.250250 -0.901056 -0.354222
vn 0.093073 -0.976335 0.195211
vn 0.262158 -0.962176 0.074101
vn 0.107013 -0.104523 0.988748
vn -0.127809 -0.961551 -0.243073
vn -0.187825 -0.587908 -0.786820
vn 0.473404 -0.880517 -0.024039
vn 0.397759 -0.778777 0.485071
vn 0.250250 -0.901056 -0.354222
vn 0.397759 -0.778777 0.485071
vn 0.009290 -0.871262 0.490731
vn 0.240478 -0.792367 -0.560647
vn 0.074434 -0.181126 0.980639
vn 0.177230 0.979425 -0.096523
vn 0.763295 0.118244 0.635137
vn 0.144979 0.003314 0.989429
vn -0.097279 0.983417 0.153061
vn 0.287141 0.930400 0.227829
vn -0.476823 0.780450 0.404398
vn 0.231335 0.876604 -0.421959
vn 0.177230 0.979425 -0.096523
vn 0.262158 -0.962176 0.074101
vn 0.093073 -0.976335 0.195211
vn -0.155088 -0.914319 0.374123
vn 0.130548 0.979981 0.150315
vn -0.017650 0.927616 0.373118
vn -0.240138 0.962500 0.126202
vn 0.661605 0.532626 0.527815
vn -0.017650 0.927616 0.373118
vn 0.222117 0.887544 0.403645
vn 0.960280 0.278933 -0.007687
vn 0.130548 0.979981 0.150315
vn 0.406045 0.886868 0.220436
vn 0.213726 0.924027 0.317009
vn 0.891910 0.202343 -0.404418
vn 0.519534 0.840239 0.155187
vn 0.487397 0.713692 -0.503078
vn 0.519534 0.840239 0.155187
vn 0.589554 -0.783706 0.195528
vn 0.103069 0.905666 -0.411274
vn 0.128750 0.825530 -0.549475
vn 0.008943 0.877698 -0.479131
vn 0.233824 -0.797202 0.556593
vn -0.529855 -0.586805 -0.612302
vn -0.847144 -0.466912 -0.253653
vn 0.258645 -0.414274 0.872628
vn 0.725191 -0.645415 0.239871
vn 0.589554 -0.783706 0.195528
vn 0.553086 -0.813051 0.181778
vn -0.155936 -0.986138 -0.056708
vn 0.070445 -0.917337 -0.391831
vn 0.603727 0.513973 0.609381
vn 0.461563 -0.637346 0.617049
vn 0.296732 -0.667522 0.682909
vn -0.314978 -0.940011 0.131031
vn -0.805992 -0.408229 -0.428633
vn -0.262504 -0.948630 0.176614
vn -0.645176 -0.687174 -0.333975
vn -0.262504 -0.948630 0.176614
vn -0.805992 -0.408229 -0.428633
vn 0.679142 0.237936 0.694372
vn 0.123561 -0.695585 0.707738
vn 0.578106 -0.653918 0.488043
vn -0.262504 -0.948630 0.176614
vn 0.123561 -0.695585 0.707738
vn 0.296732 -0.667522 0.682909
vn 0.594768 -0.376828 0.710107
vn 0.105910 -0.992630 0.058890
vn 0.391026 -0.835335 0.386411
vn 0.296732 -0.667522 0.682909
vn 0.461563 -0.637346 0.617049
vn -0.314978 -0.940011 0.131031
vn 0.734746 0.167161 0.657423
vn 0.378405 -0.556496 0.739677
vn 0.286525 -0.793042 0.537576
vn -0.042238 0.859516 -0.509361
vn 0.276127 0.935805 -0.219141
vn -0.133480 0.718862 -0.682217
vn 0.547958 0.593949 0.589038
vn 0.118491 0.991315 -0.057055
vn 0.448825 0.761403 0.467784
vn -0.652048 0.291177 -0.700035
vn 0.231335 0.876604 -0.421959
vn -0.476823 0.780450 0.404398
vn 0.027002 0.990138 0.137466
vn 0.226720 0.889425 0.396890
vn 0.028418 0.999473 -0.015678
vn 0.435491 0.804241 0.404405
vn -0.127448 0.984149 0.123323
vn 0.319421 0.794385 0.516645
vn 0.661076 0.444857 0.604219
vn 0.471282 0.876491 0.098268
vn 0.241655 0.963534 0.114915
vn 0.661076 0.444857 0.604219
vn 0.651332 0.004777 0.758778
vn 0.666105 0.121138 0.735955
vn 0.406045 0.886868 0.220436
vn 0.923893 0.090137 0.371882
vn 0.928706 -0.070929 0.363970
vn 0.532759 -0.774767 0.340447
vn 0.928706 -0.070929 0.363970
vn 0.923893 0.090137 0.371882
vn -0.248957 0.800337 -0.545418
vn -0.298700 0.849834 -0.434236
vn -0.163969 0.244635 -0.955651
vn -0.077430 -0.386622 -0.918982
vn -0.248957 0.800337 -0.545418
vn 0.005730 -0.776188 -0.630475
vn -0.114443 -0.807218 0.579053
vn -0.244193 -0.839146 0.486009
vn -0.878161 -0.266468 -0.397275
vn -0.402892 -0.814136 0.418163
vn -0.114443 -0.807218 0.579053
vn -0.036452 -0.988230 -0.148570
vn -0.770456 -0.577445 0.270100
vn -0.036452 -0.988230 -0.148570
vn -0.306522 -0.950652 -0.048014
vn -0.905672 0.423975 -0.001990
vn -0.851403 -0.008348 -0.524446
vn -0.739563 -0.651093 0.170662
vn -0.516199 0.838884 0.172660
vn -0.878161 -0.266468 -0.397275
vn -0.177989 0.826475 -0.534097
vn -0.114443 -0.807218 0.579053
vn -0.878161 -0.266468 -0.397275
vn -0.617241 -0.771756 0.152990
vn -0.196613 0.965757 0.169280
vn -0.843467 0.115964 0.524515
vn -0.518420 0.709990 0.476607
vn -0.518420 0.709990 0.476607
vn -0.843467 0.115964 0.524515
vn -0.312652 -0.944022 -0.105218
vn -0.805241 -0.522557 0.280217
vn -0.843467 0.115964 0.524515
vn -0.196613 0.965757 0.169280
vn -0.312652 -0.944022 -0.105218
vn -0.843467 0.115964 0.524515
vn -0.324701 -0.933628 0.151356
vn -0.151341 -0.964699 0.215525
vn -0.312652 -0.944022 -0.105218
vn -0.324701 -0.933628 0.151356
vn -0.036452 -0.988230 -0.148570
vn -0.617241 -0.771756 0.152990
vn -0.312652 -0.944022 -0.105218
vn -0.151341 -0.964699 0.215525
vn -0.324701 -0.933628 0.151356
vn -0.471648 -0.853122 0.223004
vn -0.151341 -0.964699 0.215525
vn -0.409598 -0.745519 0.525767
vn -0.306522 -0.950652 -0.048014
vn -0.700568 -0.713369 -0.017595
vn -0.764395 -0.642963 -0.047948
vn -0.471648 -0.853122 0.223004
vn -0.875209 -0.357715 -0.325651
vn -0.556729 -0.808266 0.191724
vn -0.514854 -0.579945 -0.631339
vn 0.177201 0.897406 -0.404058
vn 0.108295 0.516877 -0.849182
vn 0.414828 0.632906 -0.653718
vn 0.102588 0.570991 -0.814522
vn 0.128680 0.895717 -0.425597
vn -0.729777 -0.678343 0.085302
vn -0.209622 0.771480 -0.600730
vn -0.043073 0.996381 0.073274
vn -0.020621 0.965118 -0.261003
vn -0.456543 0.804607 0.379706
vn -0.083424 0.871954 0.482429
vn -0.467454 0.731879 0.495823
vn -0.004711 0.786379 0.617727
vn -0.009532 0.844037 0.536200
vn -0.027496 0.896777 0.441627
vn -0.027496 0.896777 0.441627
vn -0.008939 0.977690 0.209863
vn -0.041041 0.984995 0.167630
vn -0.046446 0.621319 -0.782180
vn -0.083035 0.300892 -0.950036
vn -0.152989 -0.599286 -0.785780
vn -0.178398 -0.953231 0.243979
vn -0.036547 -0.925787 -0.376275
vn 0.148843 -0.257571 -0.954727
vn 0.070828 0.526807 -0.847029
vn -0.083035 0.300892 -0.950036
vn 0.060773 0.780759 -0.621869
vn -0.152989 -0.599286 -0.785780
vn 0.039824 -0.834406 -0.549710
vn 0.147003 -0.819998 0.553167
vn -0.080677 0.351923 -0.932546
vn -0.439586 0.099328 -0.892692
vn -0.553743 0.130092 -0.822463
vn 0.102588 0.570991 -0.814522
vn 0.188935 0.886401 -0.422608
vn 0.414828 0.632906 -0.653718
vn 0.044657 0.618553 0.784473
vn -0.229050 0.739137 0.633413
vn 0.127883 0.728218 0.673308
vn -0.210252 0.632283 0.745662
vn -0.092451 0.702474 0.705679
vn -0.681257 0.636901 0.360897
vn -0.472614 0.517089 -0.713621
vn -0.538941 -0.217700 -0.813726
vn -0.548642 -0.402813 -0.732621
vn -0.481364 0.800356 -0.357378
vn -0.681257 0.636901 0.360897
vn -0.092451 0.702474 0.705679
vn -0.706006 0.423194 0.567858
vn -0.863467 0.284066 0.416811
vn -0.790134 0.345705 0.506140
vn -0.863467 0.284066 0.416811
vn -0.711024 0.425214 0.560034
vn -0.831029 0.547997 -0.095340
vn -0.210252 0.632283 0.745662
vn -0.706006 0.423194 0.567858
vn -0.369403 0.547326 0.750983
vn -0.863467 0.284066 0.416811
vn -0.706006 0.423194 0.567858
vn -0.711024 0.425214 0.560034
vn -0.223891 -0.436261 -0.871521
vn 0.535456 0.236112 -0.810887
vn 0.134461 0.251421 -0.958492
vn 0.164171 0.694042 -0.700966
vn -0.224854 0.650015 -0.725893
vn 0.684977 0.634928 -0.357314
vn -0.772118 0.338093 -0.538077
vn -0.553743 0.130092 -0.822463
vn -0.645141 0.049013 -0.762490
vn -0.080677 0.351923 -0.932546
vn -0.553743 0.130092 -0.822463
vn -0.541234 0.317873 -0.778474
vn -0.827044 0.558568 0.063243
vn -0.246613 0.968999 0.014949
vn -0.701968 0.711294 0.036076
vn -0.767722 0.611196 0.192463
vn -0.167841 0.947466 0.272283
vn -0.473865 0.801815 0.364067
vn -0.595099 0.512575 0.618970
vn -0.790134 0.345705 0.506140
vn -0.622749 0.662541 0.416201
vn -0.157611 0.686937 0.709419
vn -0.595099 0.512575 0.618970
vn -0.417679 0.718122 0.556637
vn -0.417679 0.718122 0.556637
vn -0.313168 0.847778 0.428016
vn -0.379566 0.802041 0.461150
vn -0.541521 0.728755 0.419131
vn -0.229050 0.739137 0.633413
vn -0.024818 0.699592 0.714111
vn -0.279397 0.933596 0.224357
vn -0.622749 0.662541 0.416201
vn -0.427605 0.792095 0.435591
vn -0.595099 0.512575 0.618970
vn -0.622749 0.662541 0.416201
vn -0.466362 0.822158 0.326439
vn 0.001220 0.999986 -0.005200
vn -0.005077 0.999983 -0.002931
vn -0.080362 0.994675 0.064533
vn -0.080362 0.994675 0.064533
vn -0.005077 0.999983 -0.002931
vn -0.236749 0.951038 0.198685
vn 0.047010 0.991661 -0.119990
vn -0.005077 0.999983 -0.002931
vn 0.001220 0.999986 -0.005200
vn -0.236749 0.951038 0.198685
vn -0.005077 0.999983 -0.002931
vn -0.008080 0.999880 -0.013253
vn -0.008080 0.999880 -0.013253
vn -0.141350 0.989418 0.032742
vn -0.236749 0.951038 0.198685
vn -0.236749 0.951038 0.198685
vn -0.141350 0.989418 0.032742
vn -0.313168 0.847778 0.428016
vn -0.141350 0.989418 0.032742
vn -0.008080 0.999880 -0.013253
vn -0.043830 0.995372 -0.085515
vn -0.313168 0.847778 0.428016
vn -0.141350 0.989418 0.032742
vn -0.290047 0.944179 0.156202
vn 0.047010 0.991661 -0.119990
vn 0.136714 0.927605 -0.347646
vn -0.043830 0.995372 -0.085515
vn -0.268794 0.963196 -0.001843
vn -0.669424 0.733007 0.120716
vn -0.471061 0.868106 0.156507
vn -0.062852 -0.996576 0.053720
vn -0.321491 -0.572694 0.754098
vn -0.428407 -0.695850 0.576420
vn 0.015151 0.955554 -0.294427
vn -0.000115 0.955431 -0.295214
vn -0.071137 0.984553 -0.159984
vn 0.140658 0.910885 0.387948
vn 0.110250 0.984944 0.133153
vn 0.067423 0.953662 0.293227
vn -0.045756 0.939841 -0.338535
vn -0.041516 0.923979 0.380184
vn -0.067758 0.996792 -0.042592
vn -0.174465 0.916646 -0.359613
vn -0.164699 0.959119 -0.230141
vn -0.095132 0.919352 -0.381762
vn 0.044699 0.994785 0.091678
vn -0.071059 0.993815 -0.085339
vn 0.007498 0.870471 0.492163
vn 0.184801 -0.478004 0.858697
vn 0.186043 -0.826279 0.531650
vn 0.711252 -0.229957 0.664259
vn 0.129590 -0.949325 0.286337
vn 0.114543 -0.810077 0.575026
vn -0.006442 -0.565527 0.824704
vn -0.514896 0.802091 0.302542
vn -0.190315 0.201171 0.960890
vn -0.220636 0.643960 0.732554
vn -0.110926 -0.224147 0.968222
vn 0.114543 -0.810077 0.575026
vn 0.184801 -0.478004 0.858697
vn -0.150650 -0.623369 0.767278
vn -0.129628 -0.975289 0.178907
vn 0.179092 -0.796278 0.577813
vn 0.038730 -0.681972 -0.730352
vn -0.098863 -0.893637 0.437766
vn -0.154647 -0.971529 -0.179488
vn -0.133484 -0.862597 0.487963
vn 0.174683 -0.892484 0.415882
vn -0.018565 -0.976675 0.213919
vn -0.080850 -0.810690 0.579866
vn 0.174683 -0.892484 0.415882
vn -0.033906 -0.794310 0.606566
vn -0.337869 -0.745373 0.574685
vn -0.133484 -0.862597 0.487963
vn -0.133152 -0.972479 0.191195
vn -0.225030 -0.915766 0.332767
vn -0.133484 -0.862597 0.487963
vn -0.098863 -0.893637 0.437766
vn -0.178398 -0.953231 0.243979
vn -0.134372 -0.985772 0.100982
vn -0.168265 -0.692270 0.701747
vn -0.296601 -0.618471 0.727682
vn -0.168265 -0.692270 0.701747
vn -0.134372 -0.985772 0.100982
vn -0.225030 -0.915766 0.332767
vn 0.038730 -0.681972 -0.730352
vn -0.036547 -0.925787 -0.376275
vn 0.004638 0.806962 -0.590585
vn 0.148843 -0.257571 -0.954727
vn 0.161653 0.588749 -0.791987
vn 0.294220 0.032587 -0.955182
vn -0.134372 -0.985772 0.100982
vn 0.148843 -0.257571 -0.954727
vn 0.334431 0.363621 -0.869446
vn -0.031967 0.618460 -0.785166
vn 0.132226 -0.451342 -0.882500
vn 0.164500 0.981966 0.093177
vn 0.214472 0.976711 -0.006139
vn 0.223232 0.902243 -0.368951
vn 0.178424 0.979897 -0.089256
vn 0.321817 0.868850 -0.376209
vn 0.244552 0.962124 -0.120464
vn 0.008943 0.877698 -0.479131
vn 0.254881 0.960065 -0.115376
vn -0.006812 0.918033 -0.396446
vn 0.008943 0.877698 -0.479131
vn 0.128750 0.825530 -0.549475
vn 0.177219 0.903851 -0.389419
vn 0.371678 0.927203 -0.046369
vn 0.414289 0.901111 -0.127917
vn 0.332807 0.853514 -0.400941
vn 0.242899 0.966355 -0.084610
vn 0.308449 0.921557 -0.235781
vn 0.272636 0.959205 -0.074806
vn -0.083070 -0.458329 0.884892
vn 0.115037 -0.001367 -0.993360
vn -0.058431 -0.254125 -0.965405
vn -0.084600 -0.994961 0.053806
vn -0.165643 -0.950656 -0.262327
vn 0.208235 -0.077069 -0.975038
vn -0.062852 -0.996576 0.053720
vn -0.067018 -0.997751 -0.001585
vn -0.007258 -0.999970 -0.002663
vn -0.062852 -0.996576 0.053720
vn -0.036345 -0.996828 0.070808
vn -0.321491 -0.572694 0.754098
vn 0.014612 -0.999575 0.025214
vn 0.020482 -0.999730 -0.010967
vn 0.166650 -0.984472 0.055163
vn -0.033759 -0.999369 -0.011070
vn -0.057378 -0.990621 0.124007
vn -0.003553 -0.998320 -0.057828
vn 0.165768 -0.912901 0.373005
vn 0.121295 -0.939860 0.319297
vn 0.129590 -0.949325 0.286337
vn -0.400624 0.753158 0.521779
vn -0.245998 0.498909 0.831009
vn -0.250703 0.005020 0.968051
vn 0.154120 0.981171 0.116408
vn 0.193622 0.968876 -0.154238
vn 0.253852 0.922500 -0.290780
vn 0.324216 0.823578 0.465406
vn 0.628655 0.144606 0.764122
vn 0.661076 0.444857 0.604219
vn 0.597610 0.236651 0.766067
vn 0.324216 0.823578 0.465406
vn 0.159766 0.937627 0.308756
vn 0.025738 0.941363 0.336414
vn 0.324216 0.823578 0.465406
vn 0.241655 0.963534 0.114915
vn -0.003080 0.792993 0.609223
vn -0.078190 0.852607 0.516670
vn -0.035283 0.776785 0.628777
vn -0.023938 0.965092 0.260813
vn -0.078190 0.852607 0.516670
vn -0.093178 0.986694 0.133240
vn -0.109580 -0.991838 -0.065197
vn 0.031399 -0.999241 -0.023042
vn -0.036601 -0.998410 -0.042868
vn 0.031399 -0.999241 -0.023042
vn -0.067321 -0.994847 -0.075807
vn 0.053593 -0.996264 -0.067724
vn -0.033759 -0.999369 -0.011070
vn -0.109580 -0.991838 -0.065197
vn -0.028315 -0.999168 -0.029342
vn 0.031399 -0.999241 -0.023042
vn -0.109580 -0.991838 -0.065197
vn -0.067321 -0.994847 -0.075807
vn -0.183508 -0.842672 0.506190
vn -0.373142 0.258507 0.891033
vn -0.133313 -0.828972 0.543170
vn -0.036345 -0.996828 0.070808
vn 0.030733 -0.999419 0.014715
vn -0.120842 -0.885237 0.449169
vn 0.023860 -0.999696 0.006141
vn -0.007258 -0.999970 -0.002663
vn -0.004791 -0.999988 -0.000952
vn -0.062852 -0.996576 0.053720
vn -0.007258 -0.999970 -0.002663
vn 0.006958 -0.999976 0.000673
vn 0.009290 -0.871262 0.490731
vn -0.084702 -0.633425 -0.769155
vn 0.240478 -0.792367 -0.560647
vn 0.241001 -0.941882 0.234046
vn 0.009290 -0.871262 0.490731
vn 0.294894 -0.486591 0.822354
vn 0.022388 -0.996977 0.074398
vn 0.643088 -0.754796 -0.129308
vn 0.304557 -0.919979 0.246747
vn -0.207526 -0.863970 0.458791
vn 0.134668 -0.813079 0.566363
vn 0.286525 -0.793042 0.537576
vn 0.040334 -0.909738 0.413220
vn -0.294251 -0.824119 0.483988
vn -0.086280 -0.880293 0.466520
vn -0.245297 -0.856930 0.453322
vn -0.294251 -0.824119 0.483988
vn -0.135110 -0.829984 0.541177
vn -0.125817 -0.937755 0.323707
vn -0.245297 -0.856930 0.453322
vn -0.135110 -0.829984 0.541177
vn 0.031372 -0.978298 0.204813
vn -0.245297 -0.856930 0.453322
vn 0.002438 -0.999966 0.007831
vn 0.076129 0.564421 0.821969
vn -0.127809 -0.961551 -0.243073
vn 0.107013 -0.104523 0.988748
vn 0.250250 -0.901056 -0.354222
vn -0.127809 -0.961551 -0.243073
vn 0.093073 -0.976335 0.195211
vn -0.127809 -0.961551 -0.243073
vn 0.240478 -0.792367 -0.560647
vn -0.187825 -0.587908 -0.786820
vn 0.240478 -0.792367 -0.560647
vn 0.250250 -0.901056 -0.354222
vn 0.397759 -0.778777 0.485071
vn -0.476823 0.780450 0.404398
vn -0.699005 0.178055 -0.692595
vn -0.652048 0.291177 -0.700035
vn 0.763295 0.118244 0.635137
vn 0.177230 0.979425 -0.096523
vn 0.231335 0.876604 -0.421959
vn -0.295374 0.694833 -0.655715
vn -0.479694 0.446391 -0.755400
vn -0.109873 0.866975 -0.486089
vn 0.231335 0.876604 -0.421959
vn 0.180565 0.933840 -0.308769
vn 0.714689 0.245427 0.654970
vn -0.699005 0.178055 -0.692595
vn -0.476823 0.780450 0.404398
vn -0.237815 0.936544 -0.257546
vn -0.652048 0.291177 -0.700035
vn -0.674798 0.437439 -0.594386
vn 0.180565 0.933840 -0.308769
vn -0.042238 0.859516 -0.509361
vn -0.237815 0.936544 -0.257546
vn 0.286134 0.949342 -0.129914
vn -0.674798 0.437439 -0.594386
vn -0.699005 0.178055 -0.692595
vn -0.487062 0.392780 -0.780061
vn -0.699005 0.178055 -0.692595
vn -0.042238 0.859516 -0.509361
vn -0.487062 0.392780 -0.780061
vn -0.042238 0.859516 -0.509361
vn 0.286134 0.949342 -0.129914
vn 0.322140 0.924068 -0.205730
vn -0.295374 0.694833 -0.655715
vn 0.342127 0.937208 -0.067745
vn 0.521215 0.617512 -0.589078
vn 0.714689 0.245427 0.654970
vn 0.180565 0.933840 -0.308769
vn 0.822457 0.381541 -0.421890
vn -0.237815 0.936544 -0.257546
vn -0.042238 0.859516 -0.509361
vn -0.699005 0.178055 -0.692595
vn 0.286134 0.949342 -0.129914
vn 0.452133 0.845213 0.284940
vn 0.322140 0.924068 -0.205730
vn 0.714689 0.245427 0.654970
vn 0.822457 0.381541 -0.421890
vn 0.928537 0.279678 0.244131
vn 0.231335 0.876604 -0.421959
vn 0.714689 0.245427 0.654970
vn 0.763295 0.118244 0.635137
vn 0.928537 0.279678 0.244131
vn 0.763295 0.118244 0.635137
vn 0.714689 0.245427 0.654970
vn -0.048161 -0.802067 0.595290
vn 0.523710 0.851874 0.006158
vn 0.628410 -0.215398 0.747465
vn 0.960280 0.278933 -0.007687
vn 0.406045 0.886868 0.220436
vn 0.928706 -0.070929 0.363970
vn 0.960280 0.278933 -0.007687
vn 0.934129 -0.263657 -0.240601
vn 0.575819 -0.556543 -0.598909
vn 0.222117 0.887544 0.403645
vn 0.130548 0.979981 0.150315
vn 0.213726 0.924027 0.317009
vn 0.891910 0.202343 -0.404418
vn 0.213726 0.924027 0.317009
vn 0.130548 0.979981 0.150315
vn -0.529855 -0.586805 -0.612302
vn 0.233824 -0.797202 0.556593
vn 0.201198 -0.819224 0.537021
vn 0.589554 -0.783706 0.195528
vn -0.421578 -0.845760 -0.327050
vn 0.258645 -0.414274 0.872628
vn 0.725191 -0.645415 0.239871
vn 0.258645 -0.414274 0.872628
vn 0.615115 -0.592049 -0.520684
vn 0.589554 -0.783706 0.195528
vn 0.519534 0.840239 0.155187
vn 0.618764 -0.472092 -0.627901
vn -0.421578 -0.845760 -0.327050
vn 0.589554 -0.783706 0.195528
vn 0.151056 -0.545292 -0.824523
vn 0.151056 -0.545292 -0.824523
vn 0.589554 -0.783706 0.195528
vn 0.618764 -0.472092 -0.627901
vn 0.188458 -0.770647 -0.608758
vn 0.054898 -0.994670 -0.087281
vn -0.002436 -0.373792 -0.927509
vn 0.391026 -0.835335 0.386411
vn 0.253064 -0.966264 0.047882
vn 0.760050 0.542759 0.357404
vn -0.002436 -0.373792 -0.927509
vn 0.295150 -0.129517 -0.946632
vn -0.312389 -0.928654 -0.200037
vn -0.074054 -0.904044 -0.420976
vn -0.175357 -0.951389 -0.253199
vn -0.155936 -0.986138 -0.056708
vn 0.701550 -0.559400 0.441473
vn 0.459729 0.692796 0.555593
vn 0.411180 0.773441 0.482410
vn 0.321814 0.941989 -0.095351
vn 0.501210 0.854864 0.134149
vn 0.678567 0.667686 0.306174
vn 0.188458 -0.770647 -0.608758
vn 0.084755 -0.980542 -0.177072
vn 0.054898 -0.994670 -0.087281
vn -0.175357 -0.951389 -0.253199
vn -0.133119 -0.989232 0.060827
vn -0.155936 -0.986138 -0.056708
vn 0.070445 -0.917337 -0.391831
vn 0.615115 -0.592049 -0.520684
vn 0.553086 -0.813051 0.181778
vn 0.253064 -0.966264 0.047882
vn -0.074054 -0.904044 -0.420976
vn -0.155936 -0.986138 -0.056708
vn 0.253064 -0.966264 0.047882
vn 0.391026 -0.835335 0.386411
vn 0.084755 -0.980542 -0.177072
vn 0.391026 -0.835335 0.386411
vn 0.760050 0.542759 0.357404
vn 0.678567 0.667686 0.306174
vn 0.201198 -0.819224 0.537021
vn 0.258645 -0.414274 0.872628
vn -0.421578 -0.845760 -0.327050
vn -0.155936 -0.986138 -0.056708
vn 0.553086 -0.813051 0.181778
vn 0.701550 -0.559400 0.441473
vn -0.045449 0.531637 0.845752
vn 0.434118 0.891424 -0.130020
vn 0.297441 0.925166 0.235789
vn 0.603727 0.513973 0.609381
vn 0.434118 0.891424 -0.130020
vn 0.321814 0.941989 -0.095351
vn 0.678567 0.667686 0.306174
vn 0.501210 0.854864 0.134149
vn 0.594768 -0.376828 0.710107
vn 0.434118 0.891424 -0.130020
vn 0.501210 0.854864 0.134149
vn 0.321814 0.941989 -0.095351
vn 0.734746 0.167161 0.657423
vn 0.495290 0.868475 0.020963
vn 0.441225 0.006700 0.897371
vn 0.850120 0.183704 0.493507
vn 0.286525 -0.793042 0.537576
vn 0.134668 -0.813079 0.566363
vn -0.207526 -0.863970 0.458791
vn 0.286525 -0.793042 0.537576
vn 0.643088 -0.754796 -0.129308
vn 0.286525 -0.793042 0.537576
vn 0.850120 0.183704 0.493507
vn 0.734746 0.167161 0.657423
vn 0.675627 0.520995 0.521625
vn 0.723556 0.136099 0.676716
vn 0.722254 0.259836 0.640964
vn -0.213352 0.976844 -0.015999
vn 0.435491 0.804241 0.404405
vn 0.027002 0.990138 0.137466
vn 0.027002 0.990138 0.137466
vn 0.435491 0.804241 0.404405
vn 0.590954 0.415273 0.691608
vn 0.722254 0.259836 0.640964
vn 0.435491 0.804241 0.404405
vn 0.784484 0.295280 0.545339
vn -0.135872 0.911840 -0.387411
vn -0.116072 0.809700 -0.575251
vn -0.206066 0.954724 -0.214566
vn -0.370464 0.927673 -0.046676
vn 0.135007 0.987967 0.075460
vn -0.240138 0.962500 0.126202
vn 0.675627 0.520995 0.521625
vn 0.722254 0.259836 0.640964
vn 0.784484 0.295280 0.545339
vn 0.590954 0.415273 0.691608
vn 0.435491 0.804241 0.404405
vn 0.722254 0.259836 0.640964
vn 0.435491 0.804241 0.404405
vn -0.213352 0.976844 -0.015999
vn -0.127448 0.984149 0.123323
vn -0.127448 0.984149 0.123323
vn -0.213352 0.976844 -0.015999
vn -0.370464 0.927673 -0.046676
vn 0.471282 0.876491 0.098268
vn 0.177219 0.903851 -0.389419
vn 0.325763 0.916610 -0.231742
vn 0.590954 0.415273 0.691608
vn 0.705062 0.390822 0.591731
vn 0.666105 0.121138 0.735955
vn 0.666105 0.121138 0.735955
vn 0.705062 0.390822 0.591731
vn 0.661076 0.444857 0.604219
vn 0.705062 0.390822 0.591731
vn 0.425481 0.904905 0.010619
vn 0.471282 0.876491 0.098268
vn 0.722254 0.259836 0.640964
vn 0.723556 0.136099 0.676716
vn 0.590954 0.415273 0.691608
vn 0.675627 0.520995 0.521625
vn 0.705062 0.390822 0.591731
vn 0.723556 0.136099 0.676716
vn -0.905672 0.423975 -0.001990
vn -0.563357 0.787487 -0.249987
vn -0.851403 -0.008348 -0.524446
vn -0.248957 0.800337 -0.545418
vn -0.563357 0.787487 -0.249987
vn -0.464754 0.870173 -0.163716
vn -0.326464 0.902878 -0.279700
vn -0.248957 0.800337 -0.545418
vn -0.464754 0.870173 -0.163716
vn -0.209916 0.820044 -0.532412
vn -0.163969 0.244635 -0.955651
vn -0.298700 0.849834 -0.434236
vn -0.770456 -0.577445 0.270100
vn -0.306522 -0.950652 -0.048014
vn -0.861513 -0.258656 0.436912
vn -0.770456 -0.577445 0.270100
vn -0.861513 -0.258656 0.436912
vn -0.867549 0.461151 0.186273
vn -0.764395 -0.642963 -0.047948
vn -0.797374 -0.520743 -0.304995
vn 0.188935 0.886401 -0.422608
vn -0.764395 -0.642963 -0.047948
vn -0.729777 -0.678343 0.085302
vn -0.471648 -0.853122 0.223004
vn 0.414828 0.632906 -0.653718
vn 0.188935 0.886401 -0.422608
vn 0.177201 0.897406 -0.404058
vn -0.764395 -0.642963 -0.047948
vn 0.188935 0.886401 -0.422608
vn 0.102588 0.570991 -0.814522
vn 0.164171 0.694042 -0.700966
vn 0.405044 0.863866 -0.299458
vn -0.080677 0.351923 -0.932546
vn 0.346931 0.932991 -0.095748
vn 0.128680 0.895717 -0.425597
vn 0.405044 0.863866 -0.299458
vn -0.556729 -0.808266 0.191724
vn -0.729777 -0.678343 0.085302
vn -0.514854 -0.579945 -0.631339
vn -0.729777 -0.678343 0.085302
vn -0.457604 -0.773696 0.438170
vn -0.471648 -0.853122 0.223004
vn -0.044684 0.859183 0.509714
vn -0.129877 0.788790 0.600784
vn -0.041516 0.923979 0.380184
vn -0.083787 0.963677 0.253586
vn -0.055684 0.949292 0.309427
vn -0.146257 0.873088 0.465108
vn -0.044684 0.859183 0.509714
vn -0.146257 0.873088 0.465108
vn -0.129877 0.788790 0.600784
vn -0.083787 0.963677 0.253586
vn -0.146257 0.873088 0.465108
vn -0.061664 0.959530 0.274774
vn -0.083787 0.963677 0.253586
vn -0.043073 0.996381 0.073274
vn -0.120695 0.968437 -0.218088
vn -0.467454 0.731879 0.495823
vn -0.143670 0.911380 0.385676
vn -0.456543 0.804607 0.379706
vn -0.009532 0.844037 0.536200
vn -0.003080 0.792993 0.609223
vn -0.035283 0.776785 0.628777
vn -0.061664 0.959530 0.274774
vn -0.027496 0.896777 0.441627
vn -0.041041 0.984995 0.167630
vn 0.031017 0.904022 0.426359
vn -0.035283 0.776785 0.628777
vn -0.078190 0.852607 0.516670
vn 0.213965 0.875531 -0.433203
vn 0.321817 0.868850 -0.376209
vn 0.178424 0.979897 -0.089256
vn -0.029945 -0.994628 0.099087
vn 0.137036 -0.470224 0.871843
vn 0.009169 -0.894341 0.447292
vn -0.130977 -0.842867 0.521939
vn 0.147003 -0.819998 0.553167
vn 0.039824 -0.834406 -0.549710
vn -0.029945 -0.994628 0.099087
vn 0.147003 -0.819998 0.553167
vn 0.137036 -0.470224 0.871843
vn -0.152989 -0.599286 -0.785780
vn -0.029945 -0.994628 0.099087
vn -0.157460 -0.779809 -0.605892
vn 0.011819 -0.287050 -0.957843
vn 0.094745 0.529814 -0.842805
vn -0.154647 -0.971529 -0.179488
vn -0.098863 -0.893637 0.437766
vn -0.337869 -0.745373 0.574685
vn -0.130977 -0.842867 0.521939
vn 0.063608 -0.936559 -0.344691
vn 0.005730 -0.776188 -0.630475
vn -0.163969 0.244635 -0.955651
vn -0.152989 -0.599286 -0.785780
vn -0.157460 -0.779809 -0.605892
vn -0.023524 0.501446 -0.864869
vn -0.326464 0.902878 -0.279700
vn -0.298700 0.849834 -0.434236
vn -0.248957 0.800337 -0.545418
vn -0.023524 0.501446 -0.864869
vn -0.157460 -0.779809 -0.605892
vn -0.163969 0.244635 -0.955651
vn -0.224854 0.650015 -0.725893
vn 0.164171 0.694042 -0.700966
vn -0.541234 0.317873 -0.778474
vn 0.405044 0.863866 -0.299458
vn 0.164171 0.694042 -0.700966
vn 0.649821 0.749729 -0.125054
vn -0.836336 0.458604 -0.300374
vn -0.224854 0.650015 -0.725893
vn -0.541234 0.317873 -0.778474
vn -0.224854 0.650015 -0.725893
vn -0.271097 0.722192 -0.636353
vn 0.535456 0.236112 -0.810887
vn 0.134461 0.251421 -0.958492
vn 0.535456 0.236112 -0.810887
vn -0.271097 0.722192 -0.636353
vn 0.535456 0.236112 -0.810887
vn -0.004130 -0.134504 -0.990905
vn 0.527091 0.616533 -0.584861
vn -0.271097 0.722192 -0.636353
vn -0.681257 0.636901 0.360897
vn -0.481364 0.800356 -0.357378
vn -0.711024 0.425214 0.560034
vn -0.210252 0.632283 0.745662
vn -0.681257 0.636901 0.360897
vn -0.143670 0.911380 0.385676
vn -0.467454 0.731879 0.495823
vn -0.473865 0.801815 0.364067
vn 0.127883 0.728218 0.673308
vn -0.467454 0.731879 0.495823
vn -0.083424 0.871954 0.482429
vn 0.140658 0.910885 0.387948
vn -0.143670 0.911380 0.385676
vn -0.473865 0.801815 0.364067
vn -0.143670 0.911380 0.385676
vn -0.020646 0.902206 0.430811
vn -0.097713 0.993860 0.051904
vn 0.127883 0.728218 0.673308
vn -0.083424 0.871954 0.482429
vn -0.102891 0.982599 0.154639
vn 0.044657 0.618553 0.784473
vn -0.210252 0.632283 0.745662
vn -0.024818 0.699592 0.714111
vn -0.863467 0.284066 0.416811
vn -0.831029 0.547997 -0.095340
vn -0.836336 0.458604 -0.300374
vn -0.681257 0.636901 0.360897
vn -0.831029 0.547997 -0.095340
vn -0.711024 0.425214 0.560034
vn -0.541521 0.728755 0.419131
vn -0.767722 0.611196 0.192463
vn -0.229050 0.739137 0.633413
vn -0.167841 0.947466 0.272283
vn -0.767722 0.611196 0.192463
vn -0.701968 0.711294 0.036076
vn -0.167841 0.947466 0.272283
vn -0.701968 0.711294 0.036076
vn -0.246613 0.968999 0.014949
vn 0.067423 0.953662 0.293227
vn -0.069382 0.964674 -0.254148
vn -0.067758 0.996792 -0.042592
vn -0.471061 0.868106 0.156507
vn -0.379566 0.802041 0.461150
vn -0.290047 0.944179 0.156202
vn -0.379566 0.802041 0.461150
vn -0.471061 0.868106 0.156507
vn -0.750730 0.632209 0.191613
vn -0.379566 0.802041 0.461150
vn -0.313168 0.847778 0.428016
vn -0.290047 0.944179 0.156202
vn -0.417679 0.718122 0.556637
vn -0.236749 0.951038 0.198685
vn -0.313168 0.847778 0.428016
vn 0.136714 0.927605 -0.347646
vn 0.072301 0.923405 -0.376955
vn 0.048462 0.944942 -0.323628
vn 0.136714 0.927605 -0.347646
vn 0.015151 0.955554 -0.294427
vn -0.043830 0.995372 -0.085515
vn -0.132266 0.946762 0.293509
vn 0.048462 0.944942 -0.323628
vn -0.383279 0.766939 0.514687
vn 0.136714 0.927605 -0.347646
vn 0.048462 0.944942 -0.323628
vn 0.230454 0.893380 -0.385698
vn -0.106133 0.853807 0.509657
vn -0.070834 0.846240 0.528072
vn 0.067423 0.953662 0.293227
vn -0.041516 0.923979 0.380184
vn -0.106133 0.853807 0.509657
vn -0.067758 0.996792 -0.042592
vn -0.045756 0.939841 -0.338535
vn -0.067758 0.996792 -0.042592
vn -0.084999 0.896459 -0.434897
vn 0.021840 0.999023 -0.038409
vn 0.005080 0.866698 0.498807
vn 0.034881 0.986118 -0.162343
vn 0.184801 -0.478004 0.858697
vn 0.114543 -0.810077 0.575026
vn 0.186043 -0.826279 0.531650
vn 0.114543 -0.810077 0.575026
vn 0.007621 -0.368315 0.929670
vn -0.006442 -0.565527 0.824704
vn 0.883589 -0.075354 0.462160
vn 0.184801 -0.478004 0.858697
vn 0.711252 -0.229957 0.664259
vn -0.309304 0.258635 0.915117
vn -0.455933 0.648619 0.609442
vn -0.440639 0.837699 0.322642
vn -0.309304 0.258635 0.915117
vn -0.250703 0.005020 0.968051
vn -0.006442 -0.565527 0.824704
vn 0.170339 -0.954687 0.244043
vn -0.080274 -0.977142 0.196849
vn 0.014612 -0.999575 0.025214
vn 0.783012 -0.478633 -0.397244
vn 0.756696 0.562284 -0.333537
vn 0.962342 -0.271663 -0.009873
vn 0.883589 -0.075354 0.462160
vn -0.220636 0.643960 0.732554
vn -0.190315 0.201171 0.960890
vn -0.008453 -0.981864 0.189400
vn 0.241001 -0.941882 0.234046
vn 0.962342 -0.271663 -0.009873
vn 0.940204 -0.333867 -0.067455
vn 0.255973 0.672579 0.694345
vn -0.220636 0.643960 0.732554
vn 0.783012 -0.478633 -0.397244
vn 0.883589 -0.075354 0.462160
vn 0.756696 0.562284 -0.333537
vn 0.255973 0.672579 0.694345
vn 0.940204 -0.333867 -0.067455
vn 0.468111 -0.883163 0.029935
vn -0.337869 -0.745373 0.574685
vn -0.129628 -0.975289 0.178907
vn -0.150650 -0.623369 0.767278
vn -0.133484 -0.862597 0.487963
vn -0.337869 -0.745373 0.574685
vn -0.098863 -0.893637 0.437766
vn 0.038730 -0.681972 -0.730352
vn -0.225030 -0.915766 0.332767
vn -0.098863 -0.893637 0.437766
vn -0.178398 -0.953231 0.243979
vn -0.133484 -0.862597 0.487963
vn -0.225030 -0.915766 0.332767
vn -0.154647 -0.971529 -0.179488
vn -0.098863 -0.893637 0.437766
vn -0.130977 -0.842867 0.521939
vn 0.038730 -0.681972 -0.730352
vn 0.161296 0.733466 -0.660311
vn 0.161653 0.588749 -0.791987
vn 0.148843 -0.257571 -0.954727
vn 0.079689 0.646984 -0.758328
vn 0.294220 0.032587 -0.955182
vn 0.294220 0.032587 -0.955182
vn 0.079689 0.646984 -0.758328
vn 0.412027 0.559308 -0.719311
vn 0.412027 0.559308 -0.719311
vn 0.183028 -0.672350 -0.717249
vn 0.294220 0.032587 -0.955182
vn 0.412027 0.559308 -0.719311
vn -0.006080 0.804585 -0.593807
vn 0.382807 0.830719 -0.404183
vn 0.339173 0.897621 -0.281493
vn 0.272636 0.959205 -0.074806
vn 0.209433 0.930072 -0.301835
vn -0.031967 0.618460 -0.785166
vn 0.334431 0.363621 -0.869446
vn 0.319865 0.760053 -0.565690
vn 0.412027 0.559308 -0.719311
vn 0.319865 0.760053 -0.565690
vn 0.334431 0.363621 -0.869446
vn 0.209433 0.930072 -0.301835
vn -0.026190 0.885914 -0.463110
vn 0.319865 0.760053 -0.565690
vn 0.412027 0.559308 -0.719311
vn 0.334431 0.363621 -0.869446
vn 0.183028 -0.672350 -0.717249
vn 0.412027 0.559308 -0.719311
vn 0.079689 0.646984 -0.758328
vn -0.006080 0.804585 -0.593807
vn 0.209433 0.930072 -0.301835
vn 0.272636 0.959205 -0.074806
vn 0.251305 0.966691 -0.048517
vn 0.207980 0.967847 -0.141481
vn 0.335502 0.941155 -0.040823
vn 0.371678 0.927203 -0.046369
vn 0.209433 0.930072 -0.301835
vn 0.319865 0.760053 -0.565690
vn 0.339173 0.897621 -0.281493
vn 0.207980 0.967847 -0.141481
vn 0.371678 0.927203 -0.046369
vn 0.332807 0.853514 -0.400941
vn 0.242899 0.966355 -0.084610
vn 0.339173 0.897621 -0.281493
vn 0.358419 0.923482 -0.136810
vn 0.207980 0.967847 -0.141481
vn -0.026190 0.885914 -0.463110
vn 0.209433 0.930072 -0.301835
vn 0.470173 0.871133 -0.141648
vn 0.348468 0.859492 -0.373958
vn 0.308449 0.921557 -0.235781
vn 0.335502 0.941155 -0.040823
vn 0.251305 0.966691 -0.048517
vn 0.284917 0.937557 -0.199521
vn 0.331672 0.834321 -0.440343
vn 0.332807 0.853514 -0.400941
vn 0.414289 0.901111 -0.127917
vn -0.026190 0.885914 -0.463110
vn 0.332807 0.853514 -0.400941
vn 0.053609 0.615052 -0.786662
vn 0.214472 0.976711 -0.006139
vn 0.115901 0.950966 0.286759
vn 0.071864 0.904257 0.420898
vn 0.178424 0.979897 -0.089256
vn 0.164500 0.981966 0.093177
vn 0.213965 0.875531 -0.433203
vn 0.253852 0.922500 -0.290780
vn 0.194050 0.979624 0.051780
vn 0.154120 0.981171 0.116408
vn 0.283706 0.800135 -0.528483
vn 0.261605 0.753998 -0.602536
vn 0.282945 0.858404 -0.427884
vn 0.348468 0.859492 -0.373958
vn 0.440367 0.871692 -0.215011
vn 0.321817 0.868850 -0.376209
vn -0.009532 0.844037 0.536200
vn 0.031017 0.904022 0.426359
vn -0.008939 0.977690 0.209863
vn 0.214472 0.976711 -0.006139
vn 0.164500 0.981966 0.093177
vn 0.115901 0.950966 0.286759
vn 0.283706 0.800135 -0.528483
vn 0.223232 0.902243 -0.368951
vn 0.261577 0.857662 -0.442711
vn 0.618775 0.744286 0.251311
vn 0.675627 0.520995 0.521625
vn 0.784484 0.295280 0.545339
vn 0.519534 0.840239 0.155187
vn 0.487397 0.713692 -0.503078
vn 0.198971 0.968529 0.149537
vn 0.103069 0.905666 -0.411274
vn 0.275516 0.948834 -0.154290
vn 0.260940 0.890165 -0.373520
vn 0.260940 0.890165 -0.373520
vn 0.229740 0.768017 -0.597804
vn 0.213197 0.773407 -0.596983
vn -0.354951 -0.746289 0.563082
vn 0.115037 -0.001367 -0.993360
vn -0.083070 -0.458329 0.884892
vn -0.354951 -0.746289 0.563082
vn -0.055456 -0.767472 0.638679
vn -0.447478 -0.788107 0.422672
vn -0.078106 -0.644987 0.760192
vn -0.058431 -0.254125 -0.965405
vn 0.185436 0.425329 -0.885838
vn 0.331672 0.834321 -0.440343
vn 0.187014 0.223336 -0.956633
vn 0.332807 0.853514 -0.400941
vn 0.030733 -0.999419 0.014715
vn -0.036345 -0.996828 0.070808
vn 0.006958 -0.999976 0.000673
vn -0.321491 -0.572694 0.754098
vn -0.036345 -0.996828 0.070808
vn -0.374187 -0.533870 0.758266
vn 0.079676 -0.996816 0.003064
vn 0.030733 -0.999419 0.014715
vn 0.006958 -0.999976 0.000673
vn 0.030733 -0.999419 0.014715
vn -0.012276 -0.999851 -0.012132
vn -0.133313 -0.828972 0.543170
vn -0.183508 -0.842672 0.506190
vn -0.133313 -0.828972 0.543170
vn -0.012276 -0.999851 -0.012132
vn -0.133313 -0.828972 0.543170
vn -0.373142 0.258507 0.891033
vn -0.480774 0.545239 0.686710
vn -0.374187 -0.533870 0.758266
vn -0.480774 0.545239 0.686710
vn -0.162868 0.972184 0.168324
vn -0.449566 0.530353 0.718760
vn 0.077105 0.949893 -0.302915
vn -0.132266 0.946762 0.293509
vn -0.012276 -0.999851 -0.012132
vn -0.003553 -0.998320 -0.057828
vn 0.026518 -0.986488 0.161672
vn -0.067321 -0.994847 -0.075807
vn -0.033759 -0.999369 -0.011070
vn -0.003553 -0.998320 -0.057828
vn -0.033759 -0.999369 -0.011070
vn 0.014612 -0.999575 0.025214
vn -0.057378 -0.990621 0.124007
vn 0.170339 -0.954687 0.244043
vn 0.166650 -0.984472 0.055163
vn 0.165768 -0.912901 0.373005
vn 0.241655 0.963534 0.114915
vn 0.193622 0.968876 -0.154238
vn 0.154120 0.981171 0.116408
vn 0.661076 0.444857 0.604219
vn 0.241655 0.963534 0.114915
vn 0.324216 0.823578 0.465406
vn 0.025738 0.941363 0.336414
vn 0.154120 0.981171 0.116408
vn 0.071864 0.904257 0.420898
vn 0.159766 0.937627 0.308756
vn 0.025738 0.941363 0.336414
vn -0.053588 0.978294 -0.200174
vn 0.021298 0.894064 0.447433
vn 0.164500 0.981966 0.093177
vn 0.052536 0.882113 0.468098
vn 0.025738 0.941363 0.336414
vn 0.071864 0.904257 0.420898
vn -0.013522 0.914419 0.404543
vn -0.013522 0.914419 0.404543
vn 0.071864 0.904257 0.420898
vn 0.007498 0.870471 0.492163
vn 0.071864 0.904257 0.420898
vn 0.115901 0.950966 0.286759
vn 0.021298 0.894064 0.447433
vn -0.003080 0.792993 0.609223
vn -0.009532 0.844037 0.536200
vn -0.004711 0.786379 0.617727
vn 0.007498 0.870471 0.492163
vn -0.078190 0.852607 0.516670
vn -0.023938 0.965092 0.260813
vn 0.005080 0.866698 0.498807
vn -0.027496 0.896777 0.441627
vn 0.005312 0.800300 0.599576
vn 0.021840 0.999023 -0.038409
vn 0.022592 0.912464 -0.408532
vn -0.093178 0.986694 0.133240
vn 0.031399 -0.999241 -0.023042
vn 0.053593 -0.996264 -0.067724
vn 0.079676 -0.996816 0.003064
vn -0.003553 -0.998320 -0.057828
vn 0.053593 -0.996264 -0.067724
vn -0.067321 -0.994847 -0.075807
vn 0.473404 -0.880517 -0.024039
vn 0.250250 -0.901056 -0.354222
vn 0.262158 -0.962176 0.074101
vn 0.219439 0.171457 0.960442
vn 0.009290 -0.871262 0.490731
vn 0.397759 -0.778777 0.485071
vn 0.628410 -0.215398 0.747465
vn 0.385772 0.145575 0.911037
vn 0.262158 -0.962176 0.074101
vn 0.738536 0.062375 0.671323
vn 0.379226 0.738897 0.556973
vn 0.594506 0.529411 0.605216
vn 0.453664 0.891067 -0.013722
vn 0.252933 0.911159 -0.325291
vn 0.495290 0.868475 0.020963
vn 0.276127 0.935805 -0.219141
vn 0.252933 0.911159 -0.325291
vn -0.133480 0.718862 -0.682217
vn -0.042238 0.859516 -0.509361
vn -0.133480 0.718862 -0.682217
vn -0.487062 0.392780 -0.780061
vn 0.276127 0.935805 -0.219141
vn 0.495290 0.868475 0.020963
vn 0.252933 0.911159 -0.325291
vn 0.117724 0.865696 -0.486530
vn 0.201904 0.912100 -0.356804
vn 0.590172 0.807119 0.016007
vn -0.133480 0.718862 -0.682217
vn 0.252933 0.911159 -0.325291
vn -0.233133 0.588462 -0.774184
vn -0.241036 0.968463 -0.063092
vn 0.866512 0.415415 0.276744
vn 0.135007 0.987967 0.075460
vn -0.360903 0.375220 -0.853791
vn -0.133480 0.718862 -0.682217
vn -0.233133 0.588462 -0.774184
vn 0.201904 0.912100 -0.356804
vn 0.453664 0.891067 -0.013722
vn 0.590172 0.807119 0.016007
vn -0.233133 0.588462 -0.774184
vn 0.201904 0.912100 -0.356804
vn 0.117724 0.865696 -0.486530
vn 0.808726 0.568692 0.150171
vn 0.590172 0.807119 0.016007
vn 0.453664 0.891067 -0.013722
vn 0.811605 -0.241707 0.531860
vn 0.662048 0.742854 0.099296
vn 0.590172 0.807119 0.016007
vn 0.453664 0.891067 -0.013722
vn 0.850120 0.183704 0.493507
vn 0.808726 0.568692 0.150171
vn 0.811605 -0.241707 0.531860
vn 0.808726 0.568692 0.150171
vn 0.850120 0.183704 0.493507
vn 0.074434 -0.181126 0.980639
vn -0.155088 -0.914319 0.374123
vn 0.144979 0.003314 0.989429
vn 0.628410 -0.215398 0.747465
vn -0.155088 -0.914319 0.374123
vn -0.048161 -0.802067 0.595290
vn 0.287141 0.930400 0.227829
vn 0.074434 -0.181126 0.980639
vn 0.144979 0.003314 0.989429
vn 0.763295 0.118244 0.635137
vn -0.048161 -0.802067 0.595290
vn 0.074434 -0.181126 0.980639
vn 0.138696 0.802587 -0.580187
vn 0.226566 0.330629 -0.916162
vn -0.113831 0.845834 -0.521160
vn 0.725191 -0.645415 0.239871
vn 0.487397 0.713692 -0.503078
vn 0.589554 -0.783706 0.195528
vn 0.519534 0.840239 0.155187
vn 0.891910 0.202343 -0.404418
vn 0.618764 -0.472092 -0.627901
vn 0.618764 -0.472092 -0.627901
vn 0.891910 0.202343 -0.404418
vn -0.072690 -0.633117 -0.770635
vn -0.312389 -0.928654 -0.200037
vn 0.188458 -0.770647 -0.608758
vn -0.002436 -0.373792 -0.927509
vn -0.074054 -0.904044 -0.420976
vn 0.188458 -0.770647 -0.608758
vn -0.175357 -0.951389 -0.253199
vn -0.354951 -0.746289 0.563082
vn -0.312389 -0.928654 -0.200037
vn 0.295150 -0.129517 -0.946632
vn -0.447478 -0.788107 0.422672
vn -0.165643 -0.950656 -0.262327
vn -0.084600 -0.994961 0.053806
vn 0.411180 0.773441 0.482410
vn 0.310782 0.939256 0.145644
vn 0.760050 0.542759 0.357404
vn 0.201198 -0.819224 0.537021
vn 0.534070 0.198663 0.821768
vn 0.258645 -0.414274 0.872628
vn -0.314978 -0.940011 0.131031
vn 0.233824 -0.797202 0.556593
vn -0.847144 -0.466912 -0.253653
vn 0.529361 0.284648 0.799220
vn 0.534070 0.198663 0.821768
vn 0.233824 -0.797202 0.556593
vn 0.310782 0.939256 0.145644
vn 0.411180 0.773441 0.482410
vn 0.529361 0.284648 0.799220
vn 0.553086 -0.813051 0.181778
vn 0.258645 -0.414274 0.872628
vn 0.459729 0.692796 0.555593
vn 0.391026 -0.835335 0.386411
vn 0.678567 0.667686 0.306174
vn 0.594768 -0.376828 0.710107
vn 0.310782 0.939256 0.145644
vn 0.678567 0.667686 0.306174
vn 0.760050 0.542759 0.357404
vn 0.734746 0.167161 0.657423
vn 0.441225 0.006700 0.897371
vn 0.378405 -0.556496 0.739677
vn 0.850120 0.183704 0.493507
vn 0.495290 0.868475 0.020963
vn 0.734746 0.167161 0.657423
vn 0.651332 0.004777 0.758778
vn 0.547958 0.593949 0.589038
vn 0.666105 0.121138 0.735955
vn 0.448825 0.761403 0.467784
vn 0.118491 0.991315 -0.057055
vn 0.028418 0.999473 -0.015678
vn -0.233133 0.588462 -0.774184
vn -0.263851 0.607923 -0.748874
vn -0.359202 0.592748 -0.720850
vn 0.028418 0.999473 -0.015678
vn 0.118491 0.991315 -0.057055
vn -0.135872 0.911840 -0.387411
vn 0.590954 0.415273 0.691608
vn 0.448825 0.761403 0.467784
vn 0.226720 0.889425 0.396890
vn 0.028418 0.999473 -0.015678
vn 0.226720 0.889425 0.396890
vn 0.448825 0.761403 0.467784
vn 0.662048 0.742854 0.099296
vn 0.009171 0.805375 -0.592694
vn 0.117724 0.865696 -0.486530
vn 0.498220 -0.786708 0.364509
vn 0.650354 -0.695083 0.306429
vn 0.922017 -0.028609 0.386091
vn -0.135872 0.911840 -0.387411
vn 0.118491 0.991315 -0.057055
vn -0.167013 0.853712 -0.493236
vn -0.135872 0.911840 -0.387411
vn -0.241079 0.726450 -0.643546
vn -0.116072 0.809700 -0.575251
vn -0.318963 0.946631 -0.046398
vn 0.027002 0.990138 0.137466
vn -0.206066 0.954724 -0.214566
vn -0.263851 0.607923 -0.748874
vn 0.009171 0.805375 -0.592694
vn -0.241079 0.726450 -0.643546
vn -0.318963 0.946631 -0.046398
vn -0.241036 0.968463 -0.063092
vn -0.213352 0.976844 -0.015999
vn 0.922017 -0.028609 0.386091
vn 0.050673 0.962488 -0.266551
vn 0.924970 0.065034 0.374435
vn 0.866512 0.415415 0.276744
vn 0.922017 -0.028609 0.386091
vn 0.650354 -0.695083 0.306429
vn 0.050673 0.962488 -0.266551
vn 0.262143 0.887478 -0.379029
vn 0.924970 0.065034 0.374435
vn 0.279337 -0.838263 0.468279
vn 0.686167 -0.504865 0.523723
vn 0.811605 -0.241707 0.531860
vn 0.498220 -0.786708 0.364509
vn 0.922017 -0.028609 0.386091
vn 0.924970 0.065034 0.374435
vn -0.094042 0.995319 -0.022255
vn -0.241036 0.968463 -0.063092
vn -0.318963 0.946631 -0.046398
vn 0.922017 -0.028609 0.386091
vn -0.094042 0.995319 -0.022255
vn 0.050673 0.962488 -0.266551
vn -0.206066 0.954724 -0.214566
vn 0.028418 0.999473 -0.015678
vn -0.135872 0.911840 -0.387411
vn -0.206066 0.954724 -0.214566
vn 0.050673 0.962488 -0.266551
vn -0.094042 0.995319 -0.022255
vn 0.027002 0.990138 0.137466
vn -0.318963 0.946631 -0.046398
vn -0.213352 0.976844 -0.015999
vn -0.094042 0.995319 -0.022255
vn -0.318963 0.946631 -0.046398
vn -0.206066 0.954724 -0.214566
vn -0.127448 0.984149 0.123323
vn -0.370464 0.927673 -0.046676
vn -0.240138 0.962500 0.126202
vn -0.241036 0.968463 -0.063092
vn -0.370464 0.927673 -0.046676
vn -0.213352 0.976844 -0.015999
vn 0.587806 0.014561 0.808871
vn 0.597610 0.236651 0.766067
vn 0.632862 0.142637 0.761012
vn 0.661076 0.444857 0.604219
vn 0.628655 0.144606 0.764122
vn 0.651332 0.004777 0.758778
vn -0.053588 0.978294 -0.200174
vn 0.552110 0.747833 0.368674
vn 0.365713 0.926977 -0.083470
vn -0.417246 0.528274 -0.739481
vn -0.233133 0.588462 -0.774184
vn -0.359202 0.592748 -0.720850
vn 0.628655 0.144606 0.764122
vn 0.587806 0.014561 0.808871
vn 0.651332 0.004777 0.758778
vn 0.651332 0.004777 0.758778
vn 0.587806 0.014561 0.808871
vn 0.547958 0.593949 0.589038
vn 0.597610 0.236651 0.766067
vn 0.587806 0.014561 0.808871
vn 0.628655 0.144606 0.764122
vn 0.525010 0.697780 0.487306
vn 0.147225 0.988319 -0.039366
vn 0.110565 0.990205 -0.085265
vn 0.666105 0.121138 0.735955
vn 0.547958 0.593949 0.589038
vn 0.448825 0.761403 0.467784
vn 0.587806 0.014561 0.808871
vn 0.525010 0.697780 0.487306
vn 0.547958 0.593949 0.589038
vn 0.180565 0.933840 -0.308769
vn -0.295374 0.694833 -0.655715
vn 0.521215 0.617512 -0.589078
vn -0.109873 0.866975 -0.486089
vn 0.464917 0.842494 0.272131
vn 0.342127 0.937208 -0.067745
vn -0.295374 0.694833 -0.655715
vn 0.180565 0.933840 -0.308769
vn -0.674798 0.437439 -0.594386
vn 0.671274 0.607463 -0.424711
vn 0.521215 0.617512 -0.589078
vn 0.342127 0.937208 -0.067745
vn -0.479694 0.446391 -0.755400
vn -0.674798 0.437439 -0.594386
vn -0.487062 0.392780 -0.780061
vn -0.360903 0.375220 -0.853791
vn -0.109873 0.866975 -0.486089
vn -0.479694 0.446391 -0.755400
vn 0.615149 0.191633 0.764767
vn 0.749190 0.640077 -0.170343
vn 0.667482 0.545649 0.506690
vn 0.899197 0.363207 0.243978
vn 0.751174 0.653717 -0.091605
vn 0.540068 0.728286 -0.421813
vn -0.360903 0.375220 -0.853791
vn -0.417246 0.528274 -0.739481
vn -0.109873 0.866975 -0.486089
vn -0.674798 0.437439 -0.594386
vn -0.479694 0.446391 -0.755400
vn -0.295374 0.694833 -0.655715
vn 0.342127 0.937208 -0.067745
vn 0.464917 0.842494 0.272131
vn 0.667482 0.545649 0.506690
vn 0.671274 0.607463 -0.424711
vn 0.749190 0.640077 -0.170343
vn 0.482457 0.658633 -0.577441
vn 0.241655 0.963534 0.114915
vn 0.471282 0.876491 0.098268
vn 0.325763 0.916610 -0.231742
vn 0.705062 0.390822 0.591731
vn 0.471282 0.876491 0.098268
vn 0.661076 0.444857 0.604219
vn -0.466070 0.874762 -0.132554
vn -0.464754 0.870173 -0.163716
vn -0.711618 0.697604 -0.083361
vn -0.457407 0.836752 -0.301040
vn -0.326464 0.902878 -0.279700
vn -0.466070 0.874762 -0.132554
vn -0.306522 -0.950652 -0.048014
vn -0.036452 -0.988230 -0.148570
vn -0.312652 -0.944022 -0.105218
vn -0.861513 -0.258656 0.436912
vn -0.306522 -0.950652 -0.048014
vn -0.409598 -0.745519 0.525767
vn -0.700122 0.565527 -0.435900
vn -0.875209 -0.357715 -0.325651
vn -0.300507 0.397179 -0.867147
vn -0.514854 -0.579945 -0.631339
vn -0.300507 0.397179 -0.867147
vn -0.875209 -0.357715 -0.325651
vn -0.940279 0.281505 0.191391
vn -0.711618 0.697604 -0.083361
vn -0.905672 0.423975 -0.001990
vn -0.402892 -0.814136 0.418163
vn -0.770456 -0.577445 0.270100
vn -0.940279 0.281505 0.191391
vn -0.471648 -0.853122 0.223004
vn -0.457604 -0.773696 0.438170
vn -0.461893 -0.746452 0.479025
vn -0.700568 -0.713369 -0.017595
vn -0.471648 -0.853122 0.223004
vn -0.324701 -0.933628 0.151356
vn -0.843467 0.115964 0.524515
vn -0.700568 -0.713369 -0.017595
vn -0.324701 -0.933628 0.151356
vn -0.805241 -0.522557 0.280217
vn -0.764395 -0.642963 -0.047948
vn -0.700568 -0.713369 -0.017595
vn 0.405044 0.863866 -0.299458
vn 0.649821 0.749729 -0.125054
vn 0.346931 0.932991 -0.095748
vn 0.414828 0.632906 -0.653718
vn -0.080677 0.351923 -0.932546
vn 0.405044 0.863866 -0.299458
vn 0.649821 0.749729 -0.125054
vn 0.684977 0.634928 -0.357314
vn 0.527091 0.616533 -0.584861
vn 0.527091 0.616533 -0.584861
vn -0.700122 0.565527 -0.435900
vn 0.346931 0.932991 -0.095748
vn 0.405044 0.863866 -0.299458
vn 0.128680 0.895717 -0.425597
vn 0.414828 0.632906 -0.653718
vn -0.300507 0.397179 -0.867147
vn 0.128680 0.895717 -0.425597
vn 0.346931 0.932991 -0.095748
vn 0.007460 0.992326 -0.123428
vn -0.016312 0.720547 -0.693214
vn -0.020621 0.965118 -0.261003
vn -0.043073 0.996381 0.073274
vn -0.020790 0.995828 0.088848
vn -0.020621 0.965118 -0.261003
vn -0.209622 0.771480 -0.600730
vn -0.120695 0.968437 -0.218088
vn -0.043073 0.996381 0.073274
vn -0.061664 0.959530 0.274774
vn -0.043073 0.996381 0.073274
vn -0.083787 0.963677 0.253586
vn -0.298573 0.167996 -0.939485
vn -0.209622 0.771480 -0.600730
vn -0.396813 0.168215 -0.902354
vn -0.280637 0.831665 -0.479141
vn -0.116580 0.784796 -0.608691
vn 0.159934 0.960141 0.229239
vn -0.194528 0.441816 -0.875761
vn -0.120695 0.968437 -0.218088
vn -0.298573 0.167996 -0.939485
vn -0.120695 0.968437 -0.218088
vn -0.191326 0.952640 -0.236371
vn -0.055684 0.949292 0.309427
vn -0.027496 0.896777 0.441627
vn -0.044684 0.859183 0.509714
vn 0.005312 0.800300 0.599576
vn -0.146257 0.873088 0.465108
vn -0.044684 0.859183 0.509714
vn -0.061664 0.959530 0.274774
vn -0.146257 0.873088 0.465108
vn 0.034223 0.892103 0.450534
vn -0.070834 0.846240 0.528072
vn -0.143670 0.911380 0.385676
vn 0.034223 0.892103 0.450534
vn -0.020646 0.902206 0.430811
vn -0.009532 0.844037 0.536200
vn -0.035283 0.776785 0.628777
vn 0.031017 0.904022 0.426359
vn -0.027496 0.896777 0.441627
vn -0.009532 0.844037 0.536200
vn -0.008939 0.977690 0.209863
vn -0.050703 0.860452 -0.507003
vn 0.097040 0.923799 -0.370376
vn -0.046446 0.621319 -0.782180
vn 0.319090 0.931758 0.173232
vn 0.309033 0.897149 0.315629
vn 0.331085 0.897731 0.290625
vn -0.157460 -0.779809 -0.605892
vn -0.029945 -0.994628 0.099087
vn 0.009169 -0.894341 0.447292
vn 0.147003 -0.819998 0.553167
vn -0.029945 -0.994628 0.099087
vn -0.152989 -0.599286 -0.785780
vn 0.147003 -0.819998 0.553167
vn -0.150650 -0.623369 0.767278
vn 0.179092 -0.796278 0.577813
vn -0.337869 -0.745373 0.574685
vn -0.150650 -0.623369 0.767278
vn -0.130977 -0.842867 0.521939
vn -0.271097 0.722192 -0.636353
vn -0.481364 0.800356 -0.357378
vn 0.134461 0.251421 -0.958492
vn -0.346059 0.934785 -0.080123
vn -0.481364 0.800356 -0.357378
vn -0.092451 0.702474 0.705679
vn -0.224854 0.650015 -0.725893
vn 0.535456 0.236112 -0.810887
vn 0.684977 0.634928 -0.357314
vn 0.684977 0.634928 -0.357314
vn 0.535456 0.236112 -0.810887
vn 0.527091 0.616533 -0.584861
vn -0.055684 0.949292 0.309427
vn -0.191326 0.952640 -0.236371
vn -0.097713 0.993860 0.051904
vn -0.488090 0.702786 -0.517552
vn -0.097713 0.993860 0.051904
vn -0.294782 0.514531 -0.805209
vn -0.102891 0.982599 0.154639
vn -0.472614 0.517089 -0.713621
vn -0.650972 0.127314 -0.748349
vn -0.548642 -0.402813 -0.732621
vn -0.223891 -0.436261 -0.871521
vn -0.650972 0.127314 -0.748349
vn 0.044657 0.618553 0.784473
vn -0.092451 0.702474 0.705679
vn -0.210252 0.632283 0.745662
vn 0.127883 0.728218 0.673308
vn -0.102891 0.982599 0.154639
vn -0.346059 0.934785 -0.080123
vn -0.229050 0.739137 0.633413
vn 0.044657 0.618553 0.784473
vn -0.024818 0.699592 0.714111
vn -0.092451 0.702474 0.705679
vn 0.044657 0.618553 0.784473
vn 0.127883 0.728218 0.673308
vn -0.379566 0.802041 0.461150
vn -0.750730 0.632209 0.191613
vn -0.600856 0.720209 0.346800
vn -0.297771 0.951895 -0.072310
vn -0.164699 0.959119 -0.230141
vn -0.174465 0.916646 -0.359613
vn -0.058562 0.957265 -0.283221
vn -0.000115 0.955431 -0.295214
vn -0.162868 0.972184 0.168324
vn -0.757194 0.579322 0.301735
vn -0.669424 0.733007 0.120716
vn -0.424040 0.904578 0.043913
vn -0.600856 0.720209 0.346800
vn -0.873760 0.480621 0.074478
vn -0.541521 0.728755 0.419131
vn -0.157611 0.686937 0.709419
vn -0.379566 0.802041 0.461150
vn -0.600856 0.720209 0.346800
vn 0.015151 0.955554 -0.294427
vn 0.230454 0.893380 -0.385698
vn 0.077105 0.949893 -0.302915
vn -0.043830 0.995372 -0.085515
vn 0.015151 0.955554 -0.294427
vn -0.071137 0.984553 -0.159984
vn -0.043830 0.995372 -0.085515
vn -0.071137 0.984553 -0.159984
vn -0.129566 0.989137 -0.069434
vn 0.047010 0.991661 -0.119990
vn -0.043830 0.995372 -0.085515
vn -0.008080 0.999880 -0.013253
vn 0.015345 0.880588 -0.473634
vn 0.054225 0.900206 -0.432075
vn -0.037691 0.829511 -0.557218
vn 0.034881 0.986118 -0.162343
vn -0.045756 0.939841 -0.338535
vn 0.054225 0.900206 -0.432075
vn -0.190315 0.201171 0.960890
vn -0.455933 0.648619 0.609442
vn -0.110926 -0.224147 0.968222
vn -0.220636 0.643960 0.732554
vn 0.255973 0.672579 0.694345
vn -0.324934 0.881417 0.342814
vn -0.250703 0.005020 0.968051
vn -0.309304 0.258635 0.915117
vn -0.400624 0.753158 0.521779
vn 0.014803 -0.742296 0.669909
vn -0.250703 0.005020 0.968051
vn -0.245998 0.498909 0.831009
vn 0.241001 -0.941882 0.234046
vn 0.783012 -0.478633 -0.397244
vn 0.962342 -0.271663 -0.009873
vn 0.940204 -0.333867 -0.067455
vn 0.783012 -0.478633 -0.397244
vn 0.468111 -0.883163 0.029935
vn -0.008453 -0.981864 0.189400
vn 0.009290 -0.871262 0.490731
vn 0.241001 -0.941882 0.234046
vn 0.219439 0.171457 0.960442
vn 0.738536 0.062375 0.671323
vn 0.294894 -0.486591 0.822354
vn 0.738536 0.062375 0.671323
vn 0.449458 0.632970 0.630346
vn 0.562022 -0.757753 0.331575
vn 0.255973 0.672579 0.694345
vn 0.562022 -0.757753 0.331575
vn 0.449458 0.632970 0.630346
vn -0.225030 -0.915766 0.332767
vn -0.036547 -0.925787 -0.376275
vn -0.178398 -0.953231 0.243979
vn -0.036547 -0.925787 -0.376275
vn 0.038730 -0.681972 -0.730352
vn 0.161653 0.588749 -0.791987
vn 0.039824 -0.834406 -0.549710
vn 0.011819 -0.287050 -0.957843
vn -0.130977 -0.842867 0.521939
vn 0.070828 0.526807 -0.847029
vn 0.094745 0.529814 -0.842805
vn 0.011819 -0.287050 -0.957843
vn 0.161296 0.733466 -0.660311
vn 0.141084 0.914430 -0.379360
vn 0.161653 0.588749 -0.791987
vn 0.038730 -0.681972 -0.730352
vn -0.154647 -0.971529 -0.179488
vn 0.094745 0.529814 -0.842805
vn 0.148843 -0.257571 -0.954727
vn 0.004638 0.806962 -0.590585
vn 0.079689 0.646984 -0.758328
vn 0.064969 0.994301 -0.084532
vn 0.134914 0.956762 -0.257690
vn -0.027278 0.998516 -0.047131
vn 0.272636 0.959205 -0.074806
vn 0.284917 0.937557 -0.199521
vn 0.251305 0.966691 -0.048517
vn 0.335502 0.941155 -0.040823
vn 0.275516 0.948834 -0.154290
vn 0.368487 0.929448 -0.018522
vn 0.260940 0.890165 -0.373520
vn 0.282945 0.858404 -0.427884
vn 0.229740 0.768017 -0.597804
vn 0.335502 0.941155 -0.040823
vn 0.260940 0.890165 -0.373520
vn 0.275516 0.948834 -0.154290
vn 0.414289 0.901111 -0.127917
vn 0.202131 0.963419 -0.175975
vn 0.255584 0.941211 -0.220906
vn -0.047450 -0.923313 -0.381105
vn -0.165643 -0.950656 -0.262327
vn -0.055456 -0.767472 0.638679
vn 0.253852 0.922500 -0.290780
vn 0.214472 0.976711 -0.006139
vn 0.194050 0.979624 0.051780
vn 0.223232 0.902243 -0.368951
vn 0.214472 0.976711 -0.006139
vn 0.261577 0.857662 -0.442711
vn 0.253852 0.922500 -0.290780
vn 0.193622 0.968876 -0.154238
vn 0.213017 0.885964 -0.411936
vn 0.261605 0.753998 -0.602536
vn 0.253852 0.922500 -0.290780
vn 0.229740 0.768017 -0.597804
vn 0.358419 0.923482 -0.136810
vn 0.082110 0.900861 -0.426271
vn 0.449397 0.880886 -0.148599
vn -0.000961 0.998938 -0.046057
vn 0.007460 0.992326 -0.123428
vn -0.041041 0.984995 0.167630
vn 0.164500 0.981966 0.093177
vn 0.031017 0.904022 0.426359
vn 0.052536 0.882113 0.468098
vn 0.031017 0.904022 0.426359
vn 0.178424 0.979897 -0.089256
vn -0.008939 0.977690 0.209863
vn 0.254881 0.960065 -0.115376
vn 0.177219 0.903851 -0.389419
vn 0.425481 0.904905 0.010619
vn -0.010213 0.918321 -0.395705
vn 0.202131 0.963419 -0.175975
vn 0.196698 0.949049 -0.246202
vn 0.254881 0.960065 -0.115376
vn 0.425481 0.904905 0.010619
vn 0.705062 0.390822 0.591731
vn 0.618775 0.744286 0.251311
vn 0.254881 0.960065 -0.115376
vn 0.675627 0.520995 0.521625
vn 0.784484 0.295280 0.545339
vn 0.661605 0.532626 0.527815
vn 0.618775 0.744286 0.251311
vn 0.522850 0.849662 0.068569
vn -0.142224 0.954063 -0.263696
vn -0.069492 0.967190 -0.244364
vn 0.260940 0.890165 -0.373520
vn 0.128750 0.825530 -0.549475
vn 0.103069 0.905666 -0.411274
vn 0.213017 0.885964 -0.411936
vn 0.128750 0.825530 -0.549475
vn 0.213197 0.773407 -0.596983
vn 0.177219 0.903851 -0.389419
vn 0.213017 0.885964 -0.411936
vn 0.325763 0.916610 -0.231742
vn 0.213017 0.885964 -0.411936
vn 0.213197 0.773407 -0.596983
vn 0.229740 0.768017 -0.597804
vn 0.044128 -0.895049 0.443779
vn -0.083070 -0.458329 0.884892
vn -0.058431 -0.254125 -0.965405
vn -0.354951 -0.746289 0.563082
vn -0.083070 -0.458329 0.884892
vn -0.172321 -0.758928 0.627960
vn -0.012276 -0.999851 -0.012132
vn 0.026518 -0.986488 0.161672
vn -0.183508 -0.842672 0.506190
vn -0.183508 -0.842672 0.506190
vn 0.026518 -0.986488 0.161672
vn -0.191949 -0.784753 0.589337
vn -0.213281 0.959995 -0.181443
vn -0.058562 0.957265 -0.283221
vn -0.480774 0.545239 0.686710
vn -0.000115 0.955431 -0.295214
vn 0.077105 0.949893 -0.302915
vn -0.162868 0.972184 0.168324
vn 0.030733 -0.999419 0.014715
vn -0.133313 -0.828972 0.543170
vn -0.120842 -0.885237 0.449169
vn -0.480774 0.545239 0.686710
vn -0.120842 -0.885237 0.449169
vn -0.133313 -0.828972 0.543170
vn -0.162868 0.972184 0.168324
vn -0.321491 -0.572694 0.754098
vn -0.374187 -0.533870 0.758266
vn -0.428407 -0.695850 0.576420
vn -0.321491 -0.572694 0.754098
vn -0.449566 0.530353 0.718760
vn -0.132266 0.946762 0.293509
vn 0.077105 0.949893 -0.302915
vn 0.230454 0.893380 -0.385698
vn -0.162868 0.972184 0.168324
vn 0.077105 0.949893 -0.302915
vn -0.449566 0.530353 0.718760
vn -0.162868 0.972184 0.168324
vn -0.449566 0.530353 0.718760
vn -0.321491 -0.572694 0.754098
vn -0.162868 0.972184 0.168324
vn -0.480774 0.545239 0.686710
vn -0.058562 0.957265 -0.283221
vn 0.048462 0.944942 -0.323628
vn -0.132266 0.946762 0.293509
vn 0.230454 0.893380 -0.385698
vn -0.428407 -0.695850 0.576420
vn -0.132266 0.946762 0.293509
vn -0.383279 0.766939 0.514687
vn 0.014612 -0.999575 0.025214
vn -0.033759 -0.999369 -0.011070
vn 0.020482 -0.999730 -0.010967
vn -0.191949 -0.784753 0.589337
vn -0.057378 -0.990621 0.124007
vn -0.080274 -0.977142 0.196849
vn 0.014803 -0.742296 0.669909
vn -0.145903 -0.572394 0.806894
vn -0.062132 -0.863139 0.501129
vn -0.057378 -0.990621 0.124007
vn 0.014612 -0.999575 0.025214
vn -0.080274 -0.977142 0.196849
vn 0.071864 0.904257 0.420898
vn 0.154120 0.981171 0.116408
vn 0.194050 0.979624 0.051780
vn 0.241655 0.963534 0.114915
vn 0.154120 0.981171 0.116408
vn 0.025738 0.941363 0.336414
vn -0.053588 0.978294 -0.200174
vn -0.071059 0.993815 -0.085339
vn -0.076458 0.843618 -0.531473
vn -0.076458 0.843618 -0.531473
vn 0.552110 0.747833 0.368674
vn -0.053588 0.978294 -0.200174
vn -0.023938 0.965092 0.260813
vn -0.093178 0.986694 0.133240
vn -0.016519 0.906989 -0.420831
vn -0.071059 0.993815 -0.085339
vn 0.044699 0.994785 0.091678
vn -0.146950 0.794812 -0.588795
vn -0.071059 0.993815 -0.085339
vn -0.146950 0.794812 -0.588795
vn -0.076458 0.843618 -0.531473
vn 0.007498 0.870471 0.492163
vn -0.071059 0.993815 -0.085339
vn -0.013522 0.914419 0.404543
vn -0.040043 0.633484 -0.772719
vn -0.076458 0.843618 -0.531473
vn -0.146950 0.794812 -0.588795
vn 0.899197 0.363207 0.243978
vn 0.540068 0.728286 -0.421813
vn 0.846104 0.406646 0.344596
vn -0.078190 0.852607 0.516670
vn 0.021298 0.894064 0.447433
vn 0.052536 0.882113 0.468098
vn 0.071864 0.904257 0.420898
vn 0.021298 0.894064 0.447433
vn 0.007498 0.870471 0.492163
vn 0.005080 0.866698 0.498807
vn -0.003080 0.792993 0.609223
vn -0.004711 0.786379 0.617727
vn -0.078190 0.852607 0.516670
vn -0.003080 0.792993 0.609223
vn -0.058456 0.899220 0.433575
vn 0.005312 0.800300 0.599576
vn -0.041516 0.923979 0.380184
vn 0.005080 0.866698 0.498807
vn 0.005080 0.866698 0.498807
vn -0.041516 0.923979 0.380184
vn 0.034881 0.986118 -0.162343
vn -0.259022 0.920355 0.293009
vn -0.396464 0.865165 0.307092
vn -0.474563 0.865315 0.161309
vn -0.016519 0.906989 -0.420831
vn 0.044699 0.994785 0.091678
vn -0.023938 0.965092 0.260813
vn -0.045756 0.939841 -0.338535
vn -0.084999 0.896459 -0.434897
vn -0.064208 0.916013 -0.395977
vn 0.899197 0.363207 0.243978
vn 0.628631 0.415705 0.657276
vn 0.741231 0.515594 0.429813
vn 0.262158 -0.962176 0.074101
vn 0.385772 0.145575 0.911037
vn 0.473404 -0.880517 -0.024039
vn 0.397759 -0.778777 0.485071
vn 0.473404 -0.880517 -0.024039
vn 0.385772 0.145575 0.911037
vn 0.928537 0.279678 0.244131
vn 0.388788 0.860697 -0.328701
vn 0.523710 0.851874 0.006158
vn 0.379226 0.738897 0.556973
vn 0.377500 0.921715 0.089077
vn 0.687680 0.621834 0.374726
vn 0.482457 0.658633 -0.577441
vn 0.749190 0.640077 -0.170343
vn 0.540068 0.728286 -0.421813
vn 0.687680 0.621834 0.374726
vn 0.756374 0.630067 0.175823
vn 0.821602 0.506038 0.262480
vn 0.763295 0.118244 0.635137
vn 0.928537 0.279678 0.244131
vn -0.048161 -0.802067 0.595290
vn 0.275471 0.951534 -0.136745
vn 0.523710 0.851874 0.006158
vn 0.388788 0.860697 -0.328701
vn 0.928537 0.279678 0.244131
vn 0.822457 0.381541 -0.421890
vn 0.482457 0.658633 -0.577441
vn -0.048161 -0.802067 0.595290
vn 0.928537 0.279678 0.244131
vn 0.523710 0.851874 0.006158
vn 0.385772 0.145575 0.911037
vn 0.628410 -0.215398 0.747465
vn 0.118378 0.987710 0.102061
vn -0.403334 0.912883 0.062972
vn 0.334705 0.811435 0.479109
vn -0.049679 0.996987 0.059573
vn 0.275471 0.951534 -0.136745
vn 0.628410 -0.215398 0.747465
vn 0.523710 0.851874 0.006158
vn 0.275471 0.951534 -0.136745
vn 0.388788 0.860697 -0.328701
vn 0.751174 0.653717 -0.091605
vn 0.388788 0.860697 -0.328701
vn 0.540068 0.728286 -0.421813
vn 0.751174 0.653717 -0.091605
vn 0.275471 0.951534 -0.136745
vn 0.377500 0.921715 0.089077
vn 0.118378 0.987710 0.102061
vn 0.741231 0.515594 0.429813
vn 0.087412 0.951070 -0.296352
vn 0.812941 0.582208 0.012649
vn 0.275471 0.951534 -0.136745
vn 0.751174 0.653717 -0.091605
vn 0.756374 0.630067 0.175823
vn 0.275471 0.951534 -0.136745
vn 0.118378 0.987710 0.102061
vn 0.628410 -0.215398 0.747465
vn 0.379226 0.738897 0.556973
vn 0.118378 0.987710 0.102061
vn 0.377500 0.921715 0.089077
vn 0.495290 0.868475 0.020963
vn 0.322140 0.924068 -0.205730
vn 0.452133 0.845213 0.284940
vn -0.042238 0.859516 -0.509361
vn 0.322140 0.924068 -0.205730
vn 0.276127 0.935805 -0.219141
vn 0.615115 -0.592049 -0.520684
vn 0.258645 -0.414274 0.872628
vn 0.553086 -0.813051 0.181778
vn 0.487397 0.713692 -0.503078
vn 0.725191 -0.645415 0.239871
vn 0.434000 0.238329 -0.868817
vn 0.226566 0.330629 -0.916162
vn 0.615115 -0.592049 -0.520684
vn 0.070445 -0.917337 -0.391831
vn 0.725191 -0.645415 0.239871
vn 0.615115 -0.592049 -0.520684
vn 0.434000 0.238329 -0.868817
vn 0.138696 0.802587 -0.580187
vn -0.044254 0.967285 -0.249804
vn 0.198971 0.968529 0.149537
vn 0.448307 0.866211 0.220682
vn 0.522850 0.849662 0.068569
vn 0.661605 0.532626 0.527815
vn 0.138696 0.802587 -0.580187
vn 0.487397 0.713692 -0.503078
vn 0.434000 0.238329 -0.868817
vn 0.487397 0.713692 -0.503078
vn 0.138696 0.802587 -0.580187
vn 0.198971 0.968529 0.149537
vn 0.226566 0.330629 -0.916162
vn 0.434000 0.238329 -0.868817
vn 0.615115 -0.592049 -0.520684
vn 0.138696 0.802587 -0.580187
vn 0.434000 0.238329 -0.868817
vn 0.226566 0.330629 -0.916162
vn 0.448307 0.866211 0.220682
vn 0.198971 0.968529 0.149537
vn -0.044254 0.967285 -0.249804
vn 0.213726 0.924027 0.317009
vn 0.198971 0.968529 0.149537
vn 0.222117 0.887544 0.403645
vn 0.070445 -0.917337 -0.391831
vn 0.114171 -0.318898 -0.940888
vn 0.226566 0.330629 -0.916162
vn 0.048865 0.773269 -0.632192
vn 0.129411 0.893699 -0.429598
vn 0.001719 0.977146 -0.212563
vn -0.142224 0.954063 -0.263696
vn 0.448307 0.866211 0.220682
vn -0.044254 0.967285 -0.249804
vn 0.222117 0.887544 0.403645
vn 0.448307 0.866211 0.220682
vn 0.661605 0.532626 0.527815
vn 0.114171 -0.318898 -0.940888
vn 0.070445 -0.917337 -0.391831
vn -0.133119 -0.989232 0.060827
vn 0.046978 0.396452 -0.916853
vn 0.255584 0.941211 -0.220906
vn 0.129411 0.893699 -0.429598
vn -0.245978 0.911309 -0.330169
vn -0.119437 0.940245 -0.318864
vn -0.142224 0.954063 -0.263696
vn 0.618775 0.744286 0.251311
vn -0.069492 0.967190 -0.244364
vn -0.006812 0.918033 -0.396446
vn -0.133119 -0.989232 0.060827
vn 0.070445 -0.917337 -0.391831
vn -0.155936 -0.986138 -0.056708
vn 0.114171 -0.318898 -0.940888
vn 0.241721 -0.583313 -0.775446
vn 0.048865 0.773269 -0.632192
vn -0.312389 -0.928654 -0.200037
vn -0.133119 -0.989232 0.060827
vn -0.175357 -0.951389 -0.253199
vn 0.114171 -0.318898 -0.940888
vn -0.133119 -0.989232 0.060827
vn 0.241721 -0.583313 -0.775446
vn 0.522850 0.849662 0.068569
vn 0.618775 0.744286 0.251311
vn 0.661605 0.532626 0.527815
vn -0.148659 0.924527 -0.350929
vn -0.069492 0.967190 -0.244364
vn -0.142224 0.954063 -0.263696
vn -0.133119 -0.989232 0.060827
vn -0.312389 -0.928654 -0.200037
vn -0.084600 -0.994961 0.053806
vn -0.447478 -0.788107 0.422672
vn -0.084600 -0.994961 0.053806
vn -0.312389 -0.928654 -0.200037
vn -0.142224 0.954063 -0.263696
vn 0.522850 0.849662 0.068569
vn 0.448307 0.866211 0.220682
vn 0.618775 0.744286 0.251311
vn 0.522850 0.849662 0.068569
vn -0.069492 0.967190 -0.244364
vn 0.603727 0.513973 0.609381
vn 0.296732 -0.667522 0.682909
vn 0.679142 0.237936 0.694372
vn 0.233824 -0.797202 0.556593
vn 0.461563 -0.637346 0.617049
vn 0.529361 0.284648 0.799220
vn 0.434118 0.891424 -0.130020
vn 0.603727 0.513973 0.609381
vn 0.679142 0.237936 0.694372
vn 0.321814 0.941989 -0.095351
vn 0.678567 0.667686 0.306174
vn 0.310782 0.939256 0.145644
vn 0.529361 0.284648 0.799220
vn 0.603727 0.513973 0.609381
vn 0.310782 0.939256 0.145644
vn 0.321814 0.941989 -0.095351
vn 0.310782 0.939256 0.145644
vn 0.603727 0.513973 0.609381
vn -0.529855 -0.586805 -0.612302
vn 0.201198 -0.819224 0.537021
vn -0.421578 -0.845760 -0.327050
vn 0.233824 -0.797202 0.556593
vn 0.534070 0.198663 0.821768
vn 0.201198 -0.819224 0.537021
vn 0.258645 -0.414274 0.872628
vn 0.534070 0.198663 0.821768
vn 0.459729 0.692796 0.555593
vn 0.459729 0.692796 0.555593
vn 0.534070 0.198663 0.821768
vn 0.411180 0.773441 0.482410
vn 0.662048 0.742854 0.099296
vn 0.686167 -0.504865 0.523723
vn 0.924970 0.065034 0.374435
vn 0.279337 -0.838263 0.468279
vn 0.811605 -0.241707 0.531860
vn 0.134668 -0.813079 0.566363
vn -0.241846 -0.827498 0.506712
vn 0.279337 -0.838263 0.468279
vn 0.134668 -0.813079 0.566363
vn 0.279337 -0.838263 0.468279
vn 0.267460 -0.901679 0.339765
vn 0.686167 -0.504865 0.523723
vn 0.267460 -0.901679 0.339765
vn 0.052397 -0.913314 0.403872
vn 0.031372 -0.978298 0.204813
vn -0.241846 -0.827498 0.506712
vn 0.052397 -0.913314 0.403872
vn 0.279337 -0.838263 0.468279
vn 0.686167 -0.504865 0.523723
vn 0.662048 0.742854 0.099296
vn 0.811605 -0.241707 0.531860
vn 0.498220 -0.786708 0.364509
vn 0.686167 -0.504865 0.523723
vn 0.267460 -0.901679 0.339765
vn -0.457407 0.836752 -0.301040
vn -0.304002 0.862016 -0.405600
vn -0.298700 0.849834 -0.434236
vn -0.163969 0.244635 -0.955651
vn -0.209916 0.820044 -0.532412
vn -0.023524 0.501446 -0.864869
vn -0.528484 0.848844 0.012996
vn -0.457407 0.836752 -0.301040
vn -0.466070 0.874762 -0.132554
vn -0.304002 0.862016 -0.405600
vn -0.122085 0.942611 -0.310774
vn -0.130571 0.845252 -0.518170
vn -0.130571 0.845252 -0.518170
vn -0.298700 0.849834 -0.434236
vn -0.304002 0.862016 -0.405600
vn -0.298700 0.849834 -0.434236
vn -0.130571 0.845252 -0.518170
vn -0.209916 0.820044 -0.532412
vn -0.466070 0.874762 -0.132554
vn -0.326464 0.902878 -0.279700
vn -0.464754 0.870173 -0.163716
vn -0.298700 0.849834 -0.434236
vn -0.326464 0.902878 -0.279700
vn -0.457407 0.836752 -0.301040
vn -0.861513 -0.258656 0.436912
vn -0.409598 -0.745519 0.525767
vn -0.679214 -0.412278 0.607202
vn -0.861513 -0.258656 0.436912
vn -0.490846 0.776769 0.394588
vn -0.867549 0.461151 0.186273
vn -0.711618 0.697604 -0.083361
vn -0.940279 0.281505 0.191391
vn -0.666821 0.745108 -0.012811
vn -0.563357 0.787487 -0.249987
vn -0.905672 0.423975 -0.001990
vn -0.464754 0.870173 -0.163716
vn -0.585362 0.573733 -0.572871
vn -0.773288 0.622112 0.122483
vn -0.700122 0.565527 -0.435900
vn 0.527091 0.616533 -0.584861
vn 0.346931 0.932991 -0.095748
vn 0.649821 0.749729 -0.125054
vn -0.548642 -0.402813 -0.732621
vn -0.650972 0.127314 -0.748349
vn -0.472614 0.517089 -0.713621
vn -0.773288 0.622112 0.122483
vn -0.080443 0.851398 0.518315
vn -0.917257 0.386254 0.097202
vn -0.585362 0.573733 -0.572871
vn 0.527091 0.616533 -0.584861
vn -0.004130 -0.134504 -0.990905
vn -0.700122 0.565527 -0.435900
vn -0.917257 0.386254 0.097202
vn -0.875209 -0.357715 -0.325651
vn -0.159563 0.531067 -0.832171
vn -0.396813 0.168215 -0.902354
vn -0.209622 0.771480 -0.600730
vn -0.298573 0.167996 -0.939485
vn -0.120695 0.968437 -0.218088
vn -0.209622 0.771480 -0.600730
vn -0.159563 0.531067 -0.832171
vn -0.020621 0.965118 -0.261003
vn -0.016312 0.720547 -0.693214
vn -0.157041 0.520774 -0.839126
vn -0.055723 0.827079 -0.559317
vn -0.327664 0.637902 -0.696934
vn -0.159563 0.531067 -0.832171
vn -0.209622 0.771480 -0.600730
vn -0.020621 0.965118 -0.261003
vn -0.351556 0.539356 -0.765182
vn -0.396813 0.168215 -0.902354
vn -0.401232 0.296091 -0.866800
vn -0.020790 0.995828 0.088848
vn -0.041041 0.984995 0.167630
vn 0.007460 0.992326 -0.123428
vn -0.401232 0.296091 -0.866800
vn -0.396813 0.168215 -0.902354
vn -0.159563 0.531067 -0.832171
vn -0.401232 0.296091 -0.866800
vn -0.085197 0.422907 -0.902159
vn -0.190270 0.848038 -0.494599
vn -0.351556 0.539356 -0.765182
vn 0.125988 0.990415 0.056611
vn -0.116580 0.784796 -0.608691
vn 0.082260 0.867957 -0.489780
vn 0.440367 0.871692 -0.215011
vn -0.030467 0.906425 -0.421266
vn -0.157041 0.520774 -0.839126
vn -0.085197 0.422907 -0.902159
vn -0.016312 0.720547 -0.693214
vn 0.007460 0.992326 -0.123428
vn -0.020621 0.965118 -0.261003
vn -0.020790 0.995828 0.088848
vn -0.016312 0.720547 -0.693214
vn -0.055723 0.827079 -0.559317
vn -0.157041 0.520774 -0.839126
vn -0.000961 0.998938 -0.046057
vn -0.008939 0.977690 0.209863
vn 0.244552 0.962124 -0.120464
vn -0.055723 0.827079 -0.559317
vn -0.016312 0.720547 -0.693214
vn 0.007460 0.992326 -0.123428
vn -0.329573 0.228850 -0.915975
vn -0.223397 0.121407 -0.967137
vn -0.298573 0.167996 -0.939485
vn -0.191326 0.952640 -0.236371
vn -0.294782 0.514531 -0.805209
vn -0.097713 0.993860 0.051904
vn -0.055684 0.949292 0.309427
vn -0.097713 0.993860 0.051904
vn -0.020646 0.902206 0.430811
vn -0.120695 0.968437 -0.218088
vn -0.194528 0.441816 -0.875761
vn -0.191326 0.952640 -0.236371
vn -0.046446 0.621319 -0.782180
vn -0.152989 -0.599286 -0.785780
vn -0.023524 0.501446 -0.864869
vn 0.070828 0.526807 -0.847029
vn 0.060773 0.780759 -0.621869
vn 0.143648 0.908681 -0.392001
vn 0.094745 0.529814 -0.842805
vn 0.070828 0.526807 -0.847029
vn 0.143648 0.908681 -0.392001
vn 0.039824 -0.834406 -0.549710
vn -0.083035 0.300892 -0.950036
vn 0.070828 0.526807 -0.847029
vn -0.294782 0.514531 -0.805209
vn -0.356197 -0.133766 -0.924787
vn -0.488090 0.702786 -0.517552
vn -0.456543 0.804607 0.379706
vn -0.488090 0.702786 -0.517552
vn -0.083424 0.871954 0.482429
vn 0.371064 0.681167 0.631129
vn 0.349609 0.818197 0.456429
vn 0.201598 0.888070 0.413147
vn -0.700122 0.565527 -0.435900
vn -0.773288 0.622112 0.122483
vn -0.917257 0.386254 0.097202
vn -0.083424 0.871954 0.482429
vn -0.488090 0.702786 -0.517552
vn -0.472614 0.517089 -0.713621
vn -0.538941 -0.217700 -0.813726
vn -0.472614 0.517089 -0.713621
vn -0.488090 0.702786 -0.517552
vn -0.143670 0.911380 0.385676
vn -0.097713 0.993860 0.051904
vn -0.456543 0.804607 0.379706
vn -0.488090 0.702786 -0.517552
vn -0.456543 0.804607 0.379706
vn -0.097713 0.993860 0.051904
vn -0.472614 0.517089 -0.713621
vn -0.102891 0.982599 0.154639
vn -0.083424 0.871954 0.482429
vn -0.650972 0.127314 -0.748349
vn -0.374081 0.102461 -0.921719
vn -0.346059 0.934785 -0.080123
vn -0.701968 0.711294 0.036076
vn -0.873760 0.480621 0.074478
vn -0.827044 0.558568 0.063243
vn -0.174465 0.916646 -0.359613
vn -0.193310 0.959559 -0.204639
vn -0.297771 0.951895 -0.072310
vn -0.268794 0.963196 -0.001843
vn -0.290047 0.944179 0.156202
vn -0.129566 0.989137 -0.069434
vn -0.750730 0.632209 0.191613
vn -0.471061 0.868106 0.156507
vn -0.669424 0.733007 0.120716
vn -0.000115 0.955431 -0.295214
vn -0.093252 0.982882 -0.158896
vn -0.071137 0.984553 -0.159984
vn -0.163499 0.969141 -0.184483
vn -0.000115 0.955431 -0.295214
vn -0.058562 0.957265 -0.283221
vn -0.757194 0.579322 0.301735
vn -0.871030 0.454575 0.186197
vn -0.669424 0.733007 0.120716
vn -0.600856 0.720209 0.346800
vn -0.750730 0.632209 0.191613
vn -0.877242 0.472298 0.085917
vn -0.873760 0.480621 0.074478
vn -0.600856 0.720209 0.346800
vn -0.877242 0.472298 0.085917
vn -0.767722 0.611196 0.192463
vn -0.541521 0.728755 0.419131
vn -0.701968 0.711294 0.036076
vn -0.069382 0.964674 -0.254148
vn -0.084999 0.896459 -0.434897
vn -0.067758 0.996792 -0.042592
vn -0.064208 0.916013 -0.395977
vn -0.084999 0.896459 -0.434897
vn -0.095132 0.919352 -0.381762
vn -0.106133 0.853807 0.509657
vn 0.067423 0.953662 0.293227
vn -0.067758 0.996792 -0.042592
vn -0.246613 0.968999 0.014949
vn -0.518378 0.852616 0.065806
vn -0.193310 0.959559 -0.204639
vn 0.067423 0.953662 0.293227
vn 0.034223 0.892103 0.450534
vn 0.140658 0.910885 0.387948
vn 0.110250 0.984944 0.133153
vn 0.140658 0.910885 0.387948
vn -0.167841 0.947466 0.272283
vn -0.246613 0.968999 0.014949
vn 0.110250 0.984944 0.133153
vn -0.167841 0.947466 0.272283
vn -0.069382 0.964674 -0.254148
vn 0.067423 0.953662 0.293227
vn 0.110250 0.984944 0.133153
vn 0.034881 0.986118 -0.162343
vn 0.052673 0.916580 -0.396368
vn 0.021840 0.999023 -0.038409
vn -0.041516 0.923979 0.380184
vn -0.045756 0.939841 -0.338535
vn 0.034881 0.986118 -0.162343
vn -0.309304 0.258635 0.915117
vn -0.440639 0.837699 0.322642
vn -0.400624 0.753158 0.521779
vn -0.110926 -0.224147 0.968222
vn -0.309304 0.258635 0.915117
vn 0.007621 -0.368315 0.929670
vn -0.190315 0.201171 0.960890
vn -0.110926 -0.224147 0.968222
vn 0.184801 -0.478004 0.858697
vn -0.309304 0.258635 0.915117
vn -0.110926 -0.224147 0.968222
vn -0.455933 0.648619 0.609442
vn 0.883589 -0.075354 0.462160
vn -0.190315 0.201171 0.960890
vn 0.184801 -0.478004 0.858697
vn -0.514896 0.802091 0.302542
vn -0.220636 0.643960 0.732554
vn -0.324934 0.881417 0.342814
vn -0.396464 0.865165 0.307092
vn -0.514896 0.802091 0.302542
vn -0.474563 0.865315 0.161309
vn -0.396464 0.865165 0.307092
vn -0.265109 0.853548 0.448524
vn -0.384570 0.809651 0.443364
vn -0.309304 0.258635 0.915117
vn -0.006442 -0.565527 0.824704
vn 0.007621 -0.368315 0.929670
vn 0.014803 -0.742296 0.669909
vn -0.006442 -0.565527 0.824704
vn -0.250703 0.005020 0.968051
vn 0.014803 -0.742296 0.669909
vn -0.062132 -0.863139 0.501129
vn 0.170339 -0.954687 0.244043
vn -0.006442 -0.565527 0.824704
vn 0.014803 -0.742296 0.669909
vn 0.129590 -0.949325 0.286337
vn 0.014612 -0.999575 0.025214
vn 0.166650 -0.984472 0.055163
vn 0.170339 -0.954687 0.244043
vn 0.165768 -0.912901 0.373005
vn 0.166650 -0.984472 0.055163
vn 0.115734 -0.946233 0.302075
vn 0.219439 0.171457 0.960442
vn 0.294894 -0.486591 0.822354
vn 0.009290 -0.871262 0.490731
vn 0.562022 -0.757753 0.331575
vn 0.241001 -0.941882 0.234046
vn 0.294894 -0.486591 0.822354
vn 0.255973 0.672579 0.694345
vn -0.270369 0.916369 0.295242
vn -0.324934 0.881417 0.342814
vn 0.468111 -0.883163 0.029935
vn 0.562022 -0.757753 0.331575
vn 0.255973 0.672579 0.694345
vn -0.474563 0.865315 0.161309
vn -0.324934 0.881417 0.342814
vn -0.270369 0.916369 0.295242
vn -0.396464 0.865165 0.307092
vn -0.464009 0.842006 0.275174
vn -0.514896 0.802091 0.302542
vn -0.403334 0.912883 0.062972
vn -0.415779 0.902945 0.108713
vn -0.156033 0.939444 0.305120
vn -0.415779 0.902945 0.108713
vn -0.259022 0.920355 0.293009
vn -0.474563 0.865315 0.161309
vn 0.231950 0.852691 -0.468100
vn -0.156186 0.565470 -0.809846
vn 0.087412 0.951070 -0.296352
vn -0.170516 0.985012 -0.025991
vn -0.090055 0.966341 -0.240987
vn -0.142920 0.958898 0.245128
vn -0.090055 0.966341 -0.240987
vn -0.134386 0.979974 -0.146939
vn -0.087533 0.959126 0.269101
vn -0.265109 0.853548 0.448524
vn -0.259022 0.920355 0.293009
vn -0.145162 0.936539 0.319096
vn -0.156033 0.939444 0.305120
vn -0.415779 0.902945 0.108713
vn -0.270369 0.916369 0.295242
vn -0.259022 0.920355 0.293009
vn -0.415779 0.902945 0.108713
vn -0.324159 0.939102 0.114058
vn 0.449458 0.632970 0.630346
vn -0.156033 0.939444 0.305120
vn -0.270369 0.916369 0.295242
vn -0.156033 0.939444 0.305120
vn 0.334705 0.811435 0.479109
vn -0.403334 0.912883 0.062972
vn -0.130977 -0.842867 0.521939
vn 0.011819 -0.287050 -0.957843
vn -0.154647 -0.971529 -0.179488
vn 0.070828 0.526807 -0.847029
vn 0.011819 -0.287050 -0.957843
vn 0.039824 -0.834406 -0.549710
vn 0.134914 0.956762 -0.257690
vn 0.094745 0.529814 -0.842805
vn 0.143648 0.908681 -0.392001
vn 0.004638 0.806962 -0.590585
vn -0.235648 0.850180 -0.470812
vn 0.079689 0.646984 -0.758328
vn -0.006080 0.804585 -0.593807
vn 0.079689 0.646984 -0.758328
vn -0.235648 0.850180 -0.470812
vn 0.382807 0.830719 -0.404183
vn -0.006080 0.804585 -0.593807
vn -0.147670 0.862174 -0.484613
vn 0.358419 0.923482 -0.136810
vn 0.382807 0.830719 -0.404183
vn -0.147670 0.862174 -0.484613
vn 0.382807 0.830719 -0.404183
vn 0.339173 0.897621 -0.281493
vn 0.319865 0.760053 -0.565690
vn 0.082260 0.867957 -0.489780
vn -0.055723 0.827079 -0.559317
vn 0.184897 0.948456 -0.257378
vn 0.358419 0.923482 -0.136810
vn 0.470173 0.871133 -0.141648
vn 0.242899 0.966355 -0.084610
vn 0.260940 0.890165 -0.373520
vn 0.213197 0.773407 -0.596983
vn 0.128750 0.825530 -0.549475
vn 0.335502 0.941155 -0.040823
vn 0.282945 0.858404 -0.427884
vn 0.260940 0.890165 -0.373520
vn 0.001719 0.977146 -0.212563
vn 0.255584 0.941211 -0.220906
vn 0.202131 0.963419 -0.175975
vn 0.371678 0.927203 -0.046369
vn 0.368487 0.929448 -0.018522
vn 0.414289 0.901111 -0.127917
vn 0.335502 0.941155 -0.040823
vn 0.368487 0.929448 -0.018522
vn 0.371678 0.927203 -0.046369
vn 0.196698 0.949049 -0.246202
vn 0.275516 0.948834 -0.154290
vn 0.103069 0.905666 -0.411274
vn 0.255584 0.941211 -0.220906
vn 0.331672 0.834321 -0.440343
vn 0.414289 0.901111 -0.127917
vn 0.187014 0.223336 -0.956633
vn 0.331672 0.834321 -0.440343
vn 0.288055 0.341454 -0.894669
vn 0.261605 0.753998 -0.602536
vn 0.229740 0.768017 -0.597804
vn 0.282945 0.858404 -0.427884
vn 0.213017 0.885964 -0.411936
vn 0.229740 0.768017 -0.597804
vn 0.253852 0.922500 -0.290780
vn 0.282945 0.858404 -0.427884
vn 0.284917 0.937557 -0.199521
vn 0.283706 0.800135 -0.528483
vn 0.261577 0.857662 -0.442711
vn 0.253852 0.922500 -0.290780
vn 0.261605 0.753998 -0.602536
vn 0.184897 0.948456 -0.257378
vn 0.244552 0.962124 -0.120464
vn 0.440367 0.871692 -0.215011
vn -0.055723 0.827079 -0.559317
vn -0.000961 0.998938 -0.046057
vn 0.184897 0.948456 -0.257378
vn 0.440367 0.871692 -0.215011
vn 0.470173 0.871133 -0.141648
vn 0.449397 0.880886 -0.148599
vn -0.000961 0.998938 -0.046057
vn -0.055723 0.827079 -0.559317
vn 0.007460 0.992326 -0.123428
vn -0.435015 0.670521 -0.600968
vn 0.082110 0.900861 -0.426271
vn -0.147670 0.862174 -0.484613
vn 0.141084 0.914430 -0.379360
vn 0.064969 0.994301 -0.084532
vn -0.273473 0.869518 -0.411281
vn -0.008939 0.977690 0.209863
vn -0.000961 0.998938 -0.046057
vn -0.041041 0.984995 0.167630
vn 0.244552 0.962124 -0.120464
vn 0.184897 0.948456 -0.257378
vn -0.000961 0.998938 -0.046057
vn 0.440367 0.871692 -0.215011
vn 0.082260 0.867957 -0.489780
vn 0.184897 0.948456 -0.257378
vn 0.082260 0.867957 -0.489780
vn -0.030467 0.906425 -0.421266
vn -0.327664 0.637902 -0.696934
vn 0.348468 0.859492 -0.373958
vn 0.321817 0.868850 -0.376209
vn 0.213965 0.875531 -0.433203
vn 0.244552 0.962124 -0.120464
vn 0.321817 0.868850 -0.376209
vn 0.440367 0.871692 -0.215011
vn 0.213965 0.875531 -0.433203
vn 0.223232 0.902243 -0.368951
vn 0.283706 0.800135 -0.528483
vn 0.440367 0.871692 -0.215011
vn 0.348468 0.859492 -0.373958
vn 0.470173 0.871133 -0.141648
vn 0.348468 0.859492 -0.373958
vn 0.213965 0.875531 -0.433203
vn 0.283706 0.800135 -0.528483
vn 0.284917 0.937557 -0.199521
vn 0.308449 0.921557 -0.235781
vn 0.283706 0.800135 -0.528483
vn 0.261605 0.753998 -0.602536
vn 0.283706 0.800135 -0.528483
vn 0.261577 0.857662 -0.442711
vn 0.283706 0.800135 -0.528483
vn 0.308449 0.921557 -0.235781
vn 0.348468 0.859492 -0.373958
vn 0.335502 0.941155 -0.040823
vn 0.284917 0.937557 -0.199521
vn 0.282945 0.858404 -0.427884
vn 0.272636 0.959205 -0.074806
vn 0.308449 0.921557 -0.235781
vn 0.284917 0.937557 -0.199521
vn 0.335502 0.941155 -0.040823
vn 0.207980 0.967847 -0.141481
vn 0.251305 0.966691 -0.048517
vn 0.209433 0.930072 -0.301835
vn 0.251305 0.966691 -0.048517
vn 0.207980 0.967847 -0.141481
vn -0.058562 0.957265 -0.283221
vn -0.213281 0.959995 -0.181443
vn -0.325166 0.926706 -0.188372
vn -0.492449 0.866520 0.081471
vn -0.757194 0.579322 0.301735
vn -0.424040 0.904578 0.043913
vn -0.213281 0.959995 -0.181443
vn -0.480774 0.545239 0.686710
vn -0.373142 0.258507 0.891033
vn -0.058562 0.957265 -0.283221
vn -0.325166 0.926706 -0.188372
vn -0.163499 0.969141 -0.184483
vn -0.324870 0.620745 0.713537
vn -0.283867 0.904085 0.319451
vn -0.373964 0.925873 0.053939
vn -0.373142 0.258507 0.891033
vn -0.373964 0.925873 0.053939
vn -0.213281 0.959995 -0.181443
vn -0.163499 0.969141 -0.184483
vn -0.325166 0.926706 -0.188372
vn -0.492449 0.866520 0.081471
vn -0.093252 0.982882 -0.158896
vn -0.163499 0.969141 -0.184483
vn -0.424040 0.904578 0.043913
vn -0.361730 0.880004 0.307805
vn -0.400624 0.753158 0.521779
vn -0.440639 0.837699 0.322642
vn -0.449065 0.863284 0.230392
vn -0.297771 0.951895 -0.072310
vn -0.368243 0.929032 0.035997
vn -0.325166 0.926706 -0.188372
vn -0.406547 0.896250 -0.177355
vn -0.642505 0.751972 0.147395
vn -0.871030 0.454575 0.186197
vn -0.827044 0.558568 0.063243
vn -0.877242 0.472298 0.085917
vn -0.071137 0.984553 -0.159984
vn -0.093252 0.982882 -0.158896
vn -0.268794 0.963196 -0.001843
vn -0.000115 0.955431 -0.295214
vn -0.163499 0.969141 -0.184483
vn -0.093252 0.982882 -0.158896
vn -0.183508 -0.842672 0.506190
vn -0.494775 -0.068451 0.866321
vn -0.373142 0.258507 0.891033
vn -0.373964 0.925873 0.053939
vn -0.283867 0.904085 0.319451
vn -0.625906 0.779220 -0.032525
vn -0.053588 0.978294 -0.200174
vn 0.025738 0.941363 0.336414
vn -0.013522 0.914419 0.404543
vn 0.597610 0.236651 0.766067
vn 0.159766 0.937627 0.308756
vn 0.365713 0.926977 -0.083470
vn 0.159766 0.937627 0.308756
vn -0.053588 0.978294 -0.200174
vn 0.365713 0.926977 -0.083470
vn -0.071059 0.993815 -0.085339
vn -0.053588 0.978294 -0.200174
vn -0.013522 0.914419 0.404543
vn -0.016519 0.906989 -0.420831
vn -0.156186 0.565470 -0.809846
vn -0.146950 0.794812 -0.588795
vn 0.231950 0.852691 -0.468100
vn -0.040043 0.633484 -0.772719
vn -0.156186 0.565470 -0.809846
vn -0.040043 0.633484 -0.772719
vn 0.628631 0.415705 0.657276
vn -0.076458 0.843618 -0.531473
vn 0.615149 0.191633 0.764767
vn 0.667482 0.545649 0.506690
vn 0.507995 -0.027183 0.860931
vn 0.021840 0.999023 -0.038409
vn 0.052673 0.916580 -0.396368
vn 0.015345 0.880588 -0.473634
vn -0.058456 0.899220 0.433575
vn 0.005080 0.866698 0.498807
vn 0.021840 0.999023 -0.038409
vn 0.021840 0.999023 -0.038409
vn -0.093178 0.986694 0.133240
vn -0.058456 0.899220 0.433575
vn -0.016519 0.906989 -0.420831
vn -0.093178 0.986694 0.133240
vn 0.022592 0.912464 -0.408532
vn 0.379226 0.738897 0.556973
vn 0.385772 0.145575 0.911037
vn 0.118378 0.987710 0.102061
vn 0.594506 0.529411 0.605216
vn 0.334705 0.811435 0.479109
vn -0.156033 0.939444 0.305120
vn 0.482457 0.658633 -0.577441
vn 0.540068 0.728286 -0.421813
vn 0.388788 0.860697 -0.328701
vn 0.846104 0.406646 0.344596
vn 0.540068 0.728286 -0.421813
vn 0.749190 0.640077 -0.170343
vn 0.928537 0.279678 0.244131
vn 0.482457 0.658633 -0.577441
vn 0.388788 0.860697 -0.328701
vn 0.482457 0.658633 -0.577441
vn 0.822457 0.381541 -0.421890
vn 0.671274 0.607463 -0.424711
vn 0.749190 0.640077 -0.170343
vn 0.615149 0.191633 0.764767
vn 0.846104 0.406646 0.344596
vn 0.846104 0.406646 0.344596
vn 0.615149 0.191633 0.764767
vn 0.628631 0.415705 0.657276
vn 0.667482 0.545649 0.506690
vn 0.671274 0.607463 -0.424711
vn 0.342127 0.937208 -0.067745
vn 0.615149 0.191633 0.764767
vn 0.405866 -0.020791 0.913696
vn 0.628631 0.415705 0.657276
vn -0.113831 0.845834 -0.521160
vn 0.048865 0.773269 -0.632192
vn -0.245978 0.911309 -0.330169
vn 0.046978 0.396452 -0.916853
vn 0.129411 0.893699 -0.429598
vn 0.208235 -0.077069 -0.975038
vn 0.196698 0.949049 -0.246202
vn 0.368487 0.929448 -0.018522
vn 0.275516 0.948834 -0.154290
vn 0.103069 0.905666 -0.411274
vn 0.008943 0.877698 -0.479131
vn -0.010213 0.918321 -0.395705
vn 0.008943 0.877698 -0.479131
vn -0.006812 0.918033 -0.396446
vn -0.010213 0.918321 -0.395705
vn -0.148659 0.924527 -0.350929
vn -0.010213 0.918321 -0.395705
vn -0.006812 0.918033 -0.396446
vn -0.010213 0.918321 -0.395705
vn 0.196698 0.949049 -0.246202
vn 0.103069 0.905666 -0.411274
vn 0.368487 0.929448 -0.018522
vn 0.196698 0.949049 -0.246202
vn 0.202131 0.963419 -0.175975
vn -0.148659 0.924527 -0.350929
vn -0.119437 0.940245 -0.318864
vn -0.010213 0.918321 -0.395705
vn -0.245978 0.911309 -0.330169
vn -0.142224 0.954063 -0.263696
vn -0.044254 0.967285 -0.249804
vn -0.044254 0.967285 -0.249804
vn 0.138696 0.802587 -0.580187
vn -0.113831 0.845834 -0.521160
vn 0.001719 0.977146 -0.212563
vn -0.119437 0.940245 -0.318864
vn -0.245978 0.911309 -0.330169
vn 0.114171 -0.318898 -0.940888
vn 0.048865 0.773269 -0.632192
vn 0.226566 0.330629 -0.916162
vn -0.044254 0.967285 -0.249804
vn -0.113831 0.845834 -0.521160
vn -0.245978 0.911309 -0.330169
vn -0.354951 -0.746289 0.563082
vn -0.447478 -0.788107 0.422672
vn -0.312389 -0.928654 -0.200037
vn -0.165643 -0.950656 -0.262327
vn -0.447478 -0.788107 0.422672
vn -0.055456 -0.767472 0.638679
vn -0.711618 0.697604 -0.083361
vn -0.666821 0.745108 -0.012811
vn -0.466070 0.874762 -0.132554
vn -0.464754 0.870173 -0.163716
vn -0.905672 0.423975 -0.001990
vn -0.711618 0.697604 -0.083361
vn -0.867549 0.461151 0.186273
vn -0.359352 0.918804 0.163293
vn -0.666821 0.745108 -0.012811
vn -0.466070 0.874762 -0.132554
vn -0.666821 0.745108 -0.012811
vn -0.359352 0.918804 0.163293
vn -0.490846 0.776769 0.394588
vn -0.628925 0.661350 0.408742
vn -0.594633 0.785696 0.170570
vn 0.509527 0.750685 0.420541
vn -0.815662 0.577834 0.028354
vn -0.080443 0.851398 0.518315
vn -0.580074 -0.510056 -0.635104
vn -0.773288 0.622112 0.122483
vn -0.585362 0.573733 -0.572871
vn -0.294782 0.514531 -0.805209
vn -0.194528 0.441816 -0.875761
vn -0.223397 0.121407 -0.967137
vn -0.917257 0.386254 0.097202
vn -0.628925 0.661350 0.408742
vn -0.875209 -0.357715 -0.325651
vn -0.679214 -0.412278 0.607202
vn -0.556729 -0.808266 0.191724
vn -0.628925 0.661350 0.408742
vn 0.128680 0.895717 -0.425597
vn -0.300507 0.397179 -0.867147
vn -0.514854 -0.579945 -0.631339
vn -0.700122 0.565527 -0.435900
vn -0.300507 0.397179 -0.867147
vn 0.346931 0.932991 -0.095748
vn -0.815662 0.577834 0.028354
vn -0.594633 0.785696 0.170570
vn -0.917257 0.386254 0.097202
vn -0.861513 -0.258656 0.436912
vn -0.679214 -0.412278 0.607202
vn -0.490846 0.776769 0.394588
vn -0.409598 -0.745519 0.525767
vn -0.461893 -0.746452 0.479025
vn -0.679214 -0.412278 0.607202
vn -0.729777 -0.678343 0.085302
vn -0.556729 -0.808266 0.191724
vn -0.457604 -0.773696 0.438170
vn -0.151341 -0.964699 0.215525
vn -0.461893 -0.746452 0.479025
vn -0.409598 -0.745519 0.525767
vn -0.556729 -0.808266 0.191724
vn -0.461893 -0.746452 0.479025
vn -0.457604 -0.773696 0.438170
vn -0.628925 0.661350 0.408742
vn -0.556729 -0.808266 0.191724
vn -0.875209 -0.357715 -0.325651
vn -0.556729 -0.808266 0.191724
vn -0.679214 -0.412278 0.607202
vn -0.461893 -0.746452 0.479025
vn -0.146257 0.873088 0.465108
vn -0.055684 0.949292 0.309427
vn -0.020646 0.902206 0.430811
vn -0.120695 0.968437 -0.218088
vn -0.055684 0.949292 0.309427
vn -0.083787 0.963677 0.253586
vn -0.877242 0.472298 0.085917
vn -0.750730 0.632209 0.191613
vn -0.871030 0.454575 0.186197
vn -0.831466 0.491439 0.259137
vn -0.518378 0.852616 0.065806
vn -0.827044 0.558568 0.063243
vn -0.141350 0.989418 0.032742
vn -0.129566 0.989137 -0.069434
vn -0.290047 0.944179 0.156202
vn -0.071137 0.984553 -0.159984
vn -0.268794 0.963196 -0.001843
vn -0.129566 0.989137 -0.069434
vn -0.827044 0.558568 0.063243
vn -0.873760 0.480621 0.074478
vn -0.877242 0.472298 0.085917
vn -0.701968 0.711294 0.036076
vn -0.541521 0.728755 0.419131
vn -0.873760 0.480621 0.074478
vn -0.193310 0.959559 -0.204639
vn -0.368243 0.929032 0.035997
vn -0.297771 0.951895 -0.072310
vn 0.110250 0.984944 0.133153
vn -0.193310 0.959559 -0.204639
vn -0.069382 0.964674 -0.254148
vn -0.637434 0.595193 0.489309
vn -0.686279 0.629987 0.363508
vn -0.731383 0.503808 0.459626
vn -0.353317 0.912740 0.205116
vn -0.297771 0.951895 -0.072310
vn -0.449065 0.863284 0.230392
vn -0.514896 0.802091 0.302542
vn -0.464009 0.842006 0.275174
vn -0.455933 0.648619 0.609442
vn -0.450266 0.749849 0.484754
vn -0.470661 0.802519 0.366663
vn -0.384570 0.809651 0.443364
vn -0.190315 0.201171 0.960890
vn -0.514896 0.802091 0.302542
vn -0.455933 0.648619 0.609442
vn -0.514896 0.802091 0.302542
vn -0.324934 0.881417 0.342814
vn -0.474563 0.865315 0.161309
vn -0.062132 -0.863139 0.501129
vn -0.145903 -0.572394 0.806894
vn -0.237921 -0.326033 0.914930
vn -0.080274 -0.977142 0.196849
vn 0.170339 -0.954687 0.244043
vn -0.062132 -0.863139 0.501129
vn 0.121295 -0.939860 0.319297
vn 0.165768 -0.912901 0.373005
vn 0.115734 -0.946233 0.302075
vn 0.014803 -0.742296 0.669909
vn 0.165768 -0.912901 0.373005
vn 0.129590 -0.949325 0.286337
vn -0.082987 0.695470 -0.713747
vn 0.015345 0.880588 -0.473634
vn -0.154523 0.779494 -0.607052
vn -0.415779 0.902945 0.108713
vn -0.403334 0.912883 0.062972
vn -0.324159 0.939102 0.114058
vn 0.255973 0.672579 0.694345
vn 0.449458 0.632970 0.630346
vn -0.270369 0.916369 0.295242
vn 0.294894 -0.486591 0.822354
vn 0.738536 0.062375 0.671323
vn 0.562022 -0.757753 0.331575
vn 0.334705 0.811435 0.479109
vn 0.594506 0.529411 0.605216
vn 0.379226 0.738897 0.556973
vn -0.156033 0.939444 0.305120
vn 0.449458 0.632970 0.630346
vn 0.594506 0.529411 0.605216
vn 0.687680 0.621834 0.374726
vn -0.049679 0.996987 0.059573
vn 0.334705 0.811435 0.479109
vn -0.170516 0.985012 -0.025991
vn -0.154523 0.779494 -0.607052
vn -0.090055 0.966341 -0.240987
vn 0.751174 0.653717 -0.091605
vn 0.899197 0.363207 0.243978
vn 0.812941 0.582208 0.012649
vn 0.152572 0.986728 0.055587
vn -0.201984 0.975626 -0.085765
vn -0.299331 0.951004 0.077414
vn -0.324159 0.939102 0.114058
vn -0.403334 0.912883 0.062972
vn -0.299331 0.951004 0.077414
vn -0.299331 0.951004 0.077414
vn -0.403334 0.912883 0.062972
vn -0.049679 0.996987 0.059573
vn 0.334705 0.811435 0.479109
vn 0.379226 0.738897 0.556973
vn 0.687680 0.621834 0.374726
vn -0.299331 0.951004 0.077414
vn -0.049679 0.996987 0.059573
vn 0.152572 0.986728 0.055587
vn 0.756374 0.630067 0.175823
vn 0.687680 0.621834 0.374726
vn 0.377500 0.921715 0.089077
vn 0.152572 0.986728 0.055587
vn -0.049679 0.996987 0.059573
vn 0.687680 0.621834 0.374726
vn 0.275471 0.951534 -0.136745
vn 0.756374 0.630067 0.175823
vn 0.377500 0.921715 0.089077
vn 0.751174 0.653717 -0.091605
vn 0.812941 0.582208 0.012649
vn 0.821602 0.506038 0.262480
vn 0.148843 -0.257571 -0.954727
vn -0.036547 -0.925787 -0.376275
vn 0.161653 0.588749 -0.791987
vn -0.235648 0.850180 -0.470812
vn 0.141084 0.914430 -0.379360
vn -0.273473 0.869518 -0.411281
vn 0.161296 0.733466 -0.660311
vn 0.038730 -0.681972 -0.730352
vn 0.094745 0.529814 -0.842805
vn 0.141084 0.914430 -0.379360
vn 0.004638 0.806962 -0.590585
vn 0.161653 0.588749 -0.791987
vn 0.143648 0.908681 -0.392001
vn 0.266669 0.963578 -0.020149
vn 0.319090 0.931758 0.173232
vn 0.064969 0.994301 -0.084532
vn 0.141084 0.914430 -0.379360
vn 0.134914 0.956762 -0.257690
vn 0.094745 0.529814 -0.842805
vn 0.134914 0.956762 -0.257690
vn 0.161296 0.733466 -0.660311
vn 0.141084 0.914430 -0.379360
vn 0.161296 0.733466 -0.660311
vn 0.134914 0.956762 -0.257690
vn -0.351556 0.539356 -0.765182
vn -0.401232 0.296091 -0.866800
vn -0.190270 0.848038 -0.494599
vn -0.157041 0.520774 -0.839126
vn -0.327664 0.637902 -0.696934
vn -0.287771 0.753500 -0.591122
vn 0.143648 0.908681 -0.392001
vn 0.060773 0.780759 -0.621869
vn 0.097040 0.923799 -0.370376
vn -0.027278 0.998516 -0.047131
vn 0.086819 0.993897 0.068047
vn -0.013783 0.992921 0.117973
vn -0.013783 0.992921 0.117973
vn -0.257429 0.860365 -0.439889
vn -0.027278 0.998516 -0.047131
vn -0.435015 0.670521 -0.600968
vn -0.147670 0.862174 -0.484613
vn -0.273473 0.869518 -0.411281
vn 0.266669 0.963578 -0.020149
vn 0.143648 0.908681 -0.392001
vn 0.097040 0.923799 -0.370376
vn 0.097040 0.923799 -0.370376
vn 0.207786 0.974156 0.088576
vn 0.266669 0.963578 -0.020149
vn -0.027278 0.998516 -0.047131
vn 0.134914 0.956762 -0.257690
vn 0.086819 0.993897 0.068047
vn -0.273473 0.869518 -0.411281
vn 0.064969 0.994301 -0.084532
vn -0.204001 0.916459 -0.344219
vn 0.125988 0.990415 0.056611
vn -0.351556 0.539356 -0.765182
vn -0.190270 0.848038 -0.494599
vn 0.064969 0.994301 -0.084532
vn -0.027278 0.998516 -0.047131
vn -0.204001 0.916459 -0.344219
vn 0.143648 0.908681 -0.392001
vn 0.319090 0.931758 0.173232
vn 0.086819 0.993897 0.068047
vn 0.309033 0.897149 0.315629
vn 0.319090 0.931758 0.173232
vn 0.266669 0.963578 -0.020149
vn -0.287771 0.753500 -0.591122
vn -0.435015 0.670521 -0.600968
vn -0.204001 0.916459 -0.344219
vn -0.006080 0.804585 -0.593807
vn -0.235648 0.850180 -0.470812
vn -0.147670 0.862174 -0.484613
vn 0.141084 0.914430 -0.379360
vn -0.235648 0.850180 -0.470812
vn 0.004638 0.806962 -0.590585
vn -0.235648 0.850180 -0.470812
vn -0.273473 0.869518 -0.411281
vn -0.147670 0.862174 -0.484613
vn -0.085197 0.422907 -0.902159
vn -0.159563 0.531067 -0.832171
vn -0.016312 0.720547 -0.693214
vn -0.027278 0.998516 -0.047131
vn -0.257429 0.860365 -0.439889
vn -0.287771 0.753500 -0.591122
vn -0.257429 0.860365 -0.439889
vn -0.013783 0.992921 0.117973
vn -0.190270 0.848038 -0.494599
vn 0.331085 0.897731 0.290625
vn -0.190270 0.848038 -0.494599
vn -0.013783 0.992921 0.117973
vn 0.082260 0.867957 -0.489780
vn -0.327664 0.637902 -0.696934
vn -0.055723 0.827079 -0.559317
vn -0.085197 0.422907 -0.902159
vn -0.157041 0.520774 -0.839126
vn -0.257429 0.860365 -0.439889
vn -0.435015 0.670521 -0.600968
vn -0.327664 0.637902 -0.696934
vn -0.030467 0.906425 -0.421266
vn -0.287771 0.753500 -0.591122
vn -0.204001 0.916459 -0.344219
vn -0.027278 0.998516 -0.047131
vn -0.190270 0.848038 -0.494599
vn -0.085197 0.422907 -0.902159
vn -0.257429 0.860365 -0.439889
vn -0.159563 0.531067 -0.832171
vn -0.085197 0.422907 -0.902159
vn -0.401232 0.296091 -0.866800
vn -0.435015 0.670521 -0.600968
vn -0.030467 0.906425 -0.421266
vn 0.082110 0.900861 -0.426271
vn -0.204001 0.916459 -0.344219
vn -0.435015 0.670521 -0.600968
vn -0.273473 0.869518 -0.411281
vn 0.449397 0.880886 -0.148599
vn 0.082110 0.900861 -0.426271
vn -0.030467 0.906425 -0.421266
vn -0.147670 0.862174 -0.484613
vn 0.082110 0.900861 -0.426271
vn 0.358419 0.923482 -0.136810
vn 0.440367 0.871692 -0.215011
vn 0.449397 0.880886 -0.148599
vn -0.030467 0.906425 -0.421266
vn 0.358419 0.923482 -0.136810
vn 0.449397 0.880886 -0.148599
vn 0.470173 0.871133 -0.141648
vn 0.308449 0.921557 -0.235781
vn 0.242899 0.966355 -0.084610
vn 0.470173 0.871133 -0.141648
vn 0.339173 0.897621 -0.281493
vn 0.242899 0.966355 -0.084610
vn 0.272636 0.959205 -0.074806
vn -0.464009 0.842006 0.275174
vn -0.470661 0.802519 0.366663
vn -0.440639 0.837699 0.322642
vn -0.324870 0.620745 0.713537
vn -0.237921 -0.326033 0.914930
vn -0.245998 0.498909 0.831009
vn -0.669424 0.733007 0.120716
vn -0.268794 0.963196 -0.001843
vn -0.424040 0.904578 0.043913
vn -0.424040 0.904578 0.043913
vn -0.268794 0.963196 -0.001843
vn -0.093252 0.982882 -0.158896
vn -0.210182 0.862191 0.460923
vn -0.105455 0.930536 0.350689
vn -0.361730 0.880004 0.307805
vn -0.686279 0.629987 0.363508
vn -0.368243 0.929032 0.035997
vn -0.518378 0.852616 0.065806
vn -0.191949 -0.784753 0.589337
vn -0.494775 -0.068451 0.866321
vn -0.183508 -0.842672 0.506190
vn -0.191949 -0.784753 0.589337
vn 0.026518 -0.986488 0.161672
vn -0.057378 -0.990621 0.124007
vn -0.156186 0.565470 -0.809846
vn -0.040043 0.633484 -0.772719
vn -0.146950 0.794812 -0.588795
vn 0.628631 0.415705 0.657276
vn -0.040043 0.633484 -0.772719
vn 0.231950 0.852691 -0.468100
vn -0.082987 0.695470 -0.713747
vn -0.156186 0.565470 -0.809846
vn -0.016519 0.906989 -0.420831
vn 0.821602 0.506038 0.262480
vn 0.812941 0.582208 0.012649
vn 0.152572 0.986728 0.055587
vn -0.016519 0.906989 -0.420831
vn 0.022592 0.912464 -0.408532
vn -0.082987 0.695470 -0.713747
vn 0.022592 0.912464 -0.408532
vn 0.021840 0.999023 -0.038409
vn 0.015345 0.880588 -0.473634
vn -0.082987 0.695470 -0.713747
vn -0.145901 0.760253 -0.633031
vn -0.156186 0.565470 -0.809846
vn -0.299331 0.951004 0.077414
vn -0.201984 0.975626 -0.085765
vn -0.206980 0.917855 -0.338675
vn 0.628631 0.415705 0.657276
vn 0.552110 0.747833 0.368674
vn -0.076458 0.843618 -0.531473
vn 0.552110 0.747833 0.368674
vn 0.405866 -0.020791 0.913696
vn 0.507995 -0.027183 0.860931
vn 0.255584 0.941211 -0.220906
vn 0.001719 0.977146 -0.212563
vn 0.129411 0.893699 -0.429598
vn 0.331672 0.834321 -0.440343
vn 0.255584 0.941211 -0.220906
vn 0.288055 0.341454 -0.894669
vn 0.001719 0.977146 -0.212563
vn -0.245978 0.911309 -0.330169
vn 0.048865 0.773269 -0.632192
vn 0.208235 -0.077069 -0.975038
vn 0.129411 0.893699 -0.429598
vn 0.048865 0.773269 -0.632192
vn -0.069492 0.967190 -0.244364
vn -0.148659 0.924527 -0.350929
vn -0.006812 0.918033 -0.396446
vn -0.119437 0.940245 -0.318864
vn -0.148659 0.924527 -0.350929
vn -0.142224 0.954063 -0.263696
vn -0.867549 0.461151 0.186273
vn -0.666821 0.745108 -0.012811
vn -0.940279 0.281505 0.191391
vn -0.490846 0.776769 0.394588
vn -0.359352 0.918804 0.163293
vn -0.867549 0.461151 0.186273
vn 0.527091 0.616533 -0.584861
vn -0.585362 0.573733 -0.572871
vn -0.700122 0.565527 -0.435900
vn -0.580074 -0.510056 -0.635104
vn -0.585362 0.573733 -0.572871
vn -0.004130 -0.134504 -0.990905
vn -0.580074 -0.510056 -0.635104
vn -0.004130 -0.134504 -0.990905
vn -0.223891 -0.436261 -0.871521
vn -0.790468 0.452744 -0.412533
vn -0.538941 -0.217700 -0.813726
vn -0.109514 0.955441 -0.274116
vn 0.535456 0.236112 -0.810887
vn -0.223891 -0.436261 -0.871521
vn -0.004130 -0.134504 -0.990905
vn -0.374081 0.102461 -0.921719
vn 0.134461 0.251421 -0.958492
vn -0.481364 0.800356 -0.357378
vn -0.650972 0.127314 -0.748349
vn -0.223891 -0.436261 -0.871521
vn -0.374081 0.102461 -0.921719
vn 0.134461 0.251421 -0.958492
vn -0.374081 0.102461 -0.921719
vn -0.223891 -0.436261 -0.871521
vn -0.538941 -0.217700 -0.813726
vn -0.580074 -0.510056 -0.635104
vn -0.548642 -0.402813 -0.732621
vn -0.223891 -0.436261 -0.871521
vn -0.548642 -0.402813 -0.732621
vn -0.580074 -0.510056 -0.635104
vn -0.773288 0.622112 0.122483
vn -0.790468 0.452744 -0.412533
vn -0.080443 0.851398 0.518315
vn 0.349609 0.818197 0.456429
vn 0.273530 0.871649 0.406706
vn 0.146443 0.987309 0.061446
vn -0.457407 0.836752 -0.301040
vn -0.227943 0.967214 -0.111975
vn -0.304002 0.862016 -0.405600
vn -0.227943 0.967214 -0.111975
vn 0.349609 0.818197 0.456429
vn 0.146443 0.987309 0.061446
vn -0.466070 0.874762 -0.132554
vn -0.359352 0.918804 0.163293
vn -0.528484 0.848844 0.012996
vn -0.615015 0.787303 0.043719
vn 0.344879 0.778467 0.524450
vn 0.201598 0.888070 0.413147
vn -0.359352 0.918804 0.163293
vn -0.633718 0.750958 0.185645
vn -0.528484 0.848844 0.012996
vn -0.594633 0.785696 0.170570
vn -0.633718 0.750958 0.185645
vn -0.490846 0.776769 0.394588
vn 0.344879 0.778467 0.524450
vn -0.615015 0.787303 0.043719
vn -0.815662 0.577834 0.028354
vn -0.815662 0.577834 0.028354
vn -0.615015 0.787303 0.043719
vn -0.633718 0.750958 0.185645
vn -0.757194 0.579322 0.301735
vn -0.642505 0.751972 0.147395
vn -0.731383 0.503808 0.459626
vn -0.637434 0.595193 0.489309
vn -0.731383 0.503808 0.459626
vn -0.726484 0.623141 0.289683
vn -0.669424 0.733007 0.120716
vn -0.871030 0.454575 0.186197
vn -0.750730 0.632209 0.191613
vn -0.871030 0.454575 0.186197
vn -0.812801 0.466244 0.349245
vn -0.831466 0.491439 0.259137
vn -0.084999 0.896459 -0.434897
vn -0.174465 0.916646 -0.359613
vn -0.095132 0.919352 -0.381762
vn -0.193310 0.959559 -0.204639
vn -0.174465 0.916646 -0.359613
vn -0.069382 0.964674 -0.254148
vn -0.123826 0.960577 0.248917
vn -0.145162 0.936539 0.319096
vn -0.259022 0.920355 0.293009
vn -0.154523 0.779494 -0.607052
vn -0.206980 0.917855 -0.338675
vn -0.082987 0.695470 -0.713747
vn 0.379226 0.738897 0.556973
vn 0.738536 0.062375 0.671323
vn 0.219439 0.171457 0.960442
vn 0.449458 0.632970 0.630346
vn 0.738536 0.062375 0.671323
vn 0.594506 0.529411 0.605216
vn 0.741231 0.515594 0.429813
vn 0.812941 0.582208 0.012649
vn 0.899197 0.363207 0.243978
vn 0.087412 0.951070 -0.296352
vn 0.152572 0.986728 0.055587
vn 0.812941 0.582208 0.012649
vn 0.152572 0.986728 0.055587
vn 0.087412 0.951070 -0.296352
vn -0.201984 0.975626 -0.085765
vn -0.145901 0.760253 -0.633031
vn -0.201984 0.975626 -0.085765
vn 0.087412 0.951070 -0.296352
vn -0.361730 0.880004 0.307805
vn -0.440639 0.837699 0.322642
vn -0.470661 0.802519 0.366663
vn -0.245998 0.498909 0.831009
vn -0.400624 0.753158 0.521779
vn -0.327860 0.877549 0.349879
vn -0.325166 0.926706 -0.188372
vn -0.213281 0.959995 -0.181443
vn -0.406547 0.896250 -0.177355
vn -0.731383 0.503808 0.459626
vn -0.642505 0.751972 0.147395
vn -0.726484 0.623141 0.289683
vn -0.105455 0.930536 0.350689
vn -0.210182 0.862191 0.460923
vn -0.312615 0.920204 0.235576
vn -0.642505 0.751972 0.147395
vn -0.625906 0.779220 -0.032525
vn -0.726484 0.623141 0.289683
vn -0.373964 0.925873 0.053939
vn -0.406547 0.896250 -0.177355
vn -0.213281 0.959995 -0.181443
vn -0.642505 0.751972 0.147395
vn -0.406547 0.896250 -0.177355
vn -0.625906 0.779220 -0.032525
vn -0.625906 0.779220 -0.032525
vn -0.312615 0.920204 0.235576
vn -0.563259 0.790305 0.241158
vn -0.327315 0.876078 0.354052
vn -0.353317 0.912740 0.205116
vn -0.377534 0.791411 0.480766
vn -0.494775 -0.068451 0.866321
vn -0.373964 0.925873 0.053939
vn -0.373142 0.258507 0.891033
vn -0.237921 -0.326033 0.914930
vn -0.324870 0.620745 0.713537
vn -0.191949 -0.784753 0.589337
vn -0.191949 -0.784753 0.589337
vn -0.324870 0.620745 0.713537
vn -0.494775 -0.068451 0.866321
vn -0.373964 0.925873 0.053939
vn -0.494775 -0.068451 0.866321
vn -0.324870 0.620745 0.713537
vn -0.062132 -0.863139 0.501129
vn -0.237921 -0.326033 0.914930
vn -0.191949 -0.784753 0.589337
vn -0.245998 0.498909 0.831009
vn -0.237921 -0.326033 0.914930
vn -0.145903 -0.572394 0.806894
vn -0.245998 0.498909 0.831009
vn -0.145903 -0.572394 0.806894
vn 0.014803 -0.742296 0.669909
vn -0.245998 0.498909 0.831009
vn -0.327860 0.877549 0.349879
vn -0.105455 0.930536 0.350689
vn -0.045756 0.939841 -0.338535
vn -0.064208 0.916013 -0.395977
vn 0.054225 0.900206 -0.432075
vn -0.090055 0.966341 -0.240987
vn -0.008032 0.853353 -0.521272
vn -0.134386 0.979974 -0.146939
vn -0.206980 0.917855 -0.338675
vn -0.145901 0.760253 -0.633031
vn -0.082987 0.695470 -0.713747
vn 0.087412 0.951070 -0.296352
vn -0.156186 0.565470 -0.809846
vn -0.145901 0.760253 -0.633031
vn -0.047450 -0.923313 -0.381105
vn 0.046978 0.396452 -0.916853
vn -0.165643 -0.950656 -0.262327
vn 0.255584 0.941211 -0.220906
vn 0.046978 0.396452 -0.916853
vn 0.288055 0.341454 -0.894669
vn 0.048865 0.773269 -0.632192
vn -0.113831 0.845834 -0.521160
vn 0.226566 0.330629 -0.916162
vn 0.208235 -0.077069 -0.975038
vn 0.048865 0.773269 -0.632192
vn 0.241721 -0.583313 -0.775446
vn -0.084600 -0.994961 0.053806
vn 0.208235 -0.077069 -0.975038
vn 0.241721 -0.583313 -0.775446
vn 0.046978 0.396452 -0.916853
vn 0.208235 -0.077069 -0.975038
vn -0.165643 -0.950656 -0.262327
vn 0.127883 0.728218 0.673308
vn -0.346059 0.934785 -0.080123
vn -0.092451 0.702474 0.705679
vn -0.650972 0.127314 -0.748349
vn -0.346059 0.934785 -0.080123
vn -0.102891 0.982599 0.154639
vn -0.580074 -0.510056 -0.635104
vn -0.790468 0.452744 -0.412533
vn -0.773288 0.622112 0.122483
vn -0.815662 0.577834 0.028354
vn -0.917257 0.386254 0.097202
vn -0.080443 0.851398 0.518315
vn -0.356197 -0.133766 -0.924787
vn -0.223397 0.121407 -0.967137
vn -0.546675 0.334209 -0.767757
vn -0.109514 0.955441 -0.274116
vn 0.163499 0.955273 0.246417
vn 0.509527 0.750685 0.420541
vn -0.538941 -0.217700 -0.813726
vn -0.790468 0.452744 -0.412533
vn -0.580074 -0.510056 -0.635104
vn -0.080443 0.851398 0.518315
vn -0.790468 0.452744 -0.412533
vn -0.109514 0.955441 -0.274116
vn -0.528484 0.848844 0.012996
vn -0.633718 0.750958 0.185645
vn -0.615015 0.787303 0.043719
vn -0.633718 0.750958 0.185645
vn -0.359352 0.918804 0.163293
vn -0.490846 0.776769 0.394588
vn -0.917257 0.386254 0.097202
vn -0.594633 0.785696 0.170570
vn -0.628925 0.661350 0.408742
vn -0.815662 0.577834 0.028354
vn -0.633718 0.750958 0.185645
vn -0.594633 0.785696 0.170570
vn -0.642505 0.751972 0.147395
vn -0.757194 0.579322 0.301735
vn -0.492449 0.866520 0.081471
vn -0.871030 0.454575 0.186197
vn -0.757194 0.579322 0.301735
vn -0.812801 0.466244 0.349245
vn -0.164699 0.959119 -0.230141
vn -0.297771 0.951895 -0.072310
vn -0.353317 0.912740 0.205116
vn -0.061453 0.924051 -0.377298
vn -0.164699 0.959119 -0.230141
vn -0.231994 0.971212 -0.054098
vn 0.687680 0.621834 0.374726
vn 0.821602 0.506038 0.262480
vn 0.152572 0.986728 0.055587
vn 0.751174 0.653717 -0.091605
vn 0.821602 0.506038 0.262480
vn 0.756374 0.630067 0.175823
vn 0.846104 0.406646 0.344596
vn 0.628631 0.415705 0.657276
vn 0.899197 0.363207 0.243978
vn 0.087412 0.951070 -0.296352
vn 0.741231 0.515594 0.429813
vn 0.231950 0.852691 -0.468100
vn 0.628631 0.415705 0.657276
vn 0.405866 -0.020791 0.913696
vn 0.552110 0.747833 0.368674
vn 0.231950 0.852691 -0.468100
vn 0.741231 0.515594 0.429813
vn 0.628631 0.415705 0.657276
vn -0.726484 0.623141 0.289683
vn -0.549353 0.720656 0.422926
vn -0.637434 0.595193 0.489309
vn -0.757194 0.579322 0.301735
vn -0.731383 0.503808 0.459626
vn -0.812801 0.466244 0.349245
vn -0.425037 0.788735 0.444119
vn -0.449065 0.863284 0.230392
vn -0.637434 0.595193 0.489309
vn -0.637434 0.595193 0.489309
vn -0.449065 0.863284 0.230392
vn -0.686279 0.629987 0.363508
vn -0.449065 0.863284 0.230392
vn -0.425037 0.788735 0.444119
vn -0.353317 0.912740 0.205116
vn -0.686279 0.629987 0.363508
vn -0.449065 0.863284 0.230392
vn -0.368243 0.929032 0.035997
vn 0.015345 0.880588 -0.473634
vn -0.082987 0.695470 -0.713747
vn 0.022592 0.912464 -0.408532
vn -0.090055 0.966341 -0.240987
vn -0.154523 0.779494 -0.607052
vn -0.037691 0.829511 -0.557218
vn -0.061453 0.924051 -0.377298
vn -0.064208 0.916013 -0.395977
vn -0.164699 0.959119 -0.230141
vn -0.313147 0.853354 0.416805
vn -0.145162 0.936539 0.319096
vn -0.161818 0.944919 0.284504
vn -0.164699 0.959119 -0.230141
vn -0.064208 0.916013 -0.395977
vn -0.095132 0.919352 -0.381762
vn 0.054225 0.900206 -0.432075
vn -0.064208 0.916013 -0.395977
vn -0.061453 0.924051 -0.377298
vn 0.054225 0.900206 -0.432075
vn -0.061453 0.924051 -0.377298
vn -0.008032 0.853353 -0.521272
vn 0.054225 0.900206 -0.432075
vn 0.052673 0.916580 -0.396368
vn 0.034881 0.986118 -0.162343
vn 0.002438 -0.999966 0.007831
vn -0.125817 -0.937755 0.323707
vn 0.070954 -0.979015 -0.191039
vn 0.040334 -0.909738 0.413220
vn -0.125817 -0.937755 0.323707
vn -0.135110 -0.829984 0.541177
vn 0.044128 -0.895049 0.443779
vn -0.078106 -0.644987 0.760192
vn -0.229594 -0.929088 0.289971
vn 0.132226 -0.451342 -0.882500
vn 0.187014 0.223336 -0.956633
vn -0.174867 -0.948984 -0.262394
vn -0.229594 -0.929088 0.289971
vn -0.078106 -0.644987 0.760192
vn -0.378623 -0.653923 0.655003
vn -0.058431 -0.254125 -0.965405
vn -0.078106 -0.644987 0.760192
vn 0.044128 -0.895049 0.443779
vn -0.080854 -0.775987 -0.625545
vn -0.047450 -0.923313 -0.381105
vn -0.172321 -0.758928 0.627960
vn 0.046978 0.396452 -0.916853
vn -0.047450 -0.923313 -0.381105
vn 0.288055 0.341454 -0.894669
vn 0.117724 0.865696 -0.486530
vn -0.263851 0.607923 -0.748874
vn -0.233133 0.588462 -0.774184
vn -0.187239 0.911352 -0.366578
vn -0.359202 0.592748 -0.720850
vn -0.167013 0.853712 -0.493236
vn 0.009171 0.805375 -0.592694
vn -0.263851 0.607923 -0.748874
vn 0.117724 0.865696 -0.486530
vn -0.241079 0.726450 -0.643546
vn -0.135872 0.911840 -0.387411
vn -0.167013 0.853712 -0.493236
vn 0.547958 0.593949 0.589038
vn 0.110565 0.990205 -0.085265
vn 0.118491 0.991315 -0.057055
vn 0.464917 0.842494 0.272131
vn -0.109873 0.866975 -0.486089
vn 0.147225 0.988319 -0.039366
vn 0.147225 0.988319 -0.039366
vn -0.109873 0.866975 -0.486089
vn -0.187239 0.911352 -0.366578
vn 0.342127 0.937208 -0.067745
vn -0.295374 0.694833 -0.655715
vn -0.109873 0.866975 -0.486089
vn -0.241079 0.726450 -0.643546
vn -0.167013 0.853712 -0.493236
vn -0.263851 0.607923 -0.748874
vn -0.359202 0.592748 -0.720850
vn -0.187239 0.911352 -0.366578
vn -0.417246 0.528274 -0.739481
vn -0.167013 0.853712 -0.493236
vn 0.118491 0.991315 -0.057055
vn 0.110565 0.990205 -0.085265
vn -0.263851 0.607923 -0.748874
vn -0.167013 0.853712 -0.493236
vn -0.359202 0.592748 -0.720850
vn 0.525010 0.697780 0.487306
vn 0.110565 0.990205 -0.085265
vn 0.547958 0.593949 0.589038
vn -0.167013 0.853712 -0.493236
vn 0.110565 0.990205 -0.085265
vn -0.187239 0.911352 -0.366578
vn -0.417246 0.528274 -0.739481
vn -0.360903 0.375220 -0.853791
vn -0.233133 0.588462 -0.774184
vn -0.187239 0.911352 -0.366578
vn -0.109873 0.866975 -0.486089
vn -0.417246 0.528274 -0.739481
vn 0.110565 0.990205 -0.085265
vn 0.147225 0.988319 -0.039366
vn -0.187239 0.911352 -0.366578
vn 0.147225 0.988319 -0.039366
vn 0.525010 0.697780 0.487306
vn 0.464917 0.842494 0.272131
vn 0.632862 0.142637 0.761012
vn 0.525010 0.697780 0.487306
vn 0.587806 0.014561 0.808871
vn 0.667482 0.545649 0.506690
vn 0.632862 0.142637 0.761012
vn 0.507995 -0.027183 0.860931
vn 0.671274 0.607463 -0.424711
vn 0.667482 0.545649 0.506690
vn 0.749190 0.640077 -0.170343
vn 0.632862 0.142637 0.761012
vn 0.667482 0.545649 0.506690
vn 0.464917 0.842494 0.272131
vn 0.632862 0.142637 0.761012
vn 0.464917 0.842494 0.272131
vn 0.525010 0.697780 0.487306
vn 0.507995 -0.027183 0.860931
vn 0.632862 0.142637 0.761012
vn 0.597610 0.236651 0.766067
vn 0.552110 0.747833 0.368674
vn 0.507995 -0.027183 0.860931
vn 0.597610 0.236651 0.766067
vn 0.507995 -0.027183 0.860931
vn 0.405866 -0.020791 0.913696
vn 0.615149 0.191633 0.764767
vn 0.262143 0.887478 -0.379029
vn 0.662048 0.742854 0.099296
vn 0.924970 0.065034 0.374435
vn 0.050673 0.962488 -0.266551
vn -0.116072 0.809700 -0.575251
vn 0.262143 0.887478 -0.379029
vn -0.116072 0.809700 -0.575251
vn 0.050673 0.962488 -0.266551
vn -0.206066 0.954724 -0.214566
vn 0.662048 0.742854 0.099296
vn 0.262143 0.887478 -0.379029
vn 0.009171 0.805375 -0.592694
vn -0.241079 0.726450 -0.643546
vn 0.009171 0.805375 -0.592694
vn -0.116072 0.809700 -0.575251
vn 0.262143 0.887478 -0.379029
vn -0.116072 0.809700 -0.575251
vn 0.009171 0.805375 -0.592694
vn -0.130571 0.845252 -0.518170
vn -0.023524 0.501446 -0.864869
vn -0.209916 0.820044 -0.532412
vn -0.130571 0.845252 -0.518170
vn 0.013608 0.947242 -0.320230
vn -0.050703 0.860452 -0.507003
vn -0.083035 0.300892 -0.950036
vn -0.046446 0.621319 -0.782180
vn 0.060773 0.780759 -0.621869
vn -0.023524 0.501446 -0.864869
vn -0.050703 0.860452 -0.507003
vn -0.046446 0.621319 -0.782180
vn 0.013608 0.947242 -0.320230
vn -0.130571 0.845252 -0.518170
vn -0.122085 0.942611 -0.310774
vn -0.023524 0.501446 -0.864869
vn -0.130571 0.845252 -0.518170
vn -0.050703 0.860452 -0.507003
vn 0.207786 0.974156 0.088576
vn 0.013608 0.947242 -0.320230
vn 0.146443 0.987309 0.061446
vn 0.146443 0.987309 0.061446
vn 0.273530 0.871649 0.406706
vn 0.207786 0.974156 0.088576
vn -0.046446 0.621319 -0.782180
vn 0.097040 0.923799 -0.370376
vn 0.060773 0.780759 -0.621869
vn 0.097040 0.923799 -0.370376
vn -0.050703 0.860452 -0.507003
vn 0.013608 0.947242 -0.320230
vn 0.146443 0.987309 0.061446
vn 0.013608 0.947242 -0.320230
vn -0.122085 0.942611 -0.310774
vn 0.097040 0.923799 -0.370376
vn 0.013608 0.947242 -0.320230
vn 0.207786 0.974156 0.088576
vn -0.122085 0.942611 -0.310774
vn -0.227943 0.967214 -0.111975
vn 0.146443 0.987309 0.061446
vn -0.227943 0.967214 -0.111975
vn 0.201598 0.888070 0.413147
vn 0.349609 0.818197 0.456429
vn -0.280637 0.831665 -0.479141
vn 0.371064 0.681167 0.631129
vn 0.163499 0.955273 0.246417
vn 0.273530 0.871649 0.406706
vn 0.309033 0.897149 0.315629
vn 0.207786 0.974156 0.088576
vn 0.125988 0.990415 0.056611
vn -0.190270 0.848038 -0.494599
vn 0.331085 0.897731 0.290625
vn 0.266669 0.963578 -0.020149
vn 0.207786 0.974156 0.088576
vn 0.309033 0.897149 0.315629
vn -0.615015 0.787303 0.043719
vn 0.201598 0.888070 0.413147
vn -0.227943 0.967214 -0.111975
vn 0.371064 0.681167 0.631129
vn 0.201598 0.888070 0.413147
vn 0.344879 0.778467 0.524450
vn -0.546675 0.334209 -0.767757
vn -0.223397 0.121407 -0.967137
vn -0.280637 0.831665 -0.479141
vn -0.329573 0.228850 -0.915975
vn -0.116580 0.784796 -0.608691
vn -0.223397 0.121407 -0.967137
vn 0.125988 0.990415 0.056611
vn 0.273530 0.871649 0.406706
vn 0.159934 0.960141 0.229239
vn -0.280637 0.831665 -0.479141
vn -0.223397 0.121407 -0.967137
vn -0.116580 0.784796 -0.608691
vn -0.223397 0.121407 -0.967137
vn -0.194528 0.441816 -0.875761
vn -0.298573 0.167996 -0.939485
vn -0.280637 0.831665 -0.479141
vn 0.163499 0.955273 0.246417
vn -0.546675 0.334209 -0.767757
vn -0.109514 0.955441 -0.274116
vn -0.538941 -0.217700 -0.813726
vn -0.546675 0.334209 -0.767757
vn -0.356197 -0.133766 -0.924787
vn -0.546675 0.334209 -0.767757
vn -0.538941 -0.217700 -0.813726
vn 0.159934 0.960141 0.229239
vn 0.273530 0.871649 0.406706
vn 0.349609 0.818197 0.456429
vn 0.125988 0.990415 0.056611
vn 0.309033 0.897149 0.315629
vn 0.273530 0.871649 0.406706
vn 0.159934 0.960141 0.229239
vn 0.349609 0.818197 0.456429
vn 0.371064 0.681167 0.631129
vn 0.125988 0.990415 0.056611
vn 0.159934 0.960141 0.229239
vn -0.116580 0.784796 -0.608691
vn 0.319090 0.931758 0.173232
vn 0.331085 0.897731 0.290625
vn -0.013783 0.992921 0.117973
vn 0.125988 0.990415 0.056611
vn 0.331085 0.897731 0.290625
vn 0.309033 0.897149 0.315629
vn 0.163499 0.955273 0.246417
vn 0.371064 0.681167 0.631129
vn 0.344879 0.778467 0.524450
vn 0.159934 0.960141 0.229239
vn 0.371064 0.681167 0.631129
vn -0.280637 0.831665 -0.479141
vn 0.344879 0.778467 0.524450
vn -0.815662 0.577834 0.028354
vn 0.509527 0.750685 0.420541
vn 0.163499 0.955273 0.246417
vn -0.109514 0.955441 -0.274116
vn -0.546675 0.334209 -0.767757
vn -0.109514 0.955441 -0.274116
vn 0.509527 0.750685 0.420541
vn -0.080443 0.851398 0.518315
vn 0.344879 0.778467 0.524450
vn 0.509527 0.750685 0.420541
vn 0.163499 0.955273 0.246417
vn -0.396813 0.168215 -0.902354
vn -0.329573 0.228850 -0.915975
vn -0.298573 0.167996 -0.939485
vn -0.351556 0.539356 -0.765182
vn -0.116580 0.784796 -0.608691
vn -0.329573 0.228850 -0.915975
vn -0.488090 0.702786 -0.517552
vn -0.356197 -0.133766 -0.924787
vn -0.538941 -0.217700 -0.813726
vn -0.223397 0.121407 -0.967137
vn -0.356197 -0.133766 -0.924787
vn -0.294782 0.514531 -0.805209
vn 0.288055 0.341454 -0.894669
vn -0.047450 -0.923313 -0.381105
vn -0.080854 -0.775987 -0.625545
vn 0.174759 -0.900250 -0.398760
vn 0.334431 0.363621 -0.869446
vn 0.132226 -0.451342 -0.882500
vn -0.174867 -0.948984 -0.262394
vn -0.172321 -0.758928 0.627960
vn 0.044128 -0.895049 0.443779
vn 0.288055 0.341454 -0.894669
vn -0.080854 -0.775987 -0.625545
vn 0.187014 0.223336 -0.956633
vn 0.132226 -0.451342 -0.882500
vn 0.044128 -0.895049 0.443779
vn 0.174759 -0.900250 -0.398760
vn 0.187014 0.223336 -0.956633
vn -0.080854 -0.775987 -0.625545
vn -0.174867 -0.948984 -0.262394
vn -0.026190 0.885914 -0.463110
vn 0.053609 0.615052 -0.786662
vn -0.031967 0.618460 -0.785166
vn 0.332807 0.853514 -0.400941
vn 0.187014 0.223336 -0.956633
vn 0.053609 0.615052 -0.786662
vn -0.313147 0.853354 0.416805
vn -0.450266 0.749849 0.484754
vn -0.265109 0.853548 0.448524
vn -0.396464 0.865165 0.307092
vn -0.259022 0.920355 0.293009
vn -0.265109 0.853548 0.448524
vn -0.370521 0.773470 0.514255
vn -0.450266 0.749849 0.484754
vn -0.377534 0.791411 0.480766
vn -0.210182 0.862191 0.460923
vn -0.370521 0.773470 0.514255
vn -0.319339 0.801913 0.504935
vn -0.384570 0.809651 0.443364
vn -0.464009 0.842006 0.275174
vn -0.396464 0.865165 0.307092
vn -0.361730 0.880004 0.307805
vn -0.470661 0.802519 0.366663
vn -0.370521 0.773470 0.514255
vn -0.377534 0.791411 0.480766
vn -0.450266 0.749849 0.484754
vn -0.313147 0.853354 0.416805
vn -0.470661 0.802519 0.366663
vn -0.450266 0.749849 0.484754
vn -0.370521 0.773470 0.514255
vn -0.327315 0.876078 0.354052
vn -0.377534 0.791411 0.480766
vn -0.313147 0.853354 0.416805
vn -0.377534 0.791411 0.480766
vn -0.549353 0.720656 0.422926
vn -0.319339 0.801913 0.504935
vn -0.450266 0.749849 0.484754
vn -0.384570 0.809651 0.443364
vn -0.265109 0.853548 0.448524
vn -0.464009 0.842006 0.275174
vn -0.384570 0.809651 0.443364
vn -0.470661 0.802519 0.366663
vn -0.361730 0.880004 0.307805
vn -0.370521 0.773470 0.514255
vn -0.210182 0.862191 0.460923
vn -0.400624 0.753158 0.521779
vn -0.361730 0.880004 0.307805
vn -0.327860 0.877549 0.349879
vn -0.370521 0.773470 0.514255
vn -0.377534 0.791411 0.480766
vn -0.319339 0.801913 0.504935
vn -0.625906 0.779220 -0.032525
vn -0.283867 0.904085 0.319451
vn -0.312615 0.920204 0.235576
vn -0.161818 0.944919 0.284504
vn -0.327315 0.876078 0.354052
vn -0.313147 0.853354 0.416805
vn -0.164699 0.959119 -0.230141
vn -0.353317 0.912740 0.205116
vn -0.231994 0.971212 -0.054098
vn -0.245998 0.498909 0.831009
vn -0.105455 0.930536 0.350689
vn -0.283867 0.904085 0.319451
vn -0.361730 0.880004 0.307805
vn -0.105455 0.930536 0.350689
vn -0.327860 0.877549 0.349879
vn -0.425037 0.788735 0.444119
vn -0.549353 0.720656 0.422926
vn -0.377534 0.791411 0.480766
vn -0.425037 0.788735 0.444119
vn -0.637434 0.595193 0.489309
vn -0.549353 0.720656 0.422926
vn -0.625906 0.779220 -0.032525
vn -0.563259 0.790305 0.241158
vn -0.726484 0.623141 0.289683
vn -0.210182 0.862191 0.460923
vn -0.319339 0.801913 0.504935
vn -0.563259 0.790305 0.241158
vn -0.726484 0.623141 0.289683
vn -0.563259 0.790305 0.241158
vn -0.549353 0.720656 0.422926
vn -0.319339 0.801913 0.504935
vn -0.549353 0.720656 0.422926
vn -0.563259 0.790305 0.241158
vn -0.105455 0.930536 0.350689
vn -0.312615 0.920204 0.235576
vn -0.283867 0.904085 0.319451
vn -0.563259 0.790305 0.241158
vn -0.312615 0.920204 0.235576
vn -0.210182 0.862191 0.460923
vn -0.157041 0.520774 -0.839126
vn -0.287771 0.753500 -0.591122
vn -0.257429 0.860365 -0.439889
vn -0.435015 0.670521 -0.600968
vn -0.287771 0.753500 -0.591122
vn -0.327664 0.637902 -0.696934
vn -0.142920 0.958898 0.245128
vn -0.123826 0.960577 0.248917
vn -0.324159 0.939102 0.114058
vn -0.142920 0.958898 0.245128
vn -0.324159 0.939102 0.114058
vn -0.299331 0.951004 0.077414
vn -0.170516 0.985012 -0.025991
vn -0.299331 0.951004 0.077414
vn -0.206980 0.917855 -0.338675
vn -0.123826 0.960577 0.248917
vn -0.142920 0.958898 0.245128
vn -0.087533 0.959126 0.269101
vn -0.008032 0.853353 -0.521272
vn -0.090055 0.966341 -0.240987
vn -0.037691 0.829511 -0.557218
vn -0.087533 0.959126 0.269101
vn -0.142920 0.958898 0.245128
vn -0.090055 0.966341 -0.240987
vn -0.145162 0.936539 0.319096
vn -0.123826 0.960577 0.248917
vn -0.087533 0.959126 0.269101
vn -0.324159 0.939102 0.114058
vn -0.123826 0.960577 0.248917
vn -0.259022 0.920355 0.293009
vn -0.161818 0.944919 0.284504
vn -0.145162 0.936539 0.319096
vn -0.087533 0.959126 0.269101
vn -0.145162 0.936539 0.319096
vn -0.313147 0.853354 0.416805
vn -0.265109 0.853548 0.448524
vn -0.134386 0.979974 -0.146939
vn -0.161818 0.944919 0.284504
vn -0.087533 0.959126 0.269101
vn -0.161818 0.944919 0.284504
vn -0.231994 0.971212 -0.054098
vn -0.327315 0.876078 0.354052
vn -0.299331 0.951004 0.077414
vn -0.170516 0.985012 -0.025991
vn -0.142920 0.958898 0.245128
vn -0.154523 0.779494 -0.607052
vn -0.170516 0.985012 -0.025991
vn -0.206980 0.917855 -0.338675
vn 0.054225 0.900206 -0.432075
vn -0.008032 0.853353 -0.521272
vn -0.037691 0.829511 -0.557218
vn -0.134386 0.979974 -0.146939
vn -0.008032 0.853353 -0.521272
vn -0.061453 0.924051 -0.377298
vn -0.061453 0.924051 -0.377298
vn -0.231994 0.971212 -0.054098
vn -0.134386 0.979974 -0.146939
vn -0.161818 0.944919 0.284504
vn -0.134386 0.979974 -0.146939
vn -0.231994 0.971212 -0.054098
vn 0.054225 0.900206 -0.432075
vn 0.015345 0.880588 -0.473634
vn 0.052673 0.916580 -0.396368
vn -0.154523 0.779494 -0.607052
vn 0.015345 0.880588 -0.473634
vn -0.037691 0.829511 -0.557218
vn -0.193310 0.959559 -0.204639
vn -0.518378 0.852616 0.065806
vn -0.368243 0.929032 0.035997
vn -0.731383 0.503808 0.459626
vn -0.686279 0.629987 0.363508
vn -0.812801 0.466244 0.349245
vn -0.871030 0.454575 0.186197
vn -0.831466 0.491439 0.259137
vn -0.827044 0.558568 0.063243
vn -0.812801 0.466244 0.349245
vn -0.686279 0.629987 0.363508
vn -0.831466 0.491439 0.259137
vn -0.827044 0.558568 0.063243
vn -0.518378 0.852616 0.065806
vn -0.246613 0.968999 0.014949
vn -0.686279 0.629987 0.363508
vn -0.518378 0.852616 0.065806
vn -0.831466 0.491439 0.259137
vn 0.132226 -0.451342 -0.882500
vn -0.031967 0.618460 -0.785166
vn 0.053609 0.615052 -0.786662
vn 0.044128 -0.895049 0.443779
vn 0.132226 -0.451342 -0.882500
vn -0.174867 -0.948984 -0.262394
vn -0.377534 0.791411 0.480766
vn -0.353317 0.912740 0.205116
vn -0.425037 0.788735 0.444119
vn -0.353317 0.912740 0.205116
vn -0.327315 0.876078 0.354052
vn -0.231994 0.971212 -0.054098
vn 0.411180 0.773441 0.482410
vn 0.253064 -0.966264 0.047882
vn 0.701550 -0.559400 0.441473
vn 0.529361 0.284648 0.799220
vn 0.411180 0.773441 0.482410
vn 0.534070 0.198663 0.821768
vn -0.155936 -0.986138 -0.056708
vn 0.701550 -0.559400 0.441473
vn 0.253064 -0.966264 0.047882
vn 0.459729 0.692796 0.555593
vn 0.701550 -0.559400 0.441473
vn 0.553086 -0.813051 0.181778
vn 0.115829 -0.829980 0.545634
vn 0.071458 -0.952375 0.296439
vn -0.148279 -0.159031 0.976075
vn 0.110349 -0.993602 0.024033
vn 0.059511 -0.997337 0.042156
vn 0.124078 -0.987760 0.094529
vn 0.151316 -0.987776 -0.037441
vn 0.059711 -0.996796 -0.053224
vn 0.124078 -0.987760 0.094529
vn -0.560700 -0.515688 0.647828
vn -0.258981 0.270295 0.927291
vn -0.333659 -0.166566 0.927862
vn -0.012267 -0.987266 0.158607
vn 0.151316 -0.987776 -0.037441
vn 0.119071 -0.983489 0.136280
vn -0.279653 0.954581 0.102808
vn -0.215078 0.972995 0.083794
vn 0.010699 0.997863 -0.064460
vn 0.312931 -0.939354 -0.140314
vn 0.022082 -0.996415 0.081673
vn 0.140719 -0.973566 0.179908
vn 0.042547 0.994316 0.097597
vn 0.876651 0.480899 -0.014783
vn 0.399947 -0.915866 -0.035093
vn 0.151145 0.810409 -0.566032
vn -0.140032 0.986207 0.088248
vn 0.538057 0.796623 -0.275474
vn 0.038836 -0.982460 -0.182384
vn 0.151316 -0.987776 -0.037441
vn 0.130469 -0.961795 -0.240683
vn 0.802821 0.433218 0.409635
vn 0.010699 0.997863 -0.064460
vn -0.215078 0.972995 0.083794
vn -0.122031 -0.874322 0.469754
vn -0.069103 -0.963353 0.259181
vn -0.279736 -0.928547 0.244026
vn -0.369469 -0.888311 -0.272756
vn -0.435496 -0.803247 -0.406371
vn -0.433325 -0.850431 -0.298324
vn 0.038836 -0.982460 -0.182384
vn -0.028315 -0.999168 -0.029342
vn -0.036601 -0.998410 -0.042868
vn 0.106096 -0.985328 -0.133687
vn 0.020482 -0.999730 -0.010967
vn -0.028315 -0.999168 -0.029342
vn -0.620484 -0.748854 0.232845
vn -0.302346 -0.685515 0.662312
vn -0.203700 -0.896301 0.393892
vn -0.030612 -0.999496 -0.008367
vn -0.394544 -0.851933 0.344304
vn -0.138643 -0.896531 0.420726
vn 0.106096 -0.985328 -0.133687
vn 0.163478 -0.983053 -0.082956
vn 0.245683 -0.968671 -0.036280
vn -0.138643 -0.896531 0.420726
vn 0.093542 -0.821530 0.562439
vn -0.030612 -0.999496 -0.008367
vn 0.109341 -0.943233 0.313617
vn 0.630533 -0.615867 0.472372
vn 0.186043 -0.826279 0.531650
vn 0.166650 -0.984472 0.055163
vn 0.253669 -0.962244 -0.098683
vn 0.115734 -0.946233 0.302075
vn -0.394544 -0.851933 0.344304
vn -0.030612 -0.999496 -0.008367
vn -0.076956 -0.994824 0.066362
vn 0.106096 -0.985328 -0.133687
vn 0.245683 -0.968671 -0.036280
vn 0.020482 -0.999730 -0.010967
vn 0.242878 0.891628 -0.382112
vn 0.239730 0.800954 -0.548636
vn 0.076553 0.279544 -0.957076
vn -0.001498 -0.999992 0.003700
vn -0.157154 -0.974456 0.160431
vn -0.070896 -0.899248 0.431655
vn -0.549702 -0.431123 0.715514
vn 0.093542 -0.821530 0.562439
vn -0.936124 -0.251360 0.245948
vn 0.802821 0.433218 0.409635
vn 0.235549 -0.941416 0.241354
vn 0.877724 0.374613 0.298774
vn 0.973186 -0.087536 -0.212714
vn 0.775890 -0.630104 -0.031050
vn 0.479590 -0.875339 0.061439
vn -0.122031 -0.874322 0.469754
vn 0.131769 -0.744401 0.654602
vn -0.097612 -0.752275 0.651579
vn 0.136128 0.967661 -0.212372
vn 0.010699 0.997863 -0.064460
vn 0.382981 0.902510 -0.196983
vn -0.043845 0.987204 -0.153317
vn 0.136128 0.967661 -0.212372
vn 0.004739 0.996627 -0.081925
vn -0.108951 -0.818110 0.564647
vn -0.406277 -0.728074 0.552129
vn -0.120756 -0.608187 0.784555
vn 0.031059 0.999411 -0.014588
vn 0.004739 0.996627 -0.081925
vn 0.164993 0.981483 -0.097305
vn 0.053860 0.997852 0.037304
vn -0.028518 0.998864 -0.038171
vn 0.004739 0.996627 -0.081925
vn -0.303074 0.901236 -0.309709
vn 0.428687 -0.137071 -0.892994
vn -0.000187 0.952121 -0.305720
vn 0.164993 0.981483 -0.097305
vn 0.004739 0.996627 -0.081925
vn 0.136128 0.967661 -0.212372
vn 0.382981 0.902510 -0.196983
vn 0.877724 0.374613 0.298774
vn 0.342770 0.922252 -0.178772
vn -0.148877 0.987683 -0.048154
vn 0.136128 0.967661 -0.212372
vn -0.043845 0.987204 -0.153317
vn -0.148877 0.987683 -0.048154
vn -0.043845 0.987204 -0.153317
vn -0.070550 0.985326 -0.155423
vn 0.867502 -0.489814 -0.086729
vn 0.795496 -0.596169 -0.108478
vn 0.768883 0.570969 0.287774
vn -0.070651 0.844369 0.531083
vn 0.533856 0.800647 0.271960
vn 0.250176 0.776862 0.577838
vn 0.583083 -0.812114 -0.022035
vn 0.808871 -0.573946 -0.127726
vn 0.399947 -0.915866 -0.035093
vn 0.795496 -0.596169 -0.108478
vn 0.369150 -0.922131 0.115768
vn 0.876651 0.480899 -0.014783
vn 0.399947 -0.915866 -0.035093
vn 0.369150 -0.922131 0.115768
vn 0.583083 -0.812114 -0.022035
vn -0.023937 -0.979646 -0.199302
vn 0.142205 -0.983416 0.112568
vn 0.345153 -0.919702 -0.187132
vn 0.553459 0.692914 -0.462118
vn 0.808871 -0.573946 -0.127726
vn 0.583083 -0.812114 -0.022035
vn -0.382577 0.773428 0.505415
vn 0.459889 0.887719 -0.021392
vn 0.483174 0.870725 -0.091546
vn 0.621445 0.550858 0.557101
vn 0.632123 0.116623 0.766041
vn 0.816719 0.332039 0.471932
vn 0.583043 0.648375 -0.489561
vn -0.137293 0.684839 0.715644
vn 0.250176 0.776862 0.577838
vn 0.483174 0.870725 -0.091546
vn 0.630612 0.412375 0.657476
vn -0.355121 0.682850 0.638440
vn 0.973186 -0.087536 -0.212714
vn 0.808871 -0.573946 -0.127726
vn 0.553459 0.692914 -0.462118
vn 0.816719 0.332039 0.471932
vn 0.862661 -0.158988 0.480145
vn 0.621445 0.550858 0.557101
vn 0.121208 0.990834 0.059634
vn 0.053860 0.997852 0.037304
vn 0.768883 0.570969 0.287774
vn 0.038836 -0.982460 -0.182384
vn 0.106096 -0.985328 -0.133687
vn -0.028315 -0.999168 -0.029342
vn 0.491083 -0.820559 -0.292440
vn 0.603959 -0.794097 0.068143
vn -0.069754 0.997549 0.005598
vn 0.186043 -0.826279 0.531650
vn 0.630533 -0.615867 0.472372
vn 0.711252 -0.229957 0.664259
vn -0.158089 -0.813850 -0.559157
vn 0.218015 -0.970149 0.106214
vn -0.153224 -0.972072 -0.177761
vn 0.756696 0.562284 -0.333537
vn 0.658693 0.751279 -0.041276
vn 0.962342 -0.271663 -0.009873
vn 0.962342 -0.271663 -0.009873
vn 0.949511 -0.111599 0.293213
vn -0.008453 -0.981864 0.189400
vn 0.430781 -0.901489 0.041777
vn 0.622852 -0.765025 -0.163683
vn -0.076956 -0.994824 0.066362
vn -0.436153 0.537973 -0.721357
vn -0.222805 0.796802 -0.561663
vn 0.128343 -0.821593 -0.555439
vn 0.098750 -0.445051 -0.890044
vn 0.115829 -0.829980 0.545634
vn -0.037432 -0.890952 0.452551
vn 0.332293 -0.774212 -0.538682
vn 0.137686 -0.947833 -0.287498
vn 0.187941 -0.746648 0.638118
vn 0.107013 -0.104523 0.988748
vn -0.258981 0.270295 0.927291
vn -0.237618 0.660480 0.712253
vn 0.107013 -0.104523 0.988748
vn -0.187825 -0.587908 -0.786820
vn -0.037432 -0.890952 0.452551
vn 0.712944 -0.696286 0.083049
vn 0.547864 -0.799155 0.247378
vn 0.304005 -0.949209 -0.081136
vn 0.071458 -0.952375 0.296439
vn 0.098750 -0.445051 -0.890044
vn -0.095328 -0.134135 -0.986367
vn 0.671197 -0.741269 0.003858
vn -0.077430 -0.386622 -0.918982
vn 0.051481 -0.969521 0.239540
vn -0.371146 -0.700834 -0.609165
vn -0.350591 -0.617825 -0.703831
vn -0.158089 -0.813850 -0.559157
vn -0.258981 0.270295 0.927291
vn -0.560700 -0.515688 0.647828
vn -0.237618 0.660480 0.712253
vn -0.369469 -0.888311 -0.272756
vn -0.245215 -0.948333 -0.201332
vn -0.371146 -0.700834 -0.609165
vn 0.332599 -0.890409 -0.310725
vn 0.610202 -0.603998 -0.512678
vn 0.398409 -0.900141 -0.176115
vn -0.013909 -0.634122 -0.773108
vn -0.028508 -0.445530 -0.894813
vn 0.197430 0.395384 -0.897047
vn 0.542447 0.794245 0.273728
vn 0.121874 0.990955 -0.056167
vn 0.351527 0.935672 0.030770
vn -0.043845 0.987204 -0.153317
vn 0.004739 0.996627 -0.081925
vn -0.028518 0.998864 -0.038171
vn 0.233406 0.972359 -0.006294
vn 0.489865 0.826501 0.277361
vn 0.334694 0.908194 0.251325
vn -0.030612 -0.999496 -0.008367
vn 0.097099 -0.984554 0.145687
vn -0.076956 -0.994824 0.066362
vn 0.010699 0.997863 -0.064460
vn 0.136128 0.967661 -0.212372
vn -0.148877 0.987683 -0.048154
vn -0.578668 0.167993 0.798074
vn -0.936124 -0.251360 0.245948
vn -0.865064 -0.494992 -0.081535
vn 0.250176 0.776862 0.577838
vn 0.973186 -0.087536 -0.212714
vn 0.583043 0.648375 -0.489561
vn -0.223890 0.827197 -0.515382
vn -0.106722 0.656796 -0.746478
vn -0.205408 0.729228 -0.652713
vn -0.138643 -0.896531 0.420726
vn -0.394544 -0.851933 0.344304
vn -0.560555 -0.495615 0.663433
vn 0.711252 -0.229957 0.664259
vn 0.834393 0.551150 0.004654
vn 0.756696 0.562284 -0.333537
vn -0.813575 -0.140600 -0.564205
vn -0.177989 0.826475 -0.534097
vn -0.244193 -0.839146 0.486009
vn 0.184067 -0.974656 0.127144
vn 0.131769 -0.744401 0.654602
vn -0.279736 -0.928547 0.244026
vn -0.271497 -0.960415 0.062393
vn 0.118542 -0.894887 0.430262
vn -0.411514 -0.851155 -0.325869
vn -0.369038 -0.822265 0.433233
vn -0.549702 -0.431123 0.715514
vn -0.559792 0.131718 0.818097
vn 0.104173 -0.992709 0.060639
vn 0.030063 -0.999529 0.006215
vn 0.119071 -0.983489 0.136280
vn -0.232290 -0.926555 -0.295867
vn -0.183700 -0.659771 0.728667
vn -0.378724 -0.839368 0.389910
vn -0.182331 0.947860 -0.261376
vn -0.422458 0.885454 -0.193653
vn -0.596408 0.785412 -0.165606
vn 0.394378 0.513802 -0.761888
vn -0.028054 0.063569 -0.997583
vn 0.118542 -0.894887 0.430262
vn -0.394544 -0.851933 0.344304
vn 0.622852 -0.765025 -0.163683
vn -0.560555 -0.495615 0.663433
vn -0.266600 0.942662 -0.200779
vn 0.064290 0.979631 0.190236
vn -0.422458 0.885454 -0.193653
vn -0.382577 0.773428 0.505415
vn -0.429995 0.761253 0.485385
vn -0.681688 0.550961 0.481397
vn 0.828111 0.558011 -0.053445
vn 0.639576 0.721074 0.266447
vn 0.909203 -0.398086 -0.121971
vn 0.503141 0.743527 0.440473
vn 0.292789 0.906469 0.304282
vn 0.022094 0.990309 0.137113
vn -0.480673 0.221221 -0.848537
vn -0.546884 -0.266253 -0.793742
vn -0.447715 -0.718754 -0.531924
vn 0.218015 -0.970149 0.106214
vn -0.158089 -0.813850 -0.559157
vn 0.047959 -0.965760 0.254967
vn 0.024203 -0.929811 0.367240
vn 0.006048 -0.886597 0.462503
vn 0.022843 -0.969796 -0.242845
vn -0.235976 -0.706867 -0.666824
vn -0.184337 -0.887301 -0.422749
vn -0.350591 -0.617825 -0.703831
vn -0.076956 -0.994824 0.066362
vn 0.622852 -0.765025 -0.163683
vn -0.394544 -0.851933 0.344304
vn -0.337430 -0.900735 -0.273528
vn -0.480673 0.221221 -0.848537
vn -0.447715 -0.718754 -0.531924
vn 0.004739 0.996627 -0.081925
vn 0.031059 0.999411 -0.014588
vn 0.053860 0.997852 0.037304
vn -0.433325 -0.850431 -0.298324
vn -0.435496 -0.803247 -0.406371
vn -0.501557 -0.814695 -0.291055
vn 0.457461 -0.872222 0.173086
vn 0.414841 -0.889620 0.191007
vn 0.513366 -0.749603 0.417792
vn 0.218015 -0.970149 0.106214
vn 0.430781 -0.901489 0.041777
vn -0.076956 -0.994824 0.066362
vn -0.070651 0.844369 0.531083
vn 0.297690 0.414997 0.859743
vn 0.503611 0.124579 0.854901
vn 0.047959 -0.965760 0.254967
vn -0.158089 -0.813850 -0.559157
vn -0.184337 -0.887301 -0.422749
vn -0.703020 -0.590068 -0.396966
vn -0.435496 -0.803247 -0.406371
vn -0.672807 -0.241791 -0.699190
vn 0.342770 0.922252 -0.178772
vn 0.164993 0.981483 -0.097305
vn 0.136128 0.967661 -0.212372
vn -0.148279 -0.159031 0.976075
vn -0.302974 -0.413995 0.858379
vn -0.333659 -0.166566 0.927862
vn 0.520104 0.458807 -0.720408
vn 0.661137 -0.328573 -0.674491
vn 0.515453 -0.776500 -0.362430
vn -0.515854 0.850571 0.102092
vn -0.672870 0.734317 0.089586
vn -0.091242 0.974709 0.204004
vn -0.258292 0.954904 -0.146433
vn -0.177989 0.826475 -0.534097
vn -0.173108 0.980392 -0.094154
vn 0.422959 0.542335 0.725933
vn 0.621445 0.550858 0.557101
vn -0.370919 0.877402 -0.304278
vn 0.093542 -0.821530 0.562439
vn -0.549702 -0.431123 0.715514
vn 0.349425 -0.910431 -0.221400
vn 0.120179 -0.682222 -0.721200
vn 0.476380 0.024776 -0.878890
vn 0.669409 -0.740707 -0.056968
vn -0.355121 0.682850 0.638440
vn -0.353262 0.867530 0.350140
vn -0.822016 0.259584 0.506858
vn -0.118084 0.925342 -0.360276
vn 0.296679 0.898568 -0.323352
vn 0.931394 -0.033598 0.362458
vn 0.494943 0.585588 -0.641964
vn 0.546476 -0.161384 -0.821778
vn 0.661137 -0.328573 -0.674491
vn 0.795496 -0.596169 -0.108478
vn 0.913391 -0.159334 -0.374605
vn 0.583083 -0.812114 -0.022035
vn 0.934975 -0.070253 0.347687
vn 0.513366 -0.749603 0.417792
vn 0.163164 -0.985086 -0.054618
vn -0.667692 0.688958 -0.282001
vn -0.162267 0.928605 -0.333710
vn -0.180579 0.983160 -0.028077
vn -0.073175 -0.983503 0.165433
vn 0.163478 -0.983053 -0.082956
vn 0.007073 -0.998071 -0.061686
vn 0.115734 -0.946233 0.302075
vn 0.253669 -0.962244 -0.098683
vn 0.105200 -0.993854 0.034449
vn -0.037274 -0.890327 0.453793
vn 0.133834 -0.956126 0.260599
vn 0.051481 -0.969521 0.239540
vn 0.934975 -0.070253 0.347687
vn 0.457461 -0.872222 0.173086
vn 0.513366 -0.749603 0.417792
vn 0.137036 -0.470224 0.871843
vn 0.081758 -0.444531 0.892025
vn 0.009169 -0.894341 0.447292
vn -0.634757 0.654043 0.411475
vn -0.353262 0.867530 0.350140
vn -0.596408 0.785412 -0.165606
vn -0.014539 -0.990057 -0.139913
vn 0.128343 -0.821593 -0.555439
vn 0.193457 -0.978392 0.072958
vn 0.895219 -0.381423 -0.230433
vn 0.909203 -0.398086 -0.121971
vn 0.568190 -0.809453 -0.148140
vn 0.630825 0.670179 0.391049
vn 0.925665 -0.376806 0.034089
vn 0.639576 0.721074 0.266447
vn 0.102555 -0.908563 -0.404965
vn 0.302494 -0.718819 -0.625936
vn 0.227180 -0.949359 -0.217039
vn 0.227302 -0.817332 0.529436
vn 0.181424 -0.667604 0.722074
vn 0.349160 -0.758733 0.549920
vn -0.127839 0.991395 -0.028177
vn -0.258292 0.954904 -0.146433
vn -0.173108 0.980392 -0.094154
vn -0.069103 -0.963353 0.259181
vn 0.140719 -0.973566 0.179908
vn -0.070896 -0.899248 0.431655
vn -0.635951 -0.617971 -0.462254
vn -0.667692 0.688958 -0.282001
vn -0.180579 0.983160 -0.028077
vn -0.577415 -0.321786 -0.750364
vn -0.433098 -0.860056 -0.269684
vn -0.396640 -0.742819 -0.539349
vn 0.119071 -0.983489 0.136280
vn 0.151316 -0.987776 -0.037441
vn 0.124078 -0.987760 0.094529
vn -0.173108 0.980392 -0.094154
vn -0.180579 0.983160 -0.028077
vn -0.192395 0.980486 0.040388
vn -0.012267 -0.987266 0.158607
vn 0.142205 -0.983416 0.112568
vn -0.138237 -0.990284 0.015095
vn 0.185140 -0.815772 0.547941
vn -0.447715 -0.718754 -0.531924
vn -0.135955 -0.927130 -0.349208
vn 0.802821 0.433218 0.409635
vn 0.184067 -0.974656 0.127144
vn 0.235549 -0.941416 0.241354
vn 0.768883 0.570969 0.287774
vn 0.463558 0.845575 0.264795
vn 0.634163 -0.700653 0.326991
vn 0.377151 0.762953 -0.525033
vn 0.302494 -0.718819 -0.625936
vn 0.063693 0.655424 -0.752571
vn 0.130469 -0.961795 -0.240683
vn 0.007073 -0.998071 -0.061686
vn 0.106096 -0.985328 -0.133687
vn -0.036601 -0.998410 -0.042868
vn 0.110349 -0.993602 0.024033
vn 0.059711 -0.996796 -0.053224
vn -0.739563 -0.651093 0.170662
vn -0.014539 -0.990057 -0.139913
vn -0.045087 -0.886840 0.459872
vn -0.037274 -0.890327 0.453793
vn 0.005730 -0.776188 -0.630475
vn 0.063608 -0.936559 -0.344691
vn 0.345153 -0.919702 -0.187132
vn 0.239182 -0.949898 -0.201212
vn 0.266330 -0.792605 -0.548494
vn -0.087978 -0.757800 0.646528
vn -0.127183 -0.968286 -0.215052
vn -0.296621 -0.952428 0.069980
vn 0.302714 0.952991 -0.013164
vn -0.672807 -0.241791 -0.699190
vn 0.292789 0.906469 0.304282
vn 0.302714 0.952991 -0.013164
vn 0.537113 0.763388 0.358814
vn 0.535070 0.836077 0.121142
vn 0.070228 0.997179 -0.026497
vn 0.504806 0.843049 -0.185580
vn 0.141134 0.943150 -0.300914
vn -0.000187 0.952121 -0.305720
vn -0.394658 0.872073 0.289366
vn -0.468983 0.802752 0.368299
vn 0.922824 0.363174 0.128454
vn 0.554520 0.806343 -0.205717
vn 0.413815 0.907413 -0.073208
vn 0.246141 -0.965763 0.081954
vn 0.085250 -0.992966 -0.082162
vn 0.324740 -0.798900 0.506263
vn -0.435496 -0.803247 -0.406371
vn -0.703020 -0.590068 -0.396966
vn -0.501557 -0.814695 -0.291055
vn 0.108081 -0.839064 0.533189
vn 0.324740 -0.798900 0.506263
vn -0.018565 -0.976675 0.213919
vn 0.302714 0.952991 -0.013164
vn -0.540313 0.376297 -0.752637
vn -0.703020 -0.590068 -0.396966
vn -0.412853 -0.377645 -0.828816
vn -0.435496 -0.803247 -0.406371
vn -0.091035 -0.825093 -0.557615
vn -0.299705 -0.856429 -0.420364
vn -0.100914 -0.870398 -0.481895
vn -0.296621 -0.952428 0.069980
vn 0.288765 -0.718093 0.633212
vn -0.337430 -0.900735 -0.273528
vn -0.447715 -0.718754 -0.531924
vn 0.121874 0.990955 -0.056167
vn 0.262920 0.883716 0.387194
vn 0.006049 0.913429 0.406953
vn -0.244442 0.572162 -0.782866
vn -0.480673 0.221221 -0.848537
vn -0.337430 -0.900735 -0.273528
vn -0.153224 -0.972072 -0.177761
vn 0.022456 -0.994695 0.100383
vn -0.562749 -0.323008 -0.760907
vn -0.164924 0.606940 -0.777447
vn -0.213414 -0.960385 -0.179207
vn -0.096018 -0.045032 -0.994360
vn -0.244442 0.572162 -0.782866
vn -0.337430 -0.900735 -0.273528
vn 0.108081 -0.839064 0.533189
vn -0.145821 0.892355 -0.427128
vn 0.334694 0.908194 0.251325
vn 0.004267 0.986562 -0.163331
vn -0.182331 0.947860 -0.261376
vn -0.596408 0.785412 -0.165606
vn 0.776435 0.592844 0.213740
vn 0.302714 0.952991 -0.013164
vn -0.703020 -0.590068 -0.396966
vn -0.672807 -0.241791 -0.699190
vn -0.299705 -0.856429 -0.420364
vn -0.296621 -0.952428 0.069980
vn -0.397126 -0.896803 -0.195024
vn 0.119071 -0.983489 0.136280
vn 0.124078 -0.987760 0.094529
vn 0.104173 -0.992709 0.060639
vn -0.443526 -0.205894 0.872292
vn -0.630564 -0.639293 0.440107
vn -0.598326 -0.442952 0.667682
vn 0.028358 -0.789669 0.612877
vn 0.006048 -0.886597 0.462503
vn -0.089983 -0.739165 0.667486
vn -0.022834 -0.989049 -0.145808
vn 0.227302 -0.817332 0.529436
vn -0.300205 -0.952107 -0.058046
vn 0.006048 -0.886597 0.462503
vn 0.024203 -0.929811 0.367240
vn -0.031570 -0.667252 0.744163
vn -0.066000 0.263993 -0.962264
vn -0.164924 0.606940 -0.777447
vn -0.063631 0.816826 -0.573364
vn 0.103788 0.979581 -0.172189
vn -0.227979 0.281989 -0.931938
vn 0.097031 0.991716 0.084165
vn -0.286806 -0.883095 0.371329
vn -0.213787 -0.759837 -0.613956
vn -0.292063 -0.862762 0.412724
vn 0.006049 0.913429 0.406953
vn 0.097031 0.991716 0.084165
vn 0.121874 0.990955 -0.056167
vn -0.232852 0.729934 -0.642633
vn 0.233406 0.972359 -0.006294
vn -0.145821 0.892355 -0.427128
vn -0.213414 -0.960385 -0.179207
vn -0.379697 -0.740684 -0.554272
vn -0.007187 -0.877217 0.480041
vn 0.006049 0.913429 0.406953
vn 0.086214 0.979627 0.181381
vn 0.103788 0.979581 -0.172189
vn -0.031570 -0.667252 0.744163
vn -0.131675 -0.906519 0.401105
vn -0.013428 -0.980666 -0.195230
vn -0.096018 -0.045032 -0.994360
vn 0.103788 0.979581 -0.172189
vn -0.164924 0.606940 -0.777447
vn 0.302714 0.952991 -0.013164
vn 0.292789 0.906469 0.304282
vn 0.537113 0.763388 0.358814
vn 0.542447 0.794245 0.273728
vn 0.503141 0.743527 0.440473
vn 0.022094 0.990309 0.137113
vn 0.535070 0.836077 0.121142
vn -0.540313 0.376297 -0.752637
vn 0.302714 0.952991 -0.013164
vn 0.537113 0.763388 0.358814
vn 0.571741 0.755784 0.319221
vn 0.535070 0.836077 0.121142
vn 0.496970 0.789046 0.361147
vn 0.537113 0.763388 0.358814
vn 0.503141 0.743527 0.440473
vn -0.540313 0.376297 -0.752637
vn -0.501557 -0.814695 -0.291055
vn -0.703020 -0.590068 -0.396966
vn -0.043845 0.987204 -0.153317
vn 0.121208 0.990834 0.059634
vn 0.121901 0.991518 -0.045090
vn 0.334694 0.908194 0.251325
vn 0.571741 0.755784 0.319221
vn 0.496970 0.789046 0.361147
vn 0.876651 0.480899 -0.014783
vn 0.121901 0.991518 -0.045090
vn 0.795496 -0.596169 -0.108478
vn -0.256746 -0.937167 -0.236218
vn -0.096018 -0.045032 -0.994360
vn -0.213414 -0.960385 -0.179207
vn 0.496970 0.789046 0.361147
vn 0.503141 0.743527 0.440473
vn 0.542447 0.794245 0.273728
vn 0.017058 0.975234 0.220519
vn 0.256563 0.846457 0.466568
vn 0.463558 0.845575 0.264795
vn 0.233406 0.972359 -0.006294
vn -0.232852 0.729934 -0.642633
vn -0.077726 0.738166 -0.670126
vn -0.049333 0.998746 -0.008598
vn -0.611971 0.777972 -0.142305
vn 0.192814 0.715060 -0.671947
vn -0.300205 -0.952107 -0.058046
vn 0.211752 -0.971161 -0.109582
vn -0.230759 -0.898104 -0.374378
vn 0.022094 0.990309 0.137113
vn 0.006049 0.913429 0.406953
vn 0.262920 0.883716 0.387194
vn 0.059511 -0.997337 0.042156
vn 0.104173 -0.992709 0.060639
vn 0.124078 -0.987760 0.094529
vn -0.622104 -0.674578 0.397406
vn -0.250922 -0.487680 0.836186
vn -0.500245 -0.673284 0.544466
vn 0.007243 -0.993856 0.110440
vn -0.685847 -0.248785 -0.683901
vn -0.513606 -0.657762 -0.550961
vn -0.625965 -0.752285 0.205513
vn -0.572719 -0.559040 0.599555
vn -0.504466 -0.633139 0.587068
vn 0.097099 -0.984554 0.145687
vn -0.030612 -0.999496 -0.008367
vn 0.349425 -0.910431 -0.221400
vn 0.211752 -0.971161 -0.109582
vn -0.030154 -0.999367 0.018881
vn 0.568190 -0.809453 -0.148140
vn 0.121295 -0.939860 0.319297
vn 0.105200 -0.993854 0.034449
vn 0.109341 -0.943233 0.313617
vn -0.289700 -0.312328 -0.904724
vn 0.022094 0.990309 0.137113
vn -0.412853 -0.377645 -0.828816
vn -0.079501 0.985883 -0.147357
vn -0.069754 0.997549 0.005598
vn 0.603959 -0.794097 0.068143
vn 0.372593 0.177186 0.910922
vn -0.137631 0.145852 0.979686
vn 0.030410 -0.791528 0.610376
vn -0.349137 -0.782507 -0.515545
vn -0.463801 -0.615329 -0.637385
vn -0.354484 -0.732184 -0.581590
vn -0.685847 -0.248785 -0.683901
vn -0.500411 0.256248 -0.826998
vn -0.513606 -0.657762 -0.550961
vn 0.280089 -0.500384 0.819247
vn 0.417079 -0.561219 0.714898
vn -0.037274 -0.890327 0.453793
vn 0.009225 -0.984022 0.177810
vn 0.641344 -0.765900 0.045547
vn 0.578106 -0.653918 0.488043
vn 0.007243 -0.993856 0.110440
vn 0.611758 -0.608063 0.505975
vn 0.641344 -0.765900 0.045547
vn 0.075243 -0.816722 0.572104
vn 0.007243 -0.993856 0.110440
vn -0.513606 -0.657762 -0.550961
vn -0.213414 -0.960385 -0.179207
vn -0.164924 0.606940 -0.777447
vn -0.379697 -0.740684 -0.554272
vn -0.429005 0.171131 -0.886944
vn -0.685847 -0.248785 -0.683901
vn -0.733738 -0.126964 -0.667464
vn 0.812347 -0.582926 -0.017014
vn 0.480114 -0.037773 0.876393
vn 0.578106 -0.653918 0.488043
vn -0.070550 0.985326 -0.155423
vn -0.043845 0.987204 -0.153317
vn 0.121901 0.991518 -0.045090
vn 0.774592 0.271066 -0.571428
vn 0.616266 -0.782903 0.085321
vn 0.434040 -0.898336 0.067832
vn 0.480114 -0.037773 0.876393
vn 0.035634 -0.819038 0.572632
vn -0.534509 0.816067 0.219853
vn 0.031059 0.999411 -0.014588
vn 0.017058 0.975234 0.220519
vn 0.053860 0.997852 0.037304
vn -0.115363 0.816971 0.565022
vn -0.534509 0.816067 0.219853
vn 0.035634 -0.819038 0.572632
vn 0.493603 -0.821137 0.286515
vn 0.035634 -0.819038 0.572632
vn 0.480114 -0.037773 0.876393
vn 0.812347 -0.582926 -0.017014
vn 0.578106 -0.653918 0.488043
vn 0.641344 -0.765900 0.045547
vn 0.909203 -0.398086 -0.121971
vn 0.797332 -0.600547 0.060039
vn 0.687863 -0.725020 0.034510
vn 0.376853 -0.887224 0.266113
vn 0.463294 0.758802 0.457798
vn 0.229784 0.262428 0.937193
vn -0.259749 -0.322071 0.910385
vn -0.342092 0.183806 0.921514
vn -0.478419 -0.136689 0.867428
vn -0.697165 0.604162 -0.385939
vn -0.142922 0.971517 -0.189017
vn -0.484835 0.710987 -0.509345
vn 0.493603 -0.821137 0.286515
vn 0.480114 -0.037773 0.876393
vn 0.812347 -0.582926 -0.017014
vn 0.349160 -0.758733 0.549920
vn 0.181424 -0.667604 0.722074
vn 0.028358 -0.789669 0.612877
vn 0.483174 0.870725 -0.091546
vn 0.459889 0.887719 -0.021392
vn 0.067958 0.985755 -0.153846
vn 0.422635 -0.384902 0.820506
vn 0.447909 -0.374487 0.811873
vn 0.652167 -0.366749 0.663455
vn 0.366340 0.929557 0.041464
vn -0.653114 0.734664 0.183602
vn -0.542116 0.817913 0.192691
vn -0.697165 0.604162 -0.385939
vn -0.484835 0.710987 -0.509345
vn -0.387616 0.863315 -0.323175
vn 0.121208 0.990834 0.059634
vn -0.043845 0.987204 -0.153317
vn -0.028518 0.998864 -0.038171
vn 0.867502 -0.489814 -0.086729
vn 0.573764 0.783647 0.238100
vn 0.913391 -0.159334 -0.374605
vn 0.463558 0.845575 0.264795
vn 0.053860 0.997852 0.037304
vn 0.017058 0.975234 0.220519
vn 0.463558 0.845575 0.264795
vn 0.768883 0.570969 0.287774
vn 0.053860 0.997852 0.037304
vn 0.546476 -0.161384 -0.821778
vn 0.120179 -0.682222 -0.721200
vn 0.398409 -0.900141 -0.176115
vn 0.634163 -0.700653 0.326991
vn 0.922824 0.363174 0.128454
vn 0.795519 -0.413711 0.442710
vn 0.302494 -0.718819 -0.625936
vn 0.515453 -0.776500 -0.362430
vn 0.227180 -0.949359 -0.217039
vn -0.510363 0.773018 0.376794
vn -0.438690 0.857610 0.268432
vn 0.573764 0.783647 0.238100
vn 0.297690 0.414997 0.859743
vn -0.070651 0.844369 0.531083
vn -0.137293 0.684839 0.715644
vn 0.064290 0.979631 0.190236
vn 0.425722 0.888115 0.173240
vn 0.795430 -0.060865 0.602981
vn -0.429678 0.836060 -0.341145
vn 0.405207 -0.348072 -0.845372
vn -0.498280 0.489579 -0.715563
vn 0.007750 0.999689 0.023711
vn -0.222805 0.796802 -0.561663
vn -0.199977 0.968067 -0.151182
vn -0.127183 -0.968286 -0.215052
vn 0.179092 -0.796278 0.577813
vn -0.129628 -0.975289 0.178907
vn 0.425722 0.888115 0.173240
vn 0.984833 -0.137538 -0.105770
vn 0.995851 -0.060136 0.068303
vn -0.084702 -0.633425 -0.769155
vn -0.008453 -0.981864 0.189400
vn 0.568318 -0.525358 -0.633257
vn -0.620484 -0.748854 0.232845
vn -0.560700 -0.515688 0.647828
vn -0.302346 -0.685515 0.662312
vn -0.120756 -0.608187 0.784555
vn -0.302974 -0.413995 0.858379
vn -0.148279 -0.159031 0.976075
vn 0.753545 -0.636687 -0.163705
vn -0.013909 -0.634122 -0.773108
vn 0.197430 0.395384 -0.897047
vn -0.333659 -0.166566 0.927862
vn -0.258981 0.270295 0.927291
vn -0.154191 -0.070088 0.985552
vn -0.333659 -0.166566 0.927862
vn -0.302974 -0.413995 0.858379
vn -0.203700 -0.896301 0.393892
vn -0.258981 0.270295 0.927291
vn -0.037432 -0.890952 0.452551
vn -0.154191 -0.070088 0.985552
vn 0.098750 -0.445051 -0.890044
vn -0.187825 -0.587908 -0.786820
vn -0.084702 -0.633425 -0.769155
vn -0.203700 -0.896301 0.393892
vn -0.302974 -0.413995 0.858379
vn -0.236357 -0.958157 0.161461
vn -0.620484 -0.748854 0.232845
vn -0.203700 -0.896301 0.393892
vn -0.068159 -0.992123 -0.105101
vn -0.560700 -0.515688 0.647828
vn -0.333659 -0.166566 0.927862
vn -0.302346 -0.685515 0.662312
vn -0.203700 -0.896301 0.393892
vn -0.302346 -0.685515 0.662312
vn -0.333659 -0.166566 0.927862
vn -0.154191 -0.070088 0.985552
vn -0.148279 -0.159031 0.976075
vn -0.333659 -0.166566 0.927862
vn 0.115829 -0.829980 0.545634
vn 0.098750 -0.445051 -0.890044
vn 0.071458 -0.952375 0.296439
vn 0.434040 -0.898336 0.067832
vn -0.120756 -0.608187 0.784555
vn 0.243343 -0.969184 0.038309
vn -0.203279 -0.955831 -0.212286
vn -0.161776 -0.984911 -0.061466
vn -0.406277 -0.728074 0.552129
vn -0.037432 -0.890952 0.452551
vn -0.258981 0.270295 0.927291
vn 0.107013 -0.104523 0.988748
vn -0.148279 -0.159031 0.976075
vn -0.154191 -0.070088 0.985552
vn 0.115829 -0.829980 0.545634
vn -0.406277 -0.728074 0.552129
vn -0.161776 -0.984911 -0.061466
vn -0.236357 -0.958157 0.161461
vn -0.288875 0.795411 -0.532797
vn -0.204766 0.911378 -0.357017
vn -0.434977 0.805295 -0.402858
vn -0.406277 -0.728074 0.552129
vn -0.302974 -0.413995 0.858379
vn -0.120756 -0.608187 0.784555
vn 0.181762 0.144867 -0.972613
vn -0.106722 0.656796 -0.746478
vn -0.075910 -0.942981 -0.324075
vn -0.406277 -0.728074 0.552129
vn -0.236357 -0.958157 0.161461
vn -0.302974 -0.413995 0.858379
vn -0.075910 -0.942981 -0.324075
vn -0.236357 -0.958157 0.161461
vn -0.161776 -0.984911 -0.061466
vn 0.309669 -0.949290 -0.054355
vn -0.030154 -0.999367 0.018881
vn 0.193071 -0.921780 0.336221
vn -0.241878 0.198362 -0.949815
vn -0.091502 0.668524 -0.738040
vn -0.568207 0.439539 -0.695663
vn -0.525986 -0.050568 0.848988
vn -0.578668 0.167993 0.798074
vn -0.865064 -0.494992 -0.081535
vn -0.477455 -0.271598 0.835626
vn -0.369038 -0.822265 0.433233
vn -0.559792 0.131718 0.818097
vn 0.093542 -0.821530 0.562439
vn 0.349425 -0.910431 -0.221400
vn -0.030612 -0.999496 -0.008367
vn 0.077664 -0.994077 0.076022
vn 0.349425 -0.910431 -0.221400
vn -0.369038 -0.822265 0.433233
vn 0.077664 -0.994077 0.076022
vn -0.369038 -0.822265 0.433233
vn -0.477455 -0.271598 0.835626
vn -0.245215 -0.948333 -0.201332
vn -0.235976 -0.706867 -0.666824
vn -0.350591 -0.617825 -0.703831
vn -0.013428 -0.980666 -0.195230
vn -0.042133 -0.993188 -0.108642
vn 0.028358 -0.789669 0.612877
vn -0.015912 0.907494 -0.419763
vn 0.146300 0.706465 -0.692462
vn 0.242878 0.891628 -0.382112
vn -0.467893 -0.662360 0.585111
vn -0.796320 -0.553898 0.243049
vn -0.150717 -0.787172 0.598034
vn -0.090626 -0.892101 -0.442654
vn -0.091035 -0.825093 -0.557615
vn -0.154275 -0.816768 -0.555958
vn 0.302494 -0.718819 -0.625936
vn -0.162267 0.928605 -0.333710
vn 0.063693 0.655424 -0.752571
vn 0.494943 0.585588 -0.641964
vn 0.520104 0.458807 -0.720408
vn -0.364638 0.926118 -0.096668
vn -0.244940 0.923334 -0.295734
vn 0.943825 0.083947 -0.319604
vn -0.058545 0.917528 -0.393337
vn 0.307952 0.906759 0.288018
vn 0.162471 0.734675 -0.658677
vn -0.041850 0.999098 -0.007205
vn 0.372593 0.177186 0.910922
vn 0.130877 -0.302082 0.944255
vn -0.020182 -0.301817 0.953152
vn 0.066279 -0.645854 -0.760579
vn 0.284008 -0.863514 -0.416754
vn 0.068790 -0.556893 -0.827730
vn -0.090646 0.172834 0.980771
vn 0.010328 -0.311211 0.950285
vn -0.190916 -0.936653 0.293653
vn 0.068790 -0.556893 -0.827730
vn 0.070089 -0.637051 -0.767628
vn 0.066279 -0.645854 -0.760579
vn -0.353262 0.867530 0.350140
vn -0.355121 0.682850 0.638440
vn 0.610345 0.406636 0.679799
vn -0.266600 0.942662 -0.200779
vn -0.182331 0.947860 -0.261376
vn 0.848997 -0.413859 0.328520
vn 0.185140 -0.815772 0.547941
vn 0.288765 -0.718093 0.633212
vn -0.447715 -0.718754 -0.531924
vn 0.995851 -0.060136 0.068303
vn 0.490672 -0.864169 0.111593
vn 0.166028 -0.772558 0.612853
vn -0.577415 -0.321786 -0.750364
vn -0.135955 -0.927130 -0.349208
vn -0.447715 -0.718754 -0.531924
vn 0.272044 -0.677719 0.683146
vn -0.150217 -0.774023 0.615080
vn -0.113993 -0.004766 0.993470
vn -0.546884 -0.266253 -0.793742
vn -0.480673 0.221221 -0.848537
vn -0.905409 -0.419765 0.063490
vn 0.518524 -0.220762 0.826073
vn 0.185140 -0.815772 0.547941
vn 0.447909 -0.374487 0.811873
vn -0.669404 -0.318994 0.670926
vn 0.130877 -0.302082 0.944255
vn -0.433098 -0.860056 -0.269684
vn -0.905409 -0.419765 0.063490
vn -0.433098 -0.860056 -0.269684
vn -0.577415 -0.321786 -0.750364
vn -0.397126 -0.896803 -0.195024
vn -0.054548 -0.991038 -0.121939
vn 0.208377 -0.752427 -0.624846
vn 0.108081 -0.839064 0.533189
vn 0.288765 -0.718093 0.633212
vn 0.324740 -0.798900 0.506263
vn -0.905409 -0.419765 0.063490
vn -0.577415 -0.321786 -0.750364
vn -0.546884 -0.266253 -0.793742
vn -0.447715 -0.718754 -0.531924
vn -0.546884 -0.266253 -0.793742
vn -0.577415 -0.321786 -0.750364
vn -0.495364 -0.419482 0.760690
vn -0.190916 -0.936653 0.293653
vn -0.118166 -0.949940 -0.289225
vn -0.135955 -0.927130 -0.349208
vn -0.577415 -0.321786 -0.750364
vn -0.396640 -0.742819 -0.539349
vn 0.447909 -0.374487 0.811873
vn 0.185140 -0.815772 0.547941
vn -0.135955 -0.927130 -0.349208
vn 0.185140 -0.815772 0.547941
vn 0.518524 -0.220762 0.826073
vn 0.288765 -0.718093 0.633212
vn -0.135955 -0.927130 -0.349208
vn -0.396640 -0.742819 -0.539349
vn 0.371548 -0.915839 -0.152284
vn 0.447909 -0.374487 0.811873
vn 0.422635 -0.384902 0.820506
vn 0.484351 -0.686499 0.542332
vn 0.288765 -0.718093 0.633212
vn 0.518524 -0.220762 0.826073
vn 0.324740 -0.798900 0.506263
vn 0.108081 -0.839064 0.533189
vn -0.337430 -0.900735 -0.273528
vn 0.288765 -0.718093 0.633212
vn 0.246141 -0.965763 0.081954
vn 0.324740 -0.798900 0.506263
vn 0.518524 -0.220762 0.826073
vn -0.018565 -0.976675 0.213919
vn 0.324740 -0.798900 0.506263
vn 0.085250 -0.992966 -0.082162
vn -0.396640 -0.742819 -0.539349
vn 0.030410 -0.791528 0.610376
vn -0.118166 -0.949940 -0.289225
vn 0.371548 -0.915839 -0.152284
vn -0.396640 -0.742819 -0.539349
vn -0.118166 -0.949940 -0.289225
vn 0.447909 -0.374487 0.811873
vn -0.135955 -0.927130 -0.349208
vn 0.371548 -0.915839 -0.152284
vn -0.113993 -0.004766 0.993470
vn -0.150217 -0.774023 0.615080
vn 0.010328 -0.311211 0.950285
vn 0.519164 -0.542844 0.660143
vn 0.652167 -0.366749 0.663455
vn 0.371548 -0.915839 -0.152284
vn 0.371548 -0.915839 -0.152284
vn 0.652167 -0.366749 0.663455
vn 0.447909 -0.374487 0.811873
vn -0.118166 -0.949940 -0.289225
vn -0.137631 0.145852 0.979686
vn -0.495364 -0.419482 0.760690
vn 0.371548 -0.915839 -0.152284
vn -0.118166 -0.949940 -0.289225
vn -0.190916 -0.936653 0.293653
vn 0.201064 -0.859228 0.470426
vn -0.033036 -0.256322 0.966027
vn 0.022598 0.293836 0.955589
vn 0.582982 -0.683806 0.438794
vn -0.113993 -0.004766 0.993470
vn 0.153389 -0.314347 0.936834
vn -0.137631 0.145852 0.979686
vn 0.022598 0.293836 0.955589
vn -0.033036 -0.256322 0.966027
vn -0.190916 -0.936653 0.293653
vn -0.495364 -0.419482 0.760690
vn -0.208411 -0.303764 0.929673
vn -0.090646 0.172834 0.980771
vn -0.190916 -0.936653 0.293653
vn -0.208411 -0.303764 0.929673
vn -0.190916 -0.936653 0.293653
vn 0.519164 -0.542844 0.660143
vn 0.371548 -0.915839 -0.152284
vn -0.041536 -0.744808 0.665985
vn 0.153389 -0.314347 0.936834
vn -0.090646 0.172834 0.980771
vn -0.150217 -0.774023 0.615080
vn -0.200354 -0.638393 0.743177
vn 0.010328 -0.311211 0.950285
vn 0.257930 -0.899094 -0.353697
vn 0.366072 -0.928250 -0.065909
vn 0.383018 -0.917359 -0.108393
vn 0.547864 -0.799155 0.247378
vn 0.790144 -0.592041 0.158618
vn 0.458488 -0.887280 -0.050228
vn 0.376853 -0.887224 0.266113
vn 0.088822 -0.985190 0.146670
vn -0.030403 -0.792113 0.609617
vn -0.280195 -0.959237 0.036808
vn -0.250922 -0.487680 0.836186
vn -0.622104 -0.674578 0.397406
vn -0.087135 -0.532300 0.842060
vn -0.030403 -0.792113 0.609617
vn 0.088822 -0.985190 0.146670
vn -0.514635 0.006434 -0.857385
vn 0.351527 0.935672 0.030770
vn 0.121874 0.990955 -0.056167
vn -0.459611 -0.430143 -0.777004
vn -0.274030 -0.623995 -0.731804
vn 0.052717 -0.863172 -0.502151
vn -0.000994 -0.914508 -0.404568
vn 0.203633 -0.912244 -0.355450
vn 0.119632 -0.991096 -0.058456
vn 0.009225 -0.984022 0.177810
vn 0.007243 -0.993856 0.110440
vn 0.641344 -0.765900 0.045547
vn 0.812347 -0.582926 -0.017014
vn 0.641344 -0.765900 0.045547
vn 0.317345 -0.866946 0.384312
vn -0.360021 -0.821770 0.441678
vn -0.023934 -0.577789 0.815835
vn -0.324397 -0.714608 0.619760
vn -0.087135 -0.532300 0.842060
vn -0.478419 -0.136689 0.867428
vn -0.030403 -0.792113 0.609617
vn -0.283695 0.935824 -0.209167
vn -0.651879 -0.367232 -0.663472
vn -0.301737 0.942214 -0.145559
vn -0.013428 -0.980666 -0.195230
vn -0.169798 -0.919242 -0.355195
vn -0.042133 -0.993188 -0.108642
vn 0.022094 0.990309 0.137113
vn 0.262920 0.883716 0.387194
vn 0.542447 0.794245 0.273728
vn 0.006049 0.913429 0.406953
vn -0.496990 0.811493 -0.307377
vn -0.283695 0.935824 -0.209167
vn 0.022094 0.990309 0.137113
vn 0.292789 0.906469 0.304282
vn -0.412853 -0.377645 -0.828816
vn -0.496990 0.811493 -0.307377
vn 0.006049 0.913429 0.406953
vn 0.022094 0.990309 0.137113
vn 0.121874 0.990955 -0.056167
vn 0.542447 0.794245 0.273728
vn 0.262920 0.883716 0.387194
vn 0.496970 0.789046 0.361147
vn 0.542447 0.794245 0.273728
vn 0.351527 0.935672 0.030770
vn -0.227979 0.281989 -0.931938
vn -0.096018 -0.045032 -0.994360
vn -0.256746 -0.937167 -0.236218
vn -0.463801 -0.615329 -0.637385
vn -0.089406 -0.585944 -0.805405
vn -0.324950 0.122100 -0.937816
vn -0.057120 0.973336 -0.222157
vn 0.496970 0.789046 0.361147
vn 0.351527 0.935672 0.030770
vn -0.145821 0.892355 -0.427128
vn 0.233406 0.972359 -0.006294
vn 0.334694 0.908194 0.251325
vn 0.571741 0.755784 0.319221
vn 0.334694 0.908194 0.251325
vn 0.489865 0.826501 0.277361
vn 0.496970 0.789046 0.361147
vn -0.057120 0.973336 -0.222157
vn 0.004267 0.986562 -0.163331
vn 0.535070 0.836077 0.121142
vn 0.571741 0.755784 0.319221
vn 0.489865 0.826501 0.277361
vn 0.496970 0.789046 0.361147
vn 0.571741 0.755784 0.319221
vn 0.537113 0.763388 0.358814
vn 0.105200 -0.993854 0.034449
vn -0.111600 -0.981934 -0.152811
vn 0.109341 -0.943233 0.313617
vn 0.115734 -0.946233 0.302075
vn 0.105200 -0.993854 0.034449
vn 0.121295 -0.939860 0.319297
vn 0.038836 -0.982460 -0.182384
vn -0.036601 -0.998410 -0.042868
vn 0.059711 -0.996796 -0.053224
vn 0.106096 -0.985328 -0.133687
vn 0.038836 -0.982460 -0.182384
vn 0.130469 -0.961795 -0.240683
vn 0.007073 -0.998071 -0.061686
vn 0.130469 -0.961795 -0.240683
vn -0.138237 -0.990284 0.015095
vn 0.245683 -0.968671 -0.036280
vn 0.166650 -0.984472 0.055163
vn 0.020482 -0.999730 -0.010967
vn 0.124078 -0.987760 0.094529
vn 0.059711 -0.996796 -0.053224
vn 0.110349 -0.993602 0.024033
vn 0.038836 -0.982460 -0.182384
vn 0.059711 -0.996796 -0.053224
vn 0.151316 -0.987776 -0.037441
vn 0.030063 -0.999529 0.006215
vn 0.022082 -0.996415 0.081673
vn 0.119071 -0.983489 0.136280
vn 0.119071 -0.983489 0.136280
vn 0.022082 -0.996415 0.081673
vn -0.012267 -0.987266 0.158607
vn 0.140719 -0.973566 0.179908
vn 0.022082 -0.996415 0.081673
vn 0.030063 -0.999529 0.006215
vn -0.012267 -0.987266 0.158607
vn 0.022082 -0.996415 0.081673
vn 0.062220 -0.996053 0.063309
vn 0.142205 -0.983416 0.112568
vn -0.012267 -0.987266 0.158607
vn 0.062220 -0.996053 0.063309
vn 0.130469 -0.961795 -0.240683
vn 0.151316 -0.987776 -0.037441
vn -0.012267 -0.987266 0.158607
vn 0.142205 -0.983416 0.112568
vn 0.062220 -0.996053 0.063309
vn 0.400469 -0.915243 -0.044213
vn 0.142205 -0.983416 0.112568
vn -0.023937 -0.979646 -0.199302
vn -0.138237 -0.990284 0.015095
vn 0.312931 -0.939354 -0.140314
vn -0.069103 -0.963353 0.259181
vn 0.400469 -0.915243 -0.044213
vn 0.239182 -0.949898 -0.201212
vn -0.317214 -0.939285 0.130840
vn -0.313441 -0.930650 -0.188801
vn -0.001498 -0.999992 0.003700
vn 0.235549 -0.941416 0.241354
vn 0.184067 -0.974656 0.127144
vn -0.279736 -0.928547 0.244026
vn 0.131769 -0.744401 0.654602
vn -0.122031 -0.874322 0.469754
vn 0.436878 0.898584 0.041037
vn -0.019458 0.469457 -0.882741
vn 0.527596 0.812576 -0.247715
vn 0.840825 0.054109 -0.538596
vn 0.826485 0.549985 0.120159
vn 0.527596 0.812576 -0.247715
vn -0.611971 0.777972 -0.142305
vn -0.170214 0.974923 0.143364
vn -0.705347 0.696113 0.133833
vn 0.931394 -0.033598 0.362458
vn 0.401930 -0.915659 0.004553
vn 0.775890 -0.630104 -0.031050
vn -0.276344 0.890949 -0.360339
vn -0.611971 0.777972 -0.142305
vn -0.705347 0.696113 0.133833
vn -0.049333 0.998746 -0.008598
vn 0.192814 0.715060 -0.671947
vn -0.070651 0.844369 0.531083
vn -0.822016 0.259584 0.506858
vn -0.347177 0.574717 0.741059
vn -0.355121 0.682850 0.638440
vn -0.355121 0.682850 0.638440
vn -0.272910 0.791672 0.546604
vn -0.382577 0.773428 0.505415
vn 0.630533 -0.615867 0.472372
vn 0.826485 0.549985 0.120159
vn 0.834393 0.551150 0.004654
vn 0.243343 -0.969184 0.038309
vn 0.412371 -0.515461 -0.751166
vn 0.434040 -0.898336 0.067832
vn 0.802821 0.433218 0.409635
vn 0.877724 0.374613 0.298774
vn 0.382981 0.902510 -0.196983
vn -0.279736 -0.928547 0.244026
vn -0.157154 -0.974456 0.160431
vn 0.184067 -0.974656 0.127144
vn 0.775890 -0.630104 -0.031050
vn 0.401930 -0.915659 0.004553
vn 0.479590 -0.875339 0.061439
vn 0.538057 0.796623 -0.275474
vn 0.399947 -0.915866 -0.035093
vn 0.317784 0.809185 -0.494199
vn 0.876651 0.480899 -0.014783
vn -0.070550 0.985326 -0.155423
vn 0.121901 0.991518 -0.045090
vn -0.148877 0.987683 -0.048154
vn -0.070550 0.985326 -0.155423
vn 0.042547 0.994316 0.097597
vn 0.399947 -0.915866 -0.035093
vn 0.876651 0.480899 -0.014783
vn 0.369150 -0.922131 0.115768
vn -0.070550 0.985326 -0.155423
vn 0.876651 0.480899 -0.014783
vn 0.042547 0.994316 0.097597
vn 0.136128 0.967661 -0.212372
vn 0.382981 0.902510 -0.196983
vn 0.342770 0.922252 -0.178772
vn 0.802821 0.433218 0.409635
vn 0.382981 0.902510 -0.196983
vn 0.010699 0.997863 -0.064460
vn 0.473432 -0.138840 -0.869819
vn 0.384728 0.658920 -0.646382
vn 0.316528 0.212561 -0.924461
vn 0.372799 0.821011 -0.432391
vn 0.297690 0.414997 0.859743
vn 0.583043 0.648375 -0.489561
vn 0.795496 -0.596169 -0.108478
vn 0.121901 0.991518 -0.045090
vn 0.121208 0.990834 0.059634
vn 0.913391 -0.159334 -0.374605
vn 0.795496 -0.596169 -0.108478
vn 0.867502 -0.489814 -0.086729
vn 0.573764 0.783647 0.238100
vn 0.867502 -0.489814 -0.086729
vn 0.795519 -0.413711 0.442710
vn -0.438690 0.857610 0.268432
vn -0.469777 0.767915 -0.435449
vn 0.553459 0.692914 -0.462118
vn 0.053860 0.997852 0.037304
vn 0.121208 0.990834 0.059634
vn -0.028518 0.998864 -0.038171
vn 0.795496 -0.596169 -0.108478
vn 0.121208 0.990834 0.059634
vn 0.768883 0.570969 0.287774
vn 0.256563 0.846457 0.466568
vn 0.669409 -0.740707 -0.056968
vn 0.463558 0.845575 0.264795
vn 0.463558 0.845575 0.264795
vn 0.669409 -0.740707 -0.056968
vn 0.634163 -0.700653 0.326991
vn 0.120179 -0.682222 -0.721200
vn 0.669409 -0.740707 -0.056968
vn 0.256563 0.846457 0.466568
vn 0.634163 -0.700653 0.326991
vn 0.669409 -0.740707 -0.056968
vn 0.928593 -0.357905 0.098074
vn 0.922824 0.363174 0.128454
vn 0.634163 -0.700653 0.326991
vn 0.928593 -0.357905 0.098074
vn 0.867502 -0.489814 -0.086729
vn 0.768883 0.570969 0.287774
vn 0.634163 -0.700653 0.326991
vn 0.922824 0.363174 0.128454
vn 0.928593 -0.357905 0.098074
vn 0.554520 0.806343 -0.205717
vn 0.922824 0.363174 0.128454
vn 0.366340 0.929557 0.041464
vn 0.795519 -0.413711 0.442710
vn 0.476380 0.024776 -0.878890
vn 0.546476 -0.161384 -0.821778
vn 0.554520 0.806343 -0.205717
vn -0.653114 0.734664 0.183602
vn -0.689944 0.717390 0.096584
vn -0.542116 0.817913 0.192691
vn 0.332599 -0.890409 -0.310725
vn 0.227180 -0.949359 -0.217039
vn 0.515453 -0.776500 -0.362430
vn 0.661137 -0.328573 -0.674491
vn 0.520104 0.458807 -0.720408
vn 0.494943 0.585588 -0.641964
vn 0.503611 0.124579 0.854901
vn 0.297690 0.414997 0.859743
vn 0.842794 0.211902 0.494769
vn 0.710331 -0.668408 0.220589
vn 0.514702 0.789290 -0.334818
vn 0.432215 -0.889980 0.145350
vn 0.147507 -0.674294 0.723581
vn 0.063608 -0.936559 -0.344691
vn 0.009169 -0.894341 0.447292
vn 0.133834 -0.956126 0.260599
vn -0.037274 -0.890327 0.453793
vn 0.211263 -0.929541 0.302195
vn -0.100914 -0.870398 -0.481895
vn -0.195909 -0.379646 -0.904151
vn 0.416909 -0.420768 -0.805693
vn 0.280089 -0.500384 0.819247
vn -0.037274 -0.890327 0.453793
vn 0.149777 -0.318967 0.935856
vn -0.133152 -0.972479 0.191195
vn 0.085250 -0.992966 -0.082162
vn 0.192165 -0.958763 -0.209394
vn 0.770674 -0.495976 -0.400087
vn 0.228224 -0.170033 -0.958646
vn 0.208377 -0.752427 -0.624846
vn 0.246141 -0.965763 0.081954
vn 0.484351 -0.686499 0.542332
vn 0.222353 -0.972352 -0.071352
vn 0.192165 -0.958763 -0.209394
vn -0.008932 -0.995131 -0.098161
vn -0.127183 -0.968286 -0.215052
vn 0.484351 -0.686499 0.542332
vn 0.246141 -0.965763 0.081954
vn 0.518524 -0.220762 0.826073
vn 0.085250 -0.992966 -0.082162
vn 0.246141 -0.965763 0.081954
vn 0.222353 -0.972352 -0.071352
vn 0.447909 -0.374487 0.811873
vn 0.484351 -0.686499 0.542332
vn 0.518524 -0.220762 0.826073
vn 0.484351 -0.686499 0.542332
vn 0.422635 -0.384902 0.820506
vn 0.145530 -0.988682 -0.036447
vn 0.085250 -0.992966 -0.082162
vn 0.222353 -0.972352 -0.071352
vn 0.192165 -0.958763 -0.209394
vn 0.085250 -0.992966 -0.082162
vn -0.133152 -0.972479 0.191195
vn -0.018565 -0.976675 0.213919
vn 0.949511 -0.111599 0.293213
vn 0.658693 0.751279 -0.041276
vn 0.769717 -0.168009 -0.615881
vn -0.158933 -0.080008 -0.984042
vn -0.148623 0.340935 -0.928264
vn -0.054984 -0.718173 -0.693689
vn 0.098750 -0.445051 -0.890044
vn -0.037432 -0.890952 0.452551
vn -0.187825 -0.587908 -0.786820
vn -0.154191 -0.070088 0.985552
vn -0.037432 -0.890952 0.452551
vn 0.115829 -0.829980 0.545634
vn 0.568318 -0.525358 -0.633257
vn 0.098750 -0.445051 -0.890044
vn -0.084702 -0.633425 -0.769155
vn -0.095328 -0.134135 -0.986367
vn 0.098750 -0.445051 -0.890044
vn -0.148623 0.340935 -0.928264
vn 0.243343 -0.969184 0.038309
vn -0.120756 -0.608187 0.784555
vn 0.071458 -0.952375 0.296439
vn -0.148279 -0.159031 0.976075
vn 0.071458 -0.952375 0.296439
vn -0.120756 -0.608187 0.784555
vn -0.095328 -0.134135 -0.986367
vn -0.158933 -0.080008 -0.984042
vn 0.412371 -0.515461 -0.751166
vn 0.412371 -0.515461 -0.751166
vn -0.158933 -0.080008 -0.984042
vn 0.792812 0.186917 -0.580096
vn 0.228389 0.862607 -0.451384
vn 0.242878 0.891628 -0.382112
vn 0.146300 0.706465 -0.692462
vn 0.050947 0.183271 -0.981741
vn -0.234571 0.419016 -0.877156
vn 0.021169 0.722651 -0.690889
vn -0.108951 -0.818110 0.564647
vn -0.120756 -0.608187 0.784555
vn 0.434040 -0.898336 0.067832
vn -0.203279 -0.955831 -0.212286
vn 0.239730 0.800954 -0.548636
vn 0.181762 0.144867 -0.972613
vn 0.687863 -0.725020 0.034510
vn 0.568190 -0.809453 -0.148140
vn 0.909203 -0.398086 -0.121971
vn 0.828111 0.558011 -0.053445
vn 0.873341 0.452393 -0.180601
vn 0.269644 0.949156 0.162463
vn -0.549702 -0.431123 0.715514
vn -0.936124 -0.251360 0.245948
vn -0.578668 0.167993 0.798074
vn 0.349425 -0.910431 -0.221400
vn -0.549702 -0.431123 0.715514
vn -0.369038 -0.822265 0.433233
vn -0.436405 -0.605103 0.665884
vn -0.865064 -0.494992 -0.081535
vn -0.271497 -0.960415 0.062393
vn -0.651879 -0.367232 -0.663472
vn -0.446754 -0.857752 -0.254306
vn -0.301737 0.942214 -0.145559
vn 0.047959 -0.965760 0.254967
vn 0.430781 -0.901489 0.041777
vn 0.218015 -0.970149 0.106214
vn -0.158089 -0.813850 -0.559157
vn -0.387494 -0.289903 -0.875103
vn -0.371146 -0.700834 -0.609165
vn -0.013428 -0.980666 -0.195230
vn -0.089983 -0.739165 0.667486
vn -0.031570 -0.667252 0.744163
vn 0.079769 -0.975283 0.206060
vn 0.349160 -0.758733 0.549920
vn -0.042133 -0.993188 -0.108642
vn -0.485069 -0.549397 -0.680346
vn -0.496990 0.811493 -0.307377
vn -0.289700 -0.312328 -0.904724
vn -0.286631 0.240939 -0.927249
vn -0.706899 -0.706663 -0.030356
vn -0.383823 -0.146884 -0.911650
vn 0.314669 -0.940994 -0.124552
vn 0.372428 -0.850497 -0.371420
vn 0.309357 -0.926008 0.216350
vn 0.589316 -0.780852 -0.207308
vn 0.710516 -0.551436 -0.437132
vn 0.575665 -0.816060 0.051528
vn -0.223890 0.827197 -0.515382
vn 0.394378 0.513802 -0.761888
vn 0.197430 0.395384 -0.897047
vn -0.362902 -0.067744 0.929362
vn -0.104671 -0.347423 0.931848
vn -0.460225 -0.385944 0.799525
vn -0.162267 0.928605 -0.333710
vn 0.102555 -0.908563 -0.404965
vn -0.388458 0.683134 -0.618407
vn 0.661137 -0.328573 -0.674491
vn 0.610202 -0.603998 -0.512678
vn 0.515453 -0.776500 -0.362430
vn -0.188903 -0.670302 -0.717643
vn -0.739563 -0.651093 0.170662
vn -0.851403 -0.008348 -0.524446
vn -0.436153 0.537973 -0.721357
vn 0.128343 -0.821593 -0.555439
vn -0.014539 -0.990057 -0.139913
vn 0.051481 -0.969521 0.239540
vn -0.077430 -0.386622 -0.918982
vn 0.005730 -0.776188 -0.630475
vn -0.058545 0.917528 -0.393337
vn 0.193447 0.977984 -0.078267
vn -0.199977 0.968067 -0.151182
vn 0.797332 -0.600547 0.060039
vn 0.909203 -0.398086 -0.121971
vn 0.925665 -0.376806 0.034089
vn 0.081278 -0.951116 -0.297946
vn -0.230759 -0.898104 -0.374378
vn 0.304005 -0.949209 -0.081136
vn 0.458488 -0.887280 -0.050228
vn 0.790144 -0.592041 0.158618
vn 0.932091 -0.125955 0.339620
vn 0.712944 -0.696286 0.083049
vn 0.304005 -0.949209 -0.081136
vn 0.211752 -0.971161 -0.109582
vn 0.422959 0.542335 0.725933
vn 0.610345 0.406636 0.679799
vn 0.630612 0.412375 0.657476
vn -0.370919 0.877402 -0.304278
vn -0.503675 0.823444 -0.261248
vn -0.358213 0.818850 -0.448518
vn -0.669404 -0.318994 0.670926
vn 0.463294 0.758802 0.457798
vn 0.574211 -0.224868 0.787220
vn -0.118166 -0.949940 -0.289225
vn 0.030410 -0.791528 0.610376
vn -0.137631 0.145852 0.979686
vn -0.669404 -0.318994 0.670926
vn -0.433098 -0.860056 -0.269684
vn -0.905409 -0.419765 0.063490
vn -0.396640 -0.742819 -0.539349
vn -0.433098 -0.860056 -0.269684
vn -0.001641 -0.839749 0.542973
vn -0.036972 -0.999115 -0.020041
vn 0.229784 0.262428 0.937193
vn 0.140927 -0.141730 0.979823
vn -0.342092 0.183806 0.921514
vn -0.020182 -0.301817 0.953152
vn -0.030403 -0.792113 0.609617
vn -0.031570 -0.667252 0.744163
vn -0.007187 -0.877217 0.480041
vn -0.131675 -0.906519 0.401105
vn 0.172730 -0.913967 -0.367190
vn -0.256746 -0.937167 -0.236218
vn -0.136372 -0.972964 0.186395
vn 0.006048 -0.886597 0.462503
vn 0.028358 -0.789669 0.612877
vn 0.181424 -0.667604 0.722074
vn 0.024203 -0.929811 0.367240
vn 0.211101 -0.977239 0.020988
vn -0.007187 -0.877217 0.480041
vn -0.300205 -0.952107 -0.058046
vn 0.227302 -0.817332 0.529436
vn 0.193071 -0.921780 0.336221
vn 0.310908 -0.932184 0.185389
vn 0.081278 -0.951116 -0.297946
vn 0.417980 -0.894211 0.160247
vn 0.007243 -0.993856 0.110440
vn 0.009225 -0.984022 0.177810
vn -0.645176 -0.687174 -0.333975
vn 0.611758 -0.608063 0.505975
vn 0.317345 -0.866946 0.384312
vn 0.641344 -0.765900 0.045547
vn -0.645176 -0.687174 -0.333975
vn -0.685847 -0.248785 -0.683901
vn 0.007243 -0.993856 0.110440
vn -0.500411 0.256248 -0.826998
vn -0.685847 -0.248785 -0.683901
vn -0.429005 0.171131 -0.886944
vn -0.175063 -0.688025 0.704254
vn -0.572719 -0.559040 0.599555
vn 0.317345 -0.866946 0.384312
vn 0.493603 -0.821137 0.286515
vn 0.317345 -0.866946 0.384312
vn -0.625965 -0.752285 0.205513
vn -0.625965 -0.752285 0.205513
vn -0.504466 -0.633139 0.587068
vn -0.370739 -0.559640 0.741185
vn -0.339515 -0.938020 -0.069630
vn 0.061401 -0.583088 0.810085
vn -0.342608 -0.418439 0.841147
vn 0.086214 0.979627 0.181381
vn -0.283695 0.935824 -0.209167
vn -0.301737 0.942214 -0.145559
vn -0.063631 0.816826 -0.573364
vn -0.286631 0.240939 -0.927249
vn -0.066000 0.263993 -0.962264
vn 0.006049 0.913429 0.406953
vn 0.103788 0.979581 -0.172189
vn 0.097031 0.991716 0.084165
vn -0.164924 0.606940 -0.777447
vn 0.103788 0.979581 -0.172189
vn 0.086214 0.979627 0.181381
vn 0.292789 0.906469 0.304282
vn 0.503141 0.743527 0.440473
vn 0.537113 0.763388 0.358814
vn -0.412853 -0.377645 -0.828816
vn 0.292789 0.906469 0.304282
vn -0.672807 -0.241791 -0.699190
vn -0.435496 -0.803247 -0.406371
vn -0.412853 -0.377645 -0.828816
vn -0.672807 -0.241791 -0.699190
vn -0.289700 -0.312328 -0.904724
vn -0.412853 -0.377645 -0.828816
vn -0.091035 -0.825093 -0.557615
vn -0.127114 -0.872064 -0.472595
vn -0.313303 -0.570596 -0.759119
vn -0.243795 -0.773465 -0.585078
vn 0.022094 0.990309 0.137113
vn -0.289700 -0.312328 -0.904724
vn -0.496990 0.811493 -0.307377
vn -0.313303 -0.570596 -0.759119
vn -0.127114 -0.872064 -0.472595
vn -0.218504 -0.871685 -0.438658
vn -0.362902 -0.067744 0.929362
vn -0.423005 -0.647121 0.634272
vn -0.477455 -0.271598 0.835626
vn -0.240387 -0.959109 -0.149411
vn -0.651879 -0.367232 -0.663472
vn -0.258945 -0.937308 -0.233243
vn -0.651879 -0.367232 -0.663472
vn -0.283695 0.935824 -0.209167
vn -0.485069 -0.549397 -0.680346
vn -0.090626 -0.892101 -0.442654
vn -0.289700 -0.312328 -0.904724
vn -0.091035 -0.825093 -0.557615
vn -0.485069 -0.549397 -0.680346
vn -0.258945 -0.937308 -0.233243
vn -0.651879 -0.367232 -0.663472
vn -0.323289 -0.944918 0.051140
vn -0.240387 -0.959109 -0.149411
vn -0.426288 -0.827262 -0.365945
vn 0.086214 0.979627 0.181381
vn -0.301737 0.942214 -0.145559
vn -0.164924 0.606940 -0.777447
vn -0.227979 0.281989 -0.931938
vn -0.354484 -0.732184 -0.581590
vn 0.121874 0.990955 -0.056167
vn -0.231906 -0.568067 -0.789633
vn -0.344685 -0.877004 -0.334748
vn -0.418027 -0.049080 -0.907108
vn -0.324950 0.122100 -0.937816
vn -0.057120 0.973336 -0.222157
vn 0.351527 0.935672 0.030770
vn 0.004267 0.986562 -0.163331
vn -0.376306 0.259940 -0.889283
vn -0.145821 0.892355 -0.427128
vn 0.245683 -0.968671 -0.036280
vn 0.253669 -0.962244 -0.098683
vn 0.166650 -0.984472 0.055163
vn 0.105200 -0.993854 0.034449
vn 0.253669 -0.962244 -0.098683
vn 0.286144 -0.954133 -0.088047
vn 0.124325 -0.928084 -0.351004
vn 0.105200 -0.993854 0.034449
vn 0.286144 -0.954133 -0.088047
vn 0.324263 -0.939014 0.114479
vn 0.109341 -0.943233 0.313617
vn -0.111600 -0.981934 -0.152811
vn 0.007073 -0.998071 -0.061686
vn -0.138237 -0.990284 0.015095
vn -0.155101 -0.986855 0.045406
vn 0.007073 -0.998071 -0.061686
vn -0.155101 -0.986855 0.045406
vn -0.073175 -0.983503 0.165433
vn -0.069103 -0.963353 0.259181
vn -0.070896 -0.899248 0.431655
vn -0.157154 -0.974456 0.160431
vn -0.069103 -0.963353 0.259181
vn -0.122031 -0.874322 0.469754
vn 0.400469 -0.915243 -0.044213
vn 0.184067 -0.974656 0.127144
vn -0.157154 -0.974456 0.160431
vn -0.001498 -0.999992 0.003700
vn -0.069103 -0.963353 0.259181
vn -0.157154 -0.974456 0.160431
vn -0.279736 -0.928547 0.244026
vn -0.215078 0.972995 0.083794
vn 0.509704 0.699698 0.500624
vn 0.802821 0.433218 0.409635
vn 0.827270 0.365617 0.426555
vn 0.131769 -0.744401 0.654602
vn 0.509704 0.699698 0.500624
vn 0.239182 -0.949898 -0.201212
vn -0.122031 -0.874322 0.469754
vn -0.097612 -0.752275 0.651579
vn -0.122031 -0.874322 0.469754
vn 0.345153 -0.919702 -0.187132
vn 0.400469 -0.915243 -0.044213
vn 0.186043 -0.826279 0.531650
vn 0.121295 -0.939860 0.319297
vn 0.109341 -0.943233 0.313617
vn 0.826485 0.549985 0.120159
vn 0.630533 -0.615867 0.472372
vn 0.858989 -0.367556 0.356427
vn 0.124325 -0.928084 -0.351004
vn -0.111600 -0.981934 -0.152811
vn 0.105200 -0.993854 0.034449
vn 0.858989 -0.367556 0.356427
vn 0.630533 -0.615867 0.472372
vn 0.109341 -0.943233 0.313617
vn 0.858989 -0.367556 0.356427
vn 0.436878 0.898584 0.041037
vn 0.527596 0.812576 -0.247715
vn 0.826485 0.549985 0.120159
vn 0.840825 0.054109 -0.538596
vn 0.658693 0.751279 -0.041276
vn 0.844276 0.103473 0.525824
vn 0.842794 0.211902 0.494769
vn 0.862661 -0.158988 0.480145
vn -0.070651 0.844369 0.531083
vn 0.192814 0.715060 -0.671947
vn 0.533856 0.800647 0.271960
vn 0.844276 0.103473 0.525824
vn -0.070651 0.844369 0.531083
vn 0.503611 0.124579 0.854901
vn -0.049333 0.998746 -0.008598
vn 0.844276 0.103473 0.525824
vn 0.816719 0.332039 0.471932
vn 0.192814 0.715060 -0.671947
vn -0.276344 0.890949 -0.360339
vn 0.991934 0.041656 -0.119713
vn 0.401930 -0.915659 0.004553
vn 0.296679 0.898568 -0.323352
vn 0.399947 -0.915866 -0.035093
vn 0.630612 0.412375 0.657476
vn 0.632123 0.116623 0.766041
vn 0.422959 0.542335 0.725933
vn -0.049333 0.998746 -0.008598
vn 0.816719 0.332039 0.471932
vn -0.170214 0.974923 0.143364
vn 0.630612 0.412375 0.657476
vn 0.816719 0.332039 0.471932
vn 0.632123 0.116623 0.766041
vn -0.170214 0.974923 0.143364
vn 0.816719 0.332039 0.471932
vn 0.483174 0.870725 -0.091546
vn -0.347177 0.574717 0.741059
vn -0.634757 0.654043 0.411475
vn -0.309126 0.782820 0.540031
vn 0.483174 0.870725 -0.091546
vn -0.355121 0.682850 0.638440
vn -0.382577 0.773428 0.505415
vn 0.639576 0.721074 0.266447
vn -0.309126 0.782820 0.540031
vn 0.630825 0.670179 0.391049
vn 0.895219 -0.381423 -0.230433
vn 0.873341 0.452393 -0.180601
vn 0.828111 0.558011 -0.053445
vn 0.658693 0.751279 -0.041276
vn 0.756696 0.562284 -0.333537
vn 0.834393 0.551150 0.004654
vn 0.769717 -0.168009 -0.615881
vn 0.658693 0.751279 -0.041276
vn 0.840825 0.054109 -0.538596
vn 0.079694 -0.825902 -0.558153
vn 0.291596 -0.382484 -0.876743
vn -0.054984 -0.718173 -0.693689
vn 0.769717 -0.168009 -0.615881
vn -0.148623 0.340935 -0.928264
vn 0.568318 -0.525358 -0.633257
vn -0.279653 0.954581 0.102808
vn 0.010699 0.997863 -0.064460
vn -0.148877 0.987683 -0.048154
vn 0.509704 0.699698 0.500624
vn -0.215078 0.972995 0.083794
vn -0.079501 0.985883 -0.147357
vn 0.317784 0.809185 -0.494199
vn 0.151145 0.810409 -0.566032
vn 0.538057 0.796623 -0.275474
vn 0.042547 0.994316 0.097597
vn 0.399947 -0.915866 -0.035093
vn 0.538057 0.796623 -0.275474
vn 0.553459 0.692914 -0.462118
vn 0.583043 0.648375 -0.489561
vn 0.973186 -0.087536 -0.212714
vn 0.583043 0.648375 -0.489561
vn 0.045239 0.338630 -0.939831
vn 0.473432 -0.138840 -0.869819
vn 0.583043 0.648375 -0.489561
vn 0.473432 -0.138840 -0.869819
vn 0.372799 0.821011 -0.432391
vn 0.842794 0.211902 0.494769
vn 0.844276 0.103473 0.525824
vn 0.503611 0.124579 0.854901
vn 0.795496 -0.596169 -0.108478
vn 0.583083 -0.812114 -0.022035
vn 0.369150 -0.922131 0.115768
vn 0.553459 0.692914 -0.462118
vn 0.583083 -0.812114 -0.022035
vn 0.913391 -0.159334 -0.374605
vn -0.542116 0.817913 0.192691
vn 0.573764 0.783647 0.238100
vn 0.366340 0.929557 0.041464
vn 0.573764 0.783647 0.238100
vn -0.542116 0.817913 0.192691
vn -0.510363 0.773018 0.376794
vn 0.553459 0.692914 -0.462118
vn 0.913391 -0.159334 -0.374605
vn -0.438690 0.857610 0.268432
vn 0.583043 0.648375 -0.489561
vn 0.553459 0.692914 -0.462118
vn 0.045239 0.338630 -0.939831
vn 0.546476 -0.161384 -0.821778
vn 0.398409 -0.900141 -0.176115
vn 0.610202 -0.603998 -0.512678
vn 0.554520 0.806343 -0.205717
vn 0.546476 -0.161384 -0.821778
vn 0.538399 0.785594 -0.304906
vn 0.515453 -0.776500 -0.362430
vn 0.610202 -0.603998 -0.512678
vn 0.332599 -0.890409 -0.310725
vn 0.546476 -0.161384 -0.821778
vn 0.610202 -0.603998 -0.512678
vn 0.661137 -0.328573 -0.674491
vn 0.302494 -0.718819 -0.625936
vn 0.377151 0.762953 -0.525033
vn 0.318611 0.505469 -0.801866
vn -0.134760 0.988679 -0.065981
vn 0.520104 0.458807 -0.720408
vn 0.318611 0.505469 -0.801866
vn -0.536122 0.828438 0.162061
vn 0.494943 0.585588 -0.641964
vn -0.364638 0.926118 -0.096668
vn 0.546476 -0.161384 -0.821778
vn 0.494943 0.585588 -0.641964
vn 0.538399 0.785594 -0.304906
vn 0.842794 0.211902 0.494769
vn 0.621445 0.550858 0.557101
vn 0.862661 -0.158988 0.480145
vn -0.370919 0.877402 -0.304278
vn 0.621445 0.550858 0.557101
vn -0.503675 0.823444 -0.261248
vn -0.358213 0.818850 -0.448518
vn -0.503675 0.823444 -0.261248
vn -0.697165 0.604162 -0.385939
vn -0.370919 0.877402 -0.304278
vn 0.836407 0.426277 -0.344546
vn -0.353262 0.867530 0.350140
vn -0.037274 -0.890327 0.453793
vn 0.063608 -0.936559 -0.344691
vn 0.147507 -0.674294 0.723581
vn -0.037274 -0.890327 0.453793
vn 0.417079 -0.561219 0.714898
vn 0.211263 -0.929541 0.302195
vn 0.149777 -0.318967 0.935856
vn 0.147507 -0.674294 0.723581
vn 0.081758 -0.444531 0.892025
vn 0.574385 -0.742112 0.345474
vn 0.137686 -0.947833 -0.287498
vn -0.331094 -0.864122 -0.379038
vn 0.574385 -0.742112 0.345474
vn 0.554769 -0.819416 0.144183
vn 0.211263 -0.929541 0.302195
vn 0.943825 0.083947 -0.319604
vn 0.671197 -0.741269 0.003858
vn 0.616236 -0.786946 0.031115
vn 0.137036 -0.470224 0.871843
vn 0.179092 -0.796278 0.577813
vn -0.087978 -0.757800 0.646528
vn 0.081758 -0.444531 0.892025
vn -0.036102 -0.986096 0.162209
vn 0.187941 -0.746648 0.638118
vn -0.036102 -0.986096 0.162209
vn 0.081758 -0.444531 0.892025
vn -0.296621 -0.952428 0.069980
vn 0.081758 -0.444531 0.892025
vn 0.137036 -0.470224 0.871843
vn -0.087978 -0.757800 0.646528
vn -0.133152 -0.972479 0.191195
vn 0.192165 -0.958763 -0.209394
vn -0.129628 -0.975289 0.178907
vn -0.296621 -0.952428 0.069980
vn -0.127183 -0.968286 -0.215052
vn -0.397126 -0.896803 -0.195024
vn 0.222353 -0.972352 -0.071352
vn -0.054548 -0.991038 -0.121939
vn -0.008932 -0.995131 -0.098161
vn -0.129628 -0.975289 0.178907
vn 0.192165 -0.958763 -0.209394
vn -0.127183 -0.968286 -0.215052
vn 0.568318 -0.525358 -0.633257
vn -0.008453 -0.981864 0.189400
vn 0.949511 -0.111599 0.293213
vn 0.098750 -0.445051 -0.890044
vn 0.568318 -0.525358 -0.633257
vn -0.148623 0.340935 -0.928264
vn -0.158933 -0.080008 -0.984042
vn -0.095328 -0.134135 -0.986367
vn -0.148623 0.340935 -0.928264
vn 0.071458 -0.952375 0.296439
vn -0.095328 -0.134135 -0.986367
vn 0.243343 -0.969184 0.038309
vn -0.054984 -0.718173 -0.693689
vn -0.148623 0.340935 -0.928264
vn 0.769717 -0.168009 -0.615881
vn -0.158933 -0.080008 -0.984042
vn 0.689981 0.657340 -0.303035
vn 0.792812 0.186917 -0.580096
vn -0.068159 -0.992123 -0.105101
vn -0.013909 -0.634122 -0.773108
vn -0.620484 -0.748854 0.232845
vn 0.197430 0.395384 -0.897047
vn -0.106722 0.656796 -0.746478
vn -0.223890 0.827197 -0.515382
vn 0.434040 -0.898336 0.067832
vn 0.616266 -0.782903 0.085321
vn -0.108951 -0.818110 0.564647
vn -0.108951 -0.818110 0.564647
vn 0.616266 -0.782903 0.085321
vn -0.250115 -0.928984 0.272821
vn -0.250115 -0.928984 0.272821
vn -0.406277 -0.728074 0.552129
vn -0.108951 -0.818110 0.564647
vn -0.384182 0.597004 -0.704266
vn -0.250115 -0.928984 0.272821
vn 0.825427 -0.527177 -0.201878
vn 0.239730 0.800954 -0.548636
vn -0.203279 -0.955831 -0.212286
vn 0.076553 0.279544 -0.957076
vn 0.076553 0.279544 -0.957076
vn -0.250115 -0.928984 0.272821
vn -0.384182 0.597004 -0.704266
vn -0.250115 -0.928984 0.272821
vn 0.076553 0.279544 -0.957076
vn -0.203279 -0.955831 -0.212286
vn -0.204766 0.911378 -0.357017
vn 0.242878 0.891628 -0.382112
vn 0.076553 0.279544 -0.957076
vn -0.250115 -0.928984 0.272821
vn -0.203279 -0.955831 -0.212286
vn -0.406277 -0.728074 0.552129
vn -0.250115 -0.928984 0.272821
vn 0.616266 -0.782903 0.085321
vn 0.825427 -0.527177 -0.201878
vn -0.384182 0.597004 -0.704266
vn -0.434977 0.805295 -0.402858
vn -0.204766 0.911378 -0.357017
vn -0.288875 0.795411 -0.532797
vn 0.427195 -0.256592 -0.866986
vn 0.327781 -0.464705 -0.822562
vn -0.204766 0.911378 -0.357017
vn 0.076553 0.279544 -0.957076
vn -0.384182 0.597004 -0.704266
vn -0.015912 0.907494 -0.419763
vn 0.075814 0.499720 -0.862863
vn 0.146300 0.706465 -0.692462
vn -0.384182 0.597004 -0.704266
vn -0.568207 0.439539 -0.695663
vn -0.434977 0.805295 -0.402858
vn -0.015912 0.907494 -0.419763
vn 0.242878 0.891628 -0.382112
vn -0.204766 0.911378 -0.357017
vn 0.087505 0.465779 -0.880564
vn 0.146300 0.706465 -0.692462
vn 0.017452 -0.436389 -0.899589
vn 0.050947 0.183271 -0.981741
vn 0.021169 0.722651 -0.690889
vn 0.087505 0.465779 -0.880564
vn 0.766763 -0.107709 -0.632829
vn 0.710516 -0.551436 -0.437132
vn -0.091502 0.668524 -0.738040
vn 0.372428 -0.850497 -0.371420
vn 0.327781 -0.464705 -0.822562
vn 0.427195 -0.256592 -0.866986
vn -0.001392 -0.858294 0.513156
vn 0.014945 -0.650884 0.759030
vn 0.141208 -0.879034 0.455368
vn -0.173790 -0.984728 -0.010414
vn -0.033135 -0.569228 0.821512
vn -0.183700 -0.659771 0.728667
vn 0.087505 0.465779 -0.880564
vn 0.017452 -0.436389 -0.899589
vn -0.386502 -0.920872 0.051090
vn 0.228389 0.862607 -0.451384
vn 0.146300 0.706465 -0.692462
vn 0.021169 0.722651 -0.690889
vn 0.568190 -0.809453 -0.148140
vn -0.030154 -0.999367 0.018881
vn 0.309669 -0.949290 -0.054355
vn 0.828111 0.558011 -0.053445
vn 0.909203 -0.398086 -0.121971
vn 0.895219 -0.381423 -0.230433
vn 0.193071 -0.921780 0.336221
vn -0.030154 -0.999367 0.018881
vn -0.300205 -0.952107 -0.058046
vn 0.575665 -0.816060 0.051528
vn 0.710516 -0.551436 -0.437132
vn 0.701409 -0.642164 -0.309275
vn 0.873341 0.452393 -0.180601
vn 0.766763 -0.107709 -0.632829
vn 0.590813 0.779465 -0.208266
vn -0.347177 0.574717 0.741059
vn 0.639576 0.721074 0.266447
vn -0.272910 0.791672 0.546604
vn 0.568190 -0.809453 -0.148140
vn 0.687863 -0.725020 0.034510
vn 0.211752 -0.971161 -0.109582
vn 0.568190 -0.809453 -0.148140
vn 0.309669 -0.949290 -0.054355
vn 0.701409 -0.642164 -0.309275
vn -0.865064 -0.494992 -0.081535
vn -0.436405 -0.605103 0.665884
vn -0.525986 -0.050568 0.848988
vn -0.549702 -0.431123 0.715514
vn -0.578668 0.167993 0.798074
vn -0.559792 0.131718 0.818097
vn -0.311533 -0.545201 0.778270
vn -0.436405 -0.605103 0.665884
vn -0.411514 -0.851155 -0.325869
vn -0.275427 -0.485915 0.829474
vn -0.362902 -0.067744 0.929362
vn -0.422504 -0.092420 0.901637
vn -0.076956 -0.994824 0.066362
vn -0.201998 -0.946504 0.251647
vn 0.218015 -0.970149 0.106214
vn 0.022456 -0.994695 0.100383
vn -0.153224 -0.972072 -0.177761
vn -0.201998 -0.946504 0.251647
vn -0.429014 -0.591259 -0.682905
vn -0.371146 -0.700834 -0.609165
vn -0.387494 -0.289903 -0.875103
vn -0.218504 -0.871685 -0.438658
vn -0.435496 -0.803247 -0.406371
vn -0.369469 -0.888311 -0.272756
vn -0.013428 -0.980666 -0.195230
vn 0.028358 -0.789669 0.612877
vn -0.089983 -0.739165 0.667486
vn 0.349160 -0.758733 0.549920
vn 0.028358 -0.789669 0.612877
vn -0.042133 -0.993188 -0.108642
vn -0.066000 0.263993 -0.962264
vn -0.334353 -0.829454 -0.447453
vn -0.164924 0.606940 -0.777447
vn -0.042133 -0.993188 -0.108642
vn -0.169798 -0.919242 -0.355195
vn -0.101574 -0.886542 0.451361
vn 0.079769 -0.975283 0.206060
vn -0.042133 -0.993188 -0.108642
vn -0.101574 -0.886542 0.451361
vn 0.309357 -0.926008 0.216350
vn 0.575665 -0.816060 0.051528
vn 0.193071 -0.921780 0.336221
vn 0.753545 -0.636687 -0.163705
vn 0.394378 0.513802 -0.761888
vn 0.118542 -0.894887 0.430262
vn -0.311533 -0.545201 0.778270
vn -0.411514 -0.851155 -0.325869
vn -0.378724 -0.839368 0.389910
vn -0.388458 0.683134 -0.618407
vn -0.127839 0.991395 -0.028177
vn -0.192395 0.980486 0.040388
vn -0.239034 -0.367095 -0.898946
vn -0.667692 0.688958 -0.282001
vn -0.635951 -0.617971 -0.462254
vn -0.813575 -0.140600 -0.564205
vn -0.173108 0.980392 -0.094154
vn -0.177989 0.826475 -0.534097
vn -0.244193 -0.839146 0.486009
vn -0.045087 -0.886840 0.459872
vn 0.193457 -0.978392 0.072958
vn -0.239034 -0.367095 -0.898946
vn -0.635951 -0.617971 -0.462254
vn 0.115061 -0.972326 -0.203328
vn -0.813575 -0.140600 -0.564205
vn -0.180579 0.983160 -0.028077
vn -0.173108 0.980392 -0.094154
vn -0.014539 -0.990057 -0.139913
vn -0.188903 -0.670302 -0.717643
vn -0.436153 0.537973 -0.721357
vn 0.671197 -0.741269 0.003858
vn -0.851403 -0.008348 -0.524446
vn -0.077430 -0.386622 -0.918982
vn 0.211752 -0.971161 -0.109582
vn 0.687863 -0.725020 0.034510
vn 0.797332 -0.600547 0.060039
vn -0.230759 -0.898104 -0.374378
vn 0.211752 -0.971161 -0.109582
vn 0.304005 -0.949209 -0.081136
vn 0.712944 -0.696286 0.083049
vn 0.797332 -0.600547 0.060039
vn 0.630825 0.670179 0.391049
vn 0.398758 -0.877868 0.265218
vn 0.547864 -0.799155 0.247378
vn 0.417980 -0.894211 0.160247
vn 0.304005 -0.949209 -0.081136
vn 0.398758 -0.877868 0.265218
vn 0.081278 -0.951116 -0.297946
vn 0.053992 -0.906939 -0.417787
vn -0.022834 -0.989049 -0.145808
vn 0.066279 -0.645854 -0.760579
vn -0.634757 0.654043 0.411475
vn -0.347177 0.574717 0.741059
vn -0.822016 0.259584 0.506858
vn 0.630825 0.670179 0.391049
vn -0.050776 0.997126 0.056225
vn 0.790144 -0.592041 0.158618
vn -0.634757 0.654043 0.411475
vn 0.630825 0.670179 0.391049
vn -0.309126 0.782820 0.540031
vn -0.050776 0.997126 0.056225
vn 0.630825 0.670179 0.391049
vn -0.596408 0.785412 -0.165606
vn -0.353262 0.867530 0.350140
vn 0.610345 0.406636 0.679799
vn 0.422959 0.542335 0.725933
vn -0.596408 0.785412 -0.165606
vn -0.353262 0.867530 0.350140
vn 0.776435 0.592844 0.213740
vn -0.020182 -0.301817 0.953152
vn 0.574211 -0.224868 0.787220
vn 0.376853 -0.887224 0.266113
vn -0.342092 0.183806 0.921514
vn -0.030403 -0.792113 0.609617
vn -0.478419 -0.136689 0.867428
vn -0.396640 -0.742819 -0.539349
vn -0.001641 -0.839749 0.542973
vn 0.030410 -0.791528 0.610376
vn 0.232777 0.137744 0.962726
vn 0.022598 0.293836 0.955589
vn 0.372593 0.177186 0.910922
vn 0.376853 -0.887224 0.266113
vn 0.229784 0.262428 0.937193
vn -0.036972 -0.999115 -0.020041
vn -0.020182 -0.301817 0.953152
vn 0.376853 -0.887224 0.266113
vn -0.030403 -0.792113 0.609617
vn -0.200915 -0.958841 0.200641
vn 0.140927 -0.141730 0.979823
vn -0.280195 -0.959237 0.036808
vn 0.088822 -0.985190 0.146670
vn 0.323653 -0.543361 0.774601
vn -0.087135 -0.532300 0.842060
vn -0.007187 -0.877217 0.480041
vn -0.379697 -0.740684 -0.554272
vn -0.334353 -0.829454 -0.447453
vn -0.256746 -0.937167 -0.236218
vn -0.213414 -0.960385 -0.179207
vn -0.136372 -0.972964 0.186395
vn 0.211101 -0.977239 0.020988
vn 0.024203 -0.929811 0.367240
vn 0.006393 -0.860700 -0.509072
vn -0.136372 -0.972964 0.186395
vn -0.213414 -0.960385 -0.179207
vn -0.007187 -0.877217 0.480041
vn 0.094396 -0.855938 -0.508390
vn 0.172730 -0.913967 -0.367190
vn 0.203633 -0.912244 -0.355450
vn -0.227979 0.281989 -0.931938
vn 0.121874 0.990955 -0.056167
vn 0.097031 0.991716 0.084165
vn 0.006048 -0.886597 0.462503
vn -0.031570 -0.667252 0.744163
vn -0.089983 -0.739165 0.667486
vn -0.007187 -0.877217 0.480041
vn -0.031570 -0.667252 0.744163
vn 0.024203 -0.929811 0.367240
vn 0.181424 -0.667604 0.722074
vn 0.227302 -0.817332 0.529436
vn -0.022834 -0.989049 -0.145808
vn 0.024203 -0.929811 0.367240
vn 0.022843 -0.969796 -0.242845
vn 0.006393 -0.860700 -0.509072
vn -0.733738 -0.126964 -0.667464
vn -0.685847 -0.248785 -0.683901
vn -0.645176 -0.687174 -0.333975
vn -0.232852 0.729934 -0.642633
vn -0.500411 0.256248 -0.826998
vn -0.077726 0.738166 -0.670126
vn -0.376306 0.259940 -0.889283
vn -0.418027 -0.049080 -0.907108
vn -0.145821 0.892355 -0.427128
vn 0.007243 -0.993856 0.110440
vn 0.075243 -0.816722 0.572104
vn 0.611758 -0.608063 0.505975
vn -0.413918 -0.702443 -0.579004
vn -0.513606 -0.657762 -0.550961
vn -0.514905 0.076643 -0.853814
vn 0.075243 -0.816722 0.572104
vn -0.513606 -0.657762 -0.550961
vn -0.413918 -0.702443 -0.579004
vn -0.344685 -0.877004 -0.334748
vn -0.413918 -0.702443 -0.579004
vn -0.418027 -0.049080 -0.907108
vn -0.349137 -0.782507 -0.515545
vn -0.089406 -0.585944 -0.805405
vn -0.463801 -0.615329 -0.637385
vn -0.418027 -0.049080 -0.907108
vn -0.413918 -0.702443 -0.579004
vn -0.514905 0.076643 -0.853814
vn -0.344685 -0.877004 -0.334748
vn -0.023934 -0.577789 0.815835
vn 0.075243 -0.816722 0.572104
vn -0.418027 -0.049080 -0.907108
vn -0.514905 0.076643 -0.853814
vn -0.232852 0.729934 -0.642633
vn -0.418027 -0.049080 -0.907108
vn -0.376306 0.259940 -0.889283
vn -0.231906 -0.568067 -0.789633
vn -0.344685 -0.877004 -0.334748
vn 0.075243 -0.816722 0.572104
vn -0.413918 -0.702443 -0.579004
vn -0.175063 -0.688025 0.704254
vn 0.075243 -0.816722 0.572104
vn -0.023934 -0.577789 0.815835
vn -0.077726 0.738166 -0.670126
vn -0.500411 0.256248 -0.826998
vn -0.429005 0.171131 -0.886944
vn -0.513606 -0.657762 -0.550961
vn -0.500411 0.256248 -0.826998
vn -0.514905 0.076643 -0.853814
vn -0.504466 -0.633139 0.587068
vn -0.539238 -0.812551 0.221322
vn -0.630564 -0.639293 0.440107
vn -0.115363 0.816971 0.565022
vn -0.625965 -0.752285 0.205513
vn -0.370739 -0.559640 0.741185
vn -0.477455 -0.271598 0.835626
vn -0.422504 -0.092420 0.901637
vn -0.362902 -0.067744 0.929362
vn -0.313303 -0.570596 -0.759119
vn -0.218504 -0.871685 -0.438658
vn -0.429014 -0.591259 -0.682905
vn 0.006049 0.913429 0.406953
vn -0.283695 0.935824 -0.209167
vn 0.086214 0.979627 0.181381
vn -0.485069 -0.549397 -0.680346
vn -0.283695 0.935824 -0.209167
vn -0.496990 0.811493 -0.307377
vn -0.175240 -0.645475 0.743406
vn -0.588994 -0.769238 0.247708
vn -0.088028 -0.389347 0.916875
vn -0.261192 -0.962935 0.067337
vn -0.286631 0.240939 -0.927249
vn -0.446754 -0.857752 -0.254306
vn -0.651879 -0.367232 -0.663472
vn -0.240387 -0.959109 -0.149411
vn -0.446754 -0.857752 -0.254306
vn -0.286631 0.240939 -0.927249
vn -0.383823 -0.146884 -0.911650
vn -0.066000 0.263993 -0.962264
vn -0.261192 -0.962935 0.067337
vn -0.446754 -0.857752 -0.254306
vn -0.323289 -0.944918 0.051140
vn -0.063631 0.816826 -0.573364
vn -0.446754 -0.857752 -0.254306
vn -0.286631 0.240939 -0.927249
vn -0.164924 0.606940 -0.777447
vn -0.301737 0.942214 -0.145559
vn -0.063631 0.816826 -0.573364
vn -0.446754 -0.857752 -0.254306
vn -0.063631 0.816826 -0.573364
vn -0.301737 0.942214 -0.145559
vn -0.131675 -0.906519 0.401105
vn -0.334353 -0.829454 -0.447453
vn -0.013428 -0.980666 -0.195230
vn -0.334353 -0.829454 -0.447453
vn -0.131675 -0.906519 0.401105
vn -0.007187 -0.877217 0.480041
vn -0.175240 -0.645475 0.743406
vn -0.088028 -0.389347 0.916875
vn -0.033135 -0.569228 0.821512
vn -0.173790 -0.984728 -0.010414
vn 0.141208 -0.879034 0.455368
vn -0.033135 -0.569228 0.821512
vn -0.261192 -0.962935 0.067337
vn -0.323289 -0.944918 0.051140
vn -0.175240 -0.645475 0.743406
vn -0.261192 -0.962935 0.067337
vn -0.238007 -0.722464 0.649152
vn -0.706899 -0.706663 -0.030356
vn -0.057120 0.973336 -0.222157
vn -0.324950 0.122100 -0.937816
vn -0.376306 0.259940 -0.889283
vn -0.514635 0.006434 -0.857385
vn -0.324950 0.122100 -0.937816
vn 0.351527 0.935672 0.030770
vn -0.354484 -0.732184 -0.581590
vn -0.514635 0.006434 -0.857385
vn 0.121874 0.990955 -0.056167
vn -0.324950 0.122100 -0.937816
vn -0.514635 0.006434 -0.857385
vn -0.463801 -0.615329 -0.637385
vn 0.496970 0.789046 0.361147
vn 0.004267 0.986562 -0.163331
vn 0.334694 0.908194 0.251325
vn -0.376306 0.259940 -0.889283
vn 0.004267 0.986562 -0.163331
vn -0.057120 0.973336 -0.222157
vn 0.414841 -0.889620 0.191007
vn 0.286144 -0.954133 -0.088047
vn 0.279955 -0.958643 0.051281
vn -0.162651 -0.926373 -0.339673
vn 0.124325 -0.928084 -0.351004
vn 0.414841 -0.889620 0.191007
vn -0.138237 -0.990284 0.015095
vn 0.130469 -0.961795 -0.240683
vn -0.012267 -0.987266 0.158607
vn -0.155101 -0.986855 0.045406
vn -0.138237 -0.990284 0.015095
vn -0.023937 -0.979646 -0.199302
vn -0.317214 -0.939285 0.130840
vn -0.097612 -0.752275 0.651579
vn 0.827270 0.365617 0.426555
vn -0.317214 -0.939285 0.130840
vn -0.196132 -0.965834 0.169403
vn -0.313441 -0.930650 -0.188801
vn 0.163478 -0.983053 -0.082956
vn 0.279955 -0.958643 0.051281
vn 0.245683 -0.968671 -0.036280
vn 0.106096 -0.985328 -0.133687
vn 0.007073 -0.998071 -0.061686
vn 0.163478 -0.983053 -0.082956
vn 0.142205 -0.983416 0.112568
vn 0.400469 -0.915243 -0.044213
vn 0.345153 -0.919702 -0.187132
vn 0.312931 -0.939354 -0.140314
vn 0.400469 -0.915243 -0.044213
vn 0.062220 -0.996053 0.063309
vn 0.022082 -0.996415 0.081673
vn 0.312931 -0.939354 -0.140314
vn 0.062220 -0.996053 0.063309
vn 0.140719 -0.973566 0.179908
vn -0.069103 -0.963353 0.259181
vn 0.312931 -0.939354 -0.140314
vn 0.509704 0.699698 0.500624
vn -0.079501 0.985883 -0.147357
vn 0.827270 0.365617 0.426555
vn 0.184067 -0.974656 0.127144
vn 0.802821 0.433218 0.409635
vn 0.509704 0.699698 0.500624
vn -0.079501 0.985883 -0.147357
vn 0.603959 -0.794097 0.068143
vn 0.827270 0.365617 0.426555
vn -0.317214 -0.939285 0.130840
vn 0.827270 0.365617 0.426555
vn -0.142941 -0.989701 0.007772
vn 0.509704 0.699698 0.500624
vn 0.131769 -0.744401 0.654602
vn 0.184067 -0.974656 0.127144
vn 0.827270 0.365617 0.426555
vn -0.097612 -0.752275 0.651579
vn 0.131769 -0.744401 0.654602
vn 0.997315 -0.073110 0.004147
vn 0.858989 -0.367556 0.356427
vn 0.324263 -0.939014 0.114479
vn 0.132266 0.989731 0.054205
vn 0.916041 0.354003 -0.188547
vn 0.533929 0.845510 0.005631
vn 0.630533 -0.615867 0.472372
vn 0.834393 0.551150 0.004654
vn 0.711252 -0.229957 0.664259
vn 0.658693 0.751279 -0.041276
vn 0.834393 0.551150 0.004654
vn 0.826485 0.549985 0.120159
vn -0.695828 0.704995 0.137131
vn -0.170214 0.974923 0.143364
vn 0.067958 0.985755 -0.153846
vn -0.170214 0.974923 0.143364
vn -0.695828 0.704995 0.137131
vn -0.705347 0.696113 0.133833
vn 0.816719 0.332039 0.471932
vn 0.844276 0.103473 0.525824
vn 0.862661 -0.158988 0.480145
vn -0.070651 0.844369 0.531083
vn 0.844276 0.103473 0.525824
vn -0.049333 0.998746 -0.008598
vn -0.070651 0.844369 0.531083
vn 0.250176 0.776862 0.577838
vn -0.137293 0.684839 0.715644
vn 0.775890 -0.630104 -0.031050
vn 0.250176 0.776862 0.577838
vn 0.533856 0.800647 0.271960
vn 0.808871 -0.573946 -0.127726
vn 0.479590 -0.875339 0.061439
vn 0.399947 -0.915866 -0.035093
vn 0.991934 0.041656 -0.119713
vn 0.533856 0.800647 0.271960
vn 0.192814 0.715060 -0.671947
vn -0.429995 0.761253 0.485385
vn -0.382577 0.773428 0.505415
vn -0.272910 0.791672 0.546604
vn 0.067958 0.985755 -0.153846
vn 0.459889 0.887719 -0.021392
vn 0.145669 0.983216 0.109847
vn 0.067958 0.985755 -0.153846
vn 0.145669 0.983216 0.109847
vn -0.672870 0.734317 0.089586
vn 0.483174 0.870725 -0.091546
vn 0.067958 0.985755 -0.153846
vn -0.170214 0.974923 0.143364
vn 0.145669 0.983216 0.109847
vn -0.089782 0.993504 -0.069921
vn -0.714825 0.699214 -0.011223
vn -0.130704 0.982141 0.135337
vn 0.133966 0.981245 0.138606
vn 0.240552 0.957392 0.159798
vn 0.067958 0.985755 -0.153846
vn -0.672870 0.734317 0.089586
vn -0.695828 0.704995 0.137131
vn -0.672870 0.734317 0.089586
vn -0.705347 0.696113 0.133833
vn -0.695828 0.704995 0.137131
vn -0.355121 0.682850 0.638440
vn 0.630612 0.412375 0.657476
vn 0.610345 0.406636 0.679799
vn 0.816719 0.332039 0.471932
vn 0.630612 0.412375 0.657476
vn 0.483174 0.870725 -0.091546
vn -0.347177 0.574717 0.741059
vn -0.309126 0.782820 0.540031
vn 0.639576 0.721074 0.266447
vn -0.355121 0.682850 0.638440
vn -0.347177 0.574717 0.741059
vn -0.272910 0.791672 0.546604
vn 0.658693 0.751279 -0.041276
vn 0.949511 -0.111599 0.293213
vn 0.962342 -0.271663 -0.009873
vn 0.568318 -0.525358 -0.633257
vn 0.949511 -0.111599 0.293213
vn 0.769717 -0.168009 -0.615881
vn 0.583043 0.648375 -0.489561
vn 0.297690 0.414997 0.859743
vn -0.137293 0.684839 0.715644
vn 0.842794 0.211902 0.494769
vn 0.297690 0.414997 0.859743
vn 0.372799 0.821011 -0.432391
vn -0.175129 0.984458 -0.013116
vn -0.158729 0.979143 -0.126821
vn 0.384728 0.658920 -0.646382
vn -0.296024 0.529735 -0.794827
vn -0.387616 0.863315 -0.323175
vn -0.484835 0.710987 -0.509345
vn -0.142922 0.971517 -0.189017
vn 0.163208 0.776715 -0.608340
vn -0.484835 0.710987 -0.509345
vn 0.842794 0.211902 0.494769
vn -0.142922 0.971517 -0.189017
vn 0.621445 0.550858 0.557101
vn 0.795519 -0.413711 0.442710
vn 0.867502 -0.489814 -0.086729
vn 0.634163 -0.700653 0.326991
vn 0.366340 0.929557 0.041464
vn 0.573764 0.783647 0.238100
vn 0.795519 -0.413711 0.442710
vn 0.095242 0.956483 0.275806
vn -0.478128 0.801687 0.358736
vn -0.488611 0.820392 0.297012
vn -0.689944 0.717390 0.096584
vn -0.261894 0.961770 -0.080069
vn -0.158729 0.979143 -0.126821
vn -0.438690 0.857610 0.268432
vn -0.175129 0.984458 -0.013116
vn -0.469777 0.767915 -0.435449
vn 0.913391 -0.159334 -0.374605
vn 0.573764 0.783647 0.238100
vn -0.438690 0.857610 0.268432
vn -0.469777 0.767915 -0.435449
vn -0.175129 0.984458 -0.013116
vn 0.384728 0.658920 -0.646382
vn 0.045239 0.338630 -0.939831
vn 0.553459 0.692914 -0.462118
vn -0.469777 0.767915 -0.435449
vn 0.554520 0.806343 -0.205717
vn 0.538399 0.785594 -0.304906
vn 0.413815 0.907413 -0.073208
vn 0.476380 0.024776 -0.878890
vn 0.554520 0.806343 -0.205717
vn 0.928593 -0.357905 0.098074
vn 0.669409 -0.740707 -0.056968
vn 0.476380 0.024776 -0.878890
vn 0.928593 -0.357905 0.098074
vn 0.120179 -0.682222 -0.721200
vn 0.546476 -0.161384 -0.821778
vn 0.476380 0.024776 -0.878890
vn 0.318611 0.505469 -0.801866
vn 0.377151 0.762953 -0.525033
vn -0.134760 0.988679 -0.065981
vn 0.515453 -0.776500 -0.362430
vn 0.302494 -0.718819 -0.625936
vn 0.318611 0.505469 -0.801866
vn 0.377151 0.762953 -0.525033
vn 0.307952 0.906759 0.288018
vn -0.134760 0.988679 -0.065981
vn -0.689670 0.704009 0.169488
vn -0.536122 0.828438 0.162061
vn -0.478128 0.801687 0.358736
vn 0.318611 0.505469 -0.801866
vn 0.520104 0.458807 -0.720408
vn 0.515453 -0.776500 -0.362430
vn -0.134760 0.988679 -0.065981
vn -0.364638 0.926118 -0.096668
vn 0.520104 0.458807 -0.720408
vn 0.621445 0.550858 0.557101
vn 0.422959 0.542335 0.725933
vn 0.632123 0.116623 0.766041
vn -0.353262 0.867530 0.350140
vn 0.422959 0.542335 0.725933
vn -0.370919 0.877402 -0.304278
vn -0.358213 0.818850 -0.448518
vn -0.387616 0.863315 -0.323175
vn 0.514702 0.789290 -0.334818
vn -0.353262 0.867530 0.350140
vn 0.836407 0.426277 -0.344546
vn 0.776435 0.592844 0.213740
vn 0.081758 -0.444531 0.892025
vn 0.147507 -0.674294 0.723581
vn 0.009169 -0.894341 0.447292
vn -0.037274 -0.890327 0.453793
vn 0.147507 -0.674294 0.723581
vn 0.149777 -0.318967 0.935856
vn 0.187941 -0.746648 0.638118
vn 0.137686 -0.947833 -0.287498
vn 0.280089 -0.500384 0.819247
vn -0.036102 -0.986096 0.162209
vn -0.296621 -0.952428 0.069980
vn -0.100914 -0.870398 -0.481895
vn -0.037274 -0.890327 0.453793
vn 0.051481 -0.969521 0.239540
vn 0.005730 -0.776188 -0.630475
vn 0.671197 -0.741269 0.003858
vn 0.051481 -0.969521 0.239540
vn 0.133834 -0.956126 0.260599
vn 0.554769 -0.819416 0.144183
vn 0.574385 -0.742112 0.345474
vn 0.588866 -0.802833 -0.093251
vn 0.616236 -0.786946 0.031115
vn 0.554769 -0.819416 0.144183
vn 0.919687 -0.094278 -0.381165
vn 0.671197 -0.741269 0.003858
vn 0.133834 -0.956126 0.260599
vn 0.616236 -0.786946 0.031115
vn 0.671197 -0.741269 0.003858
vn 0.943825 0.083947 -0.319604
vn -0.188903 -0.670302 -0.717643
vn -0.299705 -0.856429 -0.420364
vn -0.397126 -0.896803 -0.195024
vn 0.208377 -0.752427 -0.624846
vn -0.299705 -0.856429 -0.420364
vn -0.195909 -0.379646 -0.904151
vn -0.100914 -0.870398 -0.481895
vn 0.317553 -0.555134 -0.768757
vn 0.416909 -0.420768 -0.805693
vn 0.257683 -0.340234 -0.904345
vn -0.036102 -0.986096 0.162209
vn -0.100914 -0.870398 -0.481895
vn 0.332293 -0.774212 -0.538682
vn -0.857021 -0.514885 0.020215
vn -0.751269 -0.655245 0.079046
vn -0.466376 -0.800229 -0.376996
vn 0.048997 -0.565049 -0.823601
vn 0.137686 -0.947833 -0.287498
vn 0.332293 -0.774212 -0.538682
vn 0.416909 -0.420768 -0.805693
vn 0.332293 -0.774212 -0.538682
vn -0.100914 -0.870398 -0.481895
vn 0.317553 -0.555134 -0.768757
vn -0.644974 -0.635063 -0.425094
vn 0.048997 -0.565049 -0.823601
vn -0.195909 -0.379646 -0.904151
vn -0.664903 -0.389066 -0.637598
vn 0.257683 -0.340234 -0.904345
vn 0.416909 -0.420768 -0.805693
vn 0.317553 -0.555134 -0.768757
vn 0.048997 -0.565049 -0.823601
vn -0.127183 -0.968286 -0.215052
vn -0.087978 -0.757800 0.646528
vn 0.179092 -0.796278 0.577813
vn 0.081758 -0.444531 0.892025
vn -0.087978 -0.757800 0.646528
vn -0.296621 -0.952428 0.069980
vn -0.095328 -0.134135 -0.986367
vn 0.412371 -0.515461 -0.751166
vn 0.243343 -0.969184 0.038309
vn 0.792812 0.186917 -0.580096
vn 0.774592 0.271066 -0.571428
vn 0.434040 -0.898336 0.067832
vn 0.840825 0.054109 -0.538596
vn 0.079694 -0.825902 -0.558153
vn 0.769717 -0.168009 -0.615881
vn -0.019458 0.469457 -0.882741
vn 0.291596 -0.382484 -0.876743
vn 0.079694 -0.825902 -0.558153
vn 0.291286 0.868839 -0.400339
vn 0.672489 0.618301 -0.406772
vn 0.291596 -0.382484 -0.876743
vn -0.158933 -0.080008 -0.984042
vn -0.054984 -0.718173 -0.693689
vn 0.291596 -0.382484 -0.876743
vn 0.689981 0.657340 -0.303035
vn 0.698094 0.504269 -0.508308
vn 0.792812 0.186917 -0.580096
vn 0.236905 0.898988 -0.368370
vn 0.442136 -0.233848 -0.865928
vn 0.122882 0.817952 -0.562009
vn -0.236357 -0.958157 0.161461
vn -0.075910 -0.942981 -0.324075
vn -0.203700 -0.896301 0.393892
vn 0.181762 0.144867 -0.972613
vn -0.161776 -0.984911 -0.061466
vn -0.203279 -0.955831 -0.212286
vn -0.203700 -0.896301 0.393892
vn -0.075910 -0.942981 -0.324075
vn -0.068159 -0.992123 -0.105101
vn -0.068159 -0.992123 -0.105101
vn -0.075910 -0.942981 -0.324075
vn -0.028508 -0.445530 -0.894813
vn -0.234571 0.419016 -0.877156
vn -0.173790 -0.984728 -0.010414
vn -0.061597 0.658193 -0.750325
vn -0.028054 0.063569 -0.997583
vn -0.378724 -0.839368 0.389910
vn -0.411514 -0.851155 -0.325869
vn 0.118542 -0.894887 0.430262
vn -0.028054 0.063569 -0.997583
vn -0.411514 -0.851155 -0.325869
vn -0.232290 -0.926555 -0.295867
vn -0.028054 0.063569 -0.997583
vn -0.061597 0.658193 -0.750325
vn 0.197430 0.395384 -0.897047
vn 0.394378 0.513802 -0.761888
vn 0.753545 -0.636687 -0.163705
vn -0.061597 0.658193 -0.750325
vn -0.028054 0.063569 -0.997583
vn 0.394378 0.513802 -0.761888
vn 0.698094 0.504269 -0.508308
vn 0.693272 -0.277553 -0.665085
vn 0.774592 0.271066 -0.571428
vn 0.428687 -0.137071 -0.892994
vn 0.698094 0.504269 -0.508308
vn 0.672489 0.618301 -0.406772
vn 0.227302 -0.817332 0.529436
vn 0.349160 -0.758733 0.549920
vn 0.193071 -0.921780 0.336221
vn 0.193071 -0.921780 0.336221
vn 0.349160 -0.758733 0.549920
vn 0.309357 -0.926008 0.216350
vn 0.236905 0.898988 -0.368370
vn -0.450286 0.833404 0.320438
vn 0.069331 0.995204 0.069007
vn -0.272910 0.791672 0.546604
vn 0.828111 0.558011 -0.053445
vn 0.269644 0.949156 0.162463
vn 0.909203 -0.398086 -0.121971
vn 0.639576 0.721074 0.266447
vn 0.925665 -0.376806 0.034089
vn 0.639576 0.721074 0.266447
vn 0.828111 0.558011 -0.053445
vn -0.272910 0.791672 0.546604
vn -0.411514 -0.851155 -0.325869
vn -0.436405 -0.605103 0.665884
vn -0.271497 -0.960415 0.062393
vn -0.311533 -0.545201 0.778270
vn -0.422504 -0.092420 0.901637
vn -0.525986 -0.050568 0.848988
vn -0.076956 -0.994824 0.066362
vn 0.097099 -0.984554 0.145687
vn -0.201998 -0.946504 0.251647
vn -0.201998 -0.946504 0.251647
vn 0.097099 -0.984554 0.145687
vn 0.022456 -0.994695 0.100383
vn 0.097099 -0.984554 0.145687
vn 0.077664 -0.994077 0.076022
vn 0.022456 -0.994695 0.100383
vn -0.296676 -0.782354 -0.547637
vn 0.077664 -0.994077 0.076022
vn -0.423005 -0.647121 0.634272
vn -0.158089 -0.813850 -0.559157
vn -0.350591 -0.617825 -0.703831
vn -0.184337 -0.887301 -0.422749
vn -0.245215 -0.948333 -0.201332
vn -0.350591 -0.617825 -0.703831
vn -0.371146 -0.700834 -0.609165
vn -0.153224 -0.972072 -0.177761
vn -0.562749 -0.323008 -0.760907
vn -0.387494 -0.289903 -0.875103
vn -0.435496 -0.803247 -0.406371
vn -0.218504 -0.871685 -0.438658
vn -0.154275 -0.816768 -0.555958
vn -0.013428 -0.980666 -0.195230
vn -0.383823 -0.146884 -0.911650
vn -0.169798 -0.919242 -0.355195
vn -0.383823 -0.146884 -0.911650
vn -0.796320 -0.553898 0.243049
vn -0.505457 -0.780935 0.366952
vn -0.066000 0.263993 -0.962264
vn -0.383823 -0.146884 -0.911650
vn -0.013428 -0.980666 -0.195230
vn -0.101574 -0.886542 0.451361
vn -0.505457 -0.780935 0.366952
vn -0.377212 -0.899526 0.220374
vn 0.079769 -0.975283 0.206060
vn -0.101574 -0.886542 0.451361
vn 0.176997 -0.961584 0.209828
vn 0.309357 -0.926008 0.216350
vn 0.589316 -0.780852 -0.207308
vn 0.575665 -0.816060 0.051528
vn 0.314669 -0.940994 -0.124552
vn 0.079769 -0.975283 0.206060
vn 0.176997 -0.961584 0.209828
vn 0.176997 -0.961584 0.209828
vn 0.341679 -0.824600 -0.450877
vn 0.314669 -0.940994 -0.124552
vn 0.349160 -0.758733 0.549920
vn 0.079769 -0.975283 0.206060
vn 0.309357 -0.926008 0.216350
vn 0.314669 -0.940994 -0.124552
vn 0.309357 -0.926008 0.216350
vn 0.079769 -0.975283 0.206060
vn -0.162267 0.928605 -0.333710
vn 0.302494 -0.718819 -0.625936
vn 0.102555 -0.908563 -0.404965
vn 0.162471 0.734675 -0.658677
vn -0.667692 0.688958 -0.282001
vn -0.239034 -0.367095 -0.898946
vn -0.162267 0.928605 -0.333710
vn -0.388458 0.683134 -0.618407
vn -0.192395 0.980486 0.040388
vn 0.063693 0.655424 -0.752571
vn -0.162267 0.928605 -0.333710
vn -0.667692 0.688958 -0.282001
vn -0.173108 0.980392 -0.094154
vn -0.192395 0.980486 0.040388
vn -0.127839 0.991395 -0.028177
vn -0.162267 0.928605 -0.333710
vn -0.192395 0.980486 0.040388
vn -0.180579 0.983160 -0.028077
vn 0.193457 -0.978392 0.072958
vn -0.813575 -0.140600 -0.564205
vn -0.244193 -0.839146 0.486009
vn -0.635951 -0.617971 -0.462254
vn -0.813575 -0.140600 -0.564205
vn 0.115061 -0.972326 -0.203328
vn -0.014539 -0.990057 -0.139913
vn 0.193457 -0.978392 0.072958
vn -0.045087 -0.886840 0.459872
vn -0.813575 -0.140600 -0.564205
vn 0.193457 -0.978392 0.072958
vn 0.115061 -0.972326 -0.203328
vn 0.128343 -0.821593 -0.555439
vn -0.222805 0.796802 -0.561663
vn -0.309537 0.683831 -0.660729
vn 0.193457 -0.978392 0.072958
vn 0.128343 -0.821593 -0.555439
vn 0.115061 -0.972326 -0.203328
vn -0.813575 -0.140600 -0.564205
vn -0.635951 -0.617971 -0.462254
vn -0.180579 0.983160 -0.028077
vn 0.115061 -0.972326 -0.203328
vn 0.128343 -0.821593 -0.555439
vn -0.239034 -0.367095 -0.898946
vn 0.007750 0.999689 0.023711
vn -0.041850 0.999098 -0.007205
vn -0.309537 0.683831 -0.660729
vn 0.162471 0.734675 -0.658677
vn 0.063693 0.655424 -0.752571
vn -0.667692 0.688958 -0.282001
vn -0.188903 -0.670302 -0.717643
vn -0.014539 -0.990057 -0.139913
vn -0.739563 -0.651093 0.170662
vn -0.199977 0.968067 -0.151182
vn -0.436153 0.537973 -0.721357
vn -0.244940 0.923334 -0.295734
vn 0.671197 -0.741269 0.003858
vn -0.188903 -0.670302 -0.717643
vn -0.851403 -0.008348 -0.524446
vn -0.436153 0.537973 -0.721357
vn -0.188903 -0.670302 -0.717643
vn -0.244940 0.923334 -0.295734
vn 0.630825 0.670179 0.391049
vn 0.797332 -0.600547 0.060039
vn 0.925665 -0.376806 0.034089
vn 0.211752 -0.971161 -0.109582
vn 0.797332 -0.600547 0.060039
vn 0.712944 -0.696286 0.083049
vn 0.712944 -0.696286 0.083049
vn 0.790144 -0.592041 0.158618
vn 0.547864 -0.799155 0.247378
vn -0.050776 0.997126 0.056225
vn -0.596408 0.785412 -0.165606
vn -0.422458 0.885454 -0.193653
vn 0.211752 -0.971161 -0.109582
vn -0.300205 -0.952107 -0.058046
vn -0.030154 -0.999367 0.018881
vn -0.022834 -0.989049 -0.145808
vn -0.300205 -0.952107 -0.058046
vn -0.230759 -0.898104 -0.374378
vn 0.391778 -0.856718 -0.335477
vn 0.383018 -0.917359 -0.108393
vn 0.310908 -0.932184 0.185389
vn 0.081278 -0.951116 -0.297946
vn 0.310908 -0.932184 0.185389
vn 0.170177 -0.862905 -0.475852
vn 0.432215 -0.889980 0.145350
vn 0.631226 -0.735997 0.244666
vn 0.886656 -0.160725 0.433600
vn -0.182331 0.947860 -0.261376
vn -0.266600 0.942662 -0.200779
vn -0.422458 0.885454 -0.193653
vn -0.297273 -0.881777 0.366195
vn 0.984833 -0.137538 -0.105770
vn 0.060618 -0.988998 0.134937
vn -0.050776 0.997126 0.056225
vn -0.422458 0.885454 -0.193653
vn 0.932091 -0.125955 0.339620
vn 0.539664 -0.820530 -0.188395
vn 0.582982 -0.683806 0.438794
vn 0.446015 -0.765172 -0.464309
vn 0.547864 -0.799155 0.247378
vn 0.458488 -0.887280 -0.050228
vn 0.417980 -0.894211 0.160247
vn 0.064290 0.979631 0.190236
vn 0.932091 -0.125955 0.339620
vn -0.422458 0.885454 -0.193653
vn 0.932091 -0.125955 0.339620
vn 0.795430 -0.060865 0.602981
vn 0.539664 -0.820530 -0.188395
vn 0.425722 0.888115 0.173240
vn 0.995851 -0.060136 0.068303
vn 0.272044 -0.677719 0.683146
vn 0.932091 -0.125955 0.339620
vn 0.064290 0.979631 0.190236
vn 0.795430 -0.060865 0.602981
vn -0.353262 0.867530 0.350140
vn -0.634757 0.654043 0.411475
vn -0.822016 0.259584 0.506858
vn 0.630825 0.670179 0.391049
vn -0.634757 0.654043 0.411475
vn -0.596408 0.785412 -0.165606
vn -0.433098 -0.860056 -0.269684
vn 0.130877 -0.302082 0.944255
vn -0.001641 -0.839749 0.542973
vn 0.574211 -0.224868 0.787220
vn 0.130877 -0.302082 0.944255
vn -0.669404 -0.318994 0.670926
vn 0.376853 -0.887224 0.266113
vn 0.574211 -0.224868 0.787220
vn 0.463294 0.758802 0.457798
vn 0.130877 -0.302082 0.944255
vn 0.574211 -0.224868 0.787220
vn -0.020182 -0.301817 0.953152
vn 0.032885 -0.981954 -0.186242
vn -0.025333 -0.965957 0.257459
vn -0.032501 -0.998956 0.032118
vn -0.001641 -0.839749 0.542973
vn 0.372593 0.177186 0.910922
vn 0.030410 -0.791528 0.610376
vn -0.259749 -0.322071 0.910385
vn 0.031296 0.216552 0.975769
vn -0.342092 0.183806 0.921514
vn -0.259749 -0.322071 0.910385
vn 0.049410 -0.584681 0.809757
vn 0.232777 0.137744 0.962726
vn 0.130877 -0.302082 0.944255
vn 0.372593 0.177186 0.910922
vn -0.001641 -0.839749 0.542973
vn 0.031296 0.216552 0.975769
vn -0.020182 -0.301817 0.953152
vn -0.342092 0.183806 0.921514
vn 0.232777 0.137744 0.962726
vn 0.372593 0.177186 0.910922
vn 0.031296 0.216552 0.975769
vn -0.020182 -0.301817 0.953152
vn 0.031296 0.216552 0.975769
vn 0.372593 0.177186 0.910922
vn 0.323653 -0.543361 0.774601
vn 0.094570 -0.581092 0.808325
vn 0.061401 -0.583088 0.810085
vn 0.323653 -0.543361 0.774601
vn -0.286806 -0.883095 0.371329
vn -0.087135 -0.532300 0.842060
vn -0.324397 -0.714608 0.619760
vn -0.299638 -0.919100 0.255876
vn -0.485855 -0.873234 -0.037514
vn -0.286806 -0.883095 0.371329
vn -0.478419 -0.136689 0.867428
vn -0.087135 -0.532300 0.842060
vn 0.323653 -0.543361 0.774601
vn 0.088822 -0.985190 0.146670
vn -0.200915 -0.958841 0.200641
vn 0.323653 -0.543361 0.774601
vn -0.178271 -0.974431 0.136763
vn -0.286806 -0.883095 0.371329
vn 0.088822 -0.985190 0.146670
vn -0.036972 -0.999115 -0.020041
vn -0.200915 -0.958841 0.200641
vn -0.342608 -0.418439 0.841147
vn -0.622104 -0.674578 0.397406
vn -0.598326 -0.442952 0.667682
vn -0.408371 -0.589875 -0.696621
vn -0.178271 -0.974431 0.136763
vn -0.241317 -0.886459 -0.394914
vn -0.178271 -0.974431 0.136763
vn -0.408371 -0.589875 -0.696621
vn -0.286806 -0.883095 0.371329
vn -0.200915 -0.958841 0.200641
vn -0.036972 -0.999115 -0.020041
vn 0.140927 -0.141730 0.979823
vn 0.376853 -0.887224 0.266113
vn -0.036972 -0.999115 -0.020041
vn 0.088822 -0.985190 0.146670
vn -0.000994 -0.914508 -0.404568
vn 0.211101 -0.977239 0.020988
vn 0.006393 -0.860700 -0.509072
vn -0.007187 -0.877217 0.480041
vn 0.211101 -0.977239 0.020988
vn 0.119632 -0.991096 -0.058456
vn -0.201145 -0.532499 -0.822183
vn 0.043162 -0.551141 -0.833295
vn -0.097108 -0.676278 -0.730218
vn -0.000994 -0.914508 -0.404568
vn 0.052717 -0.863172 -0.502151
vn 0.203633 -0.912244 -0.355450
vn -0.324397 -0.714608 0.619760
vn -0.222717 -0.974592 0.023835
vn -0.137269 -0.987533 0.077039
vn -0.354484 -0.732184 -0.581590
vn -0.463801 -0.615329 -0.637385
vn -0.514635 0.006434 -0.857385
vn 0.172730 -0.913967 -0.367190
vn -0.354484 -0.732184 -0.581590
vn -0.256746 -0.937167 -0.236218
vn -0.349137 -0.782507 -0.515545
vn 0.094396 -0.855938 -0.508390
vn -0.103064 -0.838293 -0.535390
vn -0.227979 0.281989 -0.931938
vn 0.103788 0.979581 -0.172189
vn -0.096018 -0.045032 -0.994360
vn -0.354484 -0.732184 -0.581590
vn -0.227979 0.281989 -0.931938
vn -0.256746 -0.937167 -0.236218
vn -0.022834 -0.989049 -0.145808
vn -0.230759 -0.898104 -0.374378
vn -0.086230 -0.786742 -0.611229
vn 0.181424 -0.667604 0.722074
vn -0.022834 -0.989049 -0.145808
vn 0.006048 -0.886597 0.462503
vn 0.006048 -0.886597 0.462503
vn 0.053992 -0.906939 -0.417787
vn 0.022843 -0.969796 -0.242845
vn 0.022843 -0.969796 -0.242845
vn 0.053992 -0.906939 -0.417787
vn 0.070089 -0.637051 -0.767628
vn -0.022834 -0.989049 -0.145808
vn 0.053992 -0.906939 -0.417787
vn 0.006048 -0.886597 0.462503
vn 0.170177 -0.862905 -0.475852
vn -0.086230 -0.786742 -0.611229
vn 0.081278 -0.951116 -0.297946
vn 0.032885 -0.981954 -0.186242
vn 0.010654 -0.864185 -0.503062
vn -0.014344 -0.782653 -0.622293
vn 0.070089 -0.637051 -0.767628
vn 0.006393 -0.860700 -0.509072
vn 0.022843 -0.969796 -0.242845
vn 0.066279 -0.645854 -0.760579
vn 0.070089 -0.637051 -0.767628
vn 0.053992 -0.906939 -0.417787
vn 0.070089 -0.637051 -0.767628
vn 0.068790 -0.556893 -0.827730
vn 0.043162 -0.551141 -0.833295
vn 0.094396 -0.855938 -0.508390
vn 0.236824 -0.951371 -0.196996
vn 0.062595 -0.992265 -0.107204
vn -0.023934 -0.577789 0.815835
vn -0.344685 -0.877004 -0.334748
vn -0.222717 -0.974592 0.023835
vn -0.376306 0.259940 -0.889283
vn -0.324950 0.122100 -0.937816
vn -0.089406 -0.585944 -0.805405
vn -0.231906 -0.568067 -0.789633
vn -0.003827 -0.728702 -0.684821
vn -0.222717 -0.974592 0.023835
vn -0.003827 -0.728702 -0.684821
vn -0.231906 -0.568067 -0.789633
vn -0.089406 -0.585944 -0.805405
vn -0.376306 0.259940 -0.889283
vn -0.089406 -0.585944 -0.805405
vn -0.231906 -0.568067 -0.789633
vn -0.023934 -0.577789 0.815835
vn -0.222717 -0.974592 0.023835
vn -0.324397 -0.714608 0.619760
vn -0.175063 -0.688025 0.704254
vn -0.023934 -0.577789 0.815835
vn -0.360021 -0.821770 0.441678
vn -0.137269 -0.987533 0.077039
vn -0.103064 -0.838293 -0.535390
vn 0.008909 -0.989974 0.140968
vn -0.485855 -0.873234 -0.037514
vn -0.630564 -0.639293 0.440107
vn -0.539238 -0.812551 0.221322
vn -0.175063 -0.688025 0.704254
vn -0.360021 -0.821770 0.441678
vn -0.539238 -0.812551 0.221322
vn 0.611758 -0.608063 0.505975
vn 0.075243 -0.816722 0.572104
vn -0.175063 -0.688025 0.704254
vn -0.175063 -0.688025 0.704254
vn 0.317345 -0.866946 0.384312
vn 0.611758 -0.608063 0.505975
vn -0.625965 -0.752285 0.205513
vn 0.317345 -0.866946 0.384312
vn -0.572719 -0.559040 0.599555
vn -0.485855 -0.873234 -0.037514
vn -0.360021 -0.821770 0.441678
vn -0.324397 -0.714608 0.619760
vn -0.443526 -0.205894 0.872292
vn -0.598326 -0.442952 0.667682
vn -0.622104 -0.674578 0.397406
vn -0.115363 0.816971 0.565022
vn 0.035634 -0.819038 0.572632
vn 0.493603 -0.821137 0.286515
vn -0.572719 -0.559040 0.599555
vn -0.539238 -0.812551 0.221322
vn -0.504466 -0.633139 0.587068
vn -0.477455 -0.271598 0.835626
vn -0.559792 0.131718 0.818097
vn -0.422504 -0.092420 0.901637
vn 0.077664 -0.994077 0.076022
vn -0.477455 -0.271598 0.835626
vn -0.423005 -0.647121 0.634272
vn -0.275427 -0.485915 0.829474
vn -0.311533 -0.545201 0.778270
vn -0.378724 -0.839368 0.389910
vn -0.362902 -0.067744 0.929362
vn -0.275427 -0.485915 0.829474
vn -0.104671 -0.347423 0.931848
vn -0.426288 -0.827262 -0.365945
vn -0.240387 -0.959109 -0.149411
vn -0.258945 -0.937308 -0.233243
vn -0.446754 -0.857752 -0.254306
vn -0.240387 -0.959109 -0.149411
vn -0.323289 -0.944918 0.051140
vn -0.243795 -0.773465 -0.585078
vn -0.426288 -0.827262 -0.365945
vn -0.258945 -0.937308 -0.233243
vn -0.426288 -0.827262 -0.365945
vn -0.520882 -0.798793 -0.301017
vn -0.588994 -0.769238 0.247708
vn -0.164924 0.606940 -0.777447
vn -0.334353 -0.829454 -0.447453
vn -0.379697 -0.740684 -0.554272
vn -0.013428 -0.980666 -0.195230
vn -0.334353 -0.829454 -0.447453
vn -0.066000 0.263993 -0.962264
vn -0.162651 -0.926373 -0.339673
vn -0.245862 -0.948588 -0.199331
vn -0.111600 -0.981934 -0.152811
vn 0.109341 -0.943233 0.313617
vn 0.324263 -0.939014 0.114479
vn 0.858989 -0.367556 0.356427
vn -0.356551 -0.926217 -0.122452
vn 0.414841 -0.889620 0.191007
vn 0.457461 -0.872222 0.173086
vn 0.324263 -0.939014 0.114479
vn -0.245862 -0.948588 -0.199331
vn 0.703911 -0.682588 -0.196424
vn -0.245862 -0.948588 -0.199331
vn 0.324263 -0.939014 0.114479
vn -0.111600 -0.981934 -0.152811
vn 0.997315 -0.073110 0.004147
vn 0.703911 -0.682588 -0.196424
vn 0.608555 0.790951 -0.063697
vn 0.414841 -0.889620 0.191007
vn 0.124325 -0.928084 -0.351004
vn 0.286144 -0.954133 -0.088047
vn -0.111600 -0.981934 -0.152811
vn 0.124325 -0.928084 -0.351004
vn -0.162651 -0.926373 -0.339673
vn 0.266330 -0.792605 -0.548494
vn -0.155101 -0.986855 0.045406
vn -0.023937 -0.979646 -0.199302
vn -0.155101 -0.986855 0.045406
vn 0.185334 -0.959066 -0.214114
vn -0.073175 -0.983503 0.165433
vn 0.279955 -0.958643 0.051281
vn 0.163478 -0.983053 -0.082956
vn 0.061603 -0.977726 0.200641
vn 0.253669 -0.962244 -0.098683
vn 0.245683 -0.968671 -0.036280
vn 0.286144 -0.954133 -0.088047
vn -0.069754 0.997549 0.005598
vn -0.215078 0.972995 0.083794
vn -0.279653 0.954581 0.102808
vn 0.603959 -0.794097 0.068143
vn 0.364059 -0.924339 -0.114271
vn -0.142941 -0.989701 0.007772
vn -0.148877 0.987683 -0.048154
vn 0.042547 0.994316 0.097597
vn -0.140032 0.986207 0.088248
vn 0.491083 -0.820559 -0.292440
vn 0.364059 -0.924339 -0.114271
vn 0.603959 -0.794097 0.068143
vn -0.215078 0.972995 0.083794
vn -0.069754 0.997549 0.005598
vn -0.079501 0.985883 -0.147357
vn -0.069754 0.997549 0.005598
vn -0.066449 0.975995 -0.207408
vn 0.491083 -0.820559 -0.292440
vn -0.066449 0.975995 -0.207408
vn 0.151145 0.810409 -0.566032
vn 0.491083 -0.820559 -0.292440
vn 0.491083 -0.820559 -0.292440
vn 0.151145 0.810409 -0.566032
vn -0.042317 0.948782 -0.313085
vn 0.151145 0.810409 -0.566032
vn -0.066449 0.975995 -0.207408
vn -0.140032 0.986207 0.088248
vn 0.317784 0.809185 -0.494199
vn 0.296679 0.898568 -0.323352
vn -0.042317 0.948782 -0.313085
vn -0.140032 0.986207 0.088248
vn -0.066449 0.975995 -0.207408
vn -0.279653 0.954581 0.102808
vn 0.538057 0.796623 -0.275474
vn -0.140032 0.986207 0.088248
vn 0.042547 0.994316 0.097597
vn -0.042317 0.948782 -0.313085
vn -0.118084 0.925342 -0.360276
vn 0.015295 0.932822 -0.360013
vn 0.378761 0.580592 -0.720731
vn 0.188885 -0.172131 -0.966796
vn 0.448944 -0.170007 -0.877238
vn 0.858989 -0.367556 0.356427
vn 0.527596 0.812576 -0.247715
vn 0.826485 0.549985 0.120159
vn 0.436878 0.898584 0.041037
vn -0.251827 0.959831 0.123726
vn -0.019458 0.469457 -0.882741
vn 0.291596 -0.382484 -0.876743
vn -0.019458 0.469457 -0.882741
vn 0.291286 0.868839 -0.400339
vn 0.840825 0.054109 -0.538596
vn 0.527596 0.812576 -0.247715
vn -0.019458 0.469457 -0.882741
vn -0.170214 0.974923 0.143364
vn -0.611971 0.777972 -0.142305
vn -0.049333 0.998746 -0.008598
vn -0.705347 0.696113 0.133833
vn -0.515854 0.850571 0.102092
vn -0.276344 0.890949 -0.360339
vn 0.513098 0.373679 -0.772719
vn 0.511400 0.020383 -0.859101
vn 0.991934 0.041656 -0.119713
vn 0.192814 0.715060 -0.671947
vn -0.611971 0.777972 -0.142305
vn -0.276344 0.890949 -0.360339
vn 0.188885 -0.172131 -0.966796
vn 0.086851 0.687428 -0.721041
vn 0.511400 0.020383 -0.859101
vn -0.042317 0.948782 -0.313085
vn 0.296679 0.898568 -0.323352
vn -0.118084 0.925342 -0.360276
vn 0.513098 0.373679 -0.772719
vn 0.991934 0.041656 -0.119713
vn -0.276344 0.890949 -0.360339
vn 0.991934 0.041656 -0.119713
vn 0.511400 0.020383 -0.859101
vn 0.931394 -0.033598 0.362458
vn 0.973186 -0.087536 -0.212714
vn 0.479590 -0.875339 0.061439
vn 0.808871 -0.573946 -0.127726
vn 0.401930 -0.915659 0.004553
vn 0.399947 -0.915866 -0.035093
vn 0.479590 -0.875339 0.061439
vn 0.045239 0.338630 -0.939831
vn -0.469777 0.767915 -0.435449
vn 0.384728 0.658920 -0.646382
vn -0.484835 0.710987 -0.509345
vn 0.109382 0.579349 -0.807707
vn -0.296024 0.529735 -0.794827
vn -0.175129 0.984458 -0.013116
vn -0.510363 0.773018 0.376794
vn -0.158729 0.979143 -0.126821
vn 0.109382 0.579349 -0.807707
vn -0.498280 0.489579 -0.715563
vn 0.405207 -0.348072 -0.845372
vn -0.653114 0.734664 0.183602
vn -0.689670 0.704009 0.169488
vn -0.689944 0.717390 0.096584
vn 0.189522 0.474214 -0.859769
vn 0.141134 0.943150 -0.300914
vn 0.430689 -0.689145 -0.582740
vn 0.316528 0.212561 -0.924461
vn 0.384728 0.658920 -0.646382
vn -0.498280 0.489579 -0.715563
vn -0.205491 0.879380 -0.429493
vn 0.384728 0.658920 -0.646382
vn -0.158729 0.979143 -0.126821
vn 0.163208 0.776715 -0.608340
vn 0.842794 0.211902 0.494769
vn 0.372799 0.821011 -0.432391
vn 0.163208 0.776715 -0.608340
vn 0.316528 0.212561 -0.924461
vn 0.109382 0.579349 -0.807707
vn -0.653114 0.734664 0.183602
vn 0.366340 0.929557 0.041464
vn 0.413815 0.907413 -0.073208
vn -0.510363 0.773018 0.376794
vn -0.542116 0.817913 0.192691
vn -0.689944 0.717390 0.096584
vn -0.536122 0.828438 0.162061
vn -0.653114 0.734664 0.183602
vn 0.413815 0.907413 -0.073208
vn 0.114066 0.883969 0.453419
vn -0.488611 0.820392 0.297012
vn -0.134760 0.988679 -0.065981
vn -0.158729 0.979143 -0.126821
vn -0.510363 0.773018 0.376794
vn -0.689944 0.717390 0.096584
vn -0.438690 0.857610 0.268432
vn -0.510363 0.773018 0.376794
vn -0.175129 0.984458 -0.013116
vn 0.162471 0.734675 -0.658677
vn 0.307952 0.906759 0.288018
vn 0.377151 0.762953 -0.525033
vn 0.255044 0.867588 0.426900
vn 0.095242 0.956483 0.275806
vn 0.114066 0.883969 0.453419
vn 0.063693 0.655424 -0.752571
vn 0.162471 0.734675 -0.658677
vn 0.377151 0.762953 -0.525033
vn -0.041850 0.999098 -0.007205
vn 0.162471 0.734675 -0.658677
vn -0.239034 -0.367095 -0.898946
vn -0.309537 0.683831 -0.660729
vn -0.041850 0.999098 -0.007205
vn -0.239034 -0.367095 -0.898946
vn 0.255044 0.867588 0.426900
vn 0.307952 0.906759 0.288018
vn -0.041850 0.999098 -0.007205
vn 0.128343 -0.821593 -0.555439
vn -0.309537 0.683831 -0.660729
vn -0.239034 -0.367095 -0.898946
vn -0.199977 0.968067 -0.151182
vn -0.222805 0.796802 -0.561663
vn -0.436153 0.537973 -0.721357
vn 0.471812 0.881378 0.023812
vn 0.070228 0.997179 -0.026497
vn 0.120554 0.991918 0.039569
vn -0.041850 0.999098 -0.007205
vn 0.007750 0.999689 0.023711
vn 0.255044 0.867588 0.426900
vn -0.697165 0.604162 -0.385939
vn -0.503675 0.823444 -0.261248
vn -0.142922 0.971517 -0.189017
vn -0.387616 0.863315 -0.323175
vn -0.358213 0.818850 -0.448518
vn -0.697165 0.604162 -0.385939
vn 0.160553 0.977912 -0.133835
vn 0.554150 0.744876 -0.371587
vn 0.972197 -0.003296 0.234141
vn 0.060618 -0.988998 0.134937
vn 0.432215 -0.889980 0.145350
vn 0.799820 -0.589499 -0.113044
vn -0.182331 0.947860 -0.261376
vn 0.776435 0.592844 0.213740
vn 0.848997 -0.413859 0.328520
vn 0.776435 0.592844 0.213740
vn 0.836407 0.426277 -0.344546
vn 0.710331 -0.668408 0.220589
vn -0.370919 0.877402 -0.304278
vn -0.358213 0.818850 -0.448518
vn 0.836407 0.426277 -0.344546
vn -0.358213 0.818850 -0.448518
vn 0.514702 0.789290 -0.334818
vn 0.710331 -0.668408 0.220589
vn 0.574385 -0.742112 0.345474
vn -0.331094 -0.864122 -0.379038
vn 0.588866 -0.802833 -0.093251
vn 0.280089 -0.500384 0.819247
vn 0.574385 -0.742112 0.345474
vn 0.417079 -0.561219 0.714898
vn 0.187941 -0.746648 0.638118
vn 0.280089 -0.500384 0.819247
vn 0.149777 -0.318967 0.935856
vn 0.574385 -0.742112 0.345474
vn 0.280089 -0.500384 0.819247
vn 0.137686 -0.947833 -0.287498
vn 0.081758 -0.444531 0.892025
vn 0.187941 -0.746648 0.638118
vn 0.149777 -0.318967 0.935856
vn 0.332293 -0.774212 -0.538682
vn 0.187941 -0.746648 0.638118
vn -0.036102 -0.986096 0.162209
vn 0.574385 -0.742112 0.345474
vn 0.211263 -0.929541 0.302195
vn 0.417079 -0.561219 0.714898
vn 0.616236 -0.786946 0.031115
vn 0.211263 -0.929541 0.302195
vn 0.554769 -0.819416 0.144183
vn 0.616236 -0.786946 0.031115
vn 0.869947 0.161270 -0.466031
vn 0.943825 0.083947 -0.319604
vn 0.211263 -0.929541 0.302195
vn 0.616236 -0.786946 0.031115
vn 0.133834 -0.956126 0.260599
vn 0.943825 0.083947 -0.319604
vn 0.869947 0.161270 -0.466031
vn -0.058545 0.917528 -0.393337
vn -0.188903 -0.670302 -0.717643
vn 0.943825 0.083947 -0.319604
vn -0.244940 0.923334 -0.295734
vn 0.769717 -0.168009 -0.615881
vn 0.079694 -0.825902 -0.558153
vn -0.054984 -0.718173 -0.693689
vn -0.019458 0.469457 -0.882741
vn 0.079694 -0.825902 -0.558153
vn 0.840825 0.054109 -0.538596
vn 0.792812 0.186917 -0.580096
vn 0.434040 -0.898336 0.067832
vn 0.412371 -0.515461 -0.751166
vn 0.693272 -0.277553 -0.665085
vn 0.856729 0.038498 -0.514328
vn 0.774592 0.271066 -0.571428
vn 0.689981 0.657340 -0.303035
vn -0.158933 -0.080008 -0.984042
vn 0.291596 -0.382484 -0.876743
vn 0.698094 0.504269 -0.508308
vn 0.774592 0.271066 -0.571428
vn 0.792812 0.186917 -0.580096
vn -0.251827 0.959831 0.123726
vn -0.394658 0.872073 0.289366
vn -0.000187 0.952121 -0.305720
vn 0.672489 0.618301 -0.406772
vn 0.291286 0.868839 -0.400339
vn -0.000187 0.952121 -0.305720
vn 0.291596 -0.382484 -0.876743
vn 0.672489 0.618301 -0.406772
vn 0.689981 0.657340 -0.303035
vn 0.698094 0.504269 -0.508308
vn 0.689981 0.657340 -0.303035
vn 0.672489 0.618301 -0.406772
vn 0.145669 0.983216 0.109847
vn -0.714825 0.699214 -0.011223
vn -0.672870 0.734317 0.089586
vn 0.698094 0.504269 -0.508308
vn 0.428687 -0.137071 -0.892994
vn 0.693272 -0.277553 -0.665085
vn 0.291286 0.868839 -0.400339
vn -0.019458 0.469457 -0.882741
vn -0.251827 0.959831 0.123726
vn -0.000187 0.952121 -0.305720
vn -0.468983 0.802752 0.368299
vn -0.303074 0.901236 -0.309709
vn 0.149849 0.954345 -0.258400
vn 0.608555 0.790951 -0.063697
vn 0.916041 0.354003 -0.188547
vn -0.468983 0.802752 0.368299
vn -0.013639 0.999635 0.023330
vn -0.284633 0.923519 0.257092
vn -0.403610 0.885406 0.230556
vn 0.122882 0.817952 -0.562009
vn 0.175267 0.737337 -0.652392
vn 0.459889 0.887719 -0.021392
vn 0.080791 0.928951 0.361280
vn 0.145669 0.983216 0.109847
vn -0.251827 0.959831 0.123726
vn -0.000187 0.952121 -0.305720
vn 0.291286 0.868839 -0.400339
vn -0.013639 0.999635 0.023330
vn -0.394658 0.872073 0.289366
vn -0.097966 0.994866 -0.025380
vn -0.000187 0.952121 -0.305720
vn 0.428687 -0.137071 -0.892994
vn 0.672489 0.618301 -0.406772
vn 0.175267 0.737337 -0.652392
vn 0.583343 -0.410484 -0.700866
vn 0.693272 -0.277553 -0.665085
vn -0.303074 0.901236 -0.309709
vn -0.468983 0.802752 0.368299
vn -0.382583 0.886856 0.259067
vn 0.428687 -0.137071 -0.892994
vn -0.303074 0.901236 -0.309709
vn 0.175267 0.737337 -0.652392
vn -0.068159 -0.992123 -0.105101
vn -0.028508 -0.445530 -0.894813
vn -0.013909 -0.634122 -0.773108
vn -0.106722 0.656796 -0.746478
vn -0.028508 -0.445530 -0.894813
vn -0.075910 -0.942981 -0.324075
vn -0.028508 -0.445530 -0.894813
vn -0.106722 0.656796 -0.746478
vn 0.197430 0.395384 -0.897047
vn -0.161776 -0.984911 -0.061466
vn 0.181762 0.144867 -0.972613
vn -0.075910 -0.942981 -0.324075
vn 0.228389 0.862607 -0.451384
vn 0.078938 0.872033 -0.483040
vn 0.239730 0.800954 -0.548636
vn -0.205408 0.729228 -0.652713
vn -0.106722 0.656796 -0.746478
vn 0.078938 0.872033 -0.483040
vn -0.234571 0.419016 -0.877156
vn -0.223890 0.827197 -0.515382
vn -0.205408 0.729228 -0.652713
vn 0.394378 0.513802 -0.761888
vn -0.223890 0.827197 -0.515382
vn -0.061597 0.658193 -0.750325
vn 0.856729 0.038498 -0.514328
vn 0.825427 -0.527177 -0.201878
vn 0.616266 -0.782903 0.085321
vn 0.825427 -0.527177 -0.201878
vn 0.564652 -0.713018 -0.415660
vn 0.398559 -0.692980 -0.600774
vn 0.589316 -0.780852 -0.207308
vn 0.372428 -0.850497 -0.371420
vn 0.427195 -0.256592 -0.866986
vn 0.309669 -0.949290 -0.054355
vn 0.193071 -0.921780 0.336221
vn 0.575665 -0.816060 0.051528
vn 0.710516 -0.551436 -0.437132
vn 0.427195 -0.256592 -0.866986
vn -0.091502 0.668524 -0.738040
vn 0.701409 -0.642164 -0.309275
vn 0.895219 -0.381423 -0.230433
vn 0.568190 -0.809453 -0.148140
vn 0.269644 0.949156 0.162463
vn 0.590813 0.779465 -0.208266
vn 0.069331 0.995204 0.069007
vn -0.272910 0.791672 0.546604
vn 0.269644 0.949156 0.162463
vn -0.429995 0.761253 0.485385
vn 0.249917 -0.736535 -0.628536
vn 0.442136 -0.233848 -0.865928
vn 0.498653 0.369576 -0.784065
vn -0.403610 0.885406 0.230556
vn 0.175267 0.737337 -0.652392
vn -0.382583 0.886856 0.259067
vn -0.382577 0.773428 0.505415
vn 0.080791 0.928951 0.361280
vn 0.459889 0.887719 -0.021392
vn -0.097756 0.937057 0.335212
vn -0.450286 0.833404 0.320438
vn -0.403610 0.885406 0.230556
vn -0.241878 0.198362 -0.949815
vn 0.249917 -0.736535 -0.628536
vn 0.498653 0.369576 -0.784065
vn -0.450286 0.833404 0.320438
vn -0.097756 0.937057 0.335212
vn -0.681688 0.550961 0.481397
vn 0.249917 -0.736535 -0.628536
vn -0.568207 0.439539 -0.695663
vn 0.152205 -0.920694 -0.359384
vn 0.442136 -0.233848 -0.865928
vn 0.338764 -0.686042 -0.643883
vn 0.122882 0.817952 -0.562009
vn 0.269644 0.949156 0.162463
vn 0.069331 0.995204 0.069007
vn -0.429995 0.761253 0.485385
vn 0.069331 0.995204 0.069007
vn -0.450286 0.833404 0.320438
vn -0.681688 0.550961 0.481397
vn 0.498653 0.369576 -0.784065
vn 0.069331 0.995204 0.069007
vn 0.590813 0.779465 -0.208266
vn 0.338764 -0.686042 -0.643883
vn 0.442136 -0.233848 -0.865928
vn 0.152205 -0.920694 -0.359384
vn 0.175267 0.737337 -0.652392
vn -0.303074 0.901236 -0.309709
vn -0.382583 0.886856 0.259067
vn -0.450286 0.833404 0.320438
vn 0.236905 0.898988 -0.368370
vn 0.122882 0.817952 -0.562009
vn 0.071695 0.992453 0.099481
vn 0.077967 0.975152 0.207362
vn -0.284633 0.923519 0.257092
vn 0.145669 0.983216 0.109847
vn 0.080791 0.928951 0.361280
vn -0.097756 0.937057 0.335212
vn -0.382577 0.773428 0.505415
vn -0.681688 0.550961 0.481397
vn 0.080791 0.928951 0.361280
vn 0.069331 0.995204 0.069007
vn -0.681688 0.550961 0.481397
vn -0.429995 0.761253 0.485385
vn -0.097756 0.937057 0.335212
vn 0.080791 0.928951 0.361280
vn -0.681688 0.550961 0.481397
vn -0.403610 0.885406 0.230556
vn -0.607717 0.750067 0.260920
vn -0.089782 0.993504 -0.069921
vn -0.403610 0.885406 0.230556
vn -0.450286 0.833404 0.320438
vn 0.122882 0.817952 -0.562009
vn 0.145669 0.983216 0.109847
vn -0.097756 0.937057 0.335212
vn -0.089782 0.993504 -0.069921
vn 0.766763 -0.107709 -0.632829
vn 0.873341 0.452393 -0.180601
vn 0.895219 -0.381423 -0.230433
vn 0.269644 0.949156 0.162463
vn 0.873341 0.452393 -0.180601
vn 0.590813 0.779465 -0.208266
vn -0.158089 -0.813850 -0.559157
vn -0.153224 -0.972072 -0.177761
vn -0.387494 -0.289903 -0.875103
vn -0.201998 -0.946504 0.251647
vn -0.153224 -0.972072 -0.177761
vn 0.218015 -0.970149 0.106214
vn 0.077664 -0.994077 0.076022
vn 0.097099 -0.984554 0.145687
vn 0.349425 -0.910431 -0.221400
vn -0.313303 -0.570596 -0.759119
vn -0.562749 -0.323008 -0.760907
vn -0.271111 -0.812241 -0.516492
vn -0.429014 -0.591259 -0.682905
vn -0.387494 -0.289903 -0.875103
vn -0.562749 -0.323008 -0.760907
vn -0.369469 -0.888311 -0.272756
vn -0.429014 -0.591259 -0.682905
vn -0.218504 -0.871685 -0.438658
vn -0.271111 -0.812241 -0.516492
vn -0.562749 -0.323008 -0.760907
vn 0.022456 -0.994695 0.100383
vn -0.313303 -0.570596 -0.759119
vn -0.296676 -0.782354 -0.547637
vn -0.243795 -0.773465 -0.585078
vn 0.081278 -0.951116 -0.297946
vn 0.398758 -0.877868 0.265218
vn 0.417980 -0.894211 0.160247
vn 0.304005 -0.949209 -0.081136
vn 0.547864 -0.799155 0.247378
vn 0.398758 -0.877868 0.265218
vn 0.630825 0.670179 0.391049
vn 0.790144 -0.592041 0.158618
vn 0.712944 -0.696286 0.083049
vn 0.932091 -0.125955 0.339620
vn 0.790144 -0.592041 0.158618
vn -0.050776 0.997126 0.056225
vn -0.033036 -0.256322 0.966027
vn 0.257930 -0.899094 -0.353697
vn -0.041536 -0.744808 0.665985
vn 0.170177 -0.862905 -0.475852
vn 0.284008 -0.863514 -0.416754
vn 0.066279 -0.645854 -0.760579
vn -0.022834 -0.989049 -0.145808
vn -0.086230 -0.786742 -0.611229
vn 0.066279 -0.645854 -0.760579
vn -0.230759 -0.898104 -0.374378
vn 0.081278 -0.951116 -0.297946
vn -0.086230 -0.786742 -0.611229
vn 0.582982 -0.683806 0.438794
vn 0.539664 -0.820530 -0.188395
vn 0.795430 -0.060865 0.602981
vn 0.391778 -0.856718 -0.335477
vn 0.539664 -0.820530 -0.188395
vn 0.446015 -0.765172 -0.464309
vn -0.280195 -0.959237 0.036808
vn 0.140927 -0.141730 0.979823
vn -0.250922 -0.487680 0.836186
vn 0.323653 -0.543361 0.774601
vn -0.200915 -0.958841 0.200641
vn 0.094570 -0.581092 0.808325
vn -0.342608 -0.418439 0.841147
vn -0.280195 -0.959237 0.036808
vn -0.622104 -0.674578 0.397406
vn -0.200915 -0.958841 0.200641
vn -0.280195 -0.959237 0.036808
vn 0.094570 -0.581092 0.808325
vn -0.342608 -0.418439 0.841147
vn -0.598326 -0.442952 0.667682
vn -0.339515 -0.938020 -0.069630
vn -0.280195 -0.959237 0.036808
vn -0.342608 -0.418439 0.841147
vn 0.094570 -0.581092 0.808325
vn 0.203633 -0.912244 -0.355450
vn 0.172730 -0.913967 -0.367190
vn -0.136372 -0.972964 0.186395
vn -0.354484 -0.732184 -0.581590
vn 0.172730 -0.913967 -0.367190
vn 0.094396 -0.855938 -0.508390
vn -0.231906 -0.568067 -0.789633
vn -0.222717 -0.974592 0.023835
vn -0.344685 -0.877004 -0.334748
vn -0.137269 -0.987533 0.077039
vn -0.222717 -0.974592 0.023835
vn -0.003827 -0.728702 -0.684821
vn -0.408371 -0.589875 -0.696621
vn -0.019340 -0.998034 -0.059623
vn -0.274030 -0.623995 -0.731804
vn -0.241317 -0.886459 -0.394914
vn -0.178271 -0.974431 0.136763
vn -0.339515 -0.938020 -0.069630
vn -0.175063 -0.688025 0.704254
vn -0.539238 -0.812551 0.221322
vn -0.572719 -0.559040 0.599555
vn -0.485855 -0.873234 -0.037514
vn -0.539238 -0.812551 0.221322
vn -0.360021 -0.821770 0.441678
vn -0.324397 -0.714608 0.619760
vn -0.137269 -0.987533 0.077039
vn -0.299638 -0.919100 0.255876
vn -0.630564 -0.639293 0.440107
vn -0.485855 -0.873234 -0.037514
vn -0.374255 -0.848958 -0.373101
vn -0.241317 -0.886459 -0.394914
vn -0.299638 -0.919100 0.255876
vn 0.008909 -0.989974 0.140968
vn -0.630564 -0.639293 0.440107
vn -0.374255 -0.848958 -0.373101
vn -0.598326 -0.442952 0.667682
vn -0.019340 -0.998034 -0.059623
vn -0.241317 -0.886459 -0.394914
vn 0.008909 -0.989974 0.140968
vn 0.061401 -0.583088 0.810085
vn -0.339515 -0.938020 -0.069630
vn -0.178271 -0.974431 0.136763
vn -0.485855 -0.873234 -0.037514
vn -0.299638 -0.919100 0.255876
vn -0.374255 -0.848958 -0.373101
vn -0.241317 -0.886459 -0.394914
vn -0.374255 -0.848958 -0.373101
vn -0.299638 -0.919100 0.255876
vn -0.598326 -0.442952 0.667682
vn -0.374255 -0.848958 -0.373101
vn -0.339515 -0.938020 -0.069630
vn -0.241317 -0.886459 -0.394914
vn -0.339515 -0.938020 -0.069630
vn -0.374255 -0.848958 -0.373101
vn 0.323653 -0.543361 0.774601
vn 0.061401 -0.583088 0.810085
vn -0.178271 -0.974431 0.136763
vn -0.342608 -0.418439 0.841147
vn 0.061401 -0.583088 0.810085
vn 0.094570 -0.581092 0.808325
vn -0.500245 -0.673284 0.544466
vn -0.436420 -0.879397 0.190260
vn -0.622104 -0.674578 0.397406
vn -0.436420 -0.879397 0.190260
vn -0.370739 -0.559640 0.741185
vn -0.504466 -0.633139 0.587068
vn -0.630564 -0.639293 0.440107
vn -0.443526 -0.205894 0.872292
vn -0.504466 -0.633139 0.587068
vn -0.504466 -0.633139 0.587068
vn -0.443526 -0.205894 0.872292
vn -0.436420 -0.879397 0.190260
vn -0.622104 -0.674578 0.397406
vn -0.436420 -0.879397 0.190260
vn -0.443526 -0.205894 0.872292
vn -0.370739 -0.559640 0.741185
vn -0.436420 -0.879397 0.190260
vn -0.500245 -0.673284 0.544466
vn 0.317345 -0.866946 0.384312
vn 0.493603 -0.821137 0.286515
vn 0.812347 -0.582926 -0.017014
vn -0.115363 0.816971 0.565022
vn 0.493603 -0.821137 0.286515
vn -0.625965 -0.752285 0.205513
vn -0.525986 -0.050568 0.848988
vn -0.559792 0.131718 0.818097
vn -0.578668 0.167993 0.798074
vn -0.275427 -0.485915 0.829474
vn -0.422504 -0.092420 0.901637
vn -0.311533 -0.545201 0.778270
vn -0.378724 -0.839368 0.389910
vn -0.183700 -0.659771 0.728667
vn -0.275427 -0.485915 0.829474
vn -0.183700 -0.659771 0.728667
vn -0.088028 -0.389347 0.916875
vn -0.104671 -0.347423 0.931848
vn -0.378724 -0.839368 0.389910
vn -0.028054 0.063569 -0.997583
vn -0.232290 -0.926555 -0.295867
vn -0.088028 -0.389347 0.916875
vn -0.183700 -0.659771 0.728667
vn -0.033135 -0.569228 0.821512
vn -0.061597 0.658193 -0.750325
vn -0.223890 0.827197 -0.515382
vn -0.234571 0.419016 -0.877156
vn -0.386502 -0.920872 0.051090
vn 0.050947 0.183271 -0.981741
vn 0.087505 0.465779 -0.880564
vn -0.033135 -0.569228 0.821512
vn 0.014945 -0.650884 0.759030
vn -0.175240 -0.645475 0.743406
vn -0.520882 -0.798793 -0.301017
vn -0.594440 -0.756403 -0.272939
vn -0.460225 -0.385944 0.799525
vn -0.183700 -0.659771 0.728667
vn -0.104671 -0.347423 0.931848
vn -0.275427 -0.485915 0.829474
vn -0.104671 -0.347423 0.931848
vn -0.088028 -0.389347 0.916875
vn -0.460225 -0.385944 0.799525
vn 0.279955 -0.958643 0.051281
vn 0.061603 -0.977726 0.200641
vn 0.414841 -0.889620 0.191007
vn 0.286144 -0.954133 -0.088047
vn 0.245683 -0.968671 -0.036280
vn 0.279955 -0.958643 0.051281
vn -0.073175 -0.983503 0.165433
vn 0.513366 -0.749603 0.417792
vn 0.061603 -0.977726 0.200641
vn 0.414841 -0.889620 0.191007
vn 0.061603 -0.977726 0.200641
vn 0.513366 -0.749603 0.417792
vn 0.163164 -0.985086 -0.054618
vn 0.162857 -0.767703 -0.619766
vn 0.630702 -0.776002 -0.005970
vn 0.513366 -0.749603 0.417792
vn -0.073175 -0.983503 0.165433
vn 0.163164 -0.985086 -0.054618
vn 0.827270 0.365617 0.426555
vn 0.603959 -0.794097 0.068143
vn -0.142941 -0.989701 0.007772
vn 0.630702 -0.776002 -0.005970
vn 0.162857 -0.767703 -0.619766
vn -0.313441 -0.930650 -0.188801
vn 0.364059 -0.924339 -0.114271
vn 0.015295 0.932822 -0.360013
vn 0.470303 0.838183 -0.276159
vn -0.317214 -0.939285 0.130840
vn -0.142941 -0.989701 0.007772
vn -0.077123 -0.996996 0.007093
vn 0.991934 0.041656 -0.119713
vn 0.931394 -0.033598 0.362458
vn 0.533856 0.800647 0.271960
vn 0.931394 -0.033598 0.362458
vn 0.511400 0.020383 -0.859101
vn -0.118084 0.925342 -0.360276
vn 0.513098 0.373679 -0.772719
vn 0.188885 -0.172131 -0.966796
vn 0.511400 0.020383 -0.859101
vn -0.042317 0.948782 -0.313085
vn 0.364059 -0.924339 -0.114271
vn 0.491083 -0.820559 -0.292440
vn 0.317784 0.809185 -0.494199
vn -0.042317 0.948782 -0.313085
vn 0.151145 0.810409 -0.566032
vn 0.086851 0.687428 -0.721041
vn -0.118084 0.925342 -0.360276
vn 0.511400 0.020383 -0.859101
vn 0.250176 0.776862 0.577838
vn 0.775890 -0.630104 -0.031050
vn 0.973186 -0.087536 -0.212714
vn 0.775890 -0.630104 -0.031050
vn 0.533856 0.800647 0.271960
vn 0.931394 -0.033598 0.362458
vn 0.384728 0.658920 -0.646382
vn 0.473432 -0.138840 -0.869819
vn 0.045239 0.338630 -0.939831
vn 0.163208 0.776715 -0.608340
vn 0.473432 -0.138840 -0.869819
vn 0.316528 0.212561 -0.924461
vn 0.368838 0.927886 0.054655
vn 0.193447 0.977984 -0.078267
vn 0.453671 0.887134 -0.084708
vn -0.261894 0.961770 -0.080069
vn 0.120554 0.991918 0.039569
vn 0.070228 0.997179 -0.026497
vn 0.621445 0.550858 0.557101
vn -0.142922 0.971517 -0.189017
vn -0.503675 0.823444 -0.261248
vn 0.163208 0.776715 -0.608340
vn -0.142922 0.971517 -0.189017
vn 0.842794 0.211902 0.494769
vn 0.473432 -0.138840 -0.869819
vn 0.163208 0.776715 -0.608340
vn 0.372799 0.821011 -0.432391
vn 0.316528 0.212561 -0.924461
vn -0.498280 0.489579 -0.715563
vn 0.109382 0.579349 -0.807707
vn 0.405207 -0.348072 -0.845372
vn 0.278307 0.529804 -0.801157
vn -0.296024 0.529735 -0.794827
vn -0.484835 0.710987 -0.509345
vn 0.163208 0.776715 -0.608340
vn 0.109382 0.579349 -0.807707
vn -0.429678 0.836060 -0.341145
vn 0.189522 0.474214 -0.859769
vn 0.405207 -0.348072 -0.845372
vn 0.582712 0.701501 -0.410296
vn 0.432215 -0.889980 0.145350
vn 0.514702 0.789290 -0.334818
vn 0.405207 -0.348072 -0.845372
vn -0.296024 0.529735 -0.794827
vn 0.109382 0.579349 -0.807707
vn -0.387616 0.863315 -0.323175
vn -0.296024 0.529735 -0.794827
vn 0.278307 0.529804 -0.801157
vn 0.922824 0.363174 0.128454
vn 0.413815 0.907413 -0.073208
vn 0.366340 0.929557 0.041464
vn -0.536122 0.828438 0.162061
vn 0.413815 0.907413 -0.073208
vn 0.538399 0.785594 -0.304906
vn 0.494943 0.585588 -0.641964
vn -0.536122 0.828438 0.162061
vn 0.538399 0.785594 -0.304906
vn -0.536122 0.828438 0.162061
vn -0.364638 0.926118 -0.096668
vn -0.488611 0.820392 0.297012
vn -0.134760 0.988679 -0.065981
vn -0.488611 0.820392 0.297012
vn -0.364638 0.926118 -0.096668
vn -0.161997 0.983461 0.081005
vn -0.478128 0.801687 0.358736
vn 0.095242 0.956483 0.275806
vn -0.387616 0.863315 -0.323175
vn 0.278307 0.529804 -0.801157
vn -0.055777 0.929229 -0.365270
vn 0.710331 -0.668408 0.220589
vn 0.432215 -0.889980 0.145350
vn 0.848997 -0.413859 0.328520
vn 0.160553 0.977912 -0.133835
vn 0.582712 0.701501 -0.410296
vn -0.387616 0.863315 -0.323175
vn 0.662112 -0.725150 -0.189120
vn 0.430689 -0.689145 -0.582740
vn -0.235093 -0.971946 -0.007278
vn -0.387616 0.863315 -0.323175
vn 0.582712 0.701501 -0.410296
vn 0.514702 0.789290 -0.334818
vn 0.160553 0.977912 -0.133835
vn 0.972197 -0.003296 0.234141
vn 0.799820 -0.589499 -0.113044
vn 0.239730 0.800954 -0.548636
vn 0.078938 0.872033 -0.483040
vn 0.181762 0.144867 -0.972613
vn 0.181762 0.144867 -0.972613
vn 0.078938 0.872033 -0.483040
vn -0.106722 0.656796 -0.746478
vn 0.242878 0.891628 -0.382112
vn 0.228389 0.862607 -0.451384
vn 0.239730 0.800954 -0.548636
vn 0.021169 0.722651 -0.690889
vn 0.146300 0.706465 -0.692462
vn 0.087505 0.465779 -0.880564
vn -0.205408 0.729228 -0.652713
vn 0.078938 0.872033 -0.483040
vn 0.021169 0.722651 -0.690889
vn 0.228389 0.862607 -0.451384
vn 0.021169 0.722651 -0.690889
vn 0.078938 0.872033 -0.483040
vn -0.607717 0.750067 0.260920
vn -0.403610 0.885406 0.230556
vn -0.382583 0.886856 0.259067
vn -0.097756 0.937057 0.335212
vn -0.403610 0.885406 0.230556
vn -0.089782 0.993504 -0.069921
vn -0.013639 0.999635 0.023330
vn -0.468983 0.802752 0.368299
vn -0.394658 0.872073 0.289366
vn -0.672870 0.734317 0.089586
vn -0.130704 0.982141 0.135337
vn -0.091242 0.974709 0.204004
vn -0.271111 -0.812241 -0.516492
vn 0.022456 -0.994695 0.100383
vn 0.077664 -0.994077 0.076022
vn -0.429014 -0.591259 -0.682905
vn -0.562749 -0.323008 -0.760907
vn -0.313303 -0.570596 -0.759119
vn -0.423005 -0.647121 0.634272
vn -0.594440 -0.756403 -0.272939
vn -0.296676 -0.782354 -0.547637
vn -0.296676 -0.782354 -0.547637
vn -0.594440 -0.756403 -0.272939
vn -0.243795 -0.773465 -0.585078
vn 0.077664 -0.994077 0.076022
vn -0.296676 -0.782354 -0.547637
vn -0.271111 -0.812241 -0.516492
vn -0.271111 -0.812241 -0.516492
vn -0.296676 -0.782354 -0.547637
vn -0.313303 -0.570596 -0.759119
vn -0.362902 -0.067744 0.929362
vn -0.460225 -0.385944 0.799525
vn -0.423005 -0.647121 0.634272
vn -0.243795 -0.773465 -0.585078
vn -0.594440 -0.756403 -0.272939
vn -0.520882 -0.798793 -0.301017
vn -0.460225 -0.385944 0.799525
vn -0.088028 -0.389347 0.916875
vn -0.588994 -0.769238 0.247708
vn -0.460225 -0.385944 0.799525
vn -0.594440 -0.756403 -0.272939
vn -0.423005 -0.647121 0.634272
vn -0.426288 -0.827262 -0.365945
vn -0.243795 -0.773465 -0.585078
vn -0.520882 -0.798793 -0.301017
vn -0.258945 -0.937308 -0.233243
vn -0.485069 -0.549397 -0.680346
vn -0.090626 -0.892101 -0.442654
vn -0.090626 -0.892101 -0.442654
vn -0.243795 -0.773465 -0.585078
vn -0.258945 -0.937308 -0.233243
vn -0.154275 -0.816768 -0.555958
vn -0.127114 -0.872064 -0.472595
vn -0.090626 -0.892101 -0.442654
vn -0.090626 -0.892101 -0.442654
vn -0.485069 -0.549397 -0.680346
vn -0.289700 -0.312328 -0.904724
vn -0.243795 -0.773465 -0.585078
vn -0.090626 -0.892101 -0.442654
vn -0.127114 -0.872064 -0.472595
vn -0.435496 -0.803247 -0.406371
vn -0.154275 -0.816768 -0.555958
vn -0.091035 -0.825093 -0.557615
vn -0.218504 -0.871685 -0.438658
vn -0.127114 -0.872064 -0.472595
vn -0.154275 -0.816768 -0.555958
vn 0.391778 -0.856718 -0.335477
vn 0.310908 -0.932184 0.185389
vn 0.417980 -0.894211 0.160247
vn 0.170177 -0.862905 -0.475852
vn 0.310908 -0.932184 0.185389
vn 0.383018 -0.917359 -0.108393
vn 0.539664 -0.820530 -0.188395
vn 0.391778 -0.856718 -0.335477
vn 0.417980 -0.894211 0.160247
vn 0.391778 -0.856718 -0.335477
vn 0.446015 -0.765172 -0.464309
vn 0.257930 -0.899094 -0.353697
vn 0.170177 -0.862905 -0.475852
vn 0.383018 -0.917359 -0.108393
vn 0.284008 -0.863514 -0.416754
vn -0.086230 -0.786742 -0.611229
vn 0.170177 -0.862905 -0.475852
vn 0.066279 -0.645854 -0.760579
vn 0.366072 -0.928250 -0.065909
vn 0.151124 -0.899620 -0.409689
vn 0.284008 -0.863514 -0.416754
vn 0.151124 -0.899620 -0.409689
vn 0.032885 -0.981954 -0.186242
vn -0.014344 -0.782653 -0.622293
vn 0.068790 -0.556893 -0.827730
vn 0.284008 -0.863514 -0.416754
vn 0.151124 -0.899620 -0.409689
vn 0.366072 -0.928250 -0.065909
vn 0.284008 -0.863514 -0.416754
vn 0.383018 -0.917359 -0.108393
vn 0.932091 -0.125955 0.339620
vn 0.539664 -0.820530 -0.188395
vn 0.458488 -0.887280 -0.050228
vn 0.417980 -0.894211 0.160247
vn 0.458488 -0.887280 -0.050228
vn 0.539664 -0.820530 -0.188395
vn -0.060349 -0.059167 0.996422
vn 0.582982 -0.683806 0.438794
vn 0.795430 -0.060865 0.602981
vn -0.113993 -0.004766 0.993470
vn -0.090646 0.172834 0.980771
vn 0.153389 -0.314347 0.936834
vn -0.041536 -0.744808 0.665985
vn -0.090646 0.172834 0.980771
vn -0.208411 -0.303764 0.929673
vn 0.446015 -0.765172 -0.464309
vn 0.582982 -0.683806 0.438794
vn 0.153389 -0.314347 0.936834
vn -0.103064 -0.838293 -0.535390
vn -0.137269 -0.987533 0.077039
vn -0.003827 -0.728702 -0.684821
vn -0.299638 -0.919100 0.255876
vn -0.137269 -0.987533 0.077039
vn 0.008909 -0.989974 0.140968
vn -0.103064 -0.838293 -0.535390
vn -0.003827 -0.728702 -0.684821
vn -0.089406 -0.585944 -0.805405
vn -0.103064 -0.838293 -0.535390
vn 0.094396 -0.855938 -0.508390
vn 0.062595 -0.992265 -0.107204
vn 0.094396 -0.855938 -0.508390
vn -0.349137 -0.782507 -0.515545
vn -0.354484 -0.732184 -0.581590
vn -0.089406 -0.585944 -0.805405
vn -0.349137 -0.782507 -0.515545
vn -0.103064 -0.838293 -0.535390
vn 0.062595 -0.992265 -0.107204
vn -0.019340 -0.998034 -0.059623
vn 0.008909 -0.989974 0.140968
vn -0.019340 -0.998034 -0.059623
vn 0.236824 -0.951371 -0.196996
vn -0.274030 -0.623995 -0.731804
vn 0.236824 -0.951371 -0.196996
vn 0.052717 -0.863172 -0.502151
vn -0.274030 -0.623995 -0.731804
vn -0.459611 -0.430143 -0.777004
vn 0.052717 -0.863172 -0.502151
vn -0.000994 -0.914508 -0.404568
vn -0.019340 -0.998034 -0.059623
vn -0.408371 -0.589875 -0.696621
vn -0.241317 -0.886459 -0.394914
vn -0.274030 -0.623995 -0.731804
vn -0.286806 -0.883095 0.371329
vn -0.408371 -0.589875 -0.696621
vn -0.311533 -0.545201 0.778270
vn -0.525986 -0.050568 0.848988
vn -0.436405 -0.605103 0.665884
vn -0.559792 0.131718 0.818097
vn -0.525986 -0.050568 0.848988
vn -0.422504 -0.092420 0.901637
vn -0.061597 0.658193 -0.750325
vn -0.173790 -0.984728 -0.010414
vn -0.232290 -0.926555 -0.295867
vn -0.183700 -0.659771 0.728667
vn -0.232290 -0.926555 -0.295867
vn -0.173790 -0.984728 -0.010414
vn 0.021169 0.722651 -0.690889
vn -0.234571 0.419016 -0.877156
vn -0.205408 0.729228 -0.652713
vn -0.234571 0.419016 -0.877156
vn 0.050947 0.183271 -0.981741
vn -0.033971 -0.990939 -0.129949
vn -0.033971 -0.990939 -0.129949
vn 0.050947 0.183271 -0.981741
vn -0.386502 -0.920872 0.051090
vn -0.377212 -0.899526 0.220374
vn -0.467893 -0.662360 0.585111
vn -0.386502 -0.920872 0.051090
vn -0.073175 -0.983503 0.165433
vn 0.061603 -0.977726 0.200641
vn 0.163478 -0.983053 -0.082956
vn 0.163164 -0.985086 -0.054618
vn -0.073175 -0.983503 0.165433
vn 0.185334 -0.959066 -0.214114
vn 0.902219 0.023569 0.430634
vn -0.077123 -0.996996 0.007093
vn 0.943865 0.196494 -0.265536
vn -0.245862 -0.948588 -0.199331
vn -0.042948 -0.970784 -0.236082
vn 0.703911 -0.682588 -0.196424
vn 0.185334 -0.959066 -0.214114
vn -0.155101 -0.986855 0.045406
vn 0.266330 -0.792605 -0.548494
vn 0.239182 -0.949898 -0.201212
vn 0.345153 -0.919702 -0.187132
vn -0.122031 -0.874322 0.469754
vn 0.345153 -0.919702 -0.187132
vn 0.266330 -0.792605 -0.548494
vn -0.023937 -0.979646 -0.199302
vn 0.185334 -0.959066 -0.214114
vn 0.266330 -0.792605 -0.548494
vn 0.162857 -0.767703 -0.619766
vn 0.399947 -0.915866 -0.035093
vn 0.296679 0.898568 -0.323352
vn 0.317784 0.809185 -0.494199
vn 0.931394 -0.033598 0.362458
vn 0.296679 0.898568 -0.323352
vn 0.401930 -0.915659 0.004553
vn 0.086851 0.687428 -0.721041
vn 0.188885 -0.172131 -0.966796
vn 0.378761 0.580592 -0.720731
vn 0.364059 -0.924339 -0.114271
vn 0.552543 -0.436588 -0.709991
vn -0.142941 -0.989701 0.007772
vn 0.470303 0.838183 -0.276159
vn 0.378761 0.580592 -0.720731
vn 0.552543 -0.436588 -0.709991
vn 0.364059 -0.924339 -0.114271
vn -0.042317 0.948782 -0.313085
vn 0.015295 0.932822 -0.360013
vn 0.378761 0.580592 -0.720731
vn 0.015295 0.932822 -0.360013
vn 0.086851 0.687428 -0.721041
vn -0.118084 0.925342 -0.360276
vn 0.086851 0.687428 -0.721041
vn 0.015295 0.932822 -0.360013
vn 0.240552 0.957392 0.159798
vn 0.407656 0.861797 -0.301865
vn -0.091242 0.974709 0.204004
vn 0.188885 -0.172131 -0.966796
vn 0.513098 0.373679 -0.772719
vn 0.407656 0.861797 -0.301865
vn 0.448944 -0.170007 -0.877238
vn 0.407656 0.861797 -0.301865
vn 0.902966 0.289521 -0.317537
vn -0.317214 -0.939285 0.130840
vn -0.077123 -0.996996 0.007093
vn -0.196132 -0.965834 0.169403
vn 0.685931 -0.670222 -0.283375
vn 0.916041 0.354003 -0.188547
vn -0.042948 -0.970784 -0.236082
vn 0.378761 0.580592 -0.720731
vn 0.448944 -0.170007 -0.877238
vn 0.943865 0.196494 -0.265536
vn 0.378761 0.580592 -0.720731
vn 0.470303 0.838183 -0.276159
vn 0.015295 0.932822 -0.360013
vn 0.552543 -0.436588 -0.709991
vn 0.364059 -0.924339 -0.114271
vn 0.470303 0.838183 -0.276159
vn -0.091242 0.974709 0.204004
vn 0.407656 0.861797 -0.301865
vn 0.513098 0.373679 -0.772719
vn 0.352751 0.932254 0.080430
vn 0.902966 0.289521 -0.317537
vn 0.407656 0.861797 -0.301865
vn -0.515854 0.850571 0.102092
vn -0.091242 0.974709 0.204004
vn 0.513098 0.373679 -0.772719
vn -0.576927 0.814117 0.066094
vn -0.130704 0.982141 0.135337
vn -0.672870 0.734317 0.089586
vn 0.686656 -0.685152 -0.243044
vn 0.352751 0.932254 0.080430
vn 0.613781 0.782914 -0.101577
vn -0.207324 -0.889670 -0.406821
vn 0.902219 0.023569 0.430634
vn 0.630702 -0.776002 -0.005970
vn 0.407656 0.861797 -0.301865
vn 0.448944 -0.170007 -0.877238
vn 0.188885 -0.172131 -0.966796
vn 0.448944 -0.170007 -0.877238
vn 0.929434 0.225173 -0.292319
vn 0.943865 0.196494 -0.265536
vn 0.790072 0.569243 0.227482
vn 0.942972 -0.080773 0.322924
vn 0.902219 0.023569 0.430634
vn 0.448944 -0.170007 -0.877238
vn 0.902966 0.289521 -0.317537
vn 0.929434 0.225173 -0.292319
vn -0.261894 0.961770 -0.080069
vn -0.689944 0.717390 0.096584
vn -0.689670 0.704009 0.169488
vn -0.290165 0.950192 -0.113749
vn -0.261894 0.961770 -0.080069
vn 0.070228 0.997179 -0.026497
vn -0.134760 0.988679 -0.065981
vn 0.307952 0.906759 0.288018
vn 0.114066 0.883969 0.453419
vn -0.536122 0.828438 0.162061
vn -0.488611 0.820392 0.297012
vn -0.478128 0.801687 0.358736
vn 0.368838 0.927886 0.054655
vn 0.471812 0.881378 0.023812
vn 0.387712 0.912186 0.132647
vn -0.161997 0.983461 0.081005
vn 0.095242 0.956483 0.275806
vn 0.120554 0.991918 0.039569
vn 0.255044 0.867588 0.426900
vn 0.114066 0.883969 0.453419
vn 0.307952 0.906759 0.288018
vn -0.488611 0.820392 0.297012
vn 0.114066 0.883969 0.453419
vn 0.095242 0.956483 0.275806
vn -0.536122 0.828438 0.162061
vn -0.689670 0.704009 0.169488
vn -0.653114 0.734664 0.183602
vn -0.689670 0.704009 0.169488
vn -0.478128 0.801687 0.358736
vn -0.161997 0.983461 0.081005
vn -0.607717 0.750067 0.260920
vn -0.714825 0.699214 -0.011223
vn -0.089782 0.993504 -0.069921
vn -0.672870 0.734317 0.089586
vn -0.714825 0.699214 -0.011223
vn -0.576927 0.814117 0.066094
vn -0.284633 0.923519 0.257092
vn -0.607717 0.750067 0.260920
vn -0.382583 0.886856 0.259067
vn -0.714825 0.699214 -0.011223
vn -0.607717 0.750067 0.260920
vn -0.576927 0.814117 0.066094
vn 0.203633 -0.912244 -0.355450
vn 0.052717 -0.863172 -0.502151
vn 0.236824 -0.951371 -0.196996
vn -0.000994 -0.914508 -0.404568
vn -0.201145 -0.532499 -0.822183
vn -0.459611 -0.430143 -0.777004
vn 0.006393 -0.860700 -0.509072
vn -0.201145 -0.532499 -0.822183
vn -0.000994 -0.914508 -0.404568
vn -0.213787 -0.759837 -0.613956
vn -0.286806 -0.883095 0.371329
vn -0.274030 -0.623995 -0.731804
vn -0.173790 -0.984728 -0.010414
vn -0.234571 0.419016 -0.877156
vn -0.033971 -0.990939 -0.129949
vn -0.150717 -0.787172 0.598034
vn -0.001392 -0.858294 0.513156
vn -0.467893 -0.662360 0.585111
vn -0.001392 -0.858294 0.513156
vn 0.141208 -0.879034 0.455368
vn -0.033971 -0.990939 -0.129949
vn -0.033971 -0.990939 -0.129949
vn 0.141208 -0.879034 0.455368
vn -0.173790 -0.984728 -0.010414
vn -0.238007 -0.722464 0.649152
vn -0.261192 -0.962935 0.067337
vn -0.175240 -0.645475 0.743406
vn -0.033135 -0.569228 0.821512
vn 0.141208 -0.879034 0.455368
vn 0.014945 -0.650884 0.759030
vn -0.377212 -0.899526 0.220374
vn -0.386502 -0.920872 0.051090
vn 0.017452 -0.436389 -0.899589
vn -0.001392 -0.858294 0.513156
vn -0.033971 -0.990939 -0.129949
vn -0.386502 -0.920872 0.051090
vn -0.377212 -0.899526 0.220374
vn 0.017452 -0.436389 -0.899589
vn 0.341679 -0.824600 -0.450877
vn -0.169798 -0.919242 -0.355195
vn -0.505457 -0.780935 0.366952
vn -0.101574 -0.886542 0.451361
vn -0.706899 -0.706663 -0.030356
vn -0.796320 -0.553898 0.243049
vn -0.383823 -0.146884 -0.911650
vn -0.150717 -0.787172 0.598034
vn -0.238007 -0.722464 0.649152
vn 0.014945 -0.650884 0.759030
vn -0.383823 -0.146884 -0.911650
vn -0.505457 -0.780935 0.366952
vn -0.169798 -0.919242 -0.355195
vn -0.377212 -0.899526 0.220374
vn -0.505457 -0.780935 0.366952
vn -0.796320 -0.553898 0.243049
vn -0.001392 -0.858294 0.513156
vn -0.150717 -0.787172 0.598034
vn 0.014945 -0.650884 0.759030
vn -0.706899 -0.706663 -0.030356
vn -0.150717 -0.787172 0.598034
vn -0.796320 -0.553898 0.243049
vn 0.162857 -0.767703 -0.619766
vn 0.163164 -0.985086 -0.054618
vn 0.185334 -0.959066 -0.214114
vn 0.934975 -0.070253 0.347687
vn 0.163164 -0.985086 -0.054618
vn 0.630702 -0.776002 -0.005970
vn -0.239352 -0.945243 -0.221872
vn 0.457461 -0.872222 0.173086
vn 0.942972 -0.080773 0.322924
vn 0.929434 0.225173 -0.292319
vn 0.902966 0.289521 -0.317537
vn 0.686656 -0.685152 -0.243044
vn -0.356551 -0.926217 -0.122452
vn -0.245862 -0.948588 -0.199331
vn -0.162651 -0.926373 -0.339673
vn 0.685931 -0.670222 -0.283375
vn -0.042948 -0.970784 -0.236082
vn -0.239352 -0.945243 -0.221872
vn 0.902966 0.289521 -0.317537
vn 0.352751 0.932254 0.080430
vn 0.686656 -0.685152 -0.243044
vn -0.013639 0.999635 0.023330
vn 0.132266 0.989731 0.054205
vn 0.071695 0.992453 0.099481
vn -0.239352 -0.945243 -0.221872
vn -0.042948 -0.970784 -0.236082
vn 0.457461 -0.872222 0.173086
vn 0.457461 -0.872222 0.173086
vn -0.042948 -0.970784 -0.236082
vn -0.356551 -0.926217 -0.122452
vn 0.685931 -0.670222 -0.283375
vn 0.686656 -0.685152 -0.243044
vn 0.613781 0.782914 -0.101577
vn 0.109101 0.984295 0.138780
vn 0.071695 0.992453 0.099481
vn 0.132266 0.989731 0.054205
vn 0.686656 -0.685152 -0.243044
vn 0.685931 -0.670222 -0.283375
vn -0.239352 -0.945243 -0.221872
vn 0.685931 -0.670222 -0.283375
vn 0.533929 0.845510 0.005631
vn 0.916041 0.354003 -0.188547
vn -0.313441 -0.930650 -0.188801
vn -0.196132 -0.965834 0.169403
vn -0.207324 -0.889670 -0.406821
vn -0.313441 -0.930650 -0.188801
vn 0.162857 -0.767703 -0.619766
vn 0.239182 -0.949898 -0.201212
vn -0.142941 -0.989701 0.007772
vn 0.552543 -0.436588 -0.709991
vn -0.077123 -0.996996 0.007093
vn -0.077123 -0.996996 0.007093
vn 0.552543 -0.436588 -0.709991
vn 0.943865 0.196494 -0.265536
vn -0.276344 0.890949 -0.360339
vn -0.515854 0.850571 0.102092
vn 0.513098 0.373679 -0.772719
vn -0.672870 0.734317 0.089586
vn -0.515854 0.850571 0.102092
vn -0.705347 0.696113 0.133833
vn -0.576927 0.814117 0.066094
vn 0.077967 0.975152 0.207362
vn -0.130704 0.982141 0.135337
vn 0.071695 0.992453 0.099481
vn 0.109101 0.984295 0.138780
vn 0.133966 0.981245 0.138606
vn 0.902219 0.023569 0.430634
vn -0.196132 -0.965834 0.169403
vn -0.077123 -0.996996 0.007093
vn 0.686656 -0.685152 -0.243044
vn 0.790072 0.569243 0.227482
vn 0.929434 0.225173 -0.292319
vn 0.120554 0.991918 0.039569
vn -0.261894 0.961770 -0.080069
vn -0.161997 0.983461 0.081005
vn -0.689670 0.704009 0.169488
vn -0.161997 0.983461 0.081005
vn -0.261894 0.961770 -0.080069
vn 0.141134 0.943150 -0.300914
vn -0.290165 0.950192 -0.113749
vn 0.070228 0.997179 -0.026497
vn 0.430689 -0.689145 -0.582740
vn -0.751269 -0.655245 0.079046
vn -0.235093 -0.971946 -0.007278
vn -0.498280 0.489579 -0.715563
vn -0.205491 0.879380 -0.429493
vn -0.429678 0.836060 -0.341145
vn -0.290165 0.950192 -0.113749
vn -0.158729 0.979143 -0.126821
vn -0.261894 0.961770 -0.080069
vn 0.384728 0.658920 -0.646382
vn -0.205491 0.879380 -0.429493
vn -0.498280 0.489579 -0.715563
vn -0.290165 0.950192 -0.113749
vn -0.205491 0.879380 -0.429493
vn -0.158729 0.979143 -0.126821
vn 0.141134 0.943150 -0.300914
vn -0.429678 0.836060 -0.341145
vn -0.290165 0.950192 -0.113749
vn -0.290165 0.950192 -0.113749
vn -0.429678 0.836060 -0.341145
vn -0.205491 0.879380 -0.429493
vn 0.120554 0.991918 0.039569
vn 0.387712 0.912186 0.132647
vn 0.471812 0.881378 0.023812
vn 0.430689 -0.689145 -0.582740
vn 0.504806 0.843049 -0.185580
vn 0.713026 0.490180 -0.501316
vn 0.919687 -0.094278 -0.381165
vn 0.753275 -0.340951 -0.562432
vn 0.544980 0.751026 -0.372769
vn -0.644974 -0.635063 -0.425094
vn -0.570026 -0.742218 -0.352397
vn -0.857021 -0.514885 0.020215
vn 0.387712 0.912186 0.132647
vn 0.120554 0.991918 0.039569
vn 0.095242 0.956483 0.275806
vn 0.453671 0.887134 -0.084708
vn 0.544980 0.751026 -0.372769
vn 0.727570 0.159562 -0.667219
vn 0.255044 0.867588 0.426900
vn 0.424457 0.883923 0.196259
vn 0.095242 0.956483 0.275806
vn -0.199977 0.968067 -0.151182
vn 0.193447 0.977984 -0.078267
vn 0.368838 0.927886 0.054655
vn 0.727570 0.159562 -0.667219
vn 0.657742 0.737722 -0.152124
vn 0.453671 0.887134 -0.084708
vn 0.713026 0.490180 -0.501316
vn -0.532846 -0.807525 -0.252941
vn 0.430689 -0.689145 -0.582740
vn 0.070228 0.997179 -0.026497
vn 0.471812 0.881378 0.023812
vn 0.504806 0.843049 -0.185580
vn 0.657742 0.737722 -0.152124
vn 0.471812 0.881378 0.023812
vn 0.453671 0.887134 -0.084708
vn 0.713026 0.490180 -0.501316
vn 0.504806 0.843049 -0.185580
vn 0.657742 0.737722 -0.152124
vn 0.471812 0.881378 0.023812
vn 0.657742 0.737722 -0.152124
vn 0.504806 0.843049 -0.185580
vn -0.097108 -0.676278 -0.730218
vn 0.010654 -0.864185 -0.503062
vn -0.213787 -0.759837 -0.613956
vn -0.032501 -0.998956 0.032118
vn 0.010654 -0.864185 -0.503062
vn 0.032885 -0.981954 -0.186242
vn -0.175240 -0.645475 0.743406
vn 0.014945 -0.650884 0.759030
vn -0.238007 -0.722464 0.649152
vn -0.588994 -0.769238 0.247708
vn -0.175240 -0.645475 0.743406
vn -0.323289 -0.944918 0.051140
vn 0.017452 -0.436389 -0.899589
vn 0.075814 0.499720 -0.862863
vn 0.341679 -0.824600 -0.450877
vn 0.341679 -0.824600 -0.450877
vn 0.075814 0.499720 -0.862863
vn 0.327781 -0.464705 -0.822562
vn 0.146300 0.706465 -0.692462
vn 0.075814 0.499720 -0.862863
vn 0.017452 -0.436389 -0.899589
vn -0.288875 0.795411 -0.532797
vn 0.327781 -0.464705 -0.822562
vn 0.075814 0.499720 -0.862863
vn -0.101574 -0.886542 0.451361
vn -0.377212 -0.899526 0.220374
vn 0.176997 -0.961584 0.209828
vn 0.341679 -0.824600 -0.450877
vn 0.176997 -0.961584 0.209828
vn -0.377212 -0.899526 0.220374
vn 0.942972 -0.080773 0.322924
vn 0.630702 -0.776002 -0.005970
vn 0.902219 0.023569 0.430634
vn 0.457461 -0.872222 0.173086
vn 0.934975 -0.070253 0.347687
vn 0.942972 -0.080773 0.322924
vn -0.245862 -0.948588 -0.199331
vn -0.356551 -0.926217 -0.122452
vn -0.042948 -0.970784 -0.236082
vn 0.414841 -0.889620 0.191007
vn -0.356551 -0.926217 -0.122452
vn -0.162651 -0.926373 -0.339673
vn 0.613781 0.782914 -0.101577
vn 0.352751 0.932254 0.080430
vn 0.133966 0.981245 0.138606
vn 0.685931 -0.670222 -0.283375
vn 0.613781 0.782914 -0.101577
vn 0.533929 0.845510 0.005631
vn 0.240552 0.957392 0.159798
vn 0.133966 0.981245 0.138606
vn 0.352751 0.932254 0.080430
vn 0.077967 0.975152 0.207362
vn 0.133966 0.981245 0.138606
vn -0.130704 0.982141 0.135337
vn 0.533929 0.845510 0.005631
vn 0.613781 0.782914 -0.101577
vn 0.109101 0.984295 0.138780
vn 0.133966 0.981245 0.138606
vn 0.109101 0.984295 0.138780
vn 0.613781 0.782914 -0.101577
vn 0.407656 0.861797 -0.301865
vn 0.240552 0.957392 0.159798
vn 0.352751 0.932254 0.080430
vn -0.130704 0.982141 0.135337
vn 0.240552 0.957392 0.159798
vn -0.091242 0.974709 0.204004
vn -0.607717 0.750067 0.260920
vn -0.284633 0.923519 0.257092
vn -0.576927 0.814117 0.066094
vn 0.133966 0.981245 0.138606
vn 0.077967 0.975152 0.207362
vn 0.071695 0.992453 0.099481
vn -0.576927 0.814117 0.066094
vn -0.284633 0.923519 0.257092
vn 0.077967 0.975152 0.207362
vn -0.382583 0.886856 0.259067
vn -0.468983 0.802752 0.368299
vn -0.284633 0.923519 0.257092
vn 0.109101 0.984295 0.138780
vn 0.132266 0.989731 0.054205
vn 0.533929 0.845510 0.005631
vn 0.071695 0.992453 0.099481
vn -0.284633 0.923519 0.257092
vn -0.013639 0.999635 0.023330
vn -0.097966 0.994866 -0.025380
vn 0.149849 0.954345 -0.258400
vn -0.013639 0.999635 0.023330
vn 0.703911 -0.682588 -0.196424
vn -0.042948 -0.970784 -0.236082
vn 0.916041 0.354003 -0.188547
vn 0.132266 0.989731 0.054205
vn 0.149849 0.954345 -0.258400
vn 0.916041 0.354003 -0.188547
vn -0.097966 0.994866 -0.025380
vn 0.608555 0.790951 -0.063697
vn 0.149849 0.954345 -0.258400
vn -0.013639 0.999635 0.023330
vn 0.149849 0.954345 -0.258400
vn 0.132266 0.989731 0.054205
vn -0.097966 0.994866 -0.025380
vn -0.251827 0.959831 0.123726
vn 0.608555 0.790951 -0.063697
vn 0.997315 -0.073110 0.004147
vn 0.436878 0.898584 0.041037
vn 0.858989 -0.367556 0.356427
vn 0.703911 -0.682588 -0.196424
vn 0.916041 0.354003 -0.188547
vn 0.608555 0.790951 -0.063697
vn 0.703911 -0.682588 -0.196424
vn 0.997315 -0.073110 0.004147
vn 0.324263 -0.939014 0.114479
vn 0.436878 0.898584 0.041037
vn 0.997315 -0.073110 0.004147
vn 0.608555 0.790951 -0.063697
vn -0.313441 -0.930650 -0.188801
vn -0.207324 -0.889670 -0.406821
vn 0.630702 -0.776002 -0.005970
vn -0.196132 -0.965834 0.169403
vn 0.902219 0.023569 0.430634
vn -0.207324 -0.889670 -0.406821
vn 0.943865 0.196494 -0.265536
vn 0.552543 -0.436588 -0.709991
vn 0.378761 0.580592 -0.720731
vn 0.790072 0.569243 0.227482
vn 0.943865 0.196494 -0.265536
vn 0.929434 0.225173 -0.292319
vn 0.942972 -0.080773 0.322924
vn 0.686656 -0.685152 -0.243044
vn -0.239352 -0.945243 -0.221872
vn 0.943865 0.196494 -0.265536
vn 0.790072 0.569243 0.227482
vn 0.902219 0.023569 0.430634
vn 0.657742 0.737722 -0.152124
vn 0.727570 0.159562 -0.667219
vn 0.713026 0.490180 -0.501316
vn 0.544980 0.751026 -0.372769
vn 0.193447 0.977984 -0.078267
vn 0.919687 -0.094278 -0.381165
vn -0.188560 -0.897792 -0.398013
vn 0.753275 -0.340951 -0.562432
vn 0.588866 -0.802833 -0.093251
vn 0.727570 0.159562 -0.667219
vn 0.753275 -0.340951 -0.562432
vn -0.188560 -0.897792 -0.398013
vn -0.331094 -0.864122 -0.379038
vn -0.644974 -0.635063 -0.425094
vn -0.188560 -0.897792 -0.398013
vn -0.466376 -0.800229 -0.376996
vn -0.751269 -0.655245 0.079046
vn -0.532846 -0.807525 -0.252941
vn -0.331094 -0.864122 -0.379038
vn 0.137686 -0.947833 -0.287498
vn 0.048997 -0.565049 -0.823601
vn -0.570026 -0.742218 -0.352397
vn -0.644974 -0.635063 -0.425094
vn 0.317553 -0.555134 -0.768757
vn 0.048997 -0.565049 -0.823601
vn 0.332293 -0.774212 -0.538682
vn 0.416909 -0.420768 -0.805693
vn -0.331094 -0.864122 -0.379038
vn 0.048997 -0.565049 -0.823601
vn -0.644974 -0.635063 -0.425094
vn -0.097108 -0.676278 -0.730218
vn -0.213787 -0.759837 -0.613956
vn -0.459611 -0.430143 -0.777004
vn -0.274030 -0.623995 -0.731804
vn -0.459611 -0.430143 -0.777004
vn -0.213787 -0.759837 -0.613956
vn -0.014344 -0.782653 -0.622293
vn 0.010654 -0.864185 -0.503062
vn -0.097108 -0.676278 -0.730218
vn 0.049410 -0.584681 0.809757
vn 0.032885 -0.981954 -0.186242
vn 0.201064 -0.859228 0.470426
vn -0.259749 -0.322071 0.910385
vn 0.232777 0.137744 0.962726
vn 0.031296 0.216552 0.975769
vn -0.292063 -0.862762 0.412724
vn -0.478419 -0.136689 0.867428
vn -0.286806 -0.883095 0.371329
vn -0.292063 -0.862762 0.412724
vn -0.259749 -0.322071 0.910385
vn -0.478419 -0.136689 0.867428
vn -0.025333 -0.965957 0.257459
vn 0.049410 -0.584681 0.809757
vn -0.259749 -0.322071 0.910385
vn -0.032501 -0.998956 0.032118
vn -0.213787 -0.759837 -0.613956
vn 0.010654 -0.864185 -0.503062
vn -0.292063 -0.862762 0.412724
vn -0.032501 -0.998956 0.032118
vn -0.259749 -0.322071 0.910385
vn -0.188560 -0.897792 -0.398013
vn 0.588866 -0.802833 -0.093251
vn -0.331094 -0.864122 -0.379038
vn 0.919687 -0.094278 -0.381165
vn 0.588866 -0.802833 -0.093251
vn 0.753275 -0.340951 -0.562432
vn 0.638819 -0.762285 -0.104071
vn 0.317553 -0.555134 -0.768757
vn 0.257683 -0.340234 -0.904345
vn -0.570026 -0.742218 -0.352397
vn 0.855995 -0.254269 -0.450133
vn -0.235093 -0.971946 -0.007278
vn 0.554150 0.744876 -0.371587
vn 0.662112 -0.725150 -0.189120
vn -0.235093 -0.971946 -0.007278
vn -0.466376 -0.800229 -0.376996
vn 0.713026 0.490180 -0.501316
vn 0.727570 0.159562 -0.667219
vn 0.727570 0.159562 -0.667219
vn -0.188560 -0.897792 -0.398013
vn -0.466376 -0.800229 -0.376996
vn -0.188560 -0.897792 -0.398013
vn -0.644974 -0.635063 -0.425094
vn -0.857021 -0.514885 0.020215
vn -0.751269 -0.655245 0.079046
vn -0.857021 -0.514885 0.020215
vn -0.570026 -0.742218 -0.352397
vn -0.188560 -0.897792 -0.398013
vn -0.857021 -0.514885 0.020215
vn -0.466376 -0.800229 -0.376996
vn 0.151124 -0.899620 -0.409689
vn 0.366072 -0.928250 -0.065909
vn 0.299846 -0.936466 -0.182000
vn -0.033036 -0.256322 0.966027
vn -0.208411 -0.303764 0.929673
vn -0.495364 -0.419482 0.760690
vn -0.137631 0.145852 0.979686
vn -0.033036 -0.256322 0.966027
vn -0.495364 -0.419482 0.760690
vn -0.033036 -0.256322 0.966027
vn 0.201064 -0.859228 0.470426
vn 0.366072 -0.928250 -0.065909
vn 0.391778 -0.856718 -0.335477
vn 0.257930 -0.899094 -0.353697
vn 0.383018 -0.917359 -0.108393
vn 0.366072 -0.928250 -0.065909
vn 0.201064 -0.859228 0.470426
vn 0.299846 -0.936466 -0.182000
vn -0.041536 -0.744808 0.665985
vn 0.257930 -0.899094 -0.353697
vn 0.446015 -0.765172 -0.464309
vn -0.033036 -0.256322 0.966027
vn 0.366072 -0.928250 -0.065909
vn 0.257930 -0.899094 -0.353697
vn 0.201064 -0.859228 0.470426
vn 0.032885 -0.981954 -0.186242
vn 0.299846 -0.936466 -0.182000
vn 0.151124 -0.899620 -0.409689
vn 0.299846 -0.936466 -0.182000
vn 0.032885 -0.981954 -0.186242
vn 0.153389 -0.314347 0.936834
vn -0.041536 -0.744808 0.665985
vn 0.446015 -0.765172 -0.464309
vn -0.033036 -0.256322 0.966027
vn -0.041536 -0.744808 0.665985
vn -0.208411 -0.303764 0.929673
vn -0.259749 -0.322071 0.910385
vn -0.032501 -0.998956 0.032118
vn -0.025333 -0.965957 0.257459
vn -0.213787 -0.759837 -0.613956
vn -0.032501 -0.998956 0.032118
vn -0.292063 -0.862762 0.412724
vn -0.055777 0.929229 -0.365270
vn 0.662112 -0.725150 -0.189120
vn 0.554150 0.744876 -0.371587
vn 0.189522 0.474214 -0.859769
vn 0.446118 -0.867643 -0.219488
vn 0.405207 -0.348072 -0.845372
vn 0.032885 -0.981954 -0.186242
vn 0.049410 -0.584681 0.809757
vn -0.025333 -0.965957 0.257459
vn 0.022598 0.293836 0.955589
vn 0.049410 -0.584681 0.809757
vn 0.201064 -0.859228 0.470426
vn 0.372593 0.177186 0.910922
vn 0.022598 0.293836 0.955589
vn -0.137631 0.145852 0.979686
vn 0.022598 0.293836 0.955589
vn 0.232777 0.137744 0.962726
vn 0.049410 -0.584681 0.809757
vn -0.570026 -0.742218 -0.352397
vn -0.235093 -0.971946 -0.007278
vn -0.751269 -0.655245 0.079046
vn 0.554150 0.744876 -0.371587
vn -0.235093 -0.971946 -0.007278
vn 0.855995 -0.254269 -0.450133
vn 0.554150 0.744876 -0.371587
vn 0.855995 -0.254269 -0.450133
vn 0.972197 -0.003296 0.234141
vn -0.055777 0.929229 -0.365270
vn 0.554150 0.744876 -0.371587
vn 0.160553 0.977912 -0.133835
vn -0.387616 0.863315 -0.323175
vn -0.055777 0.929229 -0.365270
vn 0.160553 0.977912 -0.133835
vn 0.446118 -0.867643 -0.219488
vn -0.055777 0.929229 -0.365270
vn 0.278307 0.529804 -0.801157
vn -0.055777 0.929229 -0.365270
vn 0.446118 -0.867643 -0.219488
vn 0.662112 -0.725150 -0.189120
vn 0.504806 0.843049 -0.185580
vn 0.430689 -0.689145 -0.582740
vn 0.141134 0.943150 -0.300914
vn 0.141134 0.943150 -0.300914
vn 0.189522 0.474214 -0.859769
vn -0.429678 0.836060 -0.341145
vn 0.430689 -0.689145 -0.582740
vn 0.662112 -0.725150 -0.189120
vn 0.446118 -0.867643 -0.219488
vn -0.466376 -0.800229 -0.376996
vn -0.532846 -0.807525 -0.252941
vn 0.713026 0.490180 -0.501316
vn -0.751269 -0.655245 0.079046
vn 0.430689 -0.689145 -0.582740
vn -0.532846 -0.807525 -0.252941
vn -0.384182 0.597004 -0.704266
vn 0.398559 -0.692980 -0.600774
vn -0.568207 0.439539 -0.695663
vn 0.398559 -0.692980 -0.600774
vn 0.152205 -0.920694 -0.359384
vn -0.568207 0.439539 -0.695663
vn 0.825427 -0.527177 -0.201878
vn 0.398559 -0.692980 -0.600774
vn -0.384182 0.597004 -0.704266
vn 0.152205 -0.920694 -0.359384
vn 0.398559 -0.692980 -0.600774
vn 0.564652 -0.713018 -0.415660
vn 0.564652 -0.713018 -0.415660
vn 0.433023 -0.767724 -0.472326
vn 0.338764 -0.686042 -0.643883
vn 0.152205 -0.920694 -0.359384
vn 0.442136 -0.233848 -0.865928
vn 0.249917 -0.736535 -0.628536
vn 0.825427 -0.527177 -0.201878
vn 0.856729 0.038498 -0.514328
vn 0.564652 -0.713018 -0.415660
vn 0.433023 -0.767724 -0.472326
vn 0.693272 -0.277553 -0.665085
vn 0.583343 -0.410484 -0.700866
vn 0.774592 0.271066 -0.571428
vn 0.856729 0.038498 -0.514328
vn 0.616266 -0.782903 0.085321
vn 0.564652 -0.713018 -0.415660
vn 0.856729 0.038498 -0.514328
vn 0.433023 -0.767724 -0.472326
vn 0.175267 0.737337 -0.652392
vn 0.693272 -0.277553 -0.665085
vn 0.428687 -0.137071 -0.892994
vn 0.856729 0.038498 -0.514328
vn 0.693272 -0.277553 -0.665085
vn 0.433023 -0.767724 -0.472326
vn 0.442136 -0.233848 -0.865928
vn 0.236905 0.898988 -0.368370
vn 0.498653 0.369576 -0.784065
vn -0.568207 0.439539 -0.695663
vn 0.249917 -0.736535 -0.628536
vn -0.241878 0.198362 -0.949815
vn 0.564652 -0.713018 -0.415660
vn 0.338764 -0.686042 -0.643883
vn 0.152205 -0.920694 -0.359384
vn 0.338764 -0.686042 -0.643883
vn 0.433023 -0.767724 -0.472326
vn 0.583343 -0.410484 -0.700866
vn -0.418027 -0.049080 -0.907108
vn -0.232852 0.729934 -0.642633
vn -0.145821 0.892355 -0.427128
vn -0.500411 0.256248 -0.826998
vn -0.232852 0.729934 -0.642633
vn -0.514905 0.076643 -0.853814
vn 0.766763 -0.107709 -0.632829
vn 0.895219 -0.381423 -0.230433
vn 0.701409 -0.642164 -0.309275
vn 0.498653 0.369576 -0.784065
vn 0.766763 -0.107709 -0.632829
vn -0.241878 0.198362 -0.949815
vn -0.245215 -0.948333 -0.201332
vn -0.369469 -0.888311 -0.272756
vn -0.433325 -0.850431 -0.298324
vn -0.429014 -0.591259 -0.682905
vn -0.369469 -0.888311 -0.272756
vn -0.371146 -0.700834 -0.609165
vn 0.341679 -0.824600 -0.450877
vn 0.327781 -0.464705 -0.822562
vn 0.314669 -0.940994 -0.124552
vn -0.288875 0.795411 -0.532797
vn 0.075814 0.499720 -0.862863
vn -0.015912 0.907494 -0.419763
vn -0.091502 0.668524 -0.738040
vn 0.427195 -0.256592 -0.866986
vn -0.434977 0.805295 -0.402858
vn 0.589316 -0.780852 -0.207308
vn 0.427195 -0.256592 -0.866986
vn 0.710516 -0.551436 -0.437132
vn 0.309357 -0.926008 0.216350
vn 0.372428 -0.850497 -0.371420
vn 0.589316 -0.780852 -0.207308
vn 0.314669 -0.940994 -0.124552
vn 0.327781 -0.464705 -0.822562
vn 0.372428 -0.850497 -0.371420
vn -0.204766 0.911378 -0.357017
vn -0.288875 0.795411 -0.532797
vn -0.015912 0.907494 -0.419763
vn 0.427195 -0.256592 -0.866986
vn -0.288875 0.795411 -0.532797
vn -0.434977 0.805295 -0.402858
vn 0.094396 -0.855938 -0.508390
vn 0.203633 -0.912244 -0.355450
vn 0.236824 -0.951371 -0.196996
vn 0.119632 -0.991096 -0.058456
vn 0.203633 -0.912244 -0.355450
vn -0.136372 -0.972964 0.186395
vn -0.007187 -0.877217 0.480041
vn 0.119632 -0.991096 -0.058456
vn -0.136372 -0.972964 0.186395
vn -0.000994 -0.914508 -0.404568
vn 0.119632 -0.991096 -0.058456
vn 0.211101 -0.977239 0.020988
vn -0.140032 0.986207 0.088248
vn -0.279653 0.954581 0.102808
vn -0.148877 0.987683 -0.048154
vn -0.279653 0.954581 0.102808
vn -0.066449 0.975995 -0.207408
vn -0.069754 0.997549 0.005598
vn -0.222805 0.796802 -0.561663
vn 0.007750 0.999689 0.023711
vn -0.309537 0.683831 -0.660729
vn 0.368838 0.927886 0.054655
vn 0.007750 0.999689 0.023711
vn -0.199977 0.968067 -0.151182
vn 0.608555 0.790951 -0.063697
vn -0.251827 0.959831 0.123726
vn 0.436878 0.898584 0.041037
vn -0.394658 0.872073 0.289366
vn -0.251827 0.959831 0.123726
vn -0.097966 0.994866 -0.025380
vn -0.568207 0.439539 -0.695663
vn -0.091502 0.668524 -0.738040
vn -0.434977 0.805295 -0.402858
vn 0.766763 -0.107709 -0.632829
vn -0.091502 0.668524 -0.738040
vn -0.241878 0.198362 -0.949815
vn 0.575665 -0.816060 0.051528
vn 0.701409 -0.642164 -0.309275
vn 0.309669 -0.949290 -0.054355
vn 0.766763 -0.107709 -0.632829
vn 0.701409 -0.642164 -0.309275
vn 0.710516 -0.551436 -0.437132
vn -0.019340 -0.998034 -0.059623
vn 0.062595 -0.992265 -0.107204
vn 0.236824 -0.951371 -0.196996
vn -0.103064 -0.838293 -0.535390
vn 0.062595 -0.992265 -0.107204
vn 0.008909 -0.989974 0.140968
vn 0.776435 0.592844 0.213740
vn 0.710331 -0.668408 0.220589
vn 0.848997 -0.413859 0.328520
vn -0.358213 0.818850 -0.448518
vn 0.710331 -0.668408 0.220589
vn 0.836407 0.426277 -0.344546
vn 0.638819 -0.762285 -0.104071
vn -0.570026 -0.742218 -0.352397
vn 0.317553 -0.555134 -0.768757
vn 0.972197 -0.003296 0.234141
vn 0.638819 -0.762285 -0.104071
vn -0.070075 -0.935372 0.346654
vn 0.490672 -0.864169 0.111593
vn -0.101897 -0.859587 -0.500727
vn 0.166028 -0.772558 0.612853
vn -0.070075 -0.935372 0.346654
vn -0.664903 -0.389066 -0.637598
vn 0.490672 -0.864169 0.111593
vn -0.195909 -0.379646 -0.904151
vn 0.257683 -0.340234 -0.904345
vn 0.416909 -0.420768 -0.805693
vn 0.638819 -0.762285 -0.104071
vn 0.257683 -0.340234 -0.904345
vn -0.664903 -0.389066 -0.637598
vn -0.070075 -0.935372 0.346654
vn 0.638819 -0.762285 -0.104071
vn -0.664903 -0.389066 -0.637598
vn -0.570026 -0.742218 -0.352397
vn 0.638819 -0.762285 -0.104071
vn 0.855995 -0.254269 -0.450133
vn -0.664903 -0.389066 -0.637598
vn -0.101897 -0.859587 -0.500727
vn 0.490672 -0.864169 0.111593
vn 0.972197 -0.003296 0.234141
vn -0.070075 -0.935372 0.346654
vn 0.047599 -0.972236 0.229109
vn -0.060349 -0.059167 0.996422
vn 0.425722 0.888115 0.173240
vn 0.272044 -0.677719 0.683146
vn 0.490672 -0.864169 0.111593
vn -0.297273 -0.881777 0.366195
vn -0.070075 -0.935372 0.346654
vn 0.228224 -0.170033 -0.958646
vn -0.101897 -0.859587 -0.500727
vn -0.664903 -0.389066 -0.637598
vn 0.169178 0.969465 -0.177530
vn 0.984833 -0.137538 -0.105770
vn 0.425722 0.888115 0.173240
vn -0.266600 0.942662 -0.200779
vn 0.169178 0.969465 -0.177530
vn 0.064290 0.979631 0.190236
vn 0.984833 -0.137538 -0.105770
vn 0.169178 0.969465 -0.177530
vn 0.631226 -0.735997 0.244666
vn 0.047599 -0.972236 0.229109
vn 0.799820 -0.589499 -0.113044
vn 0.972197 -0.003296 0.234141
vn 0.855995 -0.254269 -0.450133
vn 0.638819 -0.762285 -0.104071
vn 0.972197 -0.003296 0.234141
vn -0.195909 -0.379646 -0.904151
vn -0.299705 -0.856429 -0.420364
vn 0.208377 -0.752427 -0.624846
vn 0.166028 -0.772558 0.612853
vn 0.313469 -0.947711 -0.059844
vn -0.314032 -0.857253 0.408046
vn -0.397126 -0.896803 -0.195024
vn -0.008932 -0.995131 -0.098161
vn -0.054548 -0.991038 -0.121939
vn -0.054548 -0.991038 -0.121939
vn 0.145530 -0.988682 -0.036447
vn 0.425104 -0.877944 -0.220229
vn 0.995851 -0.060136 0.068303
vn 0.166028 -0.772558 0.612853
vn -0.249333 -0.707446 0.661327
vn -0.113993 -0.004766 0.993470
vn 0.582982 -0.683806 0.438794
vn -0.060349 -0.059167 0.996422
vn 0.425722 0.888115 0.173240
vn -0.060349 -0.059167 0.996422
vn 0.795430 -0.060865 0.602981
vn -0.113993 -0.004766 0.993470
vn -0.060349 -0.059167 0.996422
vn 0.272044 -0.677719 0.683146
vn 0.228224 -0.170033 -0.958646
vn -0.664903 -0.389066 -0.637598
vn -0.195909 -0.379646 -0.904151
vn -0.101897 -0.859587 -0.500727
vn 0.313469 -0.947711 -0.059844
vn 0.166028 -0.772558 0.612853
vn 0.094392 -0.867303 0.488750
vn 0.770674 -0.495976 -0.400087
vn 0.425104 -0.877944 -0.220229
vn -0.249333 -0.707446 0.661327
vn 0.166028 -0.772558 0.612853
vn -0.314032 -0.857253 0.408046
vn 0.652167 -0.366749 0.663455
vn 0.465724 -0.610189 0.640914
vn 0.422635 -0.384902 0.820506
vn 0.425104 -0.877944 -0.220229
vn 0.465724 -0.610189 0.640914
vn 0.094392 -0.867303 0.488750
vn 0.313469 -0.947711 -0.059844
vn 0.228224 -0.170033 -0.958646
vn 0.770674 -0.495976 -0.400087
vn -0.249333 -0.707446 0.661327
vn -0.314032 -0.857253 0.408046
vn 0.094392 -0.867303 0.488750
vn 0.465724 -0.610189 0.640914
vn -0.200354 -0.638393 0.743177
vn 0.094392 -0.867303 0.488750
vn -0.249333 -0.707446 0.661327
vn 0.272044 -0.677719 0.683146
vn 0.995851 -0.060136 0.068303
vn 0.652167 -0.366749 0.663455
vn 0.519164 -0.542844 0.660143
vn 0.465724 -0.610189 0.640914
vn 0.465724 -0.610189 0.640914
vn 0.519164 -0.542844 0.660143
vn -0.200354 -0.638393 0.743177
vn -0.101897 -0.859587 -0.500727
vn 0.228224 -0.170033 -0.958646
vn 0.313469 -0.947711 -0.059844
vn -0.195909 -0.379646 -0.904151
vn 0.208377 -0.752427 -0.624846
vn 0.228224 -0.170033 -0.958646
vn 0.145530 -0.988682 -0.036447
vn 0.222353 -0.972352 -0.071352
vn 0.484351 -0.686499 0.542332
vn 0.422635 -0.384902 0.820506
vn 0.425104 -0.877944 -0.220229
vn 0.145530 -0.988682 -0.036447
vn 0.422635 -0.384902 0.820506
vn 0.465724 -0.610189 0.640914
vn 0.425104 -0.877944 -0.220229
vn 0.222353 -0.972352 -0.071352
vn 0.145530 -0.988682 -0.036447
vn -0.054548 -0.991038 -0.121939
vn 0.770674 -0.495976 -0.400087
vn 0.094392 -0.867303 0.488750
vn -0.314032 -0.857253 0.408046
vn 0.208377 -0.752427 -0.624846
vn -0.054548 -0.991038 -0.121939
vn 0.425104 -0.877944 -0.220229
vn -0.127183 -0.968286 -0.215052
vn -0.008932 -0.995131 -0.098161
vn -0.397126 -0.896803 -0.195024
vn 0.222353 -0.972352 -0.071352
vn -0.008932 -0.995131 -0.098161
vn 0.192165 -0.958763 -0.209394
vn 0.313469 -0.947711 -0.059844
vn 0.770674 -0.495976 -0.400087
vn -0.314032 -0.857253 0.408046
vn 0.208377 -0.752427 -0.624846
vn 0.425104 -0.877944 -0.220229
vn 0.770674 -0.495976 -0.400087
vn 0.272044 -0.677719 0.683146
vn -0.249333 -0.707446 0.661327
vn -0.150217 -0.774023 0.615080
vn 0.094392 -0.867303 0.488750
vn -0.200354 -0.638393 0.743177
vn -0.249333 -0.707446 0.661327
vn 0.010328 -0.311211 0.950285
vn -0.200354 -0.638393 0.743177
vn 0.519164 -0.542844 0.660143
vn -0.249333 -0.707446 0.661327
vn -0.200354 -0.638393 0.743177
vn -0.150217 -0.774023 0.615080
vn -0.190916 -0.936653 0.293653
vn 0.010328 -0.311211 0.950285
vn 0.519164 -0.542844 0.660143
vn -0.113993 -0.004766 0.993470
vn 0.010328 -0.311211 0.950285
vn -0.090646 0.172834 0.980771
vn 0.239182 -0.949898 -0.201212
vn -0.097612 -0.752275 0.651579
vn -0.317214 -0.939285 0.130840
vn 0.266330 -0.792605 -0.548494
vn 0.239182 -0.949898 -0.201212
vn 0.162857 -0.767703 -0.619766
vn 0.043162 -0.551141 -0.833295
vn -0.201145 -0.532499 -0.822183
vn 0.006393 -0.860700 -0.509072
vn -0.459611 -0.430143 -0.777004
vn -0.201145 -0.532499 -0.822183
vn -0.097108 -0.676278 -0.730218
vn 0.070089 -0.637051 -0.767628
vn 0.043162 -0.551141 -0.833295
vn 0.006393 -0.860700 -0.509072
vn 0.151124 -0.899620 -0.409689
vn -0.014344 -0.782653 -0.622293
vn 0.068790 -0.556893 -0.827730
vn -0.097108 -0.676278 -0.730218
vn 0.043162 -0.551141 -0.833295
vn -0.014344 -0.782653 -0.622293
vn -0.014344 -0.782653 -0.622293
vn 0.043162 -0.551141 -0.833295
vn 0.068790 -0.556893 -0.827730
vn -0.261192 -0.962935 0.067337
vn -0.706899 -0.706663 -0.030356
vn -0.286631 0.240939 -0.927249
vn -0.150717 -0.787172 0.598034
vn -0.706899 -0.706663 -0.030356
vn -0.238007 -0.722464 0.649152
vn -0.386502 -0.920872 0.051090
vn -0.467893 -0.662360 0.585111
vn -0.001392 -0.858294 0.513156
vn -0.377212 -0.899526 0.220374
vn -0.796320 -0.553898 0.243049
vn -0.467893 -0.662360 0.585111
vn -0.058545 0.917528 -0.393337
vn 0.919687 -0.094278 -0.381165
vn 0.193447 0.977984 -0.078267
vn 0.453671 0.887134 -0.084708
vn 0.471812 0.881378 0.023812
vn 0.368838 0.927886 0.054655
vn -0.058545 0.917528 -0.393337
vn -0.199977 0.968067 -0.151182
vn -0.244940 0.923334 -0.295734
vn 0.919687 -0.094278 -0.381165
vn -0.058545 0.917528 -0.393337
vn 0.869947 0.161270 -0.466031
vn 0.616236 -0.786946 0.031115
vn 0.919687 -0.094278 -0.381165
vn 0.869947 0.161270 -0.466031
vn 0.588866 -0.802833 -0.093251
vn 0.919687 -0.094278 -0.381165
vn 0.554769 -0.819416 0.144183
vn 0.727570 0.159562 -0.667219
vn 0.544980 0.751026 -0.372769
vn 0.753275 -0.340951 -0.562432
vn 0.453671 0.887134 -0.084708
vn 0.193447 0.977984 -0.078267
vn 0.544980 0.751026 -0.372769
vn 0.387712 0.912186 0.132647
vn 0.424457 0.883923 0.196259
vn 0.368838 0.927886 0.054655
vn 0.424457 0.883923 0.196259
vn 0.007750 0.999689 0.023711
vn 0.368838 0.927886 0.054655
vn 0.095242 0.956483 0.275806
vn 0.424457 0.883923 0.196259
vn 0.387712 0.912186 0.132647
vn 0.007750 0.999689 0.023711
vn 0.424457 0.883923 0.196259
vn 0.255044 0.867588 0.426900
vn 0.942972 -0.080773 0.322924
vn 0.934975 -0.070253 0.347687
vn 0.630702 -0.776002 -0.005970
vn 0.686656 -0.685152 -0.243044
vn 0.942972 -0.080773 0.322924
vn 0.790072 0.569243 0.227482
vn 0.405207 -0.348072 -0.845372
vn 0.446118 -0.867643 -0.219488
vn 0.278307 0.529804 -0.801157
vn 0.430689 -0.689145 -0.582740
vn 0.446118 -0.867643 -0.219488
vn 0.189522 0.474214 -0.859769
vn 0.175267 0.737337 -0.652392
vn 0.122882 0.817952 -0.562009
vn 0.583343 -0.410484 -0.700866
vn 0.338764 -0.686042 -0.643883
vn 0.583343 -0.410484 -0.700866
vn 0.122882 0.817952 -0.562009
vn 0.069331 0.995204 0.069007
vn 0.498653 0.369576 -0.784065
vn 0.236905 0.898988 -0.368370
vn 0.498653 0.369576 -0.784065
vn 0.590813 0.779465 -0.208266
vn 0.766763 -0.107709 -0.632829
vn 0.848997 -0.413859 0.328520
vn 0.886656 -0.160725 0.433600
vn -0.266600 0.942662 -0.200779
vn 0.060618 -0.988998 0.134937
vn 0.631226 -0.735997 0.244666
vn 0.432215 -0.889980 0.145350
vn 0.064290 0.979631 0.190236
vn 0.169178 0.969465 -0.177530
vn 0.425722 0.888115 0.173240
vn 0.886656 -0.160725 0.433600
vn 0.169178 0.969465 -0.177530
vn -0.266600 0.942662 -0.200779
vn 0.432215 -0.889980 0.145350
vn 0.886656 -0.160725 0.433600
vn 0.848997 -0.413859 0.328520
vn 0.169178 0.969465 -0.177530
vn 0.886656 -0.160725 0.433600
vn 0.631226 -0.735997 0.244666
vn 0.799820 -0.589499 -0.113044
vn 0.432215 -0.889980 0.145350
vn 0.582712 0.701501 -0.410296
vn -0.297273 -0.881777 0.366195
vn 0.060618 -0.988998 0.134937
vn 0.047599 -0.972236 0.229109
vn 0.160553 0.977912 -0.133835
vn 0.799820 -0.589499 -0.113044
vn 0.582712 0.701501 -0.410296
vn 0.047599 -0.972236 0.229109
vn 0.060618 -0.988998 0.134937
vn 0.799820 -0.589499 -0.113044
vn -0.070075 -0.935372 0.346654
vn -0.297273 -0.881777 0.366195
vn 0.047599 -0.972236 0.229109
vn 0.984833 -0.137538 -0.105770
vn 0.490672 -0.864169 0.111593
vn 0.995851 -0.060136 0.068303
vn 0.060618 -0.988998 0.134937
vn 0.984833 -0.137538 -0.105770
vn 0.631226 -0.735997 0.244666
vn 0.490672 -0.864169 0.111593
vn 0.984833 -0.137538 -0.105770
vn -0.297273 -0.881777 0.366195
vn -0.426288 -0.827262 -0.365945
vn -0.588994 -0.769238 0.247708
vn -0.323289 -0.944918 0.051140
vn -0.460225 -0.385944 0.799525
vn -0.588994 -0.769238 0.247708
vn -0.520882 -0.798793 -0.301017
s off
g Clothes1
usemtl FABRIC_1_FRONT_2368
f 69/1/1 43/2/2 51/3/3
f 76/4/4 68/5/5 58/6/6
f 95/7/7 153/8/8 117/9/9
f 66/10/10 52/11/11 57/12/12
f 2/13/13 58/6/14 68/5/15
f 58/6/16 69/1/17 51/3/18
f 174/14/19 212/15/20 172/16/21
f 42/17/22 51/3/23 43/2/24
f 57/12/25 48/18/26 89/19/27
f 155/20/28 258/21/29 199/22/30
f 68/5/31 3/23/32 2/13/33
f 57/12/34 51/3/35 66/10/36
f 41/24/37 66/10/38 42/17/39
f 40/25/40 52/11/41 41/24/42
f 120/26/43 52/11/44 59/27/45
f 74/28/46 56/29/47 77/30/48
f 126/31/49 2/32/50 3/33/51
f 122/34/52 63/35/53 61/36/54
f 31/37/55 75/38/56 32/39/57
f 53/40/58 59/27/59 71/41/60
f 116/42/61 47/43/62 118/44/63
f 120/26/64 48/18/65 52/11/66
f 7/45/67 6/46/68 79/47/69
f 195/48/70 226/49/71 184/50/72
f 58/6/73 51/3/74 47/43/75
f 100/51/76 6/46/77 5/52/78
f 118/44/79 47/43/80 57/12/81
f 79/47/82 81/53/83 8/54/84
f 94/55/85 102/56/86 4/57/87
f 9/58/88 105/59/89 104/60/90
f 8/54/91 105/59/92 9/58/93
f 109/61/94 142/62/95 141/63/96
f 11/64/97 144/65/98 12/66/99
f 132/67/100 134/68/101 10/69/102
f 30/70/103 73/71/104 55/72/105
f 237/73/106 120/26/107 53/40/108
f 72/74/109 124/75/110 60/76/111
f 12/66/112 168/77/113 13/78/114
f 128/79/115 129/80/116 93/81/117
f 13/78/118 169/82/119 14/83/120
f 12/66/121 144/65/122 168/77/123
f 73/71/124 29/84/125 64/85/126
f 9/58/127 132/67/128 10/69/129
f 39/86/130 96/87/131 70/88/132
f 14/83/133 169/82/134 171/89/135
f 34/90/136 62/91/137 61/36/138
f 14/83/139 171/89/140 15/92/141
f 94/55/142 68/5/143 67/93/144
f 55/72/145 50/94/146 129/80/147
f 124/75/148 37/95/149 36/96/150
f 98/97/151 91/98/152 122/34/153
f 61/36/154 62/91/155 54/99/156
f 55/72/157 31/37/158 30/70/159
f 32/39/160 75/38/161 74/28/162
f 54/99/163 122/34/164 61/36/165
f 55/72/166 73/71/167 162/100/168
f 62/91/169 78/101/170 98/97/171
f 65/102/172 75/38/173 55/72/174
f 1/103/175 2/32/176 125/104/177
f 36/96/178 35/105/179 63/35/180
f 124/75/181 63/35/182 157/106/183
f 92/107/184 127/108/185 64/85/186
f 94/55/187 4/57/188 3/23/189
f 32/39/190 74/28/191 33/109/192
f 108/110/193 27/111/194 137/112/195
f 115/113/196 3/33/197 4/114/198
f 41/24/199 52/11/200 66/10/201
f 125/104/202 92/107/203 64/85/204
f 62/91/205 34/90/206 33/109/207
f 5/115/208 6/116/209 109/61/210
f 113/117/211 149/118/212 150/119/213
f 34/90/214 61/36/215 35/105/216
f 58/6/217 2/13/218 69/1/219
f 58/6/220 47/43/221 76/4/222
f 138/120/223 136/121/224 139/122/225
f 193/123/226 196/124/227 227/125/228
f 47/43/229 51/3/230 57/12/231
f 77/30/232 78/101/233 62/91/234
f 51/3/235 42/17/236 66/10/237
f 172/16/238 17/126/239 16/127/240
f 28/128/241 82/129/242 7/130/243
f 143/131/244 108/110/245 84/132/246
f 72/74/247 38/133/248 37/95/249
f 131/134/250 49/135/251 78/101/252
f 70/88/253 96/87/254 59/27/255
f 150/119/256 114/136/257 185/137/258
f 284/138/259 194/139/260 281/140/261
f 24/141/262 147/142/263 25/143/264
f 23/144/265 22/145/266 149/118/267
f 163/146/268 276/147/269 275/148/270
f 52/11/271 48/18/272 57/12/273
f 138/120/274 26/149/275 165/150/276
f 84/132/277 6/116/278 82/129/279
f 40/25/280 70/88/281 52/11/282
f 71/41/283 39/86/284 38/133/285
f 35/105/286 61/36/287 63/35/288
f 126/31/289 125/104/290 2/32/291
f 128/79/292 93/81/293 276/147/294
f 2/13/295 1/151/296 69/1/297
f 43/2/298 69/1/299 1/151/300
f 39/86/301 70/88/302 40/25/303
f 59/27/304 52/11/305 70/88/306
f 72/74/307 71/41/308 38/133/309
f 71/41/310 60/76/311 204/152/312
f 124/75/313 72/74/314 37/95/315
f 71/41/316 72/74/317 60/76/318
f 29/84/319 73/71/320 30/70/321
f 73/71/322 64/85/323 162/100/324
f 74/28/325 65/102/326 128/79/327
f 62/91/328 33/109/329 74/28/330
f 55/72/331 75/38/332 31/37/333
f 74/28/334 75/38/335 65/102/336
f 116/42/337 76/4/338 47/43/339
f 68/5/340 76/4/341 67/93/342
f 78/101/343 77/30/344 56/29/345
f 62/91/346 74/28/347 77/30/348
f 163/146/349 275/148/350 131/134/351
f 98/97/352 78/101/353 49/135/354
f 100/51/355 81/53/356 79/47/357
f 8/54/358 7/45/359 79/47/360
f 67/93/361 102/56/362 94/55/363
f 235/153/364 99/154/365 104/60/366
f 100/51/367 79/47/368 6/46/369
f 81/53/370 80/155/371 104/60/372
f 108/110/373 28/128/374 27/111/375
f 6/116/376 7/130/377 82/129/378
f 135/156/379 27/111/380 26/149/381
f 160/157/382 88/158/383 161/159/384
f 143/131/385 28/128/386 108/110/387
f 84/132/388 83/160/389 142/62/390
f 48/18/391 119/161/392 89/19/393
f 183/162/394 190/163/395 87/164/396
f 210/165/397 131/134/398 97/166/399
f 249/167/400 207/168/401 251/169/402
f 20/170/403 151/171/404 21/172/405
f 186/173/406 150/119/407 185/137/408
f 141/63/409 4/114/410 5/115/411
f 127/108/412 160/157/413 130/174/414
f 48/18/415 120/26/416 119/161/417
f 89/19/418 44/175/419 116/42/420
f 202/176/421 155/20/422 201/177/423
f 44/175/424 89/19/425 119/161/426
f 240/178/427 239/179/428 121/180/429
f 122/34/430 157/106/431 63/35/432
f 92/107/433 126/31/434 115/113/435
f 127/108/436 92/107/437 159/181/438
f 130/174/439 93/81/440 129/80/441
f 273/182/442 275/148/443 276/147/444
f 68/5/445 94/55/446 3/23/447
f 67/93/448 153/8/449 102/56/450
f 116/42/451 117/9/452 153/8/453
f 100/51/454 101/183/455 103/184/456
f 39/86/457 71/41/458 96/87/459
f 59/27/460 96/87/461 71/41/462
f 131/134/463 78/101/464 163/146/465
f 280/185/466 45/186/467 245/187/468
f 91/98/469 98/97/470 49/135/471
f 62/91/472 98/97/473 54/99/474
f 198/188/475 200/189/476 117/9/477
f 233/190/478 230/191/479 231/192/480
f 101/183/481 100/51/482 5/52/483
f 80/155/484 81/53/485 100/51/486
f 4/57/487 101/183/488 5/52/489
f 103/184/490 101/183/491 95/7/492
f 95/7/493 101/183/494 102/56/495
f 4/57/496 102/56/497 101/183/498
f 236/193/499 95/7/500 117/9/501
f 100/51/502 103/184/503 80/155/504
f 235/153/505 80/155/506 200/189/507
f 132/67/508 104/60/509 99/154/510
f 8/54/511 81/53/512 105/59/513
f 104/60/514 105/59/515 81/53/516
f 147/142/517 136/121/518 165/150/519
f 252/194/520 207/168/521 106/195/522
f 83/160/523 206/196/524 142/62/525
f 107/197/526 206/196/527 115/113/528
f 27/111/529 135/156/530 137/112/531
f 83/160/532 84/132/533 108/110/534
f 6/116/535 84/132/536 109/61/537
f 109/61/538 84/132/539 142/62/540
f 134/68/541 166/198/542 10/69/543
f 218/199/544 216/200/545 145/201/546
f 265/202/547 247/203/548 244/204/549
f 180/205/550 182/206/551 152/207/552
f 186/173/553 188/208/554 113/117/555
f 192/209/556 148/210/557 188/208/558
f 191/211/559 186/173/560 87/164/561
f 112/212/562 147/142/563 148/210/564
f 20/170/565 177/213/566 151/171/567
f 151/171/568 152/207/569 114/136/570
f 115/113/571 4/114/572 141/63/573
f 115/113/574 88/158/575 159/181/576
f 116/42/577 44/175/578 117/9/579
f 76/4/580 116/42/581 67/93/582
f 117/9/583 44/175/584 198/188/585
f 103/184/586 95/7/587 236/193/588
f 57/12/589 89/19/590 118/44/591
f 116/42/592 118/44/593 89/19/594
f 237/73/595 90/214/596 120/26/597
f 90/214/598 201/177/599 119/161/600
f 53/40/601 120/26/602 59/27/603
f 119/161/604 120/26/605 90/214/606
f 204/152/607 205/215/608 158/216/609
f 242/217/610 203/218/611 91/98/612
f 98/97/613 122/34/614 54/99/615
f 157/106/616 122/34/617 91/98/618
f 123/219/619 157/106/620 203/218/621
f 158/216/622 238/220/623 204/152/624
f 63/35/625 124/75/626 36/96/627
f 124/75/628 123/219/629 205/215/630
f 64/85/631 29/84/632 125/104/633
f 1/103/634 125/104/635 29/84/636
f 115/113/637 126/31/638 3/33/639
f 125/104/640 126/31/641 92/107/642
f 127/108/643 159/181/644 160/157/645
f 162/100/646 127/108/647 130/174/648
f 74/28/649 128/79/650 56/29/651
f 129/80/652 128/79/653 65/102/654
f 55/72/655 129/80/656 65/102/657
f 130/174/658 129/80/659 50/94/660
f 130/174/661 50/94/662 162/100/663
f 273/182/664 130/174/665 46/221/666
f 163/146/667 78/101/668 56/29/669
f 280/185/670 164/222/671 210/165/672
f 104/60/673 132/67/674 9/58/675
f 99/154/676 133/223/677 134/68/678
f 231/192/679 230/191/680 154/224/681
f 166/198/682 167/225/683 144/65/684
f 99/154/685 134/68/686 132/67/687
f 134/68/688 133/223/689 166/198/690
f 26/149/691 25/143/692 165/150/693
f 135/156/694 106/195/695 137/112/696
f 140/226/697 86/227/698 139/122/699
f 106/195/700 135/156/701 138/120/702
f 250/228/703 106/195/704 207/168/705
f 108/110/706 137/112/707 250/228/708
f 26/149/709 138/120/710 135/156/711
f 136/121/712 140/226/713 139/122/714
f 139/122/715 86/227/716 209/229/717
f 106/195/718 138/120/719 139/122/720
f 136/121/721 112/212/722 140/226/723
f 192/209/724 189/230/725 112/212/726
f 109/61/727 141/63/728 5/115/729
f 115/113/730 141/63/731 107/197/732
f 83/160/733 249/167/734 206/196/735
f 142/62/736 107/197/737 141/63/738
f 84/132/739 82/129/740 143/131/741
f 28/128/742 143/131/743 82/129/744
f 166/198/745 144/65/746 11/64/747
f 211/231/748 168/77/749 144/65/750
f 253/232/751 219/233/752 221/234/753
f 215/235/754 214/236/755 146/237/756
f 173/238/757 15/92/758 170/239/759
f 178/240/760 180/205/761 152/207/762
f 24/141/763 23/144/764 175/241/765
f 136/121/766 147/142/767 112/212/768
f 175/241/769 147/142/770 24/141/771
f 148/210/772 175/241/773 149/118/774
f 22/145/775 21/172/776 176/242/777
f 148/210/778 149/118/779 113/117/780
f 176/242/781 149/118/782 22/145/783
f 150/119/784 176/242/785 151/171/786
f 177/213/787 20/170/788 19/243/789
f 150/119/790 151/171/791 114/136/792
f 18/244/793 178/240/794 19/243/795
f 212/15/796 174/14/797 178/240/798
f 102/56/799 153/8/800 95/7/801
f 116/42/802 153/8/803 67/93/804
f 199/22/805 229/245/806 201/177/807
f 232/246/808 221/234/809 110/247/810
f 228/248/811 258/21/812 241/249/813
f 240/178/814 241/249/815 155/20/816
f 242/217/817 243/250/818 156/251/819
f 245/187/820 263/252/821 265/202/822
f 203/218/823 157/106/824 91/98/825
f 124/75/826 157/106/827 123/219/828
f 205/215/829 248/253/830 158/216/831
f 239/179/832 202/176/833 238/220/834
f 115/113/835 159/181/836 92/107/837
f 160/157/838 159/181/839 88/158/840
f 88/158/841 206/196/842 161/159/843
f 130/174/844 160/157/845 46/221/846
f 108/110/847 250/228/848 83/160/849
f 160/157/850 161/159/851 266/254/852
f 162/100/853 50/94/854 55/72/855
f 64/85/856 127/108/857 162/100/858
f 276/147/859 56/29/860 128/79/861
f 271/255/862 273/182/863 46/221/864
f 243/250/865 244/204/866 156/251/867
f 210/165/868 243/250/869 131/134/870
f 147/142/871 165/150/872 25/143/873
f 138/120/874 165/150/875 136/121/876
f 166/198/877 11/64/878 10/69/879
f 167/225/880 166/198/881 133/223/882
f 99/154/883 233/190/884 133/223/885
f 211/231/886 167/225/887 110/247/888
f 144/65/889 167/225/890 211/231/891
f 169/82/892 168/77/893 145/201/894
f 168/77/895 169/82/896 13/78/897
f 145/201/898 170/239/899 171/89/900
f 223/256/901 214/236/902 215/235/903
f 146/237/904 172/16/905 173/238/906
f 145/201/907 171/89/908 169/82/909
f 15/92/910 171/89/911 170/239/912
f 173/238/913 172/16/914 16/127/915
f 172/16/916 146/237/917 174/14/918
f 15/92/919 173/238/920 16/127/921
f 173/238/922 170/239/923 215/235/924
f 181/257/925 179/258/926 180/205/927
f 178/240/928 152/207/929 177/213/930
f 149/118/931 175/241/932 23/144/933
f 147/142/934 175/241/935 148/210/936
f 151/171/937 176/242/938 21/172/939
f 149/118/940 176/242/941 150/119/942
f 178/240/943 177/213/944 19/243/945
f 151/171/946 177/213/947 152/207/948
f 212/15/949 178/240/950 18/244/951
f 181/257/952 213/259/953 146/237/954
f 197/260/955 187/261/956 191/211/957
f 183/162/958 185/137/959 182/206/960
f 213/259/961 178/240/962 174/14/963
f 182/206/964 180/205/965 179/258/966
f 213/259/967 181/257/968 180/205/969
f 146/237/970 214/236/971 181/257/972
f 183/162/973 182/206/974 179/258/975
f 152/207/976 182/206/977 114/136/978
f 195/48/979 184/50/980 190/163/981
f 185/137/982 183/162/983 87/164/984
f 190/163/985 196/124/986 195/48/987
f 226/49/988 193/123/989 225/262/990
f 186/173/991 185/137/992 87/164/993
f 182/206/994 185/137/995 114/136/996
f 191/211/997 188/208/998 186/173/999
f 150/119/1000 186/173/1001 113/117/1002
f 87/164/1003 197/260/1004 191/211/1005
f 112/212/1006 189/230/1007 140/226/1008
f 187/261/1009 189/230/1010 192/209/1011
f 148/210/1012 113/117/1013 188/208/1014
f 286/263/1015 187/261/1016 284/138/1017
f 86/227/1018 140/226/1019 189/230/1020
f 196/124/1021 183/162/1022 179/258/1023
f 184/50/1024 194/139/1025 197/260/1026
f 197/260/1027 87/164/1028 190/163/1029
f 187/261/1030 188/208/1031 191/211/1032
f 148/210/1033 192/209/1034 112/212/1035
f 187/261/1036 192/209/1037 188/208/1038
f 227/125/1039 179/258/1040 181/257/1041
f 220/264/1042 224/265/1043 111/266/1044
f 264/267/1045 262/268/1046 263/252/1047
f 45/186/1048 283/269/1049 264/267/1050
f 196/124/1051 190/163/1052 183/162/1053
f 226/49/1054 195/48/1055 193/123/1056
f 227/125/1057 196/124/1058 179/258/1059
f 195/48/1060 196/124/1061 193/123/1062
f 184/50/1063 197/260/1064 190/163/1065
f 197/260/1066 194/139/1067 187/261/1068
f 229/245/1069 44/175/1070 119/161/1071
f 200/189/1072 198/188/1073 154/224/1074
f 154/224/1075 198/188/1076 199/22/1077
f 198/188/1078 44/175/1079 229/245/1080
f 230/191/1081 200/189/1082 154/224/1083
f 80/155/1084 103/184/1085 236/193/1086
f 201/177/1087 90/214/1088 237/73/1089
f 199/22/1090 201/177/1091 155/20/1092
f 238/220/1093 53/40/1094 204/152/1095
f 240/178/1096 202/176/1097 239/179/1098
f 242/217/1099 91/98/1100 49/135/1101
f 203/218/1102 156/251/1103 261/270/1104
f 71/41/1105 204/152/1106 53/40/1107
f 205/215/1108 204/152/1109 60/76/1110
f 124/75/1111 205/215/1112 60/76/1113
f 248/253/1114 205/215/1115 123/219/1116
f 115/113/1117 206/196/1118 88/158/1119
f 142/62/1120 206/196/1121 107/197/1122
f 209/229/1123 252/194/1124 139/122/1125
f 249/167/1126 251/169/1127 161/159/1128
f 272/271/1129 274/272/1130 267/273/1131
f 46/221/1132 160/157/1133 266/254/1134
f 274/272/1135 209/229/1136 86/227/1137
f 209/229/1138 208/274/1139 252/194/1140
f 280/185/1141 210/165/1142 97/166/1143
f 210/165/1144 164/222/1145 243/250/1146
f 211/231/1147 110/247/1148 219/233/1149
f 145/201/1150 168/77/1151 211/231/1152
f 18/244/1153 17/126/1154 212/15/1155
f 172/16/1156 212/15/1157 17/126/1158
f 178/240/1159 213/259/1160 180/205/1161
f 146/237/1162 213/259/1163 174/14/1164
f 146/237/1165 173/238/1166 215/235/1167
f 111/266/1168 181/257/1169 214/236/1170
f 145/201/1171 216/200/1172 170/239/1173
f 215/235/1174 170/239/1175 216/200/1176
f 218/199/1177 145/201/1178 219/233/1179
f 216/200/1180 218/199/1181 220/264/1182
f 111/266/1183 224/265/1184 225/262/1185
f 216/200/1186 220/264/1187 223/256/1188
f 145/201/1189 211/231/1190 219/233/1191
f 220/264/1192 218/199/1193 217/275/1194
f 221/234/1195 219/233/1196 110/247/1197
f 217/275/1198 218/199/1199 219/233/1200
f 224/265/1201 220/264/1202 255/276/1203
f 111/266/1204 214/236/1205 223/256/1206
f 99/154/1207 230/191/1208 233/190/1209
f 253/232/1210 221/234/1211 85/277/1212
f 255/276/1213 253/232/1214 254/278/1215
f 268/279/1216 241/249/1217 121/180/1218
f 216/200/1219 223/256/1220 215/235/1221
f 111/266/1222 223/256/1223 220/264/1224
f 255/276/1225 220/264/1226 217/275/1227
f 225/262/1228 224/265/1229 222/280/1230
f 222/280/1231 279/281/1232 225/262/1233
f 225/262/1234 193/123/1235 227/125/1236
f 222/280/1237 255/276/1238 254/278/1239
f 184/50/1240 226/49/1241 262/268/1242
f 181/257/1243 111/266/1244 227/125/1245
f 225/262/1246 227/125/1247 111/266/1248
f 260/282/1249 221/234/1250 234/283/1251
f 258/21/1252 259/284/1253 199/22/1254
f 201/177/1255 229/245/1256 119/161/1257
f 198/188/1258 229/245/1259 199/22/1260
f 154/224/1261 259/284/1262 231/192/1263
f 235/153/1264 230/191/1265 99/154/1266
f 232/246/1267 234/283/1268 221/234/1269
f 232/246/1270 110/247/1271 167/225/1272
f 133/223/1273 232/246/1274 167/225/1275
f 232/246/1276 231/192/1277 234/283/1278
f 231/192/1279 232/246/1280 233/190/1281
f 133/223/1282 233/190/1283 232/246/1284
f 231/192/1285 228/248/1286 234/283/1287
f 260/282/1288 234/283/1289 228/248/1290
f 80/155/1291 235/153/1292 104/60/1293
f 230/191/1294 235/153/1295 200/189/1296
f 117/9/1297 200/189/1298 236/193/1299
f 236/193/1300 200/189/1301 80/155/1302
f 238/220/1303 237/73/1304 53/40/1305
f 201/177/1306 237/73/1307 202/176/1308
f 238/220/1309 158/216/1310 239/179/1311
f 237/73/1312 238/220/1313 202/176/1314
f 239/179/1315 158/216/1316 248/253/1317
f 269/285/1318 261/270/1319 156/251/1320
f 240/178/1321 121/180/1322 241/249/1323
f 155/20/1324 202/176/1325 240/178/1326
f 257/286/1327 254/278/1328 85/277/1329
f 288/287/1330 241/249/1331 268/279/1332
f 243/250/1333 242/217/1334 49/135/1335
f 156/251/1336 203/218/1337 242/217/1338
f 243/250/1339 49/135/1340 131/134/1341
f 243/250/1342 164/222/1343 244/204/1344
f 164/222/1345 245/187/1346 244/204/1347
f 263/252/1348 245/187/1349 45/186/1350
f 280/185/1351 245/187/1352 164/222/1353
f 262/268/1354 264/267/1355 184/50/1356
f 278/288/1357 279/281/1358 254/278/1359
f 244/204/1360 247/203/1361 156/251/1362
f 256/289/1363 269/285/1364 270/290/1365
f 269/285/1366 239/179/1367 261/270/1368
f 123/219/1369 203/218/1370 248/253/1371
f 248/253/1372 203/218/1373 261/270/1374
f 206/196/1375 249/167/1376 161/159/1377
f 250/228/1378 249/167/1379 83/160/1380
f 106/195/1381 250/228/1382 137/112/1383
f 249/167/1384 250/228/1385 207/168/1386
f 252/194/1387 251/169/1388 207/168/1389
f 272/271/1390 208/274/1391 274/272/1392
f 252/194/1393 106/195/1394 139/122/1395
f 251/169/1396 252/194/1397 208/274/1398
f 253/232/1399 85/277/1400 254/278/1401
f 219/233/1402 253/232/1403 217/275/1404
f 85/277/1405 288/287/1406 257/286/1407
f 278/288/1408 254/278/1409 257/286/1410
f 224/265/1411 255/276/1412 222/280/1413
f 253/232/1414 255/276/1415 217/275/1416
f 256/289/1417 268/279/1418 269/285/1419
f 270/290/1420 247/203/1421 246/291/1422
f 85/277/1423 260/282/1424 288/287/1425
f 278/288/1426 256/289/1427 270/290/1428
f 241/249/1429 258/21/1430 155/20/1431
f 259/284/1432 258/21/1433 228/248/1434
f 231/192/1435 259/284/1436 228/248/1437
f 199/22/1438 259/284/1439 154/224/1440
f 288/287/1441 228/248/1442 241/249/1443
f 221/234/1444 260/282/1445 85/277/1446
f 269/285/1447 156/251/1448 247/203/1449
f 248/253/1450 261/270/1451 239/179/1452
f 277/292/1453 262/268/1454 226/49/1455
f 263/252/1456 262/268/1457 246/291/1458
f 263/252/1459 246/291/1460 265/202/1461
f 264/267/1462 263/252/1463 45/186/1464
f 283/269/1465 45/186/1466 280/185/1467
f 184/50/1468 264/267/1469 194/139/1470
f 245/187/1471 265/202/1472 244/204/1473
f 246/291/1474 247/203/1475 265/202/1476
f 161/159/1477 251/169/1478 266/254/1479
f 46/221/1480 266/254/1481 251/169/1482
f 46/221/1483 251/169/1484 271/255/1485
f 271/255/1486 251/169/1487 272/271/1488
f 269/285/1489 268/279/1490 121/180/1491
f 288/287/1492 268/279/1493 256/289/1494
f 269/285/1495 121/180/1496 239/179/1497
f 269/285/1498 247/203/1499 270/290/1500
f 277/292/1501 270/290/1502 246/291/1503
f 278/288/1504 257/286/1505 256/289/1506
f 272/271/1507 251/169/1508 208/274/1509
f 273/182/1510 271/255/1511 267/273/1512
f 208/274/1513 209/229/1514 274/272/1515
f 267/273/1516 271/255/1517 272/271/1518
f 273/182/1519 267/273/1520 275/148/1521
f 273/182/1522 93/81/1523 130/174/1524
f 194/139/1525 284/138/1526 187/261/1527
f 267/273/1528 274/272/1529 282/293/1530
f 267/273/1531 97/166/1532 275/148/1533
f 131/134/1534 275/148/1535 97/166/1536
f 56/29/1537 276/147/1538 163/146/1539
f 93/81/1540 273/182/1541 276/147/1542
f 262/268/1543 277/292/1544 246/291/1545
f 225/262/1546 279/281/1547 226/49/1548
f 270/290/1549 277/292/1550 278/288/1551
f 277/292/1552 226/49/1553 279/281/1554
f 254/278/1555 279/281/1556 222/280/1557
f 277/292/1558 279/281/1559 278/288/1560
f 97/166/1561 282/293/1562 280/185/1563
f 264/267/1564 281/140/1565 194/139/1566
f 287/294/1567 280/185/1568 282/293/1569
f 86/227/1570 189/230/1571 286/263/1572
f 267/273/1573 282/293/1574 97/166/1575
f 274/272/1576 285/295/1577 287/294/1578
f 287/294/1579 283/269/1580 280/185/1581
f 264/267/1582 283/269/1583 281/140/1584
f 285/295/1585 284/138/1586 281/140/1587
f 286/263/1588 189/230/1589 187/261/1590
f 287/294/1591 285/295/1592 281/140/1593
f 274/272/1594 86/227/1595 285/295/1596
f 284/138/1597 285/295/1598 286/263/1599
f 86/227/1600 286/263/1601 285/295/1602
f 287/294/1603 281/140/1604 283/269/1605
f 274/272/1606 287/294/1607 282/293/1608
f 257/286/1609 288/287/1610 256/289/1611
f 228/248/1612 288/287/1613 260/282/1614
f 339/296/1615 357/297/1616 317/298/1617
f 364/299/1618 356/300/1619 347/301/1620
f 398/302/1621 402/303/1622 404/304/1623
f 318/305/1624 339/296/1625 317/298/1626
f 499/306/1627 464/307/1628 341/308/1629
f 347/301/1630 357/297/1631 339/296/1632
f 290/309/1633 347/301/1634 356/300/1635
f 292/310/1636 385/311/1637 391/312/1638
f 354/313/1639 340/314/1640 346/315/1641
f 347/301/1642 339/296/1643 335/316/1644
f 346/315/1645 335/316/1646 339/296/1647
f 346/315/1648 339/296/1649 354/313/1650
f 319/317/1651 354/313/1652 318/305/1653
f 356/300/1654 291/318/1655 290/309/1656
f 341/308/1657 348/319/1658 359/320/1659
f 384/321/1660 353/322/1661 331/323/1662
f 352/324/1663 349/325/1664 360/326/1665
f 423/327/1666 340/314/1667 348/319/1668
f 417/328/1669 416/329/1670 353/322/1671
f 319/317/1672 320/330/1673 340/314/1674
f 419/331/1675 335/316/1676 421/332/1677
f 363/333/1678 323/334/1679 324/335/1680
f 295/336/1681 294/337/1682 365/338/1683
f 498/339/1684 525/340/1685 497/341/1686
f 389/342/1687 294/337/1688 293/343/1689
f 298/344/1690 454/345/1691 297/346/1692
f 341/308/1693 381/347/1694 423/327/1695
f 393/348/1696 315/349/1697 316/350/1698
f 395/351/1699 315/349/1700 394/352/1701
f 394/352/1702 388/353/1703 395/351/1704
f 365/338/1705 367/354/1706 316/350/1707
f 329/355/1708 330/356/1709 376/357/1710
f 312/358/1711 313/359/1712 405/360/1713
f 405/360/1714 313/359/1715 401/361/1716
f 428/362/1717 349/325/1718 352/324/1719
f 321/363/1720 387/364/1721 358/365/1722
f 415/366/1723 378/367/1724 343/368/1725
f 311/369/1726 312/358/1727 437/370/1728
f 441/371/1729 292/372/1730 293/373/1731
f 312/358/1732 405/360/1733 437/370/1734
f 492/374/1735 309/375/1736 310/376/1737
f 290/377/1738 291/378/1739 377/379/1740
f 401/361/1741 395/351/1742 399/380/1743
f 353/322/1744 416/329/1745 376/357/1746
f 410/381/1747 511/382/1748 474/383/1749
f 361/384/1750 350/385/1751 325/386/1752
f 336/387/1753 340/314/1754 423/327/1755
f 385/311/1756 356/300/1757 355/388/1758
f 327/389/1759 379/390/1760 362/391/1761
f 424/392/1762 425/393/1763 382/394/1764
f 362/391/1765 326/395/1766 327/389/1767
f 351/396/1768 424/392/1769 350/385/1770
f 329/355/1771 343/368/1772 328/397/1773
f 361/384/1774 325/386/1775 326/395/1776
f 342/398/1777 429/399/1778 352/324/1779
f 330/356/1780 331/323/1781 353/322/1782
f 352/324/1783 350/385/1784 342/398/1785
f 379/390/1786 343/368/1787 378/367/1788
f 377/379/1789 417/328/1790 384/321/1791
f 359/320/1792 321/363/1793 322/400/1794
f 320/330/1795 358/365/1796 340/314/1797
f 289/401/1798 290/377/1799 384/321/1800
f 533/402/1801 415/366/1802 375/403/1803
f 306/404/1804 307/405/1805 448/406/1806
f 385/311/1807 292/310/1808 291/318/1809
f 469/407/1810 377/379/1811 291/378/1812
f 361/384/1813 362/391/1814 351/396/1815
f 515/408/1816 338/409/1817 533/402/1818
f 363/333/1819 350/385/1820 352/324/1821
f 408/410/1822 441/371/1823 407/411/1824
f 445/412/1825 409/413/1826 444/414/1827
f 303/415/1828 304/416/1829 478/417/1830
f 460/418/1831 523/419/1832 494/420/1833
f 336/387/1834 380/421/1835 346/315/1836
f 491/422/1837 305/423/1838 306/404/1839
f 491/422/1840 448/406/1841 450/424/1842
f 354/313/1843 339/296/1844 318/305/1845
f 424/392/1846 382/394/1847 427/425/1848
f 340/314/1849 336/387/1850 346/315/1851
f 300/426/1852 301/427/1853 444/414/1854
f 407/411/1855 369/428/1856 370/429/1857
f 319/317/1858 340/314/1859 354/313/1860
f 360/326/1861 322/400/1862 323/334/1863
f 294/430/1864 295/431/1865 369/428/1866
f 474/383/1867 504/432/1868 473/433/1869
f 374/434/1870 551/435/1871 457/436/1872
f 421/332/1873 335/316/1874 346/315/1875
f 454/345/1876 414/437/1877 297/346/1878
f 475/438/1879 299/439/1880 300/426/1881
f 496/440/1882 523/419/1883 460/418/1884
f 358/365/1885 387/364/1886 348/319/1887
f 446/441/1888 475/438/1889 444/414/1890
f 293/373/1891 294/430/1892 407/411/1893
f 347/301/1894 335/316/1895 364/299/1896
f 347/301/1897 290/309/1898 357/297/1899
f 325/386/1900 350/385/1901 324/335/1902
f 427/425/1903 383/442/1904 429/399/1905
f 460/418/1906 517/443/1907 518/444/1908
f 290/309/1909 289/445/1910 357/297/1911
f 317/298/1912 357/297/1913 289/445/1914
f 321/363/1915 358/365/1916 320/330/1917
f 348/319/1918 340/314/1919 358/365/1920
f 360/326/1921 359/320/1922 322/400/1923
f 341/308/1924 359/320/1925 349/325/1926
f 360/326/1927 323/334/1928 363/333/1929
f 359/320/1930 360/326/1931 349/325/1932
f 362/391/1933 361/384/1934 326/395/1935
f 350/385/1936 361/384/1937 351/396/1938
f 378/367/1939 418/446/1940 379/390/1941
f 362/391/1942 418/446/1943 425/393/1944
f 350/385/1945 363/333/1946 324/335/1947
f 360/326/1948 363/333/1949 352/324/1950
f 419/331/1951 364/299/1952 335/316/1953
f 356/300/1954 364/299/1955 355/388/1956
f 389/342/1957 367/354/1958 365/338/1959
f 316/350/1960 295/336/1961 365/338/1962
f 355/388/1963 391/312/1964 385/311/1965
f 402/303/1966 388/353/1967 396/447/1968
f 389/342/1969 365/338/1970 294/337/1971
f 431/448/1972 396/447/1973 394/352/1974
f 370/429/1975 414/437/1976 368/449/1977
f 468/450/1978 344/451/1979 417/328/1980
f 295/431/1981 296/452/1982 369/428/1983
f 370/429/1984 369/428/1985 296/452/1986
f 297/346/1987 370/429/1988 296/452/1989
f 370/429/1990 368/449/1991 407/411/1992
f 336/387/1993 422/453/1994 380/421/1995
f 549/454/1996 527/455/1997 545/456/1998
f 471/457/1999 472/458/2000 445/412/2001
f 560/459/2002 524/460/2003 561/461/2004
f 449/462/2005 488/463/2006 489/464/2007
f 449/462/2008 411/465/2009 448/406/2010
f 299/439/2011 475/438/2012 509/466/2013
f 368/449/2014 458/467/2015 459/468/2016
f 343/368/2017 329/355/2018 376/357/2019
f 493/469/2020 534/470/2021 516/471/2022
f 353/322/2023 376/357/2024 330/356/2025
f 376/357/2026 375/403/2027 415/366/2028
f 408/410/2029 459/468/2030 470/472/2031
f 417/328/2032 344/451/2033 416/329/2034
f 378/367/2035 338/409/2036 522/473/2037
f 418/446/2038 378/367/2039 345/474/2040
f 327/389/2041 328/397/2042 379/390/2043
f 343/368/2044 379/390/2045 328/397/2046
f 336/387/2047 423/327/2048 422/453/2049
f 380/421/2050 332/475/2051 419/331/2052
f 461/476/2053 462/477/2054 498/339/2055
f 398/302/2056 435/478/2057 433/479/2058
f 517/443/2059 460/418/2060 494/420/2061
f 427/425/2062 382/394/2063 523/419/2064
f 541/480/2065 559/481/2066 560/459/2067
f 462/477/2068 575/482/2069 428/362/2070
f 289/401/2071 384/321/2072 331/323/2073
f 377/379/2074 384/321/2075 290/377/2076
f 356/300/2077 385/311/2078 291/318/2079
f 355/388/2080 572/483/2081 391/312/2082
f 419/331/2083 420/484/2084 572/483/2085
f 389/342/2086 390/485/2087 392/486/2088
f 321/363/2089 359/320/2090 387/364/2091
f 348/319/2092 387/364/2093 359/320/2094
f 388/353/2095 394/352/2096 396/447/2097
f 388/353/2098 399/380/2099 395/351/2100
f 390/485/2101 389/342/2102 293/343/2103
f 366/487/2104 367/354/2105 389/342/2106
f 292/310/2107 390/485/2108 293/343/2109
f 392/486/2110 390/485/2111 386/488/2112
f 386/488/2113 390/485/2114 391/312/2115
f 292/310/2116 391/312/2117 390/485/2118
f 406/489/2119 386/488/2120 404/304/2121
f 389/342/2122 392/486/2123 366/487/2124
f 316/350/2125 367/354/2126 393/348/2127
f 367/354/2128 366/487/2129 431/448/2130
f 315/349/2131 393/348/2132 394/352/2133
f 393/348/2134 367/354/2135 431/448/2136
f 399/380/2137 400/490/2138 432/491/2139
f 315/349/2140 395/351/2141 314/492/2142
f 406/489/2143 392/486/2144 386/488/2145
f 404/304/2146 332/475/2147 436/493/2148
f 530/494/2149 485/495/2150 552/496/2151
f 314/492/2152 395/351/2153 401/361/2154
f 422/453/2155 332/475/2156 380/421/2157
f 400/490/2158 371/497/2159 432/491/2160
f 399/380/2161 388/353/2162 400/490/2163
f 401/361/2164 399/380/2165 397/498/2166
f 402/303/2167 400/490/2168 388/353/2169
f 433/479/2170 400/490/2171 398/302/2172
f 397/498/2173 403/499/2174 405/360/2175
f 314/492/2176 401/361/2177 313/359/2178
f 396/447/2179 366/487/2180 406/489/2181
f 400/490/2182 402/303/2183 398/302/2184
f 432/491/2185 439/500/2186 573/501/2187
f 489/464/2188 490/502/2189 449/462/2190
f 402/303/2191 396/447/2192 406/489/2193
f 386/488/2194 572/483/2195 420/484/2196
f 397/498/2197 405/360/2198 401/361/2199
f 405/360/2200 403/499/2201 437/370/2202
f 392/486/2203 406/489/2204 366/487/2205
f 402/303/2206 406/489/2207 404/304/2208
f 407/411/2209 294/430/2210 369/428/2211
f 407/411/2212 368/449/2213 408/410/2214
f 414/437/2215 455/503/2216 458/467/2217
f 469/407/2218 443/504/2219 468/450/2220
f 471/457/2221 444/414/2222 301/427/2223
f 505/505/2224 446/441/2225 409/413/2226
f 479/506/2227 447/507/2228 478/417/2229
f 503/508/2230 529/509/2231 372/510/2232
f 488/463/2233 448/406/2234 307/405/2235
f 481/511/2236 480/512/2237 487/513/2238
f 452/514/2239 311/369/2240 437/370/2241
f 451/515/2242 452/514/2243 453/516/2244
f 505/505/2245 509/466/2246 446/441/2247
f 455/503/2248 414/437/2249 413/517/2250
f 297/346/2251 414/437/2252 370/429/2253
f 413/517/2254 507/518/2255 455/503/2256
f 378/367/2257 415/366/2258 338/409/2259
f 376/357/2260 415/366/2261 343/368/2262
f 344/451/2263 375/403/2264 416/329/2265
f 376/357/2266 416/329/2267 375/403/2268
f 384/321/2269 417/328/2270 353/322/2271
f 468/450/2272 417/328/2273 377/379/2274
f 425/393/2275 418/446/2276 345/474/2277
f 379/390/2278 418/446/2279 362/391/2280
f 419/331/2281 332/475/2282 420/484/2283
f 364/299/2284 419/331/2285 355/388/2286
f 332/475/2287 404/304/2288 420/484/2289
f 386/488/2290 420/484/2291 404/304/2292
f 346/315/2293 380/421/2294 421/332/2295
f 419/331/2296 421/332/2297 380/421/2298
f 467/519/2299 463/520/2300 434/521/2301
f 467/519/2302 436/493/2303 332/475/2304
f 341/308/2305 423/327/2306 348/319/2307
f 422/453/2308 423/327/2309 381/347/2310
f 350/385/2311 424/392/2312 342/398/2313
f 425/393/2314 424/392/2315 351/396/2316
f 362/391/2317 425/393/2318 351/396/2319
f 494/420/2320 425/393/2321 345/474/2322
f 521/522/2323 334/523/2324 536/524/2325
f 496/440/2326 568/525/2327 523/419/2328
f 427/425/2329 337/526/2330 526/527/2331
f 424/392/2332 427/425/2333 342/398/2334
f 429/399/2335 428/362/2336 352/324/2337
f 383/442/2338 525/340/2339 428/362/2340
f 427/425/2341 429/399/2342 342/398/2343
f 428/362/2344 429/399/2345 383/442/2346
f 373/528/2347 485/495/2348 530/494/2349
f 371/497/2350 400/490/2351 433/479/2352
f 396/447/2353 431/448/2354 366/487/2355
f 393/348/2356 431/448/2357 394/352/2358
f 371/497/2359 439/500/2360 432/491/2361
f 399/380/2362 432/491/2363 397/498/2364
f 434/521/2365 435/478/2366 436/493/2367
f 435/478/2368 434/521/2369 502/529/2370
f 463/520/2371 422/453/2372 381/347/2373
f 433/479/2374 435/478/2375 466/530/2376
f 436/493/2377 435/478/2378 398/302/2379
f 502/529/2380 434/521/2381 465/531/2382
f 404/304/2383 436/493/2384 398/302/2385
f 332/475/2386 422/453/2387 467/519/2388
f 440/532/2389 437/370/2390 403/499/2391
f 453/516/2392 412/533/2393 451/515/2394
f 403/499/2395 397/498/2396 573/501/2397
f 440/532/2398 403/499/2399 574/534/2400
f 554/535/2401 466/530/2402 553/536/2403
f 574/534/2404 579/537/2405 438/538/2406
f 403/499/2407 573/501/2408 574/534/2409
f 452/514/2410 440/532/2411 438/538/2412
f 407/411/2413 441/371/2414 293/373/2415
f 441/371/2416 408/410/2417 470/472/2418
f 456/539/2419 457/436/2420 514/540/2421
f 535/541/2422 468/450/2423 443/504/2424
f 443/504/2425 470/472/2426 459/468/2427
f 456/539/2428 514/540/2429 442/542/2430
f 471/457/2431 301/427/2432 302/543/2433
f 444/414/2434 409/413/2435 446/441/2436
f 472/458/2437 302/543/2438 303/415/2439
f 504/432/2440 503/508/2441 409/413/2442
f 503/508/2443 476/544/2444 505/505/2445
f 413/517/2446 508/545/2447 507/518/2448
f 479/506/2449 304/416/2450 305/423/2451
f 447/507/2452 473/433/2453 472/458/2454
f 488/463/2455 307/405/2456 308/546/2457
f 448/406/2458 411/465/2459 450/424/2460
f 489/464/2461 308/546/2462 309/375/2463
f 582/547/2464 581/548/2465 552/496/2466
f 450/424/2467 482/549/2468 480/512/2469
f 481/511/2470 479/506/2471 480/512/2472
f 311/369/2473 452/514/2474 310/376/2475
f 490/502/2476 489/464/2477 451/515/2478
f 452/514/2479 437/370/2480 440/532/2481
f 452/514/2482 451/515/2483 492/374/2484
f 452/514/2485 438/538/2486 453/516/2487
f 582/547/2488 453/516/2489 438/538/2490
f 508/545/2491 454/345/2492 298/344/2493
f 414/437/2494 454/345/2495 413/517/2496
f 374/434/2497 456/539/2498 455/503/2499
f 456/539/2500 458/467/2501 455/503/2502
f 457/436/2503 456/539/2504 374/434/2505
f 458/467/2506 456/539/2507 442/542/2508
f 556/550/2509 536/524/2510 555/551/2511
f 457/436/2512 334/523/2513 493/469/2514
f 459/468/2515 458/467/2516 442/542/2517
f 458/467/2518 368/449/2519 414/437/2520
f 459/468/2521 442/542/2522 516/471/2523
f 368/449/2524 459/468/2525 408/410/2526
f 522/473/2527 517/443/2528 378/367/2529
f 460/418/2530 426/552/2531 496/440/2532
f 349/325/2533 575/482/2534 341/308/2535
f 463/520/2536 465/531/2537 434/521/2538
f 526/527/2539 497/341/2540 525/340/2541
f 499/306/2542 462/477/2543 461/476/2544
f 381/347/2545 464/307/2546 463/520/2547
f 463/520/2548 464/307/2549 465/531/2550
f 341/308/2551 464/307/2552 381/347/2553
f 465/531/2554 464/307/2555 461/476/2556
f 461/476/2557 500/553/2558 465/531/2559
f 433/479/2560 466/530/2561 371/497/2562
f 501/554/2563 465/531/2564 500/553/2565
f 501/554/2566 466/530/2567 502/529/2568
f 463/520/2569 467/519/2570 422/453/2571
f 434/521/2572 436/493/2573 467/519/2574
f 469/407/2575 468/450/2576 377/379/2577
f 535/541/2578 443/504/2579 516/471/2580
f 291/378/2581 292/372/2582 469/407/2583
f 292/372/2584 441/371/2585 470/472/2586
f 443/504/2587 469/407/2588 470/472/2589
f 470/472/2590 469/407/2591 292/372/2592
f 472/458/2593 471/457/2594 302/543/2595
f 444/414/2596 471/457/2597 445/412/2598
f 478/417/2599 472/458/2600 303/415/2601
f 447/507/2602 481/511/2603 473/433/2604
f 474/383/2605 473/433/2606 410/381/2607
f 445/412/2608 472/458/2609 473/433/2610
f 410/381/2611 481/511/2612 487/513/2613
f 474/383/2614 529/509/2615 503/508/2616
f 444/414/2617 475/438/2618 300/426/2619
f 509/466/2620 475/438/2621 446/441/2622
f 372/510/2623 576/555/2624 476/544/2625
f 507/518/2626 374/434/2627 455/503/2628
f 476/544/2629 477/556/2630 509/466/2631
f 578/557/2632 576/555/2633 506/558/2634
f 479/506/2635 478/417/2636 304/416/2637
f 472/458/2638 478/417/2639 447/507/2640
f 491/422/2641 479/506/2642 305/423/2643
f 479/506/2644 450/424/2645 480/512/2646
f 482/549/2647 450/424/2648 411/465/2649
f 482/549/2650 486/559/2651 480/512/2652
f 473/433/2653 481/511/2654 410/381/2655
f 479/506/2656 481/511/2657 447/507/2658
f 411/465/2659 484/560/2660 482/549/2661
f 483/561/2662 487/513/2663 486/559/2664
f 548/562/2665 562/563/2666 546/564/2667
f 487/513/2668 511/382/2669 410/381/2670
f 513/565/2671 411/465/2672 449/462/2673
f 373/528/2674 564/566/2675 486/559/2676
f 373/528/2677 484/560/2678 485/495/2679
f 484/560/2680 411/465/2681 513/565/2682
f 482/549/2683 484/560/2684 486/559/2685
f 373/528/2686 486/559/2687 484/560/2688
f 486/559/2689 487/513/2690 480/512/2691
f 483/561/2692 563/567/2693 511/382/2694
f 489/464/2695 488/463/2696 308/546/2697
f 448/406/2698 488/463/2699 449/462/2700
f 492/374/2701 489/464/2702 309/375/2703
f 490/502/2704 451/515/2705 412/533/2706
f 412/533/2707 485/495/2708 490/502/2709
f 490/502/2710 485/495/2711 513/565/2712
f 448/406/2713 491/422/2714 306/404/2715
f 479/506/2716 491/422/2717 450/424/2718
f 452/514/2719 492/374/2720 310/376/2721
f 489/464/2722 492/374/2723 451/515/2724
f 493/469/2725 334/523/2726 532/568/2727
f 459/468/2728 516/471/2729 443/504/2730
f 425/393/2731 494/420/2732 382/394/2733
f 517/443/2734 494/420/2735 345/474/2736
f 520/569/2737 338/409/2738 515/408/2739
f 537/570/2740 518/444/2741 519/571/2742
f 538/572/2743 496/440/2744 426/552/2745
f 541/480/2746 545/456/2747 544/573/2748
f 559/481/2749 541/480/2750 567/574/2751
f 498/339/2752 430/575/2753 500/553/2754
f 525/340/2755 498/339/2756 462/477/2757
f 567/574/2758 498/339/2759 497/341/2760
f 464/307/2761 499/306/2762 461/476/2763
f 575/482/2764 499/306/2765 341/308/2766
f 498/339/2767 500/553/2768 461/476/2769
f 500/553/2770 430/575/2771 501/554/2772
f 544/573/2773 527/455/2774 540/576/2775
f 466/530/2776 501/554/2777 553/536/2778
f 501/554/2779 502/529/2780 465/531/2781
f 435/478/2782 502/529/2783 466/530/2784
f 476/544/2785 503/508/2786 372/510/2787
f 504/432/2788 409/413/2789 445/412/2790
f 473/433/2791 504/432/2792 445/412/2793
f 474/383/2794 503/508/2795 504/432/2796
f 503/508/2797 505/505/2798 409/413/2799
f 509/466/2800 505/505/2801 476/544/2802
f 558/577/2803 548/562/2804 570/578/2805
f 334/523/2806 521/522/2807 519/571/2808
f 413/517/2809 454/345/2810 508/545/2811
f 528/579/2812 507/518/2813 477/556/2814
f 299/439/2815 508/545/2816 298/344/2817
f 477/556/2818 507/518/2819 508/545/2820
f 477/556/2821 508/545/2822 509/466/2823
f 299/439/2824 509/466/2825 508/545/2826
f 373/528/2827 550/580/2828 564/566/2829
f 566/581/2830 557/582/2831 569/583/2832
f 483/561/2833 511/382/2834 487/513/2835
f 511/382/2836 510/584/2837 529/509/2838
f 371/497/2839 554/535/2840 439/500/2841
f 540/576/2842 501/554/2843 430/575/2844
f 490/502/2845 513/565/2846 449/462/2847
f 484/560/2848 513/565/2849 485/495/2850
f 457/436/2851 493/469/2852 514/540/2853
f 442/542/2854 514/540/2855 493/469/2856
f 519/571/2857 520/569/2858 532/568/2859
f 338/409/2860 415/366/2861 533/402/2862
f 442/542/2863 493/469/2864 516/471/2865
f 515/408/2866 533/402/2867 534/470/2868
f 378/367/2869 517/443/2870 345/474/2871
f 518/444/2872 517/443/2873 495/585/2874
f 519/571/2875 518/444/2876 495/585/2877
f 460/418/2878 518/444/2879 426/552/2880
f 520/569/2881 519/571/2882 495/585/2883
f 536/524/2884 334/523/2885 457/436/2886
f 520/569/2887 495/585/2888 522/473/2889
f 520/569/2890 515/408/2891 532/568/2892
f 536/524/2893 556/550/2894 521/522/2895
f 537/570/2896 521/522/2897 539/586/2898
f 520/569/2899 522/473/2900 338/409/2901
f 517/443/2902 522/473/2903 495/585/2904
f 427/425/2905 523/419/2906 337/526/2907
f 523/419/2908 382/394/2909 494/420/2910
f 426/552/2911 537/570/2912 539/586/2913
f 548/562/2914 510/584/2915 562/563/2916
f 428/362/2917 525/340/2918 462/477/2919
f 526/527/2920 525/340/2921 383/442/2922
f 427/425/2923 526/527/2924 383/442/2925
f 337/526/2926 497/341/2927 526/527/2928
f 550/580/2929 512/587/2930 543/588/2931
f 543/588/2932 531/589/2933 542/590/2934
f 528/579/2935 551/435/2936 507/518/2937
f 578/557/2938 477/556/2939 476/544/2940
f 511/382/2941 529/509/2942 474/383/2943
f 558/577/2944 529/509/2945 510/584/2946
f 552/496/2947 485/495/2948 412/533/2949
f 549/454/2950 550/580/2951 543/588/2952
f 501/554/2953 540/576/2954 542/590/2955
f 512/587/2956 579/537/2957 580/591/2958
f 532/568/2959 334/523/2960 519/571/2961
f 534/470/2962 532/568/2963 515/408/2964
f 375/403/2965 344/451/2966 533/402/2967
f 533/402/2968 535/541/2969 534/470/2970
f 534/470/2971 493/469/2972 532/568/2973
f 535/541/2974 533/402/2975 344/451/2976
f 468/450/2977 535/541/2978 344/451/2979
f 516/471/2980 534/470/2981 535/541/2982
f 551/435/2983 536/524/2984 457/436/2985
f 536/524/2986 551/435/2987 555/551/2988
f 518/444/2989 537/570/2990 426/552/2991
f 519/571/2992 521/522/2993 537/570/2994
f 539/586/2995 538/572/2996 426/552/2997
f 560/459/2998 538/572/2999 524/460/3000
f 557/582/3001 566/581/3002 576/555/3003
f 539/586/3004 524/460/3005 538/572/3006
f 544/573/3007 540/576/3008 571/592/3009
f 542/590/3010 540/576/3011 527/455/3012
f 497/341/3013 559/481/3014 567/574/3015
f 337/526/3016 559/481/3017 497/341/3018
f 543/588/3019 542/590/3020 527/455/3021
f 542/590/3022 531/589/3023 553/536/3024
f 547/593/3025 549/454/3026 545/456/3027
f 531/589/3028 543/588/3029 512/587/3030
f 571/592/3031 540/576/3032 430/575/3033
f 541/480/3034 561/461/3035 545/456/3036
f 545/456/3037 333/594/3038 547/593/3039
f 527/455/3040 544/573/3041 545/456/3042
f 547/593/3043 548/562/3044 546/564/3045
f 373/528/3046 530/494/3047 550/580/3048
f 547/593/3049 333/594/3050 548/562/3051
f 549/454/3052 547/593/3053 546/564/3054
f 333/594/3055 561/461/3056 565/595/3057
f 539/586/3058 556/550/3059 566/581/3060
f 549/454/3061 546/564/3062 550/580/3063
f 527/455/3064 549/454/3065 543/588/3066
f 550/580/3067 546/564/3068 564/566/3069
f 512/587/3070 550/580/3071 530/494/3072
f 507/518/3073 551/435/3074 374/434/3075
f 551/435/3076 528/579/3077 555/551/3078
f 412/533/3079 453/516/3080 582/547/3081
f 530/494/3082 552/496/3083 581/548/3084
f 542/590/3085 553/536/3086 501/554/3087
f 554/535/3088 553/536/3089 531/589/3090
f 554/535/3091 531/589/3092 580/591/3093
f 466/530/3094 554/535/3095 371/497/3096
f 555/551/3097 528/579/3098 578/557/3099
f 555/551/3100 506/558/3101 556/550/3102
f 566/581/3103 556/550/3104 506/558/3105
f 539/586/3106 521/522/3107 556/550/3108
f 372/510/3109 529/509/3110 558/577/3111
f 565/595/3112 548/562/3113 333/594/3114
f 548/562/3115 558/577/3116 510/584/3117
f 558/577/3118 557/582/3119 577/596/3120
f 337/526/3121 568/525/3122 559/481/3123
f 496/440/3124 538/572/3125 560/459/3126
f 565/595/3127 561/461/3128 524/460/3129
f 560/459/3130 559/481/3131 568/525/3132
f 545/456/3133 561/461/3134 333/594/3135
f 541/480/3136 560/459/3137 561/461/3138
f 510/584/3139 563/567/3140 562/563/3141
f 483/561/3142 486/559/3143 564/566/3144
f 511/382/3145 563/567/3146 510/584/3147
f 564/566/3148 563/567/3149 483/561/3150
f 546/564/3151 562/563/3152 564/566/3153
f 564/566/3154 562/563/3155 563/567/3156
f 569/583/3157 565/595/3158 524/460/3159
f 557/582/3160 570/578/3161 565/595/3162
f 576/555/3163 566/581/3164 506/558/3165
f 569/583/3166 557/582/3167 565/595/3168
f 571/592/3169 541/480/3170 544/573/3171
f 498/339/3172 567/574/3173 430/575/3174
f 523/419/3175 568/525/3176 337/526/3177
f 560/459/3178 568/525/3179 496/440/3180
f 524/460/3181 539/586/3182 569/583/3183
f 566/581/3184 569/583/3185 539/586/3186
f 558/577/3187 570/578/3188 557/582/3189
f 548/562/3190 565/595/3191 570/578/3192
f 430/575/3193 567/574/3194 571/592/3195
f 541/480/3196 571/592/3197 567/574/3198
f 391/312/3199 572/483/3200 386/488/3201
f 419/331/3202 572/483/3203 355/388/3204
f 432/491/3205 573/501/3206 397/498/3207
f 573/501/3208 439/500/3209 574/534/3210
f 579/537/3211 574/534/3212 439/500/3213
f 440/532/3214 574/534/3215 438/538/3216
f 428/362/3217 575/482/3218 349/325/3219
f 499/306/3220 575/482/3221 462/477/3222
f 577/596/3223 576/555/3224 372/510/3225
f 506/558/3226 555/551/3227 578/557/3228
f 558/577/3229 577/596/3230 372/510/3231
f 557/582/3232 576/555/3233 577/596/3234
f 477/556/3235 578/557/3236 528/579/3237
f 476/544/3238 576/555/3239 578/557/3240
f 580/591/3241 579/537/3242 439/500/3243
f 581/548/3244 579/537/3245 512/587/3246
f 554/535/3247 580/591/3248 439/500/3249
f 512/587/3250 580/591/3251 531/589/3252
f 530/494/3253 581/548/3254 512/587/3255
f 582/547/3256 552/496/3257 412/533/3258
f 438/538/3259 579/537/3260 582/547/3261
f 581/548/3262 582/547/3263 579/537/3264
f 702/597/3265 685/598/3266 587/599/3267
f 630/600/3268 629/601/3269 703/602/3270
f 742/603/3271 811/604/3272 703/602/3273
f 786/605/3274 701/606/3275 695/607/3276
f 814/608/3277 742/603/3278 812/609/3279
f 786/605/3280 681/610/3281 701/606/3282
f 1025/611/3283 813/612/3284 626/613/3285
f 731/614/3286 984/615/3287 791/616/3288
f 1084/617/3289 1091/618/3290 779/619/3291
f 809/620/3292 742/603/3293 741/621/3294
f 17/622/3295 726/623/3296 728/624/3297
f 908/625/3298 905/626/3299 817/627/3300
f 701/606/3301 702/597/3302 695/607/3303
f 809/620/3304 632/628/3305 631/629/3306
f 810/630/3307 633/631/3308 632/628/3309
f 628/632/3310 627/633/3311 812/609/3312
f 907/634/3313 1028/635/3314 817/627/3315
f 810/630/3316 1023/636/3317 1132/637/3318
f 820/638/3319 915/639/3320 1146/640/3321
f 1029/641/3322 910/642/3323 819/643/3324
f 902/644/3325 635/645/3326 634/646/3327
f 1034/647/3328 1160/648/3329 670/649/3330
f 810/630/3331 1132/637/3332 633/631/3333
f 629/601/3334 628/632/3335 703/602/3336
f 624/650/3337 906/651/3338 625/652/3339
f 702/597/3340 586/653/3341 689/654/3342
f 822/655/3343 623/656/3344 622/657/3345
f 781/658/3346 723/659/3347 720/660/3348
f 859/661/3349 722/662/3350 607/663/3351
f 710/664/3352 752/665/3353 828/666/3354
f 709/667/3355 710/664/3356 708/668/3357
f 609/669/3358 608/670/3359 721/671/3360
f 619/672/3361 708/668/3362 620/673/3363
f 711/674/3364 677/675/3365 708/668/3366
f 722/662/3367 721/671/3368 608/670/3369
f 620/673/3370 708/668/3371 710/664/3372
f 608/670/3373 607/663/3374 722/662/3375
f 707/676/3376 710/664/3377 709/667/3378
f 707/676/3379 709/667/3380 825/677/3381
f 754/678/3382 830/679/3383 755/680/3384
f 923/681/3385 927/682/3386 672/683/3387
f 831/684/3388 674/685/3389 823/686/3390
f 830/679/3391 675/687/3392 826/688/3393
f 823/686/3394 675/687/3395 831/684/3396
f 1235/689/3397 815/690/3398 1024/691/3399
f 1047/692/3400 1157/693/3401 831/684/3402
f 912/694/3403 910/642/3404 1033/695/3405
f 933/696/3406 669/697/3407 909/698/3408
f 927/682/3409 923/681/3410 673/699/3411
f 909/698/3412 670/649/3413 933/696/3414
f 1157/693/3415 674/685/3416 831/684/3417
f 749/700/3418 1322/701/3419 1294/702/3420
f 832/703/3421 711/674/3422 755/680/3423
f 809/620/3424 810/630/3425 632/628/3426
f 611/704/3427 610/705/3428 723/659/3429
f 1298/706/3430 1299/707/3431 1297/708/3432
f 671/709/3433 1034/647/3434 924/710/3435
f 640/711/3436 639/712/3437 914/713/3438
f 916/714/3439 1038/715/3440 914/713/3441
f 1297/708/3442 1020/716/3443 1298/706/3444
f 920/717/3445 926/718/3446 827/719/3447
f 845/720/3448 764/721/3449 844/722/3450
f 708/668/3451 619/672/3452 711/674/3453
f 644/723/3454 715/724/3455 295/725/3456
f 644/723/3457 643/726/3458 844/722/3459
f 709/667/3460 708/668/3461 677/675/3462
f 761/727/3463 846/728/3464 845/720/3465
f 826/688/3466 676/729/3467 830/679/3468
f 880/730/3469 693/731/3470 688/732/3471
f 715/724/3472 296/733/3473 295/725/3474
f 305/734/3475 716/735/3476 306/736/3477
f 685/598/3478 696/737/3479 588/738/3480
f 653/739/3481 652/740/3482 697/741/3483
f 734/742/3484 679/743/3485 800/744/3486
f 1416/745/3487 885/746/3488 799/747/3489
f 850/748/3490 1019/749/3491 660/750/3492
f 988/751/3493 886/752/3494 883/753/3495
f 696/737/3496 690/754/3497 590/755/3498
f 687/756/3499 683/757/3500 650/758/3501
f 702/597/3502 689/654/3503 700/759/3504
f 1341/760/3505 961/761/3506 1072/762/3507
f 735/763/3508 716/735/3509 890/764/3510
f 638/765/3511 637/766/3512 917/767/3513
f 709/667/3514 832/703/3515 676/729/3516
f 686/768/3517 653/739/3518 697/741/3519
f 796/769/3520 656/770/3521 655/771/3522
f 883/753/3523 886/752/3524 799/747/3525
f 787/772/3526 783/773/3527 784/774/3528
f 960/775/3529 961/761/3530 852/776/3531
f 934/777/3532 668/778/3533 1033/695/3534
f 1118/779/3535 1119/780/3536 990/781/3537
f 653/739/3538 686/768/3539 654/782/3540
f 1189/783/3541 913/784/3542 956/785/3543
f 882/786/3544 693/731/3545 880/730/3546
f 956/785/3547 1066/787/3548 954/788/3549
f 652/740/3550 651/789/3551 691/790/3552
f 882/786/3553 987/791/3554 693/731/3555
f 716/735/3556 645/792/3557 306/736/3558
f 752/665/3559 710/664/3560 707/676/3561
f 800/744/3562 647/793/3563 801/794/3564
f 801/794/3565 647/793/3566 646/795/3567
f 691/790/3568 697/741/3569 652/740/3570
f 878/796/3571 686/768/3572 682/797/3573
f 651/789/3574 650/758/3575 683/757/3576
f 693/731/3577 682/797/3578 686/768/3579
f 649/798/3580 648/799/3581 687/756/3582
f 686/768/3583 697/741/3584 693/731/3585
f 683/757/3586 687/756/3587 679/743/3588
f 692/800/3589 691/790/3590 683/757/3591
f 621/801/3592 620/673/3593 710/664/3594
f 789/802/3595 783/773/3596 787/772/3597
f 303/803/3598 302/804/3599 883/753/3600
f 918/805/3601 636/806/3602 903/807/3603
f 825/677/3604 709/667/3605 676/729/3606
f 934/777/3607 669/697/3608 933/696/3609
f 637/766/3610 918/805/3611 917/767/3612
f 834/808/3613 616/809/3614 756/810/3615
f 860/811/3616 607/663/3617 606/812/3618
f 759/813/3619 1051/814/3620 1243/815/3621
f 931/816/3622 838/817/3623 1048/818/3624
f 935/819/3625 937/820/3626 602/821/3627
f 1200/822/3628 1309/823/3629 1205/824/3630
f 723/659/3631 781/658/3632 862/825/3633
f 296/733/3634 765/826/3635 297/827/3636
f 1246/828/3637 1168/829/3638 1169/830/3639
f 853/831/3640 613/832/3641 612/833/3642
f 1286/834/3643 778/835/3644 1083/836/3645
f 831/684/3646 675/687/3647 830/679/3648
f 766/837/3649 762/838/3650 763/839/3651
f 1088/840/3652 1089/841/3653 973/842/3654
f 957/843/3655 849/844/3656 954/788/3657
f 1208/845/3658 856/846/3659 969/847/3660
f 1084/617/3661 971/848/3662 858/849/3663
f 950/850/3664 949/851/3665 953/852/3666
f 722/662/3667 859/661/3668 720/660/3669
f 716/735/3670 735/763/3671 645/792/3672
f 605/853/3673 854/854/3674 606/812/3675
f 1087/855/3676 972/856/3677 971/848/3678
f 723/659/3679 721/671/3680 722/662/3681
f 600/857/3682 599/858/3683 938/859/3684
f 610/705/3685 721/671/3686 723/659/3687
f 1071/860/3688 850/748/3689 1070/861/3690
f 961/761/3691 1343/862/3692 852/776/3693
f 754/678/3694 755/680/3695 835/863/3696
f 720/660/3697 723/659/3698 722/662/3699
f 700/759/3700 695/607/3701 702/597/3702
f 589/864/3703 696/737/3704 590/755/3705
f 866/865/3706 1340/866/3707 681/610/3708
f 602/821/3709 601/867/3710 935/819/3711
f 689/654/3712 684/868/3713 700/759/3714
f 935/819/3715 1164/869/3716 841/870/3717
f 648/799/3718 647/793/3719 800/744/3720
f 691/790/3721 692/800/3722 688/732/3723
f 836/871/3724 1049/872/3725 1239/873/3726
f 296/733/3727 715/724/3728 763/839/3729
f 966/874/3730 1080/875/3731 776/876/3732
f 596/877/3733 595/878/3734 868/879/3735
f 863/880/3736 597/881/3737 596/877/3738
f 867/882/3739 792/883/3740 868/879/3741
f 679/743/3742 1118/779/3743 991/884/3744
f 685/598/3745 701/606/3746 681/610/3747
f 842/885/3748 938/859/3749 940/886/3750
f 1176/887/3751 1173/888/3752 760/889/3753
f 954/788/3754 1087/855/3755 664/890/3756
f 867/882/3757 730/891/3758 791/616/3759
f 938/859/3760 1053/892/3761 940/886/3762
f 1261/893/3763 1258/894/3764 746/895/3765
f 739/896/3766 699/897/3767 584/898/3768
f 1123/899/3769 700/759/3770 684/868/3771
f 871/900/3772 874/901/3773 869/902/3774
f 764/721/3775 846/728/3776 766/837/3777
f 721/671/3778 610/705/3779 609/669/3780
f 304/903/3781 891/904/3782 305/734/3783
f 730/891/3784 594/905/3785 7/906/3786
f 1068/907/3787 1069/908/3788 958/909/3789
f 981/910/3790 979/911/3791 736/912/3792
f 899/913/3793 659/914/3794 1068/907/3795
f 797/915/3796 894/916/3797 657/917/3798
f 795/918/3799 898/919/3800 656/770/3801
f 15/920/3802 864/921/3803 893/922/3804
f 796/769/3805 878/796/3806 682/797/3807
f 689/654/3808 698/923/3809 684/868/3810
f 895/924/3811 901/925/3812 899/913/3813
f 732/926/3814 795/918/3815 796/769/3816
f 995/927/3817 895/924/3818 806/928/3819
f 1221/929/3820 1223/930/3821 1220/931/3822
f 683/757/3823 679/743/3824 692/800/3825
f 807/932/3826 583/933/3827 878/796/3828
f 691/790/3829 693/731/3830 697/741/3831
f 586/653/3832 585/934/3833 689/654/3834
f 1004/935/3835 1002/936/3836 694/937/3837
f 702/597/3838 587/599/3839 586/653/3840
f 655/771/3841 656/770/3842 738/938/3843
f 696/737/3844 685/598/3845 690/754/3846
f 699/897/3847 689/654/3848 585/934/3849
f 589/864/3850 588/738/3851 696/737/3852
f 588/738/3853 587/599/3854 685/598/3855
f 683/757/3856 691/790/3857 651/789/3858
f 701/606/3859 685/598/3860 702/597/3861
f 655/771/3862 738/938/3863 739/896/3864
f 968/939/3865 661/940/3866 1071/860/3867
f 583/933/3868 654/782/3869 878/796/3870
f 690/754/3871 685/598/3872 681/610/3873
f 864/921/3874 15/920/3875 16/941/3876
f 803/942/3877 13/943/3878 14/944/3879
f 689/654/3880 699/897/3881 698/923/3882
f 1000/945/3883 738/938/3884 1007/946/3885
f 985/947/3886 877/948/3887 984/615/3888
f 299/949/3889 960/775/3890 300/950/3891
f 970/951/3892 663/952/3893 1063/953/3894
f 879/954/3895 678/955/3896 1108/956/3897
f 873/957/3898 804/958/3899 1017/959/3900
f 978/960/3901 804/958/3902 873/957/3903
f 649/798/3904 687/756/3905 650/758/3906
f 18/961/3907 726/623/3908 17/622/3909
f 727/962/3910 725/963/3911 728/624/3912
f 894/916/3913 797/915/3914 658/964/3915
f 590/755/3916 690/754/3917 1340/866/3918
f 1004/935/3919 694/937/3920 1000/945/3921
f 16/941/3922 728/624/3923 784/774/3924
f 1340/866/3925 591/965/3926 590/755/3927
f 698/923/3928 699/897/3929 694/937/3930
f 18/961/3931 593/966/3932 726/623/3933
f 693/731/3934 691/790/3935 688/732/3936
f 1126/967/3937 684/868/3938 1003/968/3939
f 727/962/3940 790/969/3941 725/963/3942
f 585/934/3943 584/898/3944 699/897/3945
f 614/970/3946 932/971/3947 615/972/3948
f 757/973/3949 1048/818/3950 1077/974/3951
f 979/911/3952 981/910/3953 1344/975/3954
f 7/906/3955 8/976/3956 730/891/3957
f 619/672/3958 618/977/3959 711/674/3960
f 1161/978/3961 1153/979/3962 1241/980/3963
f 1071/860/3964 662/981/3965 968/939/3966
f 963/982/3967 974/983/3968 861/984/3969
f 618/977/3970 617/985/3971 833/986/3972
f 727/962/3973 726/623/3974 593/966/3975
f 726/623/3976 727/962/3977 728/624/3978
f 593/966/3979 592/987/3980 727/962/3981
f 866/865/3982 785/988/3983 865/989/3984
f 784/774/3985 728/624/3986 725/963/3987
f 16/941/3988 17/622/3989 728/624/3990
f 727/962/3991 592/987/3992 790/969/3993
f 790/969/3994 591/965/3995 1340/866/3996
f 731/614/3997 730/891/3998 8/976/3999
f 730/891/4000 731/614/4001 791/616/4002
f 8/976/4003 9/990/4004 793/991/4005
f 793/991/4006 9/990/4007 985/947/4008
f 1110/992/4009 732/926/4010 1108/956/4011
f 795/918/4012 797/915/4013 657/917/4014
f 884/993/4015 988/751/4016 989/994/4017
f 1220/931/4018 717/995/4019 1185/996/4020
f 735/763/4021 646/795/4022 645/792/4023
f 735/763/4024 734/742/4025 801/794/4026
f 305/734/4027 891/904/4028 890/764/4029
f 888/997/4030 303/803/4031 883/753/4032
f 805/998/4033 996/999/4034 1005/1000/4035
f 1102/1001/4036 803/942/4037 977/1002/4038
f 856/846/4039 778/835/4040 1008/1003/4041
f 976/1004/4042 782/1005/4043 975/1006/4044
f 898/919/4045 795/918/4046 657/917/4047
f 694/937/4048 699/897/4049 739/896/4050
f 584/898/4051 583/933/4052 807/932/4053
f 694/937/4054 739/896/4055 738/938/4056
f 1234/1007/4057 1233/1008/4058 1022/1009/4059
f 1260/1010/4060 1261/893/4061 1266/1011/4062
f 631/629/4063 630/600/4064 811/604/4065
f 741/621/4066 904/1012/4067 810/630/4068
f 812/609/4069 703/602/4070 628/632/4071
f 812/609/4072 742/603/4073 703/602/4074
f 905/626/4075 626/613/4076 625/652/4077
f 814/608/4078 815/690/4079 1021/1013/4080
f 822/655/4081 907/634/4082 623/656/4083
f 1290/1014/4084 1023/636/4085 904/1012/4086
f 912/694/4087 1089/841/4088 667/1015/4089
f 1030/1016/4090 910/642/4091 1029/641/4092
f 1380/1017/4093 1138/1018/4094 1140/1019/4095
f 767/1020/4096 944/1021/4097 848/1022/4098
f 635/645/4099 902/644/4100 903/807/4101
f 1297/708/4102 747/1023/4103 1128/1024/4104
f 828/666/4105 622/657/4106 621/801/4107
f 908/625/4108 1028/635/4109 744/1025/4110
f 923/681/4111 925/1026/4112 673/699/4113
f 1040/1027/4114 748/1028/4115 919/1029/4116
f 909/698/4117 911/1030/4118 1034/647/4119
f 1144/1031/4120 750/1032/4121 1145/1033/4122
f 751/1034/4123 826/688/4124 823/686/4125
f 922/1035/4126 827/719/4127 926/718/4128
f 707/676/4129 926/718/4130 920/717/4131
f 822/655/4132 752/665/4133 919/1029/4134
f 712/1036/4135 1155/1037/4136 1154/1038/4137
f 1159/1039/4138 1303/1040/4139 1158/1041/4140
f 832/703/4141 709/667/4142 677/675/4143
f 754/678/4144 929/1042/4145 831/684/4146
f 833/986/4147 711/674/4148 618/977/4149
f 833/986/4150 755/680/4151 711/674/4152
f 931/816/4153 616/809/4154 615/972/4155
f 833/986/4156 835/863/4157 755/680/4158
f 613/832/4159 965/1043/4160 1079/1044/4161
f 1205/824/4162 1279/1045/4163 1203/1046/4164
f 671/709/4165 672/683/4166 928/1047/4167
f 1318/1048/4168 1247/1049/4169 1307/1050/4170
f 1207/1051/4171 1310/1052/4172 1311/1053/4173
f 1316/1054/4174 1204/1055/4175 1313/1056/4176
f 939/1057/4177 1053/892/4178 1054/1058/4179
f 976/1004/4180 1214/1059/4181 782/1005/4182
f 941/1060/4183 642/1061/4184 641/1062/4185
f 296/733/4186 763/839/4187 765/826/4188
f 767/1020/4189 762/838/4190 766/837/4191
f 961/761/4192 1384/1063/4193 1383/1064/4194
f 763/839/4195 715/724/4196 768/1065/4197
f 763/839/4198 762/838/4199 765/826/4200
f 715/724/4201 844/722/4202 768/1065/4203
f 845/720/4204 643/726/4205 642/1061/4206
f 765/826/4207 762/838/4208 771/1066/4209
f 297/827/4210 765/826/4211 1342/1067/4212
f 768/1065/4213 766/837/4214 763/839/4215
f 764/721/4216 845/720/4217 846/728/4218
f 847/1068/4219 767/1020/4220 761/727/4221
f 945/1069/4222 770/1070/4223 848/1022/4224
f 844/722/4225 715/724/4226 644/723/4227
f 766/837/4228 768/1065/4229 764/721/4230
f 848/1022/4231 770/1070/4232 771/1066/4233
f 948/1071/4234 1181/1072/4235 947/1073/4236
f 848/1022/4237 762/838/4238 767/1020/4239
f 1414/1074/4240 1385/1075/4241 1382/1076/4242
f 848/1022/4243 771/1066/4244 762/838/4245
f 1341/760/4246 771/1066/4247 770/1070/4248
f 1064/1077/4249 955/1078/4250 1063/953/4251
f 1181/1072/4252 1182/1079/4253 946/1080/4254
f 850/748/4255 1068/907/4256 1067/1081/4257
f 769/1082/4258 947/1073/4259 950/850/4260
f 1220/931/4261 1223/930/4262 1219/1083/4263
f 1116/1084/4264 1111/1085/4265 1114/1086/4266
f 862/825/4267 612/833/4268 611/704/4269
f 1075/1087/4270 1074/1088/4271 775/1089/4272
f 1281/1090/4273 967/1091/4274 1245/1092/4275
f 1075/1087/4276 775/1089/4277 962/1093/4278
f 871/900/4279 872/1094/4280 870/1095/4281
f 777/1096/4282 874/901/4283 1014/1097/4284
f 1014/1097/4285 1018/1098/4286 777/1096/4287
f 895/924/4288 997/1099/4289 805/998/4290
f 972/856/4291 665/1100/4292 1066/787/4293
f 1213/1101/4294 972/856/4295 973/842/4296
f 780/1102/4297 860/811/4298 854/854/4299
f 966/874/4300 861/984/4301 974/983/4302
f 720/660/4303 974/983/4304 963/982/4305
f 853/831/4306 781/658/4307 962/1093/4308
f 1093/1103/4309 724/1104/4310 984/615/4311
f 1055/1105/4312 939/1057/4313 1054/1058/4314
f 785/988/4315 787/772/4316 865/989/4317
f 788/1106/4318 982/1107/4319 983/1108/4320
f 725/963/4321 865/989/4322 787/772/4323
f 784/774/4324 783/773/4325 864/921/4326
f 695/607/4327 1123/899/4328 786/605/4329
f 787/772/4330 784/774/4331 725/963/4332
f 700/759/4333 1123/899/4334 695/607/4335
f 786/605/4336 785/988/4337 866/865/4338
f 1125/1109/4339 1123/899/4340 1124/1110/4341
f 785/988/4342 786/605/4343 1125/1109/4344
f 982/1107/4345 680/1111/4346 980/1112/4347
f 736/912/4348 803/942/4349 892/1113/4350
f 785/988/4351 1125/1109/4352 787/772/4353
f 892/1113/4354 789/802/4355 788/1106/4356
f 591/965/4357 790/969/4358 592/987/4359
f 790/969/4360 729/1114/4361 865/989/4362
f 792/883/4363 791/616/4364 724/1104/4365
f 594/905/4366 867/882/4367 595/878/4368
f 1092/1115/4369 975/1006/4370 792/883/4371
f 975/1006/4372 863/880/4373 868/879/4374
f 985/947/4375 9/990/4376 794/1116/4377
f 731/614/4378 8/976/4379 793/991/4380
f 10/1117/4381 869/902/4382 9/990/4383
f 724/1104/4384 791/616/4385 984/615/4386
f 796/769/4387 795/918/4388 656/770/4389
f 797/915/4390 795/918/4391 732/926/4392
f 878/796/4393 796/769/4394 655/771/4395
f 879/954/4396 682/797/4397 678/955/4398
f 1106/1118/4399 678/955/4400 881/1119/4401
f 773/1120/4402 1070/861/4403 1067/1081/4404
f 991/884/4405 688/732/4406 692/800/4407
f 798/1121/4408 1103/1122/4409 881/1119/4410
f 889/1123/4411 887/1124/4412 733/1125/4413
f 1119/780/4414 1118/779/4415 734/742/4416
f 679/743/4417 687/756/4418 800/744/4419
f 648/799/4420 800/744/4421 687/756/4422
f 735/763/4423 801/794/4424 646/795/4425
f 800/744/4426 801/794/4427 734/742/4428
f 304/903/4429 303/803/4430 888/997/4431
f 734/742/4432 1118/779/4433 679/743/4434
f 994/1126/4435 15/920/4436 893/922/4437
f 875/1127/4438 977/1002/4439 978/960/4440
f 1012/1128/4441 737/1129/4442 995/927/4443
f 871/900/4444 869/902/4445 10/1117/4446
f 805/998/4447 997/1099/4448 996/999/4449
f 894/916/4450 898/919/4451 657/917/4452
f 900/1130/4453 1019/749/4454 968/939/4455
f 900/1130/4456 1010/1131/4457 806/928/4458
f 655/771/4459 739/896/4460 807/932/4461
f 584/898/4462 807/932/4463 739/896/4464
f 903/807/4465 1127/1132/4466 918/805/4467
f 635/645/4468 903/807/4469 636/806/4470
f 809/620/4471 631/629/4472 811/604/4473
f 810/630/4474 809/620/4475 741/621/4476
f 904/1012/4477 741/621/4478 1021/1013/4479
f 1132/637/4480 634/646/4481 633/631/4482
f 703/602/4483 811/604/4484 630/600/4485
f 809/620/4486 811/604/4487 742/603/4488
f 627/633/4489 813/612/4490 812/609/4491
f 812/609/4492 813/612/4493 814/608/4494
f 626/613/4495 813/612/4496 627/633/4497
f 814/608/4498 813/612/4499 743/1133/4500
f 815/690/4501 814/608/4502 743/1133/4503
f 741/621/4504 742/603/4505 814/608/4506
f 815/690/4507 743/1133/4508 1024/691/4509
f 815/690/4510 704/1134/4511 1021/1013/4512
f 1025/611/4513 905/626/4514 1024/691/4515
f 1231/1135/4516 1236/1136/4517 744/1025/4518
f 624/650/4519 623/656/4520 907/634/4521
f 817/627/4522 1028/635/4523 908/625/4524
f 1136/1137/4525 1030/1016/4526 745/1138/4527
f 1151/1139/4528 824/1140/4529 923/681/4530
f 667/1015/4531 1035/1141/4532 912/694/4533
f 912/694/4534 913/784/4535 819/643/4536
f 1361/1142/4537 1146/640/4538 915/639/4539
f 761/727/4540 1056/1143/4541 847/1068/4542
f 1147/1144/4543 1146/640/4544 1036/1145/4545
f 915/639/4546 820/638/4547 914/713/4548
f 822/655/4549 622/657/4550 828/666/4551
f 817/627/4552 906/651/4553 907/634/4554
f 1044/1146/4555 673/699/4556 925/1026/4557
f 823/686/4558 1043/1147/4559 922/1035/4560
f 1150/1148/4561 1149/1149/4562 1295/1150/4563
f 749/700/4564 922/1035/4565 1043/1147/4566
f 826/688/4567 825/677/4568 676/729/4569
f 825/677/4570 751/1034/4571 926/718/4572
f 823/686/4573 826/688/4574 675/687/4575
f 825/677/4576 826/688/4577 751/1034/4578
f 1293/1151/4579 921/1152/4580 1039/1153/4581
f 919/1029/4582 920/717/4583 1040/1027/4584
f 710/664/4585 828/666/4586 621/801/4587
f 822/655/4588 828/666/4589 752/665/4590
f 1238/1154/4591 1153/979/4592 829/1155/4593
f 927/682/4594 928/1047/4595 672/683/4596
f 830/679/4597 676/729/4598 832/703/4599
f 831/684/4600 830/679/4601 754/678/4602
f 754/678/4603 930/1156/4604 929/1042/4605
f 1157/693/4606 673/699/4607 674/685/4608
f 711/674/4609 832/703/4610 677/675/4611
f 830/679/4612 832/703/4613 755/680/4614
f 617/985/4615 834/808/4616 833/986/4617
f 833/986/4618 834/808/4619 835/863/4620
f 616/809/4621 834/808/4622 617/985/4623
f 835/863/4624 834/808/4625 756/810/4626
f 756/810/4627 836/871/4628 835/863/4629
f 835/863/4630 836/871/4631 930/1156/4632
f 836/871/4633 756/810/4634 1049/872/4635
f 930/1156/4636 836/871/4637 712/1036/4638
f 616/809/4639 931/816/4640 1049/872/4641
f 1155/1037/4642 1046/1157/4643 1154/1038/4644
f 853/831/4645 1076/1158/4646 613/832/4647
f 1048/818/4648 757/973/4649 837/1159/4650
f 671/709/4651 1161/978/4652 1160/648/4653
f 1050/1160/4654 934/777/4655 839/1161/4656
f 1303/1040/4657 1329/1162/4658 758/1163/4659
f 1084/617/4660 1085/1164/4661 971/848/4662
f 936/1165/4663 601/867/4664 600/857/4665
f 937/820/4666 935/819/4667 1167/1166/4668
f 1244/1167/4669 1165/1168/4670 842/885/4671
f 1164/869/4672 935/819/4673 936/1165/4674
f 1038/715/4675 641/1062/4676 640/711/4677
f 943/1169/4678 843/1170/4679 1057/1171/4680
f 845/720/4681 844/722/4682 643/726/4683
f 768/1065/4684 844/722/4685 764/721/4686
f 941/1060/4687 845/720/4688 642/1061/4689
f 942/1172/4690 845/720/4691 843/1170/4692
f 761/727/4693 767/1020/4694 846/728/4695
f 766/837/4696 846/728/4697 767/1020/4698
f 942/1172/4699 943/1169/4700 1056/1143/4701
f 1256/1173/4702 847/1068/4703 1257/1174/4704
f 944/1021/4705 767/1020/4706 847/1068/4707
f 945/1069/4708 769/1082/4709 1414/1074/4710
f 954/788/4711 1063/953/4712 957/843/4713
f 956/785/4714 1194/1175/4715 1189/783/4716
f 1067/1081/4717 1068/907/4718 958/909/4719
f 1067/1081/4720 1070/861/4721 850/748/4722
f 1060/1176/4723 717/995/4724 953/852/4725
f 1277/1177/4726 1196/1178/4727 952/1179/4728
f 1072/762/4729 299/949/4730 298/1180/4731
f 1116/1084/4732 774/1181/4733 1321/1182/4734
f 853/831/4735 612/833/4736 862/825/4737
f 853/831/4738 962/1093/4739 1076/1158/4740
f 1081/1183/4741 605/853/4742 604/1184/4743
f 854/854/4744 1080/875/4745 966/874/4746
f 1246/828/4747 602/821/4748 937/820/4749
f 1308/1185/4750 1316/1054/4751 1052/1186/4752
f 1082/1187/4753 662/981/4754 1064/1077/4755
f 856/846/4756 1008/1003/4757 900/1130/4758
f 778/835/4759 856/846/4760 1208/845/4761
f 969/847/4762 856/846/4763 968/939/4764
f 1088/840/4765 972/856/4766 666/1188/4767
f 858/849/4768 972/856/4769 1213/1101/4770
f 860/811/4771 859/661/4772 607/663/4773
f 859/661/4774 780/1102/4775 974/983/4776
f 854/854/4777 860/811/4778 606/812/4779
f 859/661/4780 860/811/4781 780/1102/4782
f 1073/1189/4783 718/1190/4784 964/1191/4785
f 962/1093/4786 963/982/4787 1075/1087/4788
f 723/659/4789 862/825/4790 611/704/4791
f 853/831/4792 862/825/4793 781/658/4794
f 863/880/4795 596/877/4796 868/879/4797
f 1054/1058/4798 863/880/4799 1170/1192/4800
f 784/774/4801 864/921/4802 16/941/4803
f 783/773/4804 789/802/4805 893/922/4806
f 790/969/4807 865/989/4808 725/963/4809
f 866/865/4810 865/989/4811 729/1114/4812
f 1340/866/4813 866/865/4814 729/1114/4815
f 786/605/4816 866/865/4817 681/610/4818
f 730/891/4819 867/882/4820 594/905/4821
f 792/883/4822 867/882/4823 791/616/4824
f 867/882/4825 868/879/4826 595/878/4827
f 868/879/4828 792/883/4829 975/1006/4830
f 10/1117/4831 872/1094/4832 871/900/4833
f 794/1116/4834 9/990/4835 869/902/4836
f 1015/1193/4837 1017/959/4838 1347/1194/4839
f 869/902/4840 874/901/4841 876/1195/4842
f 872/1094/4843 10/1117/4844 11/1196/4845
f 871/900/4846 870/1095/4847 874/901/4848
f 875/1127/4849 11/1196/4850 12/1197/4851
f 870/1095/4852 872/1094/4853 873/957/4854
f 872/1094/4855 875/1127/4856 873/957/4857
f 875/1127/4858 12/1197/4859 1102/1001/4860
f 1015/1193/4861 1013/1198/4862 1014/1097/4863
f 876/1195/4864 874/901/4865 777/1096/4866
f 11/1196/4867 875/1127/4868 872/1094/4869
f 12/1197/4870 13/943/4871 1102/1001/4872
f 876/1195/4873 777/1096/4874 1096/1199/4875
f 869/902/4876 876/1195/4877 794/1116/4878
f 1096/1199/4879 794/1116/4880 876/1195/4881
f 877/948/4882 1095/1200/4883 1093/1103/4884
f 878/796/4885 655/771/4886 807/932/4887
f 878/796/4888 654/782/4889 686/768/4890
f 732/926/4891 796/769/4892 879/954/4893
f 682/797/4894 879/954/4895 796/769/4896
f 688/732/4897 991/884/4898 1121/1201/4899
f 881/1119/4900 880/730/4901 798/1121/4902
f 1103/1122/4903 798/1121/4904 1104/1202/4905
f 881/1119/4906 678/955/4907 987/791/4908
f 880/730/4909 881/1119/4910 882/786/4911
f 882/786/4912 881/1119/4913 987/791/4914
f 988/751/4915 302/804/4916 301/1203/4917
f 888/997/4918 799/747/4919 885/746/4920
f 301/1203/4921 300/950/4922 989/994/4923
f 886/752/4924 884/993/4925 887/1124/4926
f 1417/1204/4927 1122/1205/4928 1416/745/4929
f 802/1206/4930 891/904/4931 993/1207/4932
f 988/751/4933 883/753/4934 302/804/4935
f 884/993/4936 1114/1086/4937 887/1124/4938
f 733/1125/4939 1104/1202/4940 889/1123/4941
f 799/747/4942 886/752/4943 887/1124/4944
f 799/747/4945 888/997/4946 883/753/4947
f 888/997/4948 885/746/4949 993/1207/4950
f 1121/1201/4951 798/1121/4952 880/730/4953
f 887/1124/4954 889/1123/4955 1417/1204/4956
f 305/734/4957 890/764/4958 716/735/4959
f 1119/780/4960 890/764/4961 802/1206/4962
f 993/1207/4963 891/904/4964 304/903/4965
f 890/764/4966 891/904/4967 802/1206/4968
f 994/1126/4969 803/942/4970 14/944/4971
f 892/1113/4972 893/922/4973 789/802/4974
f 783/773/4975 893/922/4976 864/921/4977
f 893/922/4978 892/1113/4979 994/1126/4980
f 659/914/4981 901/925/4982 897/1208/4983
f 896/1209/4984 894/916/4985 805/998/4986
f 805/998/4987 894/916/4988 895/924/4989
f 897/1208/4990 894/916/4991 658/964/4992
f 999/1210/4993 1359/1211/4994 1005/1000/4995
f 1007/946/4996 738/938/4997 656/770/4998
f 659/914/4999 897/1208/5000 658/964/5001
f 895/924/5002 894/916/5003 897/1208/5004
f 894/916/5005 896/1209/5006 898/919/5007
f 898/919/5008 896/1209/5009 1007/946/5010
f 1019/749/5011 850/748/5012 661/940/5013
f 895/924/5014 899/913/5015 806/928/5016
f 806/928/5017 899/913/5018 900/1130/5019
f 899/913/5020 660/750/5021 1019/749/5022
f 897/1208/5023 901/925/5024 895/924/5025
f 659/914/5026 899/913/5027 901/925/5028
f 1132/637/5029 902/644/5030 634/646/5031
f 903/807/5032 902/644/5033 808/1212/5034
f 1130/1213/5035 903/807/5036 808/1212/5037
f 1129/1214/5038 918/805/5039 1127/1132/5040
f 904/1012/5041 1021/1013/5042 1131/1215/5043
f 904/1012/5044 1131/1215/5045 1290/1014/5046
f 905/626/5047 625/652/5048 906/651/5049
f 905/626/5050 908/625/5051 1024/691/5052
f 907/634/5053 906/651/5054 624/650/5055
f 905/626/5056 906/651/5057 817/627/5058
f 919/1029/5059 1026/1216/5060 822/655/5061
f 1027/1217/5062 1028/635/5063 1026/1216/5064
f 1236/1136/5065 908/625/5066 744/1025/5067
f 908/625/5068 816/1218/5069 1024/691/5070
f 1033/695/5071 669/697/5072 934/777/5073
f 818/1219/5074 1237/1220/5075 909/698/5076
f 1033/695/5077 909/698/5078 669/697/5079
f 818/1219/5080 909/698/5081 910/642/5082
f 818/1219/5083 1030/1016/5084 1032/1221/5085
f 923/681/5086 924/710/5087 1151/1139/5088
f 1035/1141/5089 1088/840/5090 666/1188/5091
f 910/642/5092 912/694/5093 819/643/5094
f 1066/787/5095 666/1188/5096 972/856/5097
f 849/844/5098 1194/1175/5099 956/785/5100
f 1037/1222/5101 639/712/5102 638/765/5103
f 916/714/5104 914/713/5105 820/638/5106
f 1037/1222/5107 914/713/5108 639/712/5109
f 915/639/5110 1037/1222/5111 917/767/5112
f 1178/1223/5113 1058/1224/5114 1057/1171/5115
f 843/1170/5116 941/1060/5117 916/714/5118
f 637/766/5119 636/806/5120 918/805/5121
f 915/639/5122 917/767/5123 821/1225/5124
f 1130/1213/5125 1127/1132/5126 903/807/5127
f 821/1225/5128 917/767/5129 918/805/5130
f 920/717/5131 919/1029/5132 752/665/5133
f 1026/1216/5134 919/1029/5135 748/1028/5136
f 707/676/5137 920/717/5138 752/665/5139
f 920/717/5140 827/719/5141 921/1152/5142
f 1039/1153/5143 921/1152/5144 827/719/5145
f 921/1152/5146 706/1226/5147 1133/1227/5148
f 827/719/5149 922/1035/5150 749/700/5151
f 751/1034/5152 823/686/5153 922/1035/5154
f 924/710/5155 923/681/5156 672/683/5157
f 925/1026/5158 923/681/5159 824/1140/5160
f 671/709/5161 924/710/5162 672/683/5163
f 924/710/5164 911/1030/5165 1041/1228/5166
f 925/1026/5167 824/1140/5168 1152/1229/5169
f 1044/1146/5170 823/686/5171 674/685/5172
f 825/677/5173 926/718/5174 707/676/5175
f 922/1035/5176 926/718/5177 751/1034/5178
f 1157/693/5179 927/682/5180 673/699/5181
f 928/1047/5182 927/682/5183 829/1155/5184
f 928/1047/5185 829/1155/5186 1153/979/5187
f 1160/648/5188 1159/1039/5189 839/1161/5190
f 1154/1038/5191 929/1042/5192 712/1036/5193
f 929/1042/5194 1154/1038/5195 1156/1230/5196
f 929/1042/5197 930/1156/5198 712/1036/5199
f 754/678/5200 835/863/5201 930/1156/5202
f 931/816/5203 615/972/5204 932/971/5205
f 931/816/5206 1048/818/5207 1049/872/5208
f 1079/1044/5209 932/971/5210 614/970/5211
f 931/816/5212 932/971/5213 838/817/5214
f 933/696/5215 670/649/5216 1160/648/5217
f 934/777/5218 933/696/5219 839/1161/5220
f 1050/1160/5221 839/1161/5222 1158/1041/5223
f 1212/1231/5224 1089/841/5225 1162/1232/5226
f 936/1165/5227 935/819/5228 601/867/5229
f 935/819/5230 841/870/5231 1167/1166/5232
f 938/859/5233 936/1165/5234 600/857/5235
f 1163/1233/5236 1051/814/5237 759/813/5238
f 1163/1233/5239 1052/1186/5240 1167/1166/5241
f 1169/830/5242 967/1091/5243 1081/1183/5244
f 1053/892/5245 599/858/5246 598/1234/5247
f 938/859/5248 842/885/5249 1165/1168/5250
f 597/881/5251 1054/1058/5252 598/1234/5253
f 940/886/5254 1171/1235/5255 842/885/5256
f 1053/892/5257 938/859/5258 599/858/5259
f 1171/1235/5260 940/886/5261 939/1057/5262
f 941/1060/5263 641/1062/5264 1038/715/5265
f 845/720/5266 941/1060/5267 843/1170/5268
f 943/1169/5269 942/1172/5270 843/1170/5271
f 761/727/5272 845/720/5273 942/1172/5274
f 1057/1171/5275 843/1170/5276 916/714/5277
f 943/1169/5278 1259/1236/5279 1257/1174/5280
f 847/1068/5281 714/1237/5282 944/1021/5283
f 944/1021/5284 714/1237/5285 948/1071/5286
f 948/1071/5287 848/1022/5288 944/1021/5289
f 948/1071/5290 1180/1238/5291 1181/1072/5292
f 946/1080/5293 952/1179/5294 951/1239/5295
f 769/1082/5296 945/1069/5297 947/1073/5298
f 948/1071/5299 947/1073/5300 945/1069/5301
f 951/1239/5302 950/850/5303 947/1073/5304
f 948/1071/5305 945/1069/5306 848/1022/5307
f 948/1071/5308 714/1237/5309 1180/1238/5310
f 951/1239/5311 952/1179/5312 1199/1240/5313
f 949/851/5314 1061/1241/5315 1060/1176/5316
f 951/1239/5317 947/1073/5318 946/1080/5319
f 949/851/5320 1060/1176/5321 953/852/5322
f 1277/1177/5323 946/1080/5324 1182/1079/5325
f 949/851/5326 950/850/5327 951/1239/5328
f 772/1242/5329 1195/1243/5330 1196/1178/5331
f 1061/1241/5332 1199/1240/5333 1198/1244/5334
f 1186/1245/5335 953/852/5336 717/995/5337
f 950/850/5338 953/852/5339 1385/1075/5340
f 1063/953/5341 664/890/5342 970/951/5343
f 956/785/5344 954/788/5345 849/844/5346
f 1064/1077/5347 663/952/5348 1082/1187/5349
f 1197/1246/5350 1188/1247/5351 851/1248/5352
f 1195/1243/5353 1065/1249/5354 1194/1175/5355
f 1035/1141/5356 1066/787/5357 913/784/5358
f 1063/953/5359 954/788/5360 664/890/5361
f 1197/1246/5362 957/843/5363 955/1078/5364
f 1069/908/5365 659/914/5366 658/964/5367
f 678/955/5368 1106/1118/5369 1108/956/5370
f 773/1120/5371 1184/1250/5372 1183/1251/5373
f 1183/1251/5374 1187/1252/5375 959/1253/5376
f 960/775/5377 299/949/5378 1072/762/5379
f 960/775/5380 852/776/5381 1226/1254/5382
f 1342/1067/5383 298/1180/5384 297/827/5385
f 1186/1245/5386 1382/1076/5387 953/852/5388
f 963/982/5389 962/1093/5390 781/658/5391
f 1076/1158/5392 962/1093/5393 775/1089/5394
f 720/660/5395 963/982/5396 781/658/5397
f 963/982/5398 861/984/5399 964/1191/5400
f 1073/1189/5401 964/1191/5402 861/984/5403
f 964/1191/5404 718/1190/5405 1074/1088/5406
f 775/1089/5407 1074/1088/5408 1078/1255/5409
f 965/1043/5410 1077/974/5411 1079/1044/5412
f 861/984/5413 966/874/5414 776/876/5415
f 780/1102/5416 854/854/5417 966/874/5418
f 854/854/5419 1081/1183/5420 1080/875/5421
f 1169/830/5422 604/1184/5423 1246/828/5424
f 968/939/5425 662/981/5426 1082/1187/5427
f 900/1130/5428 968/939/5429 856/846/5430
f 969/847/5431 1082/1187/5432 970/951/5433
f 1208/845/5434 969/847/5435 1209/1256/5436
f 1087/855/5437 954/788/5438 665/1100/5439
f 969/847/5440 970/951/5441 857/1257/5442
f 857/1257/5443 970/951/5444 971/848/5445
f 970/951/5446 664/890/5447 1087/855/5448
f 1088/840/5449 1035/1141/5450 667/1015/5451
f 971/848/5452 972/856/5453 858/849/5454
f 1089/841/5455 912/694/5456 668/778/5457
f 1212/1231/5458 1090/1258/5459 1213/1101/5460
f 859/661/5461 974/983/5462 720/660/5463
f 966/874/5464 974/983/5465 780/1102/5466
f 1092/1115/5467 792/883/5468 724/1104/5469
f 782/1005/5470 863/880/5471 975/1006/5472
f 1093/1103/5473 976/1004/5474 724/1104/5475
f 1305/1259/5476 1214/1059/5477 1249/1260/5478
f 736/912/5479 979/911/5480 803/942/5481
f 977/1002/5482 979/911/5483 978/960/5484
f 875/1127/5485 978/960/5486 873/957/5487
f 977/1002/5488 803/942/5489 979/911/5490
f 980/1112/5491 981/910/5492 982/1107/5493
f 978/960/5494 979/911/5495 1344/975/5496
f 1000/945/5497 694/937/5498 738/938/5499
f 804/958/5500 978/960/5501 1344/975/5502
f 981/910/5503 736/912/5504 982/1107/5505
f 1344/975/5506 981/910/5507 980/1112/5508
f 983/1108/5509 982/1107/5510 736/912/5511
f 788/1106/5512 680/1111/5513 982/1107/5514
f 736/912/5515 892/1113/5516 983/1108/5517
f 788/1106/5518 983/1108/5519 892/1113/5520
f 985/947/5521 984/615/5522 731/614/5523
f 1093/1103/5524 984/615/5525 877/948/5526
f 793/991/5527 985/947/5528 731/614/5529
f 794/1116/5530 877/948/5531 985/947/5532
f 1107/1261/5533 1109/1262/5534 1225/1263/5535
f 1103/1122/5536 1106/1118/5537 881/1119/5538
f 678/955/5539 682/797/5540 987/791/5541
f 987/791/5542 682/797/5543 693/731/5544
f 989/994/5545 988/751/5546 301/1203/5547
f 886/752/5548 988/751/5549 884/993/5550
f 960/775/5551 989/994/5552 300/950/5553
f 1226/1254/5554 774/1181/5555 1116/1084/5556
f 1416/745/5557 1120/1264/5558 885/746/5559
f 1121/1201/5560 992/1265/5561 798/1121/5562
f 679/743/5563 991/884/5564 692/800/5565
f 990/781/5566 992/1265/5567 991/884/5568
f 1120/1264/5569 1416/745/5570 990/781/5571
f 889/1123/5572 798/1121/5573 1122/1205/5574
f 888/997/5575 993/1207/5576 304/903/5577
f 1120/1264/5578 993/1207/5579 885/746/5580
f 994/1126/5581 14/944/5582 15/920/5583
f 892/1113/5584 803/942/5585 994/1126/5586
f 1010/1131/5587 1012/1128/5588 806/928/5589
f 995/927/5590 737/1129/5591 996/999/5592
f 1344/975/5593 1345/1266/5594 1348/1267/5595
f 996/999/5596 737/1129/5597 999/1210/5598
f 895/924/5599 995/927/5600 997/1099/5601
f 996/999/5602 997/1099/5603 995/927/5604
f 680/1111/5605 1357/1268/5606 980/1112/5607
f 684/868/5608 698/923/5609 1002/936/5610
f 999/1210/5611 737/1129/5612 1349/1269/5613
f 999/1210/5614 998/1270/5615 1359/1211/5616
f 1006/1271/5617 805/998/5618 1005/1000/5619
f 1345/1266/5620 1357/1268/5621 998/1270/5622
f 1006/1271/5623 1000/945/5624 896/1209/5625
f 1002/936/5626 1001/1272/5627 1003/968/5628
f 694/937/5629 1002/936/5630 698/923/5631
f 1001/1272/5632 1358/1273/5633 1003/968/5634
f 1124/1110/5635 1126/967/5636 788/1106/5637
f 684/868/5638 1002/936/5639 1003/968/5640
f 1004/935/5641 1000/945/5642 1006/1271/5643
f 1002/936/5644 1004/935/5645 1001/1272/5646
f 1005/1000/5647 996/999/5648 999/1210/5649
f 1005/1000/5650 1001/1272/5651 1004/935/5652
f 805/998/5653 1006/1271/5654 896/1209/5655
f 1004/935/5656 1006/1271/5657 1005/1000/5658
f 898/919/5659 1007/946/5660 656/770/5661
f 1000/945/5662 1007/946/5663 896/1209/5664
f 1011/1274/5665 778/835/5666 1355/1275/5667
f 900/1130/5668 1008/1003/5669 1010/1131/5670
f 1209/1256/5671 1286/834/5672 1083/836/5673
f 1351/1276/5674 1344/975/5675 1348/1267/5676
f 1008/1003/5677 1011/1274/5678 1010/1131/5679
f 1010/1131/5680 1011/1274/5681 1012/1128/5682
f 778/835/5683 1011/1274/5684 1008/1003/5685
f 1009/1277/5686 1352/1278/5687 1350/1279/5688
f 806/928/5689 1012/1128/5690 995/927/5691
f 1011/1274/5692 1009/1277/5693 1012/1128/5694
f 874/901/5695 1015/1193/5696 1014/1097/5697
f 1347/1194/5698 1353/1280/5699 1013/1198/5700
f 1015/1193/5701 874/901/5702 870/1095/5703
f 1018/1098/5704 1014/1097/5705 1013/1198/5706
f 1017/959/5707 870/1095/5708 873/957/5709
f 804/958/5710 1347/1194/5711 1017/959/5712
f 1218/1281/5713 1016/1282/5714 1354/1283/5715
f 719/1284/5716 1100/1285/5717 1215/1286/5718
f 804/958/5719 1351/1276/5720 1347/1194/5721
f 870/1095/5722 1017/959/5723 1015/1193/5724
f 1013/1198/5725 1353/1280/5726 1354/1283/5727
f 1018/1098/5728 1016/1282/5729 1216/1287/5730
f 968/939/5731 1019/749/5732 661/940/5733
f 899/913/5734 1019/749/5735 900/1130/5736
f 1228/1288/5737 808/1212/5738 1227/1289/5739
f 1020/716/5740 1130/1213/5741 1228/1288/5742
f 1021/1013/5743 741/621/5744 814/608/5745
f 1131/1215/5746 1021/1013/5747 704/1134/5748
f 1135/1290/5749 1231/1135/5750 1232/1291/5751
f 744/1025/5752 1232/1291/5753 1231/1135/5754
f 1023/636/5755 1227/1289/5756 1132/637/5757
f 810/630/5758 904/1012/5759 1023/636/5760
f 1024/691/5761 816/1218/5762 1235/689/5763
f 1025/611/5764 1024/691/5765 743/1133/5766
f 813/612/5767 1025/611/5768 743/1133/5769
f 626/613/5770 905/626/5771 1025/611/5772
f 1026/1216/5773 748/1028/5774 1027/1217/5775
f 907/634/5776 822/655/5777 1026/1216/5778
f 748/1028/5779 1040/1027/5780 1133/1227/5781
f 1133/1227/5782 1135/1290/5783 1027/1217/5784
f 1026/1216/5785 1028/635/5786 907/634/5787
f 1232/1291/5788 1028/635/5789 1027/1217/5790
f 1143/1292/5791 1142/1293/5792 745/1138/5793
f 1030/1016/5794 1029/641/5795 745/1138/5796
f 1136/1137/5797 1032/1221/5798 1030/1016/5799
f 910/642/5800 1030/1016/5801 818/1219/5802
f 1031/1294/5803 1136/1137/5804 1138/1018/5805
f 1370/1295/5806 1371/1296/5807 1375/1297/5808
f 1144/1031/5809 1032/1221/5810 1031/1294/5811
f 1032/1221/5812 1145/1033/5813 1237/1220/5814
f 912/694/5815 1033/695/5816 668/778/5817
f 909/698/5818 1033/695/5819 910/642/5820
f 909/698/5821 1034/647/5822 670/649/5823
f 924/710/5824 1034/647/5825 911/1030/5826
f 1035/1141/5827 666/1188/5828 1066/787/5829
f 912/694/5830 1035/1141/5831 913/784/5832
f 1360/1298/5833 1364/1299/5834 1361/1142/5835
f 1266/1011/5836 1368/1300/5837 1376/1301/5838
f 917/767/5839 1037/1222/5840 638/765/5841
f 914/713/5842 1037/1222/5843 915/639/5844
f 914/713/5845 1038/715/5846 640/711/5847
f 941/1060/5848 1038/715/5849 916/714/5850
f 827/719/5851 749/700/5852 1039/1153/5853
f 1322/701/5854 749/700/5855 1043/1147/5856
f 920/717/5857 921/1152/5858 1040/1027/5859
f 1040/1027/5860 921/1152/5861 1133/1227/5862
f 1237/1220/5863 1145/1033/5864 1041/1228/5865
f 1148/1302/5866 1041/1228/5867 750/1032/5868
f 1152/1229/5869 1150/1148/5870 1042/1303/5871
f 1295/1150/5872 1293/1151/5873 1042/1303/5874
f 1044/1146/5875 1043/1147/5876 823/686/5877
f 925/1026/5878 1152/1229/5879 1322/701/5880
f 673/699/5881 1044/1146/5882 674/685/5883
f 1043/1147/5884 1044/1146/5885 925/1026/5886
f 929/1042/5887 1156/1230/5888 1047/692/5889
f 1242/1304/5890 1329/1162/5891 1303/1040/5892
f 1201/1305/5893 757/973/5894 1078/1255/5895
f 1328/1306/5896 1046/1157/5897 1279/1045/5898
f 1047/692/5899 1240/1307/5900 1157/693/5901
f 831/684/5902 929/1042/5903 1047/692/5904
f 1048/818/5905 838/817/5906 1077/974/5907
f 1049/872/5908 1048/818/5909 837/1159/5910
f 1049/872/5911 837/1159/5912 1239/873/5913
f 616/809/5914 1049/872/5915 756/810/5916
f 1410/1308/5917 1339/1309/5918 1317/1310/5919
f 1162/1232/5920 1050/1160/5921 1339/1309/5922
f 1165/1168/5923 1051/814/5924 1164/869/5925
f 842/885/5926 1171/1235/5927 1172/1311/5928
f 1052/1186/5929 1163/1233/5930 1308/1185/5931
f 1168/829/5932 1052/1186/5933 1316/1054/5934
f 1054/1058/5935 1053/892/5936 598/1234/5937
f 940/886/5938 1053/892/5939 939/1057/5940
f 597/881/5941 863/880/5942 1054/1058/5943
f 782/1005/5944 1305/1259/5945 1170/1192/5946
f 1305/1259/5947 1248/1312/5948 1055/1105/5949
f 1171/1235/5950 1055/1105/5951 1248/1312/5952
f 942/1172/5953 1056/1143/5954 761/727/5955
f 1056/1143/5956 943/1169/5957 1257/1174/5958
f 820/638/5959 1178/1223/5960 916/714/5961
f 1147/1144/5962 1058/1224/5963 1178/1223/5964
f 1259/1236/5965 1179/1313/5966 1257/1174/5967
f 943/1169/5968 1057/1171/5969 1058/1224/5970
f 847/1068/5971 1256/1173/5972 714/1237/5973
f 1264/1314/5974 1258/894/5975 1265/1315/5976
f 952/1179/5977 1198/1244/5978 1199/1240/5979
f 1061/1241/5980 1184/1250/5981 1185/996/5982
f 1183/1251/5983 851/1248/5984 1187/1252/5985
f 1061/1241/5986 1183/1251/5987 1184/1250/5988
f 717/995/5989 1220/931/5990 1287/1316/5991
f 1343/862/5992 774/1181/5993 852/776/5994
f 1064/1077/5995 1063/953/5996 663/952/5997
f 957/843/5998 1063/953/5999 955/1078/6000
f 1064/1077/6001 662/981/6002 1071/860/6003
f 1188/1247/6004 1064/1077/6005 1187/1252/6006
f 1182/1079/6007 1275/1317/6008 1276/1318/6009
f 1192/1319/6010 1143/1292/6011 819/643/6012
f 954/788/6013 1066/787/6014 665/1100/6015
f 1066/787/6016 956/785/6017 913/784/6018
f 1068/907/6019 850/748/6020 660/750/6021
f 1221/929/6022 1220/931/6023 1222/1320/6024
f 1068/907/6025 660/750/6026 899/913/6027
f 1069/908/6028 1068/907/6029 659/914/6030
f 658/964/6031 797/915/6032 1069/908/6033
f 1117/1321/6034 1112/1322/6035 1115/1323/6036
f 1183/1251/6037 1070/861/6038 773/1120/6039
f 1071/860/6040 1070/861/6041 959/1253/6042
f 850/748/6043 1071/860/6044 661/940/6045
f 1071/860/6046 959/1253/6047 1187/1252/6048
f 1341/760/6049 1072/762/6050 298/1180/6051
f 960/775/6052 1072/762/6053 961/761/6054
f 861/984/6055 776/876/6056 1073/1189/6057
f 1073/1189/6058 776/876/6059 1281/1090/6060
f 1202/1324/6061 1201/1305/6062 1074/1088/6063
f 757/973/6064 1077/974/6065 1078/1255/6066
f 963/982/6067 964/1191/6068 1075/1087/6069
f 1074/1088/6070 1075/1087/6071 964/1191/6072
f 1078/1255/6073 1076/1158/6074 775/1089/6075
f 613/832/6076 1076/1158/6077 965/1043/6078
f 1079/1044/6079 1077/974/6080 838/817/6081
f 1078/1255/6082 1077/974/6083 965/1043/6084
f 1078/1255/6085 965/1043/6086 1076/1158/6087
f 1078/1255/6088 1074/1088/6089 1201/1305/6090
f 932/971/6091 1079/1044/6092 838/817/6093
f 613/832/6094 1079/1044/6095 614/970/6096
f 1081/1183/6097 854/854/6098 605/853/6099
f 1281/1090/6100 1080/875/6101 967/1091/6102
f 1168/829/6103 855/1325/6104 1245/1092/6105
f 1080/875/6106 1081/1183/6107 967/1091/6108
f 970/951/6109 1082/1187/6110 663/952/6111
f 968/939/6112 1082/1187/6113 969/847/6114
f 1209/1256/6115 1085/1164/6116 1086/1326/6117
f 1086/1326/6118 1286/834/6119 1209/1256/6120
f 858/849/6121 1213/1101/6122 1091/618/6123
f 1085/1164/6124 1084/617/6125 779/619/6126
f 1085/1164/6127 779/619/6128 1086/1326/6129
f 971/848/6130 1085/1164/6131 857/1257/6132
f 1282/1327/6133 1086/1326/6134 779/619/6135
f 719/1284/6136 1215/1286/6137 1217/1328/6138
f 972/856/6139 1087/855/6140 665/1100/6141
f 970/951/6142 1087/855/6143 971/848/6144
f 1089/841/6145 1088/840/6146 667/1015/6147
f 972/856/6148 1088/840/6149 973/842/6150
f 668/778/6151 934/777/6152 1089/841/6153
f 1089/841/6154 934/777/6155 1162/1232/6156
f 1175/1329/6157 1166/1330/6158 1173/888/6159
f 1091/618/6160 1084/617/6161 858/849/6162
f 1050/1160/6163 1158/1041/6164 1338/1331/6165
f 719/1284/6166 1332/1332/6167 1331/1333/6168
f 724/1104/6169 976/1004/6170 1092/1115/6171
f 975/1006/6172 1092/1115/6173 976/1004/6174
f 1096/1199/6175 1094/1334/6176 1095/1200/6177
f 1214/1059/6178 1098/1335/6179 1254/1336/6180
f 1216/1287/6181 1016/1282/6182 1215/1286/6183
f 1254/1336/6184 1255/1337/6185 1330/1338/6186
f 794/1116/6187 1096/1199/6188 877/948/6189
f 1099/1339/6190 1095/1200/6191 1094/1334/6192
f 1096/1199/6193 777/1096/6194 1216/1287/6195
f 877/948/6196 1096/1199/6197 1095/1200/6198
f 976/1004/6199 1093/1103/6200 1101/1340/6201
f 1250/1341/6202 1097/1342/6203 1253/1343/6204
f 1099/1339/6205 1093/1103/6206 1095/1200/6207
f 1099/1339/6208 1094/1334/6209 1100/1285/6210
f 1094/1334/6211 1215/1286/6212 1100/1285/6213
f 1099/1339/6214 1098/1335/6215 1101/1340/6216
f 1331/1333/6217 1285/1344/6218 1306/1345/6219
f 1099/1339/6220 1100/1285/6221 1255/1337/6222
f 1099/1339/6223 1101/1340/6224 1093/1103/6225
f 1214/1059/6226 1101/1340/6227 1098/1335/6228
f 803/942/6229 1102/1001/6230 13/943/6231
f 875/1127/6232 1102/1001/6233 977/1002/6234
f 1104/1202/6235 798/1121/6236 889/1123/6237
f 1106/1118/6238 1103/1122/6239 986/1346/6240
f 1109/1262/6241 1104/1202/6242 733/1125/6243
f 1103/1122/6244 1104/1202/6245 986/1346/6246
f 1107/1261/6247 1105/1347/6248 1108/956/6249
f 1110/992/6250 1117/1321/6251 797/915/6252
f 1107/1261/6253 1106/1118/6254 986/1346/6255
f 1106/1118/6256 1107/1261/6257 1108/956/6258
f 1109/1262/6259 986/1346/6260 1104/1202/6261
f 1107/1261/6262 986/1346/6263 1109/1262/6264
f 1110/992/6265 1108/956/6266 1105/1347/6267
f 879/954/6268 1108/956/6269 732/926/6270
f 733/1125/6271 1113/1348/6272 1109/1262/6273
f 1320/1349/6274 1288/1350/6275 1219/1083/6276
f 1112/1322/6277 1110/992/6278 1105/1347/6279
f 732/926/6280 1110/992/6281 797/915/6282
f 1113/1348/6283 733/1125/6284 1114/1086/6285
f 1319/1351/6286 1287/1316/6287 1288/1350/6288
f 1224/1352/6289 1223/930/6290 1112/1322/6291
f 1069/908/6292 1115/1323/6293 958/909/6294
f 1114/1086/6295 733/1125/6296 887/1124/6297
f 1113/1348/6298 1111/1085/6299 1320/1349/6300
f 989/994/6301 1114/1086/6302 884/993/6303
f 1113/1348/6304 1114/1086/6305 1111/1085/6306
f 1117/1321/6307 1069/908/6308 797/915/6309
f 1289/1353/6310 1115/1323/6311 1112/1322/6312
f 1114/1086/6313 989/994/6314 1116/1084/6315
f 1226/1254/6316 1116/1084/6317 989/994/6318
f 1112/1322/6319 1117/1321/6320 1110/992/6321
f 1069/908/6322 1117/1321/6323 1115/1323/6324
f 1119/780/6325 734/742/6326 735/763/6327
f 991/884/6328 1118/779/6329 990/781/6330
f 890/764/6331 1119/780/6332 735/763/6333
f 802/1206/6334 993/1207/6335 1120/1264/6336
f 990/781/6337 1119/780/6338 1120/1264/6339
f 802/1206/6340 1120/1264/6341 1119/780/6342
f 688/732/6343 1121/1201/6344 880/730/6345
f 991/884/6346 992/1265/6347 1121/1201/6348
f 798/1121/6349 992/1265/6350 1122/1205/6351
f 1122/1205/6352 992/1265/6353 1416/745/6354
f 680/1111/6355 1126/967/6356 1003/968/6357
f 1124/1110/6358 788/1106/6359 789/802/6360
f 787/772/6361 1124/1110/6362 789/802/6363
f 1124/1110/6364 1123/899/6365 1126/967/6366
f 1123/899/6367 1125/1109/6368 786/605/6369
f 787/772/6370 1125/1109/6371 1124/1110/6372
f 1126/967/6373 680/1111/6374 788/1106/6375
f 684/868/6376 1126/967/6377 1123/899/6378
f 1020/716/6379 1128/1024/6380 1127/1132/6381
f 918/805/6382 1129/1214/6383 821/1225/6384
f 1298/706/6385 1020/716/6386 1228/1288/6387
f 1128/1024/6388 747/1023/6389 1362/1354/6390
f 1362/1354/6391 1127/1132/6392 1128/1024/6393
f 1127/1132/6394 1362/1354/6395 1129/1214/6396
f 1228/1288/6397 1130/1213/6398 808/1212/6399
f 1127/1132/6400 1130/1213/6401 1020/716/6402
f 1131/1215/6403 704/1134/6404 1234/1007/6405
f 1131/1215/6406 1022/1009/6407 1290/1014/6408
f 1227/1289/6409 1023/636/6410 740/1355/6411
f 902/644/6412 1132/637/6413 808/1212/6414
f 1291/1356/6415 1230/1357/6416 1135/1290/6417
f 1133/1227/6418 1027/1217/6419 748/1028/6420
f 1295/1150/6421 1042/1303/6422 1150/1148/6423
f 1230/1357/6424 1323/1358/6425 1134/1359/6426
f 1291/1356/6427 1133/1227/6428 706/1226/6429
f 1135/1290/6430 1134/1359/6431 1231/1135/6432
f 1139/1360/6433 1138/1018/6434 1136/1137/6435
f 1031/1294/6436 1032/1221/6437 1136/1137/6438
f 1139/1360/6439 745/1138/6440 1142/1293/6441
f 1271/1361/6442 1141/1362/6443 1272/1363/6444
f 1139/1360/6445 1136/1137/6446 745/1138/6447
f 1140/1019/6448 1138/1018/6449 1137/1364/6450
f 1029/641/6451 819/643/6452 1143/1292/6453
f 1137/1364/6454 1138/1018/6455 1139/1360/6456
f 1137/1364/6457 1273/1365/6458 1270/1366/6459
f 1140/1019/6460 705/1367/6461 1371/1296/6462
f 1193/1368/6463 1065/1249/6464 1191/1369/6465
f 1271/1361/6466 1273/1365/6467 1142/1293/6468
f 1143/1292/6469 745/1138/6470 1029/641/6471
f 1142/1293/6472 1141/1362/6473 1271/1361/6474
f 1192/1319/6475 913/784/6476 1189/783/6477
f 1141/1362/6478 1142/1293/6479 1143/1292/6480
f 1380/1017/6481 1372/1370/6482 1031/1294/6483
f 1145/1033/6484 750/1032/6485 1041/1228/6486
f 1237/1220/6487 1041/1228/6488 911/1030/6489
f 1032/1221/6490 1144/1031/6491 1145/1033/6492
f 1361/1142/6493 915/639/6494 821/1225/6495
f 1147/1144/6496 1036/1145/6497 746/895/6498
f 1058/1224/6499 1147/1144/6500 746/895/6501
f 820/638/6502 1146/640/6503 1147/1144/6504
f 750/1032/6505 1381/1371/6506 1148/1302/6507
f 1151/1139/6508 1148/1302/6509 824/1140/6510
f 1377/1372/6511 1367/1373/6512 1369/1374/6513
f 1135/1290/6514 1230/1357/6515 1134/1359/6516
f 824/1140/6517 1148/1302/6518 1150/1148/6519
f 1149/1149/6520 1150/1148/6521 1148/1302/6522
f 924/710/6523 1041/1228/6524 1151/1139/6525
f 1148/1302/6526 1151/1139/6527 1041/1228/6528
f 1150/1148/6529 1152/1229/6530 824/1140/6531
f 1042/1303/6532 1294/702/6533 1322/701/6534
f 829/1155/6535 1240/1307/6536 1238/1154/6537
f 1303/1040/6538 1241/980/6539 1242/1304/6540
f 1155/1037/6541 712/1036/6542 1239/873/6543
f 1156/1230/6544 1154/1038/6545 1046/1157/6546
f 757/973/6547 1206/1375/6548 837/1159/6549
f 1203/1046/6550 757/973/6551 1201/1305/6552
f 1328/1306/6553 1302/1376/6554 1046/1157/6555
f 1047/692/6556 1156/1230/6557 753/1377/6558
f 1240/1307/6559 1047/692/6560 753/1377/6561
f 927/682/6562 1157/693/6563 829/1155/6564
f 1159/1039/6565 1158/1041/6566 839/1161/6567
f 1338/1331/6568 1158/1041/6569 758/1163/6570
f 933/696/6571 1160/648/6572 839/1161/6573
f 1153/979/6574 1413/1378/6575 1241/980/6576
f 1160/648/6577 1034/647/6578 671/709/6579
f 1161/978/6580 671/709/6581 928/1047/6582
f 1153/979/6583 1161/978/6584 928/1047/6585
f 1159/1039/6586 1160/648/6587 1161/978/6588
f 1162/1232/6589 840/1379/6590 1212/1231/6591
f 934/777/6592 1050/1160/6593 1162/1232/6594
f 1163/1233/6595 759/813/6596 1308/1185/6597
f 1164/869/6598 1163/1233/6599 841/870/6600
f 1165/1168/6601 1164/869/6602 936/1165/6603
f 1163/1233/6604 1164/869/6605 1051/814/6606
f 938/859/6607 1165/1168/6608 936/1165/6609
f 1244/1167/6610 842/885/6611 1172/1311/6612
f 1166/1330/6613 1244/1167/6614 1173/888/6615
f 1166/1330/6616 1386/1380/6617 1391/1381/6618
f 1163/1233/6619 1167/1166/6620 841/870/6621
f 1168/829/6622 1167/1166/6623 1052/1186/6624
f 1168/829/6625 1245/1092/6626 1169/830/6627
f 1167/1166/6628 1168/829/6629 937/820/6630
f 1081/1183/6631 604/1184/6632 1169/830/6633
f 1246/828/6634 604/1184/6635 603/1382/6636
f 782/1005/6637 1170/1192/6638 863/880/6639
f 1055/1105/6640 1054/1058/6641 1170/1192/6642
f 1171/1235/6643 760/889/6644 1172/1311/6645
f 939/1057/6646 1055/1105/6647 1171/1235/6648
f 1173/888/6649 1172/1311/6650 760/889/6651
f 1166/1330/6652 1243/815/6653 1244/1167/6654
f 1250/1341/6655 1176/887/6656 1177/1383/6657
f 1176/887/6658 1175/1329/6659 1173/888/6660
f 1210/1384/6661 1283/1385/6662 1285/1344/6663
f 1407/1386/6664 1403/1387/6665 1402/1388/6666
f 1403/1387/6667 1409/1389/6668 1401/1390/6669
f 1386/1380/6670 1175/1329/6671 1405/1391/6672
f 1177/1383/6673 1176/887/6674 760/889/6675
f 1175/1329/6676 1176/887/6677 1174/1392/6678
f 1248/1312/6679 1177/1383/6680 760/889/6681
f 1177/1383/6682 1097/1342/6683 1250/1341/6684
f 916/714/6685 1178/1223/6686 1057/1171/6687
f 1147/1144/6688 1178/1223/6689 820/638/6690
f 1258/894/6691 1058/1224/6692 746/895/6693
f 1256/1173/6694 1268/1393/6695 714/1237/6696
f 1180/1238/6697 714/1237/6698 1268/1393/6699
f 1181/1072/6700 1180/1238/6701 1059/1394/6702
f 1182/1079/6703 1181/1072/6704 1059/1394/6705
f 1181/1072/6706 946/1080/6707 947/1073/6708
f 1193/1368/6709 1141/1362/6710 1190/1395/6711
f 1182/1079/6712 772/1242/6713 1277/1177/6714
f 1183/1251/6715 959/1253/6716 1070/861/6717
f 1061/1241/6718 851/1248/6719 1183/1251/6720
f 1219/1083/6721 1287/1316/6722 1220/931/6723
f 1060/1176/6724 1185/996/6725 717/995/6726
f 1061/1241/6727 1185/996/6728 1060/1176/6729
f 1222/1320/6730 1184/1250/6731 773/1120/6732
f 1287/1316/6733 1186/1245/6734 717/995/6735
f 1382/1076/6736 1186/1245/6737 1062/1396/6738
f 1188/1247/6739 1187/1252/6740 851/1248/6741
f 1071/860/6742 1187/1252/6743 1064/1077/6744
f 851/1248/6745 1198/1244/6746 1197/1246/6747
f 955/1078/6748 1064/1077/6749 1188/1247/6750
f 1190/1395/6751 1189/783/6752 1065/1249/6753
f 1141/1362/6754 1192/1319/6755 1190/1395/6756
f 1065/1249/6757 772/1242/6758 1276/1318/6759
f 1192/1319/6760 1141/1362/6761 1143/1292/6762
f 1274/1397/6763 1275/1317/6764 1059/1394/6765
f 1179/1313/6766 1264/1314/6767 1267/1398/6768
f 913/784/6769 1192/1319/6770 819/643/6771
f 1189/783/6772 1190/1395/6773 1192/1319/6774
f 1065/1249/6775 1193/1368/6776 1190/1395/6777
f 1193/1368/6778 1191/1369/6779 1272/1363/6780
f 1195/1243/6781 1194/1175/6782 849/844/6783
f 1189/783/6784 1194/1175/6785 1065/1249/6786
f 849/844/6787 957/843/6788 1197/1246/6789
f 1065/1249/6790 1195/1243/6791 772/1242/6792
f 1195/1243/6793 849/844/6794 1197/1246/6795
f 1198/1244/6796 1196/1178/6797 1197/1246/6798
f 1188/1247/6799 1197/1246/6800 955/1078/6801
f 1197/1246/6802 1196/1178/6803 1195/1243/6804
f 1061/1241/6805 1198/1244/6806 851/1248/6807
f 952/1179/6808 1196/1178/6809 1198/1244/6810
f 1061/1241/6811 949/851/6812 1199/1240/6813
f 951/1239/6814 1199/1240/6815 949/851/6816
f 1201/1305/6817 1202/1324/6818 1200/822/6819
f 1205/824/6820 1328/1306/6821 1279/1045/6822
f 1202/1324/6823 1074/1088/6824 718/1190/6825
f 1201/1305/6826 1200/822/6827 1203/1046/6828
f 1313/1056/6829 1204/1055/6830 1207/1051/6831
f 718/1190/6832 1207/1051/6833 1202/1324/6834
f 1203/1046/6835 1200/822/6836 1205/824/6837
f 1206/1375/6838 1203/1046/6839 1279/1045/6840
f 1392/1399/6841 1308/1185/6842 759/813/6843
f 1335/1400/6844 1242/1304/6845 1045/1401/6846
f 1200/822/6847 1311/1053/6848 1309/823/6849
f 1302/1376/6850 1238/1154/6851 753/1377/6852
f 837/1159/6853 1206/1375/6854 1155/1037/6855
f 757/973/6856 1203/1046/6857 1206/1375/6858
f 1073/1189/6859 1314/1402/6860 718/1190/6861
f 1207/1051/6862 1204/1055/6863 1310/1052/6864
f 1209/1256/6865 969/847/6866 857/1257/6867
f 778/835/6868 1208/845/6869 1083/836/6870
f 1208/845/6871 1209/1256/6872 1083/836/6873
f 1085/1164/6874 1209/1256/6875 857/1257/6876
f 1091/618/6877 1283/1385/6878 779/619/6879
f 1210/1384/6880 1282/1327/6881 1283/1385/6882
f 1282/1327/6883 1332/1332/6884 1086/1326/6885
f 1218/1281/6886 1354/1283/6887 1356/1403/6888
f 1212/1231/6889 840/1379/6890 1410/1308/6891
f 973/842/6892 1089/841/6893 1212/1231/6894
f 1212/1231/6895 1213/1101/6896 973/842/6897
f 1091/618/6898 1213/1101/6899 1090/1258/6900
f 1214/1059/6901 976/1004/6902 1101/1340/6903
f 1249/1260/6904 1097/1342/6905 1177/1383/6906
f 1216/1287/6907 1215/1286/6908 1094/1334/6909
f 1217/1328/6910 1215/1286/6911 1016/1282/6912
f 1096/1199/6913 1216/1287/6914 1094/1334/6915
f 1216/1287/6916 777/1096/6917 1018/1098/6918
f 1016/1282/6919 1218/1281/6920 1217/1328/6921
f 1217/1328/6922 1218/1281/6923 1332/1332/6924
f 1354/1283/6925 1018/1098/6926 1013/1198/6927
f 1218/1281/6928 1211/1404/6929 1332/1332/6930
f 1225/1263/6931 1320/1349/6932 1224/1352/6933
f 1319/1351/6934 1288/1350/6935 1321/1182/6936
f 1222/1320/6937 1185/996/6938 1184/1250/6939
f 773/1120/6940 1067/1081/6941 1221/929/6942
f 1067/1081/6943 958/909/6944 1221/929/6945
f 1289/1353/6946 1221/929/6947 958/909/6948
f 1221/929/6949 1222/1320/6950 773/1120/6951
f 1185/996/6952 1222/1320/6953 1220/931/6954
f 1289/1353/6955 1223/930/6956 1221/929/6957
f 1224/1352/6958 1112/1322/6959 1105/1347/6960
f 1105/1347/6961 1107/1261/6962 1225/1263/6963
f 1219/1083/6964 1223/930/6965 1224/1352/6966
f 1113/1348/6967 1320/1349/6968 1109/1262/6969
f 1105/1347/6970 1225/1263/6971 1224/1352/6972
f 960/775/6973 1226/1254/6974 989/994/6975
f 774/1181/6976 1226/1254/6977 852/776/6978
f 1227/1289/6979 740/1355/6980 1228/1288/6981
f 808/1212/6982 1132/637/6983 1227/1289/6984
f 1290/1014/6985 1229/1405/6986 740/1355/6987
f 1228/1288/6988 740/1355/6989 1229/1405/6990
f 1022/1009/6991 1233/1008/6992 1327/1406/6993
f 1379/1407/6994 1300/1408/6995 1323/1358/6996
f 1292/1409/6997 1230/1357/6998 1291/1356/6999
f 750/1032/7000 1144/1031/7001 1372/1370/7002
f 1134/1359/7003 1233/1008/7004 1231/1135/7005
f 1234/1007/7006 1236/1136/7007 1233/1008/7008
f 1028/635/7009 1232/1291/7010 744/1025/7011
f 1135/1290/7012 1232/1291/7013 1027/1217/7014
f 1300/1408/7015 1327/1406/7016 1134/1359/7017
f 1131/1215/7018 1234/1007/7019 1022/1009/7020
f 704/1134/7021 1235/689/7022 1234/1007/7023
f 908/625/7024 1236/1136/7025 816/1218/7026
f 815/690/7027 1235/689/7028 704/1134/7029
f 1236/1136/7030 1235/689/7031 816/1218/7032
f 1233/1008/7033 1236/1136/7034 1231/1135/7035
f 1236/1136/7036 1234/1007/7037 1235/689/7038
f 909/698/7039 1237/1220/7040 911/1030/7041
f 1032/1221/7042 1237/1220/7043 818/1219/7044
f 753/1377/7045 1156/1230/7046 1302/1376/7047
f 1412/1410/7048 1413/1378/7049 1238/1154/7050
f 836/871/7051 1239/873/7052 712/1036/7053
f 837/1159/7054 1155/1037/7055 1239/873/7056
f 1238/1154/7057 1240/1307/7058 753/1377/7059
f 829/1155/7060 1157/693/7061 1240/1307/7062
f 1241/980/7063 1045/1401/7064 1242/1304/7065
f 1161/978/7066 1241/980/7067 1159/1039/7068
f 1334/1411/7069 1411/1412/7070 1333/1413/7071
f 1415/1414/7072 1242/1304/7073 1335/1400/7074
f 1244/1167/7075 1243/815/7076 1051/814/7077
f 1389/1415/7078 1388/1416/7079 1391/1381/7080
f 1165/1168/7081 1244/1167/7082 1051/814/7083
f 1244/1167/7084 1172/1311/7085 1173/888/7086
f 1245/1092/7087 855/1325/7088 1315/1417/7089
f 967/1091/7090 1169/830/7091 1245/1092/7092
f 602/821/7093 1246/828/7094 603/1382/7095
f 1168/829/7096 1246/828/7097 937/820/7098
f 1284/1418/7099 1410/1308/7100 1336/1419/7101
f 1176/887/7102 1250/1341/7103 1174/1392/7104
f 1171/1235/7105 1248/1312/7106 760/889/7107
f 1170/1192/7108 1305/1259/7109 1055/1105/7110
f 1097/1342/7111 1249/1260/7112 1214/1059/7113
f 1177/1383/7114 1248/1312/7115 1249/1260/7116
f 1254/1336/7117 1253/1343/7118 1097/1342/7119
f 1407/1386/7120 1336/1419/7121 1403/1387/7122
f 1100/1285/7123 719/1284/7124 1306/1345/7125
f 1251/1420/7126 1307/1050/7127 1252/1421/7128
f 1174/1392/7129 1250/1341/7130 1252/1421/7131
f 1252/1421/7132 1250/1341/7133 1253/1343/7134
f 1097/1342/7135 1214/1059/7136 1254/1336/7137
f 1252/1421/7138 1253/1343/7139 1251/1420/7140
f 1255/1337/7141 1254/1336/7142 1098/1335/7143
f 1251/1420/7144 1253/1343/7145 1254/1336/7146
f 1099/1339/7147 1255/1337/7148 1098/1335/7149
f 1100/1285/7150 1306/1345/7151 1330/1338/7152
f 847/1068/7153 1056/1143/7154 1257/1174/7155
f 1268/1393/7156 1179/1313/7157 1267/1398/7158
f 1259/1236/7159 943/1169/7160 1058/1224/7161
f 1179/1313/7162 1256/1173/7163 1257/1174/7164
f 746/895/7165 1263/1422/7166 1266/1011/7167
f 1264/1314/7168 1179/1313/7169 1258/894/7170
f 1058/1224/7171 1258/894/7172 1259/1236/7173
f 1179/1313/7174 1259/1236/7175 1258/894/7176
f 1140/1019/7177 1137/1364/7178 1270/1366/7179
f 1271/1361/7180 1272/1363/7181 1400/1423/7182
f 746/895/7183 1036/1145/7184 1364/1299/7185
f 1265/1315/7186 1261/893/7187 1260/1010/7188
f 1260/1010/7189 1269/1424/7190 1265/1315/7191
f 1274/1397/7192 1059/1394/7193 1267/1398/7194
f 1263/1422/7195 746/895/7196 1364/1299/7197
f 1364/1299/7198 1363/1425/7199 1263/1422/7200
f 1265/1315/7201 1258/894/7202 1261/893/7203
f 1267/1398/7204 1264/1314/7205 1262/1426/7206
f 705/1367/7207 1140/1019/7208 1270/1366/7209
f 1264/1314/7210 1265/1315/7211 1262/1426/7212
f 746/895/7213 1266/1011/7214 1261/893/7215
f 1368/1300/7216 1266/1011/7217 1263/1422/7218
f 1400/1423/7219 1274/1397/7220 1262/1426/7221
f 1180/1238/7222 1268/1393/7223 1059/1394/7224
f 1179/1313/7225 1268/1393/7226 1256/1173/7227
f 1268/1393/7228 1267/1398/7229 1059/1394/7230
f 1273/1365/7231 1139/1360/7232 1142/1293/7233
f 1265/1315/7234 1269/1424/7235 1400/1423/7236
f 1269/1424/7237 1260/1010/7238 1270/1366/7239
f 1376/1301/7240 1270/1366/7241 1260/1010/7242
f 1193/1368/7243 1272/1363/7244 1141/1362/7245
f 1273/1365/7246 1271/1361/7247 1269/1424/7248
f 1274/1397/7249 1272/1363/7250 1191/1369/7251
f 1400/1423/7252 1262/1426/7253 1265/1315/7254
f 1270/1366/7255 1273/1365/7256 1269/1424/7257
f 1139/1360/7258 1273/1365/7259 1137/1364/7260
f 1274/1397/7261 1191/1369/7262 1275/1317/7263
f 1262/1426/7264 1274/1397/7265 1267/1398/7266
f 1276/1318/7267 1275/1317/7268 1191/1369/7269
f 1059/1394/7270 1275/1317/7271 1182/1079/7272
f 1065/1249/7273 1276/1318/7274 1191/1369/7275
f 1182/1079/7276 1276/1318/7277 772/1242/7278
f 1196/1178/7279 1277/1177/7280 772/1242/7281
f 946/1080/7282 1277/1177/7283 952/1179/7284
f 1243/815/7285 1388/1416/7286 759/813/7287
f 1313/1056/7288 1315/1417/7289 1316/1054/7290
f 1046/1157/7291 1155/1037/7292 1279/1045/7293
f 1279/1045/7294 1155/1037/7295 1206/1375/7296
f 1393/1427/7297 1395/1428/7298 1392/1399/7299
f 1411/1412/7300 1045/1401/7301 1413/1378/7302
f 1281/1090/7303 1314/1402/7304 1073/1189/7305
f 1281/1090/7306 776/876/7307 1080/875/7308
f 1283/1385/7309 1282/1327/7310 779/619/7311
f 1332/1332/7312 1282/1327/7313 1210/1384/7314
f 1284/1418/7315 1283/1385/7316 1091/618/7317
f 1330/1338/7318 1306/1345/7319 1251/1420/7320
f 1091/618/7321 1090/1258/7322 1284/1418/7323
f 1090/1258/7324 1212/1231/7325 1410/1308/7326
f 1284/1418/7327 1318/1048/7328 1283/1385/7329
f 1252/1421/7330 1307/1050/7331 1247/1049/7332
f 1332/1332/7333 1286/834/7334 1086/1326/7335
f 1286/834/7336 1211/1404/7337 1356/1403/7338
f 1287/1316/7339 1219/1083/7340 1288/1350/7341
f 1186/1245/7342 1287/1316/7343 1062/1396/7344
f 1219/1083/7345 1224/1352/7346 1320/1349/7347
f 1321/1182/7348 1288/1350/7349 1320/1349/7350
f 1115/1323/7351 1289/1353/7352 958/909/7353
f 1223/930/7354 1289/1353/7355 1112/1322/7356
f 1290/1014/7357 740/1355/7358 1023/636/7359
f 1022/1009/7360 1229/1405/7361 1290/1014/7362
f 1133/1227/7363 1291/1356/7364 1135/1290/7365
f 1292/1409/7366 1291/1356/7367 706/1226/7368
f 1292/1409/7369 706/1226/7370 1293/1151/7371
f 1325/1429/7372 1149/1149/7373 1324/1430/7374
f 921/1152/7375 1293/1151/7376 706/1226/7377
f 1294/702/7378 1039/1153/7379 749/700/7380
f 1042/1303/7381 1293/1151/7382 1294/702/7383
f 1039/1153/7384 1294/702/7385 1293/1151/7386
f 1149/1149/7387 1292/1409/7388 1295/1150/7389
f 1293/1151/7390 1295/1150/7391 1292/1409/7392
f 1230/1357/7393 1325/1429/7394 1323/1358/7395
f 1367/1373/7396 1374/1431/7397 1366/1432/7398
f 1020/716/7399 1297/708/7400 1128/1024/7401
f 1297/708/7402 1367/1373/7403 1366/1432/7404
f 1228/1288/7405 1229/1405/7406 1298/706/7407
f 1299/707/7408 1296/1433/7409 1369/1374/7410
f 1229/1405/7411 1326/1434/7412 1298/706/7413
f 1327/1406/7414 1326/1434/7415 1022/1009/7416
f 1296/1433/7417 1299/707/7418 1300/1408/7419
f 1300/1408/7420 1299/707/7421 1326/1434/7422
f 1328/1306/7423 1309/823/7424 1333/1413/7425
f 1334/1411/7426 1333/1413/7427 1280/1435/7428
f 1046/1157/7429 1302/1376/7430 1156/1230/7431
f 1302/1376/7432 1301/1436/7433 1412/1410/7434
f 1158/1041/7435 1303/1040/7436 758/1163/7437
f 1241/980/7438 1303/1040/7439 1159/1039/7440
f 1404/1437/7441 1405/1391/7442 1175/1329/7443
f 1336/1419/7444 1247/1049/7445 1284/1418/7446
f 1214/1059/7447 1305/1259/7448 782/1005/7449
f 1248/1312/7450 1305/1259/7451 1249/1260/7452
f 1331/1333/7453 1306/1345/7454 719/1284/7455
f 1285/1344/7456 1251/1420/7457 1306/1345/7458
f 1251/1420/7459 1285/1344/7460 1307/1050/7461
f 1318/1048/7462 1307/1050/7463 1285/1344/7464
f 1392/1399/7465 759/813/7466 1388/1416/7467
f 1316/1054/7468 1308/1185/7469 1278/1438/7470
f 1200/822/7471 1202/1324/7472 1311/1053/7473
f 1333/1413/7474 1309/823/7475 1280/1435/7476
f 1395/1428/7477 1393/1427/7478 1399/1439/7479
f 1309/823/7480 1310/1052/7481 1280/1435/7482
f 1207/1051/7483 1311/1053/7484 1202/1324/7485
f 1309/823/7486 1311/1053/7487 1310/1052/7488
f 1310/1052/7489 1399/1439/7490 1397/1440/7491
f 1394/1441/7492 1415/1414/7493 1390/1442/7494
f 1314/1402/7495 1207/1051/7496 718/1190/7497
f 1315/1417/7498 1313/1056/7499 1281/1090/7500
f 1281/1090/7501 1313/1056/7502 1314/1402/7503
f 1207/1051/7504 1314/1402/7505 1313/1056/7506
f 1245/1092/7507 1315/1417/7508 1281/1090/7509
f 1316/1054/7510 1315/1417/7511 855/1325/7512
f 1316/1054/7513 855/1325/7514 1168/829/7515
f 1316/1054/7516 1278/1438/7517 1395/1428/7518
f 1050/1160/7519 1338/1331/7520 1339/1309/7521
f 1403/1387/7522 1408/1443/7523 1409/1389/7524
f 1247/1049/7525 1318/1048/7526 1284/1418/7527
f 1285/1344/7528 1283/1385/7529 1318/1048/7530
f 1343/862/7531 1319/1351/7532 774/1181/7533
f 1287/1316/7534 1319/1351/7535 1062/1396/7536
f 1320/1349/7537 1225/1263/7538 1109/1262/7539
f 1321/1182/7540 1320/1349/7541 1111/1085/7542
f 1116/1084/7543 1321/1182/7544 1111/1085/7545
f 1319/1351/7546 1321/1182/7547 774/1181/7548
f 925/1026/7549 1322/701/7550 1043/1147/7551
f 1042/1303/7552 1322/701/7553 1152/1229/7554
f 1292/1409/7555 1325/1429/7556 1230/1357/7557
f 1300/1408/7558 1134/1359/7559 1323/1358/7560
f 1381/1371/7561 1372/1370/7562 1373/1444/7563
f 1324/1430/7564 1378/1445/7565 1379/1407/7566
f 1149/1149/7567 1325/1429/7568 1292/1409/7569
f 1323/1358/7570 1325/1429/7571 1324/1430/7572
f 1298/706/7573 1326/1434/7574 1299/707/7575
f 1326/1434/7576 1229/1405/7577 1022/1009/7578
f 1134/1359/7579 1327/1406/7580 1233/1008/7581
f 1300/1408/7582 1326/1434/7583 1327/1406/7584
f 1309/823/7585 1328/1306/7586 1205/824/7587
f 1302/1376/7588 1328/1306/7589 1301/1436/7590
f 1329/1162/7591 1242/1304/7592 1415/1414/7593
f 1337/1446/7594 1329/1162/7595 1304/1447/7596
f 1254/1336/7597 1330/1338/7598 1251/1420/7599
f 1100/1285/7600 1330/1338/7601 1255/1337/7602
f 1217/1328/7603 1332/1332/7604 719/1284/7605
f 1285/1344/7606 1331/1333/7607 1210/1384/7608
f 1332/1332/7609 1211/1404/7610 1286/834/7611
f 1210/1384/7612 1331/1333/7613 1332/1332/7614
f 1280/1435/7615 1398/1448/7616 1334/1411/7617
f 1328/1306/7618 1333/1413/7619 1301/1436/7620
f 1312/1449/7621 1335/1400/7622 1334/1411/7623
f 1334/1411/7624 1335/1400/7625 1411/1412/7626
f 1335/1400/7627 1312/1449/7628 1415/1414/7629
f 1411/1412/7630 1335/1400/7631 1045/1401/7632
f 1410/1308/7633 1284/1418/7634 1090/1258/7635
f 1403/1387/7636 1336/1419/7637 1317/1310/7638
f 1337/1446/7639 1338/1331/7640 1329/1162/7641
f 713/1450/7642 1405/1391/7643 1406/1451/7644
f 1329/1162/7645 1338/1331/7646 758/1163/7647
f 1339/1309/7648 1338/1331/7649 1337/1446/7650
f 1339/1309/7651 1337/1446/7652 1408/1443/7653
f 1339/1309/7654 840/1379/7655 1162/1232/7656
f 681/610/7657 1340/866/7658 690/754/7659
f 790/969/7660 1340/866/7661 729/1114/7662
f 1341/760/7663 1342/1067/7664 771/1066/7665
f 1414/1074/7666 1382/1076/7667 1384/1063/7668
f 771/1066/7669 1342/1067/7670 765/826/7671
f 298/1180/7672 1342/1067/7673 1341/760/7674
f 1383/1064/7675 1343/862/7676 961/761/7677
f 1319/1351/7678 1343/862/7679 1062/1396/7680
f 980/1112/7681 1345/1266/7682 1344/975/7683
f 1346/1452/7684 1348/1267/7685 1349/1269/7686
f 1357/1268/7687 1345/1266/7688 980/1112/7689
f 998/1270/7690 999/1210/7691 1349/1269/7692
f 1012/1128/7693 1350/1279/7694 737/1129/7695
f 1353/1280/7696 1347/1194/7697 1352/1278/7698
f 1352/1278/7699 1347/1194/7700 1346/1452/7701
f 1013/1198/7702 1015/1193/7703 1347/1194/7704
f 998/1270/7705 1349/1269/7706 1345/1266/7707
f 1348/1267/7708 1346/1452/7709 1351/1276/7710
f 1349/1269/7711 737/1129/7712 1350/1279/7713
f 1345/1266/7714 1349/1269/7715 1348/1267/7716
f 1009/1277/7717 1350/1279/7718 1012/1128/7719
f 1349/1269/7720 1350/1279/7721 1346/1452/7722
f 1351/1276/7723 804/958/7724 1344/975/7725
f 1346/1452/7726 1347/1194/7727 1351/1276/7728
f 1350/1279/7729 1352/1278/7730 1346/1452/7731
f 1352/1278/7732 1009/1277/7733 1353/1280/7734
f 1355/1275/7735 1009/1277/7736 1011/1274/7737
f 1354/1283/7738 1355/1275/7739 1356/1403/7740
f 1018/1098/7741 1354/1283/7742 1016/1282/7743
f 1355/1275/7744 1354/1283/7745 1353/1280/7746
f 1355/1275/7747 1353/1280/7748 1009/1277/7749
f 1356/1403/7750 1355/1275/7751 778/835/7752
f 1286/834/7753 1356/1403/7754 778/835/7755
f 1356/1403/7756 1211/1404/7757 1218/1281/7758
f 1358/1273/7759 680/1111/7760 1003/968/7761
f 1001/1272/7762 1359/1211/7763 1358/1273/7764
f 1359/1211/7765 1001/1272/7766 1005/1000/7767
f 680/1111/7768 1358/1273/7769 1357/1268/7770
f 998/1270/7771 1357/1268/7772 1359/1211/7773
f 1358/1273/7774 1359/1211/7775 1357/1268/7776
f 1362/1354/7777 821/1225/7778 1129/1214/7779
f 1362/1354/7780 1365/1453/7781 1360/1298/7782
f 1146/640/7783 1361/1142/7784 1036/1145/7785
f 821/1225/7786 1360/1298/7787 1361/1142/7788
f 1365/1453/7789 1362/1354/7790 747/1023/7791
f 821/1225/7792 1362/1354/7793 1360/1298/7794
f 1363/1425/7795 1365/1453/7796 1366/1432/7797
f 1366/1432/7798 1374/1431/7799 1363/1425/7800
f 1361/1142/7801 1364/1299/7802 1036/1145/7803
f 1364/1299/7804 1360/1298/7805 1365/1453/7806
f 1366/1432/7807 1365/1453/7808 747/1023/7809
f 1364/1299/7810 1365/1453/7811 1363/1425/7812
f 747/1023/7813 1297/708/7814 1366/1432/7815
f 1297/708/7816 1369/1374/7817 1367/1373/7818
f 1370/1295/7819 1377/1372/7820 1378/1445/7821
f 1374/1431/7822 1368/1300/7823 1363/1425/7824
f 705/1367/7825 1270/1366/7826 1376/1301/7827
f 1263/1422/7828 1363/1425/7829 1368/1300/7830
f 1299/707/7831 1369/1374/7832 1297/708/7833
f 1377/1372/7834 1369/1374/7835 1296/1433/7836
f 1373/1444/7837 1372/1370/7838 1370/1295/7839
f 1380/1017/7840 1371/1296/7841 1372/1370/7842
f 705/1367/7843 1374/1431/7844 1375/1297/7845
f 1370/1295/7846 1372/1370/7847 1371/1296/7848
f 1372/1370/7849 1144/1031/7850 1031/1294/7851
f 1370/1295/7852 1378/1445/7853 1373/1444/7854
f 1324/1430/7855 1149/1149/7856 1373/1444/7857
f 1381/1371/7858 1373/1444/7859 1149/1149/7860
f 1375/1297/7861 1374/1431/7862 1367/1373/7863
f 705/1367/7864 1368/1300/7865 1374/1431/7866
f 1375/1297/7867 1367/1373/7868 1377/1372/7869
f 705/1367/7870 1375/1297/7871 1371/1296/7872
f 1266/1011/7873 1376/1301/7874 1260/1010/7875
f 705/1367/7876 1376/1301/7877 1368/1300/7878
f 1378/1445/7879 1377/1372/7880 1296/1433/7881
f 1375/1297/7882 1377/1372/7883 1370/1295/7884
f 1296/1433/7885 1300/1408/7886 1379/1407/7887
f 1378/1445/7888 1324/1430/7889 1373/1444/7890
f 1324/1430/7891 1379/1407/7892 1323/1358/7893
f 1296/1433/7894 1379/1407/7895 1378/1445/7896
f 1138/1018/7897 1380/1017/7898 1031/1294/7899
f 1140/1019/7900 1371/1296/7901 1380/1017/7902
f 1148/1302/7903 1381/1371/7904 1149/1149/7905
f 1372/1370/7906 1381/1371/7907 750/1032/7908
f 1062/1396/7909 1343/862/7910 1383/1064/7911
f 770/1070/7912 945/1069/7913 1414/1074/7914
f 1384/1063/7915 961/761/7916 1341/760/7917
f 1062/1396/7918 1383/1064/7919 1382/1076/7920
f 1414/1074/7921 1341/760/7922 770/1070/7923
f 1382/1076/7924 1383/1064/7925 1384/1063/7926
f 950/850/7927 1385/1075/7928 769/1082/7929
f 953/852/7930 1382/1076/7931 1385/1075/7932
f 713/1450/7933 1389/1415/7934 1386/1380/7935
f 1166/1330/7936 1175/1329/7937 1386/1380/7938
f 1387/1454/7939 1389/1415/7940 1390/1442/7941
f 1393/1427/7942 1387/1454/7943 1396/1455/7944
f 1391/1381/7945 1243/815/7946 1166/1330/7947
f 1392/1399/7948 1388/1416/7949 1387/1454/7950
f 1390/1442/7951 1389/1415/7952 713/1450/7953
f 1388/1416/7954 1389/1415/7955 1387/1454/7956
f 1394/1441/7957 1390/1442/7958 713/1450/7959
f 1390/1442/7960 1398/1448/7961 1396/1455/7962
f 1389/1415/7963 1391/1381/7964 1386/1380/7965
f 1243/815/7966 1391/1381/7967 1388/1416/7968
f 1392/1399/7969 1387/1454/7970 1393/1427/7971
f 1308/1185/7972 1392/1399/7973 1278/1438/7974
f 1387/1454/7975 1390/1442/7976 1396/1455/7977
f 1310/1052/7978 1204/1055/7979 1399/1439/7980
f 1406/1451/7981 1394/1441/7982 713/1450/7983
f 1329/1162/7984 1415/1414/7985 1304/1447/7986
f 1316/1054/7987 1395/1428/7988 1204/1055/7989
f 1392/1399/7990 1395/1428/7991 1278/1438/7992
f 1312/1449/7993 1398/1448/7994 1390/1442/7995
f 1312/1449/7996 1334/1411/7997 1398/1448/7998
f 1310/1052/7999 1397/1440/8000 1280/1435/8001
f 1393/1427/8002 1396/1455/8003 1397/1440/8004
f 1280/1435/8005 1397/1440/8006 1398/1448/8007
f 1396/1455/8008 1398/1448/8009 1397/1440/8010
f 1395/1428/8011 1399/1439/8012 1204/1055/8013
f 1397/1440/8014 1399/1439/8015 1393/1427/8016
f 1271/1361/8017 1400/1423/8018 1269/1424/8019
f 1274/1397/8020 1400/1423/8021 1272/1363/8022
f 1402/1388/8023 1404/1437/8024 1174/1392/8025
f 1402/1388/8026 1174/1392/8027 1252/1421/8028
f 1407/1386/8029 1252/1421/8030 1247/1049/8031
f 1404/1437/8032 1402/1388/8033 1401/1390/8034
f 1408/1443/8035 1403/1387/8036 1317/1310/8037
f 1401/1390/8038 1402/1388/8039 1403/1387/8040
f 1405/1391/8041 1404/1437/8042 1401/1390/8043
f 1174/1392/8044 1404/1437/8045 1175/1329/8046
f 1406/1451/8047 1405/1391/8048 1401/1390/8049
f 1405/1391/8050 713/1450/8051 1386/1380/8052
f 1409/1389/8053 1406/1451/8054 1401/1390/8055
f 1406/1451/8056 1304/1447/8057 1394/1441/8058
f 1252/1421/8059 1407/1386/8060 1402/1388/8061
f 1336/1419/8062 1407/1386/8063 1247/1049/8064
f 1339/1309/8065 1408/1443/8066 1317/1310/8067
f 1409/1389/8068 1408/1443/8069 1337/1446/8070
f 1337/1446/8071 1304/1447/8072 1409/1389/8073
f 1406/1451/8074 1409/1389/8075 1304/1447/8076
f 1339/1309/8077 1410/1308/8078 840/1379/8079
f 1336/1419/8080 1410/1308/8081 1317/1310/8082
f 1241/980/8083 1413/1378/8084 1045/1401/8085
f 1333/1413/8086 1411/1412/8087 1301/1436/8088
f 1302/1376/8089 1412/1410/8090 1238/1154/8091
f 1301/1436/8092 1411/1412/8093 1412/1410/8094
f 1238/1154/8095 1413/1378/8096 1153/979/8097
f 1411/1412/8098 1413/1378/8099 1412/1410/8100
f 1414/1074/8101 769/1082/8102 1385/1075/8103
f 1341/760/8104 1414/1074/8105 1384/1063/8106
f 1390/1442/8107 1415/1414/8108 1312/1449/8109
f 1415/1414/8110 1394/1441/8111 1304/1447/8112
f 1416/745/8113 799/747/8114 1417/1204/8115
f 990/781/8116 1416/745/8117 992/1265/8118
f 887/1124/8119 1417/1204/8120 799/747/8121
f 1122/1205/8122 1417/1204/8123 889/1123/8124
f 1529/1456/8125 1623/1457/8126 1532/1458/8127
f 608/1459/8128 609/1460/8129 1475/1461/8130
f 1507/1462/8131 1585/1463/8132 1475/1461/8133
f 28/1464/8134 1487/1465/8135 1528/1466/8136
f 1588/1467/8137 1507/1462/8138 1586/1468/8139
f 2184/1469/8140 1681/1470/8141 1517/1471/8142
f 1774/1472/8143 1587/1473/8144 1425/1474/8145
f 1516/1475/8146 1600/1476/8147 1598/1477/8148
f 1905/1478/8149 1906/1479/8150 1682/1480/8151
f 1583/1481/8152 1507/1462/8153 1506/1482/8154
f 1597/1483/8155 1517/1471/8156 1681/1470/8157
f 1668/1484/8158 1665/1485/8159 1591/1486/8160
f 2177/1487/8161 1473/1488/8162 1421/1489/8163
f 1583/1481/8164 606/1490/8165 607/1491/8166
f 1584/1492/8167 605/1493/8168 606/1490/8169
f 27/1494/8170 1531/1495/8171 1530/1496/8172
f 1491/1497/8173 1490/1498/8174 19/1499/8175
f 1584/1492/8176 1772/1500/8177 1900/1501/8178
f 19/1499/8179 20/1502/8180 1491/1497/8181
f 1670/1503/8182 1669/1504/8183 601/1505/8184
f 604/1506/8185 1662/1507/8186 603/1508/8187
f 1490/1498/8188 1491/1497/8189 1492/1509/8190
f 1584/1492/8191 1900/1501/8192 605/1493/8193
f 1711/1510/8194 1535/1511/8195 1708/1512/8196
f 1427/1513/8197 1666/1514/8198 1426/1515/8199
f 1628/1516/8200 20/1502/8201 21/1517/8202
f 1597/1483/8203 1428/1518/8204 1429/1519/8205
f 1466/1520/8206 2010/1521/8207 1914/1522/8208
f 1668/1484/8209 1777/1523/8210 1509/1524/8211
f 1482/1525/8212 1517/1471/8213 1601/1526/8214
f 1481/1527/8215 1482/1525/8216 1480/1528/8217
f 1705/1529/8218 1626/1530/8219 1533/1531/8220
f 1432/1532/8221 1480/1528/8222 1431/1533/8223
f 1483/1534/8224 1470/1535/8225 1480/1528/8226
f 1949/1536/8227 1948/1537/8228 1944/1538/8229
f 1431/1533/8230 1480/1528/8231 1482/1525/8232
f 1601/1526/8233 1429/1519/8234 1430/1539/8235
f 1479/1540/8236 1482/1525/8237 1481/1527/8238
f 1479/1540/8239 1481/1527/8240 1599/1541/8241
f 1519/1542/8242 1603/1543/8243 1520/1544/8244
f 1672/1545/8245 1674/1546/8246 1782/1547/8247
f 1685/1548/8248 1467/1549/8249 1598/1477/8250
f 1603/1543/8251 1468/1550/8252 1600/1476/8253
f 1598/1477/8254 1468/1550/8255 1685/1548/8256
f 1476/1551/8257 1589/1552/8258 1590/1553/8259
f 1687/1554/8260 1467/1549/8261 1685/1548/8262
f 1595/1555/8263 1784/1556/8264 1676/1557/8265
f 1692/1558/8266 1462/1559/8267 1675/1560/8268
f 1683/1561/8269 1465/1562/8270 1782/1547/8271
f 1676/1557/8272 1788/1563/8273 1677/1564/8274
f 1466/1520/8275 1467/1549/8276 1687/1554/8277
f 1675/1560/8278 1463/1565/8279 1692/1558/8280
f 1605/1566/8281 1483/1534/8282 1520/1544/8283
f 1583/1481/8284 1584/1492/8285 606/1490/8286
f 1904/1567/8287 1901/1568/8288 1903/1569/8289
f 601/1505/8290 1669/1504/8291 600/1570/8292
f 1630/1571/8293 1723/1572/8294 1970/1573/8295
f 599/1574/8296 1679/1575/8297 598/1576/8298
f 598/1576/8299 1790/1577/8300 597/1578/8301
f 592/1579/8302 593/1580/8303 1492/1509/8304
f 1847/1581/8305 1545/1582/8306 1844/1583/8307
f 1622/1584/8308 1529/1456/8309 1621/1585/8310
f 1813/1586/8311 1806/1587/8312 1934/1588/8313
f 594/1589/8314 1487/1465/8315 7/1590/8316
f 594/1589/8317 595/1591/8318 1621/1585/8319
f 1734/1592/8320 1850/1593/8321 1638/1594/8322
f 1623/1457/8323 1622/1584/8324 1702/1595/8325
f 1809/1596/8326 635/1597/8327 1807/1598/8328
f 1724/1599/8329 1832/1600/8330 1630/1571/8331
f 1487/1465/8332 28/1464/8333 7/1590/8334
f 2177/1487/8335 1422/1601/8336 1724/1599/8337
f 1437/1602/8338 1689/1603/8339 1436/1604/8340
f 26/1605/8341 1950/1606/8342 1704/1607/8343
f 1577/1608/8344 1578/1609/8345 1501/1610/8346
f 1481/1527/8347 1480/1528/8348 1470/1535/8349
f 1444/1611/8350 1445/1612/8351 1580/1613/8352
f 1491/1497/8353 1488/1614/8354 1492/1509/8355
f 1517/1471/8356 1482/1525/8357 1479/1540/8358
f 1721/1615/8359 21/1517/8360 22/1616/8361
f 1782/1547/8362 1466/1520/8363 1683/1561/8364
f 1953/1617/8365 1951/1618/8366 1625/1619/8367
f 19/1499/8368 1490/1498/8369 18/1620/8370
f 600/1570/8371 1779/1621/8372 599/1574/8373
f 1842/1622/8374 630/1623/8375 631/1624/8376
f 1667/1625/8377 1777/1523/8378 1591/1486/8379
f 23/1626/8380 24/1627/8381 1728/1628/8382
f 1539/1629/8383 1628/1516/8384 1629/1630/8385
f 1423/1631/8386 1424/1632/8387 1586/1468/8388
f 2053/1633/8389 1998/1634/8390 1634/1635/8391
f 1853/1636/8392 1854/1637/8393 1737/1638/8394
f 1824/1639/8395 1823/1640/8396 24/1627/8397
f 1490/1498/8398 593/1580/8399 18/1620/8400
f 1548/1641/8401 1857/1642/8402 1854/1637/8403
f 1595/1555/8404 1962/1643/8405 1966/1644/8406
f 1719/1645/8407 1828/1646/8408 1717/1647/8409
f 1447/1648/8410 1653/1649/8411 1576/1650/8412
f 316/1651/8413 1554/1652/8414 1551/1653/8415
f 1723/1572/8416 1630/1571/8417 591/1654/8418
f 1645/1655/8419 1747/1656/8420 1877/1657/8421
f 589/1658/8422 590/1659/8423 1832/1600/8424
f 1492/1509/8425 593/1580/8426 1490/1498/8427
f 1496/1660/8428 316/1651/8429 1551/1653/8430
f 1480/1528/8431 1432/1532/8432 1483/1534/8433
f 1421/1489/8434 1473/1488/8435 1420/1661/8436
f 2094/1662/8437 2003/1663/8438 2004/1664/8439
f 1723/1572/8440 592/1579/8441 1492/1509/8442
f 1672/1545/8443 1791/1665/8444 1464/1666/8445
f 591/1654/8446 1630/1571/8447 590/1659/8448
f 1503/1667/8449 1473/1488/8450 1502/1668/8451
f 1430/1539/8452 1431/1533/8453 1482/1525/8454
f 1532/1458/8455 1527/1669/8456 1528/1466/8457
f 1802/1670/8458 1611/1671/8459 1690/1672/8460
f 2099/1673/8461 1786/1674/8462 2069/1675/8463
f 629/1676/8464 630/1623/8465 1495/1677/8466
f 1803/1678/8467 1692/1558/8468 1693/1679/8469
f 20/1502/8470 1628/1516/8471 1540/1680/8472
f 1435/1681/8473 1799/1682/8474 1607/1683/8475
f 1677/1564/8476 1738/1684/8477 1460/1685/8478
f 2008/1686/8479 2060/1687/8480 2007/1688/8481
f 1691/1689/8482 1688/1690/8483 1611/1671/8484
f 1603/1543/8485 1604/1691/8486 1685/1548/8487
f 2119/1692/8488 2004/1664/8489 2090/1693/8490
f 1729/1694/8491 1840/1695/8492 1730/1696/8493
f 2056/1697/8494 1772/1500/8495 1664/1698/8496
f 603/1508/8497 1662/1507/8498 1663/1699/8499
f 1694/1700/8500 1696/1701/8501 1807/1598/8502
f 2119/1692/8503 2094/1662/8504 2004/1664/8505
f 639/1702/8506 1697/1703/8507 638/1704/8508
f 1858/1705/8509 1738/1684/8510 1737/1638/8511
f 1636/1706/8512 1844/1583/8513 1843/1707/8514
f 1627/1708/8515 1717/1647/8516 1720/1709/8517
f 1736/1710/8518 1458/1711/8519 1828/1646/8520
f 1439/1712/8521 1635/1713/8522 1438/1714/8523
f 1455/1715/8524 1454/1716/8525 1727/1717/8526
f 1441/1718/8527 629/1676/8528 1495/1677/8529
f 1665/1485/8530 1425/1474/8531 1426/1515/8532
f 1845/1719/8533 1729/1694/8534 1730/1696/8535
f 1552/1720/8536 1642/1721/8537 1555/1722/8538
f 1586/1468/8539 1507/1462/8540 1475/1461/8541
f 1495/1677/8542 1730/1696/8543 1841/1723/8544
f 1588/1467/8545 1589/1552/8546 1770/1724/8547
f 1556/1725/8548 1551/1653/8549 1550/1726/8550
f 1597/1483/8551 1667/1625/8552 1428/1518/8553
f 1520/1544/8554 1606/1727/8555 1608/1728/8556
f 1544/1729/8557 1635/1713/8558 1839/1730/8559
f 1506/1482/8560 1664/1698/8561 1584/1492/8562
f 607/1491/8563 608/1459/8564 1585/1463/8565
f 633/1731/8566 1636/1706/8567 632/1732/8568
f 1694/1700/8569 636/1733/8570 637/1734/8571
f 1590/1553/8572 2219/1735/8573 2059/1736/8574
f 1815/1737/8575 1699/1738/8576 1698/1739/8577
f 1504/1740/8578 1502/1668/8579 1653/1649/8580
f 1504/1740/8581 1446/1741/8582 1418/1742/8583
f 2107/1743/8584 2112/1744/8585 2103/1745/8586
f 1944/1538/8587 1947/1746/8588 1943/1747/8589
f 1609/1748/8590 1798/1749/8591 2018/1750/8592
f 1617/1751/8593 1619/1752/8594 1559/1753/8595
f 1473/1488/8596 1503/1667/8597 1420/1661/8598
f 644/1754/8599 1559/1753/8600 643/1755/8601
f 1504/1740/8602 1419/1756/8603 1503/1667/8604
f 1654/1757/8605 1473/1488/8606 1471/1758/8607
f 1810/1759/8608 1811/1760/8609 1698/1739/8610
f 1558/1761/8611 1496/1660/8612 1551/1653/8613
f 1578/1609/8614 1448/1762/8615 1575/1763/8616
f 295/1764/8617 316/1651/8618 1496/1660/8619
f 1970/1573/8620 1831/1765/8621 2029/1766/8622
f 1651/1767/8623 1743/1768/8624 1450/1769/8625
f 295/1764/8626 1496/1660/8627 644/1754/8628
f 1474/1770/8629 1580/1613/8630 1768/1771/8631
f 1853/1636/8632 1737/1638/8633 1640/1772/8634
f 1504/1740/8635 1503/1667/8636 1502/1668/8637
f 1810/1759/8638 1698/1739/8639 1615/1773/8640
f 1586/1468/8641 1475/1461/8642 1423/1631/8643
f 1992/1774/8644 1888/1775/8645 1573/1776/8646
f 1725/1777/8647 1747/1656/8648 1453/1778/8649
f 1876/1779/8650 1455/1715/8651 1851/1780/8652
f 1747/1656/8653 1645/1655/8654 1746/1781/8655
f 1763/1782/8656 1651/1767/8657 1762/1783/8658
f 1652/1784/8659 1875/1785/8660 1449/1786/8661
f 1869/1787/8662 2114/1788/8663 2145/1789/8664
f 1575/1763/8665 1449/1786/8666 1578/1609/8667
f 2175/1790/8668 1444/1611/8669 1474/1770/8670
f 1743/1768/8671 1451/1791/8672 1744/1792/8673
f 1575/1763/8674 1574/1793/8675 1652/1784/8676
f 1746/1781/8677 1452/1794/8678 1726/1795/8679
f 1450/1769/8680 1652/1784/8681 1651/1767/8682
f 1504/1740/8683 1653/1649/8684 1446/1741/8685
f 1577/1608/8686 1447/1648/8687 1576/1650/8688
f 1418/1742/8689 1419/1756/8690 1504/1740/8691
f 1446/1741/8692 1581/1796/8693 1418/1742/8694
f 1579/1797/8695 1446/1741/8696 1447/1648/8697
f 1419/1756/8698 1420/1661/8699 1503/1667/8700
f 1481/1527/8701 1605/1566/8702 1469/1798/8703
f 1580/1613/8704 1581/1796/8705 1579/1797/8706
f 1600/1476/8707 1469/1798/8708 1603/1543/8709
f 1745/1799/8710 1450/1769/8711 1743/1768/8712
f 1579/1797/8713 1447/1648/8714 1577/1608/8715
f 1433/1800/8716 1434/1801/8717 1606/1727/8718
f 1444/1611/8719 2175/1790/8720 1443/1802/8721
f 1673/1803/8722 1910/1804/8723 1593/1805/8724
f 1851/1780/8725 1733/1806/8726 1735/1807/8727
f 1576/1650/8728 1575/1763/8729 1448/1762/8730
f 609/1460/8731 1423/1631/8732 1475/1461/8733
f 1650/1808/8734 310/1809/8735 309/1810/8736
f 1648/1811/8737 1748/1812/8738 1750/1813/8739
f 1889/1814/8740 1756/1815/8741 1993/1816/8742
f 1488/1614/8743 1491/1497/8744 1540/1680/8745
f 1733/1806/8746 1456/1817/8747 1720/1709/8748
f 602/1818/8749 1663/1699/8750 1670/1503/8751
f 1655/1819/8752 1576/1650/8753 1654/1757/8754
f 1514/1820/8755 1903/1569/8756 1901/1568/8757
f 1863/1821/8758 1546/1822/8759 1740/1823/8760
f 2048/1824/8761 1660/1825/8762 1874/1826/8763
f 1748/1812/8764 1755/1827/8765 1750/1813/8766
f 1933/1828/8767 1613/1829/8768 1694/1700/8769
f 647/1830/8770 1647/1831/8771 646/1832/8772
f 1648/1811/8773 1572/1833/8774 1647/1831/8775
f 1754/1834/8776 1648/1811/8777 1750/1813/8778
f 1743/1768/8779 1651/1767/8780 1451/1791/8781
f 1442/1835/8782 1748/1812/8783 649/1836/8784
f 1649/1837/8785 645/1838/8786 646/1832/8787
f 1599/1541/8788 1481/1527/8789 1469/1798/8790
f 1939/1839/8791 1486/1840/8792 1624/1841/8793
f 645/1838/8794 1499/1842/8795 306/1843/8796
f 1432/1532/8797 1433/1800/8798 1483/1534/8799
f 307/1844/8800 306/1843/8801 1499/1842/8802
f 1995/1845/8803 1499/1842/8804 645/1838/8805
f 1649/1837/8806 646/1832/8807 1647/1831/8808
f 1717/1647/8809 1849/1846/8810 1457/1847/8811
f 1741/1848/8812 313/1849/8813 312/1850/8814
f 2144/1851/8815 1861/1852/8816 1569/1853/8817
f 1928/1854/8818 2013/1855/8819 1919/1856/8820
f 1995/1845/8821 645/1838/8822 1649/1837/8823
f 1727/1717/8824 1454/1716/8825 1725/1777/8826
f 1676/1557/8827 1784/1556/8828 1785/1857/8829
f 1549/1858/8830 1557/1859/8831 1561/1860/8832
f 1484/1861/8833 1921/1862/8834 1920/1863/8835
f 1928/1854/8836 1919/1856/8837 1523/1864/8838
f 1605/1566/8839 1481/1527/8840 1470/1535/8841
f 1519/1542/8842 1686/1865/8843 1604/1691/8844
f 1606/1727/8845 1483/1534/8846 1433/1800/8847
f 1606/1727/8848 1520/1544/8849 1483/1534/8850
f 1688/1690/8851 1435/1681/8852 1436/1604/8853
f 1608/1728/8854 1609/1748/8855 1794/1866/8856
f 1635/1713/8857 1690/1672/8858 1438/1714/8859
f 1922/1867/8860 1796/1868/8861 1686/1865/8862
f 1791/1665/8863 1672/1545/8864 1465/1562/8865
f 1857/1642/8866 2198/1869/8867 1855/1870/8868
f 2104/1871/8869 1792/1872/8870 1918/1873/8871
f 2185/1874/8872 1545/1582/8873 1927/1875/8874
f 1699/1738/8875 640/1876/8876 641/1877/8877
f 2198/1869/8878 2241/1878/8879 2196/1879/8880
f 596/1880/8881 597/1578/8882 1701/1881/8883
f 27/1494/8884 28/1464/8885 1531/1495/8886
f 1533/1531/8887 1527/1669/8888 1532/1458/8889
f 25/1882/8890 26/1605/8891 1704/1607/8892
f 1528/1466/8893 1487/1465/8894 1534/1883/8895
f 1528/1466/8896 1527/1669/8897 1530/1496/8898
f 1487/1465/8899 1621/1585/8900 1534/1883/8901
f 1622/1584/8902 595/1591/8903 596/1880/8904
f 1530/1496/8905 1527/1669/8906 1537/1884/8907
f 27/1494/8908 1530/1496/8909 1821/1885/8910
f 28/1464/8911 1528/1466/8912 1531/1495/8913
f 1530/1496/8914 1531/1495/8915 1528/1466/8916
f 1534/1883/8917 1532/1458/8918 1528/1466/8919
f 1529/1456/8920 1622/1584/8921 1623/1457/8922
f 1624/1841/8923 1533/1531/8924 1526/1886/8925
f 1706/1887/8926 1536/1888/8927 1626/1530/8928
f 1621/1585/8929 1487/1465/8930 594/1589/8931
f 1532/1458/8932 1534/1883/8933 1529/1456/8934
f 1626/1530/8935 1536/1888/8936 1537/1884/8937
f 2181/1889/8938 1712/1890/8939 1714/1891/8940
f 1626/1530/8941 1527/1669/8942 1533/1531/8943
f 2024/1892/8944 1951/1618/8945 1820/1893/8946
f 1626/1530/8947 1537/1884/8948 1527/1669/8949
f 1820/1893/8950 1537/1884/8951 1536/1888/8952
f 1718/1894/8953 1456/1817/8954 1826/1895/8955
f 1538/1896/8956 2187/1897/8957 2167/1898/8958
f 2052/1899/8959 1721/1615/8960 22/1616/8961
f 1890/1900/8962 1539/1629/8963 1629/1630/8964
f 20/1502/8965 1540/1680/8966 1491/1497/8967
f 1971/1901/8968 1540/1680/8969 1539/1629/8970
f 1971/1901/8971 1539/1629/8972 1890/1900/8973
f 1422/1601/8974 589/1658/8975 1832/1600/8976
f 1726/1795/8977 1631/1902/8978 1725/1777/8979
f 1710/1903/8980 1713/1904/8981 1711/1510/8982
f 2224/1905/8983 2087/1906/8984 2089/1907/8985
f 2036/1908/8986 1471/1758/8987 2037/1909/8988
f 1635/1713/8989 1840/1695/8990 1839/1730/8991
f 1691/1689/8992 1802/1670/8993 1522/1910/8994
f 1732/1911/8995 1937/1912/8996 2226/1913/8997
f 1923/1914/8998 1924/1915/8999 1925/1916/9000
f 1863/1821/9001 1859/1917/9002 1739/1918/9003
f 1646/1919/9004 2041/1920/9005 1879/1921/9006
f 1567/1922/9007 2218/1923/9008 1566/1924/9009
f 1879/1921/9010 1880/1925/9011 1646/1919/9012
f 1738/1684/9013 1677/1564/9014 1461/1926/9015
f 1548/1641/9016 1853/1636/9017 1930/1927/9018
f 1556/1725/9019 1558/1761/9020 1551/1653/9021
f 2196/1879/9022 2197/1928/9023 2205/1929/9024
f 1552/1720/9025 1550/1726/9026 1551/1653/9027
f 2202/1930/9028 2216/1931/9029 1494/1932/9030
f 1554/1652/9031 316/1651/9032 315/1933/9033
f 1553/1934/9034 1556/1725/9035 1557/1859/9036
f 314/1935/9037 1859/1917/9038 1642/1721/9039
f 315/1933/9040 1642/1721/9041 1552/1720/9042
f 1615/1773/9043 2211/1936/9044 2201/1937/9045
f 644/1754/9046 1558/1761/9047 1559/1753/9048
f 315/1933/9049 1552/1720/9050 1554/1652/9051
f 1551/1653/9052 1554/1652/9053 1552/1720/9054
f 1565/1938/9055 1566/1924/9056 1563/1939/9057
f 1550/1726/9058 1552/1720/9059 1555/1722/9060
f 1557/1859/9061 1556/1725/9062 1550/1726/9063
f 1556/1725/9064 1553/1934/9065 1558/1761/9066
f 1550/1726/9067 1555/1722/9068 1562/1940/9069
f 1557/1859/9070 1549/1858/9071 1618/1941/9072
f 1558/1761/9073 1553/1934/9074 1559/1753/9075
f 644/1754/9076 1496/1660/9077 1558/1761/9078
f 1617/1751/9079 1559/1753/9080 1553/1934/9081
f 643/1755/9082 1559/1753/9083 1619/1752/9084
f 1555/1722/9085 1740/1823/9086 1563/1939/9087
f 1562/1940/9088 1555/1722/9089 1563/1939/9090
f 1557/1859/9091 1550/1726/9092 1562/1940/9093
f 1494/1932/9094 2216/1931/9095 2218/1923/9096
f 1560/1942/9097 1561/1860/9098 1562/1940/9099
f 1562/1940/9100 1561/1860/9101 1557/1859/9102
f 1563/1939/9103 1546/1822/9104 1565/1938/9105
f 1562/1940/9106 1563/1939/9107 1566/1924/9108
f 2151/1943/9109 2152/1944/9110 2160/1945/9111
f 2044/1946/9112 1494/1932/9113 2045/1947/9114
f 1546/1822/9115 2160/1945/9116 2152/1944/9117
f 1566/1924/9118 1565/1938/9119 1564/1948/9120
f 1567/1922/9121 1566/1924/9122 1564/1948/9123
f 1566/1924/9124 1560/1942/9125 1562/1940/9126
f 2156/1949/9127 2045/1947/9128 1567/1922/9129
f 2216/1931/9130 2217/1950/9131 2218/1923/9132
f 2154/1951/9133 2153/1952/9134 1976/1953/9135
f 1850/1593/9136 1975/1954/9137 2043/1955/9138
f 1741/1848/9139 1742/1956/9140 1643/1957/9141
f 1980/1958/9142 310/1809/9143 1650/1808/9144
f 1865/1959/9145 1643/1957/9146 1742/1956/9147
f 1767/1960/9148 1501/1610/9149 1578/1609/9150
f 2141/1961/9151 2050/1962/9152 2080/1963/9153
f 1872/1964/9154 2182/1965/9155 2183/1966/9156
f 647/1830/9157 1648/1811/9158 1647/1831/9159
f 1649/1837/9160 1647/1831/9161 1887/1967/9162
f 1498/1968/9163 1884/1969/9164 1885/1970/9165
f 1865/1959/9166 1569/1853/9167 1643/1957/9168
f 1758/1971/9169 1659/1972/9170 1760/1973/9171
f 1726/1795/9172 1834/1974/9173 1631/1902/9174
f 1576/1650/9175 1448/1762/9176 1577/1608/9177
f 1575/1763/9178 1500/1975/9179 1758/1971/9180
f 1576/1650/9181 1653/1649/9182 1654/1757/9183
f 1500/1975/9184 1575/1763/9185 1576/1650/9186
f 1578/1609/9187 1577/1608/9188 1448/1762/9189
f 1579/1797/9190 1577/1608/9191 1501/1610/9192
f 1875/1785/9193 1450/1769/9194 1745/1799/9195
f 1660/1825/9196 1883/1976/9197 1766/1977/9198
f 1661/1978/9199 1579/1797/9200 1501/1610/9201
f 1474/1770/9202 1444/1611/9203 1580/1613/9204
f 1581/1796/9205 1580/1613/9206 1445/1612/9207
f 1579/1797/9208 1661/1978/9209 1768/1771/9210
f 1418/1742/9211 1581/1796/9212 1445/1612/9213
f 1579/1797/9214 1581/1796/9215 1446/1741/9216
f 1663/1699/9217 1895/1979/9218 1670/1503/9219
f 603/1508/9220 1663/1699/9221 602/1818/9222
f 1583/1481/9223 607/1491/9224 1585/1463/9225
f 1584/1492/9226 1583/1481/9227 1506/1482/9228
f 1664/1698/9229 1506/1482/9230 1770/1724/9231
f 1900/1501/9232 604/1506/9233 605/1493/9234
f 1475/1461/9235 1585/1463/9236 608/1459/9237
f 1583/1481/9238 1585/1463/9239 1507/1462/9240
f 1424/1632/9241 1587/1473/9242 1586/1468/9243
f 1586/1468/9244 1587/1473/9245 1588/1467/9246
f 1425/1474/9247 1587/1473/9248 1424/1632/9249
f 1588/1467/9250 1587/1473/9251 1508/1980/9252
f 1589/1552/9253 1588/1467/9254 1508/1980/9255
f 1506/1482/9256 1507/1462/9257 1588/1467/9258
f 1589/1552/9259 1508/1980/9260 1773/1981/9261
f 1589/1552/9262 1476/1551/9263 1770/1724/9264
f 1774/1472/9265 1665/1485/9266 1773/1981/9267
f 2219/1735/9268 2005/1982/9269 2097/1983/9270
f 1427/1513/9271 1428/1518/9272 1667/1625/9273
f 1591/1486/9274 1777/1523/9275 1668/1484/9276
f 1778/1984/9277 1909/1985/9278 1908/1986/9279
f 1596/1987/9280 1671/1988/9281 1908/1986/9282
f 1910/1804/9283 1594/1989/9284 1780/1990/9285
f 2007/1688/9286 1783/1991/9287 2010/1521/9288
f 1911/1992/9289 1910/1804/9290 1780/1990/9291
f 1673/1803/9292 1593/1805/9293 1672/1545/9294
f 1460/1685/9295 1789/1993/9296 1677/1564/9297
f 1677/1564/9298 1678/1994/9299 1595/1555/9300
f 1669/1504/9301 1671/1988/9302 1779/1621/9303
f 1526/1886/9304 1816/1995/9305 1624/1841/9306
f 1597/1483/9307 1429/1519/9308 1601/1526/9309
f 1591/1486/9310 1666/1514/9311 1667/1625/9312
f 2010/1521/9313 1783/1991/9314 1914/1522/9315
f 1682/1480/9316 1598/1477/9317 1515/1996/9318
f 1600/1476/9319 1599/1541/9320 1469/1798/9321
f 1479/1540/9322 1599/1541/9323 1516/1475/9324
f 1598/1477/9325 1600/1476/9326 1468/1550/9327
f 1599/1541/9328 1600/1476/9329 1516/1475/9330
f 1482/1525/9331 1601/1526/9332 1430/1539/9333
f 1597/1483/9334 1601/1526/9335 1517/1471/9336
f 2011/1997/9337 1916/1998/9338 1915/1999/9339
f 1684/2000/9340 1791/1665/9341 1683/1561/9342
f 1603/1543/9343 1469/1798/9344 1605/1566/9345
f 1604/1691/9346 1603/1543/9347 1519/1542/9348
f 1686/1865/9349 1519/1542/9350 1794/1866/9351
f 1796/1868/9352 1797/2001/9353 1687/1554/9354
f 1483/1534/9355 1605/1566/9356 1470/1535/9357
f 1603/1543/9358 1605/1566/9359 1520/1544/9360
f 1434/1801/9361 1607/1683/9362 1606/1727/9363
f 1606/1727/9364 1607/1683/9365 1608/1728/9366
f 1435/1681/9367 1607/1683/9368 1434/1801/9369
f 1608/1728/9370 1607/1683/9371 1521/2002/9372
f 1609/1748/9373 1608/1728/9374 1521/2002/9375
f 1519/1542/9376 1520/1544/9377 1608/1728/9378
f 1609/1748/9379 1521/2002/9380 1798/1749/9381
f 1609/1748/9382 1484/1861/9383 1794/1866/9384
f 1799/1682/9385 1688/1690/9386 1798/1749/9387
f 1921/1862/9388 1795/2003/9389 1920/1863/9390
f 1437/1602/9391 1438/1714/9392 1690/1672/9393
f 1611/1671/9394 1802/1670/9395 1691/1689/9396
f 1464/1666/9397 1791/1665/9398 1793/2004/9399
f 2190/2005/9400 2021/2006/9401 1929/2007/9402
f 1805/2008/9403 637/1734/9404 638/1704/9405
f 1696/1701/9406 1694/1700/9407 1935/2009/9408
f 1811/1760/9409 1525/2010/9410 1814/2011/9411
f 1933/1828/9412 1694/1700/9413 1695/2012/9414
f 642/2013/9415 1619/1752/9416 1700/2014/9417
f 2215/2015/9418 2210/2016/9419 2201/1937/9420
f 1617/1751/9421 1618/1941/9422 1616/2017/9423
f 1700/2014/9424 2214/2018/9425 1699/1738/9426
f 1618/1941/9427 1617/1751/9428 1553/1934/9429
f 1619/1752/9430 1617/1751/9431 1616/2017/9432
f 1557/1859/9433 1618/1941/9434 1553/1934/9435
f 1618/1941/9436 1549/1858/9437 2212/2019/9438
f 1619/1752/9439 1616/2017/9440 1700/2014/9441
f 1619/1752/9442 642/2013/9443 643/1755/9444
f 1790/1577/9445 1679/1575/9446 1680/2020/9447
f 1703/2021/9448 1620/2022/9449 1817/2023/9450
f 1622/1584/9451 1621/1585/9452 595/1591/9453
f 1534/1883/9454 1621/1585/9455 1529/1456/9456
f 1701/1881/9457 1622/1584/9458 596/1880/9459
f 1702/1595/9460 1622/1584/9461 1620/2022/9462
f 1526/1886/9463 1533/1531/9464 1623/1457/9465
f 1532/1458/9466 1623/1457/9467 1533/1531/9468
f 1702/1595/9469 1703/2021/9470 1816/1995/9471
f 1816/1995/9472 1703/2021/9473 1940/2024/9474
f 2025/2025/9475 1711/1510/9476 1713/1904/9477
f 1715/2026/9478 2054/2027/9479 2026/2028/9480
f 1705/1529/9481 1533/1531/9482 1624/1841/9483
f 1706/1887/9484 1535/1511/9485 2024/1892/9486
f 1457/1847/9487 1720/1709/9488 1717/1647/9489
f 1719/1645/9490 1969/2029/9491 1957/2030/9492
f 1628/1516/9493 21/1517/9494 1721/1615/9495
f 1540/1680/9496 1628/1516/9497 1539/1629/9498
f 1829/2031/9499 22/1616/9500 23/1626/9501
f 1659/1972/9502 1761/2032/9503 1760/1973/9504
f 591/1654/9505 592/1579/9506 1723/1572/9507
f 1630/1571/9508 1541/2033/9509 1724/1599/9510
f 1726/1795/9511 1453/1778/9512 1746/1781/9513
f 1836/2034/9514 1727/1717/9515 1631/1902/9516
f 1658/2035/9517 1500/1975/9518 1655/1819/9519
f 1632/2036/9520 2223/2037/9521 1835/2038/9522
f 1837/2039/9523 2180/2040/9524 1838/2041/9525
f 1633/2042/9526 1956/2043/9527 1955/2044/9528
f 1953/1617/9529 1824/1639/9530 1704/1607/9531
f 1891/2045/9532 2001/2046/9533 2033/2047/9534
f 1840/1695/9535 1439/1712/9536 1440/2048/9537
f 1611/1671/9538 1689/1603/9539 1690/1672/9540
f 1848/2049/9541 633/1731/9542 634/2050/9543
f 1847/1581/9544 1844/1583/9545 1636/1706/9546
f 1807/1598/9547 635/1597/9548 636/1733/9549
f 2226/1913/9550 2225/2051/9551 1927/1875/9552
f 1849/1846/9553 1717/1647/9554 1458/1711/9555
f 1852/2052/9556 1735/1807/9557 1638/1594/9558
f 2043/1955/9559 1975/1954/9560 1856/2053/9561
f 1734/1592/9562 1638/1594/9563 1733/1806/9564
f 1803/1678/9565 1461/1926/9566 1788/1563/9567
f 1693/1679/9568 1612/2054/9569 1804/2055/9570
f 314/1935/9571 313/1849/9572 1860/2056/9573
f 1563/1939/9574 1740/1823/9575 1546/1822/9576
f 314/1935/9577 1642/1721/9578 315/1933/9579
f 1555/1722/9580 1642/1721/9581 1641/2057/9582
f 1870/2058/9583 312/1850/9584 311/2059/9585
f 1861/1852/9586 1739/1918/9587 1643/1957/9588
f 1746/1781/9589 1744/1792/9590 1452/1794/9591
f 1982/2060/9592 1745/1799/9593 1644/2061/9594
f 1747/1656/9595 1725/1777/9596 1454/1716/9597
f 1645/1655/9598 1871/2062/9599 1744/1792/9600
f 1851/1780/9601 1455/1715/9602 1826/1895/9603
f 2038/2063/9604 1852/2052/9605 1547/2064/9606
f 1648/1811/9607 647/1830/9608 648/2065/9609
f 1572/1833/9610 1887/1967/9611 1647/1831/9612
f 648/2065/9613 1748/1812/9614 1648/1811/9615
f 1755/1827/9616 1748/1812/9617 1442/1835/9618
f 1886/2066/9619 1756/1815/9620 1887/1967/9621
f 1995/1845/9622 1887/1967/9623 1889/1814/9624
f 1889/1814/9625 1993/1816/9626 308/2067/9627
f 1990/2068/9628 1991/2069/9629 1981/2070/9630
f 1574/1793/9631 1758/1971/9632 1760/1973/9633
f 1762/1783/9634 1632/2036/9635 1763/1782/9636
f 1575/1763/9637 1652/1784/9638 1449/1786/9639
f 1651/1767/9640 1652/1784/9641 1574/1793/9642
f 1653/1649/9643 1447/1648/9644 1446/1741/9645
f 1654/1757/9646 1653/1649/9647 1502/1668/9648
f 1473/1488/9649 1654/1757/9650 1502/1668/9651
f 1655/1819/9652 1654/1757/9653 1471/1758/9654
f 2035/2071/9655 1973/2072/9656 2034/2073/9657
f 1576/1650/9658 1655/1819/9659 1500/1975/9660
f 1973/2072/9661 2035/2071/9662 1833/2074/9663
f 1891/2045/9664 1757/2075/9665 1890/1900/9666
f 1892/2076/9667 1659/1972/9668 1657/2077/9669
f 1659/1972/9670 1758/1971/9671 1658/2035/9672
f 2036/1908/9673 1655/1819/9674 1471/1758/9675
f 1658/2035/9676 1657/2077/9677 1659/1972/9678
f 1759/2078/9679 1892/2076/9680 1893/2079/9681
f 1574/1793/9682 1760/1973/9683 1651/1767/9684
f 1875/1785/9685 1874/1826/9686 1578/1609/9687
f 1882/2080/9688 1751/2081/9689 1753/2082/9690
f 1766/1977/9691 1661/1978/9692 1501/1610/9693
f 1768/1771/9694 1472/2083/9695 1474/1770/9696
f 1900/1501/9697 1662/1507/9698 604/1506/9699
f 1663/1699/9700 1662/1507/9701 1582/2084/9702
f 1898/2085/9703 1663/1699/9704 1582/2084/9705
f 1897/2086/9706 1670/1503/9707 1895/1979/9708
f 1664/1698/9709 1770/1724/9710 1899/2087/9711
f 1664/1698/9712 1899/2087/9713 2056/1697/9714
f 1665/1485/9715 1426/1515/9716 1666/1514/9717
f 1665/1485/9718 1668/1484/9719 1773/1981/9720
f 1667/1625/9721 1666/1514/9722 1427/1513/9723
f 1665/1485/9724 1666/1514/9725 1591/1486/9726
f 1681/1470/9727 1775/2088/9728 1597/1483/9729
f 1776/2089/9730 1777/1523/9731 1775/2088/9732
f 2219/1735/9733 1668/1484/9734 1509/1524/9735
f 1668/1484/9736 1590/1553/9737 1773/1981/9738
f 601/1505/9739 602/1818/9740 1670/1503/9741
f 1671/1988/9742 1669/1504/9743 1592/2090/9744
f 1898/2085/9745 1895/1979/9746 1663/1699/9747
f 1592/2090/9748 1669/1504/9749 1670/1503/9750
f 1592/2090/9751 1778/1984/9752 1908/1986/9753
f 1671/1988/9754 1596/1987/9755 1679/1575/9756
f 1781/2091/9757 1793/2004/9758 1463/1565/9759
f 1672/1545/9760 1593/1805/9761 1674/1546/9762
f 1781/2091/9763 1672/1545/9764 1464/1666/9765
f 1673/1803/9766 1781/2091/9767 1675/1560/9768
f 1593/1805/9769 1911/1992/9770 1913/2092/9771
f 1783/1991/9772 2060/1687/9773 1598/1477/9774
f 1788/1563/9775 1462/1559/9776 1803/1678/9777
f 1673/1803/9778 1675/1560/9779 1594/1989/9780
f 1788/1563/9781 1675/1560/9782 1462/1559/9783
f 1594/1989/9784 1675/1560/9785 1676/1557/9786
f 1789/1993/9787 1858/1705/9788 1459/2093/9789
f 1676/1557/9790 1677/1564/9791 1595/1555/9792
f 1828/1646/9793 1459/2093/9794 1736/1710/9795
f 1627/1708/9796 1969/2029/9797 1719/1645/9798
f 1679/1575/9799 599/1574/9800 1779/1621/9801
f 1680/2020/9802 1679/1575/9803 1596/1987/9804
f 1938/2094/9805 1818/2095/9806 1817/2023/9807
f 1680/2020/9808 1620/2022/9809 1701/1881/9810
f 2184/1469/9811 1517/1471/9812 1479/1540/9813
f 1775/2088/9814 1681/1470/9815 1514/1820/9816
f 1515/1996/9817 1905/1478/9818 1682/1480/9819
f 1516/1475/9820 1598/1477/9821 1682/1480/9822
f 1687/1554/9823 1683/1561/9824 1466/1520/9825
f 1683/1561/9826 1602/2096/9827 2011/1997/9828
f 1683/1561/9829 2011/1997/9830 1684/2000/9831
f 1793/2004/9832 1781/2091/9833 1464/1666/9834
f 1603/1543/9835 1685/1548/9836 1468/1550/9837
f 1687/1554/9838 1685/1548/9839 1604/1691/9840
f 1920/1863/9841 1686/1865/9842 1484/1861/9843
f 1686/1865/9844 1920/1863/9845 1922/1867/9846
f 1687/1554/9847 1604/1691/9848 1796/1868/9849
f 1683/1561/9850 1687/1554/9851 1602/2096/9852
f 1688/1690/9853 1436/1604/9854 1689/1603/9855
f 1798/1749/9856 1688/1690/9857 1610/2097/9858
f 1690/1672/9859 1689/1603/9860 1437/1602/9861
f 1688/1690/9862 1689/1603/9863 1611/1671/9864
f 1635/1713/9865 1544/1729/9866 1800/2098/9867
f 1801/2099/9868 1802/1670/9869 1800/2098/9870
f 2019/2100/9871 1691/1689/9872 1522/1910/9873
f 1688/1690/9874 1691/1689/9875 1610/2097/9876
f 1793/2004/9877 1692/1558/9878 1463/1565/9879
f 1693/1679/9880 1692/1558/9881 1612/2054/9882
f 1804/2055/9883 1612/2054/9884 1928/1854/9885
f 1693/1679/9886 1931/2101/9887 1738/1684/9888
f 1694/1700/9889 637/1734/9890 1805/2008/9891
f 1694/1700/9892 1613/1829/9893 1935/2009/9894
f 1695/2012/9895 1805/2008/9896 1697/1703/9897
f 1932/2102/9898 1806/1587/9899 1524/2103/9900
f 1932/2102/9901 1808/2104/9902 1935/2009/9903
f 1937/1912/9904 1809/1596/9905 1936/2105/9906
f 639/1702/9907 640/1876/9908 1815/1737/9909
f 1697/1703/9910 1614/2106/9911 1934/1588/9912
f 1614/2106/9913 1697/1703/9914 1698/1739/9915
f 1697/1703/9916 639/1702/9917 1815/1737/9918
f 642/2013/9919 1700/2014/9920 641/1877/9921
f 1698/1739/9922 1699/1738/9923 1615/1773/9924
f 1616/2017/9925 2211/1936/9926 2214/2018/9927
f 641/1877/9928 1700/2014/9929 1699/1738/9930
f 1701/1881/9931 597/1578/9932 1790/1577/9933
f 1622/1584/9934 1701/1881/9935 1620/2022/9936
f 1703/2021/9937 1702/1595/9938 1620/2022/9939
f 1623/1457/9940 1702/1595/9941 1526/1886/9942
f 1817/2023/9943 1620/2022/9944 1680/2020/9945
f 1703/2021/9946 1942/2107/9947 1940/2024/9948
f 1821/1885/9949 26/1605/9950 27/1494/9951
f 1704/1607/9952 1951/1618/9953 1953/1617/9954
f 1624/1841/9955 1486/1840/9956 1705/1529/9957
f 1705/1529/9958 1486/1840/9959 1709/2108/9960
f 1709/2108/9961 1626/1530/9962 1705/1529/9963
f 1707/2109/9964 1709/2108/9965 1954/2110/9966
f 1535/1511/9967 1706/1887/9968 1708/1512/9969
f 1708/1512/9970 1709/2108/9971 1707/2109/9972
f 1709/2108/9973 1708/1512/9974 1706/1887/9975
f 1712/1890/9976 1711/1510/9977 1708/1512/9978
f 1709/2108/9979 1706/1887/9980 1626/1530/9981
f 1709/2108/9982 1486/1840/9983 1954/2110/9984
f 1707/2109/9985 1714/1891/9986 1712/1890/9987
f 2181/1889/9988 2179/2111/9989 2178/2112/9990
f 1712/1890/9991 1708/1512/9992 1707/2109/9993
f 1710/1903/9994 2117/2113/9995 1713/1904/9996
f 1707/2109/9997 2167/1898/9998 1714/1891/9999
f 1710/1903/10000 1711/1510/10001 1712/1890/10002
f 1716/2114/10003 1713/1904/10004 1489/2115/10005
f 1715/2026/10006 2026/2028/10007 1716/2114/10008
f 2176/2116/10009 1956/2043/10010 2187/1897/10011
f 2180/2040/10012 2178/2112/10013 2179/2111/10014
f 2055/2117/10015 2084/2118/10016 2082/2119/10017
f 1999/2120/10018 1543/2121/10019 1998/1634/10020
f 1716/2114/10021 1489/2115/10022 2085/2122/10023
f 2025/2025/10024 1713/1904/10025 2026/2028/10026
f 1720/1709/10027 1456/1817/10028 1718/1894/10029
f 1719/1645/10030 1717/1647/10031 1627/1708/10032
f 1826/1895/10033 1456/1817/10034 1851/1780/10035
f 1955/2044/10036 1956/2043/10037 2188/2123/10038
f 1969/2029/10039 2176/2116/10040 1827/2124/10041
f 1789/1993/10042 1828/1646/10043 1678/1994/10044
f 1720/1709/10045 1457/1847/10046 1733/1806/10047
f 1720/1709/10048 1718/1894/10049 2188/2123/10050
f 22/1616/10051 1829/2031/10052 2052/1899/10053
f 1628/1516/10054 1721/1615/10055 1629/1630/10056
f 1722/2125/10057 1829/2031/10058 1728/1628/10059
f 1997/2126/10060 1891/2045/10061 1996/2127/10062
f 1492/1509/10063 1830/2128/10064 1723/1572/10065
f 1831/1765/10066 1970/1573/10067 1830/2128/10068
f 1972/2129/10069 1724/1599/10070 1541/2033/10071
f 1833/2074/10072 1473/1488/10073 2177/1487/10074
f 1726/1795/10075 1725/1777/10076 1453/1778/10077
f 1727/1717/10078 1725/1777/10079 1631/1902/10080
f 1763/1782/10081 1894/2130/10082 1651/1767/10083
f 1631/1902/10084 1834/1974/10085 1542/2131/10086
f 1836/2034/10087 1631/1902/10088 1542/2131/10089
f 1838/2041/10090 1955/2044/10091 1826/1895/10092
f 25/1882/10093 1824/1639/10094 24/1627/10095
f 1722/2125/10096 1728/1628/10097 1634/1635/10098
f 1440/2048/10099 1441/1718/10100 1841/1723/10101
f 1846/2132/10102 1729/1694/10103 1845/1719/10104
f 1842/1622/10105 1495/1677/10106 630/1623/10107
f 631/1624/10108 632/1732/10109 1843/1707/10110
f 1846/2132/10111 1845/1719/10112 1731/2133/10113
f 1842/1622/10114 1730/1696/10115 1495/1677/10116
f 1636/1706/10117 1848/2049/10118 1847/1581/10119
f 1809/1596/10120 634/2050/10121 635/1597/10122
f 1733/1806/10123 1457/1847/10124 1849/1846/10125
f 1735/1807/10126 1733/1806/10127 1638/1594/10128
f 1734/1592/10129 1849/1846/10130 1736/1710/10131
f 1974/2134/10132 1850/1593/10133 1547/2064/10134
f 1638/1594/10135 1974/2134/10136 1852/2052/10137
f 1878/2135/10138 1876/1779/10139 1646/1919/10140
f 1858/1705/10141 1789/1993/10142 1460/1685/10143
f 1736/1710/10144 1639/2136/10145 1975/1954/10146
f 1858/1705/10147 1736/1710/10148 1459/2093/10149
f 1639/2136/10150 1736/1710/10151 1737/1638/10152
f 1738/1684/10153 1461/1926/10154 1803/1678/10155
f 1737/1638/10156 1738/1684/10157 1640/1772/10158
f 1739/1918/10159 1860/2056/10160 1741/1848/10161
f 1861/1852/10162 1643/1957/10163 1569/1853/10164
f 1555/1722/10165 1641/2057/10166 1740/1823/10167
f 1862/2137/10168 2160/1945/10169 1863/1821/10170
f 1741/1848/10171 312/1850/10172 1870/2058/10173
f 1739/1918/10174 1741/1848/10175 1643/1957/10176
f 1979/2138/10177 311/2059/10178 1980/1958/10179
f 1742/1956/10180 1867/2139/10181 1865/1959/10182
f 1744/1792/10183 1451/1791/10184 1894/2130/10185
f 1745/1799/10186 1743/1768/10187 1644/2061/10188
f 1871/2062/10189 1645/1655/10190 1571/2140/10191
f 1644/2061/10192 1743/1768/10193 1744/1792/10194
f 1873/2141/10195 1982/2060/10196 2182/1965/10197
f 1875/1785/10198 1578/1609/10199 1449/1786/10200
f 1747/1656/10201 1746/1781/10202 1453/1778/10203
f 1744/1792/10204 1746/1781/10205 1645/1655/10206
f 1454/1716/10207 1455/1715/10208 1876/1779/10209
f 1645/1655/10210 1877/1657/10211 1571/2140/10212
f 649/1836/10213 1748/1812/10214 648/2065/10215
f 2175/1790/10216 1755/1827/10217 1443/1802/10218
f 1472/2083/10219 1753/2082/10220 1474/1770/10221
f 1648/1811/10222 1754/1834/10223 1572/1833/10224
f 1752/2142/10225 1750/1813/10226 1749/2143/10227
f 1754/1834/10228 1750/1813/10229 1752/2142/10230
f 1751/2081/10231 1752/2142/10232 1753/2082/10233
f 2048/1824/10234 1883/1976/10235 1660/1825/10236
f 1753/2082/10237 1752/2142/10238 1749/2143/10239
f 1751/2081/10240 1884/1969/10241 1754/1834/10242
f 1753/2082/10243 1749/2143/10244 2175/1790/10245
f 1753/2082/10246 1472/2083/10247 1882/2080/10248
f 1751/2081/10249 1754/1834/10250 1752/2142/10251
f 1886/2066/10252 1754/1834/10253 1884/1969/10254
f 1443/1802/10255 1755/1827/10256 1442/1835/10257
f 1750/1813/10258 1755/1827/10259 1749/2143/10260
f 1993/1816/10261 1985/2144/10262 1888/1775/10263
f 307/1844/10264 1889/1814/10265 308/2067/10266
f 1890/1900/10267 1996/2127/10268 1891/2045/10269
f 1973/2072/10270 1833/2074/10271 1972/2129/10272
f 1575/1763/10273 1758/1971/10274 1574/1793/10275
f 1658/2035/10276 1758/1971/10277 1500/1975/10278
f 2115/2145/10279 2242/2146/10280 2000/2147/10281
f 1765/2148/10282 1632/2036/10283 1761/2032/10284
f 1659/1972/10285 1892/2076/10286 1761/2032/10287
f 1632/2036/10288 1835/2038/10289 1763/1782/10290
f 1765/2148/10291 1761/2032/10292 1759/2078/10293
f 1762/1783/10294 1761/2032/10295 1632/2036/10296
f 1651/1767/10297 1760/1973/10298 1762/1783/10299
f 1761/2032/10300 1762/1783/10301 1760/1973/10302
f 1452/1794/10303 1894/2130/10304 1726/1795/10305
f 1894/2130/10306 1452/1794/10307 1744/1792/10308
f 2115/2145/10309 2000/2147/10310 1543/2121/10311
f 1999/2120/10312 2082/2119/10313 1543/2121/10314
f 1765/2148/10315 1759/2078/10316 2115/2145/10317
f 1765/2148/10318 1764/2149/10319 2223/2037/10320
f 1661/1978/10321 1766/1977/10322 1472/2083/10323
f 1767/1960/10324 1766/1977/10325 1501/1610/10326
f 1874/1826/10327 1767/1960/10328 1578/1609/10329
f 1766/1977/10330 1767/1960/10331 1660/1825/10332
f 1579/1797/10333 1768/1771/10334 1580/1613/10335
f 1472/2083/10336 1768/1771/10337 1661/1978/10338
f 2003/1663/10339 1582/2084/10340 2002/2150/10341
f 1769/2151/10342 1898/2085/10343 2003/1663/10344
f 1770/1724/10345 1506/1482/10346 1588/1467/10347
f 1899/2087/10348 1770/1724/10349 1476/1551/10350
f 2005/1982/10351 1509/1524/10352 1776/2089/10353
f 2005/1982/10354 1907/2152/10355 2097/1983/10356
f 1772/1500/10357 2002/2150/10358 1900/1501/10359
f 1584/1492/10360 1664/1698/10361 1772/1500/10362
f 1589/1552/10363 1773/1981/10364 1590/1553/10365
f 1774/1472/10366 1773/1981/10367 1508/1980/10368
f 1587/1473/10369 1774/1472/10370 1508/1980/10371
f 1425/1474/10372 1665/1485/10373 1774/1472/10374
f 1775/2088/10375 1514/1820/10376 1776/2089/10377
f 1667/1625/10378 1597/1483/10379 1775/2088/10380
f 1514/1820/10381 1901/1568/10382 1776/2089/10383
f 2005/1982/10384 1776/2089/10385 2006/2153/10386
f 1775/2088/10387 1777/1523/10388 1667/1625/10389
f 1776/2089/10390 1509/1524/10391 1777/1523/10392
f 2132/2154/10393 1592/2090/10394 1897/2086/10395
f 2128/2155/10396 2129/2156/10397 2095/2157/10398
f 1669/1504/10399 1779/1621/10400 600/1570/10401
f 1679/1575/10402 1779/1621/10403 1671/1988/10404
f 1787/2158/10405 1594/1989/10406 1785/1857/10407
f 1594/1989/10408 1787/2158/10409 1780/1990/10410
f 1675/1560/10411 1781/2091/10412 1463/1565/10413
f 1672/1545/10414 1781/2091/10415 1673/1803/10416
f 1672/1545/10417 1782/1547/10418 1465/1562/10419
f 2010/1521/10420 1782/1547/10421 1674/1546/10422
f 1467/1549/10423 1914/1522/10424 1598/1477/10425
f 1913/2092/10426 1674/1546/10427 1593/1805/10428
f 1962/1643/10429 1595/1555/10430 1678/1994/10431
f 1785/1857/10432 1784/1556/10433 1512/2159/10434
f 1785/1857/10435 1512/2159/10436 1786/1674/10437
f 1676/1557/10438 1785/1857/10439 1594/1989/10440
f 1512/2159/10441 1967/2160/10442 2078/2161/10443
f 2100/2162/10444 2122/2163/10445 2124/2164/10446
f 1785/1857/10447 1786/1674/10448 1787/2158/10449
f 1786/1674/10450 1780/1990/10451 1787/2158/10452
f 1677/1564/10453 1788/1563/10454 1461/1926/10455
f 1675/1560/10456 1788/1563/10457 1676/1557/10458
f 1789/1993/10459 1459/2093/10460 1828/1646/10461
f 1677/1564/10462 1789/1993/10463 1678/1994/10464
f 1679/1575/10465 1790/1577/10466 598/1576/10467
f 1701/1881/10468 1790/1577/10469 1680/2020/10470
f 1683/1561/10471 1791/1665/10472 1465/1562/10473
f 1793/2004/10474 1791/1665/10475 1684/2000/10476
f 1518/2165/10477 1917/2166/10478 1916/1998/10479
f 2017/2167/10480 1523/1864/10481 1919/1856/10482
f 2013/1855/10483 2014/2168/10484 1919/1856/10485
f 1793/2004/10486 2013/1855/10487 1692/1558/10488
f 1794/1866/10489 1519/1542/10490 1608/1728/10491
f 1484/1861/10492 1686/1865/10493 1794/1866/10494
f 2075/2169/10495 2020/2170/10496 2074/2171/10497
f 1795/2003/10498 2073/2172/10499 1917/2166/10500
f 1796/1868/10501 1518/2165/10502 1797/2001/10503
f 1604/1691/10504 1686/1865/10505 1796/1868/10506
f 1797/2001/10507 1518/2165/10508 1916/1998/10509
f 1602/2096/10510 1687/1554/10511 1797/2001/10512
f 1798/1749/10513 1610/2097/10514 2018/1750/10515
f 1799/1682/10516 1798/1749/10517 1521/2002/10518
f 1607/1683/10519 1799/1682/10520 1521/2002/10521
f 1435/1681/10522 1688/1690/10523 1799/1682/10524
f 1800/2098/10525 1544/1729/10526 1801/2099/10527
f 1690/1672/10528 1635/1713/10529 1800/2098/10530
f 1544/1729/10531 1923/1914/10532 1801/2099/10533
f 2077/2173/10534 2019/2100/10535 2020/2170/10536
f 1800/2098/10537 1802/1670/10538 1690/1672/10539
f 1801/2099/10540 1522/1910/10541 1802/1670/10542
f 1692/1558/10543 1803/1678/10544 1462/1559/10545
f 1738/1684/10546 1803/1678/10547 1693/1679/10548
f 1804/2055/10549 1523/1864/10550 2021/2006/10551
f 1738/1684/10552 1931/2101/10553 1640/1772/10554
f 1697/1703/10555 1805/2008/10556 638/1704/10557
f 1694/1700/10558 1805/2008/10559 1695/2012/10560
f 1934/1588/10561 1806/1587/10562 1933/1828/10563
f 1614/2106/10564 1698/1739/10565 1811/1760/10566
f 1694/1700/10567 1807/1598/10568 636/1733/10569
f 1809/1596/10570 1807/1598/10571 1696/1701/10572
f 1808/2104/10573 1932/2102/10574 2146/2174/10575
f 1936/2105/10576 1808/2104/10577 2227/2175/10578
f 1809/1596/10579 1696/1701/10580 1936/2105/10581
f 1809/1596/10582 1937/1912/10583 1848/2049/10584
f 1810/1759/10585 1615/1773/10586 2201/1937/10587
f 1810/1759/10588 1525/2010/10589 1811/1760/10590
f 1812/2176/10591 1814/2011/10592 2193/2177/10593
f 1614/2106/10594 1811/1760/10595 1813/1586/10596
f 2150/2178/10597 2148/2179/10598 2149/2180/10599
f 2140/2181/10600 1806/1587/10601 1813/1586/10602
f 1814/2011/10603 1813/1586/10604 1811/1760/10605
f 1812/2176/10606 2139/2182/10607 2140/2181/10608
f 1525/2010/10609 2192/2183/10610 2193/2177/10611
f 1814/2011/10612 1812/2176/10613 2140/2181/10614
f 1699/1738/10615 1815/1737/10616 640/1876/10617
f 1697/1703/10618 1815/1737/10619 1698/1739/10620
f 1702/1595/10621 1816/1995/10622 1526/1886/10623
f 1940/2024/10624 1939/1839/10625 1624/1841/10626
f 1596/1987/10627 1938/2094/10628 1680/2020/10629
f 1909/1985/10630 1818/2095/10631 1938/2094/10632
f 1513/2184/10633 1941/2185/10634 1818/2095/10635
f 1703/2021/10636 1817/2023/10637 1818/2095/10638
f 1942/2107/10639 1819/2186/10640 1940/2024/10641
f 1963/2187/10642 1961/2188/10643 1964/2189/10644
f 1537/1884/10645 1820/1893/10646 1530/1496/10647
f 2024/1892/10648 1536/1888/10649 1706/1887/10650
f 1530/1496/10651 1820/1893/10652 1821/1885/10653
f 1821/1885/10654 1820/1893/10655 1950/1606/10656
f 2054/2027/10657 1999/2120/10658 1822/2190/10659
f 1823/1640/10660 1634/1635/10661 1728/1628/10662
f 24/1627/10663 1823/1640/10664 1728/1628/10665
f 2053/1633/10666 1823/1640/10667 1822/2190/10668
f 1704/1607/10669 1824/1639/10670 25/1882/10671
f 1822/2190/10672 1823/1640/10673 1824/1639/10674
f 1819/2186/10675 2172/2191/10676 1939/1839/10677
f 1948/1537/10678 1819/2186/10679 1941/2185/10680
f 1455/1715/10681 1727/1717/10682 1826/1895/10683
f 1826/1895/10684 1727/1717/10685 1838/2041/10686
f 1963/2187/10687 1958/2192/10688 1960/2193/10689
f 1678/1994/10690 1719/1645/10691 1957/2030/10692
f 1717/1647/10693 1828/1646/10694 1458/1711/10695
f 1828/1646/10696 1719/1645/10697 1678/1994/10698
f 1728/1628/10699 1829/2031/10700 23/1626/10701
f 1722/2125/10702 1996/2127/10703 2052/1899/10704
f 1492/1509/10705 1488/1614/10706 1830/2128/10707
f 1830/2128/10708 1488/1614/10709 1831/1765/10710
f 1488/1614/10711 1971/1901/10712 1831/1765/10713
f 2030/2194/10714 1971/1901/10715 1757/2075/10716
f 1630/1571/10717 1832/1600/10718 590/1659/10719
f 1422/1601/10720 1832/1600/10721 1724/1599/10722
f 1970/1573/10723 2029/1766/10724 1541/2033/10725
f 1473/1488/10726 1833/2074/10727 2037/1909/10728
f 1726/1795/10729 1835/2038/10730 1834/1974/10731
f 1835/2038/10732 2087/1906/10733 2088/2195/10734
f 1763/1782/10735 1835/2038/10736 1726/1795/10737
f 1542/2131/10738 2088/2195/10739 2086/2196/10740
f 1836/2034/10741 1542/2131/10742 2118/2197/10743
f 1838/2041/10744 1633/2042/10745 1955/2044/10746
f 1837/2039/10747 1836/2034/10748 2118/2197/10749
f 2118/2197/10750 2116/2198/10751 1837/2039/10752
f 1727/1717/10753 1836/2034/10754 1838/2041/10755
f 1837/2039/10756 1838/2041/10757 1836/2034/10758
f 1840/1695/10759 1635/1713/10760 1439/1712/10761
f 1924/1915/10762 1729/1694/10763 1846/2132/10764
f 1840/1695/10765 1440/2048/10766 1841/1723/10767
f 1839/1730/10768 1840/1695/10769 1729/1694/10770
f 1495/1677/10771 1841/1723/10772 1441/1718/10773
f 1840/1695/10774 1841/1723/10775 1730/1696/10776
f 1843/1707/10777 1842/1622/10778 631/1624/10779
f 1845/1719/10780 1842/1622/10781 1731/2133/10782
f 1636/1706/10783 1843/1707/10784 632/1732/10785
f 1842/1622/10786 1843/1707/10787 1731/2133/10788
f 1844/1583/10789 1545/1582/10790 1926/2199/10791
f 1843/1707/10792 1844/1583/10793 1731/2133/10794
f 1842/1622/10795 1845/1719/10796 1730/1696/10797
f 1731/2133/10798 1844/1583/10799 1846/2132/10800
f 2185/1874/10801 1925/1916/10802 1926/2199/10803
f 1924/1915/10804 1839/1730/10805 1729/1694/10806
f 1848/2049/10807 1636/1706/10808 633/1731/10809
f 1927/1875/10810 1847/1581/10811 1732/1911/10812
f 1809/1596/10813 1848/2049/10814 634/2050/10815
f 1847/1581/10816 1848/2049/10817 1732/1911/10818
f 1736/1710/10819 1849/1846/10820 1458/1711/10821
f 1733/1806/10822 1849/1846/10823 1734/1592/10824
f 1734/1592/10825 1975/1954/10826 1850/1593/10827
f 1639/2136/10828 1737/1638/10829 1854/1637/10830
f 1733/1806/10831 1851/1780/10832 1456/1817/10833
f 1876/1779/10834 1851/1780/10835 1735/1807/10836
f 2039/2200/10837 1976/1953/10838 2038/2063/10839
f 1852/2052/10840 2038/2063/10841 2040/2201/10842
f 1929/2007/10843 2235/2202/10844 2237/2203/10845
f 1853/1636/10846 1548/1641/10847 1854/1637/10848
f 2240/2204/10849 2241/1878/10850 2238/2205/10851
f 1639/2136/10852 1854/1637/10853 1856/2053/10854
f 1978/2206/10855 2044/1946/10856 1568/2207/10857
f 1850/1593/10858 2043/1955/10859 1547/2064/10860
f 1857/1642/10861 1856/2053/10862 1854/1637/10863
f 1856/2053/10864 1855/1870/10865 1978/2206/10866
f 2198/1869/10867 2196/1879/10868 2202/1930/10869
f 1856/2053/10870 1857/1642/10871 1855/1870/10872
f 1738/1684/10873 1858/1705/10874 1460/1685/10875
f 1736/1710/10876 1858/1705/10877 1737/1638/10878
f 1642/1721/10879 1859/1917/10880 1641/2057/10881
f 1860/2056/10882 1859/1917/10883 314/1935/10884
f 1741/1848/10885 1860/2056/10886 313/1849/10887
f 1859/1917/10888 1860/2056/10889 1739/1918/10890
f 1497/2208/10891 2143/2209/10892 2157/2210/10893
f 1641/2057/10894 1863/1821/10895 1740/1823/10896
f 2144/1851/10897 1864/2211/10898 1861/1852/10899
f 2144/1851/10900 2159/2212/10901 1862/2137/10902
f 1859/1917/10903 1863/1821/10904 1641/2057/10905
f 1864/2211/10906 1739/1918/10907 1861/1852/10908
f 1862/2137/10909 1863/1821/10910 1864/2211/10911
f 1739/1918/10912 1864/2211/10913 1863/1821/10914
f 1867/2139/10915 1868/2213/10916 1991/2069/10917
f 1867/2139/10918 1869/1787/10919 1865/1959/10920
f 1885/1970/10921 1987/2214/10922 1986/2215/10923
f 1869/1787/10924 1569/1853/10925 1865/1959/10926
f 1867/2139/10927 1742/1956/10928 1979/2138/10929
f 1867/2139/10930 1866/2216/10931 1869/1787/10932
f 1742/1956/10933 1870/2058/10934 1979/2138/10935
f 1981/2070/10936 1650/1808/10937 1573/1776/10938
f 2051/2217/10939 1866/2216/10940 1988/2218/10941
f 1866/2216/10942 2051/2217/10943 1869/1787/10944
f 1979/2138/10945 1870/2058/10946 311/2059/10947
f 1741/1848/10948 1870/2058/10949 1742/1956/10950
f 1872/1964/10951 1871/2062/10952 1571/2140/10953
f 1744/1792/10954 1871/2062/10955 2183/1966/10956
f 2220/2219/10957 2221/2220/10958 2081/2221/10959
f 1872/1964/10960 2080/1963/10961 2182/1965/10962
f 1885/1970/10963 1983/2222/10964 2046/2223/10965
f 1874/1826/10966 1660/1825/10967 1767/1960/10968
f 1982/2060/10969 1874/1826/10970 1745/1799/10971
f 2048/1824/10972 1873/2141/10973 2047/2224/10974
f 1875/1785/10975 1652/1784/10976 1450/1769/10977
f 1874/1826/10978 1875/1785/10979 1745/1799/10980
f 1876/1779/10981 1735/1807/10982 1977/2225/10983
f 1454/1716/10984 1876/1779/10985 1747/1656/10986
f 1747/1656/10987 1878/2135/10988 1877/1657/10989
f 1877/1657/10990 1878/2135/10991 1880/1925/10992
f 1876/1779/10993 1878/2135/10994 1747/1656/10995
f 2040/2201/10996 1977/2225/10997 1852/2052/10998
f 1497/2208/10999 2142/2226/11000 2222/2227/11001
f 1880/1925/11002 1571/2140/11003 1877/1657/11004
f 1646/1919/11005 1880/1925/11006 1878/2135/11007
f 1880/1925/11008 1879/1921/11009 2221/2220/11010
f 1873/2141/11011 1570/2228/11012 2189/2229/11013
f 1884/1969/11014 1751/2081/11015 1983/2222/11016
f 1472/2083/11017 1766/1977/11018 1883/1976/11019
f 1882/2080/11020 1881/2230/11021 1983/2222/11022
f 1881/2230/11023 1882/2080/11024 1883/1976/11025
f 1472/2083/11026 1883/1976/11027 1882/2080/11028
f 1884/1969/11029 1983/2222/11030 1885/1970/11031
f 1886/2066/11032 1884/1969/11033 1498/1968/11034
f 2046/2223/11035 2047/2224/11036 1984/2231/11037
f 1986/2215/11038 1888/1775/11039 1985/2144/11040
f 1886/2066/11041 1498/1968/11042 1985/2144/11043
f 1572/1833/11044 1754/1834/11045 1886/2066/11046
f 1886/2066/11047 1887/1967/11048 1572/1833/11049
f 1889/1814/11050 1887/1967/11051 1756/1815/11052
f 1986/2215/11053 1498/1968/11054 1885/1970/11055
f 1992/1774/11056 1573/1776/11057 1650/1808/11058
f 307/1844/11059 1499/1842/11060 1995/1845/11061
f 1756/1815/11062 1985/2144/11063 1993/1816/11064
f 1890/1900/11065 1629/1630/11066 1996/2127/11067
f 1971/1901/11068 1890/1900/11069 1757/2075/11070
f 1997/2126/11071 1722/2125/11072 1634/1635/11073
f 1891/2045/11074 1997/2126/11075 2001/2046/11076
f 1893/2079/11077 1892/2076/11078 1657/2077/11079
f 1761/2032/11080 1892/2076/11081 1759/2078/11082
f 2034/2073/11083 1893/2079/11084 1657/2077/11085
f 1893/2079/11086 1656/2232/11087 2242/2146/11088
f 1651/1767/11089 1894/2130/11090 1451/1791/11091
f 1726/1795/11092 1894/2130/11093 1763/1782/11094
f 1769/2151/11095 1896/2233/11096 1895/1979/11097
f 1670/1503/11098 1897/2086/11099 1592/2090/11100
f 2120/2234/11101 2003/1663/11102 2094/1662/11103
f 1897/2086/11104 1896/2233/11105 1510/2235/11106
f 1896/2233/11107 1897/2086/11108 1895/1979/11109
f 2132/2154/11110 1510/2235/11111 2131/2236/11112
f 2003/1663/11113 1898/2085/11114 1582/2084/11115
f 1895/1979/11116 1898/2085/11117 1769/2151/11118
f 2059/1736/11119 1899/2087/11120 1476/1551/11121
f 1899/2087/11122 1771/2237/11123 2056/1697/11124
f 2002/2150/11125 1772/1500/11126 1505/2238/11127
f 1662/1507/11128 1900/1501/11129 1582/2084/11130
f 1903/1569/11131 1681/1470/11132 2184/1469/11133
f 1901/1568/11134 1478/2239/11135 2006/2153/11136
f 1479/1540/11137 1516/1475/11138 1906/1479/11139
f 1904/1567/11140 1478/2239/11141 1901/1568/11142
f 1681/1470/11143 1903/1569/11144 1514/1820/11145
f 1903/1569/11146 1902/2240/11147 1904/1567/11148
f 1902/2240/11149 1905/1478/11150 1904/1567/11151
f 1904/1567/11152 1905/1478/11153 2009/2241/11154
f 1905/1478/11155 1902/2240/11156 1906/1479/11157
f 1515/1996/11158 2060/1687/11159 2009/2241/11160
f 1906/1479/11161 1902/2240/11162 2184/1469/11163
f 1682/1480/11164 1906/1479/11165 1516/1475/11166
f 2009/2241/11167 2008/1686/11168 2062/2242/11169
f 2061/2243/11170 2064/2244/11171 2071/2245/11172
f 1592/2090/11173 1908/1986/11174 1671/1988/11175
f 1778/1984/11176 2186/2246/11177 1909/1985/11178
f 1818/2095/11179 1909/1985/11180 1513/2184/11181
f 1596/1987/11182 1908/1986/11183 1909/1985/11184
f 1594/1989/11185 1910/1804/11186 1673/1803/11187
f 1780/1990/11188 2099/1673/11189 1911/1992/11190
f 1511/2247/11191 1912/2248/11192 1913/2092/11193
f 1593/1805/11194 1910/1804/11195 1911/1992/11196
f 2064/2244/11197 2063/2249/11198 1912/2248/11199
f 2009/2241/11200 2060/1687/11201 2008/1686/11202
f 1511/2247/11203 1913/2092/11204 1911/1992/11205
f 1913/2092/11206 1912/2248/11207 2007/1688/11208
f 1466/1520/11209 1914/1522/11210 1467/1549/11211
f 1783/1991/11212 1598/1477/11213 1914/1522/11214
f 1602/2096/11215 1797/2001/11216 1916/1998/11217
f 1919/1856/11218 2015/2250/11219 2017/2167/11220
f 1518/2165/11221 1922/1867/11222 1917/2166/11223
f 2015/2250/11224 1918/1873/11225 1792/1872/11226
f 1921/1862/11227 2077/2173/11228 1795/2003/11229
f 2165/2251/11230 2103/1745/11231 2164/2252/11232
f 1915/1999/11233 1916/1998/11234 1918/1873/11235
f 2105/2253/11236 1916/1998/11237 1917/2166/11238
f 2014/2168/11239 1793/2004/11240 1684/2000/11241
f 2014/2168/11242 1915/1999/11243 2015/2250/11244
f 1921/1862/11245 1484/1861/11246 2018/1750/11247
f 1922/1867/11248 1920/1863/11249 1795/2003/11250
f 2019/2100/11251 1921/1862/11252 2018/1750/11253
f 2076/2254/11254 2074/2171/11255 1801/2099/11256
f 1917/2166/11257 1922/1867/11258 1795/2003/11259
f 1796/1868/11260 1922/1867/11261 1518/2165/11262
f 1924/1915/11263 1923/1914/11264 1544/1729/11265
f 1493/2255/11266 2075/2169/11267 2076/2254/11268
f 1839/1730/11269 1924/1915/11270 1544/1729/11271
f 1925/1916/11272 1924/1915/11273 1846/2132/11274
f 1926/2199/11275 1925/1916/11276 1846/2132/11277
f 1493/2255/11278 1923/1914/11279 1925/1916/11280
f 1844/1583/11281 1926/2199/11282 1846/2132/11283
f 1927/1875/11284 1545/1582/11285 1847/1581/11286
f 2109/2256/11287 2107/1743/11288 2012/2257/11289
f 1925/1916/11290 2185/1874/11291 1493/2255/11292
f 1928/1854/11293 1612/2054/11294 2013/1855/11295
f 1523/1864/11296 1804/2055/11297 1928/1854/11298
f 2022/2258/11299 2162/2259/11300 2199/2260/11301
f 2238/2205/11302 1929/2007/11303 2239/2261/11304
f 1853/1636/11305 1640/1772/11306 1930/1927/11307
f 1640/1772/11308 1931/2101/11309 2190/2005/11310
f 1693/1679/11311 1804/2055/11312 1931/2101/11313
f 1804/2055/11314 2021/2006/11315 2190/2005/11316
f 1932/2102/11317 1524/2103/11318 2146/2174/11319
f 1933/1828/11320 1932/2102/11321 1613/1829/11322
f 1934/1588/11323 1933/1828/11324 1695/2012/11325
f 1932/2102/11326 1933/1828/11327 1806/1587/11328
f 1697/1703/11329 1934/1588/11330 1695/2012/11331
f 1813/1586/11332 1934/1588/11333 1614/2106/11334
f 1932/2102/11335 1935/2009/11336 1613/1829/11337
f 1936/2105/11338 1935/2009/11339 1808/2104/11340
f 1936/2105/11341 1637/2262/11342 1937/1912/11343
f 1935/2009/11344 1936/2105/11345 1696/1701/11346
f 1937/1912/11347 1637/2262/11348 2226/1913/11349
f 1848/2049/11350 1937/1912/11351 1732/1911/11352
f 1680/2020/11353 1938/2094/11354 1817/2023/11355
f 1909/1985/11356 1938/2094/11357 1596/1987/11358
f 1940/2024/11359 1624/1841/11360 1816/1995/11361
f 2172/2191/11362 2171/2263/11363 1939/1839/11364
f 1942/2107/11365 1703/2021/11366 1818/2095/11367
f 1819/2186/11368 1939/1839/11369 1940/2024/11370
f 2186/2246/11371 1947/1746/11372 1944/1538/11373
f 1941/2185/11374 1513/2184/11375 1944/1538/11376
f 1818/2095/11377 1941/2185/11378 1942/2107/11379
f 1819/2186/11380 1942/2107/11381 1941/2185/11382
f 1512/2159/11383 2078/2161/11384 1786/1674/11385
f 1819/2186/11386 1948/1537/11387 2172/2191/11388
f 1513/2184/11389 1909/1985/11390 2186/2246/11391
f 1944/1538/11392 1943/1747/11393 1949/1536/11394
f 2130/2264/11395 2131/2236/11396 2129/2156/11397
f 1943/1747/11398 2127/2265/11399 2126/2266/11400
f 2027/2267/11401 1964/2189/11402 1946/2268/11403
f 1784/1556/11404 1959/2269/11405 1512/2159/11406
f 2186/2246/11407 1944/1538/11408 1513/2184/11409
f 2127/2265/11410 1947/1746/11411 1945/2270/11412
f 1944/1538/11413 1948/1537/11414 1941/2185/11415
f 1946/2268/11416 2233/2271/11417 2172/2191/11418
f 1949/1536/11419 1943/1747/11420 1965/2272/11421
f 1948/1537/11422 1949/1536/11423 1946/2268/11424
f 1821/1885/11425 1950/1606/11426 26/1605/11427
f 1951/1618/11428 1950/1606/11429 1820/1893/11430
f 1950/1606/11431 1951/1618/11432 1704/1607/11433
f 1536/1888/11434 2024/1892/11435 1820/1893/11436
f 2025/2025/11437 1952/2273/11438 1535/1511/11439
f 1625/1619/11440 1951/1618/11441 1952/2273/11442
f 2054/2027/11443 1953/1617/11444 1625/1619/11445
f 1824/1639/11446 1953/1617/11447 1822/2190/11448
f 2171/2263/11449 1954/2110/11450 1486/1840/11451
f 1954/2110/11452 1825/2274/11453 2168/2275/11454
f 1633/2042/11455 2180/2040/11456 2179/2111/11457
f 1718/1894/11458 1826/1895/11459 1955/2044/11460
f 1956/2043/11461 2179/2111/11462 2187/1897/11463
f 2188/2123/11464 1627/1708/11465 1720/1709/11466
f 1957/2030/11467 1827/2124/11468 1960/2193/11469
f 1678/1994/11470 1957/2030/11471 1962/1643/11472
f 2173/2276/11473 1961/2188/11474 2234/2277/11475
f 2027/2267/11476 1946/2268/11477 1965/2272/11478
f 1595/1555/11479 1959/2269/11480 1784/1556/11481
f 1968/2278/11482 1958/2192/11483 2027/2267/11484
f 1538/1896/11485 2173/2276/11486 2234/2277/11487
f 1958/2192/11488 1968/2278/11489 1966/1644/11490
f 2173/2276/11491 2167/1898/11492 2169/2279/11493
f 1961/2188/11494 2174/2280/11495 1964/2189/11496
f 1957/2030/11497 1960/2193/11498 1962/1643/11499
f 1960/2193/11500 1958/2192/11501 1966/1644/11502
f 2234/2277/11503 1960/2193/11504 1827/2124/11505
f 2174/2280/11506 1961/2188/11507 2169/2279/11508
f 1946/2268/11509 1949/1536/11510 1965/2272/11511
f 1958/2192/11512 1963/2187/11513 1964/2189/11514
f 1477/2281/11515 2125/2282/11516 2126/2266/11517
f 1512/2159/11518 1959/2269/11519 1968/2278/11520
f 1595/1555/11521 1966/1644/11522 1959/2269/11523
f 1960/2193/11524 1966/1644/11525 1962/1643/11526
f 1968/2278/11527 1959/2269/11528 1966/1644/11529
f 2027/2267/11530 2079/2283/11531 1967/2160/11532
f 2027/2267/11533 1958/2192/11534 1964/2189/11535
f 1512/2159/11536 1968/2278/11537 1967/2160/11538
f 2176/2116/11539 1969/2029/11540 1627/1708/11541
f 1957/2030/11542 1969/2029/11543 1827/2124/11544
f 1630/1571/11545 1970/1573/11546 1541/2033/11547
f 1830/2128/11548 1970/1573/11549 1723/1572/11550
f 1971/1901/11551 1488/1614/11552 1540/1680/11553
f 1973/2072/11554 2029/1766/11555 2031/2284/11556
f 1972/2129/11557 1541/2033/11558 2029/1766/11559
f 2177/1487/11560 1972/2129/11561 1833/2074/11562
f 2031/2284/11563 2029/1766/11564 1831/1765/11565
f 1973/2072/11566 2030/2194/11567 2034/2073/11568
f 1852/2052/11569 1974/2134/11570 1547/2064/11571
f 1638/1594/11572 1850/1593/11573 1974/2134/11574
f 1736/1710/11575 1975/1954/11576 1734/1592/11577
f 1856/2053/11578 1975/1954/11579 1639/2136/11580
f 2152/1944/11581 2154/1951/11582 2156/1949/11583
f 2040/2201/11584 2041/1920/11585 1646/1919/11586
f 1876/1779/11587 1977/2225/11588 1646/1919/11589
f 1735/1807/11590 1852/2052/11591 1977/2225/11592
f 2044/1946/11593 1978/2206/11594 1855/1870/11595
f 2039/2200/11596 1978/2206/11597 1568/2207/11598
f 1980/1958/11599 311/2059/11600 310/1809/11601
f 1867/2139/11602 1979/2138/11603 1868/2213/11604
f 1981/2070/11605 1980/1958/11606 1650/1808/11607
f 1979/2138/11608 1980/1958/11609 1868/2213/11610
f 1981/2070/11611 1573/1776/11612 1990/2068/11613
f 1980/1958/11614 1981/2070/11615 1868/2213/11616
f 2182/1965/11617 1982/2060/11618 1644/2061/11619
f 1874/1826/11620 1982/2060/11621 1873/2141/11622
f 1882/2080/11623 1983/2222/11624 1751/2081/11625
f 2046/2223/11626 1983/2222/11627 1881/2230/11628
f 2051/2217/11629 2049/2285/11630 2050/1962/11631
f 1988/2218/11632 1866/2216/11633 1990/2068/11634
f 1886/2066/11635 1985/2144/11636 1756/1815/11637
f 1986/2215/11638 1985/2144/11639 1498/1968/11640
f 1885/1970/11641 2046/2223/11642 1987/2214/11643
f 1888/1775/11644 1986/2215/11645 1989/2286/11646
f 1988/2218/11647 1987/2214/11648 1984/2231/11649
f 1888/1775/11650 1989/2286/11651 1573/1776/11652
f 2049/2285/11653 1988/2218/11654 1984/2231/11655
f 1991/2069/11656 1990/2068/11657 1866/2216/11658
f 1986/2215/11659 1987/2214/11660 1989/2286/11661
f 1988/2218/11662 1989/2286/11663 1987/2214/11664
f 1573/1776/11665 1989/2286/11666 1990/2068/11667
f 1988/2218/11668 1990/2068/11669 1989/2286/11670
f 1867/2139/11671 1991/2069/11672 1866/2216/11673
f 1981/2070/11674 1991/2069/11675 1868/2213/11676
f 309/1810/11677 1994/2287/11678 1650/1808/11679
f 1994/2287/11680 308/2067/11681 1993/1816/11682
f 1888/1775/11683 1992/1774/11684 1993/1816/11685
f 1993/1816/11686 1992/1774/11687 1994/2287/11688
f 1650/1808/11689 1994/2287/11690 1992/1774/11691
f 308/2067/11692 1994/2287/11693 309/1810/11694
f 1887/1967/11695 1995/1845/11696 1649/1837/11697
f 307/1844/11698 1995/1845/11699 1889/1814/11700
f 2052/1899/11701 1629/1630/11702 1721/1615/11703
f 1997/2126/11704 1996/2127/11705 1722/2125/11706
f 1634/1635/11707 1998/1634/11708 1997/2126/11709
f 1998/1634/11710 2000/2147/11711 2001/2046/11712
f 1634/1635/11713 1823/1640/11714 2053/1633/11715
f 2000/2147/11716 1998/1634/11717 1543/2121/11718
f 1822/2190/11719 1953/1617/11720 2054/2027/11721
f 2085/2122/11722 1715/2026/11723 1716/2114/11724
f 1543/2121/11725 2084/2118/11726 2115/2145/11727
f 1656/2232/11728 2032/2288/11729 2033/2047/11730
f 1998/1634/11731 2001/2046/11732 1997/2126/11733
f 2001/2046/11734 2000/2147/11735 2033/2047/11736
f 2002/2150/11737 1505/2238/11738 2003/1663/11739
f 1582/2084/11740 1900/1501/11741 2002/2150/11742
f 2056/1697/11743 2004/1664/11744 1505/2238/11745
f 2003/1663/11746 1505/2238/11747 2004/1664/11748
f 2090/1693/11749 2058/2289/11750 2057/2290/11751
f 2004/1664/11752 2056/1697/11753 2090/1693/11754
f 1776/2089/11755 1901/1568/11756 2006/2153/11757
f 2057/2290/11758 2058/2289/11759 2097/1983/11760
f 1478/2239/11761 2062/2242/11762 2067/2291/11763
f 2005/1982/11764 2006/2153/11765 2098/2292/11766
f 1913/2092/11767 2007/1688/11768 1674/1546/11769
f 2007/1688/11770 1912/2248/11771 2008/1686/11772
f 1511/2247/11773 2064/2244/11774 1912/2248/11775
f 2009/2241/11776 1478/2239/11777 1904/1567/11778
f 1515/1996/11779 2009/2241/11780 1905/1478/11781
f 2063/2249/11782 2008/1686/11783 1912/2248/11784
f 1782/1547/11785 2010/1521/11786 1466/1520/11787
f 2010/1521/11788 1674/1546/11789 2007/1688/11790
f 1916/1998/11791 2011/1997/11792 1602/2096/11793
f 2014/2168/11794 2011/1997/11795 1915/1999/11796
f 2229/2293/11797 2225/2051/11798 2108/2294/11799
f 2073/2172/11800 2012/2257/11801 2107/1743/11802
f 1692/1558/11803 2013/1855/11804 1612/2054/11805
f 2014/2168/11806 2013/1855/11807 1793/2004/11808
f 2011/1997/11809 2014/2168/11810 1684/2000/11811
f 1915/1999/11812 1918/1873/11813 2015/2250/11814
f 1792/1872/11815 2016/2295/11816 2017/2167/11817
f 1919/1856/11818 2014/2168/11819 2015/2250/11820
f 2104/1871/11821 2165/2251/11822 1792/1872/11823
f 2023/2296/11824 1929/2007/11825 2021/2006/11826
f 1792/1872/11827 2017/2167/11828 2015/2250/11829
f 1523/1864/11830 2017/2167/11831 2016/2295/11832
f 1609/1748/11833 2018/1750/11834 1484/1861/11835
f 2019/2100/11836 2018/1750/11837 1610/2097/11838
f 1691/1689/11839 2019/2100/11840 1610/2097/11841
f 2019/2100/11842 1522/1910/11843 2074/2171/11844
f 1801/2099/11845 2074/2171/11846 1522/1910/11847
f 2102/2297/11848 2020/2170/11849 2075/2169/11850
f 1523/1864/11851 2016/2295/11852 2163/2298/11853
f 2190/2005/11854 1929/2007/11855 1930/1927/11856
f 2022/2258/11857 2023/2296/11858 1523/1864/11859
f 2158/2299/11860 2164/2252/11861 2161/2300/11862
f 1523/1864/11863 2023/2296/11864 2021/2006/11865
f 2022/2258/11866 2199/2260/11867 2239/2261/11868
f 1535/1511/11869 1952/2273/11870 2024/1892/11871
f 2024/1892/11872 1952/2273/11873 1951/1618/11874
f 1711/1510/11875 2025/2025/11876 1535/1511/11877
f 2026/2028/11878 1713/1904/11879 1716/2114/11880
f 1625/1619/11881 1952/2273/11882 2026/2028/11883
f 2025/2025/11884 2026/2028/11885 1952/2273/11886
f 2079/2283/11887 2027/2267/11888 1965/2272/11889
f 1968/2278/11890 2027/2267/11891 1967/2160/11892
f 2127/2265/11893 1943/1747/11894 1947/1746/11895
f 1786/1674/11896 2100/2162/11897 2069/1675/11898
f 2031/2284/11899 1831/1765/11900 1971/1901/11901
f 1972/2129/11902 2029/1766/11903 1973/2072/11904
f 1757/2075/11905 2032/2288/11906 2030/2194/11907
f 2030/2194/11908 2032/2288/11909 2034/2073/11910
f 1971/1901/11911 2030/2194/11912 2031/2284/11913
f 2031/2284/11914 2030/2194/11915 1973/2072/11916
f 1891/2045/11917 2033/2047/11918 1757/2075/11919
f 2034/2073/11920 2032/2288/11921 1656/2232/11922
f 2033/2047/11923 2000/2147/11924 2242/2146/11925
f 2033/2047/11926 2032/2288/11927 1757/2075/11928
f 1893/2079/11929 2034/2073/11930 1656/2232/11931
f 1657/2077/11932 1658/2035/11933 2036/1908/11934
f 2036/1908/11935 2034/2073/11936 1657/2077/11937
f 2037/1909/11938 2035/2071/11939 2036/1908/11940
f 2036/1908/11941 1658/2035/11942 1655/1819/11943
f 2034/2073/11944 2036/1908/11945 2035/2071/11946
f 1473/1488/11947 2037/1909/11948 1471/1758/11949
f 1833/2074/11950 2035/2071/11951 2037/1909/11952
f 2039/2200/11953 2038/2063/11954 1547/2064/11955
f 2040/2201/11956 2038/2063/11957 1976/1953/11958
f 1978/2206/11959 2039/2200/11960 1547/2064/11961
f 2039/2200/11962 1568/2207/11963 2154/1951/11964
f 2040/2201/11965 1976/1953/11966 2041/1920/11967
f 1977/2225/11968 2040/2201/11969 1646/1919/11970
f 2153/1952/11971 2042/2301/11972 2041/1920/11973
f 2042/2301/11974 1497/2208/11975 2222/2227/11976
f 1879/1921/11977 2041/1920/11978 2042/2301/11979
f 2153/1952/11980 2041/1920/11981 1976/1953/11982
f 1856/2053/11983 1978/2206/11984 2043/1955/11985
f 1547/2064/11986 2043/1955/11987 1978/2206/11988
f 2203/2302/11989 2044/1946/11990 1855/1870/11991
f 1494/1932/11992 1567/1922/11993 2045/1947/11994
f 2156/1949/11995 1567/1922/11996 1564/1948/11997
f 1568/2207/11998 2044/1946/11999 2045/1947/12000
f 2047/2224/12001 2046/2223/12002 1881/2230/12003
f 1987/2214/12004 2046/2223/12005 1984/2231/12006
f 2047/2224/12007 1881/2230/12008 1883/1976/12009
f 2047/2224/12010 1873/2141/12011 2189/2229/12012
f 1873/2141/12013 2048/1824/12014 1874/1826/12015
f 1883/1976/12016 2048/1824/12017 2047/2224/12018
f 2189/2229/12019 2049/2285/12020 1984/2231/12021
f 2049/2285/12022 1570/2228/12023 2050/1962/12024
f 1570/2228/12025 2080/1963/12026 2050/1962/12027
f 2141/1961/12028 2080/1963/12029 1872/1964/12030
f 2049/2285/12031 2051/2217/12032 1988/2218/12033
f 2050/1962/12034 1869/1787/12035 2051/2217/12036
f 1722/2125/12037 2052/1899/12038 1829/2031/12039
f 1629/1630/12040 2052/1899/12041 1996/2127/12042
f 1822/2190/12043 1999/2120/12044 2053/1633/12045
f 1998/1634/12046 2053/1633/12047 1999/2120/12048
f 2026/2028/12049 2054/2027/12050 1625/1619/12051
f 2054/2027/12052 1715/2026/12053 2083/2303/12054
f 2083/2303/12055 1715/2026/12056 2085/2122/12057
f 2086/2196/12058 2224/1905/12059 2085/2122/12060
f 2056/1697/12061 1505/2238/12062 1772/1500/12063
f 2090/1693/12064 2056/1697/12065 1771/2237/12066
f 2101/2304/12067 2098/2292/12068 2134/2305/12069
f 1896/2233/12070 2092/2306/12071 1510/2235/12072
f 1771/2237/12073 1899/2087/12074 2059/1736/12075
f 2219/1735/12076 1590/1553/12077 1668/1484/12078
f 1590/1553/12079 2059/1736/12080 1476/1551/12081
f 1771/2237/12082 2059/1736/12083 2058/2289/12084
f 1598/1477/12085 2060/1687/12086 1515/1996/12087
f 2007/1688/12088 2060/1687/12089 1783/1991/12090
f 2063/2249/12091 2064/2244/12092 2061/2243/12093
f 1478/2239/12094 2065/2307/12095 2006/2153/12096
f 2067/2291/12097 2061/2243/12098 2065/2307/12099
f 1478/2239/12100 2009/2241/12101 2062/2242/12102
f 2061/2243/12103 2062/2242/12104 2063/2249/12105
f 2008/1686/12106 2063/2249/12107 2062/2242/12108
f 2124/2164/12109 2068/2308/12110 2069/1675/12111
f 2064/2244/12112 1511/2247/12113 2068/2308/12114
f 2071/2245/12115 2068/2308/12116 2072/2309/12117
f 2005/1982/12118 2098/2292/12119 1907/2152/12120
f 2096/2310/12121 2129/2156/12122 2092/2306/12123
f 2061/2243/12124 2071/2245/12125 2134/2305/12126
f 2061/2243/12127 2067/2291/12128 2062/2242/12129
f 2065/2307/12130 1478/2239/12131 2067/2291/12132
f 2069/1675/12133 2068/2308/12134 1511/2247/12135
f 2066/2311/12136 2072/2309/12137 2068/2308/12138
f 2099/1673/12139 2069/1675/12140 1511/2247/12141
f 2028/2312/12142 2100/2162/12143 1786/1674/12144
f 2093/2313/12145 2066/2311/12146 2121/2314/12147
f 2133/2315/12148 2101/2304/12149 2057/2290/12150
f 2068/2308/12151 2071/2245/12152 2064/2244/12153
f 2071/2245/12154 2070/2316/12155 2134/2305/12156
f 2135/2317/12157 2231/2318/12158 2101/2304/12159
f 2071/2245/12160 2072/2309/12161 2070/2316/12162
f 2073/2172/12163 1795/2003/12164 2077/2173/12165
f 2106/2319/12166 2073/2172/12167 2107/1743/12168
f 1801/2099/12169 1923/1914/12170 2076/2254/12171
f 2019/2100/12172 2074/2171/12173 2020/2170/12174
f 2229/2293/12175 2109/2256/12176 2110/2320/12177
f 2102/2297/12178 2075/2169/12179 2012/2257/12180
f 1493/2255/12181 2076/2254/12182 1923/1914/12183
f 2074/2171/12184 2076/2254/12185 2075/2169/12186
f 2019/2100/12187 2077/2173/12188 1921/1862/12189
f 2077/2173/12190 2020/2170/12191 2102/2297/12192
f 2079/2283/12193 2078/2161/12194 1967/2160/12195
f 1786/1674/12196 2078/2161/12197 2028/2312/12198
f 2126/2266/12199 2079/2283/12200 1965/2272/12201
f 2078/2161/12202 2079/2283/12203 2028/2312/12204
f 2182/1965/12205 2080/1963/12206 1570/2228/12207
f 1872/1964/12208 2220/2219/12209 2141/1961/12210
f 1571/2140/12211 2220/2219/12212 1872/1964/12213
f 2114/1788/12214 1869/1787/12215 2050/1962/12216
f 1999/2120/12217 2054/2027/12218 2083/2303/12219
f 2089/1907/12220 2055/2117/12221 2224/1905/12222
f 2055/2117/12223 2082/2119/12224 2083/2303/12225
f 2083/2303/12226 2082/2119/12227 1999/2120/12228
f 1764/2149/12229 1765/2148/12230 2115/2145/12231
f 1543/2121/12232 2082/2119/12233 2084/2118/12234
f 2086/2196/12235 2085/2122/12236 1489/2115/12237
f 2055/2117/12238 2083/2303/12239 2085/2122/12240
f 2086/2196/12241 1489/2115/12242 2116/2198/12243
f 1834/1974/12244 2088/2195/12245 1542/2131/12246
f 2223/2037/12247 2087/1906/12248 1835/2038/12249
f 2089/1907/12250 1764/2149/12251 2084/2118/12252
f 1835/2038/12253 2088/2195/12254 1834/1974/12255
f 2086/2196/12256 2088/2195/12257 2087/1906/12258
f 2055/2117/12259 2089/1907/12260 2084/2118/12261
f 2223/2037/12262 2089/1907/12263 2087/1906/12264
f 2058/2289/12265 2090/1693/12266 1771/2237/12267
f 2119/1692/12268 2090/1693/12269 2057/2290/12270
f 2091/2321/12271 2094/1662/12272 2231/2318/12273
f 2070/2316/12274 2072/2309/12275 2093/2313/12276
f 2120/2234/12277 1896/2233/12278 1769/2151/12279
f 2096/2310/12280 2092/2306/12281 2091/2321/12282
f 2072/2309/12283 2066/2311/12284 2093/2313/12285
f 2127/2265/12286 2128/2155/12287 1477/2281/12288
f 2091/2321/12289 2092/2306/12290 2094/1662/12291
f 2094/1662/12292 2092/2306/12293 2120/2234/12294
f 2096/2310/12295 2093/2313/12296 2121/2314/12297
f 2123/2322/12298 1477/2281/12299 2128/2155/12300
f 2093/2313/12301 2096/2310/12302 2091/2321/12303
f 2096/2310/12304 2095/2157/12305 2129/2156/12306
f 2097/1983/12307 1907/2152/12308 2133/2315/12309
f 2097/1983/12310 2058/2289/12311 2219/1735/12312
f 2006/2153/12313 2065/2307/12314 2098/2292/12315
f 2098/2292/12316 2065/2307/12317 2134/2305/12318
f 1911/1992/12319 2099/1673/12320 1511/2247/12321
f 1786/1674/12322 2099/1673/12323 1780/1990/12324
f 2028/2312/12325 2125/2282/12326 2100/2162/12327
f 1477/2281/12328 2123/2322/12329 2122/2163/12330
f 2101/2304/12331 1907/2152/12332 2098/2292/12333
f 2093/2313/12334 2135/2317/12335 2070/2316/12336
f 2012/2257/12337 2073/2172/12338 2102/2297/12339
f 2077/2173/12340 2102/2297/12341 2073/2172/12342
f 2103/1745/12343 2106/2319/12344 2107/1743/12345
f 2164/2252/12346 2148/2179/12347 2161/2300/12348
f 1918/1873/12349 2105/2253/12350 2104/1871/12351
f 2106/2319/12352 1917/2166/12353 2073/2172/12354
f 1916/1998/12355 2105/2253/12356 1918/1873/12357
f 2106/2319/12358 2105/2253/12359 1917/2166/12360
f 2103/1745/12361 2104/1871/12362 2106/2319/12363
f 2106/2319/12364 2104/1871/12365 2105/2253/12366
f 2012/2257/12367 2110/2320/12368 2109/2256/12369
f 2164/2252/12370 2112/1744/12371 2111/2323/12372
f 2227/2175/12373 2136/2324/12374 2228/2325/12375
f 2139/2182/12376 2147/2326/12377 2150/2178/12378
f 2110/2320/12379 2012/2257/12380 2075/2169/12381
f 2108/2294/12382 2228/2325/12383 2137/2327/12384
f 1493/2255/12385 2230/2328/12386 2075/2169/12387
f 1927/1875/12388 2225/2051/12389 2229/2293/12390
f 2137/2327/12391 2113/2329/12392 2108/2294/12393
f 2111/2323/12394 2166/2330/12395 2164/2252/12396
f 2107/1743/12397 2109/2256/12398 2112/1744/12399
f 2113/2329/12400 2109/2256/12401 2108/2294/12402
f 2111/2323/12403 2112/1744/12404 2113/2329/12405
f 2109/2256/12406 2113/2329/12407 2112/1744/12408
f 2081/2221/12409 2142/2226/12410 2114/1788/12411
f 2157/2210/12412 2142/2226/12413 1497/2208/12414
f 2115/2145/12415 2084/2118/12416 1764/2149/12417
f 2242/2146/12418 2115/2145/12419 1759/2078/12420
f 1489/2115/12421 2117/2113/12422 2116/2198/12423
f 2116/2198/12424 2117/2113/12425 2178/2112/12426
f 1713/1904/12427 2117/2113/12428 1489/2115/12429
f 2181/1889/12430 2178/2112/12431 2117/2113/12432
f 1542/2131/12433 2086/2196/12434 2118/2197/12435
f 2116/2198/12436 2118/2197/12437 2086/2196/12438
f 2231/2318/12439 2057/2290/12440 2101/2304/12441
f 2094/1662/12442 2119/1692/12443 2231/2318/12444
f 1896/2233/12445 2120/2234/12446 2092/2306/12447
f 2003/1663/12448 2120/2234/12449 1769/2151/12450
f 2121/2314/12451 2066/2311/12452 2122/2163/12453
f 2096/2310/12454 2121/2314/12455 2095/2157/12456
f 2124/2164/12457 2122/2163/12458 2066/2311/12459
f 2125/2282/12460 2122/2163/12461 2100/2162/12462
f 2095/2157/12463 2121/2314/12464 2123/2322/12465
f 2122/2163/12466 2123/2322/12467 2121/2314/12468
f 2068/2308/12469 2124/2164/12470 2066/2311/12471
f 2100/2162/12472 2124/2164/12473 2069/1675/12474
f 2079/2283/12475 2126/2266/12476 2028/2312/12477
f 2122/2163/12478 2125/2282/12479 1477/2281/12480
f 2028/2312/12481 2126/2266/12482 2125/2282/12483
f 1965/2272/12484 1943/1747/12485 2126/2266/12486
f 2123/2322/12487 2128/2155/12488 2095/2157/12489
f 1477/2281/12490 2126/2266/12491 2127/2265/12492
f 1945/2270/12493 2130/2264/12494 2127/2265/12495
f 1510/2235/12496 2092/2306/12497 2129/2156/12498
f 2128/2155/12499 2130/2264/12500 2129/2156/12501
f 1945/2270/12502 2131/2236/12503 2130/2264/12504
f 2127/2265/12505 2130/2264/12506 2128/2155/12507
f 1945/2270/12508 2186/2246/12509 2131/2236/12510
f 2132/2154/12511 1778/1984/12512 1592/2090/12513
f 1510/2235/12514 2129/2156/12515 2131/2236/12516
f 1510/2235/12517 2132/2154/12518 1897/2086/12519
f 1778/1984/12520 2132/2154/12521 2131/2236/12522
f 2097/1983/12523 2133/2315/12524 2057/2290/12525
f 1907/2152/12526 2101/2304/12527 2133/2315/12528
f 2134/2305/12529 2065/2307/12530 2061/2243/12531
f 2135/2317/12532 2134/2305/12533 2070/2316/12534
f 2231/2318/12535 2093/2313/12536 2091/2321/12537
f 2134/2305/12538 2135/2317/12539 2101/2304/12540
f 2113/2329/12541 2137/2327/12542 2111/2323/12543
f 2228/2325/12544 2225/2051/12545 2227/2175/12546
f 2138/2331/12547 2136/2324/12548 2146/2174/12549
f 2137/2327/12550 2136/2324/12551 2138/2331/12552
f 1524/2103/12553 2139/2182/12554 2138/2331/12555
f 2149/2180/12556 2148/2179/12557 2166/2330/12558
f 1524/2103/12559 1806/1587/12560 2140/2181/12561
f 2147/2326/12562 2139/2182/12563 1812/2176/12564
f 2140/2181/12565 1813/1586/12566 1814/2011/12567
f 1524/2103/12568 2140/2181/12569 2139/2182/12570
f 2081/2221/12571 2114/1788/12572 2141/1961/12573
f 2050/1962/12574 2141/1961/12575 2114/1788/12576
f 2222/2227/12577 2142/2226/12578 2081/2221/12579
f 2159/2212/12580 1497/2208/12581 2151/1943/12582
f 2144/1851/12583 1862/2137/12584 1864/2211/12585
f 2145/1789/12586 1569/1853/12587 1869/1787/12588
f 2145/1789/12589 2144/1851/12590 1569/1853/12591
f 2143/2209/12592 2159/2212/12593 2144/1851/12594
f 2157/2210/12595 2114/1788/12596 2142/2226/12597
f 2145/1789/12598 2157/2210/12599 2144/1851/12600
f 2138/2331/12601 2146/2174/12602 1524/2103/12603
f 2227/2175/12604 2146/2174/12605 2136/2324/12606
f 2194/2332/12607 1812/2176/12608 2193/2177/12609
f 2147/2326/12610 1485/2333/12611 2161/2300/12612
f 2162/2259/12613 2158/2299/12614 2161/2300/12615
f 2149/2180/12616 2111/2323/12617 2137/2327/12618
f 2137/2327/12619 2138/2331/12620 2149/2180/12621
f 2138/2331/12622 2139/2182/12623 2150/2178/12624
f 2148/2179/12625 2150/2178/12626 2147/2326/12627
f 2138/2331/12628 2150/2178/12629 2149/2180/12630
f 2042/2301/12631 2153/1952/12632 2155/2334/12633
f 2152/1944/12634 1564/1948/12635 1565/1938/12636
f 1546/1822/12637 2152/1944/12638 1565/1938/12639
f 2152/1944/12640 2151/1943/12641 2153/1952/12642
f 2039/2200/12643 2154/1951/12644 1976/1953/12645
f 2153/1952/12646 2151/1943/12647 2155/2334/12648
f 2156/1949/12649 2154/1951/12650 1568/2207/12651
f 2152/1944/12652 2153/1952/12653 2154/1951/12654
f 2151/1943/12655 1497/2208/12656 2155/2334/12657
f 2042/2301/12658 2155/2334/12659 1497/2208/12660
f 2045/1947/12661 2156/1949/12662 1568/2207/12663
f 2152/1944/12664 2156/1949/12665 1564/1948/12666
f 2144/1851/12667 2157/2210/12668 2143/2209/12669
f 2114/1788/12670 2157/2210/12671 2145/1789/12672
f 2163/2298/12673 2158/2299/12674 2162/2259/12675
f 2165/2251/12676 2232/2335/12677 1792/1872/12678
f 1497/2208/12679 2159/2212/12680 2143/2209/12681
f 2160/1945/12682 2159/2212/12683 2151/1943/12684
f 1863/1821/12685 2160/1945/12686 1546/1822/12687
f 2160/1945/12688 1862/2137/12689 2159/2212/12690
f 2147/2326/12691 2161/2300/12692 2148/2179/12693
f 2162/2259/12694 2161/2300/12695 1485/2333/12696
f 2162/2259/12697 1485/2333/12698 2199/2260/12699
f 2163/2298/12700 2162/2259/12701 2022/2258/12702
f 1523/1864/12703 2163/2298/12704 2022/2258/12705
f 2232/2335/12706 2163/2298/12707 2016/2295/12708
f 2163/2298/12709 2232/2335/12710 2158/2299/12711
f 2112/1744/12712 2164/2252/12713 2103/1745/12714
f 2103/1745/12715 2165/2251/12716 2104/1871/12717
f 2164/2252/12718 2158/2299/12719 2232/2335/12720
f 2149/2180/12721 2166/2330/12722 2111/2323/12723
f 2148/2179/12724 2164/2252/12725 2166/2330/12726
f 1707/2109/12727 2168/2275/12728 2167/1898/12729
f 2168/2275/12730 2169/2279/12731 2167/1898/12732
f 1954/2110/12733 2168/2275/12734 1707/2109/12735
f 2169/2279/12736 2168/2275/12737 1825/2274/12738
f 1825/2274/12739 2170/2336/12740 2174/2280/12741
f 2169/2279/12742 1961/2188/12743 2173/2276/12744
f 1954/2110/12745 2171/2263/12746 1825/2274/12747
f 2170/2336/12748 2172/2191/12749 2233/2271/12750
f 1939/1839/12751 2171/2263/12752 1486/1840/12753
f 1825/2274/12754 2171/2263/12755 2170/2336/12756
f 1946/2268/12757 2172/2191/12758 1948/1537/12759
f 2171/2263/12760 2172/2191/12761 2170/2336/12762
f 1961/2188/12763 1963/2187/12764 2234/2277/12765
f 2167/1898/12766 2173/2276/12767 1538/1896/12768
f 1825/2274/12769 2174/2280/12770 2169/2279/12771
f 2174/2280/12772 2170/2336/12773 2233/2271/12774
f 1753/2082/12775 2175/1790/12776 1474/1770/12777
f 1755/1827/12778 2175/1790/12779 1749/2143/12780
f 2176/2116/12781 1627/1708/12782 2188/2123/12783
f 2234/2277/12784 2176/2116/12785 1538/1896/12786
f 1422/1601/12787 2177/1487/12788 1421/1489/12789
f 1972/2129/12790 2177/1487/12791 1724/1599/12792
f 2116/2198/12793 2178/2112/12794 1837/2039/12795
f 2181/1889/12796 2117/2113/12797 1710/1903/12798
f 2187/1897/12799 2179/2111/12800 1714/1891/12801
f 1633/2042/12802 2179/2111/12803 1956/2043/12804
f 1838/2041/12805 2180/2040/12806 1633/2042/12807
f 1837/2039/12808 2178/2112/12809 2180/2040/12810
f 1712/1890/12811 2181/1889/12812 1710/1903/12813
f 2179/2111/12814 2181/1889/12815 1714/1891/12816
f 1873/2141/12817 2182/1965/12818 1570/2228/12819
f 2183/1966/12820 2182/1965/12821 1644/2061/12822
f 1744/1792/12823 2183/1966/12824 1644/2061/12825
f 1872/1964/12826 2183/1966/12827 1871/2062/12828
f 1906/1479/12829 2184/1469/12830 1479/1540/12831
f 2184/1469/12832 1902/2240/12833 1903/1569/12834
f 1545/1582/12835 2185/1874/12836 1926/2199/12837
f 2229/2293/12838 2185/1874/12839 1927/1875/12840
f 2131/2236/12841 2186/2246/12842 1778/1984/12843
f 1947/1746/12844 2186/2246/12845 1945/2270/12846
f 2167/1898/12847 2187/1897/12848 1714/1891/12849
f 2176/2116/12850 2187/1897/12851 1538/1896/12852
f 1955/2044/12853 2188/2123/12854 1718/1894/12855
f 2176/2116/12856 2188/2123/12857 1956/2043/12858
f 2049/2285/12859 2189/2229/12860 1570/2228/12861
f 2047/2224/12862 2189/2229/12863 1984/2231/12864
f 1640/1772/12865 2190/2005/12866 1930/1927/12867
f 1804/2055/12868 2190/2005/12869 1931/2101/12870
f 2194/2332/12871 2147/2326/12872 1812/2176/12873
f 2199/2260/12874 2194/2332/12875 2195/2337/12876
f 2197/1928/12877 2204/2338/12878 2205/1929/12879
f 2195/2337/12880 2192/2183/12881 2197/1928/12882
f 1525/2010/12883 2193/2177/12884 1814/2011/12885
f 2194/2332/12886 2193/2177/12887 2192/2183/12888
f 2195/2337/12889 2194/2332/12890 2192/2183/12891
f 2147/2326/12892 2194/2332/12893 1485/2333/12894
f 2192/2183/12895 2204/2338/12896 2197/1928/12897
f 2199/2260/12898 2195/2337/12899 2191/2339/12900
f 2203/2302/12901 2198/1869/12902 2202/1930/12903
f 2197/1928/12904 2240/2204/12905 2195/2337/12906
f 2210/2016/12907 2204/2338/12908 2192/2183/12909
f 2236/2340/12910 2241/1878/12911 2198/1869/12912
f 1548/1641/12913 2236/2340/12914 1857/1642/12915
f 2241/1878/12916 2236/2340/12917 2235/2202/12918
f 2191/2339/12919 2239/2261/12920 2199/2260/12921
f 1485/2333/12922 2194/2332/12923 2199/2260/12924
f 1525/2010/12925 1810/1759/12926 2201/1937/12927
f 2205/1929/12928 2200/2341/12929 2207/2342/12930
f 1615/1773/12931 2214/2018/12932 2211/1936/12933
f 2211/1936/12934 2212/2019/12935 2213/2343/12936
f 2196/1879/12937 2205/1929/12938 2208/2344/12939
f 1494/1932/12940 2044/1946/12941 2203/2302/12942
f 2198/1869/12943 2203/2302/12944 1855/1870/12945
f 1494/1932/12946 2203/2302/12947 2202/1930/12948
f 2210/2016/12949 2192/2183/12950 1525/2010/12951
f 2204/2338/12952 2200/2341/12953 2205/1929/12954
f 2206/2345/12955 2215/2015/12956 2213/2343/12957
f 2208/2344/12958 2205/1929/12959 2207/2342/12960
f 1561/1860/12961 2209/2346/12962 1549/1858/12963
f 2213/2343/12964 2209/2346/12965 2206/2345/12966
f 2200/2341/12967 2210/2016/12968 2215/2015/12969
f 2208/2344/12970 2207/2342/12971 2206/2345/12972
f 2209/2346/12973 2217/1950/12974 2206/2345/12975
f 2208/2344/12976 2202/1930/12977 2196/1879/12978
f 1561/1860/12979 1560/1942/12980 2209/2346/12981
f 2209/2346/12982 1560/1942/12983 2217/1950/12984
f 2204/2338/12985 2210/2016/12986 2200/2341/12987
f 1525/2010/12988 2201/1937/12989 2210/2016/12990
f 2212/2019/12991 1616/2017/12992 1618/1941/12993
f 1549/1858/12994 2213/2343/12995 2212/2019/12996
f 1549/1858/12997 2209/2346/12998 2213/2343/12999
f 1616/2017/13000 2212/2019/13001 2211/1936/13002
f 2215/2015/13003 2206/2345/13004 2207/2342/13005
f 2201/1937/13006 2211/1936/13007 2213/2343/13008
f 1699/1738/13009 2214/2018/13010 1615/1773/13011
f 1616/2017/13012 2214/2018/13013 1700/2014/13014
f 2200/2341/13015 2215/2015/13016 2207/2342/13017
f 2201/1937/13018 2213/2343/13019 2215/2015/13020
f 2202/1930/13021 2208/2344/13022 2216/1931/13023
f 2206/2345/13024 2217/1950/13025 2208/2344/13026
f 2218/1923/13027 2217/1950/13028 1560/1942/13029
f 2208/2344/13030 2217/1950/13031 2216/1931/13032
f 1566/1924/13033 2218/1923/13034 1560/1942/13035
f 1494/1932/13036 2218/1923/13037 1567/1922/13038
f 2219/1735/13039 1509/1524/13040 2005/1982/13041
f 2059/1736/13042 2219/1735/13043 2058/2289/13044
f 2221/2220/13045 2220/2219/13046 1571/2140/13047
f 2141/1961/13048 2220/2219/13049 2081/2221/13050
f 1880/1925/13051 2221/2220/13052 1571/2140/13053
f 2042/2301/13054 2222/2227/13055 1879/1921/13056
f 2081/2221/13057 2221/2220/13058 2222/2227/13059
f 2222/2227/13060 2221/2220/13061 1879/1921/13062
f 1765/2148/13063 2223/2037/13064 1632/2036/13065
f 2089/1907/13066 2223/2037/13067 1764/2149/13068
f 2085/2122/13069 2224/1905/13070 2055/2117/13071
f 2086/2196/13072 2087/1906/13073 2224/1905/13074
f 2226/1913/13075 2227/2175/13076 2225/2051/13077
f 2108/2294/13078 2109/2256/13079 2229/2293/13080
f 2226/1913/13081 1927/1875/13082 1732/1911/13083
f 2227/2175/13084 2226/1913/13085 1637/2262/13086
f 1936/2105/13087 2227/2175/13088 1637/2262/13089
f 2146/2174/13090 2227/2175/13091 1808/2104/13092
f 2137/2327/13093 2228/2325/13094 2136/2324/13095
f 2108/2294/13096 2225/2051/13097 2228/2325/13098
f 2110/2320/13099 2230/2328/13100 2229/2293/13101
f 2230/2328/13102 2185/1874/13103 2229/2293/13104
f 2075/2169/13105 2230/2328/13106 2110/2320/13107
f 2185/1874/13108 2230/2328/13109 1493/2255/13110
f 2231/2318/13111 2119/1692/13112 2057/2290/13113
f 2093/2313/13114 2231/2318/13115 2135/2317/13116
f 1792/1872/13117 2232/2335/13118 2016/2295/13119
f 2164/2252/13120 2232/2335/13121 2165/2251/13122
f 1946/2268/13123 1964/2189/13124 2233/2271/13125
f 2174/2280/13126 2233/2271/13127 1964/2189/13128
f 1960/2193/13129 2234/2277/13130 1963/2187/13131
f 2234/2277/13132 1827/2124/13133 2176/2116/13134
f 1930/1927/13135 2237/2203/13136 1548/1641/13137
f 2238/2205/13138 2235/2202/13139 1929/2007/13140
f 1857/1642/13141 2236/2340/13142 2198/1869/13143
f 2237/2203/13144 2236/2340/13145 1548/1641/13146
f 1929/2007/13147 2237/2203/13148 1930/1927/13149
f 2236/2340/13150 2237/2203/13151 2235/2202/13152
f 2239/2261/13153 1929/2007/13154 2023/2296/13155
f 2240/2204/13156 2238/2205/13157 2191/2339/13158
f 2022/2258/13159 2239/2261/13160 2023/2296/13161
f 2191/2339/13162 2238/2205/13163 2239/2261/13164
f 2195/2337/13165 2240/2204/13166 2191/2339/13167
f 2241/1878/13168 2197/1928/13169 2196/1879/13170
f 2238/2205/13171 2241/1878/13172 2235/2202/13173
f 2197/1928/13174 2241/1878/13175 2240/2204/13176
f 1893/2079/13177 2242/2146/13178 1759/2078/13179
f 2033/2047/13180 2242/2146/13181 1656/2232/13182
