# This file uses meters as units for non-parametric coordinates.

mtllib Clothes5.mtl
g default
v 63.847763 17.179443 -70.085205
v 34.356308 16.827526 -75.429932
v 5.145615 20.695965 -84.533203
v -26.862442 29.874767 -92.240967
v -54.503799 41.805897 -101.054688
v -84.672745 40.779942 -99.968750
v -113.468643 52.584911 -101.784668
v -143.874161 56.946659 -107.859375
v -174.977432 55.459934 -107.406982
v -203.173477 47.345554 -95.977051
v -231.422256 39.377834 -84.608643
v -245.159317 20.930008 -66.967285
v -239.029434 -4.473213 -50.008789
v -233.107071 -23.970659 -32.524658
v -256.674194 -17.411627 -7.138184
v -252.546280 2.105885 11.712891
v -269.535522 -9.052507 28.975098
v -268.105591 -24.145107 53.064941
v -245.555557 -21.635710 72.873779
v -219.683487 -10.716415 87.137695
v -193.599503 -12.246473 103.973877
v -166.199600 -8.570179 119.029541
v -138.936905 -9.362879 134.914062
v -111.405655 -13.562973 149.939941
v -81.868546 -23.960503 152.729492
v -50.845352 -29.563267 150.743896
v -19.578506 -27.409153 148.493408
v 11.282578 -21.558617 145.869629
v 42.157089 -18.518799 142.284180
v 72.165878 -25.960518 145.174072
v 99.662460 -34.562325 157.704346
v 127.409042 -35.349846 172.180176
v 114.683456 -36.128597 199.876221
v 101.031601 -32.875240 228.467041
v 86.413193 -31.725666 253.617188
v 71.224472 -16.664284 272.183350
v 66.366074 -5.136776 259.755127
v 69.888535 -27.175098 239.472656
v 75.132919 -32.343014 211.962891
v 44.223984 -32.348717 205.614746
v 13.650497 -32.329002 197.722168
v -16.051895 -27.475140 188.838379
v -45.969620 -18.583921 190.501221
v -74.797012 -10.274597 199.544189
v -100.977921 0.243931 203.771240
v -127.755264 14.741383 193.954834
v -152.185440 17.266842 174.298340
v -175.139053 15.350929 152.476074
v -198.274063 12.446339 131.038818
v -221.477921 8.748066 109.806396
v -245.247696 2.142460 90.013916
v -268.579468 -1.794868 69.078125
v -290.074829 0.380474 46.296387
v -316.473267 11.527859 41.537354
v -314.439331 17.014248 14.272949
v -305.335571 40.338291 -4.435791
v -287.901978 50.829166 -24.890381
v -269.916870 59.344135 -49.175537
v -246.468399 64.722931 -69.317383
v -217.654190 66.844971 -81.836914
v -188.734512 68.274933 -94.197998
v -160.665909 69.143448 -108.277588
v -145.791153 76.214630 -133.516113
v -125.373672 71.813858 -131.750000
v -108.907608 65.994476 -105.373047
v -85.836563 54.047665 -88.144043
v -56.350967 51.126522 -77.666748
v -27.852676 40.937054 -66.127930
v 0.143417 45.737820 -52.686279
v 29.281357 36.946674 -45.975830
v 54.864365 30.332699 -39.306396
v 82.189804 22.797859 -26.094482
v 112.609970 25.442959 -18.364014
v 132.350204 47.798916 -11.748047
v 133.273300 76.742691 -5.417236
v 154.483261 77.452484 -0.186768
v 161.510117 48.779949 0.730225
v 143.698837 26.760952 -2.437012
v 169.511337 13.083385 16.225586
v 190.233505 3.762688 36.847168
v 214.852402 -3.450584 56.113525
v 234.166855 5.399708 36.519287
v 253.396591 9.861282 15.754150
v 270.019165 6.138935 -7.838623
v 281.103638 0.136127 -34.188965
v 289.931763 -3.965199 -56.876221
v 292.438354 -7.010916 -90.753174
v 295.364136 -7.818010 -119.599854
v 297.330933 -8.043781 -148.338867
v 299.006958 -8.128704 -176.994629
v 269.544312 -17.294483 -181.747559
v 238.850204 -18.800106 -184.361572
v 207.911972 -14.215040 -184.839600
v 176.752792 -14.707829 -186.392334
v 152.303574 -4.198692 -181.122070
v 125.127548 -15.894205 -183.977051
v 106.147324 -8.572866 -167.396484
v 88.196396 4.887604 -178.287598
v 65.051865 0.484768 -162.307617
v 64.835800 1.758736 -131.063965
v 64.167343 9.175316 -100.619873
v 282.880981 -15.807545 -163.849854
v 224.967148 -29.202969 -108.277344
v 213.959335 14.754974 -0.608398
v 213.239853 1.767731 35.364746
v 256.666138 -8.856298 -88.865479
v 230.759872 8.991566 13.755127
v 242.770370 20.793545 -13.728271
v 274.346558 -16.473965 -78.685547
v 268.714966 -27.029068 -110.768555
v 275.800171 -21.990549 -137.382080
v 256.922241 1.292374 -57.055908
v 283.952759 -15.906744 -106.252197
v 245.416855 -32.360016 -133.119629
v 272.951294 -6.791151 -50.676758
v 256.733765 10.644356 -31.167480
v -261.710815 -34.704956 28.043701
v -227.295547 -6.917038 -141.489502
v 106.583603 -35.582436 178.986816
v 25.544052 -36.127441 204.229492
v -128.054092 -36.128597 147.662842
v -5.540176 25.282814 -204.529053
v 52.281357 21.255028 -87.767090
v 23.617050 -13.755444 240.829590
v 56.287704 -31.680271 223.973145
v 32.463242 -29.376041 225.672119
v 47.177109 -19.352465 241.288086
v 148.694687 25.654316 -134.821289
v 189.684189 -28.430782 -140.804932
v 193.451523 10.106960 11.947021
v 211.841415 6.642735 16.735596
v 183.664658 39.131672 -12.582764
v 179.368759 20.367596 -2.449951
v 247.535507 -24.056496 -112.788330
v 256.327271 -26.846920 -158.582275
v 221.568710 -26.685911 -156.246582
v 239.368027 -30.406567 -151.048584
v -295.985474 -6.844805 45.448242
v -291.671021 -23.997524 -33.372803
v -283.869507 -22.974890 33.885742
v -202.006729 -26.884922 67.379883
v -242.031631 -34.471588 102.958252
v -211.217178 -7.707054 -111.990234
v -270.927612 14.126957 -75.363037
v -228.585587 55.986889 -136.253662
v 42.281601 -36.128597 167.134766
v 73.866562 -35.173336 177.460693
v 60.894394 -36.128597 223.358887
v -59.561661 -36.128597 219.465820
v -25.519180 -35.741386 159.569336
v -179.246719 -32.762630 175.391846
v -130.695938 -27.373383 105.988037
v -74.560440 -34.643784 120.820068
v -126.007950 -29.334887 208.427246
v -32.192276 51.153278 -165.605225
v -105.835587 60.186543 -185.402344
v -21.612198 57.126827 -143.974609
v -7.572647 -19.518236 223.767822
v 12.510605 -23.870201 227.039795
v 39.255478 -11.578434 263.388916
v 138.651474 41.985256 -80.732910
v 112.212021 -27.625675 -115.850342
v 191.159531 -19.962284 -165.374756
v 159.027695 -15.196608 -153.236084
v 176.066025 -23.337936 -153.645264
v 155.596054 47.563915 -20.345459
v 215.562119 39.409184 -23.635742
v 237.325546 29.466793 -38.055908
v 192.239365 4.684307 -65.017578
v 204.841904 18.985886 -43.801270
v 215.872910 35.594929 -46.194824
v 232.116562 10.985790 -65.118164
v 185.815781 45.838390 -38.634521
v 222.830917 -18.710796 -173.652344
v 220.108994 -32.318134 -131.979736
v -301.186401 -3.972900 77.643066
v -320.100220 -1.712509 18.266113
v -284.138550 -5.713593 -17.990234
v -282.728394 -8.200020 47.901611
v -242.622940 -30.068119 82.239014
v -185.600479 -26.285465 107.697266
v -252.057755 -6.102840 117.826172
v -233.217422 11.119308 -98.365479
v -258.132935 -16.054707 -76.194824
v -191.874161 28.971676 -151.797119
v -295.281128 35.274265 -64.372070
v -242.726456 43.592823 -97.556152
v -187.966446 49.368664 -126.573486
v 52.478867 -33.057487 149.130371
v 19.641464 -35.290936 143.433838
v 81.452744 -32.077744 160.091553
v 86.660507 -35.236534 202.781250
v 81.215195 -36.128597 222.363037
v 62.738632 -36.128597 199.034180
v 45.305527 -36.151913 209.924561
v 29.278671 -36.133575 243.541748
v -67.320450 -26.296471 220.135986
v -150.022354 -12.169708 184.532959
v -177.721329 -1.351612 177.162109
v -129.388077 -14.184052 133.775146
v -67.723038 -23.429157 124.708984
v -119.156876 -11.941225 190.358398
v -37.916641 26.812840 -133.635254
v -98.205948 54.527607 -165.889404
v 36.490341 36.526745 -152.899170
v -110.417618 59.746838 -152.660889
v -28.924942 56.953800 -106.243896
v 26.983261 35.909977 -106.817627
v -3.948624 -27.719872 205.544189
v -36.010635 -23.389095 212.547363
v 56.356308 -7.520275 266.613770
v 123.077499 42.923229 -48.772461
v 152.086288 55.264332 -46.251953
v 111.223007 -30.698755 -150.990723
v 160.837997 -14.336103 -173.002197
v 135.700302 -13.865282 -160.385254
v 164.302841 31.337132 -11.343750
v 224.064072 25.627453 -12.942871
v 196.295273 45.767208 -24.744629
v 170.425644 14.505756 -41.446533
v 174.743515 55.141270 -23.543457
v 147.558456 48.594280 -32.637207
v -289.152466 6.505383 66.911133
v -317.219849 3.196426 49.912109
v -328.856323 10.376087 24.637207
v -322.986938 15.394714 -9.125732
v -267.543335 5.074116 -8.927490
v -276.064331 -2.840714 16.822754
v -264.069214 -4.169117 -43.937012
v -264.331177 -8.057487 -23.560791
v -269.567505 -10.802517 47.499756
v -270.560913 -15.705366 73.055908
v -242.604141 -13.263136 89.336670
v -217.594620 -25.891376 105.276123
v -188.818985 -18.725660 122.782715
v -161.220352 -18.604610 128.816895
v -243.092178 8.927006 109.543457
v -273.430298 1.688942 95.028564
v -225.850967 -0.943256 136.497314
v -241.365128 24.555489 -86.314453
v -228.451309 3.762287 -75.396973
v -221.295303 29.975880 -113.853271
v -161.236954 43.996899 -132.762695
v -283.702515 41.941448 -45.594482
v -264.345581 39.984661 -72.845215
v -232.198868 48.997524 -78.150635
v -211.007462 47.744442 -104.109375
v -179.456192 55.299839 -110.904297
v -159.218399 51.148479 -134.397949
v 26.761337 -25.197926 135.854736
v 11.307236 -36.128597 174.814209
v -6.719864 -29.112131 127.118652
v 56.429306 -31.903601 254.763184
v 10.219589 -16.504179 255.263428
v -63.877579 -30.775887 199.085938
v -92.316299 -20.825026 202.321533
v -145.791153 5.262573 187.110596
v -169.262833 11.011894 169.022217
v -202.579239 -0.163708 157.625732
v -167.613419 -17.938343 178.649414
v -148.095840 -34.184338 183.501709
v -127.860733 -20.227900 144.407227
v -99.595840 -17.703371 114.904297
v -67.057755 -27.551582 142.617676
v -115.629044 -0.452419 192.929199
v -136.273087 -17.531174 199.074707
v -40.061172 28.085354 -111.948242
v -69.692276 33.644947 -129.536865
v -6.510880 25.119930 -117.330078
v 27.387070 31.674397 -109.849609
v 38.030869 16.865803 -141.448730
v -121.427383 55.322361 -126.278320
v -36.055557 46.655834 -87.382568
v -5.114151 55.028889 -83.888672
v -60.643936 49.805607 -110.180908
v 49.085556 27.628246 -74.596191
v -32.401749 -28.145172 195.141357
v 125.919296 36.896099 -28.890869
v 131.857773 68.821625 -35.414551
v 103.959091 19.894337 -48.387695
v 110.397324 -25.295153 -171.259033
v 85.264023 -13.391605 -154.388916
v 133.005478 -25.268059 -132.250977
v 186.491074 26.084866 -43.359131
v 158.821640 60.586689 -16.579346
v 144.123398 70.721527 -20.217529
v -307.610718 6.251713 42.266602
v -310.730103 -7.451223 36.943604
v -306.675903 -6.377291 61.002686
v -317.151733 27.806774 1.278564
v -310.429810 31.640728 -33.481201
v -283.285034 1.530109 -20.932129
v -290.990356 4.027836 13.290039
v -262.432251 6.818520 22.978027
v -290.704712 -15.626045 26.343018
v -284.542358 -21.395407 0.081055
v -288.796021 -11.541237 3.726807
v -242.374405 -14.939632 -59.164795
v -280.471558 -27.108999 55.188965
v -251.596329 -21.812195 35.793945
v -268.908081 -29.364157 40.375244
v -257.622925 -31.763206 62.464844
v -230.054337 -24.139635 56.762939
v -202.292374 -32.254505 90.778076
v -221.602432 -30.521025 78.182617
v -213.880020 -10.734856 104.955078
v -156.610977 -15.561182 132.268799
v -144.248672 -15.139238 117.869385
v -263.493042 3.928196 85.907471
v -276.231567 -29.520458 85.238037
v -293.053833 -26.908642 63.655273
v -216.734512 9.691582 127.654053
v -236.128311 -26.813885 130.820312
v -234.245499 9.090027 -61.274414
v -223.121964 0.126095 -92.010742
v -246.674942 -1.698734 -87.013916
v -235.443741 -32.648083 -102.394531
v -226.879532 -17.859327 -103.719727
v -245.002090 -21.801899 -91.939697
v -218.730850 38.070614 -98.043701
v -220.420547 11.490627 -120.635498
v -204.777481 -3.442043 -147.678467
v -211.523331 26.454723 -136.057129
v -205.974503 1.190712 -128.583008
v -188.604630 37.118740 -126.188232
v -159.070450 42.081730 -113.456787
v -129.172256 49.388378 -126.154785
v -260.436890 52.880558 -63.643066
v -270.723022 31.710293 -103.338867
v -204.549454 58.144405 -91.432129
v -211.156631 50.507214 -125.396240
v -230.646866 52.336620 -114.338379
v -252.578018 40.685375 -126.728760
v -154.447159 64.465469 -125.412354
v -145.935196 55.201443 -145.416016
v -166.624161 62.005184 -171.538818
v 24.485214 -36.128597 161.656738
v 30.012802 -36.128597 183.817383
v -17.700333 -36.128597 207.180176
v -2.034073 -35.752483 153.846436
v -41.403458 -30.664013 124.776367
v 37.700546 -29.702692 258.966553
v 48.076279 -36.131321 238.074951
v 71.095810 -35.146839 240.729980
v 24.763779 -9.886415 252.001221
v 1.327499 -10.434944 242.741211
v -27.438126 -29.490894 245.499756
v -9.928848 -19.106499 248.732910
v 0.196884 -36.128597 234.863281
v -90.011368 -15.007780 203.490723
v -109.731583 -21.084929 208.565430
v -93.294815 -35.418362 213.353516
v -193.566788 -16.397989 169.603760
v -214.848038 -25.039705 151.106689
v -159.724991 -33.495392 152.938965
v -115.820938 -36.128597 179.008789
v -118.765518 -20.314690 118.706543
v -107.691544 -23.078888 133.851562
v -80.178116 -20.793100 114.537354
v -69.911758 34.304485 -110.544678
v -10.330215 23.272259 -98.530762
v 20.919296 26.221989 -91.383301
v 44.866074 14.138367 -117.169434
v 44.279648 23.908611 -104.802490
v 14.034286 19.221924 -137.639160
v 43.089706 0.601860 -131.562256
v 27.097763 22.570030 -122.553955
v 12.213242 35.727459 -129.411377
v -3.095352 32.618221 -158.155273
v -11.004044 47.076473 -67.987549
v 21.490829 44.588619 -73.006592
v -4.779922 49.400646 -116.105713
v -67.177383 51.320759 -92.885498
v -48.289444 69.678162 -129.599609
v -88.192276 56.062496 -128.833252
v 47.510605 38.144878 -55.728516
v 136.646103 62.121929 -61.683838
v 147.562851 72.047485 -45.450439
v 164.570175 55.328686 -81.168213
v 149.535507 58.983150 -77.451172
v 116.688828 27.562725 -70.517334
v 97.281601 47.880222 -127.541016
v 83.377060 20.625576 -78.836426
v 68.725204 22.158817 -56.294922
v 115.437363 34.201809 -102.682861
v 99.927597 19.073040 -67.756592
v 97.590683 -19.877653 -130.764160
v 81.074326 32.279430 -140.239258
v 82.841660 6.326954 -132.181885
v 90.378525 -8.419060 -165.703125
v 115.306503 -31.976177 -131.924561
v 154.760361 -6.988773 -79.984863
v 142.875595 -10.854685 -142.263184
v 154.325546 -10.044865 -112.406494
v 169.922226 -18.300625 -129.884033
v 191.072128 -30.369585 -106.045166
v 171.565048 -21.219521 -108.189941
v 142.018906 53.831326 -29.324707
v -297.502808 7.956558 -31.058350
v -252.768448 -18.797344 -42.830322
v -261.306030 -10.416668 -62.902588
v -271.440063 -25.741875 -45.480225
v -227.493790 -36.128597 56.462158
v -269.083374 -18.240826 105.008057
v -287.828979 -13.163965 91.355957
v -295.293091 -31.568615 30.548828
v -267.484741 -36.128597 57.554199
v -251.074844 -26.137371 117.335449
v -190.038712 41.713604 -110.982666
v -128.307999 47.366596 -109.949219
v -136.928116 43.727345 -164.821777
v -97.036270 48.504353 -127.242920
v -283.699341 38.718838 -84.741943
v -280.271362 22.185593 -89.384766
v -264.138062 42.398594 -94.225098
v -226.079483 27.225407 -148.494141
v -243.371719 9.827316 -112.187500
v -258.451782 15.035141 -95.078857
v -264.745728 -13.478245 -97.805664
v -255.076309 0.030415 -79.835938
v -260.507446 -35.713135 -80.797363
v -246.201309 -5.007481 -97.744385
v -237.541397 -8.103430 -119.793701
v -235.918839 -30.695408 -131.129395
v -212.541153 -23.159580 -135.931396
v -289.298706 -9.435610 -64.232422
v -222.224014 -29.559919 -118.964111
v -204.695450 -14.732084 -168.409668
v -275.236694 -6.176537 -80.204102
v -279.702271 -25.170717 -76.814453
v -269.836060 -35.497620 -60.147217
v -201.722061 -20.446913 -152.671875
v -127.901260 52.792835 -145.503174
v -138.201309 73.724335 -157.980469
v -174.049698 69.506836 -144.207031
v -201.904678 63.157703 -147.769287
v 3.367538 -36.128597 196.978027
v -16.492081 -36.111927 182.553955
v -44.280411 -34.839966 193.475098
v -58.645889 -25.130709 118.212646
v -44.977188 -23.163450 128.993652
v -28.663467 -13.497385 235.079590
v -53.146622 -21.980188 241.091309
v -19.453262 -36.128597 227.939941
v 19.172226 -36.125965 224.744141
v -79.746231 -31.452286 232.696289
v -142.068741 -36.128597 163.272461
v -162.574112 -34.575966 171.781250
v -186.645157 -35.581039 145.138916
v -149.597305 -36.128597 115.145020
v -130.485245 -35.827003 191.205566
v -93.103653 -36.128597 151.414551
v -109.206192 -36.128597 199.382324
v -81.216202 -36.128597 182.529541
v -87.228409 -26.596855 132.657715
v 32.817490 33.248508 -86.648193
v 11.127304 44.139317 -93.467285
v -22.896378 60.411053 -122.228027
v -11.910538 59.081127 -101.172607
v -45.909317 59.515980 -114.868164
v -55.772354 62.450420 -177.833252
v -105.242325 57.339382 -135.282471
v -94.334366 52.013287 -108.744141
v -66.464005 60.605213 -128.865967
v -69.372452 75.904236 -152.603760
v 84.673691 19.543488 -45.276611
v 146.562851 51.118488 -115.797607
v 86.257187 32.520741 -105.630371
v 56.307480 29.553135 -104.043457
v 76.822617 8.103291 -154.091064
v 107.950058 -2.507130 -158.076904
v 109.807968 -13.381283 -133.882324
v 97.817490 10.215397 -143.568115
v 125.991074 4.410110 -128.144531
v 113.612656 -3.949375 -139.545654
v 135.776230 -24.177647 -107.792969
v 123.477890 -8.634239 -109.857666
v 148.742783 7.232643 -107.297363
v 139.995468 -7.803490 -94.901123
v 200.980087 -31.758919 -124.258057
v -303.588989 0.250248 -4.695557
v -286.538940 7.014587 -14.539795
v -314.432983 14.002205 -27.631592
v -230.558487 -27.472885 33.403076
v -213.296768 -31.901537 48.469971
v -246.681778 -36.030441 44.538086
v -246.864883 -26.254070 22.238281
v -277.388306 -30.840790 2.687988
v -300.115601 -24.090551 46.797119
v -278.043823 -36.128597 40.219238
v -251.966446 -36.128597 78.704834
v -141.777237 44.418400 -143.334229
v -117.173233 51.428623 -148.815430
v -97.678360 47.026409 -109.515625
v -86.175674 41.998264 -147.165039
v -65.138565 50.454044 -170.535645
v -63.135635 35.365437 -151.706543
v -48.602432 43.586544 -161.721924
v -238.738174 40.946819 -142.166016
v -240.450089 22.607784 -131.222900
v -257.289673 23.814926 -117.183350
v -255.906876 -30.989836 -102.509766
v -154.135635 55.266972 -155.581543
v -176.168594 53.717945 -136.212891
v -159.064835 72.096954 -157.657959
v -184.455948 64.689255 -160.045410
v -192.092667 25.587620 -182.875977
v -200.706436 45.131985 -166.707520
v -179.813370 44.029034 -177.458740
v -141.107071 37.874874 -197.000977
v -167.084122 27.191708 -196.217285
v -158.320206 45.607037 -184.663086
v -134.163712 60.821438 -181.790039
v -213.049698 25.476749 -169.788574
v -137.493546 13.454575 -198.711182
v -177.917862 -0.543560 -187.406006
v -187.526505 -7.188429 -164.912842
v -117.632217 78.115311 -170.270752
v -202.810684 6.287666 -178.161377
v -217.361221 5.417793 -159.146729
v -146.672501 17.034473 -206.413086
v -181.685440 13.637207 -195.049561
v -162.631973 16.946434 -174.072266
v -194.711563 9.683250 -158.788330
v -91.368790 74.697510 -168.338867
v -156.798965 5.439808 -192.100830
v -170.245499 -1.482975 -171.727295
v -90.394424 71.524872 -149.520020
v -80.180313 58.676022 -184.879150
v -53.557022 30.643291 -213.322754
v -61.352921 49.191830 -198.683105
v -100.376358 23.525150 -217.192627
v -24.029434 52.904263 -194.356201
v -122.242325 14.202374 -211.009277
v -93.571671 43.943470 -202.594971
v -41.446915 44.620747 -203.334229
v -29.638809 26.373356 -210.134766
v -102.112686 32.973248 -192.911621
v -77.788467 31.423985 -215.600098
v -67.157120 20.933006 -189.998535
v -117.480850 37.629169 -205.776123
v -20.951797 32.380993 -188.486328
v -106.582657 16.185688 -199.360840
v -46.797256 18.023148 -198.824951
v -121.170303 49.876125 -191.267334
v -20.053848 19.342091 -192.655029
v -38.316788 -36.128597 214.361084
v -42.904190 -35.226669 233.876953
v -24.286758 -25.737406 128.664795
v -175.451797 -29.604105 159.141846
v -198.860001 -31.157909 159.877686
v -206.904922 -35.939133 113.759766
v -146.334854 -36.128597 136.583496
v -170.260391 -27.021202 128.482666
v -185.729141 -36.080494 122.290527
v -181.643204 -35.927479 82.134766
v -189.760147 -36.128918 101.647217
v -203.799698 -36.110783 67.824707
v -180.848282 -23.432415 77.120361
v -155.144424 -20.406532 86.153076
v -225.431290 -36.084873 82.769775
v -165.902969 -22.701332 103.797852
v -162.425919 -31.572609 81.855225
v -205.853409 -36.032799 88.806641
v -222.874649 -35.825619 102.542236
v -111.352676 -36.128597 159.021240
v -59.127579 -36.128597 155.496582
v -65.849747 -36.128597 198.311035
v -58.942520 -35.612228 177.543701
v -42.969376 68.257889 -155.929443
v -23.788467 57.995731 -169.910889
v 26.693710 53.851452 -156.361816
v -37.019180 61.289936 -182.792969
v -0.634171 51.436489 -157.419434
v -4.356827 46.311779 -137.200439
v 12.368027 51.278790 -189.307617
v 13.139999 55.044575 -170.856445
v -6.708145 56.521442 -182.221924
v 135.241074 41.135029 -101.087646
v 122.225693 48.897831 -122.524170
v 138.653915 44.861835 -134.917236
v 123.706894 26.204334 -158.475098
v 114.903915 45.266727 -147.723389
v 71.200790 35.808216 -189.912598
v 81.683212 49.787121 -159.345947
v 87.536728 15.176407 -176.966553
v 96.120468 48.169834 -146.667969
v 102.155380 37.713825 -168.882568
v 96.024277 7.281654 -162.260254
v 104.009628 15.074993 -174.065186
v 89.579453 28.115536 -182.809570
v 64.281845 23.205719 -85.971191
v 73.310654 12.281940 -168.344971
v 80.119492 24.375786 -143.315186
v 58.532578 23.688850 -146.829834
v 52.148056 12.484730 -154.714600
v 45.137802 34.761761 -131.828369
v 56.407333 42.658421 -155.117432
v 65.214462 36.489231 -138.370605
v 144.582870 11.518066 -126.648438
v 182.542343 5.484619 -96.681885
v -250.078262 -23.943718 -118.789062
v -206.262833 -34.939800 135.906006
v -172.622696 -14.645420 94.704102
v -77.162247 -36.128597 163.003662
v 44.853134 44.415409 -131.173584
v 20.342880 37.290821 -178.094238
v 1.836777 22.239777 -186.517578
v 36.762558 16.975792 -192.569580
v 20.241074 19.281433 -181.972412
v 44.481552 22.410950 -169.007568
v 59.973251 15.204514 -183.178223
v 69.544785 23.321781 -162.640381
v 163.526474 1.726479 -95.023926
v 20.171249 44.126842 -134.500488
v 68.709335 42.311733 -122.017334
v 63.009628 50.702457 -144.327148
v 35.245468 45.842533 -164.121582
v 12.848251 43.114452 -158.799805
v 18.463974 26.390812 -155.326660
v -10.058731 49.328533 -168.622314
v -24.896622 50.805408 -182.014648
v -47.832413 39.538784 -187.633545
v -2.265762 42.312939 -184.147705
v -72.375870 45.429012 -190.845215
v -83.291641 53.561466 -178.841064
v 88.143906 25.104794 -157.264160
v 11.691025 40.683147 -117.703125
v 202.784775 29.870594 -9.835449
v 244.289658 18.411934 -55.227295
v 249.731796 8.001205 -77.054688
v 231.789413 -13.544636 -83.729248
v 242.316757 -11.186768 -99.786133
v 208.663925 -25.467449 -88.602783
v 181.529404 -22.275574 -76.859131
v 212.672714 -18.271536 -53.752441
v 217.602890 -20.330175 -72.249756
v 167.363632 -17.174467 -89.125488
v 189.303574 3.454689 -48.042725
v 165.144394 35.705814 -30.471436
v 152.795517 30.684994 -47.445312
v 160.612900 44.059055 -64.215332
v 176.109726 27.579922 -85.811768
v 167.313583 21.046917 -64.178711
v 171.346786 30.380489 -113.054688
v 189.106796 13.501381 -82.621582
v 182.580185 23.348354 -100.211182
v 156.366074 39.987652 -123.430908
v 172.688583 43.943829 -96.795898
v -111.591202 -36.128597 116.961914
v -281.423706 -27.181065 -16.857422
v -279.632935 -31.060860 -34.082275
v -24.314346 -33.415878 138.086426
v 28.719345 21.569851 -140.208008
v -13.716690 34.834896 -140.030762
v -31.977432 38.356853 -149.522949
v -302.838989 17.364937 -52.106445
v -280.524536 13.060352 -50.767334
v -265.453735 0.452145 -57.135498
v -272.901489 6.197018 -38.184570
v -278.710571 -8.259577 -38.180176
v -297.917358 -13.648212 25.905273
v -303.362915 -28.935165 -0.057617
v -285.032349 -35.645966 10.781982
v -299.188599 -27.603619 -12.401367
v -305.362671 -14.836338 -27.537842
v -291.792358 -18.481424 -15.169434
v -300.367065 -8.024069 -4.417969
v -290.121460 -30.076977 -55.006836
v -302.190796 -13.916601 -47.199951
v -285.304077 -21.784092 14.420898
v -142.846817 31.414677 -182.120361
v -124.909073 32.005192 -194.909668
v -112.567520 47.132824 -182.140869
v -165.320450 40.844578 -160.912109
v -142.921524 -29.905977 96.039551
v -5.236954 45.019505 -200.241211
v 43.521347 49.594753 -181.777832
v 60.244736 50.702679 -166.452393
v 49.473740 33.332424 -192.564941
v 26.433701 34.871861 -197.312500
v 14.157578 18.544407 -199.297852
v -46.846329 55.202671 -179.512695
v 190.084824 -4.426502 -74.058594
v 205.967880 -8.480221 -64.625732
v 217.329208 2.764507 -51.673096
v -93.715225 -36.126919 129.096191
v 34.356308 16.827526 -75.429932
v 5.145615 20.695965 -84.533203
v -22.640030 17.459671 -94.388672
v -48.703018 28.293964 -106.209717
v -74.023087 23.475346 -106.021484
v -93.787735 31.296230 -113.432861
v -119.792130 17.219952 -123.850098
v -141.593399 13.079033 -106.241943
v -165.054825 2.699173 -98.458496
v -174.500870 13.872002 -73.036865
v -183.508438 37.398472 -54.231445
v -192.728897 51.348721 -29.174561
v -184.623428 45.551983 0.711670
v -165.776016 40.903225 21.818115
v -136.987198 35.641186 33.462158
v -108.111465 30.580151 44.882324
v -78.974747 26.236385 55.680908
v -49.372940 20.257324 64.310059
v -21.976944 7.336452 71.443604
v 8.364120 3.375385 75.548340
v 36.454453 -9.966944 79.611816
v 66.591660 -12.930483 84.218750
v 97.152695 -16.106133 88.985596
v 125.852890 -27.944294 91.245117
v 157.014511 -28.315945 93.380615
v 187.326279 -20.803417 97.100342
v 217.104111 -10.529116 98.793945
v 248.086777 -5.765911 102.188721
v 279.174683 -1.669594 105.381348
v 310.503540 0.101532 108.081787
v 341.845337 -1.775040 110.597900
v 338.433960 -19.282244 129.717041
v 343.855835 -33.886040 112.985596
v 348.928101 -24.521542 84.333252
v 350.998657 -9.219635 54.711426
v 344.920044 -20.352486 32.260742
v 350.481323 -23.833588 33.599121
v 354.278442 -30.330109 15.110107
v 323.457153 -35.203381 19.765381
v 292.260132 -36.128597 24.403809
v 261.022095 -36.128597 28.710449
v 229.783798 -36.001301 32.730957
v 198.816513 -34.282009 37.647217
v 167.714462 -36.128597 42.364746
v 136.410751 -36.128597 45.957520
v 105.215683 -35.435898 50.436035
v 74.284775 -36.128586 56.591064
v 43.721542 -31.972435 63.579346
v 13.268661 -35.630222 69.567139
v -18.068008 -35.360279 70.939209
v -49.426895 -36.127262 70.172852
v -80.392227 -36.128166 63.830322
v -110.933975 -36.127682 55.042480
v -141.343887 -35.880760 45.613281
v -171.121964 -36.126129 34.254150
v -199.911758 -34.705658 20.692139
v -217.882706 -30.156641 -3.968750
v -233.107071 -23.970659 -32.524658
v -226.629532 -24.467648 -65.152588
v -220.471329 -23.690090 -96.351074
v -210.589249 -20.475586 -126.154541
v -183.906143 -27.532316 -140.907715
v -158.994278 -34.220200 -155.693604
v -141.307510 -24.507492 -176.847656
v -117.441055 -36.128597 -175.058105
v -86.316788 -36.129147 -178.923584
v -54.147354 -38.379036 -181.661865
v -25.784073 -27.162601 -175.473633
v -11.195450 -9.137938 -159.803711
v 8.073105 -29.590527 -147.098389
v 35.569199 -35.473923 -135.559570
v 65.512802 -36.128597 -126.392578
v 95.573837 -36.128597 -117.397705
v 125.763290 -36.091732 -108.563965
v 152.926376 -28.456057 -98.248779
v 175.159042 -34.003323 -90.032471
v 206.252060 -36.128597 -85.718506
v 237.639023 -36.128597 -82.072021
v 268.397583 -30.949749 -79.466797
v 295.108521 -14.602545 -78.991455
v 300.497681 -21.928574 -106.135986
v 304.219849 -26.983763 -134.237793
v 306.151978 -29.965767 -162.985107
v 307.081177 -31.767191 -191.861328
v 307.710815 -32.567551 -220.671631
v 308.542114 -24.025393 -242.643066
v 308.115845 -5.647125 -232.697266
v 304.614624 -4.716003 -204.862793
v 178.564804 -31.691242 -204.664795
v 284.769409 -27.149609 -92.604736
v 237.250839 -34.800934 -154.275391
v 230.318710 -6.319939 -250.072266
v 285.609497 -9.627365 -194.873779
v 273.340942 -32.196819 -150.011230
v 278.115845 -35.124466 -120.674561
v 248.660995 -35.787235 -208.906006
v 271.628296 -8.893814 -247.978271
v 292.199341 -33.435997 -149.127686
v 281.365845 -34.810734 -178.658203
v 292.642700 -11.451773 -242.987305
v 280.315063 -32.951290 -236.532471
v 279.491577 -1.213497 -223.586914
v -52.457169 -14.941542 17.529541
v -158.192520 -15.251150 -69.701904
v 339.935181 -28.876230 31.981201
v 277.139771 -0.772968 38.177490
v 118.041122 -19.445034 35.121338
v 17.598740 10.104340 -215.463379
v 295.849976 -32.254532 117.793213
v 324.370728 -12.179174 119.334229
v 301.439331 -13.274311 124.116943
v 317.653687 -28.724651 127.235107
v 9.871933 2.133293 -155.537598
v 28.855331 -5.410980 -122.985840
v 52.815048 4.246902 -83.268066
v 47.986191 -8.046824 -105.698486
v 25.513535 3.925121 -98.286621
v 2.708847 19.569656 -122.706543
v 10.143173 15.821507 -104.674072
v 150.474472 -23.480200 -170.978516
v 111.916855 -7.884846 -227.214355
v 226.316269 -36.128597 -117.980225
v 197.676865 8.459248 -225.151367
v 256.119751 -36.103718 -103.255859
v 236.479843 -36.128597 -101.415283
v 252.455917 -36.128597 -130.829834
v 256.503052 -27.782471 -172.124023
v 262.806030 -33.488304 -191.415771
v 272.732056 -36.128597 -213.541992
v 292.609985 -34.793873 -207.144775
v 249.075790 -29.422199 -243.011230
v 249.477402 1.314507 -233.318115
v -58.563370 -29.552719 46.410889
v -6.405167 -12.172052 49.450928
v -67.311417 -14.574116 53.937012
v -138.547501 22.254551 12.146729
v -215.901993 -13.597588 -59.402588
v -201.960098 -13.648529 -44.436768
v -155.620743 2.049099 -119.009766
v 276.680298 -17.757088 42.160645
v 309.293823 -21.514635 44.659668
v 316.331665 -3.594170 41.434814
v 205.538193 -31.796511 70.833008
v 124.088242 -31.749920 39.045654
v 142.361679 -34.216190 89.888672
v 81.484482 -25.675163 81.096191
v 49.078476 -23.348244 -190.213623
v 47.585312 -35.270805 -224.755615
v -40.410294 -23.613226 -239.402344
v 263.300171 -22.599167 120.693115
v 282.248169 -19.487131 125.233398
v 316.897095 -32.752384 91.964111
v -52.641983 24.346268 -174.753174
v 60.667343 -13.871223 -144.013672
v 52.217148 -19.238441 -131.930664
v 70.189316 -18.589951 -147.568848
v 79.698349 -30.167942 -172.812988
v 63.178329 -23.921320 -159.502441
v 48.036484 -32.403809 -161.375488
v -28.176407 15.739014 -126.646729
v 166.239609 -31.172060 -131.375000
v 119.868515 -34.416496 -151.634521
v 115.075790 18.570240 -202.272705
v 194.436874 -35.730568 -114.857178
v 193.532822 -8.251827 -205.788818
v 223.413925 -7.749456 -217.481201
v 167.248398 10.487904 -209.963135
v 177.896103 1.107555 -198.858643
v 250.779648 -11.216866 -249.816406
v 208.421005 -33.404030 -233.159180
v 255.525742 -11.492023 -207.289551
v -65.613907 -18.386412 73.296143
v 0.065781 -15.623423 45.549805
v -118.768204 -29.171127 32.165283
v -12.803848 -11.235279 85.912842
v -71.708389 4.868156 74.477295
v -130.514297 -11.227440 44.916504
v -182.674454 -2.551872 12.343506
v -220.022842 5.649788 -48.405518
v -191.260880 -14.841488 -9.235840
v -168.763809 4.898647 -143.699463
v -207.602921 20.580322 -42.162109
v -191.844864 14.925957 -102.264893
v -145.796768 38.350201 -140.059814
v 278.581665 -35.453636 41.757324
v 248.146347 -28.908630 47.555176
v 308.873413 -34.098984 32.924316
v 331.312622 -11.115894 37.013428
v 334.118042 -4.911655 31.742432
v 308.164185 -8.126551 29.798828
v 297.089722 -0.545319 34.879150
v 295.941772 -19.064463 65.109863
v 201.311386 -29.613461 111.754395
v 125.332382 -32.298054 67.121582
v 185.454941 -29.815495 24.282959
v 139.327499 -26.916950 118.772705
v 78.768173 -24.269718 108.178955
v 33.909286 -36.128597 -181.375488
v -15.792862 -18.753685 -204.948975
v -76.871475 -17.759798 -213.927490
v 262.369507 -5.016476 116.474854
v 231.387558 -19.674702 122.435547
v 335.154175 -30.286789 96.401123
v -87.464493 30.512539 -149.171143
v 77.637314 -11.577494 -174.176514
v 97.477402 -7.366659 -190.754883
v 62.077744 -26.784016 -174.242188
v 72.759140 -13.200909 -194.460693
v 14.058212 -19.481836 -186.075439
v 32.179306 -16.884914 -153.093994
v -33.505753 18.139114 -109.253662
v -14.932755 17.912804 -113.012451
v -9.971817 27.464817 -158.458496
v -59.383438 16.639645 -132.907227
v 164.874619 -26.338367 -109.397705
v 143.025253 -25.141602 -130.790527
v 114.884140 -36.128597 -129.312256
v 88.160263 -36.128597 -149.302734
v 119.266953 2.320889 -187.020508
v 138.775497 0.696377 -206.329102
v 106.876328 9.047878 -186.082275
v 211.416122 -36.128597 -104.759033
v 198.030624 -36.095028 -153.858643
v 226.965439 3.967098 -237.541992
v 223.936874 -14.557587 -198.054199
v 226.574814 -25.238117 -243.958496
v 229.954453 -35.426708 -224.207764
v 215.874130 -20.390217 -187.966797
v 228.769882 -28.330044 -203.703125
v 237.792343 -22.789688 -183.582031
v -66.434219 -33.625324 76.303223
v -33.492325 -17.934563 78.502930
v -96.199844 -19.212952 66.495117
v 30.714218 -18.337238 66.007812
v -153.629044 -17.877680 41.188477
v -9.187149 4.556095 86.813965
v 18.000107 -12.669024 94.483154
v -67.493546 19.276028 67.871826
v -42.824844 -8.739803 74.130859
v -32.470352 3.157616 86.391602
v -129.847549 15.435055 51.301514
v -98.672501 -4.179756 56.442139
v -172.117325 22.219975 10.562012
v -224.554825 -13.664465 -49.054443
v -220.274796 -0.308659 -16.913086
v -219.364395 3.066338 -78.777832
v -188.231094 14.442917 -136.619385
v -199.593643 38.398632 -42.409912
v -203.278702 25.131695 -71.234619
v -183.071182 16.926926 -87.754150
v -165.649063 32.468952 -112.088135
v -168.880020 20.106773 -100.633057
v -134.697403 34.988155 -118.604492
v -113.210831 47.075916 -138.987549
v -151.019669 25.963871 -116.243164
v 246.698593 -34.752018 40.655029
v 255.352646 -16.052898 23.126221
v 217.894638 -23.734961 55.293457
v 325.109741 -15.729292 68.784668
v 286.047974 -34.843540 88.317383
v 199.818222 -14.155228 112.693115
v 170.813095 -25.662056 116.873291
v 86.439072 -25.780930 56.802490
v 158.013046 -27.351976 49.249756
v 140.710068 -28.753731 101.069336
v 108.413681 -24.670094 109.945068
v 80.654892 -14.859344 95.458496
v 48.137314 -18.751659 101.757080
v 26.483261 -36.128597 -158.193604
v 2.766220 -30.189819 -180.466553
v 58.118271 -36.128597 -160.166504
v -17.017227 -5.917511 -184.281738
v -46.234512 -12.352453 -200.556885
v -73.287247 -30.952372 -197.292480
v -107.550430 -28.258739 -205.248535
v -86.927139 31.718517 -125.197266
v 107.083847 -6.907047 -178.737549
v 88.422714 -22.352629 -187.814941
v 86.983261 8.057949 -210.597168
v 32.645615 -31.602032 -181.512695
v 16.039658 -27.532532 -160.147461
v 31.563583 3.682186 -150.614014
v 47.318954 -2.421955 -139.468994
v -11.955460 25.425148 -137.187988
v -61.384171 17.135921 -114.649170
v -39.394424 21.227200 -151.925049
v -30.588272 22.644402 -166.951416
v -52.144669 -8.615547 -180.793701
v -46.599747 -8.613436 -159.379639
v -43.400772 7.478981 -171.364990
v -18.440323 8.999901 -152.434326
v -12.470108 3.846756 -160.660645
v 6.186142 -7.046906 -166.231934
v 0.077988 5.881771 -191.665527
v -6.640518 -8.124325 -142.357422
v 12.398788 -13.602018 -148.052979
v 141.252792 -31.578604 -113.242188
v 138.762070 -24.623997 -154.206055
v 154.932480 -24.842834 -149.324707
v 173.479599 -35.937519 -166.719971
v 83.215195 -36.128597 -131.420654
v 97.525986 -34.454865 -203.036621
v 155.792831 -0.851635 -199.232910
v 208.824081 -36.128597 -133.419922
v 187.277695 -34.821846 -135.038330
v -46.593155 -22.069563 63.140869
v -23.299698 -16.794214 55.225342
v -20.600235 -32.180252 17.563477
v -13.413467 -28.478672 38.557861
v -37.588760 -32.248627 35.023193
v -43.987686 -29.185688 11.435303
v -84.797012 -18.026100 10.496094
v -64.605850 -22.510201 5.223633
v -69.215714 -27.596455 26.521484
v -93.440323 -26.790661 33.503418
v -106.104141 -22.749844 48.434326
v -130.279434 -18.680470 47.835205
v -145.467911 -20.739445 54.574463
v -76.798721 -19.327267 55.292236
v 30.418076 -29.942501 79.160889
v -182.333633 -10.379824 30.042236
v 20.982773 -3.469063 87.426270
v 10.791611 -11.487736 73.742432
v -61.062637 -10.587793 70.831055
v -35.752579 -24.384239 44.474365
v -22.663467 -13.592613 65.825928
v -52.179092 8.785587 80.747803
v -160.507706 5.674782 37.871582
v -81.527725 -6.904221 64.546875
v -91.654190 13.224159 65.864990
v -118.255997 0.479450 55.335449
v -193.261612 13.239677 -13.828857
v -221.041153 -18.270235 -17.900391
v -215.947891 -4.867119 -35.330811
v -211.056290 -9.460745 -14.494873
v -201.926895 -2.817699 10.136719
v -190.233780 -28.569777 -35.278320
v -209.392471 -22.705048 -41.130371
v -195.423965 -13.856958 -27.291260
v -223.366104 -14.690674 -80.289307
v -210.031143 8.398983 -67.111084
v -194.197159 -16.344095 -106.663818
v -202.117569 18.839153 -104.184082
v -208.273575 -8.886154 -85.108887
v -211.352921 15.085960 -86.869385
v -204.649551 0.141563 -106.027588
v -189.644669 -24.388935 -71.043457
v -200.339737 1.485493 -100.584717
v -187.091934 4.718998 -123.397705
v -196.815567 -25.750324 -88.712158
v -172.316299 24.304699 -130.362061
v -128.848282 16.611992 -187.521240
v -189.327530 23.995384 -118.755615
v -157.322159 17.548817 -161.877930
v -169.831192 20.989429 -145.648682
v -188.783829 -5.301411 -132.469971
v -187.964981 23.297039 -64.143066
v -205.069473 3.740307 -62.414307
v -199.770401 11.094662 -83.364502
v -107.660782 32.941334 -129.145020
v 261.210327 -21.879551 36.390137
v 274.384888 -9.642685 24.716797
v 239.247665 -13.678436 51.747559
v 231.090439 -20.325977 31.607422
v 230.658066 -7.472984 25.397461
v 207.648544 -27.327442 33.747803
v 209.321396 -16.331141 45.030273
v 203.790146 -9.722300 19.494873
v 162.312851 -11.460211 40.972900
v 186.404648 -11.232744 36.173340
v 179.799667 -25.961983 59.694336
v 170.755722 -12.499500 25.035156
v 181.904892 -30.511162 91.043945
v 152.333359 -21.871189 66.037598
v 140.488388 -12.635176 22.539551
v 162.967880 -29.012768 27.304688
v 310.471558 -25.548172 75.947021
v 310.532104 -8.644234 58.033936
v 332.545044 -6.486160 52.739746
v 300.741577 -34.111176 99.736572
v 276.548950 -33.489792 108.677246
v 246.219101 -33.992428 83.247314
v 265.308228 -35.733559 91.688477
v 266.917603 -25.862782 64.301270
v 170.353867 -21.880571 104.887207
v 156.025497 -33.006027 108.295410
v 92.811630 -32.106007 69.767822
v 108.446152 -29.141897 54.671143
v 62.165146 -25.986389 69.042236
v 137.947617 -26.746590 52.078857
v 155.111191 -33.251255 59.541748
v 94.196396 -34.896404 97.955078
v 113.659286 -27.611179 70.940430
v 118.556503 -35.635963 95.253662
v 63.536972 -28.566595 93.201904
v 38.608994 -17.694666 80.707520
v 12.101181 -36.128597 -215.120117
v 1.922226 -21.853119 -163.458008
v 53.727646 -36.128597 -141.500977
v -53.099503 -23.904495 -219.583984
v -29.849747 -26.764442 -222.138916
v -4.574844 -27.564907 -243.838135
v -8.570938 -32.045265 -221.557373
v -43.152969 -24.396801 -185.555420
v -103.306778 -36.127518 -189.231445
v -135.529190 -32.065067 -197.975830
v 107.753525 12.414600 -223.150635
v 149.117294 11.230156 -239.747314
v 127.756210 8.676994 -235.498047
v 140.328476 23.364273 -221.250977
v 12.790634 18.859875 -155.727295
v 19.003769 -5.102516 -201.342773
v 36.463730 -23.723381 -209.602051
v -32.917130 15.557217 -221.772217
v 164.608017 -36.128597 -201.604980
v 196.774521 -27.445271 -175.458496
v 181.598007 -36.128597 -187.333496
v 198.236435 -24.982197 -198.271729
v 196.776962 -28.364988 -216.829102
v 101.528671 -35.878216 -174.396240
v 125.586533 -27.041691 -179.816162
v 78.584335 -36.128597 -171.083984
v 143.138290 -25.075363 -196.557861
v 120.289413 -29.328701 -203.386230
v 104.686142 -10.670652 -242.247559
v 107.242538 -33.006878 -231.016113
v 143.982285 -35.052605 -231.926514
v 149.175644 -33.404335 -213.372314
v 161.456406 -31.933125 -215.256104
v 141.936874 -15.273497 -209.214844
v 153.775497 -21.231583 -223.468262
v 130.171249 -13.178040 -234.930176
v 132.090439 -2.765530 -219.572021
v 168.544785 -11.204443 -223.606445
v 186.694199 -25.024332 -228.345947
v 125.606552 -29.327875 -236.879883
v 105.633652 -21.797569 -221.986084
v 165.333359 -27.060806 -215.376221
v 180.987411 -1.912773 -248.169678
v 206.274765 4.708374 -249.236328
v 204.907822 -17.197727 -249.498047
v 124.639511 -17.831085 -219.185547
v -118.700333 -23.345356 63.859375
v -185.776749 -26.523018 30.586670
v -168.626114 -18.925228 42.401855
v -166.025772 -11.753277 14.125244
v -143.195694 2.787655 46.137451
v -156.629288 26.268429 36.126709
v -173.181778 8.791912 24.289551
v -110.214493 17.929188 59.382080
v -180.711563 28.500462 -7.321533
v -206.971085 2.058163 -29.912598
v -184.094376 10.270031 -23.667969
v -198.178848 1.205166 -12.191406
v -213.839981 -11.134502 0.260254
v 254.513779 -4.285877 37.855713
v 186.909286 -31.092728 55.766846
v 222.525009 -22.221523 61.566406
v 203.191513 -35.426811 91.788330
v 223.764267 -35.533024 83.065186
v 235.172714 -33.924511 105.100830
v 183.924667 -35.807533 109.566162
v 168.423691 -30.604710 75.813721
v 139.164658 -12.368832 46.194824
v 131.613876 -22.657236 63.041260
v 113.989120 -25.593552 19.745605
v 96.074326 -32.295498 32.148926
v 55.995224 -22.416613 34.873779
v 75.292831 -29.559488 40.667480
v 141.146347 -30.836412 24.877686
v 246.590195 -27.247953 64.998047
v 279.035522 -11.814018 54.020996
v 16.568222 -35.749237 -194.047607
v 36.825058 -36.128597 -204.480225
v 67.179550 -36.128597 -200.387451
v -122.456924 -5.052223 -218.277832
v 161.670273 18.869850 -229.308594
v 131.722519 15.986637 -206.283936
v 65.911728 -16.401058 -220.693848
v -8.243301 16.035339 -211.020752
v -0.970596 1.765499 -239.332520
v -32.457657 12.157688 -189.265137
v -15.102188 10.167591 -228.481934
v -24.942520 -6.290867 -243.927979
v -13.326309 15.224911 -191.765137
v 162.143906 -33.048389 -182.221680
v 75.171005 -28.777744 -244.690918
v -167.340225 -17.567480 24.630615
v -188.157364 -16.656086 14.357422
v 176.485458 -25.389580 40.629639
v 255.021347 -33.349766 108.585449
v 51.422958 -25.446377 55.964355
v 75.785019 -12.329319 23.000977
v 74.762314 -21.428759 16.591064
v 94.840683 -22.277203 13.495361
v 55.631210 -36.128597 -182.039795
v 84.031357 -36.128597 -189.885010
v -123.966690 -23.228138 -211.797607
v 56.408310 -21.506670 -205.435791
v 69.286972 -2.373928 -208.752686
v 86.909042 -13.845325 -221.470215
v 72.760117 -13.894485 -233.857666
v 75.539169 -28.208981 -221.659912
v 53.520859 -25.421726 -224.978760
v 48.178329 5.616665 -228.368896
v -62.050919 12.069469 -204.466309
v -33.968887 1.062458 -168.778076
v -39.991104 -16.686935 -168.285156
v 94.892197 -26.191278 -242.835938
v 84.770370 -36.065884 -223.712891
v 34.629745 -9.079931 35.996094
v 93.383652 -13.925625 -230.441162
v 79.408066 -5.260460 -246.314209
v 35.546738 -7.819832 -216.914307
v 31.488876 -15.393402 -248.722168
v 56.554062 -14.132042 -249.861084
v 44.508163 -27.395309 -243.264893
v -51.058243 7.327660 -189.578369
v -66.188614 2.543568 -236.663574
v -46.866104 -5.328156 -242.256348
v -65.709854 -19.913681 -237.017578
v -94.313370 -8.848330 -232.365967
v -95.687149 -13.451303 -187.188721
v -73.845840 -20.670891 -161.118652
v -74.012833 -1.320759 -174.563721
v -53.343399 -27.153526 -165.171387
v 66.222763 -35.796589 -219.925537
v 29.101669 -11.907454 59.181152
v 13.856064 -7.623264 42.740967
v 62.039902 -12.658615 55.843750
v -5.224258 -18.292101 14.152100
v 14.532578 -23.934544 19.761230
v 9.971786 -14.120447 -246.333740
v 23.675888 4.159348 -238.053467
v -54.208145 15.465038 -224.199219
v -84.735489 13.147564 -213.597656
v -82.564102 -22.273333 -228.222168
v -72.618546 -13.715342 -199.436279
v -65.734024 -23.987789 -180.406982
v -87.477432 -22.661781 -176.002441
v -127.847549 -9.086651 -152.385254
v -100.335342 -4.352150 -163.112793
v -75.235733 0.755749 -212.567627
v 58.345078 -18.193563 75.563721
v 56.930283 -8.397156 33.519531
v 40.330917 -8.921978 5.979248
v 56.386337 -11.851738 17.348145
v 90.314316 -19.369644 54.133789
v -3.990372 -25.470619 11.002686
v 27.530869 -13.210846 34.978516
v -83.616592 6.475780 -230.313232
v -102.454239 4.226959 -218.937012
v -101.875626 11.924664 -192.963867
v -117.545792 6.153709 -201.545654
v -114.541397 -19.049526 -171.520996
v -118.290421 7.473194 -176.607666
v -108.738907 4.676605 -128.201904
v -79.933731 1.987061 -151.923584
v -98.106094 16.788197 -149.318115
v -119.570938 14.048779 -146.114014
v -116.010880 26.734722 -157.040771
v -148.508926 2.721794 -137.606445
v -104.207657 21.673485 -139.504150
v -133.074600 15.317158 -133.703613
v -93.854385 14.949806 -161.249756
v -169.019669 -15.407171 -121.415527
v -98.345108 30.839268 -170.274658
v -178.597794 -6.544245 -135.286865
v -116.335342 37.378460 -158.419189
v -74.942764 28.114597 -167.837158
v -60.533829 23.731186 -153.685547
v -85.157852 16.564869 -178.148438
v 17.728867 -5.885639 14.625977
v 76.043564 -12.713186 42.475342
v 97.333603 -22.596840 33.494141
v 109.181747 -24.397411 51.543945
v 18.156845 -20.294493 51.806885
v -1.437393 -20.006248 76.609375
v -84.673233 2.429684 -193.969727
v -136.949112 17.511658 -167.291260
v -135.163223 -4.106747 -164.459473
v -148.244522 10.143337 -150.669922
v -153.913956 -7.668724 -154.449463
v -156.663956 16.173393 -137.718994
v -176.370010 10.753166 -121.264648
v -173.979385 -16.356758 -92.940918
v -190.158829 -4.708420 -96.260742
v -173.664200 -8.942236 -113.191406
v -191.842422 -12.351358 -70.343262
v -134.384415 25.736603 -149.646973
v -131.650284 -24.226921 -119.863770
v -151.148575 -20.209534 -106.766846
v -143.878555 -13.821426 -119.551270
v -123.067276 -5.471214 -120.117920
v -132.961319 -8.113775 -133.658691
v -154.728165 -31.299128 -102.358154
v -177.881729 -31.152029 -100.056152
v -163.135880 -27.311279 -85.969727
v -156.150284 -7.847610 -86.614990
v -166.849258 -2.092861 -60.295166
v -16.965225 -22.764746 82.977295
v -151.533829 -25.371904 -121.563232
v -161.843887 -15.121422 -41.831299
v -158.262833 -4.684402 -52.149414
v -172.059219 -21.317242 -52.754883
v -172.932999 -10.528708 -30.388672
v -161.106339 0.732368 -29.114746
v -190.421036 -6.024410 -33.948486
v -182.996719 -11.036217 -48.769043
v -173.805557 1.666378 -18.876709
v -161.688370 -16.424841 -10.361084
v -158.444717 21.897770 -11.095215
v -157.541885 -14.872746 -31.281982
v -167.453751 -29.577253 -30.359863
v -180.003067 -19.063309 -19.342285
v -161.750137 6.901588 9.582764
v -140.464737 -2.894737 23.118408
v -176.688370 2.975262 -4.697510
v -93.702774 8.357594 27.094482
v -79.538467 -0.229115 10.925049
v -159.666153 -6.117504 23.054688
v -119.164200 11.155960 25.405518
v -112.996719 7.187481 7.472168
v -108.361954 -12.754507 33.616699
v -97.332657 14.622341 6.285156
v -103.394424 -7.506645 8.184570
v -117.851944 22.064648 12.307861
v -129.692520 12.282757 -6.295166
v -141.844620 -3.198296 -18.765625
v -76.738419 -16.423912 32.827148
v -128.246475 -9.270044 19.062988
v -146.508926 -23.090771 25.379883
v -106.202774 -22.600262 18.154541
v -74.443985 0.862110 27.179199
v -138.930313 25.526844 -7.502197
v -86.939102 -19.350494 45.557373
v -56.911270 -23.711622 34.317383
v -58.486710 -10.631622 30.848633
v -133.877090 13.235249 12.395020
v -150.043839 2.040462 2.099854
v -147.516495 -2.614014 16.712891
v 217.055283 -27.756878 -165.676270
v -152.651260 -7.435545 -186.506104
v -155.498428 -28.978546 -186.666504
v 14.155624 7.628918 -135.604492
v 153.000351 0.175148 -224.986572
v 182.176376 15.328632 -238.720459
v -25.340225 -6.517658 -148.810303
v 19.794296 -32.552013 -238.338135
v -15.679581 -20.341249 33.638184
v -32.220840 -15.490835 29.810303
v -30.644424 -25.391819 12.322998
v -172.080704 -4.981400 -4.795654
v -146.465469 11.264015 -179.166016
v -176.770157 -8.719673 -162.857666
v -176.678116 -10.501549 -145.648438
v -161.676895 0.564602 -170.573975
v -166.992813 -24.368767 -170.891357
v 346.518921 -4.740742 81.125732
v 350.998657 -9.219635 54.711426
v 353.590454 -9.984543 21.834473
v 350.260864 -10.348381 -7.681885
v 343.255737 -7.099079 -34.927734
v 346.327271 -28.537018 -44.016846
v 350.955688 -31.508839 -14.645508
v 289.931763 -3.965199 -56.876221
v 288.501587 7.367031 -23.574463
v 281.852905 16.611549 4.416260
v 265.641235 25.089500 27.764404
v 238.527206 25.688835 37.288330
v 213.053085 10.814926 37.702393
v 190.233505 3.762688 36.847168
v 191.366318 13.408688 53.710693
v 214.759628 11.938545 72.049316
v 197.863876 7.545834 97.246094
v 181.160019 5.365044 122.900146
v 163.208359 6.371136 148.791748
v 137.084335 1.826118 160.142090
v 115.184677 6.660053 157.489746
v 104.503769 26.012775 142.058838
v 87.569199 11.968006 134.599121
v 66.765244 -4.256786 128.470703
v 59.208115 12.464306 103.685791
v 51.027451 25.864769 77.319580
v 44.062119 33.638233 48.336182
v 41.625351 34.112812 17.539062
v 44.675156 30.991932 -13.147217
v 54.864365 30.332699 -39.306396
v -79.484268 0.852821 -36.074463
v -93.312881 -16.786438 -72.542236
v 299.957642 -1.133076 56.665283
v 327.901001 0.571156 93.166260
v 325.006470 2.151775 66.309326
v 303.777954 0.091755 82.675537
v 323.383911 4.073227 31.655518
v 98.392441 -13.418356 -38.518311
v -13.129288 15.972607 -27.755859
v 47.816757 16.342522 -59.427979
v 70.682968 11.151821 -3.467773
v 157.637314 -6.195854 56.027832
v 173.348495 -3.227924 89.395264
v 192.542343 11.184059 75.693604
v 172.369003 6.798546 91.765137
v 174.619003 11.138184 67.932861
v 201.986191 1.356632 68.961182
v 336.851685 -34.733501 2.095215
v 270.572632 -24.354984 -36.390381
v 204.691025 11.932186 -25.125732
v 279.035522 -19.585312 -62.499023
v -90.955948 26.030621 -15.612305
v -16.375626 -30.720581 -26.060791
v -98.357803 -28.486027 -18.310791
v -133.173965 -19.338734 -19.348633
v -114.003311 16.572521 -84.214600
v -141.630264 -19.352695 -91.133789
v -66.714005 9.109955 -121.228760
v 267.767944 -7.839134 72.292236
v 287.610962 -4.955074 72.102539
v 332.714478 0.221703 48.465820
v 328.531860 -15.849323 10.812988
v 117.075058 -7.531103 23.635986
v 145.283310 -14.495674 -15.716797
v 63.863876 -20.916235 14.387451
v 34.106796 -6.245882 -0.247314
v -13.428848 37.923336 -5.388672
v -49.094131 38.107502 -49.484131
v 21.619980 24.742725 25.495117
v 68.588974 0.195576 -59.019287
v 107.300888 -5.723686 63.784424
v -3.526016 -0.906487 -83.119385
v 124.348495 -21.246843 105.749512
v 217.977158 -4.164486 36.272949
v 156.545273 0.505516 119.552979
v 158.306992 3.356823 100.715088
v 200.791367 3.164696 50.297119
v 229.041367 12.310562 63.185303
v 308.421265 -19.790022 -39.996826
v 321.616333 -36.128597 -25.821045
v 270.976196 -36.102268 -10.149658
v 215.118027 -28.479879 -42.199463
v 248.334335 -29.062246 -51.349609
v 249.649033 6.135399 -16.603516
v -109.180313 30.805576 6.237061
v -52.855362 -9.413961 8.998047
v -142.740860 43.639187 -26.550781
v -21.096085 -36.128597 24.371338
v -114.388565 -29.977524 16.587158
v -147.409805 -27.359625 6.863770
v -124.797989 -5.423138 -104.218750
v -153.218155 1.477238 -54.778809
v -67.439590 -11.507210 -96.242432
v -178.420547 -36.128597 -104.552979
v -112.297745 4.160263 -143.732422
v 236.664169 -13.707630 74.844482
v 265.469604 -6.269997 91.769775
v 269.006226 -8.499372 5.540527
v 87.646347 -11.375698 47.272949
v 144.764511 -10.088541 56.195068
v 145.648300 -36.128597 4.096191
v 204.152695 -34.099174 -28.689209
v 83.230820 -35.821049 12.724609
v 28.687851 -22.877907 31.731689
v 26.943710 -3.911541 38.878418
v 0.796982 34.142811 35.294189
v 16.712021 31.309788 -0.646484
v 14.122177 28.958660 -41.602539
v -43.870499 27.945560 -76.031250
v 45.382187 17.579994 70.898193
v 68.982529 -35.236305 -82.398438
v 28.404160 -13.819252 -97.454834
v 102.334335 13.401497 101.122070
v -15.446426 -20.646200 -123.753662
v 122.219833 -13.999336 137.688721
v 162.623886 4.104576 128.730225
v 207.030624 -12.900562 74.016357
v 328.216431 -16.552509 -40.458008
v 304.160034 -36.128597 -2.549316
v 292.061890 -35.347427 -30.686279
v 274.379272 -36.128597 11.583252
v 241.013046 -36.128597 2.184570
v 219.428085 -35.980759 -65.077881
v 185.932236 -36.128597 -57.744873
v 268.665405 -13.463305 -33.296387
v 251.489609 -33.236328 -69.887939
v 272.196411 0.458740 -9.725830
v 252.977402 5.950771 17.609375
v 236.199570 -8.986776 -35.332275
v -116.617081 34.703655 25.866211
v -83.739883 23.226154 24.766113
v -140.658829 34.986874 1.927490
v -31.330215 5.145329 32.324463
v -164.667374 45.782574 -26.585205
v -28.136612 -35.256016 51.677734
v -60.184464 -36.128597 29.093262
v 2.355087 -27.241018 40.016357
v -39.499161 -36.128597 34.373535
v -11.063858 -26.134964 56.296875
v -121.528702 -35.462395 36.394287
v -146.124161 -35.205788 14.113525
v -183.421036 -20.863729 4.148926
v -147.340469 -9.765965 -101.712158
v -145.017471 18.504421 -90.235352
v -115.339249 -6.714085 -113.135254
v -84.126114 12.706432 -81.150391
v -202.427383 -35.960106 -110.334961
v -174.845840 -21.876713 -126.149170
v -198.167130 -36.118786 -76.338379
v -132.538223 -18.155283 -152.814697
v -80.695206 -21.661682 -132.242432
v 298.055786 -7.845768 17.739014
v 248.061386 0.994579 35.430420
v 84.896591 -10.773161 70.015869
v 114.545273 -21.398169 61.798828
v 142.926376 -21.668060 76.458008
v 174.888046 -20.150665 66.775146
v 149.262802 -36.128597 27.108398
v 116.001572 -36.128597 18.432617
v 178.644638 -36.128597 10.832520
v 86.827744 -36.128597 36.069336
v 53.839951 -36.115223 30.933350
v 25.525986 -35.786079 49.967529
v 8.773788 -24.323410 53.474609
v 24.474472 -3.972198 61.095703
v 56.114365 -8.683199 53.298096
v 24.473251 34.256840 34.261475
v 10.727646 32.779888 18.855957
v 12.151474 27.608570 70.420166
v 23.758652 33.083988 54.614502
v 24.532333 30.173649 -21.634521
v 1.160751 30.897968 -21.905273
v -19.442520 27.677677 -50.111816
v 17.625107 22.487621 -64.454834
v -4.543350 24.638992 -67.211426
v 35.063095 8.376873 88.608643
v 75.207626 -36.128597 -105.085938
v 101.711777 -36.128597 -85.518311
v 43.632675 -31.165174 -103.871582
v 97.125107 24.753159 120.978760
v 76.213242 8.956299 104.391357
v 109.521347 3.591877 124.669189
v -13.778946 -28.841476 -146.267822
v 122.632675 -4.993034 153.838623
v 151.539658 -22.935642 125.476562
v 217.206894 1.662685 76.677002
v 195.714462 -2.919754 90.213135
v 228.035751 -5.692844 58.649902
v 177.727646 -5.367573 108.740234
v 241.559921 3.288010 39.470703
v 289.764771 -25.560514 -35.527344
v 288.217407 -24.697044 -8.705078
v 272.320923 -32.564217 -29.616455
v 237.963974 -29.072453 -33.471924
v 243.871201 -36.128597 20.773193
v 210.043076 -35.316120 7.920166
v 159.633652 -30.594542 -69.095459
v 189.307236 -35.913223 -76.599854
v 265.792847 -22.326921 -49.526611
v 270.799927 9.475330 19.054932
v 253.353378 -3.621490 -31.394287
v 227.802597 8.370029 -24.556885
v 214.156357 7.184082 4.309814
v 231.167587 2.645416 18.906982
v 234.824570 8.775990 -2.130371
v 212.873398 -6.524542 -35.330566
v 170.249619 -8.736956 -36.404785
v 192.303085 -19.560129 -38.490479
v 189.153915 0.720062 -32.665039
v 152.579697 15.625977 0.015381
v 165.329453 18.933071 -26.814941
v -89.868790 27.909718 41.660645
v -60.498428 7.342472 38.660889
v -88.489639 10.382000 0.148438
v -147.633926 37.760563 18.859375
v -119.228165 32.957943 -15.126709
v -161.903702 53.545483 -0.889404
v -33.115616 11.710625 53.309570
v -4.292618 -2.610847 46.293945
v -179.194717 47.113888 -13.307861
v -173.481339 34.122837 -46.199951
v -176.524796 48.166142 -31.733887
v -60.816788 -36.128597 51.756836
v -88.954971 -36.128597 35.589111
v 13.760605 -36.128597 1.942627
v -153.142227 -35.066872 31.197998
v -175.254532 -34.273827 2.307373
v -124.515274 -35.873913 -5.553711
v -203.429092 -21.653641 5.983398
v -199.102921 -22.269142 -21.995850
v -160.681290 8.539860 -83.804199
v -125.214981 6.043934 -112.333252
v -95.868546 17.048767 -110.584473
v -86.451553 24.646900 -96.460205
v -72.130753 38.702709 -84.126953
v -192.073868 -15.124908 -131.646484
v -159.516739 -8.784714 -144.283447
v -204.408829 -36.128597 -47.406006
v -215.827774 -32.080860 -80.128906
v -143.204239 -31.064920 -160.828613
v -109.980118 -26.968338 -168.344971
v -68.076309 -22.874699 -152.676025
v 298.878296 5.336716 33.027100
v 250.108994 -3.994606 57.956299
v 273.549438 3.500664 44.666016
v 278.724731 4.807663 21.182373
v 111.532822 -24.248428 79.960693
v 126.159042 -11.009531 44.487549
v 106.107529 -17.152435 38.918945
v 173.419785 -23.910898 85.277832
v 205.938339 -19.533760 71.791992
v 222.348984 -10.589653 47.224365
v 119.025009 -36.128597 37.595947
v 111.783798 -29.652107 -5.697998
v 181.694443 -36.124474 29.774902
v 167.158066 -32.541809 -19.187500
v 57.109726 -35.775185 49.708008
v 46.787216 -27.172478 20.898193
v 36.051865 -18.274132 6.809814
v 62.655869 -35.213703 8.436768
v 92.530136 -29.016113 15.417480
v 52.920273 -12.622677 71.581543
v 66.144394 -3.218155 16.879395
v 92.938828 -15.109894 12.198975
v -34.851944 33.675961 -59.270020
v -23.711563 24.822643 -74.757324
v 30.483994 25.273060 79.683105
v 107.419052 -36.128597 -103.365723
v 92.125595 -22.415964 -61.199463
v 47.692734 -35.714863 -121.214355
v 57.870468 -7.207775 -88.625000
v 23.139511 -18.794355 -122.720703
v 74.651474 6.456921 122.114746
v 56.679062 -8.373358 102.388672
v 105.723007 -9.340622 94.606934
v 109.792343 -12.762548 119.118408
v 109.531113 13.526329 140.541260
v 132.760849 -20.259129 123.205566
v 156.925156 -21.395203 89.220703
v 183.742294 -17.986296 86.923584
v 168.715195 -16.227119 71.543945
v 149.832382 -7.912476 138.683350
v 253.478134 14.033520 43.299316
v 283.522339 -20.993950 10.125244
v 307.215942 -20.405338 3.385498
v 307.716187 -13.903471 -19.160400
v 249.787216 -35.991680 -18.455078
v 225.516708 -36.128597 -16.950928
v 192.691513 -35.908669 -8.133789
v 131.667587 -36.128395 -78.894287
v 164.881699 -30.441105 -46.881836
v 128.585556 -10.694332 -43.596924
v 149.665878 -16.694672 -40.154541
v 145.036240 8.578251 -38.545410
v 134.698105 -32.101795 -54.652100
v 97.875595 18.069569 -26.506836
v 113.196396 -24.373945 -53.637695
v 119.274521 13.415546 -40.921875
v 102.730331 -3.076157 -49.658936
v 134.555283 18.170769 -21.548340
v 104.190781 -4.452724 19.443115
v 122.623886 8.422371 3.979248
v 181.065781 3.614017 24.295410
v -46.886856 -5.332985 28.451660
v -66.418106 8.698242 16.651611
v -56.784805 10.967339 -6.803467
v -102.006973 59.052166 -39.208740
v -5.956680 2.054993 64.216553
v 6.401962 -4.457676 15.301270
v -159.924454 34.895176 -67.524658
v -88.114395 -36.098003 3.785400
v 1.544296 -36.128597 21.567871
v -12.815567 -34.222031 -0.831055
v 20.972275 -25.889687 24.034668
v -44.196915 -36.128597 0.514404
v -30.610489 -27.909424 -13.796143
v -65.657608 -26.408752 -24.481934
v -50.364151 -35.243290 -20.304688
v -66.495987 -36.128597 -3.999756
v -168.227188 -28.803490 11.596680
v -154.275528 -35.715477 -6.797119
v -111.615128 -24.813869 -4.561279
v -216.579483 -22.797020 -19.056152
v -153.595596 -32.152355 -12.665039
v -154.242081 -11.683552 3.113525
v -110.825089 26.382694 -110.942871
v -90.569717 -7.328417 -108.618896
v -88.996719 1.529026 -91.073242
v -84.189346 -15.508739 -95.958252
v -53.161514 17.938625 -72.801514
v -59.855850 38.670597 -67.416992
v -55.991348 33.241497 -89.032227
v -136.788712 0.868793 -142.584229
v -123.699600 -31.436098 -131.548584
v -125.175674 -16.288790 -139.939209
v -100.758194 -3.182907 -129.501221
v -149.237442 -29.789917 -131.894287
v -150.254532 -11.723410 -135.747070
v -106.397598 -14.222258 -141.206299
v -108.666885 -12.410334 -152.575195
v -90.687149 -19.471876 -153.424072
v -99.086319 -31.183372 -151.409424
v -69.460098 -5.512066 -141.823486
v -91.083389 0.055916 -137.158447
v -80.998672 -4.193130 -129.665771
v -71.258194 -35.113602 -165.109375
v -36.765274 -18.976107 -148.565430
v -50.516495 -34.196133 -158.289307
v 180.066269 0.919899 18.631592
v 148.249619 2.232483 25.176758
v 193.765732 -11.779909 46.973145
v 123.766708 -35.979347 -3.538818
v 129.180283 -24.869291 -12.314209
v 101.964951 -36.090931 1.036133
v 163.708847 -36.128597 -1.727539
v 187.846054 -13.209267 -8.731445
v 40.824081 -30.681728 -48.117432
v 78.707382 -30.208755 -17.158203
v 115.406357 -13.106775 -8.076172
v 130.055038 -8.492104 0.493408
v 150.173447 8.676472 -21.356689
v 135.101425 0.888573 -15.542725
v 118.673203 -4.586899 -25.254639
v 163.455185 0.115864 -4.290039
v 105.111435 -6.659271 -14.354736
v 48.920761 -3.121403 32.063965
v 32.646103 0.211712 18.811768
v 70.306992 -4.308315 37.715332
v 71.194931 -19.285477 -68.213135
v 86.662704 -33.784256 -73.685791
v 57.064560 -24.833454 -91.948486
v 43.301376 -11.202557 -105.722168
v 8.046982 -22.953306 -124.597900
v 50.458359 6.993195 89.523682
v 55.988632 -1.622089 49.413330
v 62.363144 -5.846680 76.326172
v 113.387070 1.566860 106.282715
v 144.817490 -24.293633 105.708252
v 139.795517 -12.722031 146.824951
v 328.063110 -12.107325 -9.921631
v 113.668320 -36.058033 -69.235840
v 142.620956 9.160591 30.310791
v 94.997665 0.792789 -10.801270
v 180.810898 14.658939 -3.291016
v 202.249130 0.117191 21.019531
v -78.179337 11.453392 -6.242432
v -73.358536 -5.823315 0.977051
v -100.175674 51.373577 -19.511475
v -70.472061 36.775494 -30.693115
v -66.225235 26.095486 -13.204102
v -58.362930 5.339619 -10.606201
v -61.620743 20.479546 -21.448730
v -135.219131 65.601181 -26.903076
v -81.470352 43.712536 -17.756104
v -115.178848 59.361553 -27.333252
v -124.313614 50.219082 -31.601807
v -109.504532 16.746445 -34.543213
v -125.561905 41.080959 -43.303467
v 9.379745 -0.275959 33.408936
v -13.043839 -6.215961 26.060547
v -14.105362 -26.617153 -1.112061
v -30.815323 -17.532398 13.532959
v -11.714249 -10.711870 3.295654
v 12.651474 -22.738924 -13.965576
v -171.127090 44.993496 -55.833740
v -168.906143 16.215450 -56.657715
v -159.904678 23.506702 -27.317627
v -151.059219 9.742256 -73.320312
v -160.979874 19.063038 -46.409668
v -128.518936 -6.392216 -78.291748
v -135.573380 0.888618 -88.990234
v -130.488174 3.287758 -91.320068
v -97.139053 -32.231689 19.783447
v -103.029922 -24.696917 0.472900
v -77.215225 -36.128597 19.978027
v -83.464737 -33.519608 -18.502197
v -112.234268 -34.444595 -13.578369
v -134.070450 -33.109184 -10.604980
v -175.369034 -21.074760 -12.069824
v -174.294083 -35.008217 -36.747559
v -125.849503 -20.942219 -2.387695
v -72.272110 24.863926 -81.037109
v -133.783340 -36.128597 -110.497070
v -109.163712 -33.897938 -106.144775
v -154.431534 -36.128597 -104.002686
v -121.748917 -17.904697 -115.846680
v -163.197647 -36.128597 -69.283691
v -93.466446 -25.731274 -125.196289
v -118.675674 -24.387409 -91.937256
v -105.043839 -17.762495 -112.800293
v -93.928360 -28.221287 -95.902832
v -111.308243 -17.328970 -68.163818
v -111.480362 -20.995249 -89.016846
v -100.876114 -30.279230 -86.875000
v -115.932022 -33.154423 -157.631592
v -81.387589 -35.156448 -142.672363
v -26.076065 -26.715015 -136.763672
v -30.302628 -19.296663 -112.011475
v -56.789444 -31.025494 -122.374023
v -30.646378 -34.205971 -157.236816
v 218.968124 -0.554203 8.295410
v 167.884140 -6.007973 41.635742
v 147.243027 -31.051609 -16.041260
v 167.599472 -15.533796 -18.307129
v 189.894882 -18.064545 -22.077148
v 224.185165 -28.715055 -4.136475
v 213.524765 -19.420015 -22.292480
v 204.668320 -25.292150 -10.997559
v 207.180283 3.433430 -13.691162
v 35.132187 -34.216763 -20.500977
v 77.843369 -29.478449 2.932373
v 54.707382 -20.071114 -11.743652
v 51.462021 -26.757431 -32.548096
v 69.249374 -20.171432 -45.251221
v 110.359238 -22.186974 10.086182
v 99.091415 -28.141319 -8.129883
v 132.710800 3.422615 -0.564209
v 160.588730 10.665600 1.756836
v 186.206161 9.263916 -5.708496
v 198.289902 0.768906 8.342285
v 108.555283 -10.542706 5.149170
v -6.929092 -25.997513 -129.197754
v -7.225723 -15.138449 -138.839355
v 43.695663 -0.469574 61.553955
v 82.124863 5.553638 65.450928
v 69.054062 -5.390099 93.854492
v 139.163681 11.050655 11.918701
v 160.819199 9.416492 18.782471
v 115.548935 -10.171364 57.247803
v 120.854599 6.622025 26.752930
v 113.659042 9.166000 -17.726807
v 85.839462 -3.395657 10.183350
v 66.325058 4.335796 -16.149170
v 185.365829 17.756516 -22.084961
v 199.928818 15.819077 -7.493652
v -141.251114 49.417377 -14.109619
v -122.398331 51.445820 -17.791992
v -109.120987 34.503178 -45.615234
v -140.390518 13.327126 -26.438721
v 15.034531 -7.897778 -1.984619
v 38.083359 -15.205645 -30.967285
v -5.723282 -16.133123 -40.212646
v -192.833633 -36.128597 -31.624268
v -184.557999 -28.538685 -57.713379
v -149.103409 -17.046684 -39.018555
v -140.225479 -21.560703 -72.296875
v -159.864395 -23.280210 -51.965332
v -133.654434 -33.622013 -81.851074
v -144.761856 -25.526207 -61.710449
v -154.974747 -29.651699 -31.640381
v -135.883194 -22.300882 -31.364502
v -142.842911 -20.868065 -5.944824
v -130.442032 -2.083942 13.740967
v -126.553604 -21.535007 6.637695
v -164.287247 -36.128597 -122.650146
v -28.722305 -7.683380 -129.657227
v -9.849503 -2.724079 -109.167236
v -49.038223 -14.546885 -133.667725
v -29.180801 -7.431408 -99.987061
v 207.973495 -7.398180 28.460693
v 229.042343 -3.800068 26.812012
v 247.761337 3.410141 8.829102
v 245.007187 -14.100508 -1.608154
v 253.664658 -29.764847 -12.799316
v 225.188095 -7.446081 -8.431152
v 29.691269 -31.983200 -3.329102
v 8.543076 -36.128597 -25.010986
v -6.190079 -33.990150 -46.989014
v 14.275253 -24.647337 -48.838867
v 84.179062 -26.892277 -34.566162
v 70.271591 -14.221619 -14.211182
v 129.042831 8.754631 -21.402100
v 183.570663 7.413414 -12.529053
v 169.383163 12.924580 -16.973145
v 8.366074 -12.702888 -136.026855
v 50.558945 1.832481 79.411621
v 43.632675 22.077812 38.100098
v 63.868271 7.174271 63.295654
v 99.533554 6.323959 80.645752
v 82.441025 13.569454 84.362305
v 135.213974 0.943047 51.467529
v 134.962997 -14.600601 74.415771
v 111.108994 -18.112486 80.439941
v 98.790634 -10.050438 73.849365
v 95.201523 4.284241 34.032959
v 84.646347 11.063812 -14.843750
v 70.452499 -3.948753 -4.089844
v -114.708878 34.982861 -33.173340
v -115.749405 44.303188 -37.141357
v -90.301163 38.697895 -45.885498
v -82.430801 21.551037 -39.847168
v -97.901016 7.352856 -24.845215
v -99.300186 9.773605 -43.808838
v -136.010635 25.106632 -45.387939
v -126.588272 21.284538 -34.540039
v -126.395645 -8.054905 -24.375244
v 29.393173 -16.873638 -14.113525
v 50.160263 -15.703230 -45.553467
v -3.678116 -27.395527 -23.938232
v 5.497177 -19.241430 -98.974854
v -16.594864 -10.974142 -98.480225
v -5.471573 -16.467400 -67.691895
v -23.908829 -27.739304 -91.347412
v 0.672470 -20.054506 -89.159424
v -50.835831 -14.575809 -121.090576
v 252.060898 -27.146986 -32.245850
v 271.520142 -23.627428 -18.859863
v 233.680283 3.820057 -2.812256
v 20.519394 -36.109470 -43.543945
v 22.070419 -27.959171 -30.439697
v 75.603622 -15.064678 4.335938
v 55.274765 -6.734619 -3.447510
v 86.398544 -5.208141 -24.016846
v 49.335312 14.463028 54.490479
v 28.943710 22.104897 54.267334
v 99.670029 -7.096867 18.889648
v 93.620956 -7.017994 51.454834
v 111.360947 -10.083172 36.796875
v 87.482773 11.094395 49.673828
v 84.685654 20.725475 17.247559
v -93.767471 27.150471 -30.916260
v -128.615372 41.545559 -59.890381
v -142.721573 28.710232 -23.629639
v -145.542862 38.656399 -40.152832
v -149.586319 22.317787 -42.823975
v -132.408585 15.775799 -48.195557
v -133.101944 15.065903 -63.568848
v -111.451553 4.110287 -11.768555
v -125.684464 -18.623915 -7.126709
v -136.559464 -9.708546 -24.014893
v -129.239395 -20.515467 -47.781738
v -130.328018 -12.392403 -36.840332
v -2.077286 -12.621138 -113.627441
v 16.548935 -23.929859 -108.611084
v 10.456894 3.887012 -94.619141
v 32.610458 21.614628 -43.023682
v 18.268417 -12.903603 -52.373047
v 10.234726 -22.567543 -69.482178
v 15.330185 16.019474 -67.592285
v -42.374649 -31.010019 -103.863770
v -20.601700 -9.917097 -80.324463
v -10.311661 -6.629839 -47.505127
v -7.223526 20.070759 -59.728271
v -4.347549 3.794353 -71.808594
v 10.010361 1.286495 -40.687744
v 8.392441 9.305122 -54.243896
v 11.554794 -8.031857 -60.456787
v 4.768906 10.661926 -36.047119
v -63.886368 -26.755306 -123.756104
v -44.501114 -0.009403 -114.896973
v -34.719864 19.809563 -85.263672
v -17.453262 9.708061 -88.513672
v -59.458145 -5.831371 -125.256836
v -52.474991 17.756466 -102.794922
v -48.932510 -28.207405 -81.162354
v -63.477676 -7.885620 -110.020508
v -70.036758 10.017548 -101.349609
v -87.068985 -1.848087 -114.223389
v -32.808731 9.244877 -101.643311
v -64.917618 -11.728790 -135.254150
v 4.340195 12.623352 47.030518
v 74.521835 -2.951283 51.555420
v 64.142929 16.816971 33.000244
v 94.099472 17.974144 33.730713
v -118.825577 20.022278 -68.158691
v -123.848038 -4.524670 -0.038574
v -110.019424 1.508083 -22.934814
v 25.292587 -11.124701 -61.015869
v 17.262070 -13.997580 -82.519531
v 25.582382 4.015545 -72.690918
v 18.641220 8.085274 -49.814941
v 13.011826 -1.296963 -70.121826
v -38.880508 -21.119583 -108.013672
v 22.435410 4.355198 -3.059814
v 32.193466 -4.509617 -18.132324
v 5.042831 31.290874 52.936035
v -11.365860 13.114395 12.612793
v 19.703476 13.405125 40.363037
v 5.542831 1.467434 17.480957
v 27.362900 7.267376 30.024170
v -115.976456 25.114662 -54.747070
v -121.984756 2.493290 -52.276855
v -125.029190 -2.428188 -40.068604
v -132.530655 -14.354578 -63.136475
v -119.390762 -2.230164 -66.649902
v -116.088760 -3.754246 -73.959229
v -89.657608 12.643703 -57.794922
v -100.277969 2.310886 -59.159912
v -106.806290 26.141605 -66.945068
v -105.477432 5.389328 -65.873535
v -113.654922 -0.839100 -82.309570
v -117.724747 25.601818 -75.502197
v -107.669327 31.944630 -70.865234
v 50.580429 -7.079025 -63.639893
v 33.061142 24.125896 12.374023
v 10.000595 25.592743 -15.969238
v 17.388535 10.435734 14.969971
v 34.443222 3.307793 5.495605
v 29.653915 21.804981 -9.269531
v 17.434189 9.497967 -25.367920
v 41.556259 25.966656 -11.641357
v 42.884140 23.143970 17.728516
v -11.669815 17.496120 32.366455
v -13.861221 34.847683 16.883545
v -11.016739 -6.271488 -12.172607
v 44.816513 7.409702 36.592773
v 30.067490 6.830940 44.447021
v 58.560410 6.204334 -42.194580
v 78.900497 9.998096 -38.768311
v 47.455917 1.291561 -34.155762
v 49.725449 -1.121742 -26.104980
v 37.588974 -19.927122 -77.313721
v 8.178574 20.393669 6.802734
v 4.486679 2.314007 -3.515137
v 4.164902 19.459064 -29.536621
v -5.790421 8.278027 -29.249512
v 13.242538 10.525299 -26.923584
v 17.697128 -14.531296 -23.810059
v 63.699570 28.154537 2.319336
v 37.774033 -7.249870 -44.574219
v -36.407120 -0.735737 -31.320557
v 14.451523 -16.794849 -40.494141
v -15.661758 3.684322 -28.757812
v -23.976944 12.858849 -12.216309
v -22.970840 1.660881 -47.796387
v -7.128799 13.863167 -49.421631
v -30.621964 39.850521 -28.383057
v -16.343155 29.760883 -30.770020
v -37.122696 26.152813 -35.966064
v -27.520645 23.513428 -9.765625
v -50.127579 22.884663 -52.186279
v -28.826065 8.018890 -53.555176
v -10.812637 14.661919 -8.383057
v -55.313370 8.990582 -66.631104
v -35.697159 16.258926 -33.328613
v -44.856583 8.196522 -50.983398
v -45.458389 1.573071 -69.048096
v -66.526505 1.448170 -85.682617
v -55.783585 -15.945938 -46.736572
v -75.844376 1.759228 -96.408447
v -62.954483 -4.297585 -78.964600
v -60.506241 -10.404095 -55.674561
v -69.254288 -5.890942 -77.919189
v -56.796524 6.422493 -57.712891
v -80.513321 23.911919 -64.719482
v -48.824844 1.772896 -54.439941
v -29.899796 -14.066809 -49.574951
v -80.616348 9.303776 -75.348633
v -51.991104 15.443958 -40.159668
v -23.815811 -17.480806 -71.025391
v -38.995010 -25.081993 -59.434082
v -46.402969 -2.568569 -81.525146
v -15.348526 6.598751 -62.732178
v -0.342178 14.923080 -51.498047
v -25.651749 21.189972 -67.377686
v -50.368790 -14.986286 -96.356445
v -73.297256 -19.398371 -89.660889
v -81.085098 -24.913132 -111.272705
v -72.141739 -22.412121 -59.817383
v -76.409073 7.023571 -66.382324
v -62.823380 -25.220058 -74.785645
v -54.376114 -25.585381 -54.976562
v -88.399063 -15.501547 -72.923340
v -89.752823 0.858040 -77.226562
v 192.559189 -8.267176 48.861084
v 188.231552 -14.694962 67.357178
v 173.189072 -2.903378 42.507080
v -107.843155 -11.514114 -98.603271
v -104.610977 5.960758 -89.374512
v -114.339737 1.904354 -96.933594
v -68.085831 -12.119949 -22.020264
v -50.218887 -21.703526 -34.176270
v -27.541641 -24.540300 -43.038818
v -40.172989 -10.729574 -26.832275
v -16.533096 -6.301430 -12.519531
v -37.221085 -17.358332 -4.886475
v -37.452774 2.403534 -8.136719
v -54.989151 -7.998936 -2.852295
v -57.886856 -3.154179 -32.247559
v -21.590714 -13.980820 -30.436279
v -40.904190 3.531178 -14.569336
v -46.275772 19.987919 -9.302002
v -152.647842 54.587963 -35.805176
v -155.497452 41.659969 -23.123047
v -154.776749 61.991673 -16.725098
v -179.149796 -36.128597 -83.445557
v -105.411758 -19.444462 -127.178467
v -104.755020 -1.560173 -3.809570
v -143.980606 -16.604864 -54.575684
v 32.435654 14.152008 -25.413086
v 58.711044 17.011951 -22.916992
v 41.101669 6.271645 -56.073730
v -94.910782 24.879910 -72.491699
v -71.429825 -3.397911 -48.360596
v -66.596817 7.707924 -59.450684
v -79.961075 -3.081631 -55.198486
v -88.339249 21.875740 -58.199219
v -94.179337 -18.221968 -23.883789
v -110.852921 -22.044659 -24.105713
v -101.089249 -10.495123 -37.453369
v -83.871475 -16.588257 -32.044922
v -102.337784 -13.026154 -17.655518
v -76.678360 -17.789995 -15.046631
v -76.128799 -2.004822 -16.560303
v -94.543350 19.866405 -85.146973
v 135.989365 -22.682842 161.405518
v 131.246201 -26.865082 190.099609
v 125.666855 -22.157843 218.989502
v 116.387802 -16.636766 246.785645
v 101.031601 -32.875240 228.467041
v 90.917099 -18.027742 204.419434
v 80.608261 -20.775446 192.077393
v 196.249130 -8.335308 78.978516
v 177.110703 -9.121433 101.760254
v 154.798203 -3.164612 119.134277
v 146.792587 15.536373 108.430908
v 172.721786 20.330486 100.148926
v 199.545273 21.666508 88.544434
v 221.822861 33.959545 83.738525
v 226.478622 22.987923 91.732910
v -196.933243 71.932037 63.530518
v -179.032120 61.296833 -68.151855
v 62.490829 -28.901453 195.434814
v 29.532333 -9.318352 237.139893
v -37.373672 18.741085 119.899902
v 94.544296 62.788654 14.526123
v 106.428085 19.510387 72.968750
v 191.332870 -6.329975 56.704102
v 76.344589 1.870609 175.298828
v 118.996933 -25.777531 157.064697
v 149.783066 47.154758 111.089111
v 208.210312 24.139149 89.550049
v -26.741837 47.096859 -21.030762
v 46.901962 24.340008 -61.500977
v 9.725204 32.803143 -39.511475
v 24.584335 29.112934 -56.518066
v -242.674210 41.552677 78.977783
v -139.705704 14.120426 62.866699
v -230.984268 13.271660 63.419922
v -195.696671 101.518127 -26.143311
v -213.934464 14.683552 0.513184
v -231.594376 63.507191 -65.015137
v -92.551895 87.608078 -71.587158
v -17.512100 -8.922447 226.869385
v 62.629501 -23.410461 227.792480
v 60.119003 -12.261477 202.763184
v -74.476944 -4.108032 165.323486
v -9.757706 -18.850451 131.929932
v 65.784531 36.685757 93.802002
v 108.670029 69.020935 82.221924
v 74.233505 45.698521 16.580078
v 21.026962 79.922134 -70.591553
v 132.093613 3.823978 110.405518
v 128.813339 14.257206 38.385986
v 160.007675 3.667183 47.218750
v 90.556503 2.613701 212.898193
v 63.357285 -26.252375 175.744629
v 93.576035 -17.044968 163.751465
v 161.581406 42.242626 128.870361
v 185.809189 31.542553 111.567627
v 182.528427 48.078060 86.280029
v 84.019638 70.702576 144.346680
v -49.482803 45.727016 -57.857178
v -16.488663 37.972782 40.765137
v 32.314316 31.971760 -33.173096
v 7.806503 38.330265 -1.193848
v 16.270615 36.159176 -19.996338
v -6.571915 36.915989 -23.751709
v -23.011856 36.023998 -48.621826
v -259.759888 16.136044 58.767090
v -194.484512 2.464233 71.355713
v -230.332901 46.046520 28.452393
v -156.360489 -23.159468 71.730957
v -241.825821 -7.086329 43.618164
v -231.168839 -13.400566 28.786133
v -222.469864 98.375107 -57.713379
v -239.769913 69.022980 -1.944580
v -117.369766 123.454956 -65.242188
v -224.343155 5.841000 7.694580
v -227.429337 35.322041 -49.240723
v -174.121231 55.517330 -73.527588
v -49.275528 -0.869473 216.357178
v -25.661514 -11.421919 204.089355
v 9.448593 -16.093040 205.650391
v -7.787003 -13.895746 196.682373
v 81.584824 -27.132936 221.512939
v 85.706894 -12.187412 243.026123
v 36.734482 -18.162348 218.088623
v 34.921982 -17.386021 190.450195
v -96.161270 13.462547 185.195557
v -124.335587 -5.712563 126.018066
v -26.340958 -13.508404 160.429688
v -67.905899 -18.627531 106.828125
v 45.180038 33.327404 129.803223
v 132.455673 52.666477 42.070557
v 59.678329 35.347477 7.469238
v 22.181259 53.007305 -22.581787
v -27.709122 66.215591 -100.166748
v 137.116318 -6.465063 103.284424
v 143.505966 -15.924051 89.173828
v 167.769882 -12.532145 73.155518
v 149.192245 11.581646 82.205566
v 134.480820 -14.398001 106.530029
v 147.522324 2.693394 95.411133
v 145.044785 14.678616 19.861328
v 147.817490 35.592060 28.803711
v 173.296249 6.178463 33.468506
v 109.887558 -5.574699 225.743164
v 117.315781 0.251110 193.590576
v 59.920761 -19.706184 154.857178
v 31.037949 -27.880625 169.629150
v 89.115585 -20.309486 151.330078
v 86.660751 -14.236942 189.237061
v 166.947861 20.660583 132.476562
v 147.185654 31.499195 155.285889
v 187.852402 16.728886 109.891846
v 208.809677 44.107494 103.367676
v 200.200302 36.885426 77.114990
v 174.576523 24.590221 75.460205
v 180.212265 55.783688 112.912842
v 91.525497 39.939320 161.269287
v -76.963760 49.193996 -76.793701
v -43.706924 41.562572 -80.257568
v -26.264053 32.548870 -70.133789
v 16.056992 42.089947 36.284668
v 28.625351 34.601414 0.687988
v -38.688614 47.611507 -38.847900
v -82.880020 81.624573 10.717041
v -83.036270 54.755497 -25.578125
v -64.214493 45.920887 -37.697510
v -82.494766 56.116772 -52.282715
v -68.429092 45.650845 -60.166748
v -138.780655 73.315308 -49.008545
v -113.127823 42.021893 -62.663574
v -113.371964 67.968460 -39.423096
v -94.360245 51.760410 -65.678711
v -99.227676 38.704105 -81.950439
v -94.489639 62.859829 -38.781006
v -270.046021 -0.326996 51.117432
v -238.497696 -5.885639 64.562012
v -290.776978 24.534870 57.376465
v -187.039932 -7.360332 99.825684
v -267.638306 22.901997 14.081055
v -169.012589 -9.946280 91.949463
v -192.469131 -23.136700 64.803711
v -131.457901 -14.546629 98.598633
v -175.176895 -18.842930 74.309814
v -151.355850 -8.853815 103.798096
v -251.127335 -16.882444 58.576660
v -257.176147 -8.039980 32.288330
v -230.223770 81.579987 -70.740967
v -248.451309 83.282837 -43.350098
v -200.841446 95.611069 -81.980713
v -140.604630 110.032440 -103.718994
v -229.388809 -13.719337 -6.193359
v -236.081924 36.380169 -63.141846
v -205.502823 32.181873 -69.854004
v -228.848282 23.944920 -41.193359
v -156.864395 60.254513 -71.630615
v -57.947891 -11.770674 204.743896
v 58.860214 -5.202961 233.347900
v 45.162949 -14.928841 230.955566
v 16.673203 -18.790104 226.383301
v -108.217178 15.875126 195.691650
v -75.285782 13.322777 207.778809
v -122.304825 8.209698 167.657715
v -33.151260 -27.905188 159.483643
v -56.603165 -11.669092 150.042480
v 49.886581 10.900883 123.996826
v 68.166122 20.128372 151.953613
v 29.345322 26.069042 101.702881
v 131.294785 58.704540 14.484863
v 112.212021 27.844105 20.489990
v 144.246689 82.698883 35.109619
v 125.188828 42.900219 25.353027
v 133.090683 78.742081 16.400391
v 65.374863 32.245480 -14.130859
v 34.354355 39.298100 -14.204102
v 87.697128 28.148899 4.915527
v -15.694717 58.037266 -36.359863
v -56.531143 66.659073 -81.101807
v -78.567764 93.385391 -109.987549
v 157.629257 -16.389374 104.431885
v 134.320175 -2.572895 63.456543
v 149.861679 36.622585 9.807617
v 125.944199 -13.421156 201.795410
v 119.902939 -9.731503 177.823486
v 106.090439 -13.686749 190.105957
v 28.412460 -24.024845 152.682617
v 0.696640 -24.080294 168.080078
v 48.968613 -15.365417 167.764648
v 94.797714 6.685558 189.074707
v 150.483261 13.666145 156.759033
v 142.470322 53.884281 143.902588
v 119.636581 26.488804 165.334717
v 166.473984 11.063305 84.612549
v 146.725693 47.676983 75.006104
v 166.285507 53.887928 98.970703
v 162.893906 57.490627 124.581299
v 93.564316 19.442696 152.465576
v 93.980820 28.893490 156.820557
v -70.526016 40.106747 -89.791748
v 33.935898 39.442135 33.984863
v -2.812393 42.736820 20.604736
v -37.175186 42.111767 12.403320
v -15.946915 45.321865 0.368164
v -56.998184 51.280766 -8.880127
v -134.452042 43.320705 -83.887207
v -250.809708 -4.910454 73.952881
v -215.626114 -7.193419 83.513184
v -234.584610 17.306927 70.651367
v -218.095352 0.042980 70.621582
v -204.142471 35.154675 88.514160
v -215.178116 18.915894 79.571777
v -298.349487 11.448803 46.677979
v -269.102661 38.123676 69.135986
v -240.930801 42.675106 57.678955
v -276.601440 47.382236 37.307373
v -256.027710 60.546658 66.912598
v -280.515747 39.824741 53.980225
v -220.989151 70.212952 72.556396
v -259.662476 46.009243 53.210205
v -245.049454 46.589573 41.916504
v -238.007462 60.237553 75.092285
v -251.764297 40.537304 26.012695
v -238.585587 38.517208 16.711914
v -236.070694 28.944050 22.674072
v -201.667374 -0.320564 113.603760
v -170.339981 -4.713634 127.929688
v -291.302856 22.063995 6.116211
v -298.267700 30.017109 28.753418
v -270.725708 48.558437 -2.031982
v -285.924683 36.608326 -6.301758
v -199.721817 -17.489561 84.352539
v -220.565323 -15.967051 58.735352
v -112.667618 -9.878796 121.053467
v -267.051392 -18.342787 37.298584
v -254.700333 -14.047173 6.141357
v -248.945938 10.040386 44.821289
v -245.065079 4.453995 25.069580
v -218.502335 15.228897 49.796875
v -233.856827 10.268669 42.944336
v -187.792618 26.685993 31.098633
v -220.509171 31.000317 26.221924
v -230.406876 33.291317 44.664307
v -209.104385 53.160229 46.888916
v -256.040405 70.887070 -54.692383
v -225.467422 94.285919 -25.808105
v -203.032608 78.042877 -86.860840
v -191.089493 104.586151 -57.307373
v -173.810684 96.020065 -98.642090
v -145.782852 89.593582 -113.224365
v -116.007950 96.130081 -126.130615
v -134.241837 91.120819 -128.885010
v -212.834122 37.091587 -83.514893
v -176.461807 36.863079 -81.790771
v -211.569962 41.879566 -73.034424
v -234.521133 13.946896 -54.072998
v -247.744278 38.580891 -50.790283
v -237.610001 2.614620 -21.904785
v -160.325577 61.022999 -93.004150
v 77.768417 -1.401531 228.049316
v 37.224228 -6.556446 186.601807
v 60.681747 -2.133648 203.928955
v 76.150986 7.093662 190.035645
v 57.159531 1.925938 173.111084
v 61.200058 -1.757252 160.567871
v 27.269638 -4.318825 135.642578
v 43.609726 -8.389994 149.019043
v 20.197617 -11.977165 160.898926
v 32.963242 -2.988338 157.112061
v -84.918839 2.379807 208.726074
v -38.703751 4.923939 188.583740
v -71.814102 8.761303 185.925537
v -133.947891 17.897182 177.946289
v -99.217178 -0.695740 165.648193
v -88.569229 -5.982304 132.535889
v -116.444962 -3.762024 148.906738
v -145.782120 -1.647823 144.695312
v -34.514053 -14.523403 137.489990
v -55.873184 -12.746298 126.335205
v -84.700577 -9.975382 128.072266
v -31.392227 -16.088953 100.745361
v -38.530655 -20.284006 118.459717
v 72.524277 4.931789 143.051270
v 44.667099 21.654549 95.188232
v 3.153915 40.166492 76.387207
v 120.841171 33.551037 0.567383
v 155.462509 63.974125 23.627686
v 40.650253 41.841236 -31.753662
v 6.163193 39.351833 -24.906738
v 42.564072 56.457035 5.496582
v 77.781845 30.745640 36.446777
v 94.825790 22.724613 -11.423584
v -19.684952 41.450161 -45.152588
v -72.137833 60.504330 -74.175537
v -78.504532 68.169220 -104.572998
v -43.038956 58.618450 -53.754883
v 153.550156 -5.445442 62.658447
v 119.013535 8.785355 58.013184
v 136.001816 45.511646 68.022217
v 124.326523 27.089207 68.698486
v 135.897812 32.147190 48.893555
v 146.028671 62.757885 50.599609
v 120.008652 -1.213661 86.189697
v 44.759872 -23.837444 182.895020
v 152.815536 46.884373 145.181641
v 107.837997 62.217838 118.294922
v 129.237411 48.966534 159.100342
v 112.721542 64.370224 142.887207
v 166.065048 42.446270 75.257812
v -40.371719 39.137974 -7.845459
v -60.777969 58.473461 25.126953
v -79.741348 61.289814 -3.067871
v -64.278946 60.634411 6.046387
v -106.379044 78.241302 -13.637451
v -125.070450 60.560818 -67.020996
v -194.957169 -10.798422 80.467529
v -180.497452 8.536011 136.043701
v -148.747940 -6.032314 95.766846
v -168.130020 -2.877583 75.434326
v -280.478149 36.061741 22.189453
v -302.965942 23.692451 43.601562
v -264.066040 66.123596 -24.458252
v -215.380020 -6.125788 48.173828
v -99.092422 -25.380890 94.092529
v -241.388809 0.729824 -4.774414
v -206.353653 46.073597 -1.128174
v -206.172989 29.443150 38.331543
v -192.036758 34.805859 52.810791
v -194.953262 42.733028 40.112061
v -211.663712 103.174438 -39.570801
v -233.329239 93.505188 -42.993164
v -241.717667 78.022446 -22.525879
v -219.674942 69.669327 -30.458252
v -207.020157 103.670319 -67.532227
v -146.913712 96.249619 -33.366699
v -179.555557 110.656372 -78.882324
v -161.974747 106.159332 -57.232666
v -159.996719 113.232544 -91.107666
v -137.283829 121.413605 -81.087402
v -104.639053 112.973831 -93.693115
v -155.846329 119.673279 -71.947021
v -117.815079 123.036469 -83.691650
v -97.978653 74.812943 -125.923584
v -184.620255 44.133465 -96.142334
v -185.070206 37.427563 -61.564453
v -232.464493 43.403904 -68.372803
v -213.031876 32.087833 -59.104736
v -191.433975 83.517303 -84.425293
v -242.873428 35.799747 -45.266357
v -226.396622 49.806355 -36.262207
v -225.911758 -1.551018 -8.876953
v -224.363907 -7.947041 -34.625244
v -246.686172 19.914486 -35.991211
v -245.134171 47.526882 -20.949951
v 37.489609 -8.038628 212.714111
v 1.046738 3.853973 200.372803
v 13.823105 -5.367085 218.709961
v 18.934433 -6.840300 197.615479
v -4.537003 2.877842 220.142822
v -21.754288 10.932343 204.792236
v -43.343643 11.298660 207.388916
v 16.549911 -20.087326 176.151367
v -2.990616 -9.852945 156.968994
v -4.356827 14.500813 146.554443
v 9.137558 3.661747 170.746094
v -13.193741 5.744030 180.552734
v -155.804337 10.949581 156.032959
v -76.856827 -12.229368 146.963623
v 2.217392 36.838421 53.865723
v 24.758163 41.366741 62.971924
v 20.386826 32.163029 82.666260
v 2.283066 55.538090 -24.804443
v 19.954697 49.700848 -10.599609
v 40.144150 37.229427 4.701416
v 92.993027 27.920147 24.395508
v 106.057968 33.892841 57.563965
v 75.487411 32.828457 18.136475
v -92.319473 67.649399 -96.720215
v -53.035294 66.992065 -105.716309
v -67.936417 76.495468 -121.317627
v -40.625626 98.909866 -104.264893
v -39.440323 78.839050 -109.854736
v -58.355362 92.100449 -112.217041
v -45.236954 49.500492 -63.034180
v -32.457657 58.399570 -76.386963
v 9.875351 59.221149 -81.261230
v 9.912460 49.605740 -51.233643
v -12.144913 60.339664 -85.307129
v -12.710098 52.156223 -62.003174
v 137.400986 80.068558 61.968750
v 127.566269 50.124142 122.903320
v 134.044296 61.024212 97.604004
v 93.297470 71.681168 130.303955
v 89.476913 103.131439 106.483887
v 94.580917 92.386444 118.692139
v 99.004501 56.286983 163.542969
v -77.177872 87.655914 -30.733154
v -123.559464 77.416489 -30.697021
v -101.710098 93.103012 -33.736572
v -87.606339 96.369034 -49.754639
v -116.860733 87.015671 -64.664551
v -118.693497 81.085037 -49.705322
v -140.866592 56.532055 -75.343994
v -131.074112 44.889599 -65.192383
v -125.491592 55.791340 -49.259277
v -108.352188 61.080196 -56.789307
v -144.676895 65.864700 -65.865967
v -167.005508 -4.304085 106.969482
v -147.475723 -4.094009 120.674316
v -123.672012 24.912102 89.017334
v -170.474991 23.347294 85.256592
v -279.317017 59.525486 -14.623779
v -253.700821 55.678524 -8.322754
v -232.255997 1.083401 48.787109
v -182.488419 20.473427 76.656738
v -204.893448 -17.232153 51.831299
v -188.712051 -0.979786 58.068115
v -171.075577 -17.100044 52.080078
v -163.203506 6.747414 61.198486
v -146.804337 -10.372000 57.910645
v -117.511124 -10.214108 74.808105
v -131.875381 -24.375038 71.155029
v -132.408340 -3.715603 68.637939
v -114.407364 -29.148363 81.976807
v -88.147598 -15.917013 109.150146
v -113.130020 -16.785229 103.432373
v -226.151260 -4.783180 5.833496
v -227.309219 0.700756 27.032715
v -242.655167 -8.867521 12.051758
v -206.111465 57.530590 20.752441
v -209.805557 84.140915 -18.334961
v -226.888565 85.632507 -6.099854
v -175.505020 99.241318 -39.395996
v -137.597305 110.986298 -53.591064
v -111.848770 81.288300 -137.051758
v -96.033096 92.372253 -121.958740
v -210.457413 66.265884 -79.004395
v -192.451797 53.235088 -82.028809
v -242.312881 62.218708 -41.842285
v -224.089737 37.620296 -12.210449
v -207.550430 29.199299 -33.687012
v -231.436417 26.833019 11.064209
v -216.297501 19.443256 -20.283936
v -195.985245 20.346725 -7.621826
v -214.405411 15.730400 24.848633
v -237.762344 20.414684 -6.206543
v -197.118790 -7.493179 33.203369
v -239.934708 37.309071 -4.656494
v -207.999161 0.368729 25.582520
v -191.412491 3.237717 13.704834
v 15.181992 2.510075 143.083984
v 0.734238 -4.578979 122.668701
v 23.601913 -6.464363 173.374268
v 50.631943 59.003231 -63.141602
v 149.685165 78.840576 51.996094
v 142.472763 69.445053 73.271729
v 123.511093 91.493103 84.490723
v 145.032578 46.687809 93.173828
v 119.031601 41.638134 106.197021
v 109.550888 20.916901 100.968018
v 127.309921 24.129307 106.423340
v 132.664902 35.638821 88.686279
v 126.319443 55.694248 90.904053
v 108.229355 74.509644 115.965088
v 98.695908 51.092274 97.324707
v 112.419785 50.976063 81.747070
v 102.113144 33.377682 87.272461
v 67.639999 62.927807 93.824219
v 103.545273 37.656269 167.367432
v 114.586288 60.059338 157.919922
v 98.997177 72.559280 153.383789
v 96.878281 57.904018 149.539062
v 87.815781 50.526798 122.551025
v 103.219101 42.686077 146.378906
v 98.991806 49.384502 143.614014
v 88.909286 34.302189 116.547363
v 81.990829 56.085514 140.958008
v 70.100204 68.563507 120.870850
v 80.650986 80.856583 105.402344
v -88.959122 88.150879 -11.157959
v -142.388565 60.884594 -58.183350
v -141.579239 3.145226 79.870117
v -176.585587 8.341198 74.657715
v -206.378311 12.682579 70.603516
v -214.920792 40.896465 64.231201
v -219.541641 23.808811 71.295410
v -74.820694 -0.498539 78.129883
v -237.348526 -0.920471 16.720459
v -222.493790 49.180264 22.914062
v -198.813370 38.433216 15.479004
v -184.931534 25.451595 15.303223
v -207.247696 52.347050 -11.752197
v -208.837051 31.968906 -13.779297
v -204.661270 61.152843 -32.764893
v -189.131729 8.921352 31.523926
v -182.597305 21.756111 43.150879
v 10.102646 -12.735912 130.693848
v -11.953506 -15.641533 110.776367
v -25.086807 2.649033 109.743164
v -47.932022 6.249538 90.509277
v -18.867081 13.038567 129.971436
v 36.334579 47.343220 -44.737061
v 80.732773 49.981472 -28.166504
v 49.702988 47.782070 -19.936035
v 60.823349 49.564213 -43.128662
v 61.874374 48.587841 -1.540527
v 27.644638 54.126316 -65.989502
v 30.234238 69.836960 -82.358154
v 123.259872 74.824890 74.211426
v 116.779160 52.368404 69.197510
v 102.950546 101.096039 89.425781
v 114.049667 83.608170 118.182373
v 124.461288 75.394287 101.825928
v 107.046249 95.767578 105.875488
v 99.911728 84.082474 95.474609
v 108.740585 55.405407 110.075928
v 124.111679 70.131958 89.566406
v 95.469345 53.283337 88.167969
v 65.009628 36.227024 118.744629
v 77.696152 29.407177 137.552490
v 77.028671 82.881012 119.405762
v -112.959122 -5.489956 91.986084
v -146.759415 24.856617 83.793945
v -144.932266 46.482883 77.130127
v -154.393692 27.990231 67.973145
v -77.975479 -21.009769 87.793213
v -94.722794 -11.551342 76.166748
v -54.306290 -16.335735 91.525635
v -105.175430 23.965965 67.019043
v -123.532852 14.710480 73.331787
v -131.139053 33.548389 71.167725
v -203.150040 63.879742 2.367432
v -216.827042 38.466122 9.219971
v -223.294571 52.152767 -1.670654
v -223.982315 55.960361 -19.606445
v 132.330917 60.559757 59.781738
v 110.515244 85.979401 91.078125
v 98.995468 84.008179 39.717529
v 78.317490 90.047516 76.896729
v 76.183701 77.545959 89.346680
v 113.038925 98.458603 99.956787
v 98.884140 73.525238 95.774902
v 87.834091 37.850559 93.814209
v 82.450302 43.452366 51.485840
v 76.540146 38.171970 73.190918
v 16.185654 46.922146 44.455566
v 41.818954 41.885227 68.367188
v 94.796249 47.678364 108.042725
v -120.000137 4.554871 81.151123
v -94.942276 17.904163 82.031006
v -131.815567 -7.602354 85.823730
v 106.130722 87.541031 65.109863
v 101.609482 55.569546 53.389648
v 89.413437 91.010437 58.178955
v 88.252792 64.113174 52.270264
v 74.954697 75.896317 60.746094
v 107.446152 73.900803 49.887207
v 104.063583 56.162235 17.374756
v 101.617783 69.339371 66.619141
v 86.970322 103.207916 89.171875
v -104.043350 21.416119 82.248047
v -86.909805 0.380024 104.077148
v -71.068253 21.724098 87.952637
v 94.796982 39.557926 47.279053
v 103.652451 47.227589 34.776611
v -106.070206 -5.895451 112.902100
v -64.330215 8.003479 123.005371
v -84.870499 18.779686 73.406738
v -54.679337 23.116325 104.473877
v -72.030411 13.960972 101.485596
v -67.557755 -3.963810 143.530518
v -45.616348 -2.996700 162.427979
v -28.049698 9.022575 147.915771
v -49.022842 8.298626 139.236084
v -25.875381 1.014412 166.194092
v -55.367081 0.532352 178.409668
v -2.754044 30.144810 -60.325439
v 63.702744 -12.261526 182.365967
v -189.923477 64.900055 87.063965
v -166.889053 47.271656 82.345459
v -165.677628 51.933399 92.982178
v -166.947647 30.743000 80.737305
v -179.953262 58.201176 67.136719
v -199.740372 51.920002 70.051758
v -200.551407 54.306004 57.588135
v -186.545792 47.264637 91.616699
v -148.359268 42.029430 93.128662
v -256.967407 33.855946 6.458252
v -227.936172 60.230694 55.788330
v -207.321915 70.426529 57.745605
v -161.483047 45.638638 -69.069824
v 56.498642 45.860264 20.450928
v -44.371964 41.420132 39.333740
v -23.643448 54.357578 63.056396
v -30.771622 40.426540 54.654785
v -119.576065 108.044617 -108.253906
v -30.200089 3.855530 220.167725
v -3.847549 92.293945 -93.549072
v 14.215683 81.128723 -88.810791
v -66.724503 122.560074 -85.863525
v -131.146378 114.277390 -87.827881
v -106.712051 98.975540 -54.833984
v -114.450821 108.525955 -44.188232
v -126.550186 86.534317 -41.040527
v -83.194717 111.873505 -60.555664
v -158.987442 72.244354 -44.972900
v -142.072647 101.309708 -66.201416
v -98.805801 119.698730 -54.451660
v -143.428848 78.065063 -35.404297
v -142.725723 80.106155 -57.660400
v -165.925186 83.207870 -60.903076
v -175.642715 87.111343 -33.754395
v -126.301407 94.299469 -54.772461
v -120.469864 116.057571 -65.364990
v -199.212784 81.850037 -37.229980
v -85.781876 103.659958 -91.464355
v -199.986465 59.299541 -45.632568
v -93.521378 113.809891 -67.993652
v -207.118057 65.561935 -29.404785
v -192.026505 42.995472 -51.748291
v -107.433243 111.822662 -86.289551
v -117.042618 86.062164 -90.548828
v -165.091690 74.508057 -64.304443
v -207.442764 78.185791 -50.820557
v -228.340225 78.686081 -48.827393
v -206.878311 85.859879 -65.834717
v -181.696671 102.087601 -66.532715
v -162.061417 93.293289 -26.934814
v -177.436172 67.588837 -53.273926
v -212.299698 44.995090 -43.611572
v -220.485245 36.754887 -46.838379
v -216.805069 59.118023 -54.524658
v -198.807755 67.196182 -63.851318
v -187.304337 86.022079 -56.560547
v -161.158340 100.931244 -91.788086
v -161.246231 103.727325 -62.197998
v -178.175186 98.328308 -84.250732
v -125.658096 69.168015 -58.830811
v -128.995499 74.871170 -82.232666
v -134.674210 83.039139 -76.443359
v -136.958145 95.098251 -91.801025
v -153.581436 76.575867 -84.398438
v -216.512833 -5.713081 42.707031
v -210.794083 34.395939 49.493164
v -198.419571 11.622520 43.091064
v -17.668594 71.266525 -3.921631
v -36.324844 57.528797 26.000000
v -50.747208 60.106754 41.227539
v 50.501328 43.781353 33.151855
v 9.797714 53.829510 78.720459
v 12.836288 44.076817 100.583984
v 32.669052 42.545353 112.867432
v 32.564804 48.651531 90.774170
v 49.261581 42.155712 105.812988
v 82.363388 61.006588 75.834229
v 91.710800 71.424301 25.192627
v 106.409531 73.343369 20.569824
v 93.607773 54.567623 63.810547
v 97.993759 58.001751 39.450439
v 89.353378 46.212841 -3.055420
v 97.223984 72.611618 -12.996582
v 107.952499 68.284714 2.155273
v 101.664413 73.778183 7.720947
v 55.086288 57.695972 -25.677490
v 72.629013 62.427052 -42.921631
v 74.537704 69.658630 -19.981445
v 54.197617 70.336197 8.315430
v -208.674698 56.750614 85.374268
v -184.864151 39.268116 76.351074
v -33.696915 76.501175 -77.988525
v -82.467422 109.949158 -95.386230
v -90.706436 126.365570 -77.302002
v -51.011612 103.073715 -82.643799
v -94.102188 85.759323 -93.580078
v -65.949844 73.785629 -80.561523
v -71.308243 74.879669 -54.422363
v -106.522598 99.121185 -99.543457
v -48.077530 63.951984 -25.892090
v -64.873672 76.615112 -6.531494
v -53.660049 76.727982 18.948975
v -48.539200 66.176361 -62.163086
v -64.513077 72.026855 -35.155029
v -41.721085 72.202896 -3.933838
v -4.943985 64.714371 -48.337402
v -33.139297 69.836136 10.246094
v -24.435684 61.487141 -58.126953
v -37.293594 62.127666 -44.348633
v -3.442032 81.851212 -56.070557
v -49.982071 86.906754 -96.406494
v -64.903458 95.461716 -92.524658
v -69.384415 98.704041 -71.868896
v -58.845108 115.873306 -73.448975
v -34.509659 119.907211 -86.536133
v -25.809708 100.649216 -89.367676
v -19.353897 92.380600 -69.012451
v 2.388535 97.311981 -72.582275
v -12.901505 112.887100 -84.722412
v -21.715958 101.391556 -97.530029
v -73.323868 85.311737 -96.021484
v -50.173477 115.101852 -95.433105
v -65.139297 105.542877 -101.051270
v -111.023331 94.945175 -75.277100
v -152.997696 114.226028 -78.525391
v -158.629288 66.839066 -85.097656
v -172.868057 74.318253 -94.691162
v -4.932510 50.715565 16.798340
v 36.513779 43.067379 48.065674
v 59.804306 39.744740 53.949707
v 74.286484 52.667973 27.741699
v 74.435410 67.273636 11.866455
v 22.571884 47.574482 63.942871
v -1.259171 55.016613 57.983643
v -16.884903 56.253651 39.725586
v -0.478653 51.017368 35.631836
v -34.745255 48.632221 46.807129
v -10.153458 49.849079 78.732178
v -14.162491 38.932621 64.755371
v 18.117783 71.480865 -13.257324
v -20.080948 73.973068 -29.683105
v -2.289932 65.990112 -19.290527
v 10.363388 54.375103 -1.831299
v 5.917831 68.124695 -30.604980
v 28.985947 55.860668 -32.101807
v 31.568222 63.608448 3.838623
v 46.720078 61.163296 -49.620117
v 35.974716 68.104904 -66.931641
v 41.990097 65.622803 -9.290771
v 23.555038 47.062481 19.508789
v 44.428574 54.306522 16.510010
v 16.483505 66.046234 -47.459717
vt 0.898489 0.326321
vt 0.894652 0.330676
vt 0.893464 0.321059
vt 0.900905 0.213152
vt 0.895793 0.206007
vt 0.905633 0.205131
vt 0.947794 0.336634
vt 0.953580 0.336143
vt 0.951467 0.346169
vt 0.900507 0.336053
vt 0.902830 0.344219
vt 0.898573 0.344053
vt 0.923540 0.204912
vt 0.929155 0.205572
vt 0.927455 0.208965
vt 0.891962 0.274702
vt 0.891552 0.264979
vt 0.894599 0.269691
vt 0.909712 0.345354
vt 0.906042 0.340103
vt 0.911249 0.340538
vt 0.894428 0.301793
vt 0.897842 0.297123
vt 0.898804 0.307544
vt 0.937675 0.590749
vt 0.933447 0.599689
vt 0.930039 0.591936
vt 0.907724 0.314746
vt 0.901666 0.317232
vt 0.903915 0.308095
vt 0.888701 0.581221
vt 0.885782 0.589832
vt 0.880704 0.585026
vt 0.932889 0.549799
vt 0.934397 0.544031
vt 0.940641 0.544948
vt 0.890197 0.392015
vt 0.892236 0.397911
vt 0.887563 0.401273
vt 0.889621 0.407075
vt 0.894954 0.408461
vt 0.894410 0.588126
vt 0.903427 0.592524
vt 0.898726 0.596318
vt 0.896038 0.356954
vt 0.898706 0.353248
vt 0.902551 0.361262
vt 0.902302 0.367272
vt 0.896092 0.365124
vt 0.912344 0.591224
vt 0.920857 0.594347
vt 0.917526 0.598865
vt 0.893283 0.375388
vt 0.895488 0.348916
vt 0.895628 0.340226
vt 0.859195 0.498986
vt 0.862873 0.490423
vt 0.865584 0.496814
vt 0.910946 0.355498
vt 0.908679 0.362934
vt 0.897975 0.570603
vt 0.891620 0.576149
vt 0.890140 0.570525
vt 0.886352 0.206796
vt 0.891383 0.211473
vt 0.890003 0.221402
vt 0.896014 0.220679
vt 0.907063 0.211524
vt 0.914708 0.205000
vt 0.913616 0.211272
vt 0.898661 0.391661
vt 0.897771 0.399799
vt 0.915276 0.356326
vt 0.913328 0.351369
vt 0.886631 0.216591
vt 0.912180 0.294128
vt 0.910823 0.281741
vt 0.918205 0.291429
vt 0.898415 0.230910
vt 0.891800 0.231138
vt 0.909364 0.223191
vt 0.910506 0.216826
vt 0.916457 0.217907
vt 0.936076 0.212236
vt 0.935008 0.219902
vt 0.931258 0.219434
vt 0.952359 0.286516
vt 0.954424 0.281271
vt 0.956027 0.290972
vt 0.898348 0.275597
vt 0.891572 0.240640
vt 0.896080 0.240811
vt 0.947528 0.587952
vt 0.951768 0.592002
vt 0.946664 0.595035
vt 0.896027 0.250387
vt 0.888926 0.245923
vt 0.891800 0.550668
vt 0.885475 0.550998
vt 0.889818 0.543132
vt 0.888284 0.236082
vt 0.947262 0.581379
vt 0.954829 0.586845
vt 0.880604 0.575375
vt 0.900235 0.269395
vt 0.898498 0.262322
vt 0.894299 0.292610
vt 0.893462 0.283759
vt 0.896615 0.287957
vt 0.913814 0.420730
vt 0.915102 0.413539
vt 0.918117 0.416987
vt 0.889839 0.595582
vt 0.931663 0.346318
vt 0.924025 0.348811
vt 0.929919 0.340359
vt 0.924949 0.598641
vt 0.955363 0.596837
vt 0.950533 0.601237
vt 0.876407 0.452720
vt 0.878585 0.442438
vt 0.880166 0.448445
vt 0.871020 0.472012
vt 0.873778 0.462380
vt 0.877601 0.468895
vt 0.962187 0.572802
vt 0.956107 0.572795
vt 0.955340 0.564628
vt 0.942014 0.600198
vt 0.893514 0.420191
vt 0.888959 0.417941
vt 0.904625 0.518939
vt 0.898869 0.519619
vt 0.899192 0.511523
vt 0.891664 0.556476
vt 0.887449 0.560807
vt 0.886718 0.428339
vt 0.880877 0.432144
vt 0.883538 0.422029
vt 0.868292 0.502840
vt 0.869268 0.487463
vt 0.867458 0.482072
vt 0.941777 0.217073
vt 0.942985 0.209724
vt 0.948400 0.213981
vt 0.872437 0.477940
vt 0.878207 0.480089
vt 0.968953 0.484404
vt 0.963079 0.479853
vt 0.967682 0.474032
vt 0.871505 0.495678
vt 0.875444 0.498800
vt 0.897117 0.578403
vt 0.940443 0.223392
vt 0.890577 0.463343
vt 0.890617 0.455418
vt 0.897903 0.462963
vt 0.885215 0.529709
vt 0.888195 0.533898
vt 0.883091 0.538170
vt 0.938459 0.204986
vt 0.899839 0.414232
vt 0.880709 0.565617
vt 0.881042 0.555878
vt 0.895596 0.561027
vt 0.960877 0.592360
vt 0.905217 0.548833
vt 0.899272 0.554267
vt 0.895455 0.545835
vt 0.892638 0.525073
vt 0.900978 0.528829
vt 0.894169 0.534197
vt 0.903000 0.586520
vt 0.957030 0.358714
vt 0.952676 0.354559
vt 0.956222 0.349840
vt 0.884139 0.570468
vt 0.946293 0.349294
vt 0.946987 0.341919
vt 0.880912 0.594791
vt 0.909708 0.579196
vt 0.905443 0.572496
vt 0.914557 0.575557
vt 0.912578 0.584184
vt 0.893781 0.311471
vt 0.885855 0.411750
vt 0.950570 0.575049
vt 0.907518 0.596911
vt 0.928345 0.393198
vt 0.931142 0.387526
vt 0.935637 0.392856
vt 0.887015 0.226437
vt 0.929386 0.280820
vt 0.929761 0.287261
vt 0.923008 0.286719
vt 0.908878 0.397377
vt 0.906637 0.403119
vt 0.902020 0.396714
vt 0.947286 0.204193
vt 0.954927 0.579536
vt 0.941123 0.580245
vt 0.933372 0.583887
vt 0.935231 0.576731
vt 0.922490 0.280106
vt 0.940538 0.229881
vt 0.946870 0.229226
vt 0.943561 0.239141
vt 0.949992 0.223802
vt 0.949336 0.267724
vt 0.951100 0.262466
vt 0.953604 0.271878
vt 0.950476 0.253833
vt 0.946434 0.248451
vt 0.951924 0.243683
vt 0.911286 0.274442
vt 0.906669 0.269990
vt 0.917361 0.270308
vt 0.951695 0.233587
vt 0.943821 0.278328
vt 0.949820 0.277399
vt 0.947253 0.287377
vt 0.891737 0.517578
vt 0.897101 0.513377
vt 0.917511 0.227852
vt 0.903891 0.579916
vt 0.953868 0.306207
vt 0.956697 0.300955
vt 0.957310 0.310802
vt 0.900196 0.375422
vt 0.899784 0.381696
vt 0.896995 0.316705
vt 0.957518 0.320647
vt 0.953115 0.316095
vt 0.948680 0.306777
vt 0.941885 0.586183
vt 0.922162 0.588672
vt 0.956129 0.346231
vt 0.958261 0.339970
vt 0.957935 0.330476
vt 0.950388 0.403196
vt 0.957463 0.403096
vt 0.954298 0.413297
vt 0.950276 0.326458
vt 0.947216 0.316829
vt 0.961008 0.377478
vt 0.961448 0.387651
vt 0.956121 0.382766
vt 0.952037 0.373790
vt 0.950473 0.364418
vt 0.955783 0.363800
vt 0.962909 0.408265
vt 0.962330 0.397841
vt 0.953363 0.393080
vt 0.946947 0.390299
vt 0.949060 0.383595
vt 0.959291 0.548349
vt 0.951846 0.543683
vt 0.958168 0.538028
vt 0.959774 0.413379
vt 0.962970 0.418754
vt 0.903638 0.220233
vt 0.935387 0.318060
vt 0.941075 0.316821
vt 0.943684 0.323594
vt 0.937634 0.399918
vt 0.942468 0.395688
vt 0.940920 0.404956
vt 0.964459 0.454159
vt 0.957349 0.449513
vt 0.960692 0.445005
vt 0.959410 0.602209
vt 0.951764 0.423446
vt 0.942912 0.422835
vt 0.948624 0.416788
vt 0.961001 0.582963
vt 0.943200 0.570356
vt 0.949484 0.568988
vt 0.944850 0.575035
vt 0.958247 0.470326
vt 0.963907 0.469500
vt 0.966720 0.463896
vt 0.966527 0.560010
vt 0.959513 0.561763
vt 0.960714 0.555235
vt 0.941193 0.272328
vt 0.936099 0.278630
vt 0.934584 0.272765
vt 0.962694 0.429197
vt 0.957496 0.423798
vt 0.948082 0.409780
vt 0.952418 0.439724
vt 0.961983 0.499428
vt 0.956264 0.503043
vt 0.956093 0.495146
vt 0.960498 0.489835
vt 0.966354 0.489622
vt 0.962440 0.517034
vt 0.958498 0.509233
vt 0.965078 0.509055
vt 0.942924 0.362051
vt 0.947899 0.355221
vt 0.919137 0.337340
vt 0.918595 0.331267
vt 0.924496 0.332331
vt 0.955850 0.480650
vt 0.955867 0.486217
vt 0.964710 0.538965
vt 0.961391 0.528732
vt 0.969534 0.534371
vt 0.962610 0.566620
vt 0.945889 0.563588
vt 0.946996 0.258153
vt 0.968618 0.544471
vt 0.929862 0.483007
vt 0.937157 0.486754
vt 0.931627 0.489666
vt 0.919871 0.212825
vt 0.928587 0.214266
vt 0.923845 0.217300
vt 0.912689 0.236614
vt 0.912151 0.244392
vt 0.905606 0.238056
vt 0.943856 0.464988
vt 0.946442 0.458631
vt 0.952221 0.467148
vt 0.902368 0.245094
vt 0.899988 0.236576
vt 0.922562 0.273731
vt 0.928690 0.271223
vt 0.948423 0.297083
vt 0.938593 0.356708
vt 0.941974 0.346298
vt 0.908685 0.321551
vt 0.897721 0.255697
vt 0.891046 0.255573
vt 0.923571 0.261579
vt 0.932877 0.265729
vt 0.935893 0.252190
vt 0.934414 0.259141
vt 0.928920 0.249654
vt 0.940608 0.263274
vt 0.884279 0.460095
vt 0.884177 0.470902
vt 0.880769 0.502059
vt 0.886066 0.508633
vt 0.876938 0.507349
vt 0.890047 0.473722
vt 0.894207 0.468199
vt 0.950729 0.428534
vt 0.945772 0.430772
vt 0.940993 0.449816
vt 0.948595 0.451545
vt 0.949349 0.238722
vt 0.931089 0.230722
vt 0.923318 0.231248
vt 0.929734 0.224352
vt 0.934031 0.226855
vt 0.920856 0.222155
vt 0.943026 0.481065
vt 0.934999 0.478734
vt 0.911748 0.544421
vt 0.919407 0.547156
vt 0.914873 0.549885
vt 0.882066 0.547503
vt 0.898920 0.541080
vt 0.952374 0.559412
vt 0.926484 0.572105
vt 0.933053 0.571068
vt 0.926673 0.583559
vt 0.924231 0.578546
vt 0.919261 0.582837
vt 0.906410 0.562045
vt 0.900641 0.564829
vt 0.946746 0.536567
vt 0.945100 0.543115
vt 0.938003 0.567566
vt 0.931445 0.564122
vt 0.938331 0.562085
vt 0.939339 0.329575
vt 0.945343 0.330706
vt 0.939316 0.338313
vt 0.959532 0.368274
vt 0.904168 0.353232
vt 0.908654 0.348912
vt 0.915058 0.336498
vt 0.912872 0.327207
vt 0.900039 0.288820
vt 0.898987 0.298789
vt 0.917724 0.308437
vt 0.913516 0.309399
vt 0.914520 0.303530
vt 0.954538 0.325870
vt 0.940638 0.310615
vt 0.894758 0.388746
vt 0.895149 0.383059
vt 0.900925 0.407093
vt 0.912652 0.373076
vt 0.908724 0.384002
vt 0.906621 0.379623
vt 0.931512 0.398810
vt 0.909887 0.413879
vt 0.907902 0.419830
vt 0.915560 0.441061
vt 0.919398 0.439653
vt 0.917990 0.446629
vt 0.958528 0.392808
vt 0.947688 0.369593
vt 0.941847 0.389667
vt 0.960474 0.438662
vt 0.958636 0.433879
vt 0.953689 0.433380
vt 0.904885 0.231523
vt 0.911031 0.229444
vt 0.945661 0.268336
vt 0.944815 0.258333
vt 0.941972 0.284316
vt 0.943243 0.292866
vt 0.903580 0.273116
vt 0.904874 0.278721
vt 0.908668 0.304249
vt 0.903875 0.293866
vt 0.912692 0.299865
vt 0.900894 0.260656
vt 0.902096 0.266466
vt 0.878666 0.458716
vt 0.881844 0.487307
vt 0.891817 0.484134
vt 0.885679 0.492234
vt 0.887630 0.439415
vt 0.882572 0.438168
vt 0.900344 0.439920
vt 0.893560 0.445149
vt 0.894062 0.436767
vt 0.896452 0.488696
vt 0.897793 0.480589
vt 0.903593 0.482478
vt 0.906353 0.506417
vt 0.907012 0.498379
vt 0.912666 0.502309
vt 0.960976 0.459695
vt 0.949026 0.437710
vt 0.969963 0.494492
vt 0.954404 0.474763
vt 0.969781 0.504578
vt 0.969158 0.513710
vt 0.953207 0.530587
vt 0.943527 0.526556
vt 0.936223 0.236052
vt 0.934617 0.243844
vt 0.930534 0.236961
vt 0.966940 0.554066
vt 0.888561 0.525547
vt 0.884244 0.522450
vt 0.899297 0.535394
vt 0.936927 0.555581
vt 0.927991 0.553564
vt 0.944356 0.557824
vt 0.937461 0.365528
vt 0.908462 0.369312
vt 0.905057 0.373073
vt 0.904791 0.389316
vt 0.904242 0.326758
vt 0.905345 0.284983
vt 0.901831 0.421711
vt 0.909491 0.431188
vt 0.901169 0.431159
vt 0.947511 0.396811
vt 0.931193 0.436883
vt 0.935306 0.444449
vt 0.926684 0.441895
vt 0.940252 0.249050
vt 0.940915 0.301546
vt 0.938355 0.288696
vt 0.935571 0.284514
vt 0.899316 0.281914
vt 0.909835 0.289593
vt 0.938067 0.268242
vt 0.885488 0.449843
vt 0.886351 0.479426
vt 0.887799 0.497307
vt 0.891558 0.491765
vt 0.903739 0.534981
vt 0.954327 0.460274
vt 0.950345 0.488441
vt 0.943795 0.487550
vt 0.950201 0.481432
vt 0.949244 0.472838
vt 0.953451 0.454329
vt 0.951846 0.446043
vt 0.956197 0.525505
vt 0.954445 0.519514
vt 0.964236 0.523036
vt 0.970253 0.524015
vt 0.953933 0.513162
vt 0.896267 0.507145
vt 0.890922 0.508704
vt 0.892446 0.502363
vt 0.906016 0.541763
vt 0.954648 0.557977
vt 0.954101 0.550163
vt 0.945598 0.377204
vt 0.942091 0.370441
vt 0.937531 0.385822
vt 0.923161 0.358103
vt 0.926188 0.355046
vt 0.919608 0.349676
vt 0.920073 0.360782
vt 0.915944 0.362666
vt 0.907122 0.333644
vt 0.915253 0.317259
vt 0.918584 0.317287
vt 0.931544 0.334074
vt 0.937121 0.343570
vt 0.918948 0.298803
vt 0.910540 0.390539
vt 0.918223 0.391248
vt 0.915259 0.384920
vt 0.923643 0.388877
vt 0.920491 0.396202
vt 0.913464 0.394859
vt 0.913483 0.401191
vt 0.918383 0.401189
vt 0.906444 0.409088
vt 0.892541 0.429710
vt 0.914861 0.407533
vt 0.925055 0.414170
vt 0.932806 0.412573
vt 0.929544 0.419241
vt 0.942923 0.413809
vt 0.938186 0.410427
vt 0.933827 0.405578
vt 0.943885 0.443054
vt 0.924429 0.434038
vt 0.932490 0.430298
vt 0.925387 0.399985
vt 0.922845 0.407231
vt 0.918715 0.240622
vt 0.919677 0.250077
vt 0.907579 0.250647
vt 0.901427 0.253871
vt 0.918183 0.256615
vt 0.923896 0.244969
vt 0.924402 0.237678
vt 0.912409 0.260274
vt 0.931033 0.313792
vt 0.938701 0.296045
vt 0.925525 0.294978
vt 0.933906 0.290474
vt 0.932894 0.296303
vt 0.874841 0.490662
vt 0.879114 0.493343
vt 0.886561 0.501244
vt 0.941078 0.502651
vt 0.934736 0.494875
vt 0.942507 0.495057
vt 0.940919 0.473088
vt 0.949954 0.553011
vt 0.943002 0.550728
vt 0.924408 0.550015
vt 0.922930 0.558016
vt 0.934979 0.534124
vt 0.941300 0.532625
vt 0.935434 0.526281
vt 0.906071 0.528401
vt 0.945482 0.517624
vt 0.949120 0.508941
vt 0.936400 0.518422
vt 0.903615 0.489668
vt 0.909507 0.490382
vt 0.910745 0.521548
vt 0.909856 0.527357
vt 0.917982 0.510729
vt 0.919493 0.504874
vt 0.928580 0.510482
vt 0.911929 0.567508
vt 0.917183 0.570070
vt 0.906037 0.555415
vt 0.915937 0.558785
vt 0.911974 0.554232
vt 0.938779 0.377700
vt 0.915572 0.368672
vt 0.919961 0.373900
vt 0.915026 0.377887
vt 0.927682 0.300780
vt 0.923795 0.306163
vt 0.932452 0.325674
vt 0.935826 0.350483
vt 0.923704 0.339622
vt 0.927394 0.426095
vt 0.922323 0.428853
vt 0.907452 0.438903
vt 0.909582 0.445176
vt 0.903417 0.448528
vt 0.934963 0.423543
vt 0.926280 0.383200
vt 0.920718 0.381031
vt 0.933143 0.379966
vt 0.925385 0.364680
vt 0.935067 0.367118
vt 0.924889 0.370427
vt 0.935321 0.373774
vt 0.940530 0.428912
vt 0.925791 0.376896
vt 0.917996 0.427208
vt 0.933830 0.453007
vt 0.943576 0.436562
vt 0.937896 0.434693
vt 0.924876 0.254914
vt 0.929407 0.242902
vt 0.934905 0.302771
vt 0.930101 0.307683
vt 0.917661 0.263928
vt 0.950580 0.499638
vt 0.948450 0.494002
vt 0.917663 0.474467
vt 0.924152 0.471551
vt 0.927085 0.477202
vt 0.940493 0.457659
vt 0.933040 0.460767
vt 0.934944 0.506616
vt 0.941416 0.510631
vt 0.886810 0.516940
vt 0.883116 0.514096
vt 0.919622 0.491565
vt 0.925438 0.497552
vt 0.918991 0.498573
vt 0.924275 0.533039
vt 0.920972 0.523088
vt 0.929783 0.529352
vt 0.913969 0.532103
vt 0.918000 0.541241
vt 0.909733 0.537287
vt 0.919545 0.535199
vt 0.917897 0.324259
vt 0.922695 0.325171
vt 0.927255 0.318711
vt 0.897599 0.452121
vt 0.900640 0.457307
vt 0.913972 0.450880
vt 0.911707 0.463027
vt 0.919363 0.467339
vt 0.913348 0.469453
vt 0.900482 0.468900
vt 0.896392 0.473603
vt 0.923191 0.421040
vt 0.930633 0.448093
vt 0.920248 0.460184
vt 0.927082 0.465911
vt 0.926472 0.456231
vt 0.916220 0.434058
vt 0.913361 0.426708
vt 0.924952 0.448989
vt 0.934499 0.468374
vt 0.904459 0.461097
vt 0.908574 0.452113
vt 0.932113 0.473827
vt 0.919423 0.453384
vt 0.922980 0.482313
vt 0.916372 0.481778
vt 0.911895 0.477590
vt 0.905874 0.468751
vt 0.907583 0.477138
vt 0.901574 0.475545
vt 0.899791 0.502134
vt 0.895352 0.496817
vt 0.899668 0.495162
vt 0.924127 0.312928
vt 0.928363 0.521279
vt 0.922651 0.515438
vt 0.930759 0.515992
vt 0.925886 0.488069
vt 0.929900 0.535770
vt 0.915381 0.516296
vt 0.910287 0.516732
vt 0.928596 0.503701
vt 0.913119 0.511351
vt 0.905799 0.512261
vt 0.928343 0.541705
vt 0.928690 0.547247
vt 0.910101 0.484433
vt 0.913857 0.494771
vt 0.914505 0.487916
vt 0.922401 0.567671
vt 0.923632 0.563286
vt 0.927622 0.559658
vt 0.920019 0.367082
vt 0.931529 0.359544
vt 0.953070 0.767245
vt 0.948387 0.762407
vt 0.952932 0.757305
vt 0.948666 0.807008
vt 0.953657 0.804198
vt 0.955174 0.812582
vt 0.891290 0.716405
vt 0.895173 0.706739
vt 0.899417 0.710431
vt 0.886122 0.740682
vt 0.888194 0.735854
vt 0.892307 0.745063
vt 0.896943 0.628254
vt 0.895951 0.618593
vt 0.902039 0.618941
vt 0.923159 0.611731
vt 0.922805 0.605710
vt 0.933561 0.608873
vt 0.901429 0.716227
vt 0.931150 0.686160
vt 0.935943 0.690811
vt 0.930620 0.694098
vt 0.950017 0.728366
vt 0.950830 0.737990
vt 0.947554 0.733555
vt 0.892638 0.735694
vt 0.891155 0.725975
vt 0.896074 0.730399
vt 0.925721 0.985364
vt 0.933313 0.988175
vt 0.929983 0.993712
vt 0.889955 0.990494
vt 0.899453 0.993263
vt 0.895510 0.998222
vt 0.893901 0.781132
vt 0.893814 0.773218
vt 0.897592 0.777032
vt 0.885832 0.809477
vt 0.886881 0.800017
vt 0.891478 0.809289
vt 0.904609 0.980714
vt 0.898729 0.987332
vt 0.897707 0.975889
vt 0.917355 0.990566
vt 0.907999 0.988423
vt 0.911013 0.982017
vt 0.897459 0.749443
vt 0.895618 0.756606
vt 0.891765 0.751706
vt 0.892146 0.759903
vt 0.892550 0.767485
vt 0.886578 0.759318
vt 0.933224 0.981507
vt 0.932102 0.975224
vt 0.938564 0.974662
vt 0.893313 0.800210
vt 0.892428 0.791188
vt 0.895699 0.795366
vt 0.886612 0.749934
vt 0.934130 0.673706
vt 0.940118 0.666049
vt 0.940701 0.675962
vt 0.883197 0.965229
vt 0.874955 0.970744
vt 0.874181 0.961180
vt 0.875474 0.935110
vt 0.880844 0.939802
vt 0.875561 0.944672
vt 0.891073 0.602141
vt 0.896668 0.605281
vt 0.894278 0.608310
vt 0.890910 0.617840
vt 0.875696 0.980487
vt 0.881576 0.978913
vt 0.883292 0.984830
vt 0.891503 0.982003
vt 0.901743 0.611201
vt 0.906738 0.604149
vt 0.907815 0.610039
vt 0.888443 0.612042
vt 0.913390 0.995858
vt 0.891684 0.628030
vt 0.904652 0.902792
vt 0.911576 0.904503
vt 0.908724 0.909355
vt 0.945913 0.620422
vt 0.942642 0.626055
vt 0.937494 0.620052
vt 0.892723 0.657535
vt 0.893585 0.647714
vt 0.899692 0.650903
vt 0.892510 0.677248
vt 0.896890 0.682122
vt 0.892293 0.686945
vt 0.890301 0.637922
vt 0.893351 0.638147
vt 0.966479 0.901571
vt 0.957827 0.901864
vt 0.961866 0.895637
vt 0.886731 0.642682
vt 0.889554 0.855605
vt 0.893515 0.859832
vt 0.890331 0.864421
vt 0.887073 0.632729
vt 0.970032 0.891847
vt 0.975581 0.897011
vt 0.959746 0.880865
vt 0.954453 0.886705
vt 0.953265 0.879150
vt 0.896598 0.672904
vt 0.901521 0.676982
vt 0.892572 0.696698
vt 0.897517 0.699857
vt 0.886064 0.974737
vt 0.900575 0.968754
vt 0.889851 0.968340
vt 0.877651 0.888277
vt 0.883378 0.893176
vt 0.876819 0.897069
vt 0.933730 0.760553
vt 0.941187 0.757408
vt 0.937063 0.765375
vt 0.918281 0.984113
vt 0.891039 0.945240
vt 0.888059 0.939355
vt 0.897480 0.939153
vt 0.885694 0.902308
vt 0.891113 0.905398
vt 0.888777 0.911548
vt 0.938534 0.613761
vt 0.939020 0.606274
vt 0.944711 0.610273
vt 0.922434 0.994578
vt 0.894900 0.881946
vt 0.888068 0.884130
vt 0.892311 0.874603
vt 0.907123 0.974109
vt 0.953123 0.903810
vt 0.950431 0.910466
vt 0.947804 0.906219
vt 0.878720 0.920750
vt 0.881104 0.911230
vt 0.884706 0.920482
vt 0.919490 0.970349
vt 0.913102 0.970525
vt 0.916121 0.959402
vt 0.926143 0.975525
vt 0.875752 0.906541
vt 0.875219 0.915876
vt 0.881122 0.971056
vt 0.954997 0.982840
vt 0.947380 0.977501
vt 0.955398 0.972999
vt 0.904442 0.997024
vt 0.937563 0.967437
vt 0.944944 0.967081
vt 0.885551 0.874180
vt 0.968366 0.856205
vt 0.963094 0.853266
vt 0.964796 0.848155
vt 0.884339 0.948447
vt 0.878447 0.948987
vt 0.875012 0.953778
vt 0.879449 0.956346
vt 0.948207 0.865919
vt 0.942276 0.863783
vt 0.945675 0.859151
vt 0.889162 0.834318
vt 0.883424 0.833042
vt 0.889760 0.828582
vt 0.940706 0.984529
vt 0.945566 0.993080
vt 0.936647 0.993277
vt 0.916857 0.831539
vt 0.914047 0.820952
vt 0.919626 0.821088
vt 0.882977 0.823768
vt 0.886556 0.999178
vt 0.895492 0.812304
vt 0.890874 0.818801
vt 0.876634 0.990222
vt 0.881598 0.994675
vt 0.877613 1.000000
vt 0.940747 0.749419
vt 0.938697 0.743803
vt 0.945981 0.746652
vt 0.926234 0.676693
vt 0.931323 0.666591
vt 0.961403 0.864673
vt 0.965951 0.868823
vt 0.958259 0.870742
vt 0.915812 0.976846
vt 0.971535 0.865968
vt 0.975581 0.874833
vt 0.969245 0.877105
vt 0.882746 0.814338
vt 0.883070 0.804798
vt 0.898300 0.723230
vt 0.905644 0.729057
vt 0.903258 0.746815
vt 0.906707 0.739513
vt 0.911649 0.745851
vt 0.917517 0.602388
vt 0.927317 0.601717
vt 0.920713 0.801214
vt 0.921486 0.794460
vt 0.924650 0.796963
vt 0.934723 0.601936
vt 0.942812 0.600448
vt 0.948847 0.900060
vt 0.940765 0.906030
vt 0.941048 0.899530
vt 0.940176 0.940073
vt 0.943919 0.931162
vt 0.944532 0.936199
vt 0.932522 0.616322
vt 0.937051 0.626391
vt 0.939403 0.636321
vt 0.980234 0.883616
vt 0.984507 0.892275
vt 0.977955 0.890702
vt 0.971475 0.883388
vt 0.945314 0.666044
vt 0.948020 0.661008
vt 0.947643 0.670987
vt 0.946894 0.650994
vt 0.942049 0.646443
vt 0.946940 0.640974
vt 0.963724 0.886799
vt 0.886481 0.682376
vt 0.886861 0.672454
vt 0.963363 0.875037
vt 0.924500 0.621626
vt 0.931275 0.623126
vt 0.926780 0.627812
vt 0.943564 0.705304
vt 0.946448 0.700150
vt 0.947240 0.709705
vt 0.899432 0.611949
vt 0.898173 0.606791
vt 0.947770 0.719148
vt 0.943384 0.714837
vt 0.939674 0.705385
vt 0.952572 0.827910
vt 0.945508 0.828322
vt 0.950931 0.821999
vt 0.885393 0.731300
vt 0.932863 0.720348
vt 0.926772 0.716489
vt 0.933444 0.709158
vt 0.890841 0.893606
vt 0.943699 0.727915
vt 0.948512 0.777523
vt 0.947179 0.771561
vt 0.954426 0.775883
vt 0.942512 0.768205
vt 0.938885 0.772513
vt 0.950898 0.789916
vt 0.955019 0.785394
vt 0.955036 0.794611
vt 0.883002 0.794894
vt 0.944740 0.790235
vt 0.946638 0.798590
vt 0.926135 0.968578
vt 0.932363 0.741619
vt 0.931889 0.749394
vt 0.927410 0.740327
vt 0.905106 0.621916
vt 0.905547 0.615826
vt 0.911173 0.616199
vt 0.951934 0.747568
vt 0.945361 0.753079
vt 0.940964 0.831913
vt 0.939950 0.823621
vt 0.932504 0.968792
vt 0.911639 0.953525
vt 0.910246 0.960875
vt 0.905665 0.955619
vt 0.949631 0.951779
vt 0.955868 0.952873
vt 0.949230 0.957925
vt 0.956102 0.943931
vt 0.941139 0.958032
vt 0.891059 0.950340
vt 0.949783 0.987519
vt 0.954551 0.992680
vt 0.926711 0.616227
vt 0.930001 0.953903
vt 0.927519 0.961671
vt 0.920073 0.955709
vt 0.956401 0.933678
vt 0.951076 0.930252
vt 0.957265 0.924737
vt 0.936975 0.930363
vt 0.933820 0.936999
vt 0.930229 0.930311
vt 0.966757 0.862269
vt 0.957821 0.854955
vt 0.943232 0.802954
vt 0.937288 0.806750
vt 0.933930 0.799104
vt 0.913840 0.946581
vt 0.909209 0.949281
vt 0.943418 0.914267
vt 0.957555 0.892192
vt 0.949799 0.891950
vt 0.946938 0.630709
vt 0.955751 0.962965
vt 0.957556 0.898422
vt 0.947207 0.680722
vt 0.947055 0.690575
vt 0.944503 0.685637
vt 0.957651 0.844130
vt 0.961060 0.841447
vt 0.959133 0.830896
vt 0.956659 0.821111
vt 0.901877 0.795208
vt 0.900366 0.801129
vt 0.887083 0.622409
vt 0.904696 0.822287
vt 0.902039 0.828705
vt 0.898956 0.823650
vt 0.926553 0.726710
vt 0.923507 0.895924
vt 0.922131 0.887649
vt 0.929477 0.888420
vt 0.901861 0.635169
vt 0.896940 0.633538
vt 0.902362 0.629378
vt 0.913969 0.610867
vt 0.918459 0.614899
vt 0.944213 0.656314
vt 0.903325 0.664293
vt 0.896266 0.666573
vt 0.898056 0.660644
vt 0.908602 0.660961
vt 0.902641 0.657575
vt 0.906486 0.650802
vt 0.903988 0.685490
vt 0.896503 0.689112
vt 0.922783 0.664776
vt 0.914054 0.662756
vt 0.920564 0.656152
vt 0.930275 0.654107
vt 0.923313 0.647548
vt 0.940016 0.695347
vt 0.939746 0.685409
vt 0.933964 0.699743
vt 0.927882 0.704394
vt 0.958500 0.917653
vt 0.953770 0.924262
vt 0.954806 0.912820
vt 0.921857 0.906148
vt 0.927714 0.902936
vt 0.930158 0.910863
vt 0.932990 0.914956
vt 0.936552 0.909894
vt 0.884330 0.930265
vt 0.893169 0.932117
vt 0.880472 0.868957
vt 0.879029 0.878776
vt 0.896518 0.889007
vt 0.918003 0.629144
vt 0.912485 0.626046
vt 0.927013 0.883973
vt 0.939912 0.815870
vt 0.947443 0.818268
vt 0.959888 0.909006
vt 0.948545 0.926937
vt 0.930014 0.896105
vt 0.949148 0.881970
vt 0.952784 0.862374
vt 0.951159 0.855549
vt 0.889031 0.961636
vt 0.898355 0.955205
vt 0.895544 0.963529
vt 0.875324 0.925508
vt 0.878506 0.930304
vt 0.948485 0.939198
vt 0.950255 0.944706
vt 0.886497 0.955507
vt 0.951344 0.967843
vt 0.945193 0.948266
vt 0.938353 0.946812
vt 0.933541 0.943798
vt 0.884447 0.721228
vt 0.897187 0.740256
vt 0.890337 0.706581
vt 0.886318 0.710937
vt 0.887839 0.701248
vt 0.912924 0.731993
vt 0.913243 0.739091
vt 0.934146 0.775408
vt 0.925950 0.773699
vt 0.932779 0.769152
vt 0.937417 0.725677
vt 0.942442 0.721739
vt 0.938395 0.715554
vt 0.942533 0.734111
vt 0.938373 0.737914
vt 0.937442 0.731421
vt 0.926660 0.756703
vt 0.933014 0.735107
vt 0.942692 0.781007
vt 0.938194 0.781218
vt 0.887118 0.790455
vt 0.884992 0.785639
vt 0.895276 0.806219
vt 0.888629 0.772764
vt 0.901159 0.783642
vt 0.936626 0.866355
vt 0.932803 0.868510
vt 0.931295 0.863508
vt 0.901111 0.833078
vt 0.896876 0.841938
vt 0.892178 0.838480
vt 0.951549 0.799080
vt 0.938669 0.786936
vt 0.943503 0.809172
vt 0.940185 0.796410
vt 0.950249 0.836943
vt 0.955699 0.837110
vt 0.936421 0.855504
vt 0.905286 0.642548
vt 0.900403 0.642952
vt 0.906873 0.627574
vt 0.915585 0.620146
vt 0.940179 0.656444
vt 0.892564 0.667822
vt 0.887713 0.662870
vt 0.887084 0.652977
vt 0.911784 0.655561
vt 0.926069 0.659052
vt 0.935767 0.680665
vt 0.897003 0.902361
vt 0.889936 0.925627
vt 0.895967 0.910511
vt 0.884622 0.864500
vt 0.881229 0.859189
vt 0.883980 0.851184
vt 0.930135 0.647204
vt 0.932494 0.636458
vt 0.936953 0.646744
vt 0.933423 0.842028
vt 0.935902 0.845908
vt 0.931893 0.849851
vt 0.939612 0.923083
vt 0.948600 0.921315
vt 0.949395 0.915860
vt 0.938295 0.916987
vt 0.945229 0.873209
vt 0.942703 0.879796
vt 0.943760 0.891583
vt 0.945692 0.851903
vt 0.950123 0.846489
vt 0.897543 0.919793
vt 0.890997 0.917929
vt 0.933928 0.961004
vt 0.921254 0.963416
vt 0.902852 0.961838
vt 0.907605 0.967089
vt 0.889578 0.721017
vt 0.901333 0.734869
vt 0.901896 0.754684
vt 0.887975 0.692024
vt 0.907674 0.760467
vt 0.900833 0.763797
vt 0.886444 0.768176
vt 0.884901 0.777104
vt 0.944797 0.740759
vt 0.937375 0.753944
vt 0.891491 0.785397
vt 0.901711 0.814878
vt 0.902473 0.808628
vt 0.895952 0.828787
vt 0.934704 0.791469
vt 0.949806 0.813719
vt 0.907835 0.634444
vt 0.926346 0.641275
vt 0.936516 0.661289
vt 0.936105 0.652569
vt 0.904622 0.671202
vt 0.908833 0.679671
vt 0.879735 0.902253
vt 0.881921 0.883641
vt 0.895695 0.847749
vt 0.901878 0.845511
vt 0.926629 0.926780
vt 0.931778 0.921893
vt 0.933213 0.904249
vt 0.936263 0.894379
vt 0.938613 0.886857
vt 0.945312 0.886052
vt 0.951702 0.871967
vt 0.939616 0.873976
vt 0.917846 0.871944
vt 0.916200 0.881783
vt 0.912973 0.875913
vt 0.929548 0.857107
vt 0.919706 0.864011
vt 0.925923 0.862440
vt 0.926943 0.868697
vt 0.931971 0.874370
vt 0.936319 0.880070
vt 0.916000 0.887765
vt 0.897285 0.947217
vt 0.902423 0.950338
vt 0.927458 0.943776
vt 0.927979 0.937028
vt 0.904387 0.942952
vt 0.910829 0.943188
vt 0.904822 0.721506
vt 0.917379 0.697335
vt 0.920529 0.704101
vt 0.912408 0.704425
vt 0.920855 0.727371
vt 0.915518 0.718646
vt 0.921964 0.721295
vt 0.910189 0.713060
vt 0.911273 0.724330
vt 0.914191 0.727453
vt 0.917786 0.735106
vt 0.917569 0.746184
vt 0.918894 0.753748
vt 0.912720 0.753320
vt 0.923907 0.749355
vt 0.922329 0.743194
vt 0.907260 0.752030
vt 0.895062 0.763842
vt 0.898268 0.770055
vt 0.895486 0.788511
vt 0.904900 0.707704
vt 0.925807 0.734017
vt 0.913135 0.718930
vt 0.902365 0.789051
vt 0.919287 0.789635
vt 0.917293 0.784868
vt 0.921821 0.782014
vt 0.915243 0.795149
vt 0.910272 0.802630
vt 0.907261 0.791783
vt 0.905850 0.778093
vt 0.906451 0.785135
vt 0.907774 0.814627
vt 0.908700 0.808676
vt 0.935782 0.829076
vt 0.929564 0.833617
vt 0.927785 0.827882
vt 0.897002 0.818071
vt 0.918868 0.808049
vt 0.914295 0.812137
vt 0.909592 0.824491
vt 0.909443 0.829980
vt 0.913691 0.842282
vt 0.910863 0.849586
vt 0.906775 0.843794
vt 0.923487 0.872887
vt 0.907464 0.837269
vt 0.905596 0.850144
vt 0.904411 0.856280
vt 0.902381 0.839019
vt 0.933805 0.813001
vt 0.913575 0.638412
vt 0.913788 0.647836
vt 0.918481 0.642874
vt 0.909752 0.670227
vt 0.916609 0.669646
vt 0.922714 0.671507
vt 0.914120 0.677238
vt 0.932485 0.629955
vt 0.925234 0.634304
vt 0.919223 0.635243
vt 0.901965 0.692230
vt 0.924151 0.694393
vt 0.922083 0.685305
vt 0.923720 0.710425
vt 0.897519 0.895655
vt 0.906231 0.881453
vt 0.899849 0.877572
vt 0.906360 0.875188
vt 0.901460 0.885068
vt 0.904609 0.895305
vt 0.908399 0.887564
vt 0.917089 0.899879
vt 0.913752 0.893284
vt 0.889046 0.849018
vt 0.899279 0.859700
vt 0.915509 0.948146
vt 0.924690 0.933238
vt 0.900476 0.868517
vt 0.905900 0.869649
vt 0.925608 0.878212
vt 0.914379 0.933128
vt 0.903978 0.935430
vt 0.910655 0.928509
vt 0.901374 0.928542
vt 0.896080 0.925662
vt 0.914608 0.939159
vt 0.906141 0.922832
vt 0.913611 0.923592
vt 0.919109 0.925319
vt 0.911550 0.918017
vt 0.919468 0.933396
vt 0.923189 0.939152
vt 0.918734 0.943093
vt 0.922365 0.948166
vt 0.929080 0.917435
vt 0.936308 0.953212
vt 0.931967 0.787290
vt 0.926941 0.781700
vt 0.931424 0.781193
vt 0.942133 0.762899
vt 0.929413 0.792461
vt 0.924977 0.786669
vt 0.916178 0.758732
vt 0.921672 0.759714
vt 0.917833 0.767572
vt 0.920242 0.679219
vt 0.904700 0.698440
vt 0.909856 0.692225
vt 0.915389 0.683934
vt 0.909844 0.685918
vt 0.915299 0.710467
vt 0.902958 0.911953
vt 0.903240 0.917786
vt 0.909991 0.865985
vt 0.914647 0.867254
vt 0.923523 0.922359
vt 0.909857 0.898288
vt 0.902107 0.771953
vt 0.911950 0.698829
vt 0.913272 0.692151
vt 0.918888 0.917266
vt 0.923814 0.915623
vt 0.914212 0.911426
vt 0.904272 0.863430
vt 0.910132 0.857180
vt 0.896890 0.872649
vt 0.918351 0.856169
vt 0.919022 0.848586
vt 0.923495 0.855801
vt 0.933428 0.837838
vt 0.925804 0.847559
vt 0.940216 0.850612
vt 0.919221 0.690859
vt 0.914549 0.861005
vt 0.922618 0.829213
vt 0.925931 0.838188
vt 0.918605 0.840976
vt 0.942312 0.845121
vt 0.912670 0.835862
vt 0.943691 0.838696
vt 0.940204 0.838369
vt 0.934008 0.819615
vt 0.930780 0.807380
vt 0.925282 0.815018
vt 0.928015 0.820255
vt 0.924564 0.806354
vt 0.921113 0.814406
vt 0.924607 0.822830
vt 0.912742 0.787614
vt 0.910787 0.780327
vt 0.926125 0.764312
vt 0.912778 0.765208
vt 0.916846 0.776147
vt 0.910462 0.771738
vt 0.922312 0.768645
vt 0.907038 0.767441
vt 0.922359 0.736526
vt 0.888859 0.843303
vt 0.882880 0.842081
vt 0.205099 0.859352
vt 0.206311 0.853071
vt 0.213681 0.856781
vt 0.218453 0.852980
vt 0.225550 0.857738
vt 0.218435 0.859502
vt 0.204394 0.642002
vt 0.208886 0.646922
vt 0.204047 0.650938
vt 0.206611 0.655885
vt 0.203097 0.659716
vt 0.273474 0.865135
vt 0.280957 0.872549
vt 0.270049 0.873829
vt 0.275570 0.523064
vt 0.271108 0.532985
vt 0.268538 0.522980
vt 0.215775 0.620089
vt 0.208933 0.619334
vt 0.213550 0.610485
vt 0.204617 0.604804
vt 0.204870 0.595053
vt 0.210041 0.600450
vt 0.215361 0.870196
vt 0.215311 0.861522
vt 0.220266 0.867278
vt 0.221772 0.641067
vt 0.215653 0.647650
vt 0.213235 0.637978
vt 0.289336 0.728808
vt 0.284503 0.736510
vt 0.283595 0.728880
vt 0.242826 0.504447
vt 0.238343 0.496721
vt 0.247453 0.496691
vt 0.204906 0.681070
vt 0.209213 0.687156
vt 0.201748 0.689409
vt 0.204694 0.701635
vt 0.207157 0.710208
vt 0.201547 0.709238
vt 0.210205 0.664321
vt 0.229223 0.502870
vt 0.234092 0.506525
vt 0.205465 0.674608
vt 0.210570 0.675208
vt 0.223414 0.504546
vt 0.215201 0.502448
vt 0.219683 0.496882
vt 0.204478 0.667548
vt 0.208168 0.670390
vt 0.169841 0.762121
vt 0.175704 0.754569
vt 0.175802 0.760829
vt 0.200387 0.851015
vt 0.219155 0.698912
vt 0.213980 0.700583
vt 0.214824 0.692789
vt 0.212255 0.656446
vt 0.224920 0.672295
vt 0.228754 0.666425
vt 0.232852 0.669605
vt 0.202711 0.760660
vt 0.195330 0.759971
vt 0.197957 0.754311
vt 0.232508 0.856362
vt 0.232845 0.861835
vt 0.209841 0.507190
vt 0.210304 0.497318
vt 0.217511 0.510462
vt 0.254315 0.851886
vt 0.251582 0.858612
vt 0.247854 0.849913
vt 0.288506 0.832918
vt 0.285285 0.837943
vt 0.280983 0.829183
vt 0.225547 0.512863
vt 0.244983 0.583394
vt 0.251213 0.575109
vt 0.254509 0.581425
vt 0.212971 0.522034
vt 0.208753 0.526701
vt 0.209332 0.516962
vt 0.214873 0.702423
vt 0.277959 0.656288
vt 0.273432 0.647747
vt 0.280477 0.646814
vt 0.214766 0.571333
vt 0.217897 0.581194
vt 0.210685 0.580708
vt 0.205122 0.585368
vt 0.205335 0.575599
vt 0.216833 0.532100
vt 0.208111 0.536447
vt 0.288353 0.696600
vt 0.282951 0.688087
vt 0.291592 0.692658
vt 0.216043 0.541949
vt 0.224667 0.555394
vt 0.216070 0.551840
vt 0.223609 0.546884
vt 0.221572 0.575566
vt 0.221512 0.568591
vt 0.230857 0.587279
vt 0.225785 0.590296
vt 0.229295 0.581372
vt 0.214086 0.590818
vt 0.216998 0.601035
vt 0.254558 0.865176
vt 0.246592 0.863995
vt 0.212827 0.628462
vt 0.207424 0.637586
vt 0.218504 0.625419
vt 0.218251 0.633204
vt 0.259519 0.515400
vt 0.252965 0.509493
vt 0.259318 0.508853
vt 0.189992 0.731616
vt 0.195308 0.738776
vt 0.185589 0.739398
vt 0.188187 0.758335
vt 0.291524 0.724847
vt 0.292910 0.732889
vt 0.196390 0.712062
vt 0.198473 0.704563
vt 0.191255 0.777357
vt 0.199174 0.771495
vt 0.197826 0.778027
vt 0.278159 0.591087
vt 0.280189 0.585785
vt 0.282590 0.595001
vt 0.200723 0.724336
vt 0.195664 0.726121
vt 0.195678 0.720874
vt 0.178922 0.767713
vt 0.283856 0.801685
vt 0.280313 0.792593
vt 0.285504 0.792267
vt 0.189405 0.764938
vt 0.194854 0.768019
vt 0.224840 0.647142
vt 0.225833 0.640755
vt 0.228621 0.864731
vt 0.276709 0.552830
vt 0.280109 0.547955
vt 0.279856 0.557751
vt 0.195125 0.785371
vt 0.186052 0.771060
vt 0.239419 0.860783
vt 0.216817 0.770376
vt 0.214305 0.779583
vt 0.210456 0.777427
vt 0.270008 0.860540
vt 0.279014 0.862896
vt 0.198445 0.716443
vt 0.202443 0.718770
vt 0.283622 0.655517
vt 0.279103 0.666110
vt 0.210296 0.695858
vt 0.209065 0.706535
vt 0.203628 0.805704
vt 0.197916 0.802693
vt 0.204405 0.796545
vt 0.202467 0.822524
vt 0.205883 0.813495
vt 0.209545 0.820986
vt 0.281545 0.741786
vt 0.274073 0.744520
vt 0.277149 0.738873
vt 0.229264 0.870878
vt 0.215468 0.834582
vt 0.211076 0.838833
vt 0.210165 0.831528
vt 0.259171 0.502430
vt 0.249344 0.503531
vt 0.256091 0.497322
vt 0.228729 0.521547
vt 0.220166 0.516192
vt 0.197057 0.819874
vt 0.197006 0.827060
vt 0.257555 0.624124
vt 0.254166 0.619556
vt 0.261826 0.617739
vt 0.204217 0.842640
vt 0.205734 0.846679
vt 0.198053 0.842689
vt 0.247299 0.759060
vt 0.251326 0.753743
vt 0.254738 0.758588
vt 0.256692 0.631143
vt 0.250326 0.631023
vt 0.221183 0.873940
vt 0.266098 0.729718
vt 0.268944 0.726525
vt 0.269197 0.733352
vt 0.212308 0.876624
vt 0.209186 0.867602
vt 0.242640 0.524201
vt 0.236282 0.520892
vt 0.244785 0.518554
vt 0.224396 0.779837
vt 0.228990 0.775125
vt 0.233039 0.779632
vt 0.200891 0.783007
vt 0.237388 0.559544
vt 0.236523 0.568653
vt 0.229398 0.562402
vt 0.204790 0.790627
vt 0.211562 0.844737
vt 0.228092 0.496177
vt 0.257138 0.595578
vt 0.253795 0.588307
vt 0.259480 0.586800
vt 0.200898 0.731211
vt 0.274110 0.562588
vt 0.270670 0.552846
vt 0.247854 0.812885
vt 0.250608 0.808873
vt 0.251898 0.818382
vt 0.268978 0.769728
vt 0.264258 0.775964
vt 0.260552 0.771611
vt 0.281507 0.498506
vt 0.280903 0.508389
vt 0.276293 0.503194
vt 0.266598 0.506083
vt 0.222148 0.823097
vt 0.216066 0.826121
vt 0.222466 0.818796
vt 0.272180 0.497655
vt 0.265251 0.868384
vt 0.264327 0.860666
vt 0.280509 0.518228
vt 0.272768 0.513013
vt 0.280300 0.528106
vt 0.263235 0.515236
vt 0.227646 0.572633
vt 0.273717 0.582028
vt 0.278991 0.576788
vt 0.226877 0.875772
vt 0.279269 0.567375
vt 0.239856 0.514317
vt 0.233334 0.514056
vt 0.278099 0.600852
vt 0.272487 0.592207
vt 0.205906 0.565867
vt 0.208886 0.570970
vt 0.263028 0.496681
vt 0.268302 0.595256
vt 0.267072 0.589276
vt 0.263534 0.568981
vt 0.266853 0.562635
vt 0.269789 0.572493
vt 0.278584 0.618915
vt 0.273594 0.623687
vt 0.269826 0.618753
vt 0.284542 0.614367
vt 0.285135 0.623677
vt 0.182440 0.753803
vt 0.181275 0.746997
vt 0.278018 0.607111
vt 0.279341 0.612814
vt 0.267571 0.711674
vt 0.263357 0.716074
vt 0.258274 0.709080
vt 0.284721 0.641719
vt 0.285865 0.650457
vt 0.270973 0.636308
vt 0.262395 0.635312
vt 0.272821 0.630397
vt 0.268565 0.654423
vt 0.286772 0.704661
vt 0.282329 0.696121
vt 0.265512 0.840753
vt 0.258822 0.834091
vt 0.267648 0.834516
vt 0.198208 0.793334
vt 0.268727 0.670649
vt 0.270171 0.664875
vt 0.275565 0.667539
vt 0.200513 0.837951
vt 0.197001 0.835500
vt 0.274025 0.661407
vt 0.234082 0.874534
vt 0.276719 0.638143
vt 0.279953 0.628509
vt 0.206640 0.556116
vt 0.211732 0.561453
vt 0.263734 0.652370
vt 0.259881 0.647900
vt 0.283585 0.720430
vt 0.282985 0.712707
vt 0.288962 0.712822
vt 0.279525 0.705212
vt 0.237857 0.866089
vt 0.262372 0.581082
vt 0.258009 0.576148
vt 0.261409 0.572438
vt 0.266997 0.821456
vt 0.261582 0.826918
vt 0.259447 0.819017
vt 0.284825 0.739533
vt 0.200339 0.697288
vt 0.292349 0.700693
vt 0.278313 0.733538
vt 0.255095 0.725452
vt 0.252991 0.732263
vt 0.247163 0.726100
vt 0.285689 0.857375
vt 0.289065 0.862362
vt 0.219170 0.522403
vt 0.275834 0.847360
vt 0.279656 0.857094
vt 0.270980 0.854882
vt 0.260960 0.874446
vt 0.213039 0.813324
vt 0.216164 0.818389
vt 0.283472 0.866925
vt 0.288833 0.872083
vt 0.277040 0.533031
vt 0.271490 0.542966
vt 0.231141 0.750497
vt 0.231805 0.743504
vt 0.234831 0.750024
vt 0.210154 0.852539
vt 0.292641 0.709052
vt 0.264951 0.704686
vt 0.280578 0.766106
vt 0.279793 0.772417
vt 0.276840 0.769550
vt 0.292618 0.764259
vt 0.291286 0.771906
vt 0.284439 0.768853
vt 0.265726 0.748174
vt 0.260793 0.747323
vt 0.265194 0.743743
vt 0.190602 0.743287
vt 0.287876 0.787759
vt 0.289094 0.797178
vt 0.280126 0.538046
vt 0.205699 0.828907
vt 0.199835 0.829981
vt 0.280636 0.783111
vt 0.283904 0.604622
vt 0.289633 0.806771
vt 0.283313 0.847651
vt 0.279357 0.837844
vt 0.289080 0.842724
vt 0.289203 0.852660
vt 0.243146 0.874031
vt 0.250627 0.516649
vt 0.274651 0.831987
vt 0.274612 0.822596
vt 0.280797 0.810952
vt 0.275817 0.807553
vt 0.244884 0.856052
vt 0.280921 0.760959
vt 0.285930 0.757016
vt 0.286405 0.762991
vt 0.281604 0.820116
vt 0.289389 0.825530
vt 0.262296 0.521485
vt 0.222802 0.843156
vt 0.226206 0.851149
vt 0.256144 0.870729
vt 0.268918 0.847787
vt 0.264210 0.853329
vt 0.204476 0.632900
vt 0.219639 0.654005
vt 0.204184 0.623604
vt 0.204267 0.614251
vt 0.224280 0.629118
vt 0.224932 0.621785
vt 0.220140 0.670263
vt 0.222247 0.665026
vt 0.221362 0.679045
vt 0.226456 0.676940
vt 0.225358 0.683457
vt 0.268149 0.611832
vt 0.262208 0.608940
vt 0.268967 0.604610
vt 0.287139 0.659434
vt 0.263032 0.627796
vt 0.285545 0.672781
vt 0.288582 0.667913
vt 0.290341 0.675867
vt 0.262147 0.667208
vt 0.204034 0.694177
vt 0.211960 0.711515
vt 0.214291 0.718066
vt 0.209652 0.717047
vt 0.234825 0.676130
vt 0.214173 0.722214
vt 0.202193 0.736752
vt 0.209647 0.734498
vt 0.207425 0.741103
vt 0.266729 0.690543
vt 0.265981 0.683627
vt 0.272828 0.685002
vt 0.272230 0.707130
vt 0.277549 0.710956
vt 0.279469 0.719577
vt 0.223291 0.528408
vt 0.252360 0.527931
vt 0.259275 0.527774
vt 0.250808 0.536843
vt 0.223448 0.600639
vt 0.220281 0.594644
vt 0.207219 0.546257
vt 0.210123 0.551391
vt 0.219056 0.562006
vt 0.275762 0.572253
vt 0.265681 0.547678
vt 0.265893 0.556814
vt 0.260353 0.554986
vt 0.254868 0.555552
vt 0.255066 0.548292
vt 0.259332 0.532481
vt 0.264993 0.529283
vt 0.264583 0.537005
vt 0.259174 0.567180
vt 0.260544 0.561300
vt 0.274032 0.609961
vt 0.208225 0.590458
vt 0.231269 0.618641
vt 0.236704 0.624019
vt 0.230062 0.626137
vt 0.203185 0.751601
vt 0.208884 0.756793
vt 0.212450 0.785745
vt 0.218594 0.786855
vt 0.215342 0.791910
vt 0.205577 0.766432
vt 0.197343 0.744078
vt 0.194828 0.749420
vt 0.195848 0.733515
vt 0.231297 0.809931
vt 0.229167 0.801091
vt 0.235506 0.806009
vt 0.207678 0.807689
vt 0.212223 0.804118
vt 0.286640 0.811307
vt 0.289954 0.816364
vt 0.276919 0.796849
vt 0.257377 0.792227
vt 0.261372 0.787473
vt 0.263755 0.795104
vt 0.272545 0.772977
vt 0.200070 0.814634
vt 0.283625 0.778024
vt 0.289183 0.779866
vt 0.268840 0.743161
vt 0.271290 0.749309
vt 0.205905 0.836726
vt 0.245162 0.843424
vt 0.238500 0.849503
vt 0.262253 0.846156
vt 0.251882 0.874487
vt 0.247113 0.869229
vt 0.258401 0.857606
vt 0.222370 0.659410
vt 0.227007 0.655569
vt 0.226849 0.661737
vt 0.207629 0.609851
vt 0.218041 0.607006
vt 0.223554 0.609134
vt 0.219782 0.614889
vt 0.239987 0.673541
vt 0.284830 0.632837
vt 0.272474 0.642400
vt 0.266580 0.641108
vt 0.271222 0.601589
vt 0.266833 0.647028
vt 0.292819 0.684310
vt 0.288233 0.680025
vt 0.282417 0.679940
vt 0.279300 0.671380
vt 0.208973 0.681864
vt 0.220737 0.706834
vt 0.226408 0.711159
vt 0.222473 0.712086
vt 0.210343 0.723297
vt 0.218060 0.726505
vt 0.225369 0.736891
vt 0.221826 0.741478
vt 0.221965 0.734890
vt 0.202972 0.742984
vt 0.291789 0.717147
vt 0.277028 0.699198
vt 0.272260 0.722606
vt 0.275521 0.715461
vt 0.270297 0.696368
vt 0.264012 0.674737
vt 0.267126 0.678163
vt 0.288946 0.738301
vt 0.278423 0.724598
vt 0.286895 0.750794
vt 0.290769 0.746813
vt 0.292915 0.755537
vt 0.275956 0.757273
vt 0.274739 0.763694
vt 0.268616 0.761235
vt 0.245851 0.511053
vt 0.230466 0.529937
vt 0.255767 0.540837
vt 0.260280 0.543310
vt 0.224851 0.537876
vt 0.265866 0.582976
vt 0.263966 0.575764
vt 0.219887 0.587600
vt 0.205094 0.779055
vt 0.203900 0.773760
vt 0.205923 0.784453
vt 0.210205 0.793608
vt 0.187511 0.748793
vt 0.276877 0.802145
vt 0.270665 0.802864
vt 0.271621 0.795037
vt 0.196805 0.811814
vt 0.210568 0.799961
vt 0.210788 0.825948
vt 0.279293 0.777542
vt 0.284881 0.773772
vt 0.233485 0.831525
vt 0.225571 0.834442
vt 0.228716 0.826198
vt 0.217059 0.841012
vt 0.259185 0.521657
vt 0.253962 0.521769
vt 0.271971 0.840868
vt 0.250144 0.832187
vt 0.253505 0.840673
vt 0.256656 0.846049
vt 0.270891 0.809574
vt 0.263774 0.801490
vt 0.245278 0.836411
vt 0.238833 0.817617
vt 0.246092 0.822922
vt 0.239476 0.824650
vt 0.264214 0.812965
vt 0.259374 0.840414
vt 0.271213 0.816297
vt 0.224421 0.635412
vt 0.231268 0.636800
vt 0.216888 0.661317
vt 0.215702 0.666661
vt 0.215415 0.673223
vt 0.213005 0.680536
vt 0.220133 0.674068
vt 0.215454 0.685685
vt 0.239570 0.607989
vt 0.234633 0.610201
vt 0.234470 0.604249
vt 0.263863 0.599688
vt 0.269128 0.657658
vt 0.261729 0.656975
vt 0.275230 0.676217
vt 0.206399 0.726476
vt 0.205134 0.730204
vt 0.274207 0.729374
vt 0.276087 0.691358
vt 0.238957 0.531227
vt 0.232659 0.552564
vt 0.237027 0.540582
vt 0.241212 0.536462
vt 0.255619 0.562564
vt 0.263712 0.590966
vt 0.260255 0.603990
vt 0.239776 0.585389
vt 0.239068 0.578693
vt 0.277073 0.815491
vt 0.272329 0.785438
vt 0.275436 0.789664
vt 0.207083 0.799814
vt 0.227705 0.819221
vt 0.232380 0.850142
vt 0.229198 0.844752
vt 0.238856 0.842813
vt 0.269297 0.827962
vt 0.254999 0.825089
vt 0.254761 0.812742
vt 0.257390 0.806028
vt 0.245454 0.828968
vt 0.245438 0.805945
vt 0.241095 0.810953
vt 0.243213 0.802617
vt 0.240530 0.831729
vt 0.238063 0.615940
vt 0.236408 0.643179
vt 0.234677 0.649126
vt 0.232306 0.643096
vt 0.229856 0.650257
vt 0.230942 0.659969
vt 0.237280 0.666861
vt 0.226998 0.615442
vt 0.254565 0.611391
vt 0.259040 0.642336
vt 0.254349 0.636840
vt 0.255333 0.647778
vt 0.250754 0.646676
vt 0.252451 0.641982
vt 0.245314 0.648449
vt 0.240162 0.651905
vt 0.251419 0.652989
vt 0.279014 0.683991
vt 0.258340 0.682389
vt 0.258952 0.672727
vt 0.228227 0.715042
vt 0.223107 0.718008
vt 0.251921 0.718365
vt 0.219624 0.724258
vt 0.218175 0.715485
vt 0.214063 0.726569
vt 0.214695 0.742408
vt 0.207468 0.747791
vt 0.260271 0.720006
vt 0.257371 0.715420
vt 0.269025 0.718755
vt 0.251697 0.713343
vt 0.245271 0.711879
vt 0.264250 0.723647
vt 0.269149 0.740194
vt 0.278329 0.746515
vt 0.281717 0.751724
vt 0.266096 0.755965
vt 0.271339 0.752009
vt 0.261420 0.739999
vt 0.260849 0.732338
vt 0.265888 0.736026
vt 0.246557 0.568808
vt 0.252683 0.569575
vt 0.241285 0.551886
vt 0.243707 0.552859
vt 0.243344 0.557862
vt 0.230121 0.543196
vt 0.248825 0.558741
vt 0.236494 0.547214
vt 0.254992 0.603005
vt 0.248625 0.587968
vt 0.245513 0.592847
vt 0.250790 0.597742
vt 0.243217 0.570224
vt 0.244548 0.575486
vt 0.243677 0.563912
vt 0.250366 0.549700
vt 0.235885 0.590431
vt 0.232754 0.576771
vt 0.231527 0.594872
vt 0.229540 0.601437
vt 0.229225 0.607534
vt 0.275351 0.780929
vt 0.216701 0.797430
vt 0.217497 0.804908
vt 0.221317 0.800444
vt 0.238218 0.815941
vt 0.219578 0.810905
vt 0.233439 0.839345
vt 0.227876 0.631453
vt 0.236221 0.656361
vt 0.244954 0.656298
vt 0.235170 0.637258
vt 0.240222 0.638311
vt 0.245398 0.642087
vt 0.233307 0.665440
vt 0.237528 0.662161
vt 0.243604 0.668675
vt 0.243420 0.663175
vt 0.251942 0.675988
vt 0.243030 0.679479
vt 0.243713 0.617181
vt 0.242644 0.622936
vt 0.245184 0.610072
vt 0.248840 0.608063
vt 0.248633 0.615864
vt 0.218093 0.683309
vt 0.220065 0.688917
vt 0.230299 0.697468
vt 0.228432 0.704867
vt 0.222375 0.702258
vt 0.217675 0.710352
vt 0.214208 0.707879
vt 0.257907 0.652698
vt 0.264554 0.661821
vt 0.257818 0.673448
vt 0.257262 0.678183
vt 0.258152 0.668067
vt 0.255280 0.709427
vt 0.260144 0.724439
vt 0.260516 0.702944
vt 0.256078 0.737662
vt 0.250559 0.703754
vt 0.258609 0.698193
vt 0.249880 0.747805
vt 0.245121 0.750811
vt 0.246713 0.740447
vt 0.255263 0.743184
vt 0.234245 0.700203
vt 0.262073 0.695323
vt 0.245664 0.702291
vt 0.264808 0.766218
vt 0.261416 0.760314
vt 0.231844 0.536533
vt 0.245921 0.531377
vt 0.245065 0.538532
vt 0.251751 0.543163
vt 0.243453 0.545164
vt 0.246871 0.601954
vt 0.243588 0.598140
vt 0.239625 0.601733
vt 0.271279 0.778143
vt 0.225916 0.810599
vt 0.231867 0.813939
vt 0.221243 0.827902
vt 0.233768 0.821433
vt 0.259267 0.782172
vt 0.266639 0.782626
vt 0.248415 0.802255
vt 0.254763 0.685043
vt 0.252526 0.679949
vt 0.225523 0.692671
vt 0.261603 0.687003
vt 0.259314 0.692260
vt 0.246051 0.692327
vt 0.254269 0.696236
vt 0.246812 0.698845
vt 0.252715 0.666105
vt 0.255459 0.662959
vt 0.263733 0.753610
vt 0.258395 0.753663
vt 0.248324 0.622934
vt 0.258153 0.766546
vt 0.251892 0.767774
vt 0.252022 0.763356
vt 0.222235 0.791933
vt 0.222343 0.806077
vt 0.257416 0.799923
vt 0.249133 0.660921
vt 0.241100 0.687397
vt 0.231727 0.681876
vt 0.249831 0.669216
vt 0.255452 0.778504
vt 0.254774 0.787376
vt 0.231305 0.764248
vt 0.228523 0.768542
vt 0.228723 0.759366
vt 0.246709 0.770992
vt 0.254086 0.773450
vt 0.219515 0.778989
vt 0.225373 0.795491
vt 0.232987 0.690132
vt 0.238238 0.693327
vt 0.239072 0.697843
vt 0.248377 0.687322
vt 0.254197 0.689990
vt 0.267023 0.789150
vt 0.246175 0.795217
vt 0.252869 0.794256
vt 0.232528 0.793176
vt 0.238682 0.798415
vt 0.228498 0.783822
vt 0.233554 0.785141
vt 0.225948 0.789064
vt 0.240677 0.762026
vt 0.234967 0.763875
vt 0.238421 0.758371
vt 0.246661 0.766618
vt 0.249424 0.778063
vt 0.248895 0.784759
vt 0.241580 0.755724
vt 0.226473 0.755721
vt 0.255385 0.749460
vt 0.242863 0.771850
vt 0.240170 0.750684
vt 0.239265 0.767061
vt 0.233897 0.768404
vt 0.234004 0.770178
vt 0.238377 0.742384
vt 0.247618 0.734281
vt 0.225421 0.747536
vt 0.219999 0.746523
vt 0.242088 0.720459
vt 0.209455 0.770939
vt 0.238439 0.707847
vt 0.252358 0.796935
vt 0.239197 0.774403
vt 0.239194 0.780005
vt 0.243418 0.784404
vt 0.240903 0.790388
vt 0.212854 0.765167
vt 0.222440 0.771997
vt 0.221175 0.765542
vt 0.215317 0.758001
vt 0.221430 0.759850
vt 0.233977 0.697927
vt 0.241273 0.729607
vt 0.241953 0.734230
vt 0.233071 0.709414
vt 0.240489 0.715098
vt 0.219366 0.754497
vt 0.235702 0.757096
vt 0.214641 0.751812
vt 0.215402 0.735245
vt 0.227118 0.729603
vt 0.230633 0.731354
vt 0.218991 0.739393
vt 0.219127 0.733192
vt 0.234456 0.732351
vt 0.230847 0.724833
vt 0.237122 0.726592
vt 0.235337 0.716391
vt 0.230844 0.712590
vt 0.227514 0.722234
vt 0.234739 0.737698
vt 0.233464 0.721391
vt 0.249368 0.639669
vt 0.244123 0.629511
vt 0.237966 0.632380
vt 0.246060 0.635189
vt 0.235402 0.631043
vt 0.255600 0.657083
vt 0.436017 0.207955
vt 0.431255 0.208144
vt 0.437731 0.199182
vt 0.428228 0.448568
vt 0.433168 0.458519
vt 0.427546 0.459802
vt 0.498303 0.149081
vt 0.490904 0.145923
vt 0.494625 0.139567
vt 0.433592 0.189345
vt 0.437710 0.179782
vt 0.440144 0.189324
vt 0.430587 0.440851
vt 0.436008 0.448176
vt 0.499627 0.106898
vt 0.501309 0.116333
vt 0.496631 0.111188
vt 0.437561 0.160391
vt 0.444123 0.163525
vt 0.438889 0.170889
vt 0.456932 0.196273
vt 0.465535 0.194520
vt 0.465838 0.200937
vt 0.421563 0.352733
vt 0.423043 0.342768
vt 0.425465 0.347973
vt 0.442920 0.210564
vt 0.437766 0.216997
vt 0.495178 0.463146
vt 0.494112 0.453075
vt 0.500784 0.455534
vt 0.540710 0.364957
vt 0.544708 0.358277
vt 0.546777 0.369077
vt 0.438641 0.267330
vt 0.432934 0.267018
vt 0.437922 0.259006
vt 0.431597 0.284915
vt 0.434158 0.275949
vt 0.437374 0.285130
vt 0.426288 0.230305
vt 0.428225 0.222186
vt 0.429826 0.226169
vt 0.486242 0.426253
vt 0.489363 0.429521
vt 0.481469 0.429612
vt 0.431003 0.254130
vt 0.428007 0.246767
vt 0.434055 0.247676
vt 0.492211 0.101090
vt 0.496351 0.102099
vt 0.431982 0.229960
vt 0.441491 0.228040
vt 0.434180 0.234522
vt 0.525473 0.379542
vt 0.531036 0.377896
vt 0.524876 0.385407
vt 0.493110 0.120784
vt 0.488578 0.117165
vt 0.448173 0.269142
vt 0.447982 0.275339
vt 0.442415 0.270983
vt 0.435671 0.226040
vt 0.431426 0.217109
vt 0.436324 0.089486
vt 0.443736 0.089459
vt 0.440411 0.094661
vt 0.524863 0.353171
vt 0.526243 0.346419
vt 0.532782 0.348366
vt 0.489068 0.468677
vt 0.494322 0.473774
vt 0.435603 0.099268
vt 0.438831 0.460247
vt 0.447549 0.462511
vt 0.439765 0.466168
vt 0.489487 0.111316
vt 0.484445 0.111741
vt 0.484148 0.104209
vt 0.448355 0.087666
vt 0.457096 0.085555
vt 0.453965 0.091485
vt 0.441228 0.103430
vt 0.445870 0.096869
vt 0.494288 0.345762
vt 0.485907 0.346521
vt 0.487372 0.340285
vt 0.470648 0.090785
vt 0.465946 0.084645
vt 0.475093 0.084861
vt 0.430902 0.136979
vt 0.431144 0.127354
vt 0.434268 0.132574
vt 0.461321 0.463891
vt 0.468069 0.472008
vt 0.460467 0.469634
vt 0.556697 0.364718
vt 0.550702 0.362561
vt 0.431893 0.160492
vt 0.433437 0.151043
vt 0.455040 0.269101
vt 0.454316 0.276275
vt 0.432370 0.117806
vt 0.438025 0.123202
vt 0.530381 0.357616
vt 0.445042 0.122000
vt 0.437767 0.117187
vt 0.486745 0.150393
vt 0.484766 0.140759
vt 0.498807 0.244513
vt 0.497906 0.252837
vt 0.493075 0.249698
vt 0.439949 0.131997
vt 0.428907 0.165250
vt 0.429509 0.155660
vt 0.473558 0.466205
vt 0.476053 0.460526
vt 0.481319 0.463331
vt 0.454942 0.305381
vt 0.455896 0.297335
vt 0.461545 0.302421
vt 0.434063 0.241905
vt 0.427353 0.238145
vt 0.419607 0.381010
vt 0.426205 0.386710
vt 0.420492 0.390882
vt 0.498588 0.353365
vt 0.505191 0.354676
vt 0.502908 0.360110
vt 0.489192 0.452606
vt 0.488431 0.458970
vt 0.482789 0.456845
vt 0.511543 0.406557
vt 0.517615 0.403311
vt 0.515337 0.413019
vt 0.464499 0.098870
vt 0.467095 0.107812
vt 0.459071 0.102219
vt 0.456756 0.405460
vt 0.453326 0.394396
vt 0.459021 0.396097
vt 0.434483 0.372578
vt 0.429292 0.367613
vt 0.433721 0.365079
vt 0.433817 0.381455
vt 0.433343 0.387303
vt 0.479556 0.088858
vt 0.486394 0.092999
vt 0.480311 0.094414
vt 0.443628 0.347904
vt 0.447564 0.353370
vt 0.438368 0.353581
vt 0.427673 0.415068
vt 0.420589 0.419930
vt 0.419887 0.410538
vt 0.501937 0.188465
vt 0.504302 0.197972
vt 0.497750 0.193471
vt 0.436776 0.415310
vt 0.432053 0.410603
vt 0.538652 0.372079
vt 0.532085 0.371200
vt 0.534194 0.363870
vt 0.429591 0.395489
vt 0.423710 0.396124
vt 0.427193 0.421183
vt 0.528000 0.365826
vt 0.520596 0.368032
vt 0.522254 0.360434
vt 0.449888 0.468200
vt 0.453318 0.462462
vt 0.455910 0.463239
vt 0.443179 0.406349
vt 0.431734 0.404231
vt 0.434867 0.399055
vt 0.521118 0.375887
vt 0.464890 0.246418
vt 0.458200 0.248688
vt 0.460326 0.242623
vt 0.537548 0.358210
vt 0.432311 0.309301
vt 0.427606 0.314453
vt 0.426601 0.307944
vt 0.443063 0.233017
vt 0.449128 0.229393
vt 0.449818 0.238574
vt 0.423505 0.455571
vt 0.421038 0.445051
vt 0.502797 0.281738
vt 0.495489 0.283581
vt 0.495263 0.276054
vt 0.454196 0.098089
vt 0.449123 0.105506
vt 0.454725 0.471297
vt 0.427114 0.298835
vt 0.433207 0.303671
vt 0.442610 0.195099
vt 0.449807 0.190634
vt 0.427884 0.289435
vt 0.435952 0.294300
vt 0.453934 0.109450
vt 0.460392 0.112144
vt 0.453182 0.116651
vt 0.431511 0.469405
vt 0.427344 0.475583
vt 0.425790 0.465314
vt 0.436715 0.474610
vt 0.504104 0.462109
vt 0.500518 0.471283
vt 0.499302 0.465411
vt 0.453894 0.104334
vt 0.424553 0.441087
vt 0.478036 0.413920
vt 0.488730 0.416089
vt 0.481652 0.420195
vt 0.421216 0.427028
vt 0.457114 0.458997
vt 0.428687 0.280264
vt 0.505283 0.223945
vt 0.501820 0.217938
vt 0.507816 0.215193
vt 0.470303 0.194507
vt 0.469819 0.202150
vt 0.494782 0.092690
vt 0.468136 0.466476
vt 0.524551 0.320944
vt 0.526542 0.328809
vt 0.520202 0.326111
vt 0.492762 0.087579
vt 0.498479 0.087706
vt 0.499575 0.097270
vt 0.477668 0.101636
vt 0.483872 0.098335
vt 0.448663 0.216606
vt 0.443254 0.222753
vt 0.461799 0.093335
vt 0.512652 0.421436
vt 0.510301 0.428044
vt 0.506436 0.424284
vt 0.430078 0.377006
vt 0.499342 0.139764
vt 0.498304 0.120987
vt 0.494164 0.130123
vt 0.430419 0.145841
vt 0.508684 0.183028
vt 0.502221 0.181942
vt 0.444006 0.335481
vt 0.442868 0.341295
vt 0.438307 0.335117
vt 0.438507 0.150603
vt 0.438125 0.141214
vt 0.508207 0.173258
vt 0.487514 0.434953
vt 0.492471 0.434502
vt 0.491734 0.444208
vt 0.474331 0.114523
vt 0.466726 0.117228
vt 0.489638 0.477582
vt 0.508842 0.192782
vt 0.501091 0.208631
vt 0.498163 0.199758
vt 0.447247 0.206008
vt 0.539970 0.350850
vt 0.493648 0.189103
vt 0.437762 0.369808
vt 0.444836 0.375321
vt 0.438693 0.380071
vt 0.506033 0.232700
vt 0.510833 0.234588
vt 0.507284 0.239503
vt 0.427960 0.212710
vt 0.491553 0.196574
vt 0.495296 0.172249
vt 0.492611 0.164785
vt 0.500193 0.168882
vt 0.514934 0.250596
vt 0.507276 0.245353
vt 0.514520 0.241044
vt 0.512702 0.263499
vt 0.515998 0.258504
vt 0.515688 0.267752
vt 0.502951 0.261460
vt 0.493727 0.261709
vt 0.531832 0.327523
vt 0.531905 0.321991
vt 0.517075 0.275763
vt 0.510917 0.271341
vt 0.429251 0.271250
vt 0.485470 0.475638
vt 0.507726 0.263298
vt 0.507738 0.279222
vt 0.510607 0.282461
vt 0.497760 0.222051
vt 0.528377 0.339731
vt 0.501153 0.275559
vt 0.505445 0.447352
vt 0.500103 0.445448
vt 0.509829 0.443784
vt 0.506907 0.452465
vt 0.437954 0.441524
vt 0.519096 0.332009
vt 0.513498 0.338014
vt 0.512930 0.331690
vt 0.503211 0.436697
vt 0.504440 0.427548
vt 0.464845 0.128340
vt 0.455913 0.124503
vt 0.460232 0.119602
vt 0.476972 0.474541
vt 0.480949 0.470287
vt 0.483416 0.442541
vt 0.482725 0.450109
vt 0.474930 0.446250
vt 0.500978 0.125901
vt 0.496986 0.480293
vt 0.492033 0.400894
vt 0.492091 0.411335
vt 0.487527 0.405684
vt 0.494447 0.447244
vt 0.426970 0.338524
vt 0.423809 0.333096
vt 0.441993 0.455313
vt 0.450016 0.454866
vt 0.509798 0.436492
vt 0.509579 0.210654
vt 0.512310 0.218262
vt 0.510381 0.223017
vt 0.534935 0.336304
vt 0.537829 0.329574
vt 0.537180 0.343104
vt 0.547871 0.347720
vt 0.512729 0.292546
vt 0.515309 0.281203
vt 0.552212 0.356425
vt 0.502619 0.144847
vt 0.501838 0.135163
vt 0.424246 0.377003
vt 0.542276 0.338419
vt 0.520397 0.394053
vt 0.515433 0.397471
vt 0.514098 0.376761
vt 0.517124 0.383888
vt 0.509230 0.382369
vt 0.499243 0.413763
vt 0.497773 0.406266
vt 0.504572 0.404512
vt 0.496884 0.330375
vt 0.490885 0.329475
vt 0.498189 0.322192
vt 0.464160 0.237904
vt 0.453746 0.234223
vt 0.460578 0.232540
vt 0.490416 0.218567
vt 0.493462 0.224654
vt 0.510251 0.395581
vt 0.524787 0.334586
vt 0.428638 0.203304
vt 0.470762 0.098513
vt 0.428996 0.194075
vt 0.428768 0.184507
vt 0.488592 0.159967
vt 0.497396 0.160420
vt 0.511649 0.226884
vt 0.489291 0.203851
vt 0.496644 0.205517
vt 0.496262 0.210572
vt 0.430286 0.262519
vt 0.443019 0.290243
vt 0.441715 0.281636
vt 0.447248 0.283436
vt 0.457497 0.240286
vt 0.451734 0.290580
vt 0.453820 0.350064
vt 0.458761 0.353627
vt 0.453911 0.355905
vt 0.504818 0.254185
vt 0.510944 0.253971
vt 0.496421 0.233548
vt 0.502540 0.235373
vt 0.495531 0.238229
vt 0.519743 0.285406
vt 0.504002 0.267793
vt 0.501381 0.268529
vt 0.518057 0.300642
vt 0.522070 0.295078
vt 0.524332 0.304050
vt 0.483297 0.289616
vt 0.481592 0.283765
vt 0.488081 0.282416
vt 0.450338 0.122216
vt 0.449331 0.112425
vt 0.443857 0.145032
vt 0.436255 0.109069
vt 0.441642 0.112273
vt 0.444218 0.127577
vt 0.433728 0.141886
vt 0.443781 0.156059
vt 0.453746 0.160813
vt 0.447826 0.170197
vt 0.440798 0.203170
vt 0.505437 0.154127
vt 0.483277 0.118581
vt 0.478073 0.116158
vt 0.497335 0.177804
vt 0.485048 0.165908
vt 0.510574 0.416110
vt 0.513012 0.369531
vt 0.424934 0.405769
vt 0.437756 0.431180
vt 0.428506 0.431637
vt 0.426271 0.357916
vt 0.421515 0.362651
vt 0.441328 0.360635
vt 0.446266 0.367025
vt 0.432278 0.330225
vt 0.432370 0.339917
vt 0.432280 0.316215
vt 0.432947 0.321385
vt 0.446070 0.473421
vt 0.465894 0.462325
vt 0.477508 0.451945
vt 0.420885 0.436253
vt 0.432881 0.425022
vt 0.442831 0.449355
vt 0.445010 0.443019
vt 0.449085 0.446919
vt 0.484174 0.085625
vt 0.489668 0.134050
vt 0.480274 0.135863
vt 0.485886 0.127559
vt 0.478217 0.109317
vt 0.473461 0.455099
vt 0.488592 0.422378
vt 0.493140 0.425570
vt 0.505272 0.415480
vt 0.518682 0.352909
vt 0.518595 0.310812
vt 0.527848 0.312975
vt 0.505151 0.389822
vt 0.511961 0.388531
vt 0.520534 0.340448
vt 0.508618 0.349210
vt 0.501652 0.344567
vt 0.508535 0.343328
vt 0.503997 0.319128
vt 0.508758 0.326367
vt 0.503552 0.326275
vt 0.503556 0.334016
vt 0.508437 0.298230
vt 0.507636 0.289153
vt 0.514204 0.324683
vt 0.509914 0.319327
vt 0.517172 0.319759
vt 0.513335 0.308347
vt 0.507005 0.307612
vt 0.511302 0.302827
vt 0.505379 0.314342
vt 0.431918 0.179747
vt 0.428845 0.174900
vt 0.443163 0.183555
vt 0.439900 0.237363
vt 0.452448 0.243907
vt 0.442109 0.242539
vt 0.508478 0.202154
vt 0.487229 0.190096
vt 0.489586 0.182867
vt 0.507632 0.163512
vt 0.496986 0.216485
vt 0.441207 0.276284
vt 0.435727 0.254298
vt 0.506240 0.273153
vt 0.517953 0.291131
vt 0.504292 0.248181
vt 0.502449 0.243359
vt 0.509299 0.313212
vt 0.474177 0.106332
vt 0.444781 0.133820
vt 0.449030 0.150534
vt 0.501113 0.154935
vt 0.499639 0.422238
vt 0.493631 0.421728
vt 0.498574 0.392120
vt 0.500262 0.384131
vt 0.419907 0.400839
vt 0.435070 0.393096
vt 0.438672 0.425683
vt 0.420700 0.372367
vt 0.444408 0.382279
vt 0.438847 0.386933
vt 0.440199 0.396128
vt 0.429465 0.349125
vt 0.436837 0.346260
vt 0.427437 0.329076
vt 0.425450 0.323764
vt 0.440575 0.303867
vt 0.448210 0.301936
vt 0.450047 0.307541
vt 0.455834 0.314038
vt 0.490854 0.125504
vt 0.473578 0.124252
vt 0.495629 0.439088
vt 0.498661 0.426428
vt 0.494505 0.429907
vt 0.456807 0.449684
vt 0.460932 0.453196
vt 0.471012 0.447439
vt 0.467307 0.453202
vt 0.500351 0.431556
vt 0.514673 0.358190
vt 0.507282 0.363111
vt 0.514490 0.348155
vt 0.514364 0.314644
vt 0.446269 0.198010
vt 0.453925 0.206298
vt 0.458217 0.211373
vt 0.463579 0.208778
vt 0.459509 0.217642
vt 0.450896 0.224006
vt 0.454155 0.219480
vt 0.459998 0.223616
vt 0.476636 0.232249
vt 0.468787 0.233598
vt 0.471424 0.228195
vt 0.455837 0.229247
vt 0.465220 0.218956
vt 0.467518 0.224793
vt 0.465984 0.251900
vt 0.444358 0.263276
vt 0.443794 0.254830
vt 0.451398 0.247335
vt 0.444488 0.246900
vt 0.432697 0.170123
vt 0.444221 0.176422
vt 0.449878 0.182191
vt 0.439371 0.250836
vt 0.449345 0.258051
vt 0.492154 0.153339
vt 0.500039 0.227377
vt 0.490166 0.231334
vt 0.489213 0.238131
vt 0.491424 0.242816
vt 0.479847 0.223012
vt 0.478718 0.218545
vt 0.484781 0.216665
vt 0.487030 0.224415
vt 0.470592 0.243415
vt 0.479198 0.248237
vt 0.485678 0.248604
vt 0.481978 0.254627
vt 0.486085 0.211324
vt 0.474719 0.236321
vt 0.451451 0.263876
vt 0.461041 0.264983
vt 0.455265 0.283465
vt 0.442128 0.297173
vt 0.441824 0.310121
vt 0.436334 0.313343
vt 0.438536 0.319054
vt 0.438725 0.328273
vt 0.500292 0.289029
vt 0.491355 0.289719
vt 0.492619 0.268827
vt 0.478350 0.123210
vt 0.477187 0.139537
vt 0.468053 0.137063
vt 0.473255 0.131995
vt 0.477768 0.130080
vt 0.455397 0.144273
vt 0.455367 0.153496
vt 0.450021 0.129492
vt 0.449683 0.143181
vt 0.450496 0.136898
vt 0.461805 0.157070
vt 0.477956 0.167323
vt 0.482354 0.159063
vt 0.482504 0.172591
vt 0.489643 0.170751
vt 0.469492 0.143920
vt 0.474859 0.148917
vt 0.480989 0.151556
vt 0.480234 0.145076
vt 0.493981 0.384318
vt 0.490957 0.389984
vt 0.484721 0.399066
vt 0.432122 0.358683
vt 0.461911 0.402807
vt 0.459141 0.411593
vt 0.445355 0.429162
vt 0.443855 0.436744
vt 0.452950 0.437865
vt 0.442390 0.417788
vt 0.479502 0.436188
vt 0.456876 0.420178
vt 0.460205 0.424233
vt 0.453789 0.424073
vt 0.506679 0.369346
vt 0.504649 0.379652
vt 0.498735 0.338213
vt 0.504077 0.306673
vt 0.503348 0.295417
vt 0.456084 0.184868
vt 0.460745 0.179653
vt 0.465925 0.184597
vt 0.451138 0.194656
vt 0.483589 0.185313
vt 0.489247 0.176630
vt 0.500165 0.238146
vt 0.488225 0.256569
vt 0.467359 0.285154
vt 0.460075 0.281368
vt 0.469282 0.278918
vt 0.471056 0.220426
vt 0.482457 0.230431
vt 0.467019 0.215789
vt 0.475523 0.226743
vt 0.456589 0.254671
vt 0.467904 0.264234
vt 0.463264 0.256346
vt 0.464833 0.290204
vt 0.459958 0.285977
vt 0.487021 0.307380
vt 0.481350 0.299390
vt 0.487337 0.299426
vt 0.459874 0.290726
vt 0.448065 0.295806
vt 0.454405 0.327692
vt 0.449807 0.332468
vt 0.449429 0.324847
vt 0.447825 0.312784
vt 0.449444 0.319232
vt 0.460712 0.308668
vt 0.494099 0.318768
vt 0.493282 0.310816
vt 0.497240 0.311048
vt 0.488935 0.273958
vt 0.486544 0.264849
vt 0.478692 0.259175
vt 0.476320 0.253619
vt 0.493534 0.255754
vt 0.467416 0.123214
vt 0.457867 0.132211
vt 0.461194 0.149840
vt 0.468480 0.150926
vt 0.463171 0.142804
vt 0.508303 0.375432
vt 0.444552 0.401759
vt 0.449974 0.405540
vt 0.446613 0.412634
vt 0.445016 0.328703
vt 0.443413 0.323015
vt 0.458440 0.331494
vt 0.453198 0.337399
vt 0.453546 0.343638
vt 0.448701 0.360343
vt 0.454725 0.364576
vt 0.443965 0.424253
vt 0.473352 0.427389
vt 0.471955 0.434320
vt 0.478110 0.423522
vt 0.472932 0.440895
vt 0.473574 0.415551
vt 0.474803 0.420509
vt 0.464724 0.441427
vt 0.463533 0.447101
vt 0.477810 0.330681
vt 0.478150 0.338984
vt 0.471192 0.338270
vt 0.492307 0.336604
vt 0.484530 0.334540
vt 0.485708 0.324787
vt 0.489314 0.319105
vt 0.480379 0.320371
vt 0.485986 0.314493
vt 0.495072 0.303367
vt 0.498186 0.301058
vt 0.455461 0.180204
vt 0.470530 0.165633
vt 0.475482 0.158369
vt 0.460952 0.190314
vt 0.475044 0.208282
vt 0.479365 0.189907
vt 0.483699 0.196867
vt 0.480214 0.205167
vt 0.476502 0.195601
vt 0.472069 0.188367
vt 0.477135 0.184064
vt 0.467860 0.177635
vt 0.468303 0.174039
vt 0.472527 0.178943
vt 0.483957 0.179777
vt 0.470976 0.250861
vt 0.461020 0.273037
vt 0.464794 0.295958
vt 0.465890 0.304478
vt 0.494890 0.296325
vt 0.480619 0.263892
vt 0.482108 0.270491
vt 0.465668 0.263697
vt 0.468790 0.269432
vt 0.475918 0.240941
vt 0.480698 0.235334
vt 0.483025 0.240616
vt 0.485823 0.235335
vt 0.466509 0.357958
vt 0.473407 0.359294
vt 0.467137 0.364785
vt 0.444173 0.389487
vt 0.449002 0.420021
vt 0.462886 0.430423
vt 0.468203 0.424296
vt 0.468407 0.429572
vt 0.462129 0.420255
vt 0.461630 0.433638
vt 0.459410 0.440313
vt 0.454418 0.444185
vt 0.453163 0.430760
vt 0.487093 0.411225
vt 0.482411 0.406980
vt 0.466485 0.419116
vt 0.458197 0.175088
vt 0.473273 0.215488
vt 0.459702 0.259768
vt 0.476624 0.265530
vt 0.473670 0.271039
vt 0.474143 0.279061
vt 0.472372 0.171961
vt 0.451831 0.371656
vt 0.453884 0.378734
vt 0.456622 0.373234
vt 0.461050 0.378995
vt 0.457877 0.390839
vt 0.460498 0.391782
vt 0.451047 0.386456
vt 0.459224 0.365512
vt 0.457077 0.359464
vt 0.452647 0.415838
vt 0.468677 0.436264
vt 0.468801 0.413860
vt 0.464288 0.409270
vt 0.470321 0.407823
vt 0.476604 0.402032
vt 0.498466 0.399428
vt 0.461062 0.166810
vt 0.454730 0.169029
vt 0.469676 0.209939
vt 0.475216 0.201460
vt 0.453541 0.410506
vt 0.470683 0.397056
vt 0.478251 0.395990
vt 0.476681 0.407382
vt 0.468667 0.385360
vt 0.471558 0.379494
vt 0.473788 0.389237
vt 0.487316 0.384532
vt 0.483810 0.391293
vt 0.480981 0.384853
vt 0.490693 0.378799
vt 0.449387 0.399147
vt 0.470951 0.402183
vt 0.464238 0.396359
vt 0.469066 0.158383
vt 0.466089 0.163565
vt 0.458439 0.138593
vt 0.460286 0.204461
vt 0.479643 0.353429
vt 0.490388 0.352484
vt 0.485574 0.358577
vt 0.497760 0.377193
vt 0.503318 0.373183
vt 0.497019 0.369430
vt 0.503680 0.366516
vt 0.460699 0.322905
vt 0.460068 0.345908
vt 0.463832 0.313847
vt 0.466175 0.320464
vt 0.455827 0.321635
vt 0.468750 0.298577
vt 0.472821 0.304804
vt 0.467938 0.311876
vt 0.470506 0.291692
vt 0.475585 0.311541
vt 0.480247 0.306109
vt 0.473917 0.318399
vt 0.474969 0.297297
vt 0.473373 0.284649
vt 0.475603 0.287076
vt 0.479533 0.276652
vt 0.480038 0.314777
vt 0.475194 0.325056
vt 0.470780 0.324901
vt 0.478884 0.293237
vt 0.484780 0.277748
vt 0.487462 0.293682
vt 0.477597 0.379610
vt 0.474268 0.345853
vt 0.497189 0.361931
vt 0.459279 0.385825
vt 0.503875 0.397226
vt 0.465229 0.391641
vt 0.481043 0.367637
vt 0.474751 0.366111
vt 0.478322 0.360176
vt 0.463686 0.372041
vt 0.470522 0.372856
vt 0.458773 0.338417
vt 0.470225 0.330158
vt 0.464698 0.326934
vt 0.463426 0.335371
vt 0.471463 0.352446
vt 0.466386 0.349390
vt 0.488679 0.367993
vt 0.492311 0.357561
vt 0.479749 0.345459
vt 0.475954 0.373331
vt 0.465546 0.342164
vt 0.483329 0.375485
vt 0.492269 0.372818
vn 0.554037 -0.585064 -0.592236
vn -0.106170 -0.900213 0.422308
vn 0.066263 -0.986542 0.149480
vn 0.018160 -0.999760 0.012255
vn -0.018870 -0.999342 0.030966
vn 0.071804 -0.993888 0.083852
vn -0.772916 0.248018 0.584028
vn -0.024054 0.997210 0.070673
vn -0.871760 0.225981 0.434704
vn 0.484140 -0.330120 -0.810327
vn 0.714195 -0.626507 -0.312111
vn -0.499377 -0.825435 -0.263210
vn -0.156953 -0.502996 0.849918
vn 0.025830 0.902389 -0.430147
vn -0.468031 0.540480 0.699163
vn 0.218612 0.944116 -0.246687
vn 0.006397 0.979956 0.199113
vn 0.022304 0.993277 0.113595
vn 0.760990 0.643648 -0.081311
vn 0.701017 0.635682 -0.323241
vn 0.074199 0.995968 0.050431
vn 0.304785 -0.801598 -0.514341
vn 0.368213 -0.305536 -0.878104
vn 0.360323 -0.149044 -0.920844
vn 0.353626 0.909234 0.219640
vn 0.442740 0.896449 0.019012
vn 0.568028 0.806687 -0.163096
vn -0.104474 0.994265 -0.022840
vn 0.336845 0.697745 -0.632208
vn -0.261130 0.953626 -0.149696
vn -0.223696 0.952868 0.204944
vn -0.399859 0.910870 0.102122
vn -0.226688 0.942211 0.246680
vn 0.835905 0.422141 0.350798
vn 0.728402 0.634812 -0.257766
vn 0.644424 0.761769 0.066524
vn 0.840110 0.277394 0.466120
vn 0.937056 -0.015621 0.348831
vn 0.663294 -0.638935 0.389620
vn 0.457736 -0.761369 0.459123
vn 0.937056 -0.015621 0.348831
vn 0.632264 -0.637362 0.440467
vn -0.451868 0.890880 0.046356
vn -0.579961 0.810056 -0.086343
vn -0.586723 0.808745 -0.041082
vn -0.451868 0.890880 0.046356
vn -0.399859 0.910870 0.102122
vn -0.223696 0.952868 0.204944
vn -0.812538 -0.560791 0.159045
vn 0.020340 -0.948538 -0.316008
vn 0.003886 -0.969373 0.245563
vn 0.003886 -0.969373 0.245563
vn -0.423966 -0.901296 0.088983
vn -0.767568 -0.626329 0.136206
vn -0.020790 0.961113 -0.275373
vn 0.209043 0.912309 -0.352127
vn -0.381086 0.897431 -0.222242
vn -0.153529 -0.972114 -0.177265
vn -0.767568 -0.626329 0.136206
vn -0.423966 -0.901296 0.088983
vn -0.499377 -0.825435 -0.263210
vn -0.957151 0.164154 -0.238569
vn -0.746626 -0.636514 0.193391
vn -0.278975 -0.959520 -0.038671
vn -0.036676 -0.942901 -0.331049
vn -0.273784 -0.961259 -0.032000
vn 0.875653 -0.482271 0.025434
vn 0.755159 -0.583845 0.298094
vn 0.003886 -0.969373 0.245563
vn 0.041157 0.996076 0.078354
vn 0.048348 0.962586 0.266628
vn 0.087739 0.943845 0.318524
vn -0.000869 -0.999322 -0.036806
vn -0.018870 -0.999342 0.030966
vn -0.026289 -0.998714 -0.043344
vn 0.010368 -0.978437 -0.206284
vn -0.026289 -0.998714 -0.043344
vn 0.034979 -0.996534 -0.075477
vn 0.077778 -0.995978 0.044485
vn 0.073606 -0.942165 0.326967
vn 0.039847 -0.989326 0.140165
vn 0.989091 -0.138845 0.049207
vn 0.856932 0.381025 0.347113
vn 0.937056 -0.015621 0.348831
vn 0.967483 -0.252623 -0.012621
vn 0.760990 0.643648 -0.081311
vn 0.640262 0.732119 -0.232522
vn -0.090925 -0.991420 -0.093914
vn -0.000869 -0.999322 -0.036806
vn -0.026289 -0.998714 -0.043344
vn 0.175101 -0.605941 -0.776000
vn 0.141896 -0.912390 -0.383940
vn -0.217962 -0.959949 -0.176040
vn 0.034979 -0.996534 -0.075477
vn 0.032621 -0.997967 -0.054744
vn 0.132482 -0.898530 -0.418441
vn -0.000046 -1.000000 -0.000022
vn 0.008071 -0.999837 0.016126
vn 0.011873 -0.994282 0.106127
vn 0.094333 0.860966 -0.499838
vn 0.149528 0.813679 -0.561754
vn -0.028915 0.926446 0.375314
vn -0.408572 0.730642 0.547020
vn -0.470164 0.619577 0.628546
vn -0.412739 0.840996 0.349818
vn 0.095759 0.984854 0.144545
vn 0.218612 0.944116 -0.246687
vn 0.022304 0.993277 0.113595
vn 0.216903 0.061700 -0.974241
vn 0.132482 -0.898530 -0.418441
vn 0.075104 -0.935485 -0.345293
vn 0.077615 0.795341 0.601173
vn 0.037550 0.947933 0.316249
vn -0.044351 0.934794 0.352411
vn 0.216903 0.061700 -0.974241
vn -0.007556 -0.172190 -0.985035
vn -0.125219 0.937059 -0.325946
vn 0.257170 0.965953 -0.028262
vn 0.224757 0.931419 0.286256
vn -0.320320 0.926327 0.198277
vn -0.125219 0.937059 -0.325946
vn 0.106184 0.047782 -0.993198
vn 0.216903 0.061700 -0.974241
vn 0.158112 0.669919 0.725403
vn 0.119698 0.873157 0.472514
vn 0.077615 0.795341 0.601173
vn -0.226688 0.942211 0.246680
vn 0.036947 0.948337 0.315106
vn -0.223696 0.952868 0.204944
vn -0.012302 0.987112 0.159560
vn 0.022304 0.993277 0.113595
vn 0.033224 0.997966 0.054400
vn 0.353354 -0.501389 -0.789779
vn 0.264843 0.681611 -0.682103
vn 0.307349 0.772024 -0.556342
vn 0.660072 -0.641121 0.391495
vn 0.168421 -0.985250 0.030294
vn -0.444137 -0.656707 -0.609491
vn -0.586723 0.808745 -0.041082
vn -0.517806 0.855471 -0.006803
vn -0.451868 0.890880 0.046356
vn -0.693954 -0.711658 0.109411
vn -0.088678 -0.989592 -0.113330
vn -0.217300 -0.972874 0.079350
vn 0.568028 0.806687 -0.163096
vn 0.221266 0.939716 -0.260719
vn 0.209043 0.912309 -0.352127
vn -0.046463 0.971023 0.234424
vn -0.134127 0.971160 0.197126
vn -0.044351 0.934794 0.352411
vn -0.240981 -0.949517 0.200860
vn -0.226604 -0.851899 0.472142
vn -0.249869 -0.968089 0.019200
vn -0.363161 -0.885139 0.290934
vn -0.216117 -0.795615 0.565942
vn -0.207868 -0.963499 0.168704
vn 0.508281 0.611149 0.606752
vn 0.032456 0.569038 0.821671
vn 0.612395 0.397433 0.683388
vn 0.353626 0.909234 0.219640
vn 0.148237 0.958308 0.244276
vn 0.442740 0.896449 0.019012
vn 0.632264 -0.637362 0.440467
vn 0.258818 -0.941487 0.215907
vn 0.262632 -0.800896 0.538136
vn -0.761301 -0.553461 -0.337789
vn 0.520141 0.011283 -0.854006
vn -0.558211 -0.823133 -0.104175
vn 0.224757 0.931419 0.286256
vn 0.287369 0.949139 0.128664
vn 0.068397 0.947648 0.311906
vn 0.131910 -0.901106 0.413046
vn -0.065696 -0.402101 0.913235
vn 0.182225 -0.463787 0.867004
vn -0.278975 -0.959520 -0.038671
vn -0.273784 -0.961259 -0.032000
vn -0.534353 -0.805310 0.256793
vn -0.399859 0.910870 0.102122
vn -0.451868 0.890880 0.046356
vn -0.517806 0.855471 -0.006803
vn 0.011764 -0.956736 -0.290721
vn -0.036676 -0.942901 -0.331049
vn -0.024136 -0.960346 -0.277764
vn 0.127254 0.917182 -0.377603
vn 0.058707 0.957820 -0.281310
vn 0.041577 0.994783 -0.093160
vn -0.071775 -0.996960 -0.030324
vn -0.207868 -0.963499 0.168704
vn 0.115203 -0.966496 -0.229377
vn -0.071775 -0.996960 -0.030324
vn -0.024136 -0.960346 -0.277764
vn -0.363161 -0.885139 0.290934
vn -0.050311 0.963558 0.262727
vn -0.109718 0.954798 0.276267
vn 0.204205 0.978903 0.007014
vn -0.399355 -0.914520 0.064571
vn -0.397787 -0.772791 0.494530
vn -0.534353 -0.805310 0.256793
vn -0.223696 0.952868 0.204944
vn -0.157287 0.986201 -0.051654
vn -0.451868 0.890880 0.046356
vn 0.149528 0.813679 -0.561754
vn 0.127254 0.917182 -0.377603
vn 0.189859 0.880753 -0.433852
vn -0.124738 -0.895910 -0.426364
vn -0.293498 -0.924239 -0.244215
vn -0.069154 -0.943400 -0.324368
vn 0.209043 0.912309 -0.352127
vn 0.221266 0.939716 -0.260719
vn -0.381086 0.897431 -0.222242
vn -0.157287 0.986201 -0.051654
vn 0.048348 0.962586 0.266628
vn 0.041157 0.996076 0.078354
vn 0.363188 0.175569 0.915025
vn 0.145423 0.828645 0.540556
vn -0.223899 0.908238 0.353515
vn 0.025830 0.902389 -0.430147
vn 0.124112 0.849765 -0.512343
vn 0.094333 0.860966 -0.499838
vn 0.770776 -0.376636 0.513857
vn 0.258818 -0.941487 0.215907
vn 0.632264 -0.637362 0.440467
vn 0.068397 0.947648 0.311906
vn 0.035772 0.962905 0.267459
vn 0.134543 0.951650 0.276153
vn 0.068397 0.947648 0.311906
vn 0.287369 0.949139 0.128664
vn 0.178140 0.969675 0.167319
vn 0.122396 0.960032 0.251709
vn 0.037550 0.947933 0.316249
vn 0.119698 0.873157 0.472514
vn -0.009639 0.997176 -0.074475
vn 0.390721 0.920388 -0.014923
vn -0.142680 0.989545 0.021036
vn 0.764969 0.643540 0.026034
vn 0.674035 0.586794 -0.448721
vn 0.055913 0.985195 0.162062
vn 0.115203 -0.966496 -0.229377
vn 0.011764 -0.956736 -0.290721
vn -0.071775 -0.996960 -0.030324
vn -0.109180 0.963947 -0.242663
vn -0.451868 0.890880 0.046356
vn -0.157287 0.986201 -0.051654
vn -0.223696 0.952868 0.204944
vn 0.048348 0.962586 0.266628
vn -0.157287 0.986201 -0.051654
vn -0.227172 0.860578 0.455849
vn -0.928392 0.304258 0.213342
vn -0.641485 0.578223 0.504137
vn 0.036947 0.948337 0.315106
vn 0.112556 0.932395 0.343469
vn 0.048348 0.962586 0.266628
vn -0.166190 -0.977335 -0.131141
vn -0.704846 -0.707759 0.047634
vn -0.871760 0.225981 0.434704
vn -0.385072 0.920568 0.065370
vn -0.226688 0.942211 0.246680
vn -0.399859 0.910870 0.102122
vn -0.268333 0.850195 -0.452952
vn -0.202799 0.932572 -0.298632
vn -0.463787 0.732066 -0.498980
vn -0.109180 0.963947 -0.242663
vn -0.579961 0.810056 -0.086343
vn -0.451868 0.890880 0.046356
vn -0.385072 0.920568 0.065370
vn -0.399859 0.910870 0.102122
vn -0.517806 0.855471 -0.006803
vn 0.037550 0.947933 0.316249
vn 0.122396 0.960032 0.251709
vn -0.046463 0.971023 0.234424
vn -0.109180 0.963947 -0.242663
vn 0.348561 0.817522 -0.458436
vn -0.020790 0.961113 -0.275373
vn 0.360323 -0.149044 -0.920844
vn 0.084590 -0.964398 -0.250560
vn 0.304785 -0.801598 -0.514341
vn 0.405055 -0.714922 0.569928
vn 0.663294 -0.638935 0.389620
vn 0.457736 -0.761369 0.459123
vn 0.050456 0.556159 0.829543
vn 0.612395 0.397433 0.683388
vn 0.032456 0.569038 0.821671
vn -0.579961 0.810056 -0.086343
vn -0.558606 0.819869 -0.125595
vn -0.586723 0.808745 -0.041082
vn -0.802425 0.261365 -0.536473
vn -0.808206 0.232651 -0.540997
vn -0.640118 -0.642696 -0.420939
vn 0.132482 -0.898530 -0.418441
vn 0.106184 0.047782 -0.993198
vn 0.020634 -0.783444 -0.621119
vn -0.049501 -0.998686 0.013295
vn -0.237247 -0.968287 -0.078318
vn -0.126897 -0.991902 -0.005242
vn 0.036947 0.948337 0.315106
vn 0.048348 0.962586 0.266628
vn -0.223696 0.952868 0.204944
vn 0.557230 -0.421224 0.715587
vn 0.894661 -0.009762 0.446638
vn 0.700872 -0.306554 0.644052
vn -0.041611 0.991899 -0.120024
vn 0.058707 0.957820 -0.281310
vn 0.124112 0.849765 -0.512343
vn 0.124112 0.849765 -0.512343
vn 0.058707 0.957820 -0.281310
vn 0.094333 0.860966 -0.499838
vn 0.064031 0.754997 0.652594
vn 0.119698 0.873157 0.472514
vn 0.158112 0.669919 0.725403
vn 0.382262 0.879138 0.284592
vn 0.530532 0.847434 0.019772
vn -0.006398 0.668645 -0.743554
vn 0.127254 0.917182 -0.377603
vn 0.149528 0.813679 -0.561754
vn 0.094333 0.860966 -0.499838
vn 0.041577 0.994783 -0.093160
vn 0.058707 0.957820 -0.281310
vn -0.041611 0.991899 -0.120024
vn 0.000023 -1.000000 0.000000
vn -0.049501 -0.998686 0.013295
vn -0.126897 -0.991902 -0.005242
vn 0.105276 0.898235 -0.426720
vn 0.109025 0.961165 -0.253525
vn -0.095340 0.955491 -0.279189
vn 0.041577 0.994783 -0.093160
vn 0.142689 0.969579 -0.198890
vn 0.127254 0.917182 -0.377603
vn 0.142689 0.969579 -0.198890
vn 0.109025 0.961165 -0.253525
vn 0.189859 0.880753 -0.433852
vn -0.377379 -0.259612 0.888924
vn -0.324245 -0.279225 0.903825
vn -0.456916 -0.060022 0.887482
vn 0.270910 0.133447 0.953310
vn 0.145528 0.890266 0.431564
vn 0.234129 0.395607 0.888076
vn 0.032831 -0.951048 -0.307296
vn 0.098792 -0.958313 -0.268098
vn 0.019609 -0.999762 -0.009609
vn 0.109025 0.961165 -0.253525
vn 0.142689 0.969579 -0.198890
vn 0.137856 0.980868 0.137451
vn -0.348157 0.069296 0.934871
vn -0.331703 0.160404 0.929647
vn -0.416768 0.262627 0.870248
vn -0.470164 0.619577 0.628546
vn -0.331703 0.160404 0.929647
vn -0.456916 -0.060022 0.887482
vn 0.520141 0.011283 -0.854006
vn 0.837482 0.538366 -0.093728
vn 0.523424 0.363530 -0.770632
vn -0.000260 -1.000000 0.000060
vn -0.000046 -1.000000 -0.000022
vn 0.011873 -0.994282 0.106127
vn 0.348561 0.817522 -0.458436
vn -0.109180 0.963947 -0.242663
vn 0.009842 0.840585 -0.541590
vn -0.267640 0.908133 0.321969
vn -0.302588 0.906487 0.294485
vn -0.032871 0.987785 -0.152314
vn -0.153529 -0.972114 -0.177265
vn -0.459345 -0.886253 -0.059646
vn 0.465667 -0.834068 -0.295779
vn 0.360323 -0.149044 -0.920844
vn 0.336845 0.697745 -0.632208
vn 0.286804 -0.772100 -0.567103
vn 0.107495 0.933075 -0.343242
vn -0.280805 0.928872 0.241546
vn -0.032871 0.987785 -0.152314
vn -0.267640 0.908133 0.321969
vn -0.280805 0.928872 0.241546
vn -0.605096 0.382855 0.698055
vn 0.530532 0.847434 0.019772
vn 0.382262 0.879138 0.284592
vn 0.248788 0.811977 0.528014
vn 0.568028 0.806687 -0.163096
vn 0.209043 0.912309 -0.352127
vn 0.665237 0.712776 -0.222283
vn -0.066109 0.982217 0.175725
vn 0.370701 0.896159 -0.243883
vn -0.641485 0.578223 0.504137
vn 0.370701 0.896159 -0.243883
vn -0.024054 0.997210 0.070673
vn 0.328846 0.879791 -0.343262
vn -0.198231 0.979939 0.020617
vn -0.396349 0.689306 -0.606436
vn -0.171629 0.978274 -0.116290
vn -0.470838 0.677994 0.564479
vn -0.605983 0.273533 0.746970
vn -0.280805 0.928872 0.241546
vn -0.157287 0.986201 -0.051654
vn -0.202799 0.932572 -0.298632
vn 0.009842 0.840585 -0.541590
vn -0.020790 0.961113 -0.275373
vn -0.579961 0.810056 -0.086343
vn -0.109180 0.963947 -0.242663
vn -0.623822 0.721786 -0.299784
vn -0.706890 0.471901 -0.526894
vn -0.526264 0.769251 -0.362351
vn -0.760790 0.591544 -0.266971
vn -0.921811 -0.243466 -0.301645
vn -0.739910 0.665384 0.098986
vn -0.425337 0.222532 -0.877250
vn -0.396349 0.689306 -0.606436
vn -0.487071 0.210291 -0.847667
vn -0.020790 0.961113 -0.275373
vn 0.348561 0.817522 -0.458436
vn 0.665237 0.712776 -0.222283
vn -0.272194 0.941102 -0.200591
vn -0.573552 0.757772 -0.311158
vn -0.677089 0.654192 -0.337021
vn -0.857353 0.514020 -0.026995
vn -0.691473 0.593722 -0.411533
vn -0.840933 0.519907 -0.150096
vn 0.009842 0.840585 -0.541590
vn -0.109180 0.963947 -0.242663
vn -0.157287 0.986201 -0.051654
vn -0.437064 0.609628 -0.661308
vn -0.425337 0.222532 -0.877250
vn -0.408799 0.540548 -0.735317
vn 0.112556 0.932395 0.343469
vn 0.036947 0.948337 0.315106
vn 0.035772 0.962905 0.267459
vn -0.767568 -0.626329 0.136206
vn -0.812538 -0.560791 0.159045
vn 0.003886 -0.969373 0.245563
vn 0.032621 -0.997967 -0.054744
vn 0.034979 -0.996534 -0.075477
vn 0.018324 -0.999759 -0.012130
vn -0.233283 -0.938455 0.254717
vn -0.604830 -0.526775 0.597235
vn -0.612963 -0.368376 0.698981
vn -0.157287 0.986201 -0.051654
vn 0.041157 0.996076 0.078354
vn -0.202799 0.932572 -0.298632
vn -0.670140 -0.523184 -0.526490
vn -0.786633 -0.019557 -0.617111
vn -0.675466 0.644081 -0.359034
vn 0.684220 0.501709 -0.529274
vn 0.463945 0.751650 -0.468804
vn 0.592120 0.145033 -0.792691
vn 0.122396 0.960032 0.251709
vn -0.034255 0.968597 0.246264
vn -0.046463 0.971023 0.234424
vn -0.077806 0.978096 0.193066
vn -0.244530 0.962251 0.119489
vn 0.083030 0.945841 0.313833
vn 0.169242 0.909925 0.378675
vn 0.122396 0.960032 0.251709
vn 0.119698 0.873157 0.472514
vn -0.381086 0.897431 -0.222242
vn -0.558606 0.819869 -0.125595
vn -0.020790 0.961113 -0.275373
vn -0.134055 0.635088 -0.760718
vn 0.023821 0.993830 -0.108324
vn 0.322366 0.919676 0.224225
vn -0.079431 0.957763 0.276370
vn 0.121007 0.989522 -0.078764
vn -0.109718 0.954798 0.276267
vn 0.315283 0.927552 -0.200608
vn 0.204205 0.978903 0.007014
vn 0.121007 0.989522 -0.078764
vn 0.665237 0.712776 -0.222283
vn 0.209043 0.912309 -0.352127
vn -0.020790 0.961113 -0.275373
vn 0.020634 -0.783444 -0.621119
vn -0.090925 -0.991420 -0.093914
vn 0.010368 -0.978437 -0.206284
vn 0.668001 0.679463 -0.303488
vn 0.812979 0.346535 -0.467952
vn 0.482292 0.794797 -0.368364
vn 0.077615 0.795341 0.601173
vn -0.044351 0.934794 0.352411
vn 0.248788 0.811977 0.528014
vn -0.044351 0.934794 0.352411
vn 0.353626 0.909234 0.219640
vn 0.248788 0.811977 0.528014
vn 0.322366 0.919676 0.224225
vn 0.158112 0.669919 0.725403
vn 0.382262 0.879138 0.284592
vn -0.044351 0.934794 0.352411
vn -0.134127 0.971160 0.197126
vn 0.148237 0.958308 0.244276
vn 0.148237 0.958308 0.244276
vn 0.353626 0.909234 0.219640
vn -0.044351 0.934794 0.352411
vn -0.509118 0.320351 0.798858
vn -0.439172 -0.603407 0.665603
vn -0.250166 -0.925858 0.283202
vn -0.034255 0.968597 0.246264
vn -0.134127 0.971160 0.197126
vn -0.046463 0.971023 0.234424
vn -0.544986 0.638252 -0.543714
vn -0.361748 0.818129 -0.446993
vn -0.408799 0.540548 -0.735317
vn 0.087739 0.943845 0.318524
vn 0.112556 0.932395 0.343469
vn 0.068397 0.947648 0.311906
vn 0.037550 0.947933 0.316249
vn -0.046463 0.971023 0.234424
vn -0.044351 0.934794 0.352411
vn 0.058707 0.957820 -0.281310
vn 0.127254 0.917182 -0.377603
vn 0.094333 0.860966 -0.499838
vn -0.195333 0.961437 0.193608
vn -0.171629 0.978274 -0.116290
vn 0.083030 0.945841 0.313833
vn 0.592120 0.145033 -0.792691
vn 0.463945 0.751650 -0.468804
vn -0.033324 0.706473 -0.706955
vn 0.119698 0.873157 0.472514
vn 0.064031 0.754997 0.652594
vn 0.169242 0.909925 0.378675
vn 0.077615 0.795341 0.601173
vn 0.119698 0.873157 0.472514
vn 0.037550 0.947933 0.316249
vn 0.310237 0.950622 -0.008365
vn 0.369279 0.927647 -0.055720
vn 0.484306 0.861854 -0.150516
vn 0.310237 0.950622 -0.008365
vn 0.087087 0.971087 0.222276
vn -0.106262 0.944799 0.309940
vn 0.338104 0.937930 -0.077288
vn 0.414205 0.897724 -0.150088
vn 0.399587 0.915491 -0.046969
vn -0.150077 -0.963563 -0.221413
vn -0.429279 -0.889047 -0.159104
vn -0.921811 -0.243466 -0.301645
vn 0.520418 -0.399548 -0.754670
vn 0.642861 0.049541 -0.764379
vn 0.097807 -0.981408 -0.165143
vn -0.119059 0.938071 0.325343
vn -0.109718 0.954798 0.276267
vn 0.195486 0.977974 0.073161
vn 0.221266 0.939716 -0.260719
vn 0.568028 0.806687 -0.163096
vn 0.442740 0.896449 0.019012
vn -0.845838 0.514044 0.142534
vn -0.443210 0.895521 -0.040083
vn -0.414965 0.903605 -0.106314
vn -0.579961 0.810056 -0.086343
vn -0.020790 0.961113 -0.275373
vn -0.558606 0.819869 -0.125595
vn 0.508281 0.611149 0.606752
vn 0.169242 0.909925 0.378675
vn 0.064031 0.754997 0.652594
vn 0.018160 -0.999760 0.012255
vn 0.034979 -0.996534 -0.075477
vn -0.026289 -0.998714 -0.043344
vn 0.018160 -0.999760 0.012255
vn -0.026289 -0.998714 -0.043344
vn -0.018870 -0.999342 0.030966
vn 0.508281 0.611149 0.606752
vn 0.612395 0.397433 0.683388
vn 0.964402 -0.224673 -0.139467
vn 0.141896 -0.912390 -0.383940
vn 0.000023 -1.000000 0.000000
vn -0.126897 -0.991902 -0.005242
vn 0.018160 -0.999760 0.012255
vn 0.018324 -0.999759 -0.012130
vn 0.034979 -0.996534 -0.075477
vn 0.025265 0.452631 -0.891340
vn 0.023821 0.993830 -0.108324
vn -0.134055 0.635088 -0.760718
vn 0.270910 0.133447 0.953310
vn -0.156234 -0.074977 0.984870
vn 0.145528 0.890266 0.431564
vn -0.965725 0.253279 0.056784
vn -0.845838 0.514044 0.142534
vn -0.414965 0.903605 -0.106314
vn 0.086728 0.981594 -0.170154
vn 0.101722 0.970717 0.217627
vn 0.070512 0.996993 -0.032157
vn -0.068983 -0.749679 0.658196
vn -0.128920 0.525319 0.841082
vn -0.182477 -0.573439 0.798667
vn -0.000103 -1.000000 -0.000101
vn -0.018934 -0.999806 -0.005372
vn -0.003373 -0.999976 -0.006024
vn 0.062161 0.995418 -0.072652
vn -0.212216 0.845097 0.490689
vn -0.233545 0.795117 0.559683
vn 0.011764 -0.956736 -0.290721
vn -0.399355 -0.914520 0.064571
vn -0.036676 -0.942901 -0.331049
vn -0.010165 -0.994994 -0.099416
vn 0.022136 -0.998700 -0.045925
vn -0.003373 -0.999976 -0.006024
vn 0.000002 -1.000000 -0.000017
vn -0.003737 -0.999987 0.003401
vn -0.049501 -0.998686 0.013295
vn -0.468031 0.540480 0.699163
vn 0.094333 0.860966 -0.499838
vn -0.128920 0.525319 0.841082
vn -0.527819 0.614427 0.586418
vn -0.416768 0.262627 0.870248
vn -0.408572 0.730642 0.547020
vn -0.166190 -0.977335 -0.131141
vn -0.567499 -0.781162 -0.260252
vn -0.848796 -0.505512 -0.154928
vn -0.104474 0.994265 -0.022840
vn 0.039039 0.996241 0.077333
vn 0.336845 0.697745 -0.632208
vn -0.007556 -0.172190 -0.985035
vn 0.242902 0.789272 -0.563958
vn -0.019820 0.998728 0.046356
vn 0.004154 -0.999977 0.005457
vn -0.057547 -0.991709 0.114895
vn -0.003737 -0.999987 0.003401
vn -0.310618 0.196335 0.930037
vn -0.145253 -0.948528 0.281419
vn -0.036478 -0.979939 0.195933
vn -0.162352 0.668992 0.725321
vn -0.145253 -0.948528 0.281419
vn -0.310618 0.196335 0.930037
vn -0.312926 -0.949318 -0.029545
vn -0.030937 -0.968178 -0.248342
vn -0.207868 -0.963499 0.168704
vn -0.394039 -0.918925 -0.017629
vn -0.614272 -0.410874 -0.673686
vn -0.309741 -0.945242 0.102853
vn -0.015170 -0.865925 -0.499944
vn -0.124738 -0.895910 -0.426364
vn 0.105399 -0.816306 -0.567922
vn 0.103174 0.866497 0.488404
vn 0.139502 0.795409 0.589800
vn -0.244530 0.962251 0.119489
vn 0.195486 0.977974 0.073161
vn -0.109718 0.954798 0.276267
vn 0.087087 0.971087 0.222276
vn -0.212216 0.845097 0.490689
vn -0.113855 0.987766 -0.106563
vn -0.159087 0.751473 0.640297
vn 0.028218 0.992155 0.121791
vn 0.137856 0.980868 0.137451
vn 0.234129 0.395607 0.888076
vn -0.206401 0.011913 0.978395
vn -0.048927 -0.933103 0.356264
vn -0.280451 -0.330909 0.901025
vn 0.142689 0.969579 -0.198890
vn 0.189859 0.880753 -0.433852
vn 0.127254 0.917182 -0.377603
vn -0.018886 0.989773 -0.141397
vn 0.189859 0.880753 -0.433852
vn 0.105276 0.898235 -0.426720
vn -0.154480 -0.895634 0.417103
vn -0.182477 -0.573439 0.798667
vn -0.280451 -0.330909 0.901025
vn -0.068983 -0.749679 0.658196
vn 0.073606 -0.942165 0.326967
vn -0.156953 -0.502996 0.849918
vn -0.857353 0.514020 -0.026995
vn -0.840933 0.519907 -0.150096
vn -0.845838 0.514044 0.142534
vn 0.421108 0.906918 0.012940
vn 0.101722 0.970717 0.217627
vn 0.287821 0.956286 -0.051733
vn 0.764969 0.643540 0.026034
vn 0.055913 0.985195 0.162062
vn 0.145423 0.828645 0.540556
vn 0.379503 -0.076281 -0.922040
vn 0.222979 -0.763263 -0.606390
vn 0.560951 0.191352 -0.805430
vn 0.224757 0.931419 0.286256
vn 0.134543 0.951650 0.276153
vn 0.000286 0.925438 0.378898
vn 0.087739 0.943845 0.318524
vn 0.068397 0.947648 0.311906
vn 0.178140 0.969675 0.167319
vn -0.320320 0.926327 0.198277
vn 0.000286 0.925438 0.378898
vn -0.223899 0.908238 0.353515
vn -0.009639 0.997176 -0.074475
vn -0.142680 0.989545 0.021036
vn -0.506397 0.853802 0.120765
vn 0.224757 0.931419 0.286256
vn 0.068397 0.947648 0.311906
vn 0.134543 0.951650 0.276153
vn 0.257170 0.965953 -0.028262
vn -0.142680 0.989545 0.021036
vn 0.390721 0.920388 -0.014923
vn -0.006398 0.668645 -0.743554
vn -0.134055 0.635088 -0.760718
vn 0.322366 0.919676 0.224225
vn 0.612395 0.397433 0.683388
vn 0.371855 0.609209 -0.700421
vn 0.812979 0.346535 -0.467952
vn 0.530532 0.847434 0.019772
vn 0.353626 0.909234 0.219640
vn 0.568028 0.806687 -0.163096
vn -0.550624 0.255726 -0.794618
vn -0.135846 0.168427 -0.976308
vn -0.006398 0.668645 -0.743554
vn 0.665237 0.712776 -0.222283
vn 0.518151 0.770194 -0.371916
vn 0.568028 0.806687 -0.163096
vn -0.492603 0.525475 -0.693699
vn -0.550624 0.255726 -0.794618
vn -0.006398 0.668645 -0.743554
vn -0.492603 0.525475 -0.693699
vn 0.179754 0.755862 -0.629573
vn -0.463787 0.732066 -0.498980
vn 0.206740 0.973980 -0.092852
vn 0.175513 0.984441 -0.008483
vn 0.390721 0.920388 -0.014923
vn -0.006398 0.668645 -0.743554
vn 0.530532 0.847434 0.019772
vn 0.518151 0.770194 -0.371916
vn -0.682590 0.708134 -0.180602
vn -0.691473 0.593722 -0.411533
vn -0.018188 0.988245 -0.151793
vn -0.006398 0.668645 -0.743554
vn 0.518151 0.770194 -0.371916
vn -0.492603 0.525475 -0.693699
vn -0.135846 0.168427 -0.976308
vn -0.214174 0.189825 -0.958173
vn -0.006398 0.668645 -0.743554
vn 0.665237 0.712776 -0.222283
vn 0.348561 0.817522 -0.458436
vn 0.179754 0.755862 -0.629573
vn 0.348561 0.817522 -0.458436
vn -0.463787 0.732066 -0.498980
vn 0.179754 0.755862 -0.629573
vn -0.214174 0.189825 -0.958173
vn 0.240787 0.584098 -0.775146
vn 0.441238 0.803286 -0.400051
vn 0.612395 0.397433 0.683388
vn 0.050456 0.556159 0.829543
vn 0.023821 0.993830 -0.108324
vn 0.068397 0.947648 0.311906
vn 0.112556 0.932395 0.343469
vn 0.035772 0.962905 0.267459
vn 0.048348 0.962586 0.266628
vn 0.112556 0.932395 0.343469
vn 0.087739 0.943845 0.318524
vn 0.087739 0.943845 0.318524
vn 0.178140 0.969675 0.167319
vn 0.041157 0.996076 0.078354
vn 0.175513 0.984441 -0.008483
vn 0.041157 0.996076 0.078354
vn 0.178140 0.969675 0.167319
vn -0.393850 -0.856149 0.334500
vn -0.701682 -0.298328 0.647026
vn -0.657136 -0.724304 0.208699
vn -0.605983 0.273533 0.746970
vn -0.470838 0.677994 0.564479
vn -0.612963 -0.368376 0.698981
vn -0.654524 0.755872 0.016009
vn -0.739910 0.665384 0.098986
vn -0.227172 0.860578 0.455849
vn -0.921811 -0.243466 -0.301645
vn -0.429279 -0.889047 -0.159104
vn -0.928392 0.304258 0.213342
vn 0.532870 -0.837342 -0.122102
vn 0.020340 -0.948538 -0.316008
vn -0.499377 -0.825435 -0.263210
vn 0.700872 -0.306554 0.644052
vn 0.856932 0.381025 0.347113
vn 0.989091 -0.138845 0.049207
vn 0.484140 -0.330120 -0.810327
vn -0.746626 -0.636514 0.193391
vn -0.106170 -0.900213 0.422308
vn 0.714195 -0.626507 -0.312111
vn 0.970915 -0.228177 -0.072526
vn 0.532870 -0.837342 -0.122102
vn 0.642861 0.049541 -0.764379
vn -0.121253 0.992139 0.030958
vn 0.028243 0.996683 0.076321
vn 0.701017 0.635682 -0.323241
vn 0.714195 -0.626507 -0.312111
vn 0.484140 -0.330120 -0.810327
vn 0.368213 -0.305536 -0.878104
vn 0.125206 0.990426 0.058131
vn -0.180146 0.983472 -0.018193
vn 0.264713 -0.958461 -0.106204
vn -0.123444 0.866282 -0.484063
vn 0.663225 -0.408274 -0.627252
vn 0.107495 0.933075 -0.343242
vn 0.328846 0.879791 -0.343262
vn 0.081653 0.981296 -0.174332
vn -0.490739 -0.664989 0.562997
vn -0.605096 0.382855 0.698055
vn -0.605983 0.273533 0.746970
vn 0.868450 0.319267 0.379293
vn 0.840110 0.277394 0.466120
vn 0.987701 0.096482 0.123033
vn 0.806487 0.254979 0.533445
vn 0.632264 -0.637362 0.440467
vn 0.856932 0.381025 0.347113
vn 0.881989 -0.139706 0.450086
vn 0.851501 -0.246774 0.462654
vn 0.402164 -0.898983 0.173476
vn -0.802425 0.261365 -0.536473
vn -0.640118 -0.642696 -0.420939
vn -0.788224 -0.448199 -0.421687
vn 0.885209 -0.030961 0.464162
vn 0.582826 -0.181656 0.792032
vn 0.770776 -0.376636 0.513857
vn 0.290401 -0.770308 0.567708
vn -0.277794 -0.076714 -0.957573
vn -0.198305 -0.218582 -0.955456
vn -0.549894 0.453253 -0.701554
vn -0.706890 0.471901 -0.526894
vn -0.487071 0.210291 -0.847667
vn -0.760790 0.591544 -0.266971
vn -0.710837 -0.589369 -0.383868
vn -0.921811 -0.243466 -0.301645
vn -0.677089 0.654192 -0.337021
vn -0.573552 0.757772 -0.311158
vn -0.684656 -0.498688 -0.531560
vn -0.272194 0.941102 -0.200591
vn -0.677089 0.654192 -0.337021
vn -0.526264 0.769251 -0.362351
vn -0.476154 0.460594 -0.749086
vn -0.671706 0.548207 -0.498276
vn -0.544986 0.638252 -0.543714
vn 0.103174 0.866497 0.488404
vn -0.361748 0.818129 -0.446993
vn -0.242949 0.944728 -0.220147
vn 0.132482 -0.898530 -0.418441
vn 0.020634 -0.783444 -0.621119
vn 0.010368 -0.978437 -0.206284
vn 0.132482 -0.898530 -0.418441
vn 0.032621 -0.997967 -0.054744
vn 0.022136 -0.998700 -0.045925
vn 0.022136 -0.998700 -0.045925
vn -0.000039 -1.000000 -0.000235
vn -0.003373 -0.999976 -0.006024
vn -0.125219 0.937059 -0.325946
vn -0.007556 -0.172190 -0.985035
vn -0.019820 0.998728 0.046356
vn -0.026289 -0.998714 -0.043344
vn 0.010368 -0.978437 -0.206284
vn -0.090925 -0.991420 -0.093914
vn 0.132482 -0.898530 -0.418441
vn 0.010368 -0.978437 -0.206284
vn 0.034979 -0.996534 -0.075477
vn 0.071804 -0.993888 0.083852
vn 0.077778 -0.995978 0.044485
vn 0.018160 -0.999760 0.012255
vn 0.018160 -0.999760 0.012255
vn 0.077778 -0.995978 0.044485
vn 0.018324 -0.999759 -0.012130
vn 0.073606 -0.942165 0.326967
vn 0.077778 -0.995978 0.044485
vn 0.071804 -0.993888 0.083852
vn 0.018324 -0.999759 -0.012130
vn 0.077778 -0.995978 0.044485
vn 0.008071 -0.999837 0.016126
vn 0.008071 -0.999837 0.016126
vn -0.000046 -1.000000 -0.000022
vn 0.018324 -0.999759 -0.012130
vn -0.000046 -1.000000 -0.000022
vn -0.000039 -1.000000 -0.000235
vn 0.018324 -0.999759 -0.012130
vn -0.068983 -0.749679 0.658196
vn 0.011873 -0.994282 0.106127
vn 0.039847 -0.989326 0.140165
vn -0.000046 -1.000000 -0.000022
vn -0.000532 -1.000000 -0.000077
vn -0.000039 -1.000000 -0.000235
vn -0.182477 -0.573439 0.798667
vn -0.028915 0.926446 0.375314
vn -0.280451 -0.330909 0.901025
vn -0.280451 -0.330909 0.901025
vn -0.018886 0.989773 -0.141397
vn -0.206401 0.011913 0.978395
vn -0.189674 0.443138 0.876158
vn 0.094191 0.925264 0.367444
vn -0.156234 -0.074977 0.984870
vn -0.280451 -0.330909 0.901025
vn -0.048927 -0.933103 0.356264
vn -0.154480 -0.895634 0.417103
vn -0.348157 0.069296 0.934871
vn -0.299535 -0.158423 0.940841
vn -0.439172 -0.603407 0.665603
vn -0.189674 0.443138 0.876158
vn -0.348157 0.069296 0.934871
vn -0.509118 0.320351 0.798858
vn -0.527819 0.614427 0.586418
vn -0.412739 0.840996 0.349818
vn -0.302588 0.906487 0.294485
vn -0.416768 0.262627 0.870248
vn -0.544134 -0.015247 0.838860
vn -0.299535 -0.158423 0.940841
vn 0.095759 0.984854 0.144545
vn -0.071757 0.366930 -0.927477
vn 0.232992 0.670797 -0.704093
vn -0.176344 0.976239 -0.125940
vn 0.187266 0.956918 -0.221899
vn 0.508506 0.598993 -0.618570
vn 0.242902 0.789272 -0.563958
vn 0.007238 -0.887047 -0.461622
vn 0.033224 0.997966 0.054400
vn 0.265504 -0.725588 -0.634846
vn -0.071757 0.366930 -0.927477
vn -0.012302 0.987112 0.159560
vn -0.377379 -0.259612 0.888924
vn -0.331703 0.160404 0.929647
vn -0.189674 0.443138 0.876158
vn 0.094191 0.925264 0.367444
vn -0.162352 0.668992 0.725321
vn -0.310618 0.196335 0.930037
vn -0.297419 -0.935210 0.192157
vn -0.216117 -0.795615 0.565942
vn -0.240981 -0.949517 0.200860
vn -0.278858 -0.956541 0.085246
vn -0.265662 -0.865496 -0.424665
vn -0.583444 -0.804683 0.109903
vn 0.131910 -0.901106 0.413046
vn 0.113845 -0.992403 -0.046638
vn -0.011138 -0.962171 0.272217
vn 0.252511 -0.930441 0.265551
vn 0.068995 -0.997548 0.011701
vn 0.174788 -0.979527 0.099876
vn -0.015818 -0.902643 -0.430100
vn -0.172192 -0.936927 -0.304169
vn -0.278472 -0.678167 0.680105
vn -0.205643 -0.809226 0.550331
vn -0.296813 -0.657143 0.692867
vn 0.081476 -0.919287 -0.385063
vn 0.199589 0.977183 -0.072642
vn 0.684220 0.501709 -0.529274
vn 0.315283 0.927552 -0.200608
vn 0.177145 0.616595 0.767092
vn -0.242949 0.944728 -0.220147
vn -0.033324 0.706473 -0.706955
vn -0.106262 0.944799 0.309940
vn -0.050311 0.963558 0.262727
vn 0.087590 0.982626 0.163626
vn -0.079431 0.957763 0.276370
vn -0.109718 0.954798 0.276267
vn -0.176125 0.851318 0.494204
vn 0.399587 0.915491 -0.046969
vn 0.162041 0.952418 0.258152
vn 0.354125 0.935000 0.019245
vn -0.574045 0.818366 -0.027361
vn -0.682590 0.708134 -0.180602
vn -0.247037 0.898347 0.363244
vn 0.109025 0.961165 -0.253525
vn 0.137856 0.980868 0.137451
vn 0.028218 0.992155 0.121791
vn 0.189859 0.880753 -0.433852
vn 0.109025 0.961165 -0.253525
vn 0.105276 0.898235 -0.426720
vn -0.095340 0.955491 -0.279189
vn 0.028218 0.992155 0.121791
vn 0.145528 0.890266 0.431564
vn -0.187129 0.977201 0.100307
vn -0.448683 0.657903 0.604852
vn -0.107152 -0.448853 0.887158
vn 0.094333 0.860966 -0.499838
vn -0.468031 0.540480 0.699163
vn 0.025830 0.902389 -0.430147
vn -0.068983 -0.749679 0.658196
vn -0.468031 0.540480 0.699163
vn -0.128920 0.525319 0.841082
vn -0.857353 0.514020 -0.026995
vn -0.965725 0.253279 0.056784
vn -0.693831 0.695822 -0.185552
vn -0.574045 0.818366 -0.027361
vn -0.443210 0.895521 -0.040083
vn -0.840933 0.519907 -0.150096
vn 0.668001 0.679463 -0.303488
vn 0.964402 -0.224673 -0.139467
vn 0.812979 0.346535 -0.467952
vn -0.134055 0.635088 -0.760718
vn -0.006398 0.668645 -0.743554
vn -0.214174 0.189825 -0.958173
vn 0.607676 0.440543 0.660796
vn 0.363188 0.175569 0.915025
vn 0.493425 0.845652 0.203483
vn 0.055913 0.985195 0.162062
vn -0.506397 0.853802 0.120765
vn -0.320320 0.926327 0.198277
vn -0.320320 0.926327 0.198277
vn 0.224757 0.931419 0.286256
vn 0.000286 0.925438 0.378898
vn 0.287369 0.949139 0.128664
vn 0.224757 0.931419 0.286256
vn 0.257170 0.965953 -0.028262
vn 0.145423 0.828645 0.540556
vn -0.320320 0.926327 0.198277
vn -0.223899 0.908238 0.353515
vn -0.506397 0.853802 0.120765
vn 0.055913 0.985195 0.162062
vn 0.146157 0.985135 -0.090266
vn 0.508281 0.611149 0.606752
vn 0.064031 0.754997 0.652594
vn 0.032456 0.569038 0.821671
vn 0.050456 0.556159 0.829543
vn 0.032456 0.569038 0.821671
vn 0.064031 0.754997 0.652594
vn 0.530532 0.847434 0.019772
vn 0.248788 0.811977 0.528014
vn 0.353626 0.909234 0.219640
vn 0.158112 0.669919 0.725403
vn 0.248788 0.811977 0.528014
vn 0.382262 0.879138 0.284592
vn 0.158112 0.669919 0.725403
vn 0.322366 0.919676 0.224225
vn 0.050456 0.556159 0.829543
vn -0.006398 0.668645 -0.743554
vn 0.322366 0.919676 0.224225
vn 0.382262 0.879138 0.284592
vn 0.696617 0.629702 0.343803
vn 0.878105 0.473863 0.066217
vn 0.835905 0.422141 0.350798
vn 0.371855 0.609209 -0.700421
vn 0.025265 0.452631 -0.891340
vn 0.891478 0.446863 0.074708
vn 0.322366 0.919676 0.224225
vn 0.023821 0.993830 -0.108324
vn 0.050456 0.556159 0.829543
vn -0.214174 0.189825 -0.958173
vn 0.025265 0.452631 -0.891340
vn -0.134055 0.635088 -0.760718
vn -0.693831 0.695822 -0.185552
vn 0.482292 0.794797 -0.368364
vn -0.857353 0.514020 -0.026995
vn 0.612395 0.397433 0.683388
vn 0.023821 0.993830 -0.108324
vn 0.371855 0.609209 -0.700421
vn -0.024054 0.997210 0.070673
vn 0.370701 0.896159 -0.243883
vn -0.066109 0.982217 0.175725
vn -0.470838 0.677994 0.564479
vn -0.024054 0.997210 0.070673
vn -0.772916 0.248018 0.584028
vn -0.871760 0.225981 0.434704
vn -0.066109 0.982217 0.175725
vn -0.928392 0.304258 0.213342
vn -0.166190 -0.977335 -0.131141
vn -0.871760 0.225981 0.434704
vn -0.429279 -0.889047 -0.159104
vn -0.928392 0.304258 0.213342
vn -0.227172 0.860578 0.455849
vn -0.739910 0.665384 0.098986
vn -0.871760 0.225981 0.434704
vn -0.928392 0.304258 0.213342
vn -0.429279 -0.889047 -0.159104
vn -0.760790 0.591544 -0.266971
vn -0.654524 0.755872 0.016009
vn -0.623822 0.721786 -0.299784
vn -0.150077 -0.963563 -0.221413
vn -0.051327 -0.985667 -0.160706
vn -0.567499 -0.781162 -0.260252
vn -0.812538 -0.560791 0.159045
vn -0.957151 0.164154 -0.238569
vn 0.020340 -0.948538 -0.316008
vn 0.837846 -0.408538 0.362091
vn -0.423966 -0.901296 0.088983
vn 0.755159 -0.583845 0.298094
vn 0.970915 -0.228177 -0.072526
vn 0.714195 -0.626507 -0.312111
vn 0.760990 0.643648 -0.081311
vn 0.003886 -0.969373 0.245563
vn 0.532870 -0.837342 -0.122102
vn 0.875653 -0.482271 0.025434
vn 0.837846 -0.408538 0.362091
vn 0.402164 -0.898983 0.173476
vn -0.372038 -0.927824 0.027033
vn 0.465667 -0.834068 -0.295779
vn 0.402164 -0.898983 0.173476
vn 0.509813 -0.797261 0.323212
vn 0.755159 -0.583845 0.298094
vn -0.423966 -0.901296 0.088983
vn 0.003886 -0.969373 0.245563
vn -0.423966 -0.901296 0.088983
vn -0.372038 -0.927824 0.027033
vn -0.459345 -0.886253 -0.059646
vn 0.484140 -0.330120 -0.810327
vn -0.499377 -0.825435 -0.263210
vn -0.746626 -0.636514 0.193391
vn 0.532870 -0.837342 -0.122102
vn -0.499377 -0.825435 -0.263210
vn 0.714195 -0.626507 -0.312111
vn 0.554037 -0.585064 -0.592236
vn 0.484140 -0.330120 -0.810327
vn -0.106170 -0.900213 0.422308
vn 0.714195 -0.626507 -0.312111
vn 0.701017 0.635682 -0.323241
vn 0.760990 0.643648 -0.081311
vn 0.286804 -0.772100 -0.567103
vn 0.066263 -0.986542 0.149480
vn 0.084590 -0.964398 -0.250560
vn 0.484140 -0.330120 -0.810327
vn 0.554037 -0.585064 -0.592236
vn 0.277726 0.884686 -0.374432
vn 0.277726 0.884686 -0.374432
vn 0.554037 -0.585064 -0.592236
vn 0.336845 0.697745 -0.632208
vn 0.554037 -0.585064 -0.592236
vn 0.066263 -0.986542 0.149480
vn 0.286804 -0.772100 -0.567103
vn 0.304785 -0.801598 -0.514341
vn 0.353354 -0.501389 -0.789779
vn 0.368213 -0.305536 -0.878104
vn 0.336845 0.697745 -0.632208
vn 0.360323 -0.149044 -0.920844
vn -0.261130 0.953626 -0.149696
vn 0.187266 0.956918 -0.221899
vn 0.125206 0.990426 0.058131
vn 0.218526 0.844337 -0.489226
vn -0.261130 0.953626 -0.149696
vn 0.360323 -0.149044 -0.920844
vn -0.180146 0.983472 -0.018193
vn -0.280805 0.928872 0.241546
vn 0.107495 0.933075 -0.343242
vn 0.081653 0.981296 -0.174332
vn -0.605096 0.382855 0.698055
vn -0.280805 0.928872 0.241546
vn -0.605983 0.273533 0.746970
vn -0.470838 0.677994 0.564479
vn 0.081653 0.981296 -0.174332
vn -0.024054 0.997210 0.070673
vn -0.470838 0.677994 0.564479
vn -0.772916 0.248018 0.584028
vn -0.701682 -0.298328 0.647026
vn -0.490739 -0.664989 0.562997
vn -0.605983 0.273533 0.746970
vn -0.604830 -0.526775 0.597235
vn -0.544134 -0.015247 0.838860
vn -0.416768 0.262627 0.870248
vn -0.527819 0.614427 0.586418
vn 0.937056 -0.015621 0.348831
vn 0.840110 0.277394 0.466120
vn 0.868450 0.319267 0.379293
vn 0.632264 -0.637362 0.440467
vn 0.937056 -0.015621 0.348831
vn 0.856932 0.381025 0.347113
vn 0.465667 -0.834068 -0.295779
vn 0.987701 0.096482 0.123033
vn -0.153529 -0.972114 -0.177265
vn 0.856932 0.381025 0.347113
vn 0.700872 -0.306554 0.644052
vn 0.894661 -0.009762 0.446638
vn 0.806487 0.254979 0.533445
vn 0.856932 0.381025 0.347113
vn 0.894661 -0.009762 0.446638
vn 0.258818 -0.941487 0.215907
vn 0.770776 -0.376636 0.513857
vn 0.464206 -0.720970 0.514505
vn 0.464206 -0.720970 0.514505
vn 0.556234 -0.349247 0.754076
vn 0.358423 -0.822002 0.442545
vn -0.065696 -0.402101 0.913235
vn -0.011138 -0.962171 0.272217
vn -0.226604 -0.851899 0.472142
vn -0.526264 0.769251 -0.362351
vn -0.706890 0.471901 -0.526894
vn -0.549894 0.453253 -0.701554
vn -0.760790 0.591544 -0.266971
vn -0.526264 0.769251 -0.362351
vn -0.677089 0.654192 -0.337021
vn -0.272194 0.941102 -0.200591
vn -0.549894 0.453253 -0.701554
vn -0.396349 0.689306 -0.606436
vn -0.272194 0.941102 -0.200591
vn -0.198231 0.979939 0.020617
vn -0.267126 0.955593 -0.124439
vn -0.396349 0.689306 -0.606436
vn -0.425337 0.222532 -0.877250
vn -0.437064 0.609628 -0.661308
vn -0.272194 0.941102 -0.200591
vn -0.396349 0.689306 -0.606436
vn -0.198231 0.979939 0.020617
vn -0.171629 0.978274 -0.116290
vn -0.437064 0.609628 -0.661308
vn -0.361748 0.818129 -0.446993
vn 0.083030 0.945841 0.313833
vn -0.171629 0.978274 -0.116290
vn -0.077806 0.978096 0.193066
vn -0.361748 0.818129 -0.446993
vn -0.544986 0.638252 -0.543714
vn -0.671706 0.548207 -0.498276
vn -0.171629 0.978274 -0.116290
vn -0.361748 0.818129 -0.446993
vn -0.077806 0.978096 0.193066
vn -0.033324 0.706473 -0.706955
vn -0.476154 0.460594 -0.749086
vn 0.592120 0.145033 -0.792691
vn -0.275635 0.565239 -0.777516
vn -0.194560 0.691317 -0.695865
vn -0.229496 0.513370 -0.826912
vn 0.132482 -0.898530 -0.418441
vn 0.216903 0.061700 -0.974241
vn 0.106184 0.047782 -0.993198
vn -0.007556 -0.172190 -0.985035
vn 0.216903 0.061700 -0.974241
vn 0.075104 -0.935485 -0.345293
vn -0.003373 -0.999976 -0.006024
vn -0.000039 -1.000000 -0.000235
vn -0.000103 -1.000000 -0.000101
vn -0.010165 -0.994994 -0.099416
vn -0.003373 -0.999976 -0.006024
vn -0.018934 -0.999806 -0.005372
vn -0.010165 -0.994994 -0.099416
vn -0.007556 -0.172190 -0.985035
vn 0.075104 -0.935485 -0.345293
vn 0.098792 -0.958313 -0.268098
vn -0.071757 0.366930 -0.927477
vn 0.265504 -0.725588 -0.634846
vn -0.068983 -0.749679 0.658196
vn -0.156953 -0.502996 0.849918
vn -0.468031 0.540480 0.699163
vn -0.068983 -0.749679 0.658196
vn -0.182477 -0.573439 0.798667
vn 0.011873 -0.994282 0.106127
vn -0.018886 0.989773 -0.141397
vn -0.280451 -0.330909 0.901025
vn -0.028915 0.926446 0.375314
vn -0.448683 0.657903 0.604852
vn -0.187129 0.977201 0.100307
vn -0.095340 0.955491 -0.279189
vn 0.270910 0.133447 0.953310
vn -0.324245 -0.279225 0.903825
vn -0.156234 -0.074977 0.984870
vn -0.095340 0.955491 -0.279189
vn 0.145528 0.890266 0.431564
vn -0.060451 0.997337 -0.040805
vn -0.162352 0.668992 0.725321
vn -0.189674 0.443138 0.876158
vn -0.509118 0.320351 0.798858
vn -0.060451 0.997337 -0.040805
vn 0.145528 0.890266 0.431564
vn 0.094191 0.925264 0.367444
vn -0.331703 0.160404 0.929647
vn -0.470164 0.619577 0.628546
vn -0.408572 0.730642 0.547020
vn -0.189674 0.443138 0.876158
vn -0.331703 0.160404 0.929647
vn -0.348157 0.069296 0.934871
vn -0.527819 0.614427 0.586418
vn -0.408572 0.730642 0.547020
vn -0.412739 0.840996 0.349818
vn -0.331703 0.160404 0.929647
vn -0.408572 0.730642 0.547020
vn -0.416768 0.262627 0.870248
vn -0.267640 0.908133 0.321969
vn -0.527819 0.614427 0.586418
vn -0.302588 0.906487 0.294485
vn -0.605096 0.382855 0.698055
vn -0.490739 -0.664989 0.562997
vn -0.665970 -0.215630 0.714134
vn -0.288676 -0.667879 0.686006
vn -0.198400 -0.943360 0.265911
vn -0.299535 -0.158423 0.940841
vn -0.348157 0.069296 0.934871
vn -0.416768 0.262627 0.870248
vn -0.299535 -0.158423 0.940841
vn -0.049501 -0.998686 0.013295
vn -0.198400 -0.943360 0.265911
vn -0.237247 -0.968287 -0.078318
vn -0.049501 -0.998686 0.013295
vn -0.003737 -0.999987 0.003401
vn -0.250166 -0.925858 0.283202
vn 0.190913 0.978460 -0.078537
vn 0.307349 0.772024 -0.556342
vn 0.264843 0.681611 -0.682103
vn 0.368213 -0.305536 -0.878104
vn 0.307349 0.772024 -0.556342
vn 0.125206 0.990426 0.058131
vn 0.187266 0.956918 -0.221899
vn 0.218526 0.844337 -0.489226
vn 0.384983 0.628234 -0.676099
vn 0.125206 0.990426 0.058131
vn 0.307349 0.772024 -0.556342
vn 0.190913 0.978460 -0.078537
vn 0.033224 0.997966 0.054400
vn 0.022304 0.993277 0.113595
vn 0.006397 0.979956 0.199113
vn 0.095759 0.984854 0.144545
vn 0.022304 0.993277 0.113595
vn -0.012302 0.987112 0.159560
vn -0.331703 0.160404 0.929647
vn -0.377379 -0.259612 0.888924
vn -0.456916 -0.060022 0.887482
vn -0.156234 -0.074977 0.984870
vn -0.377379 -0.259612 0.888924
vn -0.189674 0.443138 0.876158
vn -0.439172 -0.603407 0.665603
vn -0.509118 0.320351 0.798858
vn -0.348157 0.069296 0.934871
vn -0.162352 0.668992 0.725321
vn -0.509118 0.320351 0.798858
vn -0.405776 -0.471424 0.783010
vn -0.207868 -0.963499 0.168704
vn -0.216117 -0.795615 0.565942
vn -0.297419 -0.935210 0.192157
vn 0.115203 -0.966496 -0.229377
vn -0.207868 -0.963499 0.168704
vn -0.030937 -0.968178 -0.248342
vn -0.011138 -0.962171 0.272217
vn -0.252862 -0.967163 -0.025619
vn -0.249869 -0.968089 0.019200
vn -0.312926 -0.949318 -0.029545
vn -0.293498 -0.924239 -0.244215
vn -0.124738 -0.895910 -0.426364
vn -0.265662 -0.865496 -0.424665
vn 0.079449 -0.957699 -0.276586
vn -0.015170 -0.865925 -0.499944
vn -0.394039 -0.918925 -0.017629
vn -0.583444 -0.804683 0.109903
vn 0.269683 -0.623604 -0.733750
vn 0.129906 -0.649223 -0.749423
vn 0.269683 -0.623604 -0.733750
vn -0.583444 -0.804683 0.109903
vn -0.534353 -0.805310 0.256793
vn -0.273784 -0.961259 -0.032000
vn -0.399355 -0.914520 0.064571
vn -0.397787 -0.772791 0.494530
vn -0.309741 -0.945242 0.102853
vn -0.534353 -0.805310 0.256793
vn 0.146157 0.985135 -0.090266
vn 0.674035 0.586794 -0.448721
vn 0.463668 0.547346 -0.696724
vn 0.199589 0.977183 -0.072642
vn -0.079431 0.957763 0.276370
vn -0.080469 0.895864 0.436981
vn -0.242949 0.944728 -0.220147
vn -0.671706 0.548207 -0.498276
vn -0.033324 0.706473 -0.706955
vn -0.109718 0.954798 0.276267
vn -0.050311 0.963558 0.262727
vn -0.106262 0.944799 0.309940
vn -0.109718 0.954798 0.276267
vn -0.119059 0.938071 0.325343
vn -0.176125 0.851318 0.494204
vn 0.310237 0.950622 -0.008365
vn 0.087590 0.982626 0.163626
vn 0.162041 0.952418 0.258152
vn 0.524509 0.835284 -0.164899
vn 0.355810 0.930606 0.085862
vn 0.349076 0.936499 0.033409
vn 0.349076 0.936499 0.033409
vn 0.152293 0.960643 0.232318
vn -0.176125 0.851318 0.494204
vn -0.189315 0.949329 0.250866
vn -0.159087 0.751473 0.640297
vn -0.105814 0.878525 0.465829
vn -0.191087 0.968681 0.158566
vn -0.006404 0.971828 0.235606
vn 0.145548 0.986493 -0.075151
vn 0.074835 0.984910 -0.156052
vn -0.414965 0.903605 -0.106314
vn -0.443210 0.895521 -0.040083
vn 0.145528 0.890266 0.431564
vn 0.028218 0.992155 0.121791
vn 0.234129 0.395607 0.888076
vn 0.109025 0.961165 -0.253525
vn 0.028218 0.992155 0.121791
vn -0.095340 0.955491 -0.279189
vn -0.857353 0.514020 -0.026995
vn -0.845838 0.514044 0.142534
vn -0.965725 0.253279 0.056784
vn -0.443210 0.895521 -0.040083
vn -0.845838 0.514044 0.142534
vn -0.840933 0.519907 -0.150096
vn 0.482292 0.794797 -0.368364
vn -0.693831 0.695822 -0.185552
vn 0.668001 0.679463 -0.303488
vn -0.840933 0.519907 -0.150096
vn -0.691473 0.593722 -0.411533
vn -0.682590 0.708134 -0.180602
vn -0.574045 0.818366 -0.027361
vn -0.840933 0.519907 -0.150096
vn -0.682590 0.708134 -0.180602
vn -0.006404 0.971828 0.235606
vn 0.119230 0.972308 0.201001
vn 0.338104 0.937930 -0.077288
vn 0.145423 0.828645 0.540556
vn 0.363188 0.175569 0.915025
vn 0.607676 0.440543 0.660796
vn -0.320320 0.926327 0.198277
vn 0.145423 0.828645 0.540556
vn 0.055913 0.985195 0.162062
vn 0.764969 0.643540 0.026034
vn 0.837482 0.538366 -0.093728
vn 0.520141 0.011283 -0.854006
vn -0.172255 -0.281767 -0.943894
vn -0.082272 0.699739 -0.709645
vn 0.132767 -0.438005 -0.889115
vn -0.179419 0.836175 -0.518286
vn -0.009639 0.997176 -0.074475
vn -0.506397 0.853802 0.120765
vn 0.257170 0.965953 -0.028262
vn -0.320320 0.926327 0.198277
vn -0.142680 0.989545 0.021036
vn 0.240787 0.584098 -0.775146
vn -0.214174 0.189825 -0.958173
vn -0.135846 0.168427 -0.976308
vn 0.025265 0.452631 -0.891340
vn -0.214174 0.189825 -0.958173
vn 0.441238 0.803286 -0.400051
vn 0.612395 0.397433 0.683388
vn 0.812979 0.346535 -0.467952
vn 0.964402 -0.224673 -0.139467
vn 0.371855 0.609209 -0.700421
vn 0.891478 0.446863 0.074708
vn 0.976219 0.216601 0.008935
vn 0.976219 0.216601 0.008935
vn 0.812979 0.346535 -0.467952
vn 0.371855 0.609209 -0.700421
vn 0.482292 0.794797 -0.368364
vn 0.976219 0.216601 0.008935
vn 0.598719 0.799735 -0.044279
vn -0.928392 0.304258 0.213342
vn -0.066109 0.982217 0.175725
vn -0.641485 0.578223 0.504137
vn -0.024054 0.997210 0.070673
vn -0.066109 0.982217 0.175725
vn -0.871760 0.225981 0.434704
vn -0.150077 -0.963563 -0.221413
vn -0.921811 -0.243466 -0.301645
vn -0.710837 -0.589369 -0.383868
vn -0.704846 -0.707759 0.047634
vn -0.166190 -0.977335 -0.131141
vn -0.848796 -0.505512 -0.154928
vn -0.704846 -0.707759 0.047634
vn -0.848796 -0.505512 -0.154928
vn -0.657136 -0.724304 0.208699
vn -0.772916 0.248018 0.584028
vn -0.871760 0.225981 0.434704
vn -0.704846 -0.707759 0.047634
vn -0.760790 0.591544 -0.266971
vn -0.739910 0.665384 0.098986
vn -0.654524 0.755872 0.016009
vn -0.928392 0.304258 0.213342
vn -0.739910 0.665384 0.098986
vn -0.921811 -0.243466 -0.301645
vn -0.526264 0.769251 -0.362351
vn -0.760790 0.591544 -0.266971
vn -0.623822 0.721786 -0.299784
vn -0.654462 -0.616183 -0.438175
vn -0.161982 -0.947173 -0.276814
vn -0.710837 -0.589369 -0.383868
vn -0.808206 0.232651 -0.540997
vn -0.472289 -0.831419 -0.292720
vn -0.640118 -0.642696 -0.420939
vn 0.640262 0.732119 -0.232522
vn 0.407073 -0.681648 -0.607986
vn 0.967483 -0.252623 -0.012621
vn -0.429279 -0.889047 -0.159104
vn -0.567499 -0.781162 -0.260252
vn -0.166190 -0.977335 -0.131141
vn -0.888984 -0.457346 0.023293
vn 0.407073 -0.681648 -0.607986
vn 0.422404 0.531313 -0.734358
vn -0.499377 -0.825435 -0.263210
vn 0.020340 -0.948538 -0.316008
vn -0.957151 0.164154 -0.238569
vn 0.003886 -0.969373 0.245563
vn 0.020340 -0.948538 -0.316008
vn 0.532870 -0.837342 -0.122102
vn 0.967483 -0.252623 -0.012621
vn 0.970915 -0.228177 -0.072526
vn 0.760990 0.643648 -0.081311
vn 0.532870 -0.837342 -0.122102
vn 0.970915 -0.228177 -0.072526
vn 0.875653 -0.482271 0.025434
vn 0.422404 0.531313 -0.734358
vn 0.640262 0.732119 -0.232522
vn 0.074199 0.995968 0.050431
vn 0.967483 -0.252623 -0.012621
vn -0.210017 -0.974077 -0.084067
vn 0.882676 -0.327500 0.337087
vn 0.970915 -0.228177 -0.072526
vn 0.967483 -0.252623 -0.012621
vn 0.875653 -0.482271 0.025434
vn 0.882676 -0.327500 0.337087
vn 0.875653 -0.482271 0.025434
vn 0.967483 -0.252623 -0.012621
vn 0.465667 -0.834068 -0.295779
vn -0.459345 -0.886253 -0.059646
vn 0.402164 -0.898983 0.173476
vn 0.868450 0.319267 0.379293
vn 0.465667 -0.834068 -0.295779
vn 0.989091 -0.138845 0.049207
vn 0.277726 0.884686 -0.374432
vn 0.029970 0.998346 -0.049057
vn 0.484140 -0.330120 -0.810327
vn 0.074199 0.995968 0.050431
vn -0.121253 0.992139 0.030958
vn 0.422404 0.531313 -0.734358
vn -0.121253 0.992139 0.030958
vn 0.074199 0.995968 0.050431
vn 0.029970 0.998346 -0.049057
vn 0.029970 0.998346 -0.049057
vn 0.277726 0.884686 -0.374432
vn 0.028243 0.996683 0.076321
vn 0.029970 0.998346 -0.049057
vn 0.074199 0.995968 0.050431
vn 0.701017 0.635682 -0.323241
vn 0.422404 0.531313 -0.734358
vn -0.121253 0.992139 0.030958
vn 0.520418 -0.399548 -0.754670
vn 0.484140 -0.330120 -0.810327
vn 0.029970 0.998346 -0.049057
vn 0.701017 0.635682 -0.323241
vn 0.039039 0.996241 0.077333
vn 0.028243 0.996683 0.076321
vn 0.277726 0.884686 -0.374432
vn 0.112029 0.992653 -0.045705
vn -0.123444 0.866282 -0.484063
vn 0.225378 -0.928178 -0.296125
vn -0.121253 0.992139 0.030958
vn 0.029970 0.998346 -0.049057
vn 0.028243 0.996683 0.076321
vn -0.123444 0.866282 -0.484063
vn 0.264713 -0.958461 -0.106204
vn 0.225378 -0.928178 -0.296125
vn 0.039039 0.996241 0.077333
vn -0.104474 0.994265 -0.022840
vn 0.112029 0.992653 -0.045705
vn 0.028243 0.996683 0.076321
vn 0.039039 0.996241 0.077333
vn 0.112029 0.992653 -0.045705
vn 0.336845 0.697745 -0.632208
vn 0.039039 0.996241 0.077333
vn 0.277726 0.884686 -0.374432
vn 0.360323 -0.149044 -0.920844
vn 0.286804 -0.772100 -0.567103
vn 0.084590 -0.964398 -0.250560
vn 0.554037 -0.585064 -0.592236
vn 0.286804 -0.772100 -0.567103
vn 0.336845 0.697745 -0.632208
vn 0.368213 -0.305536 -0.878104
vn 0.353354 -0.501389 -0.789779
vn 0.307349 0.772024 -0.556342
vn 0.360323 -0.149044 -0.920844
vn 0.368213 -0.305536 -0.878104
vn -0.180146 0.983472 -0.018193
vn -0.123444 0.866282 -0.484063
vn -0.261130 0.953626 -0.149696
vn -0.176344 0.976239 -0.125940
vn -0.180146 0.983472 -0.018193
vn 0.125206 0.990426 0.058131
vn 0.187266 0.956918 -0.221899
vn -0.024054 0.997210 0.070673
vn 0.081653 0.981296 -0.174332
vn 0.328846 0.879791 -0.343262
vn -0.280805 0.928872 0.241546
vn 0.081653 0.981296 -0.174332
vn -0.470838 0.677994 0.564479
vn -0.772916 0.248018 0.584028
vn -0.704846 -0.707759 0.047634
vn -0.657136 -0.724304 0.208699
vn -0.393850 -0.856149 0.334500
vn -0.657136 -0.724304 0.208699
vn -0.147398 -0.986523 0.071041
vn -0.890316 -0.434777 0.135302
vn -0.657136 -0.724304 0.208699
vn -0.848796 -0.505512 -0.154928
vn -0.217300 -0.972874 0.079350
vn -0.657136 -0.724304 0.208699
vn -0.890316 -0.434777 0.135302
vn -0.280805 0.928872 0.241546
vn -0.267640 0.908133 0.321969
vn -0.032871 0.987785 -0.152314
vn -0.527819 0.614427 0.586418
vn -0.267640 0.908133 0.321969
vn -0.605096 0.382855 0.698055
vn 0.508506 0.598993 -0.618570
vn 0.175101 -0.605941 -0.776000
vn 0.151806 -0.987461 -0.043312
vn -0.288676 -0.667879 0.686006
vn -0.299535 -0.158423 0.940841
vn -0.544134 -0.015247 0.838860
vn 0.465667 -0.834068 -0.295779
vn 0.868450 0.319267 0.379293
vn 0.987701 0.096482 0.123033
vn 0.937056 -0.015621 0.348831
vn 0.868450 0.319267 0.379293
vn 0.989091 -0.138845 0.049207
vn 0.989091 -0.138845 0.049207
vn 0.509813 -0.797261 0.323212
vn 0.700872 -0.306554 0.644052
vn 0.651160 -0.174392 0.738632
vn 0.557230 -0.421224 0.715587
vn 0.509813 -0.797261 0.323212
vn 0.465667 -0.834068 -0.295779
vn 0.509813 -0.797261 0.323212
vn 0.989091 -0.138845 0.049207
vn 0.509813 -0.797261 0.323212
vn 0.851501 -0.246774 0.462654
vn 0.651160 -0.174392 0.738632
vn -0.547210 -0.745215 -0.381071
vn 0.020269 -0.999201 0.034453
vn -0.728869 0.202113 -0.654141
vn -0.748194 -0.037443 -0.662423
vn 0.234437 -0.950429 0.204265
vn -0.547210 -0.745215 -0.381071
vn 0.509813 -0.797261 0.323212
vn 0.557230 -0.421224 0.715587
vn 0.700872 -0.306554 0.644052
vn 0.607620 -0.753838 0.250050
vn 0.234437 -0.950429 0.204265
vn -0.445568 -0.624240 -0.641712
vn 0.651160 -0.174392 0.738632
vn 0.851501 -0.246774 0.462654
vn 0.020269 -0.999201 0.034453
vn 0.557230 -0.421224 0.715587
vn 0.651160 -0.174392 0.738632
vn 0.234437 -0.950429 0.204265
vn 0.937056 -0.015621 0.348831
vn 0.457736 -0.761369 0.459123
vn 0.663294 -0.638935 0.389620
vn 0.262632 -0.800896 0.538136
vn 0.457736 -0.761369 0.459123
vn 0.632264 -0.637362 0.440467
vn 0.948027 0.089738 0.305273
vn 0.806487 0.254979 0.533445
vn 0.894661 -0.009762 0.446638
vn 0.258818 -0.941487 0.215907
vn 0.464206 -0.720970 0.514505
vn 0.243594 -0.967750 0.064203
vn 0.885209 -0.030961 0.464162
vn 0.948027 0.089738 0.305273
vn 0.703341 -0.692787 -0.159244
vn -0.809182 -0.149443 -0.568235
vn -0.760536 -0.020578 -0.648969
vn -0.713562 0.184809 -0.675777
vn 0.632264 -0.637362 0.440467
vn 0.806487 0.254979 0.533445
vn 0.770776 -0.376636 0.513857
vn 0.770776 -0.376636 0.513857
vn 0.806487 0.254979 0.533445
vn 0.948027 0.089738 0.305273
vn 0.557230 -0.421224 0.715587
vn 0.607620 -0.753838 0.250050
vn 0.894661 -0.009762 0.446638
vn 0.770776 -0.376636 0.513857
vn 0.948027 0.089738 0.305273
vn 0.885209 -0.030961 0.464162
vn 0.131910 -0.901106 0.413046
vn 0.258818 -0.941487 0.215907
vn 0.243594 -0.967750 0.064203
vn 0.405055 -0.714922 0.569928
vn 0.262632 -0.800896 0.538136
vn 0.182225 -0.463787 0.867004
vn 0.131910 -0.901106 0.413046
vn 0.182225 -0.463787 0.867004
vn 0.262632 -0.800896 0.538136
vn 0.113845 -0.992403 -0.046638
vn 0.131910 -0.901106 0.413046
vn 0.243594 -0.967750 0.064203
vn 0.174788 -0.979527 0.099876
vn 0.113845 -0.992403 -0.046638
vn 0.243594 -0.967750 0.064203
vn 0.068995 -0.997548 0.011701
vn -0.293498 -0.924239 -0.244215
vn -0.252862 -0.967163 -0.025619
vn -0.396349 0.689306 -0.606436
vn -0.549894 0.453253 -0.701554
vn -0.487071 0.210291 -0.847667
vn -0.526264 0.769251 -0.362351
vn -0.549894 0.453253 -0.701554
vn -0.272194 0.941102 -0.200591
vn -0.675466 0.644081 -0.359034
vn -0.198231 0.979939 0.020617
vn -0.195333 0.961437 0.193608
vn -0.675466 0.644081 -0.359034
vn -0.786633 -0.019557 -0.617111
vn -0.267126 0.955593 -0.124439
vn -0.361748 0.818129 -0.446993
vn -0.437064 0.609628 -0.661308
vn -0.408799 0.540548 -0.735317
vn -0.396349 0.689306 -0.606436
vn -0.437064 0.609628 -0.661308
vn -0.171629 0.978274 -0.116290
vn -0.077806 0.978096 0.193066
vn 0.103174 0.866497 0.488404
vn -0.244530 0.962251 0.119489
vn -0.195333 0.961437 0.193608
vn 0.083030 0.945841 0.313833
vn -0.403823 0.872395 -0.275417
vn -0.195333 0.961437 0.193608
vn -0.403823 0.872395 -0.275417
vn -0.675466 0.644081 -0.359034
vn -0.171629 0.978274 -0.116290
vn -0.195333 0.961437 0.193608
vn -0.198231 0.979939 0.020617
vn -0.637031 0.161560 -0.753717
vn -0.675466 0.644081 -0.359034
vn -0.403823 0.872395 -0.275417
vn -0.772036 -0.284629 -0.568284
vn -0.675466 0.644081 -0.359034
vn -0.637031 0.161560 -0.753717
vn -0.033324 0.706473 -0.706955
vn -0.671706 0.548207 -0.498276
vn -0.476154 0.460594 -0.749086
vn -0.361748 0.818129 -0.446993
vn -0.671706 0.548207 -0.498276
vn -0.242949 0.944728 -0.220147
vn -0.189315 0.949329 0.250866
vn -0.105814 0.878525 0.465829
vn 0.463945 0.751650 -0.468804
vn -0.119133 0.850821 0.511773
vn 0.177145 0.616595 0.767092
vn -0.105814 0.878525 0.465829
vn -0.275635 0.565239 -0.777516
vn -0.336640 0.336239 -0.879555
vn -0.364520 0.531850 -0.764370
vn -0.887364 0.055430 -0.457725
vn -0.772036 -0.284629 -0.568284
vn -0.754399 -0.300447 -0.583621
vn 0.132482 -0.898530 -0.418441
vn 0.022136 -0.998700 -0.045925
vn 0.075104 -0.935485 -0.345293
vn -0.000039 -1.000000 -0.000235
vn 0.022136 -0.998700 -0.045925
vn 0.032621 -0.997967 -0.054744
vn -0.000039 -1.000000 -0.000235
vn 0.032621 -0.997967 -0.054744
vn 0.018324 -0.999759 -0.012130
vn -0.000103 -1.000000 -0.000101
vn -0.000039 -1.000000 -0.000235
vn -0.000532 -1.000000 -0.000077
vn -0.000046 -1.000000 -0.000022
vn -0.000260 -1.000000 0.000060
vn -0.000532 -1.000000 -0.000077
vn -0.012583 -0.999881 -0.008890
vn -0.004261 -0.999948 -0.009225
vn -0.018934 -0.999806 -0.005372
vn -0.010165 -0.994994 -0.099416
vn -0.003217 -0.999727 -0.023162
vn 0.023072 -0.972314 -0.232535
vn 0.022136 -0.998700 -0.045925
vn -0.010165 -0.994994 -0.099416
vn 0.075104 -0.935485 -0.345293
vn 0.023072 -0.972314 -0.232535
vn 0.007238 -0.887047 -0.461622
vn 0.242902 0.789272 -0.563958
vn -0.004261 -0.999948 -0.009225
vn 0.020237 -0.999691 0.014473
vn -0.003217 -0.999727 -0.023162
vn -0.182477 -0.573439 0.798667
vn -0.128920 0.525319 0.841082
vn -0.028915 0.926446 0.375314
vn 0.011873 -0.994282 0.106127
vn -0.182477 -0.573439 0.798667
vn -0.154480 -0.895634 0.417103
vn 0.011873 -0.994282 0.106127
vn -0.154480 -0.895634 0.417103
vn -0.000260 -1.000000 0.000060
vn 0.039847 -0.989326 0.140165
vn 0.011873 -0.994282 0.106127
vn 0.008071 -0.999837 0.016126
vn 0.077778 -0.995978 0.044485
vn 0.039847 -0.989326 0.140165
vn 0.008071 -0.999837 0.016126
vn 0.073606 -0.942165 0.326967
vn -0.068983 -0.749679 0.658196
vn 0.039847 -0.989326 0.140165
vn 0.094333 0.860966 -0.499838
vn -0.028915 0.926446 0.375314
vn -0.128920 0.525319 0.841082
vn -0.018886 0.989773 -0.141397
vn -0.028915 0.926446 0.375314
vn 0.149528 0.813679 -0.561754
vn 0.189859 0.880753 -0.433852
vn -0.018886 0.989773 -0.141397
vn 0.149528 0.813679 -0.561754
vn -0.187129 0.977201 0.100307
vn 0.105276 0.898235 -0.426720
vn -0.095340 0.955491 -0.279189
vn -0.187129 0.977201 0.100307
vn -0.206401 0.011913 0.978395
vn -0.018886 0.989773 -0.141397
vn -0.010745 -0.999909 -0.008133
vn -0.036478 -0.979939 0.195933
vn -0.004261 -0.999948 -0.009225
vn -0.187129 0.977201 0.100307
vn -0.018886 0.989773 -0.141397
vn 0.105276 0.898235 -0.426720
vn -0.206401 0.011913 0.978395
vn -0.107152 -0.448853 0.887158
vn -0.048927 -0.933103 0.356264
vn -0.107152 -0.448853 0.887158
vn -0.016873 -0.989408 0.144177
vn -0.048927 -0.933103 0.356264
vn -0.048927 -0.933103 0.356264
vn -0.012583 -0.999881 -0.008890
vn -0.000103 -1.000000 -0.000101
vn -0.156234 -0.074977 0.984870
vn -0.324245 -0.279225 0.903825
vn -0.377379 -0.259612 0.888924
vn 0.145528 0.890266 0.431564
vn -0.156234 -0.074977 0.984870
vn 0.094191 0.925264 0.367444
vn -0.162352 0.668992 0.725321
vn -0.405776 -0.471424 0.783010
vn -0.145253 -0.948528 0.281419
vn 0.094191 0.925264 0.367444
vn -0.189674 0.443138 0.876158
vn -0.162352 0.668992 0.725321
vn -0.003737 -0.999987 0.003401
vn -0.057547 -0.991709 0.114895
vn -0.250166 -0.925858 0.283202
vn -0.003217 -0.999727 -0.023162
vn 0.020237 -0.999691 0.014473
vn 0.042399 -0.991200 -0.125400
vn -0.665970 -0.215630 0.714134
vn -0.527819 0.614427 0.586418
vn -0.605096 0.382855 0.698055
vn -0.665970 -0.215630 0.714134
vn -0.544134 -0.015247 0.838860
vn -0.527819 0.614427 0.586418
vn -0.073068 -0.988271 0.134097
vn -0.490739 -0.664989 0.562997
vn -0.233283 -0.938455 0.254717
vn -0.544134 -0.015247 0.838860
vn -0.665970 -0.215630 0.714134
vn -0.317195 -0.852382 0.415732
vn -0.288676 -0.667879 0.686006
vn -0.544134 -0.015247 0.838860
vn -0.317195 -0.852382 0.415732
vn -0.035557 -0.996621 -0.074036
vn 0.005799 -0.999042 -0.043378
vn 0.188177 -0.975574 0.113332
vn 0.000023 -1.000000 0.000000
vn 0.032831 -0.951048 -0.307296
vn 0.000002 -1.000000 -0.000017
vn -0.145253 -0.948528 0.281419
vn -0.405776 -0.471424 0.783010
vn -0.057547 -0.991709 0.114895
vn 0.190913 0.978460 -0.078537
vn 0.218526 0.844337 -0.489226
vn 0.125206 0.990426 0.058131
vn 0.141896 -0.912390 -0.383940
vn 0.218526 0.844337 -0.489226
vn 0.232992 0.670797 -0.704093
vn 0.218612 0.944116 -0.246687
vn 0.190913 0.978460 -0.078537
vn 0.264843 0.681611 -0.682103
vn 0.218526 0.844337 -0.489226
vn 0.190913 0.978460 -0.078537
vn 0.232992 0.670797 -0.704093
vn -0.071757 0.366930 -0.927477
vn 0.098792 -0.958313 -0.268098
vn 0.032831 -0.951048 -0.307296
vn 0.095759 0.984854 0.144545
vn 0.232992 0.670797 -0.704093
vn 0.190913 0.978460 -0.078537
vn -0.297419 -0.935210 0.192157
vn -0.240981 -0.949517 0.200860
vn -0.249869 -0.968089 0.019200
vn -0.207868 -0.963499 0.168704
vn -0.297419 -0.935210 0.192157
vn -0.312926 -0.949318 -0.029545
vn -0.207868 -0.963499 0.168704
vn -0.071775 -0.996960 -0.030324
vn -0.363161 -0.885139 0.290934
vn 0.011764 -0.956736 -0.290721
vn 0.115203 -0.966496 -0.229377
vn -0.085332 -0.989838 -0.113750
vn -0.071775 -0.996960 -0.030324
vn 0.011764 -0.956736 -0.290721
vn -0.024136 -0.960346 -0.277764
vn 0.011764 -0.956736 -0.290721
vn -0.085332 -0.989838 -0.113750
vn -0.399355 -0.914520 0.064571
vn -0.399355 -0.914520 0.064571
vn -0.554875 -0.606096 0.569879
vn -0.397787 -0.772791 0.494530
vn -0.394039 -0.918925 -0.017629
vn -0.477905 0.185693 -0.858560
vn -0.614272 -0.410874 -0.673686
vn -0.399355 -0.914520 0.064571
vn -0.273784 -0.961259 -0.032000
vn -0.036676 -0.942901 -0.331049
vn -0.554875 -0.606096 0.569879
vn -0.399355 -0.914520 0.064571
vn -0.085332 -0.989838 -0.113750
vn -0.278858 -0.956541 0.085246
vn -0.554875 -0.606096 0.569879
vn -0.085332 -0.989838 -0.113750
vn -0.278858 -0.956541 0.085246
vn 0.115203 -0.966496 -0.229377
vn 0.079449 -0.957699 -0.276586
vn -0.309741 -0.945242 0.102853
vn -0.397787 -0.772791 0.494530
vn -0.394039 -0.918925 -0.017629
vn -0.394039 -0.918925 -0.017629
vn -0.397787 -0.772791 0.494530
vn -0.554875 -0.606096 0.569879
vn -0.278858 -0.956541 0.085246
vn -0.085332 -0.989838 -0.113750
vn 0.115203 -0.966496 -0.229377
vn -0.394039 -0.918925 -0.017629
vn -0.554875 -0.606096 0.569879
vn -0.583444 -0.804683 0.109903
vn 0.115203 -0.966496 -0.229377
vn -0.030937 -0.968178 -0.248342
vn 0.079449 -0.957699 -0.276586
vn -0.583444 -0.804683 0.109903
vn -0.554875 -0.606096 0.569879
vn -0.278858 -0.956541 0.085246
vn -0.172192 -0.936927 -0.304169
vn -0.015818 -0.902643 -0.430100
vn -0.265662 -0.865496 -0.424665
vn -0.265662 -0.865496 -0.424665
vn -0.015818 -0.902643 -0.430100
vn 0.129906 -0.649223 -0.749423
vn 0.310237 0.950622 -0.008365
vn -0.106262 0.944799 0.309940
vn 0.087590 0.982626 0.163626
vn -0.109718 0.954798 0.276267
vn -0.106262 0.944799 0.309940
vn 0.087087 0.971087 0.222276
vn 0.399587 0.915491 -0.046969
vn 0.310237 0.950622 -0.008365
vn 0.162041 0.952418 0.258152
vn 0.369279 0.927647 -0.055720
vn 0.310237 0.950622 -0.008365
vn 0.414205 0.897724 -0.150088
vn 0.524509 0.835284 -0.164899
vn 0.195486 0.977974 0.073161
vn 0.484306 0.861854 -0.150516
vn -0.021263 0.916906 0.398536
vn 0.006107 0.986796 0.161850
vn -0.011169 0.950066 0.311849
vn -0.109718 0.954798 0.276267
vn 0.121007 0.989522 -0.078764
vn 0.204205 0.978903 0.007014
vn 0.199589 0.977183 -0.072642
vn 0.121007 0.989522 -0.078764
vn -0.079431 0.957763 0.276370
vn 0.152293 0.960643 0.232318
vn 0.421108 0.906918 0.012940
vn 0.311098 0.942992 -0.118258
vn -0.233545 0.795117 0.559683
vn 0.152293 0.960643 0.232318
vn 0.062161 0.995418 -0.072652
vn 0.463945 0.751650 -0.468804
vn 0.199589 0.977183 -0.072642
vn -0.189315 0.949329 0.250866
vn -0.233545 0.795117 0.559683
vn -0.079431 0.957763 0.276370
vn -0.176125 0.851318 0.494204
vn 0.399587 0.915491 -0.046969
vn 0.354125 0.935000 0.019245
vn 0.338104 0.937930 -0.077288
vn 0.310237 0.950622 -0.008365
vn 0.399587 0.915491 -0.046969
vn 0.414205 0.897724 -0.150088
vn -0.857353 0.514020 -0.026995
vn 0.598719 0.799735 -0.044279
vn -0.691473 0.593722 -0.411533
vn 0.933007 0.236645 0.271105
vn -0.018188 0.988245 -0.151793
vn 0.598719 0.799735 -0.044279
vn 0.482292 0.794797 -0.368364
vn 0.598719 0.799735 -0.044279
vn -0.857353 0.514020 -0.026995
vn 0.933007 0.236645 0.271105
vn 0.841259 0.353690 0.408885
vn -0.018188 0.988245 -0.151793
vn -0.018188 0.988245 -0.151793
vn 0.841259 0.353690 0.408885
vn 0.644424 0.761769 0.066524
vn 0.519993 -0.511425 -0.684143
vn 0.878105 0.473863 0.066217
vn 0.490154 -0.412370 -0.767919
vn 0.598719 0.799735 -0.044279
vn -0.018188 0.988245 -0.151793
vn -0.691473 0.593722 -0.411533
vn 0.084983 0.971058 -0.223214
vn -0.018188 0.988245 -0.151793
vn 0.644424 0.761769 0.066524
vn -0.531948 0.823759 0.196093
vn -0.104127 0.979021 0.175146
vn -0.247037 0.898347 0.363244
vn -0.443210 0.895521 -0.040083
vn -0.574045 0.818366 -0.027361
vn -0.191087 0.968681 0.158566
vn 0.674035 0.586794 -0.448721
vn 0.076926 -0.662392 -0.745198
vn 0.463668 0.547346 -0.696724
vn 0.119230 0.972308 0.201001
vn -0.070654 0.879550 0.470532
vn 0.094008 0.934565 0.343148
vn -0.006404 0.971828 0.235606
vn -0.191087 0.968681 0.158566
vn -0.247037 0.898347 0.363244
vn -0.006404 0.971828 0.235606
vn -0.247037 0.898347 0.363244
vn -0.070654 0.879550 0.470532
vn 0.074835 0.984910 -0.156052
vn 0.145548 0.986493 -0.075151
vn 0.354125 0.935000 0.019245
vn -0.443210 0.895521 -0.040083
vn 0.145548 0.986493 -0.075151
vn 0.074835 0.984910 -0.156052
vn -0.531948 0.823759 0.196093
vn -0.247037 0.898347 0.363244
vn -0.682590 0.708134 -0.180602
vn -0.247037 0.898347 0.363244
vn -0.045513 0.946081 0.320717
vn -0.070654 0.879550 0.470532
vn -0.247037 0.898347 0.363244
vn -0.191087 0.968681 0.158566
vn -0.574045 0.818366 -0.027361
vn 0.145548 0.986493 -0.075151
vn -0.006404 0.971828 0.235606
vn 0.338104 0.937930 -0.077288
vn 0.523424 0.363530 -0.770632
vn -0.558211 -0.823133 -0.104175
vn 0.520141 0.011283 -0.854006
vn 0.764969 0.643540 0.026034
vn 0.520141 0.011283 -0.854006
vn 0.674035 0.586794 -0.448721
vn -0.323098 -0.544294 0.774178
vn -0.244148 -0.782826 0.572342
vn -0.296813 -0.657143 0.692867
vn 0.252431 -0.815056 -0.521500
vn 0.779892 -0.519896 -0.348534
vn 0.076926 -0.662392 -0.745198
vn 0.607676 0.440543 0.660796
vn 0.837482 0.538366 -0.093728
vn 0.764969 0.643540 0.026034
vn 0.420387 0.419718 -0.804432
vn 0.309643 0.442870 -0.841420
vn 0.246751 0.898599 -0.362814
vn 0.837482 0.538366 -0.093728
vn 0.607676 0.440543 0.660796
vn 0.493425 0.845652 0.203483
vn 0.145423 0.828645 0.540556
vn 0.607676 0.440543 0.660796
vn 0.764969 0.643540 0.026034
vn 0.674035 0.586794 -0.448721
vn 0.146157 0.985135 -0.090266
vn 0.055913 0.985195 0.162062
vn 0.463668 0.547346 -0.696724
vn -0.506397 0.853802 0.120765
vn 0.146157 0.985135 -0.090266
vn 0.560951 0.191352 -0.805430
vn -0.009639 0.997176 -0.074475
vn 0.379503 -0.076281 -0.922040
vn -0.148804 0.949310 -0.276891
vn -0.511783 0.775513 -0.369673
vn -0.463787 0.732066 -0.498980
vn -0.320320 0.926327 0.198277
vn -0.506397 0.853802 0.120765
vn -0.142680 0.989545 0.021036
vn 0.463668 0.547346 -0.696724
vn -0.179419 0.836175 -0.518286
vn -0.506397 0.853802 0.120765
vn 0.041157 0.996076 0.078354
vn 0.175513 0.984441 -0.008483
vn -0.202799 0.932572 -0.298632
vn 0.390721 0.920388 -0.014923
vn 0.178140 0.969675 0.167319
vn 0.287369 0.949139 0.128664
vn 0.257170 0.965953 -0.028262
vn 0.390721 0.920388 -0.014923
vn 0.287369 0.949139 0.128664
vn 0.483180 0.875499 0.006141
vn 0.206740 0.973980 -0.092852
vn 0.390721 0.920388 -0.014923
vn 0.483180 0.875499 0.006141
vn 0.390721 0.920388 -0.014923
vn -0.009639 0.997176 -0.074475
vn 0.206740 0.973980 -0.092852
vn 0.282943 0.778194 -0.560676
vn -0.148804 0.949310 -0.276891
vn 0.560951 0.191352 -0.805430
vn 0.499171 0.859380 -0.110882
vn -0.009639 0.997176 -0.074475
vn 0.206740 0.973980 -0.092852
vn 0.499171 0.859380 -0.110882
vn 0.282943 0.778194 -0.560676
vn 0.598719 0.799735 -0.044279
vn 0.976219 0.216601 0.008935
vn 0.933007 0.236645 0.271105
vn 0.812979 0.346535 -0.467952
vn 0.976219 0.216601 0.008935
vn 0.482292 0.794797 -0.368364
vn -0.654462 -0.616183 -0.438175
vn -0.760790 0.591544 -0.266971
vn -0.677089 0.654192 -0.337021
vn -0.358385 -0.897798 -0.255968
vn -0.161982 -0.947173 -0.276814
vn -0.654462 -0.616183 -0.438175
vn -0.423966 -0.901296 0.088983
vn -0.459345 -0.886253 -0.059646
vn -0.153529 -0.972114 -0.177265
vn 0.402164 -0.898983 0.173476
vn -0.459345 -0.886253 -0.059646
vn -0.372038 -0.927824 0.027033
vn 0.402164 -0.898983 0.173476
vn 0.837846 -0.408538 0.362091
vn 0.881989 -0.139706 0.450086
vn 0.509813 -0.797261 0.323212
vn 0.402164 -0.898983 0.173476
vn 0.851501 -0.246774 0.462654
vn 0.837846 -0.408538 0.362091
vn 0.882676 -0.327500 0.337087
vn 0.371639 -0.851498 0.369913
vn 0.371639 -0.851498 0.369913
vn -0.658537 -0.718958 -0.222325
vn 0.332649 -0.935121 0.122041
vn 0.151806 -0.987461 -0.043312
vn 0.261327 -0.965175 -0.012084
vn 0.235240 -0.971685 0.022139
vn -0.074618 -0.995207 0.063214
vn -0.393850 -0.856149 0.334500
vn -0.147398 -0.986523 0.071041
vn -0.701682 -0.298328 0.647026
vn -0.612963 -0.368376 0.698981
vn -0.470838 0.677994 0.564479
vn -0.233283 -0.938455 0.254717
vn -0.612963 -0.368376 0.698981
vn -0.393850 -0.856149 0.334500
vn -0.657136 -0.724304 0.208699
vn -0.701682 -0.298328 0.647026
vn -0.772916 0.248018 0.584028
vn -0.612963 -0.368376 0.698981
vn -0.701682 -0.298328 0.647026
vn -0.393850 -0.856149 0.334500
vn -0.981924 0.172804 0.077231
vn -0.693954 -0.711658 0.109411
vn -0.890316 -0.434777 0.135302
vn 0.422404 0.531313 -0.734358
vn -0.088678 -0.989592 -0.113330
vn -0.888984 -0.457346 0.023293
vn 0.097807 -0.981408 -0.165143
vn 0.168616 -0.968198 -0.184827
vn 0.520418 -0.399548 -0.754670
vn -0.393850 -0.856149 0.334500
vn -0.074618 -0.995207 0.063214
vn -0.233283 -0.938455 0.254717
vn -0.612963 -0.368376 0.698981
vn -0.604830 -0.526775 0.597235
vn -0.605983 0.273533 0.746970
vn -0.233283 -0.938455 0.254717
vn -0.490739 -0.664989 0.562997
vn -0.604830 -0.526775 0.597235
vn 0.262632 -0.800896 0.538136
vn 0.405055 -0.714922 0.569928
vn 0.457736 -0.761369 0.459123
vn 0.131910 -0.901106 0.413046
vn 0.262632 -0.800896 0.538136
vn 0.258818 -0.941487 0.215907
vn 0.131910 -0.901106 0.413046
vn -0.011138 -0.962171 0.272217
vn -0.065696 -0.402101 0.913235
vn -0.252862 -0.967163 -0.025619
vn -0.011138 -0.962171 0.272217
vn 0.113845 -0.992403 -0.046638
vn -0.491119 0.364515 -0.791158
vn -0.336640 0.336239 -0.879555
vn -0.342648 -0.122013 -0.931507
vn 0.460473 -0.636894 0.618329
vn 0.189257 -0.519248 0.833405
vn 0.244434 -0.858838 0.450166
vn -0.252862 -0.967163 -0.025619
vn 0.113845 -0.992403 -0.046638
vn 0.068995 -0.997548 0.011701
vn -0.297419 -0.935210 0.192157
vn -0.252862 -0.967163 -0.025619
vn -0.312926 -0.949318 -0.029545
vn -0.267126 0.955593 -0.124439
vn -0.573552 0.757772 -0.311158
vn -0.272194 0.941102 -0.200591
vn -0.684656 -0.498688 -0.531560
vn -0.573552 0.757772 -0.311158
vn -0.786633 -0.019557 -0.617111
vn -0.786633 -0.019557 -0.617111
vn -0.670140 -0.523184 -0.526490
vn -0.640118 -0.642696 -0.420939
vn -0.684656 -0.498688 -0.531560
vn -0.472289 -0.831419 -0.292720
vn -0.654462 -0.616183 -0.438175
vn -0.675466 0.644081 -0.359034
vn -0.267126 0.955593 -0.124439
vn -0.198231 0.979939 0.020617
vn -0.573552 0.757772 -0.311158
vn -0.267126 0.955593 -0.124439
vn -0.786633 -0.019557 -0.617111
vn -0.505561 0.481035 -0.716250
vn -0.403823 0.872395 -0.275417
vn -0.244530 0.962251 0.119489
vn 0.168421 -0.985250 0.030294
vn 0.885209 -0.030961 0.464162
vn 0.703341 -0.692787 -0.159244
vn -0.748194 -0.037443 -0.662423
vn -0.802425 0.261365 -0.536473
vn -0.887364 0.055430 -0.457725
vn -0.684656 -0.498688 -0.531560
vn -0.640118 -0.642696 -0.420939
vn -0.472289 -0.831419 -0.292720
vn -0.786633 -0.019557 -0.617111
vn -0.640118 -0.642696 -0.420939
vn -0.684656 -0.498688 -0.531560
vn -0.802425 0.261365 -0.536473
vn -0.788224 -0.448199 -0.421687
vn -0.887364 0.055430 -0.457725
vn 0.651160 -0.174392 0.738632
vn 0.020269 -0.999201 0.034453
vn 0.234437 -0.950429 0.204265
vn -0.728869 0.202113 -0.654141
vn -0.559339 0.708408 -0.430463
vn -0.808206 0.232651 -0.540997
vn -0.698419 -0.457294 -0.550539
vn -0.559339 0.708408 -0.430463
vn -0.728869 0.202113 -0.654141
vn -0.835325 0.374686 -0.402296
vn -0.808206 0.232651 -0.540997
vn -0.559339 0.708408 -0.430463
vn 0.881989 -0.139706 0.450086
vn 0.332649 -0.935121 0.122041
vn 0.851501 -0.246774 0.462654
vn -0.658537 -0.718958 -0.222325
vn -0.698419 -0.457294 -0.550539
vn 0.332649 -0.935121 0.122041
vn -0.788224 -0.448199 -0.421687
vn -0.772036 -0.284629 -0.568284
vn -0.887364 0.055430 -0.457725
vn -0.728869 0.202113 -0.654141
vn -0.808206 0.232651 -0.540997
vn -0.802425 0.261365 -0.536473
vn -0.445568 -0.624240 -0.641712
vn -0.887364 0.055430 -0.457725
vn -0.754399 -0.300447 -0.583621
vn -0.445568 -0.624240 -0.641712
vn -0.748194 -0.037443 -0.662423
vn -0.887364 0.055430 -0.457725
vn -0.444137 -0.656707 -0.609491
vn 0.168421 -0.985250 0.030294
vn -0.754399 -0.300447 -0.583621
vn 0.703341 -0.692787 -0.159244
vn 0.894661 -0.009762 0.446638
vn 0.607620 -0.753838 0.250050
vn 0.894661 -0.009762 0.446638
vn 0.703341 -0.692787 -0.159244
vn 0.948027 0.089738 0.305273
vn -0.754399 -0.300447 -0.583621
vn 0.703341 -0.692787 -0.159244
vn -0.445568 -0.624240 -0.641712
vn -0.978528 0.163713 -0.125223
vn -0.655269 0.740164 -0.150931
vn -0.851077 0.477343 -0.218659
vn -0.051327 -0.985667 -0.160706
vn -0.828607 0.393654 -0.398054
vn -0.655269 0.740164 -0.150931
vn 0.234437 -0.950429 0.204265
vn 0.607620 -0.753838 0.250050
vn 0.557230 -0.421224 0.715587
vn -0.445568 -0.624240 -0.641712
vn 0.703341 -0.692787 -0.159244
vn 0.607620 -0.753838 0.250050
vn -0.244530 0.962251 0.119489
vn -0.348743 0.765886 -0.540183
vn -0.505561 0.481035 -0.716250
vn -0.713562 0.184809 -0.675777
vn -0.760536 -0.020578 -0.648969
vn -0.505561 0.481035 -0.716250
vn -0.698419 -0.457294 -0.550539
vn -0.728869 0.202113 -0.654141
vn 0.020269 -0.999201 0.034453
vn -0.358385 -0.897798 -0.255968
vn -0.472289 -0.831419 -0.292720
vn -0.835325 0.374686 -0.402296
vn 0.332649 -0.935121 0.122041
vn -0.698419 -0.457294 -0.550539
vn 0.020269 -0.999201 0.034453
vn -0.684701 0.574292 -0.448746
vn -0.559339 0.708408 -0.430463
vn -0.698419 -0.457294 -0.550539
vn 0.851501 -0.246774 0.462654
vn 0.332649 -0.935121 0.122041
vn 0.020269 -0.999201 0.034453
vn 0.332649 -0.935121 0.122041
vn 0.881989 -0.139706 0.450086
vn 0.371639 -0.851498 0.369913
vn -0.754399 -0.300447 -0.583621
vn 0.168421 -0.985250 0.030294
vn 0.703341 -0.692787 -0.159244
vn 0.660072 -0.641121 0.391495
vn -0.444137 -0.656707 -0.609491
vn -0.045206 -0.788617 -0.613221
vn -0.119133 0.850821 0.511773
vn -0.105814 0.878525 0.465829
vn -0.159087 0.751473 0.640297
vn -0.033324 0.706473 -0.706955
vn 0.463945 0.751650 -0.468804
vn -0.105814 0.878525 0.465829
vn -0.194560 0.691317 -0.695865
vn -0.113855 0.987766 -0.106563
vn -0.005021 0.682386 -0.730975
vn -0.048270 0.991188 -0.123357
vn -0.119133 0.850821 0.511773
vn -0.194560 0.691317 -0.695865
vn 0.103174 0.866497 0.488404
vn 0.177145 0.616595 0.767092
vn 0.139502 0.795409 0.589800
vn 0.083030 0.945841 0.313833
vn -0.244530 0.962251 0.119489
vn -0.403823 0.872395 -0.275417
vn 0.139502 0.795409 0.589800
vn -0.348743 0.765886 -0.540183
vn -0.244530 0.962251 0.119489
vn -0.348743 0.765886 -0.540183
vn -0.255647 0.664008 -0.702665
vn -0.364520 0.531850 -0.764370
vn -0.000103 -1.000000 -0.000101
vn -0.000532 -1.000000 -0.000077
vn -0.000260 -1.000000 0.000060
vn -0.018934 -0.999806 -0.005372
vn -0.000103 -1.000000 -0.000101
vn -0.012583 -0.999881 -0.008890
vn -0.012583 -0.999881 -0.008890
vn -0.010745 -0.999909 -0.008133
vn -0.004261 -0.999948 -0.009225
vn -0.018934 -0.999806 -0.005372
vn -0.003217 -0.999727 -0.023162
vn -0.010165 -0.994994 -0.099416
vn 0.012529 -0.999921 -0.001085
vn -0.145253 -0.948528 0.281419
vn 0.004154 -0.999977 0.005457
vn -0.003217 -0.999727 -0.023162
vn -0.018934 -0.999806 -0.005372
vn -0.004261 -0.999948 -0.009225
vn 0.033224 0.997966 0.054400
vn 0.265504 -0.725588 -0.634846
vn -0.012302 0.987112 0.159560
vn 0.042399 -0.991200 -0.125400
vn 0.265504 -0.725588 -0.634846
vn 0.007238 -0.887047 -0.461622
vn -0.019820 0.998728 0.046356
vn 0.033224 0.997966 0.054400
vn 0.006397 0.979956 0.199113
vn 0.265504 -0.725588 -0.634846
vn 0.033224 0.997966 0.054400
vn 0.007238 -0.887047 -0.461622
vn -0.448683 0.657903 0.604852
vn -0.095340 0.955491 -0.279189
vn -0.060451 0.997337 -0.040805
vn -0.206401 0.011913 0.978395
vn -0.187129 0.977201 0.100307
vn -0.107152 -0.448853 0.887158
vn -0.310618 0.196335 0.930037
vn -0.448683 0.657903 0.604852
vn -0.060451 0.997337 -0.040805
vn -0.152958 -0.916727 0.369074
vn -0.036478 -0.979939 0.195933
vn -0.010745 -0.999909 -0.008133
vn -0.107152 -0.448853 0.887158
vn -0.448683 0.657903 0.604852
vn -0.152958 -0.916727 0.369074
vn -0.012583 -0.999881 -0.008890
vn -0.048927 -0.933103 0.356264
vn -0.016873 -0.989408 0.144177
vn -0.154480 -0.895634 0.417103
vn -0.048927 -0.933103 0.356264
vn -0.000260 -1.000000 0.000060
vn -0.000103 -1.000000 -0.000101
vn -0.000260 -1.000000 0.000060
vn -0.048927 -0.933103 0.356264
vn -0.448683 0.657903 0.604852
vn -0.310618 0.196335 0.930037
vn -0.036478 -0.979939 0.195933
vn 0.094191 0.925264 0.367444
vn -0.310618 0.196335 0.930037
vn -0.060451 0.997337 -0.040805
vn -0.049501 -0.998686 0.013295
vn 0.000023 -1.000000 0.000000
vn 0.000002 -1.000000 -0.000017
vn -0.198400 -0.943360 0.265911
vn -0.049501 -0.998686 0.013295
vn -0.439172 -0.603407 0.665603
vn -0.299535 -0.158423 0.940841
vn -0.198400 -0.943360 0.265911
vn -0.439172 -0.603407 0.665603
vn 0.005799 -0.999042 -0.043378
vn -0.198400 -0.943360 0.265911
vn -0.288676 -0.667879 0.686006
vn -0.213524 -0.963076 0.163989
vn -0.490739 -0.664989 0.562997
vn -0.104866 -0.992138 0.068308
vn 0.188177 -0.975574 0.113332
vn -0.317195 -0.852382 0.415732
vn -0.213524 -0.963076 0.163989
vn -0.035557 -0.996621 -0.074036
vn -0.237247 -0.968287 -0.078318
vn 0.005799 -0.999042 -0.043378
vn -0.035557 -0.996621 -0.074036
vn -0.217962 -0.959949 -0.176040
vn -0.126897 -0.991902 -0.005242
vn -0.509118 0.320351 0.798858
vn -0.250166 -0.925858 0.283202
vn -0.405776 -0.471424 0.783010
vn -0.049501 -0.998686 0.013295
vn -0.250166 -0.925858 0.283202
vn -0.439172 -0.603407 0.665603
vn 0.265504 -0.725588 -0.634846
vn 0.042399 -0.991200 -0.125400
vn 0.098792 -0.958313 -0.268098
vn -0.057547 -0.991709 0.114895
vn 0.004154 -0.999977 0.005457
vn -0.145253 -0.948528 0.281419
vn -0.250166 -0.925858 0.283202
vn -0.057547 -0.991709 0.114895
vn -0.405776 -0.471424 0.783010
vn -0.003737 -0.999987 0.003401
vn 0.000002 -1.000000 -0.000017
vn 0.004154 -0.999977 0.005457
vn 0.004154 -0.999977 0.005457
vn 0.019609 -0.999762 -0.009609
vn 0.007652 -0.999859 -0.014923
vn -0.036478 -0.979939 0.195933
vn 0.012529 -0.999921 -0.001085
vn -0.004261 -0.999948 -0.009225
vn -0.071757 0.366930 -0.927477
vn 0.095759 0.984854 0.144545
vn -0.012302 0.987112 0.159560
vn 0.190913 0.978460 -0.078537
vn 0.218612 0.944116 -0.246687
vn 0.095759 0.984854 0.144545
vn 0.414205 0.897724 -0.150088
vn 0.119230 0.972308 0.201001
vn 0.094008 0.934565 0.343148
vn 0.484306 0.861854 -0.150516
vn 0.369279 0.927647 -0.055720
vn 0.189115 0.961607 0.198865
vn 0.484306 0.861854 -0.150516
vn 0.189115 0.961607 0.198865
vn 0.303886 0.952422 0.023373
vn 0.087087 0.971087 0.222276
vn 0.310237 0.950622 -0.008365
vn 0.484306 0.861854 -0.150516
vn 0.152293 0.960643 0.232318
vn 0.349076 0.936499 0.033409
vn 0.421108 0.906918 0.012940
vn 0.195486 0.977974 0.073161
vn 0.349076 0.936499 0.033409
vn -0.119059 0.938071 0.325343
vn 0.484306 0.861854 -0.150516
vn 0.195486 0.977974 0.073161
vn 0.087087 0.971087 0.222276
vn 0.349076 0.936499 0.033409
vn 0.195486 0.977974 0.073161
vn 0.524509 0.835284 -0.164899
vn 0.349076 0.936499 0.033409
vn -0.176125 0.851318 0.494204
vn -0.119059 0.938071 0.325343
vn -0.233545 0.795117 0.559683
vn -0.176125 0.851318 0.494204
vn 0.152293 0.960643 0.232318
vn 0.137965 -0.098485 -0.985529
vn 0.075832 0.632212 -0.771076
vn 0.099194 0.773533 -0.625945
vn -0.005021 0.682386 -0.730975
vn 0.133389 0.901827 -0.410994
vn 0.072417 0.809340 -0.582859
vn 0.199589 0.977183 -0.072642
vn 0.463945 0.751650 -0.468804
vn 0.684220 0.501709 -0.529274
vn -0.212216 0.845097 0.490689
vn -0.189315 0.949329 0.250866
vn -0.080469 0.895864 0.436981
vn 0.199589 0.977183 -0.072642
vn 0.315283 0.927552 -0.200608
vn 0.121007 0.989522 -0.078764
vn -0.189315 0.949329 0.250866
vn 0.199589 0.977183 -0.072642
vn -0.080469 0.895864 0.436981
vn 0.152293 0.960643 0.232318
vn 0.311098 0.942992 -0.118258
vn 0.062161 0.995418 -0.072652
vn -0.080469 0.895864 0.436981
vn -0.079431 0.957763 0.276370
vn -0.233545 0.795117 0.559683
vn 0.072417 0.809340 -0.582859
vn 0.133389 0.901827 -0.410994
vn 0.062161 0.995418 -0.072652
vn 0.062161 0.995418 -0.072652
vn 0.133389 0.901827 -0.410994
vn -0.212216 0.845097 0.490689
vn -0.191087 0.968681 0.158566
vn 0.145548 0.986493 -0.075151
vn -0.443210 0.895521 -0.040083
vn 0.354125 0.935000 0.019245
vn 0.145548 0.986493 -0.075151
vn 0.338104 0.937930 -0.077288
vn -0.531948 0.823759 0.196093
vn -0.018188 0.988245 -0.151793
vn 0.084983 0.971058 -0.223214
vn -0.247037 0.898347 0.363244
vn -0.104127 0.979021 0.175146
vn -0.045513 0.946081 0.320717
vn 0.007786 0.983787 0.179170
vn -0.081058 0.875110 0.477087
vn -0.045513 0.946081 0.320717
vn 0.094008 0.934565 0.343148
vn 0.189115 0.961607 0.198865
vn 0.369279 0.927647 -0.055720
vn 0.414205 0.897724 -0.150088
vn 0.094008 0.934565 0.343148
vn 0.369279 0.927647 -0.055720
vn 0.094008 0.934565 0.343148
vn -0.081058 0.875110 0.477087
vn -0.021263 0.916906 0.398536
vn 0.493425 0.845652 0.203483
vn -0.074285 0.750607 -0.656560
vn 0.837482 0.538366 -0.093728
vn -0.614272 -0.410874 -0.673686
vn -0.074285 0.750607 -0.656560
vn -0.734694 -0.452480 -0.505458
vn 0.229226 0.286558 -0.930237
vn 0.169496 0.872057 -0.459116
vn 0.206156 0.085566 -0.974771
vn 0.683987 -0.057966 -0.727187
vn 0.703976 -0.145960 -0.695064
vn 0.421462 0.692975 -0.584941
vn 0.520141 0.011283 -0.854006
vn 0.076926 -0.662392 -0.745198
vn 0.674035 0.586794 -0.448721
vn 0.703976 -0.145960 -0.695064
vn 0.543383 -0.710615 -0.446948
vn 0.779892 -0.519896 -0.348534
vn 0.252431 -0.815056 -0.521500
vn 0.076926 -0.662392 -0.745198
vn -0.761301 -0.553461 -0.337789
vn 0.520141 0.011283 -0.854006
vn -0.761301 -0.553461 -0.337789
vn 0.076926 -0.662392 -0.745198
vn 0.222979 -0.763263 -0.606390
vn 0.379503 -0.076281 -0.922040
vn 0.475937 -0.723502 -0.500028
vn 0.779892 -0.519896 -0.348534
vn 0.679368 -0.433049 -0.592392
vn 0.076926 -0.662392 -0.745198
vn 0.703976 -0.145960 -0.695064
vn 0.779892 -0.519896 -0.348534
vn 0.252431 -0.815056 -0.521500
vn 0.779892 -0.519896 -0.348534
vn 0.543383 -0.710615 -0.446948
vn 0.679368 -0.433049 -0.592392
vn 0.679368 -0.433049 -0.592392
vn -0.179419 0.836175 -0.518286
vn 0.463668 0.547346 -0.696724
vn -0.009639 0.997176 -0.074475
vn -0.179419 0.836175 -0.518286
vn 0.379503 -0.076281 -0.922040
vn 0.679368 -0.433049 -0.592392
vn 0.463668 0.547346 -0.696724
vn 0.076926 -0.662392 -0.745198
vn 0.679368 -0.433049 -0.592392
vn 0.543383 -0.710615 -0.446948
vn 0.475937 -0.723502 -0.500028
vn 0.543383 -0.710615 -0.446948
vn 0.529424 -0.692649 -0.489844
vn 0.475937 -0.723502 -0.500028
vn 0.644424 0.761769 0.066524
vn 0.728402 0.634812 -0.257766
vn 0.084983 0.971058 -0.223214
vn -0.179419 0.836175 -0.518286
vn 0.679368 -0.433049 -0.592392
vn 0.379503 -0.076281 -0.922040
vn 0.475937 -0.723502 -0.500028
vn 0.379503 -0.076281 -0.922040
vn 0.679368 -0.433049 -0.592392
vn 0.390721 0.920388 -0.014923
vn 0.175513 0.984441 -0.008483
vn 0.178140 0.969675 0.167319
vn -0.202799 0.932572 -0.298632
vn 0.175513 0.984441 -0.008483
vn 0.206740 0.973980 -0.092852
vn -0.051327 -0.985667 -0.160706
vn -0.150077 -0.963563 -0.221413
vn -0.161982 -0.947173 -0.276814
vn -0.567499 -0.781162 -0.260252
vn -0.429279 -0.889047 -0.159104
vn -0.150077 -0.963563 -0.221413
vn -0.828607 0.393654 -0.398054
vn -0.161982 -0.947173 -0.276814
vn -0.358385 -0.897798 -0.255968
vn -0.567499 -0.781162 -0.260252
vn -0.051327 -0.985667 -0.160706
vn -0.655269 0.740164 -0.150931
vn -0.654462 -0.616183 -0.438175
vn -0.710837 -0.589369 -0.383868
vn -0.760790 0.591544 -0.266971
vn -0.150077 -0.963563 -0.221413
vn -0.710837 -0.589369 -0.383868
vn -0.161982 -0.947173 -0.276814
vn 0.670795 0.084736 -0.736787
vn 0.028243 0.996683 0.076321
vn 0.112029 0.992653 -0.045705
vn 0.642861 0.049541 -0.764379
vn 0.055975 -0.990235 -0.127681
vn 0.097807 -0.981408 -0.165143
vn 0.055975 -0.990235 -0.127681
vn 0.642861 0.049541 -0.764379
vn 0.670795 0.084736 -0.736787
vn 0.028243 0.996683 0.076321
vn 0.670795 0.084736 -0.736787
vn 0.642861 0.049541 -0.764379
vn -0.074618 -0.995207 0.063214
vn 0.097807 -0.981408 -0.165143
vn 0.055975 -0.990235 -0.127681
vn -0.147398 -0.986523 0.071041
vn 0.168616 -0.968198 -0.184827
vn 0.097807 -0.981408 -0.165143
vn 0.168616 -0.968198 -0.184827
vn 0.422404 0.531313 -0.734358
vn 0.520418 -0.399548 -0.754670
vn -0.121253 0.992139 0.030958
vn 0.642861 0.049541 -0.764379
vn 0.520418 -0.399548 -0.754670
vn -0.088678 -0.989592 -0.113330
vn 0.168616 -0.968198 -0.184827
vn -0.217300 -0.972874 0.079350
vn -0.888984 -0.457346 0.023293
vn -0.693954 -0.711658 0.109411
vn -0.981924 0.172804 0.077231
vn -0.981924 0.172804 0.077231
vn -0.890316 -0.434777 0.135302
vn -0.848796 -0.505512 -0.154928
vn -0.890316 -0.434777 0.135302
vn -0.693954 -0.711658 0.109411
vn -0.217300 -0.972874 0.079350
vn 0.168616 -0.968198 -0.184827
vn -0.147398 -0.986523 0.071041
vn -0.217300 -0.972874 0.079350
vn -0.217300 -0.972874 0.079350
vn -0.147398 -0.986523 0.071041
vn -0.657136 -0.724304 0.208699
vn 0.097807 -0.981408 -0.165143
vn -0.074618 -0.995207 0.063214
vn -0.147398 -0.986523 0.071041
vn -0.010204 -0.999753 0.019754
vn -0.074618 -0.995207 0.063214
vn 0.055975 -0.990235 -0.127681
vn 0.358423 -0.822002 0.442545
vn 0.174788 -0.979527 0.099876
vn 0.243594 -0.967750 0.064203
vn 0.252511 -0.930441 0.265551
vn 0.244434 -0.858838 0.450166
vn 0.068995 -0.997548 0.011701
vn 0.068995 -0.997548 0.011701
vn -0.039937 -0.992496 -0.115567
vn -0.293498 -0.924239 -0.244215
vn 0.113845 -0.992403 -0.046638
vn 0.174788 -0.979527 0.099876
vn 0.068995 -0.997548 0.011701
vn -0.011138 -0.962171 0.272217
vn -0.249869 -0.968089 0.019200
vn -0.226604 -0.851899 0.472142
vn -0.297419 -0.935210 0.192157
vn -0.249869 -0.968089 0.019200
vn -0.252862 -0.967163 -0.025619
vn -0.039937 -0.992496 -0.115567
vn -0.020129 -0.962448 0.270720
vn -0.293498 -0.924239 -0.244215
vn -0.312926 -0.949318 -0.029545
vn -0.252862 -0.967163 -0.025619
vn -0.293498 -0.924239 -0.244215
vn -0.198305 -0.218582 -0.955456
vn 0.076103 -0.847548 0.525234
vn 0.290401 -0.770308 0.567708
vn 0.039255 -0.889398 0.455446
vn -0.025272 -0.227378 -0.973479
vn -0.047850 -0.935540 0.349965
vn 0.105399 -0.816306 -0.567922
vn -0.124738 -0.895910 -0.426364
vn -0.069154 -0.943400 -0.324368
vn -0.030937 -0.968178 -0.248342
vn -0.312926 -0.949318 -0.029545
vn -0.124738 -0.895910 -0.426364
vn 0.025266 -0.975742 0.217459
vn 0.105399 -0.816306 -0.567922
vn -0.069154 -0.943400 -0.324368
vn -0.265662 -0.865496 -0.424665
vn -0.015170 -0.865925 -0.499944
vn -0.092820 -0.858929 -0.503612
vn -0.505561 0.481035 -0.716250
vn -0.637031 0.161560 -0.753717
vn -0.403823 0.872395 -0.275417
vn -0.772036 -0.284629 -0.568284
vn -0.637031 0.161560 -0.753717
vn -0.760536 -0.020578 -0.648969
vn -0.754399 -0.300447 -0.583621
vn -0.772036 -0.284629 -0.568284
vn -0.760536 -0.020578 -0.648969
vn -0.772036 -0.284629 -0.568284
vn -0.788224 -0.448199 -0.421687
vn -0.670140 -0.523184 -0.526490
vn -0.772036 -0.284629 -0.568284
vn -0.670140 -0.523184 -0.526490
vn -0.675466 0.644081 -0.359034
vn -0.640118 -0.642696 -0.420939
vn -0.670140 -0.523184 -0.526490
vn -0.788224 -0.448199 -0.421687
vn -0.802425 0.261365 -0.536473
vn -0.748194 -0.037443 -0.662423
vn -0.728869 0.202113 -0.654141
vn 0.234437 -0.950429 0.204265
vn 0.020269 -0.999201 0.034453
vn -0.547210 -0.745215 -0.381071
vn -0.105814 0.878525 0.465829
vn 0.177145 0.616595 0.767092
vn -0.033324 0.706473 -0.706955
vn 0.177145 0.616595 0.767092
vn -0.119133 0.850821 0.511773
vn -0.048270 0.991188 -0.123357
vn -0.361748 0.818129 -0.446993
vn 0.103174 0.866497 0.488404
vn -0.077806 0.978096 0.193066
vn 0.177145 0.616595 0.767092
vn 0.103174 0.866497 0.488404
vn -0.242949 0.944728 -0.220147
vn -0.348743 0.765886 -0.540183
vn -0.048270 0.991188 -0.123357
vn -0.255647 0.664008 -0.702665
vn 0.177145 0.616595 0.767092
vn -0.048270 0.991188 -0.123357
vn 0.139502 0.795409 0.589800
vn -0.048270 0.991188 -0.123357
vn -0.348743 0.765886 -0.540183
vn 0.139502 0.795409 0.589800
vn -0.505561 0.481035 -0.716250
vn -0.348743 0.765886 -0.540183
vn -0.364520 0.531850 -0.764370
vn -0.255647 0.664008 -0.702665
vn -0.275635 0.565239 -0.777516
vn -0.364520 0.531850 -0.764370
vn -0.614869 -0.177851 -0.768314
vn -0.045206 -0.788617 -0.613221
vn -0.444137 -0.656707 -0.609491
vn -0.713562 0.184809 -0.675777
vn -0.505561 0.481035 -0.716250
vn -0.491119 0.364515 -0.791158
vn -0.505561 0.481035 -0.716250
vn -0.760536 -0.020578 -0.648969
vn -0.637031 0.161560 -0.753717
vn -0.194560 0.691317 -0.695865
vn -0.005021 0.682386 -0.730975
vn -0.143537 0.661831 -0.735783
vn -0.491119 0.364515 -0.791158
vn -0.505561 0.481035 -0.716250
vn -0.364520 0.531850 -0.764370
vn 0.091238 0.007648 -0.995800
vn -0.007867 0.752453 -0.658599
vn -0.025272 -0.227378 -0.973479
vn -0.491119 0.364515 -0.791158
vn -0.364520 0.531850 -0.764370
vn -0.336640 0.336239 -0.879555
vn -0.229496 0.513370 -0.826912
vn -0.277794 -0.076714 -0.957573
vn -0.336640 0.336239 -0.879555
vn 0.168421 -0.985250 0.030294
vn 0.660072 -0.641121 0.391495
vn 0.885209 -0.030961 0.464162
vn -0.255647 0.664008 -0.702665
vn -0.048270 0.991188 -0.123357
vn -0.194560 0.691317 -0.695865
vn -0.336640 0.336239 -0.879555
vn -0.275635 0.565239 -0.777516
vn -0.229496 0.513370 -0.826912
vn -0.255647 0.664008 -0.702665
vn -0.194560 0.691317 -0.695865
vn -0.275635 0.565239 -0.777516
vn -0.113855 0.987766 -0.106563
vn -0.194560 0.691317 -0.695865
vn -0.119133 0.850821 0.511773
vn -0.491119 0.364515 -0.791158
vn -0.614869 -0.177851 -0.768314
vn -0.713562 0.184809 -0.675777
vn -0.809182 -0.149443 -0.568235
vn -0.754399 -0.300447 -0.583621
vn -0.760536 -0.020578 -0.648969
vn -0.005021 0.682386 -0.730975
vn 0.072417 0.809340 -0.582859
vn -0.066486 0.699747 -0.711290
vn 0.174788 -0.979527 0.099876
vn 0.358423 -0.822002 0.442545
vn 0.252511 -0.930441 0.265551
vn -0.336640 0.336239 -0.879555
vn 0.424415 -0.878850 -0.217935
vn -0.342648 -0.122013 -0.931507
vn -0.045206 -0.788617 -0.613221
vn 0.586098 -0.564864 0.580876
vn 0.660072 -0.641121 0.391495
vn 0.424415 -0.878850 -0.217935
vn 0.556234 -0.349247 0.754076
vn 0.586098 -0.564864 0.580876
vn 0.770776 -0.376636 0.513857
vn 0.582826 -0.181656 0.792032
vn 0.464206 -0.720970 0.514505
vn -0.119133 0.850821 0.511773
vn -0.159087 0.751473 0.640297
vn -0.113855 0.987766 -0.106563
vn -0.212216 0.845097 0.490689
vn 0.133389 0.901827 -0.410994
vn -0.113855 0.987766 -0.106563
vn -0.614869 -0.177851 -0.768314
vn -0.491119 0.364515 -0.791158
vn -0.342648 -0.122013 -0.931507
vn -0.809182 -0.149443 -0.568235
vn -0.444137 -0.656707 -0.609491
vn -0.754399 -0.300447 -0.583621
vn -0.713562 0.184809 -0.675777
vn -0.614869 -0.177851 -0.768314
vn -0.809182 -0.149443 -0.568235
vn -0.444137 -0.656707 -0.609491
vn -0.809182 -0.149443 -0.568235
vn -0.614869 -0.177851 -0.768314
vn -0.231072 0.518660 -0.823163
vn -0.143537 0.661831 -0.735783
vn -0.066486 0.699747 -0.711290
vn 0.424415 -0.878850 -0.217935
vn -0.277794 -0.076714 -0.957573
vn 0.290401 -0.770308 0.567708
vn 0.424415 -0.878850 -0.217935
vn -0.336640 0.336239 -0.879555
vn -0.277794 -0.076714 -0.957573
vn -0.614869 -0.177851 -0.768314
vn -0.342648 -0.122013 -0.931507
vn -0.045206 -0.788617 -0.613221
vn 0.556234 -0.349247 0.754076
vn 0.424415 -0.878850 -0.217935
vn 0.460473 -0.636894 0.618329
vn 0.582826 -0.181656 0.792032
vn 0.556234 -0.349247 0.754076
vn 0.464206 -0.720970 0.514505
vn 0.885209 -0.030961 0.464162
vn 0.660072 -0.641121 0.391495
vn 0.582826 -0.181656 0.792032
vn 0.582826 -0.181656 0.792032
vn 0.660072 -0.641121 0.391495
vn 0.586098 -0.564864 0.580876
vn 0.072417 0.809340 -0.582859
vn 0.062161 0.995418 -0.072652
vn 0.039172 0.898379 -0.437471
vn -0.005021 0.682386 -0.730975
vn -0.113855 0.987766 -0.106563
vn 0.133389 0.901827 -0.410994
vn 0.424415 -0.878850 -0.217935
vn 0.290401 -0.770308 0.567708
vn 0.460473 -0.636894 0.618329
vn -0.342648 -0.122013 -0.931507
vn 0.424415 -0.878850 -0.217935
vn -0.045206 -0.788617 -0.613221
vn 0.424415 -0.878850 -0.217935
vn 0.586098 -0.564864 0.580876
vn -0.045206 -0.788617 -0.613221
vn 0.582826 -0.181656 0.792032
vn 0.586098 -0.564864 0.580876
vn 0.556234 -0.349247 0.754076
vn -0.189315 0.949329 0.250866
vn -0.212216 0.845097 0.490689
vn -0.159087 0.751473 0.640297
vn -0.233545 0.795117 0.559683
vn -0.212216 0.845097 0.490689
vn -0.080469 0.895864 0.436981
vn -0.007867 0.752453 -0.658599
vn 0.075832 0.632212 -0.771076
vn -0.025272 -0.227378 -0.973479
vn 0.072417 0.809340 -0.582859
vn 0.039172 0.898379 -0.437471
vn -0.007867 0.752453 -0.658599
vn -0.025272 -0.227378 -0.973479
vn 0.075832 0.632212 -0.771076
vn 0.137965 -0.098485 -0.985529
vn -0.024019 -0.492053 0.870234
vn -0.020129 -0.962448 0.270720
vn -0.023616 -0.405104 0.913966
vn 0.075832 0.632212 -0.771076
vn -0.007867 0.752453 -0.658599
vn 0.103551 0.900057 -0.423290
vn 0.091238 0.007648 -0.995800
vn -0.066486 0.699747 -0.711290
vn -0.007867 0.752453 -0.658599
vn -0.198305 -0.218582 -0.955456
vn -0.229496 0.513370 -0.826912
vn -0.231072 0.518660 -0.823163
vn 0.076103 -0.847548 0.525234
vn 0.039255 -0.889398 0.455446
vn -0.023616 -0.405104 0.913966
vn 0.103551 0.900057 -0.423290
vn 0.311098 0.942992 -0.118258
vn 0.287821 0.956286 -0.051733
vn 0.189115 0.961607 0.198865
vn 0.094008 0.934565 0.343148
vn -0.021263 0.916906 0.398536
vn -0.229496 0.513370 -0.826912
vn -0.198305 -0.218582 -0.955456
vn -0.277794 -0.076714 -0.957573
vn 0.076103 -0.847548 0.525234
vn -0.198305 -0.218582 -0.955456
vn 0.086200 -0.402047 -0.911552
vn -0.007867 0.752453 -0.658599
vn -0.066486 0.699747 -0.711290
vn 0.072417 0.809340 -0.582859
vn -0.231072 0.518660 -0.823163
vn -0.066486 0.699747 -0.711290
vn 0.086200 -0.402047 -0.911552
vn 0.103551 0.900057 -0.423290
vn -0.007867 0.752453 -0.658599
vn 0.039172 0.898379 -0.437471
vn 0.099194 0.773533 -0.625945
vn 0.138237 0.524671 -0.840007
vn 0.137965 -0.098485 -0.985529
vn 0.152853 -0.416795 -0.896057
vn 0.010918 -0.989992 0.140702
vn 0.137965 -0.098485 -0.985529
vn -0.034696 -0.356463 0.933665
vn -0.118796 -0.334114 0.935016
vn -0.131084 -0.760307 0.636200
vn 0.091238 0.007648 -0.995800
vn 0.039255 -0.889398 0.455446
vn 0.086200 -0.402047 -0.911552
vn 0.244434 -0.858838 0.450166
vn 0.189257 -0.519248 0.833405
vn -0.023616 -0.405104 0.913966
vn 0.091238 0.007648 -0.995800
vn -0.025272 -0.227378 -0.973479
vn 0.039255 -0.889398 0.455446
vn 0.086200 -0.402047 -0.911552
vn -0.066486 0.699747 -0.711290
vn 0.091238 0.007648 -0.995800
vn -0.047850 -0.935540 0.349965
vn -0.025272 -0.227378 -0.973479
vn 0.137965 -0.098485 -0.985529
vn -0.024019 -0.492053 0.870234
vn 0.039255 -0.889398 0.455446
vn -0.034696 -0.356463 0.933665
vn -0.198305 -0.218582 -0.955456
vn -0.231072 0.518660 -0.823163
vn 0.086200 -0.402047 -0.911552
vn -0.229496 0.513370 -0.826912
vn -0.194560 0.691317 -0.695865
vn -0.143537 0.661831 -0.735783
vn -0.260397 -0.903389 0.340709
vn 0.339400 -0.736649 -0.584941
vn -0.271121 -0.858795 0.434701
vn -0.047850 -0.935540 0.349965
vn -0.034696 -0.356463 0.933665
vn 0.039255 -0.889398 0.455446
vn 0.039255 -0.889398 0.455446
vn 0.076103 -0.847548 0.525234
vn 0.086200 -0.402047 -0.911552
vn 0.076103 -0.847548 0.525234
vn -0.023616 -0.405104 0.913966
vn 0.189257 -0.519248 0.833405
vn 0.010918 -0.989992 0.140702
vn -0.047850 -0.935540 0.349965
vn 0.137965 -0.098485 -0.985529
vn -0.034696 -0.356463 0.933665
vn -0.047850 -0.935540 0.349965
vn -0.118796 -0.334114 0.935016
vn -0.066486 0.699747 -0.711290
vn -0.143537 0.661831 -0.735783
vn -0.005021 0.682386 -0.730975
vn -0.229496 0.513370 -0.826912
vn -0.143537 0.661831 -0.735783
vn -0.231072 0.518660 -0.823163
vn -0.015818 -0.902643 -0.430100
vn -0.278472 -0.678167 0.680105
vn -0.323098 -0.544294 0.774178
vn -0.047850 -0.935540 0.349965
vn 0.010918 -0.989992 0.140702
vn -0.118796 -0.334114 0.935016
vn -0.012583 -0.999881 -0.008890
vn -0.016873 -0.989408 0.144177
vn -0.010745 -0.999909 -0.008133
vn -0.152958 -0.916727 0.369074
vn -0.016873 -0.989408 0.144177
vn -0.107152 -0.448853 0.887158
vn -0.036478 -0.979939 0.195933
vn -0.152958 -0.916727 0.369074
vn -0.448683 0.657903 0.604852
vn -0.016873 -0.989408 0.144177
vn -0.152958 -0.916727 0.369074
vn -0.010745 -0.999909 -0.008133
vn 0.242902 0.789272 -0.563958
vn -0.007556 -0.172190 -0.985035
vn 0.023072 -0.972314 -0.232535
vn 0.033224 0.997966 0.054400
vn -0.019820 0.998728 0.046356
vn 0.242902 0.789272 -0.563958
vn -0.198400 -0.943360 0.265911
vn 0.005799 -0.999042 -0.043378
vn -0.237247 -0.968287 -0.078318
vn -0.317195 -0.852382 0.415732
vn 0.005799 -0.999042 -0.043378
vn -0.288676 -0.667879 0.686006
vn -0.213524 -0.963076 0.163989
vn -0.317195 -0.852382 0.415732
vn -0.665970 -0.215630 0.714134
vn -0.317195 -0.852382 0.415732
vn 0.188177 -0.975574 0.113332
vn 0.005799 -0.999042 -0.043378
vn -0.010204 -0.999753 0.019754
vn -0.233283 -0.938455 0.254717
vn -0.074618 -0.995207 0.063214
vn 0.055975 -0.990235 -0.127681
vn 0.670795 0.084736 -0.736787
vn 0.225378 -0.928178 -0.296125
vn -0.035557 -0.996621 -0.074036
vn -0.126897 -0.991902 -0.005242
vn -0.237247 -0.968287 -0.078318
vn 0.141896 -0.912390 -0.383940
vn -0.126897 -0.991902 -0.005242
vn -0.217962 -0.959949 -0.176040
vn 0.188177 -0.975574 0.113332
vn 0.261327 -0.965175 -0.012084
vn -0.035557 -0.996621 -0.074036
vn 0.235240 -0.971685 0.022139
vn 0.261327 -0.965175 -0.012084
vn -0.104866 -0.992138 0.068308
vn -0.213524 -0.963076 0.163989
vn 0.261327 -0.965175 -0.012084
vn 0.188177 -0.975574 0.113332
vn -0.001562 -0.999995 0.002938
vn -0.104866 -0.992138 0.068308
vn -0.073068 -0.988271 0.134097
vn -0.123444 0.866282 -0.484063
vn 0.112029 0.992653 -0.045705
vn -0.104474 0.994265 -0.022840
vn 0.187266 0.956918 -0.221899
vn 0.384983 0.628234 -0.676099
vn 0.175101 -0.605941 -0.776000
vn -0.010204 -0.999753 0.019754
vn -0.001562 -0.999995 0.002938
vn -0.073068 -0.988271 0.134097
vn 0.663225 -0.408274 -0.627252
vn 0.151806 -0.987461 -0.043312
vn 0.264713 -0.958461 -0.106204
vn 0.112029 0.992653 -0.045705
vn 0.225378 -0.928178 -0.296125
vn 0.670795 0.084736 -0.736787
vn -0.001562 -0.999995 0.002938
vn 0.264713 -0.958461 -0.106204
vn 0.235240 -0.971685 0.022139
vn -0.104474 0.994265 -0.022840
vn -0.261130 0.953626 -0.149696
vn -0.123444 0.866282 -0.484063
vn 0.187266 0.956918 -0.221899
vn -0.176344 0.976239 -0.125940
vn -0.180146 0.983472 -0.018193
vn 0.175101 -0.605941 -0.776000
vn 0.508506 0.598993 -0.618570
vn 0.187266 0.956918 -0.221899
vn -0.217962 -0.959949 -0.176040
vn -0.035557 -0.996621 -0.074036
vn 0.151806 -0.987461 -0.043312
vn 0.055975 -0.990235 -0.127681
vn 0.225378 -0.928178 -0.296125
vn -0.010204 -0.999753 0.019754
vn -0.010204 -0.999753 0.019754
vn 0.225378 -0.928178 -0.296125
vn -0.001562 -0.999995 0.002938
vn 0.261327 -0.965175 -0.012084
vn 0.151806 -0.987461 -0.043312
vn -0.035557 -0.996621 -0.074036
vn 0.264713 -0.958461 -0.106204
vn 0.151806 -0.987461 -0.043312
vn 0.235240 -0.971685 0.022139
vn -0.176344 0.976239 -0.125940
vn 0.663225 -0.408274 -0.627252
vn -0.123444 0.866282 -0.484063
vn 0.151806 -0.987461 -0.043312
vn 0.663225 -0.408274 -0.627252
vn 0.508506 0.598993 -0.618570
vn 0.264713 -0.958461 -0.106204
vn -0.001562 -0.999995 0.002938
vn 0.225378 -0.928178 -0.296125
vn -0.104866 -0.992138 0.068308
vn -0.001562 -0.999995 0.002938
vn 0.235240 -0.971685 0.022139
vn -0.490739 -0.664989 0.562997
vn -0.073068 -0.988271 0.134097
vn -0.104866 -0.992138 0.068308
vn -0.233283 -0.938455 0.254717
vn -0.010204 -0.999753 0.019754
vn -0.073068 -0.988271 0.134097
vn 0.032831 -0.951048 -0.307296
vn 0.000023 -1.000000 0.000000
vn 0.141896 -0.912390 -0.383940
vn 0.004154 -0.999977 0.005457
vn 0.000002 -1.000000 -0.000017
vn 0.019609 -0.999762 -0.009609
vn 0.042399 -0.991200 -0.125400
vn 0.007652 -0.999859 -0.014923
vn 0.098792 -0.958313 -0.268098
vn 0.023072 -0.972314 -0.232535
vn 0.042399 -0.991200 -0.125400
vn 0.007238 -0.887047 -0.461622
vn -0.145253 -0.948528 0.281419
vn 0.012529 -0.999921 -0.001085
vn -0.036478 -0.979939 0.195933
vn 0.004154 -0.999977 0.005457
vn 0.007652 -0.999859 -0.014923
vn 0.020237 -0.999691 0.014473
vn -0.004261 -0.999948 -0.009225
vn 0.012529 -0.999921 -0.001085
vn 0.020237 -0.999691 0.014473
vn 0.004154 -0.999977 0.005457
vn 0.020237 -0.999691 0.014473
vn 0.012529 -0.999921 -0.001085
vn 0.287821 0.956286 -0.051733
vn 0.311098 0.942992 -0.118258
vn 0.421108 0.906918 0.012940
vn 0.062161 0.995418 -0.072652
vn 0.311098 0.942992 -0.118258
vn 0.039172 0.898379 -0.437471
vn 0.101722 0.970717 0.217627
vn 0.355810 0.930606 0.085862
vn -0.011169 0.950066 0.311849
vn 0.103551 0.900057 -0.423290
vn 0.287821 0.956286 -0.051733
vn 0.099194 0.773533 -0.625945
vn 0.252957 0.887873 -0.384311
vn 0.703976 -0.145960 -0.695064
vn 0.430271 0.640400 -0.636203
vn 0.099194 0.773533 -0.625945
vn 0.287821 0.956286 -0.051733
vn 0.086728 0.981594 -0.170154
vn 0.075832 0.632212 -0.771076
vn 0.103551 0.900057 -0.423290
vn 0.099194 0.773533 -0.625945
vn 0.311098 0.942992 -0.118258
vn 0.103551 0.900057 -0.423290
vn 0.039172 0.898379 -0.437471
vn 0.355810 0.930606 0.085862
vn 0.101722 0.970717 0.217627
vn 0.421108 0.906918 0.012940
vn 0.101722 0.970717 0.217627
vn 0.006107 0.986796 0.161850
vn 0.070512 0.996993 -0.032157
vn 0.349076 0.936499 0.033409
vn 0.355810 0.930606 0.085862
vn 0.421108 0.906918 0.012940
vn 0.303886 0.952422 0.023373
vn -0.011169 0.950066 0.311849
vn 0.355810 0.930606 0.085862
vn -0.045513 0.946081 0.320717
vn 0.252957 0.887873 -0.384311
vn 0.157322 0.979262 -0.127652
vn 0.175437 0.819671 -0.545308
vn 0.229226 0.286558 -0.930237
vn 0.138237 0.524671 -0.840007
vn 0.169496 0.872057 -0.459116
vn 0.070512 0.996993 -0.032157
vn 0.006107 0.986796 0.161850
vn 0.070512 0.996993 -0.032157
vn 0.175437 0.819671 -0.545308
vn 0.086728 0.981594 -0.170154
vn 0.086728 0.981594 -0.170154
vn 0.287821 0.956286 -0.051733
vn 0.101722 0.970717 0.217627
vn 0.138237 0.524671 -0.840007
vn 0.086728 0.981594 -0.170154
vn 0.175437 0.819671 -0.545308
vn -0.018188 0.988245 -0.151793
vn -0.531948 0.823759 0.196093
vn -0.682590 0.708134 -0.180602
vn -0.104127 0.979021 0.175146
vn -0.531948 0.823759 0.196093
vn 0.084983 0.971058 -0.223214
vn 0.421462 0.692975 -0.584941
vn 0.084983 0.971058 -0.223214
vn 0.606733 0.536962 -0.586128
vn 0.421462 0.692975 -0.584941
vn -0.104127 0.979021 0.175146
vn 0.084983 0.971058 -0.223214
vn 0.529424 -0.692649 -0.489844
vn 0.703976 -0.145960 -0.695064
vn 0.683987 -0.057966 -0.727187
vn 0.421462 0.692975 -0.584941
vn 0.703976 -0.145960 -0.695064
vn 0.252957 0.887873 -0.384311
vn 0.175437 0.819671 -0.545308
vn 0.070512 0.996993 -0.032157
vn 0.169496 0.872057 -0.459116
vn -0.104127 0.979021 0.175146
vn 0.252957 0.887873 -0.384311
vn -0.045513 0.946081 0.320717
vn 0.421462 0.692975 -0.584941
vn 0.252957 0.887873 -0.384311
vn -0.104127 0.979021 0.175146
vn 0.246751 0.898599 -0.362814
vn 0.157322 0.979262 -0.127652
vn 0.430271 0.640400 -0.636203
vn 0.703976 -0.145960 -0.695064
vn 0.490988 -0.261078 -0.831125
vn 0.430271 0.640400 -0.636203
vn 0.252431 -0.815056 -0.521500
vn -0.761301 -0.553461 -0.337789
vn -0.686941 -0.722165 -0.081183
vn 0.246751 0.898599 -0.362814
vn 0.144713 0.966310 -0.212844
vn 0.007786 0.983787 0.179170
vn -0.011169 0.950066 0.311849
vn 0.006107 0.986796 0.161850
vn 0.101722 0.970717 0.217627
vn -0.074225 -0.930026 -0.359919
vn -0.590037 -0.764765 0.258826
vn -0.205643 -0.809226 0.550331
vn -0.558211 -0.823133 -0.104175
vn -0.172255 -0.281767 -0.943894
vn -0.260397 -0.903389 0.340709
vn 0.430271 0.640400 -0.636203
vn 0.157322 0.979262 -0.127652
vn 0.252957 0.887873 -0.384311
vn 0.157322 0.979262 -0.127652
vn 0.246751 0.898599 -0.362814
vn 0.007786 0.983787 0.179170
vn 0.703976 -0.145960 -0.695064
vn 0.252431 -0.815056 -0.521500
vn 0.490988 -0.261078 -0.831125
vn 0.246751 0.898599 -0.362814
vn 0.430271 0.640400 -0.636203
vn 0.420387 0.419718 -0.804432
vn -0.590037 -0.764765 0.258826
vn -0.761301 -0.553461 -0.337789
vn -0.558211 -0.823133 -0.104175
vn 0.309643 0.442870 -0.841420
vn 0.420387 0.419718 -0.804432
vn -0.074225 -0.930026 -0.359919
vn 0.252431 -0.815056 -0.521500
vn -0.686941 -0.722165 -0.081183
vn 0.490988 -0.261078 -0.831125
vn -0.074225 -0.930026 -0.359919
vn 0.490988 -0.261078 -0.831125
vn -0.686941 -0.722165 -0.081183
vn 0.430271 0.640400 -0.636203
vn 0.490988 -0.261078 -0.831125
vn 0.420387 0.419718 -0.804432
vn -0.074225 -0.930026 -0.359919
vn 0.420387 0.419718 -0.804432
vn 0.490988 -0.261078 -0.831125
vn 0.338104 0.937930 -0.077288
vn 0.119230 0.972308 0.201001
vn 0.414205 0.897724 -0.150088
vn -0.070654 0.879550 0.470532
vn 0.119230 0.972308 0.201001
vn -0.006404 0.971828 0.235606
vn 0.493425 0.845652 0.203483
vn -0.734694 -0.452480 -0.505458
vn -0.074285 0.750607 -0.656560
vn -0.074285 0.750607 -0.656560
vn -0.614272 -0.410874 -0.673686
vn -0.082272 0.699739 -0.709645
vn 0.837482 0.538366 -0.093728
vn -0.082272 0.699739 -0.709645
vn 0.523424 0.363530 -0.770632
vn -0.477905 0.185693 -0.858560
vn 0.132767 -0.438005 -0.889115
vn -0.082272 0.699739 -0.709645
vn -0.074285 0.750607 -0.656560
vn -0.082272 0.699739 -0.709645
vn 0.837482 0.538366 -0.093728
vn -0.477905 0.185693 -0.858560
vn 0.269683 -0.623604 -0.733750
vn 0.132767 -0.438005 -0.889115
vn -0.614272 -0.410874 -0.673686
vn -0.734694 -0.452480 -0.505458
vn -0.309741 -0.945242 0.102853
vn -0.477905 0.185693 -0.858560
vn -0.082272 0.699739 -0.709645
vn -0.614272 -0.410874 -0.673686
vn -0.260397 -0.903389 0.340709
vn 0.132767 -0.438005 -0.889115
vn 0.339400 -0.736649 -0.584941
vn 0.523424 0.363530 -0.770632
vn -0.172255 -0.281767 -0.943894
vn -0.558211 -0.823133 -0.104175
vn 0.339400 -0.736649 -0.584941
vn -0.015818 -0.902643 -0.430100
vn -0.271121 -0.858795 0.434701
vn -0.558211 -0.823133 -0.104175
vn -0.260397 -0.903389 0.340709
vn -0.205643 -0.809226 0.550331
vn -0.082272 0.699739 -0.709645
vn -0.172255 -0.281767 -0.943894
vn 0.523424 0.363530 -0.770632
vn -0.260397 -0.903389 0.340709
vn -0.172255 -0.281767 -0.943894
vn 0.132767 -0.438005 -0.889115
vn 0.703976 -0.145960 -0.695064
vn 0.529424 -0.692649 -0.489844
vn 0.543383 -0.710615 -0.446948
vn 0.635330 -0.298593 -0.712178
vn 0.529424 -0.692649 -0.489844
vn 0.683987 -0.057966 -0.727187
vn 0.475937 -0.723502 -0.500028
vn 0.529424 -0.692649 -0.489844
vn 0.635330 -0.298593 -0.712178
vn 0.835905 0.422141 0.350798
vn 0.878105 0.473863 0.066217
vn 0.916273 0.309794 -0.253912
vn 0.234437 -0.950429 0.204265
vn -0.748194 -0.037443 -0.662423
vn -0.445568 -0.624240 -0.641712
vn -0.728869 0.202113 -0.654141
vn -0.748194 -0.037443 -0.662423
vn -0.547210 -0.745215 -0.381071
vn -0.490739 -0.664989 0.562997
vn -0.213524 -0.963076 0.163989
vn -0.665970 -0.215630 0.714134
vn 0.261327 -0.965175 -0.012084
vn -0.213524 -0.963076 0.163989
vn -0.104866 -0.992138 0.068308
vn -0.180146 0.983472 -0.018193
vn -0.176344 0.976239 -0.125940
vn -0.261130 0.953626 -0.149696
vn 0.663225 -0.408274 -0.627252
vn -0.176344 0.976239 -0.125940
vn 0.508506 0.598993 -0.618570
vn 0.098792 -0.958313 -0.268098
vn 0.007652 -0.999859 -0.014923
vn 0.019609 -0.999762 -0.009609
vn 0.020237 -0.999691 0.014473
vn 0.007652 -0.999859 -0.014923
vn 0.042399 -0.991200 -0.125400
vn 0.094008 0.934565 0.343148
vn -0.070654 0.879550 0.470532
vn -0.081058 0.875110 0.477087
vn 0.007786 0.983787 0.179170
vn -0.021263 0.916906 0.398536
vn -0.081058 0.875110 0.477087
vn -0.230570 -0.651690 0.722591
vn -0.118796 -0.334114 0.935016
vn 0.010918 -0.989992 0.140702
vn -0.296813 -0.657143 0.692867
vn 0.124951 -0.849467 -0.512634
vn 0.081476 -0.919287 -0.385063
vn 0.010918 -0.989992 0.140702
vn 0.152853 -0.416795 -0.896057
vn -0.230570 -0.651690 0.722591
vn 0.229226 0.286558 -0.930237
vn 0.152853 -0.416795 -0.896057
vn 0.138237 0.524671 -0.840007
vn -0.323098 -0.544294 0.774178
vn -0.230570 -0.651690 0.722591
vn -0.244148 -0.782826 0.572342
vn 0.015480 -0.807647 -0.589463
vn 0.229226 0.286558 -0.930237
vn 0.124951 -0.849467 -0.512634
vn 0.015480 -0.807647 -0.589463
vn -0.230570 -0.651690 0.722591
vn 0.152853 -0.416795 -0.896057
vn -0.296813 -0.657143 0.692867
vn -0.244148 -0.782826 0.572342
vn 0.124951 -0.849467 -0.512634
vn 0.206156 0.085566 -0.974771
vn 0.081476 -0.919287 -0.385063
vn 0.124951 -0.849467 -0.512634
vn -0.296813 -0.657143 0.692867
vn -0.260397 -0.903389 0.340709
vn -0.271121 -0.858795 0.434701
vn 0.309643 0.442870 -0.841420
vn -0.074225 -0.930026 -0.359919
vn 0.081476 -0.919287 -0.385063
vn -0.205643 -0.809226 0.550331
vn 0.081476 -0.919287 -0.385063
vn -0.074225 -0.930026 -0.359919
vn -0.074225 -0.930026 -0.359919
vn -0.686941 -0.722165 -0.081183
vn -0.590037 -0.764765 0.258826
vn -0.260397 -0.903389 0.340709
vn -0.296813 -0.657143 0.692867
vn -0.205643 -0.809226 0.550331
vn 0.635330 -0.298593 -0.712178
vn 0.222979 -0.763263 -0.606390
vn 0.475937 -0.723502 -0.500028
vn 0.222979 -0.763263 -0.606390
vn 0.519993 -0.511425 -0.684143
vn 0.490154 -0.412370 -0.767919
vn 0.303886 0.952422 0.023373
vn 0.355810 0.930606 0.085862
vn 0.524509 0.835284 -0.164899
vn 0.189115 0.961607 0.198865
vn -0.021263 0.916906 0.398536
vn -0.011169 0.950066 0.311849
vn -0.070654 0.879550 0.470532
vn -0.045513 0.946081 0.320717
vn -0.081058 0.875110 0.477087
vn -0.045513 0.946081 0.320717
vn 0.157322 0.979262 -0.127652
vn 0.007786 0.983787 0.179170
vn 0.144713 0.966310 -0.212844
vn 0.309643 0.442870 -0.841420
vn 0.169496 0.872057 -0.459116
vn 0.006107 0.986796 0.161850
vn -0.021263 0.916906 0.398536
vn 0.007786 0.983787 0.179170
vn 0.339400 -0.736649 -0.584941
vn 0.129906 -0.649223 -0.749423
vn -0.015818 -0.902643 -0.430100
vn -0.296813 -0.657143 0.692867
vn -0.271121 -0.858795 0.434701
vn -0.323098 -0.544294 0.774178
vn -0.265662 -0.865496 -0.424665
vn -0.092820 -0.858929 -0.503612
vn -0.172192 -0.936927 -0.304169
vn -0.323098 -0.544294 0.774178
vn -0.271121 -0.858795 0.434701
vn -0.015818 -0.902643 -0.430100
vn 0.269683 -0.623604 -0.733750
vn 0.129906 -0.649223 -0.749423
vn 0.339400 -0.736649 -0.584941
vn -0.265662 -0.865496 -0.424665
vn 0.129906 -0.649223 -0.749423
vn -0.583444 -0.804683 0.109903
vn -0.092820 -0.858929 -0.503612
vn -0.131084 -0.760307 0.636200
vn -0.172192 -0.936927 -0.304169
vn -0.278472 -0.678167 0.680105
vn -0.118796 -0.334114 0.935016
vn -0.230570 -0.651690 0.722591
vn -0.092820 -0.858929 -0.503612
vn 0.105399 -0.816306 -0.567922
vn 0.025266 -0.975742 0.217459
vn -0.278472 -0.678167 0.680105
vn -0.131084 -0.760307 0.636200
vn -0.118796 -0.334114 0.935016
vn 0.025266 -0.975742 0.217459
vn -0.131084 -0.760307 0.636200
vn -0.092820 -0.858929 -0.503612
vn -0.034696 -0.356463 0.933665
vn 0.025266 -0.975742 0.217459
vn -0.024019 -0.492053 0.870234
vn -0.323098 -0.544294 0.774178
vn -0.278472 -0.678167 0.680105
vn -0.230570 -0.651690 0.722591
vn -0.131084 -0.760307 0.636200
vn -0.278472 -0.678167 0.680105
vn -0.172192 -0.936927 -0.304169
vn -0.020129 -0.962448 0.270720
vn -0.024019 -0.492053 0.870234
vn -0.069154 -0.943400 -0.324368
vn -0.023616 -0.405104 0.913966
vn 0.039255 -0.889398 0.455446
vn -0.024019 -0.492053 0.870234
vn -0.293498 -0.924239 -0.244215
vn -0.020129 -0.962448 0.270720
vn -0.069154 -0.943400 -0.324368
vn -0.020129 -0.962448 0.270720
vn -0.039937 -0.992496 -0.115567
vn 0.244434 -0.858838 0.450166
vn -0.761301 -0.553461 -0.337789
vn -0.590037 -0.764765 0.258826
vn -0.686941 -0.722165 -0.081183
vn -0.558211 -0.823133 -0.104175
vn -0.205643 -0.809226 0.550331
vn -0.590037 -0.764765 0.258826
vn 0.484306 0.861854 -0.150516
vn 0.303886 0.952422 0.023373
vn 0.524509 0.835284 -0.164899
vn 0.189115 0.961607 0.198865
vn -0.011169 0.950066 0.311849
vn 0.303886 0.952422 0.023373
vn 0.064031 0.754997 0.652594
vn 0.158112 0.669919 0.725403
vn 0.050456 0.556159 0.829543
vn 0.248788 0.811977 0.528014
vn 0.158112 0.669919 0.725403
vn 0.077615 0.795341 0.601173
vn 0.568028 0.806687 -0.163096
vn 0.518151 0.770194 -0.371916
vn 0.530532 0.847434 0.019772
vn 0.179754 0.755862 -0.629573
vn 0.518151 0.770194 -0.371916
vn 0.665237 0.712776 -0.222283
vn 0.348561 0.817522 -0.458436
vn -0.268333 0.850195 -0.452952
vn -0.463787 0.732066 -0.498980
vn 0.518151 0.770194 -0.371916
vn 0.179754 0.755862 -0.629573
vn -0.492603 0.525475 -0.693699
vn 0.206740 0.973980 -0.092852
vn -0.148804 0.949310 -0.276891
vn -0.202799 0.932572 -0.298632
vn -0.463787 0.732066 -0.498980
vn -0.202799 0.932572 -0.298632
vn -0.148804 0.949310 -0.276891
vn 0.348561 0.817522 -0.458436
vn 0.009842 0.840585 -0.541590
vn -0.268333 0.850195 -0.452952
vn -0.202799 0.932572 -0.298632
vn -0.268333 0.850195 -0.452952
vn 0.009842 0.840585 -0.541590
vn 0.483180 0.875499 0.006141
vn 0.499171 0.859380 -0.110882
vn 0.206740 0.973980 -0.092852
vn 0.282943 0.778194 -0.560676
vn 0.053163 0.681698 -0.729700
vn -0.511783 0.775513 -0.369673
vn 0.560951 0.191352 -0.805430
vn 0.222979 -0.763263 -0.606390
vn 0.490154 -0.412370 -0.767919
vn 0.490154 -0.412370 -0.767919
vn 0.808403 0.319677 -0.494258
vn 0.282943 0.778194 -0.560676
vn 0.808403 0.319677 -0.494258
vn 0.240787 0.584098 -0.775146
vn 0.053163 0.681698 -0.729700
vn -0.463787 0.732066 -0.498980
vn -0.511783 0.775513 -0.369673
vn -0.492603 0.525475 -0.693699
vn 0.282943 0.778194 -0.560676
vn -0.511783 0.775513 -0.369673
vn -0.148804 0.949310 -0.276891
vn -0.511783 0.775513 -0.369673
vn 0.053163 0.681698 -0.729700
vn -0.550624 0.255726 -0.794618
vn -0.009639 0.997176 -0.074475
vn 0.499171 0.859380 -0.110882
vn 0.483180 0.875499 0.006141
vn 0.560951 0.191352 -0.805430
vn 0.282943 0.778194 -0.560676
vn 0.499171 0.859380 -0.110882
vn 0.240787 0.584098 -0.775146
vn -0.135846 0.168427 -0.976308
vn -0.550624 0.255726 -0.794618
vn 0.656594 0.749305 0.086169
vn 0.441238 0.803286 -0.400051
vn 0.240787 0.584098 -0.775146
vn 0.891478 0.446863 0.074708
vn 0.025265 0.452631 -0.891340
vn 0.441238 0.803286 -0.400051
vn 0.023821 0.993830 -0.108324
vn 0.025265 0.452631 -0.891340
vn 0.371855 0.609209 -0.700421
vn 0.696617 0.629702 0.343803
vn 0.656594 0.749305 0.086169
vn 0.878105 0.473863 0.066217
vn 0.891478 0.446863 0.074708
vn 0.933007 0.236645 0.271105
vn 0.976219 0.216601 0.008935
vn 0.933007 0.236645 0.271105
vn 0.891478 0.446863 0.074708
vn 0.841259 0.353690 0.408885
vn 0.891478 0.446863 0.074708
vn 0.441238 0.803286 -0.400051
vn 0.696617 0.629702 0.343803
vn 0.644424 0.761769 0.066524
vn 0.841259 0.353690 0.408885
vn 0.835905 0.422141 0.350798
vn 0.891478 0.446863 0.074708
vn 0.696617 0.629702 0.343803
vn 0.841259 0.353690 0.408885
vn 0.656594 0.749305 0.086169
vn 0.696617 0.629702 0.343803
vn 0.441238 0.803286 -0.400051
vn 0.841259 0.353690 0.408885
vn 0.696617 0.629702 0.343803
vn 0.835905 0.422141 0.350798
vn 0.635330 -0.298593 -0.712178
vn 0.519993 -0.511425 -0.684143
vn 0.222979 -0.763263 -0.606390
vn 0.606733 0.536962 -0.586128
vn 0.635330 -0.298593 -0.712178
vn 0.683987 -0.057966 -0.727187
vn 0.490154 -0.412370 -0.767919
vn 0.878105 0.473863 0.066217
vn 0.656594 0.749305 0.086169
vn 0.916273 0.309794 -0.253912
vn 0.878105 0.473863 0.066217
vn 0.519993 -0.511425 -0.684143
vn 0.519993 -0.511425 -0.684143
vn 0.635330 -0.298593 -0.712178
vn 0.916273 0.309794 -0.253912
vn 0.728402 0.634812 -0.257766
vn 0.916273 0.309794 -0.253912
vn 0.635330 -0.298593 -0.712178
vn 0.421462 0.692975 -0.584941
vn 0.606733 0.536962 -0.586128
vn 0.683987 -0.057966 -0.727187
vn 0.728402 0.634812 -0.257766
vn 0.606733 0.536962 -0.586128
vn 0.084983 0.971058 -0.223214
vn 0.916273 0.309794 -0.253912
vn 0.728402 0.634812 -0.257766
vn 0.835905 0.422141 0.350798
vn 0.728402 0.634812 -0.257766
vn 0.635330 -0.298593 -0.712178
vn 0.606733 0.536962 -0.586128
vn 0.218526 0.844337 -0.489226
vn 0.141896 -0.912390 -0.383940
vn 0.384983 0.628234 -0.676099
vn -0.071757 0.366930 -0.927477
vn 0.032831 -0.951048 -0.307296
vn 0.232992 0.670797 -0.704093
vn 0.371639 -0.851498 0.369913
vn 0.882676 -0.327500 0.337087
vn -0.589972 -0.796454 0.132643
vn 0.875653 -0.482271 0.025434
vn 0.882676 -0.327500 0.337087
vn 0.755159 -0.583845 0.298094
vn 0.371639 -0.851498 0.369913
vn -0.589972 -0.796454 0.132643
vn -0.658537 -0.718958 -0.222325
vn 0.371639 -0.851498 0.369913
vn 0.881989 -0.139706 0.450086
vn 0.837846 -0.408538 0.362091
vn -0.010165 -0.994994 -0.099416
vn 0.023072 -0.972314 -0.232535
vn -0.007556 -0.172190 -0.985035
vn 0.042399 -0.991200 -0.125400
vn 0.023072 -0.972314 -0.232535
vn -0.003217 -0.999727 -0.023162
vn 0.132767 -0.438005 -0.889115
vn 0.269683 -0.623604 -0.733750
vn 0.339400 -0.736649 -0.584941
vn -0.394039 -0.918925 -0.017629
vn 0.269683 -0.623604 -0.733750
vn -0.477905 0.185693 -0.858560
vn 0.079449 -0.957699 -0.276586
vn -0.030937 -0.968178 -0.248342
vn -0.015170 -0.865925 -0.499944
vn -0.278858 -0.956541 0.085246
vn 0.079449 -0.957699 -0.276586
vn -0.265662 -0.865496 -0.424665
vn -0.124738 -0.895910 -0.426364
vn -0.015170 -0.865925 -0.499944
vn -0.030937 -0.968178 -0.248342
vn -0.092820 -0.858929 -0.503612
vn -0.015170 -0.865925 -0.499944
vn 0.105399 -0.816306 -0.567922
vn -0.684656 -0.498688 -0.531560
vn -0.654462 -0.616183 -0.438175
vn -0.677089 0.654192 -0.337021
vn -0.358385 -0.897798 -0.255968
vn -0.654462 -0.616183 -0.438175
vn -0.472289 -0.831419 -0.292720
vn -0.808206 0.232651 -0.540997
vn -0.835325 0.374686 -0.402296
vn -0.472289 -0.831419 -0.292720
vn -0.828607 0.393654 -0.398054
vn -0.051327 -0.985667 -0.160706
vn -0.161982 -0.947173 -0.276814
vn -0.559339 0.708408 -0.430463
vn -0.684701 0.574292 -0.448746
vn -0.835325 0.374686 -0.402296
vn -0.851077 0.477343 -0.218659
vn -0.828607 0.393654 -0.398054
vn -0.684701 0.574292 -0.448746
vn -0.358385 -0.897798 -0.255968
vn -0.835325 0.374686 -0.402296
vn -0.828607 0.393654 -0.398054
vn -0.684701 0.574292 -0.448746
vn -0.828607 0.393654 -0.398054
vn -0.835325 0.374686 -0.402296
vn -0.423966 -0.901296 0.088983
vn 0.837846 -0.408538 0.362091
vn -0.372038 -0.927824 0.027033
vn 0.837846 -0.408538 0.362091
vn 0.755159 -0.583845 0.298094
vn 0.882676 -0.327500 0.337087
vn -0.848796 -0.505512 -0.154928
vn -0.567499 -0.781162 -0.260252
vn -0.981924 0.172804 0.077231
vn -0.978528 0.163713 -0.125223
vn -0.858231 0.512929 0.018549
vn -0.655269 0.740164 -0.150931
vn -0.858231 0.512929 0.018549
vn -0.981924 0.172804 0.077231
vn -0.567499 -0.781162 -0.260252
vn -0.888984 -0.457346 0.023293
vn -0.978528 0.163713 -0.125223
vn 0.407073 -0.681648 -0.607986
vn 0.168616 -0.968198 -0.184827
vn -0.088678 -0.989592 -0.113330
vn 0.422404 0.531313 -0.734358
vn -0.693954 -0.711658 0.109411
vn -0.888984 -0.457346 0.023293
vn -0.088678 -0.989592 -0.113330
vn -0.888984 -0.457346 0.023293
vn -0.858231 0.512929 0.018549
vn -0.978528 0.163713 -0.125223
vn -0.210017 -0.974077 -0.084067
vn 0.407073 -0.681648 -0.607986
vn -0.978528 0.163713 -0.125223
vn -0.655269 0.740164 -0.150931
vn -0.828607 0.393654 -0.398054
vn -0.851077 0.477343 -0.218659
vn -0.210017 -0.974077 -0.084067
vn -0.978528 0.163713 -0.125223
vn -0.589972 -0.796454 0.132643
vn 0.882676 -0.327500 0.337087
vn -0.210017 -0.974077 -0.084067
vn -0.589972 -0.796454 0.132643
vn 0.967483 -0.252623 -0.012621
vn 0.407073 -0.681648 -0.607986
vn -0.210017 -0.974077 -0.084067
vn -0.981924 0.172804 0.077231
vn -0.858231 0.512929 0.018549
vn -0.888984 -0.457346 0.023293
vn -0.655269 0.740164 -0.150931
vn -0.858231 0.512929 0.018549
vn -0.567499 -0.781162 -0.260252
vn -0.851077 0.477343 -0.218659
vn -0.589972 -0.796454 0.132643
vn -0.978528 0.163713 -0.125223
vn -0.698419 -0.457294 -0.550539
vn -0.658537 -0.718958 -0.222325
vn -0.684701 0.574292 -0.448746
vn -0.684701 0.574292 -0.448746
vn -0.658537 -0.718958 -0.222325
vn -0.851077 0.477343 -0.218659
vn -0.589972 -0.796454 0.132643
vn -0.851077 0.477343 -0.218659
vn -0.658537 -0.718958 -0.222325
vn 0.074199 0.995968 0.050431
vn 0.640262 0.732119 -0.232522
vn 0.760990 0.643648 -0.081311
vn 0.407073 -0.681648 -0.607986
vn 0.640262 0.732119 -0.232522
vn 0.422404 0.531313 -0.734358
vn 0.189257 -0.519248 0.833405
vn 0.460473 -0.636894 0.618329
vn 0.290401 -0.770308 0.567708
vn 0.358423 -0.822002 0.442545
vn 0.460473 -0.636894 0.618329
vn 0.252511 -0.930441 0.265551
vn 0.076103 -0.847548 0.525234
vn 0.189257 -0.519248 0.833405
vn 0.290401 -0.770308 0.567708
vn -0.020129 -0.962448 0.270720
vn 0.244434 -0.858838 0.450166
vn -0.023616 -0.405104 0.913966
vn 0.068995 -0.997548 0.011701
vn 0.244434 -0.858838 0.450166
vn -0.039937 -0.992496 -0.115567
vn 0.460473 -0.636894 0.618329
vn 0.244434 -0.858838 0.450166
vn 0.252511 -0.930441 0.265551
vn 0.464206 -0.720970 0.514505
vn 0.358423 -0.822002 0.442545
vn 0.243594 -0.967750 0.064203
vn 0.460473 -0.636894 0.618329
vn 0.358423 -0.822002 0.442545
vn 0.556234 -0.349247 0.754076
vn 0.141896 -0.912390 -0.383940
vn 0.175101 -0.605941 -0.776000
vn 0.384983 0.628234 -0.676099
vn 0.151806 -0.987461 -0.043312
vn 0.175101 -0.605941 -0.776000
vn -0.217962 -0.959949 -0.176040
vn 0.137965 -0.098485 -0.985529
vn 0.138237 0.524671 -0.840007
vn 0.152853 -0.416795 -0.896057
vn 0.086728 0.981594 -0.170154
vn 0.138237 0.524671 -0.840007
vn 0.099194 0.773533 -0.625945
vn 0.144713 0.966310 -0.212844
vn 0.006107 0.986796 0.161850
vn 0.007786 0.983787 0.179170
vn 0.206156 0.085566 -0.974771
vn 0.169496 0.872057 -0.459116
vn 0.309643 0.442870 -0.841420
vn 0.309643 0.442870 -0.841420
vn 0.144713 0.966310 -0.212844
vn 0.246751 0.898599 -0.362814
vn 0.006107 0.986796 0.161850
vn 0.144713 0.966310 -0.212844
vn 0.169496 0.872057 -0.459116
vn 0.081476 -0.919287 -0.385063
vn 0.206156 0.085566 -0.974771
vn 0.309643 0.442870 -0.841420
vn 0.229226 0.286558 -0.930237
vn 0.206156 0.085566 -0.974771
vn 0.124951 -0.849467 -0.512634
vn 0.124951 -0.849467 -0.512634
vn -0.244148 -0.782826 0.572342
vn 0.015480 -0.807647 -0.589463
vn 0.169496 0.872057 -0.459116
vn 0.229226 0.286558 -0.930237
vn 0.175437 0.819671 -0.545308
vn -0.230570 -0.651690 0.722591
vn 0.015480 -0.807647 -0.589463
vn -0.244148 -0.782826 0.572342
vn 0.152853 -0.416795 -0.896057
vn 0.229226 0.286558 -0.930237
vn 0.015480 -0.807647 -0.589463
vn -0.024019 -0.492053 0.870234
vn 0.025266 -0.975742 0.217459
vn -0.069154 -0.943400 -0.324368
vn -0.131084 -0.760307 0.636200
vn 0.025266 -0.975742 0.217459
vn -0.034696 -0.356463 0.933665
vn 0.808403 0.319677 -0.494258
vn 0.490154 -0.412370 -0.767919
vn 0.656594 0.749305 0.086169
vn 0.490154 -0.412370 -0.767919
vn 0.282943 0.778194 -0.560676
vn 0.560951 0.191352 -0.805430
vn 0.240787 0.584098 -0.775146
vn 0.808403 0.319677 -0.494258
vn 0.656594 0.749305 0.086169
vn 0.282943 0.778194 -0.560676
vn 0.808403 0.319677 -0.494258
vn 0.053163 0.681698 -0.729700
vn -0.511783 0.775513 -0.369673
vn -0.550624 0.255726 -0.794618
vn -0.492603 0.525475 -0.693699
vn 0.240787 0.584098 -0.775146
vn -0.550624 0.255726 -0.794618
vn 0.053163 0.681698 -0.729700
vn 0.000002 -1.000000 -0.000017
vn 0.032831 -0.951048 -0.307296
vn 0.019609 -0.999762 -0.009609
vn 0.032831 -0.951048 -0.307296
vn 0.141896 -0.912390 -0.383940
vn 0.232992 0.670797 -0.704093
vn -0.683186 0.150760 0.714513
vn -0.543393 0.347356 0.764243
vn -0.193066 0.613269 0.765915
vn 0.213638 0.972841 -0.089104
vn 0.395678 0.846519 -0.356152
vn 0.570648 0.516328 0.638566
vn 0.080299 0.906816 0.413808
vn 0.131238 0.966913 0.218761
vn 0.095301 0.985054 0.143477
vn -0.305389 -0.622966 0.720174
vn -0.177551 -0.321627 0.930071
vn -0.329344 0.429450 0.840895
vn -0.144409 0.596236 0.789714
vn 0.121332 0.011946 0.992540
vn -0.104068 0.457931 0.882876
vn 0.150887 -0.969724 -0.192010
vn 0.039097 -0.969127 -0.243441
vn -0.008112 -0.833464 0.552514
vn 0.080299 0.906816 0.413808
vn 0.095301 0.985054 0.143477
vn -0.132253 0.977929 -0.161752
vn -0.195249 -0.946316 -0.257612
vn -0.182786 -0.982399 -0.038485
vn -0.130242 -0.931535 -0.339530
vn 0.135075 0.819557 0.556849
vn -0.112438 0.759594 0.640605
vn -0.142435 0.692910 0.706816
vn -0.009553 0.970245 0.241938
vn -0.069949 0.592571 0.802475
vn -0.149398 0.936238 -0.318022
vn 0.080918 -0.816960 -0.570989
vn 0.129765 0.409389 -0.903085
vn 0.170730 -0.477536 -0.861865
vn 0.215584 -0.973264 0.079250
vn 0.152766 -0.987657 0.034595
vn 0.368318 -0.915826 0.160016
vn -0.300944 0.827277 0.474389
vn -0.060323 0.933854 0.352532
vn 0.137865 0.990145 0.024610
vn -0.932536 0.254115 -0.256521
vn -0.954367 0.298515 0.008508
vn -0.905575 0.378875 -0.190758
vn -0.132202 -0.987355 -0.087480
vn -0.013428 -0.995546 -0.093319
vn -0.012368 -0.978742 -0.204723
vn 0.068934 -0.997616 -0.003145
vn -0.009086 -0.998882 0.046403
vn -0.142468 -0.977403 0.156159
vn -0.009257 0.977586 -0.210335
vn 0.144860 0.979618 -0.139157
vn -0.225324 0.190498 0.955479
vn -0.366253 0.242184 0.898446
vn -0.384353 0.125250 0.914650
vn -0.327017 -0.524459 0.786131
vn 0.193281 0.336783 -0.921531
vn 0.047106 0.149104 -0.987699
vn 0.053706 0.998484 0.012063
vn -0.374553 0.906469 0.195000
vn -0.806110 0.540632 0.240632
vn 0.904544 0.420394 -0.071194
vn -0.305389 -0.622966 0.720174
vn -0.329344 0.429450 0.840895
vn -0.182036 -0.528952 0.828898
vn -0.028434 -0.990987 0.130903
vn -0.196622 -0.510853 0.836881
vn 0.150054 0.659837 0.736274
vn -0.150724 -0.988573 0.002209
vn -0.029108 -0.999566 0.004585
vn -0.175308 -0.976785 -0.123120
vn 0.000349 -1.000000 0.000566
vn 0.147666 -0.986818 -0.066221
vn 0.146670 -0.988237 -0.043315
vn 0.243172 -0.926678 0.286592
vn 0.270216 -0.557801 0.784756
vn 0.233479 -0.713494 0.660617
vn 0.148987 -0.878089 0.454712
vn 0.233479 -0.713494 0.660617
vn 0.121332 0.011946 0.992540
vn 0.065203 -0.996292 0.056131
vn 0.000408 -1.000000 0.000124
vn 0.127651 -0.988389 0.082415
vn 0.033552 -0.998178 -0.050147
vn 0.127651 -0.988389 0.082415
vn 0.000408 -1.000000 0.000124
vn -0.299143 -0.863645 0.405748
vn -0.255145 -0.941464 -0.220331
vn -0.071306 -0.950993 -0.300878
vn 0.233479 -0.713494 0.660617
vn 0.142596 -0.964741 0.221226
vn 0.243172 -0.926678 0.286592
vn -0.009086 -0.998882 0.046403
vn 0.068934 -0.997616 -0.003145
vn 0.154754 -0.986441 0.054639
vn 0.121332 0.011946 0.992540
vn -0.144409 0.596236 0.789714
vn 0.043352 -0.668716 0.742253
vn -0.041995 -0.856467 -0.514490
vn -0.000350 0.210025 -0.977696
vn -0.020754 -0.713281 -0.700570
vn -0.046137 0.833308 0.550880
vn -0.090661 0.723241 0.684619
vn -0.066757 0.077980 0.994717
vn 0.170421 0.364004 0.915673
vn -0.067546 -0.072151 0.995104
vn -0.172387 0.944882 0.278354
vn 0.068015 -0.592320 0.802827
vn 0.030351 0.999403 0.016514
vn 0.107770 -0.403274 0.908711
vn -0.043551 -0.923949 0.380028
vn 0.043352 -0.668716 0.742253
vn 0.176700 0.605749 0.775787
vn -0.309741 -0.945242 0.102853
vn -0.950337 0.263260 -0.165996
vn -0.072569 0.987675 -0.138678
vn -0.043551 -0.923949 0.380028
vn -0.067546 -0.072151 0.995104
vn -0.027841 -0.916604 0.398825
vn -0.360158 -0.838025 -0.409879
vn -0.473043 -0.451985 -0.756267
vn -0.008583 -0.867531 -0.497310
vn -0.027841 -0.916604 0.398825
vn -0.002483 -0.996781 0.080140
vn -0.043551 -0.923949 0.380028
vn -0.309741 -0.945242 0.102853
vn -0.218933 0.899365 -0.378433
vn -0.534353 -0.805310 0.256793
vn 0.590861 0.796314 0.129493
vn 0.551569 0.761830 -0.339686
vn 0.477184 0.726519 -0.494435
vn 0.030351 0.999403 0.016514
vn -0.027467 0.997177 0.069877
vn -0.043305 0.999011 0.010095
vn 0.131238 0.966913 0.218761
vn 0.206193 0.466433 0.860189
vn 0.165386 0.984761 0.053797
vn 0.033552 -0.998178 -0.050147
vn 0.001139 -0.999815 -0.019190
vn -0.012368 -0.978742 -0.204723
vn 0.026821 -0.950368 -0.309970
vn -0.012368 -0.978742 -0.204723
vn -0.001094 -0.996164 -0.087504
vn -0.182036 -0.528952 0.828898
vn -0.329344 0.429450 0.840895
vn -0.225324 0.190498 0.955479
vn 0.605190 -0.511262 -0.610210
vn -0.158439 -0.986084 -0.050360
vn -0.078632 -0.982857 -0.166759
vn 0.096213 -0.741629 -0.663875
vn -0.443672 -0.429229 0.786713
vn -0.180853 -0.975200 0.127583
vn 0.080918 -0.816960 -0.570989
vn 0.068934 -0.997616 -0.003145
vn -0.010800 -0.997704 -0.066856
vn 0.245989 -0.966979 -0.066640
vn 0.263448 -0.961804 -0.074350
vn 0.256351 -0.965402 -0.047776
vn -0.518868 -0.839590 0.160827
vn -0.279615 -0.958804 0.050103
vn -0.067973 -0.997588 0.014071
vn -0.059978 0.476634 0.877053
vn -0.026851 0.628511 0.777337
vn -0.017681 0.741099 0.671163
vn 0.080918 -0.816960 -0.570989
vn 0.170730 -0.477536 -0.861865
vn 0.153073 -0.974758 -0.162530
vn -0.140032 -0.969042 0.203345
vn 0.164380 -0.985535 0.041234
vn 0.144585 -0.977949 -0.150703
vn -0.132202 -0.987355 -0.087480
vn -0.177170 -0.984149 -0.007881
vn -0.142468 -0.977403 0.156159
vn -0.661782 0.538962 -0.521119
vn -0.374609 0.925574 -0.054603
vn -0.118644 0.948026 0.295245
vn -0.007170 -0.999936 0.008800
vn -0.198691 -0.979435 0.035061
vn 0.000000 -1.000000 0.000000
vn 0.001139 -0.999815 -0.019190
vn -0.001094 -0.996164 -0.087504
vn -0.012368 -0.978742 -0.204723
vn -0.073911 -0.996687 -0.033952
vn -0.180431 -0.925400 0.333285
vn -0.074555 -0.979406 0.187632
vn -0.010800 -0.997704 -0.066856
vn 0.016375 -0.838385 -0.544833
vn 0.080918 -0.816960 -0.570989
vn -0.451748 -0.891115 -0.042863
vn -0.198691 -0.979435 0.035061
vn -0.120535 -0.990067 0.072384
vn -0.001094 -0.996164 -0.087504
vn 0.001139 -0.999815 -0.019190
vn -0.008737 -0.999962 -0.000471
vn -0.069949 0.592571 0.802475
vn -0.009553 0.970245 0.241938
vn -0.177551 -0.321627 0.930071
vn -0.226688 0.942211 0.246680
vn -0.081853 0.932360 0.352144
vn 0.036947 0.948337 0.315106
vn 0.152766 -0.987657 0.034595
vn -0.009086 -0.998882 0.046403
vn 0.218868 -0.974659 0.046225
vn 0.053706 0.998484 0.012063
vn 0.223849 0.972984 0.056521
vn 0.114895 0.870125 0.479251
vn 0.197625 -0.813398 -0.547108
vn -0.008583 -0.867531 -0.497310
vn 0.144585 -0.977949 -0.150703
vn 0.178625 0.707832 -0.683423
vn 0.244641 0.932522 -0.265618
vn 0.266372 0.951672 -0.152858
vn 0.157815 -0.982453 -0.099402
vn 0.272990 -0.946259 -0.173406
vn 0.147666 -0.986818 -0.066221
vn -0.175308 -0.976785 -0.123120
vn 0.109455 -0.987866 -0.110186
vn -0.136675 -0.989437 -0.048308
vn 0.423054 0.367501 -0.828232
vn 0.378556 -0.369277 -0.848723
vn 0.175056 0.610586 -0.772360
vn -0.853638 -0.312872 -0.416430
vn -0.528199 0.118563 -0.840803
vn -0.700476 0.225647 -0.677064
vn 0.129765 0.409389 -0.903085
vn 0.080918 -0.816960 -0.570989
vn 0.193281 0.336783 -0.921531
vn 0.015955 0.999336 0.032764
vn -0.024122 0.992921 0.116303
vn 0.161649 0.918745 -0.360247
vn -0.002843 0.923923 0.382569
vn 0.192794 0.757469 0.623756
vn 0.155073 0.692589 0.704466
vn -0.679768 0.494134 -0.541984
vn -0.700476 0.225647 -0.677064
vn -0.528199 0.118563 -0.840803
vn 0.368318 -0.915826 0.160016
vn 0.439957 -0.870660 0.219973
vn 0.215584 -0.973264 0.079250
vn -0.905575 0.378875 -0.190758
vn 0.413708 0.898468 0.146970
vn -0.839285 0.333823 -0.429142
vn 0.283826 -0.942763 0.175044
vn 0.370269 -0.903275 0.216783
vn 0.507319 -0.790453 0.343237
vn 0.215584 -0.973264 0.079250
vn 0.033552 -0.998178 -0.050147
vn -0.013428 -0.995546 -0.093319
vn -0.197036 -0.479823 0.854954
vn -0.368059 -0.581464 0.725556
vn -0.259727 0.363291 0.894741
vn -0.067784 -0.951300 -0.300723
vn 0.016235 -0.983445 -0.180476
vn -0.028434 -0.990987 0.130903
vn -0.129572 0.982515 0.133696
vn -0.034377 0.991378 0.126444
vn 0.100602 0.973437 0.205670
vn -0.008737 -0.999962 -0.000471
vn 0.000408 -1.000000 0.000124
vn -0.029108 -0.999566 0.004585
vn -0.012368 -0.978742 -0.204723
vn -0.013428 -0.995546 -0.093319
vn 0.033552 -0.998178 -0.050147
vn 0.215584 -0.973264 0.079250
vn 0.439957 -0.870660 0.219973
vn 0.370269 -0.903275 0.216783
vn -0.105819 -0.990249 0.090603
vn 0.016375 -0.838385 -0.544833
vn -0.010800 -0.997704 -0.066856
vn -0.013428 -0.995546 -0.093319
vn 0.152766 -0.987657 0.034595
vn 0.215584 -0.973264 0.079250
vn 0.368318 -0.915826 0.160016
vn 0.152766 -0.987657 0.034595
vn 0.218868 -0.974659 0.046225
vn 0.101799 0.987160 -0.123096
vn 0.269373 0.901409 -0.338969
vn 0.417000 0.905204 -0.081950
vn -0.884502 0.374489 -0.278235
vn -0.954070 0.263269 -0.142967
vn -0.932536 0.254115 -0.256521
vn -0.132148 0.964788 -0.227423
vn -0.038141 0.980993 -0.190257
vn -0.149398 0.936238 -0.318022
vn 0.127651 -0.988389 0.082415
vn 0.370269 -0.903275 0.216783
vn 0.283826 -0.942763 0.175044
vn -0.030983 0.999505 0.005391
vn 0.174595 0.981628 0.076967
vn 0.128418 0.682330 0.719677
vn 0.007590 -0.904637 -0.426116
vn 0.029149 -0.986396 0.161784
vn 0.039097 -0.969127 -0.243441
vn -0.740230 0.633302 -0.225806
vn -0.954597 -0.178808 -0.238271
vn 0.117739 -0.988947 0.090119
vn -0.008112 -0.833464 0.552514
vn -0.043615 0.135557 0.989809
vn -0.026851 0.628511 0.777337
vn -0.012368 -0.978742 -0.204723
vn 0.026821 -0.950368 -0.309970
vn -0.177170 -0.984149 -0.007881
vn 0.154754 -0.986441 0.054639
vn 0.068934 -0.997616 -0.003145
vn 0.153073 -0.974758 -0.162530
vn -0.043615 0.135557 0.989809
vn -0.062883 0.701614 0.709777
vn -0.026851 0.628511 0.777337
vn -0.072576 0.942197 -0.327105
vn -0.330318 0.904529 0.269661
vn 0.135676 0.971989 0.191909
vn -0.023495 0.998456 0.050338
vn -0.138795 0.965783 0.219089
vn 0.522743 0.544206 0.656186
vn -0.059978 0.476634 0.877053
vn -0.088834 -0.767458 0.634915
vn -0.008112 -0.833464 0.552514
vn -0.017681 0.741099 0.671163
vn -0.026851 0.628511 0.777337
vn -0.062883 0.701614 0.709777
vn -0.806110 0.540632 0.240632
vn -0.374553 0.906469 0.195000
vn -0.954367 0.298515 0.008508
vn -0.042997 -0.389110 0.920187
vn -0.090661 0.723241 0.684619
vn -0.155085 0.197048 0.968050
vn 0.244620 0.754142 -0.609451
vn -0.278975 -0.959520 -0.038671
vn -0.076726 0.846624 -0.526632
vn 0.269373 0.901409 -0.338969
vn 0.244620 0.754142 -0.609451
vn 0.405172 0.824663 -0.394673
vn -0.030215 0.993541 -0.109373
vn -0.129524 0.971997 -0.196076
vn 0.208605 0.975251 0.073278
vn -0.239461 0.944321 -0.225648
vn -0.170524 0.739068 0.651691
vn -0.138022 0.952882 0.270121
vn -0.017681 0.741099 0.671163
vn -0.046137 0.833308 0.550880
vn -0.059978 0.476634 0.877053
vn 0.521132 0.852959 0.029718
vn -0.218933 0.899365 -0.378433
vn -0.072569 0.987675 -0.138678
vn 0.023573 -0.982049 0.187149
vn 0.012932 -0.983202 0.182060
vn 0.068015 -0.592320 0.802827
vn 0.150054 0.659837 0.736274
vn -0.196622 -0.510853 0.836881
vn -0.030215 0.993541 -0.109373
vn 0.417000 0.905204 -0.081950
vn 0.356273 0.933775 0.033666
vn -0.034377 0.991378 0.126444
vn 0.102712 -0.947419 -0.303063
vn -0.038229 -0.934419 0.354118
vn -0.001187 -0.992406 -0.122999
vn 0.215584 -0.973264 0.079250
vn 0.127651 -0.988389 0.082415
vn 0.033552 -0.998178 -0.050147
vn 0.260811 0.857043 0.444359
vn 0.260292 0.939688 0.221889
vn 0.248046 0.957238 0.148888
vn 0.153097 0.340994 0.927515
vn 0.270216 -0.557801 0.784756
vn -0.575944 -0.320022 0.752246
vn -0.059978 0.476634 0.877053
vn -0.066757 0.077980 0.994717
vn -0.088834 -0.767458 0.634915
vn 0.248046 0.957238 0.148888
vn 0.126925 0.926470 0.354321
vn 0.014117 0.690622 0.723078
vn 0.014117 0.690622 0.723078
vn -0.220076 -0.723434 0.654377
vn 0.260811 0.857043 0.444359
vn 0.053706 0.998484 0.012063
vn -0.081853 0.932360 0.352144
vn 0.015955 0.999336 0.032764
vn 0.093622 0.666708 0.739416
vn -0.478570 0.829886 -0.286808
vn 0.127118 0.758616 0.639017
vn -0.305389 -0.622966 0.720174
vn 0.053302 -0.622854 0.780520
vn -0.177551 -0.321627 0.930071
vn 0.063142 -0.978191 0.197875
vn 0.235816 -0.964372 0.119908
vn -0.029246 -0.998252 -0.051363
vn 0.164380 -0.985535 0.041234
vn -0.382027 -0.855792 0.348821
vn -0.158439 -0.986084 -0.050360
vn -0.142435 0.692910 0.706816
vn -0.078521 0.378734 0.922169
vn 0.135075 0.819557 0.556849
vn -0.142468 -0.977403 0.156159
vn -0.105819 -0.990249 0.090603
vn -0.010800 -0.997704 -0.066856
vn 0.129765 0.409389 -0.903085
vn 0.193281 0.336783 -0.921531
vn 0.015955 0.999336 0.032764
vn -0.880640 0.022463 0.473253
vn -0.843980 0.180620 0.505049
vn -0.879016 -0.258434 0.400679
vn -0.180853 -0.975200 0.127583
vn -0.795045 0.049843 0.604500
vn -0.783184 -0.454919 0.423877
vn -0.780176 0.623285 -0.053295
vn -0.928317 0.207487 0.308507
vn -0.323895 0.669444 -0.668533
vn 0.053706 0.998484 0.012063
vn 0.015955 0.999336 0.032764
vn 0.193281 0.336783 -0.921531
vn -0.954367 0.298515 0.008508
vn -0.954070 0.263269 -0.142967
vn -0.796226 0.584309 0.156867
vn 0.193281 0.336783 -0.921531
vn 0.080918 -0.816960 -0.570989
vn 0.016375 -0.838385 -0.544833
vn -0.009086 -0.998882 0.046403
vn 0.152766 -0.987657 0.034595
vn -0.013428 -0.995546 -0.093319
vn -0.964114 0.217320 0.152502
vn -0.780176 0.623285 -0.053295
vn -0.686597 0.615066 -0.387658
vn 0.016375 -0.838385 -0.544833
vn -0.017096 -0.623326 -0.781775
vn 0.047106 0.149104 -0.987699
vn -0.208028 -0.930386 0.301837
vn -0.090506 -0.867934 -0.488363
vn -0.090358 -0.692902 -0.715348
vn -0.003991 -0.999365 -0.035397
vn -0.058236 -0.997950 -0.026555
vn 0.092794 -0.856491 -0.507752
vn -0.207622 0.695289 0.688089
vn -0.193066 0.613269 0.765915
vn -0.319571 0.408132 0.855162
vn 0.153073 -0.974758 -0.162530
vn 0.068934 -0.997616 -0.003145
vn 0.080918 -0.816960 -0.570989
vn -0.359937 -0.344975 -0.866855
vn -0.539030 -0.205168 -0.816917
vn -0.478570 0.829886 -0.286808
vn 0.223849 0.972984 0.056521
vn 0.053706 0.998484 0.012063
vn 0.139162 0.301112 -0.943380
vn -0.009086 -0.998882 0.046403
vn 0.154754 -0.986441 0.054639
vn 0.218868 -0.974659 0.046225
vn 0.521132 0.852959 0.029718
vn 0.417000 0.905204 -0.081950
vn 0.405172 0.824663 -0.394673
vn 0.184469 -0.950444 -0.250256
vn 0.346955 -0.937356 -0.031415
vn 0.237030 -0.970295 -0.048420
vn -0.218933 0.899365 -0.378433
vn -0.076726 0.846624 -0.526632
vn -0.534353 -0.805310 0.256793
vn 0.326629 0.739186 0.588997
vn 0.134543 0.951650 0.276153
vn 0.259993 0.840979 0.474508
vn 0.134543 0.951650 0.276153
vn 0.326629 0.739186 0.588997
vn 0.000286 0.925438 0.378898
vn 0.590861 0.796314 0.129493
vn 0.417000 0.905204 -0.081950
vn 0.521132 0.852959 0.029718
vn 0.114895 0.870125 0.479251
vn 0.314935 0.873134 0.372093
vn 0.259993 0.840979 0.474508
vn -0.026851 0.628511 0.777337
vn -0.059978 0.476634 0.877053
vn -0.008112 -0.833464 0.552514
vn -0.218933 0.899365 -0.378433
vn 0.521132 0.852959 0.029718
vn 0.405172 0.824663 -0.394673
vn -0.142468 -0.977403 0.156159
vn -0.010800 -0.997704 -0.066856
vn 0.068934 -0.997616 -0.003145
vn 0.170730 -0.477536 -0.861865
vn 0.129765 0.409389 -0.903085
vn 0.161649 0.918745 -0.360247
vn -0.307845 -0.950841 -0.033661
vn 0.157815 -0.982453 -0.099402
vn 0.245989 -0.966979 -0.066640
vn 0.033552 -0.998178 -0.050147
vn 0.000408 -1.000000 0.000124
vn 0.001139 -0.999815 -0.019190
vn 0.161649 0.918745 -0.360247
vn 0.129765 0.409389 -0.903085
vn 0.015955 0.999336 0.032764
vn -0.029108 -0.999566 0.004585
vn 0.000408 -1.000000 0.000124
vn 0.065203 -0.996292 0.056131
vn -0.024122 0.992921 0.116303
vn -0.192703 0.948851 0.250094
vn -0.385072 0.920568 0.065370
vn -0.009086 -0.998882 0.046403
vn -0.132202 -0.987355 -0.087480
vn -0.142468 -0.977403 0.156159
vn -0.226688 0.942211 0.246680
vn -0.385072 0.920568 0.065370
vn -0.192703 0.948851 0.250094
vn -0.192703 0.948851 0.250094
vn 0.015955 0.999336 0.032764
vn -0.081853 0.932360 0.352144
vn -0.008112 -0.833464 0.552514
vn -0.088834 -0.767458 0.634915
vn 0.081409 -0.996469 -0.020539
vn -0.403319 -0.349430 -0.845714
vn -0.191201 -0.440824 -0.876993
vn -0.398954 -0.753410 -0.522693
vn -0.223899 0.908238 0.353515
vn 0.515164 0.504592 0.692816
vn 0.363188 0.175569 0.915025
vn -0.402220 0.652624 -0.642107
vn -0.176685 -0.082627 -0.980793
vn -0.038747 -0.223442 -0.973947
vn -0.192703 0.948851 0.250094
vn -0.024122 0.992921 0.116303
vn 0.015955 0.999336 0.032764
vn 0.244641 0.932522 -0.265618
vn 0.099641 0.967188 -0.233706
vn 0.206081 0.974065 0.093419
vn -0.921116 -0.041179 -0.387105
vn -0.764759 -0.494572 -0.412967
vn -0.376646 -0.917958 -0.124460
vn 0.439957 -0.870660 0.219973
vn 0.507319 -0.790453 0.343237
vn 0.370269 -0.903275 0.216783
vn 0.410010 -0.748957 -0.520534
vn 0.184469 -0.950444 -0.250256
vn -0.150967 -0.988539 -0.000446
vn -0.129572 0.982515 0.133696
vn 0.099641 0.967188 -0.233706
vn -0.034377 0.991378 0.126444
vn 0.099641 0.967188 -0.233706
vn 0.178625 0.707832 -0.683423
vn 0.101799 0.987160 -0.123096
vn -0.132202 -0.987355 -0.087480
vn -0.009086 -0.998882 0.046403
vn -0.013428 -0.995546 -0.093319
vn -0.374609 0.925574 -0.054603
vn -0.159959 0.745183 0.647391
vn -0.118644 0.948026 0.295245
vn 0.595466 0.803015 -0.024242
vn 0.153006 0.365545 -0.918132
vn 0.551569 0.761830 -0.339686
vn 0.269373 0.901409 -0.338969
vn 0.405172 0.824663 -0.394673
vn 0.417000 0.905204 -0.081950
vn 0.405172 0.824663 -0.394673
vn 0.244620 0.754142 -0.609451
vn -0.076726 0.846624 -0.526632
vn -0.090661 0.723241 0.684619
vn -0.046137 0.833308 0.550880
vn -0.235244 0.915737 0.325708
vn 0.405172 0.824663 -0.394673
vn -0.076726 0.846624 -0.526632
vn -0.218933 0.899365 -0.378433
vn 0.272990 -0.946259 -0.173406
vn 0.109455 -0.987866 -0.110186
vn 0.146670 -0.988237 -0.043315
vn 0.029149 -0.986396 0.161784
vn -0.043615 0.135557 0.989809
vn -0.008112 -0.833464 0.552514
vn -0.278975 -0.959520 -0.038671
vn -0.534353 -0.805310 0.256793
vn -0.076726 0.846624 -0.526632
vn 0.259993 0.840979 0.474508
vn 0.134543 0.951650 0.276153
vn 0.035772 0.962905 0.267459
vn -0.072569 0.987675 -0.138678
vn 0.241482 0.794114 -0.557735
vn 0.595466 0.803015 -0.024242
vn 0.065203 -0.996292 0.056131
vn 0.127651 -0.988389 0.082415
vn 0.283826 -0.942763 0.175044
vn 0.251479 0.949101 0.189648
vn 0.014408 0.965516 0.259945
vn 0.035461 0.916902 0.397535
vn 0.127651 -0.988389 0.082415
vn 0.215584 -0.973264 0.079250
vn 0.370269 -0.903275 0.216783
vn 0.266372 0.951672 -0.152858
vn 0.400200 0.910657 0.102680
vn -0.153891 0.921310 0.357080
vn 0.219141 0.343332 0.913291
vn 0.093622 0.666708 0.739416
vn 0.305459 0.426393 0.851401
vn -0.843980 0.180620 0.505049
vn -0.683186 0.150760 0.714513
vn -0.879016 -0.258434 0.400679
vn 0.527526 0.840679 -0.122376
vn 0.851127 0.470910 0.232007
vn 0.904544 0.420394 -0.071194
vn 0.043352 -0.668716 0.742253
vn -0.002483 -0.996781 0.080140
vn 0.040169 -0.995368 0.087341
vn 0.784280 -0.030017 0.619680
vn 0.626846 0.337900 0.702060
vn -0.615938 0.786909 0.037359
vn 0.040504 -0.973309 0.225895
vn 0.235816 -0.964372 0.119908
vn 0.063142 -0.978191 0.197875
vn 0.308043 0.944467 0.114420
vn 0.129079 0.991605 0.007679
vn 0.605701 0.719047 0.340731
vn 0.040169 -0.995368 0.087341
vn 0.142596 -0.964741 0.221226
vn 0.148987 -0.878089 0.454712
vn -0.037448 0.109189 0.993315
vn -0.112361 0.763646 0.635783
vn -0.110520 -0.009412 0.993829
vn 0.153097 0.340994 0.927515
vn 0.233479 -0.713494 0.660617
vn 0.270216 -0.557801 0.784756
vn 0.153097 0.340994 0.927515
vn 0.121332 0.011946 0.992540
vn 0.233479 -0.713494 0.660617
vn 0.063915 -0.854967 -0.514729
vn 0.150887 -0.969724 -0.192010
vn 0.138878 -0.851328 -0.505919
vn 0.153097 0.340994 0.927515
vn -0.104068 0.457931 0.882876
vn 0.121332 0.011946 0.992540
vn -0.239461 0.944321 -0.225648
vn -0.190871 0.980105 -0.054423
vn -0.170524 0.739068 0.651691
vn -0.075288 0.776020 0.626199
vn -0.020107 0.993257 0.114178
vn 0.015321 0.999777 0.014564
vn 0.080327 -0.587680 0.805096
vn -0.031168 0.698887 0.714553
vn -0.113837 -0.471913 0.874265
vn 0.030351 0.999403 0.016514
vn 0.067520 0.988768 0.133337
vn 0.084709 0.996077 -0.025613
vn -0.086764 -0.888187 -0.451216
vn -0.073301 -0.961668 -0.264237
vn -0.080908 -0.908248 -0.410535
vn -0.078813 -0.983054 -0.165512
vn -0.080908 -0.908248 -0.410535
vn -0.017536 -0.938131 -0.345836
vn -0.162225 0.514048 0.842281
vn -0.224810 -0.540409 0.810813
vn 0.035461 0.916902 0.397535
vn -0.219931 -0.970318 -0.100567
vn -0.029246 -0.998252 -0.051363
vn -0.092155 -0.978510 -0.184458
vn 0.493425 0.845652 0.203483
vn -0.415964 0.875216 -0.246923
vn -0.542030 0.106240 -0.833616
vn 0.376093 0.922365 0.088295
vn 0.575488 0.353992 0.737227
vn 0.325631 0.643693 0.692549
vn -0.355256 0.569264 -0.741439
vn 0.325631 0.643693 0.692549
vn -0.514181 0.834080 -0.199821
vn 0.263448 -0.961804 -0.074350
vn 0.019058 -0.999789 -0.007711
vn 0.150907 -0.986805 -0.058682
vn -0.001541 -0.979723 -0.200349
vn 0.197625 -0.813398 -0.547108
vn 0.202721 -0.751646 -0.627640
vn -0.146384 -0.967335 0.206967
vn 0.164380 -0.985535 0.041234
vn -0.140032 -0.969042 0.203345
vn -0.155085 0.197048 0.968050
vn -0.235244 0.915737 0.325708
vn -0.138022 0.952882 0.270121
vn -0.001187 -0.992406 -0.122999
vn 0.090597 -0.837819 -0.538378
vn 0.102712 -0.947419 -0.303063
vn -0.046137 0.833308 0.550880
vn -0.066757 0.077980 0.994717
vn -0.059978 0.476634 0.877053
vn -0.038229 -0.934419 0.354118
vn -0.066757 0.077980 0.994717
vn -0.042997 -0.389110 0.920187
vn 0.140832 -0.788363 -0.598874
vn -0.003991 -0.999365 -0.035397
vn 0.092794 -0.856491 -0.507752
vn 0.063915 -0.854967 -0.514729
vn -0.255145 -0.941464 -0.220331
vn 0.007590 -0.904637 -0.426116
vn 0.605701 0.719047 0.340731
vn 0.129079 0.991605 0.007679
vn 0.090445 0.949643 0.299996
vn -0.641925 -0.055850 -0.764731
vn -0.540704 0.814347 -0.210898
vn -0.539030 -0.205168 -0.816917
vn 0.241482 0.794114 -0.557735
vn -0.950337 0.263260 -0.165996
vn -0.661782 0.538962 -0.521119
vn -0.072576 0.942197 -0.327105
vn 0.241482 0.794114 -0.557735
vn -0.661782 0.538962 -0.521119
vn -0.218933 0.899365 -0.378433
vn -0.309741 -0.945242 0.102853
vn -0.072569 0.987675 -0.138678
vn -0.950337 0.263260 -0.165996
vn -0.309741 -0.945242 0.102853
vn -0.734694 -0.452480 -0.505458
vn -0.542030 0.106240 -0.833616
vn -0.661782 0.538962 -0.521119
vn -0.734694 -0.452480 -0.505458
vn 0.241482 0.794114 -0.557735
vn -0.072569 0.987675 -0.138678
vn -0.950337 0.263260 -0.165996
vn -0.734694 -0.452480 -0.505458
vn 0.493425 0.845652 0.203483
vn -0.542030 0.106240 -0.833616
vn -0.417123 0.639922 0.645374
vn -0.415964 0.875216 -0.246923
vn 0.515164 0.504592 0.692816
vn -0.734694 -0.452480 -0.505458
vn -0.661782 0.538962 -0.521119
vn -0.950337 0.263260 -0.165996
vn -0.661782 0.538962 -0.521119
vn -0.118644 0.948026 0.295245
vn -0.072576 0.942197 -0.327105
vn 0.644679 0.471991 0.601343
vn 0.308043 0.944467 0.114420
vn 0.605701 0.719047 0.340731
vn 0.551569 0.761830 -0.339686
vn 0.153006 0.365545 -0.918132
vn -0.096661 -0.251155 -0.963108
vn 0.100602 0.973437 0.205670
vn 0.590861 0.796314 0.129493
vn 0.477184 0.726519 -0.494435
vn 0.206081 0.974065 0.093419
vn -0.082253 0.981710 0.171697
vn 0.192612 0.965119 0.177332
vn -0.098653 -0.994184 0.043186
vn -0.166815 -0.985907 0.012668
vn 0.122126 -0.977593 -0.171456
vn -0.150724 -0.988573 0.002209
vn -0.001094 -0.996164 -0.087504
vn -0.008737 -0.999962 -0.000471
vn -0.010077 -0.999918 0.007861
vn 0.000000 -1.000000 0.000000
vn 0.000349 -1.000000 0.000566
vn 0.019058 -0.999789 -0.007711
vn 0.263448 -0.961804 -0.074350
vn 0.147666 -0.986818 -0.066221
vn 0.153501 0.709698 0.687580
vn 0.000286 0.925438 0.378898
vn -0.088779 0.905447 0.415071
vn -0.330318 0.904529 0.269661
vn -0.118644 0.948026 0.295245
vn -0.159959 0.745183 0.647391
vn -0.136675 -0.989437 -0.048308
vn -0.150724 -0.988573 0.002209
vn -0.175308 -0.976785 -0.123120
vn -0.166815 -0.985907 0.012668
vn -0.098653 -0.994184 0.043186
vn -0.269800 -0.960246 0.071662
vn 0.035772 0.962905 0.267459
vn 0.036947 0.948337 0.315106
vn 0.076754 0.960792 0.266433
vn 0.314935 0.873134 0.372093
vn 0.126746 0.846950 0.516344
vn 0.326629 0.739186 0.588997
vn 0.076754 0.960792 0.266433
vn 0.259993 0.840979 0.474508
vn 0.035772 0.962905 0.267459
vn 0.114895 0.870125 0.479251
vn 0.076754 0.960792 0.266433
vn -0.081853 0.932360 0.352144
vn 0.158928 0.984646 -0.072209
vn -0.240524 0.253081 -0.937069
vn -0.023495 0.998456 0.050338
vn 0.515164 0.504592 0.692816
vn 0.153501 0.709698 0.687580
vn 0.522743 0.544206 0.656186
vn 0.314935 0.873134 0.372093
vn 0.326629 0.739186 0.588997
vn 0.259993 0.840979 0.474508
vn 0.326629 0.739186 0.588997
vn 0.126746 0.846950 0.516344
vn -0.088779 0.905447 0.415071
vn 0.053706 0.998484 0.012063
vn 0.047106 0.149104 -0.987699
vn 0.139162 0.301112 -0.943380
vn 0.193281 0.336783 -0.921531
vn 0.016375 -0.838385 -0.544833
vn 0.047106 0.149104 -0.987699
vn 0.047106 0.149104 -0.987699
vn -0.017096 -0.623326 -0.781775
vn 0.139162 0.301112 -0.943380
vn -0.017096 -0.623326 -0.781775
vn 0.016375 -0.838385 -0.544833
vn -0.073911 -0.996687 -0.033952
vn -0.081853 0.932360 0.352144
vn -0.226688 0.942211 0.246680
vn -0.192703 0.948851 0.250094
vn 0.114895 0.870125 0.479251
vn -0.081853 0.932360 0.352144
vn 0.053706 0.998484 0.012063
vn -0.069949 0.592571 0.802475
vn 0.053302 -0.622854 0.780520
vn -0.075479 -0.574181 0.815242
vn 0.095184 0.972728 -0.211521
vn 0.174595 0.981628 0.076967
vn -0.030983 0.999505 0.005391
vn 0.154312 -0.135359 0.978706
vn 0.059387 -0.676600 0.733952
vn 0.145610 -0.897565 0.416143
vn -0.038141 0.980993 -0.190257
vn 0.059944 0.865233 0.497773
vn 0.174595 0.981628 0.076967
vn -0.026671 0.305835 0.951711
vn 0.174595 0.981628 0.076967
vn 0.059944 0.865233 0.497773
vn 0.410834 -0.833485 -0.369484
vn 0.278355 -0.918957 0.279349
vn 0.409357 -0.698861 -0.586532
vn -0.158432 -0.779570 0.605945
vn -0.208343 0.195507 0.958316
vn -0.078521 0.378734 0.922169
vn -0.029246 -0.998252 -0.051363
vn -0.220076 -0.723434 0.654377
vn -0.161985 -0.804353 0.571644
vn -0.197036 -0.479823 0.854954
vn -0.259727 0.363291 0.894741
vn -0.319571 0.408132 0.855162
vn -0.345843 -0.042725 0.937319
vn -0.345796 -0.616635 0.707238
vn -0.181297 -0.761523 0.622266
vn -0.090506 -0.867934 -0.488363
vn 0.096213 -0.741629 -0.663875
vn 0.065248 -0.568680 -0.819967
vn -0.345796 -0.616635 0.707238
vn -0.153758 -0.941384 0.300256
vn -0.181297 -0.761523 0.622266
vn -0.780176 0.623285 -0.053295
vn -0.801171 0.317020 0.507565
vn -0.928317 0.207487 0.308507
vn -0.186346 -0.953017 0.238818
vn -0.783184 -0.454919 0.423877
vn -0.801171 0.317020 0.507565
vn -0.915784 0.278830 0.289124
vn -0.796226 0.584309 0.156867
vn -0.849123 0.151496 0.506003
vn 0.851127 0.470910 0.232007
vn 0.890933 0.329050 0.312992
vn -0.374553 0.906469 0.195000
vn -0.595355 0.027785 0.802982
vn -0.384353 0.125250 0.914650
vn -0.060323 0.933854 0.352532
vn 0.165560 0.972878 -0.161549
vn -0.300944 0.827277 0.474389
vn 0.137865 0.990145 0.024610
vn 0.394773 -0.202173 -0.896259
vn -0.646031 0.660075 0.383334
vn 0.001664 0.444431 -0.895811
vn -0.371278 0.769320 -0.519903
vn -0.667994 0.376802 -0.641720
vn -0.793336 0.173135 -0.583646
vn 0.125872 0.871198 -0.474520
vn -0.323895 0.669444 -0.668533
vn 0.395678 0.846519 -0.356152
vn -0.186346 -0.953017 0.238818
vn -0.801171 0.317020 0.507565
vn -0.935743 -0.223346 0.272951
vn -0.764759 -0.494572 -0.412967
vn -0.921116 -0.041179 -0.387105
vn -0.764287 0.565031 -0.310814
vn -0.953739 -0.220683 -0.204158
vn -0.964114 0.217320 0.152502
vn -0.686597 0.615066 -0.387658
vn 0.127245 0.988841 0.077469
vn 0.044226 0.612500 0.789233
vn 0.400200 0.910657 0.102680
vn 0.394773 -0.202173 -0.896259
vn -0.182274 -0.421245 -0.888442
vn 0.378556 -0.369277 -0.848723
vn 0.043352 -0.668716 0.742253
vn 0.040169 -0.995368 0.087341
vn 0.148987 -0.878089 0.454712
vn 0.043352 -0.668716 0.742253
vn -0.144409 0.596236 0.789714
vn -0.112361 0.763646 0.635783
vn 0.131083 -0.974026 0.184637
vn -0.033516 0.840236 0.541184
vn -0.037448 0.109189 0.993315
vn -0.033516 0.840236 0.541184
vn -0.112361 0.763646 0.635783
vn -0.037448 0.109189 0.993315
vn 0.233479 -0.713494 0.660617
vn 0.148987 -0.878089 0.454712
vn 0.142596 -0.964741 0.221226
vn 0.043352 -0.668716 0.742253
vn 0.148987 -0.878089 0.454712
vn 0.121332 0.011946 0.992540
vn -0.575944 -0.320022 0.752246
vn -0.299143 -0.863645 0.405748
vn 0.153097 0.340994 0.927515
vn 0.153097 0.340994 0.927515
vn -0.299143 -0.863645 0.405748
vn -0.104068 0.457931 0.882876
vn -0.255145 -0.941464 -0.220331
vn -0.299143 -0.863645 0.405748
vn -0.575944 -0.320022 0.752246
vn -0.104068 0.457931 0.882876
vn -0.299143 -0.863645 0.405748
vn -0.058236 -0.997950 -0.026555
vn -0.058236 -0.997950 -0.026555
vn -0.003991 -0.999365 -0.035397
vn -0.104068 0.457931 0.882876
vn -0.003991 -0.999365 -0.035397
vn -0.110520 -0.009412 0.993829
vn -0.104068 0.457931 0.882876
vn 0.063915 -0.854967 -0.514729
vn 0.092794 -0.856491 -0.507752
vn -0.071306 -0.950993 -0.300878
vn -0.003991 -0.999365 -0.035397
vn 0.081191 -0.992942 -0.086459
vn -0.110520 -0.009412 0.993829
vn 0.102712 -0.947419 -0.303063
vn 0.138878 -0.851328 -0.505919
vn 0.081409 -0.996469 -0.020539
vn 0.138878 -0.851328 -0.505919
vn 0.102712 -0.947419 -0.303063
vn 0.159126 -0.779264 -0.606158
vn -0.196622 -0.510853 0.836881
vn -0.010641 0.045631 0.998902
vn -0.190871 0.980105 -0.054423
vn 0.102712 -0.947419 -0.303063
vn 0.090597 -0.837819 -0.538378
vn 0.159126 -0.779264 -0.606158
vn 0.139923 -0.640144 0.755405
vn 0.012932 -0.983202 0.182060
vn 0.069427 -0.974247 0.214528
vn -0.027467 0.997177 0.069877
vn 0.030351 0.999403 0.016514
vn 0.068015 -0.592320 0.802827
vn -0.067546 -0.072151 0.995104
vn 0.111281 -0.925374 0.362354
vn -0.027841 -0.916604 0.398825
vn -0.113837 -0.471913 0.874265
vn -0.030713 -0.948210 -0.316155
vn 0.080327 -0.587680 0.805096
vn 0.150054 0.659837 0.736274
vn 0.208605 0.975251 0.073278
vn 0.251479 0.949101 0.189648
vn -0.086764 -0.888187 -0.451216
vn 0.004734 -0.975717 -0.218985
vn 0.016235 -0.983445 -0.180476
vn -0.162225 0.514048 0.842281
vn 0.014408 0.965516 0.259945
vn 0.260292 0.939688 0.221889
vn -0.186981 -0.981506 0.041048
vn 0.150054 0.659837 0.736274
vn -0.224810 -0.540409 0.810813
vn -0.279615 -0.958804 0.050103
vn -0.382027 -0.855792 0.348821
vn -0.173264 -0.984481 0.027860
vn 0.004129 -0.999991 -0.000420
vn 0.150907 -0.986805 -0.058682
vn 0.019058 -0.999789 -0.007711
vn -0.000050 -0.999930 -0.011843
vn -0.279615 -0.958804 0.050103
vn -0.173264 -0.984481 0.027860
vn -0.518868 -0.839590 0.160827
vn -0.067973 -0.997588 0.014071
vn -0.198691 -0.979435 0.035061
vn -0.001541 -0.979723 -0.200349
vn 0.007607 -0.966403 -0.256918
vn 0.197625 -0.813398 -0.547108
vn -0.208882 -0.977250 0.036762
vn -0.035949 -0.989777 0.138018
vn -0.360158 -0.838025 -0.409879
vn -0.155085 0.197048 0.968050
vn -0.090661 0.723241 0.684619
vn -0.235244 0.915737 0.325708
vn -0.066757 0.077980 0.994717
vn -0.090661 0.723241 0.684619
vn -0.042997 -0.389110 0.920187
vn -0.170524 0.739068 0.651691
vn -0.155085 0.197048 0.968050
vn -0.138022 0.952882 0.270121
vn -0.051729 -0.998360 0.024511
vn -0.002867 -0.951673 0.307101
vn -0.044669 -0.731566 0.680305
vn -0.008112 -0.833464 0.552514
vn 0.039097 -0.969127 -0.243441
vn 0.029149 -0.986396 0.161784
vn 0.063915 -0.854967 -0.514729
vn 0.039097 -0.969127 -0.243441
vn 0.150887 -0.969724 -0.192010
vn -0.182274 -0.421245 -0.888442
vn 0.175056 0.610586 -0.772360
vn 0.378556 -0.369277 -0.848723
vn -0.356341 0.624376 -0.695108
vn -0.644240 -0.709272 -0.286161
vn -0.498842 -0.115843 -0.858916
vn 0.493425 0.845652 0.203483
vn 0.363188 0.175569 0.915025
vn -0.415964 0.875216 -0.246923
vn -0.661782 0.538962 -0.521119
vn -0.542030 0.106240 -0.833616
vn -0.374609 0.925574 -0.054603
vn -0.564910 0.821064 0.082041
vn -0.159959 0.745183 0.647391
vn -0.528160 0.466248 0.709690
vn -0.415964 0.875216 -0.246923
vn -0.541601 0.833143 0.111991
vn -0.542030 0.106240 -0.833616
vn -0.159959 0.745183 0.647391
vn -0.374609 0.925574 -0.054603
vn -0.541601 0.833143 0.111991
vn -0.330318 0.904529 0.269661
vn -0.072576 0.942197 -0.327105
vn -0.118644 0.948026 0.295245
vn -0.528160 0.466248 0.709690
vn -0.417123 0.639922 0.645374
vn -0.564910 0.821064 0.082041
vn -0.159959 0.745183 0.647391
vn -0.564910 0.821064 0.082041
vn -0.562001 0.797202 -0.220507
vn 0.248938 -0.405121 -0.879720
vn -0.096661 -0.251155 -0.963108
vn 0.268677 0.641218 -0.718785
vn 0.493203 0.829176 -0.263092
vn 0.153006 0.365545 -0.918132
vn -0.072576 0.942197 -0.327105
vn 0.241482 0.794114 -0.557735
vn -0.072576 0.942197 -0.327105
vn 0.153006 0.365545 -0.918132
vn -0.072576 0.942197 -0.327105
vn 0.135676 0.971989 0.191909
vn 0.493203 0.829176 -0.263092
vn -0.034377 0.991378 0.126444
vn 0.099641 0.967188 -0.233706
vn 0.101799 0.987160 -0.123096
vn 0.206081 0.974065 0.093419
vn 0.099641 0.967188 -0.233706
vn -0.129572 0.982515 0.133696
vn 0.417000 0.905204 -0.081950
vn -0.034377 0.991378 0.126444
vn 0.101799 0.987160 -0.123096
vn 0.100602 0.973437 0.205670
vn -0.034377 0.991378 0.126444
vn 0.356273 0.933775 0.033666
vn 0.175056 0.610586 -0.772360
vn -0.082253 0.981710 0.171697
vn 0.423054 0.367501 -0.828232
vn 0.175056 0.610586 -0.772360
vn 0.139454 0.948656 -0.283911
vn 0.192612 0.965119 0.177332
vn 0.206081 0.974065 0.093419
vn -0.129572 0.982515 0.133696
vn -0.082253 0.981710 0.171697
vn 0.400200 0.910657 0.102680
vn 0.206081 0.974065 0.093419
vn 0.354673 0.932708 -0.065294
vn -0.136675 -0.989437 -0.048308
vn 0.109455 -0.987866 -0.110186
vn 0.272990 -0.946259 -0.173406
vn -0.150724 -0.988573 0.002209
vn -0.136675 -0.989437 -0.048308
vn -0.269800 -0.960246 0.071662
vn 0.245989 -0.966979 -0.066640
vn 0.157815 -0.982453 -0.099402
vn 0.263448 -0.961804 -0.074350
vn -0.136675 -0.989437 -0.048308
vn 0.157815 -0.982453 -0.099402
vn -0.269800 -0.960246 0.071662
vn 0.147666 -0.986818 -0.066221
vn 0.000349 -1.000000 0.000566
vn 0.000000 -1.000000 0.000000
vn 0.157815 -0.982453 -0.099402
vn 0.147666 -0.986818 -0.066221
vn 0.263448 -0.961804 -0.074350
vn -0.007170 -0.999936 0.008800
vn -0.010077 -0.999918 0.007861
vn -0.120535 -0.990067 0.072384
vn 0.012998 -0.999854 -0.011115
vn 0.000000 -1.000000 0.000000
vn -0.000050 -0.999930 -0.011843
vn 0.153501 0.709698 0.687580
vn 0.515164 0.504592 0.692816
vn -0.223899 0.908238 0.353515
vn -0.417123 0.639922 0.645374
vn 0.515164 0.504592 0.692816
vn -0.138795 0.965783 0.219089
vn 0.000286 0.925438 0.378898
vn 0.153501 0.709698 0.687580
vn -0.223899 0.908238 0.353515
vn -0.023495 0.998456 0.050338
vn 0.126746 0.846950 0.516344
vn 0.158928 0.984646 -0.072209
vn -0.564910 0.821064 0.082041
vn -0.417123 0.639922 0.645374
vn -0.138795 0.965783 0.219089
vn -0.417123 0.639922 0.645374
vn -0.528160 0.466248 0.709690
vn -0.415964 0.875216 -0.246923
vn 0.000408 -1.000000 0.000124
vn -0.008737 -0.999962 -0.000471
vn 0.001139 -0.999815 -0.019190
vn -0.029108 -0.999566 0.004585
vn -0.150724 -0.988573 0.002209
vn -0.008737 -0.999962 -0.000471
vn -0.269800 -0.960246 0.071662
vn -0.307845 -0.950841 -0.033661
vn -0.166815 -0.985907 0.012668
vn -0.073911 -0.996687 -0.033952
vn -0.105819 -0.990249 0.090603
vn -0.180431 -0.925400 0.333285
vn 0.116777 0.670489 -0.732672
vn 0.223849 0.972984 0.056521
vn 0.139162 0.301112 -0.943380
vn 0.314935 0.873134 0.372093
vn 0.114895 0.870125 0.479251
vn 0.223849 0.972984 0.056521
vn -0.081853 0.932360 0.352144
vn 0.076754 0.960792 0.266433
vn 0.036947 0.948337 0.315106
vn 0.259993 0.840979 0.474508
vn 0.076754 0.960792 0.266433
vn 0.114895 0.870125 0.479251
vn -0.073911 -0.996687 -0.033952
vn 0.016375 -0.838385 -0.544833
vn -0.105819 -0.990249 0.090603
vn -0.191201 -0.440824 -0.876993
vn 0.116777 0.670489 -0.732672
vn 0.139162 0.301112 -0.943380
vn -0.177170 -0.984149 -0.007881
vn -0.180431 -0.925400 0.333285
vn -0.105819 -0.990249 0.090603
vn -0.193647 -0.907695 -0.372277
vn -0.017096 -0.623326 -0.781775
vn -0.073911 -0.996687 -0.033952
vn 0.286667 -0.938710 -0.191432
vn 0.122126 -0.977593 -0.171456
vn -0.166815 -0.985907 0.012668
vn -0.180431 -0.925400 0.333285
vn 0.017649 -0.999088 0.038869
vn -0.074555 -0.979406 0.187632
vn -0.105819 -0.990249 0.090603
vn -0.142468 -0.977403 0.156159
vn -0.177170 -0.984149 -0.007881
vn 0.017649 -0.999088 0.038869
vn 0.346955 -0.937356 -0.031415
vn -0.074555 -0.979406 0.187632
vn -0.012368 -0.978742 -0.204723
vn -0.177170 -0.984149 -0.007881
vn -0.132202 -0.987355 -0.087480
vn 0.017649 -0.999088 0.038869
vn -0.180431 -0.925400 0.333285
vn -0.177170 -0.984149 -0.007881
vn -0.069949 0.592571 0.802475
vn -0.177551 -0.321627 0.930071
vn 0.053302 -0.622854 0.780520
vn -0.329344 0.429450 0.840895
vn -0.177551 -0.321627 0.930071
vn -0.009553 0.970245 0.241938
vn 0.033689 -0.378137 0.925137
vn 0.059387 -0.676600 0.733952
vn 0.080299 0.906816 0.413808
vn -0.009553 0.970245 0.241938
vn -0.149398 0.936238 -0.318022
vn 0.170298 0.957811 -0.231511
vn 0.095184 0.972728 -0.211521
vn -0.009553 0.970245 0.241938
vn 0.170298 0.957811 -0.231511
vn 0.144860 0.979618 -0.139157
vn -0.009257 0.977586 -0.210335
vn 0.130345 0.977553 0.165530
vn 0.206193 0.466433 0.860189
vn -0.022582 -0.893034 0.449423
vn 0.107770 -0.403274 0.908711
vn -0.022582 -0.893034 0.449423
vn 0.023573 -0.982049 0.187149
vn 0.107770 -0.403274 0.908711
vn 0.130345 0.977553 0.165530
vn 0.188182 0.437535 0.879290
vn 0.077397 0.901796 0.425174
vn -0.378639 -0.343996 0.859243
vn -0.595355 0.027785 0.802982
vn -0.689628 0.080557 0.719670
vn -0.208343 0.195507 0.958316
vn 0.014117 0.690622 0.723078
vn 0.126925 0.926470 0.354321
vn -0.220076 -0.723434 0.654377
vn 0.014117 0.690622 0.723078
vn -0.161985 -0.804353 0.571644
vn -0.161985 -0.804353 0.571644
vn 0.063142 -0.978191 0.197875
vn -0.029246 -0.998252 -0.051363
vn -0.182786 -0.982399 -0.038485
vn -0.224810 -0.540409 0.810813
vn -0.162225 0.514048 0.842281
vn -0.348368 0.180410 0.919833
vn -0.142435 0.692910 0.706816
vn -0.112438 0.759594 0.640605
vn -0.078521 0.378734 0.922169
vn -0.142435 0.692910 0.706816
vn -0.345843 -0.042725 0.937319
vn -0.181297 -0.761523 0.622266
vn 0.040504 -0.973309 0.225895
vn -0.158432 -0.779570 0.605945
vn -0.161985 -0.804353 0.571644
vn 0.014117 0.690622 0.723078
vn -0.208343 0.195507 0.958316
vn -0.078521 0.378734 0.922169
vn 0.126925 0.926470 0.354321
vn 0.135075 0.819557 0.556849
vn -0.161985 -0.804353 0.571644
vn -0.208343 0.195507 0.958316
vn -0.158432 -0.779570 0.605945
vn -0.795045 0.049843 0.604500
vn -0.543393 0.347356 0.764243
vn -0.843980 0.180620 0.505049
vn -0.443672 -0.429229 0.786713
vn -0.197036 -0.479823 0.854954
vn -0.319571 0.408132 0.855162
vn -0.142435 0.692910 0.706816
vn -0.348368 0.180410 0.919833
vn -0.345843 -0.042725 0.937319
vn -0.296864 -0.906702 0.299605
vn 0.096213 -0.741629 -0.663875
vn -0.090506 -0.867934 -0.488363
vn -0.928317 0.207487 0.308507
vn -0.801171 0.317020 0.507565
vn -0.880640 0.022463 0.473253
vn -0.843980 0.180620 0.505049
vn -0.783184 -0.454919 0.423877
vn -0.795045 0.049843 0.604500
vn -0.954367 0.298515 0.008508
vn -0.796226 0.584309 0.156867
vn -0.915784 0.278830 0.289124
vn -0.905575 0.378875 -0.190758
vn -0.954367 0.298515 0.008508
vn -0.374553 0.906469 0.195000
vn -0.689628 0.080557 0.719670
vn -0.300944 0.827277 0.474389
vn -0.799280 0.273765 0.534981
vn -0.374553 0.906469 0.195000
vn 0.904544 0.420394 -0.071194
vn 0.851127 0.470910 0.232007
vn 0.890933 0.329050 0.312992
vn -0.905575 0.378875 -0.190758
vn -0.374553 0.906469 0.195000
vn 0.845042 0.151274 0.512855
vn 0.413708 0.898468 0.146970
vn 0.892650 0.366416 0.262518
vn -0.839285 0.333823 -0.429142
vn -0.884502 0.374489 -0.278235
vn -0.932536 0.254115 -0.256521
vn -0.815184 0.298258 -0.496505
vn 0.626846 0.337900 0.702060
vn -0.371278 0.769320 -0.519903
vn -0.780176 0.623285 -0.053295
vn -0.323895 0.669444 -0.668533
vn 0.125872 0.871198 -0.474520
vn -0.801171 0.317020 0.507565
vn -0.780176 0.623285 -0.053295
vn -0.964114 0.217320 0.152502
vn -0.686597 0.615066 -0.387658
vn 0.125872 0.871198 -0.474520
vn 0.213638 0.972841 -0.089104
vn -0.953739 -0.220683 -0.204158
vn -0.560772 -0.824683 0.073705
vn -0.935743 -0.223346 0.272951
vn 0.305459 0.426393 0.851401
vn 0.127118 0.758616 0.639017
vn 0.228115 0.626449 0.745335
vn 0.213638 0.972841 -0.089104
vn -0.764287 0.565031 -0.310814
vn -0.921116 -0.041179 -0.387105
vn 0.213638 0.972841 -0.089104
vn 0.228115 0.626449 0.745335
vn -0.764287 0.565031 -0.310814
vn 0.228115 0.626449 0.745335
vn 0.213638 0.972841 -0.089104
vn 0.570648 0.516328 0.638566
vn 0.305459 0.426393 0.851401
vn 0.228115 0.626449 0.745335
vn 0.570648 0.516328 0.638566
vn -0.764287 0.565031 -0.310814
vn 0.228115 0.626449 0.745335
vn -0.540704 0.814347 -0.210898
vn 0.219141 0.343332 0.913291
vn -0.153891 0.921310 0.357080
vn 0.044226 0.612500 0.789233
vn 0.127118 0.758616 0.639017
vn -0.478570 0.829886 -0.286808
vn -0.540704 0.814347 -0.210898
vn -0.478570 0.829886 -0.286808
vn 0.093622 0.666708 0.739416
vn 0.127245 0.988841 0.077469
vn 0.093622 0.666708 0.739416
vn 0.219141 0.343332 0.913291
vn 0.044226 0.612500 0.789233
vn 0.228115 0.626449 0.745335
vn 0.127118 0.758616 0.639017
vn -0.540704 0.814347 -0.210898
vn 0.305459 0.426393 0.851401
vn 0.093622 0.666708 0.739416
vn 0.127118 0.758616 0.639017
vn 0.043352 -0.668716 0.742253
vn -0.043551 -0.923949 0.380028
vn -0.002483 -0.996781 0.080140
vn -0.067546 -0.072151 0.995104
vn -0.043551 -0.923949 0.380028
vn 0.176700 0.605749 0.775787
vn -0.037448 0.109189 0.993315
vn -0.110520 -0.009412 0.993829
vn 0.115627 -0.971318 -0.207779
vn 0.176700 0.605749 0.775787
vn -0.033516 0.840236 0.541184
vn -0.067546 -0.072151 0.995104
vn 0.176700 0.605749 0.775787
vn -0.112361 0.763646 0.635783
vn -0.033516 0.840236 0.541184
vn 0.069427 -0.974247 0.214528
vn 0.111281 -0.925374 0.362354
vn 0.170421 0.364004 0.915673
vn 0.063915 -0.854967 -0.514729
vn 0.007590 -0.904637 -0.426116
vn 0.039097 -0.969127 -0.243441
vn 0.063915 -0.854967 -0.514729
vn 0.138878 -0.851328 -0.505919
vn 0.092794 -0.856491 -0.507752
vn -0.038229 -0.934419 0.354118
vn 0.102712 -0.947419 -0.303063
vn 0.081409 -0.996469 -0.020539
vn -0.051729 -0.998360 0.024511
vn 0.021370 -0.966868 -0.254382
vn -0.002867 -0.951673 0.307101
vn -0.239461 0.944321 -0.225648
vn -0.129524 0.971997 -0.196076
vn -0.190871 0.980105 -0.054423
vn -0.155085 0.197048 0.968050
vn -0.170524 0.739068 0.651691
vn -0.044669 -0.731566 0.680305
vn 0.016235 -0.983445 -0.180476
vn -0.010720 -0.991156 0.132268
vn -0.196622 -0.510853 0.836881
vn -0.170524 0.739068 0.651691
vn -0.010641 0.045631 0.998902
vn 0.023604 -0.892111 0.451200
vn -0.043305 0.999011 0.010095
vn -0.079429 0.926468 0.367896
vn 0.019610 0.493290 0.869644
vn -0.022582 -0.893034 0.449423
vn 0.206193 0.466433 0.860189
vn 0.145610 -0.897565 0.416143
vn 0.068015 -0.592320 0.802827
vn 0.139923 -0.640144 0.755405
vn -0.027467 0.997177 0.069877
vn -0.067546 -0.072151 0.995104
vn 0.170421 0.364004 0.915673
vn 0.111281 -0.925374 0.362354
vn 0.150054 0.659837 0.736274
vn -0.030215 0.993541 -0.109373
vn 0.208605 0.975251 0.073278
vn -0.190871 0.980105 -0.054423
vn -0.030215 0.993541 -0.109373
vn -0.196622 -0.510853 0.836881
vn 0.035461 0.916902 0.397535
vn 0.150054 0.659837 0.736274
vn 0.251479 0.949101 0.189648
vn -0.224810 -0.540409 0.810813
vn -0.195249 -0.946316 -0.257612
vn -0.186981 -0.981506 0.041048
vn -0.162225 0.514048 0.842281
vn 0.035461 0.916902 0.397535
vn 0.014408 0.965516 0.259945
vn 0.150054 0.659837 0.736274
vn 0.035461 0.916902 0.397535
vn -0.224810 -0.540409 0.810813
vn 0.260811 0.857043 0.444359
vn -0.162225 0.514048 0.842281
vn 0.260292 0.939688 0.221889
vn -0.220076 -0.723434 0.654377
vn -0.029246 -0.998252 -0.051363
vn -0.219931 -0.970318 -0.100567
vn -0.651374 -0.751191 0.106879
vn -0.451748 -0.891115 -0.042863
vn -0.078632 -0.982857 -0.166759
vn 0.000000 -1.000000 0.000000
vn -0.198691 -0.979435 0.035061
vn -0.067973 -0.997588 0.014071
vn -0.651374 -0.751191 0.106879
vn -0.198691 -0.979435 0.035061
vn -0.451748 -0.891115 -0.042863
vn -0.518868 -0.839590 0.160827
vn -0.651374 -0.751191 0.106879
vn -0.158439 -0.986084 -0.050360
vn 0.000000 -1.000000 0.000000
vn 0.000000 -1.000000 0.000000
vn 0.004129 -0.999991 -0.000420
vn 0.000000 -1.000000 0.000000
vn -0.007170 -0.999936 0.008800
vn 0.019058 -0.999789 -0.007711
vn 0.412420 -0.581966 -0.700874
vn 0.605190 -0.511262 -0.610210
vn 0.202721 -0.751646 -0.627640
vn -0.518868 -0.839590 0.160827
vn -0.158439 -0.986084 -0.050360
vn -0.382027 -0.855792 0.348821
vn 0.412420 -0.581966 -0.700874
vn -0.158439 -0.986084 -0.050360
vn 0.605190 -0.511262 -0.610210
vn 0.164380 -0.985535 0.041234
vn 0.412420 -0.581966 -0.700874
vn 0.197625 -0.813398 -0.547108
vn 0.007607 -0.966403 -0.256918
vn -0.001541 -0.979723 -0.200349
vn -0.208882 -0.977250 0.036762
vn 0.164380 -0.985535 0.041234
vn 0.197625 -0.813398 -0.547108
vn 0.144585 -0.977949 -0.150703
vn -0.666072 0.262988 -0.697987
vn -0.667994 0.376802 -0.641720
vn -0.499267 0.666078 -0.554142
vn -0.360158 -0.838025 -0.409879
vn -0.008583 -0.867531 -0.497310
vn 0.007607 -0.966403 -0.256918
vn 0.400200 0.910657 0.102680
vn 0.266372 0.951672 -0.152858
vn 0.244641 0.932522 -0.265618
vn 0.127245 0.988841 0.077469
vn 0.400200 0.910657 0.102680
vn 0.354673 0.932708 -0.065294
vn -0.415964 0.875216 -0.246923
vn 0.363188 0.175569 0.915025
vn 0.515164 0.504592 0.692816
vn -0.415964 0.875216 -0.246923
vn -0.528160 0.466248 0.709690
vn -0.541601 0.833143 0.111991
vn -0.542030 0.106240 -0.833616
vn -0.541601 0.833143 0.111991
vn -0.374609 0.925574 -0.054603
vn -0.528160 0.466248 0.709690
vn -0.159959 0.745183 0.647391
vn -0.541601 0.833143 0.111991
vn -0.138795 0.965783 0.219089
vn -0.402220 0.652624 -0.642107
vn -0.564910 0.821064 0.082041
vn -0.077225 0.991590 -0.103849
vn -0.260208 0.243431 -0.934363
vn -0.038747 -0.223442 -0.973947
vn 0.135676 0.971989 0.191909
vn -0.330318 0.904529 0.269661
vn 0.378360 0.824400 0.420961
vn 0.135676 0.971989 0.191909
vn 0.714341 0.622163 0.320360
vn 0.493203 0.829176 -0.263092
vn 0.727829 0.670187 0.145306
vn 0.493203 0.829176 -0.263092
vn 0.714341 0.622163 0.320360
vn 0.153006 0.365545 -0.918132
vn 0.493203 0.829176 -0.263092
vn 0.215150 0.448420 -0.867543
vn 0.551569 0.761830 -0.339686
vn -0.096661 -0.251155 -0.963108
vn 0.477184 0.726519 -0.494435
vn 0.521132 0.852959 0.029718
vn -0.072569 0.987675 -0.138678
vn 0.595466 0.803015 -0.024242
vn 0.153006 0.365545 -0.918132
vn 0.595466 0.803015 -0.024242
vn 0.241482 0.794114 -0.557735
vn 0.521132 0.852959 0.029718
vn 0.595466 0.803015 -0.024242
vn 0.551569 0.761830 -0.339686
vn 0.100602 0.973437 0.205670
vn 0.356273 0.933775 0.033666
vn 0.590861 0.796314 0.129493
vn -0.082253 0.981710 0.171697
vn 0.100602 0.973437 0.205670
vn 0.116428 0.832674 -0.541385
vn 0.099641 0.967188 -0.233706
vn 0.244641 0.932522 -0.265618
vn 0.178625 0.707832 -0.683423
vn 0.400200 0.910657 0.102680
vn 0.244641 0.932522 -0.265618
vn 0.206081 0.974065 0.093419
vn 0.100602 0.973437 0.205670
vn -0.082253 0.981710 0.171697
vn -0.129572 0.982515 0.133696
vn 0.423054 0.367501 -0.828232
vn -0.082253 0.981710 0.171697
vn 0.116428 0.832674 -0.541385
vn 0.248938 -0.405121 -0.879720
vn 0.116428 0.832674 -0.541385
vn 0.477184 0.726519 -0.494435
vn 0.268677 0.641218 -0.718785
vn -0.220234 0.944721 -0.242898
vn 0.248938 -0.405121 -0.879720
vn -0.409460 0.837266 0.362392
vn -0.030971 0.969937 -0.241378
vn -0.078406 0.941061 -0.329024
vn -0.049178 0.594536 -0.802564
vn -0.498842 -0.115843 -0.858916
vn -0.182274 -0.421245 -0.888442
vn 0.378556 -0.369277 -0.848723
vn 0.423054 0.367501 -0.828232
vn 0.248938 -0.405121 -0.879720
vn -0.208009 0.650601 0.730377
vn -0.206942 0.890278 0.405685
vn -0.619746 0.419689 0.663156
vn 0.423054 0.367501 -0.828232
vn 0.116428 0.832674 -0.541385
vn 0.248938 -0.405121 -0.879720
vn 0.394773 -0.202173 -0.896259
vn 0.001664 0.444431 -0.895811
vn -0.182274 -0.421245 -0.888442
vn 0.727829 0.670187 0.145306
vn 0.268677 0.641218 -0.718785
vn 0.215150 0.448420 -0.867543
vn 0.394773 -0.202173 -0.896259
vn 0.378556 -0.369277 -0.848723
vn 0.248938 -0.405121 -0.879720
vn 0.727829 0.670187 0.145306
vn 0.714341 0.622163 0.320360
vn 0.605701 0.719047 0.340731
vn -0.220234 0.944721 -0.242898
vn -0.429968 0.729287 0.532229
vn -0.646031 0.660075 0.383334
vn 0.714341 0.622163 0.320360
vn 0.644679 0.471991 0.601343
vn 0.605701 0.719047 0.340731
vn 0.268677 0.641218 -0.718785
vn 0.727829 0.670187 0.145306
vn 0.192596 0.901625 0.387271
vn 0.129079 0.991605 0.007679
vn 0.068964 0.847507 -0.526285
vn -0.030971 0.969937 -0.241378
vn 0.192596 0.901625 0.387271
vn 0.727829 0.670187 0.145306
vn 0.605701 0.719047 0.340731
vn 0.268677 0.641218 -0.718785
vn 0.192596 0.901625 0.387271
vn -0.220234 0.944721 -0.242898
vn 0.215150 0.448420 -0.867543
vn 0.268677 0.641218 -0.718785
vn -0.096661 -0.251155 -0.963108
vn 0.153006 0.365545 -0.918132
vn 0.215150 0.448420 -0.867543
vn -0.096661 -0.251155 -0.963108
vn 0.727829 0.670187 0.145306
vn 0.215150 0.448420 -0.867543
vn 0.493203 0.829176 -0.263092
vn 0.147666 -0.986818 -0.066221
vn 0.272990 -0.946259 -0.173406
vn 0.146670 -0.988237 -0.043315
vn -0.136675 -0.989437 -0.048308
vn 0.272990 -0.946259 -0.173406
vn 0.157815 -0.982453 -0.099402
vn 0.256351 -0.965402 -0.047776
vn 0.263448 -0.961804 -0.074350
vn 0.150907 -0.986805 -0.058682
vn -0.307845 -0.950841 -0.033661
vn 0.245989 -0.966979 -0.066640
vn -0.197366 -0.977605 0.073049
vn -0.307845 -0.950841 -0.033661
vn -0.197366 -0.977605 0.073049
vn -0.166815 -0.985907 0.012668
vn 0.157815 -0.982453 -0.099402
vn -0.307845 -0.950841 -0.033661
vn -0.269800 -0.960246 0.071662
vn -0.362606 -0.924342 0.118778
vn -0.166815 -0.985907 0.012668
vn -0.197366 -0.977605 0.073049
vn 0.286667 -0.938710 -0.191432
vn 0.017649 -0.999088 0.038869
vn 0.026821 -0.950368 -0.309970
vn 0.000000 -1.000000 0.000000
vn -0.010077 -0.999918 0.007861
vn -0.007170 -0.999936 0.008800
vn 0.147666 -0.986818 -0.066221
vn 0.000000 -1.000000 0.000000
vn 0.019058 -0.999789 -0.007711
vn -0.176685 -0.082627 -0.980793
vn -0.271322 -0.743758 -0.610908
vn 0.223356 -0.615245 -0.756033
vn -0.150967 -0.988539 -0.000446
vn -0.146068 -0.971733 0.185470
vn -0.081147 -0.977100 0.196700
vn 0.326629 0.739186 0.588997
vn -0.088779 0.905447 0.415071
vn 0.000286 0.925438 0.378898
vn 0.126746 0.846950 0.516344
vn 0.153501 0.709698 0.687580
vn -0.088779 0.905447 0.415071
vn -0.098653 -0.994184 0.043186
vn -0.150724 -0.988573 0.002209
vn -0.269800 -0.960246 0.071662
vn -0.001094 -0.996164 -0.087504
vn 0.122126 -0.977593 -0.171456
vn 0.026821 -0.950368 -0.309970
vn 0.122126 -0.977593 -0.171456
vn -0.001094 -0.996164 -0.087504
vn -0.098653 -0.994184 0.043186
vn -0.150724 -0.988573 0.002209
vn -0.098653 -0.994184 0.043186
vn -0.001094 -0.996164 -0.087504
vn -0.069949 0.592571 0.802475
vn -0.132148 0.964788 -0.227423
vn -0.149398 0.936238 -0.318022
vn -0.132148 0.964788 -0.227423
vn -0.250434 0.912837 -0.322508
vn -0.038141 0.980993 -0.190257
vn -0.132148 0.964788 -0.227423
vn -0.069949 0.592571 0.802475
vn 0.080299 0.906816 0.413808
vn -0.132253 0.977929 -0.161752
vn -0.250434 0.912837 -0.322508
vn -0.132148 0.964788 -0.227423
vn -0.091478 -0.995681 -0.015829
vn -0.056158 -0.994250 -0.091175
vn -0.512776 -0.417497 0.750171
vn -0.071069 -0.992213 -0.102289
vn 0.276128 -0.926466 0.255760
vn 0.197797 -0.979639 0.034419
vn -0.250434 0.912837 -0.322508
vn -0.132253 0.977929 -0.161752
vn -0.340184 0.938604 0.057421
vn -0.038141 0.980993 -0.190257
vn -0.250434 0.912837 -0.322508
vn -0.119340 0.977482 0.174033
vn 0.059944 0.865233 0.497773
vn -0.038141 0.980993 -0.190257
vn -0.119340 0.977482 0.174033
vn -0.149398 0.936238 -0.318022
vn -0.038141 0.980993 -0.190257
vn 0.170298 0.957811 -0.231511
vn -0.015505 -0.548800 0.835810
vn 0.059944 0.865233 0.497773
vn -0.119340 0.977482 0.174033
vn -0.391889 -0.769570 0.504168
vn -0.026671 0.305835 0.951711
vn 0.059944 0.865233 0.497773
vn 0.128418 0.682330 0.719677
vn -0.026671 0.305835 0.951711
vn -0.385544 -0.550549 0.740440
vn -0.363470 -0.817496 0.446754
vn 0.114491 0.265628 0.957253
vn -0.385544 -0.550549 0.740440
vn -0.090358 -0.692902 -0.715348
vn -0.204106 -0.669283 -0.714424
vn -0.417829 -0.837287 -0.352662
vn 0.174595 0.981628 0.076967
vn -0.026671 0.305835 0.951711
vn 0.128418 0.682330 0.719677
vn 0.114491 0.265628 0.957253
vn 0.164463 0.751938 0.638389
vn 0.128418 0.682330 0.719677
vn 0.174595 0.981628 0.076967
vn 0.170298 0.957811 -0.231511
vn -0.038141 0.980993 -0.190257
vn 0.130345 0.977553 0.165530
vn -0.009257 0.977586 -0.210335
vn -0.030983 0.999505 0.005391
vn 0.095184 0.972728 -0.211521
vn -0.329344 0.429450 0.840895
vn -0.009553 0.970245 0.241938
vn 0.130345 0.977553 0.165530
vn 0.077397 0.901796 0.425174
vn 0.144860 0.979618 -0.139157
vn 0.095184 0.972728 -0.211521
vn -0.009257 0.977586 -0.210335
vn -0.329344 0.429450 0.840895
vn 0.068992 0.996946 -0.036605
vn -0.366253 0.242184 0.898446
vn 0.144860 0.979618 -0.139157
vn -0.327017 -0.524459 0.786131
vn -0.225324 0.190498 0.955479
vn -0.366253 0.242184 0.898446
vn -0.366253 0.242184 0.898446
vn 0.068992 0.996946 -0.036605
vn -0.384353 0.125250 0.914650
vn -0.225324 0.190498 0.955479
vn -0.327017 -0.524459 0.786131
vn -0.182036 -0.528952 0.828898
vn 0.174595 0.981628 0.076967
vn 0.095184 0.972728 -0.211521
vn 0.170298 0.957811 -0.231511
vn -0.009257 0.977586 -0.210335
vn 0.095184 0.972728 -0.211521
vn -0.030983 0.999505 0.005391
vn 0.206193 0.466433 0.860189
vn 0.154312 -0.135359 0.978706
vn 0.145610 -0.897565 0.416143
vn 0.080299 0.906816 0.413808
vn 0.154312 -0.135359 0.978706
vn 0.131238 0.966913 0.218761
vn -0.060323 0.933854 0.352532
vn -0.384353 0.125250 0.914650
vn 0.181437 0.981662 0.058478
vn 0.165560 0.972878 -0.161549
vn 0.377548 0.904807 -0.196929
vn -0.300944 0.827277 0.474389
vn 0.014117 0.690622 0.723078
vn 0.260811 0.857043 0.444359
vn 0.248046 0.957238 0.148888
vn -0.162225 0.514048 0.842281
vn 0.260811 0.857043 0.444359
vn -0.220076 -0.723434 0.654377
vn 0.095301 0.985054 0.143477
vn 0.165386 0.984761 0.053797
vn -0.010812 0.985608 0.168700
vn -0.182786 -0.982399 -0.038485
vn -0.195249 -0.946316 -0.257612
vn -0.224810 -0.540409 0.810813
vn 0.040504 -0.973309 0.225895
vn -0.181297 -0.761523 0.622266
vn -0.153758 -0.941384 0.300256
vn -0.078521 0.378734 0.922169
vn -0.181297 -0.761523 0.622266
vn -0.158432 -0.779570 0.605945
vn -0.143142 -0.937782 -0.316348
vn -0.153758 -0.941384 0.300256
vn -0.090358 -0.692902 -0.715348
vn 0.276128 -0.926466 0.255760
vn -0.015505 -0.548800 0.835810
vn -0.234187 0.752121 0.616012
vn -0.161985 -0.804353 0.571644
vn -0.158432 -0.779570 0.605945
vn 0.063142 -0.978191 0.197875
vn 0.040504 -0.973309 0.225895
vn 0.063142 -0.978191 0.197875
vn -0.158432 -0.779570 0.605945
vn -0.078521 0.378734 0.922169
vn -0.345843 -0.042725 0.937319
vn -0.181297 -0.761523 0.622266
vn 0.126925 0.926470 0.354321
vn -0.078521 0.378734 0.922169
vn -0.208343 0.195507 0.958316
vn -0.197036 -0.479823 0.854954
vn -0.443672 -0.429229 0.786713
vn -0.296864 -0.906702 0.299605
vn -0.543393 0.347356 0.764243
vn -0.443672 -0.429229 0.786713
vn -0.319571 0.408132 0.855162
vn -0.348368 0.180410 0.919833
vn -0.345796 -0.616635 0.707238
vn -0.345843 -0.042725 0.937319
vn -0.208028 -0.930386 0.301837
vn -0.345796 -0.616635 0.707238
vn -0.368059 -0.581464 0.725556
vn -0.259727 0.363291 0.894741
vn -0.112438 0.759594 0.640605
vn -0.207622 0.695289 0.688089
vn -0.345796 -0.616635 0.707238
vn -0.348368 0.180410 0.919833
vn -0.368059 -0.581464 0.725556
vn -0.090506 -0.867934 -0.488363
vn -0.197036 -0.479823 0.854954
vn -0.296864 -0.906702 0.299605
vn -0.259727 0.363291 0.894741
vn -0.368059 -0.581464 0.725556
vn -0.348368 0.180410 0.919833
vn -0.935743 -0.223346 0.272951
vn -0.801171 0.317020 0.507565
vn -0.964114 0.217320 0.152502
vn -0.783184 -0.454919 0.423877
vn -0.843980 0.180620 0.505049
vn -0.801171 0.317020 0.507565
vn -0.799280 0.273765 0.534981
vn -0.915784 0.278830 0.289124
vn -0.849123 0.151496 0.506003
vn -0.954367 0.298515 0.008508
vn -0.915784 0.278830 0.289124
vn -0.806110 0.540632 0.240632
vn -0.806110 0.540632 0.240632
vn 0.377548 0.904807 -0.196929
vn 0.904544 0.420394 -0.071194
vn 0.271453 0.861221 -0.429664
vn 0.527526 0.840679 -0.122376
vn 0.377548 0.904807 -0.196929
vn -0.799280 0.273765 0.534981
vn -0.806110 0.540632 0.240632
vn -0.915784 0.278830 0.289124
vn 0.377548 0.904807 -0.196929
vn 0.165560 0.972878 -0.161549
vn 0.271453 0.861221 -0.429664
vn 0.377548 0.904807 -0.196929
vn -0.806110 0.540632 0.240632
vn -0.799280 0.273765 0.534981
vn -0.595355 0.027785 0.802982
vn -0.300944 0.827277 0.474389
vn -0.689628 0.080557 0.719670
vn -0.779167 0.029017 0.626144
vn -0.847325 0.453381 0.276561
vn -0.177218 -0.563518 0.806871
vn -0.779167 0.029017 0.626144
vn -0.954597 -0.178808 -0.238271
vn -0.422406 0.894351 0.147343
vn 0.377548 0.904807 -0.196929
vn 0.527526 0.840679 -0.122376
vn 0.904544 0.420394 -0.071194
vn 0.144492 0.989345 -0.017821
vn 0.527526 0.840679 -0.122376
vn 0.132910 0.981950 -0.134568
vn 0.165560 0.972878 -0.161549
vn -0.238118 0.957503 -0.162748
vn 0.202964 0.788237 -0.580937
vn 0.527526 0.840679 -0.122376
vn 0.271453 0.861221 -0.429664
vn 0.132910 0.981950 -0.134568
vn -0.954367 0.298515 0.008508
vn -0.932536 0.254115 -0.256521
vn -0.954070 0.263269 -0.142967
vn -0.839285 0.333823 -0.429142
vn -0.932536 0.254115 -0.256521
vn -0.905575 0.378875 -0.190758
vn 0.892650 0.366416 0.262518
vn 0.890933 0.329050 0.312992
vn 0.851127 0.470910 0.232007
vn 0.413708 0.898468 0.146970
vn -0.905575 0.378875 -0.190758
vn 0.890933 0.329050 0.312992
vn 0.669544 0.506094 0.543672
vn 0.892650 0.366416 0.262518
vn 0.618800 0.779540 0.096968
vn -0.025211 -0.741589 -0.670381
vn -0.790242 0.501704 -0.351868
vn -0.354529 -0.199214 -0.913577
vn 0.845042 0.151274 0.512855
vn 0.669544 0.506094 0.543672
vn 0.784280 -0.030017 0.619680
vn -0.815184 0.298258 -0.496505
vn -0.700476 0.225647 -0.677064
vn -0.839285 0.333823 -0.429142
vn 0.144492 0.989345 -0.017821
vn 0.892650 0.366416 0.262518
vn 0.851127 0.470910 0.232007
vn 0.845042 0.151274 0.512855
vn 0.892650 0.366416 0.262518
vn 0.669544 0.506094 0.543672
vn 0.892650 0.366416 0.262518
vn 0.413708 0.898468 0.146970
vn 0.890933 0.329050 0.312992
vn 0.413708 0.898468 0.146970
vn 0.703799 0.477947 0.525579
vn -0.839285 0.333823 -0.429142
vn -0.839285 0.333823 -0.429142
vn 0.703799 0.477947 0.525579
vn -0.615938 0.786909 0.037359
vn -0.679768 0.494134 -0.541984
vn -0.884502 0.374489 -0.278235
vn -0.839285 0.333823 -0.429142
vn 0.144492 0.989345 -0.017821
vn 0.851127 0.470910 0.232007
vn 0.527526 0.840679 -0.122376
vn 0.144492 0.989345 -0.017821
vn -0.398606 0.837890 -0.372898
vn 0.190455 0.951904 0.240010
vn 0.336701 0.628655 0.701017
vn 0.669544 0.506094 0.543672
vn 0.192794 0.757469 0.623756
vn 0.413708 0.898468 0.146970
vn 0.845042 0.151274 0.512855
vn 0.703799 0.477947 0.525579
vn 0.626846 0.337900 0.702060
vn 0.784280 -0.030017 0.619680
vn 0.605087 -0.026708 0.795712
vn 0.703799 0.477947 0.525579
vn 0.845042 0.151274 0.512855
vn 0.784280 -0.030017 0.619680
vn 0.892650 0.366416 0.262518
vn 0.144492 0.989345 -0.017821
vn 0.618800 0.779540 0.096968
vn 0.144492 0.989345 -0.017821
vn -0.740230 0.633302 -0.225806
vn -0.398606 0.837890 -0.372898
vn 0.585510 0.345527 0.733341
vn 0.542439 0.417741 0.728871
vn 0.409821 0.809595 0.420242
vn -0.615938 0.786909 0.037359
vn 0.626846 0.337900 0.702060
vn -0.815184 0.298258 -0.496505
vn -0.422932 0.768027 0.480899
vn -0.208009 0.650601 0.730377
vn -0.619746 0.419689 0.663156
vn -0.619746 0.419689 0.663156
vn -0.429968 0.729287 0.532229
vn -0.422932 0.768027 0.480899
vn -0.839285 0.333823 -0.429142
vn -0.615938 0.786909 0.037359
vn -0.815184 0.298258 -0.496505
vn 0.784280 -0.030017 0.619680
vn -0.615938 0.786909 0.037359
vn 0.703799 0.477947 0.525579
vn 0.619059 0.227180 0.751768
vn -0.371278 0.769320 -0.519903
vn 0.626846 0.337900 0.702060
vn -0.178567 0.887474 -0.424858
vn -0.370695 0.770647 -0.518351
vn -0.666072 0.262988 -0.697987
vn 0.619059 0.227180 0.751768
vn 0.626846 0.337900 0.702060
vn 0.605087 -0.026708 0.795712
vn -0.245546 0.930052 -0.273331
vn -0.667994 0.376802 -0.641720
vn -0.371278 0.769320 -0.519903
vn -0.839285 0.333823 -0.429142
vn -0.700476 0.225647 -0.677064
vn -0.679768 0.494134 -0.541984
vn -0.815184 0.298258 -0.496505
vn -0.371278 0.769320 -0.519903
vn -0.793336 0.173135 -0.583646
vn 0.213638 0.972841 -0.089104
vn 0.125872 0.871198 -0.474520
vn 0.395678 0.846519 -0.356152
vn -0.780176 0.623285 -0.053295
vn 0.125872 0.871198 -0.474520
vn -0.686597 0.615066 -0.387658
vn -0.686597 0.615066 -0.387658
vn -0.921116 -0.041179 -0.387105
vn -0.953739 -0.220683 -0.204158
vn -0.560772 -0.824683 0.073705
vn -0.953739 -0.220683 -0.204158
vn -0.376646 -0.917958 -0.124460
vn 0.213638 0.972841 -0.089104
vn -0.921116 -0.041179 -0.387105
vn -0.686597 0.615066 -0.387658
vn -0.764759 -0.494572 -0.412967
vn -0.641925 -0.055850 -0.764731
vn -0.404342 -0.623015 -0.669597
vn 0.400200 0.910657 0.102680
vn 0.044226 0.612500 0.789233
vn -0.153891 0.921310 0.357080
vn 0.093622 0.666708 0.739416
vn 0.044226 0.612500 0.789233
vn 0.127245 0.988841 0.077469
vn 0.043352 -0.668716 0.742253
vn -0.112361 0.763646 0.635783
vn 0.176700 0.605749 0.775787
vn -0.110520 -0.009412 0.993829
vn -0.112361 0.763646 0.635783
vn -0.144409 0.596236 0.789714
vn -0.110520 -0.009412 0.993829
vn -0.144409 0.596236 0.789714
vn -0.104068 0.457931 0.882876
vn 0.115627 -0.971318 -0.207779
vn -0.110520 -0.009412 0.993829
vn 0.081191 -0.992942 -0.086459
vn -0.003991 -0.999365 -0.035397
vn 0.140832 -0.788363 -0.598874
vn 0.081191 -0.992942 -0.086459
vn 0.090431 -0.862669 -0.497618
vn 0.080651 -0.914323 -0.396874
vn 0.131083 -0.974026 0.184637
vn -0.037448 0.109189 0.993315
vn 0.115627 -0.971318 -0.207779
vn 0.131083 -0.974026 0.184637
vn -0.172387 0.944882 0.278354
vn 0.015321 0.999777 0.014564
vn 0.170421 0.364004 0.915673
vn 0.080651 -0.914323 -0.396874
vn 0.090431 -0.862669 -0.497618
vn 0.078822 -0.838872 -0.538592
vn -0.113837 -0.471913 0.874265
vn -0.172387 0.944882 0.278354
vn -0.033516 0.840236 0.541184
vn -0.067546 -0.072151 0.995104
vn -0.033516 0.840236 0.541184
vn -0.172387 0.944882 0.278354
vn -0.113837 -0.471913 0.874265
vn -0.033516 0.840236 0.541184
vn 0.131083 -0.974026 0.184637
vn -0.080908 -0.908248 -0.410535
vn -0.073301 -0.961668 -0.264237
vn -0.030713 -0.948210 -0.316155
vn -0.172387 0.944882 0.278354
vn -0.113837 -0.471913 0.874265
vn -0.031168 0.698887 0.714553
vn 0.131083 -0.974026 0.184637
vn 0.080651 -0.914323 -0.396874
vn -0.113837 -0.471913 0.874265
vn -0.030713 -0.948210 -0.316155
vn -0.113837 -0.471913 0.874265
vn 0.080651 -0.914323 -0.396874
vn -0.080908 -0.908248 -0.410535
vn -0.030713 -0.948210 -0.316155
vn 0.080651 -0.914323 -0.396874
vn 0.084067 -0.746519 0.660032
vn 0.080327 -0.587680 0.805096
vn -0.073301 -0.961668 -0.264237
vn -0.080908 -0.908248 -0.410535
vn 0.080651 -0.914323 -0.396874
vn -0.017536 -0.938131 -0.345836
vn -0.030713 -0.948210 -0.316155
vn -0.073301 -0.961668 -0.264237
vn 0.080327 -0.587680 0.805096
vn -0.017536 -0.938131 -0.345836
vn -0.051729 -0.998360 0.024511
vn -0.078813 -0.983054 -0.165512
vn -0.080908 -0.908248 -0.410535
vn 0.004734 -0.975717 -0.218985
vn -0.086764 -0.888187 -0.451216
vn 0.173079 -0.957158 -0.232148
vn 0.084067 -0.746519 0.660032
vn -0.073301 -0.961668 -0.264237
vn -0.031168 0.698887 0.714553
vn 0.080327 -0.587680 0.805096
vn -0.075288 0.776020 0.626199
vn 0.023604 -0.892111 0.451200
vn -0.078813 -0.983054 -0.165512
vn -0.051729 -0.998360 0.024511
vn 0.023604 -0.892111 0.451200
vn -0.010720 -0.991156 0.132268
vn -0.078813 -0.983054 -0.165512
vn 0.177039 -0.919115 -0.351974
vn 0.016235 -0.983445 -0.180476
vn -0.067784 -0.951300 -0.300723
vn 0.173079 -0.957158 -0.232148
vn -0.086764 -0.888187 -0.451216
vn 0.177039 -0.919115 -0.351974
vn 0.019610 0.493290 0.869644
vn 0.084067 -0.746519 0.660032
vn 0.237819 -0.970804 -0.031326
vn -0.020107 0.993257 0.114178
vn -0.079429 0.926468 0.367896
vn -0.027467 0.997177 0.069877
vn 0.080327 -0.587680 0.805096
vn 0.084067 -0.746519 0.660032
vn -0.075288 0.776020 0.626199
vn -0.079429 0.926468 0.367896
vn -0.075288 0.776020 0.626199
vn 0.084067 -0.746519 0.660032
vn 0.138878 -0.851328 -0.505919
vn 0.150887 -0.969724 -0.192010
vn 0.081409 -0.996469 -0.020539
vn 0.092794 -0.856491 -0.507752
vn 0.138878 -0.851328 -0.505919
vn 0.159126 -0.779264 -0.606158
vn 0.092794 -0.856491 -0.507752
vn 0.159126 -0.779264 -0.606158
vn 0.140832 -0.788363 -0.598874
vn -0.071306 -0.950993 -0.300878
vn 0.092794 -0.856491 -0.507752
vn -0.058236 -0.997950 -0.026555
vn -0.299143 -0.863645 0.405748
vn -0.071306 -0.950993 -0.300878
vn -0.058236 -0.997950 -0.026555
vn -0.255145 -0.941464 -0.220331
vn 0.063915 -0.854967 -0.514729
vn -0.071306 -0.950993 -0.300878
vn -0.008112 -0.833464 0.552514
vn 0.081409 -0.996469 -0.020539
vn 0.150887 -0.969724 -0.192010
vn -0.038229 -0.934419 0.354118
vn 0.081409 -0.996469 -0.020539
vn -0.088834 -0.767458 0.634915
vn -0.066757 0.077980 0.994717
vn -0.038229 -0.934419 0.354118
vn -0.088834 -0.767458 0.634915
vn -0.155085 0.197048 0.968050
vn -0.002867 -0.951673 0.307101
vn -0.040097 -0.918456 0.393485
vn -0.002867 -0.951673 0.307101
vn 0.030080 -0.987321 -0.155859
vn -0.040097 -0.918456 0.393485
vn 0.021370 -0.966868 -0.254382
vn 0.078822 -0.838872 -0.538592
vn -0.010714 -0.845167 -0.534395
vn -0.040097 -0.918456 0.393485
vn -0.038229 -0.934419 0.354118
vn -0.042997 -0.389110 0.920187
vn -0.001187 -0.992406 -0.122999
vn 0.030080 -0.987321 -0.155859
vn 0.090597 -0.837819 -0.538378
vn 0.030080 -0.987321 -0.155859
vn -0.010714 -0.845167 -0.534395
vn 0.090597 -0.837819 -0.538378
vn 0.090597 -0.837819 -0.538378
vn 0.090431 -0.862669 -0.497618
vn 0.115627 -0.971318 -0.207779
vn -0.190871 0.980105 -0.054423
vn -0.129524 0.971997 -0.196076
vn -0.030215 0.993541 -0.109373
vn -0.170524 0.739068 0.651691
vn -0.190871 0.980105 -0.054423
vn -0.010641 0.045631 0.998902
vn -0.010720 -0.991156 0.132268
vn 0.016235 -0.983445 -0.180476
vn 0.004734 -0.975717 -0.218985
vn -0.010641 0.045631 0.998902
vn -0.196622 -0.510853 0.836881
vn -0.010720 -0.991156 0.132268
vn 0.068015 -0.592320 0.802827
vn 0.107770 -0.403274 0.908711
vn 0.023573 -0.982049 0.187149
vn 0.206193 0.466433 0.860189
vn 0.107770 -0.403274 0.908711
vn 0.084709 0.996077 -0.025613
vn 0.067520 0.988768 0.133337
vn -0.043305 0.999011 0.010095
vn 0.019610 0.493290 0.869644
vn 0.107770 -0.403274 0.908711
vn 0.030351 0.999403 0.016514
vn 0.084709 0.996077 -0.025613
vn 0.084709 0.996077 -0.025613
vn 0.170417 0.982976 0.068681
vn 0.165386 0.984761 0.053797
vn 0.154312 -0.135359 0.978706
vn 0.206193 0.466433 0.860189
vn 0.131238 0.966913 0.218761
vn 0.139923 -0.640144 0.755405
vn 0.068015 -0.592320 0.802827
vn 0.012932 -0.983202 0.182060
vn -0.079429 0.926468 0.367896
vn -0.020107 0.993257 0.114178
vn -0.075288 0.776020 0.626199
vn 0.170421 0.364004 0.915673
vn 0.139923 -0.640144 0.755405
vn 0.069427 -0.974247 0.214528
vn -0.027467 0.997177 0.069877
vn 0.139923 -0.640144 0.755405
vn -0.020107 0.993257 0.114178
vn -0.067784 -0.951300 -0.300723
vn -0.186981 -0.981506 0.041048
vn -0.195249 -0.946316 -0.257612
vn -0.196622 -0.510853 0.836881
vn -0.028434 -0.990987 0.130903
vn 0.016235 -0.983445 -0.180476
vn -0.195249 -0.946316 -0.257612
vn -0.128149 -0.964283 -0.231812
vn -0.245431 -0.952819 -0.178605
vn 0.237819 -0.970804 -0.031326
vn 0.173079 -0.957158 -0.232148
vn 0.177039 -0.919115 -0.351974
vn 0.150054 0.659837 0.736274
vn -0.186981 -0.981506 0.041048
vn -0.028434 -0.990987 0.130903
vn -0.067784 -0.951300 -0.300723
vn -0.028434 -0.990987 0.130903
vn -0.186981 -0.981506 0.041048
vn -0.219931 -0.970318 -0.100567
vn -0.162225 0.514048 0.842281
vn -0.220076 -0.723434 0.654377
vn -0.219931 -0.970318 -0.100567
vn -0.182786 -0.982399 -0.038485
vn -0.162225 0.514048 0.842281
vn -0.092155 -0.978510 -0.184458
vn -0.029246 -0.998252 -0.051363
vn 0.175435 -0.984435 -0.010527
vn -0.182786 -0.982399 -0.038485
vn -0.219931 -0.970318 -0.100567
vn -0.130242 -0.931535 -0.339530
vn -0.219341 -0.973898 0.058422
vn -0.382027 -0.855792 0.348821
vn -0.146384 -0.967335 0.206967
vn -0.382027 -0.855792 0.348821
vn -0.219341 -0.973898 0.058422
vn -0.173264 -0.984481 0.027860
vn -0.158439 -0.986084 -0.050360
vn -0.651374 -0.751191 0.106879
vn -0.078632 -0.982857 -0.166759
vn -0.198691 -0.979435 0.035061
vn -0.651374 -0.751191 0.106879
vn -0.518868 -0.839590 0.160827
vn -0.198691 -0.979435 0.035061
vn -0.007170 -0.999936 0.008800
vn -0.120535 -0.990067 0.072384
vn -0.007170 -0.999936 0.008800
vn 0.000000 -1.000000 0.000000
vn 0.019058 -0.999789 -0.007711
vn -0.055310 0.376138 -0.924911
vn -0.217402 -0.630436 -0.745176
vn -0.149315 0.334745 -0.930403
vn -0.146384 -0.967335 0.206967
vn -0.140032 -0.969042 0.203345
vn -0.157673 -0.724755 -0.670723
vn -0.146384 -0.967335 0.206967
vn -0.157673 -0.724755 -0.670723
vn -0.115608 -0.582652 -0.804457
vn 0.164380 -0.985535 0.041234
vn -0.146384 -0.967335 0.206967
vn -0.382027 -0.855792 0.348821
vn -0.030971 0.969937 -0.241378
vn 0.068964 0.847507 -0.526285
vn -0.039257 0.345683 -0.937530
vn 0.048624 0.759103 -0.649152
vn -0.005952 0.625704 -0.780038
vn 0.308043 0.944467 0.114420
vn -0.146384 -0.967335 0.206967
vn -0.115608 -0.582652 -0.804457
vn -0.219341 -0.973898 0.058422
vn -0.041995 -0.856467 -0.514490
vn -0.219341 -0.973898 0.058422
vn -0.115608 -0.582652 -0.804457
vn 0.197625 -0.813398 -0.547108
vn 0.412420 -0.581966 -0.700874
vn 0.202721 -0.751646 -0.627640
vn -0.158439 -0.986084 -0.050360
vn 0.412420 -0.581966 -0.700874
vn 0.164380 -0.985535 0.041234
vn -0.360158 -0.838025 -0.409879
vn 0.007607 -0.966403 -0.256918
vn -0.208882 -0.977250 0.036762
vn 0.197625 -0.813398 -0.547108
vn 0.007607 -0.966403 -0.256918
vn -0.008583 -0.867531 -0.497310
vn -0.427865 -0.751265 -0.502526
vn -0.666072 0.262988 -0.697987
vn -0.360158 -0.838025 -0.409879
vn -0.666072 0.262988 -0.697987
vn -0.584497 0.363239 -0.725548
vn -0.473043 -0.451985 -0.756267
vn 0.126746 0.846950 0.516344
vn -0.023495 0.998456 0.050338
vn 0.153501 0.709698 0.687580
vn -0.260208 0.243431 -0.934363
vn -0.402220 0.652624 -0.642107
vn -0.038747 -0.223442 -0.973947
vn -0.193647 -0.907695 -0.372277
vn -0.191201 -0.440824 -0.876993
vn -0.017096 -0.623326 -0.781775
vn -0.193647 -0.907695 -0.372277
vn -0.074555 -0.979406 0.187632
vn -0.398954 -0.753410 -0.522693
vn -0.023495 0.998456 0.050338
vn -0.402220 0.652624 -0.642107
vn -0.138795 0.965783 0.219089
vn 0.410010 -0.748957 -0.520534
vn -0.051247 -0.664236 -0.745764
vn 0.184469 -0.950444 -0.250256
vn -0.240524 0.253081 -0.937069
vn -0.176685 -0.082627 -0.980793
vn -0.023495 0.998456 0.050338
vn -0.023495 0.998456 0.050338
vn -0.176685 -0.082627 -0.980793
vn -0.402220 0.652624 -0.642107
vn 0.248938 -0.405121 -0.879720
vn 0.477184 0.726519 -0.494435
vn -0.096661 -0.251155 -0.963108
vn 0.477184 0.726519 -0.494435
vn 0.116428 0.832674 -0.541385
vn 0.100602 0.973437 0.205670
vn 0.378360 0.824400 0.420961
vn 0.714341 0.622163 0.320360
vn 0.135676 0.971989 0.191909
vn 0.714341 0.622163 0.320360
vn 0.378360 0.824400 0.420961
vn 0.644679 0.471991 0.601343
vn -0.514181 0.834080 -0.199821
vn -0.330318 0.904529 0.269661
vn -0.562001 0.797202 -0.220507
vn 0.223356 -0.615245 -0.756033
vn 0.223955 0.512460 -0.828993
vn -0.038747 -0.223442 -0.973947
vn -0.149315 0.334745 -0.930403
vn -0.348029 -0.207078 -0.914327
vn -0.279697 0.724569 -0.629896
vn -0.030971 0.969937 -0.241378
vn -0.154538 0.964894 0.212364
vn 0.129079 0.991605 0.007679
vn -0.146068 -0.971733 0.185470
vn -0.197366 -0.977605 0.073049
vn 0.256351 -0.965402 -0.047776
vn 0.115479 -0.723639 -0.680450
vn 0.060003 -0.994334 0.087750
vn 0.134304 -0.981968 -0.133050
vn 0.237030 -0.970295 -0.048420
vn 0.286667 -0.938710 -0.191432
vn -0.166815 -0.985907 0.012668
vn 0.346955 -0.937356 -0.031415
vn 0.286667 -0.938710 -0.191432
vn 0.237030 -0.970295 -0.048420
vn -0.362606 -0.924342 0.118778
vn 0.237030 -0.970295 -0.048420
vn -0.166815 -0.985907 0.012668
vn 0.184469 -0.950444 -0.250256
vn 0.237030 -0.970295 -0.048420
vn -0.150967 -0.988539 -0.000446
vn -0.074555 -0.979406 0.187632
vn 0.346955 -0.937356 -0.031415
vn 0.184469 -0.950444 -0.250256
vn 0.017649 -0.999088 0.038869
vn 0.286667 -0.938710 -0.191432
vn 0.346955 -0.937356 -0.031415
vn 0.184469 -0.950444 -0.250256
vn -0.051247 -0.664236 -0.745764
vn -0.398954 -0.753410 -0.522693
vn -0.074555 -0.979406 0.187632
vn -0.193647 -0.907695 -0.372277
vn -0.073911 -0.996687 -0.033952
vn 0.004129 -0.999991 -0.000420
vn 0.019058 -0.999789 -0.007711
vn 0.000000 -1.000000 0.000000
vn 0.245989 -0.966979 -0.066640
vn 0.256351 -0.965402 -0.047776
vn -0.197366 -0.977605 0.073049
vn 0.150907 -0.986805 -0.058682
vn 0.169267 -0.985464 -0.014450
vn 0.256351 -0.965402 -0.047776
vn -0.146068 -0.971733 0.185470
vn -0.150967 -0.988539 -0.000446
vn -0.362606 -0.924342 0.118778
vn 0.000000 -1.000000 0.000000
vn 0.000000 -1.000000 0.000000
vn -0.067973 -0.997588 0.014071
vn 0.150907 -0.986805 -0.058682
vn 0.004129 -0.999991 -0.000420
vn 0.024080 -0.999406 -0.024663
vn 0.169267 -0.985464 -0.014450
vn 0.060003 -0.994334 0.087750
vn 0.256351 -0.965402 -0.047776
vn -0.146068 -0.971733 0.185470
vn 0.256351 -0.965402 -0.047776
vn 0.060003 -0.994334 0.087750
vn 0.134304 -0.981968 -0.133050
vn 0.060003 -0.994334 0.087750
vn 0.169267 -0.985464 -0.014450
vn 0.180346 -0.827514 -0.531692
vn -0.081147 -0.977100 0.196700
vn 0.060003 -0.994334 0.087750
vn 0.045725 -0.984606 -0.168699
vn 0.134304 -0.981968 -0.133050
vn 0.169267 -0.985464 -0.014450
vn 0.117465 -0.506019 -0.854486
vn 0.267441 0.757274 -0.595829
vn 0.115479 -0.723639 -0.680450
vn 0.045519 -0.726987 -0.685141
vn 0.117465 -0.506019 -0.854486
vn 0.045725 -0.984606 -0.168699
vn 0.220331 0.889707 -0.399844
vn 0.115479 -0.723639 -0.680450
vn 0.267441 0.757274 -0.595829
vn 0.223955 0.512460 -0.828993
vn -0.079061 0.343067 -0.935978
vn 0.220331 0.889707 -0.399844
vn -0.081147 -0.977100 0.196700
vn 0.410010 -0.748957 -0.520534
vn -0.150967 -0.988539 -0.000446
vn 0.060003 -0.994334 0.087750
vn -0.081147 -0.977100 0.196700
vn -0.146068 -0.971733 0.185470
vn -0.081147 -0.977100 0.196700
vn 0.180346 -0.827514 -0.531692
vn 0.410010 -0.748957 -0.520534
vn 0.410010 -0.748957 -0.520534
vn 0.180346 -0.827514 -0.531692
vn 0.413786 0.420898 -0.807234
vn -0.459680 -0.473548 -0.751297
vn -0.051247 -0.664236 -0.745764
vn 0.413786 0.420898 -0.807234
vn 0.413786 0.420898 -0.807234
vn 0.180346 -0.827514 -0.531692
vn 0.220331 0.889707 -0.399844
vn -0.176685 -0.082627 -0.980793
vn 0.223356 -0.615245 -0.756033
vn -0.038747 -0.223442 -0.973947
vn 0.180346 -0.827514 -0.531692
vn 0.115479 -0.723639 -0.680450
vn 0.220331 0.889707 -0.399844
vn -0.459680 -0.473548 -0.751297
vn 0.413786 0.420898 -0.807234
vn -0.079061 0.343067 -0.935978
vn 0.220331 0.889707 -0.399844
vn 0.267441 0.757274 -0.595829
vn -0.077225 0.991590 -0.103849
vn -0.079061 0.343067 -0.935978
vn 0.413786 0.420898 -0.807234
vn 0.220331 0.889707 -0.399844
vn -0.271322 -0.743758 -0.610908
vn -0.176685 -0.082627 -0.980793
vn -0.240524 0.253081 -0.937069
vn 0.223356 -0.615245 -0.756033
vn -0.079061 0.343067 -0.935978
vn 0.223955 0.512460 -0.828993
vn -0.271322 -0.743758 -0.610908
vn -0.079061 0.343067 -0.935978
vn 0.223356 -0.615245 -0.756033
vn -0.403319 -0.349430 -0.845714
vn -0.398954 -0.753410 -0.522693
vn -0.459680 -0.473548 -0.751297
vn 0.184469 -0.950444 -0.250256
vn -0.398954 -0.753410 -0.522693
vn -0.074555 -0.979406 0.187632
vn -0.403319 -0.349430 -0.845714
vn -0.459680 -0.473548 -0.751297
vn -0.271322 -0.743758 -0.610908
vn 0.060003 -0.994334 0.087750
vn 0.115479 -0.723639 -0.680450
vn 0.180346 -0.827514 -0.531692
vn 0.115479 -0.723639 -0.680450
vn 0.134304 -0.981968 -0.133050
vn 0.117465 -0.506019 -0.854486
vn -0.106129 0.992362 0.062888
vn -0.355256 0.569264 -0.741439
vn -0.260208 0.243431 -0.934363
vn -0.514181 0.834080 -0.199821
vn 0.378360 0.824400 0.420961
vn -0.330318 0.904529 0.269661
vn 0.413786 0.420898 -0.807234
vn -0.051247 -0.664236 -0.745764
vn 0.410010 -0.748957 -0.520534
vn -0.398954 -0.753410 -0.522693
vn -0.051247 -0.664236 -0.745764
vn -0.459680 -0.473548 -0.751297
vn 0.135755 0.935259 -0.326897
vn -0.240524 0.253081 -0.937069
vn 0.158928 0.984646 -0.072209
vn 0.314935 0.873134 0.372093
vn 0.223849 0.972984 0.056521
vn 0.116777 0.670489 -0.732672
vn -0.191201 -0.440824 -0.876993
vn 0.139162 0.301112 -0.943380
vn -0.017096 -0.623326 -0.781775
vn 0.116777 0.670489 -0.732672
vn -0.403319 -0.349430 -0.845714
vn 0.135755 0.935259 -0.326897
vn -0.398954 -0.753410 -0.522693
vn -0.191201 -0.440824 -0.876993
vn -0.193647 -0.907695 -0.372277
vn -0.403319 -0.349430 -0.845714
vn 0.116777 0.670489 -0.732672
vn -0.191201 -0.440824 -0.876993
vn 0.220331 0.889707 -0.399844
vn -0.077225 0.991590 -0.103849
vn 0.223955 0.512460 -0.828993
vn 0.223955 0.512460 -0.828993
vn -0.077225 0.991590 -0.103849
vn -0.038747 -0.223442 -0.973947
vn -0.009257 0.977586 -0.210335
vn -0.225324 0.190498 0.955479
vn -0.329344 0.429450 0.840895
vn -0.366253 0.242184 0.898446
vn -0.225324 0.190498 0.955479
vn 0.144860 0.979618 -0.139157
vn -0.384353 0.125250 0.914650
vn -0.595355 0.027785 0.802982
vn -0.378639 -0.343996 0.859243
vn -0.300944 0.827277 0.474389
vn -0.595355 0.027785 0.802982
vn -0.060323 0.933854 0.352532
vn -0.384353 0.125250 0.914650
vn -0.378639 -0.343996 0.859243
vn -0.327017 -0.524459 0.786131
vn 0.181437 0.981662 0.058478
vn -0.384353 0.125250 0.914650
vn 0.068992 0.996946 -0.036605
vn 0.130345 0.977553 0.165530
vn 0.164463 0.751938 0.638389
vn 0.188182 0.437535 0.879290
vn -0.108192 -0.828424 0.549552
vn 0.007033 -0.516036 0.856538
vn 0.307305 -0.916630 0.255642
vn -0.543393 0.347356 0.764243
vn -0.319571 0.408132 0.855162
vn -0.193066 0.613269 0.765915
vn -0.443672 -0.429229 0.786713
vn -0.602385 -0.249548 0.758194
vn -0.180853 -0.975200 0.127583
vn -0.843980 0.180620 0.505049
vn -0.543393 0.347356 0.764243
vn -0.683186 0.150760 0.714513
vn -0.443672 -0.429229 0.786713
vn -0.543393 0.347356 0.764243
vn -0.602385 -0.249548 0.758194
vn -0.180853 -0.975200 0.127583
vn -0.783184 -0.454919 0.423877
vn 0.409357 -0.698861 -0.586532
vn -0.543393 0.347356 0.764243
vn -0.795045 0.049843 0.604500
vn -0.602385 -0.249548 0.758194
vn -0.112438 0.759594 0.640605
vn -0.259727 0.363291 0.894741
vn -0.348368 0.180410 0.919833
vn -0.319571 0.408132 0.855162
vn -0.259727 0.363291 0.894741
vn -0.207622 0.695289 0.688089
vn -0.928317 0.207487 0.308507
vn -0.880640 0.022463 0.473253
vn -0.879016 -0.258434 0.400679
vn -0.801171 0.317020 0.507565
vn -0.843980 0.180620 0.505049
vn -0.880640 0.022463 0.473253
vn -0.953739 -0.220683 -0.204158
vn -0.935743 -0.223346 0.272951
vn -0.964114 0.217320 0.152502
vn -0.186346 -0.953017 0.238818
vn -0.935743 -0.223346 0.272951
vn -0.108192 -0.828424 0.549552
vn 0.220030 -0.975357 0.016274
vn -0.070061 -0.995370 0.065802
vn -0.108192 -0.828424 0.549552
vn 0.149441 0.272476 0.950486
vn -0.411632 -0.899637 0.145645
vn -0.768765 0.501104 0.397360
vn -0.108192 -0.828424 0.549552
vn -0.935743 -0.223346 0.272951
vn -0.560772 -0.824683 0.073705
vn -0.186346 -0.953017 0.238818
vn 0.307305 -0.916630 0.255642
vn 0.410834 -0.833485 -0.369484
vn -0.689628 0.080557 0.719670
vn -0.799280 0.273765 0.534981
vn -0.849123 0.151496 0.506003
vn 0.377548 0.904807 -0.196929
vn -0.799280 0.273765 0.534981
vn -0.300944 0.827277 0.474389
vn 0.115627 -0.971318 -0.207779
vn 0.081191 -0.992942 -0.086459
vn 0.140832 -0.788363 -0.598874
vn 0.131083 -0.974026 0.184637
vn 0.115627 -0.971318 -0.207779
vn 0.090431 -0.862669 -0.497618
vn 0.015321 0.999777 0.014564
vn -0.172387 0.944882 0.278354
vn -0.031168 0.698887 0.714553
vn 0.139923 -0.640144 0.755405
vn 0.170421 0.364004 0.915673
vn -0.020107 0.993257 0.114178
vn 0.078822 -0.838872 -0.538592
vn 0.090431 -0.862669 -0.497618
vn -0.010714 -0.845167 -0.534395
vn -0.017536 -0.938131 -0.345836
vn 0.080651 -0.914323 -0.396874
vn 0.078822 -0.838872 -0.538592
vn 0.021370 -0.966868 -0.254382
vn -0.051729 -0.998360 0.024511
vn -0.017536 -0.938131 -0.345836
vn 0.023604 -0.892111 0.451200
vn -0.051729 -0.998360 0.024511
vn -0.044669 -0.731566 0.680305
vn 0.078822 -0.838872 -0.538592
vn 0.021370 -0.966868 -0.254382
vn -0.017536 -0.938131 -0.345836
vn -0.002867 -0.951673 0.307101
vn 0.021370 -0.966868 -0.254382
vn 0.030080 -0.987321 -0.155859
vn 0.030080 -0.987321 -0.155859
vn -0.001187 -0.992406 -0.122999
vn -0.040097 -0.918456 0.393485
vn -0.044669 -0.731566 0.680305
vn -0.002867 -0.951673 0.307101
vn -0.155085 0.197048 0.968050
vn -0.170524 0.739068 0.651691
vn 0.023604 -0.892111 0.451200
vn -0.044669 -0.731566 0.680305
vn -0.010720 -0.991156 0.132268
vn 0.023604 -0.892111 0.451200
vn -0.010641 0.045631 0.998902
vn -0.080908 -0.908248 -0.410535
vn -0.078813 -0.983054 -0.165512
vn 0.004734 -0.975717 -0.218985
vn 0.004734 -0.975717 -0.218985
vn -0.078813 -0.983054 -0.165512
vn -0.010720 -0.991156 0.132268
vn 0.084067 -0.746519 0.660032
vn 0.173079 -0.957158 -0.232148
vn 0.237819 -0.970804 -0.031326
vn -0.073301 -0.961668 -0.264237
vn -0.086764 -0.888187 -0.451216
vn 0.173079 -0.957158 -0.232148
vn 0.016235 -0.983445 -0.180476
vn 0.177039 -0.919115 -0.351974
vn -0.086764 -0.888187 -0.451216
vn 0.177039 -0.919115 -0.351974
vn -0.067784 -0.951300 -0.300723
vn 0.007486 -0.991083 -0.133035
vn 0.304308 0.891100 0.336657
vn 0.170417 0.982976 0.068681
vn 0.245511 0.771015 0.587589
vn 0.067520 0.988768 0.133337
vn 0.030351 0.999403 0.016514
vn -0.043305 0.999011 0.010095
vn 0.237819 -0.970804 -0.031326
vn -0.227331 -0.973584 -0.021310
vn -0.182066 -0.558654 0.809171
vn 0.084709 0.996077 -0.025613
vn 0.067520 0.988768 0.133337
vn 0.170417 0.982976 0.068681
vn 0.245511 0.771015 0.587589
vn 0.067520 0.988768 0.133337
vn -0.182066 -0.558654 0.809171
vn 0.127840 -0.881849 0.453871
vn -0.234187 0.752121 0.616012
vn -0.340184 0.938604 0.057421
vn 0.019610 0.493290 0.869644
vn -0.182066 -0.558654 0.809171
vn 0.067520 0.988768 0.133337
vn 0.170417 0.982976 0.068681
vn 0.304308 0.891100 0.336657
vn 0.165386 0.984761 0.053797
vn 0.019610 0.493290 0.869644
vn -0.079429 0.926468 0.367896
vn 0.084067 -0.746519 0.660032
vn -0.027467 0.997177 0.069877
vn -0.079429 0.926468 0.367896
vn -0.043305 0.999011 0.010095
vn -0.010714 -0.845167 -0.534395
vn 0.030080 -0.987321 -0.155859
vn 0.021370 -0.966868 -0.254382
vn 0.090431 -0.862669 -0.497618
vn 0.090597 -0.837819 -0.538378
vn -0.010714 -0.845167 -0.534395
vn 0.159126 -0.779264 -0.606158
vn 0.090597 -0.837819 -0.538378
vn 0.140832 -0.788363 -0.598874
vn 0.115627 -0.971318 -0.207779
vn 0.140832 -0.788363 -0.598874
vn 0.090597 -0.837819 -0.538378
vn -0.382027 -0.855792 0.348821
vn -0.279615 -0.958804 0.050103
vn -0.518868 -0.839590 0.160827
vn -0.000050 -0.999930 -0.011843
vn -0.173264 -0.984481 0.027860
vn 0.007522 -0.981979 -0.188839
vn -0.000050 -0.999930 -0.011843
vn 0.007522 -0.981979 -0.188839
vn 0.012998 -0.999854 -0.011115
vn -0.067973 -0.997588 0.014071
vn -0.279615 -0.958804 0.050103
vn -0.000050 -0.999930 -0.011843
vn 0.045519 -0.726987 -0.685141
vn 0.045725 -0.984606 -0.168699
vn -0.016410 -0.985898 -0.166541
vn 0.169267 -0.985464 -0.014450
vn 0.024080 -0.999406 -0.024663
vn 0.012998 -0.999854 -0.011115
vn -0.078406 0.941061 -0.329024
vn 0.074934 0.990699 0.113584
vn 0.106993 0.762132 0.638519
vn -0.473043 -0.451985 -0.756267
vn -0.348029 -0.207078 -0.914327
vn -0.008583 -0.867531 -0.497310
vn 0.314935 0.873134 0.372093
vn 0.135755 0.935259 -0.326897
vn 0.126746 0.846950 0.516344
vn 0.158928 0.984646 -0.072209
vn 0.126746 0.846950 0.516344
vn 0.135755 0.935259 -0.326897
vn 0.515164 0.504592 0.692816
vn 0.522743 0.544206 0.656186
vn -0.138795 0.965783 0.219089
vn 0.153501 0.709698 0.687580
vn -0.023495 0.998456 0.050338
vn 0.522743 0.544206 0.656186
vn -0.564910 0.821064 0.082041
vn -0.402220 0.652624 -0.642107
vn -0.260208 0.243431 -0.934363
vn -0.007650 0.789424 0.613800
vn -0.077225 0.991590 -0.103849
vn 0.267441 0.757274 -0.595829
vn 0.068964 0.847507 -0.526285
vn 0.308043 0.944467 0.114420
vn -0.005952 0.625704 -0.780038
vn -0.422932 0.768027 0.480899
vn -0.030971 0.969937 -0.241378
vn -0.409460 0.837266 0.362392
vn -0.000350 0.210025 -0.977696
vn 0.048624 0.759103 -0.649152
vn 0.376093 0.922365 0.088295
vn -0.115608 -0.582652 -0.804457
vn -0.157673 -0.724755 -0.670723
vn -0.039257 0.345683 -0.937530
vn -0.429968 0.729287 0.532229
vn -0.154538 0.964894 0.212364
vn -0.422932 0.768027 0.480899
vn 0.090445 0.949643 0.299996
vn 0.192596 0.901625 0.387271
vn 0.605701 0.719047 0.340731
vn 0.308043 0.944467 0.114420
vn 0.068964 0.847507 -0.526285
vn 0.129079 0.991605 0.007679
vn -0.039257 0.345683 -0.937530
vn 0.068964 0.847507 -0.526285
vn -0.005952 0.625704 -0.780038
vn -0.115608 -0.582652 -0.804457
vn -0.039257 0.345683 -0.937530
vn -0.005952 0.625704 -0.780038
vn -0.039257 0.345683 -0.937530
vn -0.157673 -0.724755 -0.670723
vn -0.055310 0.376138 -0.924911
vn 0.129079 0.991605 0.007679
vn -0.154538 0.964894 0.212364
vn 0.090445 0.949643 0.299996
vn 0.090445 0.949643 0.299996
vn -0.154538 0.964894 0.212364
vn -0.429968 0.729287 0.532229
vn -0.146068 -0.971733 0.185470
vn -0.362606 -0.924342 0.118778
vn -0.197366 -0.977605 0.073049
vn 0.237030 -0.970295 -0.048420
vn -0.362606 -0.924342 0.118778
vn -0.150967 -0.988539 -0.000446
vn -0.115608 -0.582652 -0.804457
vn -0.005952 0.625704 -0.780038
vn -0.077949 0.067774 -0.994651
vn 0.575488 0.353992 0.737227
vn 0.644679 0.471991 0.601343
vn 0.378360 0.824400 0.420961
vn 0.077397 0.901796 0.425174
vn 0.181437 0.981662 0.058478
vn 0.068992 0.996946 -0.036605
vn -0.261740 0.801570 0.537566
vn -0.238118 0.957503 -0.162748
vn 0.137865 0.990145 0.024610
vn -0.060323 0.933854 0.352532
vn 0.181437 0.981662 0.058478
vn 0.137865 0.990145 0.024610
vn -0.261740 0.801570 0.537566
vn 0.137865 0.990145 0.024610
vn 0.181437 0.981662 0.058478
vn -0.075288 0.776020 0.626199
vn 0.015321 0.999777 0.014564
vn -0.031168 0.698887 0.714553
vn -0.020107 0.993257 0.114178
vn 0.170421 0.364004 0.915673
vn 0.015321 0.999777 0.014564
vn -0.038229 -0.934419 0.354118
vn -0.040097 -0.918456 0.393485
vn -0.001187 -0.992406 -0.122999
vn -0.155085 0.197048 0.968050
vn -0.040097 -0.918456 0.393485
vn -0.042997 -0.389110 0.920187
vn 0.165386 0.984761 0.053797
vn 0.206193 0.466433 0.860189
vn 0.084709 0.996077 -0.025613
vn -0.010812 0.985608 0.168700
vn 0.165386 0.984761 0.053797
vn 0.304308 0.891100 0.336657
vn -0.245431 -0.952819 -0.178605
vn -0.067784 -0.951300 -0.300723
vn -0.195249 -0.946316 -0.257612
vn -0.092155 -0.978510 -0.184458
vn -0.128149 -0.964283 -0.231812
vn -0.130242 -0.931535 -0.339530
vn 0.067520 0.988768 0.133337
vn 0.245511 0.771015 0.587589
vn 0.170417 0.982976 0.068681
vn 0.172249 0.626063 0.760510
vn -0.091478 -0.995681 -0.015829
vn -0.512776 -0.417497 0.750171
vn 0.237819 -0.970804 -0.031326
vn -0.182066 -0.558654 0.809171
vn 0.019610 0.493290 0.869644
vn -0.285305 -0.930249 0.230732
vn 0.245511 0.771015 0.587589
vn -0.182066 -0.558654 0.809171
vn -0.000050 -0.999930 -0.011843
vn 0.000000 -1.000000 0.000000
vn -0.067973 -0.997588 0.014071
vn 0.000000 -1.000000 0.000000
vn 0.012998 -0.999854 -0.011115
vn 0.024080 -0.999406 -0.024663
vn 0.150907 -0.986805 -0.058682
vn 0.024080 -0.999406 -0.024663
vn 0.169267 -0.985464 -0.014450
vn 0.000000 -1.000000 0.000000
vn 0.024080 -0.999406 -0.024663
vn 0.004129 -0.999991 -0.000420
vn -0.666072 0.262988 -0.697987
vn -0.473043 -0.451985 -0.756267
vn -0.360158 -0.838025 -0.409879
vn -0.348029 -0.207078 -0.914327
vn -0.473043 -0.451985 -0.756267
vn -0.584497 0.363239 -0.725548
vn -0.562001 0.797202 -0.220507
vn -0.330318 0.904529 0.269661
vn -0.159959 0.745183 0.647391
vn 0.325631 0.643693 0.692549
vn -0.355256 0.569264 -0.741439
vn -0.106129 0.992362 0.062888
vn -0.260208 0.243431 -0.934363
vn -0.562001 0.797202 -0.220507
vn -0.564910 0.821064 0.082041
vn -0.514181 0.834080 -0.199821
vn -0.562001 0.797202 -0.220507
vn -0.355256 0.569264 -0.741439
vn -0.077225 0.991590 -0.103849
vn -0.007650 0.789424 0.613800
vn -0.106129 0.992362 0.062888
vn -0.260208 0.243431 -0.934363
vn -0.355256 0.569264 -0.741439
vn -0.562001 0.797202 -0.220507
vn 0.217614 0.700244 -0.679928
vn -0.007650 0.789424 0.613800
vn 0.267441 0.757274 -0.595829
vn 0.308043 0.944467 0.114420
vn 0.644679 0.471991 0.601343
vn 0.575488 0.353992 0.737227
vn -0.077225 0.991590 -0.103849
vn -0.106129 0.992362 0.062888
vn -0.260208 0.243431 -0.934363
vn 0.325631 0.643693 0.692549
vn -0.106129 0.992362 0.062888
vn 0.200649 0.535659 0.820250
vn 0.325631 0.643693 0.692549
vn 0.200649 0.535659 0.820250
vn 0.376093 0.922365 0.088295
vn -0.514181 0.834080 -0.199821
vn 0.325631 0.643693 0.692549
vn 0.378360 0.824400 0.420961
vn 0.217614 0.700244 -0.679928
vn 0.376093 0.922365 0.088295
vn 0.200649 0.535659 0.820250
vn -0.020754 -0.713281 -0.700570
vn -0.045278 0.279190 -0.959168
vn 0.045519 -0.726987 -0.685141
vn -0.039257 0.345683 -0.937530
vn -0.055310 0.376138 -0.924911
vn -0.030971 0.969937 -0.241378
vn -0.358843 0.799781 -0.481230
vn 0.214621 0.926234 0.309885
vn 0.074934 0.990699 0.113584
vn -0.646031 0.660075 0.383334
vn -0.429968 0.729287 0.532229
vn -0.619746 0.419689 0.663156
vn 0.090445 0.949643 0.299996
vn -0.429968 0.729287 0.532229
vn 0.192596 0.901625 0.387271
vn -0.206942 0.890278 0.405685
vn -0.049178 0.594536 -0.802564
vn 0.001664 0.444431 -0.895811
vn 0.394773 -0.202173 -0.896259
vn 0.248938 -0.405121 -0.879720
vn -0.220234 0.944721 -0.242898
vn 0.045725 -0.984606 -0.168699
vn 0.117465 -0.506019 -0.854486
vn 0.134304 -0.981968 -0.133050
vn 0.217614 0.700244 -0.679928
vn 0.117465 -0.506019 -0.854486
vn 0.045519 -0.726987 -0.685141
vn 0.169267 -0.985464 -0.014450
vn 0.012998 -0.999854 -0.011115
vn 0.045725 -0.984606 -0.168699
vn -0.016410 -0.985898 -0.166541
vn 0.045725 -0.984606 -0.168699
vn 0.012998 -0.999854 -0.011115
vn -0.056158 -0.994250 -0.091175
vn -0.092155 -0.978510 -0.184458
vn 0.175435 -0.984435 -0.010527
vn -0.091478 -0.995681 -0.015829
vn 0.172249 0.626063 0.760510
vn -0.285305 -0.930249 0.230732
vn 0.267441 0.757274 -0.595829
vn 0.117465 -0.506019 -0.854486
vn 0.217614 0.700244 -0.679928
vn -0.106129 0.992362 0.062888
vn -0.007650 0.789424 0.613800
vn 0.200649 0.535659 0.820250
vn 0.217614 0.700244 -0.679928
vn 0.045519 -0.726987 -0.685141
vn -0.045278 0.279190 -0.959168
vn 0.200649 0.535659 0.820250
vn -0.007650 0.789424 0.613800
vn 0.217614 0.700244 -0.679928
vn 0.325631 0.643693 0.692549
vn 0.575488 0.353992 0.737227
vn 0.378360 0.824400 0.420961
vn 0.308043 0.944467 0.114420
vn 0.575488 0.353992 0.737227
vn 0.376093 0.922365 0.088295
vn 0.376093 0.922365 0.088295
vn 0.217614 0.700244 -0.679928
vn -0.045278 0.279190 -0.959168
vn -0.173264 -0.984481 0.027860
vn -0.219341 -0.973898 0.058422
vn -0.041995 -0.856467 -0.514490
vn -0.020754 -0.713281 -0.700570
vn 0.045519 -0.726987 -0.685141
vn 0.007522 -0.981979 -0.188839
vn 0.376093 0.922365 0.088295
vn -0.045278 0.279190 -0.959168
vn -0.000350 0.210025 -0.977696
vn -0.041995 -0.856467 -0.514490
vn 0.007522 -0.981979 -0.188839
vn -0.173264 -0.984481 0.027860
vn -0.000350 0.210025 -0.977696
vn -0.045278 0.279190 -0.959168
vn -0.020754 -0.713281 -0.700570
vn -0.030971 0.969937 -0.241378
vn -0.422932 0.768027 0.480899
vn -0.154538 0.964894 0.212364
vn -0.208009 0.650601 0.730377
vn -0.422932 0.768027 0.480899
vn -0.409460 0.837266 0.362392
vn -0.157673 -0.724755 -0.670723
vn -0.217402 -0.630436 -0.745176
vn -0.055310 0.376138 -0.924911
vn -0.358843 0.799781 -0.481230
vn -0.584497 0.363239 -0.725548
vn -0.370695 0.770647 -0.518351
vn -0.217402 -0.630436 -0.745176
vn -0.157673 -0.724755 -0.670723
vn -0.140032 -0.969042 0.203345
vn -0.055310 0.376138 -0.924911
vn -0.149315 0.334745 -0.930403
vn -0.078406 0.941061 -0.329024
vn -0.140032 -0.969042 0.203345
vn 0.144585 -0.977949 -0.150703
vn -0.217402 -0.630436 -0.745176
vn -0.008583 -0.867531 -0.497310
vn -0.348029 -0.207078 -0.914327
vn -0.090426 -0.927498 -0.362727
vn -0.149315 0.334745 -0.930403
vn -0.217402 -0.630436 -0.745176
vn -0.348029 -0.207078 -0.914327
vn 0.144585 -0.977949 -0.150703
vn -0.090426 -0.927498 -0.362727
vn -0.217402 -0.630436 -0.745176
vn 0.409821 0.809595 0.420242
vn 0.542439 0.417741 0.728871
vn -0.178567 0.887474 -0.424858
vn 0.455560 0.428375 0.780359
vn 0.395400 0.885846 0.242768
vn 0.218569 0.973780 -0.063080
vn -0.206942 0.890278 0.405685
vn 0.218569 0.973780 -0.063080
vn -0.049178 0.594536 -0.802564
vn -0.644240 -0.709272 -0.286161
vn -0.356341 0.624376 -0.695108
vn -0.265240 -0.834656 -0.482698
vn 0.218569 0.973780 -0.063080
vn -0.006819 0.573765 -0.818991
vn -0.049178 0.594536 -0.802564
vn -0.271530 0.039158 -0.961633
vn 0.139454 0.948656 -0.283911
vn 0.175056 0.610586 -0.772360
vn -0.206942 0.890278 0.405685
vn -0.646031 0.660075 0.383334
vn -0.619746 0.419689 0.663156
vn -0.182274 -0.421245 -0.888442
vn 0.001664 0.444431 -0.895811
vn -0.049178 0.594536 -0.802564
vn 0.012998 -0.999854 -0.011115
vn 0.007522 -0.981979 -0.188839
vn -0.016410 -0.985898 -0.166541
vn 0.045519 -0.726987 -0.685141
vn -0.016410 -0.985898 -0.166541
vn 0.007522 -0.981979 -0.188839
vn 0.175435 -0.984435 -0.010527
vn -0.029246 -0.998252 -0.051363
vn 0.235816 -0.964372 0.119908
vn -0.092155 -0.978510 -0.184458
vn -0.056158 -0.994250 -0.091175
vn -0.128149 -0.964283 -0.231812
vn 0.197797 -0.979639 0.034419
vn 0.175435 -0.984435 -0.010527
vn 0.235816 -0.964372 0.119908
vn 0.175435 -0.984435 -0.010527
vn 0.276128 -0.926466 0.255760
vn 0.127840 -0.881849 0.453871
vn -0.056158 -0.994250 -0.091175
vn -0.091478 -0.995681 -0.015829
vn -0.128149 -0.964283 -0.231812
vn -0.285305 -0.930249 0.230732
vn -0.227331 -0.973584 -0.021310
vn -0.300082 -0.950358 -0.082281
vn 0.040504 -0.973309 0.225895
vn 0.197797 -0.979639 0.034419
vn 0.235816 -0.964372 0.119908
vn -0.340184 0.938604 0.057421
vn -0.234187 0.752121 0.616012
vn -0.250434 0.912837 -0.322508
vn -0.010812 0.985608 0.168700
vn -0.340184 0.938604 0.057421
vn -0.132253 0.977929 -0.161752
vn -0.340184 0.938604 0.057421
vn -0.512776 -0.417497 0.750171
vn 0.127840 -0.881849 0.453871
vn 0.048624 0.759103 -0.649152
vn -0.077949 0.067774 -0.994651
vn -0.005952 0.625704 -0.780038
vn -0.041995 -0.856467 -0.514490
vn -0.077949 0.067774 -0.994651
vn -0.000350 0.210025 -0.977696
vn 0.376093 0.922365 0.088295
vn 0.048624 0.759103 -0.649152
vn 0.308043 0.944467 0.114420
vn -0.077949 0.067774 -0.994651
vn 0.048624 0.759103 -0.649152
vn -0.000350 0.210025 -0.977696
vn -0.055310 0.376138 -0.924911
vn -0.078406 0.941061 -0.329024
vn -0.030971 0.969937 -0.241378
vn -0.078406 0.941061 -0.329024
vn -0.149315 0.334745 -0.930403
vn -0.279697 0.724569 -0.629896
vn -0.584497 0.363239 -0.725548
vn -0.358843 0.799781 -0.481230
vn -0.348029 -0.207078 -0.914327
vn 0.573023 0.473434 0.668959
vn -0.208009 0.650601 0.730377
vn 0.106993 0.762132 0.638519
vn -0.008583 -0.867531 -0.497310
vn -0.090426 -0.927498 -0.362727
vn 0.144585 -0.977949 -0.150703
vn -0.348029 -0.207078 -0.914327
vn -0.217402 -0.630436 -0.745176
vn -0.090426 -0.927498 -0.362727
vn 0.106993 0.762132 0.638519
vn -0.208009 0.650601 0.730377
vn -0.409460 0.837266 0.362392
vn 0.218569 0.973780 -0.063080
vn -0.206942 0.890278 0.405685
vn -0.208009 0.650601 0.730377
vn -0.206942 0.890278 0.405685
vn 0.001664 0.444431 -0.895811
vn -0.646031 0.660075 0.383334
vn 0.218569 0.973780 -0.063080
vn -0.208009 0.650601 0.730377
vn 0.455560 0.428375 0.780359
vn 0.542439 0.417741 0.728871
vn 0.395400 0.885846 0.242768
vn 0.455560 0.428375 0.780359
vn 0.395400 0.885846 0.242768
vn -0.006819 0.573765 -0.818991
vn 0.218569 0.973780 -0.063080
vn -0.249742 0.616921 0.746349
vn -0.423390 0.870580 -0.250662
vn -0.002843 0.923923 0.382569
vn -0.265240 -0.834656 -0.482698
vn -0.356341 0.624376 -0.695108
vn -0.790242 0.501704 -0.351868
vn -0.006819 0.573765 -0.818991
vn -0.423390 0.870580 -0.250662
vn -0.356341 0.624376 -0.695108
vn -0.049178 0.594536 -0.802564
vn -0.006819 0.573765 -0.818991
vn -0.498842 -0.115843 -0.858916
vn -0.078406 0.941061 -0.329024
vn 0.106993 0.762132 0.638519
vn -0.409460 0.837266 0.362392
vn 0.074934 0.990699 0.113584
vn 0.214621 0.926234 0.309885
vn 0.573023 0.473434 0.668959
vn -0.092155 -0.978510 -0.184458
vn -0.130242 -0.931535 -0.339530
vn -0.219931 -0.970318 -0.100567
vn -0.195249 -0.946316 -0.257612
vn -0.130242 -0.931535 -0.339530
vn -0.128149 -0.964283 -0.231812
vn 0.127840 -0.881849 0.453871
vn -0.512776 -0.417497 0.750171
vn -0.056158 -0.994250 -0.091175
vn -0.300082 -0.950358 -0.082281
vn -0.091478 -0.995681 -0.015829
vn -0.285305 -0.930249 0.230732
vn -0.010812 0.985608 0.168700
vn -0.512776 -0.417497 0.750171
vn -0.340184 0.938604 0.057421
vn 0.245511 0.771015 0.587589
vn 0.172249 0.626063 0.760510
vn 0.304308 0.891100 0.336657
vn -0.285305 -0.930249 0.230732
vn 0.172249 0.626063 0.760510
vn 0.245511 0.771015 0.587589
vn -0.010812 0.985608 0.168700
vn 0.172249 0.626063 0.760510
vn -0.512776 -0.417497 0.750171
vn -0.300082 -0.950358 -0.082281
vn -0.245431 -0.952819 -0.178605
vn -0.128149 -0.964283 -0.231812
vn 0.007486 -0.991083 -0.133035
vn -0.245431 -0.952819 -0.178605
vn -0.227331 -0.973584 -0.021310
vn -0.015505 -0.548800 0.835810
vn 0.276128 -0.926466 0.255760
vn -0.071069 -0.992213 -0.102289
vn -0.250434 0.912837 -0.322508
vn -0.234187 0.752121 0.616012
vn -0.119340 0.977482 0.174033
vn 0.095301 0.985054 0.143477
vn -0.010812 0.985608 0.168700
vn -0.132253 0.977929 -0.161752
vn -0.010812 0.985608 0.168700
vn 0.304308 0.891100 0.336657
vn 0.172249 0.626063 0.760510
vn -0.358843 0.799781 -0.481230
vn -0.279697 0.724569 -0.629896
vn -0.348029 -0.207078 -0.914327
vn -0.078406 0.941061 -0.329024
vn -0.279697 0.724569 -0.629896
vn 0.074934 0.990699 0.113584
vn -0.584497 0.363239 -0.725548
vn -0.666072 0.262988 -0.697987
vn -0.370695 0.770647 -0.518351
vn -0.279697 0.724569 -0.629896
vn -0.358843 0.799781 -0.481230
vn 0.074934 0.990699 0.113584
vn 0.214621 0.926234 0.309885
vn -0.178567 0.887474 -0.424858
vn 0.542439 0.417741 0.728871
vn 0.573023 0.473434 0.668959
vn 0.214621 0.926234 0.309885
vn 0.455560 0.428375 0.780359
vn -0.178567 0.887474 -0.424858
vn 0.214621 0.926234 0.309885
vn -0.370695 0.770647 -0.518351
vn -0.358843 0.799781 -0.481230
vn -0.370695 0.770647 -0.518351
vn 0.214621 0.926234 0.309885
vn 0.455560 0.428375 0.780359
vn 0.214621 0.926234 0.309885
vn 0.542439 0.417741 0.728871
vn -0.183131 0.741490 -0.645489
vn -0.006819 0.573765 -0.818991
vn 0.395400 0.885846 0.242768
vn -0.178567 0.887474 -0.424858
vn -0.499267 0.666078 -0.554142
vn 0.409821 0.809595 0.420242
vn 0.395400 0.885846 0.242768
vn 0.542439 0.417741 0.728871
vn 0.585510 0.345527 0.733341
vn -0.183131 0.741490 -0.645489
vn -0.002843 0.923923 0.382569
vn -0.423390 0.870580 -0.250662
vn -0.539030 -0.205168 -0.816917
vn -0.359937 -0.344975 -0.866855
vn -0.025211 -0.741589 -0.670381
vn -0.006819 0.573765 -0.818991
vn -0.356341 0.624376 -0.695108
vn -0.498842 -0.115843 -0.858916
vn -0.271530 0.039158 -0.961633
vn -0.644240 -0.709272 -0.286161
vn -0.231918 0.596131 -0.768663
vn -0.423390 0.870580 -0.250662
vn -0.006819 0.573765 -0.818991
vn -0.183131 0.741490 -0.645489
vn -0.265240 -0.834656 -0.482698
vn -0.790242 0.501704 -0.351868
vn -0.025211 -0.741589 -0.670381
vn 0.585510 0.345527 0.733341
vn 0.504366 0.817749 0.277310
vn -0.183131 0.741490 -0.645489
vn -0.790242 0.501704 -0.351868
vn -0.356341 0.624376 -0.695108
vn -0.423390 0.870580 -0.250662
vn 0.127245 0.988841 0.077469
vn -0.103836 0.765131 -0.635447
vn -0.478570 0.829886 -0.286808
vn -0.103836 0.765131 -0.635447
vn 0.354673 0.932708 -0.065294
vn -0.231918 0.596131 -0.768663
vn 0.336701 0.628655 0.701017
vn 0.605087 -0.026708 0.795712
vn 0.784280 -0.030017 0.619680
vn -0.002843 0.923923 0.382569
vn 0.605087 -0.026708 0.795712
vn 0.336701 0.628655 0.701017
vn -0.423390 0.870580 -0.250662
vn -0.249742 0.616921 0.746349
vn -0.790242 0.501704 -0.351868
vn -0.265240 -0.834656 -0.482698
vn -0.295281 -0.792464 -0.533675
vn -0.644240 -0.709272 -0.286161
vn -0.025211 -0.741589 -0.670381
vn -0.122324 -0.516659 -0.847408
vn -0.539030 -0.205168 -0.816917
vn -0.295281 -0.792464 -0.533675
vn -0.265240 -0.834656 -0.482698
vn -0.025211 -0.741589 -0.670381
vn -0.231918 0.596131 -0.768663
vn -0.644240 -0.709272 -0.286161
vn -0.295281 -0.792464 -0.533675
vn -0.182274 -0.421245 -0.888442
vn -0.498842 -0.115843 -0.858916
vn -0.644240 -0.709272 -0.286161
vn 0.190455 0.951904 0.240010
vn 0.669544 0.506094 0.543672
vn 0.618800 0.779540 0.096968
vn -0.067417 -0.992278 0.104110
vn -0.404342 -0.623015 -0.669597
vn -0.463912 -0.803160 -0.373790
vn -0.103836 0.765131 -0.635447
vn -0.231918 0.596131 -0.768663
vn -0.295281 -0.792464 -0.533675
vn -0.231918 0.596131 -0.768663
vn 0.354673 0.932708 -0.065294
vn 0.139454 0.948656 -0.283911
vn 0.669544 0.506094 0.543672
vn 0.336701 0.628655 0.701017
vn 0.784280 -0.030017 0.619680
vn -0.002843 0.923923 0.382569
vn 0.336701 0.628655 0.701017
vn 0.192794 0.757469 0.623756
vn -0.103836 0.765131 -0.635447
vn -0.295281 -0.792464 -0.533675
vn -0.359937 -0.344975 -0.866855
vn 0.354673 0.932708 -0.065294
vn -0.103836 0.765131 -0.635447
vn 0.127245 0.988841 0.077469
vn 0.192612 0.965119 0.177332
vn 0.354673 0.932708 -0.065294
vn 0.206081 0.974065 0.093419
vn -0.271530 0.039158 -0.961633
vn 0.175056 0.610586 -0.772360
vn -0.182274 -0.421245 -0.888442
vn 0.175056 0.610586 -0.772360
vn 0.192612 0.965119 0.177332
vn -0.082253 0.981710 0.171697
vn 0.354673 0.932708 -0.065294
vn 0.192612 0.965119 0.177332
vn 0.139454 0.948656 -0.283911
vn -0.644240 -0.709272 -0.286161
vn -0.271530 0.039158 -0.961633
vn -0.182274 -0.421245 -0.888442
vn -0.231918 0.596131 -0.768663
vn 0.139454 0.948656 -0.283911
vn -0.271530 0.039158 -0.961633
vn 0.175435 -0.984435 -0.010527
vn 0.127840 -0.881849 0.453871
vn -0.056158 -0.994250 -0.091175
vn 0.127840 -0.881849 0.453871
vn 0.276128 -0.926466 0.255760
vn -0.234187 0.752121 0.616012
vn -0.091478 -0.995681 -0.015829
vn -0.300082 -0.950358 -0.082281
vn -0.128149 -0.964283 -0.231812
vn -0.227331 -0.973584 -0.021310
vn -0.285305 -0.930249 0.230732
vn -0.182066 -0.558654 0.809171
vn 0.007486 -0.991083 -0.133035
vn -0.227331 -0.973584 -0.021310
vn 0.237819 -0.970804 -0.031326
vn -0.300082 -0.950358 -0.082281
vn -0.227331 -0.973584 -0.021310
vn -0.245431 -0.952819 -0.178605
vn 0.177039 -0.919115 -0.351974
vn 0.007486 -0.991083 -0.133035
vn 0.237819 -0.970804 -0.031326
vn -0.067784 -0.951300 -0.300723
vn -0.245431 -0.952819 -0.178605
vn 0.007486 -0.991083 -0.133035
vn -0.132253 0.977929 -0.161752
vn -0.132148 0.964788 -0.227423
vn 0.080299 0.906816 0.413808
vn 0.165386 0.984761 0.053797
vn 0.095301 0.985054 0.143477
vn 0.131238 0.966913 0.218761
vn 0.033689 -0.378137 0.925137
vn 0.080299 0.906816 0.413808
vn -0.069949 0.592571 0.802475
vn 0.080299 0.906816 0.413808
vn 0.059387 -0.676600 0.733952
vn 0.154312 -0.135359 0.978706
vn -0.208009 0.650601 0.730377
vn 0.573023 0.473434 0.668959
vn 0.455560 0.428375 0.780359
vn 0.074934 0.990699 0.113584
vn 0.573023 0.473434 0.668959
vn 0.106993 0.762132 0.638519
vn 0.619059 0.227180 0.751768
vn -0.245546 0.930052 -0.273331
vn -0.371278 0.769320 -0.519903
vn 0.585510 0.345527 0.733341
vn -0.183131 0.741490 -0.645489
vn 0.395400 0.885846 0.242768
vn 0.409821 0.809595 0.420242
vn 0.619059 0.227180 0.751768
vn 0.585510 0.345527 0.733341
vn 0.504366 0.817749 0.277310
vn -0.002843 0.923923 0.382569
vn -0.183131 0.741490 -0.645489
vn 0.619059 0.227180 0.751768
vn 0.409821 0.809595 0.420242
vn -0.245546 0.930052 -0.273331
vn 0.504366 0.817749 0.277310
vn 0.605087 -0.026708 0.795712
vn -0.002843 0.923923 0.382569
vn 0.585510 0.345527 0.733341
vn 0.619059 0.227180 0.751768
vn 0.504366 0.817749 0.277310
vn 0.605087 -0.026708 0.795712
vn 0.504366 0.817749 0.277310
vn 0.619059 0.227180 0.751768
vn -0.641925 -0.055850 -0.764731
vn -0.539030 -0.205168 -0.816917
vn -0.122324 -0.516659 -0.847408
vn -0.540704 0.814347 -0.210898
vn -0.478570 0.829886 -0.286808
vn -0.539030 -0.205168 -0.816917
vn -0.641925 -0.055850 -0.764731
vn -0.122324 -0.516659 -0.847408
vn -0.404342 -0.623015 -0.669597
vn -0.540704 0.814347 -0.210898
vn -0.641925 -0.055850 -0.764731
vn -0.764287 0.565031 -0.310814
vn -0.404342 -0.623015 -0.669597
vn -0.122324 -0.516659 -0.847408
vn -0.214119 -0.324447 -0.921351
vn 0.117739 -0.988947 0.090119
vn -0.376646 -0.917958 -0.124460
vn -0.067417 -0.992278 0.104110
vn -0.641925 -0.055850 -0.764731
vn -0.764759 -0.494572 -0.412967
vn -0.764287 0.565031 -0.310814
vn -0.764759 -0.494572 -0.412967
vn -0.067417 -0.992278 0.104110
vn -0.376646 -0.917958 -0.124460
vn -0.404342 -0.623015 -0.669597
vn -0.214119 -0.324447 -0.921351
vn -0.463912 -0.803160 -0.373790
vn -0.764759 -0.494572 -0.412967
vn -0.404342 -0.623015 -0.669597
vn -0.067417 -0.992278 0.104110
vn -0.376646 -0.917958 -0.124460
vn -0.953739 -0.220683 -0.204158
vn -0.921116 -0.041179 -0.387105
vn -0.067417 -0.992278 0.104110
vn -0.766419 -0.638428 0.070789
vn 0.117739 -0.988947 0.090119
vn -0.103836 0.765131 -0.635447
vn -0.359937 -0.344975 -0.866855
vn -0.478570 0.829886 -0.286808
vn -0.295281 -0.792464 -0.533675
vn -0.025211 -0.741589 -0.670381
vn -0.359937 -0.344975 -0.866855
vn -0.249742 0.616921 0.746349
vn -0.002843 0.923923 0.382569
vn 0.155073 0.692589 0.704466
vn -0.321657 0.946855 0.001470
vn -0.463912 -0.803160 -0.373790
vn -0.731187 0.671616 -0.119574
vn -0.321657 0.946855 0.001470
vn -0.731187 0.671616 -0.119574
vn 0.155073 0.692589 0.704466
vn -0.321657 0.946855 0.001470
vn -0.766419 -0.638428 0.070789
vn -0.463912 -0.803160 -0.373790
vn -0.354529 -0.199214 -0.913577
vn -0.122324 -0.516659 -0.847408
vn -0.025211 -0.741589 -0.670381
vn -0.731187 0.671616 -0.119574
vn -0.463912 -0.803160 -0.373790
vn -0.214119 -0.324447 -0.921351
vn -0.731187 0.671616 -0.119574
vn -0.214119 -0.324447 -0.921351
vn -0.354529 -0.199214 -0.913577
vn -0.354529 -0.199214 -0.913577
vn -0.214119 -0.324447 -0.921351
vn -0.122324 -0.516659 -0.847408
vn -0.731187 0.671616 -0.119574
vn -0.354529 -0.199214 -0.913577
vn -0.249742 0.616921 0.746349
vn -0.249742 0.616921 0.746349
vn -0.354529 -0.199214 -0.913577
vn -0.790242 0.501704 -0.351868
vn 0.192794 0.757469 0.623756
vn 0.669544 0.506094 0.543672
vn 0.190455 0.951904 0.240010
vn -0.321657 0.946855 0.001470
vn -0.398606 0.837890 -0.372898
vn -0.766419 -0.638428 0.070789
vn 0.190455 0.951904 0.240010
vn 0.618800 0.779540 0.096968
vn 0.144492 0.989345 -0.017821
vn 0.192794 0.757469 0.623756
vn 0.190455 0.951904 0.240010
vn -0.321657 0.946855 0.001470
vn -0.398606 0.837890 -0.372898
vn -0.740230 0.633302 -0.225806
vn -0.766419 -0.638428 0.070789
vn -0.321657 0.946855 0.001470
vn 0.190455 0.951904 0.240010
vn -0.398606 0.837890 -0.372898
vn -0.766419 -0.638428 0.070789
vn -0.740230 0.633302 -0.225806
vn 0.117739 -0.988947 0.090119
vn -0.463912 -0.803160 -0.373790
vn -0.766419 -0.638428 0.070789
vn -0.067417 -0.992278 0.104110
vn -0.740230 0.633302 -0.225806
vn -0.422406 0.894351 0.147343
vn -0.954597 -0.178808 -0.238271
vn -0.376646 -0.917958 -0.124460
vn 0.117739 -0.988947 0.090119
vn 0.220030 -0.975357 0.016274
vn -0.069949 0.592571 0.802475
vn -0.075479 -0.574181 0.815242
vn 0.033689 -0.378137 0.925137
vn 0.059387 -0.676600 0.733952
vn 0.033689 -0.378137 0.925137
vn -0.075479 -0.574181 0.815242
vn -0.249742 0.616921 0.746349
vn 0.155073 0.692589 0.704466
vn -0.731187 0.671616 -0.119574
vn 0.192794 0.757469 0.623756
vn -0.321657 0.946855 0.001470
vn 0.155073 0.692589 0.704466
vn 0.132910 0.981950 -0.134568
vn 0.202964 0.788237 -0.580937
vn -0.338887 0.937224 -0.082263
vn -0.954597 -0.178808 -0.238271
vn -0.779167 0.029017 0.626144
vn -0.070061 -0.995370 0.065802
vn -0.422406 0.894351 0.147343
vn -0.740230 0.633302 -0.225806
vn 0.144492 0.989345 -0.017821
vn -0.177218 -0.563518 0.806871
vn 0.007033 -0.516036 0.856538
vn -0.779167 0.029017 0.626144
vn 0.144492 0.989345 -0.017821
vn 0.132910 0.981950 -0.134568
vn -0.422406 0.894351 0.147343
vn -0.338887 0.937224 -0.082263
vn -0.422406 0.894351 0.147343
vn 0.132910 0.981950 -0.134568
vn -0.070061 -0.995370 0.065802
vn 0.007033 -0.516036 0.856538
vn -0.108192 -0.828424 0.549552
vn 0.117739 -0.988947 0.090119
vn -0.954597 -0.178808 -0.238271
vn -0.070061 -0.995370 0.065802
vn -0.847325 0.453381 0.276561
vn -0.338887 0.937224 -0.082263
vn -0.336056 0.787826 -0.516136
vn 0.409357 -0.698861 -0.586532
vn 0.278355 -0.918957 0.279349
vn 0.312697 -0.727215 -0.611047
vn -0.186346 -0.953017 0.238818
vn -0.108192 -0.828424 0.549552
vn 0.307305 -0.916630 0.255642
vn 0.220030 -0.975357 0.016274
vn -0.108192 -0.828424 0.549552
vn -0.560772 -0.824683 0.073705
vn -0.376646 -0.917958 -0.124460
vn 0.220030 -0.975357 0.016274
vn -0.560772 -0.824683 0.073705
vn 0.117739 -0.988947 0.090119
vn -0.070061 -0.995370 0.065802
vn 0.220030 -0.975357 0.016274
vn -0.779167 0.029017 0.626144
vn 0.007033 -0.516036 0.856538
vn -0.070061 -0.995370 0.065802
vn 0.278355 -0.918957 0.279349
vn 0.007033 -0.516036 0.856538
vn -0.177218 -0.563518 0.806871
vn 0.137865 0.990145 0.024610
vn -0.238118 0.957503 -0.162748
vn 0.165560 0.972878 -0.161549
vn 0.149441 0.272476 0.950486
vn -0.106523 0.803907 0.585138
vn 0.188182 0.437535 0.879290
vn 0.007033 -0.516036 0.856538
vn 0.278355 -0.918957 0.279349
vn 0.307305 -0.916630 0.255642
vn -0.177218 -0.563518 0.806871
vn -0.847325 0.453381 0.276561
vn -0.792322 0.191097 0.579403
vn -0.338887 0.937224 -0.082263
vn -0.847325 0.453381 0.276561
vn -0.779167 0.029017 0.626144
vn -0.514150 0.843445 -0.155726
vn -0.792322 0.191097 0.579403
vn -0.336056 0.787826 -0.516136
vn -0.422406 0.894351 0.147343
vn -0.338887 0.937224 -0.082263
vn -0.779167 0.029017 0.626144
vn 0.132910 0.981950 -0.134568
vn 0.271453 0.861221 -0.429664
vn 0.202964 0.788237 -0.580937
vn 0.165560 0.972878 -0.161549
vn 0.202964 0.788237 -0.580937
vn 0.271453 0.861221 -0.429664
vn -0.336056 0.787826 -0.516136
vn -0.338887 0.937224 -0.082263
vn 0.202964 0.788237 -0.580937
vn 0.409357 -0.698861 -0.586532
vn 0.312697 -0.727215 -0.611047
vn 0.096213 -0.741629 -0.663875
vn 0.410834 -0.833485 -0.369484
vn 0.409357 -0.698861 -0.586532
vn -0.783184 -0.454919 0.423877
vn 0.065248 -0.568680 -0.819967
vn 0.096213 -0.741629 -0.663875
vn 0.312697 -0.727215 -0.611047
vn 0.096213 -0.741629 -0.663875
vn -0.296864 -0.906702 0.299605
vn -0.443672 -0.429229 0.786713
vn -0.186346 -0.953017 0.238818
vn 0.410834 -0.833485 -0.369484
vn -0.783184 -0.454919 0.423877
vn 0.278355 -0.918957 0.279349
vn 0.410834 -0.833485 -0.369484
vn 0.307305 -0.916630 0.255642
vn -0.385544 -0.550549 0.740440
vn -0.204106 -0.669283 -0.714424
vn -0.363470 -0.817496 0.446754
vn -0.153758 -0.941384 0.300256
vn -0.208028 -0.930386 0.301837
vn -0.090358 -0.692902 -0.715348
vn -0.391889 -0.769570 0.504168
vn -0.385544 -0.550549 0.740440
vn -0.026671 0.305835 0.951711
vn -0.411632 -0.899637 0.145645
vn -0.363470 -0.817496 0.446754
vn 0.065248 -0.568680 -0.819967
vn -0.795045 0.049843 0.604500
vn -0.180853 -0.975200 0.127583
vn -0.602385 -0.249548 0.758194
vn 0.409357 -0.698861 -0.586532
vn 0.096213 -0.741629 -0.663875
vn -0.180853 -0.975200 0.127583
vn 0.065248 -0.568680 -0.819967
vn 0.312697 -0.727215 -0.611047
vn -0.411632 -0.899637 0.145645
vn 0.065248 -0.568680 -0.819967
vn -0.204106 -0.669283 -0.714424
vn -0.090506 -0.867934 -0.488363
vn 0.312697 -0.727215 -0.611047
vn -0.258570 -0.765075 0.589747
vn -0.411632 -0.899637 0.145645
vn 0.114491 0.265628 0.957253
vn 0.128418 0.682330 0.719677
vn -0.385544 -0.550549 0.740440
vn -0.090506 -0.867934 -0.488363
vn -0.204106 -0.669283 -0.714424
vn -0.090358 -0.692902 -0.715348
vn -0.197036 -0.479823 0.854954
vn -0.090506 -0.867934 -0.488363
vn -0.368059 -0.581464 0.725556
vn 0.065248 -0.568680 -0.819967
vn -0.363470 -0.817496 0.446754
vn -0.204106 -0.669283 -0.714424
vn -0.363470 -0.817496 0.446754
vn 0.149441 0.272476 0.950486
vn 0.114491 0.265628 0.957253
vn 0.188182 0.437535 0.879290
vn 0.114491 0.265628 0.957253
vn 0.149441 0.272476 0.950486
vn -0.030983 0.999505 0.005391
vn 0.164463 0.751938 0.638389
vn 0.130345 0.977553 0.165530
vn -0.258570 -0.765075 0.589747
vn 0.312697 -0.727215 -0.611047
vn 0.278355 -0.918957 0.279349
vn -0.363470 -0.817496 0.446754
vn -0.411632 -0.899637 0.145645
vn 0.149441 0.272476 0.950486
vn -0.792322 0.191097 0.579403
vn 0.278355 -0.918957 0.279349
vn -0.177218 -0.563518 0.806871
vn -0.514150 0.843445 -0.155726
vn -0.106523 0.803907 0.585138
vn -0.768765 0.501104 0.397360
vn -0.336056 0.787826 -0.516136
vn -0.792322 0.191097 0.579403
vn -0.847325 0.453381 0.276561
vn -0.792322 0.191097 0.579403
vn -0.768765 0.501104 0.397360
vn -0.258570 -0.765075 0.589747
vn -0.417829 -0.837287 -0.352662
vn -0.204106 -0.669283 -0.714424
vn -0.385544 -0.550549 0.740440
vn -0.153758 -0.941384 0.300256
vn -0.143142 -0.937782 -0.316348
vn 0.040504 -0.973309 0.225895
vn -0.106523 0.803907 0.585138
vn 0.149441 0.272476 0.950486
vn -0.768765 0.501104 0.397360
vn -0.261740 0.801570 0.537566
vn 0.181437 0.981662 0.058478
vn 0.077397 0.901796 0.425174
vn 0.077397 0.901796 0.425174
vn 0.068992 0.996946 -0.036605
vn 0.144860 0.979618 -0.139157
vn 0.077397 0.901796 0.425174
vn 0.188182 0.437535 0.879290
vn -0.282435 0.527500 0.801233
vn 0.128418 0.682330 0.719677
vn 0.164463 0.751938 0.638389
vn -0.030983 0.999505 0.005391
vn 0.188182 0.437535 0.879290
vn 0.164463 0.751938 0.638389
vn 0.114491 0.265628 0.957253
vn -0.385544 -0.550549 0.740440
vn -0.391889 -0.769570 0.504168
vn -0.417829 -0.837287 -0.352662
vn -0.224399 -0.702960 -0.674902
vn -0.417829 -0.837287 -0.352662
vn -0.391889 -0.769570 0.504168
vn -0.792322 0.191097 0.579403
vn -0.258570 -0.765075 0.589747
vn 0.278355 -0.918957 0.279349
vn -0.411632 -0.899637 0.145645
vn -0.258570 -0.765075 0.589747
vn -0.768765 0.501104 0.397360
vn -0.345796 -0.616635 0.707238
vn -0.208028 -0.930386 0.301837
vn -0.153758 -0.941384 0.300256
vn -0.090506 -0.867934 -0.488363
vn -0.208028 -0.930386 0.301837
vn -0.368059 -0.581464 0.725556
vn -0.090358 -0.692902 -0.715348
vn -0.224399 -0.702960 -0.674902
vn -0.143142 -0.937782 -0.316348
vn -0.143142 -0.937782 -0.316348
vn -0.224399 -0.702960 -0.674902
vn -0.071069 -0.992213 -0.102289
vn -0.417829 -0.837287 -0.352662
vn -0.224399 -0.702960 -0.674902
vn -0.090358 -0.692902 -0.715348
vn -0.224399 -0.702960 -0.674902
vn -0.391889 -0.769570 0.504168
vn -0.071069 -0.992213 -0.102289
vn -0.768765 0.501104 0.397360
vn -0.792322 0.191097 0.579403
vn -0.514150 0.843445 -0.155726
vn 0.077397 0.901796 0.425174
vn -0.282435 0.527500 0.801233
vn -0.261740 0.801570 0.537566
vn -0.238118 0.957503 -0.162748
vn -0.514150 0.843445 -0.155726
vn -0.336056 0.787826 -0.516136
vn -0.282435 0.527500 0.801233
vn -0.514150 0.843445 -0.155726
vn -0.261740 0.801570 0.537566
vn 0.188182 0.437535 0.879290
vn -0.106523 0.803907 0.585138
vn -0.282435 0.527500 0.801233
vn -0.514150 0.843445 -0.155726
vn -0.282435 0.527500 0.801233
vn -0.106523 0.803907 0.585138
vn 0.286667 -0.938710 -0.191432
vn 0.026821 -0.950368 -0.309970
vn 0.122126 -0.977593 -0.171456
vn -0.177170 -0.984149 -0.007881
vn 0.026821 -0.950368 -0.309970
vn 0.017649 -0.999088 0.038869
vn -0.427865 -0.751265 -0.502526
vn -0.360158 -0.838025 -0.409879
vn -0.035949 -0.989777 0.138018
vn -0.427865 -0.751265 -0.502526
vn -0.859198 -0.289249 -0.422035
vn -0.666072 0.262988 -0.697987
vn -0.035949 -0.989777 0.138018
vn -0.519544 -0.757534 -0.395242
vn -0.427865 -0.751265 -0.502526
vn -0.859198 -0.289249 -0.422035
vn -0.427865 -0.751265 -0.502526
vn -0.519544 -0.757534 -0.395242
vn 0.417000 0.905204 -0.081950
vn 0.590861 0.796314 0.129493
vn 0.356273 0.933775 0.033666
vn 0.551569 0.761830 -0.339686
vn 0.590861 0.796314 0.129493
vn 0.521132 0.852959 0.029718
vn -0.403319 -0.349430 -0.845714
vn -0.271322 -0.743758 -0.610908
vn -0.240524 0.253081 -0.937069
vn -0.079061 0.343067 -0.935978
vn -0.271322 -0.743758 -0.610908
vn -0.459680 -0.473548 -0.751297
vn 0.116777 0.670489 -0.732672
vn 0.135755 0.935259 -0.326897
vn 0.314935 0.873134 0.372093
vn -0.240524 0.253081 -0.937069
vn 0.135755 0.935259 -0.326897
vn -0.403319 -0.349430 -0.845714
vn -0.429968 0.729287 0.532229
vn -0.220234 0.944721 -0.242898
vn 0.192596 0.901625 0.387271
vn 0.394773 -0.202173 -0.896259
vn -0.220234 0.944721 -0.242898
vn -0.646031 0.660075 0.383334
vn -0.041995 -0.856467 -0.514490
vn -0.115608 -0.582652 -0.804457
vn -0.077949 0.067774 -0.994651
vn 0.007522 -0.981979 -0.188839
vn -0.041995 -0.856467 -0.514490
vn -0.020754 -0.713281 -0.700570
vn -0.143142 -0.937782 -0.316348
vn -0.071069 -0.992213 -0.102289
vn 0.040504 -0.973309 0.225895
vn 0.175435 -0.984435 -0.010527
vn 0.197797 -0.979639 0.034419
vn 0.276128 -0.926466 0.255760
vn 0.059944 0.865233 0.497773
vn -0.015505 -0.548800 0.835810
vn -0.391889 -0.769570 0.504168
vn 0.040504 -0.973309 0.225895
vn -0.071069 -0.992213 -0.102289
vn 0.197797 -0.979639 0.034419
vn -0.234187 0.752121 0.616012
vn -0.015505 -0.548800 0.835810
vn -0.119340 0.977482 0.174033
vn -0.391889 -0.769570 0.504168
vn -0.015505 -0.548800 0.835810
vn -0.071069 -0.992213 -0.102289
vn -0.514150 0.843445 -0.155726
vn -0.238118 0.957503 -0.162748
vn -0.261740 0.801570 0.537566
vn 0.202964 0.788237 -0.580937
vn -0.238118 0.957503 -0.162748
vn -0.336056 0.787826 -0.516136
vn 0.409821 0.809595 0.420242
vn -0.499267 0.666078 -0.554142
vn -0.245546 0.930052 -0.273331
vn -0.178567 0.887474 -0.424858
vn -0.666072 0.262988 -0.697987
vn -0.499267 0.666078 -0.554142
vn -0.853638 -0.312872 -0.416430
vn -0.519544 -0.757534 -0.395242
vn -0.528199 0.118563 -0.840803
vn -0.853638 -0.312872 -0.416430
vn -0.815184 0.298258 -0.496505
vn -0.793336 0.173135 -0.583646
vn -0.815184 0.298258 -0.496505
vn -0.853638 -0.312872 -0.416430
vn -0.700476 0.225647 -0.677064
vn -0.853638 -0.312872 -0.416430
vn -0.793336 0.173135 -0.583646
vn -0.859198 -0.289249 -0.422035
vn -0.499267 0.666078 -0.554142
vn -0.667994 0.376802 -0.641720
vn -0.245546 0.930052 -0.273331
vn -0.859198 -0.289249 -0.422035
vn -0.667994 0.376802 -0.641720
vn -0.666072 0.262988 -0.697987
vn -0.853638 -0.312872 -0.416430
vn -0.859198 -0.289249 -0.422035
vn -0.519544 -0.757534 -0.395242
vn -0.859198 -0.289249 -0.422035
vn -0.793336 0.173135 -0.583646
vn -0.667994 0.376802 -0.641720
vn 0.092906 -0.995474 -0.019999
vn 0.363539 -0.931341 0.021037
vn 0.764088 -0.611913 0.204283
vn 0.730085 -0.370897 0.573944
vn 0.490121 0.432776 0.756628
vn 0.324672 0.879800 0.347188
vn -0.207622 0.695289 0.688089
vn 0.195994 0.980056 -0.032818
vn -0.193066 0.613269 0.765915
vn 0.274125 0.952309 0.134029
vn -0.683186 0.150760 0.714513
vn -0.193066 0.613269 0.765915
vn 0.372433 -0.836353 0.402253
vn 0.635897 -0.689785 0.346167
vn 0.616305 -0.719702 0.319682
vn -0.000036 -1.000000 -0.000476
vn -0.008130 -0.999964 0.002260
vn -0.007548 -0.998689 -0.050637
vn 0.124665 0.828553 -0.545855
vn 0.274102 0.931272 -0.240001
vn 0.212876 0.963233 -0.163907
vn 0.248046 0.957238 0.148888
vn 0.260292 0.939688 0.221889
vn 0.186624 0.982299 0.016157
vn 0.042458 -0.988144 -0.147541
vn 0.236184 -0.970798 -0.042058
vn 0.816041 0.442232 0.372167
vn 0.632412 0.760065 -0.149520
vn 0.377557 0.924283 -0.056136
vn 0.478838 0.846252 -0.233607
vn 0.194081 -0.847297 0.494388
vn -0.157418 -0.726268 0.669144
vn 0.135616 -0.556624 0.819621
vn -0.053746 0.930419 -0.362535
vn 0.198693 0.959247 -0.200914
vn -0.151138 0.983404 0.100374
vn -0.323895 0.669444 -0.668533
vn 0.220541 0.861344 -0.457655
vn 0.395678 0.846519 -0.356152
vn 0.139434 0.989023 0.048910
vn 0.018337 0.437151 0.899201
vn 0.088286 0.190518 0.977706
vn -0.683186 0.150760 0.714513
vn 0.274125 0.952309 0.134029
vn 0.137650 0.900569 0.412345
vn 0.260169 0.964942 0.034617
vn 0.198693 0.959247 -0.200914
vn 0.125535 0.939680 -0.318187
vn -0.928317 0.207487 0.308507
vn 0.243146 0.944001 -0.223030
vn -0.323895 0.669444 -0.668533
vn 0.134470 0.990718 -0.019897
vn 0.098727 0.994745 0.027109
vn 0.303994 0.951522 -0.046841
vn -0.928317 0.207487 0.308507
vn -0.879016 -0.258434 0.400679
vn -0.214559 0.975975 -0.037902
vn -0.278975 -0.959520 -0.038671
vn 0.244620 0.754142 -0.609451
vn 0.034147 0.938033 -0.344861
vn 0.363539 -0.931341 0.021037
vn 0.092906 -0.995474 -0.019999
vn 0.415006 -0.856990 0.305513
vn -0.252349 0.847839 -0.466357
vn 0.590843 0.781075 0.202056
vn 0.734665 0.491178 0.467987
vn 0.274125 0.952309 0.134029
vn 0.195994 0.980056 -0.032818
vn 0.348908 0.921386 0.171206
vn -0.551938 0.002006 -0.833883
vn -0.120065 0.374753 -0.919318
vn 0.028914 0.280684 -0.959365
vn -0.024503 0.999685 -0.005501
vn 0.086616 0.985214 -0.147818
vn 0.203583 0.957359 -0.204980
vn 0.490121 0.432776 0.756628
vn 0.380448 -0.907821 0.176408
vn 0.547907 0.172177 0.818629
vn 0.098727 0.994745 0.027109
vn -0.017681 0.741099 0.671163
vn -0.062883 0.701614 0.709777
vn 0.098727 0.994745 0.027109
vn -0.114868 0.993239 -0.016808
vn -0.017681 0.741099 0.671163
vn -0.097525 -0.960054 -0.262271
vn 0.118258 -0.964567 -0.235849
vn -0.073436 -0.923808 -0.375748
vn -0.175308 -0.976785 -0.123120
vn -0.084578 -0.996309 -0.014691
vn -0.034352 -0.999406 0.002820
vn -0.114868 0.993239 -0.016808
vn 0.134470 0.990718 -0.019897
vn -0.032282 0.990414 0.134307
vn 0.303994 0.951522 -0.046841
vn 0.098727 0.994745 0.027109
vn -0.062883 0.701614 0.709777
vn 0.609245 -0.130760 -0.782127
vn 0.553818 -0.775791 -0.302379
vn 0.423033 -0.889133 -0.174604
vn -0.151553 0.975446 -0.159800
vn -0.235244 0.915737 0.325708
vn -0.046137 0.833308 0.550880
vn 0.590843 0.781075 0.202056
vn -0.252349 0.847839 -0.466357
vn -0.447535 0.820027 0.356746
vn 0.045376 -0.998922 0.009826
vn 0.156145 -0.983798 -0.088094
vn 0.015534 -0.993073 -0.116468
vn 0.031027 0.971779 0.233845
vn 0.269838 0.962144 0.038301
vn 0.180820 0.978767 0.096537
vn 0.180820 0.978767 0.096537
vn 0.014408 0.965516 0.259945
vn 0.251479 0.949101 0.189648
vn -0.183910 0.982928 -0.005427
vn -0.235244 0.915737 0.325708
vn -0.151553 0.975446 -0.159800
vn -0.032282 0.990414 0.134307
vn 0.260169 0.964942 0.034617
vn 0.125535 0.939680 -0.318187
vn -0.183910 0.982928 -0.005427
vn -0.138022 0.952882 0.270121
vn -0.235244 0.915737 0.325708
vn -0.448589 -0.892518 -0.046685
vn -0.185111 -0.974263 0.128626
vn -0.954070 0.263269 -0.142967
vn -0.138022 0.952882 0.270121
vn -0.183910 0.982928 -0.005427
vn -0.153519 0.985340 0.074410
vn 0.110333 0.910070 0.399499
vn 0.043500 0.926534 0.373688
vn 0.040559 0.939174 0.341040
vn -0.082280 0.982511 0.167037
vn 0.031027 0.971779 0.233845
vn -0.300420 0.900674 0.313900
vn 0.063954 0.997936 0.005820
vn 0.232050 0.959366 -0.160531
vn 0.088533 0.995893 0.018957
vn 0.085375 0.981347 0.172249
vn 0.110994 0.984429 0.136306
vn 0.186624 0.982299 0.016157
vn 0.118258 -0.964567 -0.235849
vn 0.073023 -0.994199 0.078963
vn 0.499253 -0.853350 0.150137
vn 0.355184 0.860072 -0.366224
vn 0.478838 0.846252 -0.233607
vn 0.394746 0.914124 -0.092484
vn 0.312019 0.789345 -0.528753
vn 0.563543 0.709522 -0.423081
vn 0.355184 0.860072 -0.366224
vn 0.098727 0.994745 0.027109
vn 0.134470 0.990718 -0.019897
vn -0.114868 0.993239 -0.016808
vn -0.267056 0.854002 -0.446500
vn -0.273863 0.961115 -0.035444
vn -0.098648 0.043673 -0.994164
vn 0.178625 0.707832 -0.683423
vn 0.348601 0.910721 -0.221507
vn 0.101799 0.987160 -0.123096
vn 0.203583 0.957359 -0.204980
vn 0.086616 0.985214 -0.147818
vn 0.043481 0.973121 -0.226154
vn 0.194081 -0.847297 0.494388
vn -0.519544 -0.757534 -0.395242
vn -0.035949 -0.989777 0.138018
vn 0.260169 0.964942 0.034617
vn -0.032282 0.990414 0.134307
vn 0.134470 0.990718 -0.019897
vn 0.088286 0.190518 0.977706
vn 0.219141 0.343332 0.913291
vn 0.305459 0.426393 0.851401
vn -0.027096 0.997575 -0.064106
vn 0.051922 0.998488 -0.018067
vn -0.020645 0.999539 0.022276
vn -0.016148 -0.996472 0.082354
vn -0.022582 -0.893034 0.449423
vn 0.145610 -0.897565 0.416143
vn -0.618059 0.679100 0.396013
vn 0.266372 0.951672 -0.152858
vn -0.153891 0.921310 0.357080
vn -0.278975 -0.959520 -0.038671
vn 0.034147 0.938033 -0.344861
vn -0.073625 0.949615 -0.304648
vn -0.092969 -0.990860 0.097738
vn -0.515845 -0.655005 0.552153
vn -0.292477 -0.941129 0.169511
vn -0.006201 0.998725 -0.050107
vn 0.086616 0.985214 -0.147818
vn 0.063686 0.994252 -0.086067
vn 0.209911 0.555626 0.804498
vn 0.632412 0.760065 -0.149520
vn 0.108650 0.486980 0.866629
vn 0.816041 0.442232 0.372167
vn 0.324672 0.879800 0.347188
vn 0.015989 0.958371 0.285078
vn -0.073625 0.949615 -0.304648
vn 0.034147 0.938033 -0.344861
vn 0.043481 0.973121 -0.226154
vn 0.033090 -0.999166 0.023938
vn 0.111281 -0.925374 0.362354
vn 0.069427 -0.974247 0.214528
vn -0.020645 0.999539 0.022276
vn 0.020647 0.986144 0.164604
vn -0.027096 0.997575 -0.064106
vn 0.063686 0.994252 -0.086067
vn -0.027096 0.997575 -0.064106
vn -0.027282 0.997092 -0.071158
vn 0.481742 -0.870054 0.104553
vn 0.547907 0.172177 0.818629
vn 0.380448 -0.907821 0.176408
vn 0.238076 -0.971234 0.004910
vn 0.614846 -0.787034 0.050413
vn -0.294396 -0.800371 0.522242
vn -0.174401 -0.734077 0.656289
vn 0.342069 -0.828801 0.442807
vn 0.372433 -0.836353 0.402253
vn -0.534104 0.478312 0.697101
vn 0.088286 0.190518 0.977706
vn -0.462750 -0.214509 0.860144
vn 0.005932 -0.999348 -0.035622
vn -0.078221 -0.939104 -0.334611
vn 0.045376 -0.998922 0.009826
vn 0.139434 0.989023 0.048910
vn 0.194215 0.773670 -0.603088
vn 0.137558 0.780413 -0.609945
vn -0.221721 -0.932794 0.284138
vn -0.695312 0.344379 0.630828
vn -0.806012 0.065394 0.588276
vn -0.060618 -0.984284 0.165861
vn 0.517712 -0.841828 0.152643
vn -0.387434 -0.897327 0.211420
vn -0.160863 -0.886675 0.433509
vn -0.620495 0.293447 0.727238
vn -0.514489 0.050668 0.855999
vn 0.015989 0.958371 0.285078
vn -0.085609 0.991939 0.093426
vn 0.816041 0.442232 0.372167
vn -0.254849 -0.966639 -0.025724
vn -0.211752 -0.951536 0.223027
vn -0.785900 -0.588384 0.190171
vn -0.276344 0.592952 -0.756335
vn -0.193794 0.978411 0.071811
vn -0.223738 0.938856 -0.261707
vn -0.067121 0.972029 0.225067
vn -0.150736 0.987415 0.047859
vn -0.032282 0.990414 0.134307
vn 0.639366 -0.720529 -0.268421
vn -0.060618 -0.984284 0.165861
vn -0.356443 -0.929508 0.094672
vn 0.055539 -0.952197 -0.300392
vn -0.253640 -0.963927 -0.080699
vn -0.068460 -0.991787 -0.108037
vn 0.236184 -0.970798 -0.042058
vn 0.324672 0.879800 0.347188
vn 0.816041 0.442232 0.372167
vn 0.103486 -0.830247 0.547704
vn 0.713058 -0.588307 0.381370
vn 0.264622 -0.649109 0.713185
vn -0.689424 -0.104523 0.716777
vn -0.688824 -0.424959 0.587308
vn -0.781423 0.107967 0.614590
vn 0.055539 -0.952197 -0.300392
vn 0.082522 -0.911359 -0.403256
vn -0.244256 -0.543236 -0.803264
vn -0.006201 0.998725 -0.050107
vn 0.063686 0.994252 -0.086067
vn -0.027282 0.997092 -0.071158
vn 0.816041 0.442232 0.372167
vn 0.169181 -0.983906 0.057501
vn 0.042458 -0.988144 -0.147541
vn 0.574835 -0.792242 -0.204740
vn 0.428649 -0.528120 -0.733041
vn -0.051172 -0.886348 0.460183
vn 0.011480 -0.990760 -0.135138
vn 0.039429 -0.991215 -0.126249
vn 0.042458 -0.988144 -0.147541
vn 0.328080 0.508280 -0.796250
vn 0.129559 0.912163 -0.388810
vn 0.131421 0.791169 -0.597311
vn 0.011480 -0.990760 -0.135138
vn 0.042458 -0.988144 -0.147541
vn 0.169181 -0.983906 0.057501
vn 0.324672 0.879800 0.347188
vn 0.236184 -0.970798 -0.042058
vn 0.764088 -0.611913 0.204283
vn -0.987169 0.146174 0.064273
vn -0.534512 -0.794210 0.289009
vn -0.948431 -0.093061 0.303014
vn -0.027931 0.979772 0.198160
vn 0.020647 0.986144 0.164604
vn -0.020645 0.999539 0.022276
vn -0.062690 0.974085 0.217323
vn -0.324587 0.926002 0.192779
vn -0.122375 0.942535 0.310888
vn -0.027931 0.979772 0.198160
vn -0.170130 0.866869 0.468608
vn 0.020647 0.986144 0.164604
vn 0.528964 -0.725320 0.440577
vn 0.103486 -0.830247 0.547704
vn -0.211752 -0.951536 0.223027
vn 0.134470 0.990718 -0.019897
vn 0.416044 0.909292 -0.009790
vn 0.260169 0.964942 0.034617
vn 0.635897 -0.689785 0.346167
vn 0.372433 -0.836353 0.402253
vn 0.342069 -0.828801 0.442807
vn 0.007549 -0.973981 0.226506
vn -0.118148 -0.992746 0.022274
vn -0.217382 -0.971203 0.097517
vn -0.618059 0.679100 0.396013
vn -0.442140 0.896810 0.015642
vn 0.266372 0.951672 -0.152858
vn -0.053746 0.930419 -0.362535
vn 0.125535 0.939680 -0.318187
vn 0.198693 0.959247 -0.200914
vn 0.000029 -1.000000 0.000010
vn 0.011635 -0.999932 -0.000354
vn 0.033090 -0.999166 0.023938
vn 0.182515 -0.903944 -0.386747
vn 0.153664 -0.837009 -0.525170
vn 0.127591 -0.929765 -0.345338
vn 0.228678 -0.944692 0.235083
vn -0.510661 -0.600952 0.614883
vn 0.769111 -0.455097 -0.448726
vn 0.243172 -0.926678 0.286592
vn 0.142596 -0.964741 0.221226
vn 0.119669 -0.992657 0.017658
vn -0.098648 0.043673 -0.994164
vn -0.276344 0.592952 -0.756335
vn 0.037682 -0.942076 -0.333276
vn -0.723380 -0.687378 -0.065060
vn -0.913464 -0.360883 0.188009
vn -0.900234 -0.418179 0.121264
vn 0.119669 -0.992657 0.017658
vn 0.201089 -0.977296 -0.066758
vn 0.243172 -0.926678 0.286592
vn 0.165953 -0.925385 0.340768
vn 0.073023 -0.994199 0.078963
vn -0.234604 -0.956148 0.175334
vn 0.142596 -0.964741 0.221226
vn 0.040169 -0.995368 0.087341
vn 0.013599 -0.999908 -0.000256
vn -0.002483 -0.996781 0.080140
vn -0.000036 -1.000000 -0.000476
vn 0.040169 -0.995368 0.087341
vn -0.015495 -0.934817 -0.354791
vn -0.098648 0.043673 -0.994164
vn 0.037682 -0.942076 -0.333276
vn -0.122375 0.942535 0.310888
vn -0.355566 0.912066 0.204229
vn -0.300420 0.900674 0.313900
vn 0.039429 -0.991215 -0.126249
vn 0.092906 -0.995474 -0.019999
vn 0.236184 -0.970798 -0.042058
vn -0.000060 -0.999990 0.004527
vn 0.023573 -0.982049 0.187149
vn -0.022582 -0.893034 0.449423
vn 0.236184 -0.970798 -0.042058
vn 0.042458 -0.988144 -0.147541
vn 0.039429 -0.991215 -0.126249
vn 0.329823 0.895921 0.297562
vn 0.169181 -0.983906 0.057501
vn 0.816041 0.442232 0.372167
vn 0.069427 -0.974247 0.214528
vn 0.012932 -0.983202 0.182060
vn 0.000029 -1.000000 0.000010
vn 0.478838 0.846252 -0.233607
vn 0.377557 0.924283 -0.056136
vn 0.195994 0.980056 -0.032818
vn 0.053480 0.692509 -0.719424
vn 0.125535 0.939680 -0.318187
vn -0.053746 0.930419 -0.362535
vn 0.125535 0.939680 -0.318187
vn 0.053480 0.692509 -0.719424
vn 0.079328 0.991794 -0.100257
vn -0.240210 -0.947505 -0.211030
vn -0.169141 -0.970906 -0.169505
vn -0.016148 -0.996472 0.082354
vn 0.251479 0.949101 0.189648
vn 0.208605 0.975251 0.073278
vn 0.220868 0.968016 0.119006
vn -0.034359 -0.708369 -0.705006
vn -0.276344 0.592952 -0.756335
vn -0.223738 0.938856 -0.261707
vn -0.169141 -0.970906 -0.169505
vn -0.403851 -0.738605 -0.539785
vn -0.228201 -0.433844 -0.871610
vn -0.062949 -0.936785 -0.344198
vn 0.001603 -0.996622 -0.082108
vn -0.002618 -0.999992 -0.003042
vn 0.303994 0.951522 -0.046841
vn 0.416044 0.909292 -0.009790
vn 0.134470 0.990718 -0.019897
vn -0.046137 0.833308 0.550880
vn -0.017681 0.741099 0.671163
vn -0.114868 0.993239 -0.016808
vn 0.166510 -0.985233 0.039867
vn 0.008484 -0.999888 0.012305
vn 0.083679 -0.994751 0.058889
vn -0.075479 -0.574181 0.815242
vn 0.053302 -0.622854 0.780520
vn 0.166510 -0.985233 0.039867
vn 0.182088 0.961111 -0.207628
vn 0.244620 0.754142 -0.609451
vn 0.269373 0.901409 -0.338969
vn -0.170390 -0.915314 -0.364922
vn -0.075479 -0.574181 0.815242
vn 0.286226 -0.956153 -0.062013
vn 0.286700 -0.950092 0.123001
vn 0.363135 -0.929376 -0.066279
vn 0.014153 -0.999777 -0.015686
vn -0.150736 0.987415 0.047859
vn -0.114868 0.993239 -0.016808
vn -0.032282 0.990414 0.134307
vn 0.015534 -0.993073 -0.116468
vn -0.182036 -0.528952 0.828898
vn -0.327017 -0.524459 0.786131
vn -0.063876 -0.997956 -0.002159
vn -0.021740 -0.992119 -0.123401
vn 0.000000 -1.000000 0.000000
vn 0.156145 -0.983798 -0.088094
vn 0.045376 -0.998922 0.009826
vn 0.207372 -0.974298 0.087982
vn -0.534104 0.478312 0.697101
vn -0.153891 0.921310 0.357080
vn 0.219141 0.343332 0.913291
vn -0.448589 -0.892518 -0.046685
vn -0.197627 -0.923439 -0.328943
vn 0.006610 -0.997911 0.064261
vn -0.055284 -0.405378 0.912476
vn -0.090508 -0.885285 0.456157
vn -0.123474 -0.322305 0.938549
vn -0.695312 0.344379 0.630828
vn -0.170757 0.822391 0.542693
vn -0.806012 0.065394 0.588276
vn 0.124183 -0.991347 -0.042535
vn -0.071159 0.502483 -0.861654
vn 0.008630 0.272171 -0.962210
vn -0.530676 -0.664507 0.526130
vn 0.264622 -0.649109 0.713185
vn -0.750361 -0.517865 0.410822
vn -0.078221 -0.939104 -0.334611
vn 0.008630 0.272171 -0.962210
vn -0.294169 -0.597268 -0.746147
vn -0.085609 0.991939 0.093426
vn -0.413005 0.879910 0.234915
vn 0.329823 0.895921 0.297562
vn -0.022317 -0.998675 -0.046379
vn 0.000000 -1.000000 0.000000
vn 0.009072 -0.999956 0.002541
vn -0.129524 0.971997 -0.196076
vn -0.039730 0.931442 0.361715
vn 0.208605 0.975251 0.073278
vn 0.207372 -0.974298 0.087982
vn -0.454098 -0.258773 -0.852544
vn 0.117683 -0.962734 -0.243502
vn 0.307544 -0.725500 0.615683
vn -0.142698 -0.691732 -0.707915
vn 0.163525 -0.958842 -0.232123
vn 0.119669 -0.992657 0.017658
vn 0.037682 -0.942076 -0.333276
vn 0.201089 -0.977296 -0.066758
vn -0.142698 -0.691732 -0.707915
vn -0.079038 -0.968666 -0.235455
vn -0.197627 -0.923439 -0.328943
vn -0.085609 0.991939 0.093426
vn 0.099032 0.785149 0.611338
vn -0.413005 0.879910 0.234915
vn -0.205243 -0.480189 -0.852815
vn 0.242372 -0.652260 -0.718201
vn -0.550966 0.450493 -0.702491
vn -0.221104 -0.291512 0.930663
vn -0.165419 -0.440865 0.882199
vn -0.047551 -0.777549 0.627022
vn -0.157418 -0.726268 0.669144
vn -0.431445 -0.718209 0.545922
vn -0.514489 0.050668 0.855999
vn 0.305459 0.426393 0.851401
vn 0.570648 0.516328 0.638566
vn 0.139434 0.989023 0.048910
vn -0.448589 -0.892518 -0.046685
vn -0.954070 0.263269 -0.142967
vn -0.884502 0.374489 -0.278235
vn -0.094516 -0.623674 0.775950
vn 0.135616 -0.556624 0.819621
vn -0.157418 -0.726268 0.669144
vn 0.573016 -0.664451 -0.479746
vn 0.538299 -0.231213 -0.810417
vn 0.146304 -0.977878 -0.149497
vn 0.499253 -0.853350 0.150137
vn 0.099032 0.785149 0.611338
vn 0.481742 -0.870054 0.104553
vn 0.342069 -0.828801 0.442807
vn 0.194184 -0.959910 0.202151
vn 0.283826 -0.942763 0.175044
vn -0.150736 0.987415 0.047859
vn -0.142861 0.967930 0.206645
vn -0.151553 0.975446 -0.159800
vn 0.048911 -0.715270 0.697135
vn 0.151411 -0.800735 0.579568
vn 0.047438 -0.511532 0.857954
vn 0.742881 -0.534170 0.403473
vn 0.165953 -0.925385 0.340768
vn 0.616305 -0.719702 0.319682
vn -0.387434 -0.897327 0.211420
vn 0.336616 -0.941515 0.015454
vn -0.655860 -0.674286 0.339391
vn 0.635897 -0.689785 0.346167
vn 0.558683 -0.747189 0.359975
vn 0.507319 -0.790453 0.343237
vn 0.092906 -0.995474 -0.019999
vn 0.764088 -0.611913 0.204283
vn 0.236184 -0.970798 -0.042058
vn -0.008130 -0.999964 0.002260
vn -0.011039 -0.999939 -0.001059
vn -0.001847 -0.999865 0.016337
vn 0.507319 -0.790453 0.343237
vn 0.558683 -0.747189 0.359975
vn 0.283826 -0.942763 0.175044
vn 0.480924 -0.747068 0.458913
vn 0.019723 -0.761183 0.648238
vn 0.779866 -0.567617 0.263855
vn 0.730085 -0.370897 0.573944
vn 0.764088 -0.611913 0.204283
vn 0.843806 0.068529 0.532255
vn -0.679768 0.494134 -0.541984
vn -0.197627 -0.923439 -0.328943
vn -0.884502 0.374489 -0.278235
vn 0.198693 0.959247 -0.200914
vn 0.260169 0.964942 0.034617
vn 0.416044 0.909292 -0.009790
vn 0.286700 -0.950092 0.123001
vn 0.014153 -0.999777 -0.015686
vn 0.219561 -0.963713 0.151821
vn -0.481455 -0.720432 0.499178
vn -0.001894 -0.979627 0.200815
vn -0.447847 -0.540036 0.712597
vn 0.605190 -0.511262 -0.610210
vn -0.078632 -0.982857 -0.166759
vn 0.682256 -0.707161 -0.185606
vn -0.632200 0.231064 0.739549
vn -0.567735 -0.311933 0.761824
vn -0.438935 -0.525313 0.728960
vn 0.348601 0.910721 -0.221507
vn 0.194119 0.941211 -0.276476
vn 0.101799 0.987160 -0.123096
vn -0.120535 -0.990067 0.072384
vn -0.010077 -0.999918 0.007861
vn -0.292477 -0.941129 0.169511
vn -0.011039 -0.999939 -0.001059
vn -0.002483 -0.996781 0.080140
vn -0.027841 -0.916604 0.398825
vn -0.896377 -0.408638 0.171824
vn -0.866917 -0.437617 0.238632
vn -0.060618 -0.984284 0.165861
vn -0.120535 -0.990067 0.072384
vn -0.292477 -0.941129 0.169511
vn -0.351036 -0.848044 0.396983
vn -0.240210 -0.947505 -0.211030
vn 0.145610 -0.897565 0.416143
vn 0.059387 -0.676600 0.733952
vn 0.000349 -1.000000 0.000566
vn -0.092969 -0.990860 0.097738
vn -0.010077 -0.999918 0.007861
vn -0.084578 -0.996309 -0.014691
vn 0.054239 -0.984777 0.165146
vn -0.058878 -0.950302 0.305710
vn 0.054239 -0.984777 0.165146
vn -0.029108 -0.999566 0.004585
vn 0.065203 -0.996292 0.056131
vn 0.547907 0.172177 0.818629
vn 0.099032 0.785149 0.611338
vn 0.015989 0.958371 0.285078
vn 0.099032 0.785149 0.611338
vn -0.085609 0.991939 0.093426
vn 0.015989 0.958371 0.285078
vn -0.175308 -0.976785 -0.123120
vn -0.029108 -0.999566 0.004585
vn -0.084578 -0.996309 -0.014691
vn 0.013599 -0.999908 -0.000256
vn 0.119669 -0.992657 0.017658
vn 0.142596 -0.964741 0.221226
vn -0.034359 -0.708369 -0.705006
vn 0.201089 -0.977296 -0.066758
vn 0.037682 -0.942076 -0.333276
vn -0.026821 0.864121 0.502569
vn -0.413005 0.879910 0.234915
vn 0.099032 0.785149 0.611338
vn -0.273863 0.961115 -0.035444
vn -0.267056 0.854002 -0.446500
vn -0.186684 0.981882 -0.032512
vn -0.060238 -0.797897 0.599777
vn -0.071845 -0.861970 0.501843
vn -0.034352 -0.999406 0.002820
vn -0.092969 -0.990860 0.097738
vn -0.032641 -0.998804 0.036413
vn -0.152820 -0.905515 0.395839
vn 0.499253 -0.853350 0.150137
vn 0.481742 -0.870054 0.104553
vn 0.154851 -0.965180 -0.210828
vn 0.013599 -0.999908 -0.000256
vn 0.037682 -0.942076 -0.333276
vn 0.119669 -0.992657 0.017658
vn -0.207143 -0.733227 0.647665
vn -0.063645 -0.809183 0.584100
vn 0.089462 -0.979926 0.178164
vn -0.034352 -0.999406 0.002820
vn 0.128950 -0.991631 0.006369
vn 0.109455 -0.987866 -0.110186
vn 0.816041 0.442232 0.372167
vn -0.085609 0.991939 0.093426
vn 0.329823 0.895921 0.297562
vn -0.044482 -0.863346 -0.502649
vn -0.267056 0.854002 -0.446500
vn -0.015495 -0.934817 -0.354791
vn -0.046137 0.833308 0.550880
vn -0.114868 0.993239 -0.016808
vn -0.150736 0.987415 0.047859
vn 0.065203 -0.996292 0.056131
vn 0.283826 -0.942763 0.175044
vn 0.194184 -0.959910 0.202151
vn 0.730085 -0.370897 0.573944
vn 0.132011 -0.991045 0.020076
vn 0.289664 -0.917457 0.272705
vn 0.151411 -0.800735 0.579568
vn 0.048911 -0.715270 0.697135
vn 0.054239 -0.984777 0.165146
vn 0.165953 -0.925385 0.340768
vn 0.742881 -0.534170 0.403473
vn 0.583166 -0.676786 0.449308
vn -0.029105 -0.403716 0.914421
vn 0.047438 -0.511532 0.857954
vn -0.154822 -0.907071 0.391475
vn 0.394746 0.914124 -0.092484
vn -0.207622 0.695289 0.688089
vn -0.112438 0.759594 0.640605
vn 0.209911 0.555626 0.804498
vn 0.245877 0.702410 0.667956
vn 0.377557 0.924283 -0.056136
vn 0.274102 0.931272 -0.240001
vn 0.135075 0.819557 0.556849
vn 0.126925 0.926470 0.354321
vn 0.451087 0.839707 -0.302347
vn 0.312019 0.789345 -0.528753
vn 0.023193 0.859770 -0.510154
vn -0.120065 0.374753 -0.919318
vn -0.249381 0.190252 -0.949533
vn 0.145478 0.989325 0.008467
vn 0.361783 0.637857 -0.679891
vn -0.504934 0.624022 -0.596354
vn -0.740233 0.430917 -0.516106
vn 0.166510 -0.985233 0.039867
vn 0.009072 -0.999956 0.002541
vn 0.008484 -0.999888 0.012305
vn 0.148602 -0.972363 0.180077
vn 0.144742 -0.985593 0.087499
vn 0.440316 -0.855920 0.271151
vn 0.005932 -0.999348 -0.035622
vn -0.327017 -0.524459 0.786131
vn -0.378639 -0.343996 0.859243
vn -0.068460 -0.991787 -0.108037
vn 0.083679 -0.994751 0.058889
vn 0.054737 -0.994655 -0.087551
vn 0.115062 -0.895743 -0.429425
vn -0.689628 0.080557 0.719670
vn -0.849123 0.151496 0.506003
vn 0.124183 -0.991347 -0.042535
vn 0.003908 -0.774926 -0.632039
vn -0.071159 0.502483 -0.861654
vn -0.322904 0.605428 -0.727455
vn 0.139434 0.989023 0.048910
vn 0.570648 0.516328 0.638566
vn 0.230887 0.844758 -0.482778
vn 0.191500 0.905766 -0.378042
vn -0.315457 0.361915 0.877214
vn -0.928317 0.207487 0.308507
vn -0.214559 0.975975 -0.037902
vn 0.243146 0.944001 -0.223030
vn -0.432018 -0.122453 -0.893513
vn -0.551938 0.002006 -0.833883
vn 0.028914 0.280684 -0.959365
vn -0.696613 0.490896 0.523213
vn -0.315457 0.361915 0.877214
vn 0.191500 0.905766 -0.378042
vn -0.475071 0.813292 0.335952
vn -0.654212 -0.387624 0.649426
vn -0.740218 -0.505434 0.443412
vn 0.163525 -0.958842 -0.232123
vn -0.197627 -0.923439 -0.328943
vn -0.679768 0.494134 -0.541984
vn 0.303088 -0.949975 0.075400
vn 0.405217 -0.847862 -0.341950
vn 0.086663 -0.996238 0.000321
vn 0.286700 -0.950092 0.123001
vn 0.222999 -0.961739 0.159153
vn -0.153246 -0.921538 -0.356769
vn -0.092183 -0.443569 -0.891487
vn -0.142698 -0.691732 -0.707915
vn 0.307544 -0.725500 0.615683
vn 0.079328 0.991794 -0.100257
vn -0.032282 0.990414 0.134307
vn 0.125535 0.939680 -0.318187
vn -0.142861 0.967930 0.206645
vn -0.213659 0.930023 0.299010
vn -0.183910 0.982928 -0.005427
vn -0.150736 0.987415 0.047859
vn -0.151553 0.975446 -0.159800
vn -0.046137 0.833308 0.550880
vn -0.183910 0.982928 -0.005427
vn -0.151553 0.975446 -0.159800
vn -0.142861 0.967930 0.206645
vn -0.000862 0.884917 -0.465747
vn -0.108863 0.987305 -0.115666
vn 0.176114 0.876910 -0.447228
vn -0.032282 0.990414 0.134307
vn 0.079328 0.991794 -0.100257
vn -0.067121 0.972029 0.225067
vn 0.232050 0.959366 -0.160531
vn 0.001983 0.993898 -0.110286
vn 0.043067 0.983465 0.175905
vn 0.110994 0.984429 0.136306
vn 0.085375 0.981347 0.172249
vn 0.043067 0.983465 0.175905
vn -0.239461 0.944321 -0.225648
vn -0.086541 0.984586 0.151988
vn -0.129524 0.971997 -0.196076
vn -0.039730 0.931442 0.361715
vn 0.043500 0.926534 0.373688
vn -0.058505 0.902305 0.427111
vn -0.002816 -0.999896 0.014122
vn 0.012932 -0.983202 0.182060
vn 0.023573 -0.982049 0.187149
vn -0.020399 -0.997606 -0.066074
vn -0.030843 -0.994327 -0.101794
vn -0.170796 -0.557910 -0.812136
vn -0.170796 -0.557910 -0.812136
vn 0.000951 0.529280 -0.848447
vn -0.009543 0.625457 -0.780200
vn 0.143292 -0.106211 -0.983965
vn -0.002331 -0.981215 -0.192904
vn 0.002778 -0.993660 -0.112394
vn -0.062949 -0.936785 -0.344198
vn -0.403194 0.134030 -0.905246
vn -0.138021 -0.744124 -0.653628
vn -0.002618 -0.999992 -0.003042
vn 0.001603 -0.996622 -0.082108
vn 0.000029 -1.000000 0.000010
vn 0.286226 -0.956153 -0.062013
vn -0.075479 -0.574181 0.815242
vn 0.166510 -0.985233 0.039867
vn 0.083679 -0.994751 0.058889
vn 0.148602 -0.972363 0.180077
vn 0.245222 -0.938608 0.242654
vn 0.260292 0.939688 0.221889
vn 0.014408 0.965516 0.259945
vn 0.086426 0.985930 0.143080
vn 0.100239 0.989590 -0.103269
vn 0.576563 0.797125 0.179351
vn 0.343824 0.730908 0.589541
vn -0.024503 0.999685 -0.005501
vn -0.128262 0.984595 0.118838
vn -0.902092 -0.283003 0.325789
vn 0.004228 -0.996398 0.084693
vn -0.931391 -0.108136 0.347587
vn -0.940623 -0.143490 0.307635
vn -0.073625 0.949615 -0.304648
vn 0.043481 0.973121 -0.226154
vn -0.006201 0.998725 -0.050107
vn -0.024503 0.999685 -0.005501
vn -0.715971 0.618227 0.324315
vn 0.051922 0.998488 -0.018067
vn 0.182088 0.961111 -0.207628
vn 0.034147 0.938033 -0.344861
vn 0.244620 0.754142 -0.609451
vn 0.305969 0.913959 -0.266575
vn 0.214206 0.962209 -0.168137
vn 0.194119 0.941211 -0.276476
vn 0.210372 0.932270 -0.294306
vn 0.266372 0.951672 -0.152858
vn -0.442140 0.896810 0.015642
vn 0.214206 0.962209 -0.168137
vn 0.305969 0.913959 -0.266575
vn -0.128262 0.984595 0.118838
vn -0.553842 -0.820030 -0.144253
vn 0.101052 -0.850386 -0.516364
vn -0.586337 -0.729335 0.352533
vn 0.336616 -0.941515 0.015454
vn 0.471268 -0.881986 0.002769
vn 0.372517 -0.873042 -0.314689
vn 0.000574 -1.000000 -0.000534
vn 0.000349 -1.000000 0.000566
vn 0.146670 -0.988237 -0.043315
vn -0.515845 -0.655005 0.552153
vn -0.092969 -0.990860 0.097738
vn -0.714318 -0.424835 0.556116
vn -0.033601 -0.863978 0.502407
vn -0.593754 -0.498545 0.631592
vn 0.359333 -0.887109 0.289685
vn -0.510661 -0.600952 0.614883
vn 0.228678 -0.944692 0.235083
vn -0.628946 -0.373285 0.681972
vn 0.660061 -0.733226 -0.163400
vn -0.060618 -0.984284 0.165861
vn 0.639366 -0.720529 -0.268421
vn -0.913464 -0.360883 0.188009
vn -0.254849 -0.966639 -0.025724
vn -0.785900 -0.588384 0.190171
vn -0.256633 -0.927099 0.273181
vn -0.451748 -0.891115 -0.042863
vn -0.351036 -0.848044 0.396983
vn -0.632200 0.231064 0.739549
vn -0.574624 0.491722 0.654230
vn -0.571583 0.097202 0.814767
vn -0.750361 -0.517865 0.410822
vn -0.356443 -0.929508 0.094672
vn -0.866917 -0.437617 0.238632
vn -0.630408 -0.683568 0.367861
vn -0.785900 -0.588384 0.190171
vn -0.211752 -0.951536 0.223027
vn 0.713058 -0.588307 0.381370
vn 0.363539 -0.931341 0.021037
vn 0.415006 -0.856990 0.305513
vn 0.764088 -0.611913 0.204283
vn 0.363539 -0.931341 0.021037
vn 0.843806 0.068529 0.532255
vn 0.015989 0.958371 0.285078
vn 0.490121 0.432776 0.756628
vn 0.547907 0.172177 0.818629
vn -0.175246 -0.913263 -0.367749
vn -0.073436 -0.923808 -0.375748
vn 0.007131 -0.959930 -0.280151
vn 0.037682 -0.942076 -0.333276
vn -0.276344 0.592952 -0.756335
vn -0.034359 -0.708369 -0.705006
vn -0.273863 0.961115 -0.035444
vn -0.276344 0.592952 -0.756335
vn -0.098648 0.043673 -0.994164
vn -0.000036 -1.000000 -0.000476
vn 0.013599 -0.999908 -0.000256
vn 0.040169 -0.995368 0.087341
vn -0.015495 -0.934817 -0.354791
vn 0.013599 -0.999908 -0.000256
vn -0.007548 -0.998689 -0.050637
vn 0.013599 -0.999908 -0.000256
vn -0.015495 -0.934817 -0.354791
vn 0.037682 -0.942076 -0.333276
vn -0.007548 -0.998689 -0.050637
vn -0.044482 -0.863346 -0.502649
vn -0.015495 -0.934817 -0.354791
vn -0.000036 -1.000000 -0.000476
vn -0.002483 -0.996781 0.080140
vn -0.011039 -0.999939 -0.001059
vn 0.013599 -0.999908 -0.000256
vn -0.000036 -1.000000 -0.000476
vn -0.007548 -0.998689 -0.050637
vn -0.001847 -0.999865 0.016337
vn -0.027841 -0.916604 0.398825
vn 0.111281 -0.925374 0.362354
vn -0.044482 -0.863346 -0.502649
vn -0.007548 -0.998689 -0.050637
vn -0.002331 -0.981215 -0.192904
vn 0.054239 -0.984777 0.165146
vn 0.065203 -0.996292 0.056131
vn 0.194184 -0.959910 0.202151
vn 0.054239 -0.984777 0.165146
vn 0.048911 -0.715270 0.697135
vn -0.058878 -0.950302 0.305710
vn -0.127997 -0.749866 0.649090
vn -0.055284 -0.405378 0.912476
vn -0.029105 -0.403716 0.914421
vn -0.058878 -0.950302 0.305710
vn -0.060238 -0.797897 0.599777
vn -0.034352 -0.999406 0.002820
vn 0.165953 -0.925385 0.340768
vn 0.372433 -0.836353 0.402253
vn 0.616305 -0.719702 0.319682
vn 0.151411 -0.800735 0.579568
vn -0.174401 -0.734077 0.656289
vn 0.047438 -0.511532 0.857954
vn 0.342069 -0.828801 0.442807
vn 0.283826 -0.942763 0.175044
vn 0.558683 -0.747189 0.359975
vn 0.054239 -0.984777 0.165146
vn 0.194184 -0.959910 0.202151
vn 0.151411 -0.800735 0.579568
vn 0.583166 -0.676786 0.449308
vn 0.742881 -0.534170 0.403473
vn 0.678332 0.235933 0.695846
vn 0.165953 -0.925385 0.340768
vn -0.234604 -0.956148 0.175334
vn -0.174401 -0.734077 0.656289
vn 0.678332 0.235933 0.695846
vn -0.026821 0.864121 0.502569
vn 0.659509 -0.199171 0.724830
vn -0.154822 -0.907071 0.391475
vn -0.234604 -0.956148 0.175334
vn -0.022097 -0.995657 -0.090437
vn 0.151411 -0.800735 0.579568
vn 0.342069 -0.828801 0.442807
vn -0.174401 -0.734077 0.656289
vn 0.047438 -0.511532 0.857954
vn -0.174401 -0.734077 0.656289
vn -0.154822 -0.907071 0.391475
vn 0.195994 0.980056 -0.032818
vn -0.207622 0.695289 0.688089
vn 0.394746 0.914124 -0.092484
vn 0.348908 0.921386 0.171206
vn 0.195994 0.980056 -0.032818
vn 0.377557 0.924283 -0.056136
vn 0.355184 0.860072 -0.366224
vn -0.112438 0.759594 0.640605
vn 0.135075 0.819557 0.556849
vn 0.377557 0.924283 -0.056136
vn 0.632412 0.760065 -0.149520
vn 0.209911 0.555626 0.804498
vn 0.245877 0.702410 0.667956
vn 0.348908 0.921386 0.171206
vn 0.377557 0.924283 -0.056136
vn 0.126273 0.450509 0.883797
vn 0.139910 0.495308 0.857377
vn 0.096240 0.987429 0.125389
vn 0.252899 0.945397 -0.205589
vn 0.126925 0.926470 0.354321
vn 0.248046 0.957238 0.148888
vn -0.048648 0.998806 -0.004537
vn -0.163444 0.960709 -0.224330
vn -0.071273 0.937990 -0.339257
vn 0.137650 0.900569 0.412345
vn -0.879016 -0.258434 0.400679
vn -0.683186 0.150760 0.714513
vn 0.028914 0.280684 -0.959365
vn 0.099080 -0.380405 -0.919497
vn -0.432018 -0.122453 -0.893513
vn 0.009072 -0.999956 0.002541
vn 0.053302 -0.622854 0.780520
vn -0.305389 -0.622966 0.720174
vn 0.245222 -0.938608 0.242654
vn 0.166510 -0.985233 0.039867
vn 0.083679 -0.994751 0.058889
vn -0.022317 -0.998675 -0.046379
vn -0.305389 -0.622966 0.720174
vn -0.182036 -0.528952 0.828898
vn -0.174562 -0.967466 -0.183135
vn -0.276819 -0.957621 -0.079586
vn -0.063876 -0.997956 -0.002159
vn -0.068460 -0.991787 -0.108037
vn 0.144742 -0.985593 0.087499
vn 0.148602 -0.972363 0.180077
vn -0.220866 -0.923223 -0.314447
vn -0.240210 -0.947505 -0.211030
vn -0.170390 -0.915314 -0.364922
vn 0.009072 -0.999956 0.002541
vn 0.166510 -0.985233 0.039867
vn 0.053302 -0.622854 0.780520
vn 0.054737 -0.994655 -0.087551
vn 0.008484 -0.999888 0.012305
vn 0.000000 -1.000000 0.000000
vn 0.166510 -0.985233 0.039867
vn 0.245222 -0.938608 0.242654
vn 0.286226 -0.956153 -0.062013
vn 0.286226 -0.956153 -0.062013
vn 0.245222 -0.938608 0.242654
vn -0.170390 -0.915314 -0.364922
vn 0.015534 -0.993073 -0.116468
vn -0.327017 -0.524459 0.786131
vn 0.005932 -0.999348 -0.035622
vn 0.015534 -0.993073 -0.116468
vn 0.156145 -0.983798 -0.088094
vn -0.174562 -0.967466 -0.183135
vn -0.078221 -0.939104 -0.334611
vn -0.378639 -0.343996 0.859243
vn -0.689628 0.080557 0.719670
vn 0.207372 -0.974298 0.087982
vn 0.117683 -0.962734 -0.243502
vn -0.075128 -0.996540 -0.035549
vn -0.796226 0.584309 0.156867
vn 0.115722 -0.984807 0.129478
vn -0.849123 0.151496 0.506003
vn -0.090340 -0.949152 0.301577
vn 0.190799 -0.904902 -0.380457
vn 0.115062 -0.895743 -0.429425
vn -0.322904 0.605428 -0.727455
vn 0.570648 0.516328 0.638566
vn 0.395678 0.846519 -0.356152
vn 0.139434 0.989023 0.048910
vn 0.137558 0.780413 -0.609945
vn 0.018337 0.437151 0.899201
vn 0.220541 0.861344 -0.457655
vn -0.323895 0.669444 -0.668533
vn 0.788764 0.575728 0.215379
vn 0.194215 0.773670 -0.603088
vn 0.734665 0.491178 0.467987
vn 0.590843 0.781075 0.202056
vn -0.646454 0.762939 0.004535
vn -0.480712 0.806528 0.344134
vn 0.320278 0.605278 -0.728739
vn -0.678741 -0.482717 0.553439
vn -0.696613 0.490896 0.523213
vn -0.891643 0.294684 0.343707
vn -0.447977 -0.457156 0.768326
vn -0.850204 0.108531 0.515145
vn -0.698583 0.542105 0.467015
vn -0.559468 0.722935 0.405414
vn 0.305969 0.913959 -0.266575
vn -0.475071 0.813292 0.335952
vn 0.163525 -0.958842 -0.232123
vn -0.679768 0.494134 -0.541984
vn -0.528199 0.118563 -0.840803
vn -0.079038 -0.968666 -0.235455
vn -0.017708 -0.996720 0.078963
vn -0.197627 -0.923439 -0.328943
vn 0.307544 -0.725500 0.615683
vn -0.528199 0.118563 -0.840803
vn -0.519544 -0.757534 -0.395242
vn -0.092183 -0.443569 -0.891487
vn -0.009882 -0.373373 -0.927629
vn -0.121402 -0.633829 -0.763887
vn 0.222999 -0.961739 0.159153
vn 0.292033 -0.932014 0.214631
vn -0.017708 -0.996720 0.078963
vn 0.123368 -0.839824 0.528654
vn 0.124183 -0.991347 -0.042535
vn 0.062869 -0.910959 0.407678
vn -0.157418 -0.726268 0.669144
vn -0.035949 -0.989777 0.138018
vn -0.208882 -0.977250 0.036762
vn 0.135616 -0.556624 0.819621
vn 0.132157 -0.990225 -0.044594
vn 0.307544 -0.725500 0.615683
vn -0.012507 -0.931843 0.362647
vn -0.001541 -0.979723 -0.200349
vn 0.202721 -0.751646 -0.627640
vn 0.443147 -0.873182 -0.202914
vn -0.130668 -0.947514 0.291793
vn 0.545411 -0.712710 -0.441103
vn -0.186684 0.981882 -0.032512
vn -0.201234 0.968241 -0.148373
vn -0.273863 0.961115 -0.035444
vn -0.067121 0.972029 0.225067
vn 0.129559 0.912163 -0.388810
vn -0.202587 0.968896 0.142122
vn 0.124489 0.961397 -0.245394
vn 0.143292 -0.106211 -0.983965
vn -0.123504 -0.571983 -0.810915
vn 0.043500 0.926534 0.373688
vn -0.153519 0.985340 0.074410
vn 0.040559 0.939174 0.341040
vn 0.180820 0.978767 0.096537
vn 0.251479 0.949101 0.189648
vn 0.220868 0.968016 0.119006
vn 0.085375 0.981347 0.172249
vn 0.180820 0.978767 0.096537
vn 0.269838 0.962144 0.038301
vn 0.031027 0.971779 0.233845
vn 0.220868 0.968016 0.119006
vn -0.039730 0.931442 0.361715
vn -0.300420 0.900674 0.313900
vn 0.031027 0.971779 0.233845
vn -0.058505 0.902305 0.427111
vn -0.039730 0.931442 0.361715
vn -0.129524 0.971997 -0.196076
vn -0.086541 0.984586 0.151988
vn 0.031027 0.971779 0.233845
vn -0.039730 0.931442 0.361715
vn -0.058505 0.902305 0.427111
vn -0.153519 0.985340 0.074410
vn 0.043500 0.926534 0.373688
vn -0.086541 0.984586 0.151988
vn -0.183910 0.982928 -0.005427
vn -0.198086 0.948643 0.246654
vn -0.153519 0.985340 0.074410
vn 0.000029 -1.000000 0.000010
vn 0.012932 -0.983202 0.182060
vn -0.002816 -0.999896 0.014122
vn 0.000029 -1.000000 0.000010
vn 0.001603 -0.996622 -0.082108
vn -0.030843 -0.994327 -0.101794
vn -0.002618 -0.999992 -0.003042
vn -0.002816 -0.999896 0.014122
vn -0.000060 -0.999990 0.004527
vn -0.002618 -0.999992 -0.003042
vn -0.028738 -0.990406 -0.135167
vn -0.270830 -0.861204 -0.430091
vn -0.138021 -0.744124 -0.653628
vn -0.170796 -0.557910 -0.812136
vn -0.030843 -0.994327 -0.101794
vn 0.002778 -0.993660 -0.112394
vn -0.001847 -0.999865 0.016337
vn -0.020399 -0.997606 -0.066074
vn -0.000060 -0.999990 0.004527
vn -0.022582 -0.893034 0.449423
vn -0.016148 -0.996472 0.082354
vn -0.002618 -0.999992 -0.003042
vn -0.000060 -0.999990 0.004527
vn -0.028738 -0.990406 -0.135167
vn -0.403851 -0.738605 -0.539785
vn -0.169141 -0.970906 -0.169505
vn -0.220866 -0.923223 -0.314447
vn -0.000060 -0.999990 0.004527
vn -0.169141 -0.970906 -0.169505
vn -0.028738 -0.990406 -0.135167
vn -0.170390 -0.915314 -0.364922
vn -0.240210 -0.947505 -0.211030
vn 0.059387 -0.676600 0.733952
vn -0.169141 -0.970906 -0.169505
vn -0.240210 -0.947505 -0.211030
vn -0.220866 -0.923223 -0.314447
vn -0.170390 -0.915314 -0.364922
vn 0.059387 -0.676600 0.733952
vn -0.075479 -0.574181 0.815242
vn -0.220866 -0.923223 -0.314447
vn -0.170390 -0.915314 -0.364922
vn 0.245222 -0.938608 0.242654
vn 0.186624 0.982299 0.016157
vn 0.260292 0.939688 0.221889
vn 0.086426 0.985930 0.143080
vn 0.186624 0.982299 0.016157
vn 0.110994 0.984429 0.136306
vn -0.048648 0.998806 -0.004537
vn 0.085375 0.981347 0.172249
vn 0.086426 0.985930 0.143080
vn 0.180820 0.978767 0.096537
vn 0.085375 0.981347 0.172249
vn 0.269838 0.962144 0.038301
vn 0.240445 0.965471 0.100256
vn 0.051922 0.998488 -0.018067
vn -0.027096 0.997575 -0.064106
vn 0.063686 0.994252 -0.086067
vn -0.589664 0.695990 0.409749
vn -0.027931 0.979772 0.198160
vn -0.020645 0.999539 0.022276
vn -0.024503 0.999685 -0.005501
vn 0.051922 0.998488 -0.018067
vn 0.063686 0.994252 -0.086067
vn -0.327394 0.919803 0.216279
vn -0.020645 0.999539 0.022276
vn 0.051922 0.998488 -0.018067
vn -0.469756 -0.588684 0.657860
vn -0.294396 -0.800371 0.522242
vn 0.004228 -0.996398 0.084693
vn -0.170130 0.866869 0.468608
vn -0.518092 -0.847913 -0.112356
vn -0.806012 0.065394 0.588276
vn -0.589664 0.695990 0.409749
vn -0.020645 0.999539 0.022276
vn -0.327394 0.919803 0.216279
vn -0.027931 0.979772 0.198160
vn -0.469756 -0.588684 0.657860
vn -0.170130 0.866869 0.468608
vn -0.073625 0.949615 -0.304648
vn -0.006201 0.998725 -0.050107
vn -0.027282 0.997092 -0.071158
vn 0.086616 0.985214 -0.147818
vn -0.006201 0.998725 -0.050107
vn 0.043481 0.973121 -0.226154
vn 0.043481 0.973121 -0.226154
vn 0.214206 0.962209 -0.168137
vn 0.203583 0.957359 -0.204980
vn 0.063686 0.994252 -0.086067
vn 0.086616 0.985214 -0.147818
vn -0.024503 0.999685 -0.005501
vn 0.043481 0.973121 -0.226154
vn 0.182088 0.961111 -0.207628
vn 0.060247 0.975238 -0.212793
vn -0.475071 0.813292 0.335952
vn 0.305969 0.913959 -0.266575
vn 0.348601 0.910721 -0.221507
vn 0.060247 0.975238 -0.212793
vn 0.182088 0.961111 -0.207628
vn 0.269373 0.901409 -0.338969
vn 0.034147 0.938033 -0.344861
vn 0.182088 0.961111 -0.207628
vn 0.043481 0.973121 -0.226154
vn 0.101799 0.987160 -0.123096
vn 0.060247 0.975238 -0.212793
vn 0.269373 0.901409 -0.338969
vn 0.043481 0.973121 -0.226154
vn 0.060247 0.975238 -0.212793
vn 0.214206 0.962209 -0.168137
vn -0.170130 0.866869 0.468608
vn -0.806012 0.065394 0.588276
vn -0.170757 0.822391 0.542693
vn 0.660061 -0.733226 -0.163400
vn -0.221721 -0.932794 0.284138
vn 0.517712 -0.841828 0.152643
vn -0.092969 -0.990860 0.097738
vn 0.000349 -1.000000 0.000566
vn 0.000574 -1.000000 -0.000534
vn -0.092969 -0.990860 0.097738
vn -0.453497 -0.828306 0.329014
vn -0.714318 -0.424835 0.556116
vn -0.034352 -0.999406 0.002820
vn 0.109455 -0.987866 -0.110186
vn -0.175308 -0.976785 -0.123120
vn -0.092969 -0.990860 0.097738
vn -0.152820 -0.905515 0.395839
vn -0.453497 -0.828306 0.329014
vn -0.644373 -0.406647 0.647627
vn -0.197851 -0.932677 0.301609
vn -0.714318 -0.424835 0.556116
vn -0.120535 -0.990067 0.072384
vn -0.351036 -0.848044 0.396983
vn -0.451748 -0.891115 -0.042863
vn 0.660061 -0.733226 -0.163400
vn 0.639366 -0.720529 -0.268421
vn -0.157993 -0.984781 0.072420
vn -0.896377 -0.408638 0.171824
vn -0.060618 -0.984284 0.165861
vn -0.387434 -0.897327 0.211420
vn -0.157993 -0.984781 0.072420
vn -0.695312 0.344379 0.630828
vn -0.221721 -0.932794 0.284138
vn -0.820622 -0.568450 0.058692
vn 0.471268 -0.881986 0.002769
vn -0.221721 -0.932794 0.284138
vn -0.896377 -0.408638 0.171824
vn -0.387434 -0.897327 0.211420
vn -0.967885 -0.163799 0.190703
vn -0.530676 -0.664507 0.526130
vn -0.866917 -0.437617 0.238632
vn -0.630408 -0.683568 0.367861
vn -0.256633 -0.927099 0.273181
vn 0.169320 -0.939903 -0.296503
vn 0.281110 -0.928993 -0.240727
vn -0.001894 -0.979627 0.200815
vn -0.481455 -0.720432 0.499178
vn 0.682256 -0.707161 -0.185606
vn -0.530676 -0.664507 0.526130
vn -0.750361 -0.517865 0.410822
vn -0.866917 -0.437617 0.238632
vn 0.103486 -0.830247 0.547704
vn -0.530676 -0.664507 0.526130
vn -0.630408 -0.683568 0.367861
vn 0.197622 -0.875572 -0.440817
vn -0.017983 -0.929301 -0.368885
vn 0.064413 -0.963913 -0.258307
vn 0.713058 -0.588307 0.381370
vn 0.528964 -0.725320 0.440577
vn 0.843806 0.068529 0.532255
vn 0.490121 0.432776 0.756628
vn 0.015989 0.958371 0.285078
vn 0.324672 0.879800 0.347188
vn 0.380448 -0.907821 0.176408
vn 0.007131 -0.959930 -0.280151
vn 0.481742 -0.870054 0.104553
vn 0.324672 0.879800 0.347188
vn 0.764088 -0.611913 0.204283
vn 0.730085 -0.370897 0.573944
vn 0.380448 -0.907821 0.176408
vn 0.490121 0.432776 0.756628
vn 0.289664 -0.917457 0.272705
vn 0.118258 -0.964567 -0.235849
vn 0.154851 -0.965180 -0.210828
vn -0.073436 -0.923808 -0.375748
vn 0.099032 0.785149 0.611338
vn 0.547907 0.172177 0.818629
vn 0.481742 -0.870054 0.104553
vn 0.843806 0.068529 0.532255
vn 0.528964 -0.725320 0.440577
vn 0.730085 -0.370897 0.573944
vn 0.528964 -0.725320 0.440577
vn -0.211752 -0.951536 0.223027
vn 0.132838 -0.989590 -0.055361
vn 0.073023 -0.994199 0.078963
vn 0.583166 -0.676786 0.449308
vn 0.659509 -0.199171 0.724830
vn 0.499253 -0.853350 0.150137
vn 0.659509 -0.199171 0.724830
vn 0.099032 0.785149 0.611338
vn -0.267056 0.854002 -0.446500
vn -0.087842 0.762975 -0.640432
vn -0.094907 0.995474 -0.005013
vn -0.098648 0.043673 -0.994164
vn -0.015495 -0.934817 -0.354791
vn -0.267056 0.854002 -0.446500
vn -0.000862 0.884917 -0.465747
vn -0.094907 0.995474 -0.005013
vn -0.108863 0.987305 -0.115666
vn -0.201234 0.968241 -0.148373
vn 0.053480 0.692509 -0.719424
vn -0.053746 0.930419 -0.362535
vn -0.002331 -0.981215 -0.192904
vn -0.007548 -0.998689 -0.050637
vn -0.008130 -0.999964 0.002260
vn -0.267056 0.854002 -0.446500
vn -0.044482 -0.863346 -0.502649
vn -0.087842 0.762975 -0.640432
vn -0.009543 0.625457 -0.780200
vn 0.124489 0.961397 -0.245394
vn -0.123504 -0.571983 -0.810915
vn -0.044482 -0.863346 -0.502649
vn 0.143292 -0.106211 -0.983965
vn -0.108863 0.987305 -0.115666
vn -0.001847 -0.999865 0.016337
vn -0.011039 -0.999939 -0.001059
vn -0.027841 -0.916604 0.398825
vn -0.000036 -1.000000 -0.000476
vn -0.011039 -0.999939 -0.001059
vn -0.008130 -0.999964 0.002260
vn 0.033090 -0.999166 0.023938
vn -0.001847 -0.999865 0.016337
vn 0.111281 -0.925374 0.362354
vn -0.020399 -0.997606 -0.066074
vn -0.001847 -0.999865 0.016337
vn 0.011635 -0.999932 -0.000354
vn -0.030815 -0.503534 0.863426
vn 0.048911 -0.715270 0.697135
vn -0.029105 -0.403716 0.914421
vn 0.128950 -0.991631 0.006369
vn -0.032641 -0.998804 0.036413
vn 0.000574 -1.000000 -0.000534
vn 0.054239 -0.984777 0.165146
vn -0.084578 -0.996309 -0.014691
vn -0.029108 -0.999566 0.004585
vn -0.034352 -0.999406 0.002820
vn -0.084578 -0.996309 -0.014691
vn -0.058878 -0.950302 0.305710
vn 0.194184 -0.959910 0.202151
vn 0.342069 -0.828801 0.442807
vn 0.151411 -0.800735 0.579568
vn 0.635897 -0.689785 0.346167
vn 0.342069 -0.828801 0.442807
vn 0.558683 -0.747189 0.359975
vn 0.583166 -0.676786 0.449308
vn 0.678332 0.235933 0.695846
vn 0.659509 -0.199171 0.724830
vn 0.165953 -0.925385 0.340768
vn 0.583166 -0.676786 0.449308
vn 0.073023 -0.994199 0.078963
vn 0.165953 -0.925385 0.340768
vn -0.174401 -0.734077 0.656289
vn 0.372433 -0.836353 0.402253
vn -0.154822 -0.907071 0.391475
vn -0.174401 -0.734077 0.656289
vn -0.234604 -0.956148 0.175334
vn 0.073023 -0.994199 0.078963
vn 0.118258 -0.964567 -0.235849
vn -0.022097 -0.995657 -0.090437
vn -0.029105 -0.403716 0.914421
vn -0.154822 -0.907071 0.391475
vn -0.127997 -0.749866 0.649090
vn 0.043724 -0.976651 -0.210336
vn -0.090508 -0.885285 0.456157
vn -0.086970 -0.951316 -0.295693
vn -0.154822 -0.907071 0.391475
vn -0.097525 -0.960054 -0.262271
vn -0.177190 -0.960665 -0.213838
vn 0.154851 -0.965180 -0.210828
vn 0.118258 -0.964567 -0.235849
vn 0.499253 -0.853350 0.150137
vn -0.022097 -0.995657 -0.090437
vn 0.118258 -0.964567 -0.235849
vn -0.097525 -0.960054 -0.262271
vn -0.154822 -0.907071 0.391475
vn -0.022097 -0.995657 -0.090437
vn -0.097525 -0.960054 -0.262271
vn 0.073023 -0.994199 0.078963
vn -0.022097 -0.995657 -0.090437
vn -0.234604 -0.956148 0.175334
vn -0.055284 -0.405378 0.912476
vn -0.030815 -0.503534 0.863426
vn -0.029105 -0.403716 0.914421
vn 0.048911 -0.715270 0.697135
vn 0.047438 -0.511532 0.857954
vn -0.029105 -0.403716 0.914421
vn -0.086970 -0.951316 -0.295693
vn -0.177190 -0.960665 -0.213838
vn -0.073436 -0.923808 -0.375748
vn -0.296488 -0.523811 0.798572
vn -0.219939 -0.746959 0.627438
vn -0.644373 -0.406647 0.647627
vn -0.060238 -0.797897 0.599777
vn -0.030815 -0.503534 0.863426
vn -0.123474 -0.322305 0.938549
vn -0.058878 -0.950302 0.305710
vn 0.048911 -0.715270 0.697135
vn -0.030815 -0.503534 0.863426
vn -0.175246 -0.913263 -0.367749
vn -0.116187 -0.941346 -0.316809
vn -0.086970 -0.951316 -0.295693
vn -0.123474 -0.322305 0.938549
vn -0.030815 -0.503534 0.863426
vn -0.055284 -0.405378 0.912476
vn 0.410826 -0.871805 -0.266792
vn 0.329406 -0.926336 -0.182739
vn 0.408081 -0.871168 -0.273013
vn -0.296488 -0.523811 0.798572
vn -0.180278 -0.547602 0.817088
vn -0.219939 -0.746959 0.627438
vn -0.119916 -0.927024 0.355312
vn -0.055284 -0.405378 0.912476
vn -0.127997 -0.749866 0.649090
vn -0.180278 -0.547602 0.817088
vn -0.273008 -0.541089 0.795418
vn -0.221104 -0.291512 0.930663
vn 0.355184 0.860072 -0.366224
vn 0.394746 0.914124 -0.092484
vn -0.112438 0.759594 0.640605
vn 0.195994 0.980056 -0.032818
vn 0.394746 0.914124 -0.092484
vn 0.478838 0.846252 -0.233607
vn 0.274102 0.931272 -0.240001
vn 0.355184 0.860072 -0.366224
vn 0.135075 0.819557 0.556849
vn 0.312019 0.789345 -0.528753
vn 0.355184 0.860072 -0.366224
vn 0.124665 0.828553 -0.545855
vn 0.563543 0.709522 -0.423081
vn 0.632412 0.760065 -0.149520
vn 0.478838 0.846252 -0.233607
vn 0.519760 0.829649 0.203796
vn 0.089924 0.293372 0.951760
vn 0.108650 0.486980 0.866629
vn 0.195994 0.980056 -0.032818
vn 0.274125 0.952309 0.134029
vn -0.193066 0.613269 0.765915
vn 0.137650 0.900569 0.412345
vn 0.274125 0.952309 0.134029
vn 0.348908 0.921386 0.171206
vn 0.139910 0.495308 0.857377
vn 0.245877 0.702410 0.667956
vn 0.209911 0.555626 0.804498
vn 0.382818 0.575925 0.722330
vn 0.137650 0.900569 0.412345
vn 0.348908 0.921386 0.171206
vn 0.245877 0.702410 0.667956
vn 0.126273 0.450509 0.883797
vn 0.382818 0.575925 0.722330
vn 0.137650 0.900569 0.412345
vn -0.291179 0.955197 0.053043
vn -0.214559 0.975975 -0.037902
vn 0.274102 0.931272 -0.240001
vn 0.126925 0.926470 0.354321
vn 0.252899 0.945397 -0.205589
vn 0.355184 0.860072 -0.366224
vn 0.274102 0.931272 -0.240001
vn 0.124665 0.828553 -0.545855
vn 0.212876 0.963233 -0.163907
vn 0.252899 0.945397 -0.205589
vn 0.186624 0.982299 0.016157
vn 0.001983 0.993898 -0.110286
vn -0.163444 0.960709 -0.224330
vn -0.048648 0.998806 -0.004537
vn 0.137650 0.900569 0.412345
vn -0.214559 0.975975 -0.037902
vn -0.879016 -0.258434 0.400679
vn 0.293861 0.677130 -0.674641
vn 0.842540 0.430682 -0.323480
vn 0.243146 0.944001 -0.223030
vn 0.054002 -0.240326 -0.969189
vn 0.293861 0.677130 -0.674641
vn -0.249381 0.190252 -0.949533
vn 0.734665 0.491178 0.467987
vn 0.220541 0.861344 -0.457655
vn 0.865548 0.360364 0.347800
vn 0.293861 0.677130 -0.674641
vn 0.243146 0.944001 -0.223030
vn -0.214559 0.975975 -0.037902
vn 0.243146 0.944001 -0.223030
vn 0.842540 0.430682 -0.323480
vn 0.788764 0.575728 0.215379
vn -0.022317 -0.998675 -0.046379
vn 0.009072 -0.999956 0.002541
vn -0.305389 -0.622966 0.720174
vn 0.008484 -0.999888 0.012305
vn 0.009072 -0.999956 0.002541
vn 0.000000 -1.000000 0.000000
vn 0.015534 -0.993073 -0.116468
vn -0.022317 -0.998675 -0.046379
vn -0.182036 -0.528952 0.828898
vn -0.174562 -0.967466 -0.183135
vn -0.075128 -0.996540 -0.035549
vn -0.276819 -0.957621 -0.079586
vn -0.296487 0.952639 -0.067641
vn -0.266989 0.765502 -0.585426
vn -0.281986 0.856036 -0.433228
vn -0.220866 -0.923223 -0.314447
vn 0.212972 -0.976408 0.035634
vn -0.403851 -0.738605 -0.539785
vn -0.078221 -0.939104 -0.334611
vn 0.005932 -0.999348 -0.035622
vn -0.378639 -0.343996 0.859243
vn 0.015534 -0.993073 -0.116468
vn 0.005932 -0.999348 -0.035622
vn 0.045376 -0.998922 0.009826
vn 0.115062 -0.895743 -0.429425
vn -0.078221 -0.939104 -0.334611
vn -0.689628 0.080557 0.719670
vn 0.008630 0.272171 -0.962210
vn -0.078221 -0.939104 -0.334611
vn 0.190799 -0.904902 -0.380457
vn -0.294169 -0.597268 -0.746147
vn 0.207372 -0.974298 0.087982
vn 0.045376 -0.998922 0.009826
vn -0.207909 0.707205 -0.675747
vn -0.639128 0.547814 -0.539829
vn -0.454098 -0.258773 -0.852544
vn 0.115062 -0.895743 -0.429425
vn -0.849123 0.151496 0.506003
vn 0.115722 -0.984807 0.129478
vn -0.078221 -0.939104 -0.334611
vn 0.115062 -0.895743 -0.429425
vn 0.190799 -0.904902 -0.380457
vn -0.954070 0.263269 -0.142967
vn -0.185111 -0.974263 0.128626
vn -0.796226 0.584309 0.156867
vn -0.098230 -0.869546 0.483985
vn 0.086663 -0.996238 0.000321
vn 0.062869 -0.910959 0.407678
vn 0.220541 0.861344 -0.457655
vn -0.322904 0.605428 -0.727455
vn 0.395678 0.846519 -0.356152
vn 0.139434 0.989023 0.048910
vn -0.322904 0.605428 -0.727455
vn 0.194215 0.773670 -0.603088
vn 0.139434 0.989023 0.048910
vn 0.088286 0.190518 0.977706
vn 0.305459 0.426393 0.851401
vn -0.462750 -0.214509 0.860144
vn 0.088286 0.190518 0.977706
vn 0.018337 0.437151 0.899201
vn -0.315457 0.361915 0.877214
vn -0.462750 -0.214509 0.860144
vn 0.018337 0.437151 0.899201
vn -0.618059 0.679100 0.396013
vn -0.462750 -0.214509 0.860144
vn -0.720631 -0.233897 0.652673
vn -0.618059 0.679100 0.396013
vn -0.153891 0.921310 0.357080
vn -0.534104 0.478312 0.697101
vn -0.442140 0.896810 0.015642
vn -0.618059 0.679100 0.396013
vn -0.720631 -0.233897 0.652673
vn -0.442140 0.896810 0.015642
vn -0.720631 -0.233897 0.652673
vn -0.405798 -0.170516 0.897916
vn 0.210372 0.932270 -0.294306
vn 0.348601 0.910721 -0.221507
vn 0.178625 0.707832 -0.683423
vn 0.307544 -0.725500 0.615683
vn 0.163525 -0.958842 -0.232123
vn -0.528199 0.118563 -0.840803
vn -0.197627 -0.923439 -0.328943
vn 0.163525 -0.958842 -0.232123
vn -0.142698 -0.691732 -0.707915
vn 0.194081 -0.847297 0.494388
vn 0.307544 -0.725500 0.615683
vn -0.519544 -0.757534 -0.395242
vn 0.132157 -0.990225 -0.044594
vn 0.135616 -0.556624 0.819621
vn 0.047023 -0.996923 0.062717
vn 0.086663 -0.996238 0.000321
vn 0.136609 -0.989064 0.055597
vn 0.303088 -0.949975 0.075400
vn 0.115722 -0.984807 0.129478
vn -0.185111 -0.974263 0.128626
vn -0.090340 -0.949152 0.301577
vn -0.197627 -0.923439 -0.328943
vn -0.448589 -0.892518 -0.046685
vn -0.884502 0.374489 -0.278235
vn -0.185111 -0.974263 0.128626
vn -0.448589 -0.892518 -0.046685
vn 0.006610 -0.997911 0.064261
vn -0.157418 -0.726268 0.669144
vn 0.194081 -0.847297 0.494388
vn -0.035949 -0.989777 0.138018
vn 0.307544 -0.725500 0.615683
vn 0.194081 -0.847297 0.494388
vn 0.135616 -0.556624 0.819621
vn -0.431445 -0.718209 0.545922
vn -0.001541 -0.979723 -0.200349
vn -0.160863 -0.886675 0.433509
vn 0.135616 -0.556624 0.819621
vn -0.094516 -0.623674 0.775950
vn 0.047023 -0.996923 0.062717
vn 0.682256 -0.707161 -0.185606
vn 0.089462 -0.979926 0.178164
vn 0.605190 -0.511262 -0.610210
vn -0.130668 -0.947514 0.291793
vn -0.207143 -0.733227 0.647665
vn -0.481455 -0.720432 0.499178
vn 0.053480 0.692509 -0.719424
vn 0.131421 0.791169 -0.597311
vn 0.129559 0.912163 -0.388810
vn 0.129559 0.912163 -0.388810
vn -0.067121 0.972029 0.225067
vn 0.079328 0.991794 -0.100257
vn -0.150736 0.987415 0.047859
vn -0.067121 0.972029 0.225067
vn -0.142861 0.967930 0.206645
vn -0.213659 0.930023 0.299010
vn -0.202587 0.968896 0.142122
vn -0.198086 0.948643 0.246654
vn -0.202587 0.968896 0.142122
vn -0.213659 0.930023 0.299010
vn -0.067121 0.972029 0.225067
vn -0.067121 0.972029 0.225067
vn -0.213659 0.930023 0.299010
vn -0.142861 0.967930 0.206645
vn 0.053480 0.692509 -0.719424
vn 0.129559 0.912163 -0.388810
vn 0.079328 0.991794 -0.100257
vn 0.129559 0.912163 -0.388810
vn 0.328080 0.508280 -0.796250
vn 0.027009 0.969380 -0.244076
vn -0.039730 0.931442 0.361715
vn 0.220868 0.968016 0.119006
vn 0.208605 0.975251 0.073278
vn 0.180820 0.978767 0.096537
vn 0.220868 0.968016 0.119006
vn 0.031027 0.971779 0.233845
vn 0.040559 0.939174 0.341040
vn 0.146229 0.925353 0.349771
vn 0.110333 0.910070 0.399499
vn -0.082280 0.982511 0.167037
vn -0.300420 0.900674 0.313900
vn -0.355566 0.912066 0.204229
vn -0.082280 0.982511 0.167037
vn -0.355566 0.912066 0.204229
vn 0.088533 0.995893 0.018957
vn 0.031027 0.971779 0.233845
vn -0.082280 0.982511 0.167037
vn 0.269838 0.962144 0.038301
vn -0.153519 0.985340 0.074410
vn -0.086541 0.984586 0.151988
vn -0.239461 0.944321 -0.225648
vn -0.039730 0.931442 0.361715
vn -0.086541 0.984586 0.151988
vn 0.043500 0.926534 0.373688
vn -0.138022 0.952882 0.270121
vn -0.153519 0.985340 0.074410
vn -0.239461 0.944321 -0.225648
vn -0.183910 0.982928 -0.005427
vn -0.213659 0.930023 0.299010
vn -0.198086 0.948643 0.246654
vn -0.066762 0.968700 0.239087
vn 0.027009 0.969380 -0.244076
vn 0.276862 0.809173 -0.518254
vn -0.153519 0.985340 0.074410
vn -0.198086 0.948643 0.246654
vn 0.040559 0.939174 0.341040
vn -0.000060 -0.999990 0.004527
vn -0.002816 -0.999896 0.014122
vn 0.023573 -0.982049 0.187149
vn 0.000029 -1.000000 0.000010
vn -0.002816 -0.999896 0.014122
vn -0.002618 -0.999992 -0.003042
vn -0.205243 -0.480189 -0.852815
vn -0.028738 -0.990406 -0.135167
vn -0.228201 -0.433844 -0.871610
vn -0.205243 -0.480189 -0.852815
vn -0.550966 0.450493 -0.702491
vn -0.270830 -0.861204 -0.430091
vn 0.000029 -1.000000 0.000010
vn 0.033090 -0.999166 0.023938
vn 0.069427 -0.974247 0.214528
vn -0.001847 -0.999865 0.016337
vn 0.033090 -0.999166 0.023938
vn 0.011635 -0.999932 -0.000354
vn 0.000951 0.529280 -0.848447
vn -0.170796 -0.557910 -0.812136
vn -0.240442 0.447308 -0.861454
vn -0.020399 -0.997606 -0.066074
vn -0.170796 -0.557910 -0.812136
vn -0.123504 -0.571983 -0.810915
vn -0.240210 -0.947505 -0.211030
vn -0.016148 -0.996472 0.082354
vn 0.145610 -0.897565 0.416143
vn -0.000060 -0.999990 0.004527
vn -0.016148 -0.996472 0.082354
vn -0.169141 -0.970906 -0.169505
vn 0.245222 -0.938608 0.242654
vn 0.440316 -0.855920 0.271151
vn -0.220866 -0.923223 -0.314447
vn -0.228201 -0.433844 -0.871610
vn -0.403851 -0.738605 -0.539785
vn -0.255271 -0.881716 -0.396753
vn 0.440316 -0.855920 0.271151
vn 0.402505 -0.872144 0.278128
vn 0.212972 -0.976408 0.035634
vn -0.255271 -0.881716 -0.396753
vn -0.403851 -0.738605 -0.539785
vn 0.212972 -0.976408 0.035634
vn -0.228201 -0.433844 -0.871610
vn -0.255271 -0.881716 -0.396753
vn -0.205243 -0.480189 -0.852815
vn -0.169141 -0.970906 -0.169505
vn -0.228201 -0.433844 -0.871610
vn -0.028738 -0.990406 -0.135167
vn -0.217382 -0.971203 0.097517
vn -0.205243 -0.480189 -0.852815
vn -0.255271 -0.881716 -0.396753
vn -0.217382 -0.971203 0.097517
vn -0.118148 -0.992746 0.022274
vn 0.423033 -0.889133 -0.174604
vn 0.180820 0.978767 0.096537
vn 0.086426 0.985930 0.143080
vn 0.014408 0.965516 0.259945
vn 0.186624 0.982299 0.016157
vn 0.086426 0.985930 0.143080
vn 0.085375 0.981347 0.172249
vn 0.088533 0.995893 0.018957
vn 0.269838 0.962144 0.038301
vn -0.082280 0.982511 0.167037
vn 0.088533 0.995893 0.018957
vn 0.232050 0.959366 -0.160531
vn 0.240445 0.965471 0.100256
vn -0.122375 0.942535 0.310888
vn -0.324587 0.926002 0.192779
vn -0.355566 0.912066 0.204229
vn 0.609245 -0.130760 -0.782127
vn -0.201048 0.972844 -0.114693
vn -0.246287 0.963612 0.103901
vn -0.128262 0.984595 0.118838
vn 0.305969 0.913959 -0.266575
vn -0.559468 0.722935 0.405414
vn 0.194119 0.941211 -0.276476
vn 0.214206 0.962209 -0.168137
vn 0.060247 0.975238 -0.212793
vn 0.305969 0.913959 -0.266575
vn 0.194119 0.941211 -0.276476
vn 0.348601 0.910721 -0.221507
vn 0.060247 0.975238 -0.212793
vn 0.101799 0.987160 -0.123096
vn 0.194119 0.941211 -0.276476
vn -0.170130 0.866869 0.468608
vn -0.170757 0.822391 0.542693
vn 0.020647 0.986144 0.164604
vn -0.518092 -0.847913 -0.112356
vn -0.170130 0.866869 0.468608
vn -0.469756 -0.588684 0.657860
vn 0.128950 -0.991631 0.006369
vn 0.000574 -1.000000 -0.000534
vn 0.146670 -0.988237 -0.043315
vn -0.092969 -0.990860 0.097738
vn 0.000574 -1.000000 -0.000534
vn -0.032641 -0.998804 0.036413
vn -0.071845 -0.861970 0.501843
vn -0.273008 -0.541089 0.795418
vn -0.125884 -0.918253 0.375453
vn 0.128950 -0.991631 0.006369
vn -0.125884 -0.918253 0.375453
vn -0.032641 -0.998804 0.036413
vn -0.092969 -0.990860 0.097738
vn -0.292477 -0.941129 0.169511
vn -0.010077 -0.999918 0.007861
vn -0.351036 -0.848044 0.396983
vn -0.292477 -0.941129 0.169511
vn -0.515845 -0.655005 0.552153
vn 0.359333 -0.887109 0.289685
vn -0.197851 -0.932677 0.301609
vn -0.219939 -0.746959 0.627438
vn 0.276657 -0.959730 -0.048774
vn -0.484575 -0.533249 0.693421
vn -0.197851 -0.932677 0.301609
vn -0.484575 -0.533249 0.693421
vn -0.351036 -0.848044 0.396983
vn -0.515845 -0.655005 0.552153
vn -0.447847 -0.540036 0.712597
vn -0.628946 -0.373285 0.681972
vn 0.228678 -0.944692 0.235083
vn -0.221721 -0.932794 0.284138
vn 0.660061 -0.733226 -0.163400
vn -0.157993 -0.984781 0.072420
vn -0.060618 -0.984284 0.165861
vn 0.660061 -0.733226 -0.163400
vn 0.517712 -0.841828 0.152643
vn -0.806012 0.065394 0.588276
vn -0.518092 -0.847913 -0.112356
vn -0.549208 -0.730824 -0.405299
vn -0.518092 -0.847913 -0.112356
vn -0.940623 -0.143490 0.307635
vn -0.820622 -0.568450 0.058692
vn -0.913464 -0.360883 0.188009
vn -0.967885 -0.163799 0.190703
vn -0.655860 -0.674286 0.339391
vn 0.064413 -0.963913 -0.258307
vn -0.723380 -0.687378 -0.065060
vn -0.643030 -0.764234 -0.049591
vn -0.630408 -0.683568 0.367861
vn -0.896377 -0.408638 0.171824
vn -0.785900 -0.588384 0.190171
vn -0.785900 -0.588384 0.190171
vn -0.896377 -0.408638 0.171824
vn -0.967885 -0.163799 0.190703
vn -0.060618 -0.984284 0.165861
vn -0.866917 -0.437617 0.238632
vn -0.356443 -0.929508 0.094672
vn -0.866917 -0.437617 0.238632
vn -0.896377 -0.408638 0.171824
vn -0.630408 -0.683568 0.367861
vn 0.132838 -0.989590 -0.055361
vn -0.211752 -0.951536 0.223027
vn -0.254849 -0.966639 -0.025724
vn 0.103486 -0.830247 0.547704
vn 0.528964 -0.725320 0.440577
vn 0.713058 -0.588307 0.381370
vn 0.036751 -0.956692 -0.288774
vn 0.289664 -0.917457 0.272705
vn -0.041855 -0.931133 -0.362270
vn 0.528964 -0.725320 0.440577
vn 0.132838 -0.989590 -0.055361
vn 0.730085 -0.370897 0.573944
vn 0.730085 -0.370897 0.573944
vn 0.289664 -0.917457 0.272705
vn 0.490121 0.432776 0.756628
vn -0.041855 -0.931133 -0.362270
vn 0.289664 -0.917457 0.272705
vn 0.132011 -0.991045 0.020076
vn -0.017983 -0.929301 -0.368885
vn -0.041855 -0.931133 -0.362270
vn 0.132011 -0.991045 0.020076
vn -0.147219 -0.905782 -0.397349
vn 0.007131 -0.959930 -0.280151
vn 0.036751 -0.956692 -0.288774
vn 0.363539 -0.931341 0.021037
vn 0.713058 -0.588307 0.381370
vn 0.843806 0.068529 0.532255
vn 0.264622 -0.649109 0.713185
vn 0.713058 -0.588307 0.381370
vn 0.415006 -0.856990 0.305513
vn 0.099032 0.785149 0.611338
vn 0.659509 -0.199171 0.724830
vn -0.026821 0.864121 0.502569
vn 0.659509 -0.199171 0.724830
vn 0.499253 -0.853350 0.150137
vn 0.073023 -0.994199 0.078963
vn -0.201234 0.968241 -0.148373
vn 0.131421 0.791169 -0.597311
vn 0.053480 0.692509 -0.719424
vn -0.186684 0.981882 -0.032512
vn -0.094907 0.995474 -0.005013
vn 0.131421 0.791169 -0.597311
vn -0.151138 0.983404 0.100374
vn -0.193794 0.978411 0.071811
vn -0.053746 0.930419 -0.362535
vn 0.131421 0.791169 -0.597311
vn -0.201234 0.968241 -0.148373
vn -0.186684 0.981882 -0.032512
vn -0.201234 0.968241 -0.148373
vn -0.053746 0.930419 -0.362535
vn -0.193794 0.978411 0.071811
vn -0.273863 0.961115 -0.035444
vn -0.193794 0.978411 0.071811
vn -0.276344 0.592952 -0.756335
vn 0.002778 -0.993660 -0.112394
vn -0.002331 -0.981215 -0.192904
vn -0.008130 -0.999964 0.002260
vn -0.044482 -0.863346 -0.502649
vn -0.002331 -0.981215 -0.192904
vn 0.143292 -0.106211 -0.983965
vn -0.001847 -0.999865 0.016337
vn 0.002778 -0.993660 -0.112394
vn -0.008130 -0.999964 0.002260
vn 0.143292 -0.106211 -0.983965
vn 0.002778 -0.993660 -0.112394
vn -0.123504 -0.571983 -0.810915
vn -0.020399 -0.997606 -0.066074
vn 0.011635 -0.999932 -0.000354
vn -0.030843 -0.994327 -0.101794
vn 0.002778 -0.993660 -0.112394
vn -0.020399 -0.997606 -0.066074
vn -0.123504 -0.571983 -0.810915
vn 0.109455 -0.987866 -0.110186
vn 0.128950 -0.991631 0.006369
vn 0.146670 -0.988237 -0.043315
vn -0.164063 -0.346689 0.923521
vn -0.071845 -0.861970 0.501843
vn -0.060238 -0.797897 0.599777
vn -0.030815 -0.503534 0.863426
vn -0.060238 -0.797897 0.599777
vn -0.058878 -0.950302 0.305710
vn -0.123474 -0.322305 0.938549
vn -0.164063 -0.346689 0.923521
vn -0.060238 -0.797897 0.599777
vn -0.164063 -0.346689 0.923521
vn -0.123474 -0.322305 0.938549
vn -0.165419 -0.440865 0.882199
vn -0.221104 -0.291512 0.930663
vn -0.164063 -0.346689 0.923521
vn -0.165419 -0.440865 0.882199
vn -0.165419 -0.440865 0.882199
vn -0.123474 -0.322305 0.938549
vn -0.090508 -0.885285 0.456157
vn -0.071845 -0.861970 0.501843
vn -0.164063 -0.346689 0.923521
vn -0.221104 -0.291512 0.930663
vn 0.043724 -0.976651 -0.210336
vn 0.144950 -0.989242 0.019736
vn -0.090508 -0.885285 0.456157
vn 0.182515 -0.903944 -0.386747
vn 0.127591 -0.929765 -0.345338
vn 0.329406 -0.926336 -0.182739
vn -0.273008 -0.541089 0.795418
vn -0.071845 -0.861970 0.501843
vn -0.221104 -0.291512 0.930663
vn -0.034352 -0.999406 0.002820
vn -0.071845 -0.861970 0.501843
vn 0.128950 -0.991631 0.006369
vn -0.047551 -0.777549 0.627022
vn -0.165419 -0.440865 0.882199
vn 0.144950 -0.989242 0.019736
vn 0.044659 -0.969972 0.239080
vn 0.127591 -0.929765 -0.345338
vn 0.153664 -0.837009 -0.525170
vn -0.180278 -0.547602 0.817088
vn -0.221104 -0.291512 0.930663
vn -0.047551 -0.777549 0.627022
vn -0.296488 -0.523811 0.798572
vn -0.152820 -0.905515 0.395839
vn -0.125884 -0.918253 0.375453
vn -0.165419 -0.440865 0.882199
vn -0.090508 -0.885285 0.456157
vn 0.144950 -0.989242 0.019736
vn -0.273008 -0.541089 0.795418
vn -0.180278 -0.547602 0.817088
vn -0.296488 -0.523811 0.798572
vn -0.047551 -0.777549 0.627022
vn 0.044659 -0.969972 0.239080
vn -0.180278 -0.547602 0.817088
vn -0.180278 -0.547602 0.817088
vn 0.044659 -0.969972 0.239080
vn 0.088004 -0.952209 0.292495
vn 0.144950 -0.989242 0.019736
vn 0.043724 -0.976651 -0.210336
vn 0.329406 -0.926336 -0.182739
vn -0.047551 -0.777549 0.627022
vn 0.144950 -0.989242 0.019736
vn 0.127591 -0.929765 -0.345338
vn 0.408081 -0.871168 -0.273013
vn 0.329406 -0.926336 -0.182739
vn 0.103467 -0.983568 -0.147948
vn -0.312405 -0.912670 -0.263510
vn -0.485250 -0.750904 0.447968
vn -0.779653 -0.202712 0.592494
vn 0.103467 -0.983568 -0.147948
vn 0.329406 -0.926336 -0.182739
vn 0.043724 -0.976651 -0.210336
vn 0.329406 -0.926336 -0.182739
vn 0.410826 -0.871805 -0.266792
vn 0.182515 -0.903944 -0.386747
vn 0.154851 -0.965180 -0.210828
vn 0.481742 -0.870054 0.104553
vn 0.007131 -0.959930 -0.280151
vn -0.147219 -0.905782 -0.397349
vn -0.081406 -0.943616 -0.320876
vn -0.116187 -0.941346 -0.316809
vn 0.023193 0.859770 -0.510154
vn 0.124665 0.828553 -0.545855
vn -0.071273 0.937990 -0.339257
vn 0.563543 0.709522 -0.423081
vn 0.312019 0.789345 -0.528753
vn 0.451087 0.839707 -0.302347
vn 0.563543 0.709522 -0.423081
vn 0.451087 0.839707 -0.302347
vn 0.519760 0.829649 0.203796
vn 0.478838 0.846252 -0.233607
vn 0.355184 0.860072 -0.366224
vn 0.563543 0.709522 -0.423081
vn 0.576563 0.797125 0.179351
vn 0.100239 0.989590 -0.103269
vn 0.392857 0.913760 0.103468
vn 0.749730 -0.156879 -0.642880
vn 0.743554 0.504738 -0.438596
vn 0.239833 0.586827 0.773379
vn 0.139910 0.495308 0.857377
vn 0.508535 0.784787 0.354262
vn 0.214795 0.808823 -0.547420
vn 0.053577 -0.347544 -0.936132
vn 0.099080 -0.380405 -0.919497
vn 0.028914 0.280684 -0.959365
vn 0.186624 0.982299 0.016157
vn 0.252899 0.945397 -0.205589
vn 0.248046 0.957238 0.148888
vn 0.274102 0.931272 -0.240001
vn 0.252899 0.945397 -0.205589
vn 0.212876 0.963233 -0.163907
vn 0.100239 0.989590 -0.103269
vn -0.355382 0.747293 -0.561477
vn -0.266989 0.765502 -0.585426
vn 0.124665 0.828553 -0.545855
vn 0.212876 0.963233 -0.163907
vn -0.071273 0.937990 -0.339257
vn 0.220541 0.861344 -0.457655
vn 0.788764 0.575728 0.215379
vn 0.865548 0.360364 0.347800
vn -0.322904 0.605428 -0.727455
vn 0.220541 0.861344 -0.457655
vn 0.194215 0.773670 -0.603088
vn 0.055539 -0.952197 -0.300392
vn 0.054737 -0.994655 -0.087551
vn 0.082522 -0.911359 -0.403256
vn 0.000000 -1.000000 0.000000
vn -0.022317 -0.998675 -0.046379
vn -0.063876 -0.997956 -0.002159
vn -0.068460 -0.991787 -0.108037
vn 0.148602 -0.972363 0.180077
vn 0.083679 -0.994751 0.058889
vn 0.144742 -0.985593 0.087499
vn 0.402505 -0.872144 0.278128
vn 0.440316 -0.855920 0.271151
vn 0.083679 -0.994751 0.058889
vn 0.008484 -0.999888 0.012305
vn 0.054737 -0.994655 -0.087551
vn -0.068460 -0.991787 -0.108037
vn -0.253640 -0.963927 -0.080699
vn -0.043765 -0.999036 0.003346
vn -0.220866 -0.923223 -0.314447
vn 0.440316 -0.855920 0.271151
vn 0.212972 -0.976408 0.035634
vn 0.245222 -0.938608 0.242654
vn 0.148602 -0.972363 0.180077
vn 0.440316 -0.855920 0.271151
vn -0.276819 -0.957621 -0.079586
vn -0.075128 -0.996540 -0.035549
vn -0.188178 -0.885321 -0.425201
vn -0.068460 -0.991787 -0.108037
vn 0.054737 -0.994655 -0.087551
vn 0.055539 -0.952197 -0.300392
vn -0.157214 -0.515879 -0.842112
vn 0.082522 -0.911359 -0.403256
vn -0.021740 -0.992119 -0.123401
vn -0.244256 -0.543236 -0.803264
vn 0.082522 -0.911359 -0.403256
vn -0.157214 -0.515879 -0.842112
vn 0.032581 -0.550541 -0.834172
vn 0.475192 -0.572873 -0.667839
vn -0.137361 -0.238855 -0.961291
vn 0.604064 -0.299686 -0.738441
vn 0.536795 -0.080281 -0.839885
vn 0.749730 -0.156879 -0.642880
vn -0.021740 -0.992119 -0.123401
vn 0.082522 -0.911359 -0.403256
vn 0.054737 -0.994655 -0.087551
vn -0.137361 -0.238855 -0.961291
vn -0.244256 -0.543236 -0.803264
vn -0.157214 -0.515879 -0.842112
vn 0.000000 -1.000000 0.000000
vn -0.021740 -0.992119 -0.123401
vn 0.054737 -0.994655 -0.087551
vn -0.021740 -0.992119 -0.123401
vn -0.276819 -0.957621 -0.079586
vn -0.188178 -0.885321 -0.425201
vn 0.190799 -0.904902 -0.380457
vn -0.098230 -0.869546 0.483985
vn 0.124183 -0.991347 -0.042535
vn -0.294169 -0.597268 -0.746147
vn 0.008630 0.272171 -0.962210
vn -0.071159 0.502483 -0.861654
vn -0.294169 -0.597268 -0.746147
vn -0.071159 0.502483 -0.861654
vn -0.207909 0.707205 -0.675747
vn 0.045376 -0.998922 0.009826
vn -0.078221 -0.939104 -0.334611
vn -0.294169 -0.597268 -0.746147
vn 0.123368 -0.839824 0.528654
vn 0.003908 -0.774926 -0.632039
vn 0.124183 -0.991347 -0.042535
vn 0.475192 -0.572873 -0.667839
vn 0.032581 -0.550541 -0.834172
vn -0.598670 -0.277670 -0.751328
vn -0.185111 -0.974263 0.128626
vn 0.115722 -0.984807 0.129478
vn -0.796226 0.584309 0.156867
vn 0.115062 -0.895743 -0.429425
vn 0.115722 -0.984807 0.129478
vn -0.090340 -0.949152 0.301577
vn 0.190799 -0.904902 -0.380457
vn -0.090340 -0.949152 0.301577
vn -0.098230 -0.869546 0.483985
vn -0.071046 -0.956981 0.281320
vn -0.098230 -0.869546 0.483985
vn -0.090340 -0.949152 0.301577
vn 0.190799 -0.904902 -0.380457
vn 0.124183 -0.991347 -0.042535
vn 0.008630 0.272171 -0.962210
vn 0.438891 -0.875140 -0.203725
vn 0.345399 -0.833380 0.431483
vn 0.123368 -0.839824 0.528654
vn 0.088286 0.190518 0.977706
vn -0.534104 0.478312 0.697101
vn 0.219141 0.343332 0.913291
vn -0.618059 0.679100 0.396013
vn -0.534104 0.478312 0.697101
vn -0.462750 -0.214509 0.860144
vn 0.018337 0.437151 0.899201
vn 0.137558 0.780413 -0.609945
vn 0.230887 0.844758 -0.482778
vn -0.678741 -0.482717 0.553439
vn -0.315457 0.361915 0.877214
vn -0.696613 0.490896 0.523213
vn 0.320278 0.605278 -0.728739
vn 0.642580 0.756604 0.121004
vn 0.675022 0.472577 -0.566583
vn 0.573016 -0.664451 -0.479746
vn 0.146304 -0.977878 -0.149497
vn 0.240510 -0.966605 0.088489
vn 0.230887 0.844758 -0.482778
vn -0.315457 0.361915 0.877214
vn 0.018337 0.437151 0.899201
vn 0.527535 0.678765 -0.510866
vn 0.191500 0.905766 -0.378042
vn 0.392688 0.425024 -0.815568
vn -0.678741 -0.482717 0.553439
vn -0.891643 0.294684 0.343707
vn -0.480993 -0.163650 0.861315
vn -0.843537 -0.196408 0.499869
vn -0.684853 -0.533826 0.495991
vn -0.740218 -0.505434 0.443412
vn 0.210372 0.932270 -0.294306
vn -0.475071 0.813292 0.335952
vn 0.348601 0.910721 -0.221507
vn -0.475071 0.813292 0.335952
vn -0.442140 0.896810 0.015642
vn -0.405798 -0.170516 0.897916
vn 0.266372 0.951672 -0.152858
vn 0.210372 0.932270 -0.294306
vn 0.178625 0.707832 -0.683423
vn -0.475071 0.813292 0.335952
vn 0.210372 0.932270 -0.294306
vn -0.442140 0.896810 0.015642
vn 0.132157 -0.990225 -0.044594
vn 0.047023 -0.996923 0.062717
vn -0.009882 -0.373373 -0.927629
vn 0.307544 -0.725500 0.615683
vn 0.132157 -0.990225 -0.044594
vn -0.092183 -0.443569 -0.891487
vn 0.428649 -0.528120 -0.733041
vn -0.009882 -0.373373 -0.927629
vn 0.047023 -0.996923 0.062717
vn 0.016133 -0.981678 -0.189864
vn -0.143512 -0.952554 -0.268412
vn 0.363135 -0.929376 -0.066279
vn -0.094516 -0.623674 0.775950
vn -0.514489 0.050668 0.855999
vn -0.051172 -0.886348 0.460183
vn -0.009882 -0.373373 -0.927629
vn 0.341802 -0.907422 -0.244451
vn -0.121402 -0.633829 -0.763887
vn -0.034516 -0.793329 0.607813
vn 0.240510 -0.966605 0.088489
vn 0.361239 -0.606916 0.707926
vn 0.428649 -0.528120 -0.733041
vn 0.547594 -0.581129 -0.602021
vn -0.009882 -0.373373 -0.927629
vn 0.286700 -0.950092 0.123001
vn -0.121402 -0.633829 -0.763887
vn 0.341802 -0.907422 -0.244451
vn -0.142698 -0.691732 -0.707915
vn -0.121402 -0.633829 -0.763887
vn -0.153246 -0.921538 -0.356769
vn -0.009882 -0.373373 -0.927629
vn -0.092183 -0.443569 -0.891487
vn 0.132157 -0.990225 -0.044594
vn -0.142698 -0.691732 -0.707915
vn -0.092183 -0.443569 -0.891487
vn -0.121402 -0.633829 -0.763887
vn -0.051172 -0.886348 0.460183
vn 0.428649 -0.528120 -0.733041
vn 0.047023 -0.996923 0.062717
vn 0.428649 -0.528120 -0.733041
vn 0.574835 -0.792242 -0.204740
vn 0.547594 -0.581129 -0.602021
vn -0.157418 -0.726268 0.669144
vn -0.514489 0.050668 0.855999
vn -0.094516 -0.623674 0.775950
vn -0.514489 0.050668 0.855999
vn -0.323933 -0.732272 0.599037
vn -0.051172 -0.886348 0.460183
vn -0.208882 -0.977250 0.036762
vn -0.431445 -0.718209 0.545922
vn -0.157418 -0.726268 0.669144
vn -0.620495 0.293447 0.727238
vn -0.574624 0.491722 0.654230
vn -0.514489 0.050668 0.855999
vn -0.012507 -0.931843 0.362647
vn -0.160863 -0.886675 0.433509
vn -0.001541 -0.979723 -0.200349
vn -0.048098 -0.996394 0.069898
vn -0.160863 -0.886675 0.433509
vn 0.303119 -0.938780 0.163740
vn -0.353103 -0.651717 0.671255
vn 0.464685 -0.808268 -0.361622
vn 0.545411 -0.712710 -0.441103
vn 0.071766 -0.814991 0.575013
vn 0.611928 -0.334819 -0.716548
vn 0.001709 -0.966217 0.257723
vn -0.094516 -0.623674 0.775950
vn -0.051172 -0.886348 0.460183
vn 0.047023 -0.996923 0.062717
vn -0.438935 -0.525313 0.728960
vn 0.001709 -0.966217 0.257723
vn -0.323933 -0.732272 0.599037
vn 0.574835 -0.792242 -0.204740
vn -0.051172 -0.886348 0.460183
vn 0.001709 -0.966217 0.257723
vn -0.323933 -0.732272 0.599037
vn 0.001709 -0.966217 0.257723
vn -0.051172 -0.886348 0.460183
vn -0.063645 -0.809183 0.584100
vn -0.012507 -0.931843 0.362647
vn 0.202721 -0.751646 -0.627640
vn -0.160863 -0.886675 0.433509
vn -0.012507 -0.931843 0.362647
vn 0.303119 -0.938780 0.163740
vn 0.228678 -0.944692 0.235083
vn 0.545411 -0.712710 -0.441103
vn -0.130668 -0.947514 0.291793
vn 0.303119 -0.938780 0.163740
vn -0.012507 -0.931843 0.362647
vn -0.063645 -0.809183 0.584100
vn 0.089462 -0.979926 0.178164
vn 0.202721 -0.751646 -0.627640
vn 0.605190 -0.511262 -0.610210
vn 0.303119 -0.938780 0.163740
vn -0.063645 -0.809183 0.584100
vn -0.207143 -0.733227 0.647665
vn 0.129559 0.912163 -0.388810
vn 0.027009 0.969380 -0.244076
vn -0.202587 0.968896 0.142122
vn 0.305137 -0.792205 -0.528490
vn -0.255788 0.066105 -0.964470
vn 0.553818 -0.775791 -0.302379
vn -0.058505 0.902305 0.427111
vn -0.122375 0.942535 0.310888
vn -0.300420 0.900674 0.313900
vn 0.212830 0.952699 0.216950
vn -0.099369 -0.131519 -0.986321
vn 0.163852 0.715844 -0.678763
vn 0.025869 0.956905 0.289248
vn 0.040559 0.939174 0.341040
vn -0.198086 0.948643 0.246654
vn 0.146229 0.925353 0.349771
vn -0.122375 0.942535 0.310888
vn 0.110333 0.910070 0.399499
vn -0.270830 -0.861204 -0.430091
vn -0.062949 -0.936785 -0.344198
vn -0.002618 -0.999992 -0.003042
vn -0.403194 0.134030 -0.905246
vn -0.062949 -0.936785 -0.344198
vn -0.550966 0.450493 -0.702491
vn -0.550966 0.450493 -0.702491
vn 0.242372 -0.652260 -0.718201
vn -0.255788 0.066105 -0.964470
vn -0.240442 0.447308 -0.861454
vn -0.170796 -0.557910 -0.812136
vn -0.138021 -0.744124 -0.653628
vn -0.205243 -0.480189 -0.852815
vn -0.270830 -0.861204 -0.430091
vn -0.028738 -0.990406 -0.135167
vn -0.062949 -0.936785 -0.344198
vn -0.270830 -0.861204 -0.430091
vn -0.550966 0.450493 -0.702491
vn 0.000029 -1.000000 0.000010
vn -0.030843 -0.994327 -0.101794
vn 0.011635 -0.999932 -0.000354
vn -0.138021 -0.744124 -0.653628
vn -0.030843 -0.994327 -0.101794
vn 0.001603 -0.996622 -0.082108
vn 0.022476 -0.140725 -0.989794
vn -0.255788 0.066105 -0.964470
vn 0.305137 -0.792205 -0.528490
vn 0.146229 0.925353 0.349771
vn 0.025869 0.956905 0.289248
vn 0.171205 0.943911 0.282350
vn 0.402505 -0.872144 0.278128
vn -0.043765 -0.999036 0.003346
vn 0.287017 -0.954132 0.085168
vn 0.227859 -0.887235 -0.401117
vn 0.020141 0.428992 -0.903084
vn 0.609245 -0.130760 -0.782127
vn 0.007549 -0.973981 0.226506
vn -0.255271 -0.881716 -0.396753
vn 0.212972 -0.976408 0.035634
vn 0.132991 -0.990821 -0.024235
vn 0.020141 0.428992 -0.903084
vn 0.227859 -0.887235 -0.401117
vn -0.246287 0.963612 0.103901
vn -0.324587 0.926002 0.192779
vn -0.314533 0.931315 -0.183633
vn -0.403194 0.134030 -0.905246
vn -0.255788 0.066105 -0.964470
vn -0.240442 0.447308 -0.861454
vn -0.550966 0.450493 -0.702491
vn -0.255788 0.066105 -0.964470
vn -0.403194 0.134030 -0.905246
vn 0.305137 -0.792205 -0.528490
vn 0.553818 -0.775791 -0.302379
vn 0.368315 -0.238748 -0.898523
vn 0.146229 0.925353 0.349771
vn -0.062690 0.974085 0.217323
vn -0.122375 0.942535 0.310888
vn -0.240442 0.447308 -0.861454
vn -0.255788 0.066105 -0.964470
vn 0.022476 -0.140725 -0.989794
vn 0.368315 -0.238748 -0.898523
vn 0.553818 -0.775791 -0.302379
vn 0.609245 -0.130760 -0.782127
vn 0.305137 -0.792205 -0.528490
vn -0.065928 0.833756 -0.548184
vn 0.022476 -0.140725 -0.989794
vn 0.368315 -0.238748 -0.898523
vn 0.609245 -0.130760 -0.782127
vn -0.246287 0.963612 0.103901
vn 0.305137 -0.792205 -0.528490
vn 0.368315 -0.238748 -0.898523
vn -0.314533 0.931315 -0.183633
vn -0.062690 0.974085 0.217323
vn 0.163852 0.715844 -0.678763
vn -0.065928 0.833756 -0.548184
vn 0.022476 -0.140725 -0.989794
vn 0.002034 0.293068 -0.956089
vn 0.000951 0.529280 -0.848447
vn 0.020141 0.428992 -0.903084
vn -0.032236 0.988646 -0.146763
vn -0.201048 0.972844 -0.114693
vn -0.355566 0.912066 0.204229
vn -0.380663 0.913924 0.140847
vn 0.088533 0.995893 0.018957
vn 0.240445 0.965471 0.100256
vn 0.043067 0.983465 0.175905
vn 0.085375 0.981347 0.172249
vn 0.232050 0.959366 -0.160531
vn 0.087632 0.950104 -0.299371
vn 0.001983 0.993898 -0.110286
vn 0.001983 0.993898 -0.110286
vn -0.042292 0.888519 -0.456887
vn -0.143480 0.856251 -0.496234
vn 0.110994 0.984429 0.136306
vn 0.043067 0.983465 0.175905
vn 0.001983 0.993898 -0.110286
vn 0.088533 0.995893 0.018957
vn 0.240445 0.965471 0.100256
vn 0.269838 0.962144 0.038301
vn 0.043067 0.983465 0.175905
vn 0.240445 0.965471 0.100256
vn 0.232050 0.959366 -0.160531
vn -0.197851 -0.932677 0.301609
vn -0.644373 -0.406647 0.647627
vn -0.219939 -0.746959 0.627438
vn -0.152820 -0.905515 0.395839
vn -0.644373 -0.406647 0.647627
vn -0.453497 -0.828306 0.329014
vn -0.152820 -0.905515 0.395839
vn -0.032641 -0.998804 0.036413
vn -0.125884 -0.918253 0.375453
vn -0.644373 -0.406647 0.647627
vn -0.152820 -0.905515 0.395839
vn -0.296488 -0.523811 0.798572
vn -0.644373 -0.406647 0.647627
vn -0.714318 -0.424835 0.556116
vn -0.453497 -0.828306 0.329014
vn -0.484575 -0.533249 0.693421
vn -0.714318 -0.424835 0.556116
vn -0.197851 -0.932677 0.301609
vn -0.351036 -0.848044 0.396983
vn -0.484575 -0.533249 0.693421
vn 0.276657 -0.959730 -0.048774
vn -0.714318 -0.424835 0.556116
vn -0.484575 -0.533249 0.693421
vn -0.515845 -0.655005 0.552153
vn -0.078632 -0.982857 -0.166759
vn 0.281110 -0.928993 -0.240727
vn 0.682256 -0.707161 -0.185606
vn 0.225965 -0.962244 0.151746
vn -0.351036 -0.848044 0.396983
vn 0.276657 -0.959730 -0.048774
vn -0.820622 -0.568450 0.058692
vn -0.527959 -0.822267 0.212454
vn 0.372517 -0.873042 -0.314689
vn -0.221721 -0.932794 0.284138
vn -0.806012 0.065394 0.588276
vn -0.549208 -0.730824 -0.405299
vn 0.262821 -0.962155 0.071989
vn -0.527959 -0.822267 0.212454
vn -0.006756 -0.954080 -0.299476
vn -0.485250 -0.750904 0.447968
vn -0.770340 -0.515896 0.374737
vn -0.586337 -0.729335 0.352533
vn 0.336616 -0.941515 0.015454
vn 0.262821 -0.962155 0.071989
vn -0.172050 -0.955929 0.237906
vn 0.517712 -0.841828 0.152643
vn -0.221721 -0.932794 0.284138
vn 0.471268 -0.881986 0.002769
vn -0.655860 -0.674286 0.339391
vn -0.967885 -0.163799 0.190703
vn -0.387434 -0.897327 0.211420
vn -0.785900 -0.588384 0.190171
vn -0.967885 -0.163799 0.190703
vn -0.913464 -0.360883 0.188009
vn -0.017983 -0.929301 -0.368885
vn 0.132838 -0.989590 -0.055361
vn -0.254849 -0.966639 -0.025724
vn 0.730085 -0.370897 0.573944
vn 0.132838 -0.989590 -0.055361
vn 0.132011 -0.991045 0.020076
vn -0.530676 -0.664507 0.526130
vn 0.103486 -0.830247 0.547704
vn 0.264622 -0.649109 0.713185
vn -0.211752 -0.951536 0.223027
vn 0.103486 -0.830247 0.547704
vn -0.630408 -0.683568 0.367861
vn -0.223738 0.938856 -0.261707
vn -0.193794 0.978411 0.071811
vn -0.151138 0.983404 0.100374
vn -0.201234 0.968241 -0.148373
vn -0.193794 0.978411 0.071811
vn -0.273863 0.961115 -0.035444
vn -0.071845 -0.861970 0.501843
vn -0.125884 -0.918253 0.375453
vn 0.128950 -0.991631 0.006369
vn -0.125884 -0.918253 0.375453
vn -0.273008 -0.541089 0.795418
vn -0.296488 -0.523811 0.798572
vn -0.081406 -0.943616 -0.320876
vn 0.103467 -0.983568 -0.147948
vn -0.116187 -0.941346 -0.316809
vn -0.081406 -0.943616 -0.320876
vn -0.158042 -0.868975 -0.468940
vn 0.197622 -0.875572 -0.440817
vn -0.485250 -0.750904 0.447968
vn 0.182515 -0.903944 -0.386747
vn 0.410826 -0.871805 -0.266792
vn 0.153664 -0.837009 -0.525170
vn 0.182515 -0.903944 -0.386747
vn -0.312405 -0.912670 -0.263510
vn -0.090508 -0.885285 0.456157
vn -0.119916 -0.927024 0.355312
vn -0.086970 -0.951316 -0.295693
vn -0.177190 -0.960665 -0.213838
vn -0.127997 -0.749866 0.649090
vn -0.154822 -0.907071 0.391475
vn 0.007131 -0.959930 -0.280151
vn -0.073436 -0.923808 -0.375748
vn 0.154851 -0.965180 -0.210828
vn -0.086970 -0.951316 -0.295693
vn -0.073436 -0.923808 -0.375748
vn -0.175246 -0.913263 -0.367749
vn 0.519760 0.829649 0.203796
vn 0.108650 0.486980 0.866629
vn 0.632412 0.760065 -0.149520
vn 0.239833 0.586827 0.773379
vn 0.108650 0.486980 0.866629
vn 0.089924 0.293372 0.951760
vn 0.563543 0.709522 -0.423081
vn 0.519760 0.829649 0.203796
vn 0.632412 0.760065 -0.149520
vn 0.451087 0.839707 -0.302347
vn 0.343824 0.730908 0.589541
vn 0.272510 0.503137 0.820117
vn 0.508535 0.784787 0.354262
vn 0.139910 0.495308 0.857377
vn 0.209911 0.555626 0.804498
vn 0.139910 0.495308 0.857377
vn 0.214795 0.808823 -0.547420
vn 0.096240 0.987429 0.125389
vn 0.209911 0.555626 0.804498
vn 0.108650 0.486980 0.866629
vn 0.239833 0.586827 0.773379
vn 0.427856 0.345255 -0.835307
vn 0.536795 -0.080281 -0.839885
vn -0.469180 -0.188070 -0.862844
vn 0.749730 -0.156879 -0.642880
vn 0.239833 0.586827 0.773379
vn 0.693837 0.658664 -0.291122
vn 0.239833 0.586827 0.773379
vn 0.743554 0.504738 -0.438596
vn 0.508535 0.784787 0.354262
vn 0.023193 0.859770 -0.510154
vn 0.343824 0.730908 0.589541
vn 0.451087 0.839707 -0.302347
vn -0.157214 -0.515879 -0.842112
vn -0.188178 -0.885321 -0.425201
vn 0.032581 -0.550541 -0.834172
vn 0.693837 0.658664 -0.291122
vn 0.239833 0.586827 0.773379
vn 0.089924 0.293372 0.951760
vn 0.749730 -0.156879 -0.642880
vn 0.153026 0.430533 -0.889508
vn 0.591927 -0.035475 -0.805210
vn 0.096240 0.987429 0.125389
vn -0.120065 0.374753 -0.919318
vn 0.145478 0.989325 0.008467
vn -0.291179 0.955197 0.053043
vn 0.293861 0.677130 -0.674641
vn -0.214559 0.975975 -0.037902
vn 0.239833 0.586827 0.773379
vn 0.508535 0.784787 0.354262
vn 0.209911 0.555626 0.804498
vn 0.508535 0.784787 0.354262
vn 0.743554 0.504738 -0.438596
vn 0.427856 0.345255 -0.835307
vn -0.120065 0.374753 -0.919318
vn 0.096240 0.987429 0.125389
vn 0.214795 0.808823 -0.547420
vn 0.145478 0.989325 0.008467
vn 0.382818 0.575925 0.722330
vn 0.126273 0.450509 0.883797
vn 0.053577 -0.347544 -0.936132
vn -0.357177 0.267215 -0.894998
vn -0.605688 -0.192259 -0.772126
vn -0.120065 0.374753 -0.919318
vn -0.551938 0.002006 -0.833883
vn -0.249381 0.190252 -0.949533
vn 0.187572 -0.283686 -0.940393
vn 0.099080 -0.380405 -0.919497
vn 0.053577 -0.347544 -0.936132
vn 0.053577 -0.347544 -0.936132
vn -0.549501 -0.690302 -0.470672
vn 0.187572 -0.283686 -0.940393
vn -0.357177 0.267215 -0.894998
vn -0.120065 0.374753 -0.919318
vn 0.214795 0.808823 -0.547420
vn 0.124102 -0.484896 -0.865722
vn 0.948273 -0.017533 -0.316970
vn 0.099080 -0.380405 -0.919497
vn 0.186624 0.982299 0.016157
vn -0.048648 0.998806 -0.004537
vn 0.212876 0.963233 -0.163907
vn 0.001983 0.993898 -0.110286
vn -0.048648 0.998806 -0.004537
vn 0.110994 0.984429 0.136306
vn -0.048648 0.998806 -0.004537
vn -0.071273 0.937990 -0.339257
vn 0.212876 0.963233 -0.163907
vn -0.071273 0.937990 -0.339257
vn -0.163444 0.960709 -0.224330
vn -0.355382 0.747293 -0.561477
vn -0.355382 0.747293 -0.561477
vn -0.163444 0.960709 -0.224330
vn -0.143480 0.856251 -0.496234
vn 0.155012 0.894909 -0.418461
vn 0.246136 0.896928 -0.367339
vn 0.392857 0.913760 0.103468
vn 0.124665 0.828553 -0.545855
vn 0.023193 0.859770 -0.510154
vn 0.312019 0.789345 -0.528753
vn -0.355382 0.747293 -0.561477
vn 0.023193 0.859770 -0.510154
vn -0.071273 0.937990 -0.339257
vn -0.163444 0.960709 -0.224330
vn 0.001983 0.993898 -0.110286
vn -0.143480 0.856251 -0.496234
vn 0.023193 0.859770 -0.510154
vn -0.355382 0.747293 -0.561477
vn 0.100239 0.989590 -0.103269
vn -0.281986 0.856036 -0.433228
vn -0.266989 0.765502 -0.585426
vn -0.143480 0.856251 -0.496234
vn 0.033048 0.864639 -0.501306
vn 0.068221 -0.949566 -0.306056
vn -0.238905 -0.753038 -0.613073
vn 0.243146 0.944001 -0.223030
vn 0.788764 0.575728 0.215379
vn -0.323895 0.669444 -0.668533
vn 0.865548 0.360364 0.347800
vn 0.788764 0.575728 0.215379
vn 0.842540 0.430682 -0.323480
vn 0.787060 0.458809 -0.412349
vn 0.293861 0.677130 -0.674641
vn 0.361783 0.637857 -0.679891
vn 0.734665 0.491178 0.467987
vn 0.865548 0.360364 0.347800
vn 0.004975 0.881964 -0.471290
vn 0.865548 0.360364 0.347800
vn 0.787060 0.458809 -0.412349
vn 0.004975 0.881964 -0.471290
vn 0.787060 0.458809 -0.412349
vn 0.865548 0.360364 0.347800
vn 0.842540 0.430682 -0.323480
vn 0.734665 0.491178 0.467987
vn 0.004975 0.881964 -0.471290
vn -0.252349 0.847839 -0.466357
vn 0.220541 0.861344 -0.457655
vn 0.734665 0.491178 0.467987
vn 0.194215 0.773670 -0.603088
vn 0.293861 0.677130 -0.674641
vn 0.787060 0.458809 -0.412349
vn 0.842540 0.430682 -0.323480
vn 0.004975 0.881964 -0.471290
vn 0.787060 0.458809 -0.412349
vn 0.361783 0.637857 -0.679891
vn 0.054002 -0.240326 -0.969189
vn -0.504934 0.624022 -0.596354
vn 0.361783 0.637857 -0.679891
vn -0.152602 0.322300 -0.934256
vn -0.070301 0.965833 -0.249448
vn -0.456747 0.880039 -0.130051
vn -0.252349 0.847839 -0.466357
vn -0.456747 0.880039 -0.130051
vn -0.447535 0.820027 0.356746
vn 0.137558 0.780413 -0.609945
vn 0.194215 0.773670 -0.603088
vn 0.590843 0.781075 0.202056
vn -0.646454 0.762939 0.004535
vn 0.110565 0.423532 -0.899108
vn 0.080545 0.598956 -0.796721
vn 0.590843 0.781075 0.202056
vn -0.447535 0.820027 0.356746
vn 0.080545 0.598956 -0.796721
vn 0.015534 -0.993073 -0.116468
vn -0.174562 -0.967466 -0.183135
vn -0.022317 -0.998675 -0.046379
vn -0.075128 -0.996540 -0.035549
vn -0.174562 -0.967466 -0.183135
vn 0.156145 -0.983798 -0.088094
vn 0.207372 -0.974298 0.087982
vn -0.075128 -0.996540 -0.035549
vn 0.156145 -0.983798 -0.088094
vn -0.188178 -0.885321 -0.425201
vn -0.075128 -0.996540 -0.035549
vn 0.117683 -0.962734 -0.243502
vn -0.174562 -0.967466 -0.183135
vn -0.063876 -0.997956 -0.002159
vn -0.022317 -0.998675 -0.046379
vn -0.021740 -0.992119 -0.123401
vn -0.063876 -0.997956 -0.002159
vn -0.276819 -0.957621 -0.079586
vn 0.032581 -0.550541 -0.834172
vn -0.188178 -0.885321 -0.425201
vn 0.117683 -0.962734 -0.243502
vn -0.021740 -0.992119 -0.123401
vn -0.188178 -0.885321 -0.425201
vn -0.157214 -0.515879 -0.842112
vn -0.207909 0.707205 -0.675747
vn -0.454098 -0.258773 -0.852544
vn 0.207372 -0.974298 0.087982
vn -0.748217 -0.130930 -0.650406
vn -0.454098 -0.258773 -0.852544
vn -0.639128 0.547814 -0.539829
vn -0.294169 -0.597268 -0.746147
vn -0.207909 0.707205 -0.675747
vn 0.207372 -0.974298 0.087982
vn -0.071159 0.502483 -0.861654
vn 0.003908 -0.774926 -0.632039
vn -0.382082 0.487528 -0.785066
vn -0.071046 -0.956981 0.281320
vn -0.090340 -0.949152 0.301577
vn -0.185111 -0.974263 0.128626
vn 0.124183 -0.991347 -0.042535
vn -0.098230 -0.869546 0.483985
vn 0.062869 -0.910959 0.407678
vn 0.006610 -0.997911 0.064261
vn 0.136609 -0.989064 0.055597
vn -0.185111 -0.974263 0.128626
vn -0.197627 -0.923439 -0.328943
vn -0.017708 -0.996720 0.078963
vn 0.006610 -0.997911 0.064261
vn 0.793433 -0.607147 -0.042867
vn 0.345399 -0.833380 0.431483
vn 0.897691 -0.300809 -0.321971
vn 0.003908 -0.774926 -0.632039
vn 0.345399 -0.833380 0.431483
vn 0.688225 -0.682550 0.245911
vn -0.480993 -0.163650 0.861315
vn -0.405798 -0.170516 0.897916
vn -0.720631 -0.233897 0.652673
vn -0.475071 0.813292 0.335952
vn -0.405798 -0.170516 0.897916
vn -0.654212 -0.387624 0.649426
vn 0.363135 -0.929376 -0.066279
vn 0.286700 -0.950092 0.123001
vn 0.341802 -0.907422 -0.244451
vn 0.222999 -0.961739 0.159153
vn 0.286700 -0.950092 0.123001
vn 0.219561 -0.963713 0.151821
vn 0.016133 -0.981678 -0.189864
vn 0.341802 -0.907422 -0.244451
vn 0.547594 -0.581129 -0.602021
vn -0.016646 -0.897766 0.440157
vn 0.014153 -0.999777 -0.015686
vn -0.143512 -0.952554 -0.268412
vn 0.222999 -0.961739 0.159153
vn 0.219561 -0.963713 0.151821
vn 0.292033 -0.932014 0.214631
vn -0.079038 -0.968666 -0.235455
vn -0.142698 -0.691732 -0.707915
vn -0.153246 -0.921538 -0.356769
vn 0.016133 -0.981678 -0.189864
vn 0.547594 -0.581129 -0.602021
vn 0.143950 -0.725800 -0.672676
vn 0.363135 -0.929376 -0.066279
vn -0.143512 -0.952554 -0.268412
vn 0.014153 -0.999777 -0.015686
vn 0.017697 -0.998769 0.046332
vn 0.219561 -0.963713 0.151821
vn 0.014153 -0.999777 -0.015686
vn 0.136609 -0.989064 0.055597
vn 0.086663 -0.996238 0.000321
vn -0.071046 -0.956981 0.281320
vn 0.071766 -0.814991 0.575013
vn 0.731966 -0.212335 -0.647410
vn 0.611928 -0.334819 -0.716548
vn 0.016133 -0.981678 -0.189864
vn 0.240510 -0.966605 0.088489
vn -0.143512 -0.952554 -0.268412
vn -0.034516 -0.793329 0.607813
vn 0.328440 -0.712073 0.620547
vn -0.016646 -0.897766 0.440157
vn 0.017697 -0.998769 0.046332
vn -0.016646 -0.897766 0.440157
vn 0.416907 -0.749025 0.514927
vn 0.341802 -0.907422 -0.244451
vn 0.016133 -0.981678 -0.189864
vn 0.363135 -0.929376 -0.066279
vn 0.016133 -0.981678 -0.189864
vn 0.143950 -0.725800 -0.672676
vn 0.240510 -0.966605 0.088489
vn 0.231510 -0.970969 -0.060189
vn 0.411464 -0.753638 -0.512570
vn 0.640103 -0.129752 -0.757253
vn -0.567735 -0.311933 0.761824
vn 0.101333 -0.994362 0.031227
vn 0.071766 -0.814991 0.575013
vn -0.152602 0.322300 -0.934256
vn -0.261720 0.062141 0.963141
vn -0.070301 0.965833 -0.249448
vn 0.438891 -0.875140 -0.203725
vn 0.062869 -0.910959 0.407678
vn 0.405217 -0.847862 -0.341950
vn -0.034516 -0.793329 0.607813
vn -0.016646 -0.897766 0.440157
vn -0.143512 -0.952554 -0.268412
vn 0.219561 -0.963713 0.151821
vn 0.337348 -0.921725 0.191363
vn 0.292033 -0.932014 0.214631
vn 0.240510 -0.966605 0.088489
vn -0.034516 -0.793329 0.607813
vn -0.143512 -0.952554 -0.268412
vn -0.034516 -0.793329 0.607813
vn 0.361239 -0.606916 0.707926
vn -0.114266 -0.271679 0.955580
vn -0.001541 -0.979723 -0.200349
vn -0.431445 -0.718209 0.545922
vn -0.208882 -0.977250 0.036762
vn -0.514489 0.050668 0.855999
vn -0.431445 -0.718209 0.545922
vn -0.160863 -0.886675 0.433509
vn -0.207143 -0.733227 0.647665
vn 0.443147 -0.873182 -0.202914
vn 0.303119 -0.938780 0.163740
vn -0.620495 0.293447 0.727238
vn -0.160863 -0.886675 0.433509
vn -0.048098 -0.996394 0.069898
vn -0.130668 -0.947514 0.291793
vn -0.481455 -0.720432 0.499178
vn -0.447847 -0.540036 0.712597
vn 0.089462 -0.979926 0.178164
vn -0.481455 -0.720432 0.499178
vn -0.207143 -0.733227 0.647665
vn 0.228678 -0.944692 0.235083
vn 0.667350 -0.463029 -0.583308
vn 0.545411 -0.712710 -0.441103
vn -0.571583 0.097202 0.814767
vn -0.048098 -0.996394 0.069898
vn 0.464685 -0.808268 -0.361622
vn 0.303119 -0.938780 0.163740
vn 0.464685 -0.808268 -0.361622
vn -0.048098 -0.996394 0.069898
vn -0.353103 -0.651717 0.671255
vn 0.545411 -0.712710 -0.441103
vn -0.291385 -0.924256 0.246670
vn 0.089462 -0.979926 0.178164
vn 0.682256 -0.707161 -0.185606
vn -0.481455 -0.720432 0.499178
vn 0.202721 -0.751646 -0.627640
vn 0.089462 -0.979926 0.178164
vn -0.063645 -0.809183 0.584100
vn -0.208892 0.955549 0.208062
vn -0.202587 0.968896 0.142122
vn 0.027009 0.969380 -0.244076
vn 0.276862 0.809173 -0.518254
vn 0.176110 0.364695 -0.914321
vn 0.293085 -0.065218 -0.953859
vn -0.122375 0.942535 0.310888
vn -0.058505 0.902305 0.427111
vn 0.110333 0.910070 0.399499
vn 0.043500 0.926534 0.373688
vn 0.110333 0.910070 0.399499
vn -0.058505 0.902305 0.427111
vn -0.062949 -0.936785 -0.344198
vn -0.138021 -0.744124 -0.653628
vn 0.001603 -0.996622 -0.082108
vn -0.240442 0.447308 -0.861454
vn -0.138021 -0.744124 -0.653628
vn -0.403194 0.134030 -0.905246
vn 0.022476 -0.140725 -0.989794
vn 0.000951 0.529280 -0.848447
vn -0.240442 0.447308 -0.861454
vn -0.009543 0.625457 -0.780200
vn 0.000951 0.529280 -0.848447
vn 0.002034 0.293068 -0.956089
vn 0.228699 0.409503 -0.883178
vn 0.124489 0.961397 -0.245394
vn -0.009543 0.625457 -0.780200
vn -0.170796 -0.557910 -0.812136
vn -0.009543 0.625457 -0.780200
vn -0.123504 -0.571983 -0.810915
vn 0.123363 0.634772 -0.762789
vn 0.293085 -0.065218 -0.953859
vn 0.228699 0.409503 -0.883178
vn -0.000862 0.884917 -0.465747
vn 0.131421 0.791169 -0.597311
vn -0.094907 0.995474 -0.005013
vn 0.228699 0.409503 -0.883178
vn -0.009543 0.625457 -0.780200
vn 0.002034 0.293068 -0.956089
vn 0.143292 -0.106211 -0.983965
vn 0.124489 0.961397 -0.245394
vn 0.176114 0.876910 -0.447228
vn 0.228699 0.409503 -0.883178
vn 0.002034 0.293068 -0.956089
vn 0.123363 0.634772 -0.762789
vn 0.176114 0.876910 -0.447228
vn 0.124489 0.961397 -0.245394
vn 0.228699 0.409503 -0.883178
vn -0.099369 -0.131519 -0.986321
vn 0.002034 0.293068 -0.956089
vn 0.022476 -0.140725 -0.989794
vn 0.123363 0.634772 -0.762789
vn 0.212830 0.952699 0.216950
vn 0.171205 0.943911 0.282350
vn 0.144742 -0.985593 0.087499
vn -0.068460 -0.991787 -0.108037
vn -0.043765 -0.999036 0.003346
vn 0.287017 -0.954132 0.085168
vn 0.132991 -0.990821 -0.024235
vn 0.007549 -0.973981 0.226506
vn 0.007549 -0.973981 0.226506
vn -0.217382 -0.971203 0.097517
vn -0.255271 -0.881716 -0.396753
vn 0.423033 -0.889133 -0.174604
vn 0.242372 -0.652260 -0.718201
vn -0.205243 -0.480189 -0.852815
vn 0.402505 -0.872144 0.278128
vn 0.007549 -0.973981 0.226506
vn 0.212972 -0.976408 0.035634
vn 0.132991 -0.990821 -0.024235
vn 0.287017 -0.954132 0.085168
vn 0.225641 -0.528524 -0.818382
vn 0.132991 -0.990821 -0.024235
vn 0.225641 -0.528524 -0.818382
vn 0.020141 0.428992 -0.903084
vn -0.118148 -0.992746 0.022274
vn 0.007549 -0.973981 0.226506
vn 0.132991 -0.990821 -0.024235
vn -0.041222 0.912432 -0.407147
vn 0.020141 0.428992 -0.903084
vn 0.225641 -0.528524 -0.818382
vn -0.198779 0.943437 -0.265356
vn -0.281986 0.856036 -0.433228
vn 0.087632 0.950104 -0.299371
vn 0.423033 -0.889133 -0.174604
vn -0.205243 -0.480189 -0.852815
vn -0.217382 -0.971203 0.097517
vn -0.255788 0.066105 -0.964470
vn 0.242372 -0.652260 -0.718201
vn 0.553818 -0.775791 -0.302379
vn 0.423033 -0.889133 -0.174604
vn -0.118148 -0.992746 0.022274
vn 0.227859 -0.887235 -0.401117
vn 0.553818 -0.775791 -0.302379
vn 0.242372 -0.652260 -0.718201
vn 0.423033 -0.889133 -0.174604
vn -0.314533 0.931315 -0.183633
vn -0.324587 0.926002 0.192779
vn -0.065928 0.833756 -0.548184
vn -0.380663 0.913924 0.140847
vn -0.324587 0.926002 0.192779
vn -0.246287 0.963612 0.103901
vn 0.212830 0.952699 0.216950
vn -0.062690 0.974085 0.217323
vn 0.146229 0.925353 0.349771
vn -0.324587 0.926002 0.192779
vn -0.062690 0.974085 0.217323
vn -0.065928 0.833756 -0.548184
vn 0.171205 0.943911 0.282350
vn 0.212830 0.952699 0.216950
vn 0.146229 0.925353 0.349771
vn 0.123363 0.634772 -0.762789
vn 0.002034 0.293068 -0.956089
vn -0.099369 -0.131519 -0.986321
vn 0.025869 0.956905 0.289248
vn 0.146229 0.925353 0.349771
vn 0.040559 0.939174 0.341040
vn 0.123363 0.634772 -0.762789
vn 0.171205 0.943911 0.282350
vn -0.066762 0.968700 0.239087
vn -0.324587 0.926002 0.192779
vn -0.380663 0.913924 0.140847
vn -0.355566 0.912066 0.204229
vn -0.246287 0.963612 0.103901
vn 0.088533 0.995893 0.018957
vn -0.380663 0.913924 0.140847
vn 0.281110 -0.928993 -0.240727
vn -0.001894 -0.979627 0.200815
vn 0.682256 -0.707161 -0.185606
vn -0.661197 -0.569815 0.487985
vn -0.001894 -0.979627 0.200815
vn 0.169320 -0.939903 -0.296503
vn -0.451748 -0.891115 -0.042863
vn 0.281110 -0.928993 -0.240727
vn -0.078632 -0.982857 -0.166759
vn -0.001894 -0.979627 0.200815
vn 0.281110 -0.928993 -0.240727
vn 0.169320 -0.939903 -0.296503
vn -0.518092 -0.847913 -0.112356
vn -0.469756 -0.588684 0.657860
vn 0.004228 -0.996398 0.084693
vn -0.527959 -0.822267 0.212454
vn -0.820622 -0.568450 0.058692
vn -0.940623 -0.143490 0.307635
vn -0.900234 -0.418179 0.121264
vn -0.152305 -0.882361 -0.445244
vn -0.884895 -0.463445 -0.046687
vn -0.655860 -0.674286 0.339391
vn -0.172050 -0.955929 0.237906
vn -0.900234 -0.418179 0.121264
vn -0.820622 -0.568450 0.058692
vn -0.221721 -0.932794 0.284138
vn -0.549208 -0.730824 -0.405299
vn 0.372517 -0.873042 -0.314689
vn 0.262821 -0.962155 0.071989
vn 0.336616 -0.941515 0.015454
vn -0.116187 -0.941346 -0.316809
vn 0.103467 -0.983568 -0.147948
vn 0.043724 -0.976651 -0.210336
vn 0.408081 -0.871168 -0.273013
vn 0.103467 -0.983568 -0.147948
vn -0.081406 -0.943616 -0.320876
vn -0.086970 -0.951316 -0.295693
vn -0.116187 -0.941346 -0.316809
vn 0.043724 -0.976651 -0.210336
vn -0.116187 -0.941346 -0.316809
vn -0.175246 -0.913263 -0.367749
vn -0.147219 -0.905782 -0.397349
vn -0.017983 -0.929301 -0.368885
vn 0.197622 -0.875572 -0.440817
vn -0.158042 -0.868975 -0.468940
vn -0.220597 -0.967395 -0.124435
vn -0.913464 -0.360883 0.188009
vn -0.723380 -0.687378 -0.065060
vn 0.197622 -0.875572 -0.440817
vn 0.408081 -0.871168 -0.273013
vn -0.081406 -0.943616 -0.320876
vn 0.408081 -0.871168 -0.273013
vn 0.197622 -0.875572 -0.440817
vn 0.151090 -0.945700 -0.287791
vn -0.047551 -0.777549 0.627022
vn 0.127591 -0.929765 -0.345338
vn 0.044659 -0.969972 0.239080
vn 0.329406 -0.926336 -0.182739
vn 0.127591 -0.929765 -0.345338
vn 0.144950 -0.989242 0.019736
vn 0.410826 -0.871805 -0.266792
vn -0.770340 -0.515896 0.374737
vn -0.485250 -0.750904 0.447968
vn -0.553842 -0.820030 -0.144253
vn -0.884895 -0.463445 -0.046687
vn -0.152305 -0.882361 -0.445244
vn -0.817196 -0.127789 0.562015
vn -0.510661 -0.600952 0.614883
vn -0.631648 -0.618650 0.467218
vn 0.088004 -0.952209 0.292495
vn 0.153664 -0.837009 -0.525170
vn 0.193431 -0.975099 -0.108475
vn -0.055284 -0.405378 0.912476
vn -0.119916 -0.927024 0.355312
vn -0.090508 -0.885285 0.456157
vn -0.177190 -0.960665 -0.213838
vn -0.119916 -0.927024 0.355312
vn -0.127997 -0.749866 0.649090
vn -0.073436 -0.923808 -0.375748
vn -0.177190 -0.960665 -0.213838
vn -0.097525 -0.960054 -0.262271
vn -0.119916 -0.927024 0.355312
vn -0.177190 -0.960665 -0.213838
vn -0.086970 -0.951316 -0.295693
vn 0.245877 0.702410 0.667956
vn 0.382818 0.575925 0.722330
vn 0.348908 0.921386 0.171206
vn -0.291179 0.955197 0.053043
vn 0.382818 0.575925 0.722330
vn 0.145478 0.989325 0.008467
vn 0.139910 0.495308 0.857377
vn 0.126273 0.450509 0.883797
vn 0.245877 0.702410 0.667956
vn 0.145478 0.989325 0.008467
vn 0.126273 0.450509 0.883797
vn 0.096240 0.987429 0.125389
vn 0.427856 0.345255 -0.835307
vn -0.605688 -0.192259 -0.772126
vn 0.214795 0.808823 -0.547420
vn -0.469180 -0.188070 -0.862844
vn -0.605688 -0.192259 -0.772126
vn 0.427856 0.345255 -0.835307
vn 0.374022 -0.925344 -0.062011
vn 0.985342 -0.019494 0.169471
vn 0.897691 -0.300809 -0.321971
vn 0.004975 0.881964 -0.471290
vn -0.740233 0.430917 -0.516106
vn -0.662970 0.315873 -0.678745
vn -0.281986 0.856036 -0.433228
vn -0.143480 0.856251 -0.496234
vn -0.042292 0.888519 -0.456887
vn -0.355382 0.747293 -0.561477
vn -0.143480 0.856251 -0.496234
vn -0.266989 0.765502 -0.585426
vn 0.063954 0.997936 0.005820
vn 0.087632 0.950104 -0.299371
vn 0.232050 0.959366 -0.160531
vn 0.225641 -0.528524 -0.818382
vn 0.068221 -0.949566 -0.306056
vn 0.033048 0.864639 -0.501306
vn -0.253640 -0.963927 -0.080699
vn 0.055539 -0.952197 -0.300392
vn -0.244256 -0.543236 -0.803264
vn 0.100239 0.989590 -0.103269
vn -0.266989 0.765502 -0.585426
vn 0.392857 0.913760 0.103468
vn 0.136609 -0.989064 0.055597
vn -0.071046 -0.956981 0.281320
vn -0.185111 -0.974263 0.128626
vn -0.098230 -0.869546 0.483985
vn -0.071046 -0.956981 0.281320
vn 0.086663 -0.996238 0.000321
vn -0.017708 -0.996720 0.078963
vn 0.136609 -0.989064 0.055597
vn 0.006610 -0.997911 0.064261
vn 0.303088 -0.949975 0.075400
vn 0.454062 -0.862190 -0.224626
vn 0.405217 -0.847862 -0.341950
vn 0.219561 -0.963713 0.151821
vn 0.017697 -0.998769 0.046332
vn 0.337348 -0.921725 0.191363
vn 0.337348 -0.921725 0.191363
vn 0.302817 -0.931804 0.200108
vn 0.454062 -0.862190 -0.224626
vn -0.016646 -0.897766 0.440157
vn 0.328440 -0.712073 0.620547
vn 0.416907 -0.749025 0.514927
vn 0.949966 -0.196307 0.242955
vn 0.550134 -0.753483 0.360023
vn 0.831998 -0.116287 0.542455
vn 0.136609 -0.989064 0.055597
vn 0.292033 -0.932014 0.214631
vn 0.303088 -0.949975 0.075400
vn 0.337348 -0.921725 0.191363
vn 0.303088 -0.949975 0.075400
vn 0.292033 -0.932014 0.214631
vn -0.016646 -0.897766 0.440157
vn 0.017697 -0.998769 0.046332
vn 0.014153 -0.999777 -0.015686
vn 0.017697 -0.998769 0.046332
vn 0.416907 -0.749025 0.514927
vn 0.337348 -0.921725 0.191363
vn 0.302817 -0.931804 0.200108
vn 0.337348 -0.921725 0.191363
vn 0.416907 -0.749025 0.514927
vn 0.303088 -0.949975 0.075400
vn 0.337348 -0.921725 0.191363
vn 0.454062 -0.862190 -0.224626
vn 0.438891 -0.875140 -0.203725
vn 0.405217 -0.847862 -0.341950
vn 0.454062 -0.862190 -0.224626
vn 0.086663 -0.996238 0.000321
vn 0.405217 -0.847862 -0.341950
vn 0.062869 -0.910959 0.407678
vn 0.454062 -0.862190 -0.224626
vn 0.302817 -0.931804 0.200108
vn 0.374022 -0.925344 -0.062011
vn 0.438891 -0.875140 -0.203725
vn 0.897691 -0.300809 -0.321971
vn 0.345399 -0.833380 0.431483
vn 0.438891 -0.875140 -0.203725
vn 0.123368 -0.839824 0.528654
vn 0.062869 -0.910959 0.407678
vn 0.003908 -0.774926 -0.632039
vn 0.123368 -0.839824 0.528654
vn 0.345399 -0.833380 0.431483
vn 0.517419 -0.837636 -0.175050
vn 0.688225 -0.682550 0.245911
vn 0.793433 -0.607147 -0.042867
vn -0.207909 0.707205 -0.675747
vn -0.382082 0.487528 -0.785066
vn -0.639128 0.547814 -0.539829
vn -0.071159 0.502483 -0.861654
vn -0.382082 0.487528 -0.785066
vn -0.207909 0.707205 -0.675747
vn -0.702150 -0.147202 -0.696647
vn -0.382082 0.487528 -0.785066
vn 0.003908 -0.774926 -0.632039
vn 0.286700 -0.950092 0.123001
vn -0.153246 -0.921538 -0.356769
vn -0.121402 -0.633829 -0.763887
vn -0.079038 -0.968666 -0.235455
vn -0.153246 -0.921538 -0.356769
vn 0.222999 -0.961739 0.159153
vn 0.228678 -0.944692 0.235083
vn -0.130668 -0.947514 0.291793
vn -0.447847 -0.540036 0.712597
vn 0.443147 -0.873182 -0.202914
vn 0.545411 -0.712710 -0.441103
vn 0.464685 -0.808268 -0.361622
vn -0.661197 -0.569815 0.487985
vn -0.628946 -0.373285 0.681972
vn -0.001894 -0.979627 0.200815
vn 0.228678 -0.944692 0.235083
vn 0.769111 -0.455097 -0.448726
vn 0.667350 -0.463029 -0.583308
vn 0.303119 -0.938780 0.163740
vn 0.443147 -0.873182 -0.202914
vn 0.464685 -0.808268 -0.361622
vn -0.207143 -0.733227 0.647665
vn -0.130668 -0.947514 0.291793
vn 0.443147 -0.873182 -0.202914
vn -0.567735 -0.311933 0.761824
vn -0.672870 0.190569 0.714793
vn -0.784415 0.051642 0.618082
vn -0.291385 -0.924256 0.246670
vn -0.781423 0.107967 0.614590
vn -0.784415 0.051642 0.618082
vn -0.208892 0.955549 0.208062
vn -0.198086 0.948643 0.246654
vn -0.202587 0.968896 0.142122
vn 0.171205 0.943911 0.282350
vn 0.025869 0.956905 0.289248
vn -0.066762 0.968700 0.239087
vn -0.066762 0.968700 0.239087
vn 0.025869 0.956905 0.289248
vn -0.208892 0.955549 0.208062
vn -0.198086 0.948643 0.246654
vn -0.208892 0.955549 0.208062
vn 0.025869 0.956905 0.289248
vn 0.176110 0.364695 -0.914321
vn 0.027009 0.969380 -0.244076
vn 0.328080 0.508280 -0.796250
vn -0.066762 0.968700 0.239087
vn -0.208892 0.955549 0.208062
vn 0.027009 0.969380 -0.244076
vn 0.328080 0.508280 -0.796250
vn 0.131421 0.791169 -0.597311
vn -0.000862 0.884917 -0.465747
vn 0.293085 -0.065218 -0.953859
vn 0.176110 0.364695 -0.914321
vn 0.176114 0.876910 -0.447228
vn 0.176114 0.876910 -0.447228
vn 0.176110 0.364695 -0.914321
vn -0.000862 0.884917 -0.465747
vn 0.176110 0.364695 -0.914321
vn 0.328080 0.508280 -0.796250
vn -0.000862 0.884917 -0.465747
vn 0.228699 0.409503 -0.883178
vn 0.293085 -0.065218 -0.953859
vn 0.176114 0.876910 -0.447228
vn 0.276862 0.809173 -0.518254
vn 0.123363 0.634772 -0.762789
vn -0.066762 0.968700 0.239087
vn -0.043765 -0.999036 0.003346
vn 0.402505 -0.872144 0.278128
vn 0.144742 -0.985593 0.087499
vn 0.007549 -0.973981 0.226506
vn 0.402505 -0.872144 0.278128
vn 0.287017 -0.954132 0.085168
vn -0.238905 -0.753038 -0.613073
vn -0.043765 -0.999036 0.003346
vn -0.253640 -0.963927 -0.080699
vn 0.287017 -0.954132 0.085168
vn -0.043765 -0.999036 0.003346
vn 0.068221 -0.949566 -0.306056
vn -0.348435 0.019855 -0.937123
vn -0.253640 -0.963927 -0.080699
vn -0.244256 -0.543236 -0.803264
vn -0.238905 -0.753038 -0.613073
vn 0.155012 0.894909 -0.418461
vn 0.033048 0.864639 -0.501306
vn 0.033048 0.864639 -0.501306
vn 0.155012 0.894909 -0.418461
vn 0.392857 0.913760 0.103468
vn -0.198779 0.943437 -0.265356
vn 0.225641 -0.528524 -0.818382
vn 0.033048 0.864639 -0.501306
vn 0.423033 -0.889133 -0.174604
vn 0.227859 -0.887235 -0.401117
vn 0.609245 -0.130760 -0.782127
vn 0.132991 -0.990821 -0.024235
vn 0.227859 -0.887235 -0.401117
vn -0.118148 -0.992746 0.022274
vn 0.063954 0.997936 0.005820
vn -0.246287 0.963612 0.103901
vn -0.201048 0.972844 -0.114693
vn -0.032236 0.988646 -0.146763
vn 0.020141 0.428992 -0.903084
vn -0.041222 0.912432 -0.407147
vn 0.305137 -0.792205 -0.528490
vn -0.314533 0.931315 -0.183633
vn -0.065928 0.833756 -0.548184
vn -0.246287 0.963612 0.103901
vn -0.314533 0.931315 -0.183633
vn 0.368315 -0.238748 -0.898523
vn 0.163852 0.715844 -0.678763
vn 0.022476 -0.140725 -0.989794
vn -0.065928 0.833756 -0.548184
vn 0.123363 0.634772 -0.762789
vn -0.099369 -0.131519 -0.986321
vn 0.212830 0.952699 0.216950
vn 0.212830 0.952699 0.216950
vn 0.163852 0.715844 -0.678763
vn -0.062690 0.974085 0.217323
vn 0.022476 -0.140725 -0.989794
vn 0.163852 0.715844 -0.678763
vn -0.099369 -0.131519 -0.986321
vn 0.169320 -0.939903 -0.296503
vn -0.256633 -0.927099 0.273181
vn -0.351036 -0.848044 0.396983
vn 0.281110 -0.928993 -0.240727
vn -0.451748 -0.891115 -0.042863
vn -0.256633 -0.927099 0.273181
vn 0.471268 -0.881986 0.002769
vn -0.820622 -0.568450 0.058692
vn 0.372517 -0.873042 -0.314689
vn -0.518092 -0.847913 -0.112356
vn -0.820622 -0.568450 0.058692
vn -0.549208 -0.730824 -0.405299
vn 0.616628 -0.493948 -0.613013
vn 0.597380 -0.801935 0.006089
vn -0.391648 -0.546073 0.740551
vn -0.940623 -0.143490 0.307635
vn -0.913178 -0.051102 0.404344
vn -0.527959 -0.822267 0.212454
vn -0.527959 -0.822267 0.212454
vn 0.262821 -0.962155 0.071989
vn 0.372517 -0.873042 -0.314689
vn 0.272860 -0.914397 -0.299042
vn 0.262821 -0.962155 0.071989
vn -0.006756 -0.954080 -0.299476
vn -0.913464 -0.360883 0.188009
vn -0.655860 -0.674286 0.339391
vn -0.900234 -0.418179 0.121264
vn 0.336616 -0.941515 0.015454
vn -0.387434 -0.897327 0.211420
vn 0.517712 -0.841828 0.152643
vn 0.471268 -0.881986 0.002769
vn 0.336616 -0.941515 0.015454
vn 0.517712 -0.841828 0.152643
vn -0.172050 -0.955929 0.237906
vn -0.655860 -0.674286 0.339391
vn 0.336616 -0.941515 0.015454
vn -0.158042 -0.868975 -0.468940
vn -0.041855 -0.931133 -0.362270
vn -0.017983 -0.929301 -0.368885
vn 0.197622 -0.875572 -0.440817
vn 0.064413 -0.963913 -0.258307
vn 0.151090 -0.945700 -0.287791
vn 0.132838 -0.989590 -0.055361
vn -0.017983 -0.929301 -0.368885
vn 0.132011 -0.991045 0.020076
vn -0.220597 -0.967395 -0.124435
vn -0.254849 -0.966639 -0.025724
vn -0.913464 -0.360883 0.188009
vn 0.064413 -0.963913 -0.258307
vn -0.017983 -0.929301 -0.368885
vn -0.220597 -0.967395 -0.124435
vn -0.254849 -0.966639 -0.025724
vn -0.220597 -0.967395 -0.124435
vn -0.017983 -0.929301 -0.368885
vn -0.643030 -0.764234 -0.049591
vn -0.900234 -0.418179 0.121264
vn -0.884895 -0.463445 -0.046687
vn 0.064413 -0.963913 -0.258307
vn -0.220597 -0.967395 -0.124435
vn -0.723380 -0.687378 -0.065060
vn 0.151090 -0.945700 -0.287791
vn -0.643030 -0.764234 -0.049591
vn -0.884895 -0.463445 -0.046687
vn -0.900234 -0.418179 0.121264
vn -0.172050 -0.955929 0.237906
vn -0.152305 -0.882361 -0.445244
vn -0.312405 -0.912670 -0.263510
vn 0.182515 -0.903944 -0.386747
vn -0.485250 -0.750904 0.447968
vn 0.088004 -0.952209 0.292495
vn 0.193431 -0.975099 -0.108475
vn 0.350565 -0.927243 0.131623
vn -0.779653 -0.202712 0.592494
vn 0.193431 -0.975099 -0.108475
vn -0.312405 -0.912670 -0.263510
vn 0.153664 -0.837009 -0.525170
vn -0.312405 -0.912670 -0.263510
vn 0.193431 -0.975099 -0.108475
vn -0.357177 0.267215 -0.894998
vn 0.053577 -0.347544 -0.936132
vn 0.028914 0.280684 -0.959365
vn -0.549501 -0.690302 -0.470672
vn 0.053577 -0.347544 -0.936132
vn -0.605688 -0.192259 -0.772126
vn -0.120065 0.374753 -0.919318
vn -0.357177 0.267215 -0.894998
vn 0.028914 0.280684 -0.959365
vn 0.214795 0.808823 -0.547420
vn -0.605688 -0.192259 -0.772126
vn -0.357177 0.267215 -0.894998
vn 0.508535 0.784787 0.354262
vn 0.427856 0.345255 -0.835307
vn 0.214795 0.808823 -0.547420
vn 0.536795 -0.080281 -0.839885
vn 0.427856 0.345255 -0.835307
vn 0.743554 0.504738 -0.438596
vn 0.749730 -0.156879 -0.642880
vn 0.536795 -0.080281 -0.839885
vn 0.743554 0.504738 -0.438596
vn 0.536795 -0.080281 -0.839885
vn 0.604064 -0.299686 -0.738441
vn -0.469180 -0.188070 -0.862844
vn -0.598670 -0.277670 -0.751328
vn 0.032581 -0.550541 -0.834172
vn -0.748217 -0.130930 -0.650406
vn 0.003908 -0.774926 -0.632039
vn 0.688225 -0.682550 0.245911
vn -0.702150 -0.147202 -0.696647
vn -0.598670 -0.277670 -0.751328
vn -0.469180 -0.188070 -0.862844
vn 0.604064 -0.299686 -0.738441
vn -0.469180 -0.188070 -0.862844
vn -0.975512 0.015996 -0.219363
vn -0.549501 -0.690302 -0.470672
vn 0.691628 0.340126 0.637153
vn 0.448175 0.753850 0.480468
vn 0.948273 -0.017533 -0.316970
vn -0.551938 0.002006 -0.833883
vn -0.432018 -0.122453 -0.893513
vn -0.504934 0.624022 -0.596354
vn 0.124102 -0.484896 -0.865722
vn 0.099080 -0.380405 -0.919497
vn 0.187572 -0.283686 -0.940393
vn -0.432018 -0.122453 -0.893513
vn 0.099080 -0.380405 -0.919497
vn 0.948273 -0.017533 -0.316970
vn 0.187572 -0.283686 -0.940393
vn 0.693280 -0.639072 -0.333092
vn 0.124102 -0.484896 -0.865722
vn 0.124102 -0.484896 -0.865722
vn 0.897691 -0.300809 -0.321971
vn 0.985342 -0.019494 0.169471
vn 0.087632 0.950104 -0.299371
vn -0.281986 0.856036 -0.433228
vn -0.042292 0.888519 -0.456887
vn -0.296487 0.952639 -0.067641
vn -0.281986 0.856036 -0.433228
vn -0.198779 0.943437 -0.265356
vn 0.225641 -0.528524 -0.818382
vn -0.198779 0.943437 -0.265356
vn -0.041222 0.912432 -0.407147
vn -0.032236 0.988646 -0.146763
vn -0.041222 0.912432 -0.407147
vn -0.198779 0.943437 -0.265356
vn 0.392857 0.913760 0.103468
vn -0.266989 0.765502 -0.585426
vn -0.296487 0.952639 -0.067641
vn 0.392857 0.913760 0.103468
vn 0.246136 0.896928 -0.367339
vn 0.576563 0.797125 0.179351
vn 0.169320 -0.939903 -0.296503
vn 0.225965 -0.962244 0.151746
vn -0.661197 -0.569815 0.487985
vn 0.208878 -0.959029 0.191397
vn -0.817196 -0.127789 0.562015
vn -0.786013 -0.188125 0.588891
vn 0.616628 -0.493948 -0.613013
vn 0.667350 -0.463029 -0.583308
vn 0.769111 -0.455097 -0.448726
vn 0.545411 -0.712710 -0.441103
vn 0.667350 -0.463029 -0.583308
vn -0.291385 -0.924256 0.246670
vn 0.769111 -0.455097 -0.448726
vn -0.510661 -0.600952 0.614883
vn 0.208878 -0.959029 0.191397
vn -0.020322 -0.921790 0.387157
vn 0.501183 -0.864607 0.035636
vn 0.663710 -0.674496 -0.323334
vn 0.616628 -0.493948 -0.613013
vn -0.291385 -0.924256 0.246670
vn 0.667350 -0.463029 -0.583308
vn -0.781423 0.107967 0.614590
vn -0.291385 -0.924256 0.246670
vn -0.391648 -0.546073 0.740551
vn 0.907607 -0.287395 -0.306029
vn 0.597380 -0.801935 0.006089
vn 0.866790 0.011620 -0.498538
vn -0.291385 -0.924256 0.246670
vn 0.616628 -0.493948 -0.613013
vn -0.391648 -0.546073 0.740551
vn -0.632200 0.231064 0.739549
vn -0.672870 0.190569 0.714793
vn -0.567735 -0.311933 0.761824
vn -0.574624 0.491722 0.654230
vn -0.632200 0.231064 0.739549
vn -0.438935 -0.525313 0.728960
vn -0.044482 -0.863346 -0.502649
vn -0.108863 0.987305 -0.115666
vn -0.087842 0.762975 -0.640432
vn 0.176114 0.876910 -0.447228
vn -0.108863 0.987305 -0.115666
vn 0.143292 -0.106211 -0.983965
vn -0.267056 0.854002 -0.446500
vn -0.094907 0.995474 -0.005013
vn -0.186684 0.981882 -0.032512
vn -0.108863 0.987305 -0.115666
vn -0.094907 0.995474 -0.005013
vn -0.087842 0.762975 -0.640432
vn 0.176110 0.364695 -0.914321
vn 0.276862 0.809173 -0.518254
vn 0.027009 0.969380 -0.244076
vn 0.123363 0.634772 -0.762789
vn 0.276862 0.809173 -0.518254
vn 0.293085 -0.065218 -0.953859
vn 0.287017 -0.954132 0.085168
vn 0.068221 -0.949566 -0.306056
vn 0.225641 -0.528524 -0.818382
vn -0.238905 -0.753038 -0.613073
vn 0.068221 -0.949566 -0.306056
vn -0.043765 -0.999036 0.003346
vn -0.198779 0.943437 -0.265356
vn 0.033048 0.864639 -0.501306
vn -0.296487 0.952639 -0.067641
vn 0.392857 0.913760 0.103468
vn -0.296487 0.952639 -0.067641
vn 0.033048 0.864639 -0.501306
vn -0.246287 0.963612 0.103901
vn 0.063954 0.997936 0.005820
vn 0.088533 0.995893 0.018957
vn 0.087632 0.950104 -0.299371
vn 0.063954 0.997936 0.005820
vn -0.032236 0.988646 -0.146763
vn -0.198779 0.943437 -0.265356
vn 0.087632 0.950104 -0.299371
vn -0.032236 0.988646 -0.146763
vn 0.087632 0.950104 -0.299371
vn -0.042292 0.888519 -0.456887
vn 0.001983 0.993898 -0.110286
vn 0.020141 0.428992 -0.903084
vn -0.201048 0.972844 -0.114693
vn 0.609245 -0.130760 -0.782127
vn 0.063954 0.997936 0.005820
vn -0.201048 0.972844 -0.114693
vn -0.032236 0.988646 -0.146763
vn 0.004228 -0.996398 0.084693
vn -0.940623 -0.143490 0.307635
vn -0.518092 -0.847913 -0.112356
vn -0.913178 -0.051102 0.404344
vn -0.940623 -0.143490 0.307635
vn -0.931391 -0.108136 0.347587
vn -0.294396 -0.800371 0.522242
vn -0.469756 -0.588684 0.657860
vn -0.589664 0.695990 0.409749
vn 0.414149 -0.897519 -0.151462
vn -0.931391 -0.108136 0.347587
vn 0.004228 -0.996398 0.084693
vn -0.770340 -0.515896 0.374737
vn 0.410826 -0.871805 -0.266792
vn 0.151090 -0.945700 -0.287791
vn -0.770340 -0.515896 0.374737
vn -0.884895 -0.463445 -0.046687
vn -0.553842 -0.820030 -0.144253
vn -0.900234 -0.418179 0.121264
vn -0.643030 -0.764234 -0.049591
vn -0.723380 -0.687378 -0.065060
vn -0.884895 -0.463445 -0.046687
vn -0.770340 -0.515896 0.374737
vn 0.151090 -0.945700 -0.287791
vn 0.408081 -0.871168 -0.273013
vn 0.151090 -0.945700 -0.287791
vn 0.410826 -0.871805 -0.266792
vn 0.064413 -0.963913 -0.258307
vn -0.643030 -0.764234 -0.049591
vn 0.151090 -0.945700 -0.287791
vn -0.172050 -0.955929 0.237906
vn 0.272860 -0.914397 -0.299042
vn -0.152305 -0.882361 -0.445244
vn -0.586337 -0.729335 0.352533
vn -0.779653 -0.202712 0.592494
vn -0.485250 -0.750904 0.447968
vn 0.101052 -0.850386 -0.516364
vn -0.152305 -0.882361 -0.445244
vn 0.272860 -0.914397 -0.299042
vn 0.140667 -0.815253 -0.561761
vn 0.101052 -0.850386 -0.516364
vn -0.006756 -0.954080 -0.299476
vn -0.469180 -0.188070 -0.862844
vn -0.549501 -0.690302 -0.470672
vn -0.605688 -0.192259 -0.772126
vn 0.517419 -0.837636 -0.175050
vn -0.549501 -0.690302 -0.470672
vn -0.975512 0.015996 -0.219363
vn 0.691628 0.340126 0.637153
vn -0.372020 0.899787 -0.228000
vn 0.448175 0.753850 0.480468
vn -0.372020 0.899787 -0.228000
vn 0.691628 0.340126 0.637153
vn 0.696632 0.131014 0.705364
vn -0.432018 -0.122453 -0.893513
vn 0.448175 0.753850 0.480468
vn -0.504934 0.624022 -0.596354
vn -0.740233 0.430917 -0.516106
vn 0.004975 0.881964 -0.471290
vn 0.361783 0.637857 -0.679891
vn 0.948273 -0.017533 -0.316970
vn 0.448175 0.753850 0.480468
vn -0.432018 -0.122453 -0.893513
vn -0.252349 0.847839 -0.466357
vn 0.004975 0.881964 -0.471290
vn -0.662970 0.315873 -0.678745
vn -0.504934 0.624022 -0.596354
vn 0.448175 0.753850 0.480468
vn -0.740233 0.430917 -0.516106
vn -0.372020 0.899787 -0.228000
vn -0.740233 0.430917 -0.516106
vn 0.448175 0.753850 0.480468
vn 0.948273 -0.017533 -0.316970
vn 0.124102 -0.484896 -0.865722
vn 0.985342 -0.019494 0.169471
vn 0.949966 -0.196307 0.242955
vn 0.696632 0.131014 0.705364
vn 0.691628 0.340126 0.637153
vn -0.740233 0.430917 -0.516106
vn -0.372020 0.899787 -0.228000
vn -0.662970 0.315873 -0.678745
vn -0.114266 -0.271679 0.955580
vn -0.261720 0.062141 0.963141
vn 0.858445 -0.246889 0.449575
vn 0.517419 -0.837636 -0.175050
vn 0.693280 -0.639072 -0.333092
vn -0.549501 -0.690302 -0.470672
vn -0.702150 -0.147202 -0.696647
vn 0.517419 -0.837636 -0.175050
vn -0.975512 0.015996 -0.219363
vn 0.897691 -0.300809 -0.321971
vn 0.124102 -0.484896 -0.865722
vn 0.793433 -0.607147 -0.042867
vn 0.793433 -0.607147 -0.042867
vn 0.124102 -0.484896 -0.865722
vn 0.693280 -0.639072 -0.333092
vn 0.438891 -0.875140 -0.203725
vn 0.374022 -0.925344 -0.062011
vn 0.897691 -0.300809 -0.321971
vn 0.948273 -0.017533 -0.316970
vn 0.985342 -0.019494 0.169471
vn 0.887690 0.116127 0.445558
vn 0.550134 -0.753483 0.360023
vn 0.416907 -0.749025 0.514927
vn 0.328440 -0.712073 0.620547
vn 0.735803 -0.672309 0.081211
vn 0.949966 -0.196307 0.242955
vn 0.887690 0.116127 0.445558
vn 0.454062 -0.862190 -0.224626
vn 0.374022 -0.925344 -0.062011
vn 0.438891 -0.875140 -0.203725
vn 0.985342 -0.019494 0.169471
vn 0.374022 -0.925344 -0.062011
vn 0.735803 -0.672309 0.081211
vn -0.001894 -0.979627 0.200815
vn -0.628946 -0.373285 0.681972
vn -0.447847 -0.540036 0.712597
vn -0.510661 -0.600952 0.614883
vn -0.628946 -0.373285 0.681972
vn -0.661197 -0.569815 0.487985
vn -0.351036 -0.848044 0.396983
vn 0.225965 -0.962244 0.151746
vn 0.169320 -0.939903 -0.296503
vn -0.631648 -0.618650 0.467218
vn 0.225965 -0.962244 0.151746
vn 0.276657 -0.959730 -0.048774
vn 0.276657 -0.959730 -0.048774
vn 0.172983 -0.981884 0.077330
vn -0.631648 -0.618650 0.467218
vn -0.779653 -0.202712 0.592494
vn -0.664625 -0.573343 0.479115
vn -0.826485 0.379101 0.416179
vn 0.463539 -0.845863 -0.263907
vn -0.251483 -0.966224 0.056288
vn 0.101052 -0.850386 -0.516364
vn 0.866790 0.011620 -0.498538
vn 0.597380 -0.801935 0.006089
vn 0.616628 -0.493948 -0.613013
vn -0.911451 0.331204 0.244052
vn 0.656540 -0.740698 0.142554
vn 0.275239 -0.959189 -0.064813
vn -0.782501 -0.527172 0.331333
vn -0.467569 -0.858942 0.208801
vn 0.415859 -0.810582 -0.412333
vn 0.866790 0.011620 -0.498538
vn 0.616628 -0.493948 -0.613013
vn 0.769111 -0.455097 -0.448726
vn -0.782501 -0.527172 0.331333
vn -0.689424 -0.104523 0.716777
vn -0.790189 -0.302283 0.533129
vn -0.510661 -0.600952 0.614883
vn -0.661197 -0.569815 0.487985
vn -0.631648 -0.618650 0.467218
vn 0.908963 -0.210939 -0.359571
vn 0.208878 -0.959029 0.191397
vn -0.004510 -0.975071 0.221849
vn -0.672870 0.190569 0.714793
vn -0.291385 -0.924256 0.246670
vn -0.784415 0.051642 0.618082
vn -0.571583 0.097202 0.814767
vn -0.353103 -0.651717 0.671255
vn -0.632200 0.231064 0.739549
vn -0.437481 -0.877813 0.195077
vn -0.689424 -0.104523 0.716777
vn -0.782501 -0.527172 0.331333
vn -0.781423 0.107967 0.614590
vn -0.391648 -0.546073 0.740551
vn -0.689424 -0.104523 0.716777
vn -0.021703 -0.998602 0.048191
vn 0.480924 -0.747068 0.458913
vn 0.663710 -0.674496 -0.323334
vn -0.784415 0.051642 0.618082
vn -0.514226 -0.536167 0.669400
vn -0.567735 -0.311933 0.761824
vn -0.790189 -0.302283 0.533129
vn 0.907607 -0.287395 -0.306029
vn -0.354774 -0.934770 0.018432
vn -0.567735 -0.311933 0.761824
vn -0.514226 -0.536167 0.669400
vn 0.101333 -0.994362 0.031227
vn -0.790189 -0.302283 0.533129
vn -0.391648 -0.546073 0.740551
vn 0.597380 -0.801935 0.006089
vn 0.411464 -0.753638 -0.512570
vn -0.688824 -0.424959 0.587308
vn -0.437481 -0.877813 0.195077
vn 0.414149 -0.897519 -0.151462
vn -0.987169 0.146174 0.064273
vn -0.931391 -0.108136 0.347587
vn 0.626041 -0.061304 -0.777377
vn 0.415859 -0.810582 -0.412333
vn 0.779866 -0.567617 0.263855
vn -0.790189 -0.302283 0.533129
vn -0.689424 -0.104523 0.716777
vn -0.391648 -0.546073 0.740551
vn -0.966598 -0.144621 0.211595
vn -0.733727 -0.557600 0.388236
vn -0.782501 -0.527172 0.331333
vn 0.907607 -0.287395 -0.306029
vn -0.790189 -0.302283 0.533129
vn 0.597380 -0.801935 0.006089
vn -0.782501 -0.527172 0.331333
vn -0.790189 -0.302283 0.533129
vn -0.966598 -0.144621 0.211595
vn -0.948431 -0.093061 0.303014
vn -0.534512 -0.794210 0.289009
vn -0.860449 -0.130664 0.492498
vn 0.414149 -0.897519 -0.151462
vn 0.614846 -0.787034 0.050413
vn 0.238076 -0.971234 0.004910
vn -0.048098 -0.996394 0.069898
vn -0.571583 0.097202 0.814767
vn -0.620495 0.293447 0.727238
vn -0.353103 -0.651717 0.671255
vn -0.571583 0.097202 0.814767
vn 0.464685 -0.808268 -0.361622
vn -0.688824 -0.424959 0.587308
vn -0.784415 0.051642 0.618082
vn -0.781423 0.107967 0.614590
vn -0.438935 -0.525313 0.728960
vn -0.567735 -0.311933 0.761824
vn 0.071766 -0.814991 0.575013
vn 0.626041 -0.061304 -0.777377
vn -0.437481 -0.877813 0.195077
vn 0.415859 -0.810582 -0.412333
vn 0.779866 -0.567617 0.263855
vn 0.019723 -0.761183 0.648238
vn 0.687230 -0.474964 -0.549658
vn -0.437481 -0.877813 0.195077
vn -0.688824 -0.424959 0.587308
vn -0.689424 -0.104523 0.716777
vn -0.688824 -0.424959 0.587308
vn 0.231510 -0.970969 -0.060189
vn -0.514226 -0.536167 0.669400
vn 0.001709 -0.966217 0.257723
vn -0.438935 -0.525313 0.728960
vn 0.071766 -0.814991 0.575013
vn -0.438935 -0.525313 0.728960
vn -0.323933 -0.732272 0.599037
vn -0.574624 0.491722 0.654230
vn 0.687737 -0.199109 -0.698121
vn 0.731966 -0.212335 -0.647410
vn 0.640103 -0.129752 -0.757253
vn 0.731966 -0.212335 -0.647410
vn 0.071766 -0.814991 0.575013
vn 0.101333 -0.994362 0.031227
vn -0.384701 -0.702176 0.599128
vn -0.259471 0.963093 0.071598
vn -0.850204 0.108531 0.515145
vn -0.703505 -0.593558 0.390859
vn 0.240510 -0.966605 0.088489
vn 0.146304 -0.977878 -0.149497
vn 0.687737 -0.199109 -0.698121
vn 0.146304 -0.977878 -0.149497
vn 0.538299 -0.231213 -0.810417
vn 0.574835 -0.792242 -0.204740
vn 0.001709 -0.966217 0.257723
vn 0.611928 -0.334819 -0.716548
vn 0.640103 -0.129752 -0.757253
vn 0.101333 -0.994362 0.031227
vn 0.231510 -0.970969 -0.060189
vn 0.731966 -0.212335 -0.647410
vn 0.538299 -0.231213 -0.810417
vn 0.611928 -0.334819 -0.716548
vn 0.573016 -0.664451 -0.479746
vn 0.611928 -0.334819 -0.716548
vn 0.538299 -0.231213 -0.810417
vn 0.547594 -0.581129 -0.602021
vn 0.611928 -0.334819 -0.716548
vn 0.143950 -0.725800 -0.672676
vn -0.688824 -0.424959 0.587308
vn -0.514226 -0.536167 0.669400
vn -0.784415 0.051642 0.618082
vn 0.101333 -0.994362 0.031227
vn -0.514226 -0.536167 0.669400
vn 0.231510 -0.970969 -0.060189
vn -0.514489 0.050668 0.855999
vn -0.574624 0.491722 0.654230
vn -0.323933 -0.732272 0.599037
vn -0.571583 0.097202 0.814767
vn -0.574624 0.491722 0.654230
vn -0.620495 0.293447 0.727238
vn -0.294396 -0.800371 0.522242
vn -0.589664 0.695990 0.409749
vn -0.869413 -0.260619 0.419760
vn 0.414149 -0.897519 -0.151462
vn 0.004228 -0.996398 0.084693
vn 0.614846 -0.787034 0.050413
vn 0.262821 -0.962155 0.071989
vn 0.272860 -0.914397 -0.299042
vn -0.172050 -0.955929 0.237906
vn 0.272860 -0.914397 -0.299042
vn -0.006756 -0.954080 -0.299476
vn 0.101052 -0.850386 -0.516364
vn 0.140667 -0.815253 -0.561761
vn -0.006756 -0.954080 -0.299476
vn -0.913178 -0.051102 0.404344
vn 0.140667 -0.815253 -0.561761
vn 0.463539 -0.845863 -0.263907
vn 0.101052 -0.850386 -0.516364
vn 0.101052 -0.850386 -0.516364
vn -0.553842 -0.820030 -0.144253
vn -0.152305 -0.882361 -0.445244
vn -0.770340 -0.515896 0.374737
vn -0.553842 -0.820030 -0.144253
vn -0.586337 -0.729335 0.352533
vn -0.114266 -0.271679 0.955580
vn 0.831998 -0.116287 0.542455
vn 0.328440 -0.712073 0.620547
vn -0.261720 0.062141 0.963141
vn -0.114266 -0.271679 0.955580
vn -0.071426 -0.383090 0.920945
vn 0.793433 -0.607147 -0.042867
vn 0.688225 -0.682550 0.245911
vn 0.345399 -0.833380 0.431483
vn -0.702150 -0.147202 -0.696647
vn 0.688225 -0.682550 0.245911
vn 0.517419 -0.837636 -0.175050
vn -0.549501 -0.690302 -0.470672
vn 0.693280 -0.639072 -0.333092
vn 0.187572 -0.283686 -0.940393
vn 0.793433 -0.607147 -0.042867
vn 0.693280 -0.639072 -0.333092
vn 0.517419 -0.837636 -0.175050
vn 0.172983 -0.981884 0.077330
vn -0.197851 -0.932677 0.301609
vn 0.359333 -0.887109 0.289685
vn 0.350565 -0.927243 0.131623
vn 0.203951 -0.968581 0.142320
vn -0.033601 -0.863978 0.502407
vn -0.631648 -0.618650 0.467218
vn -0.661197 -0.569815 0.487985
vn 0.225965 -0.962244 0.151746
vn -0.817196 -0.127789 0.562015
vn -0.631648 -0.618650 0.467218
vn -0.593754 -0.498545 0.631592
vn -0.033601 -0.863978 0.502407
vn -0.786013 -0.188125 0.588891
vn -0.593754 -0.498545 0.631592
vn -0.510661 -0.600952 0.614883
vn -0.817196 -0.127789 0.562015
vn 0.208878 -0.959029 0.191397
vn -0.860449 -0.130664 0.492498
vn -0.759898 -0.446201 0.472716
vn -0.948431 -0.093061 0.303014
vn 0.866790 0.011620 -0.498538
vn 0.908963 -0.210939 -0.359571
vn 0.907607 -0.287395 -0.306029
vn 0.769111 -0.455097 -0.448726
vn 0.208878 -0.959029 0.191397
vn 0.866790 0.011620 -0.498538
vn 0.866790 0.011620 -0.498538
vn 0.208878 -0.959029 0.191397
vn 0.908963 -0.210939 -0.359571
vn -0.632200 0.231064 0.739549
vn -0.353103 -0.651717 0.671255
vn -0.672870 0.190569 0.714793
vn -0.291385 -0.924256 0.246670
vn -0.672870 0.190569 0.714793
vn -0.353103 -0.651717 0.671255
vn -0.759898 -0.446201 0.472716
vn -0.354774 -0.934770 0.018432
vn 0.870221 -0.473524 -0.135983
vn 0.907607 -0.287395 -0.306029
vn 0.908963 -0.210939 -0.359571
vn 0.870221 -0.473524 -0.135983
vn -0.004510 -0.975071 0.221849
vn 0.866058 -0.352047 -0.354974
vn 0.908963 -0.210939 -0.359571
vn 0.575609 -0.817577 0.015569
vn 0.656540 -0.740698 0.142554
vn 0.870221 -0.473524 -0.135983
vn -0.027931 0.979772 0.198160
vn -0.589664 0.695990 0.409749
vn -0.469756 -0.588684 0.657860
vn -0.869413 -0.260619 0.419760
vn -0.589664 0.695990 0.409749
vn -0.327394 0.919803 0.216279
vn -0.869413 -0.260619 0.419760
vn -0.715971 0.618227 0.324315
vn -0.760587 -0.599728 0.248665
vn 0.501183 -0.864607 0.035636
vn 0.662714 -0.734511 -0.145959
vn 0.697578 -0.712407 -0.076561
vn 0.004228 -0.996398 0.084693
vn -0.294396 -0.800371 0.522242
vn 0.614846 -0.787034 0.050413
vn -0.294396 -0.800371 0.522242
vn -0.869413 -0.260619 0.419760
vn 0.238076 -0.971234 0.004910
vn -0.760587 -0.599728 0.248665
vn -0.863539 -0.443645 0.239747
vn -0.363933 -0.912887 0.184904
vn -0.860449 -0.130664 0.492498
vn -0.020322 -0.921790 0.387157
vn -0.733727 -0.557600 0.388236
vn -0.911451 0.331204 0.244052
vn -0.931391 -0.108136 0.347587
vn -0.987169 0.146174 0.064273
vn -0.948431 -0.093061 0.303014
vn 0.656540 -0.740698 0.142554
vn -0.911451 0.331204 0.244052
vn 0.691628 0.340126 0.637153
vn 0.887690 0.116127 0.445558
vn 0.949966 -0.196307 0.242955
vn 0.791171 0.609165 0.054465
vn 0.858445 -0.246889 0.449575
vn -0.261720 0.062141 0.963141
vn 0.550134 -0.753483 0.360023
vn 0.949966 -0.196307 0.242955
vn 0.735803 -0.672309 0.081211
vn 0.858445 -0.246889 0.449575
vn 0.696632 0.131014 0.705364
vn 0.949966 -0.196307 0.242955
vn 0.948273 -0.017533 -0.316970
vn 0.887690 0.116127 0.445558
vn 0.691628 0.340126 0.637153
vn 0.735803 -0.672309 0.081211
vn 0.887690 0.116127 0.445558
vn 0.985342 -0.019494 0.169471
vn 0.550134 -0.753483 0.360023
vn 0.735803 -0.672309 0.081211
vn 0.302817 -0.931804 0.200108
vn 0.831998 -0.116287 0.542455
vn 0.550134 -0.753483 0.360023
vn 0.328440 -0.712073 0.620547
vn 0.328440 -0.712073 0.620547
vn -0.034516 -0.793329 0.607813
vn -0.114266 -0.271679 0.955580
vn 0.949966 -0.196307 0.242955
vn 0.831998 -0.116287 0.542455
vn 0.858445 -0.246889 0.449575
vn -0.071426 -0.383090 0.920945
vn -0.114266 -0.271679 0.955580
vn 0.361239 -0.606916 0.707926
vn 0.858445 -0.246889 0.449575
vn 0.831998 -0.116287 0.542455
vn -0.114266 -0.271679 0.955580
vn -0.285063 -0.957555 -0.042751
vn 0.146304 -0.977878 -0.149497
vn 0.318353 -0.832645 -0.453159
vn -0.261720 0.062141 0.963141
vn -0.608388 0.646389 0.460484
vn -0.070301 0.965833 -0.249448
vn -0.703505 -0.593558 0.390859
vn 0.313109 -0.522185 0.793275
vn 0.240510 -0.966605 0.088489
vn -0.071426 -0.383090 0.920945
vn -0.608388 0.646389 0.460484
vn -0.261720 0.062141 0.963141
vn -0.070301 0.965833 -0.249448
vn -0.608388 0.646389 0.460484
vn -0.480712 0.806528 0.344134
vn -0.152602 0.322300 -0.934256
vn -0.372020 0.899787 -0.228000
vn 0.791171 0.609165 0.054465
vn -0.646454 0.762939 0.004535
vn -0.456747 0.880039 -0.130051
vn -0.070301 0.965833 -0.249448
vn -0.252349 0.847839 -0.466357
vn -0.152602 0.322300 -0.934256
vn -0.456747 0.880039 -0.130051
vn -0.447535 0.820027 0.356746
vn -0.456747 0.880039 -0.130051
vn -0.646454 0.762939 0.004535
vn -0.152602 0.322300 -0.934256
vn -0.252349 0.847839 -0.466357
vn -0.662970 0.315873 -0.678745
vn -0.662970 0.315873 -0.678745
vn -0.372020 0.899787 -0.228000
vn -0.152602 0.322300 -0.934256
vn 0.791171 0.609165 0.054465
vn -0.372020 0.899787 -0.228000
vn 0.696632 0.131014 0.705364
vn 0.858445 -0.246889 0.449575
vn 0.791171 0.609165 0.054465
vn 0.696632 0.131014 0.705364
vn -0.261720 0.062141 0.963141
vn -0.152602 0.322300 -0.934256
vn 0.791171 0.609165 0.054465
vn 0.350565 -0.927243 0.131623
vn 0.359333 -0.887109 0.289685
vn -0.219939 -0.746959 0.627438
vn 0.172983 -0.981884 0.077330
vn 0.359333 -0.887109 0.289685
vn -0.593754 -0.498545 0.631592
vn 0.662714 -0.734511 -0.145959
vn -0.534512 -0.794210 0.289009
vn 0.414149 -0.897519 -0.151462
vn -0.911451 0.331204 0.244052
vn -0.987169 0.146174 0.064273
vn -0.948431 -0.093061 0.303014
vn 0.414149 -0.897519 -0.151462
vn 0.238076 -0.971234 0.004910
vn 0.662714 -0.734511 -0.145959
vn -0.363933 -0.912887 0.184904
vn 0.697578 -0.712407 -0.076561
vn -0.760587 -0.599728 0.248665
vn 0.656540 -0.740698 0.142554
vn -0.948431 -0.093061 0.303014
vn 0.870221 -0.473524 -0.135983
vn -0.911451 0.331204 0.244052
vn 0.275239 -0.959189 -0.064813
vn -0.913178 -0.051102 0.404344
vn 0.870221 -0.473524 -0.135983
vn 0.866058 -0.352047 -0.354974
vn 0.575609 -0.817577 0.015569
vn 0.275239 -0.959189 -0.064813
vn 0.656540 -0.740698 0.142554
vn 0.463539 -0.845863 -0.263907
vn 0.414149 -0.897519 -0.151462
vn -0.534512 -0.794210 0.289009
vn -0.987169 0.146174 0.064273
vn -0.860449 -0.130664 0.492498
vn -0.534512 -0.794210 0.289009
vn 0.501183 -0.864607 0.035636
vn -0.020322 -0.921790 0.387157
vn -0.860449 -0.130664 0.492498
vn 0.501183 -0.864607 0.035636
vn -0.860449 -0.130664 0.492498
vn -0.966598 -0.144621 0.211595
vn -0.759898 -0.446201 0.472716
vn -0.004510 -0.975071 0.221849
vn -0.786013 -0.188125 0.588891
vn -0.664625 -0.573343 0.479115
vn -0.251483 -0.966224 0.056288
vn 0.463539 -0.845863 -0.263907
vn 0.575609 -0.817577 0.015569
vn 0.656540 -0.740698 0.142554
vn 0.575609 -0.817577 0.015569
vn 0.463539 -0.845863 -0.263907
vn -0.664625 -0.573343 0.479115
vn -0.251483 -0.966224 0.056288
vn 0.575609 -0.817577 0.015569
vn -0.715971 0.618227 0.324315
vn -0.869413 -0.260619 0.419760
vn -0.327394 0.919803 0.216279
vn 0.238076 -0.971234 0.004910
vn -0.869413 -0.260619 0.419760
vn -0.760587 -0.599728 0.248665
vn 0.051922 0.998488 -0.018067
vn -0.715971 0.618227 0.324315
vn -0.327394 0.919803 0.216279
vn -0.715971 0.618227 0.324315
vn -0.024503 0.999685 -0.005501
vn -0.902092 -0.283003 0.325789
vn -0.363933 -0.912887 0.184904
vn -0.699542 0.063334 0.711779
vn -0.021703 -0.998602 0.048191
vn 0.447443 -0.814230 0.369898
vn -0.020322 -0.921790 0.387157
vn 0.663710 -0.674496 -0.323334
vn -0.913178 -0.051102 0.404344
vn -0.006756 -0.954080 -0.299476
vn -0.527959 -0.822267 0.212454
vn 0.463539 -0.845863 -0.263907
vn 0.140667 -0.815253 -0.561761
vn 0.275239 -0.959189 -0.064813
vn -0.911451 0.331204 0.244052
vn -0.913178 -0.051102 0.404344
vn -0.931391 -0.108136 0.347587
vn 0.140667 -0.815253 -0.561761
vn -0.913178 -0.051102 0.404344
vn 0.275239 -0.959189 -0.064813
vn 0.088004 -0.952209 0.292495
vn 0.350565 -0.927243 0.131623
vn -0.219939 -0.746959 0.627438
vn 0.350565 -0.927243 0.131623
vn 0.193431 -0.975099 -0.108475
vn 0.203951 -0.968581 0.142320
vn -0.180278 -0.547602 0.817088
vn 0.088004 -0.952209 0.292495
vn -0.219939 -0.746959 0.627438
vn 0.153664 -0.837009 -0.525170
vn 0.088004 -0.952209 0.292495
vn 0.044659 -0.969972 0.239080
vn -0.826485 0.379101 0.416179
vn 0.203951 -0.968581 0.142320
vn -0.779653 -0.202712 0.592494
vn -0.664625 -0.573343 0.479115
vn -0.786013 -0.188125 0.588891
vn -0.826485 0.379101 0.416179
vn -0.779653 -0.202712 0.592494
vn 0.203951 -0.968581 0.142320
vn 0.193431 -0.975099 -0.108475
vn -0.786013 -0.188125 0.588891
vn -0.033601 -0.863978 0.502407
vn -0.826485 0.379101 0.416179
vn -0.631648 -0.618650 0.467218
vn 0.172983 -0.981884 0.077330
vn -0.593754 -0.498545 0.631592
vn -0.197851 -0.932677 0.301609
vn 0.172983 -0.981884 0.077330
vn 0.276657 -0.959730 -0.048774
vn 0.697578 -0.712407 -0.076561
vn 0.662714 -0.734511 -0.145959
vn 0.238076 -0.971234 0.004910
vn -0.534512 -0.794210 0.289009
vn 0.662714 -0.734511 -0.145959
vn 0.501183 -0.864607 0.035636
vn -0.760587 -0.599728 0.248665
vn 0.697578 -0.712407 -0.076561
vn 0.238076 -0.971234 0.004910
vn -0.363933 -0.912887 0.184904
vn 0.663710 -0.674496 -0.323334
vn 0.697578 -0.712407 -0.076561
vn 0.501183 -0.864607 0.035636
vn 0.697578 -0.712407 -0.076561
vn 0.663710 -0.674496 -0.323334
vn -0.733727 -0.557600 0.388236
vn -0.020322 -0.921790 0.387157
vn -0.467569 -0.858942 0.208801
vn -0.021703 -0.998602 0.048191
vn 0.663710 -0.674496 -0.323334
vn -0.363933 -0.912887 0.184904
vn 0.447443 -0.814230 0.369898
vn -0.467569 -0.858942 0.208801
vn -0.020322 -0.921790 0.387157
vn -0.782501 -0.527172 0.331333
vn -0.733727 -0.557600 0.388236
vn -0.467569 -0.858942 0.208801
vn -0.966598 -0.144621 0.211595
vn -0.860449 -0.130664 0.492498
vn -0.733727 -0.557600 0.388236
vn -0.354774 -0.934770 0.018432
vn -0.759898 -0.446201 0.472716
vn -0.966598 -0.144621 0.211595
vn -0.948431 -0.093061 0.303014
vn -0.759898 -0.446201 0.472716
vn 0.870221 -0.473524 -0.135983
vn -0.779653 -0.202712 0.592494
vn -0.586337 -0.729335 0.352533
vn -0.251483 -0.966224 0.056288
vn 0.101052 -0.850386 -0.516364
vn -0.251483 -0.966224 0.056288
vn -0.586337 -0.729335 0.352533
vn 0.350565 -0.927243 0.131623
vn -0.033601 -0.863978 0.502407
vn 0.359333 -0.887109 0.289685
vn -0.826485 0.379101 0.416179
vn -0.033601 -0.863978 0.502407
vn 0.203951 -0.968581 0.142320
vn -0.843537 -0.196408 0.499869
vn -0.899771 -0.252023 0.356225
vn -0.684853 -0.533826 0.495991
vn -0.654212 -0.387624 0.649426
vn -0.405798 -0.170516 0.897916
vn -0.480993 -0.163650 0.861315
vn -0.790189 -0.302283 0.533129
vn -0.354774 -0.934770 0.018432
vn -0.966598 -0.144621 0.211595
vn 0.870221 -0.473524 -0.135983
vn -0.354774 -0.934770 0.018432
vn 0.907607 -0.287395 -0.306029
vn -0.363933 -0.912887 0.184904
vn -0.863539 -0.443645 0.239747
vn -0.699542 0.063334 0.711779
vn 0.480924 -0.747068 0.458913
vn -0.021703 -0.998602 0.048191
vn -0.384701 -0.702176 0.599128
vn -0.259471 0.963093 0.071598
vn -0.899771 -0.252023 0.356225
vn -0.843537 -0.196408 0.499869
vn -0.384701 -0.702176 0.599128
vn -0.021703 -0.998602 0.048191
vn -0.699542 0.063334 0.711779
vn 0.019723 -0.761183 0.648238
vn -0.384701 -0.702176 0.599128
vn -0.447977 -0.457156 0.768326
vn 0.415859 -0.810582 -0.412333
vn 0.447443 -0.814230 0.369898
vn 0.779866 -0.567617 0.263855
vn 0.663710 -0.674496 -0.323334
vn 0.480924 -0.747068 0.458913
vn 0.447443 -0.814230 0.369898
vn 0.779866 -0.567617 0.263855
vn 0.447443 -0.814230 0.369898
vn 0.480924 -0.747068 0.458913
vn -0.559468 0.722935 0.405414
vn -0.684853 -0.533826 0.495991
vn -0.128262 0.984595 0.118838
vn -0.128262 0.984595 0.118838
vn -0.684853 -0.533826 0.495991
vn -0.902092 -0.283003 0.325789
vn 0.214206 0.962209 -0.168137
vn -0.128262 0.984595 0.118838
vn 0.203583 0.957359 -0.204980
vn -0.024503 0.999685 -0.005501
vn 0.203583 0.957359 -0.204980
vn -0.128262 0.984595 0.118838
vn -0.740218 -0.505434 0.443412
vn -0.684853 -0.533826 0.495991
vn -0.559468 0.722935 0.405414
vn -0.902092 -0.283003 0.325789
vn -0.684853 -0.533826 0.495991
vn -0.899771 -0.252023 0.356225
vn -0.899771 -0.252023 0.356225
vn -0.863539 -0.443645 0.239747
vn -0.902092 -0.283003 0.325789
vn -0.715971 0.618227 0.324315
vn -0.902092 -0.283003 0.325789
vn -0.760587 -0.599728 0.248665
vn -0.475071 0.813292 0.335952
vn -0.740218 -0.505434 0.443412
vn -0.559468 0.722935 0.405414
vn -0.740218 -0.505434 0.443412
vn -0.654212 -0.387624 0.649426
vn -0.843537 -0.196408 0.499869
vn -0.480993 -0.163650 0.861315
vn -0.435060 0.780056 0.449706
vn -0.654212 -0.387624 0.649426
vn -0.699542 0.063334 0.711779
vn -0.259471 0.963093 0.071598
vn -0.384701 -0.702176 0.599128
vn -0.863539 -0.443645 0.239747
vn -0.899771 -0.252023 0.356225
vn -0.699542 0.063334 0.711779
vn -0.760587 -0.599728 0.248665
vn -0.902092 -0.283003 0.325789
vn -0.863539 -0.443645 0.239747
vn -0.698583 0.542105 0.467015
vn -0.069737 0.934513 0.349030
vn 0.172222 0.050460 0.983765
vn -0.843537 -0.196408 0.499869
vn 0.088666 0.928828 -0.359745
vn -0.259471 0.963093 0.071598
vn -0.899771 -0.252023 0.356225
vn -0.259471 0.963093 0.071598
vn -0.699542 0.063334 0.711779
vn -0.654212 -0.387624 0.649426
vn -0.435060 0.780056 0.449706
vn -0.843537 -0.196408 0.499869
vn 0.088666 0.928828 -0.359745
vn -0.568448 0.821074 -0.052003
vn -0.698583 0.542105 0.467015
vn -0.259471 0.963093 0.071598
vn 0.088666 0.928828 -0.359745
vn -0.850204 0.108531 0.515145
vn -0.568448 0.821074 -0.052003
vn 0.088666 0.928828 -0.359745
vn -0.435060 0.780056 0.449706
vn -0.843537 -0.196408 0.499869
vn -0.435060 0.780056 0.449706
vn 0.088666 0.928828 -0.359745
vn -0.480993 -0.163650 0.861315
vn -0.720631 -0.233897 0.652673
vn -0.678741 -0.482717 0.553439
vn -0.568448 0.821074 -0.052003
vn -0.435060 0.780056 0.449706
vn -0.480993 -0.163650 0.861315
vn -0.568448 0.821074 -0.052003
vn -0.891643 0.294684 0.343707
vn -0.069737 0.934513 0.349030
vn -0.179778 -0.886840 0.425670
vn -0.204170 -0.083759 0.975346
vn -0.477290 -0.731277 0.487266
vn -0.720631 -0.233897 0.652673
vn -0.462750 -0.214509 0.860144
vn -0.678741 -0.482717 0.553439
vn -0.315457 0.361915 0.877214
vn -0.678741 -0.482717 0.553439
vn -0.462750 -0.214509 0.860144
vn 0.527535 0.678765 -0.510866
vn -0.696613 0.490896 0.523213
vn 0.191500 0.905766 -0.378042
vn -0.568448 0.821074 -0.052003
vn -0.480993 -0.163650 0.861315
vn -0.891643 0.294684 0.343707
vn 0.527535 0.678765 -0.510866
vn -0.891643 0.294684 0.343707
vn -0.696613 0.490896 0.523213
vn 0.527535 0.678765 -0.510866
vn 0.392688 0.425024 -0.815568
vn 0.675022 0.472577 -0.566583
vn 0.320278 0.605278 -0.728739
vn -0.480712 0.806528 0.344134
vn 0.642580 0.756604 0.121004
vn 0.527535 0.678765 -0.510866
vn -0.069737 0.934513 0.349030
vn -0.891643 0.294684 0.343707
vn -0.069737 0.934513 0.349030
vn -0.698583 0.542105 0.467015
vn -0.568448 0.821074 -0.052003
vn -0.698583 0.542105 0.467015
vn 0.172222 0.050460 0.983765
vn -0.447977 -0.457156 0.768326
vn -0.605710 -0.421902 0.674622
vn -0.147476 0.073312 0.986345
vn -0.071426 -0.383090 0.920945
vn 0.675022 0.472577 -0.566583
vn 0.768922 0.635654 0.068573
vn 0.527535 0.678765 -0.510866
vn 0.326522 -0.756075 0.567216
vn 0.687230 -0.474964 -0.549658
vn 0.019723 -0.761183 0.648238
vn 0.019723 -0.761183 0.648238
vn 0.480924 -0.747068 0.458913
vn -0.384701 -0.702176 0.599128
vn 0.326522 -0.756075 0.567216
vn -0.447977 -0.457156 0.768326
vn 0.172222 0.050460 0.983765
vn 0.326522 -0.756075 0.567216
vn 0.019723 -0.761183 0.648238
vn -0.447977 -0.457156 0.768326
vn 0.392688 0.425024 -0.815568
vn 0.110565 0.423532 -0.899108
vn 0.320278 0.605278 -0.728739
vn -0.674710 0.089430 0.732645
vn 0.768922 0.635654 0.068573
vn 0.642580 0.756604 0.121004
vn -0.698583 0.542105 0.467015
vn -0.850204 0.108531 0.515145
vn 0.088666 0.928828 -0.359745
vn -0.384701 -0.702176 0.599128
vn -0.850204 0.108531 0.515145
vn -0.447977 -0.457156 0.768326
vn 0.640103 -0.129752 -0.757253
vn 0.687230 -0.474964 -0.549658
vn 0.318353 -0.832645 -0.453159
vn 0.231510 -0.970969 -0.060189
vn -0.688824 -0.424959 0.587308
vn 0.411464 -0.753638 -0.512570
vn -0.179778 -0.886840 0.425670
vn 0.326522 -0.756075 0.567216
vn 0.172222 0.050460 0.983765
vn 0.318353 -0.832645 -0.453159
vn 0.687230 -0.474964 -0.549658
vn 0.326522 -0.756075 0.567216
vn 0.687737 -0.199109 -0.698121
vn 0.640103 -0.129752 -0.757253
vn 0.318353 -0.832645 -0.453159
vn 0.101333 -0.994362 0.031227
vn 0.640103 -0.129752 -0.757253
vn 0.731966 -0.212335 -0.647410
vn 0.779866 -0.567617 0.263855
vn 0.687230 -0.474964 -0.549658
vn 0.626041 -0.061304 -0.777377
vn 0.626041 -0.061304 -0.777377
vn 0.687230 -0.474964 -0.549658
vn 0.640103 -0.129752 -0.757253
vn -0.782501 -0.527172 0.331333
vn 0.415859 -0.810582 -0.412333
vn -0.437481 -0.877813 0.195077
vn 0.415859 -0.810582 -0.412333
vn -0.467569 -0.858942 0.208801
vn 0.447443 -0.814230 0.369898
vn -0.437481 -0.877813 0.195077
vn 0.626041 -0.061304 -0.777377
vn 0.411464 -0.753638 -0.512570
vn 0.640103 -0.129752 -0.757253
vn 0.411464 -0.753638 -0.512570
vn 0.626041 -0.061304 -0.777377
vn 0.687737 -0.199109 -0.698121
vn 0.318353 -0.832645 -0.453159
vn 0.146304 -0.977878 -0.149497
vn 0.731966 -0.212335 -0.647410
vn 0.687737 -0.199109 -0.698121
vn 0.538299 -0.231213 -0.810417
vn 0.318353 -0.832645 -0.453159
vn -0.179778 -0.886840 0.425670
vn -0.285063 -0.957555 -0.042751
vn -0.674710 0.089430 0.732645
vn -0.703505 -0.593558 0.390859
vn -0.477290 -0.731277 0.487266
vn 0.240510 -0.966605 0.088489
vn 0.143950 -0.725800 -0.672676
vn 0.573016 -0.664451 -0.479746
vn 0.611928 -0.334819 -0.716548
vn 0.573016 -0.664451 -0.479746
vn 0.143950 -0.725800 -0.672676
vn -0.204170 -0.083759 0.975346
vn 0.172222 0.050460 0.983765
vn -0.069737 0.934513 0.349030
vn -0.480712 0.806528 0.344134
vn -0.147476 0.073312 0.986345
vn 0.642580 0.756604 0.121004
vn 0.313109 -0.522185 0.793275
vn -0.071426 -0.383090 0.920945
vn 0.361239 -0.606916 0.707926
vn -0.703505 -0.593558 0.390859
vn -0.674710 0.089430 0.732645
vn -0.605710 -0.421902 0.674622
vn -0.179778 -0.886840 0.425670
vn 0.318353 -0.832645 -0.453159
vn 0.326522 -0.756075 0.567216
vn -0.703505 -0.593558 0.390859
vn -0.285063 -0.957555 -0.042751
vn -0.477290 -0.731277 0.487266
vn -0.204170 -0.083759 0.975346
vn -0.179778 -0.886840 0.425670
vn 0.172222 0.050460 0.983765
vn -0.285063 -0.957555 -0.042751
vn -0.179778 -0.886840 0.425670
vn -0.477290 -0.731277 0.487266
vn -0.703505 -0.593558 0.390859
vn 0.146304 -0.977878 -0.149497
vn -0.285063 -0.957555 -0.042751
vn 0.313109 -0.522185 0.793275
vn -0.703505 -0.593558 0.390859
vn -0.605710 -0.421902 0.674622
vn -0.071426 -0.383090 0.920945
vn 0.313109 -0.522185 0.793275
vn -0.605710 -0.421902 0.674622
vn 0.240510 -0.966605 0.088489
vn 0.313109 -0.522185 0.793275
vn 0.361239 -0.606916 0.707926
vn 0.380448 -0.907821 0.176408
vn 0.036751 -0.956692 -0.288774
vn 0.007131 -0.959930 -0.280151
vn -0.041855 -0.931133 -0.362270
vn -0.147219 -0.905782 -0.397349
vn 0.036751 -0.956692 -0.288774
vn 0.289664 -0.917457 0.272705
vn 0.036751 -0.956692 -0.288774
vn 0.380448 -0.907821 0.176408
vn -0.147219 -0.905782 -0.397349
vn -0.041855 -0.931133 -0.362270
vn -0.158042 -0.868975 -0.468940
vn -0.147219 -0.905782 -0.397349
vn -0.158042 -0.868975 -0.468940
vn -0.081406 -0.943616 -0.320876
vn -0.175246 -0.913263 -0.367749
vn 0.007131 -0.959930 -0.280151
vn -0.147219 -0.905782 -0.397349
vn 0.590843 0.781075 0.202056
vn 0.080545 0.598956 -0.796721
vn 0.137558 0.780413 -0.609945
vn 0.191500 0.905766 -0.378042
vn 0.230887 0.844758 -0.482778
vn 0.392688 0.425024 -0.815568
vn 0.392688 0.425024 -0.815568
vn 0.230887 0.844758 -0.482778
vn 0.110565 0.423532 -0.899108
vn 0.230887 0.844758 -0.482778
vn 0.137558 0.780413 -0.609945
vn 0.080545 0.598956 -0.796721
vn -0.646454 0.762939 0.004535
vn 0.080545 0.598956 -0.796721
vn -0.447535 0.820027 0.356746
vn 0.230887 0.844758 -0.482778
vn 0.080545 0.598956 -0.796721
vn 0.110565 0.423532 -0.899108
vn 0.591927 -0.035475 -0.805210
vn -0.353367 -0.144353 -0.924280
vn 0.475192 -0.572873 -0.667839
vn -0.348435 0.019855 -0.937123
vn -0.244256 -0.543236 -0.803264
vn 0.183514 0.683204 -0.706792
vn 0.153026 0.430533 -0.889508
vn 0.268761 0.711055 -0.649745
vn -0.110902 0.610373 -0.784312
vn -0.238905 -0.753038 -0.613073
vn -0.348435 0.019855 -0.937123
vn 0.155012 0.894909 -0.418461
vn -0.253640 -0.963927 -0.080699
vn -0.348435 0.019855 -0.937123
vn -0.238905 -0.753038 -0.613073
vn -0.244256 -0.543236 -0.803264
vn -0.110902 0.610373 -0.784312
vn 0.183514 0.683204 -0.706792
vn 0.308276 0.302747 0.901837
vn 0.268761 0.711055 -0.649745
vn 0.693837 0.658664 -0.291122
vn -0.348435 0.019855 -0.937123
vn 0.183514 0.683204 -0.706792
vn 0.246136 0.896928 -0.367339
vn 0.272510 0.503137 0.820117
vn 0.308276 0.302747 0.901837
vn 0.089924 0.293372 0.951760
vn 0.089924 0.293372 0.951760
vn 0.519760 0.829649 0.203796
vn 0.272510 0.503137 0.820117
vn 0.100239 0.989590 -0.103269
vn 0.343824 0.730908 0.589541
vn 0.023193 0.859770 -0.510154
vn 0.343824 0.730908 0.589541
vn 0.576563 0.797125 0.179351
vn 0.308276 0.302747 0.901837
vn 0.183514 0.683204 -0.706792
vn 0.268761 0.711055 -0.649745
vn 0.576563 0.797125 0.179351
vn 0.268761 0.711055 -0.649745
vn 0.183514 0.683204 -0.706792
vn -0.110902 0.610373 -0.784312
vn 0.451087 0.839707 -0.302347
vn 0.272510 0.503137 0.820117
vn 0.519760 0.829649 0.203796
vn 0.308276 0.302747 0.901837
vn 0.272510 0.503137 0.820117
vn 0.343824 0.730908 0.589541
vn -0.244256 -0.543236 -0.803264
vn -0.353367 -0.144353 -0.924280
vn -0.110902 0.610373 -0.784312
vn -0.110902 0.610373 -0.784312
vn -0.353367 -0.144353 -0.924280
vn 0.591927 -0.035475 -0.805210
vn -0.348435 0.019855 -0.937123
vn 0.246136 0.896928 -0.367339
vn 0.155012 0.894909 -0.418461
vn 0.183514 0.683204 -0.706792
vn 0.576563 0.797125 0.179351
vn 0.246136 0.896928 -0.367339
vn 0.153026 0.430533 -0.889508
vn 0.749730 -0.156879 -0.642880
vn 0.693837 0.658664 -0.291122
vn 0.576563 0.797125 0.179351
vn 0.268761 0.711055 -0.649745
vn 0.308276 0.302747 0.901837
vn 0.308276 0.302747 0.901837
vn 0.693837 0.658664 -0.291122
vn 0.089924 0.293372 0.951760
vn 0.153026 0.430533 -0.889508
vn 0.693837 0.658664 -0.291122
vn 0.268761 0.711055 -0.649745
vn 0.054002 -0.240326 -0.969189
vn -0.249381 0.190252 -0.949533
vn -0.551938 0.002006 -0.833883
vn -0.291179 0.955197 0.053043
vn -0.249381 0.190252 -0.949533
vn 0.293861 0.677130 -0.674641
vn -0.504934 0.624022 -0.596354
vn 0.054002 -0.240326 -0.969189
vn -0.551938 0.002006 -0.833883
vn 0.293861 0.677130 -0.674641
vn 0.054002 -0.240326 -0.969189
vn 0.361783 0.637857 -0.679891
vn 0.382818 0.575925 0.722330
vn -0.291179 0.955197 0.053043
vn 0.137650 0.900569 0.412345
vn -0.249381 0.190252 -0.949533
vn -0.291179 0.955197 0.053043
vn 0.145478 0.989325 0.008467
vn 0.222999 -0.961739 0.159153
vn -0.017708 -0.996720 0.078963
vn -0.079038 -0.968666 -0.235455
vn 0.136609 -0.989064 0.055597
vn -0.017708 -0.996720 0.078963
vn 0.292033 -0.932014 0.214631
vn 0.547594 -0.581129 -0.602021
vn 0.341802 -0.907422 -0.244451
vn -0.009882 -0.373373 -0.927629
vn 0.611928 -0.334819 -0.716548
vn 0.547594 -0.581129 -0.602021
vn 0.574835 -0.792242 -0.204740
vn -0.975512 0.015996 -0.219363
vn -0.598670 -0.277670 -0.751328
vn -0.922047 0.360448 -0.141089
vn -0.702150 -0.147202 -0.696647
vn -0.639128 0.547814 -0.539829
vn -0.382082 0.487528 -0.785066
vn 0.550134 -0.753483 0.360023
vn 0.302817 -0.931804 0.200108
vn 0.416907 -0.749025 0.514927
vn 0.374022 -0.925344 -0.062011
vn 0.302817 -0.931804 0.200108
vn 0.735803 -0.672309 0.081211
vn 0.908963 -0.210939 -0.359571
vn 0.866058 -0.352047 -0.354974
vn 0.870221 -0.473524 -0.135983
vn -0.004510 -0.975071 0.221849
vn 0.575609 -0.817577 0.015569
vn 0.866058 -0.352047 -0.354974
vn -0.251483 -0.966224 0.056288
vn -0.664625 -0.573343 0.479115
vn -0.779653 -0.202712 0.592494
vn -0.004510 -0.975071 0.221849
vn -0.664625 -0.573343 0.479115
vn 0.575609 -0.817577 0.015569
vn 0.208878 -0.959029 0.191397
vn -0.786013 -0.188125 0.588891
vn -0.004510 -0.975071 0.221849
vn -0.593754 -0.498545 0.631592
vn -0.786013 -0.188125 0.588891
vn -0.817196 -0.127789 0.562015
vn -0.070301 0.965833 -0.249448
vn -0.480712 0.806528 0.344134
vn -0.646454 0.762939 0.004535
vn -0.147476 0.073312 0.986345
vn -0.480712 0.806528 0.344134
vn -0.608388 0.646389 0.460484
vn 0.768922 0.635654 0.068573
vn -0.204170 -0.083759 0.975346
vn -0.069737 0.934513 0.349030
vn 0.642580 0.756604 0.121004
vn -0.147476 0.073312 0.986345
vn -0.674710 0.089430 0.732645
vn 0.527535 0.678765 -0.510866
vn 0.768922 0.635654 0.068573
vn -0.069737 0.934513 0.349030
vn 0.642580 0.756604 0.121004
vn 0.768922 0.635654 0.068573
vn 0.675022 0.472577 -0.566583
vn -0.477290 -0.731277 0.487266
vn -0.204170 -0.083759 0.975346
vn -0.674710 0.089430 0.732645
vn -0.674710 0.089430 0.732645
vn -0.204170 -0.083759 0.975346
vn 0.768922 0.635654 0.068573
vn -0.071426 -0.383090 0.920945
vn -0.147476 0.073312 0.986345
vn -0.608388 0.646389 0.460484
vn -0.674710 0.089430 0.732645
vn -0.147476 0.073312 0.986345
vn -0.605710 -0.421902 0.674622
vn -0.748217 -0.130930 -0.650406
vn 0.117683 -0.962734 -0.243502
vn -0.454098 -0.258773 -0.852544
vn 0.475192 -0.572873 -0.667839
vn -0.598670 -0.277670 -0.751328
vn 0.604064 -0.299686 -0.738441
vn -0.639128 0.547814 -0.539829
vn -0.702150 -0.147202 -0.696647
vn -0.922047 0.360448 -0.141089
vn 0.117683 -0.962734 -0.243502
vn -0.748217 -0.130930 -0.650406
vn 0.032581 -0.550541 -0.834172
vn -0.748217 -0.130930 -0.650406
vn -0.639128 0.547814 -0.539829
vn -0.922047 0.360448 -0.141089
vn -0.469180 -0.188070 -0.862844
vn -0.598670 -0.277670 -0.751328
vn -0.975512 0.015996 -0.219363
vn 0.591927 -0.035475 -0.805210
vn 0.475192 -0.572873 -0.667839
vn 0.604064 -0.299686 -0.738441
vn 0.475192 -0.572873 -0.667839
vn -0.353367 -0.144353 -0.924280
vn -0.137361 -0.238855 -0.961291
vn -0.975512 0.015996 -0.219363
vn -0.922047 0.360448 -0.141089
vn -0.702150 -0.147202 -0.696647
vn -0.748217 -0.130930 -0.650406
vn -0.922047 0.360448 -0.141089
vn -0.598670 -0.277670 -0.751328
vn -0.244256 -0.543236 -0.803264
vn -0.137361 -0.238855 -0.961291
vn -0.353367 -0.144353 -0.924280
vn -0.157214 -0.515879 -0.842112
vn 0.032581 -0.550541 -0.834172
vn -0.137361 -0.238855 -0.961291
vn 0.749730 -0.156879 -0.642880
vn 0.591927 -0.035475 -0.805210
vn 0.604064 -0.299686 -0.738441
vn -0.110902 0.610373 -0.784312
vn 0.591927 -0.035475 -0.805210
vn 0.153026 0.430533 -0.889508
vn 0.392688 0.425024 -0.815568
vn 0.320278 0.605278 -0.728739
vn 0.675022 0.472577 -0.566583
vn -0.646454 0.762939 0.004535
vn 0.320278 0.605278 -0.728739
vn 0.110565 0.423532 -0.899108
vn -0.315338 0.404361 0.858518
vn 0.162628 0.971760 -0.170980
vn 0.175134 0.955899 -0.235767
vn 0.582756 0.699631 0.413415
vn 0.154971 0.892874 0.422800
vn 0.119889 0.926839 0.355804
vn 0.092188 -0.772917 -0.627774
vn -0.131714 -0.978639 0.157851
vn 0.100142 -0.909466 -0.403538
vn 0.334235 0.832034 -0.442725
vn 0.191459 0.917973 -0.347374
vn -0.001896 0.990796 -0.135354
vn 0.889128 -0.300730 0.344982
vn 0.672224 0.436434 0.598030
vn 0.582756 0.699631 0.413415
vn 0.020634 -0.783444 -0.621119
vn 0.106184 0.047782 -0.993198
vn -0.072024 0.995519 0.061273
vn 0.218744 0.844942 -0.488083
vn 0.090308 0.962853 -0.254479
vn 0.146964 0.922626 -0.356599
vn -0.023989 -0.391689 0.919785
vn 0.192159 0.049615 0.980109
vn 0.118635 0.379629 0.917501
vn -0.050311 0.963558 0.262727
vn 0.204205 0.978903 0.007014
vn 0.496567 0.762849 -0.414105
vn -0.315338 0.404361 0.858518
vn -0.355601 -0.315513 0.879772
vn -0.295551 -0.355524 0.886709
vn 0.598740 -0.013320 0.800832
vn 0.710578 0.190147 0.677439
vn 0.753985 0.253321 0.606081
vn -0.092992 -0.990014 0.105951
vn -0.109544 -0.947889 0.299176
vn -0.073625 0.949615 -0.304648
vn -0.614330 0.786040 -0.068842
vn -0.673335 0.653352 -0.346050
vn -0.541980 0.823393 0.168172
vn -0.455569 0.207104 -0.865774
vn -0.550020 0.552772 -0.626036
vn -0.471193 0.528654 -0.706047
vn -0.641485 0.578223 0.504137
vn 0.370701 0.896159 -0.243883
vn -0.376442 -0.256552 0.890209
vn -0.563002 0.512663 0.648232
vn 0.025853 0.905240 0.424114
vn 0.374185 0.871399 0.317253
vn -0.623822 0.721786 -0.299784
vn -0.654524 0.755872 0.016009
vn -0.271880 0.603463 0.749609
vn -0.072024 0.995519 0.061273
vn -0.103216 0.980949 -0.164578
vn 0.175995 0.586808 -0.790369
vn -0.682226 0.563097 0.466358
vn -0.609632 0.752864 0.248081
vn -0.574160 0.812177 -0.103484
vn -0.274361 -0.959239 0.067722
vn -0.027096 0.997575 -0.064106
vn 0.020647 0.986144 0.164604
vn -0.072024 0.995519 0.061273
vn -0.036344 0.997964 -0.052421
vn 0.097007 0.694507 -0.712916
vn -0.288145 0.873418 0.392573
vn -0.216436 0.947966 0.233488
vn -0.576860 0.816728 -0.013725
vn -0.408390 -0.194409 0.891865
vn -0.376442 -0.256552 0.890209
vn -0.228721 0.235935 0.944469
vn -0.315338 0.404361 0.858518
vn -0.295551 -0.355524 0.886709
vn -0.228721 0.235935 0.944469
vn -0.041611 0.991899 -0.120024
vn -0.127397 -0.223886 0.966253
vn -0.062015 0.517313 0.853547
vn -0.176708 -0.981177 0.077881
vn -0.080696 -0.996739 -0.000282
vn -0.301509 -0.925299 0.230029
vn 0.627511 0.650147 0.428414
vn 0.598740 -0.013320 0.800832
vn 0.491975 -0.441222 0.750522
vn -0.041611 0.991899 -0.120024
vn -0.062015 0.517313 0.853547
vn 0.041577 0.994783 -0.093160
vn 0.127998 0.878378 0.460509
vn 0.236475 0.940810 0.242810
vn -0.064716 0.973881 0.217640
vn -0.123650 0.974934 -0.184970
vn 0.414939 -0.472788 -0.777365
vn 0.115407 0.506147 -0.854691
vn -0.140384 -0.942128 -0.304447
vn -0.269663 -0.860080 0.433064
vn -0.214217 -0.974514 -0.066583
vn 0.083672 -0.537124 0.839343
vn -0.062015 0.517313 0.853547
vn -0.080954 -0.996550 0.018293
vn 0.388805 0.919181 -0.062743
vn 0.044998 0.974444 -0.220078
vn 0.520942 0.852466 -0.043832
vn 0.403066 0.847084 0.346392
vn 0.298622 0.441741 0.845984
vn 0.816787 0.543942 0.192317
vn 0.270910 0.133447 0.953310
vn 0.234129 0.395607 0.888076
vn -0.134975 -0.673874 0.726413
vn 0.270181 -0.955012 0.122290
vn 0.399482 -0.894727 0.199693
vn 0.801852 -0.582490 0.133186
vn -0.278975 -0.959520 -0.038671
vn -0.073625 0.949615 -0.304648
vn -0.131725 -0.901667 0.411880
vn 0.218744 0.844942 -0.488083
vn 0.155106 0.953271 -0.259260
vn -0.021825 0.958616 0.283866
vn -0.062015 0.517313 0.853547
vn -0.127397 -0.223886 0.966253
vn -0.080954 -0.996550 0.018293
vn 0.469418 0.079711 0.879371
vn 0.229564 0.625415 0.745759
vn -0.216436 0.947966 0.233488
vn 0.137856 0.980868 0.137451
vn -0.109231 -0.815182 0.568812
vn 0.234129 0.395607 0.888076
vn -0.235163 -0.954354 0.184136
vn -0.176708 -0.981177 0.077881
vn -0.301509 -0.925299 0.230029
vn -0.285608 -0.795763 0.534031
vn -0.109231 -0.815182 0.568812
vn -0.195422 -0.808320 0.555364
vn -0.024124 -0.999021 0.037084
vn 0.104820 -0.987982 0.113600
vn -0.131714 -0.978639 0.157851
vn 0.952528 -0.020711 -0.303746
vn 0.901161 0.265873 -0.342375
vn 0.154540 -0.571573 -0.805867
vn -0.134975 -0.673874 0.726413
vn -0.109231 -0.815182 0.568812
vn -0.167864 -0.258397 0.951343
vn 0.155106 0.953271 -0.259260
vn -0.470164 0.619577 0.628546
vn -0.456916 -0.060022 0.887482
vn 0.189478 -0.415077 -0.889837
vn 0.015061 0.493977 -0.869345
vn 0.209426 0.822339 -0.529055
vn -0.159234 0.932966 0.322831
vn -0.112703 0.786423 0.607319
vn 0.060060 0.438545 0.896700
vn -0.108324 0.974634 0.195841
vn -0.654524 0.755872 0.016009
vn -0.227172 0.860578 0.455849
vn 0.354125 0.935000 0.019245
vn 0.294508 0.950073 -0.103088
vn 0.074835 0.984910 -0.156052
vn 0.157137 0.909275 0.385393
vn -0.808468 -0.469635 0.354715
vn -0.191536 0.569982 0.799021
vn 0.074003 0.982236 0.172444
vn 0.484346 0.740517 0.465878
vn -0.155133 0.953915 -0.256865
vn -0.710890 -0.641941 0.287311
vn -0.695312 0.344379 0.630828
vn -0.157993 -0.984781 0.072420
vn -0.017106 0.943521 0.330870
vn -0.249297 0.957861 0.142665
vn -0.214000 0.790851 0.573375
vn 0.999356 -0.001476 0.035865
vn 0.803386 -0.587805 -0.095160
vn 0.832886 0.536931 -0.134191
vn 0.645928 0.023281 -0.763043
vn 0.277394 0.906189 -0.319177
vn 0.135437 -0.936625 -0.323096
vn 0.497570 0.733400 -0.463194
vn 0.240126 0.938199 -0.249244
vn 0.294508 0.950073 -0.103088
vn 0.849440 0.515283 0.113732
vn 0.326892 0.891930 -0.312414
vn 0.417530 0.906382 -0.064348
vn 0.171048 -0.671539 -0.720956
vn 0.107655 -0.802443 -0.586937
vn -0.104869 -0.990130 -0.092983
vn -0.968158 0.248805 -0.027678
vn -0.693831 0.695822 -0.185552
vn -0.965725 0.253279 0.056784
vn 0.024697 -0.964516 0.262866
vn -0.084535 -0.960685 0.264457
vn 0.025309 -0.973429 0.227588
vn -0.833447 0.552250 -0.019634
vn -0.968158 0.248805 -0.027678
vn -0.777496 0.620858 -0.100174
vn -0.027282 0.997092 -0.071158
vn -0.177906 -0.977829 0.110451
vn -0.130609 -0.986229 0.101458
vn 0.294508 0.950073 -0.103088
vn 0.215094 0.969088 -0.120840
vn -0.011447 0.991066 -0.132881
vn -0.968158 0.248805 -0.027678
vn -0.749123 0.657626 0.079639
vn -0.693831 0.695822 -0.185552
vn -0.187066 -0.974840 0.121215
vn -0.026497 -0.996493 -0.079366
vn -0.080154 -0.996391 0.027925
vn -0.106790 0.946606 -0.304193
vn 0.534914 0.762369 -0.364225
vn 0.461539 0.081482 -0.883370
vn -0.244709 0.850975 -0.464713
vn -0.330279 0.935162 -0.128014
vn 0.073315 0.992343 -0.099399
vn -0.187066 -0.974840 0.121215
vn -0.177906 -0.977829 0.110451
vn -0.034689 -0.999375 0.006783
vn 0.436396 0.876905 0.201483
vn -0.556654 0.829567 0.044222
vn 0.312326 0.453224 0.834889
vn -0.109544 -0.947889 0.299176
vn -0.092992 -0.990014 0.105951
vn -0.100676 -0.980318 0.169825
vn -0.290384 0.584311 -0.757798
vn 0.592120 0.145033 -0.792691
vn -0.476154 0.460594 -0.749086
vn -0.242699 0.957020 -0.158776
vn -0.000349 0.967034 -0.254646
vn 0.018269 0.783824 -0.620715
vn 0.169242 0.909925 0.378675
vn 0.508281 0.611149 0.606752
vn 0.582756 0.699631 0.413415
vn 0.187060 0.483006 0.855403
vn 0.480911 -0.132927 0.866634
vn 0.670943 -0.344507 0.656620
vn -0.080954 -0.996550 0.018293
vn -0.212942 -0.925887 0.312073
vn 0.002305 -0.998048 -0.062414
vn 0.801852 -0.582490 0.133186
vn 0.324652 0.482695 -0.813392
vn 0.461539 0.081482 -0.883370
vn -0.544986 0.638252 -0.543714
vn -0.561964 0.454164 -0.691326
vn -0.476154 0.460594 -0.749086
vn -0.043377 0.929530 0.366186
vn -0.001896 0.990796 -0.135354
vn -0.162125 0.888310 0.429675
vn -0.408799 0.540548 -0.735317
vn -0.455569 0.207104 -0.865774
vn -0.434308 0.345469 -0.831882
vn -0.561964 0.454164 -0.691326
vn -0.290384 0.584311 -0.757798
vn -0.476154 0.460594 -0.749086
vn -0.166367 0.781041 0.601912
vn -0.073629 0.996226 0.045953
vn 0.182276 0.946229 0.267258
vn -0.187066 -0.974840 0.121215
vn -0.080154 -0.996391 0.027925
vn -0.235163 -0.954354 0.184136
vn 0.004018 0.938351 0.345660
vn -0.034255 0.968597 0.246264
vn 0.122396 0.960032 0.251709
vn 0.004018 0.938351 0.345660
vn -0.140221 0.989212 0.042400
vn -0.034255 0.968597 0.246264
vn 0.092906 -0.995474 -0.019999
vn 0.039429 -0.991215 -0.126249
vn 0.747950 0.065695 0.660496
vn -0.187066 -0.974840 0.121215
vn -0.235163 -0.954354 0.184136
vn -0.130609 -0.986229 0.101458
vn 0.002305 -0.998048 -0.062414
vn -0.212942 -0.925887 0.312073
vn -0.006193 -0.746222 0.665668
vn 0.004018 0.938351 0.345660
vn -0.064716 0.973881 0.217640
vn -0.140221 0.989212 0.042400
vn 0.927193 -0.348118 0.138299
vn 0.582756 0.699631 0.413415
vn 0.508281 0.611149 0.606752
vn -0.846659 -0.520666 -0.109885
vn -0.725488 -0.681784 0.094011
vn -0.976072 -0.096950 0.194641
vn -0.693831 0.695822 -0.185552
vn -0.749123 0.657626 0.079639
vn 0.668001 0.679463 -0.303488
vn 0.122396 0.960032 0.251709
vn 0.119889 0.926839 0.355804
vn 0.004018 0.938351 0.345660
vn 0.461539 0.081482 -0.883370
vn 0.534914 0.762369 -0.364225
vn 0.048049 0.087610 -0.994995
vn -0.249297 0.957861 0.142665
vn -0.073629 0.996226 0.045953
vn -0.214000 0.790851 0.573375
vn -0.408799 0.540548 -0.735317
vn -0.425337 0.222532 -0.877250
vn -0.455569 0.207104 -0.865774
vn -0.100676 -0.980318 0.169825
vn -0.130609 -0.986229 0.101458
vn -0.235163 -0.954354 0.184136
vn 0.754247 -0.643854 -0.128696
vn 0.293022 -0.502340 -0.813506
vn 0.284364 -0.867328 -0.408510
vn -0.027282 0.997092 -0.071158
vn -0.130609 -0.986229 0.101458
vn -0.092992 -0.990014 0.105951
vn -0.109231 -0.815182 0.568812
vn 0.137856 0.980868 0.137451
vn -0.195422 -0.808320 0.555364
vn 0.118635 0.379629 0.917501
vn 0.228456 0.875376 -0.426058
vn 0.424609 0.498118 -0.756033
vn 0.326892 0.891930 -0.312414
vn 0.240890 0.326627 -0.913940
vn -0.103216 0.980949 -0.164578
vn 0.189478 -0.415077 -0.889837
vn 0.399482 -0.894727 0.199693
vn 0.495526 -0.833845 -0.243223
vn 0.009252 -0.999759 0.019914
vn -0.081447 -0.935035 0.345073
vn 0.190870 -0.799341 0.569756
vn 0.659184 0.632223 -0.407149
vn -0.000869 -0.999322 -0.036806
vn 0.240890 0.326627 -0.913940
vn 0.175995 0.586808 -0.790369
vn -0.090925 -0.991420 -0.093914
vn 0.020634 -0.783444 -0.621119
vn 0.327407 0.708254 -0.625444
vn 0.417530 0.906382 -0.064348
vn -0.149756 0.767902 -0.622816
vn 0.169242 0.909925 0.378675
vn 0.119889 0.926839 0.355804
vn 0.122396 0.960032 0.251709
vn 0.240890 0.326627 -0.913940
vn -0.000869 -0.999322 -0.036806
vn -0.090925 -0.991420 -0.093914
vn -0.325243 -0.122469 0.937666
vn -0.437713 -0.038324 0.898298
vn -0.295551 -0.355524 0.886709
vn -0.212942 -0.925887 0.312073
vn -0.170089 -0.026613 0.985069
vn -0.214000 0.790851 0.573375
vn 0.639366 -0.720529 -0.268421
vn -0.356443 -0.929508 0.094672
vn 0.358874 -0.611822 0.704899
vn 0.236451 0.970594 -0.045142
vn 0.497570 0.733400 -0.463194
vn 0.294508 0.950073 -0.103088
vn 0.100142 -0.909466 -0.403538
vn 0.233722 0.500417 -0.833641
vn 0.092188 -0.772917 -0.627774
vn -0.036344 0.997964 -0.052421
vn -0.024775 0.967500 0.251653
vn 0.107318 0.864252 -0.491479
vn -0.456916 -0.060022 0.887482
vn -0.324245 -0.279225 0.903825
vn -0.021825 0.958616 0.283866
vn -0.170089 -0.026613 0.985069
vn -0.269663 -0.860080 0.433064
vn 0.298622 0.441741 0.845984
vn 0.304785 -0.801598 -0.514341
vn 0.024697 -0.964516 0.262866
vn -0.139645 -0.967832 0.209284
vn 0.396341 -0.044144 -0.917041
vn 0.249346 -0.637688 -0.728821
vn 0.057311 -0.925309 -0.374859
vn 0.141894 0.904815 -0.401467
vn -0.021825 0.958616 0.283866
vn -0.044379 0.818053 0.573428
vn -0.139645 -0.967832 0.209284
vn 0.353354 -0.501389 -0.789779
vn 0.304785 -0.801598 -0.514341
vn 0.435719 0.891474 -0.124190
vn 0.348230 0.643151 0.681977
vn 0.185256 0.982189 0.031389
vn -0.249297 0.957861 0.142665
vn -0.220601 0.975290 0.012050
vn -0.183487 0.977451 0.104507
vn 0.627511 0.650147 0.428414
vn 0.491975 -0.441222 0.750522
vn 0.236759 -0.485045 0.841829
vn 0.024697 -0.964516 0.262866
vn 0.304785 -0.801598 -0.514341
vn 0.084590 -0.964398 -0.250560
vn -0.048202 -0.984931 -0.166097
vn -0.040055 -0.998868 -0.025669
vn -0.084535 -0.960685 0.264457
vn -0.355601 -0.315513 0.879772
vn -0.205932 -0.396123 0.894806
vn -0.325243 -0.122469 0.937666
vn -0.109544 -0.947889 0.299176
vn -0.100676 -0.980318 0.169825
vn -0.138881 -0.958346 0.249569
vn 0.025309 -0.973429 0.227588
vn -0.083627 -0.990239 0.111502
vn 0.024697 -0.964516 0.262866
vn -0.107791 -0.987378 0.116045
vn -0.077407 -0.992720 0.092275
vn 0.123919 -0.952620 -0.277776
vn -0.027282 0.997092 -0.071158
vn -0.092992 -0.990014 0.105951
vn -0.073625 0.949615 -0.304648
vn -0.295073 -0.944306 -0.145667
vn -0.812538 -0.560791 0.159045
vn 0.082063 -0.893176 0.442157
vn 0.370701 0.896159 -0.243883
vn 0.328846 0.879791 -0.343262
vn -0.228721 0.235935 0.944469
vn -0.576860 0.816728 -0.013725
vn -0.550020 0.552772 -0.626036
vn -0.614330 0.786040 -0.068842
vn -0.040055 -0.998868 -0.025669
vn 0.111482 -0.445085 -0.888522
vn 0.025309 -0.973429 0.227588
vn -0.155014 -0.872594 0.463195
vn -0.025604 -0.935182 0.353241
vn -0.035105 -0.993573 0.107608
vn 0.154971 0.892874 0.422800
vn 0.127998 0.878378 0.460509
vn -0.064716 0.973881 0.217640
vn -0.153529 -0.972114 -0.177265
vn 0.478240 -0.714258 0.511002
vn -0.767568 -0.626329 0.136206
vn 0.803968 -0.163597 -0.571727
vn 0.987701 0.096482 0.123033
vn 0.840110 0.277394 0.466120
vn 0.901161 0.265873 -0.342375
vn 0.935214 0.336848 0.109124
vn 0.795538 -0.447032 -0.409001
vn -0.080954 -0.996550 0.018293
vn -0.140384 -0.942128 -0.304447
vn -0.214217 -0.974514 -0.066583
vn 0.037260 -0.975332 0.217574
vn 0.009252 -0.999759 0.019914
vn -0.240981 -0.949517 0.200860
vn 0.840110 0.277394 0.466120
vn 0.663294 -0.638935 0.389620
vn 0.454178 -0.861247 -0.227983
vn 0.849440 0.515283 0.113732
vn 0.403066 0.847084 0.346392
vn 0.816787 0.543942 0.192317
vn -0.550020 0.552772 -0.626036
vn -0.425337 0.222532 -0.877250
vn -0.487071 0.210291 -0.847667
vn 0.236759 -0.485045 0.841829
vn 0.620894 0.577769 -0.529786
vn 0.627511 0.650147 0.428414
vn 0.803968 -0.163597 -0.571727
vn 0.454178 -0.861247 -0.227983
vn 0.824595 0.435796 0.360728
vn 0.184754 0.241986 0.952528
vn 0.454178 -0.861247 -0.227983
vn 0.013862 -0.992960 -0.117640
vn 0.293022 -0.502340 -0.813506
vn 0.754247 -0.643854 -0.128696
vn 0.771336 -0.434131 -0.465372
vn -0.080696 -0.996739 -0.000282
vn -0.231192 -0.962082 0.144739
vn -0.301509 -0.925299 0.230029
vn 0.426537 0.557276 0.712397
vn 0.184754 0.241986 0.952528
vn 0.187060 0.483006 0.855403
vn 0.509992 0.131595 0.850053
vn 0.753985 0.253321 0.606081
vn 0.561270 0.183139 0.807116
vn 0.264622 -0.649109 0.713185
vn 0.415006 -0.856990 0.305513
vn 0.509992 0.131595 0.850053
vn 0.840770 -0.419304 0.342476
vn 0.672224 0.436434 0.598030
vn 0.889128 -0.300730 0.344982
vn -0.381526 -0.911217 0.155310
vn -0.484776 -0.857118 0.174186
vn -0.416490 -0.880388 0.226834
vn 0.083672 -0.537124 0.839343
vn 0.041577 0.994783 -0.093160
vn -0.062015 0.517313 0.853547
vn 0.264622 -0.649109 0.713185
vn 0.509992 0.131595 0.850053
vn 0.074624 -0.088062 0.993316
vn -0.356443 -0.929508 0.094672
vn -0.733619 -0.399398 0.549803
vn 0.358874 -0.611822 0.704899
vn -0.072024 0.995519 0.061273
vn 0.097007 0.694507 -0.712916
vn -0.123650 0.974934 -0.184970
vn 0.270181 -0.955012 0.122290
vn 0.801852 -0.582490 0.133186
vn 0.461539 0.081482 -0.883370
vn 0.409247 0.902429 0.134681
vn 0.357510 0.931640 0.065061
vn 0.308166 0.949127 0.064735
vn -0.170089 -0.026613 0.985069
vn -0.212942 -0.925887 0.312073
vn -0.214217 -0.974514 -0.066583
vn 0.148293 -0.811973 -0.564544
vn 0.263718 0.414530 -0.870987
vn 0.620894 0.577769 -0.529786
vn 0.484346 0.740517 0.465878
vn 0.710578 0.190147 0.677439
vn 0.598740 -0.013320 0.800832
vn 0.346655 0.937786 0.019694
vn -0.043612 0.997142 -0.061689
vn 0.559390 0.795280 0.233691
vn -0.024775 0.967500 0.251653
vn 0.106184 0.047782 -0.993198
vn -0.125219 0.937059 -0.325946
vn 0.491975 -0.441222 0.750522
vn 0.039429 -0.991215 -0.126249
vn 0.011480 -0.990760 -0.135138
vn 0.164734 0.985900 0.029388
vn -0.487616 0.868755 0.086574
vn -0.519202 0.832090 0.195078
vn 0.236759 -0.485045 0.841829
vn 0.491975 -0.441222 0.750522
vn 0.011480 -0.990760 -0.135138
vn 0.753985 0.253321 0.606081
vn 0.706231 0.346236 0.617543
vn 0.561270 0.183139 0.807116
vn 0.491975 -0.441222 0.750522
vn 0.598740 -0.013320 0.800832
vn 0.747950 0.065695 0.660496
vn 0.415006 -0.856990 0.305513
vn 0.092906 -0.995474 -0.019999
vn 0.753985 0.253321 0.606081
vn 0.516203 -0.441675 -0.733797
vn 0.204205 0.978903 0.007014
vn 0.315283 0.927552 -0.200608
vn 0.311112 0.854210 0.416574
vn 0.721565 0.691829 -0.026763
vn 0.236475 0.940810 0.242810
vn -0.750361 -0.517865 0.410822
vn 0.074624 -0.088062 0.993316
vn -0.733619 -0.399398 0.549803
vn -0.106170 -0.900213 0.422308
vn -0.746626 -0.636514 0.193391
vn 0.284364 -0.867328 -0.408510
vn 0.284280 -0.919739 -0.270676
vn -0.295073 -0.944306 -0.145667
vn 0.754247 -0.643854 -0.128696
vn 0.037260 -0.975332 0.217574
vn -0.268380 -0.953799 0.135052
vn -0.081447 -0.935035 0.345073
vn -0.240981 -0.949517 0.200860
vn -0.216117 -0.795615 0.565942
vn 0.037260 -0.975332 0.217574
vn -0.339655 -0.925398 0.168145
vn -0.024136 -0.960346 -0.277764
vn -0.138881 -0.958346 0.249569
vn 0.408130 -0.867043 -0.285772
vn 0.013862 -0.992960 -0.117640
vn -0.070225 -0.908445 -0.412064
vn -0.109544 -0.947889 0.299176
vn -0.024136 -0.960346 -0.277764
vn -0.036676 -0.942901 -0.331049
vn -0.127397 -0.223886 0.966253
vn -0.140384 -0.942128 -0.304447
vn -0.080954 -0.996550 0.018293
vn 0.006397 0.979956 0.199113
vn 0.233722 0.500417 -0.833641
vn -0.019820 0.998728 0.046356
vn -0.100676 -0.980318 0.169825
vn -0.235163 -0.954354 0.184136
vn -0.301509 -0.925299 0.230029
vn 0.236451 0.970594 -0.045142
vn 0.175207 0.977243 -0.119577
vn 0.277394 0.906189 -0.319177
vn -0.268380 -0.953799 0.135052
vn -0.216117 -0.795615 0.565942
vn -0.363161 -0.885139 0.290934
vn 0.025309 -0.973429 0.227588
vn 0.111482 -0.445085 -0.888522
vn -0.083627 -0.990239 0.111502
vn -0.170757 0.822391 0.542693
vn -0.695312 0.344379 0.630828
vn -0.337707 -0.903437 -0.264113
vn 0.084390 -0.996389 -0.009323
vn -0.185396 -0.968580 -0.165772
vn -0.262133 -0.947944 0.180798
vn -0.073625 0.949615 -0.304648
vn -0.109544 -0.947889 0.299176
vn -0.131725 -0.901667 0.411880
vn -0.036676 -0.942901 -0.331049
vn -0.278975 -0.959520 -0.038671
vn -0.131725 -0.901667 0.411880
vn -0.369000 0.909463 0.191616
vn 0.117081 0.972706 0.200335
vn -0.528669 0.481487 0.699056
vn -0.301539 0.932423 0.199151
vn 0.154596 0.986629 -0.051612
vn -0.484175 0.874488 0.029077
vn -0.027096 0.997575 -0.064106
vn -0.177906 -0.977829 0.110451
vn -0.027282 0.997092 -0.071158
vn 0.386809 0.742382 0.547035
vn 0.364549 0.908946 0.202290
vn 0.091637 0.838892 -0.536528
vn -0.130609 -0.986229 0.101458
vn -0.100676 -0.980318 0.169825
vn -0.092992 -0.990014 0.105951
vn -0.109544 -0.947889 0.299176
vn -0.036676 -0.942901 -0.331049
vn -0.131725 -0.901667 0.411880
vn 0.602030 0.177099 -0.778586
vn 0.771336 -0.434131 -0.465372
vn -0.289305 -0.756793 0.586146
vn 0.175995 0.586808 -0.790369
vn 0.240890 0.326627 -0.913940
vn -0.090925 -0.991420 -0.093914
vn -0.337707 -0.903437 -0.264113
vn -0.710890 -0.641941 0.287311
vn -0.713115 -0.624832 0.317886
vn -0.381526 -0.911217 0.155310
vn -0.081447 -0.935035 0.345073
vn -0.267814 -0.961912 0.054780
vn -0.138881 -0.958346 0.249569
vn -0.301509 -0.925299 0.230029
vn -0.339655 -0.925398 0.168145
vn 0.162628 0.971760 -0.170980
vn 0.328846 0.879791 -0.343262
vn 0.107495 0.933075 -0.343242
vn 0.045029 0.969770 0.239829
vn 0.403066 0.847084 0.346392
vn 0.417530 0.906382 -0.064348
vn 0.334235 0.832034 -0.442725
vn -0.032871 0.987785 -0.152314
vn -0.302588 0.906487 0.294485
vn -0.231192 -0.962082 0.144739
vn -0.268380 -0.953799 0.135052
vn -0.339655 -0.925398 0.168145
vn -0.025604 -0.935182 0.353241
vn -0.050811 -0.982329 0.180134
vn -0.039591 -0.996395 0.075033
vn 0.284280 -0.919739 -0.270676
vn -0.746626 -0.636514 0.193391
vn -0.957151 0.164154 -0.238569
vn 0.034132 0.530015 -0.847301
vn -0.002276 -0.432592 -0.901587
vn 0.192740 0.388651 -0.901000
vn 0.478240 -0.714258 0.511002
vn 0.082063 -0.893176 0.442157
vn -0.767568 -0.626329 0.136206
vn 0.386809 0.742382 0.547035
vn 0.312326 0.453224 0.834889
vn 0.364549 0.908946 0.202290
vn -0.673335 0.653352 -0.346050
vn -0.487071 0.210291 -0.847667
vn -0.706890 0.471901 -0.526894
vn -0.352193 0.919417 -0.175023
vn -0.374566 0.883363 -0.281728
vn -0.016294 0.985309 0.170002
vn -0.654524 0.755872 0.016009
vn -0.108324 0.974634 0.195841
vn -0.271880 0.603463 0.749609
vn -0.556654 0.829567 0.044222
vn -0.404932 0.590559 -0.698047
vn 0.312326 0.453224 0.834889
vn -0.016294 0.985309 0.170002
vn -0.160813 0.890137 0.426375
vn -0.352193 0.919417 -0.175023
vn 0.450620 0.187612 -0.872779
vn 0.554133 0.770522 0.315012
vn 0.580756 -0.138273 -0.802249
vn 0.824595 0.435796 0.360728
vn 0.802043 0.577934 0.150730
vn 0.985306 -0.053546 -0.162190
vn -0.297650 -0.893633 0.335894
vn 0.706319 -0.508612 -0.492369
vn 0.500179 -0.491708 -0.712772
vn -0.070225 -0.908445 -0.412064
vn 0.663294 -0.638935 0.389620
vn 0.405055 -0.714922 0.569928
vn 0.935214 0.336848 0.109124
vn 0.248807 0.736409 0.629124
vn 0.957699 -0.085987 0.274624
vn 0.137499 -0.982891 -0.122553
vn 0.182225 -0.463787 0.867004
vn -0.065696 -0.402101 0.913235
vn 0.437921 -0.845935 -0.304334
vn -0.073322 -0.056520 -0.995705
vn 0.532329 -0.810085 0.245740
vn 0.182276 0.946229 0.267258
vn 0.214889 0.759935 0.613450
vn -0.137733 -0.747378 0.649966
vn 0.141894 0.904815 -0.401467
vn -0.044379 0.818053 0.573428
vn 0.142546 0.920199 -0.364575
vn -0.195422 -0.808320 0.555364
vn 0.142689 0.969579 -0.198890
vn -0.102541 -0.969938 0.220694
vn -0.109231 -0.815182 0.568812
vn -0.285608 -0.795763 0.534031
vn -0.229632 0.353314 0.906884
vn 0.142689 0.969579 -0.198890
vn 0.041577 0.994783 -0.093160
vn 0.083672 -0.537124 0.839343
vn -0.137733 -0.747378 0.649966
vn -0.102541 -0.969938 0.220694
vn 0.002305 -0.998048 -0.062414
vn 0.142689 0.969579 -0.198890
vn -0.195422 -0.808320 0.555364
vn 0.137856 0.980868 0.137451
vn -0.285608 -0.795763 0.534031
vn -0.195422 -0.808320 0.555364
vn -0.102541 -0.969938 0.220694
vn -0.170089 -0.026613 0.985069
vn -0.214217 -0.974514 -0.066583
vn -0.269663 -0.860080 0.433064
vn -0.080954 -0.996550 0.018293
vn -0.214217 -0.974514 -0.066583
vn -0.212942 -0.925887 0.312073
vn 0.403066 0.847084 0.346392
vn -0.170089 -0.026613 0.985069
vn 0.298622 0.441741 0.845984
vn -0.214000 0.790851 0.573375
vn -0.166367 0.781041 0.601912
vn -0.006193 -0.746222 0.665668
vn 0.002305 -0.998048 -0.062414
vn -0.006193 -0.746222 0.665668
vn -0.137733 -0.747378 0.649966
vn 0.083672 -0.537124 0.839343
vn -0.102541 -0.969938 0.220694
vn 0.142689 0.969579 -0.198890
vn -0.080954 -0.996550 0.018293
vn 0.002305 -0.998048 -0.062414
vn 0.083672 -0.537124 0.839343
vn -0.102541 -0.969938 0.220694
vn 0.083672 -0.537124 0.839343
vn 0.002305 -0.998048 -0.062414
vn -0.324245 -0.279225 0.903825
vn 0.270910 0.133447 0.953310
vn -0.188004 -0.114182 0.975509
vn 0.141167 0.920674 -0.363912
vn 0.218744 0.844942 -0.488083
vn 0.141894 0.904815 -0.401467
vn 0.090308 0.962853 -0.254479
vn -0.107886 0.993518 0.035824
vn 0.032213 0.997589 -0.061465
vn -0.043377 0.929530 0.366186
vn -0.174456 0.146265 0.973741
vn 0.175134 0.955899 -0.235767
vn 0.092188 -0.772917 -0.627774
vn 0.006397 0.979956 0.199113
vn 0.218612 0.944116 -0.246687
vn 0.226350 -0.873321 -0.431365
vn 0.628458 0.034676 -0.777070
vn 0.414939 -0.472788 -0.777365
vn 0.353354 -0.501389 -0.789779
vn -0.158120 -0.941718 0.296928
vn -0.035105 -0.993573 0.107608
vn -0.025604 -0.935182 0.353241
vn 0.188639 -0.898747 -0.395814
vn -0.050811 -0.982329 0.180134
vn -0.143088 -0.757281 0.637221
vn -0.710890 -0.641941 0.287311
vn -0.157993 -0.984781 0.072420
vn -0.017070 -0.995731 -0.090707
vn -0.034689 -0.999375 0.006783
vn 0.084390 -0.996389 -0.009323
vn -0.968158 0.248805 -0.027678
vn -0.699630 0.710434 -0.076168
vn -0.777496 0.620858 -0.100174
vn 0.946346 -0.180792 0.267849
vn 0.889128 -0.300730 0.344982
vn 0.964482 0.037247 0.261511
vn 0.175207 0.977243 -0.119577
vn 0.294508 0.950073 -0.103088
vn 0.354125 0.935000 0.019245
vn -0.330279 0.935162 -0.128014
vn 0.215094 0.969088 -0.120840
vn 0.073315 0.992343 -0.099399
vn 0.372718 0.820512 -0.433407
vn 0.087590 0.982626 0.163626
vn -0.050311 0.963558 0.262727
vn -0.107791 -0.987378 0.116045
vn -0.100002 -0.994576 -0.028603
vn 0.004520 -0.991828 -0.127502
vn 0.516203 -0.441675 -0.733797
vn 0.017984 -0.963444 -0.267304
vn -0.041361 -0.979645 -0.196429
vn 0.175279 0.172019 -0.969374
vn 0.220846 -0.769090 -0.599773
vn 0.592120 0.145033 -0.792691
vn -0.106790 0.946606 -0.304193
vn 0.324652 0.482695 -0.813392
vn -0.267383 0.943692 -0.194813
vn 0.048049 0.087610 -0.994995
vn -0.455837 -0.371175 -0.808976
vn 0.270181 -0.955012 0.122290
vn -0.267383 0.943692 -0.194813
vn -0.140221 0.989212 0.042400
vn -0.064716 0.973881 0.217640
vn 0.154971 0.892874 0.422800
vn 0.672224 0.436434 0.598030
vn 0.311112 0.854210 0.416574
vn 0.154971 0.892874 0.422800
vn -0.064716 0.973881 0.217640
vn 0.004018 0.938351 0.345660
vn -0.064716 0.973881 0.217640
vn 0.236475 0.940810 0.242810
vn -0.106790 0.946606 -0.304193
vn 0.015061 0.493977 -0.869345
vn 0.228653 0.964030 -0.135516
vn -0.155133 0.953915 -0.256865
vn 0.189478 -0.415077 -0.889837
vn 0.263718 0.414530 -0.870987
vn 0.148293 -0.811973 -0.564544
vn -0.106790 0.946606 -0.304193
vn 0.461539 0.081482 -0.883370
vn 0.324652 0.482695 -0.813392
vn 0.721565 0.691829 -0.026763
vn 0.534914 0.762369 -0.364225
vn 0.236475 0.940810 0.242810
vn 0.048049 0.087610 -0.994995
vn 0.270181 -0.955012 0.122290
vn 0.461539 0.081482 -0.883370
vn 0.270181 -0.955012 0.122290
vn -0.455837 -0.371175 -0.808976
vn 0.495526 -0.833845 -0.243223
vn 0.927193 -0.348118 0.138299
vn 0.508281 0.611149 0.606752
vn 0.964402 -0.224673 -0.139467
vn 0.154971 0.892874 0.422800
vn 0.582756 0.699631 0.413415
vn 0.672224 0.436434 0.598030
vn 0.964482 0.037247 0.261511
vn 0.668001 0.679463 -0.303488
vn 0.169559 0.914177 0.368145
vn 0.853278 0.209087 0.477702
vn 0.587807 -0.418632 0.692265
vn 0.892252 0.149778 0.425973
vn 0.582756 0.699631 0.413415
vn 0.119889 0.926839 0.355804
vn 0.169242 0.909925 0.378675
vn 0.004018 0.938351 0.345660
vn 0.119889 0.926839 0.355804
vn 0.154971 0.892874 0.422800
vn 0.849440 0.515283 0.113732
vn 0.816787 0.543942 0.192317
vn 0.858777 0.504685 0.088289
vn 0.403066 0.847084 0.346392
vn 0.045029 0.969770 0.239829
vn -0.017106 0.943521 0.330870
vn 0.326892 0.891930 -0.312414
vn 0.858777 0.504685 0.088289
vn 0.659184 0.632223 -0.407149
vn 0.115407 0.506147 -0.854691
vn -0.103216 0.980949 -0.164578
vn -0.123650 0.974934 -0.184970
vn -0.072024 0.995519 0.061273
vn 0.106184 0.047782 -0.993198
vn -0.024775 0.967500 0.251653
vn -0.103216 0.980949 -0.164578
vn -0.072024 0.995519 0.061273
vn -0.123650 0.974934 -0.184970
vn 0.107318 0.864252 -0.491479
vn -0.125219 0.937059 -0.325946
vn -0.019820 0.998728 0.046356
vn 0.141065 -0.976947 -0.160237
vn 0.332236 -0.927230 -0.172811
vn 0.055378 -0.963234 -0.262893
vn -0.072024 0.995519 0.061273
vn 0.175995 0.586808 -0.790369
vn 0.020634 -0.783444 -0.621119
vn 0.240890 0.326627 -0.913940
vn 0.175995 0.586808 -0.790369
vn -0.103216 0.980949 -0.164578
vn 0.327407 0.708254 -0.625444
vn 0.115407 0.506147 -0.854691
vn 0.481736 0.114905 -0.868750
vn 0.115407 0.506147 -0.854691
vn 0.327407 0.708254 -0.625444
vn -0.149756 0.767902 -0.622816
vn 0.753985 0.253321 0.606081
vn 0.092906 -0.995474 -0.019999
vn 0.747950 0.065695 0.660496
vn 0.710578 0.190147 0.677439
vn 0.706231 0.346236 0.617543
vn 0.753985 0.253321 0.606081
vn 0.074003 0.982236 0.172444
vn 0.185256 0.982189 0.031389
vn 0.706231 0.346236 0.617543
vn 0.264622 -0.649109 0.713185
vn 0.074624 -0.088062 0.993316
vn -0.750361 -0.517865 0.410822
vn 0.491975 -0.441222 0.750522
vn 0.747950 0.065695 0.660496
vn 0.039429 -0.991215 -0.126249
vn 0.753985 0.253321 0.606081
vn 0.747950 0.065695 0.660496
vn 0.598740 -0.013320 0.800832
vn 0.263718 0.414530 -0.870987
vn 0.627511 0.650147 0.428414
vn 0.620894 0.577769 -0.529786
vn 0.484346 0.740517 0.465878
vn 0.627511 0.650147 0.428414
vn 0.209426 0.822339 -0.529055
vn 0.148293 -0.811973 -0.564544
vn 0.399482 -0.894727 0.199693
vn 0.189478 -0.415077 -0.889837
vn 0.627511 0.650147 0.428414
vn 0.263718 0.414530 -0.870987
vn 0.209426 0.822339 -0.529055
vn -0.455837 -0.371175 -0.808976
vn -0.226685 0.263381 -0.937680
vn 0.015061 0.493977 -0.869345
vn 0.209426 0.822339 -0.529055
vn 0.263718 0.414530 -0.870987
vn 0.189478 -0.415077 -0.889837
vn 0.627511 0.650147 0.428414
vn 0.484346 0.740517 0.465878
vn 0.598740 -0.013320 0.800832
vn -0.155133 0.953915 -0.256865
vn 0.484346 0.740517 0.465878
vn 0.209426 0.822339 -0.529055
vn -0.706676 -0.569346 0.420064
vn -0.685131 -0.181486 0.705449
vn -0.563002 0.512663 0.648232
vn -0.710890 -0.641941 0.287311
vn -0.547099 -0.003265 0.837062
vn -0.528669 0.481487 0.699056
vn -0.176708 -0.981177 0.077881
vn -0.080154 -0.996391 0.027925
vn -0.061638 -0.997409 -0.037109
vn 0.009252 -0.999759 0.019914
vn -0.294268 -0.940225 -0.171414
vn -0.226604 -0.851899 0.472142
vn -0.339655 -0.925398 0.168145
vn -0.268380 -0.953799 0.135052
vn -0.363161 -0.885139 0.290934
vn -0.268380 -0.953799 0.135052
vn -0.231192 -0.962082 0.144739
vn -0.267814 -0.961912 0.054780
vn -0.024136 -0.960346 -0.277764
vn -0.339655 -0.925398 0.168145
vn -0.363161 -0.885139 0.290934
vn -0.231192 -0.962082 0.144739
vn -0.339655 -0.925398 0.168145
vn -0.301509 -0.925299 0.230029
vn -0.678073 0.089027 0.729583
vn -0.395115 -0.898910 -0.189330
vn -0.713115 -0.624832 0.317886
vn -0.026497 -0.996493 -0.079366
vn -0.034689 -0.999375 0.006783
vn -0.017070 -0.995731 -0.090707
vn -0.177906 -0.977829 0.110451
vn -0.027096 0.997575 -0.064106
vn -0.274361 -0.959239 0.067722
vn -0.130609 -0.986229 0.101458
vn -0.177906 -0.977829 0.110451
vn -0.187066 -0.974840 0.121215
vn -0.061638 -0.997409 -0.037109
vn -0.252221 -0.966494 0.047685
vn -0.080696 -0.996739 -0.000282
vn -0.252221 -0.966494 0.047685
vn -0.231192 -0.962082 0.144739
vn -0.080696 -0.996739 -0.000282
vn -0.176708 -0.981177 0.077881
vn -0.235163 -0.954354 0.184136
vn -0.080154 -0.996391 0.027925
vn -0.575706 -0.776717 0.255487
vn -0.513606 0.360295 0.778715
vn -0.490681 -0.725753 0.482197
vn -0.950760 0.109317 0.290009
vn -0.240751 -0.812453 0.530998
vn -0.757343 0.427536 0.493603
vn -0.381526 -0.911217 0.155310
vn -0.267814 -0.961912 0.054780
vn -0.252221 -0.966494 0.047685
vn -0.080696 -0.996739 -0.000282
vn -0.176708 -0.981177 0.077881
vn -0.061638 -0.997409 -0.037109
vn -0.252221 -0.966494 0.047685
vn -0.484776 -0.857118 0.174186
vn -0.381526 -0.911217 0.155310
vn -0.740355 -0.336868 0.581717
vn -0.240751 -0.812453 0.530998
vn -0.416490 -0.880388 0.226834
vn -0.081447 -0.935035 0.345073
vn -0.381526 -0.911217 0.155310
vn 0.190870 -0.799341 0.569756
vn -0.268380 -0.953799 0.135052
vn -0.267814 -0.961912 0.054780
vn -0.081447 -0.935035 0.345073
vn -0.252221 -0.966494 0.047685
vn -0.267814 -0.961912 0.054780
vn -0.231192 -0.962082 0.144739
vn -0.484175 0.874488 0.029077
vn -0.950760 0.109317 0.290009
vn -0.757343 0.427536 0.493603
vn 0.450023 -0.353774 0.819953
vn 0.030206 0.119034 0.992431
vn 0.408130 -0.867043 -0.285772
vn 0.080825 -0.800676 0.593621
vn -0.419658 -0.625731 0.657532
vn 0.118242 -0.855346 0.504384
vn -0.464064 -0.787890 0.404813
vn 0.040280 -0.864293 0.501373
vn 0.524093 -0.804416 -0.279718
vn -0.484776 -0.857118 0.174186
vn -0.490681 -0.725753 0.482197
vn -0.740355 -0.336868 0.581717
vn -0.975028 -0.092921 0.201706
vn -0.419658 -0.625731 0.657532
vn -0.950760 0.109317 0.290009
vn -0.381526 -0.911217 0.155310
vn -0.416490 -0.880388 0.226834
vn 0.080825 -0.800676 0.593621
vn 0.190870 -0.799341 0.569756
vn 0.118242 -0.855346 0.504384
vn 0.009252 -0.999759 0.019914
vn -0.294268 -0.940225 -0.171414
vn 0.009252 -0.999759 0.019914
vn 0.118242 -0.855346 0.504384
vn -0.226604 -0.851899 0.472142
vn -0.240981 -0.949517 0.200860
vn 0.009252 -0.999759 0.019914
vn -0.740355 -0.336868 0.581717
vn -0.416490 -0.880388 0.226834
vn -0.484776 -0.857118 0.174186
vn -0.416490 -0.880388 0.226834
vn -0.240751 -0.812453 0.530998
vn 0.080825 -0.800676 0.593621
vn -0.228721 0.235935 0.944469
vn 0.328846 0.879791 -0.343262
vn 0.162628 0.971760 -0.170980
vn -0.408390 -0.194409 0.891865
vn -0.228721 0.235935 0.944469
vn -0.295551 -0.355524 0.886709
vn 0.175134 0.955899 -0.235767
vn 0.107495 0.933075 -0.343242
vn -0.032871 0.987785 -0.152314
vn -0.295551 -0.355524 0.886709
vn -0.355601 -0.315513 0.879772
vn -0.325243 -0.122469 0.937666
vn -0.437713 -0.038324 0.898298
vn -0.408390 -0.194409 0.891865
vn -0.295551 -0.355524 0.886709
vn -0.609632 0.752864 0.248081
vn -0.408390 -0.194409 0.891865
vn -0.437713 -0.038324 0.898298
vn 0.357503 0.743932 -0.564586
vn -0.302588 0.906487 0.294485
vn -0.412739 0.840996 0.349818
vn -0.001896 0.990796 -0.135354
vn 0.191459 0.917973 -0.347374
vn -0.035543 0.999326 0.009235
vn -0.242699 0.957020 -0.158776
vn -0.121661 0.750165 -0.649962
vn -0.574160 0.812177 -0.103484
vn -0.315879 0.893776 -0.318409
vn -0.103639 0.985528 -0.134138
vn 0.018269 0.783824 -0.620715
vn -0.084535 -0.960685 0.264457
vn 0.084590 -0.964398 -0.250560
vn 0.066263 -0.986542 0.149480
vn -0.083627 -0.990239 0.111502
vn -0.158120 -0.941718 0.296928
vn -0.139645 -0.967832 0.209284
vn -0.048202 -0.984931 -0.166097
vn 0.066263 -0.986542 0.149480
vn -0.106170 -0.900213 0.422308
vn -0.048202 -0.984931 -0.166097
vn 0.293022 -0.502340 -0.813506
vn 0.192740 0.388651 -0.901000
vn -0.083627 -0.990239 0.111502
vn 0.291342 -0.201363 -0.935186
vn 0.124854 -0.884616 -0.449296
vn 0.353354 -0.501389 -0.789779
vn -0.035105 -0.993573 0.107608
vn 0.264843 0.681611 -0.682103
vn -0.084535 -0.960685 0.264457
vn 0.024697 -0.964516 0.262866
vn 0.084590 -0.964398 -0.250560
vn -0.040055 -0.998868 -0.025669
vn -0.002276 -0.432592 -0.901587
vn 0.111482 -0.445085 -0.888522
vn -0.083627 -0.990239 0.111502
vn -0.139645 -0.967832 0.209284
vn 0.024697 -0.964516 0.262866
vn 0.353354 -0.501389 -0.789779
vn -0.139645 -0.967832 0.209284
vn -0.158120 -0.941718 0.296928
vn 0.284364 -0.867328 -0.408510
vn -0.746626 -0.636514 0.193391
vn 0.284280 -0.919739 -0.270676
vn -0.048202 -0.984931 -0.166097
vn 0.284364 -0.867328 -0.408510
vn 0.293022 -0.502340 -0.813506
vn -0.295073 -0.944306 -0.145667
vn -0.957151 0.164154 -0.238569
vn -0.812538 -0.560791 0.159045
vn 0.771336 -0.434131 -0.465372
vn 0.602030 0.177099 -0.778586
vn 0.342901 0.554747 -0.758073
vn -0.550020 0.552772 -0.626036
vn -0.487071 0.210291 -0.847667
vn -0.673335 0.653352 -0.346050
vn -0.550020 0.552772 -0.626036
vn -0.536834 0.808660 -0.240580
vn -0.374566 0.883363 -0.281728
vn -0.541980 0.823393 0.168172
vn -0.623822 0.721786 -0.299784
vn -0.436559 0.736374 0.516885
vn -0.288145 0.873418 0.392573
vn 0.469418 0.079711 0.879371
vn -0.216436 0.947966 0.233488
vn -0.216436 0.947966 0.233488
vn -0.016294 0.985309 0.170002
vn -0.374566 0.883363 -0.281728
vn -0.434308 0.345469 -0.831882
vn -0.471193 0.528654 -0.706047
vn -0.352193 0.919417 -0.175023
vn -0.434308 0.345469 -0.831882
vn -0.544986 0.638252 -0.543714
vn -0.408799 0.540548 -0.735317
vn 0.057311 -0.925309 -0.374859
vn -0.041361 -0.979645 -0.196429
vn 0.017984 -0.963444 -0.267304
vn 0.985306 -0.053546 -0.162190
vn -0.153529 -0.972114 -0.177265
vn 0.987701 0.096482 0.123033
vn -0.297650 -0.893633 0.335894
vn -0.295073 -0.944306 -0.145667
vn 0.706319 -0.508612 -0.492369
vn 0.454178 -0.861247 -0.227983
vn 0.663294 -0.638935 0.389620
vn -0.070225 -0.908445 -0.412064
vn 0.454178 -0.861247 -0.227983
vn 0.426991 0.388297 0.816642
vn 0.248807 0.736409 0.629124
vn 0.210922 -0.788517 -0.577714
vn 0.405055 -0.714922 0.569928
vn 0.182225 -0.463787 0.867004
vn 0.426537 0.557276 0.712397
vn 0.187060 0.483006 0.855403
vn 0.670943 -0.344507 0.656620
vn 0.426537 0.557276 0.712397
vn 0.957699 -0.085987 0.274624
vn 0.248807 0.736409 0.629124
vn 0.915377 0.333428 -0.225634
vn 0.952528 -0.020711 -0.303746
vn 0.280648 -0.864882 0.416191
vn -0.226604 -0.851899 0.472142
vn -0.294268 -0.940225 -0.171414
vn -0.065696 -0.402101 0.913235
vn -0.464064 -0.787890 0.404813
vn -0.686311 -0.337779 0.644114
vn 0.040280 -0.864293 0.501373
vn -0.109231 -0.815182 0.568812
vn -0.134975 -0.673874 0.726413
vn 0.234129 0.395607 0.888076
vn -0.044379 0.818053 0.573428
vn -0.134975 -0.673874 0.726413
vn -0.167864 -0.258397 0.951343
vn -0.170089 -0.026613 0.985069
vn -0.017106 0.943521 0.330870
vn -0.214000 0.790851 0.573375
vn -0.220601 0.975290 0.012050
vn -0.249297 0.957861 0.142665
vn -0.165465 0.982628 0.084043
vn -0.214000 0.790851 0.573375
vn -0.006193 -0.746222 0.665668
vn -0.212942 -0.925887 0.312073
vn -0.137733 -0.747378 0.649966
vn -0.006193 -0.746222 0.665668
vn -0.166367 0.781041 0.601912
vn 0.182276 0.946229 0.267258
vn -0.137733 -0.747378 0.649966
vn -0.166367 0.781041 0.601912
vn -0.285608 -0.795763 0.534031
vn -0.102541 -0.969938 0.220694
vn -0.137733 -0.747378 0.649966
vn -0.021825 0.958616 0.283866
vn -0.324245 -0.279225 0.903825
vn -0.188004 -0.114182 0.975509
vn 0.218744 0.844942 -0.488083
vn -0.021825 0.958616 0.283866
vn 0.141894 0.904815 -0.401467
vn -0.044379 0.818053 0.573428
vn -0.188004 -0.114182 0.975509
vn -0.134975 -0.673874 0.726413
vn -0.167864 -0.258397 0.951343
vn 0.031624 0.992787 0.115646
vn -0.044379 0.818053 0.573428
vn 0.141167 0.920674 -0.363912
vn 0.141894 0.904815 -0.401467
vn 0.065176 0.954278 -0.291728
vn 0.146964 0.922626 -0.356599
vn 0.090308 0.962853 -0.254479
vn 0.032213 0.997589 -0.061465
vn 0.092188 -0.772917 -0.627774
vn 0.233722 0.500417 -0.833641
vn 0.006397 0.979956 0.199113
vn 0.107318 0.864252 -0.491479
vn 0.233722 0.500417 -0.833641
vn 0.100142 -0.909466 -0.403538
vn 0.264843 0.681611 -0.682103
vn -0.039591 -0.996395 0.075033
vn -0.007248 -0.939259 -0.343134
vn 0.100142 -0.909466 -0.403538
vn -0.131714 -0.978639 0.157851
vn 0.104820 -0.987982 0.113600
vn -0.143088 -0.757281 0.637221
vn -0.157993 -0.984781 0.072420
vn 0.639366 -0.720529 -0.268421
vn -0.710890 -0.641941 0.287311
vn -0.528669 0.481487 0.699056
vn -0.713115 -0.624832 0.317886
vn -0.547099 -0.003265 0.837062
vn -0.143088 -0.757281 0.637221
vn 0.358874 -0.611822 0.704899
vn -0.361096 0.503620 0.784842
vn -0.685131 -0.181486 0.705449
vn -0.960072 0.248872 0.127765
vn 0.216082 0.975098 0.049932
vn 0.055459 0.986357 0.154996
vn -0.678073 0.089027 0.729583
vn -0.185396 -0.968580 -0.165772
vn 0.084390 -0.996389 -0.009323
vn -0.034689 -0.999375 0.006783
vn -0.699630 0.710434 -0.076168
vn -0.965725 0.253279 0.056784
vn -0.414965 0.903605 -0.106314
vn -0.833447 0.552250 -0.019634
vn 0.169559 0.914177 0.368145
vn -0.749123 0.657626 0.079639
vn -0.011447 0.991066 -0.132881
vn -0.414965 0.903605 -0.106314
vn 0.074835 0.984910 -0.156052
vn 0.240126 0.938199 -0.249244
vn 0.381481 0.917572 -0.111953
vn 0.215094 0.969088 -0.120840
vn 0.169559 0.914177 0.368145
vn -0.413598 0.905225 -0.097494
vn 0.946346 -0.180792 0.267849
vn 0.668001 0.679463 -0.303488
vn 0.964482 0.037247 0.261511
vn 0.964402 -0.224673 -0.139467
vn -0.699630 0.710434 -0.076168
vn -0.968158 0.248805 -0.027678
vn -0.965725 0.253279 0.056784
vn -0.244709 0.850975 -0.464713
vn -0.777496 0.620858 -0.100174
vn -0.330279 0.935162 -0.128014
vn -0.833447 0.552250 -0.019634
vn -0.749123 0.657626 0.079639
vn -0.968158 0.248805 -0.027678
vn 0.668001 0.679463 -0.303488
vn -0.749123 0.657626 0.079639
vn 0.169559 0.914177 0.368145
vn 0.175207 0.977243 -0.119577
vn 0.354125 0.935000 0.019245
vn 0.162041 0.952418 0.258152
vn 0.215094 0.969088 -0.120840
vn 0.294508 0.950073 -0.103088
vn 0.240126 0.938199 -0.249244
vn 0.277394 0.906189 -0.319177
vn 0.162041 0.952418 0.258152
vn 0.087590 0.982626 0.163626
vn 0.123919 -0.952620 -0.277776
vn -0.131795 -0.989817 -0.053784
vn 0.396065 -0.246496 -0.884518
vn 0.396065 -0.246496 -0.884518
vn 0.597698 0.467671 -0.651184
vn 0.381481 0.917572 -0.111953
vn -0.699630 0.710434 -0.076168
vn -0.011447 0.991066 -0.132881
vn -0.330279 0.935162 -0.128014
vn 0.516203 -0.441675 -0.733797
vn 0.177412 -0.834836 -0.521128
vn 0.496567 0.762849 -0.414105
vn 0.249346 -0.637688 -0.728821
vn 0.171048 -0.671539 -0.720956
vn -0.191582 -0.951210 -0.241860
vn 0.233797 -0.852585 -0.467374
vn 0.315283 0.927552 -0.200608
vn 0.684220 0.501709 -0.529274
vn -0.041361 -0.979645 -0.196429
vn -0.191582 -0.951210 -0.241860
vn 0.177412 -0.834836 -0.521128
vn -0.244495 0.776381 -0.580908
vn -0.156154 0.985903 -0.060095
vn -0.017114 0.918915 -0.394085
vn -0.017114 0.918915 -0.394085
vn -0.159234 0.932966 0.322831
vn 0.116037 0.991542 -0.058133
vn -0.064716 0.973881 0.217640
vn -0.106790 0.946606 -0.304193
vn -0.267383 0.943692 -0.194813
vn 0.534914 0.762369 -0.364225
vn -0.106790 0.946606 -0.304193
vn 0.236475 0.940810 0.242810
vn 0.672224 0.436434 0.598030
vn 0.853278 0.209087 0.477702
vn 0.311112 0.854210 0.416574
vn 0.311112 0.854210 0.416574
vn 0.853278 0.209087 0.477702
vn 0.721565 0.691829 -0.026763
vn 0.964482 0.037247 0.261511
vn 0.927193 -0.348118 0.138299
vn 0.964402 -0.224673 -0.139467
vn 0.582756 0.699631 0.413415
vn 0.927193 -0.348118 0.138299
vn 0.889128 -0.300730 0.344982
vn 0.326892 0.891930 -0.312414
vn 0.849440 0.515283 0.113732
vn 0.858777 0.504685 0.088289
vn 0.403066 0.847084 0.346392
vn 0.849440 0.515283 0.113732
vn 0.417530 0.906382 -0.064348
vn 0.240890 0.326627 -0.913940
vn 0.326892 0.891930 -0.312414
vn 0.659184 0.632223 -0.407149
vn -0.149756 0.767902 -0.622816
vn -0.103216 0.980949 -0.164578
vn 0.115407 0.506147 -0.854691
vn 0.417530 0.906382 -0.064348
vn 0.326892 0.891930 -0.312414
vn -0.149756 0.767902 -0.622816
vn -0.103216 0.980949 -0.164578
vn -0.149756 0.767902 -0.622816
vn 0.326892 0.891930 -0.312414
vn 0.107318 0.864252 -0.491479
vn -0.024775 0.967500 0.251653
vn -0.125219 0.937059 -0.325946
vn -0.072024 0.995519 0.061273
vn -0.024775 0.967500 0.251653
vn -0.036344 0.997964 -0.052421
vn 0.233722 0.500417 -0.833641
vn 0.107318 0.864252 -0.491479
vn -0.019820 0.998728 0.046356
vn 0.141065 -0.976947 -0.160237
vn 0.055378 -0.963234 -0.262893
vn 0.172029 -0.578599 -0.797264
vn 0.172029 -0.578599 -0.797264
vn -0.036344 0.997964 -0.052421
vn 0.107318 0.864252 -0.491479
vn 0.016035 0.999059 -0.040294
vn -0.183487 0.977451 0.104507
vn -0.220601 0.975290 0.012050
vn -0.165465 0.982628 0.084043
vn 0.327407 0.708254 -0.625444
vn 0.481736 0.114905 -0.868750
vn 0.045029 0.969770 0.239829
vn 0.417530 0.906382 -0.064348
vn 0.327407 0.708254 -0.625444
vn 0.753985 0.253321 0.606081
vn 0.509992 0.131595 0.850053
vn 0.415006 -0.856990 0.305513
vn 0.074624 -0.088062 0.993316
vn 0.509992 0.131595 0.850053
vn 0.561270 0.183139 0.807116
vn 0.346655 0.937786 0.019694
vn 0.185256 0.982189 0.031389
vn -0.043612 0.997142 -0.061689
vn 0.561270 0.183139 0.807116
vn 0.347076 0.344521 0.872263
vn 0.074624 -0.088062 0.993316
vn 0.561270 0.183139 0.807116
vn 0.706231 0.346236 0.617543
vn 0.347076 0.344521 0.872263
vn -0.710485 0.062745 0.700910
vn -0.735745 0.084304 0.671991
vn -0.685131 -0.181486 0.705449
vn 0.270181 -0.955012 0.122290
vn 0.495526 -0.833845 -0.243223
vn 0.399482 -0.894727 0.199693
vn -0.455837 -0.371175 -0.808976
vn 0.189478 -0.415077 -0.889837
vn 0.495526 -0.833845 -0.243223
vn 0.735985 0.352247 -0.578142
vn -0.549716 -0.297883 -0.780435
vn 0.048049 0.087610 -0.994995
vn -0.628218 0.124978 -0.767934
vn -0.226685 0.263381 -0.937680
vn -0.722820 -0.264132 -0.638566
vn -0.155133 0.953915 -0.256865
vn 0.209426 0.822339 -0.529055
vn 0.015061 0.493977 -0.869345
vn 0.074003 0.982236 0.172444
vn -0.155133 0.953915 -0.256865
vn -0.043612 0.997142 -0.061689
vn 0.185256 0.982189 0.031389
vn 0.074003 0.982236 0.172444
vn -0.043612 0.997142 -0.061689
vn 0.710578 0.190147 0.677439
vn 0.484346 0.740517 0.465878
vn 0.074003 0.982236 0.172444
vn -0.356443 -0.929508 0.094672
vn -0.750361 -0.517865 0.410822
vn -0.733619 -0.399398 0.549803
vn -0.547099 -0.003265 0.837062
vn 0.358874 -0.611822 0.704899
vn -0.361096 0.503620 0.784842
vn 0.348230 0.643151 0.681977
vn -0.268023 0.146062 0.952276
vn 0.347076 0.344521 0.872263
vn 0.358874 -0.611822 0.704899
vn -0.733619 -0.399398 0.549803
vn -0.710485 0.062745 0.700910
vn -0.268380 -0.953799 0.135052
vn 0.037260 -0.975332 0.217574
vn -0.216117 -0.795615 0.565942
vn 0.009252 -0.999759 0.019914
vn 0.037260 -0.975332 0.217574
vn -0.081447 -0.935035 0.345073
vn -0.185396 -0.968580 -0.165772
vn -0.274361 -0.959239 0.067722
vn 0.020647 0.986144 0.164604
vn -0.177906 -0.977829 0.110451
vn -0.274361 -0.959239 0.067722
vn -0.034689 -0.999375 0.006783
vn -0.026497 -0.996493 -0.079366
vn -0.017070 -0.995731 -0.090707
vn -0.276437 -0.960376 -0.035496
vn -0.187066 -0.974840 0.121215
vn -0.034689 -0.999375 0.006783
vn -0.026497 -0.996493 -0.079366
vn -0.276437 -0.960376 -0.035496
vn -0.017070 -0.995731 -0.090707
vn -0.514275 -0.840845 0.168823
vn -0.252221 -0.966494 0.047685
vn -0.444036 -0.853265 0.273443
vn -0.484776 -0.857118 0.174186
vn -0.026497 -0.996493 -0.079366
vn -0.276437 -0.960376 -0.035496
vn -0.080154 -0.996391 0.027925
vn -0.061638 -0.997409 -0.037109
vn -0.080154 -0.996391 0.027925
vn -0.276437 -0.960376 -0.035496
vn -0.575706 -0.776717 0.255487
vn -0.276437 -0.960376 -0.035496
vn -0.808468 -0.469635 0.354715
vn -0.490681 -0.725753 0.482197
vn -0.444036 -0.853265 0.273443
vn -0.575706 -0.776717 0.255487
vn -0.700354 -0.510709 0.498678
vn -0.294268 -0.940225 -0.171414
vn 0.118242 -0.855346 0.504384
vn -0.294268 -0.940225 -0.171414
vn -0.464064 -0.787890 0.404813
vn 0.137499 -0.982891 -0.122553
vn 0.175134 0.955899 -0.235767
vn 0.162628 0.971760 -0.170980
vn 0.107495 0.933075 -0.343242
vn -0.228721 0.235935 0.944469
vn 0.162628 0.971760 -0.170980
vn -0.315338 0.404361 0.858518
vn 0.334235 0.832034 -0.442725
vn 0.175134 0.955899 -0.235767
vn -0.032871 0.987785 -0.152314
vn -0.043377 0.929530 0.366186
vn 0.175134 0.955899 -0.235767
vn -0.001896 0.990796 -0.135354
vn -0.315338 0.404361 0.858518
vn -0.174456 0.146265 0.973741
vn -0.355601 -0.315513 0.879772
vn -0.355601 -0.315513 0.879772
vn -0.174456 0.146265 0.973741
vn -0.205932 -0.396123 0.894806
vn 0.175134 0.955899 -0.235767
vn -0.174456 0.146265 0.973741
vn -0.315338 0.404361 0.858518
vn -0.205932 -0.396123 0.894806
vn -0.036109 -0.149585 0.988089
vn -0.132372 -0.282299 0.950150
vn -0.036109 -0.149585 0.988089
vn -0.043377 0.929530 0.366186
vn -0.162125 0.888310 0.429675
vn -0.246060 0.269521 0.931028
vn 0.206550 0.870674 0.446390
vn -0.256273 0.922943 0.287228
vn -0.036109 -0.149585 0.988089
vn -0.205932 -0.396123 0.894806
vn -0.174456 0.146265 0.973741
vn -0.325243 -0.122469 0.937666
vn -0.205932 -0.396123 0.894806
vn -0.132372 -0.282299 0.950150
vn -0.228721 0.235935 0.944469
vn -0.376442 -0.256552 0.890209
vn 0.370701 0.896159 -0.243883
vn -0.682226 0.563097 0.466358
vn -0.376442 -0.256552 0.890209
vn -0.408390 -0.194409 0.891865
vn -0.492850 0.868186 0.057892
vn -0.437713 -0.038324 0.898298
vn -0.325243 -0.122469 0.937666
vn -0.121661 0.750165 -0.649962
vn -0.108324 0.974634 0.195841
vn -0.574160 0.812177 -0.103484
vn -0.337066 0.691671 0.638731
vn -0.350670 0.654756 -0.669571
vn -0.492850 0.868186 0.057892
vn 0.996668 0.048556 0.065535
vn 0.033774 0.714513 -0.698806
vn 0.556908 0.496467 -0.665864
vn -0.609632 0.752864 0.248081
vn -0.492850 0.868186 0.057892
vn -0.000349 0.967034 -0.254646
vn 0.364549 0.908946 0.202290
vn 0.018269 0.783824 -0.620715
vn -0.000349 0.967034 -0.254646
vn -0.337066 0.691671 0.638731
vn -0.492850 0.868186 0.057892
vn -0.325243 -0.122469 0.937666
vn -0.000349 0.967034 -0.254646
vn -0.492850 0.868186 0.057892
vn -0.130399 0.609496 -0.781992
vn -0.492850 0.868186 0.057892
vn -0.609632 0.752864 0.248081
vn -0.437713 -0.038324 0.898298
vn -0.574160 0.812177 -0.103484
vn -0.609632 0.752864 0.248081
vn -0.242699 0.957020 -0.158776
vn -0.325243 -0.122469 0.937666
vn -0.246060 0.269521 0.931028
vn -0.337066 0.691671 0.638731
vn -0.090822 0.948298 -0.304108
vn -0.109847 0.439230 -0.891634
vn -0.350670 0.654756 -0.669571
vn 0.364549 0.908946 0.202290
vn -0.000349 0.967034 -0.254646
vn -0.130399 0.609496 -0.781992
vn -0.609632 0.752864 0.248081
vn -0.000349 0.967034 -0.254646
vn -0.242699 0.957020 -0.158776
vn -0.109847 0.439230 -0.891634
vn 0.091637 0.838892 -0.536528
vn -0.130399 0.609496 -0.781992
vn 0.364549 0.908946 0.202290
vn -0.404932 0.590559 -0.698047
vn 0.018269 0.783824 -0.620715
vn -0.246060 0.269521 0.931028
vn -0.325243 -0.122469 0.937666
vn -0.132372 -0.282299 0.950150
vn -0.337066 0.691671 0.638731
vn -0.256273 0.922943 0.287228
vn -0.350670 0.654756 -0.669571
vn -0.315879 0.893776 -0.318409
vn 0.018269 0.783824 -0.620715
vn -0.404932 0.590559 -0.698047
vn 0.018269 0.783824 -0.620715
vn -0.103639 0.985528 -0.134138
vn -0.121661 0.750165 -0.649962
vn -0.556654 0.829567 0.044222
vn 0.436396 0.876905 0.201483
vn -0.549787 0.834086 -0.045102
vn -0.590974 0.708845 0.385082
vn -0.541980 0.823393 0.168172
vn -0.395432 0.627569 0.670665
vn -0.556654 0.829567 0.044222
vn -0.315879 0.893776 -0.318409
vn -0.404932 0.590559 -0.698047
vn -0.315879 0.893776 -0.318409
vn -0.154542 0.561260 0.813083
vn -0.322278 0.549064 0.771145
vn 0.334235 0.832034 -0.442725
vn -0.302588 0.906487 0.294485
vn 0.357503 0.743932 -0.564586
vn 0.175134 0.955899 -0.235767
vn 0.334235 0.832034 -0.442725
vn -0.001896 0.990796 -0.135354
vn 0.146964 0.922626 -0.356599
vn 0.276281 0.809107 -0.518666
vn 0.218744 0.844942 -0.488083
vn 0.031149 0.996821 -0.073338
vn 0.054617 0.994776 0.086245
vn -0.035543 0.999326 0.009235
vn -0.108324 0.974634 0.195841
vn -0.227172 0.860578 0.455849
vn -0.574160 0.812177 -0.103484
vn -0.322278 0.549064 0.771145
vn -0.271880 0.603463 0.749609
vn -0.103639 0.985528 -0.134138
vn -0.227172 0.860578 0.455849
vn -0.641485 0.578223 0.504137
vn -0.574160 0.812177 -0.103484
vn -0.682226 0.563097 0.466358
vn -0.574160 0.812177 -0.103484
vn -0.641485 0.578223 0.504137
vn -0.322278 0.549064 0.771145
vn -0.235088 0.486427 0.841500
vn -0.271880 0.603463 0.749609
vn -0.395432 0.627569 0.670665
vn -0.154542 0.561260 0.813083
vn -0.322233 0.536469 0.779979
vn -0.103639 0.985528 -0.134138
vn -0.271880 0.603463 0.749609
vn -0.108324 0.974634 0.195841
vn -0.271880 0.603463 0.749609
vn -0.235088 0.486427 0.841500
vn -0.436559 0.736374 0.516885
vn -0.048202 -0.984931 -0.166097
vn -0.084535 -0.960685 0.264457
vn 0.066263 -0.986542 0.149480
vn 0.025309 -0.973429 0.227588
vn -0.084535 -0.960685 0.264457
vn -0.040055 -0.998868 -0.025669
vn 0.284364 -0.867328 -0.408510
vn -0.048202 -0.984931 -0.166097
vn -0.106170 -0.900213 0.422308
vn 0.192740 0.388651 -0.901000
vn 0.293022 -0.502340 -0.813506
vn 0.342901 0.554747 -0.758073
vn -0.155014 -0.872594 0.463195
vn -0.035105 -0.993573 0.107608
vn -0.158120 -0.941718 0.296928
vn -0.050811 -0.982329 0.180134
vn -0.114372 -0.977813 0.175504
vn -0.039591 -0.996395 0.075033
vn -0.295073 -0.944306 -0.145667
vn 0.284280 -0.919739 -0.270676
vn -0.957151 0.164154 -0.238569
vn 0.284364 -0.867328 -0.408510
vn 0.284280 -0.919739 -0.270676
vn 0.754247 -0.643854 -0.128696
vn -0.812538 -0.560791 0.159045
vn -0.767568 -0.626329 0.136206
vn 0.082063 -0.893176 0.442157
vn -0.047079 -0.771611 0.634350
vn -0.295073 -0.944306 -0.145667
vn -0.297650 -0.893633 0.335894
vn 0.754247 -0.643854 -0.128696
vn -0.047079 -0.771611 0.634350
vn 0.771336 -0.434131 -0.465372
vn 0.771336 -0.434131 -0.465372
vn -0.047079 -0.771611 0.634350
vn -0.289305 -0.756793 0.586146
vn -0.295073 -0.944306 -0.145667
vn -0.047079 -0.771611 0.634350
vn 0.754247 -0.643854 -0.128696
vn -0.297650 -0.893633 0.335894
vn 0.042035 -0.699045 0.713841
vn -0.289305 -0.756793 0.586146
vn -0.107927 -0.655245 -0.747667
vn 0.500179 -0.491708 -0.712772
vn -0.119496 -0.808479 -0.576266
vn 0.485442 -0.365575 0.794167
vn 0.848018 -0.529951 -0.004223
vn 0.657060 -0.262525 -0.706649
vn -0.297650 -0.893633 0.335894
vn -0.289305 -0.756793 0.586146
vn -0.047079 -0.771611 0.634350
vn 0.602030 0.177099 -0.778586
vn -0.289305 -0.756793 0.586146
vn 0.418794 -0.535646 0.733277
vn -0.297650 -0.893633 0.335894
vn 0.500179 -0.491708 -0.712772
vn -0.107927 -0.655245 -0.747667
vn 0.312326 0.453224 0.834889
vn 0.566352 0.591275 0.574142
vn 0.436396 0.876905 0.201483
vn 0.091637 0.838892 -0.536528
vn 0.364549 0.908946 0.202290
vn -0.130399 0.609496 -0.781992
vn 0.706453 -0.210753 -0.675654
vn -0.485266 -0.839122 -0.245745
vn -0.548528 -0.768180 -0.330178
vn -0.130399 0.609496 -0.781992
vn -0.350670 0.654756 -0.669571
vn -0.109847 0.439230 -0.891634
vn 0.091637 0.838892 -0.536528
vn -0.109847 0.439230 -0.891634
vn 0.033774 0.714513 -0.698806
vn 0.602030 0.177099 -0.778586
vn 0.657060 -0.262525 -0.706649
vn 0.140062 0.506142 -0.851001
vn 0.386809 0.742382 0.547035
vn 0.033774 0.714513 -0.698806
vn 0.540308 0.804367 0.247106
vn -0.541980 0.823393 0.168172
vn -0.673335 0.653352 -0.346050
vn -0.706890 0.471901 -0.526894
vn -0.550020 0.552772 -0.626036
vn -0.673335 0.653352 -0.346050
vn -0.614330 0.786040 -0.068842
vn -0.590974 0.708845 0.385082
vn -0.288145 0.873418 0.392573
vn -0.576860 0.816728 -0.013725
vn 0.496203 0.399177 0.771000
vn 0.699961 -0.272492 0.660153
vn 0.469418 0.079711 0.879371
vn -0.550020 0.552772 -0.626036
vn -0.455569 0.207104 -0.865774
vn -0.425337 0.222532 -0.877250
vn -0.434308 0.345469 -0.831882
vn -0.455569 0.207104 -0.865774
vn -0.471193 0.528654 -0.706047
vn -0.016294 0.985309 0.170002
vn 0.063799 0.899648 0.431930
vn -0.160813 0.890137 0.426375
vn -0.561964 0.454164 -0.691326
vn -0.314665 0.753708 -0.576984
vn -0.244495 0.776381 -0.580908
vn -0.471193 0.528654 -0.706047
vn -0.374566 0.883363 -0.281728
vn -0.352193 0.919417 -0.175023
vn -0.434308 0.345469 -0.831882
vn -0.314665 0.753708 -0.576984
vn -0.561964 0.454164 -0.691326
vn -0.434308 0.345469 -0.831882
vn -0.561964 0.454164 -0.691326
vn -0.544986 0.638252 -0.543714
vn 0.083499 0.831871 -0.548652
vn -0.290384 0.584311 -0.757798
vn -0.244495 0.776381 -0.580908
vn 0.095985 0.741927 -0.663574
vn -0.290384 0.584311 -0.757798
vn 0.083499 0.831871 -0.548652
vn 0.220846 -0.769090 -0.599773
vn 0.286512 0.660564 -0.693949
vn 0.237102 -0.183181 -0.954058
vn -0.244495 0.776381 -0.580908
vn -0.290384 0.584311 -0.757798
vn -0.561964 0.454164 -0.691326
vn -0.290384 0.584311 -0.757798
vn 0.095985 0.741927 -0.663574
vn 0.175279 0.172019 -0.969374
vn -0.070225 -0.908445 -0.412064
vn 0.405055 -0.714922 0.569928
vn 0.210922 -0.788517 -0.577714
vn 0.454178 -0.861247 -0.227983
vn -0.070225 -0.908445 -0.412064
vn 0.013862 -0.992960 -0.117640
vn 0.408130 -0.867043 -0.285772
vn 0.210922 -0.788517 -0.577714
vn 0.137499 -0.982891 -0.122553
vn 0.450023 -0.353774 0.819953
vn 0.408130 -0.867043 -0.285772
vn 0.524093 -0.804416 -0.279718
vn 0.187060 0.483006 0.855403
vn 0.184754 0.241986 0.952528
vn 0.030206 0.119034 0.992431
vn 0.043388 0.457022 0.888396
vn 0.519721 -0.355098 0.777043
vn 0.480911 -0.132927 0.866634
vn 0.454178 -0.861247 -0.227983
vn 0.803968 -0.163597 -0.571727
vn 0.840110 0.277394 0.466120
vn 0.985306 -0.053546 -0.162190
vn 0.803968 -0.163597 -0.571727
vn 0.824595 0.435796 0.360728
vn 0.758849 -0.628337 -0.171290
vn 0.795538 -0.447032 -0.409001
vn 0.957699 -0.085987 0.274624
vn 0.802043 0.577934 0.150730
vn 0.824595 0.435796 0.360728
vn 0.935214 0.336848 0.109124
vn 0.985306 -0.053546 -0.162190
vn 0.915377 0.333428 -0.225634
vn 0.478240 -0.714258 0.511002
vn 0.824595 0.435796 0.360728
vn 0.248807 0.736409 0.629124
vn 0.935214 0.336848 0.109124
vn -0.294268 -0.940225 -0.171414
vn 0.137499 -0.982891 -0.122553
vn -0.065696 -0.402101 0.913235
vn 0.408130 -0.867043 -0.285772
vn 0.137499 -0.982891 -0.122553
vn 0.524093 -0.804416 -0.279718
vn 0.403066 0.847084 0.346392
vn -0.017106 0.943521 0.330870
vn -0.170089 -0.026613 0.985069
vn -0.249297 0.957861 0.142665
vn -0.183487 0.977451 0.104507
vn -0.073629 0.996226 0.045953
vn 0.016035 0.999059 -0.040294
vn 0.628458 0.034676 -0.777070
vn 0.284428 -0.692972 -0.662488
vn 0.065176 0.954278 -0.291728
vn 0.141894 0.904815 -0.401467
vn 0.142546 0.920199 -0.364575
vn -0.017106 0.943521 0.330870
vn 0.045029 0.969770 0.239829
vn -0.249297 0.957861 0.142665
vn 0.045029 0.969770 0.239829
vn 0.327407 0.708254 -0.625444
vn -0.165465 0.982628 0.084043
vn -0.165465 0.982628 0.084043
vn 0.481736 0.114905 -0.868750
vn -0.220601 0.975290 0.012050
vn 0.045029 0.969770 0.239829
vn -0.165465 0.982628 0.084043
vn -0.249297 0.957861 0.142665
vn 0.481736 0.114905 -0.868750
vn 0.628458 0.034676 -0.777070
vn -0.220601 0.975290 0.012050
vn 0.226350 -0.873321 -0.431365
vn 0.284428 -0.692972 -0.662488
vn 0.628458 0.034676 -0.777070
vn 0.414939 -0.472788 -0.777365
vn 0.628458 0.034676 -0.777070
vn 0.481736 0.114905 -0.868750
vn 0.055378 -0.963234 -0.262893
vn 0.284428 -0.692972 -0.662488
vn 0.226350 -0.873321 -0.431365
vn 0.475767 0.594089 -0.648616
vn 0.147116 0.989108 -0.004657
vn 0.403245 0.906320 -0.126406
vn -0.220601 0.975290 0.012050
vn 0.628458 0.034676 -0.777070
vn 0.016035 0.999059 -0.040294
vn 0.172029 -0.578599 -0.797264
vn 0.226350 -0.873321 -0.431365
vn 0.097007 0.694507 -0.712916
vn 0.284428 -0.692972 -0.662488
vn 0.679345 -0.135001 -0.721294
vn 0.016035 0.999059 -0.040294
vn 0.107318 0.864252 -0.491479
vn 0.100142 -0.909466 -0.403538
vn 0.141065 -0.976947 -0.160237
vn 0.679345 -0.135001 -0.721294
vn 0.284428 -0.692972 -0.662488
vn 0.055378 -0.963234 -0.262893
vn 0.475767 0.594089 -0.648616
vn 0.403245 0.906320 -0.126406
vn 0.679345 -0.135001 -0.721294
vn -0.190728 0.976904 0.096344
vn -0.260967 0.930976 0.255305
vn 0.065176 0.954278 -0.291728
vn -0.134975 -0.673874 0.726413
vn -0.188004 -0.114182 0.975509
vn 0.270910 0.133447 0.953310
vn -0.021825 0.958616 0.283866
vn -0.188004 -0.114182 0.975509
vn -0.044379 0.818053 0.573428
vn -0.229632 0.353314 0.906884
vn 0.214889 0.759935 0.613450
vn 0.100230 0.994552 0.028628
vn 0.403245 0.906320 -0.126406
vn 0.016035 0.999059 -0.040294
vn 0.679345 -0.135001 -0.721294
vn 0.031624 0.992787 0.115646
vn 0.142546 0.920199 -0.364575
vn -0.044379 0.818053 0.573428
vn 0.038456 0.910126 -0.412544
vn 0.142546 0.920199 -0.364575
vn -0.026981 0.952422 -0.303587
vn -0.021825 0.958616 0.283866
vn 0.155106 0.953271 -0.259260
vn -0.456916 -0.060022 0.887482
vn 0.276281 0.809107 -0.518666
vn 0.155106 0.953271 -0.259260
vn 0.218744 0.844942 -0.488083
vn -0.107886 0.993518 0.035824
vn 0.141167 0.920674 -0.363912
vn 0.065176 0.954278 -0.291728
vn 0.032213 0.997589 -0.061465
vn 0.031149 0.996821 -0.073338
vn 0.146964 0.922626 -0.356599
vn -0.405948 0.836665 0.367692
vn -0.107886 0.993518 0.035824
vn -0.260967 0.930976 0.255305
vn 0.380696 -0.106363 -0.918563
vn 0.275829 -0.715052 -0.642354
vn 0.188639 -0.898747 -0.395814
vn 0.218744 0.844942 -0.488083
vn 0.141167 0.920674 -0.363912
vn 0.090308 0.962853 -0.254479
vn -0.107886 0.993518 0.035824
vn 0.090308 0.962853 -0.254479
vn 0.141167 0.920674 -0.363912
vn 0.276281 0.809107 -0.518666
vn 0.191459 0.917973 -0.347374
vn 0.357503 0.743932 -0.564586
vn -0.470164 0.619577 0.628546
vn 0.276281 0.809107 -0.518666
vn -0.412739 0.840996 0.349818
vn 0.092188 -0.772917 -0.627774
vn -0.114372 -0.977813 0.175504
vn -0.131714 -0.978639 0.157851
vn -0.131714 -0.978639 0.157851
vn -0.114372 -0.977813 0.175504
vn -0.024124 -0.999021 0.037084
vn 0.218612 0.944116 -0.246687
vn -0.007248 -0.939259 -0.343134
vn 0.092188 -0.772917 -0.627774
vn 0.275829 -0.715052 -0.642354
vn -0.024124 -0.999021 0.037084
vn -0.050811 -0.982329 0.180134
vn -0.114372 -0.977813 0.175504
vn 0.092188 -0.772917 -0.627774
vn -0.007248 -0.939259 -0.343134
vn 0.264843 0.681611 -0.682103
vn -0.035105 -0.993573 0.107608
vn -0.039591 -0.996395 0.075033
vn 0.193387 -0.396113 -0.897606
vn 0.188639 -0.898747 -0.395814
vn 0.141226 -0.988415 0.055605
vn 0.333227 0.897118 -0.290066
vn 0.475767 0.594089 -0.648616
vn 0.539331 0.509548 -0.670435
vn -0.050811 -0.982329 0.180134
vn -0.024124 -0.999021 0.037084
vn -0.114372 -0.977813 0.175504
vn -0.024124 -0.999021 0.037084
vn 0.461439 -0.406546 -0.788539
vn 0.454254 -0.618219 -0.641450
vn 0.358874 -0.611822 0.704899
vn -0.143088 -0.757281 0.637221
vn 0.639366 -0.720529 -0.268421
vn -0.710890 -0.641941 0.287311
vn -0.143088 -0.757281 0.637221
vn -0.547099 -0.003265 0.837062
vn -0.710890 -0.641941 0.287311
vn -0.337707 -0.903437 -0.264113
vn -0.695312 0.344379 0.630828
vn -0.337707 -0.903437 -0.264113
vn -0.713115 -0.624832 0.317886
vn -0.395115 -0.898910 -0.189330
vn 0.294183 0.948527 -0.117276
vn 0.216082 0.975098 0.049932
vn 0.214813 0.976191 -0.030115
vn -0.282881 0.951112 0.123957
vn 0.164734 0.985900 0.029388
vn -0.519202 0.832090 0.195078
vn -0.699630 0.710434 -0.076168
vn -0.414965 0.903605 -0.106314
vn -0.011447 0.991066 -0.132881
vn -0.777496 0.620858 -0.100174
vn -0.699630 0.710434 -0.076168
vn -0.330279 0.935162 -0.128014
vn 0.946346 -0.180792 0.267849
vn 0.964482 0.037247 0.261511
vn 0.169559 0.914177 0.368145
vn 0.927193 -0.348118 0.138299
vn 0.964482 0.037247 0.261511
vn 0.889128 -0.300730 0.344982
vn 0.277394 0.906189 -0.319177
vn 0.175207 0.977243 -0.119577
vn 0.162041 0.952418 0.258152
vn 0.294508 0.950073 -0.103088
vn 0.175207 0.977243 -0.119577
vn 0.236451 0.970594 -0.045142
vn 0.372718 0.820512 -0.433407
vn 0.277394 0.906189 -0.319177
vn 0.087590 0.982626 0.163626
vn 0.135437 -0.936625 -0.323096
vn 0.277394 0.906189 -0.319177
vn 0.250365 -0.861498 -0.441745
vn 0.123919 -0.952620 -0.277776
vn 0.497570 0.733400 -0.463194
vn 0.645928 0.023281 -0.763043
vn -0.107791 -0.987378 0.116045
vn 0.004520 -0.991828 -0.127502
vn -0.077407 -0.992720 0.092275
vn 0.999356 -0.001476 0.035865
vn -0.245800 0.791813 -0.559120
vn 0.780937 0.554056 -0.288374
vn -0.833447 0.552250 -0.019634
vn -0.777496 0.620858 -0.100174
vn -0.244709 0.850975 -0.464713
vn 0.294508 0.950073 -0.103088
vn -0.011447 0.991066 -0.132881
vn 0.074835 0.984910 -0.156052
vn -0.011447 0.991066 -0.132881
vn 0.215094 0.969088 -0.120840
vn -0.330279 0.935162 -0.128014
vn 0.372718 0.820512 -0.433407
vn -0.050311 0.963558 0.262727
vn 0.496567 0.762849 -0.414105
vn 0.277394 0.906189 -0.319177
vn 0.372718 0.820512 -0.433407
vn 0.250365 -0.861498 -0.441745
vn 0.516203 -0.441675 -0.733797
vn 0.315283 0.927552 -0.200608
vn 0.233797 -0.852585 -0.467374
vn 0.177412 -0.834836 -0.521128
vn 0.516203 -0.441675 -0.733797
vn -0.041361 -0.979645 -0.196429
vn 0.220846 -0.769090 -0.599773
vn 0.684220 0.501709 -0.529274
vn 0.592120 0.145033 -0.792691
vn -0.041361 -0.979645 -0.196429
vn 0.057311 -0.925309 -0.374859
vn 0.249346 -0.637688 -0.728821
vn -0.191582 -0.951210 -0.241860
vn -0.041361 -0.979645 -0.196429
vn 0.249346 -0.637688 -0.728821
vn 0.372718 0.820512 -0.433407
vn 0.177412 -0.834836 -0.521128
vn 0.250365 -0.861498 -0.441745
vn 0.154971 0.892874 0.422800
vn 0.311112 0.854210 0.416574
vn 0.127998 0.878378 0.460509
vn 0.236475 0.940810 0.242810
vn 0.127998 0.878378 0.460509
vn 0.311112 0.854210 0.416574
vn 0.889128 -0.300730 0.344982
vn 0.946346 -0.180792 0.267849
vn 0.840770 -0.419304 0.342476
vn 0.721565 0.691829 -0.026763
vn 0.853278 0.209087 0.477702
vn 0.892252 0.149778 0.425973
vn -0.413598 0.905225 -0.097494
vn 0.855518 0.044462 0.515860
vn 0.946346 -0.180792 0.267849
vn 0.855518 0.044462 0.515860
vn 0.711803 -0.394977 0.580801
vn 0.946346 -0.180792 0.267849
vn 0.840770 -0.419304 0.342476
vn 0.853278 0.209087 0.477702
vn 0.672224 0.436434 0.598030
vn 0.587807 -0.418632 0.692265
vn 0.711803 -0.394977 0.580801
vn 0.477340 -0.301579 0.825346
vn 0.711803 -0.394977 0.580801
vn 0.587807 -0.418632 0.692265
vn 0.840770 -0.419304 0.342476
vn 0.840770 -0.419304 0.342476
vn 0.587807 -0.418632 0.692265
vn 0.853278 0.209087 0.477702
vn -0.685551 0.469623 -0.556304
vn -0.413598 0.905225 -0.097494
vn -0.833447 0.552250 -0.019634
vn 0.946346 -0.180792 0.267849
vn 0.711803 -0.394977 0.580801
vn 0.840770 -0.419304 0.342476
vn 0.735985 0.352247 -0.578142
vn 0.721565 0.691829 -0.026763
vn 0.892252 0.149778 0.425973
vn 0.534914 0.762369 -0.364225
vn 0.721565 0.691829 -0.026763
vn 0.048049 0.087610 -0.994995
vn 0.097007 0.694507 -0.712916
vn -0.036344 0.997964 -0.052421
vn 0.172029 -0.578599 -0.797264
vn 0.414939 -0.472788 -0.777365
vn 0.097007 0.694507 -0.712916
vn 0.226350 -0.873321 -0.431365
vn 0.074003 0.982236 0.172444
vn 0.706231 0.346236 0.617543
vn 0.710578 0.190147 0.677439
vn 0.347076 0.344521 0.872263
vn 0.706231 0.346236 0.617543
vn 0.185256 0.982189 0.031389
vn 0.559390 0.795280 0.233691
vn 0.632962 0.549221 0.545633
vn 0.346655 0.937786 0.019694
vn 0.428480 0.545326 -0.720434
vn 0.519770 0.183062 0.834462
vn 0.525353 0.844734 0.102119
vn 0.185256 0.982189 0.031389
vn 0.346655 0.937786 0.019694
vn 0.435719 0.891474 -0.124190
vn 0.348230 0.643151 0.681977
vn 0.347076 0.344521 0.872263
vn 0.185256 0.982189 0.031389
vn 0.374185 0.871399 0.317253
vn 0.435719 0.891474 -0.124190
vn 0.632962 0.549221 0.545633
vn -0.268023 0.146062 0.952276
vn -0.733619 -0.399398 0.549803
vn 0.074624 -0.088062 0.993316
vn -0.455837 -0.371175 -0.808976
vn 0.015061 0.493977 -0.869345
vn 0.189478 -0.415077 -0.889837
vn 0.015061 0.493977 -0.869345
vn -0.226685 0.263381 -0.937680
vn 0.228653 0.964030 -0.135516
vn -0.276437 -0.960376 -0.035496
vn -0.444036 -0.853265 0.273443
vn -0.061638 -0.997409 -0.037109
vn -0.061638 -0.997409 -0.037109
vn -0.444036 -0.853265 0.273443
vn -0.252221 -0.966494 0.047685
vn -0.514275 -0.840845 0.168823
vn -0.017070 -0.995731 -0.090707
vn -0.506877 -0.725316 0.465825
vn -0.678073 0.089027 0.729583
vn 0.055459 0.986357 0.154996
vn -0.562627 0.467837 0.681600
vn -0.490681 -0.725753 0.482197
vn -0.513606 0.360295 0.778715
vn -0.740355 -0.336868 0.581717
vn -0.484776 -0.857118 0.174186
vn -0.444036 -0.853265 0.273443
vn -0.490681 -0.725753 0.482197
vn -0.276437 -0.960376 -0.035496
vn -0.575706 -0.776717 0.255487
vn -0.444036 -0.853265 0.273443
vn -0.513606 0.360295 0.778715
vn -0.575706 -0.776717 0.255487
vn -0.808468 -0.469635 0.354715
vn -0.740355 -0.336868 0.581717
vn -0.513606 0.360295 0.778715
vn 0.037863 0.960653 0.275160
vn -0.240751 -0.812453 0.530998
vn -0.740355 -0.336868 0.581717
vn -0.757343 0.427536 0.493603
vn -0.686311 -0.337779 0.644114
vn -0.700354 -0.510709 0.498678
vn -0.419658 -0.625731 0.657532
vn -0.382620 0.777924 0.498433
vn -0.267398 0.654407 0.707283
vn 0.450023 -0.353774 0.819953
vn -0.001896 0.990796 -0.135354
vn -0.035543 0.999326 0.009235
vn -0.162125 0.888310 0.429675
vn -0.174456 0.146265 0.973741
vn -0.043377 0.929530 0.366186
vn -0.036109 -0.149585 0.988089
vn 0.357503 0.743932 -0.564586
vn -0.412739 0.840996 0.349818
vn 0.276281 0.809107 -0.518666
vn 0.334235 0.832034 -0.442725
vn 0.357503 0.743932 -0.564586
vn 0.191459 0.917973 -0.347374
vn -0.133738 0.109796 0.984916
vn -0.088993 0.120996 0.988656
vn 0.268876 0.195138 0.943200
vn -0.036109 -0.149585 0.988089
vn -0.087641 -0.373252 0.923581
vn -0.132372 -0.282299 0.950150
vn -0.162125 0.888310 0.429675
vn 0.054617 0.994776 0.086245
vn -0.133738 0.109796 0.984916
vn -0.036109 -0.149585 0.988089
vn -0.162125 0.888310 0.429675
vn -0.087641 -0.373252 0.923581
vn 0.018269 0.783824 -0.620715
vn -0.121661 0.750165 -0.649962
vn -0.242699 0.957020 -0.158776
vn -0.108324 0.974634 0.195841
vn -0.121661 0.750165 -0.649962
vn -0.103639 0.985528 -0.134138
vn -0.376442 -0.256552 0.890209
vn -0.682226 0.563097 0.466358
vn -0.641485 0.578223 0.504137
vn -0.609632 0.752864 0.248081
vn -0.682226 0.563097 0.466358
vn -0.408390 -0.194409 0.891865
vn -0.623822 0.721786 -0.299784
vn -0.541980 0.823393 0.168172
vn -0.706890 0.471901 -0.526894
vn -0.541980 0.823393 0.168172
vn -0.436559 0.736374 0.516885
vn -0.395432 0.627569 0.670665
vn 0.140062 0.506142 -0.851001
vn 0.034132 0.530015 -0.847301
vn 0.192740 0.388651 -0.901000
vn -0.040055 -0.998868 -0.025669
vn -0.048202 -0.984931 -0.166097
vn -0.002276 -0.432592 -0.901587
vn 0.291342 -0.201363 -0.935186
vn 0.510856 -0.039896 -0.858740
vn 0.124854 -0.884616 -0.449296
vn -0.158120 -0.941718 0.296928
vn 0.124854 -0.884616 -0.449296
vn 0.004367 -0.980542 -0.196263
vn 0.915377 0.333428 -0.225634
vn 0.280648 -0.864882 0.416191
vn 0.478240 -0.714258 0.511002
vn 0.706319 -0.508612 -0.492369
vn 0.082063 -0.893176 0.442157
vn 0.466344 -0.883279 -0.048389
vn -0.485266 -0.839122 -0.245745
vn -0.627073 -0.699158 -0.343450
vn -0.548528 -0.768180 -0.330178
vn 0.084683 -0.920133 0.382341
vn -0.009902 -0.497292 0.867527
vn 0.378741 -0.656439 0.652413
vn 0.091637 0.838892 -0.536528
vn 0.033774 0.714513 -0.698806
vn 0.386809 0.742382 0.547035
vn 0.556908 0.496467 -0.665864
vn 0.033774 0.714513 -0.698806
vn -0.109847 0.439230 -0.891634
vn -0.109847 0.439230 -0.891634
vn 0.971308 -0.157072 0.178578
vn 0.556908 0.496467 -0.665864
vn 0.042035 -0.699045 0.713841
vn 0.293403 -0.366240 0.883053
vn 0.418794 -0.535646 0.733277
vn 0.971308 -0.157072 0.178578
vn -0.109847 0.439230 -0.891634
vn 0.653361 0.493827 -0.573807
vn 0.556908 0.496467 -0.665864
vn 0.387919 -0.128695 0.912664
vn 0.996668 0.048556 0.065535
vn -0.016294 0.985309 0.170002
vn -0.216436 0.947966 0.233488
vn 0.229564 0.625415 0.745759
vn -0.576860 0.816728 -0.013725
vn -0.216436 0.947966 0.233488
vn -0.536834 0.808660 -0.240580
vn -0.550020 0.552772 -0.626036
vn -0.576860 0.816728 -0.013725
vn -0.536834 0.808660 -0.240580
vn -0.590974 0.708845 0.385082
vn -0.576860 0.816728 -0.013725
vn -0.614330 0.786040 -0.068842
vn -0.541980 0.823393 0.168172
vn -0.590974 0.708845 0.385082
vn -0.614330 0.786040 -0.068842
vn 0.496203 0.399177 0.771000
vn -0.590974 0.708845 0.385082
vn -0.322233 0.536469 0.779979
vn -0.154542 0.561260 0.813083
vn -0.556654 0.829567 0.044222
vn 0.524992 0.538300 0.659255
vn -0.549787 0.834086 -0.045102
vn 0.969385 -0.206614 0.132681
vn -0.387387 0.855427 0.343766
vn -0.550020 0.552772 -0.626036
vn -0.374566 0.883363 -0.281728
vn -0.471193 0.528654 -0.706047
vn -0.216436 0.947966 0.233488
vn -0.374566 0.883363 -0.281728
vn -0.536834 0.808660 -0.240580
vn 0.320448 -0.717671 0.618273
vn -0.096755 -0.184262 0.978103
vn 0.084683 -0.920133 0.382341
vn 0.110222 0.115989 0.987116
vn 0.247400 -0.962259 0.113364
vn 0.019966 -0.240357 0.970479
vn 0.063799 0.899648 0.431930
vn -0.016294 0.985309 0.170002
vn 0.229564 0.625415 0.745759
vn -0.434308 0.345469 -0.831882
vn -0.352193 0.919417 -0.175023
vn -0.314665 0.753708 -0.576984
vn 0.169443 0.700082 0.693667
vn -0.112703 0.786423 0.607319
vn -0.160813 0.890137 0.426375
vn -0.159234 0.932966 0.322831
vn -0.017114 0.918915 -0.394085
vn -0.156154 0.985903 -0.060095
vn -0.160813 0.890137 0.426375
vn -0.233332 0.942765 0.238223
vn -0.352193 0.919417 -0.175023
vn -0.112703 0.786423 0.607319
vn -0.156154 0.985903 -0.060095
vn -0.233332 0.942765 0.238223
vn -0.244495 0.776381 -0.580908
vn -0.314665 0.753708 -0.576984
vn -0.156154 0.985903 -0.060095
vn -0.233332 0.942765 0.238223
vn -0.156154 0.985903 -0.060095
vn -0.314665 0.753708 -0.576984
vn 0.071521 0.828120 -0.555969
vn 0.198989 0.488781 -0.849409
vn -0.039593 0.624950 -0.779660
vn 0.286512 0.660564 -0.693949
vn 0.130396 0.798360 -0.587893
vn 0.044517 0.734191 -0.677482
vn -0.352193 0.919417 -0.175023
vn -0.233332 0.942765 0.238223
vn -0.314665 0.753708 -0.576984
vn -0.233332 0.942765 0.238223
vn -0.160813 0.890137 0.426375
vn -0.112703 0.786423 0.607319
vn 0.116037 0.991542 -0.058133
vn -0.159234 0.932966 0.322831
vn 0.295052 0.621994 0.725305
vn -0.017114 0.918915 -0.394085
vn 0.130396 0.798360 -0.587893
vn 0.083499 0.831871 -0.548652
vn 0.220846 -0.769090 -0.599773
vn 0.175279 0.172019 -0.969374
vn 0.286512 0.660564 -0.693949
vn 0.233797 -0.852585 -0.467374
vn 0.220846 -0.769090 -0.599773
vn 0.017984 -0.963444 -0.267304
vn 0.137499 -0.982891 -0.122553
vn 0.210922 -0.788517 -0.577714
vn 0.182225 -0.463787 0.867004
vn -0.070225 -0.908445 -0.412064
vn 0.210922 -0.788517 -0.577714
vn 0.408130 -0.867043 -0.285772
vn 0.030206 0.119034 0.992431
vn -0.267398 0.654407 0.707283
vn 0.043388 0.457022 0.888396
vn 0.013862 -0.992960 -0.117640
vn 0.408130 -0.867043 -0.285772
vn 0.030206 0.119034 0.992431
vn 0.957699 -0.085987 0.274624
vn 0.426537 0.557276 0.712397
vn 0.670943 -0.344507 0.656620
vn 0.184754 0.241986 0.952528
vn 0.426537 0.557276 0.712397
vn 0.426991 0.388297 0.816642
vn 0.454178 -0.861247 -0.227983
vn 0.184754 0.241986 0.952528
vn 0.426991 0.388297 0.816642
vn 0.030206 0.119034 0.992431
vn 0.184754 0.241986 0.952528
vn 0.013862 -0.992960 -0.117640
vn -0.573678 0.709993 0.408417
vn -0.377125 0.678600 0.630301
vn -0.612459 0.646798 0.454473
vn -0.975028 -0.092921 0.201706
vn -0.612459 0.646798 0.454473
vn -0.382620 0.777924 0.498433
vn 0.454178 -0.861247 -0.227983
vn 0.248807 0.736409 0.629124
vn 0.824595 0.435796 0.360728
vn 0.426537 0.557276 0.712397
vn 0.248807 0.736409 0.629124
vn 0.426991 0.388297 0.816642
vn 0.758849 -0.628337 -0.171290
vn 0.188587 -0.809476 -0.556043
vn -0.693633 -0.522167 -0.496201
vn 0.819152 -0.451329 -0.353966
vn 0.965027 -0.067333 -0.253357
vn -0.548528 -0.768180 -0.330178
vn 0.985306 -0.053546 -0.162190
vn 0.478240 -0.714258 0.511002
vn -0.153529 -0.972114 -0.177265
vn 0.901161 0.265873 -0.342375
vn 0.915377 0.333428 -0.225634
vn 0.802043 0.577934 0.150730
vn 0.985306 -0.053546 -0.162190
vn 0.987701 0.096482 0.123033
vn 0.803968 -0.163597 -0.571727
vn 0.915377 0.333428 -0.225634
vn 0.985306 -0.053546 -0.162190
vn 0.802043 0.577934 0.150730
vn 0.957699 -0.085987 0.274624
vn 0.670943 -0.344507 0.656620
vn 0.758849 -0.628337 -0.171290
vn 0.957699 -0.085987 0.274624
vn 0.795538 -0.447032 -0.409001
vn 0.935214 0.336848 0.109124
vn -0.693633 -0.522167 -0.496201
vn -0.627073 -0.699158 -0.343450
vn 0.795538 -0.447032 -0.409001
vn 0.901161 0.265873 -0.342375
vn 0.502275 -0.612229 -0.610652
vn 0.154540 -0.571573 -0.805867
vn 0.308166 0.949127 0.064735
vn 0.182276 0.946229 0.267258
vn -0.073629 0.996226 0.045953
vn -0.214000 0.790851 0.573375
vn -0.073629 0.996226 0.045953
vn -0.166367 0.781041 0.601912
vn 0.409247 0.902429 0.134681
vn 0.257574 0.957385 0.130650
vn 0.403245 0.906320 -0.126406
vn 0.357510 0.931640 0.065061
vn 0.100230 0.994552 0.028628
vn 0.214889 0.759935 0.613450
vn 0.308166 0.949127 0.064735
vn -0.073629 0.996226 0.045953
vn -0.183487 0.977451 0.104507
vn 0.214889 0.759935 0.613450
vn 0.182276 0.946229 0.267258
vn 0.357510 0.931640 0.065061
vn 0.257574 0.957385 0.130650
vn -0.183487 0.977451 0.104507
vn 0.016035 0.999059 -0.040294
vn 0.357510 0.931640 0.065061
vn 0.182276 0.946229 0.267258
vn 0.308166 0.949127 0.064735
vn 0.409247 0.902429 0.134681
vn -0.009779 0.999946 -0.003460
vn 0.357510 0.931640 0.065061
vn -0.137733 -0.747378 0.649966
vn 0.214889 0.759935 0.613450
vn -0.285608 -0.795763 0.534031
vn -0.026981 0.952422 -0.303587
vn 0.031624 0.992787 0.115646
vn 0.100230 0.994552 0.028628
vn -0.229632 0.353314 0.906884
vn -0.167864 -0.258397 0.951343
vn -0.109231 -0.815182 0.568812
vn 0.031624 0.992787 0.115646
vn -0.026981 0.952422 -0.303587
vn 0.142546 0.920199 -0.364575
vn -0.229632 0.353314 0.906884
vn 0.031624 0.992787 0.115646
vn -0.167864 -0.258397 0.951343
vn 0.141065 -0.976947 -0.160237
vn 0.172029 -0.578599 -0.797264
vn 0.107318 0.864252 -0.491479
vn 0.172029 -0.578599 -0.797264
vn 0.055378 -0.963234 -0.262893
vn 0.226350 -0.873321 -0.431365
vn 0.100142 -0.909466 -0.403538
vn 0.104820 -0.987982 0.113600
vn 0.141065 -0.976947 -0.160237
vn 0.332236 -0.927230 -0.172811
vn 0.141065 -0.976947 -0.160237
vn 0.104820 -0.987982 0.113600
vn -0.405948 0.836665 0.367692
vn -0.316820 0.861647 0.396472
vn 0.169303 0.985550 -0.005256
vn -0.026981 0.952422 -0.303587
vn 0.100230 0.994552 0.028628
vn -0.009779 0.999946 -0.003460
vn 0.308166 0.949127 0.064735
vn -0.183487 0.977451 0.104507
vn 0.257574 0.957385 0.130650
vn -0.157846 0.922357 0.352623
vn 0.147116 0.989108 -0.004657
vn 0.333227 0.897118 -0.290066
vn 0.357510 0.931640 0.065061
vn -0.009779 0.999946 -0.003460
vn 0.100230 0.994552 0.028628
vn 0.147116 0.989108 -0.004657
vn -0.009779 0.999946 -0.003460
vn 0.409247 0.902429 0.134681
vn 0.276281 0.809107 -0.518666
vn -0.470164 0.619577 0.628546
vn 0.155106 0.953271 -0.259260
vn 0.276281 0.809107 -0.518666
vn 0.146964 0.922626 -0.356599
vn 0.191459 0.917973 -0.347374
vn 0.264843 0.681611 -0.682103
vn -0.007248 -0.939259 -0.343134
vn 0.218612 0.944116 -0.246687
vn -0.114372 -0.977813 0.175504
vn -0.007248 -0.939259 -0.343134
vn -0.039591 -0.996395 0.075033
vn -0.034689 -0.999375 0.006783
vn -0.274361 -0.959239 0.067722
vn -0.185396 -0.968580 -0.165772
vn -0.262133 -0.947944 0.180798
vn -0.562627 0.467837 0.681600
vn -0.328538 -0.864282 0.380893
vn 0.020647 0.986144 0.164604
vn -0.170757 0.822391 0.542693
vn -0.185396 -0.968580 -0.165772
vn -0.170757 0.822391 0.542693
vn -0.337707 -0.903437 -0.264113
vn -0.395115 -0.898910 -0.189330
vn -0.262133 -0.947944 0.180798
vn -0.185396 -0.968580 -0.165772
vn -0.395115 -0.898910 -0.189330
vn -0.395115 -0.898910 -0.189330
vn -0.185396 -0.968580 -0.165772
vn -0.170757 0.822391 0.542693
vn -0.191582 -0.951210 -0.241860
vn 0.171048 -0.671539 -0.720956
vn -0.104869 -0.990130 -0.092983
vn 0.645928 0.023281 -0.763043
vn 0.135437 -0.936625 -0.323096
vn -0.107791 -0.987378 0.116045
vn 0.123919 -0.952620 -0.277776
vn 0.645928 0.023281 -0.763043
vn -0.107791 -0.987378 0.116045
vn 0.236451 0.970594 -0.045142
vn 0.277394 0.906189 -0.319177
vn 0.645928 0.023281 -0.763043
vn 0.645928 0.023281 -0.763043
vn 0.497570 0.733400 -0.463194
vn 0.236451 0.970594 -0.045142
vn 0.396065 -0.246496 -0.884518
vn 0.497570 0.733400 -0.463194
vn 0.123919 -0.952620 -0.277776
vn 0.381481 0.917572 -0.111953
vn 0.073315 0.992343 -0.099399
vn 0.215094 0.969088 -0.120840
vn 0.073315 0.992343 -0.099399
vn 0.597698 0.467671 -0.651184
vn -0.244709 0.850975 -0.464713
vn -0.244709 0.850975 -0.464713
vn 0.640408 -0.598279 -0.481602
vn 0.959351 -0.063165 -0.275058
vn -0.244709 0.850975 -0.464713
vn 0.959351 -0.063165 -0.275058
vn -0.150885 0.652780 -0.742370
vn 0.396065 -0.246496 -0.884518
vn 0.381481 0.917572 -0.111953
vn 0.240126 0.938199 -0.249244
vn 0.073315 0.992343 -0.099399
vn 0.381481 0.917572 -0.111953
vn 0.597698 0.467671 -0.651184
vn 0.220846 -0.769090 -0.599773
vn 0.233797 -0.852585 -0.467374
vn 0.684220 0.501709 -0.529274
vn 0.516203 -0.441675 -0.733797
vn 0.233797 -0.852585 -0.467374
vn 0.017984 -0.963444 -0.267304
vn 0.017984 -0.963444 -0.267304
vn 0.237102 -0.183181 -0.954058
vn 0.057311 -0.925309 -0.374859
vn 0.141183 0.481905 -0.864774
vn 0.396341 -0.044144 -0.917041
vn 0.237102 -0.183181 -0.954058
vn 0.220846 -0.769090 -0.599773
vn 0.237102 -0.183181 -0.954058
vn 0.017984 -0.963444 -0.267304
vn 0.237102 -0.183181 -0.954058
vn 0.156031 0.649441 -0.744231
vn 0.141183 0.481905 -0.864774
vn 0.156031 0.649441 -0.744231
vn 0.286512 0.660564 -0.693949
vn 0.044517 0.734191 -0.677482
vn 0.071521 0.828120 -0.555969
vn 0.436857 0.893299 0.105705
vn 0.198989 0.488781 -0.849409
vn 0.237102 -0.183181 -0.954058
vn 0.396341 -0.044144 -0.917041
vn 0.057311 -0.925309 -0.374859
vn 0.396341 -0.044144 -0.917041
vn 0.198989 0.488781 -0.849409
vn 0.359498 0.299648 -0.883726
vn 0.156031 0.649441 -0.744231
vn 0.044517 0.734191 -0.677482
vn -0.039593 0.624950 -0.779660
vn 0.396341 -0.044144 -0.917041
vn 0.141183 0.481905 -0.864774
vn 0.198989 0.488781 -0.849409
vn 0.516203 -0.441675 -0.733797
vn 0.496567 0.762849 -0.414105
vn 0.204205 0.978903 0.007014
vn 0.372718 0.820512 -0.433407
vn 0.496567 0.762849 -0.414105
vn 0.177412 -0.834836 -0.521128
vn 0.450620 0.187612 -0.872779
vn 0.171048 -0.671539 -0.720956
vn 0.496812 0.126570 -0.858579
vn 0.177412 -0.834836 -0.521128
vn -0.191582 -0.951210 -0.241860
vn -0.104869 -0.990130 -0.092983
vn 0.107655 -0.802443 -0.586937
vn 0.155305 -0.873672 -0.461062
vn -0.100002 -0.994576 -0.028603
vn -0.100002 -0.994576 -0.028603
vn -0.107791 -0.987378 0.116045
vn 0.135437 -0.936625 -0.323096
vn 0.250365 -0.861498 -0.441745
vn -0.100002 -0.994576 -0.028603
vn 0.135437 -0.936625 -0.323096
vn 0.580756 -0.138273 -0.802249
vn 0.520478 -0.478026 -0.707526
vn 0.155305 -0.873672 -0.461062
vn 0.496812 0.126570 -0.858579
vn 0.171048 -0.671539 -0.720956
vn 0.249346 -0.637688 -0.728821
vn -0.104869 -0.990130 -0.092983
vn 0.107655 -0.802443 -0.586937
vn -0.100002 -0.994576 -0.028603
vn -0.100002 -0.994576 -0.028603
vn 0.250365 -0.861498 -0.441745
vn -0.104869 -0.990130 -0.092983
vn 0.177412 -0.834836 -0.521128
vn -0.104869 -0.990130 -0.092983
vn 0.250365 -0.861498 -0.441745
vn -0.833447 0.552250 -0.019634
vn -0.244709 0.850975 -0.464713
vn -0.150885 0.652780 -0.742370
vn 0.525353 0.844734 0.102119
vn 0.855518 0.044462 0.515860
vn -0.221134 0.813373 -0.538074
vn 0.559390 0.795280 0.233691
vn -0.043612 0.997142 -0.061689
vn 0.228653 0.964030 -0.135516
vn 0.435719 0.891474 -0.124190
vn 0.346655 0.937786 0.019694
vn 0.632962 0.549221 0.545633
vn -0.549716 -0.297883 -0.780435
vn -0.722820 -0.264132 -0.638566
vn -0.455837 -0.371175 -0.808976
vn 0.034055 0.587045 0.808838
vn 0.632962 0.549221 0.545633
vn 0.583992 0.245457 0.773760
vn 0.632962 0.549221 0.545633
vn 0.034055 0.587045 0.808838
vn 0.374185 0.871399 0.317253
vn 0.034055 0.587045 0.808838
vn -0.471292 0.790525 0.391094
vn 0.374185 0.871399 0.317253
vn -0.125739 0.804021 -0.581155
vn 0.583992 0.245457 0.773760
vn 0.632962 0.549221 0.545633
vn -0.911464 0.395629 0.112745
vn -0.846659 -0.520666 -0.109885
vn -0.839323 0.538161 0.076933
vn -0.058737 0.218045 -0.974170
vn -0.628218 0.124978 -0.767934
vn -0.240530 -0.070863 -0.968051
vn -0.839323 0.538161 0.076933
vn -0.846659 -0.520666 -0.109885
vn -0.976072 -0.096950 0.194641
vn 0.025853 0.905240 0.424114
vn -0.735745 0.084304 0.671991
vn 0.348230 0.643151 0.681977
vn -0.735745 0.084304 0.671991
vn 0.025853 0.905240 0.424114
vn -0.685131 -0.181486 0.705449
vn -0.191536 0.569982 0.799021
vn -0.808468 -0.469635 0.354715
vn -0.514275 -0.840845 0.168823
vn 0.188070 0.932958 0.306950
vn 0.207031 0.954076 0.216511
vn -0.384976 0.690116 0.612808
vn -0.301539 0.932423 0.199151
vn -0.740355 -0.336868 0.581717
vn 0.037863 0.960653 0.275160
vn -0.757343 0.427536 0.493603
vn -0.740355 -0.336868 0.581717
vn -0.301539 0.932423 0.199151
vn 0.544001 0.837955 0.043523
vn 0.154596 0.986629 -0.051612
vn -0.301539 0.932423 0.199151
vn -0.573678 0.709993 0.408417
vn -0.484175 0.874488 0.029077
vn 0.154596 0.986629 -0.051612
vn 0.154596 0.986629 -0.051612
vn 0.544001 0.837955 0.043523
vn 0.582453 0.806923 -0.098101
vn 0.501117 0.846043 -0.181917
vn -0.084959 0.987417 -0.133377
vn 0.154596 0.986629 -0.051612
vn 0.198964 0.875403 0.440549
vn 0.024899 0.933545 0.357593
vn -0.084959 0.987417 -0.133377
vn -0.612459 0.646798 0.454473
vn -0.282046 0.195399 0.939292
vn -0.289213 0.761875 0.579571
vn -0.301539 0.932423 0.199151
vn -0.484175 0.874488 0.029077
vn -0.757343 0.427536 0.493603
vn -0.612459 0.646798 0.454473
vn -0.484175 0.874488 0.029077
vn -0.573678 0.709993 0.408417
vn 0.137499 -0.982891 -0.122553
vn -0.464064 -0.787890 0.404813
vn 0.524093 -0.804416 -0.279718
vn -0.700354 -0.510709 0.498678
vn -0.464064 -0.787890 0.404813
vn -0.294268 -0.940225 -0.171414
vn -0.419658 -0.625731 0.657532
vn -0.700354 -0.510709 0.498678
vn 0.118242 -0.855346 0.504384
vn -0.464064 -0.787890 0.404813
vn -0.700354 -0.510709 0.498678
vn -0.686311 -0.337779 0.644114
vn 0.080825 -0.800676 0.593621
vn 0.118242 -0.855346 0.504384
vn 0.190870 -0.799341 0.569756
vn -0.950760 0.109317 0.290009
vn -0.419658 -0.625731 0.657532
vn -0.240751 -0.812453 0.530998
vn 0.080825 -0.800676 0.593621
vn 0.190870 -0.799341 0.569756
vn -0.381526 -0.911217 0.155310
vn -0.240751 -0.812453 0.530998
vn -0.419658 -0.625731 0.657532
vn 0.080825 -0.800676 0.593621
vn -0.975028 -0.092921 0.201706
vn -0.382620 0.777924 0.498433
vn 0.040280 -0.864293 0.501373
vn -0.950760 0.109317 0.290009
vn -0.612459 0.646798 0.454473
vn -0.975028 -0.092921 0.201706
vn 0.031149 0.996821 -0.073338
vn -0.035543 0.999326 0.009235
vn 0.191459 0.917973 -0.347374
vn -0.162125 0.888310 0.429675
vn -0.035543 0.999326 0.009235
vn 0.054617 0.994776 0.086245
vn 0.146964 0.922626 -0.356599
vn 0.031149 0.996821 -0.073338
vn 0.191459 0.917973 -0.347374
vn 0.054617 0.994776 0.086245
vn 0.031149 0.996821 -0.073338
vn 0.032213 0.997589 -0.061465
vn 0.054617 0.994776 0.086245
vn -0.009748 0.961699 0.273934
vn -0.133738 0.109796 0.984916
vn 0.380696 -0.106363 -0.918563
vn 0.270590 0.830165 -0.487450
vn 0.530379 0.332440 -0.779860
vn -0.087641 -0.373252 0.923581
vn -0.133738 0.109796 0.984916
vn -0.099692 -0.379545 0.919786
vn 0.228456 0.875376 -0.426058
vn 0.192159 0.049615 0.980109
vn 0.268876 0.195138 0.943200
vn -0.271880 0.603463 0.749609
vn -0.436559 0.736374 0.516885
vn -0.623822 0.721786 -0.299784
vn -0.395432 0.627569 0.670665
vn -0.436559 0.736374 0.516885
vn -0.235088 0.486427 0.841500
vn -0.395432 0.627569 0.670665
vn -0.235088 0.486427 0.841500
vn -0.322278 0.549064 0.771145
vn -0.590974 0.708845 0.385082
vn -0.395432 0.627569 0.670665
vn -0.322233 0.536469 0.779979
vn 0.771336 -0.434131 -0.465372
vn 0.342901 0.554747 -0.758073
vn 0.293022 -0.502340 -0.813506
vn 0.602030 0.177099 -0.778586
vn 0.192740 0.388651 -0.901000
vn 0.342901 0.554747 -0.758073
vn 0.657060 -0.262525 -0.706649
vn 0.220267 -0.121708 -0.967817
vn 0.140062 0.506142 -0.851001
vn 0.206550 0.870674 0.446390
vn 0.653361 0.493827 -0.573807
vn -0.090822 0.948298 -0.304108
vn -0.048202 -0.984931 -0.166097
vn 0.192740 0.388651 -0.901000
vn -0.002276 -0.432592 -0.901587
vn 0.602030 0.177099 -0.778586
vn 0.140062 0.506142 -0.851001
vn 0.192740 0.388651 -0.901000
vn 0.260697 0.182838 -0.947949
vn 0.291342 -0.201363 -0.935186
vn -0.099287 0.442246 -0.891381
vn -0.002276 -0.432592 -0.901587
vn 0.034132 0.530015 -0.847301
vn 0.111482 -0.445085 -0.888522
vn -0.099287 0.442246 -0.891381
vn 0.111482 -0.445085 -0.888522
vn 0.034132 0.530015 -0.847301
vn 0.291342 -0.201363 -0.935186
vn 0.111482 -0.445085 -0.888522
vn -0.099287 0.442246 -0.891381
vn 0.034132 0.530015 -0.847301
vn 0.000733 0.483430 -0.875383
vn -0.099287 0.442246 -0.891381
vn -0.221970 0.453043 -0.863413
vn 0.228456 0.875376 -0.426058
vn 0.338673 0.692326 -0.637170
vn 0.291342 -0.201363 -0.935186
vn 0.260697 0.182838 -0.947949
vn 0.510856 -0.039896 -0.858740
vn -0.083627 -0.990239 0.111502
vn 0.111482 -0.445085 -0.888522
vn 0.291342 -0.201363 -0.935186
vn 0.338673 0.692326 -0.637170
vn 0.153552 -0.058259 -0.986422
vn 0.260697 0.182838 -0.947949
vn 0.361351 0.652173 0.666405
vn -0.286004 0.740857 0.607727
vn 0.097626 0.136993 -0.985750
vn 0.004367 -0.980542 -0.196263
vn 0.124854 -0.884616 -0.449296
vn 0.121170 -0.191716 -0.973942
vn -0.158120 -0.941718 0.296928
vn -0.083627 -0.990239 0.111502
vn 0.124854 -0.884616 -0.449296
vn 0.153552 -0.058259 -0.986422
vn 0.510856 -0.039896 -0.858740
vn 0.260697 0.182838 -0.947949
vn 0.124854 -0.884616 -0.449296
vn 0.510856 -0.039896 -0.858740
vn 0.121170 -0.191716 -0.973942
vn 0.004367 -0.980542 -0.196263
vn 0.121170 -0.191716 -0.973942
vn 0.193387 -0.396113 -0.897606
vn 0.004367 -0.980542 -0.196263
vn 0.141226 -0.988415 0.055605
vn -0.155014 -0.872594 0.463195
vn -0.035105 -0.993573 0.107608
vn -0.025604 -0.935182 0.353241
vn -0.039591 -0.996395 0.075033
vn 0.188639 -0.898747 -0.395814
vn -0.025604 -0.935182 0.353241
vn 0.141226 -0.988415 0.055605
vn 0.004367 -0.980542 -0.196263
vn -0.155014 -0.872594 0.463195
vn -0.158120 -0.941718 0.296928
vn -0.025604 -0.935182 0.353241
vn -0.155014 -0.872594 0.463195
vn 0.141226 -0.988415 0.055605
vn 0.952528 -0.020711 -0.303746
vn 0.500179 -0.491708 -0.712772
vn 0.466344 -0.883279 -0.048389
vn 0.082063 -0.893176 0.442157
vn 0.478240 -0.714258 0.511002
vn 0.280648 -0.864882 0.416191
vn -0.119496 -0.808479 -0.576266
vn 0.952528 -0.020711 -0.303746
vn 0.154540 -0.571573 -0.805867
vn 0.952528 -0.020711 -0.303746
vn -0.119496 -0.808479 -0.576266
vn 0.500179 -0.491708 -0.712772
vn -0.295073 -0.944306 -0.145667
vn 0.082063 -0.893176 0.442157
vn 0.706319 -0.508612 -0.492369
vn 0.082063 -0.893176 0.442157
vn 0.280648 -0.864882 0.416191
vn 0.466344 -0.883279 -0.048389
vn 0.566352 0.591275 0.574142
vn 0.386809 0.742382 0.547035
vn 0.540308 0.804367 0.247106
vn 0.436396 0.876905 0.201483
vn 0.961396 0.185674 -0.203086
vn -0.549787 0.834086 -0.045102
vn 0.496203 0.399177 0.771000
vn 0.469418 0.079711 0.879371
vn -0.288145 0.873418 0.392573
vn 0.469418 0.079711 0.879371
vn 0.699961 -0.272492 0.660153
vn 0.376595 -0.532319 0.758164
vn -0.590974 0.708845 0.385082
vn 0.496203 0.399177 0.771000
vn -0.288145 0.873418 0.392573
vn 0.496203 0.399177 0.771000
vn -0.322233 0.536469 0.779979
vn 0.524992 0.538300 0.659255
vn 0.063799 0.899648 0.431930
vn 0.229564 0.625415 0.745759
vn -0.009902 -0.497292 0.867527
vn 0.169443 0.700082 0.693667
vn -0.160813 0.890137 0.426375
vn 0.063799 0.899648 0.431930
vn 0.582280 -0.280687 0.762997
vn 0.490973 -0.854785 -0.168192
vn 0.060060 0.438545 0.896700
vn -0.112703 0.786423 0.607319
vn -0.159234 0.932966 0.322831
vn -0.156154 0.985903 -0.060095
vn -0.290384 0.584311 -0.757798
vn 0.175279 0.172019 -0.969374
vn 0.592120 0.145033 -0.792691
vn 0.286512 0.660564 -0.693949
vn 0.175279 0.172019 -0.969374
vn 0.095985 0.741927 -0.663574
vn 0.286512 0.660564 -0.693949
vn 0.095985 0.741927 -0.663574
vn 0.083499 0.831871 -0.548652
vn 0.237102 -0.183181 -0.954058
vn 0.286512 0.660564 -0.693949
vn 0.156031 0.649441 -0.744231
vn 0.043388 0.457022 0.888396
vn 0.480911 -0.132927 0.866634
vn 0.187060 0.483006 0.855403
vn 0.532329 -0.810085 0.245740
vn 0.480911 -0.132927 0.866634
vn 0.519721 -0.355098 0.777043
vn 0.030206 0.119034 0.992431
vn 0.043388 0.457022 0.888396
vn 0.187060 0.483006 0.855403
vn -0.267398 0.654407 0.707283
vn -0.289213 0.761875 0.579571
vn 0.034840 0.209125 0.977268
vn 0.188587 -0.809476 -0.556043
vn 0.758849 -0.628337 -0.171290
vn 0.670943 -0.344507 0.656620
vn -0.693633 -0.522167 -0.496201
vn 0.795538 -0.447032 -0.409001
vn 0.758849 -0.628337 -0.171290
vn -0.504583 -0.562602 -0.654885
vn -0.548528 -0.768180 -0.330178
vn -0.693633 -0.522167 -0.496201
vn 0.154540 -0.571573 -0.805867
vn -0.627073 -0.699158 -0.343450
vn -0.485266 -0.839122 -0.245745
vn -0.693633 -0.522167 -0.496201
vn -0.465111 -0.218473 -0.857870
vn -0.504583 -0.562602 -0.654885
vn 0.699961 -0.272492 0.660153
vn 0.277271 0.830637 0.482869
vn 0.572659 -0.085586 0.815314
vn 0.154540 -0.571573 -0.805867
vn -0.485266 -0.839122 -0.245745
vn -0.119496 -0.808479 -0.576266
vn 0.915377 0.333428 -0.225634
vn 0.901161 0.265873 -0.342375
vn 0.952528 -0.020711 -0.303746
vn -0.693633 -0.522167 -0.496201
vn -0.548528 -0.768180 -0.330178
vn -0.627073 -0.699158 -0.343450
vn -0.548528 -0.768180 -0.330178
vn 0.965027 -0.067333 -0.253357
vn 0.706453 -0.210753 -0.675654
vn 0.951632 0.220438 -0.214018
vn 0.961396 0.185674 -0.203086
vn 0.566352 0.591275 0.574142
vn 0.924927 -0.344756 0.160168
vn 0.304461 -0.828596 -0.469821
vn 0.951632 0.220438 -0.214018
vn 0.304461 -0.828596 -0.469821
vn -0.107927 -0.655245 -0.747667
vn -0.119496 -0.808479 -0.576266
vn 0.293403 -0.366240 0.883053
vn 0.042035 -0.699045 0.713841
vn 0.468408 -0.850520 0.239184
vn 0.935214 0.336848 0.109124
vn 0.901161 0.265873 -0.342375
vn 0.802043 0.577934 0.150730
vn -0.627073 -0.699158 -0.343450
vn 0.502275 -0.612229 -0.610652
vn 0.795538 -0.447032 -0.409001
vn 0.706453 -0.210753 -0.675654
vn 0.304461 -0.828596 -0.469821
vn -0.485266 -0.839122 -0.245745
vn 0.996668 0.048556 0.065535
vn 0.293403 -0.366240 0.883053
vn 0.924927 -0.344756 0.160168
vn 0.154540 -0.571573 -0.805867
vn 0.502275 -0.612229 -0.610652
vn -0.627073 -0.699158 -0.343450
vn 0.901161 0.265873 -0.342375
vn 0.795538 -0.447032 -0.409001
vn 0.502275 -0.612229 -0.610652
vn 0.304461 -0.828596 -0.469821
vn -0.119496 -0.808479 -0.576266
vn -0.485266 -0.839122 -0.245745
vn -0.107927 -0.655245 -0.747667
vn 0.468408 -0.850520 0.239184
vn 0.042035 -0.699045 0.713841
vn 0.951632 0.220438 -0.214018
vn 0.566352 0.591275 0.574142
vn 0.540308 0.804367 0.247106
vn 0.468408 -0.850520 0.239184
vn -0.107927 -0.655245 -0.747667
vn 0.304461 -0.828596 -0.469821
vn 0.475767 0.594089 -0.648616
vn 0.679345 -0.135001 -0.721294
vn 0.332236 -0.927230 -0.172811
vn 0.409247 0.902429 0.134681
vn 0.403245 0.906320 -0.126406
vn 0.147116 0.989108 -0.004657
vn 0.454254 -0.618219 -0.641450
vn 0.475767 0.594089 -0.648616
vn 0.332236 -0.927230 -0.172811
vn 0.454254 -0.618219 -0.641450
vn 0.539331 0.509548 -0.670435
vn 0.475767 0.594089 -0.648616
vn 0.403245 0.906320 -0.126406
vn 0.257574 0.957385 0.130650
vn 0.016035 0.999059 -0.040294
vn 0.308166 0.949127 0.064735
vn 0.257574 0.957385 0.130650
vn 0.409247 0.902429 0.134681
vn 0.253406 0.865661 0.431759
vn 0.213681 0.970446 -0.112142
vn 0.215549 0.969943 -0.112909
vn 0.396065 -0.246496 -0.884518
vn -0.131795 -0.989817 -0.053784
vn 0.223833 -0.931761 -0.285866
vn -0.833447 0.552250 -0.019634
vn -0.413598 0.905225 -0.097494
vn 0.169559 0.914177 0.368145
vn 0.855518 0.044462 0.515860
vn -0.413598 0.905225 -0.097494
vn -0.221134 0.813373 -0.538074
vn 0.525353 0.844734 0.102119
vn -0.221134 0.813373 -0.538074
vn -0.611569 0.362610 -0.703205
vn 0.283233 -0.305705 0.909023
vn -0.469941 0.780817 0.411681
vn 0.848602 0.444169 -0.287383
vn 0.519770 0.183062 0.834462
vn 0.428480 0.545326 -0.720434
vn 0.478108 0.838103 -0.262672
vn 0.993720 -0.016006 -0.110743
vn 0.477340 -0.301579 0.825346
vn 0.283233 -0.305705 0.909023
vn -0.155133 0.953915 -0.256865
vn 0.228653 0.964030 -0.135516
vn -0.043612 0.997142 -0.061689
vn -0.226685 0.263381 -0.937680
vn 0.559390 0.795280 0.233691
vn 0.228653 0.964030 -0.135516
vn 0.735985 0.352247 -0.578142
vn 0.048049 0.087610 -0.994995
vn 0.721565 0.691829 -0.026763
vn 0.993720 -0.016006 -0.110743
vn -0.058737 0.218045 -0.974170
vn 0.956544 0.130956 -0.260527
vn 0.735985 0.352247 -0.578142
vn 0.892252 0.149778 0.425973
vn 0.970532 0.057073 0.234118
vn 0.735985 0.352247 -0.578142
vn -0.240530 -0.070863 -0.968051
vn -0.549716 -0.297883 -0.780435
vn -0.722820 -0.264132 -0.638566
vn -0.549716 -0.297883 -0.780435
vn -0.240530 -0.070863 -0.968051
vn -0.455837 -0.371175 -0.808976
vn 0.048049 0.087610 -0.994995
vn -0.549716 -0.297883 -0.780435
vn -0.628218 0.124978 -0.767934
vn -0.722820 -0.264132 -0.638566
vn -0.240530 -0.070863 -0.968051
vn -0.455837 -0.371175 -0.808976
vn -0.722820 -0.264132 -0.638566
vn -0.226685 0.263381 -0.937680
vn -0.628218 0.124978 -0.767934
vn -0.058737 0.218045 -0.974170
vn -0.125739 0.804021 -0.581155
vn -0.226685 0.263381 -0.937680
vn -0.628218 0.124978 -0.767934
vn 0.559390 0.795280 0.233691
vn -0.240530 -0.070863 -0.968051
vn 0.735985 0.352247 -0.578142
vn 0.956544 0.130956 -0.260527
vn -0.469941 0.780817 0.411681
vn 0.034055 0.587045 0.808838
vn 0.848602 0.444169 -0.287383
vn 0.477340 -0.301579 0.825346
vn 0.892252 0.149778 0.425973
vn 0.587807 -0.418632 0.692265
vn 0.956544 0.130956 -0.260527
vn 0.970532 0.057073 0.234118
vn 0.477340 -0.301579 0.825346
vn 0.855518 0.044462 0.515860
vn 0.428092 -0.261735 0.865004
vn 0.711803 -0.394977 0.580801
vn 0.525353 0.844734 0.102119
vn 0.428092 -0.261735 0.865004
vn 0.855518 0.044462 0.515860
vn 0.477340 -0.301579 0.825346
vn 0.970532 0.057073 0.234118
vn 0.892252 0.149778 0.425973
vn 0.956544 0.130956 -0.260527
vn 0.735985 0.352247 -0.578142
vn 0.970532 0.057073 0.234118
vn 0.519770 0.183062 0.834462
vn -0.469941 0.780817 0.411681
vn 0.283233 -0.305705 0.909023
vn -0.960072 0.248872 0.127765
vn -0.685131 -0.181486 0.705449
vn -0.706676 -0.569346 0.420064
vn 0.347076 0.344521 0.872263
vn -0.268023 0.146062 0.952276
vn 0.074624 -0.088062 0.993316
vn -0.710485 0.062745 0.700910
vn -0.268023 0.146062 0.952276
vn -0.735745 0.084304 0.671991
vn 0.025853 0.905240 0.424114
vn 0.348230 0.643151 0.681977
vn 0.435719 0.891474 -0.124190
vn -0.268023 0.146062 0.952276
vn 0.348230 0.643151 0.681977
vn -0.735745 0.084304 0.671991
vn 0.374185 0.871399 0.317253
vn 0.025853 0.905240 0.424114
vn 0.435719 0.891474 -0.124190
vn -0.685131 -0.181486 0.705449
vn 0.025853 0.905240 0.424114
vn -0.563002 0.512663 0.648232
vn -0.976072 -0.096950 0.194641
vn -0.725488 -0.681784 0.094011
vn -0.706676 -0.569346 0.420064
vn -0.710485 0.062745 0.700910
vn -0.685131 -0.181486 0.705449
vn -0.361096 0.503620 0.784842
vn -0.725488 -0.681784 0.094011
vn -0.854182 -0.494868 -0.159622
vn -0.487616 0.868755 0.086574
vn 0.117081 0.972706 0.200335
vn -0.369000 0.909463 0.191616
vn -0.487616 0.868755 0.086574
vn 0.358874 -0.611822 0.704899
vn -0.710485 0.062745 0.700910
vn -0.361096 0.503620 0.784842
vn -0.710485 0.062745 0.700910
vn -0.733619 -0.399398 0.549803
vn -0.268023 0.146062 0.952276
vn -0.487616 0.868755 0.086574
vn -0.960072 0.248872 0.127765
vn -0.725488 -0.681784 0.094011
vn -0.361096 0.503620 0.784842
vn -0.960072 0.248872 0.127765
vn -0.369000 0.909463 0.191616
vn -0.854182 -0.494868 -0.159622
vn -0.846659 -0.520666 -0.109885
vn -0.957912 -0.287018 0.005074
vn -0.487616 0.868755 0.086574
vn 0.164734 0.985900 0.029388
vn 0.117081 0.972706 0.200335
vn -0.706676 -0.569346 0.420064
vn -0.563002 0.512663 0.648232
vn -0.976072 -0.096950 0.194641
vn -0.960072 0.248872 0.127765
vn -0.706676 -0.569346 0.420064
vn -0.725488 -0.681784 0.094011
vn -0.471292 0.790525 0.391094
vn -0.563002 0.512663 0.648232
vn 0.374185 0.871399 0.317253
vn -0.976072 -0.096950 0.194641
vn -0.471292 0.790525 0.391094
vn -0.839323 0.538161 0.076933
vn 0.034055 0.587045 0.808838
vn -0.469941 0.780817 0.411681
vn -0.839323 0.538161 0.076933
vn -0.469941 0.780817 0.411681
vn -0.367463 0.908158 -0.200549
vn -0.911464 0.395629 0.112745
vn 0.037863 0.960653 0.275160
vn -0.513606 0.360295 0.778715
vn 0.388805 0.919181 -0.062743
vn -0.301539 0.932423 0.199151
vn 0.037863 0.960653 0.275160
vn 0.544001 0.837955 0.043523
vn -0.975028 -0.092921 0.201706
vn 0.040280 -0.864293 0.501373
vn -0.686311 -0.337779 0.644114
vn 0.450023 -0.353774 0.819953
vn 0.040280 -0.864293 0.501373
vn -0.382620 0.777924 0.498433
vn -0.009748 0.961699 0.273934
vn 0.032213 0.997589 -0.061465
vn -0.268010 0.885715 0.379051
vn -0.099692 -0.379545 0.919786
vn -0.133738 0.109796 0.984916
vn 0.268876 0.195138 0.943200
vn -0.133738 0.109796 0.984916
vn -0.087641 -0.373252 0.923581
vn -0.162125 0.888310 0.429675
vn -0.132372 -0.282299 0.950150
vn -0.087641 -0.373252 0.923581
vn -0.023989 -0.391689 0.919785
vn 0.657060 -0.262525 -0.706649
vn 0.418794 -0.535646 0.733277
vn 0.485442 -0.365575 0.794167
vn 0.000733 0.483430 -0.875383
vn 0.034132 0.530015 -0.847301
vn 0.140062 0.506142 -0.851001
vn 0.971308 -0.157072 0.178578
vn 0.387919 -0.128695 0.912664
vn 0.556908 0.496467 -0.665864
vn 0.485442 -0.365575 0.794167
vn 0.971308 -0.157072 0.178578
vn 0.848018 -0.529951 -0.004223
vn 0.418794 -0.535646 0.733277
vn 0.657060 -0.262525 -0.706649
vn 0.602030 0.177099 -0.778586
vn 0.657060 -0.262525 -0.706649
vn 0.848018 -0.529951 -0.004223
vn 0.358682 -0.400087 -0.843373
vn 0.193387 -0.396113 -0.897606
vn 0.121170 -0.191716 -0.973942
vn 0.097626 0.136993 -0.985750
vn 0.461439 -0.406546 -0.788539
vn 0.530379 0.332440 -0.779860
vn 0.539331 0.509548 -0.670435
vn 0.952528 -0.020711 -0.303746
vn 0.466344 -0.883279 -0.048389
vn 0.280648 -0.864882 0.416191
vn 0.500179 -0.491708 -0.712772
vn 0.706319 -0.508612 -0.492369
vn 0.466344 -0.883279 -0.048389
vn 0.364549 0.908946 0.202290
vn 0.312326 0.453224 0.834889
vn -0.404932 0.590559 -0.698047
vn 0.566352 0.591275 0.574142
vn 0.312326 0.453224 0.834889
vn 0.386809 0.742382 0.547035
vn 0.924927 -0.344756 0.160168
vn 0.951632 0.220438 -0.214018
vn 0.540308 0.804367 0.247106
vn 0.961396 0.185674 -0.203086
vn 0.436396 0.876905 0.201483
vn 0.566352 0.591275 0.574142
vn 0.304461 -0.828596 -0.469821
vn 0.706453 -0.210753 -0.675654
vn 0.951632 0.220438 -0.214018
vn 0.961396 0.185674 -0.203086
vn 0.951632 0.220438 -0.214018
vn 0.706453 -0.210753 -0.675654
vn 0.961396 0.185674 -0.203086
vn 0.965027 -0.067333 -0.253357
vn 0.969385 -0.206614 0.132681
vn 0.524992 0.538300 0.659255
vn 0.747018 0.513330 0.422441
vn 0.496203 0.399177 0.771000
vn 0.819152 -0.451329 -0.353966
vn 0.813074 -0.514612 -0.272187
vn 0.965027 -0.067333 -0.253357
vn 0.961396 0.185674 -0.203086
vn 0.706453 -0.210753 -0.675654
vn 0.965027 -0.067333 -0.253357
vn 0.378741 -0.656439 0.652413
vn 0.296394 -0.928571 -0.223399
vn 0.172597 -0.162104 -0.971562
vn 0.378741 -0.656439 0.652413
vn 0.376595 -0.532319 0.758164
vn 0.572659 -0.085586 0.815314
vn 0.996668 0.048556 0.065535
vn 0.924927 -0.344756 0.160168
vn 0.540308 0.804367 0.247106
vn 0.468408 -0.850520 0.239184
vn 0.304461 -0.828596 -0.469821
vn 0.924927 -0.344756 0.160168
vn 0.996668 0.048556 0.065535
vn 0.540308 0.804367 0.247106
vn 0.033774 0.714513 -0.698806
vn 0.485442 -0.365575 0.794167
vn 0.293403 -0.366240 0.883053
vn 0.387919 -0.128695 0.912664
vn 0.055378 -0.963234 -0.262893
vn 0.332236 -0.927230 -0.172811
vn 0.679345 -0.135001 -0.721294
vn 0.454254 -0.618219 -0.641450
vn 0.332236 -0.927230 -0.172811
vn 0.104820 -0.987982 0.113600
vn -0.024124 -0.999021 0.037084
vn 0.454254 -0.618219 -0.641450
vn 0.104820 -0.987982 0.113600
vn 0.539331 0.509548 -0.670435
vn 0.454254 -0.618219 -0.641450
vn 0.461439 -0.406546 -0.788539
vn -0.050811 -0.982329 0.180134
vn 0.188639 -0.898747 -0.395814
vn 0.275829 -0.715052 -0.642354
vn 0.539331 0.509548 -0.670435
vn 0.169303 0.985550 -0.005256
vn 0.333227 0.897118 -0.290066
vn 0.270590 0.830165 -0.487450
vn 0.380696 -0.106363 -0.918563
vn 0.361058 0.251057 -0.898113
vn 0.169303 0.985550 -0.005256
vn 0.539331 0.509548 -0.670435
vn 0.530379 0.332440 -0.779860
vn -0.316820 0.861647 0.396472
vn -0.190728 0.976904 0.096344
vn -0.157846 0.922357 0.352623
vn 0.475767 0.594089 -0.648616
vn 0.333227 0.897118 -0.290066
vn 0.147116 0.989108 -0.004657
vn 0.155305 -0.873672 -0.461062
vn 0.004520 -0.991828 -0.127502
vn -0.100002 -0.994576 -0.028603
vn 0.520478 -0.478026 -0.707526
vn 0.259474 -0.902566 -0.343582
vn 0.004520 -0.991828 -0.127502
vn 0.491065 -0.758307 -0.428749
vn 0.391540 0.795787 -0.461973
vn -0.006332 0.958496 -0.285036
vn 0.908477 -0.231551 -0.347928
vn -0.335369 0.934270 -0.121110
vn 0.832886 0.536931 -0.134191
vn 0.259474 -0.902566 -0.343582
vn -0.077407 -0.992720 0.092275
vn 0.004520 -0.991828 -0.127502
vn 0.491065 -0.758307 -0.428749
vn 0.476231 -0.849385 -0.227487
vn -0.131795 -0.989817 -0.053784
vn 0.520478 -0.478026 -0.707526
vn 0.072718 0.977914 0.195952
vn 0.391540 0.795787 -0.461973
vn -0.077407 -0.992720 0.092275
vn 0.259474 -0.902566 -0.343582
vn 0.491065 -0.758307 -0.428749
vn 0.123919 -0.952620 -0.277776
vn -0.077407 -0.992720 0.092275
vn -0.131795 -0.989817 -0.053784
vn 0.491065 -0.758307 -0.428749
vn -0.131795 -0.989817 -0.053784
vn -0.077407 -0.992720 0.092275
vn 0.580756 -0.138273 -0.802249
vn 0.155305 -0.873672 -0.461062
vn 0.107655 -0.802443 -0.586937
vn 0.004520 -0.991828 -0.127502
vn 0.155305 -0.873672 -0.461062
vn 0.520478 -0.478026 -0.707526
vn 0.107655 -0.802443 -0.586937
vn 0.171048 -0.671539 -0.720956
vn 0.450620 0.187612 -0.872779
vn 0.580756 -0.138273 -0.802249
vn 0.554133 0.770522 0.315012
vn 0.435784 0.877102 0.201953
vn -0.221134 0.813373 -0.538074
vn -0.413598 0.905225 -0.097494
vn -0.685551 0.469623 -0.556304
vn 0.428480 0.545326 -0.720434
vn -0.611569 0.362610 -0.703205
vn 0.542726 0.356120 -0.760675
vn 0.542726 0.356120 -0.760675
vn -0.611569 0.362610 -0.703205
vn -0.150885 0.652780 -0.742370
vn -0.611569 0.362610 -0.703205
vn -0.221134 0.813373 -0.538074
vn -0.685551 0.469623 -0.556304
vn 0.478108 0.838103 -0.262672
vn 0.428480 0.545326 -0.720434
vn 0.780937 0.554056 -0.288374
vn -0.469941 0.780817 0.411681
vn 0.478108 0.838103 -0.262672
vn -0.367463 0.908158 -0.200549
vn -0.125739 0.804021 -0.581155
vn 0.632962 0.549221 0.545633
vn 0.559390 0.795280 0.233691
vn 0.848602 0.444169 -0.287383
vn 0.583992 0.245457 0.773760
vn 0.491827 0.129631 -0.860989
vn -0.628218 0.124978 -0.767934
vn -0.125739 0.804021 -0.581155
vn 0.559390 0.795280 0.233691
vn 0.491827 0.129631 -0.860989
vn 0.583992 0.245457 0.773760
vn -0.125739 0.804021 -0.581155
vn 0.583992 0.245457 0.773760
vn 0.848602 0.444169 -0.287383
vn 0.034055 0.587045 0.808838
vn 0.491827 0.129631 -0.860989
vn -0.058737 0.218045 -0.974170
vn 0.993720 -0.016006 -0.110743
vn 0.848602 0.444169 -0.287383
vn 0.491827 0.129631 -0.860989
vn 0.993720 -0.016006 -0.110743
vn 0.428092 -0.261735 0.865004
vn 0.283233 -0.305705 0.909023
vn 0.477340 -0.301579 0.825346
vn -0.125739 0.804021 -0.581155
vn -0.058737 0.218045 -0.974170
vn 0.491827 0.129631 -0.860989
vn -0.240530 -0.070863 -0.968051
vn 0.956544 0.130956 -0.260527
vn -0.058737 0.218045 -0.974170
vn 0.428092 -0.261735 0.865004
vn 0.525353 0.844734 0.102119
vn 0.519770 0.183062 0.834462
vn 0.711803 -0.394977 0.580801
vn 0.428092 -0.261735 0.865004
vn 0.477340 -0.301579 0.825346
vn -0.846333 0.514773 -0.136856
vn -0.271853 0.866713 -0.418216
vn -0.902452 0.045512 -0.428379
vn -0.282881 0.951112 0.123957
vn -0.957912 -0.287018 0.005074
vn -0.966446 0.249246 -0.062116
vn 0.214401 0.954308 0.208155
vn 0.117081 0.972706 0.200335
vn 0.164734 0.985900 0.029388
vn -0.369000 0.909463 0.191616
vn -0.528669 0.481487 0.699056
vn -0.547099 -0.003265 0.837062
vn -0.361096 0.503620 0.784842
vn -0.369000 0.909463 0.191616
vn -0.547099 -0.003265 0.837062
vn -0.960072 0.248872 0.127765
vn -0.487616 0.868755 0.086574
vn -0.369000 0.909463 0.191616
vn -0.839323 0.538161 0.076933
vn -0.471292 0.790525 0.391094
vn 0.034055 0.587045 0.808838
vn -0.563002 0.512663 0.648232
vn -0.471292 0.790525 0.391094
vn -0.976072 -0.096950 0.194641
vn -0.421306 0.817532 0.392610
vn -0.113963 0.990213 0.080570
vn -0.107886 0.993518 0.035824
vn -0.286004 0.740857 0.607727
vn -0.268010 0.885715 0.379051
vn -0.421306 0.817532 0.392610
vn 0.153552 -0.058259 -0.986422
vn 0.338673 0.692326 -0.637170
vn 0.097626 0.136993 -0.985750
vn -0.087641 -0.373252 0.923581
vn -0.099692 -0.379545 0.919786
vn -0.023989 -0.391689 0.919785
vn -0.221970 0.453043 -0.863413
vn 0.260697 0.182838 -0.947949
vn -0.099287 0.442246 -0.891381
vn 0.653361 0.493827 -0.573807
vn 0.206550 0.870674 0.446390
vn 0.610758 0.233754 -0.756527
vn 0.000733 0.483430 -0.875383
vn -0.224658 0.380445 -0.897101
vn -0.099287 0.442246 -0.891381
vn 0.424609 0.498118 -0.756033
vn 0.206550 0.870674 0.446390
vn 0.118635 0.379629 0.917501
vn 0.141226 -0.988415 0.055605
vn 0.004367 -0.980542 -0.196263
vn 0.193387 -0.396113 -0.897606
vn 0.275829 -0.715052 -0.642354
vn 0.380696 -0.106363 -0.918563
vn 0.530379 0.332440 -0.779860
vn 0.153552 -0.058259 -0.986422
vn 0.121170 -0.191716 -0.973942
vn 0.510856 -0.039896 -0.858740
vn 0.380696 -0.106363 -0.918563
vn 0.188639 -0.898747 -0.395814
vn 0.193387 -0.396113 -0.897606
vn 0.530379 0.332440 -0.779860
vn 0.461439 -0.406546 -0.788539
vn 0.275829 -0.715052 -0.642354
vn -0.024124 -0.999021 0.037084
vn 0.275829 -0.715052 -0.642354
vn 0.461439 -0.406546 -0.788539
vn -0.088993 0.120996 0.988656
vn -0.286004 0.740857 0.607727
vn 0.361351 0.652173 0.666405
vn 0.193387 -0.396113 -0.897606
vn 0.097626 0.136993 -0.985750
vn 0.361058 0.251057 -0.898113
vn 0.260697 0.182838 -0.947949
vn -0.221970 0.453043 -0.863413
vn 0.338673 0.692326 -0.637170
vn 0.121170 -0.191716 -0.973942
vn 0.153552 -0.058259 -0.986422
vn 0.097626 0.136993 -0.985750
vn 0.228456 0.875376 -0.426058
vn 0.268876 0.195138 0.943200
vn 0.338673 0.692326 -0.637170
vn 0.338673 0.692326 -0.637170
vn 0.268876 0.195138 0.943200
vn 0.361351 0.652173 0.666405
vn 0.969385 -0.206614 0.132681
vn -0.549787 0.834086 -0.045102
vn 0.961396 0.185674 -0.203086
vn -0.556654 0.829567 0.044222
vn -0.549787 0.834086 -0.045102
vn -0.387387 0.855427 0.343766
vn 0.524992 0.538300 0.659255
vn -0.556654 0.829567 0.044222
vn -0.387387 0.855427 0.343766
vn -0.315879 0.893776 -0.318409
vn -0.556654 0.829567 0.044222
vn -0.154542 0.561260 0.813083
vn 0.747018 0.513330 0.422441
vn 0.524992 0.538300 0.659255
vn -0.387387 0.855427 0.343766
vn -0.154542 0.561260 0.813083
vn 0.524992 0.538300 0.659255
vn -0.322233 0.536469 0.779979
vn 0.277271 0.830637 0.482869
vn -0.387387 0.855427 0.343766
vn 0.969385 -0.206614 0.132681
vn 0.496203 0.399177 0.771000
vn 0.747018 0.513330 0.422441
vn 0.699961 -0.272492 0.660153
vn -0.833447 0.552250 -0.019634
vn -0.150885 0.652780 -0.742370
vn -0.685551 0.469623 -0.556304
vn -0.611569 0.362610 -0.703205
vn -0.685551 0.469623 -0.556304
vn -0.150885 0.652780 -0.742370
vn -0.611569 0.362610 -0.703205
vn 0.428480 0.545326 -0.720434
vn 0.525353 0.844734 0.102119
vn 0.780937 0.554056 -0.288374
vn 0.428480 0.545326 -0.720434
vn 0.542726 0.356120 -0.760675
vn 0.970455 0.134814 -0.200107
vn 0.780937 0.554056 -0.288374
vn 0.542726 0.356120 -0.760675
vn -0.857881 0.492765 0.145680
vn -0.406106 0.881940 0.239291
vn -0.966446 0.249246 -0.062116
vn -0.367463 0.908158 -0.200549
vn 0.780937 0.554056 -0.288374
vn -0.271853 0.866713 -0.418216
vn -0.902452 0.045512 -0.428379
vn -0.846659 -0.520666 -0.109885
vn -0.911464 0.395629 0.112745
vn -0.469941 0.780817 0.411681
vn -0.911464 0.395629 0.112745
vn -0.839323 0.538161 0.076933
vn -0.902452 0.045512 -0.428379
vn -0.911464 0.395629 0.112745
vn -0.846333 0.514773 -0.136856
vn -0.469941 0.780817 0.411681
vn 0.519770 0.183062 0.834462
vn 0.478108 0.838103 -0.262672
vn 0.428092 -0.261735 0.865004
vn 0.519770 0.183062 0.834462
vn 0.283233 -0.305705 0.909023
vn 0.477340 -0.301579 0.825346
vn 0.993720 -0.016006 -0.110743
vn 0.956544 0.130956 -0.260527
vn 0.848602 0.444169 -0.287383
vn 0.993720 -0.016006 -0.110743
vn 0.283233 -0.305705 0.909023
vn -0.854182 -0.494868 -0.159622
vn -0.519202 0.832090 0.195078
vn -0.487616 0.868755 0.086574
vn -0.575073 -0.780502 -0.245168
vn -0.957912 -0.287018 0.005074
vn -0.846659 -0.520666 -0.109885
vn 0.038439 0.942840 0.331021
vn -0.151309 0.921584 0.357476
vn -0.206420 0.831296 0.516080
vn -0.282881 0.951112 0.123957
vn 0.214813 0.976191 -0.030115
vn 0.164734 0.985900 0.029388
vn -0.957912 -0.287018 0.005074
vn -0.282881 0.951112 0.123957
vn -0.519202 0.832090 0.195078
vn 0.154443 0.986989 0.044732
vn -0.040718 0.981403 0.187593
vn -0.102057 0.932822 0.345583
vn 0.294183 0.948527 -0.117276
vn 0.154443 0.986989 0.044732
vn 0.242910 0.969030 -0.044457
vn -0.514275 -0.840845 0.168823
vn -0.808468 -0.469635 0.354715
vn -0.276437 -0.960376 -0.035496
vn -0.040718 0.981403 0.187593
vn -0.282881 0.951112 0.123957
vn -0.406106 0.881940 0.239291
vn 0.154443 0.986989 0.044732
vn 0.294183 0.948527 -0.117276
vn 0.214813 0.976191 -0.030115
vn -0.846659 -0.520666 -0.109885
vn -0.854182 -0.494868 -0.159622
vn -0.725488 -0.681784 0.094011
vn -0.519202 0.832090 0.195078
vn -0.854182 -0.494868 -0.159622
vn -0.957912 -0.287018 0.005074
vn -0.009748 0.961699 0.273934
vn -0.088993 0.120996 0.988656
vn -0.133738 0.109796 0.984916
vn -0.088993 0.120996 0.988656
vn -0.268010 0.885715 0.379051
vn -0.286004 0.740857 0.607727
vn -0.113963 0.990213 0.080570
vn -0.421306 0.817532 0.392610
vn -0.268010 0.885715 0.379051
vn -0.286004 0.740857 0.607727
vn 0.270590 0.830165 -0.487450
vn 0.361058 0.251057 -0.898113
vn 0.032213 0.997589 -0.061465
vn -0.009748 0.961699 0.273934
vn 0.054617 0.994776 0.086245
vn -0.088993 0.120996 0.988656
vn -0.009748 0.961699 0.273934
vn -0.268010 0.885715 0.379051
vn -0.150885 0.652780 -0.742370
vn 0.959351 -0.063165 -0.275058
vn 0.970455 0.134814 -0.200107
vn -0.271853 0.866713 -0.418216
vn 0.780937 0.554056 -0.288374
vn -0.245800 0.791813 -0.559120
vn 0.640408 -0.598279 -0.481602
vn -0.244709 0.850975 -0.464713
vn 0.597698 0.467671 -0.651184
vn 0.745476 -0.648682 -0.153221
vn 0.999356 -0.001476 0.035865
vn 0.959351 -0.063165 -0.275058
vn -0.245800 0.791813 -0.559120
vn -0.864587 -0.347348 -0.363096
vn -0.902452 0.045512 -0.428379
vn -0.271853 0.866713 -0.418216
vn -0.846333 0.514773 -0.136856
vn -0.367463 0.908158 -0.200549
vn -0.919610 0.318421 -0.230054
vn -0.864587 -0.347348 -0.363096
vn -0.245800 0.791813 -0.559120
vn -0.966446 0.249246 -0.062116
vn -0.864587 -0.347348 -0.363096
vn -0.857881 0.492765 0.145680
vn -0.245800 0.791813 -0.559120
vn -0.902452 0.045512 -0.428379
vn -0.271853 0.866713 -0.418216
vn -0.902452 0.045512 -0.428379
vn -0.864587 -0.347348 -0.363096
vn -0.575073 -0.780502 -0.245168
vn 0.970455 0.134814 -0.200107
vn 0.999356 -0.001476 0.035865
vn 0.780937 0.554056 -0.288374
vn 0.745476 -0.648682 -0.153221
vn 0.803386 -0.587805 -0.095160
vn 0.999356 -0.001476 0.035865
vn 0.223833 -0.931761 -0.285866
vn 0.476231 -0.849385 -0.227487
vn 0.803386 -0.587805 -0.095160
vn 0.832886 0.536931 -0.134191
vn 0.803386 -0.587805 -0.095160
vn 0.908477 -0.231551 -0.347928
vn -0.150885 0.652780 -0.742370
vn 0.970455 0.134814 -0.200107
vn 0.542726 0.356120 -0.760675
vn 0.999356 -0.001476 0.035865
vn 0.970455 0.134814 -0.200107
vn 0.959351 -0.063165 -0.275058
vn -0.367463 0.908158 -0.200549
vn 0.478108 0.838103 -0.262672
vn 0.780937 0.554056 -0.288374
vn -0.911464 0.395629 0.112745
vn -0.367463 0.908158 -0.200549
vn -0.846333 0.514773 -0.136856
vn 0.338673 0.692326 -0.637170
vn 0.361351 0.652173 0.666405
vn 0.097626 0.136993 -0.985750
vn -0.088993 0.120996 0.988656
vn 0.361351 0.652173 0.666405
vn 0.268876 0.195138 0.943200
vn -0.107886 0.993518 0.035824
vn -0.405948 0.836665 0.367692
vn -0.421306 0.817532 0.392610
vn 0.038107 0.998771 0.031692
vn 0.530379 0.332440 -0.779860
vn 0.270590 0.830165 -0.487450
vn -0.421306 0.817532 0.392610
vn -0.459258 0.744650 0.484333
vn -0.286004 0.740857 0.607727
vn -0.405948 0.836665 0.367692
vn 0.038107 0.998771 0.031692
vn -0.459258 0.744650 0.484333
vn 0.597698 0.467671 -0.651184
vn 0.223833 -0.931761 -0.285866
vn 0.640408 -0.598279 -0.481602
vn 0.745476 -0.648682 -0.153221
vn 0.223833 -0.931761 -0.285866
vn 0.803386 -0.587805 -0.095160
vn 0.959351 -0.063165 -0.275058
vn 0.640408 -0.598279 -0.481602
vn 0.745476 -0.648682 -0.153221
vn 0.223833 -0.931761 -0.285866
vn 0.745476 -0.648682 -0.153221
vn 0.640408 -0.598279 -0.481602
vn -0.268010 0.885715 0.379051
vn 0.032213 0.997589 -0.061465
vn -0.113963 0.990213 0.080570
vn -0.107886 0.993518 0.035824
vn -0.113963 0.990213 0.080570
vn 0.032213 0.997589 -0.061465
vn -0.260967 0.930976 0.255305
vn -0.107886 0.993518 0.035824
vn 0.065176 0.954278 -0.291728
vn 0.038107 0.998771 0.031692
vn 0.169303 0.985550 -0.005256
vn 0.530379 0.332440 -0.779860
vn 0.193387 -0.396113 -0.897606
vn 0.361058 0.251057 -0.898113
vn 0.380696 -0.106363 -0.918563
vn -0.286004 0.740857 0.607727
vn 0.361058 0.251057 -0.898113
vn 0.097626 0.136993 -0.985750
vn -0.459258 0.744650 0.484333
vn 0.038107 0.998771 0.031692
vn 0.270590 0.830165 -0.487450
vn -0.405948 0.836665 0.367692
vn 0.169303 0.985550 -0.005256
vn 0.038107 0.998771 0.031692
vn -0.286004 0.740857 0.607727
vn -0.459258 0.744650 0.484333
vn 0.270590 0.830165 -0.487450
vn -0.405948 0.836665 0.367692
vn -0.459258 0.744650 0.484333
vn -0.421306 0.817532 0.392610
vn 0.142546 0.920199 -0.364575
vn 0.038456 0.910126 -0.412544
vn 0.065176 0.954278 -0.291728
vn -0.405948 0.836665 0.367692
vn -0.260967 0.930976 0.255305
vn -0.316820 0.861647 0.396472
vn -0.009779 0.999946 -0.003460
vn -0.252621 0.963986 0.083144
vn -0.026981 0.952422 -0.303587
vn -0.252621 0.963986 0.083144
vn 0.147116 0.989108 -0.004657
vn -0.157846 0.922357 0.352623
vn 0.169303 0.985550 -0.005256
vn -0.157846 0.922357 0.352623
vn 0.333227 0.897118 -0.290066
vn -0.252621 0.963986 0.083144
vn -0.157846 0.922357 0.352623
vn -0.190728 0.976904 0.096344
vn -0.190728 0.976904 0.096344
vn -0.316820 0.861647 0.396472
vn -0.260967 0.930976 0.255305
vn 0.169303 0.985550 -0.005256
vn -0.316820 0.861647 0.396472
vn -0.157846 0.922357 0.352623
vn -0.026981 0.952422 -0.303587
vn -0.252621 0.963986 0.083144
vn -0.190728 0.976904 0.096344
vn 0.147116 0.989108 -0.004657
vn -0.252621 0.963986 0.083144
vn -0.009779 0.999946 -0.003460
vn -0.026981 0.952422 -0.303587
vn -0.190728 0.976904 0.096344
vn 0.038456 0.910126 -0.412544
vn 0.065176 0.954278 -0.291728
vn 0.038456 0.910126 -0.412544
vn -0.190728 0.976904 0.096344
vn -0.109544 -0.947889 0.299176
vn -0.138881 -0.958346 0.249569
vn -0.024136 -0.960346 -0.277764
vn -0.100676 -0.980318 0.169825
vn -0.301509 -0.925299 0.230029
vn -0.138881 -0.958346 0.249569
vn 0.115407 0.506147 -0.854691
vn 0.414939 -0.472788 -0.777365
vn 0.481736 0.114905 -0.868750
vn 0.097007 0.694507 -0.712916
vn 0.414939 -0.472788 -0.777365
vn -0.123650 0.974934 -0.184970
vn -0.091396 -0.044221 0.994832
vn -0.023989 -0.391689 0.919785
vn 0.118635 0.379629 0.917501
vn -0.221970 0.453043 -0.863413
vn -0.224658 0.380445 -0.897101
vn 0.228456 0.875376 -0.426058
vn -0.099287 0.442246 -0.891381
vn -0.224658 0.380445 -0.897101
vn -0.221970 0.453043 -0.863413
vn 0.220267 -0.121708 -0.967817
vn 0.657060 -0.262525 -0.706649
vn 0.358682 -0.400087 -0.843373
vn -0.091396 -0.044221 0.994832
vn 0.118635 0.379629 0.917501
vn 0.206550 0.870674 0.446390
vn 0.192159 0.049615 0.980109
vn -0.023989 -0.391689 0.919785
vn -0.099692 -0.379545 0.919786
vn 0.220267 -0.121708 -0.967817
vn -0.224658 0.380445 -0.897101
vn 0.000733 0.483430 -0.875383
vn 0.228456 0.875376 -0.426058
vn -0.224658 0.380445 -0.897101
vn 0.424609 0.498118 -0.756033
vn 0.206550 0.870674 0.446390
vn 0.424609 0.498118 -0.756033
vn 0.610758 0.233754 -0.756527
vn -0.224658 0.380445 -0.897101
vn 0.220267 -0.121708 -0.967817
vn 0.424609 0.498118 -0.756033
vn 0.653361 0.493827 -0.573807
vn 0.610758 0.233754 -0.756527
vn 0.358682 -0.400087 -0.843373
vn 0.610758 0.233754 -0.756527
vn 0.424609 0.498118 -0.756033
vn 0.220267 -0.121708 -0.967817
vn 0.653361 0.493827 -0.573807
vn 0.358682 -0.400087 -0.843373
vn 0.971308 -0.157072 0.178578
vn 0.848018 -0.529951 -0.004223
vn 0.971308 -0.157072 0.178578
vn 0.358682 -0.400087 -0.843373
vn -0.246060 0.269521 0.931028
vn -0.091396 -0.044221 0.994832
vn 0.206550 0.870674 0.446390
vn -0.023989 -0.391689 0.919785
vn -0.091396 -0.044221 0.994832
vn -0.132372 -0.282299 0.950150
vn 0.268876 0.195138 0.943200
vn 0.192159 0.049615 0.980109
vn -0.099692 -0.379545 0.919786
vn 0.228456 0.875376 -0.426058
vn 0.118635 0.379629 0.917501
vn 0.192159 0.049615 0.980109
vn -0.315879 0.893776 -0.318409
vn -0.322278 0.549064 0.771145
vn -0.103639 0.985528 -0.134138
vn -0.395432 0.627569 0.670665
vn -0.322278 0.549064 0.771145
vn -0.154542 0.561260 0.813083
vn -0.350670 0.654756 -0.669571
vn -0.130399 0.609496 -0.781992
vn -0.492850 0.868186 0.057892
vn -0.090822 0.948298 -0.304108
vn -0.350670 0.654756 -0.669571
vn -0.256273 0.922943 0.287228
vn 0.206550 0.870674 0.446390
vn -0.090822 0.948298 -0.304108
vn -0.256273 0.922943 0.287228
vn 0.653361 0.493827 -0.573807
vn -0.109847 0.439230 -0.891634
vn -0.090822 0.948298 -0.304108
vn 0.450023 -0.353774 0.819953
vn 0.524093 -0.804416 -0.279718
vn 0.040280 -0.864293 0.501373
vn 0.030206 0.119034 0.992431
vn 0.450023 -0.353774 0.819953
vn -0.267398 0.654407 0.707283
vn 0.597698 0.467671 -0.651184
vn 0.396065 -0.246496 -0.884518
vn 0.223833 -0.931761 -0.285866
vn 0.497570 0.733400 -0.463194
vn 0.396065 -0.246496 -0.884518
vn 0.240126 0.938199 -0.249244
vn -0.506877 -0.725316 0.465825
vn -0.017070 -0.995731 -0.090707
vn -0.328538 -0.864282 0.380893
vn -0.049986 0.983796 -0.172183
vn 0.044537 0.992825 -0.110973
vn 0.325406 0.898982 0.293158
vn 0.151684 0.988388 -0.008992
vn -0.562627 0.467837 0.681600
vn 0.055459 0.986357 0.154996
vn -0.491068 0.750515 0.442244
vn 0.151684 0.988388 -0.008992
vn 0.014792 0.999884 0.003567
vn -0.328538 -0.864282 0.380893
vn -0.017070 -0.995731 -0.090707
vn 0.084390 -0.996389 -0.009323
vn -0.191536 0.569982 0.799021
vn -0.514275 -0.840845 0.168823
vn -0.354771 0.775921 0.521617
vn -0.017114 0.918915 -0.394085
vn 0.083499 0.831871 -0.548652
vn -0.244495 0.776381 -0.580908
vn 0.286512 0.660564 -0.693949
vn 0.083499 0.831871 -0.548652
vn 0.130396 0.798360 -0.587893
vn 0.214889 0.759935 0.613450
vn -0.229632 0.353314 0.906884
vn -0.285608 -0.795763 0.534031
vn 0.031624 0.992787 0.115646
vn -0.229632 0.353314 0.906884
vn 0.100230 0.994552 0.028628
vn 0.359498 0.299648 -0.883726
vn 0.249346 -0.637688 -0.728821
vn 0.396341 -0.044144 -0.917041
vn 0.071521 0.828120 -0.555969
vn 0.408746 0.589494 0.696723
vn 0.436857 0.893299 0.105705
vn 0.107655 -0.802443 -0.586937
vn 0.450620 0.187612 -0.872779
vn 0.580756 -0.138273 -0.802249
vn 0.507182 0.811125 0.291278
vn 0.450620 0.187612 -0.872779
vn 0.496812 0.126570 -0.858579
vn 0.060060 0.438545 0.896700
vn 0.295052 0.621994 0.725305
vn -0.159234 0.932966 0.322831
vn 0.454716 0.146198 0.878555
vn -0.042020 -0.862225 0.504779
vn 0.408746 0.589494 0.696723
vn 0.044517 0.734191 -0.677482
vn 0.116037 0.991542 -0.058133
vn 0.065845 0.895339 -0.440491
vn 0.582280 -0.280687 0.762997
vn 0.362387 -0.569492 -0.737804
vn 0.490973 -0.854785 -0.168192
vn -0.112703 0.786423 0.607319
vn 0.582280 -0.280687 0.762997
vn 0.060060 0.438545 0.896700
vn 0.490973 -0.854785 -0.168192
vn 0.088945 -0.872562 -0.480337
vn -0.248802 -0.967035 -0.054224
vn 0.582280 -0.280687 0.762997
vn -0.112703 0.786423 0.607319
vn 0.169443 0.700082 0.693667
vn 0.490973 -0.854785 -0.168192
vn 0.454716 0.146198 0.878555
vn 0.295052 0.621994 0.725305
vn 0.169443 0.700082 0.693667
vn 0.320448 -0.717671 0.618273
vn 0.582280 -0.280687 0.762997
vn 0.582280 -0.280687 0.762997
vn 0.320448 -0.717671 0.618273
vn 0.411101 -0.708746 -0.573302
vn -0.141730 -0.914314 0.379398
vn 0.088945 -0.872562 -0.480337
vn 0.112527 -0.775527 0.621205
vn -0.248802 -0.967035 -0.054224
vn -0.304424 -0.723341 0.619761
vn -0.042020 -0.862225 0.504779
vn 0.169443 0.700082 0.693667
vn 0.063799 0.899648 0.431930
vn -0.096755 -0.184262 0.978103
vn 0.088945 -0.872562 -0.480337
vn 0.362387 -0.569492 -0.737804
vn 0.164823 -0.434199 -0.885610
vn 0.084683 -0.920133 0.382341
vn 0.442748 -0.786461 -0.430643
vn 0.411101 -0.708746 -0.573302
vn 0.164823 -0.434199 -0.885610
vn 0.411101 -0.708746 -0.573302
vn -0.038727 -0.038973 -0.998490
vn 0.490973 -0.854785 -0.168192
vn 0.295052 0.621994 0.725305
vn 0.060060 0.438545 0.896700
vn 0.454716 0.146198 0.878555
vn 0.408746 0.589494 0.696723
vn 0.116037 0.991542 -0.058133
vn 0.320448 -0.717671 0.618273
vn 0.169443 0.700082 0.693667
vn -0.096755 -0.184262 0.978103
vn 0.411101 -0.708746 -0.573302
vn 0.320448 -0.717671 0.618273
vn 0.084683 -0.920133 0.382341
vn 0.084683 -0.920133 0.382341
vn 0.378741 -0.656439 0.652413
vn 0.442748 -0.786461 -0.430643
vn 0.411101 -0.708746 -0.573302
vn 0.164823 -0.434199 -0.885610
vn 0.362387 -0.569492 -0.737804
vn 0.172597 -0.162104 -0.971562
vn -0.347799 0.005313 -0.937554
vn -0.073322 -0.056520 -0.995705
vn -0.038727 -0.038973 -0.998490
vn -0.073322 -0.056520 -0.995705
vn 0.437921 -0.845935 -0.304334
vn 0.376595 -0.532319 0.758164
vn 0.229564 0.625415 0.745759
vn 0.469418 0.079711 0.879371
vn 0.376595 -0.532319 0.758164
vn -0.009902 -0.497292 0.867527
vn 0.229564 0.625415 0.745759
vn 0.411101 -0.708746 -0.573302
vn 0.362387 -0.569492 -0.737804
vn 0.582280 -0.280687 0.762997
vn 0.164823 -0.434199 -0.885610
vn 0.247400 -0.962259 0.113364
vn 0.088945 -0.872562 -0.480337
vn -0.141730 -0.914314 0.379398
vn -0.248802 -0.967035 -0.054224
vn 0.088945 -0.872562 -0.480337
vn 0.490973 -0.854785 -0.168192
vn 0.362387 -0.569492 -0.737804
vn 0.088945 -0.872562 -0.480337
vn 0.699961 -0.272492 0.660153
vn 0.747018 0.513330 0.422441
vn 0.277271 0.830637 0.482869
vn 0.376595 -0.532319 0.758164
vn 0.699961 -0.272492 0.660153
vn 0.572659 -0.085586 0.815314
vn 0.112527 -0.775527 0.621205
vn 0.019596 -0.173727 0.984599
vn -0.141730 -0.914314 0.379398
vn 0.188070 0.932958 0.306950
vn 0.033332 0.319814 0.946894
vn 0.198964 0.875403 0.440549
vn 0.296394 -0.928571 -0.223399
vn 0.572659 -0.085586 0.815314
vn 0.969385 -0.206614 0.132681
vn 0.172597 -0.162104 -0.971562
vn 0.442748 -0.786461 -0.430643
vn 0.378741 -0.656439 0.652413
vn -0.042020 -0.862225 0.504779
vn -0.304424 -0.723341 0.619761
vn -0.073693 -0.796958 0.599523
vn 0.454716 0.146198 0.878555
vn 0.490973 -0.854785 -0.168192
vn -0.248802 -0.967035 -0.054224
vn -0.387387 0.855427 0.343766
vn 0.277271 0.830637 0.482869
vn 0.747018 0.513330 0.422441
vn 0.969385 -0.206614 0.132681
vn 0.572659 -0.085586 0.815314
vn 0.277271 0.830637 0.482869
vn 0.969385 -0.206614 0.132681
vn 0.813074 -0.514612 -0.272187
vn 0.296394 -0.928571 -0.223399
vn -0.504583 -0.562602 -0.654885
vn -0.465111 -0.218473 -0.857870
vn 0.813074 -0.514612 -0.272187
vn 0.110222 0.115989 0.987116
vn 0.019596 -0.173727 0.984599
vn 0.112527 -0.775527 0.621205
vn -0.304424 -0.723341 0.619761
vn -0.248802 -0.967035 -0.054224
vn -0.141730 -0.914314 0.379398
vn 0.247400 -0.962259 0.113364
vn 0.164823 -0.434199 -0.885610
vn -0.002408 -0.493216 -0.869904
vn 0.154596 0.986629 -0.051612
vn -0.084959 0.987417 -0.133377
vn -0.573678 0.709993 0.408417
vn 0.172597 -0.162104 -0.971562
vn -0.038727 -0.038973 -0.998490
vn 0.442748 -0.786461 -0.430643
vn 0.411101 -0.708746 -0.573302
vn 0.442748 -0.786461 -0.430643
vn -0.038727 -0.038973 -0.998490
vn 0.296394 -0.928571 -0.223399
vn -0.465111 -0.218473 -0.857870
vn -0.347799 0.005313 -0.937554
vn 0.532329 -0.810085 0.245740
vn 0.188587 -0.809476 -0.556043
vn 0.670943 -0.344507 0.656620
vn 0.532329 -0.810085 0.245740
vn 0.670943 -0.344507 0.656620
vn 0.480911 -0.132927 0.866634
vn 0.188587 -0.809476 -0.556043
vn -0.269731 -0.112059 -0.956393
vn -0.465111 -0.218473 -0.857870
vn 0.532329 -0.810085 0.245740
vn 0.519721 -0.355098 0.777043
vn 0.437921 -0.845935 -0.304334
vn 0.188587 -0.809476 -0.556043
vn 0.532329 -0.810085 0.245740
vn -0.269731 -0.112059 -0.956393
vn 0.437921 -0.845935 -0.304334
vn 0.519721 -0.355098 0.777043
vn 0.491649 -0.613085 0.618391
vn 0.164823 -0.434199 -0.885610
vn -0.038727 -0.038973 -0.998490
vn -0.002408 -0.493216 -0.869904
vn 0.063799 0.899648 0.431930
vn -0.009902 -0.497292 0.867527
vn -0.096755 -0.184262 0.978103
vn -0.096755 -0.184262 0.978103
vn -0.009902 -0.497292 0.867527
vn 0.084683 -0.920133 0.382341
vn 0.376595 -0.532319 0.758164
vn 0.378741 -0.656439 0.652413
vn -0.009902 -0.497292 0.867527
vn 0.296394 -0.928571 -0.223399
vn 0.378741 -0.656439 0.652413
vn 0.572659 -0.085586 0.815314
vn 0.965027 -0.067333 -0.253357
vn 0.813074 -0.514612 -0.272187
vn 0.969385 -0.206614 0.132681
vn -0.504583 -0.562602 -0.654885
vn 0.813074 -0.514612 -0.272187
vn 0.819152 -0.451329 -0.353966
vn -0.548528 -0.768180 -0.330178
vn -0.504583 -0.562602 -0.654885
vn 0.819152 -0.451329 -0.353966
vn 0.188587 -0.809476 -0.556043
vn -0.465111 -0.218473 -0.857870
vn -0.693633 -0.522167 -0.496201
vn -0.347799 0.005313 -0.937554
vn -0.465111 -0.218473 -0.857870
vn -0.269731 -0.112059 -0.956393
vn 0.813074 -0.514612 -0.272187
vn -0.465111 -0.218473 -0.857870
vn 0.296394 -0.928571 -0.223399
vn -0.347799 0.005313 -0.937554
vn -0.269731 -0.112059 -0.956393
vn -0.073322 -0.056520 -0.995705
vn 0.296394 -0.928571 -0.223399
vn -0.347799 0.005313 -0.937554
vn 0.172597 -0.162104 -0.971562
vn -0.073322 -0.056520 -0.995705
vn -0.038727 -0.038973 -0.998490
vn 0.172597 -0.162104 -0.971562
vn 0.532329 -0.810085 0.245740
vn -0.073322 -0.056520 -0.995705
vn -0.269731 -0.112059 -0.956393
vn 0.043388 0.457022 0.888396
vn -0.267398 0.654407 0.707283
vn 0.034840 0.209125 0.977268
vn 0.110222 0.115989 0.987116
vn -0.377125 0.678600 0.630301
vn 0.024899 0.933545 0.357593
vn -0.038727 -0.038973 -0.998490
vn 0.437921 -0.845935 -0.304334
vn -0.002408 -0.493216 -0.869904
vn 0.437921 -0.845935 -0.304334
vn 0.491649 -0.613085 0.618391
vn 0.247400 -0.962259 0.113364
vn 0.491649 -0.613085 0.618391
vn 0.519721 -0.355098 0.777043
vn 0.034840 0.209125 0.977268
vn 0.491649 -0.613085 0.618391
vn 0.019966 -0.240357 0.970479
vn 0.247400 -0.962259 0.113364
vn -0.419658 -0.625731 0.657532
vn -0.975028 -0.092921 0.201706
vn -0.686311 -0.337779 0.644114
vn -0.950760 0.109317 0.290009
vn -0.484175 0.874488 0.029077
vn -0.612459 0.646798 0.454473
vn -0.573678 0.709993 0.408417
vn -0.084959 0.987417 -0.133377
vn -0.377125 0.678600 0.630301
vn -0.612459 0.646798 0.454473
vn -0.377125 0.678600 0.630301
vn -0.282046 0.195399 0.939292
vn 0.024899 0.933545 0.357593
vn 0.019596 -0.173727 0.984599
vn 0.110222 0.115989 0.987116
vn -0.377125 0.678600 0.630301
vn 0.110222 0.115989 0.987116
vn -0.282046 0.195399 0.939292
vn 0.247400 -0.962259 0.113364
vn 0.110222 0.115989 0.987116
vn 0.112527 -0.775527 0.621205
vn -0.282046 0.195399 0.939292
vn 0.110222 0.115989 0.987116
vn 0.019966 -0.240357 0.970479
vn 0.019966 -0.240357 0.970479
vn 0.491649 -0.613085 0.618391
vn 0.034840 0.209125 0.977268
vn -0.382620 0.777924 0.498433
vn -0.289213 0.761875 0.579571
vn -0.267398 0.654407 0.707283
vn -0.289305 -0.756793 0.586146
vn 0.042035 -0.699045 0.713841
vn 0.418794 -0.535646 0.733277
vn -0.107927 -0.655245 -0.747667
vn 0.042035 -0.699045 0.713841
vn -0.297650 -0.893633 0.335894
vn 0.485442 -0.365575 0.794167
vn 0.418794 -0.535646 0.733277
vn 0.293403 -0.366240 0.883053
vn 0.971308 -0.157072 0.178578
vn 0.485442 -0.365575 0.794167
vn 0.387919 -0.128695 0.912664
vn 0.924927 -0.344756 0.160168
vn 0.293403 -0.366240 0.883053
vn 0.468408 -0.850520 0.239184
vn 0.293403 -0.366240 0.883053
vn 0.996668 0.048556 0.065535
vn 0.387919 -0.128695 0.912664
vn -0.206420 0.831296 0.516080
vn -0.222611 0.696358 0.682298
vn -0.102057 0.932822 0.345583
vn -0.336997 0.838851 0.427507
vn -0.384976 0.690116 0.612808
vn 0.207031 0.954076 0.216511
vn -0.491068 0.750515 0.442244
vn 0.014792 0.999884 0.003567
vn -0.354771 0.775921 0.521617
vn -0.191536 0.569982 0.799021
vn -0.354771 0.775921 0.521617
vn 0.331995 0.857802 0.392370
vn -0.354771 0.775921 0.521617
vn -0.514275 -0.840845 0.168823
vn -0.506877 -0.725316 0.465825
vn 0.157137 0.909275 0.385393
vn 0.388805 0.919181 -0.062743
vn -0.513606 0.360295 0.778715
vn -0.206420 0.831296 0.516080
vn -0.102057 0.932822 0.345583
vn -0.040718 0.981403 0.187593
vn 0.526432 0.737356 -0.423291
vn 0.491065 -0.758307 -0.428749
vn -0.006332 0.958496 -0.285036
vn 0.055459 0.986357 0.154996
vn 0.294183 0.948527 -0.117276
vn 0.151684 0.988388 -0.008992
vn -0.262133 -0.947944 0.180798
vn -0.395115 -0.898910 -0.189330
vn -0.678073 0.089027 0.729583
vn -0.528669 0.481487 0.699056
vn -0.369195 0.646604 0.667532
vn -0.713115 -0.624832 0.317886
vn -0.678073 0.089027 0.729583
vn -0.713115 -0.624832 0.317886
vn -0.369195 0.646604 0.667532
vn 0.214401 0.954308 0.208155
vn -0.528669 0.481487 0.699056
vn 0.117081 0.972706 0.200335
vn 0.216082 0.975098 0.049932
vn 0.164734 0.985900 0.029388
vn 0.214813 0.976191 -0.030115
vn -0.678073 0.089027 0.729583
vn -0.369195 0.646604 0.667532
vn 0.216082 0.975098 0.049932
vn 0.216082 0.975098 0.049932
vn -0.369195 0.646604 0.667532
vn 0.214401 0.954308 0.208155
vn 0.216082 0.975098 0.049932
vn 0.214401 0.954308 0.208155
vn 0.164734 0.985900 0.029388
vn -0.528669 0.481487 0.699056
vn 0.214401 0.954308 0.208155
vn -0.369195 0.646604 0.667532
vn -0.902452 0.045512 -0.428379
vn -0.575073 -0.780502 -0.245168
vn -0.846659 -0.520666 -0.109885
vn -0.966446 0.249246 -0.062116
vn -0.575073 -0.780502 -0.245168
vn -0.864587 -0.347348 -0.363096
vn 0.832886 0.536931 -0.134191
vn -0.919610 0.318421 -0.230054
vn -0.245800 0.791813 -0.559120
vn -0.857881 0.492765 0.145680
vn -0.919610 0.318421 -0.230054
vn -0.404012 0.853638 0.328749
vn 0.999356 -0.001476 0.035865
vn 0.832886 0.536931 -0.134191
vn -0.245800 0.791813 -0.559120
vn 0.476231 -0.849385 -0.227487
vn 0.526432 0.737356 -0.423291
vn 0.908477 -0.231551 -0.347928
vn -0.282881 0.951112 0.123957
vn -0.966446 0.249246 -0.062116
vn -0.406106 0.881940 0.239291
vn -0.575073 -0.780502 -0.245168
vn -0.966446 0.249246 -0.062116
vn -0.957912 -0.287018 0.005074
vn -0.919610 0.318421 -0.230054
vn -0.857881 0.492765 0.145680
vn -0.864587 -0.347348 -0.363096
vn -0.857881 0.492765 0.145680
vn -0.404012 0.853638 0.328749
vn -0.206420 0.831296 0.516080
vn -0.131795 -0.989817 -0.053784
vn 0.476231 -0.849385 -0.227487
vn 0.223833 -0.931761 -0.285866
vn 0.526432 0.737356 -0.423291
vn 0.476231 -0.849385 -0.227487
vn 0.491065 -0.758307 -0.428749
vn 0.259474 -0.902566 -0.343582
vn 0.391540 0.795787 -0.461973
vn 0.491065 -0.758307 -0.428749
vn -0.404012 0.853638 0.328749
vn -0.919610 0.318421 -0.230054
vn -0.335369 0.934270 -0.121110
vn 0.476231 -0.849385 -0.227487
vn 0.908477 -0.231551 -0.347928
vn 0.803386 -0.587805 -0.095160
vn -0.335369 0.934270 -0.121110
vn 0.526432 0.737356 -0.423291
vn -0.404012 0.853638 0.328749
vn 0.832886 0.536931 -0.134191
vn -0.335369 0.934270 -0.121110
vn -0.919610 0.318421 -0.230054
vn 0.526432 0.737356 -0.423291
vn -0.335369 0.934270 -0.121110
vn 0.908477 -0.231551 -0.347928
vn 0.253406 0.865661 0.431759
vn 0.072718 0.977914 0.195952
vn 0.435784 0.877102 0.201953
vn 0.009794 0.859319 0.511346
vn 0.002629 0.996813 0.079733
vn 0.148975 0.943132 0.297167
vn 0.520478 -0.478026 -0.707526
vn 0.391540 0.795787 -0.461973
vn 0.259474 -0.902566 -0.343582
vn 0.391540 0.795787 -0.461973
vn -0.188432 0.966026 -0.176880
vn -0.006332 0.958496 -0.285036
vn -0.006332 0.958496 -0.285036
vn -0.188432 0.966026 -0.176880
vn -0.036650 0.954277 -0.296668
vn 0.526432 0.737356 -0.423291
vn -0.006332 0.958496 -0.285036
vn 0.038439 0.942840 0.331021
vn 0.002629 0.996813 0.079733
vn 0.215549 0.969943 -0.112909
vn 0.213681 0.970446 -0.112142
vn -0.222611 0.696358 0.682298
vn -0.206420 0.831296 0.516080
vn -0.151309 0.921584 0.357476
vn -0.337066 0.691671 0.638731
vn -0.246060 0.269521 0.931028
vn -0.256273 0.922943 0.287228
vn -0.091396 -0.044221 0.994832
vn -0.246060 0.269521 0.931028
vn -0.132372 -0.282299 0.950150
vn 0.220267 -0.121708 -0.967817
vn 0.000733 0.483430 -0.875383
vn 0.140062 0.506142 -0.851001
vn 0.610758 0.233754 -0.756527
vn 0.220267 -0.121708 -0.967817
vn 0.358682 -0.400087 -0.843373
vn 0.501117 0.846043 -0.181917
vn 0.582453 0.806923 -0.098101
vn 0.188070 0.932958 0.306950
vn 0.496812 0.126570 -0.858579
vn 0.359498 0.299648 -0.883726
vn 0.255440 0.955022 0.150607
vn 0.116037 0.991542 -0.058133
vn 0.044517 0.734191 -0.677482
vn 0.130396 0.798360 -0.587893
vn 0.065845 0.895339 -0.440491
vn 0.071521 0.828120 -0.555969
vn -0.039593 0.624950 -0.779660
vn -0.017114 0.918915 -0.394085
vn 0.116037 0.991542 -0.058133
vn 0.130396 0.798360 -0.587893
vn 0.454716 0.146198 0.878555
vn 0.116037 0.991542 -0.058133
vn 0.295052 0.621994 0.725305
vn 0.033332 0.319814 0.946894
vn -0.184957 0.291524 0.938512
vn -0.073693 -0.796958 0.599523
vn 0.296155 -0.496490 0.815960
vn -0.376189 0.159284 0.912749
vn 0.436857 0.893299 0.105705
vn 0.188070 0.932958 0.306950
vn 0.198964 0.875403 0.440549
vn 0.501117 0.846043 -0.181917
vn 0.019596 -0.173727 0.984599
vn -0.304424 -0.723341 0.619761
vn -0.141730 -0.914314 0.379398
vn 0.501117 0.846043 -0.181917
vn 0.154596 0.986629 -0.051612
vn 0.582453 0.806923 -0.098101
vn -0.184957 0.291524 0.938512
vn 0.188070 0.932958 0.306950
vn -0.384976 0.690116 0.612808
vn 0.520942 0.852466 -0.043832
vn 0.582453 0.806923 -0.098101
vn 0.544001 0.837955 0.043523
vn 0.188070 0.932958 0.306950
vn 0.582453 0.806923 -0.098101
vn 0.207031 0.954076 0.216511
vn 0.024899 0.933545 0.357593
vn 0.198964 0.875403 0.440549
vn 0.019596 -0.173727 0.984599
vn -0.304424 -0.723341 0.619761
vn 0.019596 -0.173727 0.984599
vn 0.198964 0.875403 0.440549
vn 0.544001 0.837955 0.043523
vn 0.037863 0.960653 0.275160
vn 0.388805 0.919181 -0.062743
vn -0.336997 0.838851 0.427507
vn -0.063040 0.986848 0.148851
vn -0.009431 0.603429 0.797361
vn -0.513606 0.360295 0.778715
vn -0.808468 -0.469635 0.354715
vn 0.157137 0.909275 0.385393
vn 0.044998 0.974444 -0.220078
vn 0.388805 0.919181 -0.062743
vn 0.044537 0.992825 -0.110973
vn -0.191536 0.569982 0.799021
vn 0.331995 0.857802 0.392370
vn 0.157137 0.909275 0.385393
vn 0.331995 0.857802 0.392370
vn 0.287737 0.913446 0.287792
vn 0.347999 0.825940 0.443530
vn 0.520942 0.852466 -0.043832
vn 0.207031 0.954076 0.216511
vn 0.582453 0.806923 -0.098101
vn 0.044998 0.974444 -0.220078
vn -0.049986 0.983796 -0.172183
vn 0.044108 0.994328 -0.096783
vn 0.388805 0.919181 -0.062743
vn 0.520942 0.852466 -0.043832
vn 0.544001 0.837955 0.043523
vn 0.520942 0.852466 -0.043832
vn 0.044998 0.974444 -0.220078
vn 0.044108 0.994328 -0.096783
vn 0.388805 0.919181 -0.062743
vn 0.157137 0.909275 0.385393
vn 0.044537 0.992825 -0.110973
vn 0.347999 0.825940 0.443530
vn 0.157137 0.909275 0.385393
vn 0.331995 0.857802 0.392370
vn 0.044108 0.994328 -0.096783
vn -0.049986 0.983796 -0.172183
vn -0.336997 0.838851 0.427507
vn -0.151309 0.921584 0.357476
vn -0.036650 0.954277 -0.296668
vn -0.280092 0.803843 0.524772
vn 0.325406 0.898982 0.293158
vn 0.044537 0.992825 -0.110973
vn 0.347999 0.825940 0.443530
vn 0.157137 0.909275 0.385393
vn 0.347999 0.825940 0.443530
vn 0.044537 0.992825 -0.110973
vn 0.044108 0.994328 -0.096783
vn -0.336997 0.838851 0.427507
vn 0.207031 0.954076 0.216511
vn 0.253406 0.865661 0.431759
vn -0.063040 0.986848 0.148851
vn 0.213681 0.970446 -0.112142
vn 0.520942 0.852466 -0.043832
vn 0.044108 0.994328 -0.096783
vn 0.207031 0.954076 0.216511
vn 0.044537 0.992825 -0.110973
vn -0.049986 0.983796 -0.172183
vn 0.044998 0.974444 -0.220078
vn 0.554133 0.770522 0.315012
vn 0.450620 0.187612 -0.872779
vn 0.507182 0.811125 0.291278
vn -0.336997 0.838851 0.427507
vn -0.009431 0.603429 0.797361
vn -0.491985 0.530439 0.690351
vn -0.184957 0.291524 0.938512
vn -0.384976 0.690116 0.612808
vn -0.376189 0.159284 0.912749
vn -0.073693 -0.796958 0.599523
vn -0.184957 0.291524 0.938512
vn 0.296155 -0.496490 0.815960
vn -0.042020 -0.862225 0.504779
vn -0.073693 -0.796958 0.599523
vn 0.296155 -0.496490 0.815960
vn 0.033332 0.319814 0.946894
vn -0.304424 -0.723341 0.619761
vn 0.198964 0.875403 0.440549
vn 0.408746 0.589494 0.696723
vn -0.042020 -0.862225 0.504779
vn 0.296155 -0.496490 0.815960
vn -0.248802 -0.967035 -0.054224
vn -0.042020 -0.862225 0.504779
vn 0.454716 0.146198 0.878555
vn 0.408746 0.589494 0.696723
vn 0.296155 -0.496490 0.815960
vn 0.436857 0.893299 0.105705
vn 0.408746 0.589494 0.696723
vn 0.065845 0.895339 -0.440491
vn 0.116037 0.991542 -0.058133
vn 0.296155 -0.496490 0.815960
vn -0.184957 0.291524 0.938512
vn -0.376189 0.159284 0.912749
vn 0.436857 0.893299 0.105705
vn 0.255440 0.955022 0.150607
vn 0.359498 0.299648 -0.883726
vn -0.384976 0.690116 0.612808
vn -0.491985 0.530439 0.690351
vn -0.376189 0.159284 0.912749
vn 0.507182 0.811125 0.291278
vn 0.255440 0.955022 0.150607
vn -0.491985 0.530439 0.690351
vn -0.336997 0.838851 0.427507
vn -0.491985 0.530439 0.690351
vn -0.384976 0.690116 0.612808
vn 0.507182 0.811125 0.291278
vn -0.491985 0.530439 0.690351
vn -0.009431 0.603429 0.797361
vn 0.554133 0.770522 0.315012
vn 0.507182 0.811125 0.291278
vn -0.009431 0.603429 0.797361
vn 0.507182 0.811125 0.291278
vn 0.496812 0.126570 -0.858579
vn 0.255440 0.955022 0.150607
vn 0.436857 0.893299 0.105705
vn -0.376189 0.159284 0.912749
vn 0.255440 0.955022 0.150607
vn 0.255440 0.955022 0.150607
vn -0.376189 0.159284 0.912749
vn -0.491985 0.530439 0.690351
vn 0.359498 0.299648 -0.883726
vn 0.496812 0.126570 -0.858579
vn 0.249346 -0.637688 -0.728821
vn 0.436857 0.893299 0.105705
vn 0.359498 0.299648 -0.883726
vn 0.198989 0.488781 -0.849409
vn -0.184957 0.291524 0.938512
vn 0.033332 0.319814 0.946894
vn 0.188070 0.932958 0.306950
vn -0.304424 -0.723341 0.619761
vn 0.033332 0.319814 0.946894
vn -0.073693 -0.796958 0.599523
vn -0.039593 0.624950 -0.779660
vn 0.198989 0.488781 -0.849409
vn 0.141183 0.481905 -0.864774
vn 0.408746 0.589494 0.696723
vn 0.071521 0.828120 -0.555969
vn 0.065845 0.895339 -0.440491
vn 0.156031 0.649441 -0.744231
vn -0.039593 0.624950 -0.779660
vn 0.141183 0.481905 -0.864774
vn 0.065845 0.895339 -0.440491
vn -0.039593 0.624950 -0.779660
vn 0.044517 0.734191 -0.677482
vn 0.198964 0.875403 0.440549
vn -0.084959 0.987417 -0.133377
vn 0.501117 0.846043 -0.181917
vn -0.377125 0.678600 0.630301
vn -0.084959 0.987417 -0.133377
vn 0.024899 0.933545 0.357593
vn 0.247400 -0.962259 0.113364
vn 0.112527 -0.775527 0.621205
vn 0.088945 -0.872562 -0.480337
vn 0.247400 -0.962259 0.113364
vn -0.002408 -0.493216 -0.869904
vn 0.437921 -0.845935 -0.304334
vn -0.612459 0.646798 0.454473
vn -0.289213 0.761875 0.579571
vn -0.382620 0.777924 0.498433
vn 0.034840 0.209125 0.977268
vn -0.289213 0.761875 0.579571
vn -0.282046 0.195399 0.939292
vn 0.034840 0.209125 0.977268
vn -0.282046 0.195399 0.939292
vn 0.019966 -0.240357 0.970479
vn 0.043388 0.457022 0.888396
vn 0.034840 0.209125 0.977268
vn 0.519721 -0.355098 0.777043
vn -0.007132 0.960096 0.279581
vn -0.102057 0.932822 0.345583
vn -0.222611 0.696358 0.682298
vn 0.347999 0.825940 0.443530
vn 0.287737 0.913446 0.287792
vn 0.325406 0.898982 0.293158
vn -0.040718 0.981403 0.187593
vn 0.154443 0.986989 0.044732
vn 0.214813 0.976191 -0.030115
vn -0.007132 0.960096 0.279581
vn 0.154443 0.986989 0.044732
vn -0.102057 0.932822 0.345583
vn -0.282881 0.951112 0.123957
vn -0.040718 0.981403 0.187593
vn 0.214813 0.976191 -0.030115
vn -0.206420 0.831296 0.516080
vn -0.040718 0.981403 0.187593
vn -0.406106 0.881940 0.239291
vn -0.857881 0.492765 0.145680
vn -0.206420 0.831296 0.516080
vn -0.406106 0.881940 0.239291
vn -0.206420 0.831296 0.516080
vn -0.404012 0.853638 0.328749
vn 0.038439 0.942840 0.331021
vn 0.526432 0.737356 -0.423291
vn 0.038439 0.942840 0.331021
vn -0.404012 0.853638 0.328749
vn -0.006332 0.958496 -0.285036
vn -0.151309 0.921584 0.357476
vn 0.038439 0.942840 0.331021
vn 0.151684 0.988388 -0.008992
vn 0.294183 0.948527 -0.117276
vn 0.242910 0.969030 -0.044457
vn 0.216082 0.975098 0.049932
vn 0.294183 0.948527 -0.117276
vn 0.055459 0.986357 0.154996
vn 0.242910 0.969030 -0.044457
vn -0.007132 0.960096 0.279581
vn 0.231659 0.970412 -0.068080
vn -0.562627 0.467837 0.681600
vn 0.151684 0.988388 -0.008992
vn -0.491068 0.750515 0.442244
vn 0.231659 0.970412 -0.068080
vn 0.151684 0.988388 -0.008992
vn 0.242910 0.969030 -0.044457
vn 0.287737 0.913446 0.287792
vn 0.331995 0.857802 0.392370
vn 0.014792 0.999884 0.003567
vn 0.287737 0.913446 0.287792
vn 0.014792 0.999884 0.003567
vn 0.231659 0.970412 -0.068080
vn 0.151684 0.988388 -0.008992
vn 0.231659 0.970412 -0.068080
vn 0.014792 0.999884 0.003567
vn -0.491068 0.750515 0.442244
vn -0.354771 0.775921 0.521617
vn -0.506877 -0.725316 0.465825
vn 0.331995 0.857802 0.392370
vn -0.354771 0.775921 0.521617
vn 0.014792 0.999884 0.003567
vn -0.491068 0.750515 0.442244
vn -0.506877 -0.725316 0.465825
vn -0.328538 -0.864282 0.380893
vn -0.678073 0.089027 0.729583
vn -0.562627 0.467837 0.681600
vn -0.262133 -0.947944 0.180798
vn -0.262133 -0.947944 0.180798
vn -0.328538 -0.864282 0.380893
vn 0.084390 -0.996389 -0.009323
vn -0.491068 0.750515 0.442244
vn -0.328538 -0.864282 0.380893
vn -0.562627 0.467837 0.681600
vn 0.213681 0.970446 -0.112142
vn -0.049986 0.983796 -0.172183
vn 0.148975 0.943132 0.297167
vn 0.325406 0.898982 0.293158
vn 0.009794 0.859319 0.511346
vn 0.148975 0.943132 0.297167
vn 0.148975 0.943132 0.297167
vn -0.049986 0.983796 -0.172183
vn 0.325406 0.898982 0.293158
vn -0.336997 0.838851 0.427507
vn -0.049986 0.983796 -0.172183
vn -0.063040 0.986848 0.148851
vn 0.009794 0.859319 0.511346
vn 0.325406 0.898982 0.293158
vn 0.287737 0.913446 0.287792
vn 0.213681 0.970446 -0.112142
vn 0.148975 0.943132 0.297167
vn 0.002629 0.996813 0.079733
vn 0.231659 0.970412 -0.068080
vn -0.007132 0.960096 0.279581
vn 0.287737 0.913446 0.287792
vn -0.151309 0.921584 0.357476
vn -0.006332 0.958496 -0.285036
vn -0.036650 0.954277 -0.296668
vn 0.002629 0.996813 0.079733
vn -0.036650 0.954277 -0.296668
vn 0.215549 0.969943 -0.112909
vn -0.049986 0.983796 -0.172183
vn 0.213681 0.970446 -0.112142
vn -0.063040 0.986848 0.148851
vn 0.072718 0.977914 0.195952
vn 0.215549 0.969943 -0.112909
vn -0.188432 0.966026 -0.176880
vn 0.253406 0.865661 0.431759
vn 0.554133 0.770522 0.315012
vn -0.009431 0.603429 0.797361
vn 0.002629 0.996813 0.079733
vn 0.009794 0.859319 0.511346
vn -0.280092 0.803843 0.524772
vn -0.280092 0.803843 0.524772
vn 0.009794 0.859319 0.511346
vn -0.007132 0.960096 0.279581
vn 0.391540 0.795787 -0.461973
vn 0.072718 0.977914 0.195952
vn -0.188432 0.966026 -0.176880
vn 0.520478 -0.478026 -0.707526
vn 0.580756 -0.138273 -0.802249
vn 0.435784 0.877102 0.201953
vn 0.435784 0.877102 0.201953
vn 0.554133 0.770522 0.315012
vn 0.253406 0.865661 0.431759
vn 0.520478 -0.478026 -0.707526
vn 0.435784 0.877102 0.201953
vn 0.072718 0.977914 0.195952
vn 0.215549 0.969943 -0.112909
vn -0.036650 0.954277 -0.296668
vn -0.188432 0.966026 -0.176880
vn 0.002629 0.996813 0.079733
vn -0.280092 0.803843 0.524772
vn -0.036650 0.954277 -0.296668
vn 0.287737 0.913446 0.287792
vn -0.007132 0.960096 0.279581
vn 0.009794 0.859319 0.511346
vn -0.007132 0.960096 0.279581
vn 0.242910 0.969030 -0.044457
vn 0.154443 0.986989 0.044732
vn -0.151309 0.921584 0.357476
vn -0.280092 0.803843 0.524772
vn -0.222611 0.696358 0.682298
vn -0.007132 0.960096 0.279581
vn -0.222611 0.696358 0.682298
vn -0.280092 0.803843 0.524772
vn -0.063040 0.986848 0.148851
vn 0.253406 0.865661 0.431759
vn -0.009431 0.603429 0.797361
vn 0.253406 0.865661 0.431759
vn 0.215549 0.969943 -0.112909
vn 0.072718 0.977914 0.195952
s off
g Clothes5
usemtl FABRIC_1_FRONT_2373
f 233/1/1 19/2/2 20/3/3
f 192/4/4 33/5/5 34/6/6
f 176/7/7 223/8/8 224/9/9
f 232/10/10 179/11/11 231/12/12
f 36/13/13 37/14/14 211/15/15
f 25/16/16 26/17/17 264/18/18
f 140/19/19 299/20/20 301/21/21
f 22/22/22 307/23/23 235/24/24
f 108/25/25 84/26/26 116/27/27
f 304/28/28 234/29/29 181/30/30
f 135/31/31 102/32/32 91/33/33
f 643/34/34 649/35/35 379/36/36
f 12/37/37 240/38/38 11/39/39
f 320/40/40 240/38/41 242/41/42
f 111/42/43 113/43/44 88/44/45
f 111/42/46 102/32/47 135/31/48
f 16/45/49 294/46/50 227/47/51
f 227/47/52 230/48/53 15/49/54
f 109/50/55 115/51/56 86/52/57
f 14/53/58 15/49/59 230/48/60
f 231/12/61 17/54/62 18/55/63
f 1/56/64 2/57/65 123/58/66
f 297/59/67 178/60/68 227/47/69
f 175/61/70 137/62/71 136/63/72
f 32/64/73 33/5/74 119/65/75
f 191/66/76 119/65/77 147/67/78
f 193/68/79 35/69/80 344/70/81
f 241/71/82 183/72/83 240/38/84
f 296/73/85 140/19/86 671/74/87
f 31/75/88 32/64/89 119/65/90
f 676/76/91 650/77/92 450/78/93
f 147/67/94 146/79/95 189/80/96
f 195/81/97 148/82/98 343/83/99
f 127/84/100 124/85/101 345/86/102
f 258/87/103 47/88/104 48/89/105
f 455/90/106 25/16/107 264/18/108
f 250/91/109 189/80/110 190/92/111
f 104/93/112 131/94/113 107/95/114
f 250/91/115 252/96/116 28/97/117
f 164/98/118 215/99/119 216/100/120
f 28/97/121 29/101/122 250/91/123
f 629/102/124 130/103/125 104/93/126
f 91/33/127 92/104/128 135/31/129
f 201/105/130 264/18/131 441/106/132
f 23/107/133 24/108/134 262/109/135
f 517/110/136 432/111/137 428/112/138
f 88/44/139 89/113/140 111/42/141
f 406/114/142 664/115/143 490/116/144
f 116/27/145 85/117/146 115/51/147
f 105/118/148 82/119/149 107/95/150
f 6/120/151 7/121/152 494/122/153
f 4/123/154 5/124/155 267/125/156
f 78/126/157 217/127/158 166/128/159
f 108/25/160 83/129/161 84/26/162
f 242/41/163 325/130/164 409/131/165
f 473/132/166 389/133/167 388/134/168
f 215/99/169 165/135/170 163/136/171
f 326/137/172 8/138/173 9/139/174
f 1/56/175 123/58/176 101/140/177
f 102/32/178 111/42/179 89/113/180
f 362/141/181 2/57/182 3/142/183
f 126/143/184 125/144/185 40/145/186
f 361/146/187 267/125/188 269/147/189
f 361/146/190 3/142/191 4/123/192
f 68/148/193 273/149/194 67/150/195
f 364/151/196 363/152/197 101/140/198
f 135/31/199 114/153/200 111/42/201
f 124/85/202 126/143/203 159/154/204
f 497/155/205 495/156/206 496/157/207
f 115/51/208 85/117/209 86/52/210
f 114/153/211 137/62/212 175/61/213
f 97/158/214 281/159/215 96/160/216
f 37/14/217 38/161/218 127/84/219
f 323/162/220 325/130/221 242/41/222
f 163/136/223 93/163/224 94/164/225
f 163/136/226 165/135/227 129/165/228
f 80/166/229 131/94/230 130/103/231
f 394/167/232 395/168/233 393/169/234
f 282/170/235 387/171/236 214/172/237
f 269/147/238 362/141/239 361/146/240
f 110/173/241 111/42/242 114/153/243
f 135/31/244 137/62/245 114/153/246
f 55/174/247 225/175/248 54/176/249
f 92/104/250 174/177/251 137/62/252
f 288/178/253 289/179/254 224/9/255
f 90/180/256 91/33/257 102/32/258
f 633/181/259 103/182/260 632/183/261
f 110/173/262 113/43/263 111/42/264
f 90/180/265 102/32/266 89/113/267
f 131/94/268 80/166/269 105/118/270
f 110/173/271 106/184/272 109/50/273
f 235/24/274 21/185/275 22/22/276
f 10/186/277 11/39/278 320/40/279
f 132/187/280 166/128/281 217/127/282
f 113/43/283 87/188/284 88/44/285
f 422/189/286 420/190/287 418/191/288
f 189/80/289 29/101/290 30/192/291
f 447/193/292 355/194/293 553/195/294
f 92/104/295 137/62/296 135/31/297
f 318/196/298 143/197/299 315/198/300
f 39/199/301 125/144/302 38/161/303
f 38/161/304 125/144/305 127/84/306
f 133/200/307 130/103/308 629/102/309
f 167/201/310 168/202/311 171/203/312
f 126/143/313 124/85/314 127/84/315
f 40/145/316 125/144/317 39/199/318
f 121/204/319 447/193/320 553/195/321
f 158/205/322 209/206/323 210/207/324
f 40/145/325 41/208/326 126/143/327
f 41/208/328 209/206/329 159/154/330
f 265/209/331 45/210/332 46/211/333
f 44/212/334 255/213/335 43/214/336
f 687/215/337 153/216/338 452/217/339
f 209/206/340 41/208/341 42/218/342
f 198/219/343 257/220/344 199/221/345
f 47/88/346 257/220/347 46/211/348
f 389/133/349 470/222/350 594/223/351
f 445/224/352 195/81/353 343/83/354
f 106/184/355 110/173/356 134/225/357
f 312/226/358 49/227/359 50/228/360
f 14/53/361 400/229/362 298/230/363
f 235/24/364 234/29/365 306/231/366
f 51/232/367 237/233/368 50/228/369
f 312/226/370 237/233/371 239/234/372
f 168/202/373 167/201/374 218/235/375
f 116/27/376 115/51/377 112/236/378
f 287/237/379 53/238/380 54/176/381
f 53/238/382 223/8/383 52/239/384
f 187/240/385 246/241/386 247/242/387
f 238/243/388 182/244/389 237/233/390
f 114/153/391 103/182/392 134/225/393
f 109/50/394 113/43/395 110/173/396
f 57/245/397 58/246/398 244/247/399
f 291/248/400 226/249/401 290/250/402
f 60/251/403 246/241/404 59/252/405
f 109/50/406 106/184/407 112/236/408
f 245/253/409 413/254/410 186/255/411
f 279/256/412 377/257/413 212/258/414
f 134/225/415 110/173/416 114/153/417
f 330/259/418 60/251/419 61/260/420
f 174/177/421 92/104/422 93/163/423
f 15/49/424 16/45/425 227/47/426
f 146/79/427 147/67/428 194/261/429
f 142/262/430 408/263/431 404/264/432
f 114/153/433 175/61/434 103/182/435
f 501/265/436 329/266/437 333/267/438
f 65/268/439 272/269/440 64/270/441
f 80/166/442 81/271/443 105/118/444
f 188/272/445 436/273/446 331/274/447
f 79/275/448 80/166/449 130/103/450
f 86/52/451 87/188/452 109/50/453
f 173/276/454 221/277/455 219/278/456
f 275/279/457 373/280/458 273/149/459
f 66/281/460 67/150/461 373/280/462
f 112/236/463 115/51/464 109/50/465
f 30/192/466 31/75/467 191/66/468
f 76/282/469 285/283/470 286/284/471
f 104/93/472 107/95/473 218/235/474
f 107/95/475 108/25/476 218/235/477
f 219/278/478 629/102/479 167/201/480
f 107/95/481 82/119/482 83/129/483
f 83/129/484 108/25/485 107/95/486
f 266/285/487 261/286/488 451/287/489
f 81/271/490 82/119/491 105/118/492
f 62/288/493 248/289/494 61/260/495
f 136/63/496 174/177/497 163/136/498
f 131/94/499 105/118/500 107/95/501
f 125/144/502 126/143/503 127/84/504
f 332/290/505 247/242/506 331/274/507
f 64/270/508 272/269/509 335/291/510
f 130/103/511 133/200/512 79/275/513
f 104/93/514 130/103/515 131/94/516
f 371/292/517 456/293/518 457/294/519
f 371/292/520 274/295/521 370/296/522
f 384/297/523 276/298/524 376/299/525
f 481/300/526 177/301/527 226/249/528
f 487/302/529 484/303/530 486/304/531
f 207/305/532 273/149/533 459/306/534
f 85/117/535 116/27/536 84/26/537
f 278/307/538 280/308/539 73/309/540
f 113/43/541 109/50/542 87/188/543
f 78/126/544 79/275/545 133/200/546
f 192/4/547 147/67/548 119/65/549
f 192/4/550 119/65/551 33/5/552
f 78/126/553 166/128/554 77/310/555
f 650/77/556 121/204/557 553/195/558
f 192/4/559 194/261/560 147/67/561
f 640/311/562 221/277/563 173/276/564
f 44/212/565 350/312/566 255/213/567
f 74/313/568 278/307/569 73/309/570
f 578/314/571 574/315/572 577/316/573
f 253/317/574 160/318/575 342/319/576
f 437/320/577 438/321/578 251/322/579
f 465/323/580 528/324/581 464/325/582
f 362/141/583 364/151/584 2/57/585
f 340/326/586 337/327/587 251/322/588
f 566/328/589 356/329/590 447/193/591
f 211/15/592 127/84/593 160/318/594
f 259/330/595 199/221/596 258/87/597
f 288/178/598 293/331/599 138/332/600
f 304/28/601 305/333/602 234/29/603
f 252/96/604 549/334/605 27/335/606
f 454/336/607 453/337/608 356/329/609
f 446/338/610 352/339/611 149/340/612
f 351/341/613 352/339/614 446/338/615
f 268/342/616 203/343/617 267/125/618
f 366/344/619 596/345/620 100/346/621
f 656/347/622 497/155/623 498/348/624
f 504/349/625 435/350/626 436/273/627
f 459/306/628 273/149/629 274/295/630
f 528/324/631 518/351/632 206/352/633
f 277/353/634 42/218/635 43/214/636
f 348/354/637 349/355/638 254/356/639
f 41/208/640 159/154/641 126/143/642
f 346/357/643 159/154/644 158/205/645
f 196/358/646 342/319/647 254/356/648
f 253/317/649 35/69/650 36/13/651
f 279/256/652 212/258/653 278/307/654
f 157/359/655 574/315/656 571/360/657
f 282/170/658 214/172/659 281/159/660
f 479/361/661 614/362/662 392/363/663
f 215/99/664 94/164/665 95/364/666
f 136/63/667 163/136/668 129/165/669
f 216/100/670 95/364/671 96/160/672
f 394/167/673 393/169/674 283/365/675
f 215/99/676 163/136/677 94/164/678
f 164/98/679 393/169/680 395/168/681
f 171/203/682 173/276/683 219/278/684
f 166/128/685 222/366/686 285/283/687
f 168/202/688 108/25/689 116/27/690
f 686/367/691 170/368/692 171/203/693
f 112/236/694 630/369/695 116/27/696
f 172/370/697 686/367/698 171/203/699
f 172/370/700 631/371/701 632/183/702
f 396/372/703 480/373/704 395/168/705
f 171/203/706 168/202/707 630/369/708
f 161/374/709 377/257/710 380/375/711
f 171/203/712 630/369/713 172/370/714
f 170/368/715 284/376/716 171/203/717
f 112/236/718 106/184/719 631/371/720
f 106/184/721 632/183/722 631/371/723
f 284/376/724 639/377/725 220/378/726
f 166/128/727 132/187/728 221/277/729
f 163/136/730 174/177/731 93/163/732
f 137/62/733 174/177/734 136/63/735
f 136/63/736 129/165/737 175/61/738
f 480/373/739 175/61/740 129/165/741
f 310/379/742 405/380/743 311/381/744
f 182/244/745 238/243/746 404/264/747
f 56/382/748 290/250/749 55/174/750
f 226/249/751 177/301/752 225/175/753
f 228/383/754 294/46/755 231/12/756
f 315/198/757 183/72/758 241/71/759
f 232/10/760 18/55/761 19/2/762
f 179/11/763 295/384/764 228/383/765
f 484/303/766 300/385/767 303/386/768
f 299/20/769 179/11/770 232/10/771
f 307/23/772 200/387/773 236/388/774
f 556/389/775 559/390/776 563/391/777
f 51/232/778 52/239/779 309/392/780
f 313/393/781 239/234/782 182/244/783
f 314/394/784 12/37/785 13/395/786
f 321/396/787 242/41/788 183/72/789
f 402/397/790 184/398/791 401/399/792
f 422/189/793 418/191/794 417/400/795
f 322/401/796 524/402/797 323/162/798
f 515/403/799 521/404/800 534/405/801
f 328/406/802 58/246/803 59/252/804
f 291/248/805 483/407/806 226/249/807
f 186/255/808 413/254/809 414/408/810
f 245/253/811 186/255/812 244/247/813
f 63/409/814 334/410/815 62/288/816
f 504/349/817 248/289/818 249/411/819
f 189/80/820 30/192/821 191/66/822
f 189/80/823 146/79/824 337/327/825
f 337/327/826 338/412/827 251/322/828
f 28/97/829 252/96/830 27/335/831
f 119/65/832 191/66/833 31/75/834
f 189/80/835 191/66/836 147/67/837
f 34/6/838 193/68/839 192/4/840
f 192/4/841 193/68/842 194/261/843
f 35/69/844 193/68/845 34/6/846
f 194/261/847 193/68/848 148/82/849
f 148/82/850 195/81/851 194/261/852
f 195/81/853 338/412/854 194/261/855
f 253/317/856 343/83/857 344/70/858
f 195/81/859 120/413/860 338/412/861
f 342/319/862 345/86/863 254/356/864
f 254/356/865 346/357/866 348/354/867
f 202/414/868 256/415/869 350/312/870
f 254/356/871 349/355/872 196/358/873
f 198/219/874 260/416/875 261/286/876
f 202/414/877 198/219/878 266/285/879
f 259/330/880 48/89/881 49/227/882
f 199/221/883 353/417/884 260/416/885
f 455/90/886 359/418/887 263/419/888
f 604/420/889 308/421/890 560/422/891
f 549/334/892 341/423/893 441/106/894
f 440/424/895 359/418/896 201/105/897
f 265/209/898 257/220/899 202/414/900
f 256/415/901 351/341/902 446/338/903
f 360/425/904 5/124/905 6/120/906
f 368/426/907 369/427/908 365/428/909
f 326/137/910 327/429/911 410/430/912
f 411/431/913 493/432/914 492/433/915
f 619/434/916 621/435/917 624/436/918
f 613/437/919 611/438/920 612/439/921
f 463/440/922 65/268/923 66/281/924
f 503/441/925 249/411/926 335/291/927
f 370/296/928 68/148/929 69/442/930
f 275/279/931 273/149/932 460/443/933
f 376/299/934 70/444/935 71/445/936
f 381/446/937 161/374/938 385/447/939
f 209/206/940 42/218/941 277/353/942
f 159/154/943 209/206/944 158/205/945
f 210/207/946 277/353/947 255/213/948
f 442/448/949 443/449/950 347/450/951
f 127/84/952 211/15/953 37/14/954
f 253/317/955 211/15/956 160/318/957
f 279/256/958 74/313/959 75/451/960
f 381/446/961 280/308/962 212/258/963
f 76/282/964 77/310/965 285/283/966
f 173/276/967 171/203/968 284/376/969
f 390/452/970 97/158/971 98/453/972
f 214/172/973 283/365/974 216/100/975
f 216/100/976 215/99/977 95/364/978
f 165/135/979 215/99/980 164/98/981
f 281/159/982 216/100/983 96/160/984
f 283/365/985 214/172/986 391/454/987
f 78/126/988 133/200/989 217/127/990
f 132/187/991 217/127/992 133/200/993
f 168/202/994 218/235/995 108/25/996
f 629/102/997 218/235/998 167/201/999
f 629/102/1000 219/278/1001 132/187/1002
f 171/203/1003 219/278/1004 167/201/1005
f 644/455/1006 646/456/1007 643/34/1008
f 222/366/1009 640/311/1010 641/457/1011
f 219/278/1012 221/277/1013 132/187/1014
f 284/376/1015 640/311/1016 173/276/1017
f 75/451/1018 286/284/1019 279/256/1020
f 166/128/1021 221/277/1022 222/366/1023
f 223/8/1024 53/238/1025 287/237/1026
f 238/243/1027 223/8/1028 176/7/1029
f 224/9/1030 287/237/1031 225/175/1032
f 288/178/1033 224/9/1034 177/301/1035
f 225/175/1036 55/174/1037 290/250/1038
f 224/9/1039 225/175/1040 177/301/1041
f 291/248/1042 56/382/1043 57/245/1044
f 481/300/1045 482/458/1046 293/331/1047
f 16/45/1048 17/54/1049 294/46/1050
f 661/459/1051 230/48/1052 178/60/1053
f 295/384/1054 179/11/1055 140/19/1056
f 227/47/1057 228/383/1058 297/59/1059
f 661/459/1060 401/399/1061 229/460/1062
f 298/230/1063 401/399/1064 316/461/1065
f 178/60/1066 230/48/1067 227/47/1068
f 230/48/1069 229/460/1070 400/229/1071
f 232/10/1072 231/12/1073 18/55/1074
f 228/383/1075 231/12/1076 179/11/1077
f 233/1/1078 232/10/1079 19/2/1080
f 179/11/1081 299/20/1082 140/19/1083
f 306/231/1084 20/3/1085 21/185/1086
f 232/10/1087 233/1/1088 180/462/1089
f 180/462/1090 233/1/1091 234/29/1092
f 233/1/1093 20/3/1094 306/231/1095
f 22/22/1096 23/107/1097 307/23/1098
f 234/29/1099 235/24/1100 181/30/1101
f 308/421/1102 200/387/1103 357/463/1104
f 181/30/1105 235/24/1106 236/388/1107
f 237/233/1108 51/232/1109 309/392/1110
f 239/234/1111 237/233/1112 182/244/1113
f 238/243/1114 309/392/1115 223/8/1116
f 238/243/1117 176/7/1118 405/380/1119
f 313/393/1120 182/244/1121 408/263/1122
f 353/417/1123 199/221/1124 259/330/1125
f 240/38/1126 12/37/1127 314/394/1128
f 242/41/1129 240/38/1130 183/72/1131
f 298/230/1132 13/395/1133 14/53/1134
f 183/72/1135 315/198/1136 143/197/1137
f 321/396/1138 183/72/1139 143/197/1140
f 325/130/1141 323/162/1142 185/464/1143
f 185/464/1144 523/465/1145 675/466/1146
f 8/138/1147 410/430/1148 7/121/1149
f 244/247/1150 58/246/1151 328/406/1152
f 291/248/1153 244/247/1154 186/255/1155
f 245/253/1156 328/406/1157 246/241/1158
f 245/253/1159 187/240/1160 415/467/1161
f 246/241/1162 60/251/1163 330/259/1164
f 245/253/1165 246/241/1166 187/240/1167
f 247/242/1168 330/259/1169 248/289/1170
f 331/274/1171 247/242/1172 188/272/1173
f 248/289/1174 62/288/1175 334/410/1176
f 247/242/1177 248/289/1178 188/272/1179
f 335/291/1180 63/409/1181 64/270/1182
f 512/468/1183 513/469/1184 510/470/1185
f 189/80/1186 250/91/1187 29/101/1188
f 252/96/1189 250/91/1190 190/92/1191
f 251/322/1192 338/412/1193 437/320/1194
f 340/326/1195 251/322/1196 438/321/1197
f 340/326/1198 252/96/1199 190/92/1200
f 153/216/1201 359/418/1202 440/424/1203
f 253/317/1204 36/13/1205 211/15/1206
f 253/317/1207 342/319/1208 343/83/1209
f 346/357/1210 254/356/1211 345/86/1212
f 443/449/1213 442/448/1214 210/207/1215
f 44/212/1216 45/210/1217 350/312/1218
f 210/207/1219 255/213/1220 197/471/1221
f 351/341/1222 202/414/1223 266/285/1224
f 197/471/1225 255/213/1226 256/415/1227
f 257/220/1228 47/88/1229 258/87/1230
f 202/414/1231 257/220/1232 198/219/1233
f 259/330/1234 258/87/1235 48/89/1236
f 257/220/1237 258/87/1238 199/221/1239
f 312/226/1240 259/330/1241 49/227/1242
f 239/234/1243 313/393/1244 354/472/1245
f 151/473/1246 448/474/1247 260/416/1248
f 198/219/1249 199/221/1250 260/416/1251
f 447/193/1252 448/474/1253 355/194/1254
f 447/193/1255 356/329/1256 451/287/1257
f 358/475/1258 262/109/1259 24/108/1260
f 307/23/1261 262/109/1262 200/387/1263
f 308/421/1264 357/463/1265 152/476/1266
f 200/387/1267 262/109/1268 358/475/1269
f 441/106/1270 264/18/1271 26/17/1272
f 455/90/1273 264/18/1274 201/105/1275
f 257/220/1276 265/209/1277 46/211/1278
f 350/312/1279 265/209/1280 202/414/1281
f 261/286/1282 266/285/1283 198/219/1284
f 351/341/1285 266/285/1286 154/477/1287
f 267/125/1288 5/124/1289 360/425/1290
f 269/147/1291 267/125/1292 203/343/1293
f 410/430/1294 412/478/1295 494/122/1296
f 268/342/1297 495/156/1298 497/155/1299
f 369/427/1300 655/479/1301 656/347/1302
f 366/344/1303 365/428/1304 654/480/1305
f 620/481/1306 654/480/1307 365/428/1308
f 101/140/1309 123/58/1310 364/151/1311
f 363/152/1312 100/346/1313 101/140/1314
f 391/454/1315 387/171/1316 162/482/1317
f 463/440/1318 275/279/1319 375/483/1320
f 249/411/1321 334/410/1322 335/291/1323
f 273/149/1324 68/148/1325 370/296/1326
f 273/149/1327 207/305/1328 460/443/1329
f 371/292/1330 69/442/1331 70/444/1332
f 372/484/1333 575/485/1334 458/486/1335
f 458/486/1336 374/487/1337 460/443/1338
f 462/488/1339 206/352/1340 433/489/1341
f 386/490/1342 383/491/1343 466/492/1344
f 72/493/1345 73/309/1346 280/308/1347
f 255/213/1348 277/353/1349 43/214/1350
f 209/206/1351 277/353/1352 210/207/1353
f 279/256/1354 278/307/1355 74/313/1356
f 280/308/1357 278/307/1358 212/258/1359
f 286/284/1360 75/451/1361 76/282/1362
f 212/258/1363 377/257/1364 161/374/1365
f 381/446/1366 212/258/1367 161/374/1368
f 383/491/1369 592/494/1370 384/297/1371
f 281/159/1372 97/158/1373 390/452/1374
f 216/100/1375 281/159/1376 214/172/1377
f 282/170/1378 470/222/1379 389/133/1380
f 599/495/1381 595/496/1382 597/497/1383
f 476/498/1384 394/167/1385 283/365/1386
f 164/98/1387 216/100/1388 393/169/1389
f 639/377/1390 284/376/1391 170/368/1392
f 640/311/1393 284/376/1394 220/378/1395
f 166/128/1396 285/283/1397 77/310/1398
f 222/366/1399 641/457/1400 398/499/1401
f 398/499/1402 285/283/1403 222/366/1404
f 286/284/1405 398/499/1406 378/500/1407
f 225/175/1408 287/237/1409 54/176/1410
f 223/8/1411 287/237/1412 224/9/1413
f 481/300/1414 226/249/1415 483/407/1416
f 289/179/1417 288/178/1418 138/332/1419
f 289/179/1420 138/332/1421 311/381/1422
f 176/7/1423 224/9/1424 289/179/1425
f 291/248/1426 290/250/1427 56/382/1428
f 225/175/1429 290/250/1430 226/249/1431
f 244/247/1432 291/248/1433 57/245/1434
f 657/501/1435 399/502/1436 483/407/1437
f 420/190/1438 144/503/1439 418/191/1440
f 671/74/1441 665/504/1442 296/73/1443
f 177/301/1444 293/331/1445 288/178/1446
f 663/505/1447 665/504/1448 488/506/1449
f 231/12/1450 294/46/1451 17/54/1452
f 227/47/1453 294/46/1454 228/383/1455
f 296/73/1456 295/384/1457 140/19/1458
f 228/383/1459 295/384/1460 297/59/1461
f 488/506/1462 671/74/1463 301/21/1464
f 296/73/1465 667/507/1466 651/508/1467
f 295/384/1468 296/73/1469 297/59/1470
f 651/508/1471 297/59/1472 296/73/1473
f 298/230/1474 400/229/1475 401/399/1476
f 314/394/1477 298/230/1478 241/71/1479
f 180/462/1480 302/509/1481 232/10/1482
f 301/21/1483 300/385/1484 488/506/1485
f 300/385/1486 301/21/1487 302/509/1488
f 302/509/1489 180/462/1490 303/386/1491
f 302/509/1492 301/21/1493 299/20/1494
f 488/506/1495 300/385/1496 487/302/1497
f 232/10/1498 302/509/1499 299/20/1500
f 305/333/1501 303/386/1502 180/462/1503
f 141/510/1504 559/390/1505 558/511/1506
f 300/385/1507 302/509/1508 303/386/1509
f 559/390/1510 556/389/1511 558/511/1512
f 305/333/1513 304/28/1514 141/510/1515
f 303/386/1516 305/333/1517 141/510/1518
f 234/29/1519 305/333/1520 180/462/1521
f 235/24/1522 306/231/1523 21/185/1524
f 233/1/1525 306/231/1526 234/29/1527
f 307/23/1528 23/107/1529 262/109/1530
f 235/24/1531 307/23/1532 236/388/1533
f 559/390/1534 181/30/1535 604/420/1536
f 236/388/1537 200/387/1538 308/421/1539
f 223/8/1540 309/392/1541 52/239/1542
f 237/233/1543 309/392/1544 238/243/1545
f 176/7/1546 289/179/1547 311/381/1548
f 310/379/1549 311/381/1550 407/512/1551
f 489/513/1552 311/381/1553 138/332/1554
f 490/116/1555 311/381/1556 489/513/1557
f 237/233/1558 312/226/1559 50/228/1560
f 259/330/1561 312/226/1562 239/234/1563
f 560/422/1564 676/76/1565 562/514/1566
f 151/473/1567 260/416/1568 353/417/1569
f 298/230/1570 314/394/1571 13/395/1572
f 240/38/1573 314/394/1574 241/71/1575
f 241/71/1576 316/461/1577 315/198/1578
f 319/515/1579 318/196/1580 316/461/1581
f 298/230/1582 316/461/1583 241/71/1584
f 316/461/1585 184/398/1586 319/515/1587
f 502/516/1588 421/517/1589 419/518/1590
f 602/519/1591 317/520/1592 502/516/1593
f 316/461/1594 318/196/1595 315/198/1596
f 427/521/1597 317/520/1598 424/522/1599
f 319/515/1600 184/398/1601 421/517/1602
f 318/196/1603 319/515/1604 317/520/1605
f 240/38/1606 320/40/1607 11/39/1608
f 409/131/1609 320/40/1610 242/41/1611
f 324/523/1612 321/396/1613 143/197/1614
f 325/130/1615 185/464/1616 243/524/1617
f 322/401/1618 324/523/1619 425/525/1620
f 520/526/1621 416/527/1622 514/528/1623
f 242/41/1624 321/396/1625 323/162/1626
f 323/162/1627 321/396/1628 324/523/1629
f 318/196/1630 427/521/1631 143/197/1632
f 323/162/1633 324/523/1634 322/401/1635
f 326/137/1636 325/130/1637 243/524/1638
f 10/186/1639 409/131/1640 9/139/1641
f 326/137/1642 9/139/1643 409/131/1644
f 327/429/1645 326/137/1646 243/524/1647
f 492/433/1648 327/429/1649 243/524/1650
f 493/432/1651 495/156/1652 412/478/1653
f 246/241/1654 328/406/1655 59/252/1656
f 244/247/1657 328/406/1658 245/253/1659
f 333/267/1660 187/240/1661 332/290/1662
f 333/267/1663 329/266/1664 415/467/1665
f 248/289/1666 330/259/1667 61/260/1668
f 246/241/1669 330/259/1670 247/242/1671
f 188/272/1672 504/349/1673 436/273/1674
f 332/290/1675 331/274/1676 145/529/1677
f 332/290/1678 145/529/1679 333/267/1680
f 247/242/1681 332/290/1682 187/240/1683
f 499/530/1684 333/267/1685 145/529/1686
f 500/531/1687 333/267/1688 499/530/1689
f 335/291/1690 334/410/1691 63/409/1692
f 248/289/1693 334/410/1694 249/411/1695
f 462/488/1696 433/489/1697 272/269/1698
f 434/532/1699 503/441/1700 433/489/1701
f 512/468/1702 511/533/1703 509/534/1704
f 423/535/1705 500/531/1706 118/536/1707
f 189/80/1708 337/327/1709 190/92/1710
f 338/412/1711 337/327/1712 146/79/1713
f 338/412/1714 146/79/1715 194/261/1716
f 437/320/1717 338/412/1718 120/413/1719
f 195/81/1720 445/224/1721 120/413/1722
f 339/537/1723 439/538/1724 438/321/1725
f 340/326/1726 150/539/1727 653/540/1728
f 337/327/1729 340/326/1730 190/92/1731
f 653/540/1732 341/423/1733 549/334/1734
f 439/538/1735 569/541/1736 150/539/1737
f 342/319/1738 160/318/1739 345/86/1740
f 343/83/1741 342/319/1742 196/358/1743
f 343/83/1744 196/358/1745 445/224/1746
f 344/70/1747 343/83/1748 148/82/1749
f 193/68/1750 344/70/1751 148/82/1752
f 35/69/1753 253/317/1754 344/70/1755
f 127/84/1756 345/86/1757 160/318/1758
f 346/357/1759 345/86/1760 124/85/1761
f 159/154/1762 346/357/1763 124/85/1764
f 442/448/1765 158/205/1766 210/207/1767
f 442/448/1768 348/354/1769 346/357/1770
f 547/542/1771 149/340/1772 439/538/1773
f 442/448/1774 346/357/1775 158/205/1776
f 348/354/1777 347/450/1778 349/355/1779
f 347/450/1780 444/543/1781 349/355/1782
f 349/355/1783 339/537/1784 437/320/1785
f 350/312/1786 45/210/1787 265/209/1788
f 255/213/1789 350/312/1790 256/415/1791
f 351/341/1792 154/477/1793 352/339/1794
f 256/415/1795 202/414/1796 351/341/1797
f 356/329/1798 453/337/1799 451/287/1800
f 150/539/1801 569/541/1802 567/544/1803
f 354/472/1804 259/330/1805 239/234/1806
f 354/472/1807 353/417/1808 259/330/1809
f 565/545/1810 313/393/1811 142/262/1812
f 353/417/1813 354/472/1814 551/546/1815
f 151/473/1816 353/417/1817 551/546/1818
f 554/547/1819 550/548/1820 449/549/1821
f 121/204/1822 687/215/1823 566/328/1824
f 352/339/1825 154/477/1826 453/337/1827
f 358/475/1828 357/463/1829 200/387/1830
f 650/77/1831 357/463/1832 263/419/1833
f 25/16/1834 358/475/1835 24/108/1836
f 357/463/1837 358/475/1838 263/419/1839
f 359/418/1840 153/216/1841 687/215/1842
f 455/90/1843 263/419/1844 358/475/1845
f 360/425/1846 6/120/1847 494/122/1848
f 267/125/1849 360/425/1850 268/342/1851
f 267/125/1852 361/146/1853 4/123/1854
f 362/141/1855 269/147/1856 270/550/1857
f 361/146/1858 362/141/1859 3/142/1860
f 362/141/1861 270/550/1862 364/151/1863
f 364/151/1864 367/551/1865 363/152/1866
f 366/344/1867 271/552/1868 596/345/1869
f 364/151/1870 123/58/1871 2/57/1872
f 367/551/1873 364/151/1874 270/550/1875
f 368/426/1876 367/551/1877 270/550/1878
f 368/426/1879 269/147/1880 655/479/1881
f 100/346/1882 363/152/1883 366/344/1884
f 366/344/1885 363/152/1886 367/551/1887
f 368/426/1888 270/550/1889 269/147/1890
f 366/344/1891 367/551/1892 365/428/1893
f 269/147/1894 203/343/1895 655/479/1896
f 365/428/1897 367/551/1898 368/426/1899
f 621/435/1900 619/434/1901 369/427/1902
f 369/427/1903 619/434/1904 620/481/1905
f 371/292/1906 370/296/1907 69/442/1908
f 273/149/1909 370/296/1910 274/295/1911
f 376/299/1912 371/292/1913 70/444/1914
f 456/293/1915 371/292/1916 276/298/1917
f 372/484/1918 459/306/1919 457/294/1920
f 606/553/1921 572/554/1922 615/555/1923
f 273/149/1924 373/280/1925 67/150/1926
f 463/440/1927 373/280/1928 275/279/1929
f 374/487/1930 157/359/1931 570/556/1932
f 464/325/1933 374/487/1934 465/323/1935
f 272/269/1936 463/440/1937 462/488/1938
f 464/325/1939 275/279/1940 460/443/1941
f 376/299/1942 71/445/1943 384/297/1944
f 371/292/1945 376/299/1946 276/298/1947
f 279/256/1948 378/500/1949 377/257/1950
f 213/557/1951 380/375/1952 378/500/1953
f 286/284/1954 378/500/1955 279/256/1956
f 213/557/1957 642/558/1958 380/375/1959
f 380/375/1960 642/558/1961 379/36/1962
f 601/559/1963 646/456/1964 684/560/1965
f 378/500/1966 380/375/1967 377/257/1968
f 467/561/1969 380/375/1970 379/36/1971
f 579/562/1972 580/563/1973 385/447/1974
f 280/308/1975 381/446/1976 386/490/1977
f 387/171/1978 472/564/1979 162/482/1980
f 592/494/1981 468/565/1982 469/566/1983
f 383/491/1984 386/490/1985 385/447/1986
f 383/491/1987 385/447/1988 468/565/1989
f 72/493/1990 466/492/1991 71/445/1992
f 280/308/1993 466/492/1994 72/493/1995
f 579/562/1996 385/447/1997 161/374/1998
f 385/447/1999 382/567/2000 468/565/2001
f 385/447/2002 386/490/2003 381/446/2004
f 466/492/2005 383/491/2006 384/297/2007
f 594/223/2008 388/134/2009 389/133/2010
f 282/170/2011 389/133/2012 387/171/2013
f 607/568/2014 610/569/2015 611/438/2016
f 471/570/2017 475/571/2018 472/564/2019
f 390/452/2020 470/222/2021 282/170/2022
f 591/572/2023 584/573/2024 585/574/2025
f 470/222/2026 390/452/2027 98/453/2028
f 281/159/2029 390/452/2030 282/170/2031
f 387/171/2032 391/454/2033 214/172/2034
f 162/482/2035 283/365/2036 391/454/2037
f 392/363/2038 394/167/2039 479/361/2040
f 634/575/2041 637/576/2042 632/183/2043
f 216/100/2044 283/365/2045 393/169/2046
f 162/482/2047 476/498/2048 283/365/2049
f 175/61/2050 480/373/2051 103/182/2052
f 395/168/2053 129/165/2054 165/135/2055
f 164/98/2056 395/168/2057 165/135/2058
f 397/577/2059 396/372/2060 395/168/2061
f 397/577/2062 395/168/2063 394/167/2064
f 396/372/2065 635/578/2066 634/575/2067
f 392/363/2068 638/579/2069 394/167/2070
f 396/372/2071 638/579/2072 635/578/2073
f 378/500/2074 398/499/2075 213/557/2076
f 285/283/2077 398/499/2078 286/284/2079
f 657/501/2080 291/248/2081 186/255/2082
f 658/580/2083 399/502/2084 657/501/2085
f 230/48/2086 400/229/2087 14/53/2088
f 401/399/2089 400/229/2090 229/460/2091
f 401/399/2092 661/459/2093 402/397/2094
f 316/461/2095 401/399/2096 184/398/2097
f 661/459/2098 651/508/2099 652/581/2100
f 652/581/2101 669/582/2102 431/583/2103
f 562/514/2104 555/584/2105 557/585/2106
f 491/586/2107 310/379/2108 407/512/2109
f 405/380/2110 404/264/2111 238/243/2112
f 142/262/2113 404/264/2114 310/379/2115
f 311/381/2116 405/380/2117 176/7/2118
f 404/264/2119 405/380/2120 310/379/2121
f 662/587/2122 406/114/2123 489/513/2124
f 488/506/2125 664/115/2126 663/505/2127
f 486/304/2128 117/588/2129 487/302/2130
f 310/379/2131 491/586/2132 142/262/2133
f 404/264/2134 408/263/2135 182/244/2136
f 142/262/2137 313/393/2138 408/263/2139
f 409/131/2140 10/186/2141 320/40/2142
f 326/137/2143 409/131/2144 325/130/2145
f 326/137/2146 410/430/2147 8/138/2148
f 412/478/2149 410/430/2150 327/429/2151
f 507/589/2152 511/533/2153 522/590/2154
f 672/591/2155 673/592/2156 674/593/2157
f 412/478/2158 327/429/2159 493/432/2160
f 360/425/2161 412/478/2162 268/342/2163
f 415/467/2164 413/254/2165 245/253/2166
f 414/408/2167 413/254/2168 329/266/2169
f 329/266/2170 501/265/2171 418/191/2172
f 414/408/2173 144/503/2174 657/501/2175
f 333/267/2176 415/467/2177 187/240/2178
f 413/254/2179 415/467/2180 329/266/2181
f 508/594/2182 145/529/2183 436/273/2184
f 432/111/2185 322/401/2186 425/525/2187
f 602/519/2188 422/189/2189 423/535/2190
f 414/408/2191 418/191/2192 144/503/2193
f 329/266/2194 418/191/2195 414/408/2196
f 422/189/2197 417/400/2198 423/535/2199
f 319/515/2200 421/517/2201 317/520/2202
f 419/518/2203 429/595/2204 420/190/2205
f 430/596/2206 429/595/2207 419/518/2208
f 659/597/2209 420/190/2210 429/595/2211
f 402/397/2212 431/583/2213 184/398/2214
f 669/582/2215 430/596/2216 431/583/2217
f 417/400/2218 500/531/2219 423/535/2220
f 419/518/2221 420/190/2222 422/189/2223
f 424/522/2224 423/535/2225 118/536/2226
f 424/522/2227 602/519/2228 423/535/2229
f 428/112/2230 432/111/2231 118/536/2232
f 425/525/2233 143/197/2234 427/521/2235
f 143/197/2236 425/525/2237 324/523/2238
f 118/536/2239 425/525/2240 424/522/2241
f 666/598/2242 292/599/2243 670/600/2244
f 482/458/2245 660/601/2246 292/599/2247
f 317/520/2248 427/521/2249 318/196/2250
f 424/522/2251 425/525/2252 427/521/2253
f 436/273/2254 506/602/2255 508/594/2256
f 514/528/2257 416/527/2258 508/594/2259
f 430/596/2260 419/518/2261 421/517/2262
f 658/580/2263 144/503/2264 659/597/2265
f 431/583/2266 430/596/2267 421/517/2268
f 426/603/2269 429/595/2270 430/596/2271
f 184/398/2272 431/583/2273 421/517/2274
f 431/583/2275 402/397/2276 652/581/2277
f 118/536/2278 432/111/2279 425/525/2280
f 517/110/2281 428/112/2282 516/604/2283
f 434/532/2284 433/489/2285 206/352/2286
f 335/291/2287 272/269/2288 433/489/2289
f 513/469/2290 518/351/2291 156/605/2292
f 505/606/2293 434/532/2294 513/469/2295
f 504/349/2296 503/441/2297 435/350/2298
f 331/274/2299 436/273/2300 145/529/2301
f 435/350/2302 506/602/2303 436/273/2304
f 506/602/2305 336/607/2306 509/534/2307
f 437/320/2308 120/413/2309 445/224/2310
f 438/321/2311 437/320/2312 339/537/2313
f 339/537/2314 547/542/2315 439/538/2316
f 438/321/2317 150/539/2318 340/326/2319
f 568/608/2320 352/339/2321 454/336/2322
f 150/539/2323 438/321/2324 439/538/2325
f 441/106/2326 440/424/2327 201/105/2328
f 567/544/2329 440/424/2330 341/423/2331
f 27/335/2332 441/106/2333 26/17/2334
f 440/424/2335 441/106/2336 341/423/2337
f 443/449/2338 210/207/2339 197/471/2340
f 348/354/2341 442/448/2342 347/450/2343
f 446/338/2344 443/449/2345 197/471/2346
f 548/609/2347 149/340/2348 547/542/2349
f 347/450/2350 443/449/2351 548/609/2352
f 339/537/2353 349/355/2354 444/543/2355
f 196/358/2356 349/355/2357 445/224/2358
f 437/320/2359 445/224/2360 349/355/2361
f 443/449/2362 446/338/2363 149/340/2364
f 256/415/2365 446/338/2366 197/471/2367
f 447/193/2368 121/204/2369 566/328/2370
f 448/474/2371 447/193/2372 261/286/2373
f 260/416/2374 448/474/2375 261/286/2376
f 550/548/2377 448/474/2378 151/473/2379
f 603/610/2380 313/393/2381 552/611/2382
f 449/549/2383 551/546/2384 603/610/2385
f 554/547/2386 355/194/2387 550/548/2388
f 554/547/2389 450/78/2390 553/195/2391
f 266/285/2392 451/287/2393 154/477/2394
f 447/193/2395 451/287/2396 261/286/2397
f 440/424/2398 567/544/2399 153/216/2400
f 453/337/2401 454/336/2402 352/339/2403
f 451/287/2404 453/337/2405 154/477/2406
f 356/329/2407 566/328/2408 454/336/2409
f 454/336/2410 452/217/2411 605/612/2412
f 149/340/2413 568/608/2414 439/538/2415
f 359/418/2416 455/90/2417 201/105/2418
f 358/475/2419 25/16/2420 455/90/2421
f 276/298/2422 592/494/2423 469/566/2424
f 457/294/2425 456/293/2426 208/613/2427
f 457/294/2428 208/613/2429 628/614/2430
f 274/295/2431 371/292/2432 457/294/2433
f 374/487/2434 458/486/2435 157/359/2436
f 459/306/2437 458/486/2438 207/305/2439
f 457/294/2440 459/306/2441 274/295/2442
f 458/486/2443 459/306/2444 372/484/2445
f 458/486/2446 460/443/2447 207/305/2448
f 464/325/2449 460/443/2450 374/487/2451
f 537/615/2452 536/616/2453 533/617/2454
f 156/605/2455 525/618/2456 529/619/2457
f 463/440/2458 272/269/2459 65/268/2460
f 528/324/2461 462/488/2462 375/483/2463
f 463/440/2464 66/281/2465 373/280/2466
f 462/488/2467 463/440/2468 375/483/2469
f 374/487/2470 570/556/2471 465/323/2472
f 375/483/2473 275/279/2474 464/325/2475
f 529/619/2476 525/618/2477 465/323/2478
f 465/323/2479 525/618/2480 528/324/2481
f 386/490/2482 466/492/2483 280/308/2484
f 71/445/2485 466/492/2486 384/297/2487
f 579/562/2488 380/375/2489 467/561/2490
f 385/447/2491 580/563/2492 382/567/2493
f 617/620/2494 616/621/2495 382/567/2496
f 469/566/2497 208/613/2498 456/293/2499
f 276/298/2500 469/566/2501 456/293/2502
f 469/566/2503 616/621/2504 606/553/2505
f 98/453/2506 593/622/2507 470/222/2508
f 596/345/2509 593/622/2510 99/623/2511
f 681/624/2512 678/625/2513 680/626/2514
f 128/627/2515 582/628/2516 581/629/2517
f 389/133/2518 472/564/2519 387/171/2520
f 582/628/2521 474/630/2522 475/571/2523
f 471/570/2524 472/564/2525 473/132/2526
f 389/133/2527 473/132/2528 472/564/2529
f 614/362/2530 479/361/2531 478/631/2532
f 475/571/2533 477/632/2534 472/564/2535
f 582/628/2536 475/571/2537 471/570/2538
f 475/571/2539 474/630/2540 477/632/2541
f 477/632/2542 476/498/2543 162/482/2544
f 394/167/2545 476/498/2546 479/361/2547
f 477/632/2548 162/482/2549 472/564/2550
f 477/632/2551 474/630/2552 478/631/2553
f 474/630/2554 600/633/2555 478/631/2556
f 379/36/2557 649/35/2558 467/561/2559
f 476/498/2560 477/632/2561 479/361/2562
f 478/631/2563 479/361/2564 477/632/2565
f 395/168/2566 480/373/2567 129/165/2568
f 103/182/2569 480/373/2570 396/372/2571
f 482/458/2572 481/300/2573 399/502/2574
f 293/331/2575 177/301/2576 481/300/2577
f 660/601/2578 399/502/2579 658/580/2580
f 293/331/2581 482/458/2582 292/599/2583
f 657/501/2584 483/407/2585 291/248/2586
f 481/300/2587 483/407/2588 399/502/2589
f 485/634/2590 303/386/2591 141/510/2592
f 484/303/2593 403/635/2594 486/304/2595
f 403/635/2596 484/303/2597 485/634/2598
f 303/386/2599 485/634/2600 484/303/2601
f 491/586/2602 486/304/2603 403/635/2604
f 407/512/2605 117/588/2606 486/304/2607
f 117/588/2608 488/506/2609 487/302/2610
f 300/385/2611 484/303/2612 487/302/2613
f 664/115/2614 117/588/2615 490/116/2616
f 663/505/2617 406/114/2618 662/587/2619
f 662/587/2620 489/513/2621 138/332/2622
f 489/513/2623 406/114/2624 490/116/2625
f 117/588/2626 407/512/2627 490/116/2628
f 490/116/2629 407/512/2630 311/381/2631
f 486/304/2632 491/586/2633 407/512/2634
f 561/636/2635 491/586/2636 403/635/2637
f 675/466/2638 492/433/2639 243/524/2640
f 411/431/2641 674/593/2642 493/432/2643
f 493/432/2644 204/637/2645 495/156/2646
f 327/429/2647 492/433/2648 493/432/2649
f 410/430/2650 494/122/2651 7/121/2652
f 360/425/2653 494/122/2654 412/478/2655
f 204/637/2656 626/638/2657 495/156/2658
f 268/342/2659 412/478/2660 495/156/2661
f 534/405/2662 543/639/2663 515/403/2664
f 540/640/2665 530/641/2666 544/642/2667
f 498/348/2668 497/155/2669 496/157/2670
f 203/343/2671 268/342/2672 497/155/2673
f 683/643/2674 498/348/2675 496/157/2676
f 369/427/2677 656/347/2678 155/644/2679
f 508/594/2680 499/530/2681 145/529/2682
f 500/531/2683 499/530/2684 416/527/2685
f 118/536/2686 500/531/2687 416/527/2688
f 500/531/2689 417/400/2690 501/265/2691
f 500/531/2692 501/265/2693 333/267/2694
f 418/191/2695 501/265/2696 417/400/2697
f 422/189/2698 602/519/2699 419/518/2700
f 317/520/2701 421/517/2702 502/516/2703
f 433/489/2704 503/441/2705 335/291/2706
f 503/441/2707 434/532/2708 505/606/2709
f 248/289/2710 504/349/2711 188/272/2712
f 503/441/2713 504/349/2714 249/411/2715
f 506/602/2716 505/606/2717 336/607/2718
f 503/441/2719 505/606/2720 435/350/2721
f 505/606/2722 506/602/2723 435/350/2724
f 508/594/2725 506/602/2726 509/534/2727
f 336/607/2728 512/468/2729 509/534/2730
f 519/645/2731 516/604/2732 428/112/2733
f 514/528/2734 508/594/2735 507/589/2736
f 508/594/2737 416/527/2738 499/530/2739
f 513/469/2740 156/605/2741 545/646/2742
f 507/589/2743 508/594/2744 509/534/2745
f 539/647/2746 531/648/2747 530/641/2748
f 507/589/2749 509/534/2750 511/533/2751
f 510/470/2752 521/404/2753 511/533/2754
f 432/111/2755 517/110/2756 322/401/2757
f 336/607/2758 505/606/2759 513/469/2760
f 511/533/2761 512/468/2762 510/470/2763
f 336/607/2764 513/469/2765 512/468/2766
f 518/351/2767 513/469/2768 434/532/2769
f 507/589/2770 519/645/2771 514/528/2772
f 520/526/2773 118/536/2774 416/527/2775
f 156/605/2776 529/619/2777 535/649/2778
f 492/433/2779 675/466/2780 411/431/2781
f 511/533/2782 526/650/2783 522/590/2784
f 516/604/2785 527/651/2786 517/110/2787
f 526/650/2788 523/465/2789 527/651/2790
f 323/162/2791 524/402/2792 185/464/2793
f 434/532/2794 206/352/2795 518/351/2796
f 528/324/2797 525/618/2798 518/351/2799
f 519/645/2800 507/589/2801 522/590/2802
f 520/526/2803 428/112/2804 118/536/2805
f 514/528/2806 519/645/2807 520/526/2808
f 428/112/2809 520/526/2810 519/645/2811
f 541/652/2812 545/646/2813 535/649/2814
f 526/650/2815 521/404/2816 515/403/2817
f 526/650/2818 511/533/2819 521/404/2820
f 519/645/2821 522/590/2822 516/604/2823
f 523/465/2824 526/650/2825 672/591/2826
f 524/402/2827 523/465/2828 185/464/2829
f 322/401/2830 517/110/2831 524/402/2832
f 524/402/2833 517/110/2834 527/651/2835
f 529/619/2836 465/323/2837 461/653/2838
f 156/605/2839 518/351/2840 525/618/2841
f 526/650/2842 515/403/2843 672/591/2844
f 522/590/2845 526/650/2846 516/604/2847
f 526/650/2848 527/651/2849 516/604/2850
f 524/402/2851 527/651/2852 523/465/2853
f 462/488/2854 528/324/2855 206/352/2856
f 464/325/2857 528/324/2858 375/483/2859
f 531/648/2860 536/616/2861 530/641/2862
f 529/619/2863 461/653/2864 531/648/2865
f 530/641/2866 536/616/2867 537/615/2868
f 625/654/2869 626/638/2870 538/655/2871
f 536/616/2872 531/648/2873 573/656/2874
f 539/647/2875 535/649/2876 531/648/2877
f 534/405/2878 510/470/2879 541/652/2880
f 543/639/2881 540/640/2882 538/655/2883
f 573/656/2884 570/556/2885 571/360/2886
f 208/613/2887 469/566/2888 606/553/2889
f 510/470/2890 534/405/2891 521/404/2892
f 543/639/2893 534/405/2894 532/657/2895
f 531/648/2896 535/649/2897 529/619/2898
f 541/652/2899 535/649/2900 532/657/2901
f 573/656/2902 531/648/2903 461/653/2904
f 533/617/2905 677/658/2906 537/615/2907
f 122/659/2908 546/660/2909 537/615/2910
f 623/661/2911 542/662/2912 622/663/2913
f 539/647/2914 540/640/2915 532/657/2916
f 674/593/2917 673/592/2918 538/655/2919
f 539/647/2920 530/641/2921 540/640/2922
f 532/657/2923 535/649/2924 539/647/2925
f 544/642/2926 530/641/2927 537/615/2928
f 625/654/2929 540/640/2930 623/661/2931
f 534/405/2932 541/652/2933 532/657/2934
f 510/470/2935 513/469/2936 545/646/2937
f 598/664/2938 205/665/2939 618/666/2940
f 544/642/2941 623/661/2942 540/640/2943
f 540/640/2944 543/639/2945 532/657/2946
f 543/639/2947 538/655/2948 673/592/2949
f 546/660/2950 544/642/2951 537/615/2952
f 623/661/2953 544/642/2954 542/662/2955
f 535/649/2956 545/646/2957 156/605/2958
f 510/470/2959 545/646/2960 541/652/2961
f 619/434/2962 624/436/2963 607/568/2964
f 544/642/2965 546/660/2966 542/662/2967
f 339/537/2968 444/543/2969 547/542/2970
f 548/609/2971 444/543/2972 347/450/2973
f 149/340/2974 548/609/2975 443/449/2976
f 444/543/2977 548/609/2978 547/542/2979
f 549/334/2980 252/96/2981 653/540/2982
f 441/106/2983 27/335/2984 549/334/2985
f 448/474/2986 550/548/2987 355/194/2988
f 551/546/2989 550/548/2990 151/473/2991
f 603/610/2992 551/546/2993 354/472/2994
f 551/546/2995 449/549/2996 550/548/2997
f 561/636/2998 142/262/2999 491/586/3000
f 403/635/3001 485/634/3002 558/511/3003
f 554/547/3004 553/195/3005 355/194/3006
f 650/77/3007 553/195/3008 450/78/3009
f 449/549/3010 555/584/3011 554/547/3012
f 557/585/3013 555/584/3014 552/611/3015
f 603/610/3016 555/584/3017 449/549/3018
f 564/667/3019 552/611/3020 565/545/3021
f 559/390/3022 141/510/3023 304/28/3024
f 308/421/3025 152/476/3026 676/76/3027
f 561/636/3028 564/667/3029 565/545/3030
f 563/391/3031 562/514/3032 556/389/3033
f 141/510/3034 558/511/3035 485/634/3036
f 564/667/3037 556/389/3038 557/585/3039
f 304/28/3040 181/30/3041 559/390/3042
f 308/421/3043 604/420/3044 236/388/3045
f 676/76/3046 560/422/3047 308/421/3048
f 450/78/3049 554/547/3050 562/514/3051
f 403/635/3052 558/511/3053 561/636/3054
f 561/636/3055 558/511/3056 564/667/3057
f 555/584/3058 562/514/3059 554/547/3060
f 556/389/3061 562/514/3062 557/585/3063
f 604/420/3064 563/391/3065 559/390/3066
f 562/514/3067 563/391/3068 560/422/3069
f 556/389/3070 564/667/3071 558/511/3072
f 552/611/3073 564/667/3074 557/585/3075
f 313/393/3076 565/545/3077 552/611/3078
f 142/262/3079 561/636/3080 565/545/3081
f 687/215/3082 121/204/3083 650/77/3084
f 454/336/3085 566/328/3086 452/217/3087
f 567/544/3088 605/612/3089 153/216/3090
f 653/540/3091 567/544/3092 341/423/3093
f 352/339/3094 568/608/3095 149/340/3096
f 454/336/3097 605/612/3098 569/541/3099
f 439/538/3100 568/608/3101 569/541/3102
f 454/336/3103 569/541/3104 568/608/3105
f 571/360/3106 570/556/3107 157/359/3108
f 465/323/3109 570/556/3110 461/653/3111
f 574/315/3112 575/485/3113 615/555/3114
f 573/656/3115 571/360/3116 533/617/3117
f 583/668/3118 582/628/3119 588/669/3120
f 533/617/3121 571/360/3122 578/314/3123
f 536/616/3124 573/656/3125 533/617/3126
f 570/556/3127 573/656/3128 461/653/3129
f 575/485/3130 574/315/3131 157/359/3132
f 574/315/3133 572/554/3134 577/316/3135
f 458/486/3136 575/485/3137 157/359/3138
f 628/614/3139 615/555/3140 575/485/3141
f 382/567/3142 583/668/3143 587/670/3144
f 576/671/3145 681/624/3146 677/658/3147
f 678/625/3148 577/316/3149 572/554/3150
f 577/316/3151 576/671/3152 578/314/3153
f 578/314/3154 571/360/3155 574/315/3156
f 677/658/3157 578/314/3158 576/671/3159
f 380/375/3160 579/562/3161 161/374/3162
f 580/563/3163 579/562/3164 467/561/3165
f 581/629/3166 467/561/3167 648/672/3168
f 581/629/3169 580/563/3170 467/561/3171
f 600/633/3172 582/628/3173 128/627/3174
f 581/629/3175 582/628/3176 583/668/3177
f 576/671/3178 577/316/3179 678/625/3180
f 580/563/3181 583/668/3182 382/567/3183
f 581/629/3184 583/668/3185 580/563/3186
f 585/574/3187 587/670/3188 588/669/3189
f 582/628/3190 590/673/3191 588/669/3192
f 471/570/3193 473/132/3194 589/674/3195
f 585/574/3196 679/675/3197 617/620/3198
f 615/555/3199 572/554/3200 574/315/3201
f 586/676/3202 627/677/3203 613/437/3204
f 388/134/3205 599/495/3206 598/664/3207
f 588/669/3208 587/670/3209 583/668/3210
f 587/670/3211 585/574/3212 617/620/3213
f 582/628/3214 471/570/3215 590/673/3216
f 585/574/3217 588/669/3218 591/572/3219
f 627/677/3220 473/132/3221 388/134/3222
f 584/573/3223 591/572/3224 586/676/3225
f 471/570/3226 589/674/3227 590/673/3228
f 586/676/3229 590/673/3230 589/674/3231
f 588/669/3232 590/673/3233 591/572/3234
f 586/676/3235 591/572/3236 590/673/3237
f 384/297/3238 592/494/3239 276/298/3240
f 468/565/3241 592/494/3242 383/491/3243
f 98/453/3244 99/623/3245 593/622/3246
f 593/622/3247 596/345/3248 595/496/3249
f 470/222/3250 595/496/3251 594/223/3252
f 271/552/3253 597/497/3254 595/496/3255
f 593/622/3256 595/496/3257 470/222/3258
f 271/552/3259 654/480/3260 597/497/3261
f 596/345/3262 99/623/3263 100/346/3264
f 271/552/3265 595/496/3266 596/345/3267
f 598/664/3268 597/497/3269 205/665/3270
f 594/223/3271 599/495/3272 388/134/3273
f 205/665/3274 619/434/3275 618/666/3276
f 388/134/3277 598/664/3278 613/437/3279
f 595/496/3280 599/495/3281 594/223/3282
f 598/664/3283 599/495/3284 597/497/3285
f 582/628/3286 600/633/3287 474/630/3288
f 645/678/3289 600/633/3290 128/627/3291
f 478/631/3292 600/633/3293 645/678/3294
f 643/34/3295 646/456/3296 647/679/3297
f 317/520/3298 602/519/3299 424/522/3300
f 419/518/3301 602/519/3302 502/516/3303
f 313/393/3304 603/610/3305 354/472/3306
f 555/584/3307 603/610/3308 552/611/3309
f 236/388/3310 604/420/3311 181/30/3312
f 563/391/3313 604/420/3314 560/422/3315
f 153/216/3316 605/612/3317 452/217/3318
f 569/541/3319 605/612/3320 567/544/3321
f 469/566/3322 468/565/3323 616/621/3324
f 617/620/3325 606/553/3326 616/621/3327
f 608/680/3328 542/662/3329 546/660/3330
f 611/438/3331 609/681/3332 612/439/3333
f 546/660/3334 122/659/3335 608/680/3336
f 681/624/3337 122/659/3338 677/658/3339
f 607/568/3340 608/680/3341 610/569/3342
f 682/682/3343 681/624/3344 609/681/3345
f 682/682/3346 608/680/3347 122/659/3348
f 611/438/3349 610/569/3350 609/681/3351
f 680/626/3352 612/439/3353 609/681/3354
f 611/438/3355 598/664/3356 618/666/3357
f 584/573/3358 586/676/3359 612/439/3360
f 613/437/3361 612/439/3362 586/676/3363
f 586/676/3364 589/674/3365 627/677/3366
f 598/664/3367 611/438/3368 613/437/3369
f 645/678/3370 614/362/3371 478/631/3372
f 614/362/3373 601/559/3374 684/560/3375
f 628/614/3376 575/485/3377 372/484/3378
f 208/613/3379 606/553/3380 615/555/3381
f 468/565/3382 382/567/3383 616/621/3384
f 382/567/3385 587/670/3386 617/620/3387
f 679/675/3388 584/573/3389 678/625/3390
f 572/554/3391 606/553/3392 617/620/3393
f 205/665/3394 620/481/3395 619/434/3396
f 611/438/3397 618/666/3398 607/568/3399
f 369/427/3400 155/644/3401 621/435/3402
f 607/568/3403 618/666/3404 619/434/3405
f 654/480/3406 620/481/3407 205/665/3408
f 369/427/3409 620/481/3410 365/428/3411
f 155/644/3412 622/663/3413 621/435/3414
f 624/436/3415 542/662/3416 608/680/3417
f 155/644/3418 498/348/3419 683/643/3420
f 624/436/3421 622/663/3422 542/662/3423
f 683/643/3424 622/663/3425 155/644/3426
f 623/661/3427 683/643/3428 625/654/3429
f 607/568/3430 624/436/3431 608/680/3432
f 622/663/3433 624/436/3434 621/435/3435
f 626/638/3436 625/654/3437 496/157/3438
f 538/655/3439 540/640/3440 625/654/3441
f 495/156/3442 626/638/3443 496/157/3444
f 626/638/3445 204/637/3446 674/593/3447
f 473/132/3448 627/677/3449 589/674/3450
f 388/134/3451 613/437/3452 627/677/3453
f 457/294/3454 628/614/3455 372/484/3456
f 208/613/3457 615/555/3458 628/614/3459
f 133/200/3460 629/102/3461 132/187/3462
f 218/235/3463 629/102/3464 104/93/3465
f 116/27/3466 630/369/3467 168/202/3468
f 631/371/3469 630/369/3470 112/236/3471
f 106/184/3472 633/181/3473 632/183/3474
f 630/369/3475 631/371/3476 172/370/3477
f 396/372/3478 634/575/3479 103/182/3480
f 632/183/3481 103/182/3482 634/575/3483
f 106/184/3484 134/225/3485 633/181/3486
f 103/182/3487 633/181/3488 134/225/3489
f 397/577/3490 638/579/3491 396/372/3492
f 635/578/3493 636/683/3494 637/576/3495
f 392/363/3496 614/362/3497 684/560/3498
f 684/560/3499 685/684/3500 635/578/3501
f 685/684/3502 639/377/3503 636/683/3504
f 632/183/3505 637/576/3506 172/370/3507
f 635/578/3508 637/576/3509 634/575/3510
f 637/576/3511 636/683/3512 686/367/3513
f 394/167/3514 638/579/3515 397/577/3516
f 392/363/3517 635/578/3518 638/579/3519
f 639/377/3520 170/368/3521 686/367/3522
f 169/685/3523 220/378/3524 639/377/3525
f 641/457/3526 640/311/3527 220/378/3528
f 221/277/3529 640/311/3530 222/366/3531
f 644/455/3532 169/685/3533 646/456/3534
f 641/457/3535 213/557/3536 398/499/3537
f 213/557/3538 641/457/3539 642/558/3540
f 641/457/3541 220/378/3542 644/455/3543
f 379/36/3544 642/558/3545 643/34/3546
f 641/457/3547 644/455/3548 642/558/3549
f 169/685/3550 644/455/3551 220/378/3552
f 642/558/3553 644/455/3554 643/34/3555
f 645/678/3556 601/559/3557 614/362/3558
f 648/672/3559 645/678/3560 128/627/3561
f 684/560/3562 646/456/3563 169/685/3564
f 647/679/3565 646/456/3566 601/559/3567
f 601/559/3568 645/678/3569 647/679/3570
f 649/35/3571 647/679/3572 645/678/3573
f 581/629/3574 648/672/3575 128/627/3576
f 649/35/3577 648/672/3578 467/561/3579
f 647/679/3580 649/35/3581 643/34/3582
f 649/35/3583 645/678/3584 648/672/3585
f 357/463/3586 650/77/3587 152/476/3588
f 359/418/3589 687/215/3590 263/419/3591
f 652/581/3592 651/508/3593 139/686/3594
f 297/59/3595 651/508/3596 178/60/3597
f 652/581/3598 139/686/3599 669/582/3600
f 652/581/3601 402/397/3602 661/459/3603
f 340/326/3604 653/540/3605 252/96/3606
f 567/544/3607 653/540/3608 150/539/3609
f 597/497/3610 654/480/3611 205/665/3612
f 366/344/3613 654/480/3614 271/552/3615
f 655/479/3616 203/343/3617 656/347/3618
f 368/426/3619 655/479/3620 369/427/3621
f 497/155/3622 656/347/3623 203/343/3624
f 155/644/3625 656/347/3626 498/348/3627
f 414/408/3628 657/501/3629 186/255/3630
f 658/580/3631 657/501/3632 144/503/3633
f 420/190/3634 659/597/3635 144/503/3636
f 660/601/3637 482/458/3638 399/502/3639
f 429/595/3640 426/603/3641 659/597/3642
f 670/600/3643 660/601/3644 426/603/3645
f 658/580/3646 659/597/3647 660/601/3648
f 426/603/3649 660/601/3650 659/597/3651
f 230/48/3652 661/459/3653 229/460/3654
f 661/459/3655 178/60/3656 651/508/3657
f 138/332/3658 293/331/3659 662/587/3660
f 666/598/3661 668/687/3662 292/599/3663
f 668/687/3664 662/587/3665 293/331/3666
f 663/505/3667 666/598/3668 665/504/3669
f 117/588/3670 664/115/3671 488/506/3672
f 406/114/3673 663/505/3674 664/115/3675
f 663/505/3676 668/687/3677 666/598/3678
f 667/507/3679 665/504/3680 666/598/3681
f 292/599/3682 660/601/3683 670/600/3684
f 667/507/3685 666/598/3686 139/686/3687
f 651/508/3688 667/507/3689 139/686/3690
f 296/73/3691 665/504/3692 667/507/3693
f 662/587/3694 668/687/3695 663/505/3696
f 292/599/3697 668/687/3698 293/331/3699
f 670/600/3700 139/686/3701 666/598/3702
f 430/596/3703 669/582/3704 426/603/3705
f 426/603/3706 669/582/3707 670/600/3708
f 139/686/3709 670/600/3710 669/582/3711
f 301/21/3712 671/74/3713 140/19/3714
f 665/504/3715 671/74/3716 488/506/3717
f 673/592/3718 672/591/3719 515/403/3720
f 675/466/3721 672/591/3722 411/431/3723
f 543/639/3724 673/592/3725 515/403/3726
f 626/638/3727 674/593/3728 538/655/3729
f 493/432/3730 674/593/3731 204/637/3732
f 672/591/3733 674/593/3734 411/431/3735
f 185/464/3736 675/466/3737 243/524/3738
f 672/591/3739 675/466/3740 523/465/3741
f 650/77/3742 676/76/3743 152/476/3744
f 562/514/3745 676/76/3746 450/78/3747
f 537/615/3748 677/658/3749 122/659/3750
f 578/314/3751 677/658/3752 533/617/3753
f 679/675/3754 572/554/3755 617/620/3756
f 680/626/3757 678/625/3758 584/573/3759
f 584/573/3760 679/675/3761 585/574/3762
f 572/554/3763 679/675/3764 678/625/3765
f 612/439/3766 680/626/3767 584/573/3768
f 681/624/3769 680/626/3770 609/681/3771
f 609/681/3772 610/569/3773 682/682/3774
f 678/625/3775 681/624/3776 576/671/3777
f 608/680/3778 682/682/3779 610/569/3780
f 122/659/3781 681/624/3782 682/682/3783
f 625/654/3784 683/643/3785 496/157/3786
f 622/663/3787 683/643/3788 623/661/3789
f 685/684/3790 684/560/3791 169/685/3792
f 684/560/3793 635/578/3794 392/363/3795
f 639/377/3796 685/684/3797 169/685/3798
f 635/578/3799 685/684/3800 636/683/3801
f 637/576/3802 686/367/3803 172/370/3804
f 639/377/3805 686/367/3806 636/683/3807
f 566/328/3808 687/215/3809 452/217/3810
f 687/215/3811 650/77/3812 263/419/3813
f 701/688/3814 1135/689/3815 702/690/3816
f 937/691/3817 697/692/3818 696/693/3819
f 1265/694/3820 921/695/3821 1264/696/3822
f 739/697/3823 918/698/3824 920/699/3825
f 827/700/3826 828/701/3827 877/702/3828
f 839/703/3829 890/704/3830 799/705/3831
f 1265/694/3832 1264/696/3833 860/706/3834
f 833/707/3835 1082/708/3836 1231/709/3837
f 705/710/3838 704/711/3839 925/712/3840
f 859/713/3841 919/714/3842 993/715/3843
f 788/716/3844 787/717/3845 773/718/3846
f 782/719/3847 785/720/3848 769/721/3849
f 1023/722/3850 1008/723/3851 1176/724/3852
f 1027/725/3853 931/726/3854 933/727/3855
f 814/728/3856 781/729/3857 778/730/3858
f 817/731/3859 786/732/3860 815/733/3861
f 1003/734/3862 1004/735/3863 1130/736/3864
f 1005/737/3865 1132/738/3866 741/739/3867
f 784/740/3868 856/741/3869 819/742/3870
f 866/743/3871 932/744/3872 1021/745/3873
f 739/697/3874 920/699/3875 740/746/3876
f 1081/747/3877 883/748/3878 953/749/3879
f 851/750/3880 764/751/3881 763/752/3882
f 760/753/3883 904/754/3884 761/755/3885
f 725/756/3886 724/757/3887 792/758/3888
f 874/759/3889 792/758/3890 828/701/3891
f 765/760/3892 812/761/3893 811/762/3894
f 813/763/3895 811/762/3896 812/761/3897
f 876/764/3898 722/765/3899 1066/766/3900
f 792/758/3901 726/767/3902 725/756/3903
f 786/732/3904 817/731/3905 771/768/3906
f 828/701/3907 827/700/3908 872/769/3909
f 1336/770/3910 1202/771/3911 1204/772/3912
f 716/773/3913 888/774/3914 838/775/3915
f 1144/776/3916 945/777/3917 1053/778/3918
f 881/779/3919 1075/780/3920 1074/781/3921
f 943/782/3922 872/769/3923 873/783/3924
f 100/784/3925 843/785/3926 842/786/3927
f 943/782/3928 945/777/3929 729/787/3930
f 1093/788/3931 1185/789/3932 962/790/3933
f 729/787/3934 728/791/3935 943/782/3936
f 100/784/3937 803/792/3938 101/793/3939
f 1332/794/3940 969/795/3941 1098/796/3942
f 1075/780/3943 1077/797/3944 831/798/3945
f 921/695/3946 1076/799/3947 1179/800/3948
f 813/763/3949 809/801/3950 778/730/3951
f 1329/802/3952 778/730/3953 991/803/3954
f 740/746/3955 920/699/3956 1130/736/3957
f 755/804/3958 959/805/3959 756/806/3960
f 1304/807/3961 1134/808/3962 1308/809/3963
f 788/716/3964 817/731/3965 816/810/3966
f 985/811/3967 849/812/3968 1108/813/3969
f 957/814/3970 1160/815/3971 885/816/3972
f 798/817/3973 797/818/3974 717/819/3975
f 788/716/3976 773/718/3977 772/820/3978
f 1087/821/3979 960/822/3980 887/823/3981
f 814/728/3982 917/824/3983 815/733/3984
f 845/825/3985 844/826/3986 894/827/3987
f 1086/828/3988 956/829/3989 958/830/3990
f 809/801/3991 991/803/3992 778/730/3993
f 914/831/3994 916/832/3995 1106/833/3996
f 816/810/3997 818/834/3998 788/716/3999
f 757/835/4000 956/829/4001 758/836/4002
f 991/803/4003 809/801/4004 909/837/4005
f 919/714/4006 859/713/4007 918/698/4008
f 91/838/4009 858/839/4010 92/840/4011
f 785/720/4012 786/732/4013 770/841/4014
f 819/742/4015 911/842/4016 853/843/4017
f 961/844/4018 962/790/4019 887/823/4020
f 691/845/4021 972/846/4022 692/847/4023
f 903/848/4024 984/849/4025 904/754/4026
f 763/752/4027 762/850/4028 902/851/4029
f 974/852/4030 977/853/4031 840/854/4032
f 1343/855/4033 749/856/4034 1043/857/4035
f 787/717/4036 788/716/4037 784/740/4038
f 789/858/4039 775/859/4040 774/860/4041
f 1249/861/4042 1253/862/4043 1289/863/4044
f 748/864/4045 1043/857/4046 749/856/4047
f 769/721/4048 768/865/4049 782/719/4050
f 933/727/4051 1032/866/4052 1033/867/4053
f 766/868/4054 777/869/4055 767/870/4056
f 782/719/4057 813/763/4058 781/729/4059
f 1018/871/4060 929/872/4061 1137/873/4062
f 1080/874/4063 832/875/4064 1081/747/4065
f 847/876/4066 899/877/4067 971/878/4068
f 909/837/4069 812/761/4070 764/751/4071
f 778/730/4072 781/729/4073 813/763/4074
f 782/719/4075 768/865/4076 777/869/4077
f 783/879/4078 818/834/4079 816/810/4080
f 781/729/4081 785/720/4082 782/719/4083
f 769/721/4084 785/720/4085 770/841/4086
f 690/880/4087 689/881/4088 806/882/4089
f 747/883/4090 746/884/4091 1027/725/4092
f 994/885/4093 997/886/4094 993/715/4095
f 811/762/4096 777/869/4097 766/868/4098
f 1002/887/4099 1001/888/4100 999/889/4101
f 721/890/4102 720/891/4103 890/704/4104
f 791/892/4105 1291/893/4106 1287/894/4107
f 799/705/4108 719/895/4109 797/818/4110
f 778/730/4111 1329/802/4112 917/824/4113
f 771/768/4114 817/731/4115 772/820/4116
f 719/895/4117 718/896/4118 797/818/4119
f 846/897/4120 834/898/4121 967/899/4122
f 1097/900/4123 850/901/4124 1165/902/4125
f 798/817/4126 796/903/4127 799/705/4128
f 717/819/4129 797/818/4130 718/896/4131
f 932/744/4132 866/743/4133 931/726/4134
f 837/904/4135 888/774/4136 889/905/4137
f 688/906/4138 1/907/4139 802/908/4140
f 689/881/4141 688/906/4142 804/909/4143
f 952/910/4144 712/911/4145 711/912/4146
f 713/913/4147 948/914/4148 714/915/4149
f 717/819/4150 716/773/4151 798/817/4152
f 801/916/4153 803/792/4154 842/786/4155
f 733/917/4156 732/918/4157 881/779/4158
f 953/749/4159 883/748/4160 952/910/4161
f 806/882/4162 805/919/4163 899/877/4164
f 947/920/4165 1068/921/4166 1070/922/4167
f 782/719/4168 811/762/4169 813/763/4170
f 1009/923/4171 708/924/4172 707/925/4173
f 875/926/4174 724/757/4175 723/927/4176
f 798/817/4177 838/775/4178 796/903/4179
f 707/925/4180 706/928/4181 923/929/4182
f 923/929/4183 924/930/4184 1009/923/4185
f 819/742/4186 858/839/4187 789/858/4188
f 940/931/4189 871/932/4190 942/933/4191
f 739/697/4192 738/934/4193 918/698/4194
f 1013/935/4195 821/936/4196 1010/937/4197
f 960/822/4198 886/938/4199 959/805/4200
f 925/712/4201 1014/939/4202 705/710/4203
f 815/733/4204 783/879/4205 816/810/4206
f 787/717/4207 784/740/4208 789/858/4209
f 1138/940/4210 930/941/4211 700/942/4212
f 1308/809/4213 1136/943/4214 865/944/4215
f 935/945/4216 699/946/4217 698/947/4218
f 819/742/4219 789/858/4220 784/740/4221
f 931/726/4222 746/884/4223 745/948/4224
f 784/740/4225 788/716/4226 818/834/4227
f 786/732/4228 785/720/4229 781/729/4230
f 869/949/4231 935/945/4232 936/950/4233
f 818/834/4234 913/951/4235 856/741/4236
f 1323/952/4237 1311/953/4238 1317/954/4239
f 878/955/4240 829/956/4241 1065/957/4242
f 703/958/4243 702/690/4244 928/959/4245
f 772/820/4246 817/731/4247 788/716/4248
f 1277/960/4249 1271/961/4250 871/932/4251
f 911/842/4252 819/742/4253 779/962/4254
f 786/732/4255 771/768/4256 770/841/4257
f 801/916/4258 806/882/4259 804/909/4260
f 776/963/4261 1105/964/4262 1104/965/4263
f 803/792/4264 802/908/4265 101/793/4266
f 855/966/4267 94/967/4268 852/968/4269
f 94/967/4270 855/966/4271 95/969/4272
f 1332/794/4273 806/882/4274 801/916/4275
f 853/843/4276 810/970/4277 852/968/4278
f 797/818/4279 798/817/4280 799/705/4281
f 803/792/4282 801/916/4283 804/909/4284
f 815/733/4285 816/810/4286 817/731/4287
f 773/718/4288 787/717/4289 774/860/4290
f 986/971/4291 903/848/4292 985/811/4293
f 813/763/4294 812/761/4295 809/801/4296
f 774/860/4297 787/717/4298 789/858/4299
f 764/751/4300 812/761/4301 765/760/4302
f 775/859/4303 780/972/4304 90/973/4305
f 786/732/4306 814/728/4307 815/733/4308
f 91/838/4309 90/973/4310 780/972/4311
f 780/972/4312 789/858/4313 858/839/4314
f 799/705/4315 796/903/4316 1067/974/4317
f 1126/975/4318 1128/976/4319 1122/977/4320
f 96/978/4321 906/979/4322 97/980/4323
f 1094/981/4324 1096/982/4325 808/983/4326
f 780/972/4327 775/859/4328 789/858/4329
f 972/846/4330 898/984/4331 901/985/4332
f 1046/986/4333 1274/987/4334 1276/988/4335
f 768/865/4336 767/870/4337 777/869/4338
f 1116/989/4339 776/963/4340 1102/990/4341
f 847/876/4342 898/984/4343 899/877/4344
f 898/984/4345 691/845/4346 690/880/4347
f 814/728/4348 786/732/4349 781/729/4350
f 844/826/4351 895/991/4352 894/827/4353
f 970/992/4354 897/993/4355 969/795/4356
f 689/881/4357 804/909/4358 806/882/4359
f 804/909/4360 688/906/4361 802/908/4362
f 888/774/4363 716/773/4364 715/994/4365
f 804/909/4366 802/908/4367 803/792/4368
f 984/849/4369 762/850/4370 761/755/4371
f 720/891/4372 719/895/4373 799/705/4374
f 1/907/4375 101/793/4376 802/908/4377
f 852/968/4378 94/967/4379 93/995/4380
f 842/786/4381 841/996/4382 970/992/4383
f 765/760/4384 811/762/4385 766/868/4386
f 710/997/4387 709/998/4388 954/999/4389
f 811/762/4390 782/719/4391 777/869/4392
f 692/847/4393 963/1000/4394 693/1001/4395
f 694/1002/4396 940/931/4397 695/1003/4398
f 930/941/4399 701/688/4400 700/942/4401
f 1025/1004/4402 824/1005/4403 1021/745/4404
f 872/769/4405 728/791/4406 727/1006/4407
f 1036/1007/4408 1038/1008/4409 1040/1009/4410
f 1012/1010/4411 821/936/4412 1013/935/4413
f 795/1011/4414 1167/1012/4415 981/1013/4416
f 727/1006/4417 726/767/4418 874/759/4419
f 944/1014/4420 1048/1015/4421 1049/1016/4422
f 875/926/4423 792/758/4424 724/757/4425
f 875/926/4426 828/701/4427 792/758/4428
f 946/1017/4429 839/703/4430 1064/1018/4431
f 875/926/4432 877/702/4433 828/701/4434
f 713/913/4435 1072/1019/4436 948/914/4437
f 1063/1020/4438 951/1021/4439 1177/1022/4440
f 1059/1023/4441 882/1024/4442 1055/1025/4443
f 1075/780/4444 1154/1026/4445 950/1027/4446
f 1061/1028/4447 1056/1029/4448 1058/1030/4449
f 1060/1031/4450 1058/1030/4451 830/1032/4452
f 955/1033/4453 884/1034/4454 954/999/4455
f 1083/1035/4456 1010/937/4457 1215/1036/4458
f 98/1037/4459 964/1038/4460 892/1039/4461
f 1192/1040/4462 1201/1041/4463 1191/1042/4464
f 1166/1043/4465 1191/1042/4466 1186/1044/4467
f 849/812/4468 905/1045/4469 1107/1046/4470
f 753/1047/4471 961/844/4472 754/1048/4473
f 1088/1049/4474 960/822/4475 1087/821/4476
f 889/905/4477 715/994/4478 714/915/4479
f 1070/922/4480 1071/1050/4481 947/920/4482
f 716/773/4483 838/775/4484 798/817/4485
f 1068/921/4486 838/775/4487 837/904/4488
f 1159/1051/4489 878/955/4490 1065/957/4491
f 946/1017/4492 722/765/4493 721/890/4494
f 981/1013/4495 1167/1012/4496 1172/1052/4497
f 1272/1053/4498 938/1054/4499 1271/961/4500
f 841/996/4501 843/785/4502 845/825/4503
f 846/897/4504 841/996/4505 845/825/4506
f 803/792/4507 100/784/4508 842/786/4509
f 843/785/4510 100/784/4511 99/1055/4512
f 892/1039/4513 845/825/4514 99/1055/4515
f 841/996/4516 842/786/4517 843/785/4518
f 99/1055/4519 98/1037/4520 892/1039/4521
f 908/1056/4522 964/1038/4523 906/979/4524
f 99/1055/4525 845/825/4526 843/785/4527
f 845/825/4528 894/827/4529 846/897/4530
f 1099/1057/4531 795/1011/4532 981/1013/4533
f 969/795/4534 897/993/4535 800/1058/4536
f 971/878/4537 1332/794/4538 1098/796/4539
f 901/985/4540 973/1059/4541 1258/1060/4542
f 992/1061/4543 987/1062/4544 910/1063/4545
f 851/750/4546 991/803/4547 909/837/4548
f 759/1064/4549 988/1065/4550 760/753/4551
f 905/1045/4552 849/812/4553 904/754/4554
f 907/1066/4555 95/969/4556 990/1067/4557
f 834/898/4558 894/827/4559 895/991/4560
f 902/851/4561 851/750/4562 763/752/4563
f 987/1062/4564 992/1061/4565 848/1068/4566
f 93/995/4567 92/840/4568 912/1069/4569
f 810/970/4570 854/1070/4571 855/966/4572
f 912/1069/4573 852/968/4574 93/995/4575
f 853/843/4576 912/1069/4577 858/839/4578
f 1164/1071/4579 1095/1072/4580 1097/900/4581
f 906/979/4582 907/1066/4583 1165/902/4584
f 810/970/4585 855/966/4586 852/968/4587
f 855/966/4588 854/1070/4589 990/1067/4590
f 819/742/4591 856/741/4592 779/962/4593
f 784/740/4594 818/834/4595 856/741/4596
f 856/741/4597 913/951/4598 779/962/4599
f 913/951/4600 818/834/4601 914/831/4602
f 858/839/4603 91/838/4604 780/972/4605
f 853/843/4606 858/839/4607 819/742/4608
f 919/714/4609 738/934/4610 737/1073/4611
f 1006/1074/4612 1001/888/4613 1002/887/4614
f 1007/1075/4615 736/1076/4616 735/1077/4617
f 997/886/4618 998/1078/4619 1001/888/4620
f 1000/1079/4621 1001/888/4622 998/1078/4623
f 1305/1080/4624 1299/1081/4625 1303/1082/4626
f 926/1083/4627 927/1084/4628 1014/939/4629
f 1010/937/4630 924/930/4631 862/1085/4632
f 1018/871/4633 1137/873/4634 928/959/4635
f 863/1086/4636 1016/1087/4637 1011/1088/4638
f 1311/953/4639 1304/807/4640 1309/1089/4641
f 1016/1087/4642 822/1090/4643 1011/1088/4644
f 935/945/4645 1019/1091/4646 699/946/4647
f 1141/1092/4648 865/944/4649 1019/1091/4650
f 1020/1093/4651 745/948/4652 744/1094/4653
f 824/1005/4654 1028/1095/4655 866/743/4656
f 1131/1096/4657 1132/738/4658 1008/723/4659
f 867/1097/4660 1023/722/4661 1176/724/4662
f 976/1098/4663 1195/1099/4664 1213/1100/4665
f 1042/1101/4666 1344/1102/4667 1342/1103/4668
f 1044/1104/4669 698/947/4670 697/692/4671
f 1141/1092/4672 1019/1091/4673 1139/1105/4674
f 1274/987/4675 1046/986/4676 870/1106/4677
f 1045/1107/4678 869/949/4679 936/950/4680
f 941/1108/4681 1047/1109/4682 963/1000/4683
f 976/1098/4684 1212/1110/4685 977/853/4686
f 872/769/4687 727/1006/4688 874/759/4689
f 872/769/4690 827/700/4691 1048/1015/4692
f 1052/1111/4693 1051/1112/4694 944/1014/4695
f 1051/1112/4696 1048/1015/4697 944/1014/4698
f 792/758/4699 874/759/4700 726/767/4701
f 872/769/4702 874/759/4703 828/701/4704
f 723/927/4705 876/764/4706 875/926/4707
f 875/926/4708 876/764/4709 877/702/4710
f 722/765/4711 876/764/4712 723/927/4713
f 877/702/4714 876/764/4715 829/956/4716
f 829/956/4717 878/955/4718 877/702/4719
f 878/955/4720 1049/1016/4721 877/702/4722
f 946/1017/4723 1065/957/4724 1066/766/4725
f 878/955/4726 793/1113/4727 1049/1016/4728
f 947/920/4729 1064/1018/4730 1067/974/4731
f 1064/1018/4732 947/920/4733 879/1114/4734
f 883/748/4735 949/1115/4736 1072/1019/4737
f 947/920/4738 1071/1050/4739 879/1114/4740
f 1078/1116/4741 732/918/4742 731/1117/4743
f 1077/797/4744 1075/780/4745 881/779/4746
f 945/777/4747 730/1118/4748 729/787/4749
f 1055/1025/4750 1057/1119/4751 1059/1023/4752
f 953/749/4753 711/912/4754 710/997/4755
f 1061/1028/4756 1150/1120/4757 832/875/4758
f 955/1033/4759 709/998/4760 708/924/4761
f 1079/1121/4762 953/749/4763 884/1034/4764
f 1160/815/4765 886/938/4766 1084/1122/4767
f 1109/1123/4768 1107/1046/4769 905/1045/4770
f 1161/1124/4771 1160/815/4772 1084/1122/4773
f 957/814/4774 885/816/4775 956/829/4776
f 753/1047/4777 1092/1125/4778 961/844/4779
f 752/1126/4780 751/1127/4781 1093/788/4782
f 889/905/4783 888/774/4784 715/994/4785
f 838/775/4786 888/774/4787 837/904/4788
f 948/914/4789 889/905/4790 714/915/4791
f 1146/1128/4792 1148/1129/4793 880/1130/4794
f 799/705/4795 890/704/4796 720/891/4797
f 946/1017/4798 890/704/4799 839/703/4800
f 1212/1110/4801 840/854/4802 977/853/4803
f 1246/1131/4804 1252/1132/4805 1245/1133/4806
f 98/1037/4807 97/980/4808 964/1038/4809
f 845/825/4810 892/1039/4811 844/826/4812
f 966/1134/4813 895/991/4814 893/1135/4815
f 964/1038/4816 965/1136/4817 892/1039/4818
f 895/991/4819 844/826/4820 965/1136/4821
f 834/898/4822 846/897/4823 894/827/4824
f 893/1135/4825 908/1056/4826 966/1134/4827
f 895/991/4828 966/1134/4829 1187/1137/4830
f 978/1138/4831 800/1058/4832 982/1139/4833
f 968/1140/4834 897/993/4835 846/897/4836
f 841/996/4837 846/897/4838 897/993/4839
f 846/897/4840 967/899/4841 968/1140/4842
f 899/877/4843 898/984/4844 690/880/4845
f 901/985/4846 898/984/4847 847/876/4848
f 806/882/4849 899/877/4850 690/880/4851
f 971/878/4852 899/877/4853 805/919/4854
f 840/854/4855 973/1059/4856 974/852/4857
f 840/854/4858 1257/1141/4859 1258/1060/4860
f 901/985/4861 847/876/4862 973/1059/4863
f 963/1000/4864 901/985/4865 891/1142/4866
f 902/851/4867 762/850/4868 984/849/4869
f 851/750/4870 902/851/4871 848/1068/4872
f 985/811/4873 903/848/4874 849/812/4875
f 902/851/4876 903/848/4877 848/1068/4878
f 904/754/4879 760/753/4880 988/1065/4881
f 903/848/4882 904/754/4883 849/812/4884
f 1086/828/4885 759/1064/4886 758/836/4887
f 1162/1143/4888 1183/1144/4889 1161/1124/4890
f 907/1066/4891 906/979/4892 96/978/4893
f 908/1056/4894 906/979/4895 850/901/4896
f 95/969/4897 907/1066/4898 96/978/4899
f 1097/900/4900 854/1070/4901 1164/1071/4902
f 966/1134/4903 908/1056/4904 850/901/4905
f 908/1056/4906 893/1135/4907 964/1038/4908
f 812/761/4909 909/837/4910 809/801/4911
f 764/751/4912 851/750/4913 909/837/4914
f 848/1068/4915 986/971/4916 987/1062/4917
f 914/831/4918 783/879/4919 916/832/4920
f 1127/1145/4921 911/842/4922 779/962/4923
f 810/970/4924 853/843/4925 911/842/4926
f 858/839/4927 912/1069/4928 92/840/4929
f 852/968/4930 912/1069/4931 853/843/4932
f 914/831/4933 818/834/4934 783/879/4935
f 1128/976/4936 1127/1145/4937 779/962/4938
f 917/824/4939 916/832/4940 783/879/4941
f 857/1146/4942 913/951/4943 914/831/4944
f 1103/1147/4945 910/1063/4946 987/1062/4947
f 916/832/4948 915/1148/4949 1106/833/4950
f 783/879/4951 815/733/4952 917/824/4953
f 915/1148/4954 1105/964/4955 1106/833/4956
f 778/730/4957 917/824/4958 814/728/4959
f 915/1148/4960 916/832/4961 917/824/4962
f 919/714/4963 918/698/4964 738/934/4965
f 920/699/4966 918/698/4967 859/713/4968
f 1288/1149/4969 736/1076/4970 1265/694/4971
f 859/713/4972 993/715/4973 820/1150/4974
f 1006/1074/4975 859/713/4976 820/1150/4977
f 1004/735/4978 1003/734/4979 861/1151/4980
f 1076/799/4981 734/1152/4982 1074/781/4983
f 734/1152/4984 733/917/4985 1074/781/4986
f 861/1151/4987 1318/1153/4988 1319/1154/4989
f 742/1155/4990 1131/1096/4991 743/1156/4992
f 927/1084/4993 923/929/4994 706/928/4995
f 924/930/4996 923/929/4997 862/1085/4998
f 862/1085/4999 1013/935/5000 1010/937/5001
f 1082/708/5002 884/1034/5003 955/1033/5004
f 1017/1157/5005 925/712/5006 704/711/5007
f 1014/939/5008 925/712/5009 863/1086/5010
f 1011/1088/5011 1012/1010/5012 926/1083/5013
f 862/1085/5014 923/929/5015 927/1084/5016
f 1014/939/5017 706/928/5018 705/710/5019
f 862/1085/5020 927/1084/5021 926/1083/5022
f 1136/943/5023 1135/689/5024 930/941/5025
f 1134/808/5026 1018/871/5027 928/959/5028
f 925/712/5029 1017/1157/5030 863/1086/5031
f 864/1158/5032 1304/807/5033 1311/953/5034
f 699/946/5035 1019/1091/5036 1138/940/5037
f 930/941/5038 865/944/5039 1136/943/5040
f 931/726/5041 745/948/5042 1020/1093/5043
f 933/727/5044 931/726/5045 866/743/5046
f 743/1156/5047 1023/722/5048 1142/1159/5049
f 866/743/5050 1021/745/5051 824/1005/5052
f 1028/1095/5053 933/727/5054 866/743/5055
f 1035/1160/5056 1032/866/5057 1031/1161/5058
f 1033/867/5059 747/883/5060 1027/725/5061
f 934/1162/5062 1038/1008/5063 1042/1101/5064
f 935/945/5065 698/947/5066 1044/1104/5067
f 1019/1091/5068 935/945/5069 869/949/5070
f 936/950/5071 1044/1104/5072 937/691/5073
f 1045/1107/5074 825/1163/5075 1139/1105/5076
f 695/1003/5077 942/933/5078 939/1164/5079
f 937/691/5080 870/1106/5081 1046/986/5082
f 937/691/5083 939/1164/5084 870/1106/5085
f 939/1164/5086 937/691/5087 696/693/5088
f 695/1003/5089 939/1164/5090 696/693/5091
f 870/1106/5092 939/1164/5093 938/1054/5094
f 694/1002/5095 693/1001/5096 1047/1109/5097
f 942/933/5098 871/932/5099 938/1054/5100
f 871/932/5101 940/931/5102 941/1108/5103
f 940/931/5104 694/1002/5105 1047/1109/5106
f 939/1164/5107 942/933/5108 938/1054/5109
f 695/1003/5110 940/931/5111 942/933/5112
f 872/769/5113 943/782/5114 728/791/5115
f 945/777/5116 943/782/5117 873/783/5118
f 944/1014/5119 1049/1016/5120 1143/1165/5121
f 873/783/5122 1051/1112/5123 945/777/5124
f 873/783/5125 1048/1015/5126 1051/1112/5127
f 731/1117/5128 730/1118/5129 1144/776/5130
f 946/1017/5131 721/890/5132 890/704/5133
f 946/1017/5134 1064/1018/5135 1065/957/5136
f 1068/921/5137 947/920/5138 1067/974/5139
f 1146/1128/5140 1147/1166/5141 1148/1129/5142
f 713/913/5143 712/911/5144 1072/1019/5145
f 889/905/5146 948/914/5147 880/1130/5148
f 832/875/5149 1073/1167/5150 883/748/5151
f 948/914/5152 949/1115/5153 1149/1168/5154
f 831/798/5155 1157/1169/5156 1153/1170/5157
f 734/1152/5158 1076/799/5159 735/1077/5160
f 881/779/5161 1078/1116/5162 1077/797/5163
f 945/777/5164 1144/776/5165 730/1118/5166
f 953/749/5167 952/910/5168 711/912/5169
f 1072/1019/5170 952/910/5171 883/748/5172
f 954/999/5173 953/749/5174 710/997/5175
f 884/1034/5176 833/707/5177 1079/1121/5178
f 955/1033/5179 954/999/5180 709/998/5181
f 953/749/5182 954/999/5183 884/1034/5184
f 1009/923/5185 955/1033/5186 708/924/5187
f 924/930/5188 1010/937/5189 1083/1035/5190
f 1085/1171/5191 757/835/5192 756/806/5193
f 958/830/5194 956/829/5195 885/816/5196
f 1085/1171/5197 956/829/5198 757/835/5199
f 957/814/5200 1085/1171/5201 959/805/5202
f 958/830/5203 1183/1144/5204 1109/1123/5205
f 988/1065/5206 1086/828/5207 905/1045/5208
f 1091/1172/5209 755/804/5210 754/1048/5211
f 957/814/5212 959/805/5213 886/938/5214
f 1091/1172/5215 959/805/5216 755/804/5217
f 960/822/5218 1091/1172/5219 961/844/5220
f 1092/1125/5221 753/1047/5222 752/1126/5223
f 960/822/5224 961/844/5225 887/823/5226
f 1330/1173/5227 1344/1102/5228 1341/1174/5229
f 1093/788/5230 962/790/5231 1092/1125/5232
f 963/1000/5233 692/847/5234 972/846/5235
f 941/1108/5236 963/1000/5237 891/1142/5238
f 964/1038/5239 97/980/5240 906/979/5241
f 964/1038/5242 893/1135/5243 965/1136/5244
f 892/1039/5245 965/1136/5246 844/826/5247
f 893/1135/5248 895/991/5249 965/1136/5250
f 850/901/5251 1094/981/5252 966/1134/5253
f 1124/1175/5254 1188/1176/5255 808/983/5256
f 967/899/5257 834/898/5258 1100/1177/5259
f 967/899/5260 896/1178/5261 968/1140/5262
f 980/1179/5263 968/1140/5264 896/1178/5265
f 897/993/5266 968/1140/5267 983/1180/5268
f 969/795/5269 800/1058/5270 1098/796/5271
f 801/916/5272 842/786/5273 970/992/5274
f 897/993/5275 970/992/5276 841/996/5277
f 801/916/5278 970/992/5279 969/795/5280
f 971/878/5281 805/919/5282 1332/794/5283
f 973/1059/5284 971/878/5285 900/1181/5286
f 898/984/5287 972/846/5288 691/845/5289
f 963/1000/5290 972/846/5291 901/985/5292
f 971/878/5293 973/1059/5294 847/876/5295
f 974/852/5296 973/1059/5297 900/1181/5298
f 978/1138/5299 900/1181/5300 1098/796/5301
f 982/1139/5302 1335/1182/5303 978/1138/5304
f 1193/1183/5305 1101/1184/5306 1222/1185/5307
f 1211/1186/5308 1245/1133/5309 1212/1110/5310
f 977/853/5311 974/852/5312 978/1138/5313
f 1225/1187/5314 1226/1188/5315 975/1189/5316
f 974/852/5317 900/1181/5318 978/1138/5319
f 976/1098/5320 1213/1100/5321 1212/1110/5322
f 980/1179/5323 982/1139/5324 983/1180/5325
f 976/1098/5326 977/853/5327 978/1138/5328
f 980/1179/5329 896/1178/5330 981/1013/5331
f 1335/1182/5332 1194/1190/5333 1195/1099/5334
f 896/1178/5335 1099/1057/5336 981/1013/5337
f 982/1139/5338 980/1179/5339 979/1191/5340
f 1167/1012/5341 1170/1192/5342 1101/1184/5343
f 979/1191/5344 980/1179/5345 981/1013/5346
f 982/1139/5347 979/1191/5348 1335/1182/5349
f 983/1180/5350 982/1139/5351 800/1058/5352
f 897/993/5353 983/1180/5354 800/1058/5355
f 980/1179/5356 983/1180/5357 968/1140/5358
f 904/754/5359 984/849/5360 761/755/5361
f 902/851/5362 984/849/5363 903/848/5364
f 1108/813/5365 849/812/5366 1107/1046/5367
f 986/971/5368 985/811/5369 807/1193/5370
f 986/971/5371 807/1193/5372 987/1062/5373
f 903/848/5374 986/971/5375 848/1068/5376
f 1173/1194/5377 987/1062/5378 807/1193/5379
f 1103/1147/5380 915/1148/5381 1329/802/5382
f 988/1065/5383 759/1064/5384 1086/828/5385
f 904/754/5386 988/1065/5387 905/1045/5388
f 1096/982/5389 1333/1195/5390 1120/1196/5391
f 1102/990/5392 1110/1197/5393 1115/1198/5394
f 855/966/5395 990/1067/5396 95/969/5397
f 854/1070/5398 907/1066/5399 990/1067/5400
f 992/1061/5401 851/750/5402 848/1068/5403
f 991/803/5404 910/1063/5405 1329/802/5406
f 910/1063/5407 991/803/5408 992/1061/5409
f 851/750/5410 992/1061/5411 991/803/5412
f 919/714/5413 994/885/5414 993/715/5415
f 994/885/5416 996/1199/5417 997/886/5418
f 994/885/5419 919/714/5420 1265/694/5421
f 860/706/5422 996/1199/5423 994/885/5424
f 1232/1200/5425 1198/1201/5426 1233/1202/5427
f 1338/1203/5428 1218/1204/5429 1337/1205/5430
f 996/1199/5431 860/706/5432 1219/1206/5433
f 997/886/5434 996/1199/5435 995/1207/5436
f 998/1078/5437 997/886/5438 995/1207/5439
f 993/715/5440 997/886/5441 820/1150/5442
f 1339/1208/5443 998/1078/5444 995/1207/5445
f 790/1209/5446 1000/1079/5447 998/1078/5448
f 999/889/5449 1000/1079/5450 1307/1210/5451
f 1312/1211/5452 1313/1212/5453 1307/1210/5454
f 1317/954/5455 1306/1213/5456 1321/1214/5457
f 1001/888/5458 1000/1079/5459 999/889/5460
f 1313/1212/5461 1320/1215/5462 999/889/5463
f 1001/888/5464 820/1150/5465 997/886/5466
f 861/1151/5467 1003/734/5468 1002/887/5469
f 1006/1074/5470 920/699/5471 859/713/5472
f 861/1151/5473 1319/1154/5474 1004/735/5475
f 1006/1074/5476 1003/734/5477 920/699/5478
f 922/1216/5479 1005/737/5480 1004/735/5481
f 741/739/5482 1130/736/5483 1005/737/5484
f 1005/737/5485 922/1216/5486 1132/738/5487
f 1130/736/5488 741/739/5489 740/746/5490
f 1001/888/5491 1006/1074/5492 820/1150/5493
f 1003/734/5494 1006/1074/5495 1002/887/5496
f 1076/799/5497 1007/1075/5498 735/1077/5499
f 1265/694/5500 1007/1075/5501 921/695/5502
f 1008/723/5503 1132/738/5504 1175/1217/5505
f 867/1097/5506 1022/1218/5507 1023/722/5508
f 923/929/5509 1009/923/5510 707/925/5511
f 955/1033/5512 1009/923/5513 924/930/5514
f 1264/696/5515 1179/800/5516 1237/1219/5517
f 1082/708/5518 833/707/5519 884/1034/5520
f 1012/1010/5521 1011/1088/5522 822/1090/5523
f 1014/939/5524 1011/1088/5525 926/1083/5526
f 1324/1220/5527 822/1090/5528 1317/954/5529
f 1218/1204/5530 1339/1208/5531 1236/1221/5532
f 862/1085/5533 926/1083/5534 1013/935/5535
f 1012/1010/5536 1013/935/5537 926/1083/5538
f 1014/939/5539 863/1086/5540 1011/1088/5541
f 706/928/5542 1014/939/5543 927/1084/5544
f 1018/871/5545 1134/808/5546 864/1158/5547
f 1135/689/5548 1134/808/5549 928/959/5550
f 1017/1157/5551 1016/1087/5552 863/1086/5553
f 1323/952/5554 1016/1087/5555 929/872/5556
f 1137/873/5557 704/711/5558 703/958/5559
f 1016/1087/5560 1017/1157/5561 929/872/5562
f 1311/953/5563 1018/871/5564 864/1158/5565
f 1137/873/5566 929/872/5567 1017/1157/5568
f 1139/1105/5569 1019/1091/5570 869/949/5571
f 865/944/5572 930/941/5573 1019/1091/5574
f 1142/1159/5575 1020/1093/5576 744/1094/5577
f 931/726/5578 1020/1093/5579 932/744/5580
f 932/744/5581 1022/1218/5582 1021/745/5583
f 1026/1222/5584 1025/1004/5585 1022/1218/5586
f 1142/1159/5587 932/744/5588 1020/1093/5589
f 1022/1218/5590 867/1097/5591 1026/1222/5592
f 1022/1218/5593 932/744/5594 1142/1159/5595
f 1131/1096/5596 1023/722/5597 743/1156/5598
f 1290/1223/5599 1300/1224/5600 1294/1225/5601
f 1290/1223/5602 1291/893/5603 1292/1226/5604
f 1022/1218/5605 1025/1004/5606 1021/745/5607
f 1034/1227/5608 1025/1004/5609 1024/1228/5610
f 867/1097/5611 1340/1229/5612 1302/1230/5613
f 1025/1004/5614 1026/1222/5615 1024/1228/5616
f 931/726/5617 1027/725/5618 746/884/5619
f 1033/867/5620 1027/725/5621 933/727/5622
f 1031/1161/5623 1028/1095/5624 824/1005/5625
f 1032/866/5626 933/727/5627 1028/1095/5628
f 1029/1231/5629 1031/1161/5630 1037/1232/5631
f 1251/1233/5632 1244/1234/5633 1281/1235/5634
f 1035/1160/5635 1029/1231/5636 1036/1007/5637
f 934/1162/5638 1043/857/5639 1033/867/5640
f 1034/1227/5641 1031/1161/5642 824/1005/5643
f 1035/1160/5644 1031/1161/5645 1029/1231/5646
f 1031/1161/5647 1032/866/5648 1028/1095/5649
f 1032/866/5650 1030/1236/5651 1033/867/5652
f 1033/867/5653 1030/1236/5654 1040/1009/5655
f 748/864/5656 747/883/5657 1033/867/5658
f 1034/1227/5659 824/1005/5660 1025/1004/5661
f 1034/1227/5662 1285/1237/5663 1284/1238/5664
f 1255/1239/5665 1029/1231/5666 1253/862/5667
f 1032/866/5668 1035/1160/5669 1030/1236/5670
f 1038/1008/5671 1036/1007/5672 868/1240/5673
f 1030/1236/5674 1035/1160/5675 1036/1007/5676
f 1031/1161/5677 1034/1227/5678 1037/1232/5679
f 1034/1227/5680 791/892/5681 1285/1237/5682
f 1268/1241/5683 1243/1242/5684 1267/1243/5685
f 1040/1009/5686 1038/1008/5687 934/1162/5688
f 1205/1244/5689 1225/1187/5690 975/1189/5691
f 975/1189/5692 1194/1190/5693 1205/1244/5694
f 1033/867/5695 1040/1009/5696 934/1162/5697
f 1036/1007/5698 1040/1009/5699 1030/1236/5700
f 1269/1245/5701 1042/1101/5702 1038/1008/5703
f 1039/1246/5704 1241/1247/5705 1330/1173/5706
f 1269/1245/5707 1038/1008/5708 868/1240/5709
f 1041/1248/5710 1344/1102/5711 1042/1101/5712
f 1033/867/5713 1043/857/5714 748/864/5715
f 934/1162/5716 1042/1101/5717 1342/1103/5718
f 937/691/5719 1044/1104/5720 697/692/5721
f 935/945/5722 1044/1104/5723 936/950/5724
f 936/950/5725 1046/986/5726 1045/1107/5727
f 825/1163/5728 1045/1107/5729 1276/988/5730
f 937/691/5731 1046/986/5732 936/950/5733
f 1274/987/5734 1272/1053/5735 1275/1249/5736
f 963/1000/5737 1047/1109/5738 693/1001/5739
f 940/931/5740 1047/1109/5741 941/1108/5742
f 872/769/5743 1048/1015/5744 873/783/5745
f 1049/1016/5746 1048/1015/5747 827/700/5748
f 1049/1016/5749 827/700/5750 877/702/5751
f 1143/1165/5752 1049/1016/5753 793/1113/5754
f 878/955/5755 1159/1051/5756 793/1113/5757
f 1050/1250/5758 1054/1251/5759 1052/1111/5760
f 944/1014/5761 1143/1165/5762 1052/1111/5763
f 1053/778/5764 1177/1022/5765 1144/776/5766
f 1054/1251/5767 1050/1250/5768 1145/1252/5769
f 1055/1025/5770 1053/778/5771 1051/1112/5772
f 945/777/5773 1051/1112/5774 1053/778/5775
f 1055/1025/5776 1051/1112/5777 1052/1111/5778
f 1058/1030/5779 1056/1029/5780 1057/1119/5781
f 1053/778/5782 1055/1025/5783 882/1024/5784
f 1052/1111/5785 1054/1251/5786 1055/1025/5787
f 1057/1119/5788 1055/1025/5789 1054/1251/5790
f 1058/1030/5791 1057/1119/5792 1054/1251/5793
f 1062/1253/5794 1059/1023/5795 1056/1029/5796
f 1058/1030/5797 1054/1251/5798 830/1032/5799
f 1057/1119/5800 1056/1029/5801 1059/1023/5802
f 830/1032/5803 1146/1128/5804 1060/1031/5805
f 1058/1030/5806 1150/1120/5807 1061/1028/5808
f 1151/1254/5809 1062/1253/5810 1056/1029/5811
f 882/1024/5812 1059/1023/5813 1063/1020/5814
f 1149/1168/5815 1060/1031/5816 1146/1128/5817
f 1149/1168/5818 1073/1167/5819 1060/1031/5820
f 1152/1255/5821 832/875/5822 1080/874/5823
f 1151/1254/5824 1061/1028/5825 1152/1255/5826
f 1153/1170/5827 1062/1253/5828 794/1256/5829
f 951/1021/5830 1157/1169/5831 1077/797/5832
f 1059/1023/5833 1062/1253/5834 1063/1020/5835
f 1157/1169/5836 1063/1020/5837 1062/1253/5838
f 1064/1018/5839 839/703/5840 1067/974/5841
f 1065/957/5842 1064/1018/5843 879/1114/5844
f 1065/957/5845 879/1114/5846 1159/1051/5847
f 1066/766/5848 1065/957/5849 829/956/5850
f 876/764/5851 1066/766/5852 829/956/5853
f 722/765/5854 946/1017/5855 1066/766/5856
f 799/705/5857 1067/974/5858 839/703/5859
f 1068/921/5860 1067/974/5861 796/903/5862
f 838/775/5863 1068/921/5864 796/903/5865
f 889/905/5866 1148/1129/5867 1178/1257/5868
f 1148/1129/5869 1069/1258/5870 1178/1257/5871
f 1147/1166/5872 1145/1252/5873 1158/1259/5874
f 1178/1257/5875 1068/921/5876 837/904/5877
f 1070/922/5878 1069/1258/5879 1071/1050/5880
f 1069/1258/5881 1158/1259/5882 1071/1050/5883
f 1071/1050/5884 1050/1250/5885 1143/1165/5886
f 1072/1019/5887 712/911/5888 952/910/5889
f 948/914/5890 1072/1019/5891 949/1115/5892
f 1073/1167/5893 832/875/5894 1150/1120/5895
f 949/1115/5896 883/748/5897 1073/1167/5898
f 881/779/5899 1074/781/5900 733/917/5901
f 1076/799/5902 1074/781/5903 950/1027/5904
f 1154/1026/5905 831/798/5906 1153/1170/5907
f 1074/781/5908 1075/780/5909 950/1027/5910
f 950/1027/5911 1156/1260/5912 1179/800/5913
f 1007/1075/5914 1076/799/5915 921/695/5916
f 1078/1116/5917 881/779/5918 732/918/5919
f 1157/1169/5920 951/1021/5921 1063/1020/5922
f 1144/776/5923 1078/1116/5924 731/1117/5925
f 1077/797/5926 1078/1116/5927 951/1021/5928
f 1080/874/5929 1079/1121/5930 833/707/5931
f 883/748/5932 1081/747/5933 832/875/5934
f 833/707/5935 1217/1261/5936 1235/1262/5937
f 794/1256/5938 1151/1254/5939 1152/1255/5940
f 953/749/5941 1079/1121/5942 1081/747/5943
f 1080/874/5944 1081/747/5945 1079/1121/5946
f 1083/1035/5947 955/1033/5948 924/930/5949
f 1083/1035/5950 1082/708/5951 955/1033/5952
f 1215/1036/5953 1010/937/5954 1216/1263/5955
f 1082/708/5956 1083/1035/5957 1231/709/5958
f 1090/1264/5959 886/938/5960 1088/1049/5961
f 886/938/5962 1090/1264/5963 1084/1122/5964
f 959/805/5965 1085/1171/5966 756/806/5967
f 956/829/5968 1085/1171/5969 957/814/5970
f 956/829/5971 1086/828/5972 758/836/5973
f 1086/828/5974 958/830/5975 905/1045/5976
f 1207/1265/5977 1208/1266/5978 1206/1267/5979
f 1088/1049/5980 1087/821/5981 836/1268/5982
f 1088/1049/5983 836/1268/5984 1089/1269/5985
f 960/822/5986 1088/1049/5987 886/938/5988
f 1101/1184/5989 1170/1192/5990 1171/1270/5991
f 1221/1271/5992 1168/1272/5993 795/1011/5994
f 1088/1049/5995 1089/1269/5996 1090/1264/5997
f 1336/770/5998 1090/1264/5999 1089/1269/6000
f 961/844/6001 1091/1172/6002 754/1048/6003
f 959/805/6004 1091/1172/6005 960/822/6006
f 1093/788/6007 1092/1125/6008 752/1126/6009
f 961/844/6010 1092/1125/6011 962/790/6012
f 1331/1273/6013 1330/1173/6014 1093/788/6015
f 1330/1173/6016 1163/1274/6017 1185/789/6018
f 854/1070/6019 1097/900/6020 907/1066/6021
f 1188/1176/6022 1094/981/6023 808/983/6024
f 857/1146/6025 1128/976/6026 913/951/6027
f 857/1146/6028 1106/833/6029 1122/977/6030
f 1097/900/6031 1094/981/6032 850/901/6033
f 1116/989/6034 1125/1275/6035 776/963/6036
f 1095/1072/6037 1096/982/6038 1097/900/6039
f 1097/900/6040 1096/982/6041 1094/981/6042
f 978/1138/6043 1098/796/6044 800/1058/6045
f 1098/796/6046 900/1181/6047 971/878/6048
f 1100/1177/6049 896/1178/6050 967/899/6051
f 896/1178/6052 1100/1177/6053 1099/1057/6054
f 1186/1044/6055 834/898/6056 1187/1137/6057
f 1120/1196/6058 1129/1276/6059 808/983/6060
f 1206/1267/6061 1209/1277/6062 1238/1278/6063
f 1101/1184/6064 1169/1279/6065 1167/1012/6066
f 1110/1197/6067 807/1193/6068 1108/813/6069
f 1123/1280/6070 1111/1281/6071 1113/1282/6072
f 1104/965/6073 1103/1147/6074 987/1062/6075
f 1105/964/6076 1103/1147/6077 1104/965/6078
f 1173/1194/6079 1104/965/6080 987/1062/6081
f 776/963/6082 1104/965/6083 1102/990/6084
f 1106/833/6085 1105/964/6086 776/963/6087
f 915/1148/6088 1103/1147/6089 1105/964/6090
f 776/963/6091 1125/1275/6092 1122/977/6093
f 1106/833/6094 857/1146/6095 914/831/6096
f 1109/1123/6097 905/1045/6098 958/830/6099
f 985/811/6100 1108/813/6101 807/1193/6102
f 1107/1046/6103 989/1283/6104 1108/813/6105
f 1110/1197/6106 1102/990/6107 1173/1194/6108
f 1183/1144/6109 958/830/6110 885/816/6111
f 1107/1046/6112 1109/1123/6113 1184/1284/6114
f 989/1283/6115 1111/1281/6116 1108/813/6117
f 1110/1197/6118 1108/813/6119 1111/1281/6120
f 1113/1282/6121 1111/1281/6122 989/1283/6123
f 1114/1285/6124 1115/1198/6125 1111/1281/6126
f 1197/1286/6127 1113/1282/6128 989/1283/6129
f 1196/1287/6130 1112/1288/6131 1123/1280/6132
f 1174/1289/6133 1196/1287/6134 1197/1286/6135
f 1119/1290/6136 1123/1280/6137 1112/1288/6138
f 1129/1276/6139 1117/1291/6140 1119/1290/6141
f 1115/1198/6142 1116/989/6143 1102/990/6144
f 1111/1281/6145 1115/1198/6146 1110/1197/6147
f 1115/1198/6148 1114/1285/6149 1116/989/6150
f 1116/989/6151 1114/1285/6152 1118/1292/6153
f 1121/1293/6154 1125/1275/6155 1118/1292/6156
f 1118/1292/6157 1114/1285/6158 1119/1290/6159
f 1096/982/6160 1120/1196/6161 808/983/6162
f 1114/1285/6163 1123/1280/6164 1119/1290/6165
f 1121/1293/6166 1118/1292/6167 1117/1291/6168
f 1119/1290/6169 1112/1288/6170 1124/1175/6171
f 1117/1291/6172 1118/1292/6173 1119/1290/6174
f 1333/1195/6175 1096/982/6176 1095/1072/6177
f 1120/1196/6178 1117/1291/6179 1129/1276/6180
f 1333/1195/6181 1117/1291/6182 1120/1196/6183
f 1126/975/6184 1122/977/6185 1121/1293/6186
f 776/963/6187 1122/977/6188 1106/833/6189
f 1126/975/6190 1121/1293/6191 1333/1195/6192
f 1111/1281/6193 1123/1280/6194 1114/1285/6195
f 1123/1280/6196 1113/1282/6197 1196/1287/6198
f 1190/1294/6199 1166/1043/6200 1188/1176/6201
f 1186/1044/6202 1100/1177/6203 834/898/6204
f 1118/1292/6205 1125/1275/6206 1116/989/6207
f 1122/977/6208 1125/1275/6209 1121/1293/6210
f 1334/1295/6211 1095/1072/6212 1164/1071/6213
f 810/970/6214 911/842/6215 1127/1145/6216
f 1128/976/6217 779/962/6218 913/951/6219
f 1127/1145/6220 1126/975/6221 1334/1295/6222
f 1122/977/6223 1128/976/6224 857/1146/6225
f 1126/975/6226 1127/1145/6227 1128/976/6228
f 1119/1290/6229 1124/1175/6230 1129/1276/6231
f 1129/1276/6232 1124/1175/6233 808/983/6234
f 1003/734/6235 1130/736/6236 920/699/6237
f 1005/737/6238 1130/736/6239 1004/735/6240
f 1132/738/6241 1131/1096/6242 742/1155/6243
f 1023/722/6244 1131/1096/6245 1008/723/6246
f 1132/738/6247 742/1155/6248 741/739/6249
f 1175/1217/6250 1132/738/6251 922/1216/6252
f 861/1151/6253 1320/1215/6254 1318/1153/6255
f 1295/1296/6256 1297/1297/6257 1140/1298/6258
f 1135/689/6259 928/959/6260 702/690/6261
f 1134/808/6262 1015/1299/6263 1308/809/6264
f 930/941/6265 1135/689/6266 701/688/6267
f 1134/808/6268 1135/689/6269 1015/1299/6270
f 1308/809/6271 865/944/6272 1303/1082/6273
f 1135/689/6274 1136/943/6275 1015/1299/6276
f 704/711/6277 1137/873/6278 1017/1157/6279
f 928/959/6280 1137/873/6281 703/958/6282
f 699/946/6283 1138/940/6284 700/942/6285
f 1019/1091/6286 930/941/6287 1138/940/6288
f 1045/1107/6289 1139/1105/6290 869/949/6291
f 1141/1092/6292 1139/1105/6293 1295/1296/6294
f 1296/1300/6295 1293/1301/6296 1295/1296/6297
f 1310/1302/6298 1314/1303/6299 1315/1304/6300
f 1295/1296/6301 1139/1105/6302 825/1163/6303
f 1141/1092/6304 1140/1298/6305 1305/1080/6306
f 743/1156/6307 1142/1159/6308 744/1094/6309
f 1022/1218/6310 1142/1159/6311 1023/722/6312
f 1143/1165/6313 793/1113/6314 1159/1051/6315
f 1052/1111/6316 1143/1165/6317 1050/1250/6318
f 1177/1022/6319 1053/778/6320 882/1024/6321
f 1078/1116/6322 1144/776/6323 951/1021/6324
f 1145/1252/6325 1050/1250/6326 1158/1259/6327
f 830/1032/6328 1054/1251/6329 1145/1252/6330
f 1147/1166/6331 1146/1128/6332 830/1032/6333
f 1149/1168/6334 1146/1128/6335 880/1130/6336
f 1145/1252/6337 1147/1166/6338 830/1032/6339
f 1148/1129/6340 1147/1166/6341 1069/1258/6342
f 1069/1258/6343 1070/922/6344 1178/1257/6345
f 880/1130/6346 1148/1129/6347 889/905/6348
f 948/914/6349 1149/1168/6350 880/1130/6351
f 1073/1167/6352 1149/1168/6353 949/1115/6354
f 1058/1030/6355 1060/1031/6356 1150/1120/6357
f 1150/1120/6358 1060/1031/6359 1073/1167/6360
f 1062/1253/6361 1151/1254/6362 794/1256/6363
f 1056/1029/6364 1061/1028/6365 1151/1254/6366
f 832/875/6367 1152/1255/6368 1061/1028/6369
f 1152/1255/6370 1080/874/6371 1263/1305/6372
f 1155/1306/6373 1156/1260/6374 1181/1307/6375
f 1154/1026/6376 1075/780/6377 831/798/6378
f 794/1256/6379 1262/1308/6380 1182/1309/6381
f 950/1027/6382 1154/1026/6383 1156/1260/6384
f 1181/1307/6385 1154/1026/6386 1182/1309/6387
f 1260/1310/6388 1236/1221/6389 1219/1206/6390
f 1153/1170/6391 1182/1309/6392 1154/1026/6393
f 1156/1260/6394 1155/1306/6395 1179/800/6396
f 1153/1170/6397 1157/1169/6398 1062/1253/6399
f 1077/797/6400 1157/1169/6401 831/798/6402
f 1158/1259/6403 1069/1258/6404 1147/1166/6405
f 1050/1250/6406 1071/1050/6407 1158/1259/6408
f 879/1114/6409 1071/1050/6410 1159/1051/6411
f 1143/1165/6412 1159/1051/6413 1071/1050/6414
f 886/938/6415 1160/815/6416 957/814/6417
f 1161/1124/6418 1084/1122/6419 835/1311/6420
f 1161/1124/6421 835/1311/6422 1162/1143/6423
f 885/816/6424 1160/815/6425 1161/1124/6426
f 1174/1289/6427 1197/1286/6428 1214/1312/6429
f 989/1283/6430 1184/1284/6431 1162/1143/6432
f 1222/1185/6433 1223/1313/6434 1230/1314/6435
f 1185/789/6436 1209/1277/6437 962/790/6438
f 810/970/6439 1334/1295/6440 854/1070/6441
f 1164/1071/6442 854/1070/6443 1334/1295/6444
f 906/979/6445 1165/902/6446 850/901/6447
f 907/1066/6448 1097/900/6449 1165/902/6450
f 966/1134/6451 1094/981/6452 1188/1176/6453
f 1199/1315/6454 1124/1175/6455 1112/1288/6456
f 1170/1192/6457 795/1011/6458 1168/1272/6459
f 1205/1244/6460 1101/1184/6461 1193/1183/6462
f 1202/771/6463 1221/1271/6464 1192/1040/6465
f 1089/1269/6466 836/1268/6467 1171/1270/6468
f 1194/1190/6469 1169/1279/6470 1205/1244/6471
f 1172/1052/6472 979/1191/6473 981/1013/6474
f 795/1011/6475 1170/1192/6476 1167/1012/6477
f 1171/1270/6478 1170/1192/6479 1168/1272/6480
f 1089/1269/6481 1171/1270/6482 1168/1272/6483
f 1171/1270/6484 836/1268/6485 1207/1265/6486
f 1167/1012/6487 1169/1279/6488 1172/1052/6489
f 1172/1052/6490 1169/1279/6491 1194/1190/6492
f 1110/1197/6493 1173/1194/6494 807/1193/6495
f 1104/965/6496 1173/1194/6497 1102/990/6498
f 1089/1269/6499 1168/1272/6500 1220/1316/6501
f 1201/1041/6502 1099/1057/6503 1100/1177/6504
f 1319/1154/6505 1175/1217/6506 922/1216/6507
f 1133/1317/6508 1340/1229/6509 1176/724/6510
f 1008/723/6511 1175/1217/6512 1176/724/6513
f 1133/1317/6514 1176/724/6515 1175/1217/6516
f 1063/1020/6517 1177/1022/6518 882/1024/6519
f 951/1021/6520 1144/776/6521 1177/1022/6522
f 1068/921/6523 1178/1257/6524 1070/922/6525
f 889/905/6526 1178/1257/6527 837/904/6528
f 1179/800/6529 1076/799/6530 950/1027/6531
f 1237/1219/6532 1179/800/6533 1155/1306/6534
f 1235/1262/6535 1080/874/6536 833/707/6537
f 1215/1036/6538 1217/1261/6539 1231/709/6540
f 1154/1026/6541 1181/1307/6542 1156/1260/6543
f 1234/1318/6544 1232/1200/6545 1233/1202/6546
f 794/1256/6547 1182/1309/6548 1153/1170/6549
f 1180/1319/6550 1181/1307/6551 1182/1309/6552
f 1161/1124/6553 1183/1144/6554 885/816/6555
f 1183/1144/6556 1162/1143/6557 1184/1284/6558
f 1107/1046/6559 1184/1284/6560 989/1283/6561
f 1183/1144/6562 1184/1284/6563 1109/1123/6564
f 1330/1173/6565 1185/789/6566 1093/788/6567
f 1209/1277/6568 1185/789/6569 1163/1274/6570
f 1187/1137/6571 834/898/6572 895/991/6573
f 1191/1042/6574 1166/1043/6575 1190/1294/6576
f 1188/1176/6577 1187/1137/6578 966/1134/6579
f 1186/1044/6580 1187/1137/6581 1166/1043/6582
f 1124/1175/6583 1199/1315/6584 1190/1294/6585
f 1188/1176/6586 1166/1043/6587 1187/1137/6588
f 1200/1320/6589 1199/1315/6590 1112/1288/6591
f 795/1011/6592 1099/1057/6593 1201/1041/6594
f 1124/1175/6595 1190/1294/6596 1188/1176/6597
f 1191/1042/6598 1190/1294/6599 1189/1321/6600
f 1191/1042/6601 1189/1321/6602 1192/1040/6603
f 1186/1044/6604 1191/1042/6605 1100/1177/6606
f 1200/1320/6607 1192/1040/6608 1189/1321/6609
f 1204/772/6610 1203/1322/6611 1174/1289/6612
f 1171/1270/6613 1207/1265/6614 1101/1184/6615
f 1239/1323/6616 1240/1324/6617 1223/1313/6618
f 1195/1099/6619 1194/1190/6620 975/1189/6621
f 1172/1052/6622 1194/1190/6623 979/1191/6624
f 1226/1188/6625 1211/1186/6626 1213/1100/6627
f 976/1098/6628 978/1138/6629 1335/1182/6630
f 1197/1286/6631 1196/1287/6632 1113/1282/6633
f 1200/1320/6634 1196/1287/6635 1174/1289/6636
f 989/1283/6637 1162/1143/6638 1197/1286/6639
f 1214/1312/6640 1197/1286/6641 1162/1143/6642
f 1198/1201/6643 1215/1036/6644 1216/1263/6645
f 1232/1200/6646 1234/1318/6647 1180/1319/6648
f 1112/1288/6649 1196/1287/6650 1200/1320/6651
f 1190/1294/6652 1199/1315/6653 1189/1321/6654
f 1200/1320/6655 1174/1289/6656 1203/1322/6657
f 1189/1321/6658 1199/1315/6659 1200/1320/6660
f 1191/1042/6661 1201/1041/6662 1100/1177/6663
f 795/1011/6664 1201/1041/6665 1192/1040/6666
f 1192/1040/6667 1200/1320/6668 1203/1322/6669
f 1084/1122/6670 1090/1264/6671 1336/770/6672
f 1204/772/6673 1174/1289/6674 835/1311/6675
f 1192/1040/6676 1203/1322/6677 1202/771/6678
f 1336/770/6679 835/1311/6680 1084/1122/6681
f 1202/771/6682 1203/1322/6683 1204/772/6684
f 1101/1184/6685 1205/1244/6686 1169/1279/6687
f 1225/1187/6688 1205/1244/6689 1193/1183/6690
f 836/1268/6691 1208/1266/6692 1207/1265/6693
f 1239/1323/6694 1163/1274/6695 1241/1247/6696
f 1208/1266/6697 836/1268/6698 1087/821/6699
f 1207/1265/6700 1206/1267/6701 1222/1185/6702
f 1087/821/6703 887/823/6704 1208/1266/6705
f 962/790/6706 1209/1277/6707 1224/1325/6708
f 1206/1267/6709 1208/1266/6710 1209/1277/6711
f 887/823/6712 1224/1325/6713 1208/1266/6714
f 1267/1243/6715 1243/1242/6716 1039/1246/6717
f 1210/1326/6718 1242/1327/6719 1227/1328/6720
f 1226/1188/6721 1227/1328/6722 1211/1186/6723
f 1252/1132/6724 1246/1131/6725 1250/1329/6726
f 1227/1328/6727 1229/1330/6728 1211/1186/6729
f 1259/1331/6730 1257/1141/6731 840/854/6732
f 1226/1188/6733 1195/1099/6734 975/1189/6735
f 1212/1110/6736 1213/1100/6737 1211/1186/6738
f 1162/1143/6739 835/1311/6740 1214/1312/6741
f 1174/1289/6742 1214/1312/6743 835/1311/6744
f 1216/1263/6745 1010/937/6746 821/936/6747
f 1215/1036/6748 1198/1201/6749 1217/1261/6750
f 1337/1205/6751 1216/1263/6752 821/936/6753
f 1216/1263/6754 1218/1204/6755 1260/1310/6756
f 1198/1201/6757 1232/1200/6758 1217/1261/6759
f 1180/1319/6760 1262/1308/6761 1261/1332/6762
f 1012/1010/6763 1337/1205/6764 821/936/6765
f 1219/1206/6766 1236/1221/6767 996/1199/6768
f 1237/1219/6769 1219/1206/6770 860/706/6771
f 1219/1206/6772 1233/1202/6773 1260/1310/6774
f 1221/1271/6775 1220/1316/6776 1168/1272/6777
f 1336/770/6778 1220/1316/6779 1202/771/6780
f 1192/1040/6781 1221/1271/6782 795/1011/6783
f 1220/1316/6784 1221/1271/6785 1202/771/6786
f 1207/1265/6787 1222/1185/6788 1101/1184/6789
f 1222/1185/6790 1206/1267/6791 1238/1278/6792
f 1163/1274/6793 1239/1323/6794 1209/1277/6795
f 1266/1333/6796 1225/1187/6797 1230/1314/6798
f 962/790/6799 1224/1325/6800 887/823/6801
f 1209/1277/6802 1208/1266/6803 1224/1325/6804
f 1230/1314/6805 1225/1187/6806 1193/1183/6807
f 1227/1328/6808 1226/1188/6809 1225/1187/6810
f 1226/1188/6811 1213/1100/6812 1195/1099/6813
f 1227/1328/6814 1225/1187/6815 1210/1326/6816
f 1243/1242/6817 1242/1327/6818 1210/1326/6819
f 1242/1327/6820 1229/1330/6821 1227/1328/6822
f 1282/1334/6823 1247/1335/6824 1249/861/6825
f 1250/1329/6826 1246/1131/6827 1244/1234/6828
f 1229/1330/6829 1247/1335/6830 1246/1131/6831
f 1211/1186/6832 1229/1330/6833 1245/1133/6834
f 1222/1185/6835 1230/1314/6836 1193/1183/6837
f 1223/1313/6838 1240/1324/6839 1266/1333/6840
f 1215/1036/6841 1231/709/6842 1083/1035/6843
f 833/707/6844 1231/709/6845 1217/1261/6846
f 1260/1310/6847 1233/1202/6848 1198/1201/6849
f 1261/1332/6850 1232/1200/6851 1180/1319/6852
f 1237/1219/6853 1233/1202/6854 1219/1206/6855
f 1181/1307/6856 1234/1318/6857 1155/1306/6858
f 1180/1319/6859 1234/1318/6860 1181/1307/6861
f 1237/1219/6862 1234/1318/6863 1233/1202/6864
f 1261/1332/6865 1235/1262/6866 1217/1261/6867
f 1263/1305/6868 1235/1262/6869 1262/1308/6870
f 1339/1208/6871 1218/1204/6872 1338/1203/6873
f 996/1199/6874 1236/1221/6875 995/1207/6876
f 1264/696/6877 1237/1219/6878 860/706/6879
f 1237/1219/6880 1155/1306/6881 1234/1318/6882
f 1239/1323/6883 1238/1278/6884 1209/1277/6885
f 1222/1185/6886 1238/1278/6887 1223/1313/6888
f 1163/1274/6889 1330/1173/6890 1241/1247/6891
f 1238/1278/6892 1239/1323/6893 1223/1313/6894
f 1240/1324/6895 1039/1246/6896 1243/1242/6897
f 1266/1333/6898 1240/1324/6899 1210/1326/6900
f 1039/1246/6901 1240/1324/6902 1241/1247/6903
f 1239/1323/6904 1241/1247/6905 1240/1324/6906
f 1210/1326/6907 1240/1324/6908 1243/1242/6909
f 1228/1336/6910 1229/1330/6911 1242/1327/6912
f 1039/1246/6913 1341/1174/6914 1267/1243/6915
f 1242/1327/6916 1243/1242/6917 1268/1241/6918
f 1228/1336/6919 1249/861/6920 1247/1335/6921
f 1271/961/6922 1277/960/6923 1251/1233/6924
f 1229/1330/6925 1246/1131/6926 1245/1133/6927
f 1259/1331/6928 1252/1132/6929 1254/1337/6930
f 1247/1335/6931 1229/1330/6932 1228/1336/6933
f 1250/1329/6934 1244/1234/6935 1251/1233/6936
f 1268/1241/6937 1270/1338/6938 1228/1336/6939
f 1244/1234/6940 1246/1131/6941 1247/1335/6942
f 941/1108/6943 1256/1339/6944 871/932/6945
f 1256/1339/6946 891/1142/6947 1254/1337/6948
f 1255/1239/6949 868/1240/6950 1036/1007/6951
f 1249/861/6952 868/1240/6953 1255/1239/6954
f 1247/1335/6955 1282/1334/6956 1244/1234/6957
f 1250/1329/6958 1248/1340/6959 1252/1132/6960
f 1251/1233/6961 826/1341/6962 1271/961/6963
f 1248/1340/6964 1250/1329/6965 1251/1233/6966
f 1254/1337/6967 1252/1132/6968 1248/1340/6969
f 1212/1110/6970 1245/1133/6971 1252/1132/6972
f 1284/1238/6973 1029/1231/6974 1037/1232/6975
f 1273/1342/6976 1275/1249/6977 1279/1343/6978
f 1256/1339/6979 1254/1337/6980 1248/1340/6981
f 1254/1337/6982 891/1142/6983 1257/1141/6984
f 1029/1231/6985 1255/1239/6986 1036/1007/6987
f 1249/861/6988 1255/1239/6989 1253/862/6990
f 1256/1339/6991 1248/1340/6992 1277/960/6993
f 891/1142/6994 1256/1339/6995 941/1108/6996
f 1258/1060/6997 891/1142/6998 901/985/6999
f 1259/1331/7000 840/854/7001 1212/1110/7002
f 840/854/7003 1258/1060/7004 973/1059/7005
f 891/1142/7006 1258/1060/7007 1257/1141/7008
f 1252/1132/7009 1259/1331/7010 1212/1110/7011
f 1254/1337/7012 1257/1141/7013 1259/1331/7014
f 1216/1263/7015 1260/1310/7016 1198/1201/7017
f 1260/1310/7018 1218/1204/7019 1236/1221/7020
f 1232/1200/7021 1261/1332/7022 1217/1261/7023
f 1262/1308/7024 1180/1319/7025 1182/1309/7026
f 1263/1305/7027 1262/1308/7028 794/1256/7029
f 1261/1332/7030 1262/1308/7031 1235/1262/7032
f 1152/1255/7033 1263/1305/7034 794/1256/7035
f 1080/874/7036 1235/1262/7037 1263/1305/7038
f 860/706/7039 994/885/7040 1265/694/7041
f 1179/800/7042 1264/696/7043 921/695/7044
f 1288/1149/7045 1265/694/7046 919/714/7047
f 1265/694/7048 736/1076/7049 1007/1075/7050
f 1225/1187/7051 1266/1333/7052 1210/1326/7053
f 1223/1313/7054 1266/1333/7055 1230/1314/7056
f 1269/1245/7057 1041/1248/7058 1042/1101/7059
f 1268/1241/7060 1228/1336/7061 1242/1327/7062
f 1267/1243/7063 1269/1245/7064 1268/1241/7065
f 1270/1338/7066 1249/861/7067 1228/1336/7068
f 1269/1245/7069 1267/1243/7070 1041/1248/7071
f 1270/1338/7072 868/1240/7073 1249/861/7074
f 1268/1241/7075 1269/1245/7076 1270/1338/7077
f 868/1240/7078 1270/1338/7079 1269/1245/7080
f 1272/1053/7081 1271/961/7082 826/1341/7083
f 938/1054/7084 871/932/7085 1271/961/7086
f 1272/1053/7087 826/1341/7088 1275/1249/7089
f 938/1054/7090 1272/1053/7091 870/1106/7092
f 1275/1249/7093 826/1341/7094 1280/1344/7095
f 1287/894/7096 1276/988/7097 1273/1342/7098
f 1272/1053/7099 1274/987/7100 870/1106/7101
f 1274/987/7102 1273/1342/7103 1276/988/7104
f 1275/1249/7105 1280/1344/7106 1279/1343/7107
f 1274/987/7108 1275/1249/7109 1273/1342/7110
f 1276/988/7111 1045/1107/7112 1046/986/7113
f 1273/1342/7114 1286/1345/7115 1287/894/7116
f 1256/1339/7117 1277/960/7118 871/932/7119
f 1248/1340/7120 1251/1233/7121 1277/960/7122
f 1282/1334/7123 1249/861/7124 1289/863/7125
f 1283/1346/7126 1279/1343/7127 1278/1347/7128
f 1283/1346/7129 1278/1347/7130 1289/863/7131
f 1283/1346/7132 1286/1345/7133 1279/1343/7134
f 1281/1235/7135 826/1341/7136 1251/1233/7137
f 1278/1347/7138 1279/1343/7139 1280/1344/7140
f 1278/1347/7141 1280/1344/7142 1281/1235/7143
f 1281/1235/7144 1280/1344/7145 826/1341/7146
f 1278/1347/7147 1281/1235/7148 1282/1334/7149
f 1282/1334/7150 1281/1235/7151 1244/1234/7152
f 1253/862/7153 1029/1231/7154 1284/1238/7155
f 1283/1346/7156 1285/1237/7157 1286/1345/7158
f 1284/1238/7159 1037/1232/7160 1034/1227/7161
f 1253/862/7162 1284/1238/7163 1283/1346/7164
f 1285/1237/7165 791/892/7166 1286/1345/7167
f 1283/1346/7168 1284/1238/7169 1285/1237/7170
f 1286/1345/7171 791/892/7172 1287/894/7173
f 1279/1343/7174 1286/1345/7175 1273/1342/7176
f 791/892/7177 1292/1226/7178 1291/893/7179
f 1276/988/7180 1287/894/7181 1296/1300/7182
f 919/714/7183 737/1073/7184 1288/1149/7185
f 736/1076/7186 1288/1149/7187 737/1073/7188
f 1282/1334/7189 1289/863/7190 1278/1347/7191
f 1253/862/7192 1283/1346/7193 1289/863/7194
f 1024/1228/7195 1302/1230/7196 1301/1348/7197
f 1291/893/7198 1290/1223/7199 1293/1301/7200
f 1292/1226/7201 791/892/7202 1034/1227/7203
f 1294/1225/7204 1297/1297/7205 1290/1223/7206
f 1034/1227/7207 1024/1228/7208 1292/1226/7209
f 1301/1348/7210 1292/1226/7211 1024/1228/7212
f 1293/1301/7213 1297/1297/7214 1295/1296/7215
f 1287/894/7216 1291/893/7217 1293/1301/7218
f 1300/1224/7219 1301/1348/7220 1298/1349/7221
f 1303/1082/7222 1299/1081/7223 823/1350/7224
f 1141/1092/7225 1295/1296/7226 1140/1298/7227
f 1296/1300/7228 1295/1296/7229 825/1163/7230
f 1276/988/7231 1296/1300/7232 825/1163/7233
f 1287/894/7234 1293/1301/7235 1296/1300/7236
f 1290/1223/7237 1297/1297/7238 1293/1301/7239
f 1299/1081/7240 1297/1297/7241 1294/1225/7242
f 1176/724/7243 1340/1229/7244 867/1097/7245
f 1310/1302/7246 1326/1351/7247 1318/1153/7248
f 1297/1297/7249 1299/1081/7250 1140/1298/7251
f 1294/1225/7252 1300/1224/7253 1316/1352/7254
f 1301/1348/7255 1300/1224/7256 1290/1223/7257
f 1327/1353/7258 1316/1352/7259 1298/1349/7260
f 1292/1226/7261 1301/1348/7262 1290/1223/7263
f 1024/1228/7264 1026/1222/7265 1302/1230/7266
f 867/1097/7267 1302/1230/7268 1026/1222/7269
f 1298/1349/7270 1301/1348/7271 1302/1230/7272
f 1303/1082/7273 823/1350/7274 1304/807/7275
f 1305/1080/7276 1303/1082/7277 865/944/7278
f 1309/1089/7279 1304/807/7280 823/1350/7281
f 1304/807/7282 864/1158/7283 1134/808/7284
f 1141/1092/7285 1305/1080/7286 865/944/7287
f 1299/1081/7288 1305/1080/7289 1140/1298/7290
f 1307/1210/7291 1306/1213/7292 1312/1211/7293
f 822/1090/7294 1323/952/7295 1317/954/7296
f 790/1209/7297 1307/1210/7298 1000/1079/7299
f 1314/1303/7300 1312/1211/7301 1309/1089/7302
f 1136/943/7303 1308/809/7304 1015/1299/7305
f 1303/1082/7306 1304/807/7307 1308/809/7308
f 1309/1089/7309 823/1350/7310 1314/1303/7311
f 1309/1089/7312 1306/1213/7313 1311/953/7314
f 823/1350/7315 1322/1354/7316 1314/1303/7317
f 1313/1212/7318 999/889/7319 1307/1210/7320
f 1311/953/7321 1306/1213/7322 1317/954/7323
f 1018/871/7324 1311/953/7325 929/872/7326
f 1309/1089/7327 1312/1211/7328 1306/1213/7329
f 1312/1211/7330 1310/1302/7331 1313/1212/7332
f 1318/1153/7333 1313/1212/7334 1310/1302/7335
f 1002/887/7336 1320/1215/7337 861/1151/7338
f 1322/1354/7339 823/1350/7340 1299/1081/7341
f 1312/1211/7342 1314/1303/7343 1310/1302/7344
f 1316/1352/7345 1299/1081/7346 1294/1225/7347
f 1327/1353/7348 1326/1351/7349 1315/1304/7350
f 1298/1349/7351 1316/1352/7352 1300/1224/7353
f 1316/1352/7354 1315/1304/7355 1322/1354/7356
f 1321/1214/7357 1306/1213/7358 1307/1210/7359
f 822/1090/7360 1324/1220/7361 1012/1010/7362
f 1326/1351/7363 1310/1302/7364 1315/1304/7365
f 1133/1317/7366 1175/1217/7367 1319/1154/7368
f 1319/1154/7369 922/1216/7370 1004/735/7371
f 1319/1154/7372 1318/1153/7373 1328/1355/7374
f 999/889/7375 1320/1215/7376 1002/887/7377
f 1318/1153/7378 1320/1215/7379 1313/1212/7380
f 1307/1210/7381 790/1209/7382 1321/1214/7383
f 1325/1356/7384 1321/1214/7385 790/1209/7386
f 1316/1352/7387 1322/1354/7388 1299/1081/7389
f 1314/1303/7390 1322/1354/7391 1315/1304/7392
f 1016/1087/7393 1323/952/7394 822/1090/7395
f 1311/953/7396 1323/952/7397 929/872/7398
f 1317/954/7399 1325/1356/7400 1324/1220/7401
f 1324/1220/7402 1325/1356/7403 1338/1203/7404
f 1321/1214/7405 1325/1356/7406 1317/954/7407
f 1325/1356/7408 790/1209/7409 1338/1203/7410
f 1315/1304/7411 1316/1352/7412 1327/1353/7413
f 1319/1154/7414 1328/1355/7415 1133/1317/7416
f 1340/1229/7417 1327/1353/7418 1298/1349/7419
f 1328/1355/7420 1327/1353/7421 1133/1317/7422
f 1318/1153/7423 1326/1351/7424 1328/1355/7425
f 1327/1353/7426 1328/1355/7427 1326/1351/7428
f 1103/1147/7429 1329/802/7430 910/1063/7431
f 917/824/7432 1329/802/7433 915/1148/7434
f 1331/1273/7435 1093/788/7436 751/1127/7437
f 1331/1273/7438 1345/1357/7439 1330/1173/7440
f 751/1127/7441 750/1358/7442 1331/1273/7443
f 1345/1357/7444 1331/1273/7445 750/1358/7446
f 806/882/7447 1332/794/7448 805/919/7449
f 969/795/7450 1332/794/7451 801/916/7452
f 1126/975/7453 1333/1195/7454 1095/1072/7455
f 1117/1291/7456 1333/1195/7457 1121/1293/7458
f 1127/1145/7459 1334/1295/7460 810/970/7461
f 1095/1072/7462 1334/1295/7463 1126/975/7464
f 1194/1190/7465 1335/1182/7466 979/1191/7467
f 976/1098/7468 1335/1182/7469 1195/1099/7470
f 1336/770/7471 1089/1269/7472 1220/1316/7473
f 835/1311/7474 1336/770/7475 1204/772/7476
f 1324/1220/7477 1338/1203/7478 1012/1010/7479
f 1216/1263/7480 1337/1205/7481 1218/1204/7482
f 998/1078/7483 1339/1208/7484 790/1209/7485
f 1012/1010/7486 1338/1203/7487 1337/1205/7488
f 1236/1221/7489 1339/1208/7490 995/1207/7491
f 790/1209/7492 1339/1208/7493 1338/1203/7494
f 1327/1353/7495 1340/1229/7496 1133/1317/7497
f 1302/1230/7498 1340/1229/7499 1298/1349/7500
f 1267/1243/7501 1341/1174/7502 1041/1248/7503
f 1039/1246/7504 1330/1173/7505 1341/1174/7506
f 1343/855/7507 750/1358/7508 749/856/7509
f 1343/855/7510 934/1162/7511 1342/1103/7512
f 934/1162/7513 1343/855/7514 1043/857/7515
f 1343/855/7516 1342/1103/7517 1345/1357/7518
f 1341/1174/7519 1344/1102/7520 1041/1248/7521
f 1345/1357/7522 1344/1102/7523 1330/1173/7524
f 1343/855/7525 1345/1357/7526 750/1358/7527
f 1345/1357/7528 1342/1103/7529 1344/1102/7530
f 1363/1359/7531 1461/1360/7532 1421/1361/7533
f 1534/1362/7534 1532/1363/7535 1388/1364/7536
f 703/1365/7537 1475/1366/7538 702/1367/7539
f 1560/1368/7540 701/1369/7541 702/1367/7542
f 1470/1370/7543 1353/1371/7544 1354/1372/7545
f 1466/1373/7546 1467/1374/7547 1426/1375/7548
f 1478/1376/7549 1563/1377/7550 1564/1378/7551
f 707/1379/7552 708/1380/7553 1510/1381/7554
f 1389/1382/7555 1390/1383/7556 1391/1384/7557
f 1559/1385/7558 1430/1386/7559 1476/1387/7560
f 1585/1388/7561 1586/1389/7562 1495/1390/7563
f 1407/1391/7564 1348/1392/7565 1349/1393/7566
f 698/1394/7567 1655/1395/7568 697/1396/7569
f 1488/1397/7570 1490/1398/7571 1577/1399/7572
f 701/1369/7573 1560/1368/7574 1562/1400/7575
f 1406/1401/7576 1348/1392/7577 1382/1402/7578
f 699/1403/7579 1567/1404/7580 698/1394/7581
f 1380/1405/7582 1379/1406/7583 1346/1407/7584
f 699/1403/7585 700/1408/7586 1565/1409/7587
f 1/1410/7588 688/1411/7589 1385/1412/7590
f 1461/1360/7591 1363/1359/7592 1364/1413/7593
f 1755/1414/7594 1756/1415/7595 1753/1416/7596
f 1560/1368/7597 1475/1366/7598 1477/1417/7599
f 1432/1418/7600 1741/1419/7601 1743/1420/7602
f 1412/1421/7603 1517/1422/7604 2013/1423/7605
f 1532/1363/7606 1462/1424/7607 1531/1425/7608
f 1379/1406/7609 717/1426/7610 718/1427/7611
f 1379/1406/7612 1381/1428/7613 717/1426/7614
f 1548/1429/7615 1549/1430/7616 1730/1431/7617
f 763/1432/7618 1543/1433/7619 1542/1434/7620
f 1381/1428/7621 1380/1405/7622 1378/1435/7623
f 1346/1407/7624 1379/1406/7625 718/1427/7626
f 1383/1436/7627 1704/1437/7628 1801/1438/7629
f 1442/1439/7630 715/1440/7631 716/1441/7632
f 1756/1415/7633 1755/1414/7634 1757/1442/7635
f 1486/1443/7636 1434/1444/7637 1485/1445/7638
f 1500/1446/7639 1444/1447/7640 1499/1448/7641
f 1499/1448/7642 709/1449/7643 710/1450/7644
f 1441/1451/7645 715/1440/7646 1442/1439/7647
f 1378/1435/7648 1406/1401/7649 1382/1402/7650
f 1441/1451/7651 714/1452/7652 715/1440/7653
f 1584/1453/7654 1583/1454/7655 746/1455/7656
f 714/1452/7657 1441/1451/7658 1596/1456/7659
f 1787/1457/7660 1502/1458/7661 1696/1459/7662
f 1594/1460/7663 1500/1446/7664 1593/1461/7665
f 1896/1462/7666 1608/1463/7667 1609/1464/7668
f 1511/1465/7669 1450/1466/7670 1510/1381/7671
f 1549/1430/7672 1473/1467/7673 1535/1468/7674
f 1558/1469/7675 1476/1387/7676 1557/1470/7677
f 1649/1471/7678 1650/1472/7679 1558/1469/7680
f 1379/1406/7681 1380/1405/7682 1381/1428/7683
f 1536/1473/7684 1631/1474/7685 1424/1475/7686
f 691/1476/7687 1454/1477/7688 690/1478/7689
f 2013/1423/7690 1517/1422/7691 1453/1479/7692
f 1585/1388/7693 750/1480/7694 751/1481/7695
f 1406/1401/7696 1378/1435/7697 1380/1405/7698
f 1577/1399/7699 694/1482/7700 695/1483/7701
f 1373/1484/7702 1513/1485/7703 1512/1486/7704
f 1602/1487/7705 734/1488/7706 735/1489/7707
f 1579/1490/7708 692/1491/7709 693/1492/7710
f 1/1410/7711 1385/1412/7712 1375/1493/7713
f 1522/1494/7714 1524/1495/7715 1615/1496/7716
f 1516/1497/7717 1517/1422/7718 1452/1498/7719
f 1397/1499/7720 1559/1385/7721 1731/1500/7722
f 1391/1384/7723 1388/1364/7724 1392/1501/7725
f 1375/1493/7726 1385/1412/7727 1453/1479/7728
f 1600/1502/7729 730/1503/7730 731/1504/7731
f 1512/1486/7732 1372/1505/7733 1373/1484/7734
f 1452/1498/7735 1373/1484/7736 1374/1506/7737
f 1533/1507/7738 1531/1425/7739 1462/1424/7740
f 1964/1508/7741 1963/1509/7742 1946/1510/7743
f 1546/1511/7744 1544/1512/7745 1470/1370/7746
f 1671/1513/7747 1577/1399/7748 1578/1514/7749
f 1571/1515/7750 1572/1516/7751 1486/1443/7752
f 1488/1397/7753 1489/1517/7754 1436/1518/7755
f 1619/1519/7756 1370/1520/7757 1521/1521/7758
f 1525/1522/7759 1526/1523/7760 1458/1524/7761
f 1687/1525/7762 1496/1526/7763 1686/1527/7764
f 1392/1501/7765 1422/1528/7766 1391/1384/7767
f 1418/1529/7768 1623/1530/7769 1621/1531/7770
f 1463/1532/7771 1725/1533/7772 1350/1534/7773
f 1590/1535/7774 1405/1536/7775 1378/1435/7776
f 1368/1537/7777 1525/1522/7778 1367/1538/7779
f 1661/1539/7780 1398/1540/7781 1658/1541/7782
f 1390/1383/7783 1388/1364/7784 1391/1384/7785
f 1724/1542/7786 1627/1543/7787 1365/1544/7788
f 1929/1545/7789 1937/1546/7790 1926/1547/7791
f 1661/1539/7792 1663/1548/7793 2057/1549/7794
f 1516/1497/7795 1452/1498/7796 1374/1506/7797
f 1391/1384/7798 1360/1550/7799 1389/1382/7800
f 1681/1551/7801 1684/1552/7802 1689/1553/7803
f 1361/1554/7804 1362/1555/7805 1389/1382/7806
f 1443/1556/7807 1591/1557/7808 1629/1558/7809
f 1361/1554/7810 1389/1382/7811 1360/1550/7812
f 1388/1364/7813 1390/1383/7814 1421/1361/7815
f 1980/1559/7816 1984/1560/7817 1959/1561/7818
f 1515/1562/7819 1372/1505/7820 1512/1486/7821
f 1803/1563/7822 1802/1564/7823 1695/1565/7824
f 1515/1562/7825 1612/1566/7826 1372/1505/7827
f 1530/1567/7828 1724/1542/7829 1623/1530/7830
f 1380/1405/7831 1347/1568/7832 1406/1401/7833
f 1353/1371/7834 1470/1370/7835 1544/1512/7836
f 1797/1569/7837 1703/1570/7838 1796/1571/7839
f 1579/1490/7840 1580/1572/7841 692/1491/7842
f 1407/1391/7843 1382/1402/7844 1348/1392/7845
f 1503/1573/7846 1505/1574/7847 1600/1502/7848
f 1728/1575/7849 1871/1576/7850 1816/1577/7851
f 1842/1578/7852 1920/1579/7853 1417/1580/7854
f 725/1581/7855 726/1582/7856 1393/1583/7857
f 1424/1475/7858 1463/1532/7859 1425/1584/7860
f 1869/1585/7861 1620/1586/7862 1416/1587/7863
f 1393/1583/7864 1352/1588/7865 725/1581/7866
f 1472/1589/7867 1473/1467/7868 1429/1590/7869
f 726/1582/7870 727/1591/7871 1464/1592/7872
f 728/1593/7873 1466/1373/7874 727/1591/7875
f 1465/1594/7876 1424/1475/7877 1425/1584/7878
f 1695/1565/7879 1408/1595/7880 1593/1461/7881
f 1362/1555/7882 1363/1359/7883 1390/1383/7884
f 1506/1596/7885 733/1597/7886 734/1488/7887
f 1390/1383/7888 1389/1382/7889 1362/1555/7890
f 1359/1598/7891 1360/1550/7892 1391/1384/7893
f 731/1504/7894 732/1599/7895 1503/1573/7896
f 1476/1387/7897 1430/1386/7898 1475/1366/7899
f 1497/1600/7900 1382/1402/7901 1407/1391/7902
f 1382/1402/7903 1497/1600/7904 1588/1601/7905
f 1508/1602/7906 1507/1603/7907 1602/1487/7908
f 710/1450/7909 711/1604/7910 1592/1605/7911
f 1351/1606/7912 1463/1532/7913 1350/1534/7914
f 1507/1603/7915 1603/1607/7916 1605/1608/7917
f 1697/1609/7918 1446/1610/7919 1504/1611/7920
f 1346/1407/7921 1347/1568/7922 1380/1405/7923
f 716/1441/7924 717/1426/7925 1381/1428/7926
f 1480/1612/7927 1483/1613/7928 1433/1614/7929
f 737/1615/7930 738/1616/7931 1480/1612/7932
f 1519/1617/7933 688/1411/7934 689/1618/7935
f 1509/1619/7936 737/1615/7937 1484/1620/7938
f 1768/1621/7939 1771/1622/7940 1774/1623/7941
f 1405/1536/7942 1381/1428/7943 1378/1435/7944
f 1485/1445/7945 740/1624/7946 741/1625/7947
f 1760/1626/7948 1664/1627/7949 1481/1628/7950
f 1434/1444/7951 1486/1443/7952 1573/1629/7953
f 1671/1513/7954 693/1492/7955 694/1482/7956
f 1584/1453/7957 1492/1630/7958 1494/1631/7959
f 1554/1632/7960 1556/1633/7961 1552/1634/7962
f 1370/1520/7963 1371/1635/7964 1521/1521/7965
f 1670/1636/7966 1435/1637/7967 1665/1638/7968
f 1529/1639/7969 1365/1544/7970 1366/1640/7971
f 1572/1516/7972 1665/1638/7973 1666/1641/7974
f 1422/1528/7975 1358/1642/7976 1359/1598/7977
f 1569/1643/7978 1481/1628/7979 1568/1644/7980
f 712/1645/7981 1501/1646/7982 711/1604/7983
f 1573/1629/7984 1762/1647/7985 1399/1648/7986
f 1582/1649/7987 1493/1650/7988 1581/1651/7989
f 1393/1583/7990 1425/1584/7991 1352/1588/7992
f 1493/1650/7993 1439/1652/7994 1492/1630/7995
f 1422/1528/7996 1423/1653/7997 1358/1642/7998
f 1606/1654/7999 1800/1655/8000 1599/1656/8001
f 1637/1657/8002 1639/1658/8003 1643/1659/8004
f 1586/1389/8005 1780/1660/8006 1686/1527/8007
f 695/1483/8008 696/1661/8009 1488/1397/8010
f 1584/1453/8011 746/1455/8012 747/1662/8013
f 1685/1663/8014 1495/1390/8015 1586/1389/8016
f 2043/1664/8017 1941/1665/8018 2042/1666/8019
f 1535/1468/8020 1423/1653/8021 1533/1507/8022
f 1544/1512/8023 1471/1667/8024 766/1668/8025
f 1405/1536/8026 1404/1669/8027 1442/1439/8028
f 1427/1670/8029 1428/1671/8030 1474/1672/8031
f 1355/1673/8032 1472/1589/8033 1354/1372/8034
f 1458/1524/8035 1865/1674/8036 1864/1675/8037
f 1353/1371/8038 1396/1676/8039 767/1677/8040
f 1363/1359/8041 1421/1361/8042 1390/1383/8043
f 1467/1374/8044 1540/1678/8045 1541/1679/8046
f 767/1677/8047 1396/1676/8048 766/1668/8049
f 2010/1680/8050 2032/1681/8051 1927/1682/8052
f 1534/1362/8053 1421/1361/8054 1420/1683/8055
f 748/1684/8056 1492/1630/8057 747/1662/8058
f 1348/1392/8059 1406/1401/8060 1347/1568/8061
f 1768/1621/8062 1774/1623/8063 1402/1685/8064
f 1782/1686/8065 1807/1687/8066 1459/1688/8067
f 755/1689/8068 756/1690/8069 1528/1691/8070
f 1890/1692/8071 1935/1693/8072 1938/1694/8073
f 1454/1477/8074 1611/1695/8075 690/1478/8076
f 758/1696/8077 759/1697/8078 1615/1496/8079
f 1540/1678/8080 728/1593/8081 729/1698/8082
f 1527/1699/8083 1622/1700/8084 1525/1522/8085
f 758/1696/8086 1615/1496/8087 1617/1701/8088
f 1508/1602/8089 735/1489/8090 736/1702/8091
f 760/1703/8092 1522/1494/8093 759/1697/8094
f 1543/1433/8095 1468/1704/8096 1469/1705/8097
f 1468/1704/8098 764/1706/8099 765/1707/8100
f 1531/1425/8101 1423/1653/8102 1392/1501/8103
f 1423/1653/8104 1422/1528/8105 1392/1501/8106
f 763/1432/8107 764/1706/8108 1543/1433/8109
f 1464/1592/8110 1393/1583/8111 726/1582/8112
f 1351/1606/8113 1352/1588/8114 1425/1584/8115
f 1357/1708/8116 1358/1642/8117 1423/1653/8118
f 1631/1474/8119 1536/1473/8120 1537/1709/8121
f 1636/1710/8122 1640/1711/8123 1542/1434/8124
f 1522/1494/8125 1523/1712/8126 1715/1713/8127
f 1535/1468/8128 1533/1507/8129 1419/1714/8130
f 1464/1592/8131 1425/1584/8132 1393/1583/8133
f 1692/1715/8134 1693/1716/8135 1785/1717/8136
f 1542/1434/8137 1635/1718/8138 762/1719/8139
f 1391/1384/8140 1422/1528/8141 1359/1598/8142
f 1538/1720/8143 1536/1473/8144 1465/1594/8145
f 716/1441/8146 1381/1428/8147 1405/1536/8148
f 765/1707/8149 766/1668/8150 1471/1667/8151
f 1534/1362/8152 1624/1721/8153 1625/1722/8154
f 1428/1671/8155 1427/1670/8156 1468/1704/8157
f 1472/1589/8158 1355/1673/8159 1545/1723/8160
f 1551/1724/8161 1474/1672/8162 1547/1725/8163
f 1557/1470/8164 703/1365/8165 704/1726/8166
f 1397/1499/8167 1561/1727/8168 1430/1386/8169
f 1563/1377/8170 705/1728/8171 706/1729/8172
f 1431/1730/8173 1649/1471/8174 1747/1731/8175
f 1741/1419/8176 2068/1732/8177 1738/1733/8178
f 1752/1734/8179 1908/1735/8180 1910/1736/8181
f 1480/1612/8182 1568/1644/8183 1483/1613/8184
f 1657/1737/8185 1570/1738/8186 1659/1739/8187
f 1571/1515/8188 741/1625/8189 742/1740/8190
f 1658/1541/8191 1433/1614/8192 1660/1741/8193
f 1574/1742/8194 743/1743/8195 744/1744/8196
f 1670/1636/8197 1838/1745/8198 1435/1637/8199
f 1576/1746/8200 1488/1397/8201 696/1661/8202
f 2053/1747/8203 1674/1748/8204 1672/1749/8205
f 699/1403/8206 1565/1409/8207 1567/1404/8208
f 1879/1750/8209 1432/1418/8210 1743/1420/8211
f 1438/1751/8212 1672/1749/8213 1674/1748/8214
f 1676/1752/8215 1675/1753/8216 2016/1754/8217
f 1581/1651/8218 1492/1630/8219 748/1684/8220
f 1832/1755/8221 1835/1756/8222 1765/1757/8223
f 1768/1621/8224 1770/1758/8225 1840/1759/8226
f 1683/1760/8227 1493/1650/8228 1582/1649/8229
f 1588/1601/8230 1378/1435/8231 1382/1402/8232
f 1404/1669/8233 1589/1761/8234 1441/1451/8235
f 1405/1536/8236 1442/1439/8237 716/1441/8238
f 1441/1451/8239 1442/1439/8240 1404/1669/8241
f 1849/1762/8242 1891/1763/8243 1791/1764/8244
f 1378/1435/8245 1588/1601/8246 1590/1535/8247
f 1608/1463/8248 1712/1765/8249 1711/1766/8250
f 1450/1466/8251 1511/1465/8252 1711/1766/8253
f 713/1767/8254 1595/1768/8255 712/1645/8256
f 1501/1646/8257 1502/1458/8258 1445/1769/8259
f 1598/1770/8260 732/1599/8261 733/1597/8262
f 1634/1771/8263 1700/1772/8264 1601/1773/8265
f 1601/1773/8266 1789/1774/8267 1790/1775/8268
f 1539/1776/8269 1632/1777/8270 1633/1778/8271
f 1697/1609/8272 1698/1779/8273 1788/1780/8274
f 1504/1611/8275 1446/1610/8276 1503/1573/8277
f 1484/1620/8278 737/1615/8279 1480/1612/8280
f 1433/1614/8281 1657/1737/8282 1482/1781/8283
f 708/1380/8284 709/1449/8285 1607/1782/8286
f 1746/1783/8287 2060/1784/8288 2061/1785/8289
f 1412/1421/8290 2012/1786/8291 2015/1787/8292
f 1900/1788/8293 1862/1789/8294 1899/1790/8295
f 1375/1493/8296 1453/1479/8297 1516/1497/8298
f 1412/1421/8299 1989/1791/8300 1513/1485/8301
f 1519/1617/8302 1385/1412/8303 688/1411/8304
f 1610/1792/8305 1518/1793/8306 1611/1695/8307
f 1677/1794/8308 692/1491/8309 1580/1572/8310
f 1518/1793/8311 1610/1792/8312 2012/1786/8313
f 1949/1795/8314 1948/1796/8315 1905/1797/8316
f 1865/1674/8317 1811/1798/8318 1721/1799/8319
f 1613/1800/8320 760/1703/8321 761/1801/8322
f 1524/1495/8323 1522/1494/8324 1716/1802/8325
f 2005/1803/8326 1953/1804/8327 1979/1805/8328
f 1920/1579/8329 1842/1578/8330 1918/1806/8331
f 1618/1807/8332 1525/1522/8333 1368/1537/8334
f 1620/1586/8335 1418/1529/8336 1621/1531/8337
f 1860/1808/8338 757/1809/8339 1617/1701/8340
f 1890/1692/8341 1945/1810/8342 1934/1811/8343
f 1366/1640/8344 1367/1538/8345 1622/1700/8346
f 1460/1812/8347 1621/1531/8348 1623/1530/8349
f 1627/1543/8350 1461/1360/8351 1364/1413/8352
f 1421/1361/8353 1461/1360/8354 1420/1683/8355
f 1392/1501/8356 1532/1363/8357 1531/1425/8358
f 1648/1813/8359 1730/1431/8360 2050/1814/8361
f 1425/1584/8362 1463/1532/8363 1351/1606/8364
f 1631/1474/8365 1463/1532/8366 1424/1475/8367
f 1466/1373/8368 1464/1592/8369 727/1591/8370
f 1465/1594/8371 1464/1592/8372 1426/1375/8373
f 1464/1592/8374 1465/1594/8375 1425/1584/8376
f 1426/1375/8377 1538/1720/8378 1465/1594/8379
f 1466/1373/8380 728/1593/8381 1540/1678/8382
f 1464/1592/8383 1466/1373/8384 1426/1375/8385
f 1541/1679/8386 729/1698/8387 730/1503/8388
f 1538/1720/8389 1426/1375/8390 1632/1777/8391
f 1468/1704/8392 765/1707/8393 1471/1667/8394
f 1468/1704/8395 1427/1670/8396 1469/1705/8397
f 1395/1815/8398 1554/1632/8399 1551/1724/8400
f 1469/1705/8401 1636/1710/8402 1542/1434/8403
f 1472/1589/8404 1470/1370/8405 1354/1372/8406
f 1428/1671/8407 1546/1511/8408 1474/1672/8409
f 1544/1512/8410 766/1668/8411 1396/1676/8412
f 1468/1704/8413 1471/1667/8414 1428/1671/8415
f 1545/1723/8416 1355/1673/8417 1356/1816/8418
f 1472/1589/8419 1429/1590/8420 1546/1511/8421
f 1356/1816/8422 1357/1708/8423 1628/1817/8424
f 1547/1725/8425 1429/1590/8426 1550/1818/8427
f 1428/1671/8428 1544/1512/8429 1546/1511/8430
f 1474/1672/8431 1546/1511/8432 1547/1725/8433
f 1475/1366/8434 703/1365/8435 1557/1470/8436
f 1477/1417/8437 1475/1366/8438 1430/1386/8439
f 1558/1469/8440 704/1726/8441 705/1728/8442
f 1430/1386/8443 1559/1385/8444 1397/1499/8445
f 1561/1727/8446 1477/1417/8447 1430/1386/8448
f 1822/1819/8449 1733/1820/8450 1740/1821/8451
f 1653/1822/8452 706/1729/8453 707/1379/8454
f 1744/1823/8455 1654/1824/8456 1745/1825/8457
f 1562/1400/8458 700/1408/8459 701/1369/8460
f 1743/1420/8461 1880/1826/8462 1879/1750/8463
f 1568/1644/8464 738/1616/8465 739/1827/8466
f 1482/1781/8467 1480/1612/8468 1433/1614/8469
f 1569/1643/8470 739/1827/8471 740/1624/8472
f 1758/1828/8473 1656/1829/8474 1760/1626/8475
f 1658/1541/8476 1570/1738/8477 1657/1737/8478
f 1449/1830/8479 1508/1602/8480 1509/1619/8481
f 1568/1644/8482 1480/1612/8483 738/1616/8484
f 1660/1741/8485 1483/1613/8486 1481/1628/8487
f 1480/1612/8488 1482/1781/8489 1484/1620/8490
f 1484/1620/8491 1482/1781/8492 1509/1619/8493
f 1485/1445/8494 741/1625/8495 1571/1515/8496
f 1485/1445/8497 1434/1444/8498 1758/1828/8499
f 1572/1516/8500 742/1740/8501 743/1743/8502
f 1573/1629/8503 1399/1648/8504 1759/1831/8505
f 745/1832/8506 1668/1833/8507 744/1744/8508
f 1575/1834/8509 1487/1835/8510 1574/1742/8511
f 1576/1746/8512 696/1661/8513 697/1396/8514
f 1488/1397/8515 1436/1518/8516 1490/1398/8517
f 1655/1395/8518 698/1394/8519 1750/1836/8520
f 1489/1517/8521 1753/1416/8522 1756/1415/8523
f 1401/1837/8524 2078/1838/8525 2090/1839/8526
f 2025/1840/8527 1438/1751/8528 2026/1841/8529
f 2031/1842/8530 2034/1843/8531 2029/1844/8532
f 1413/1845/8533 1610/1792/8534 1676/1752/8535
f 1581/1651/8536 748/1684/8537 749/1846/8538
f 1439/1652/8539 2071/1847/8540 1492/1630/8541
f 1582/1649/8542 749/1846/8543 750/1480/8544
f 1683/1760/8545 1680/1848/8546 1682/1849/8547
f 1770/1758/8548 1772/1850/8549 2071/1847/8550
f 1837/1851/8551 1670/1636/8552 1669/1852/8553
f 1586/1389/8554 751/1481/8555 752/1853/8556
f 1495/1390/8557 1678/1854/8558 1582/1649/8559
f 1691/1855/8560 753/1856/8561 754/1857/8562
f 1843/1858/8563 1841/1859/8564 1783/1860/8565
f 1537/1709/8566 1630/1861/8567 1631/1474/8568
f 1590/1535/8569 1591/1557/8570 1498/1862/8571
f 1792/1863/8572 1539/1776/8573 1447/1864/8574
f 1502/1458/8575 1596/1456/8576 1696/1459/8577
f 1499/1448/8578 710/1450/8579 1592/1605/8580
f 1511/1465/8581 1499/1448/8582 1444/1447/8583
f 1500/1446/8584 1592/1605/8585 1501/1646/8586
f 1593/1461/8587 1500/1446/8588 1445/1769/8589
f 1501/1646/8590 712/1645/8591 1595/1768/8592
f 1500/1446/8593 1501/1646/8594 1445/1769/8595
f 1596/1456/8596 1502/1458/8597 1595/1768/8598
f 1441/1451/8599 1597/1865/8600 1596/1456/8601
f 1503/1573/8602 732/1599/8603 1598/1770/8604
f 1503/1573/8605 1446/1610/8606 1700/1772/8607
f 1504/1611/8608 1598/1770/8609 1506/1596/8610
f 1504/1611/8611 1448/1866/8612 1699/1867/8613
f 1788/1780/8614 1601/1773/8615 1700/1772/8616
f 1633/1778/8617 1541/1679/8618 1634/1771/8619
f 1506/1596/8620 734/1488/8621 1602/1487/8622
f 1504/1611/8623 1506/1596/8624 1448/1866/8625
f 1603/1607/8626 1507/1603/8627 1449/1830/8628
f 1506/1596/8629 1507/1603/8630 1448/1866/8631
f 1509/1619/8632 1508/1602/8633 736/1702/8634
f 1507/1603/8635 1508/1602/8636 1449/1830/8637
f 1509/1619/8638 736/1702/8639 737/1615/8640
f 1449/1830/8641 1509/1619/8642 1482/1781/8643
f 1510/1381/8644 708/1380/8645 1607/1782/8646
f 1510/1381/8647 1450/1466/8648 1744/1823/8649
f 1511/1465/8650 1607/1782/8651 1499/1448/8652
f 1511/1465/8653 1444/1447/8654 1713/1868/8655
f 1513/1485/8656 1373/1484/8657 1452/1498/8658
f 1961/1869/8659 1515/1562/8660 1512/1486/8661
f 1412/1421/8662 1513/1485/8663 1452/1498/8664
f 1451/1870/8665 1512/1486/8666 1513/1485/8667
f 1514/1871/8668 1946/1510/8669 1900/1788/8670
f 1612/1566/8671 1455/1872/8672 1521/1521/8673
f 1961/1869/8674 1512/1486/8675 1451/1870/8676
f 1515/1562/8677 1514/1871/8678 1612/1566/8679
f 1375/1493/8680 1516/1497/8681 1374/1506/8682
f 1517/1422/8683 1516/1497/8684 1453/1479/8685
f 1453/1479/8686 1518/1793/8687 2013/1423/8688
f 1452/1498/8689 1517/1422/8690 1412/1421/8691
f 1453/1479/8692 1519/1617/8693 1520/1873/8694
f 1676/1752/8695 1610/1792/8696 1454/1477/8697
f 1520/1873/8698 1519/1617/8699 689/1618/8700
f 1385/1412/8701 1519/1617/8702 1453/1479/8703
f 690/1478/8704 1520/1873/8705 689/1618/8706
f 1453/1479/8707 1520/1873/8708 1518/1793/8709
f 1612/1566/8710 1521/1521/8711 1371/1635/8712
f 1618/1807/8713 1619/1519/8714 1526/1523/8715
f 1522/1494/8716 760/1703/8717 1613/1800/8718
f 1522/1494/8719 1456/1874/8720 1716/1802/8721
f 1542/1434/8722 762/1719/8723 763/1432/8724
f 1522/1494/8725 1715/1713/8726 1456/1874/8727
f 1714/1875/8728 1616/1876/8729 1716/1802/8730
f 758/1696/8731 1617/1701/8732 757/1809/8733
f 1618/1807/8734 1368/1537/8735 1369/1877/8736
f 1527/1699/8737 1525/1522/8738 1458/1524/8739
f 1369/1877/8740 1370/1520/8741 1619/1519/8742
f 1861/1878/8743 1811/1798/8744 1619/1519/8745
f 1527/1699/8746 1458/1524/8747 1722/1879/8748
f 1529/1639/8749 1622/1700/8750 1460/1812/8751
f 1860/1808/8752 1718/1880/8753 1808/1881/8754
f 1807/1687/8755 1782/1686/8756 1528/1691/8757
f 1529/1639/8758 1366/1640/8759 1622/1700/8760
f 1724/1542/8761 1529/1639/8762 1460/1812/8763
f 1866/1882/8764 1867/1883/8765 1814/1884/8766
f 1627/1543/8767 1530/1567/8768 1420/1683/8769
f 1532/1363/8770 1392/1501/8771 1388/1364/8772
f 1462/1424/8773 2050/1814/8774 1533/1507/8775
f 1388/1364/8776 1421/1361/8777 1534/1362/8778
f 1462/1424/8779 1532/1363/8780 1625/1722/8781
f 1549/1430/8782 1419/1714/8783 1730/1431/8784
f 1423/1653/8785 1531/1425/8786 1533/1507/8787
f 1420/1683/8788 1530/1567/8789 1534/1362/8790
f 1530/1567/8791 1623/1530/8792 1723/1885/8793
f 1473/1467/8794 1545/1723/8795 1628/1817/8796
f 1535/1468/8797 1628/1817/8798 1423/1653/8799
f 1536/1473/8800 1394/1886/8801 1892/1887/8802
f 1424/1475/8803 1465/1594/8804 1536/1473/8805
f 1849/1762/8806 1892/1887/8807 1891/1763/8808
f 1630/1861/8809 1497/1600/8810 1407/1391/8811
f 1632/1777/8812 1426/1375/8813 1467/1374/8814
f 1536/1473/8815 1538/1720/8816 1394/1886/8817
f 1790/1775/8818 1792/1863/8819 1447/1864/8820
f 1538/1720/8821 1539/1776/8822 1891/1763/8823
f 1541/1679/8824 1540/1678/8825 729/1698/8826
f 1466/1373/8827 1540/1678/8828 1467/1374/8829
f 1600/1502/8830 1541/1679/8831 730/1503/8832
f 1634/1771/8833 1541/1679/8834 1505/1574/8835
f 1553/1888/8836 1427/1670/8837 1551/1724/8838
f 1635/1718/8839 1523/1712/8840 1613/1800/8841
f 1468/1704/8842 1543/1433/8843 764/1706/8844
f 1542/1434/8845 1543/1433/8846 1469/1705/8847
f 1471/1667/8848 1544/1512/8849 1428/1671/8850
f 1353/1371/8851 1544/1512/8852 1396/1676/8853
f 1545/1723/8854 1356/1816/8855 1628/1817/8856
f 1472/1589/8857 1545/1723/8858 1473/1467/8859
f 1472/1589/8860 1546/1511/8861 1470/1370/8862
f 1547/1725/8863 1546/1511/8864 1429/1590/8865
f 1473/1467/8866 1549/1430/8867 1550/1818/8868
f 1551/1724/8869 1547/1725/8870 1395/1815/8871
f 1555/1889/8872 1556/1633/8873 1729/1890/8874
f 1547/1725/8875 1548/1429/8876 1820/1891/8877
f 1419/1714/8878 1549/1430/8879 1535/1468/8880
f 1550/1818/8881 1549/1430/8882 1548/1429/8883
f 1547/1725/8884 1550/1818/8885 1548/1429/8886
f 1473/1467/8887 1550/1818/8888 1429/1590/8889
f 1554/1632/8890 1553/1888/8891 1551/1724/8892
f 1427/1670/8893 1474/1672/8894 1551/1724/8895
f 1729/1890/8896 1820/1891/8897 1730/1431/8898
f 1614/1892/8899 1415/1893/8900 1714/1875/8901
f 1636/1710/8902 1553/1888/8903 1552/1634/8904
f 1469/1705/8905 1427/1670/8906 1553/1888/8907
f 1648/1813/8908 1813/1894/8909 1729/1890/8910
f 1552/1634/8911 1553/1888/8912 1554/1632/8913
f 1646/1895/8914 1647/1896/8915 1815/1897/8916
f 1614/1892/8917 1644/1898/8918 1415/1893/8919
f 1819/1899/8920 1554/1632/8921 1395/1815/8922
f 1644/1898/8923 1642/1900/8924 1637/1657/8925
f 1558/1469/8926 1557/1470/8927 704/1726/8928
f 1475/1366/8929 1557/1470/8930 1476/1387/8931
f 1563/1377/8932 1558/1469/8933 705/1728/8934
f 1649/1471/8935 1558/1469/8936 1478/1376/8937
f 1650/1472/8938 1559/1385/8939 1476/1387/8940
f 1732/1901/8941 1651/1902/8942 1731/1500/8943
f 1475/1366/8944 1560/1368/8945 702/1367/8946
f 1562/1400/8947 1560/1368/8948 1477/1417/8949
f 1733/1820/8950 1561/1727/8951 1397/1499/8952
f 1821/1903/8953 1562/1400/8954 1477/1417/8955
f 1561/1727/8956 1822/1819/8957 1821/1903/8958
f 1562/1400/8959 2070/1904/8960 1565/1409/8961
f 1563/1377/8962 706/1729/8963 1653/1822/8964
f 1558/1469/8965 1563/1377/8966 1478/1376/8967
f 1564/1378/8968 1653/1822/8969 1510/1381/8970
f 1712/1765/8971 1654/1824/8972 1744/1823/8973
f 1562/1400/8974 1565/1409/8975 700/1408/8976
f 1479/1905/8977 1566/1906/8978 1567/1404/8979
f 2069/1907/8980 1479/1905/8981 2068/1732/8982
f 1753/1416/8983 1655/1395/8984 1751/1908/8985
f 1479/1905/8986 1567/1404/8987 1565/1409/8988
f 1567/1404/8989 1566/1906/8990 1750/1836/8991
f 1569/1643/8992 1568/1644/8993 739/1827/8994
f 1483/1613/8995 1568/1644/8996 1481/1628/8997
f 1485/1445/8998 1569/1643/8999 740/1624/9000
f 1758/1828/9001 1759/1831/9002 1656/1829/9003
f 1895/1909/9004 1749/1910/9005 1882/1911/9006
f 1449/1830/9007 1604/1912/9008 1603/1607/9009
f 1572/1516/9010 1571/1515/9011 742/1740/9012
f 1485/1445/9013 1571/1515/9014 1486/1443/9015
f 1574/1742/9016 1572/1516/9017 743/1743/9018
f 1665/1638/9019 1572/1516/9020 1487/1835/9021
f 1666/1641/9022 1573/1629/9023 1486/1443/9024
f 1763/1913/9025 1667/1914/9026 1762/1647/9027
f 1574/1742/9028 744/1744/9029 1668/1833/9030
f 1572/1516/9031 1574/1742/9032 1487/1835/9033
f 746/1455/9034 1583/1454/9035 745/1832/9036
f 1764/1915/9037 1765/1757/9038 1669/1852/9039
f 1655/1395/9040 1576/1746/9041 697/1396/9042
f 1488/1397/9043 1576/1746/9044 1489/1517/9045
f 1488/1397/9046 1577/1399/9047 695/1483/9048
f 1578/1514/9049 1577/1399/9050 1490/1398/9051
f 1672/1749/9052 1578/1514/9053 1490/1398/9054
f 1579/1490/9055 1578/1514/9056 1491/1916/9057
f 1579/1490/9058 693/1492/9059 1671/1513/9060
f 1580/1572/9061 1579/1490/9062 1491/1916/9063
f 1580/1572/9064 1491/1916/9065 1767/1917/9066
f 1677/1794/9067 1454/1477/9068 691/1476/9069
f 1582/1649/9070 1581/1651/9071 749/1846/9072
f 1492/1630/9073 1581/1651/9074 1493/1650/9075
f 1585/1388/9076 1582/1649/9077 750/1480/9078
f 1678/1854/9079 1495/1390/9080 1440/1918/9081
f 1765/1757/9082 1829/1919/9083 1832/1755/9084
f 1668/1833/9085 1583/1454/9086 1575/1834/9087
f 1492/1630/9088 1584/1453/9089 747/1662/9090
f 1583/1454/9091 1584/1453/9092 1494/1631/9093
f 1586/1389/9094 1585/1388/9095 751/1481/9096
f 1582/1649/9097 1585/1388/9098 1495/1390/9099
f 1780/1660/9100 753/1856/9101 1687/1525/9102
f 1495/1390/9103 1685/1663/9104 1440/1918/9105
f 1528/1691/9106 1785/1717/9107 755/1689/9108
f 1841/1859/9109 1692/1715/9110 1782/1686/9111
f 1497/1600/9112 1629/1558/9113 1591/1557/9114
f 1591/1557/9115 1590/1535/9116 1588/1601/9117
f 1405/1536/9118 1590/1535/9119 1404/1669/9120
f 1589/1761/9121 1498/1862/9122 1597/1865/9123
f 1498/1862/9124 1589/1761/9125 1590/1535/9126
f 1590/1535/9127 1589/1761/9128 1404/1669/9129
f 1497/1600/9130 1591/1557/9131 1588/1601/9132
f 1591/1557/9133 1443/1556/9134 1847/1920/9135
f 1501/1646/9136 1592/1605/9137 711/1604/9138
f 1499/1448/9139 1592/1605/9140 1500/1446/9141
f 1696/1459/9142 1694/1921/9143 1787/1457/9144
f 1594/1460/9145 1593/1461/9146 1408/1595/9147
f 1594/1460/9148 1408/1595/9149 1609/1464/9150
f 1500/1446/9151 1594/1460/9152 1444/1447/9153
f 1596/1456/9154 1595/1768/9155 713/1767/9156
f 1501/1646/9157 1595/1768/9158 1502/1458/9159
f 714/1452/9160 1596/1456/9161 713/1767/9162
f 1441/1451/9163 1589/1761/9164 1597/1865/9165
f 1786/1922/9166 1847/1920/9167 1893/1923/9168
f 1596/1456/9169 1597/1865/9170 1696/1459/9171
f 1506/1596/9172 1598/1770/9173 733/1597/9174
f 1503/1573/9175 1598/1770/9176 1504/1611/9177
f 1606/1654/9178 1448/1866/9179 1605/1608/9180
f 1606/1654/9181 1599/1656/9182 1699/1867/9183
f 1503/1573/9184 1600/1502/9185 731/1504/9186
f 1541/1679/9187 1600/1502/9188 1505/1574/9189
f 1789/1774/9190 1601/1773/9191 1409/1924/9192
f 1634/1771/9193 1601/1773/9194 1447/1864/9195
f 1508/1602/9196 1602/1487/9197 735/1489/9198
f 1506/1596/9199 1602/1487/9200 1507/1603/9201
f 1482/1781/9202 1659/1739/9203 1449/1830/9204
f 1605/1608/9205 1603/1607/9206 1410/1925/9207
f 1659/1739/9208 1851/1926/9209 1604/1912/9210
f 1410/1925/9211 1603/1607/9212 1604/1912/9213
f 1605/1608/9214 1410/1925/9215 1606/1654/9216
f 1507/1603/9217 1605/1608/9218 1448/1866/9219
f 1796/1571/9220 1606/1654/9221 1410/1925/9222
f 1796/1571/9223 1703/1570/9224 1801/1438/9225
f 1499/1448/9226 1607/1782/9227 709/1449/9228
f 1510/1381/9229 1607/1782/9230 1511/1465/9231
f 1609/1464/9232 1444/1447/9233 1594/1460/9234
f 1609/1464/9235 1608/1463/9236 1713/1868/9237
f 1695/1565/9238 1802/1564/9239 1408/1595/9240
f 1383/1436/9241 1898/1927/9242 1710/1928/9243
f 2012/1786/9244 1610/1792/9245 1413/1845/9246
f 1611/1695/9247 1518/1793/9248 1520/1873/9249
f 1610/1792/9250 1611/1695/9251 1454/1477/9252
f 1520/1873/9253 690/1478/9254 1611/1695/9255
f 1612/1566/9256 1371/1635/9257 1372/1505/9258
f 1455/1872/9259 1612/1566/9260 1514/1871/9261
f 1635/1718/9262 1613/1800/9263 761/1801/9264
f 1522/1494/9265 1613/1800/9266 1523/1712/9267
f 1640/1711/9268 1642/1900/9269 1726/1929/9270
f 1635/1718/9271 1726/1929/9272 1523/1712/9273
f 1522/1494/9274 1615/1496/9275 759/1697/9276
f 1617/1701/9277 1615/1496/9278 1524/1495/9279
f 1979/1805/9280 1616/1876/9281 1415/1893/9282
f 1457/1930/9283 1717/1931/9284 1616/1876/9285
f 1717/1931/9286 1617/1701/9287 1524/1495/9288
f 1459/1688/9289 1918/1806/9290 1842/1578/9291
f 1619/1519/9292 1618/1807/9293 1369/1877/9294
f 1525/1522/9295 1618/1807/9296 1526/1523/9297
f 1521/1521/9298 1455/1872/9299 1719/1932/9300
f 1455/1872/9301 1899/1790/9302 1861/1878/9303
f 1620/1586/9304 1722/1879/9305 1864/1675/9306
f 1814/1884/9307 1869/1585/9308 1902/1933/9309
f 1460/1812/9310 1527/1699/9311 1621/1531/9312
f 1621/1531/9313 1527/1699/9314 1722/1879/9315
f 1525/1522/9316 1622/1700/9317 1367/1538/9318
f 1622/1700/9319 1527/1699/9320 1460/1812/9321
f 1723/1885/9322 1623/1530/9323 1418/1529/9324
f 1724/1542/9325 1530/1567/9326 1627/1543/9327
f 2051/1934/9328 1625/1722/9329 1626/1935/9330
f 1530/1567/9331 1723/1885/9332 1534/1362/9333
f 1534/1362/9334 1625/1722/9335 1532/1363/9336
f 1626/1935/9337 1625/1722/9338 1624/1721/9339
f 1867/1883/9340 1626/1935/9341 1624/1721/9342
f 2052/1936/9343 2050/1814/9344 2051/1934/9345
f 1461/1360/9346 1627/1543/9347 1420/1683/9348
f 1365/1544/9349 1627/1543/9350 1364/1413/9351
f 1423/1653/9352 1628/1817/9353 1357/1708/9354
f 1628/1817/9355 1535/1468/9356 1473/1467/9357
f 1630/1861/9358 1629/1558/9359 1497/1600/9360
f 1537/1709/9361 1892/1887/9362 1629/1558/9363
f 1349/1393/9364 1725/1533/9365 1407/1391/9366
f 1629/1558/9367 1630/1861/9368 1537/1709/9369
f 1630/1861/9370 1407/1391/9371 1725/1533/9372
f 1631/1474/9373 1725/1533/9374 1463/1532/9375
f 1633/1778/9376 1632/1777/9377 1467/1374/9378
f 1538/1720/9379 1632/1777/9380 1539/1776/9381
f 1541/1679/9382 1633/1778/9383 1467/1374/9384
f 1539/1776/9385 1633/1778/9386 1447/1864/9387
f 1634/1771/9388 1505/1574/9389 1700/1772/9390
f 1633/1778/9391 1634/1771/9392 1447/1864/9393
f 762/1719/9394 1635/1718/9395 761/1801/9396
f 1638/1937/9397 1640/1711/9398 1636/1710/9399
f 1553/1888/9400 1636/1710/9401 1469/1705/9402
f 1552/1634/9403 1638/1937/9404 1636/1710/9405
f 1638/1937/9406 1552/1634/9407 1639/1658/9408
f 1637/1657/9409 1638/1937/9410 1639/1658/9411
f 1639/1658/9412 1552/1634/9413 1556/1633/9414
f 1640/1711/9415 1638/1937/9416 1637/1657/9417
f 1555/1889/9418 1645/1938/9419 1556/1633/9420
f 1728/1575/9421 1816/1577/9422 1647/1896/9423
f 1642/1900/9424 1640/1711/9425 1637/1657/9426
f 1542/1434/9427 1640/1711/9428 1635/1718/9429
f 1643/1659/9430 1639/1658/9431 1645/1938/9432
f 1641/1939/9433 1816/1577/9434 1871/1576/9435
f 1644/1898/9436 1637/1657/9437 1643/1659/9438
f 1614/1892/9439 1715/1713/9440 1726/1929/9441
f 1639/1658/9442 1556/1633/9443 1645/1938/9444
f 1642/1900/9445 1644/1898/9446 1614/1892/9447
f 1643/1659/9448 1641/1939/9449 1644/1898/9450
f 1644/1898/9451 1641/1939/9452 1994/1940/9453
f 1645/1938/9454 1555/1889/9455 1647/1896/9456
f 1643/1659/9457 1645/1938/9458 1816/1577/9459
f 1815/1897/9460 1647/1896/9461 1812/1941/9462
f 1872/1942/9463 1817/1943/9464 1386/1944/9465
f 1812/1941/9466 1647/1896/9467 1555/1889/9468
f 1647/1896/9469 1646/1895/9470 1728/1575/9471
f 1419/1714/9472 1533/1507/9473 2050/1814/9474
f 2052/1936/9475 1727/1945/9476 1813/1894/9477
f 1747/1731/9478 1478/1376/9479 1745/1825/9480
f 1650/1472/9481 1649/1471/9482 1431/1730/9483
f 1650/1472/9484 1431/1730/9485 1732/1901/9486
f 1476/1387/9487 1558/1469/9488 1650/1472/9489
f 2060/1784/9490 1746/1783/9491 1884/1946/9492
f 1737/1947/9493 1734/1948/9494 1735/1949/9495
f 1733/1820/9496 1739/1950/9497 1652/1951/9498
f 1873/1952/9499 1880/1826/9500 1743/1420/9501
f 1510/1381/9502 1653/1822/9503 707/1379/9504
f 1563/1377/9505 1653/1822/9506 1564/1378/9507
f 1746/1783/9508 1748/1953/9509 1749/1910/9510
f 1478/1376/9511 1564/1378/9512 1745/1825/9513
f 1655/1395/9514 1750/1836/9515 1751/1908/9516
f 1576/1746/9517 1655/1395/9518 1489/1517/9519
f 1661/1539/9520 1660/1741/9521 1663/1548/9522
f 1481/1628/9523 1569/1643/9524 1760/1626/9525
f 1658/1541/9526 1657/1737/9527 1433/1614/9528
f 1570/1738/9529 1851/1926/9530 1659/1739/9531
f 1433/1614/9532 1483/1613/9533 1660/1741/9534
f 1658/1541/9535 1398/1540/9536 1852/1954/9537
f 1449/1830/9538 1659/1739/9539 1604/1912/9540
f 1482/1781/9541 1657/1737/9542 1659/1739/9543
f 1656/1829/9544 1759/1831/9545 1761/1955/9546
f 1658/1541/9547 1660/1741/9548 1661/1539/9549
f 1662/1956/9550 1663/1548/9551 1664/1627/9552
f 2057/1549/9553 1663/1548/9554 1662/1956/9555
f 2083/1957/9556 2086/1958/9557 2088/1959/9558
f 1376/1960/9559 1876/1961/9560 1737/1947/9561
f 1664/1627/9562 1663/1548/9563 1660/1741/9564
f 2088/1959/9565 2057/1549/9566 1662/1956/9567
f 1481/1628/9568 1664/1627/9569 1660/1741/9570
f 1664/1627/9571 1656/1829/9572 1761/1955/9573
f 1487/1835/9574 1764/1915/9575 1670/1636/9576
f 1666/1641/9577 1665/1638/9578 1435/1637/9579
f 1666/1641/9580 1435/1637/9581 1763/1913/9582
f 1486/1443/9583 1572/1516/9584 1666/1641/9585
f 1837/1851/9586 1838/1745/9587 1670/1636/9588
f 2086/1958/9589 2083/1957/9590 2085/1962/9591
f 1583/1454/9592 1668/1833/9593 745/1832/9594
f 1574/1742/9595 1668/1833/9596 1575/1834/9597
f 1487/1835/9598 1575/1834/9599 1764/1915/9600
f 1828/1963/9601 1764/1915/9602 1575/1834/9603
f 1487/1835/9604 1670/1636/9605 1665/1638/9606
f 1836/1964/9607 1766/1965/9608 1837/1851/9609
f 1577/1399/9610 1671/1513/9611 694/1482/9612
f 1579/1490/9613 1671/1513/9614 1578/1514/9615
f 1490/1398/9616 1436/1518/9617 2053/1747/9618
f 2025/1840/9619 1672/1749/9620 1438/1751/9621
f 2090/1839/9622 2030/1966/9623 2033/1967/9624
f 2043/1664/9625 2042/1666/9626 1776/1968/9627
f 2053/1747/9628 1672/1749/9629 1490/1398/9630
f 2028/1969/9631 1674/1748/9632 1673/1970/9633
f 2025/1840/9634 2026/1841/9635 2023/1971/9636
f 2017/1972/9637 2014/1973/9638 2016/1754/9639
f 1677/1794/9640 1676/1752/9641 1454/1477/9642
f 1676/1752/9643 1580/1572/9644 1767/1917/9645
f 692/1491/9646 1677/1794/9647 691/1476/9648
f 1676/1752/9649 1677/1794/9650 1580/1572/9651
f 1678/1854/9652 1440/1918/9653 1680/1848/9654
f 1582/1649/9655 1678/1854/9656 1683/1760/9657
f 1684/1552/9658 1680/1848/9659 1440/1918/9660
f 1775/1974/9661 1769/1975/9662 1771/1622/9663
f 1685/1663/9664 1686/1527/9665 1689/1553/9666
f 1680/1848/9667 1679/1976/9668 1682/1849/9669
f 1779/1977/9670 1776/1968/9671 1377/1978/9672
f 1684/1552/9673 2072/1979/9674 1680/1848/9675
f 1768/1621/9676 1682/1849/9677 1679/1976/9678
f 1493/1650/9679 1682/1849/9680 1840/1759/9681
f 1680/1848/9682 1683/1760/9683 1678/1854/9684
f 1493/1650/9685 1683/1760/9686 1682/1849/9687
f 1689/1553/9688 1684/1552/9689 1440/1918/9690
f 1684/1552/9691 1681/1551/9692 2072/1979/9693
f 1586/1389/9694 1686/1527/9695 1685/1663/9696
f 1686/1527/9697 1688/1980/9698 1689/1553/9699
f 752/1853/9700 1780/1660/9701 1586/1389/9702
f 1496/1526/9703 1945/1810/9704 1686/1527/9705
f 1691/1855/9706 1687/1525/9707 753/1856/9708
f 1781/1981/9709 1687/1525/9710 1587/1982/9711
f 1925/1983/9712 1784/1984/9713 1783/1860/9714
f 1403/1985/9715 1943/1986/9716 1690/1987/9717
f 1685/1663/9718 1689/1553/9719 1440/1918/9720
f 1938/1694/9721 1690/1987/9722 1688/1980/9723
f 1681/1551/9724 1689/1553/9725 1690/1987/9726
f 1688/1980/9727 1690/1987/9728 1689/1553/9729
f 1693/1716/9730 1691/1855/9731 754/1857/9732
f 1687/1525/9733 1691/1855/9734 1587/1982/9735
f 1842/1578/9736 1783/1860/9737 1841/1859/9738
f 1587/1982/9739 1691/1855/9740 1693/1716/9741
f 1785/1717/9742 754/1857/9743 755/1689/9744
f 1587/1982/9745 1693/1716/9746 1692/1715/9747
f 1591/1557/9748 1847/1920/9749 1498/1862/9750
f 1707/1988/9751 1705/1989/9752 1704/1437/9753
f 1445/1769/9754 1695/1565/9755 1593/1461/9756
f 1804/1990/9757 1858/1991/9758 1859/1992/9759
f 1845/1993/9760 1696/1459/9761 1597/1865/9762
f 1694/1921/9763 1695/1565/9764 1787/1457/9765
f 1699/1867/9766 1697/1609/9767 1504/1611/9768
f 1698/1779/9769 1697/1609/9770 1599/1656/9771
f 1599/1656/9772 1800/1655/9773 1705/1989/9774
f 1409/1924/9775 1601/1773/9776 1788/1780/9777
f 1606/1654/9778 1699/1867/9779 1448/1866/9780
f 1697/1609/9781 1699/1867/9782 1599/1656/9783
f 1503/1573/9784 1700/1772/9785 1505/1574/9786
f 1788/1780/9787 1700/1772/9788 1446/1610/9789
f 1709/1994/9790 1705/1989/9791 1707/1988/9792
f 1694/1921/9793 1845/1993/9794 1805/1995/9795
f 1851/1926/9796 1852/1954/9797 1795/1996/9798
f 1855/1997/9799 1799/1998/9800 1383/1436/9801
f 1797/1569/9802 1410/1925/9803 1604/1912/9804
f 1798/1999/9805 1799/1998/9806 1855/1997/9807
f 1710/1928/9808 1802/1564/9809 1857/2000/9810
f 1698/1779/9811 1705/1989/9812 1409/1924/9813
f 1599/1656/9814 1705/1989/9815 1698/1779/9816
f 1707/1988/9817 1704/1437/9818 1708/2001/9819
f 1694/1921/9820 1803/1563/9821 1695/1565/9822
f 1409/1924/9823 1705/1989/9824 1709/1994/9825
f 1708/2001/9826 1704/1437/9827 1383/1436/9828
f 1707/1988/9829 1706/2002/9830 1709/1994/9831
f 1708/2001/9832 1383/1436/9833 1710/1928/9834
f 1707/1988/9835 1708/2001/9836 1857/2000/9837
f 1803/1563/9838 1859/1992/9839 1706/2002/9840
f 1709/1994/9841 1701/2003/9842 1789/1774/9843
f 1799/1998/9844 1856/2004/9845 1898/1927/9846
f 1408/1595/9847 1806/2005/9848 1609/1464/9849
f 1713/1868/9850 1711/1766/9851 1511/1465/9852
f 1608/1463/9853 1897/2006/9854 1712/1765/9855
f 1712/1765/9856 1411/2007/9857 1825/2008/9858
f 1450/1466/9859 1711/1766/9860 1712/1765/9861
f 1609/1464/9862 1713/1868/9863 1444/1447/9864
f 1711/1766/9865 1713/1868/9866 1608/1463/9867
f 1616/1876/9868 1714/1875/9869 1415/1893/9870
f 1715/1713/9871 1714/1875/9872 1456/1874/9873
f 1715/1713/9874 1523/1712/9875 1726/1929/9876
f 1714/1875/9877 1715/1713/9878 1614/1892/9879
f 1714/1875/9880 1716/1802/9881 1456/1874/9882
f 1717/1931/9883 1716/1802/9884 1616/1876/9885
f 1617/1701/9886 1717/1931/9887 1457/1930/9888
f 1716/1802/9889 1717/1931/9890 1524/1495/9891
f 756/1690/9892 1808/1881/9893 1528/1691/9894
f 1919/2009/9895 1617/1701/9896 1457/1930/9897
f 1861/1878/9898 1809/2010/9899 1721/1799/9900
f 1619/1519/9901 1521/1521/9902 1719/1932/9903
f 1863/2011/9904 1809/2010/9905 1720/2012/9906
f 1817/1943/9907 1901/2013/9908 1905/1797/9909
f 1865/1674/9910 1863/2011/9911 1810/2014/9912
f 1526/1523/9913 1619/1519/9914 1811/1798/9915
f 1864/1675/9916 1722/1879/9917 1458/1524/9918
f 1621/1531/9919 1722/1879/9920 1620/1586/9921
f 1867/1883/9922 1723/1885/9923 1418/1529/9924
f 1534/1362/9925 1723/1885/9926 1624/1721/9927
f 1529/1639/9928 1724/1542/9929 1365/1544/9930
f 1623/1530/9931 1724/1542/9932 1460/1812/9933
f 1350/1534/9934 1725/1533/9935 1349/1393/9936
f 1630/1861/9937 1725/1533/9938 1631/1474/9939
f 1640/1711/9940 1726/1929/9941 1635/1718/9942
f 1726/1929/9943 1642/1900/9944 1614/1892/9945
f 1727/1945/9946 1812/1941/9947 1813/1894/9948
f 1727/1945/9949 1387/2015/9950 1866/1882/9951
f 1817/1943/9952 1728/1575/9953 1646/1895/9954
f 1871/1576/9955 1728/1575/9956 1872/1942/9957
f 1556/1633/9958 1819/1899/9959 1729/1890/9960
f 1820/1891/9961 1395/1815/9962 1547/1725/9963
f 2050/1814/9964 1730/1431/9965 1419/1714/9966
f 1729/1890/9967 1730/1431/9968 1648/1813/9969
f 1732/1901/9970 1731/1500/9971 1559/1385/9972
f 1735/1949/9973 1731/1500/9974 1651/1902/9975
f 1650/1472/9976 1732/1901/9977 1559/1385/9978
f 1431/1730/9979 2061/1785/9980 2063/2016/9981
f 1739/1950/9982 1733/1820/9983 1397/1499/9984
f 1733/1820/9985 1652/1951/9986 1740/1821/9987
f 1397/1499/9988 1731/1500/9989 1735/1949/9990
f 1875/2017/9991 1876/1961/9992 1878/2018/9993
f 1737/1947/9994 1735/1949/9995 2067/2019/9996
f 1735/1949/9997 1734/1948/9998 1739/1950/9999
f 1747/1731/10000 2061/1785/10001 1431/1730/10002
f 1662/1956/10003 1761/1955/10004 2083/1957/10005
f 2067/2019/10006 1735/1949/10007 1651/1902/10008
f 1737/1947/10009 1736/2020/10010 2089/2021/10011
f 1740/1821/10012 1741/1419/10013 1738/1733/10014
f 2070/1904/10015 1479/1905/10016 1565/1409/10017
f 1735/1949/10018 1739/1950/10019 1397/1499/10020
f 1739/1950/10021 1734/1948/10022 1875/2017/10023
f 1741/1419/10024 1740/1821/10025 1652/1951/10026
f 1738/1733/10027 1821/1903/10028 1822/1819/10029
f 1873/1952/10030 1874/2022/10031 1823/2023/10032
f 1741/1419/10033 1432/1418/10034 2068/1732/10035
f 1742/2024/10036 1880/1826/10037 1873/1952/10038
f 1873/1952/10039 1906/2025/10040 1742/2024/10041
f 1874/2022/10042 1741/1419/10043 1652/1951/10044
f 1881/2026/10045 1824/2027/10046 1880/1826/10047
f 1510/1381/10048 1744/1823/10049 1564/1378/10050
f 1712/1765/10051 1744/1823/10052 1450/1466/10053
f 1744/1823/10054 1745/1825/10055 1564/1378/10056
f 1745/1825/10057 1654/1824/10058 1748/1953/10059
f 1748/1953/10060 1654/1824/10061 1825/2008/10062
f 1827/2028/10063 2065/2029/10064 1884/1946/10065
f 1478/1376/10066 1747/1731/10067 1649/1471/10068
f 1748/1953/10069 1747/1731/10070 1745/1825/10071
f 1654/1824/10072 1712/1765/10073 1825/2008/10074
f 1747/1731/10075 1748/1953/10076 1746/1783/10077
f 1882/1911/10078 1749/1910/10079 1825/2008/10080
f 1854/2030/10081 1894/2031/10082 1853/2032/10083
f 1567/1404/10084 1750/1836/10085 698/1394/10086
f 1751/1908/10087 1750/1836/10088 1566/1906/10089
f 1754/2033/10090 1479/1905/10091 1752/1734/10092
f 1753/1416/10093 1751/1908/10094 1437/2034/10095
f 1751/1908/10096 1754/2033/10097 1437/2034/10098
f 1754/2033/10099 1751/1908/10100 1566/1906/10101
f 1753/1416/10102 1437/2034/10103 1755/1414/10104
f 1655/1395/10105 1753/1416/10106 1489/1517/10107
f 1479/1905/10108 1754/2033/10109 1566/1906/10110
f 1437/2034/10111 1754/2033/10112 1752/1734/10113
f 2069/1907/10114 1908/1735/10115 1752/1734/10116
f 1977/2035/10117 1975/2036/10118 1976/2037/10119
f 1755/1414/10120 1976/2037/10121 1757/1442/10122
f 1436/1518/10123 1489/1517/10124 1756/1415/10125
f 1401/1837/10126 2054/2038/10127 2055/2039/10128
f 1756/1415/10129 1757/1442/10130 2055/2039/10131
f 1485/1445/10132 1758/1828/10133 1569/1643/10134
f 1759/1831/10135 1758/1828/10136 1434/1444/10137
f 1573/1629/10138 1759/1831/10139 1434/1444/10140
f 1761/1955/10141 1759/1831/10142 1399/1648/10143
f 1758/1828/10144 1760/1626/10145 1569/1643/10146
f 1664/1627/10147 1760/1626/10148 1656/1829/10149
f 2083/1957/10150 1761/1955/10151 1399/1648/10152
f 1664/1627/10153 1761/1955/10154 1662/1956/10155
f 1763/1913/10156 1762/1647/10157 1573/1629/10158
f 2084/2040/10159 1762/1647/10160 1667/1914/10161
f 1666/1641/10162 1763/1913/10163 1573/1629/10164
f 1435/1637/10165 1838/1745/10166 1839/2041/10167
f 1828/1963/10168 1575/1834/10169 1583/1454/10170
f 1670/1636/10171 1764/1915/10172 1669/1852/10173
f 1494/1631/10174 1829/1919/10175 1583/1454/10176
f 1492/1630/10177 2071/1847/10178 1494/1631/10179
f 1914/2042/10180 1766/1965/10181 1400/2043/10182
f 1838/1745/10183 1766/1965/10184 1951/2044/10185
f 2023/1971/10186 1767/1917/10187 1491/1916/10188
f 1676/1752/10189 1767/1917/10190 1675/1753/10191
f 1771/1622/10192 1768/1621/10193 1679/1976/10194
f 1770/1758/10195 1768/1621/10196 1402/1685/10197
f 1775/1974/10198 1679/1976/10199 2072/1979/10200
f 1778/2045/10201 1774/1623/10202 1769/1975/10203
f 1770/1758/10204 1402/1685/10205 1772/1850/10206
f 1439/1652/10207 1493/1650/10208 1840/1759/10209
f 1775/1974/10210 2072/1979/10211 1773/2046/10212
f 1771/1622/10213 1769/1975/10214 1774/1623/10215
f 1833/2047/10216 1402/1685/10217 1774/1623/10218
f 1829/1919/10219 1765/1757/10220 1828/1963/10221
f 1403/1985/10222 1942/2048/10223 1943/1986/10224
f 1775/1974/10225 1776/1968/10226 1769/1975/10227
f 1779/1977/10228 1777/2049/10229 1778/2045/10230
f 1833/2047/10231 1778/2045/10232 1831/2050/10233
f 1679/1976/10234 1775/1974/10235 1771/1622/10236
f 1775/1974/10237 1773/2046/10238 1776/1968/10239
f 1936/2051/10240 2040/2052/10241 2037/2053/10242
f 1935/1693/10243 1939/2054/10244 1403/1985/10245
f 1977/2035/10246 1974/2055/10247 1975/2036/10248
f 1836/1964/10249 1669/1852/10250 1835/1756/10251
f 1779/1977/10252 1778/2045/10253 1769/1975/10254
f 1402/1685/10255 1834/2056/10256 1772/1850/10257
f 1776/1968/10258 1779/1977/10259 1769/1975/10260
f 1779/1977/10261 1377/1978/10262 1971/2057/10263
f 753/1856/10264 1780/1660/10265 752/1853/10266
f 1686/1527/10267 1780/1660/10268 1687/1525/10269
f 1692/1715/10270 1843/1858/10271 1587/1982/10272
f 1496/1526/10273 1687/1525/10274 1781/1981/10275
f 1841/1859/10276 1782/1686/10277 1459/1688/10278
f 1785/1717/10279 1782/1686/10280 1692/1715/10281
f 1842/1578/10282 1886/2058/10283 1783/1860/10284
f 1934/1811/10285 1781/1981/10286 1784/1984/10287
f 1587/1982/10288 1784/1984/10289 1781/1981/10290
f 1925/1983/10291 1783/1860/10292 1888/2059/10293
f 1785/1717/10294 1528/1691/10295 1782/1686/10296
f 754/1857/10297 1785/1717/10298 1693/1716/10299
f 1846/2060/10300 1498/1862/10301 1847/1920/10302
f 1893/1923/10303 1848/2061/10304 1850/2062/10305
f 1695/1565/10306 1445/1769/10307 1787/1457/10308
f 1502/1458/10309 1787/1457/10310 1445/1769/10311
f 1697/1609/10312 1788/1780/10313 1446/1610/10314
f 1409/1924/10315 1788/1780/10316 1698/1779/10317
f 1709/1994/10318 1789/1774/10319 1409/1924/10320
f 1790/1775/10321 1789/1774/10322 1701/2003/10323
f 1793/2063/10324 1792/1863/10325 1790/1775/10326
f 1601/1773/10327 1790/1775/10328 1447/1864/10329
f 1794/2064/10330 1850/2062/10331 1793/2063/10332
f 1849/1762/10333 1629/1558/10334 1892/1887/10335
f 1793/2063/10336 1790/1775/10337 1701/2003/10338
f 1539/1776/10339 1792/1863/10340 1791/1764/10341
f 1793/2063/10342 1701/2003/10343 1794/2064/10344
f 1791/1764/10345 1792/1863/10346 1793/2063/10347
f 1858/1991/10348 1701/2003/10349 1709/1994/10350
f 1794/2064/10351 1804/1990/10352 1805/1995/10353
f 1570/1738/10354 1658/1541/10355 1852/1954/10356
f 1795/1996/10357 1798/1999/10358 1797/1569/10359
f 1797/1569/10360 1796/1571/10361 1410/1925/10362
f 1801/1438/10363 1800/1655/10364 1606/1654/10365
f 1851/1926/10366 1797/1569/10367 1604/1912/10368
f 1798/1999/10369 1795/1996/10370 1702/2065/10371
f 1798/1999/10372 1702/2065/10373 1799/1998/10374
f 1703/1570/10375 1797/1569/10376 1798/1999/10377
f 1883/2066/10378 1799/1998/10379 1702/2065/10380
f 1826/2067/10381 1882/1911/10382 1897/2006/10383
f 1801/1438/10384 1606/1654/10385 1796/1571/10386
f 1705/1989/10387 1800/1655/10388 1704/1437/10389
f 1801/1438/10390 1703/1570/10391 1855/1997/10392
f 1704/1437/10393 1800/1655/10394 1801/1438/10395
f 1857/2000/10396 1802/1564/10397 1706/2002/10398
f 1806/2005/10399 1802/1564/10400 1710/1928/10401
f 1804/1990/10402 1803/1563/10403 1694/1921/10404
f 1802/1564/10405 1803/1563/10406 1706/2002/10407
f 1805/1995/10408 1804/1990/10409 1694/1921/10410
f 1794/2064/10411 1701/2003/10412 1858/1991/10413
f 1845/1993/10414 1694/1921/10415 1696/1459/10416
f 1794/2064/10417 1805/1995/10418 1786/1922/10419
f 1802/1564/10420 1806/2005/10421 1408/1595/10422
f 1710/1928/10423 1609/1464/10424 1806/2005/10425
f 1808/1881/10426 1807/1687/10427 1528/1691/10428
f 1885/2068/10429 1807/1687/10430 1718/1880/10431
f 757/1809/10432 1808/1881/10433 756/1690/10434
f 1807/1687/10435 1808/1881/10436 1718/1880/10437
f 1455/1872/10438 1514/1871/10439 1900/1788/10440
f 1809/2010/10441 1861/1878/10442 1899/1790/10443
f 1416/1587/10444 1904/2069/10445 1870/2070/10446
f 1864/1675/10447 1810/2014/10448 1416/1587/10449
f 1861/1878/10450 1619/1519/10451 1719/1932/10452
f 1721/1799/10453 1863/2011/10454 1865/1674/10455
f 1813/1894/10456 1812/1941/10457 1555/1889/10458
f 1815/1897/10459 1812/1941/10460 1727/1945/10461
f 1729/1890/10462 1813/1894/10463 1555/1889/10464
f 1813/1894/10465 1648/1813/10466 2052/1936/10467
f 1867/1883/10468 1866/1882/10469 1387/2015/10470
f 1868/2071/10471 1620/1586/10472 1869/1585/10473
f 1866/1882/10474 1815/1897/10475 1727/1945/10476
f 1815/1897/10477 1866/1882/10478 1903/2072/10479
f 1643/1659/10480 1816/1577/10481 1641/1939/10482
f 1647/1896/10483 1816/1577/10484 1645/1938/10485
f 1646/1895/10486 1901/2013/10487 1817/1943/10488
f 1949/1795/10489 1870/2070/10490 1904/2069/10491
f 1955/2073/10492 1920/1579/10493 1954/2074/10494
f 1994/1940/10495 1871/1576/10496 1818/2075/10497
f 1554/1632/10498 1819/1899/10499 1556/1633/10500
f 1820/1891/10501 1819/1899/10502 1395/1815/10503
f 1730/1431/10504 1820/1891/10505 1548/1429/10506
f 1819/1899/10507 1820/1891/10508 1729/1890/10509
f 1561/1727/10510 1821/1903/10511 1477/1417/10512
f 2070/1904/10513 1821/1903/10514 1738/1733/10515
f 1733/1820/10516 1822/1819/10517 1561/1727/10518
f 1738/1733/10519 1822/1819/10520 1740/1821/10521
f 1875/2017/10522 1823/2023/10523 1652/1951/10524
f 1878/2018/10525 1823/2023/10526 1875/2017/10527
f 1917/2076/10528 1915/2077/10529 1400/2043/10530
f 1437/2034/10531 1910/1736/10532 1912/2078/10533
f 1882/1911/10534 1825/2008/10535 1411/2007/10536
f 1748/1953/10537 1825/2008/10538 1749/1910/10539
f 1896/1462/10540 1897/2006/10541 1608/1463/10542
f 1702/2065/10543 1894/2031/10544 1854/2030/10545
f 1398/1540/10546 1661/1539/10547 2057/1549/10548
f 1746/1783/10549 1749/1910/10550 1884/1946/10551
f 1829/1919/10552 1828/1963/10553 1583/1454/10554
f 1764/1915/10555 1828/1963/10556 1765/1757/10557
f 2071/1847/10558 1829/1919/10559 1494/1631/10560
f 1832/1755/10561 1830/2079/10562 1835/1756/10563
f 1402/1685/10564 1833/2047/10565 1834/2056/10566
f 1834/2056/10567 2074/2080/10568 1830/2079/10569
f 1778/2045/10570 1777/2049/10571 1831/2050/10572
f 1967/2081/10573 1969/2082/10574 1970/2083/10575
f 1829/1919/10576 1772/1850/10577 1832/1755/10578
f 1834/2056/10579 1832/1755/10580 1772/1850/10581
f 1778/2045/10582 1833/2047/10583 1774/1623/10584
f 1833/2047/10585 1831/2050/10586 1834/2056/10587
f 2074/2080/10588 1834/2056/10589 1831/2050/10590
f 1832/1755/10591 1834/2056/10592 1830/2079/10593
f 1836/1964/10594 1835/1756/10595 1830/2079/10596
f 1765/1757/10597 1835/1756/10598 1669/1852/10599
f 1830/2079/10600 2074/2080/10601 1917/2076/10602
f 1836/1964/10603 1400/2043/10604 1766/1965/10605
f 1836/1964/10606 1837/1851/10607 1669/1852/10608
f 1838/1745/10609 1837/1851/10610 1766/1965/10611
f 1913/2084/10612 1951/2044/10613 1914/2042/10614
f 1763/1913/10615 1839/2041/10616 1667/1914/10617
f 1435/1637/10618 1839/2041/10619 1763/1913/10620
f 2073/2085/10621 1839/2041/10622 1838/1745/10623
f 1768/1621/10624 1840/1759/10625 1682/1849/10626
f 1439/1652/10627 1840/1759/10628 1770/1758/10629
f 1842/1578/10630 1841/1859/10631 1459/1688/10632
f 1843/1858/10633 1783/1860/10634 1784/1984/10635
f 1885/2068/10636 1918/1806/10637 1807/1687/10638
f 1842/1578/10639 1417/1580/10640 1886/2058/10641
f 1587/1982/10642 1843/1858/10643 1784/1984/10644
f 1692/1715/10645 1841/1859/10646 1843/1858/10647
f 1935/1693/10648 1958/2086/10649 1844/2087/10650
f 1888/2059/10651 1926/1547/10652 1844/2087/10653
f 1846/2060/10654 1597/1865/10655 1498/1862/10656
f 1805/1995/10657 1845/1993/10658 1786/1922/10659
f 1786/1922/10660 1845/1993/10661 1846/2060/10662
f 1597/1865/10663 1846/2060/10664 1845/1993/10665
f 1848/2061/10666 1847/1920/10667 1443/1556/10668
f 1786/1922/10669 1846/2060/10670 1847/1920/10671
f 1443/1556/10672 1629/1558/10673 1849/1762/10674
f 1850/2062/10675 1848/2061/10676 1791/1764/10677
f 1791/1764/10678 1848/2061/10679 1849/1762/10680
f 1848/2061/10681 1443/1556/10682 1849/1762/10683
f 1793/2063/10684 1850/2062/10685 1791/1764/10686
f 1893/1923/10687 1794/2064/10688 1786/1922/10689
f 1852/1954/10690 1851/1926/10691 1570/1738/10692
f 1797/1569/10693 1851/1926/10694 1795/1996/10695
f 1853/2032/10696 1852/1954/10697 1398/1540/10698
f 1795/1996/10699 1852/1954/10700 1894/2031/10701
f 2058/2088/10702 1398/1540/10703 2057/1549/10704
f 1853/2032/10705 1827/2028/10706 1854/2030/10707
f 1854/2030/10708 1827/2028/10709 1884/1946/10710
f 1826/2067/10711 1702/2065/10712 1854/2030/10713
f 1801/1438/10714 1855/1997/10715 1383/1436/10716
f 1798/1999/10717 1855/1997/10718 1703/1570/10719
f 1896/1462/10720 1710/1928/10721 1898/1927/10722
f 1856/2004/10723 1799/1998/10724 1883/2066/10725
f 1707/1988/10726 1857/2000/10727 1706/2002/10728
f 1710/1928/10729 1857/2000/10730 1708/2001/10731
f 1859/1992/10732 1709/1994/10733 1706/2002/10734
f 1794/2064/10735 1858/1991/10736 1804/1990/10737
f 1804/1990/10738 1859/1992/10739 1803/1563/10740
f 1709/1994/10741 1859/1992/10742 1858/1991/10743
f 1718/1880/10744 1860/1808/10745 1617/1701/10746
f 1808/1881/10747 757/1809/10748 1860/1808/10749
f 1811/1798/10750 1861/1878/10751 1721/1799/10752
f 1455/1872/10753 1861/1878/10754 1719/1932/10755
f 1889/2089/10756 1923/2090/10757 1887/2091/10758
f 1899/1790/10759 1992/2092/10760 1809/2010/10761
f 1809/2010/10762 1863/2011/10763 1721/1799/10764
f 1947/2093/10765 1863/2011/10766 1720/2012/10767
f 1620/1586/10768 1864/1675/10769 1416/1587/10770
f 1865/1674/10771 1458/1524/10772 1526/1523/10773
f 1811/1798/10774 1865/1674/10775 1526/1523/10776
f 1810/2014/10777 1864/1675/10778 1865/1674/10779
f 1387/2015/10780 1626/1935/10781 1867/1883/10782
f 1866/1882/10783 1814/1884/10784 1903/2072/10785
f 1723/1885/10786 1867/1883/10787 1624/1721/10788
f 1868/2071/10789 1418/1529/10790 1620/1586/10791
f 1814/1884/10792 1867/1883/10793 1868/2071/10794
f 1418/1529/10795 1868/2071/10796 1867/1883/10797
f 1902/1933/10798 1416/1587/10799 1870/2070/10800
f 1814/1884/10801 1868/2071/10802 1869/1585/10803
f 1903/2072/10804 1902/1933/10805 1870/2070/10806
f 1416/1587/10807 1810/2014/10808 1904/2069/10809
f 1872/1942/10810 1728/1575/10811 1817/1943/10812
f 1994/1940/10813 1818/2075/10814 1993/2094/10815
f 1386/1944/10816 1818/2075/10817 1872/1942/10818
f 1871/1576/10819 1872/1942/10820 1818/2075/10821
f 1874/2022/10822 1873/1952/10823 1743/1420/10824
f 1906/2025/10825 1873/1952/10826 1823/2023/10827
f 1741/1419/10828 1874/2022/10829 1743/1420/10830
f 1652/1951/10831 1823/2023/10832 1874/2022/10833
f 1739/1950/10834 1875/2017/10835 1652/1951/10836
f 1876/1961/10837 1875/2017/10838 1734/1948/10839
f 1737/1947/10840 1876/1961/10841 1734/1948/10842
f 1876/1961/10843 1376/1960/10844 1878/2018/10845
f 2085/1962/10846 2083/1957/10847 2084/2040/10848
f 1838/1745/10849 1951/2044/10850 2073/2085/10851
f 2085/1962/10852 1878/2018/10853 1376/1960/10854
f 1878/2018/10855 1877/2095/10856 1906/2025/10857
f 1911/2096/10858 1909/2097/10859 1824/2027/10860
f 1432/1418/10861 1879/1750/10862 1908/1735/10863
f 1881/2026/10864 1880/1826/10865 1742/2024/10866
f 1879/1750/10867 1880/1826/10868 1824/2027/10869
f 1742/2024/10870 1952/2098/10871 1881/2026/10872
f 1881/2026/10873 1400/2043/10874 1915/2077/10875
f 1897/2006/10876 1882/1911/10877 1411/2007/10878
f 1895/1909/10879 1882/1911/10880 1826/2067/10881
f 1702/2065/10882 1826/2067/10883 1883/2066/10884
f 1856/2004/10885 1883/2066/10886 1826/2067/10887
f 1884/1946/10888 1749/1910/10889 1895/1909/10890
f 1884/1946/10891 2065/2029/10892 2060/1784/10893
f 1718/1880/10894 1919/2009/10895 1885/2068/10896
f 1924/2099/10897 1955/2073/10898 2077/2100/10899
f 1889/2089/10900 1886/2058/10901 1417/1580/10902
f 1783/1860/10903 1886/2058/10904 1888/2059/10905
f 1417/1580/10906 1920/1579/10907 1924/2099/10908
f 2000/2101/10909 1981/2102/10910 2001/2103/10911
f 1889/2089/10912 1888/2059/10913 1886/2058/10914
f 1926/1547/10915 1888/2059/10916 1887/2091/10917
f 1922/2104/10918 1923/2090/10919 1957/2105/10920
f 1888/2059/10921 1889/2089/10922 1887/2091/10923
f 1890/1692/10924 1958/2086/10925 1935/1693/10926
f 1945/1810/10927 1890/1692/10928 1938/1694/10929
f 1538/1720/10930 1891/1763/10931 1394/1886/10932
f 1791/1764/10933 1891/1763/10934 1539/1776/10935
f 1536/1473/10936 1892/1887/10937 1537/1709/10938
f 1891/1763/10939 1892/1887/10940 1394/1886/10941
f 1848/2061/10942 1893/1923/10943 1847/1920/10944
f 1794/2064/10945 1893/1923/10946 1850/2062/10947
f 1795/1996/10948 1894/2031/10949 1702/2065/10950
f 1853/2032/10951 1894/2031/10952 1852/1954/10953
f 1826/2067/10954 1854/2030/10955 1895/1909/10956
f 1884/1946/10957 1895/1909/10958 1854/2030/10959
f 1710/1928/10960 1896/1462/10961 1609/1464/10962
f 1897/2006/10963 1896/1462/10964 1856/2004/10965
f 1826/2067/10966 1897/2006/10967 1856/2004/10968
f 1897/2006/10969 1411/2007/10970 1712/1765/10971
f 1799/1998/10972 1898/1927/10973 1383/1436/10974
f 1896/1462/10975 1898/1927/10976 1856/2004/10977
f 1900/1788/10978 1899/1790/10979 1455/1872/10980
f 1992/2092/10981 1899/1790/10982 1862/1789/10983
f 1946/1510/10984 1514/1871/10985 1961/1869/10986
f 1414/2106/10987 1862/1789/10988 1900/1788/10989
f 1901/2013/10990 1646/1895/10991 1903/2072/10992
f 1901/2013/10993 1870/2070/10994 1949/1795/10995
f 1416/1587/10996 1902/1933/10997 1869/1585/10998
f 1870/2070/10999 1901/2013/11000 1903/2072/11001
f 1815/1897/11002 1903/2072/11003 1646/1895/11004
f 1814/1884/11005 1902/1933/11006 1903/2072/11007
f 1810/2014/11008 1947/2093/11009 1904/2069/11010
f 1905/1797/11011 1386/1944/11012 1817/1943/11013
f 1948/1796/11014 1904/2069/11015 1947/2093/11016
f 1991/2107/11017 1948/1796/11018 1720/2012/11019
f 1878/2018/11020 1906/2025/11021 1823/2023/11022
f 1913/2084/11023 1906/2025/11024 1877/2095/11025
f 1911/2096/11026 1907/2108/11027 1909/2097/11028
f 1907/2108/11029 1911/2096/11030 1966/2109/11031
f 1879/1750/11032 1909/2097/11033 1908/1735/11034
f 1910/1736/11035 1437/2034/11036 1752/1734/11037
f 1824/2027/11038 1909/2097/11039 1879/1750/11040
f 1755/1414/11041 1437/2034/11042 1912/2078/11043
f 1908/1735/11044 1909/2097/11045 1910/1736/11046
f 1907/2108/11047 1910/1736/11048 1909/2097/11049
f 1824/2027/11050 1881/2026/11051 1915/2077/11052
f 1967/2081/11053 1966/2109/11054 1911/2096/11055
f 1910/1736/11056 1907/2108/11057 1912/2078/11058
f 1971/2057/11059 1974/2055/11060 1950/2110/11061
f 1913/2084/11062 1952/2098/11063 1906/2025/11064
f 2073/2085/11065 1913/2084/11066 1877/2095/11067
f 1400/2043/11068 1881/2026/11069 1914/2042/11070
f 1914/2042/11071 1881/2026/11072 1952/2098/11073
f 1836/1964/11074 1917/2076/11075 1400/2043/11076
f 1824/2027/11077 1915/2077/11078 1968/2111/11079
f 1969/2082/11080 1831/2050/11081 1777/2049/11082
f 1916/2112/11083 1967/2081/11084 1968/2111/11085
f 1830/2079/11086 1917/2076/11087 1836/1964/11088
f 1915/2077/11089 1917/2076/11090 1916/2112/11091
f 1807/1687/11092 1918/1806/11093 1459/1688/11094
f 1920/1579/11095 1918/1806/11096 1885/2068/11097
f 1617/1701/11098 1919/2009/11099 1718/1880/11100
f 1954/2074/11101 1919/2009/11102 1457/1930/11103
f 1457/1930/11104 1997/2113/11105 1954/2074/11106
f 1386/1944/11107 2076/2114/11108 1995/2115/11109
f 1987/2116/11110 2004/2117/11111 1948/1796/11112
f 1957/2105/11113 1923/2090/11114 1889/2089/11115
f 1982/2118/11116 1983/2119/11117 1965/2120/11118
f 1931/2121/11119 1933/2122/11120 2039/2123/11121
f 1957/2105/11122 1889/2089/11123 1417/1580/11124
f 1931/2121/11125 1929/1545/11126 1932/2124/11127
f 1920/1579/11128 1885/2068/11129 1954/2074/11130
f 1956/2125/11131 1924/2099/11132 1921/2126/11133
f 1958/2086/11134 1888/2059/11135 1844/2087/11136
f 1934/1811/11137 1925/1983/11138 1890/1692/11139
f 1928/2127/11140 1929/1545/11141 1931/2121/11142
f 1926/1547/11143 1887/2091/11144 1929/1545/11145
f 2008/2128/11146 2010/1680/11147 2001/2103/11148
f 1844/2087/11149 1944/2129/11150 1935/1693/11151
f 1932/2124/11152 1922/2104/11153 2007/2130/11154
f 1935/1693/11155 1944/2129/11156 1939/2054/11157
f 1932/2124/11158 1887/2091/11159 1923/2090/11160
f 2040/2052/11161 1937/1546/11162 1928/2127/11163
f 1414/2106/11164 1980/1559/11165 1862/1789/11166
f 2038/2131/11167 2039/2123/11168 1927/1682/11169
f 1932/2124/11170 1929/1545/11171 1887/2091/11172
f 1930/2132/11173 2002/2133/11174 1931/2121/11175
f 1922/2104/11176 1932/2124/11177 1923/2090/11178
f 1931/2121/11179 1932/2124/11180 1930/2132/11181
f 1959/1561/11182 1984/1560/11183 1985/2134/11184
f 1414/2106/11185 1963/1509/11186 1964/1508/11187
f 1781/1981/11188 1934/1811/11189 1496/1526/11190
f 1925/1983/11191 1934/1811/11192 1784/1984/11193
f 1937/1546/11194 1844/2087/11195 1926/1547/11196
f 1938/1694/11197 1935/1693/11198 1403/1985/11199
f 2038/2131/11200 1928/2127/11201 2039/2123/11202
f 1927/1682/11203 2032/1681/11204 2035/2135/11205
f 1928/2127/11206 1937/1546/11207 1929/1545/11208
f 1937/1546/11209 1936/2051/11210 1944/2129/11211
f 1690/1987/11212 1938/1694/11213 1403/1985/11214
f 1938/1694/11215 1688/1980/11216 1945/1810/11217
f 2041/2136/11218 1942/2048/11219 2037/2053/11220
f 1942/2048/11221 1403/1985/11222 1939/2054/11223
f 2006/2137/11224 2020/2138/11225 2034/1843/11226
f 2048/2139/11227 1776/1968/11228 2042/1666/11229
f 2041/2136/11230 2042/1666/11231 1941/1665/11232
f 1681/1551/11233 1690/1987/11234 1943/1986/11235
f 2037/2053/11236 1939/2054/11237 1936/2051/11238
f 1942/2048/11239 1941/1665/11240 1943/1986/11241
f 2043/1664/11242 1943/1986/11243 1941/1665/11244
f 2072/1979/11245 1943/1986/11246 1773/2046/11247
f 1937/1546/11248 1944/2129/11249 1844/2087/11250
f 1939/2054/11251 1944/2129/11252 1936/2051/11253
f 1686/1527/11254 1945/1810/11255 1688/1980/11256
f 1934/1811/11257 1945/1810/11258 1496/1526/11259
f 1946/1510/11260 1961/1869/11261 1988/2140/11262
f 1414/2106/11263 1900/1788/11264 1963/1509/11265
f 1863/2011/11266 1947/2093/11267 1810/2014/11268
f 1947/2093/11269 1720/2012/11270 1948/1796/11271
f 1991/2107/11272 1720/2012/11273 1992/2092/11274
f 1991/2107/11275 1987/2116/11276 1948/1796/11277
f 1948/1796/11278 1949/1795/11279 1904/2069/11280
f 1901/2013/11281 1949/1795/11282 1905/1797/11283
f 1971/2057/11284 1970/2083/11285 1777/2049/11286
f 1974/2055/11287 1971/2057/11288 1973/2141/11289
f 1914/2042/11290 1951/2044/11291 1766/1965/11292
f 2073/2085/11293 1951/2044/11294 1913/2084/11295
f 1906/2025/11296 1952/2098/11297 1742/2024/11298
f 1914/2042/11299 1952/2098/11300 1913/2084/11301
f 1997/2113/11302 1616/1876/11303 1979/1805/11304
f 1993/2094/11305 1996/2142/11306 2005/1803/11307
f 1954/2074/11308 1885/2068/11309 1919/2009/11310
f 1955/2073/11311 1954/2074/11312 1953/1804/11313
f 2005/1803/11314 2077/2100/11315 1953/1804/11316
f 1920/1579/11317 1955/2073/11318 1924/2099/11319
f 1985/2134/11320 2003/2143/11321 1959/1561/11322
f 1957/2105/11323 1956/2125/11324 1922/2104/11325
f 1417/1580/11326 1924/2099/11327 1957/2105/11328
f 1957/2105/11329 1924/2099/11330 1956/2125/11331
f 1890/1692/11332 1925/1983/11333 1958/2086/11334
f 1888/2059/11335 1958/2086/11336 1925/1983/11337
f 2003/2143/11338 2007/2130/11339 1960/2144/11340
f 1922/2104/11341 1956/2125/11342 1960/2144/11343
f 1921/2126/11344 2075/2145/11345 1956/2125/11346
f 1986/2146/11347 1983/2119/11348 1960/2144/11349
f 1515/1562/11350 1961/1869/11351 1514/1871/11352
f 1988/2140/11353 1961/1869/11354 1451/1870/11355
f 1988/2140/11356 1989/1791/11357 1962/2147/11358
f 1981/2102/11359 1998/2148/11360 1999/2149/11361
f 1900/1788/11362 1946/1510/11363 1963/1509/11364
f 1946/1510/11365 1988/2140/11366 1964/1508/11367
f 1962/2147/11368 2018/2150/11369 1990/2151/11370
f 1985/2134/11371 2000/2101/11372 2002/2133/11373
f 1982/2118/11374 1862/1789/11375 1980/1559/11376
f 1959/1561/11377 1983/2119/11378 1982/2118/11379
f 1911/2096/11380 1968/2111/11381 1967/2081/11382
f 1978/2152/11383 1950/2110/11384 1974/2055/11385
f 1969/2082/11386 1967/2081/11387 1916/2112/11388
f 1950/2110/11389 1966/2109/11390 1967/2081/11391
f 1824/2027/11392 1968/2111/11393 1911/2096/11394
f 1916/2112/11395 1968/2111/11396 1915/2077/11397
f 1969/2082/11398 1916/2112/11399 2074/2080/11400
f 1970/2083/11401 1969/2082/11402 1777/2049/11403
f 1777/2049/11404 1779/1977/11405 1971/2057/11406
f 1967/2081/11407 1970/2083/11408 1950/2110/11409
f 1973/2141/11410 1971/2057/11411 1377/1978/11412
f 1950/2110/11413 1970/2083/11414 1971/2057/11415
f 2046/2153/11416 2042/1666/11417 1940/2154/11418
f 1974/2055/11419 1972/2155/11420 1975/2036/11421
f 2048/2139/11422 2049/2156/11423 1776/1968/11424
f 1973/2141/11425 1972/2155/11426 1974/2055/11427
f 1975/2036/11428 1972/2155/11429 2078/1838/11430
f 1977/2035/11431 1907/2108/11432 1978/2152/11433
f 1401/1837/11434 1976/2037/11435 1975/2036/11436
f 1755/1414/11437 1977/2035/11438 1976/2037/11439
f 1757/1442/11440 1976/2037/11441 1401/1837/11442
f 1977/2035/11443 1755/1414/11444 1912/2078/11445
f 1912/2078/11446 1907/2108/11447 1977/2035/11448
f 1978/2152/11449 1907/2108/11450 1966/2109/11451
f 1950/2110/11452 1978/2152/11453 1966/2109/11454
f 1974/2055/11455 1977/2035/11456 1978/2152/11457
f 1993/2094/11458 1979/1805/11459 1415/1893/11460
f 1997/2113/11461 1979/1805/11462 1953/1804/11463
f 1998/2148/11464 1984/1560/11465 1414/2106/11466
f 1982/2118/11467 1980/1559/11468 1959/1561/11469
f 1414/2106/11470 1964/1508/11471 1998/2148/11472
f 1990/2151/11473 1999/2149/11474 1962/2147/11475
f 1983/2119/11476 1959/1561/11477 1960/2144/11478
f 1982/2118/11479 1965/2120/11480 1992/2092/11481
f 1960/2144/11482 2075/2145/11483 1986/2146/11484
f 1965/2120/11485 1983/2119/11486 1987/2116/11487
f 1414/2106/11488 1984/1560/11489 1980/1559/11490
f 1985/2134/11491 1984/1560/11492 1981/2102/11493
f 2000/2101/11494 1985/2134/11495 1981/2102/11496
f 1985/2134/11497 1930/2132/11498 2003/2143/11499
f 1921/2126/11500 2077/2100/11501 2076/2114/11502
f 2004/2117/11503 1987/2116/11504 1986/2146/11505
f 1983/2119/11506 1986/2146/11507 1987/2116/11508
f 2076/2114/11509 2004/2117/11510 1986/2146/11511
f 1989/1791/11512 1988/2140/11513 1451/1870/11514
f 1964/1508/11515 1988/2140/11516 1962/2147/11517
f 1513/1485/11518 1989/1791/11519 1451/1870/11520
f 1989/1791/11521 1412/1421/11522 2015/1787/11523
f 1990/2151/11524 2009/2157/11525 2008/2128/11526
f 2011/2158/11527 2000/2101/11528 2001/2103/11529
f 1992/2092/11530 1720/2012/11531 1809/2010/11532
f 1987/2116/11533 1991/2107/11534 1965/2120/11535
f 1982/2118/11536 1992/2092/11537 1862/1789/11538
f 1991/2107/11539 1992/2092/11540 1965/2120/11541
f 1994/1940/11542 1993/2094/11543 1415/1893/11544
f 1993/2094/11545 1818/2075/11546 1996/2142/11547
f 1644/1898/11548 1994/1940/11549 1415/1893/11550
f 1871/1576/11551 1994/1940/11552 1641/1939/11553
f 1995/2115/11554 1996/2142/11555 1386/1944/11556
f 2076/2114/11557 2077/2100/11558 1995/2115/11559
f 1386/1944/11560 1996/2142/11561 1818/2075/11562
f 2077/2100/11563 2005/1803/11564 1995/2115/11565
f 1954/2074/11566 1997/2113/11567 1953/1804/11568
f 1616/1876/11569 1997/2113/11570 1457/1930/11571
f 1999/2149/11572 1998/2148/11573 1964/1508/11574
f 1984/1560/11575 1998/2148/11576 1981/2102/11577
f 1962/2147/11578 1999/2149/11579 1964/1508/11580
f 1990/2151/11581 2001/2103/11582 1999/2149/11583
f 1981/2102/11584 1999/2149/11585 2001/2103/11586
f 2002/2133/11587 2000/2101/11588 1933/2122/11589
f 2008/2128/11590 2001/2103/11591 1990/2151/11592
f 2011/2158/11593 1933/2122/11594 2000/2101/11595
f 1931/2121/11596 2002/2133/11597 1933/2122/11598
f 1930/2132/11599 1985/2134/11600 2002/2133/11601
f 2007/2130/11602 2003/2143/11603 1930/2132/11604
f 1959/1561/11605 2003/2143/11606 1960/2144/11607
f 1386/1944/11608 1905/1797/11609 2004/2117/11610
f 1948/1796/11611 2004/2117/11612 1905/1797/11613
f 1993/2094/11614 2005/1803/11615 1979/1805/11616
f 1995/2115/11617 2005/1803/11618 1996/2142/11619
f 2017/1972/11620 1384/2159/11621 2014/1973/11622
f 1675/1753/11623 1767/1917/11624 2023/1971/11625
f 1932/2124/11626 2007/2130/11627 1930/2132/11628
f 1960/2144/11629 2007/2130/11630 1922/2104/11631
f 1990/2151/11632 2018/2150/11633 2009/2157/11634
f 2010/1680/11635 2008/2128/11636 2006/2137/11637
f 2020/2138/11638 1384/2159/11639 2017/1972/11640
f 2006/2137/11641 2008/2128/11642 2009/2157/11643
f 2032/1681/11644 2006/2137/11645 2031/1842/11646
f 2039/2123/11647 2011/2158/11648 1927/1682/11649
f 2001/2103/11650 2010/1680/11651 2011/2158/11652
f 1927/1682/11653 2011/2158/11654 2010/1680/11655
f 1413/1845/11656 2014/1973/11657 2012/1786/11658
f 2012/1786/11659 2014/1973/11660 2015/1787/11661
f 1518/1793/11662 2012/1786/11663 2013/1423/11664
f 1412/1421/11665 2013/1423/11666 2012/1786/11667
f 2016/1754/11668 2014/1973/11669 1413/1845/11670
f 2015/1787/11671 2014/1973/11672 1384/2159/11673
f 1384/2159/11674 2018/2150/11675 2015/1787/11676
f 1989/1791/11677 2015/1787/11678 1962/2147/11679
f 1676/1752/11680 2016/1754/11681 1413/1845/11682
f 2016/1754/11683 1675/1753/11684 2017/1972/11685
f 2023/1971/11686 2022/2160/11687 1675/1753/11688
f 2009/2157/11689 2020/2138/11690 2006/2137/11691
f 2018/2150/11692 1384/2159/11693 2009/2157/11694
f 1962/2147/11695 2015/1787/11696 2018/2150/11697
f 2029/1844/11698 2027/2161/11699 2024/2162/11700
f 2017/1972/11701 2021/2163/11702 2020/2138/11703
f 1384/2159/11704 2020/2138/11705 2009/2157/11706
f 1675/1753/11707 2022/2160/11708 2017/1972/11709
f 2021/2163/11710 2019/2164/11711 2029/1844/11712
f 2020/2138/11713 2021/2163/11714 2034/1843/11715
f 2019/2164/11716 2021/2163/11717 2022/2160/11718
f 2017/1972/11719 2022/2160/11720 2021/2163/11721
f 2023/1971/11722 1491/1916/11723 2025/1840/11724
f 2019/2164/11725 2022/2160/11726 2023/1971/11727
f 2019/2164/11728 2026/1841/11729 2027/2161/11730
f 2047/2165/11731 2079/2166/11732 2044/2167/11733
f 1491/1916/11734 1578/1514/11735 2025/1840/11736
f 1672/1749/11737 2025/1840/11738 1578/1514/11739
f 2028/1969/11740 1438/1751/11741 1674/1748/11742
f 2019/2164/11743 2023/1971/11744 2026/1841/11745
f 2028/1969/11746 2026/1841/11747 1438/1751/11748
f 2028/1969/11749 1673/1970/11750 2033/1967/11751
f 2090/1839/11752 2078/1838/11753 2030/1966/11754
f 2028/1969/11755 2027/2161/11756 2026/1841/11757
f 2027/2161/11758 2029/1844/11759 2019/2164/11760
f 2029/1844/11761 2024/2162/11762 2031/1842/11763
f 2045/2168/11764 2082/2169/11765 1973/2141/11766
f 2033/1967/11767 2080/2170/11768 2028/1969/11769
f 2036/2171/11770 2035/2135/11771 2032/1681/11772
f 2032/1681/11773 2010/1680/11774 2006/2137/11775
f 2036/2171/11776 2031/1842/11777 2024/2162/11778
f 2036/2171/11779 2032/1681/11780 2031/1842/11781
f 1673/1970/11782 2054/2038/11783 2090/1839/11784
f 2081/2172/11785 2080/2170/11786 2030/1966/11787
f 2029/1844/11788 2034/1843/11789 2021/2163/11790
f 2006/2137/11791 2034/1843/11792 2031/1842/11793
f 2037/2053/11794 2035/2135/11795 1940/2154/11796
f 1936/2051/11797 1937/1546/11798 2040/2052/11799
f 2047/2165/11800 2036/2171/11801 2024/2162/11802
f 1940/2154/11803 2035/2135/11804 2036/2171/11805
f 2041/2136/11806 2037/2053/11807 1940/2154/11808
f 1939/2054/11809 2037/2053/11810 1942/2048/11811
f 1927/1682/11812 2035/2135/11813 2038/2131/11814
f 2038/2131/11815 2035/2135/11816 2037/2053/11817
f 1931/2121/11818 2039/2123/11819 1928/2127/11820
f 2039/2123/11821 1933/2122/11822 2011/2158/11823
f 1928/2127/11824 2038/2131/11825 2040/2052/11826
f 2037/2053/11827 2040/2052/11828 2038/2131/11829
f 2041/2136/11830 1940/2154/11831 2042/1666/11832
f 1942/2048/11833 2041/2136/11834 1941/1665/11835
f 1940/2154/11836 2047/2165/11837 2046/2153/11838
f 2081/2172/11839 2048/2139/11840 2044/2167/11841
f 1776/1968/11842 1773/2046/11843 2043/1664/11844
f 1943/1986/11845 2043/1664/11846 1773/2046/11847
f 2079/2166/11848 2024/2162/11849 2027/2161/11850
f 2078/1838/11851 2082/2169/11852 2030/1966/11853
f 2049/2156/11854 1973/2141/11855 1377/1978/11856
f 2048/2139/11857 2081/2172/11858 2045/2168/11859
f 2047/2165/11860 1940/2154/11861 2036/2171/11862
f 2048/2139/11863 2046/2153/11864 2044/2167/11865
f 2079/2166/11866 2047/2165/11867 2024/2162/11868
f 2046/2153/11869 2047/2165/11870 2044/2167/11871
f 2048/2139/11872 2042/1666/11873 2046/2153/11874
f 2049/2156/11875 2048/2139/11876 2045/2168/11877
f 1973/2141/11878 2049/2156/11879 2045/2168/11880
f 1776/1968/11881 2049/2156/11882 1377/1978/11883
f 1462/1424/11884 2051/1934/11885 2050/1814/11886
f 1626/1935/11887 2052/1936/11888 2051/1934/11889
f 1625/1722/11890 2051/1934/11891 1462/1424/11892
f 2052/1936/11893 1626/1935/11894 1387/2015/11895
f 2052/1936/11896 1387/2015/11897 1727/1945/11898
f 1648/1813/11899 2050/1814/11900 2052/1936/11901
f 1756/1415/11902 2055/2039/11903 1436/1518/11904
f 1674/1748/11905 2053/1747/11906 1673/1970/11907
f 1673/1970/11908 2053/1747/11909 2054/2038/11910
f 2053/1747/11911 1436/1518/11912 2055/2039/11913
f 1401/1837/11914 2055/2039/11915 1757/1442/11916
f 2053/1747/11917 2055/2039/11918 2054/2038/11919
f 2089/2021/11920 2056/2173/11921 2086/1958/11922
f 2058/2088/11923 2057/1549/11924 2059/2174/11925
f 1736/2020/11926 2066/2175/11927 2064/2176/11928
f 1853/2032/11929 2058/2088/11930 1827/2028/11931
f 1398/1540/11932 2058/2088/11933 1853/2032/11934
f 2057/1549/11935 2064/2176/11936 2059/2174/11937
f 2062/2177/11938 2066/2175/11939 2067/2019/11940
f 2058/2088/11941 2059/2174/11942 2065/2029/11943
f 2063/2016/11944 2062/2177/11945 1651/1902/11946
f 1651/1902/11947 1732/1901/11948 2063/2016/11949
f 1746/1783/11950 2061/1785/11951 1747/1731/11952
f 2061/1785/11953 2060/1784/11954 2062/2177/11955
f 2059/2174/11956 2066/2175/11957 2060/1784/11958
f 2066/2175/11959 2059/2174/11960 2064/2176/11961
f 1431/1730/11962 2063/2016/11963 1732/1901/11964
f 2062/2177/11965 2063/2016/11966 2061/1785/11967
f 2057/1549/11968 2056/2173/11969 2064/2176/11970
f 2064/2176/11971 2056/2173/11972 2089/2021/11973
f 2058/2088/11974 2065/2029/11975 1827/2028/11976
f 2059/2174/11977 2060/1784/11978 2065/2029/11979
f 1736/2020/11980 1737/1947/11981 2067/2019/11982
f 2060/1784/11983 2066/2175/11984 2062/2177/11985
f 2062/2177/11986 2067/2019/11987 1651/1902/11988
f 1736/2020/11989 2067/2019/11990 2066/2175/11991
f 2069/1907/11992 2068/1732/11993 1432/1418/11994
f 2070/1904/11995 2068/1732/11996 1479/1905/11997
f 1908/1735/11998 2069/1907/11999 1432/1418/12000
f 1479/1905/12001 2069/1907/12002 1752/1734/12003
f 1821/1903/12004 2070/1904/12005 1562/1400/12006
f 2068/1732/12007 2070/1904/12008 1738/1733/12009
f 1770/1758/12010 2071/1847/12011 1439/1652/12012
f 1829/1919/12013 2071/1847/12014 1772/1850/12015
f 2072/1979/12016 1679/1976/12017 1680/1848/12018
f 1943/1986/12019 2072/1979/12020 1681/1551/12021
f 1877/2095/12022 2085/1962/12023 2087/2178/12024
f 2073/2085/12025 1667/1914/12026 1839/2041/12027
f 1969/2082/12028 2074/2080/12029 1831/2050/12030
f 1917/2076/12031 2074/2080/12032 1916/2112/12033
f 1956/2125/12034 2075/2145/12035 1960/2144/12036
f 1921/2126/12037 1986/2146/12038 2075/2145/12039
f 2004/2117/12040 2076/2114/12041 1386/1944/12042
f 1921/2126/12043 2076/2114/12044 1986/2146/12045
f 1924/2099/12046 2077/2100/12047 1921/2126/12048
f 1953/1804/12049 2077/2100/12050 1955/2073/12051
f 1975/2036/12052 2078/1838/12053 1401/1837/12054
f 2082/2169/12055 2078/1838/12056 1972/2155/12057
f 2080/2170/12058 2079/2166/12059 2027/2161/12060
f 2030/1966/12061 2082/2169/12062 2081/2172/12063
f 2028/1969/12064 2080/2170/12065 2027/2161/12066
f 2030/1966/12067 2080/2170/12068 2033/1967/12069
f 2044/2167/12070 2079/2166/12071 2081/2172/12072
f 2081/2172/12073 2079/2166/12074 2080/2170/12075
f 1973/2141/12076 2082/2169/12077 1972/2155/12078
f 2081/2172/12079 2082/2169/12080 2045/2168/12081
f 2084/2040/12082 1399/1648/12083 1762/1647/12084
f 2086/1958/12085 2085/1962/12086 1376/1960/12087
f 1667/1914/12088 2073/2085/12089 2087/2178/12090
f 1399/1648/12091 2084/2040/12092 2083/1957/12093
f 2084/2040/12094 1667/1914/12095 2087/2178/12096
f 1878/2018/12097 2085/1962/12098 1877/2095/12099
f 2089/2021/12100 2086/1958/12101 1376/1960/12102
f 2086/1958/12103 2056/2173/12104 2088/1959/12105
f 1877/2095/12106 2087/2178/12107 2073/2085/12108
f 2084/2040/12109 2087/2178/12110 2085/1962/12111
f 2057/1549/12112 2088/1959/12113 2056/2173/12114
f 1662/1956/12115 2083/1957/12116 2088/1959/12117
f 1737/1947/12118 2089/2021/12119 1376/1960/12120
f 2064/2176/12121 2089/2021/12122 1736/2020/12123
f 1673/1970/12124 2090/1839/12125 2033/1967/12126
f 1401/1837/12127 2090/1839/12128 2054/2038/12129
f 2225/2179/12130 2294/2180/12131 2295/2181/12132
f 2190/2182/12133 2140/2183/12134 2192/2184/12135
f 2253/2185/12136 2365/2186/12137 2177/2187/12138
f 2313/2188/12139 2314/2189/12140 2227/2190/12141
f 2191/2191/12142 2139/2192/12143 2190/2182/12144
f 30/2193/12145 29/2194/12146 2195/2195/12147
f 2251/2196/12148 2363/2197/12149 2364/2198/12150
f 2498/2199/12151 2674/2200/12152 2668/2201/12153
f 68/2202/12154 67/2203/12155 2471/2204/12156
f 2225/2179/12157 2296/2205/12158 2155/2206/12159
f 2145/2207/12160 2144/2208/12161 2199/2209/12162
f 2150/2210/12163 2121/2211/12164 1375/2212/12165
f 2237/2213/12166 2332/2214/12167 2409/2215/12168
f 2334/2216/12169 2236/2217/12170 2238/2218/12171
f 54/2219/12172 53/2220/12173 2300/2221/12174
f 2147/2222/12175 2558/2223/12176 2480/2224/12177
f 57/2225/12178 56/2226/12179 2318/2227/12180
f 2195/2195/12181 2143/2228/12182 2197/2229/12183
f 2408/2230/12184 2305/2231/12185 2316/2232/12186
f 2288/2233/12187 1373/2234/12188 1372/2235/12189
f 2195/2195/12190 2196/2236/12191 2391/2237/12192
f 2333/2238/12193 2417/2239/12194 2418/2240/12195
f 2226/2241/12196 2300/2221/12197 2224/2242/12198
f 2225/2179/12199 2155/2206/12200 2224/2242/12201
f 39/2243/12202 2097/2244/12203 2108/2245/12204
f 2118/2246/12205 2212/2247/12206 2154/2248/12207
f 2202/2249/12208 2145/2207/12209 2117/2250/12210
f 39/2243/12211 2108/2245/12212 40/2251/12213
f 2384/2252/12214 2185/2253/12215 2186/2254/12216
f 2142/2255/12217 2665/2256/12218 2198/2257/12219
f 2096/2258/12220 2095/2259/12221 2171/2260/12222
f 2174/2261/12223 2108/2245/12224 2131/2262/12225
f 2766/2263/12226 2765/2264/12227 2769/2265/12228
f 2193/2266/12229 2094/2267/12230 2093/2268/12231
f 44/2269/12232 43/2270/12233 2245/2271/12234
f 2189/2272/12235 2102/2273/12236 2101/2274/12237
f 1/2275/12238 1375/2212/12239 2119/2276/12240
f 2251/2196/12241 2360/2277/12242 2249/2278/12243
f 2108/2245/12244 2097/2244/12245 2131/2262/12246
f 2518/2279/12247 2125/2280/12248 2417/2239/12249
f 42/2281/12250 2168/2282/12251 43/2270/12252
f 2153/2283/12253 2118/2246/12254 2154/2248/12255
f 2129/2284/12256 2168/2282/12257 2170/2285/12258
f 2369/2286/12259 2133/2287/12260 2365/2186/12261
f 2164/2288/12262 2533/2289/12263 2529/2290/12264
f 2245/2271/12265 2168/2282/12266 2167/2291/12267
f 2360/2277/12268 47/2292/12269 46/2293/12270
f 2204/2294/12271 2396/2295/12272 2146/2296/12273
f 2163/2297/12274 2521/2298/12275 2690/2299/12276
f 2315/2300/12277 56/2226/12278 55/2301/12279
f 71/2302/12280 2262/2303/12281 72/2304/12282
f 2767/2305/12283 2398/2306/12284 2735/2307/12285
f 2284/2308/12286 2205/2309/12287 2283/2310/12288
f 2254/2311/12289 1370/2312/12290 1369/2313/12291
f 2347/2314/12292 2349/2315/12293 2246/2316/12294
f 2644/2317/12295 2645/2318/12296 2744/2319/12297
f 2460/2320/12298 2376/2321/12299 2459/2322/12300
f 2461/2323/12301 2181/2324/12302 2262/2303/12303
f 2271/2325/12304 2272/2326/12305 2194/2327/12306
f 2475/2328/12307 2473/2329/12308 2476/2330/12309
f 2257/2331/12310 75/2332/12311 74/2333/12312
f 2229/2334/12313 2319/2335/12314 2232/2336/12315
f 2180/2337/12316 2257/2331/12317 2260/2338/12318
f 1374/2339/12319 2211/2340/12320 2152/2341/12321
f 2262/2303/12322 2264/2342/12323 2379/2343/12324
f 2257/2331/12325 2261/2344/12326 75/2332/12327
f 2151/2345/12328 2289/2346/12329 2291/2347/12330
f 2268/2348/12331 2188/2349/12332 2184/2350/12333
f 2463/2351/12334 2258/2352/12335 2462/2353/12336
f 2151/2345/12337 2211/2340/12338 2210/2354/12339
f 2517/2355/12340 2620/2356/12341 2576/2357/12342
f 2121/2211/12343 2150/2210/12344 2120/2358/12345
f 2339/2359/12346 64/2360/12347 63/2361/12348
f 2303/2362/12349 2307/2363/12350 2310/2364/12351
f 79/2365/12352 78/2366/12353 2190/2182/12354
f 2342/2367/12355 2524/2368/12356 2127/2369/12357
f 2131/2262/12358 2130/2370/12359 2173/2371/12360
f 2101/2274/12361 2100/2372/12362 2184/2350/12363
f 62/2373/12364 2337/2374/12365 63/2361/12366
f 2403/2375/12367 2227/2190/12368 2406/2376/12369
f 61/2377/12370 2334/2216/12371 2336/2378/12372
f 2337/2374/12373 2339/2359/12374 63/2361/12375
f 2109/2379/12376 2442/2380/12377 2444/2381/12378
f 2151/2345/12379 2291/2347/12380 2153/2283/12381
f 2113/2382/12382 81/2383/12383 80/2384/12384
f 2113/2382/12385 2098/2385/12386 81/2383/12387
f 1363/2386/12388 1362/2387/12389 2201/2388/12390
f 2151/2345/12391 2153/2283/12392 2152/2341/12393
f 2173/2371/12394 2130/2370/12395 2247/2389/12396
f 2113/2382/12397 2186/2254/12398 2098/2385/12399
f 2270/2390/12400 2190/2182/12401 78/2366/12402
f 2555/2391/12403 2560/2392/12404 2565/2393/12405
f 75/2332/12406 2261/2344/12407 76/2394/12408
f 80/2384/12409 2192/2184/12410 2113/2382/12411
f 2184/2350/12412 2188/2349/12413 2138/2395/12414
f 2349/2315/12415 2442/2380/12416 2246/2316/12417
f 61/2377/12418 60/2396/12419 2334/2216/12420
f 2120/2358/12421 2152/2341/12422 2153/2283/12423
f 2235/2397/12424 2159/2398/12425 2234/2399/12426
f 1374/2339/12427 2152/2341/12428 2150/2210/12429
f 2168/2282/12430 42/2281/12431 2170/2285/12432
f 2668/2201/12433 2611/2400/12434 2667/2401/12435
f 2272/2326/12436 2115/2402/12437 2143/2228/12438
f 2204/2294/12439 2102/2273/12440 2281/2403/12441
f 2222/2404/12442 2207/2405/12443 2221/2406/12444
f 2091/2407/12445 32/2408/12446 2115/2402/12447
f 2197/2229/12448 31/2409/12449 30/2193/12450
f 2277/2410/12451 2194/2327/12452 2273/2411/12453
f 79/2365/12454 2192/2184/12455 80/2384/12456
f 2115/2402/12457 32/2408/12458 31/2409/12459
f 2122/2412/12460 2301/2413/12461 2155/2206/12462
f 2130/2370/12463 2172/2414/12464 2246/2316/12465
f 1368/2415/12466 1367/2416/12467 2285/2417/12468
f 2263/2418/12469 2461/2323/12470 2262/2303/12471
f 2177/2187/12472 2252/2419/12473 2253/2185/12474
f 2196/2236/12475 2274/2420/12476 2275/2421/12477
f 46/2293/12478 45/2422/12479 2249/2278/12480
f 2172/2414/12481 2095/2259/12482 2094/2267/12483
f 22/2423/12484 2229/2334/12485 2233/2424/12486
f 2469/2425/12487 2183/2426/12488 2466/2427/12489
f 2175/2428/12490 2249/2278/12491 2250/2429/12492
f 2233/2424/12493 23/2430/12494 22/2423/12495
f 2395/2431/12496 2557/2432/12497 2279/2433/12498
f 2349/2315/12499 2351/2434/12500 2348/2435/12501
f 2202/2249/12502 2117/2250/12503 2105/2436/12504
f 2229/2334/12505 22/2423/12506 21/2437/12507
f 2320/2438/12508 2230/2439/12509 2319/2335/12510
f 2296/2205/12511 2299/2440/12512 2122/2412/12513
f 2121/2211/12514 2120/2358/12515 2664/2441/12516
f 2232/2336/12517 2158/2442/12518 2229/2334/12519
f 2182/2443/12520 2591/2444/12521 2377/2445/12522
f 1374/2339/12523 2150/2210/12524 1375/2212/12525
f 2323/2446/12526 16/2447/12527 2412/2448/12528
f 53/2220/12529 52/2449/12530 2224/2242/12531
f 2418/2240/12532 2236/2217/12533 2237/2213/12534
f 2230/2439/12535 2505/2450/12536 2232/2336/12537
f 2513/2451/12538 2512/2452/12539 2321/2453/12540
f 2140/2183/12541 2384/2252/12542 2186/2254/12543
f 14/2454/12544 2240/2455/12545 15/2456/12546
f 2343/2457/12547 13/2458/12548 12/2459/12549
f 2533/2289/12550 2440/2460/12551 2441/2461/12552
f 2131/2262/12553 2096/2258/12554 2171/2260/12555
f 2287/2462/12556 2222/2404/12557 6/2463/12558
f 12/2459/12559 11/2464/12560 2241/2465/12561
f 2271/2325/12562 2193/2266/12563 2093/2268/12564
f 2236/2217/12565 60/2396/12566 59/2466/12567
f 2105/2436/12568 2104/2467/12569 2202/2249/12570
f 2343/2457/12571 2241/2465/12572 2243/2468/12573
f 2434/2469/12574 2241/2465/12575 2242/2470/12576
f 2159/2398/12577 2235/2397/12578 2324/2471/12579
f 2212/2247/12580 2148/2472/12581 2154/2248/12582
f 2433/2473/12583 2434/2469/12584 2342/2367/12585
f 2278/2474/12586 2199/2209/12587 2200/2475/12588
f 1365/2476/12589 1364/2477/12590 2278/2474/12591
f 2388/2478/12592 2139/2192/12593 2191/2191/12594
f 2216/2479/12595 2214/2480/12596 2223/2481/12597
f 2174/2261/12598 40/2251/12599 2108/2245/12600
f 1365/2476/12601 2278/2474/12602 2280/2482/12603
f 1367/2416/12604 2286/2483/12605 2285/2417/12606
f 2195/2195/12607 2391/2237/12608 2142/2255/12609
f 2189/2272/12610 2101/2274/12611 2184/2350/12612
f 2452/2484/12613 2443/2485/12614 2445/2486/12615
f 2172/2414/12616 2130/2370/12617 2171/2260/12618
f 2103/2487/12619 2203/2488/12620 2104/2467/12621
f 2205/2309/12622 2144/2208/12623 2145/2207/12624
f 2478/2489/12625 2116/2490/12626 2479/2491/12627
f 2274/2420/12628 29/2194/12629 28/2492/12630
f 2117/2250/12631 1362/2387/12632 1361/2493/12633
f 2134/2494/12634 2563/2495/12635 2630/2496/12636
f 2105/2436/12637 2117/2250/12638 1361/2493/12639
f 2199/2209/12640 2392/2497/12641 2200/2475/12642
f 2117/2250/12643 2145/2207/12644 2201/2388/12645
f 1364/2477/12646 1363/2386/12647 2199/2209/12648
f 2381/2498/12649 67/2203/12650 66/2499/12651
f 2269/2500/12652 2390/2501/12653 2185/2253/12654
f 1366/2502/12655 2280/2482/12656 2286/2483/12657
f 19/2503/12658 18/2504/12659 2234/2399/12660
f 2322/2505/12661 2323/2446/12662 2235/2397/12663
f 2287/2462/12664 2208/2506/12665 2207/2405/12666
f 6/2463/12667 5/2507/12668 2287/2462/12669
f 2209/2508/12670 3/2509/12671 2664/2441/12672
f 2341/2510/12673 2242/2470/12674 2340/2511/12675
f 2121/2211/12676 3/2509/12677 2/2512/12678
f 2097/2244/12679 2096/2258/12680 2131/2262/12681
f 26/2513/12682 2252/2419/12683 27/2514/12684
f 2120/2358/12685 2153/2283/12686 2154/2248/12687
f 2263/2418/12688 2375/2515/12689 2376/2321/12690
f 2208/2506/12691 5/2507/12692 4/2516/12693
f 2232/2336/12694 2505/2450/12695 2158/2442/12696
f 1371/2517/12697 1370/2312/12698 2371/2518/12699
f 2456/2519/12700 2457/2520/12701 2372/2521/12702
f 1375/2212/12703 2121/2211/12704 2119/2276/12705
f 2/2512/12706 1/2275/12707 2119/2276/12708
f 2607/2522/12709 2606/2523/12710 2179/2524/12711
f 2486/2525/12712 2487/2526/12713 2489/2527/12714
f 1373/2234/12715 2211/2340/12716 1374/2339/12717
f 2329/2528/12718 2308/2529/12719 2330/2530/12720
f 2152/2341/12721 2120/2358/12722 2150/2210/12723
f 2121/2211/12724 2/2512/12725 2119/2276/12726
f 2124/2531/12727 2324/2471/12728 2327/2532/12729
f 2197/2229/12730 2115/2402/12731 31/2409/12732
f 2371/2518/12733 2254/2311/12734 2256/2533/12735
f 2216/2479/12736 2207/2405/12737 2217/2534/12738
f 2664/2441/12739 2154/2248/12740 2209/2508/12741
f 2294/2180/12742 52/2449/12743 51/2535/12744
f 2141/2536/12745 2193/2266/12746 2194/2327/12747
f 2313/2188/12748 50/2537/12749 49/2538/12750
f 2148/2472/12751 2208/2506/12752 2209/2508/12753
f 2512/2452/12754 2178/2539/12755 2367/2540/12756
f 2322/2505/12757 18/2504/12758 17/2541/12759
f 2504/2542/12760 2503/2543/12761 2410/2544/12762
f 2240/2455/12763 2412/2448/12764 15/2456/12765
f 2329/2528/12766 2576/2357/12767 2308/2529/12768
f 2332/2214/12769 59/2466/12770 58/2545/12771
f 2423/2546/12772 2421/2547/12773 2335/2548/12774
f 56/2226/12775 2315/2300/12776 2318/2227/12777
f 2620/2356/12778 2157/2549/12779 2576/2357/12780
f 2335/2548/12781 2424/2550/12782 2423/2546/12783
f 2686/2551/12784 2137/2552/12785 2595/2553/12786
f 2243/2468/12787 2345/2554/12788 2439/2555/12789
f 2160/2556/12790 2516/2557/12791 2515/2558/12792
f 2340/2511/12793 11/2464/12794 10/2559/12795
f 2440/2460/12796 2436/2560/12797 2344/2561/12798
f 2346/2562/12799 9/2563/12800 8/2564/12801
f 2714/2565/12802 2721/2566/12803 2713/2567/12804
f 2444/2381/12805 2446/2568/12806 2248/2569/12807
f 2175/2428/12808 2250/2429/12809 2359/2570/12810
f 2170/2285/12811 41/2571/12812 2169/2572/12813
f 2168/2282/12814 2129/2284/12815 2684/2573/12816
f 41/2571/12817 40/2251/12818 2174/2261/12819
f 2248/2569/12820 2169/2572/12821 2173/2371/12822
f 41/2571/12823 2170/2285/12824 42/2281/12825
f 2129/2284/12826 2170/2285/12827 2169/2572/12828
f 2172/2414/12829 2171/2260/12830 2095/2259/12831
f 2131/2262/12832 2171/2260/12833 2130/2370/12834
f 2193/2266/12835 2172/2414/12836 2094/2267/12837
f 2246/2316/12838 2109/2379/12839 2247/2389/12840
f 2173/2371/12841 2247/2389/12842 2248/2569/12843
f 2174/2261/12844 2169/2572/12845 41/2571/12846
f 2131/2262/12847 2173/2371/12848 2174/2261/12849
f 2169/2572/12850 2174/2261/12851 2173/2371/12852
f 45/2422/12853 44/2269/12854 2357/2574/12855
f 2361/2575/12856 2251/2196/12857 2175/2428/12858
f 2363/2197/12859 2362/2576/12860 2176/2577/12861
f 2403/2375/12862 2297/2578/12863 2295/2181/12864
f 2253/2185/12865 26/2513/12866 25/2579/12867
f 2276/2580/12868 2352/2581/12869 2665/2256/12870
f 23/2430/12871 2231/2582/12872 2321/2453/12873
f 2512/2452/12874 2613/2583/12875 2178/2539/12876
f 2370/2584/12877 2254/2311/12878 1369/2313/12879
f 2149/2585/12880 2210/2354/12881 2456/2519/12882
f 2257/2331/12883 2373/2586/12884 2260/2338/12885
f 2389/2587/12886 2191/2191/12887 2374/2588/12888
f 2375/2515/12889 2262/2303/12890 71/2302/12891
f 2258/2352/12892 2264/2342/12893 2462/2353/12894
f 2380/2589/12895 69/2590/12896 68/2202/12897
f 2182/2443/12898 2474/2591/12899 2589/2592/12900
f 2381/2498/12901 2382/2593/12902 2266/2594/12903
f 2522/2595/12904 2430/2596/12905 64/2360/12906
f 2268/2348/12907 2100/2372/12908 2099/2597/12909
f 2138/2395/12910 2187/2598/12911 2189/2272/12912
f 2099/2597/12913 2098/2385/12914 2186/2254/12915
f 2140/2183/12916 2139/2192/12917 2269/2500/12918
f 2140/2183/12919 2186/2254/12920 2113/2382/12921
f 2186/2254/12922 2185/2253/12923 2268/2348/12924
f 2396/2295/12925 2545/2599/12926 2283/2310/12927
f 2204/2294/12928 2203/2488/12929 2103/2487/12930
f 2268/2348/12931 2184/2350/12932 2100/2372/12933
f 2390/2501/12934 2188/2349/12935 2185/2253/12936
f 2138/2395/12937 2189/2272/12938 2184/2350/12939
f 2189/2272/12940 2187/2598/12941 2281/2403/12942
f 2270/2390/12943 78/2366/12944 77/2600/12945
f 2140/2183/12946 2190/2182/12947 2139/2192/12948
f 2374/2588/12949 76/2394/12950 2259/2601/12951
f 2385/2602/12952 2387/2603/12953 2112/2604/12954
f 2190/2182/12955 2192/2184/12956 79/2365/12957
f 2113/2382/12958 2192/2184/12959 2140/2183/12960
f 2271/2325/12961 2093/2268/12962 2092/2605/12963
f 2193/2266/12964 2141/2536/12965 2347/2314/12966
f 2272/2326/12967 2092/2605/12968 2091/2407/12969
f 2198/2257/12970 2143/2228/12971 2142/2255/12972
f 2195/2195/12973 29/2194/12974 2274/2420/12975
f 2143/2228/12976 2195/2195/12977 2142/2255/12978
f 2275/2421/12979 28/2492/12980 27/2514/12981
f 2450/2606/12982 2584/2607/12983 2355/2608/12984
f 2195/2195/12985 2197/2229/12986 30/2193/12987
f 2115/2402/12988 2197/2229/12989 2143/2228/12990
f 2277/2410/12991 2198/2257/12992 2114/2609/12993
f 2198/2257/12994 2277/2410/12995 2273/2411/12996
f 2199/2209/12997 1363/2386/12998 2201/2388/12999
f 2144/2208/13000 2392/2497/13001 2199/2209/13002
f 2284/2308/13003 2279/2433/13004 2392/2497/13005
f 1365/2476/13006 2280/2482/13007 1366/2502/13008
f 2117/2250/13009 2201/2388/13010 1362/2387/13011
f 2199/2209/13012 2201/2388/13013 2145/2207/13014
f 2203/2488/13015 2202/2249/13016 2104/2467/13017
f 2205/2309/13018 2202/2249/13019 2146/2296/13020
f 2103/2487/13021 2102/2273/13022 2204/2294/13023
f 2202/2249/13024 2203/2488/13025 2146/2296/13026
f 2187/2598/13027 2282/2610/13028 2396/2295/13029
f 2146/2296/13030 2203/2488/13031 2204/2294/13032
f 2202/2249/13033 2205/2309/13034 2145/2207/13035
f 2283/2310/13036 2205/2309/13037 2146/2296/13038
f 2564/2611/13039 2559/2612/13040 2147/2222/13041
f 2254/2311/13042 2255/2613/13043 2179/2524/13044
f 2118/2246/13045 2291/2347/13046 2397/2614/13047
f 2222/2404/13048 2293/2615/13049 7/2616/13050
f 2209/2508/13051 2208/2506/13052 4/2516/13053
f 2208/2506/13054 2148/2472/13055 2217/2534/13056
f 3/2509/13057 2209/2508/13058 4/2516/13059
f 2148/2472/13060 2209/2508/13061 2154/2248/13062
f 2738/2617/13063 2458/2618/13064 2256/2533/13065
f 2289/2346/13066 2210/2354/13067 2149/2585/13068
f 2211/2340/13069 1373/2234/13070 2288/2233/13071
f 2152/2341/13072 2211/2340/13073 2151/2345/13074
f 2397/2614/13075 2215/2619/13076 2212/2247/13077
f 2215/2619/13078 2148/2472/13079 2212/2247/13080
f 2118/2246/13081 2153/2283/13082 2291/2347/13083
f 2400/2620/13084 2213/2621/13085 2399/2622/13086
f 2218/2623/13087 2220/2624/13088 2485/2625/13089
f 2216/2479/13090 2217/2534/13091 2215/2619/13092
f 2212/2247/13093 2118/2246/13094 2397/2614/13095
f 2215/2619/13096 2214/2480/13097 2216/2479/13098
f 2401/2626/13099 2220/2624/13100 2223/2481/13101
f 2207/2405/13102 2216/2479/13103 2221/2406/13104
f 2208/2506/13105 2217/2534/13106 2207/2405/13107
f 2215/2619/13108 2217/2534/13109 2148/2472/13110
f 2489/2527/13111 2218/2623/13112 2485/2625/13113
f 2678/2627/13114 2432/2628/13115 2341/2510/13116
f 2493/2629/13117 2492/2630/13118 2219/2631/13119
f 2490/2632/13120 2568/2633/13121 2244/2634/13122
f 2214/2480/13123 2399/2622/13124 2401/2626/13125
f 2725/2635/13126 2492/2630/13127 2218/2623/13128
f 2216/2479/13129 2223/2481/13130 2493/2629/13131
f 2221/2406/13132 2219/2631/13133 2222/2404/13134
f 2293/2615/13135 2222/2404/13136 2219/2631/13137
f 7/2616/13138 6/2463/13139 2222/2404/13140
f 2401/2626/13141 2223/2481/13142 2214/2480/13143
f 2223/2481/13144 2220/2624/13145 2493/2629/13146
f 2224/2242/13147 52/2449/13148 2294/2180/13149
f 2226/2241/13150 2224/2242/13151 2155/2206/13152
f 2295/2181/13153 51/2535/13154 50/2537/13155
f 2155/2206/13156 2296/2205/13157 2122/2412/13158
f 2301/2413/13159 2226/2241/13160 2155/2206/13161
f 2305/2231/13162 2226/2241/13163 2301/2413/13164
f 2404/2636/13165 49/2538/13166 48/2637/13167
f 2227/2190/13168 2314/2189/13169 2495/2638/13170
f 2303/2362/13171 2407/2639/13172 2316/2232/13173
f 2312/2640/13174 2228/2641/13175 2310/2364/13176
f 2319/2335/13177 21/2437/13178 20/2642/13179
f 2158/2442/13180 2231/2582/13181 2233/2424/13182
f 2320/2438/13183 20/2642/13184 19/2503/13185
f 2320/2438/13186 2159/2398/13187 2410/2544/13188
f 2158/2442/13189 2507/2643/13190 2509/2644/13191
f 23/2430/13192 2321/2453/13193 24/2645/13194
f 2319/2335/13195 2229/2334/13196 21/2437/13197
f 2230/2439/13198 2503/2543/13199 2505/2450/13200
f 2158/2442/13201 2233/2424/13202 2229/2334/13203
f 23/2430/13204 2233/2424/13205 2231/2582/13206
f 2234/2399/13207 18/2504/13208 2322/2505/13209
f 2320/2438/13210 2234/2399/13211 2159/2398/13212
f 2323/2446/13213 17/2541/13214 16/2447/13215
f 2324/2471/13216 2124/2531/13217 2501/2646/13218
f 2236/2217/13219 59/2466/13220 2332/2214/13221
f 2236/2217/13222 2161/2647/13223 2421/2547/13224
f 2409/2215/13225 57/2225/13226 2499/2648/13227
f 2333/2238/13228 2518/2279/13229 2417/2239/13230
f 2417/2239/13231 2335/2548/13232 2421/2547/13233
f 2336/2378/13234 2238/2218/13235 2423/2546/13236
f 2336/2378/13237 62/2373/13238 61/2377/13239
f 2466/2427/13240 2266/2594/13241 2382/2593/13242
f 2439/2555/13243 14/2454/13244 13/2458/13245
f 2160/2556/13246 2323/2446/13247 2516/2557/13248
f 2241/2465/13249 11/2464/13250 2340/2511/13251
f 2241/2465/13252 2165/2649/13253 2436/2560/13254
f 2431/2650/13255 10/2559/13256 9/2563/13257
f 2433/2473/13258 2342/2367/13259 2127/2369/13260
f 2433/2473/13261 2344/2561/13262 2436/2560/13263
f 2438/2651/13264 2164/2288/13265 2514/2652/13266
f 7/2616/13267 2293/2615/13268 8/2564/13269
f 2490/2632/13270 2402/2653/13271 2568/2633/13272
f 2168/2282/13273 2245/2271/13274 43/2270/13275
f 2250/2429/13276 2245/2271/13277 2167/2291/13278
f 2172/2414/13279 2347/2314/13280 2246/2316/13281
f 2351/2434/13282 2349/2315/13283 2350/2654/13284
f 2246/2316/13285 2247/2389/13286 2130/2370/13287
f 2248/2569/13288 2247/2389/13289 2109/2379/13290
f 2444/2381/13291 2248/2569/13292 2109/2379/13293
f 2129/2284/13294 2169/2572/13295 2248/2569/13296
f 2249/2278/13297 45/2422/13298 2357/2574/13299
f 2251/2196/13300 2249/2278/13301 2175/2428/13302
f 2250/2429/13303 2357/2574/13304 2245/2271/13305
f 2167/2291/13306 2448/2655/13307 2250/2429/13308
f 2361/2575/13309 2175/2428/13310 2132/2656/13311
f 2364/2198/13312 2363/2197/13313 2176/2577/13314
f 2253/2185/13315 2252/2419/13316 26/2513/13317
f 2275/2421/13318 2252/2419/13319 2177/2187/13320
f 24/2645/13321 2367/2540/13322 2455/2657/13323
f 2177/2187/13324 2365/2186/13325 2133/2287/13326
f 2370/2584/13327 1369/2313/13328 1368/2415/13329
f 2254/2311/13330 2179/2524/13331 2256/2533/13332
f 2255/2613/13333 2370/2584/13334 2285/2417/13335
f 2206/2658/13336 2559/2612/13337 2562/2659/13338
f 2740/2660/13339 2737/2661/13340 2738/2617/13341
f 2457/2520/13342 2456/2519/13343 2210/2354/13344
f 2373/2586/13345 74/2333/13346 73/2662/13347
f 2180/2337/13348 2259/2601/13349 2261/2344/13350
f 2379/2343/13351 73/2662/13352 72/2304/13353
f 2181/2324/13354 2464/2663/13355 2264/2342/13356
f 2259/2601/13357 2542/2664/13358 2389/2587/13359
f 76/2394/13360 2374/2588/13361 77/2600/13362
f 2373/2586/13363 2257/2331/13364 74/2333/13365
f 2463/2351/13366 2260/2338/13367 2258/2352/13368
f 2180/2337/13369 2261/2344/13370 2257/2331/13371
f 76/2394/13372 2261/2344/13373 2259/2601/13374
f 2375/2515/13375 71/2302/13376 70/2665/13377
f 2264/2342/13378 2262/2303/13379 2181/2324/13380
f 2376/2321/13381 70/2665/13382 69/2590/13383
f 2377/2445/13384 2593/2666/13385 2679/2667/13386
f 2679/2667/13387 2378/2668/13388 2464/2663/13389
f 2373/2586/13390 2379/2343/13391 2258/2352/13392
f 2381/2498/13393 2383/2669/13394 2471/2204/13395
f 2183/2426/13396 2475/2328/13397 2472/2670/13398
f 2465/2671/13399 66/2499/13400 65/2672/13401
f 2266/2594/13402 2472/2670/13403 2383/2669/13404
f 2239/2673/13405 2426/2674/13406 2429/2675/13407
f 2429/2675/13408 2163/2297/13409 2759/2676/13410
f 2186/2254/13411 2268/2348/13412 2099/2597/13413
f 2188/2349/13414 2268/2348/13415 2185/2253/13416
f 2139/2192/13417 2385/2602/13418 2269/2500/13419
f 2269/2500/13420 2385/2602/13421 2390/2501/13422
f 2374/2588/13423 2270/2390/13424 77/2600/13425
f 2190/2182/13426 2270/2390/13427 2191/2191/13428
f 2272/2326/13429 2271/2325/13430 2092/2605/13431
f 2193/2266/13432 2271/2325/13433 2194/2327/13434
f 2115/2402/13435 2272/2326/13436 2091/2407/13437
f 2273/2411/13438 2143/2228/13439 2198/2257/13440
f 2194/2327/13441 2272/2326/13442 2273/2411/13443
f 2143/2228/13444 2273/2411/13445 2272/2326/13446
f 2275/2421/13447 2274/2420/13448 28/2492/13449
f 2195/2195/13450 2274/2420/13451 2196/2236/13452
f 2252/2419/13453 2275/2421/13454 27/2514/13455
f 2450/2606/13456 2355/2608/13457 2449/2677/13458
f 2449/2677/13459 2196/2236/13460 2275/2421/13461
f 2356/2678/13462 2348/2435/13463 2351/2434/13464
f 2350/2654/13465 2277/2410/13466 2114/2609/13467
f 2141/2536/13468 2194/2327/13469 2277/2410/13470
f 2199/2209/13471 2278/2474/13472 1364/2477/13473
f 2280/2482/13474 2278/2474/13475 2200/2475/13476
f 2478/2489/13477 2279/2433/13478 2116/2490/13479
f 2200/2475/13480 2394/2679/13481 2280/2482/13482
f 2200/2475/13483 2392/2497/13484 2394/2679/13485
f 2561/2680/13486 2483/2681/13487 2559/2612/13488
f 2189/2272/13489 2281/2403/13490 2102/2273/13491
f 2187/2598/13492 2204/2294/13493 2281/2403/13494
f 2547/2682/13495 2548/2683/13496 2138/2395/13497
f 2550/2684/13498 2282/2610/13499 2549/2685/13500
f 2283/2310/13501 2146/2296/13502 2396/2295/13503
f 2284/2308/13504 2283/2310/13505 2116/2490/13506
f 2279/2433/13507 2284/2308/13508 2116/2490/13509
f 2144/2208/13510 2205/2309/13511 2284/2308/13512
f 1367/2416/13513 1366/2502/13514 2286/2483/13515
f 2255/2613/13516 2285/2417/13517 2206/2658/13518
f 2557/2432/13519 2556/2686/13520 2394/2679/13521
f 2285/2417/13522 2286/2483/13523 2561/2680/13524
f 2208/2506/13525 2287/2462/13526 5/2507/13527
f 2222/2404/13528 2287/2462/13529 2207/2405/13530
f 2457/2520/13531 2288/2233/13532 1372/2235/13533
f 2211/2340/13534 2288/2233/13535 2210/2354/13536
f 2289/2346/13537 2149/2585/13538 2290/2687/13539
f 2151/2345/13540 2210/2354/13541 2289/2346/13542
f 2290/2687/13543 2149/2585/13544 2680/2688/13545
f 2215/2619/13546 2292/2689/13547 2214/2480/13548
f 2289/2346/13549 2290/2687/13550 2291/2347/13551
f 2397/2614/13552 2291/2347/13553 2290/2687/13554
f 2400/2620/13555 2290/2687/13556 2398/2306/13557
f 2399/2622/13558 2292/2689/13559 2400/2620/13560
f 2491/2690/13561 2293/2615/13562 2219/2631/13563
f 2293/2615/13564 2490/2632/13565 2346/2562/13566
f 2295/2181/13567 2294/2180/13568 51/2535/13569
f 2224/2242/13570 2294/2180/13571 2225/2179/13572
f 2313/2188/13573 2295/2181/13574 50/2537/13575
f 2403/2375/13576 2295/2181/13577 2227/2190/13578
f 2225/2179/13579 2297/2578/13580 2296/2205/13581
f 2296/2205/13582 2297/2578/13583 2299/2440/13584
f 2295/2181/13585 2297/2578/13586 2225/2179/13587
f 2299/2440/13588 2156/2691/13589 2298/2692/13590
f 2156/2691/13591 2403/2375/13592 2406/2376/13593
f 2755/2693/13594 2666/2694/13595 2306/2695/13596
f 2156/2691/13597 2299/2440/13598 2297/2578/13599
f 2122/2412/13600 2299/2440/13601 2298/2692/13602
f 2224/2242/13603 2300/2221/13604 53/2220/13605
f 2408/2230/13606 2300/2221/13607 2226/2241/13608
f 2304/2696/13609 2301/2413/13610 2122/2412/13611
f 2407/2639/13612 2315/2300/13613 2316/2232/13614
f 2309/2697/13615 2676/2698/13616 2304/2696/13617
f 2583/2699/13618 2414/2700/13619 2416/2701/13620
f 2305/2231/13621 2304/2696/13622 2307/2363/13623
f 2308/2529/13624 2310/2364/13625 2307/2363/13626
f 2309/2697/13627 2304/2696/13628 2122/2412/13629
f 2307/2363/13630 2304/2696/13631 2302/2702/13632
f 2304/2696/13633 2305/2231/13634 2301/2413/13635
f 2316/2232/13636 2305/2231/13637 2303/2362/13638
f 2122/2412/13639 2755/2693/13640 2309/2697/13641
f 2677/2703/13642 2331/2704/13643 2676/2698/13644
f 2308/2529/13645 2307/2363/13646 2302/2702/13647
f 2305/2231/13648 2307/2363/13649 2303/2362/13650
f 2331/2704/13651 2330/2530/13652 2302/2702/13653
f 2308/2529/13654 2157/2549/13655 2310/2364/13656
f 2755/2693/13657 2122/2412/13658 2298/2692/13659
f 2309/2697/13660 2306/2695/13661 2676/2698/13662
f 2312/2640/13663 2310/2364/13664 2157/2549/13665
f 2310/2364/13666 2228/2641/13667 2407/2639/13668
f 2620/2356/13669 2517/2355/13670 2619/2705/13671
f 2419/2706/13672 2409/2215/13673 2500/2707/13674
f 2620/2356/13675 2312/2640/13676 2157/2549/13677
f 2312/2640/13678 2311/2708/13679 2675/2709/13680
f 2313/2188/13681 49/2538/13682 2404/2636/13683
f 2295/2181/13684 2313/2188/13685 2227/2190/13686
f 2364/2198/13687 2454/2710/13688 2251/2196/13689
f 2496/2711/13690 2405/2712/13691 2495/2638/13692
f 2315/2300/13693 55/2301/13694 2316/2232/13695
f 2675/2709/13696 2318/2227/13697 2228/2641/13698
f 55/2301/13699 54/2219/13700 2316/2232/13701
f 2408/2230/13702 2316/2232/13703 54/2219/13704
f 2675/2709/13705 2317/2713/13706 2318/2227/13707
f 2500/2707/13708 2311/2708/13709 2162/2714/13710
f 2228/2641/13711 2318/2227/13712 2315/2300/13713
f 2318/2227/13714 2317/2713/13715 2499/2648/13716
f 2320/2438/13717 2319/2335/13718 20/2642/13719
f 2232/2336/13720 2319/2335/13721 2230/2439/13722
f 2234/2399/13723 2320/2438/13724 19/2503/13725
f 2410/2544/13726 2159/2398/13727 2501/2646/13728
f 2513/2451/13729 2321/2453/13730 2231/2582/13731
f 2178/2539/13732 2366/2715/13733 2367/2540/13734
f 2323/2446/13735 2322/2505/13736 17/2541/13737
f 2234/2399/13738 2322/2505/13739 2235/2397/13740
f 16/2447/13741 15/2456/13742 2412/2448/13743
f 2325/2716/13744 2323/2446/13745 2160/2556/13746
f 2235/2397/13747 2325/2716/13748 2324/2471/13749
f 2324/2471/13750 2325/2716/13751 2327/2532/13752
f 2323/2446/13753 2325/2716/13754 2235/2397/13755
f 2160/2556/13756 2730/2717/13757 2327/2532/13758
f 2536/2718/13759 2515/2558/13760 2532/2719/13761
f 2731/2720/13762 2572/2721/13763 2573/2722/13764
f 2160/2556/13765 2327/2532/13766 2325/2716/13767
f 2124/2531/13768 2327/2532/13769 2326/2723/13770
f 2160/2556/13771 2515/2558/13772 2536/2718/13773
f 2576/2357/13774 2577/2724/13775 2517/2355/13776
f 2330/2530/13777 2308/2529/13778 2302/2702/13779
f 2531/2725/13780 2126/2726/13781 2530/2727/13782
f 2302/2702/13783 2676/2698/13784 2331/2704/13785
f 2330/2530/13786 2331/2704/13787 2414/2700/13788
f 2124/2531/13789 2573/2722/13790 2571/2728/13791
f 2329/2528/13792 2414/2700/13793 2328/2729/13794
f 2409/2215/13795 2332/2214/13796 58/2545/13797
f 2236/2217/13798 2332/2214/13799 2237/2213/13800
f 2419/2706/13801 2333/2238/13802 2418/2240/13803
f 2519/2730/13804 2420/2731/13805 2518/2279/13806
f 2236/2217/13807 2334/2216/13808 60/2396/13809
f 2336/2378/13810 2334/2216/13811 2238/2218/13812
f 2335/2548/13813 2520/2732/13814 2424/2550/13815
f 2337/2374/13816 2425/2733/13817 2239/2673/13818
f 2238/2218/13819 2421/2547/13820 2423/2546/13821
f 2336/2378/13822 2425/2733/13823 2337/2374/13824
f 2336/2378/13825 2337/2374/13826 62/2373/13827
f 2683/2734/13828 2339/2359/13829 2239/2673/13830
f 2338/2735/13831 2339/2359/13832 2683/2734/13833
f 2430/2596/13834 2523/2736/13835 2467/2737/13836
f 2239/2673/13837 2339/2359/13838 2337/2374/13839
f 2339/2359/13840 2338/2735/13841 2522/2595/13842
f 2340/2511/13843 10/2559/13844 2431/2650/13845
f 2241/2465/13846 2340/2511/13847 2242/2470/13848
f 2341/2510/13849 2431/2650/13850 2346/2562/13851
f 2678/2627/13852 2341/2510/13853 2244/2634/13854
f 2342/2367/13855 2434/2469/13856 2432/2628/13857
f 2525/2738/13858 2435/2739/13859 2524/2368/13860
f 2241/2465/13861 2343/2457/13862 12/2459/13863
f 2439/2555/13864 2343/2457/13865 2243/2468/13866
f 2526/2740/13867 2441/2461/13868 2344/2561/13869
f 2345/2554/13870 2243/2468/13871 2440/2460/13872
f 2439/2555/13873 2438/2651/13874 2240/2455/13875
f 2243/2468/13876 2436/2560/13877 2440/2460/13878
f 2293/2615/13879 2346/2562/13880 8/2564/13881
f 2341/2510/13882 2346/2562/13883 2244/2634/13884
f 2193/2266/13885 2347/2314/13886 2172/2414/13887
f 2349/2315/13888 2348/2435/13889 2442/2380/13890
f 2356/2678/13891 2352/2581/13892 2354/2741/13893
f 2132/2656/13894 2175/2428/13895 2359/2570/13896
f 2347/2314/13897 2141/2536/13898 2349/2315/13899
f 2141/2536/13900 2277/2410/13901 2350/2654/13902
f 2350/2654/13903 2114/2609/13904 2351/2434/13905
f 2141/2536/13906 2350/2654/13907 2349/2315/13908
f 2114/2609/13909 2352/2581/13910 2351/2434/13911
f 2276/2580/13912 2354/2741/13913 2352/2581/13914
f 2665/2256/13915 2352/2581/13916 2114/2609/13917
f 2355/2608/13918 2354/2741/13919 2276/2580/13920
f 2539/2742/13921 2451/2743/13922 2538/2744/13923
f 2351/2434/13924 2352/2581/13925 2356/2678/13926
f 2449/2677/13927 2276/2580/13928 2391/2237/13929
f 2354/2741/13930 2353/2745/13931 2356/2678/13932
f 2275/2421/13933 2177/2187/13934 2450/2606/13935
f 2353/2745/13936 2354/2741/13937 2355/2608/13938
f 2539/2742/13939 2538/2744/13940 2353/2745/13941
f 2659/2746/13942 2658/2747/13943 2132/2656/13944
f 2245/2271/13945 2357/2574/13946 44/2269/13947
f 2249/2278/13948 2357/2574/13949 2250/2429/13950
f 2684/2573/13951 2446/2568/13952 2447/2748/13953
f 2538/2744/13954 2356/2678/13955 2353/2745/13956
f 2448/2655/13957 2359/2570/13958 2250/2429/13959
f 2663/2749/13960 2359/2570/13961 2358/2750/13962
f 2249/2278/13963 2360/2277/13964 46/2293/13965
f 2454/2710/13966 2360/2277/13967 2251/2196/13968
f 2362/2576/13969 2361/2575/13970 2132/2656/13971
f 2176/2577/13972 2496/2711/13973 2364/2198/13974
f 2654/2751/13975 2362/2576/13976 2658/2747/13977
f 2574/2752/13978 2615/2753/13979 2613/2583/13980
f 2251/2196/13981 2361/2575/13982 2363/2197/13983
f 2362/2576/13984 2363/2197/13985 2361/2575/13986
f 2454/2710/13987 2314/2189/13988 2404/2636/13989
f 47/2292/13990 2454/2710/13991 48/2637/13992
f 2253/2185/13993 2366/2715/13994 2365/2186/13995
f 2365/2186/13996 2366/2715/13997 2369/2286/13998
f 25/2579/13999 2455/2657/14000 2253/2185/14001
f 2615/2753/14002 2369/2286/14003 2178/2539/14004
f 2366/2715/14005 2253/2185/14006 2455/2657/14007
f 24/2645/14008 2321/2453/14009 2367/2540/14010
f 2614/2754/14011 2613/2583/14012 2411/2755/14013
f 2588/2756/14014 2539/2742/14015 2586/2757/14016
f 2178/2539/14017 2369/2286/14018 2366/2715/14019
f 2369/2286/14020 2368/2758/14021 2585/2759/14022
f 2285/2417/14023 2370/2584/14024 1368/2415/14025
f 2254/2311/14026 2370/2584/14027 2255/2613/14028
f 2254/2311/14029 2371/2518/14030 1370/2312/14031
f 2371/2518/14032 2256/2533/14033 2458/2618/14034
f 2798/2760/14035 2740/2660/14036 2634/2761/14037
f 2632/2762/14038 2134/2494/14039 2630/2496/14040
f 2373/2586/14041 73/2662/14042 2379/2343/14043
f 2260/2338/14044 2373/2586/14045 2258/2352/14046
f 2389/2587/14047 2374/2588/14048 2259/2601/14049
f 2270/2390/14050 2374/2588/14051 2191/2191/14052
f 2376/2321/14053 2375/2515/14054 70/2665/14055
f 2262/2303/14056 2375/2515/14057 2263/2418/14058
f 2380/2589/14059 2376/2321/14060 69/2590/14061
f 2459/2322/14062 2376/2321/14063 2265/2763/14064
f 2377/2445/14065 2461/2323/14066 2460/2320/14067
f 2182/2443/14068 2589/2592/14069 2591/2444/14070
f 2644/2317/14071 2625/2764/14072 2639/2765/14073
f 2180/2337/14074 2260/2338/14075 2463/2351/14076
f 2262/2303/14077 2379/2343/14078 72/2304/14079
f 2379/2343/14080 2264/2342/14081 2258/2352/14082
f 2380/2589/14083 68/2202/14084 2471/2204/14085
f 2376/2321/14086 2380/2589/14087 2265/2763/14088
f 2381/2498/14089 66/2499/14090 2465/2671/14091
f 2383/2669/14092 2381/2498/14093 2266/2594/14094
f 2430/2596/14095 65/2672/14096 64/2360/14097
f 2266/2594/14098 2466/2427/14099 2183/2426/14100
f 2472/2670/14101 2266/2594/14102 2183/2426/14103
f 2380/2589/14104 2383/2669/14105 2265/2763/14106
f 2140/2183/14107 2269/2500/14108 2384/2252/14109
f 2185/2253/14110 2384/2252/14111 2269/2500/14112
f 2191/2191/14113 2389/2587/14114 2388/2478/14115
f 2390/2501/14116 2385/2602/14117 2112/2604/14118
f 2542/2664/14119 2543/2766/14120 2389/2587/14121
f 2543/2766/14122 2386/2767/14123 2389/2587/14124
f 2388/2478/14125 2385/2602/14126 2139/2192/14127
f 2387/2603/14128 2386/2767/14129 2553/2768/14130
f 2386/2767/14131 2387/2603/14132 2388/2478/14133
f 2388/2478/14134 2387/2603/14135 2385/2602/14136
f 2623/2769/14137 2542/2664/14138 2180/2337/14139
f 2389/2587/14140 2386/2767/14141 2388/2478/14142
f 2547/2682/14143 2390/2501/14144 2112/2604/14145
f 2188/2349/14146 2390/2501/14147 2138/2395/14148
f 2391/2237/14149 2196/2236/14150 2449/2677/14151
f 2665/2256/14152 2391/2237/14153 2276/2580/14154
f 2284/2308/14155 2392/2497/14156 2144/2208/14157
f 2394/2679/14158 2392/2497/14159 2279/2433/14160
f 2479/2491/14161 2393/2770/14162 2478/2489/14163
f 2624/2771/14164 2628/2772/14165 2544/2773/14166
f 2279/2433/14167 2478/2489/14168 2395/2431/14169
f 2557/2432/14170 2394/2679/14171 2279/2433/14172
f 2480/2224/14173 2395/2431/14174 2393/2770/14175
f 2556/2686/14176 2286/2483/14177 2280/2482/14178
f 2187/2598/14179 2396/2295/14180 2204/2294/14181
f 2396/2295/14182 2282/2610/14183 2545/2599/14184
f 2290/2687/14185 2292/2689/14186 2397/2614/14187
f 2397/2614/14188 2292/2689/14189 2215/2619/14190
f 2680/2688/14191 2149/2585/14192 2682/2774/14193
f 2738/2617/14194 2737/2661/14195 2803/2775/14196
f 2399/2622/14197 2213/2621/14198 2401/2626/14199
f 2214/2480/14200 2292/2689/14201 2399/2622/14202
f 2290/2687/14203 2400/2620/14204 2292/2689/14205
f 2213/2621/14206 2400/2620/14207 2398/2306/14208
f 2401/2626/14209 2213/2621/14210 2567/2776/14211
f 2220/2624/14212 2401/2626/14213 2485/2625/14214
f 2402/2653/14215 2491/2690/14216 2492/2630/14217
f 2494/2777/14218 2166/2778/14219 2678/2627/14220
f 2227/2190/14221 2495/2638/14222 2406/2376/14223
f 2297/2578/14224 2403/2375/14225 2156/2691/14226
f 2404/2636/14227 48/2637/14228 2454/2710/14229
f 2313/2188/14230 2404/2636/14231 2314/2189/14232
f 2569/2779/14233 2636/2780/14234 2497/2781/14235
f 2156/2691/14236 2570/2782/14237 2298/2692/14238
f 2406/2376/14239 2405/2712/14240 2569/2779/14241
f 2156/2691/14242 2406/2376/14243 2570/2782/14244
f 2310/2364/14245 2407/2639/14246 2303/2362/14247
f 2315/2300/14248 2407/2639/14249 2228/2641/14250
f 2300/2221/14251 2408/2230/14252 54/2219/14253
f 2305/2231/14254 2408/2230/14255 2226/2241/14256
f 57/2225/14257 2409/2215/14258 58/2545/14259
f 2409/2215/14260 2499/2648/14261 2500/2707/14262
f 2571/2728/14263 2504/2542/14264 2410/2544/14265
f 2230/2439/14266 2320/2438/14267 2503/2543/14268
f 2507/2643/14269 2510/2783/14270 2509/2644/14271
f 2231/2582/14272 2509/2644/14273 2511/2784/14274
f 2438/2651/14275 2514/2652/14276 2240/2455/14277
f 2516/2557/14278 2412/2448/14279 2575/2785/14280
f 2126/2726/14281 2527/2786/14282 2530/2727/14283
f 2693/2787/14284 2699/2788/14285 2716/2789/14286
f 2330/2530/14287 2414/2700/14288 2329/2528/14289
f 2416/2701/14290 2414/2700/14291 2331/2704/14292
f 2331/2704/14293 2672/2790/14294 2416/2701/14295
f 2730/2717/14296 2732/2791/14297 2326/2723/14298
f 2672/2790/14299 2331/2704/14300 2106/2792/14301
f 2416/2701/14302 2415/2793/14303 2583/2699/14304
f 2335/2548/14305 2417/2239/14306 2125/2280/14307
f 2418/2240/14308 2417/2239/14309 2161/2647/14310
f 2236/2217/14311 2418/2240/14312 2161/2647/14313
f 2419/2706/14314 2418/2240/14315 2237/2213/14316
f 2409/2215/14317 2419/2706/14318 2237/2213/14319
f 2519/2730/14320 2419/2706/14321 2162/2714/14322
f 2311/2708/14323 2620/2356/14324 2621/2794/14325
f 2619/2705/14326 2581/2795/14327 2579/2796/14328
f 2236/2217/14329 2421/2547/14330 2238/2218/14331
f 2417/2239/14332 2421/2547/14333 2161/2647/14334
f 2696/2797/14335 2715/2798/14336 2693/2787/14337
f 2728/2799/14338 2790/2800/14339 2722/2801/14340
f 2520/2732/14341 2335/2548/14342 2125/2280/14343
f 2336/2378/14344 2423/2546/14345 2425/2733/14346
f 2422/2802/14347 2521/2298/14348 2424/2550/14349
f 2163/2297/14350 2429/2675/14351 2426/2674/14352
f 2424/2550/14353 2428/2803/14354 2423/2546/14355
f 2521/2298/14356 2426/2674/14357 2428/2803/14358
f 2239/2673/14359 2425/2733/14360 2426/2674/14361
f 2428/2803/14362 2426/2674/14363 2425/2733/14364
f 2787/2804/14365 2468/2805/14366 2788/2806/14367
f 2523/2736/14368 2427/2807/14369 2758/2808/14370
f 2423/2546/14371 2428/2803/14372 2425/2733/14373
f 2428/2803/14374 2424/2550/14375 2521/2298/14376
f 2759/2676/14377 2163/2297/14378 2695/2809/14379
f 2429/2675/14380 2427/2807/14381 2683/2734/14382
f 2430/2596/14383 2522/2595/14384 2523/2736/14385
f 2465/2671/14386 2430/2596/14387 2382/2593/14388
f 2346/2562/14389 2431/2650/14390 9/2563/14391
f 2340/2511/14392 2431/2650/14393 2341/2510/14394
f 2432/2628/14395 2166/2778/14396 2525/2738/14397
f 2242/2470/14398 2341/2510/14399 2432/2628/14400
f 2344/2561/14401 2433/2473/14402 2127/2369/14403
f 2434/2469/14404 2433/2473/14405 2165/2649/14406
f 2241/2465/14407 2434/2469/14408 2165/2649/14409
f 2432/2628/14410 2434/2469/14411 2242/2470/14412
f 2488/2810/14413 2727/2811/14414 2726/2812/14415
f 2725/2635/14416 2726/2812/14417 2494/2777/14418
f 2241/2465/14419 2436/2560/14420 2243/2468/14421
f 2433/2473/14422 2436/2560/14423 2165/2649/14424
f 2526/2740/14425 2712/2813/14426 2437/2814/14427
f 2528/2815/14428 2580/2816/14429 2530/2727/14430
f 2439/2555/14431 2240/2455/14432 14/2454/14433
f 2533/2289/14434 2438/2651/14435 2345/2554/14436
f 2439/2555/14437 13/2458/14438 2343/2457/14439
f 2438/2651/14440 2439/2555/14441 2345/2554/14442
f 2344/2561/14443 2127/2369/14444 2526/2740/14445
f 2344/2561/14446 2441/2461/14447 2440/2460/14448
f 2437/2814/14449 2527/2786/14450 2441/2461/14451
f 2533/2289/14452 2535/2817/14453 2529/2290/14454
f 2445/2486/14455 2444/2381/14456 2442/2380/14457
f 2246/2316/14458 2442/2380/14459 2109/2379/14460
f 2452/2484/14461 2540/2818/14462 2538/2744/14463
f 2443/2485/14464 2447/2748/14465 2446/2568/14466
f 2445/2486/14467 2442/2380/14468 2348/2435/14469
f 2446/2568/14470 2444/2381/14471 2443/2485/14472
f 2540/2818/14473 2348/2435/14474 2356/2678/14475
f 2443/2485/14476 2444/2381/14477 2445/2486/14478
f 2452/2484/14479 2453/2819/14480 2443/2485/14481
f 2248/2569/14482 2446/2568/14483 2129/2284/14484
f 2358/2750/14485 2448/2655/14486 2447/2748/14487
f 2684/2573/14488 2167/2291/14489 2168/2282/14490
f 2448/2655/14491 2358/2750/14492 2359/2570/14493
f 2684/2573/14494 2448/2655/14495 2167/2291/14496
f 2450/2606/14497 2449/2677/14498 2275/2421/14499
f 2449/2677/14500 2355/2608/14501 2276/2580/14502
f 2177/2187/14503 2133/2287/14504 2450/2606/14505
f 2584/2607/14506 2450/2606/14507 2133/2287/14508
f 2654/2751/14509 2661/2820/14510 2110/2821/14511
f 2358/2750/14512 2447/2748/14513 2453/2819/14514
f 2445/2486/14515 2348/2435/14516 2540/2818/14517
f 2660/2822/14518 2451/2743/14519 2588/2756/14520
f 2443/2485/14521 2453/2819/14522 2447/2748/14523
f 2451/2743/14524 2453/2819/14525 2452/2484/14526
f 2454/2710/14527 47/2292/14528 2360/2277/14529
f 2454/2710/14530 2364/2198/14531 2314/2189/14532
f 24/2645/14533 2455/2657/14534 25/2579/14535
f 2366/2715/14536 2455/2657/14537 2367/2540/14538
f 2210/2354/14539 2288/2233/14540 2457/2520/14541
f 2372/2521/14542 2803/2775/14543 2804/2823/14544
f 1372/2235/14545 1371/2517/14546 2457/2520/14547
f 1371/2517/14548 2371/2518/14549 2458/2618/14550
f 2372/2521/14551 2457/2520/14552 2458/2618/14553
f 2458/2618/14554 2457/2520/14555 1371/2517/14556
f 2472/2670/14557 2475/2328/14558 2476/2330/14559
f 2460/2320/14560 2459/2322/14561 2182/2443/14562
f 2377/2445/14563 2460/2320/14564 2182/2443/14565
f 2263/2418/14566 2376/2321/14567 2460/2320/14568
f 2460/2320/14569 2461/2323/14570 2263/2418/14571
f 2679/2667/14572 2461/2323/14573 2377/2445/14574
f 2464/2663/14575 2462/2353/14576 2264/2342/14577
f 2462/2353/14578 2378/2668/14579 2463/2351/14580
f 2463/2351/14581 2651/2824/14582 2640/2825/14583
f 2463/2351/14584 2640/2825/14585 2597/2826/14586
f 2679/2667/14587 2464/2663/14588 2181/2324/14589
f 2462/2353/14590 2464/2663/14591 2378/2668/14592
f 2430/2596/14593 2465/2671/14594 65/2672/14595
f 2381/2498/14596 2465/2671/14597 2382/2593/14598
f 2382/2593/14599 2467/2737/14600 2466/2427/14601
f 2470/2827/14602 2469/2425/14603 2467/2737/14604
f 2430/2596/14605 2467/2737/14606 2382/2593/14607
f 2467/2737/14608 2267/2828/14609 2470/2827/14610
f 2267/2828/14611 2523/2736/14612 2758/2808/14613
f 2787/2804/14614 2780/2829/14615 2468/2805/14616
f 2467/2737/14617 2469/2425/14618 2466/2427/14619
f 2469/2425/14620 2468/2805/14621 2785/2830/14622
f 2267/2828/14623 2758/2808/14624 2788/2806/14625
f 2469/2425/14626 2470/2827/14627 2468/2805/14628
f 2381/2498/14629 2471/2204/14630 67/2203/14631
f 2380/2589/14632 2471/2204/14633 2383/2669/14634
f 2686/2551/14635 2475/2328/14636 2685/2831/14637
f 2383/2669/14638 2472/2670/14639 2476/2330/14640
f 2473/2329/14641 2594/2832/14642 2474/2591/14643
f 2474/2591/14644 2182/2443/14645 2459/2322/14646
f 2265/2763/14647 2474/2591/14648 2459/2322/14649
f 2595/2553/14650 2541/2833/14651 2594/2832/14652
f 2685/2831/14653 2475/2328/14654 2183/2426/14655
f 2476/2330/14656 2473/2329/14657 2474/2591/14658
f 2474/2591/14659 2265/2763/14660 2476/2330/14661
f 2383/2669/14662 2476/2330/14663 2265/2763/14664
f 2180/2337/14665 2463/2351/14666 2597/2826/14667
f 2544/2773/14668 2543/2766/14669 2477/2834/14670
f 2479/2491/14671 2116/2490/14672 2545/2599/14673
f 2395/2431/14674 2478/2489/14675 2393/2770/14676
f 2548/2683/14677 2549/2685/14678 2187/2598/14679
f 2482/2835/14680 2393/2770/14681 2599/2836/14682
f 2393/2770/14683 2482/2835/14684 2480/2224/14685
f 2482/2835/14686 2608/2837/14687 2480/2224/14688
f 2600/2838/14689 2599/2836/14690 2393/2770/14691
f 2627/2839/14692 2555/2391/14693 2566/2840/14694
f 2603/2841/14695 2550/2684/14696 2546/2842/14697
f 2566/2840/14698 2555/2391/14699 2565/2393/14700
f 2558/2223/14701 2483/2681/14702 2557/2432/14703
f 2483/2681/14704 2558/2223/14705 2559/2612/14706
f 2735/2307/14707 2398/2306/14708 2680/2688/14709
f 2762/2843/14710 2768/2844/14711 2757/2845/14712
f 2486/2525/14713 2401/2626/14714 2567/2776/14715
f 2485/2625/14716 2401/2626/14717 2486/2525/14718
f 2484/2846/14719 2487/2526/14720 2486/2525/14721
f 2488/2810/14722 2489/2527/14723 2487/2526/14724
f 2487/2526/14725 2484/2846/14726 2763/2847/14727
f 2128/2848/14728 2789/2849/14729 2487/2526/14730
f 2761/2850/14731 2709/2851/14732 2789/2849/14733
f 2726/2812/14734 2729/2852/14735 2791/2853/14736
f 2486/2525/14737 2489/2527/14738 2485/2625/14739
f 2726/2812/14740 2489/2527/14741 2488/2810/14742
f 2346/2562/14743 2490/2632/14744 2244/2634/14745
f 2491/2690/14746 2490/2632/14747 2293/2615/14748
f 2492/2630/14749 2491/2690/14750 2219/2631/14751
f 2490/2632/14752 2491/2690/14753 2402/2653/14754
f 2493/2629/14755 2219/2631/14756 2221/2406/14757
f 2218/2623/14758 2492/2630/14759 2220/2624/14760
f 2493/2629/14761 2221/2406/14762 2216/2479/14763
f 2220/2624/14764 2492/2630/14765 2493/2629/14766
f 2725/2635/14767 2494/2777/14768 2568/2633/14769
f 2218/2623/14770 2726/2812/14771 2725/2635/14772
f 2496/2711/14773 2495/2638/14774 2314/2189/14775
f 2406/2376/14776 2495/2638/14777 2405/2712/14778
f 2364/2198/14779 2496/2711/14780 2314/2189/14781
f 2405/2712/14782 2496/2711/14783 2176/2577/14784
f 2405/2712/14785 2638/2854/14786 2569/2779/14787
f 2574/2752/14788 2650/2855/14789 2587/2856/14790
f 2570/2782/14791 2569/2779/14792 2610/2857/14793
f 2611/2400/14794 2674/2200/14795 2497/2781/14796
f 2318/2227/14797 2499/2648/14798 57/2225/14799
f 2500/2707/14800 2499/2648/14801 2317/2713/14802
f 2500/2707/14803 2317/2713/14804 2675/2709/14805
f 2419/2706/14806 2500/2707/14807 2162/2714/14808
f 2324/2471/14809 2501/2646/14810 2159/2398/14811
f 2124/2531/14812 2410/2544/14813 2501/2646/14814
f 2573/2722/14815 2756/2858/14816 2571/2728/14817
f 2666/2694/14818 2106/2792/14819 2677/2703/14820
f 2320/2438/14821 2410/2544/14822 2503/2543/14823
f 2124/2531/14824 2571/2728/14825 2410/2544/14826
f 2123/2859/14827 2507/2643/14828 2506/2860/14829
f 2503/2543/14830 2504/2542/14831 2505/2450/14832
f 2506/2860/14833 2505/2450/14834 2504/2542/14835
f 2507/2643/14836 2505/2450/14837 2506/2860/14838
f 2504/2542/14839 2502/2861/14840 2506/2860/14841
f 2612/2862/14842 2611/2400/14843 2618/2863/14844
f 2507/2643/14845 2123/2859/14846 2510/2783/14847
f 2158/2442/14848 2505/2450/14849 2507/2643/14850
f 2618/2863/14851 2617/2864/14852 2123/2859/14853
f 2648/2865/14854 2637/2866/14855 2616/2867/14856
f 2511/2784/14857 2509/2644/14858 2508/2868/14859
f 2231/2582/14860 2158/2442/14861 2509/2644/14862
f 2617/2864/14863 2510/2783/14864 2123/2859/14865
f 2509/2644/14866 2510/2783/14867 2508/2868/14868
f 2511/2784/14869 2508/2868/14870 2614/2754/14871
f 2511/2784/14872 2411/2755/14873 2513/2451/14874
f 2321/2453/14875 2512/2452/14876 2367/2540/14877
f 2613/2583/14878 2512/2452/14879 2411/2755/14880
f 2511/2784/14881 2513/2451/14882 2231/2582/14883
f 2512/2452/14884 2513/2451/14885 2411/2755/14886
f 2164/2288/14887 2515/2558/14888 2575/2785/14889
f 2412/2448/14890 2240/2455/14891 2514/2652/14892
f 2532/2719/14893 2164/2288/14894 2529/2290/14895
f 2164/2288/14896 2532/2719/14897 2515/2558/14898
f 2323/2446/14899 2412/2448/14900 2516/2557/14901
f 2412/2448/14902 2514/2652/14903 2575/2785/14904
f 2577/2724/14905 2329/2528/14906 2328/2729/14907
f 2517/2355/14908 2413/2869/14909 2619/2705/14910
f 2519/2730/14911 2518/2279/14912 2333/2238/14913
f 2518/2279/14914 2420/2731/14915 2702/2870/14916
f 2419/2706/14917 2519/2730/14918 2333/2238/14919
f 2519/2730/14920 2162/2714/14921 2621/2794/14922
f 2520/2732/14923 2125/2280/14924 2699/2788/14925
f 2422/2802/14926 2424/2550/14927 2520/2732/14928
f 2691/2871/14929 2689/2872/14930 2690/2299/14931
f 2521/2298/14932 2163/2297/14933 2426/2674/14934
f 2339/2359/14935 2522/2595/14936 64/2360/14937
f 2523/2736/14938 2522/2595/14939 2338/2735/14940
f 2523/2736/14941 2338/2735/14942 2683/2734/14943
f 2467/2737/14944 2523/2736/14945 2267/2828/14946
f 2525/2738/14947 2524/2368/14948 2342/2367/14949
f 2713/2567/14950 2524/2368/14951 2435/2739/14952
f 2432/2628/14953 2525/2738/14954 2342/2367/14955
f 2166/2778/14956 2791/2853/14957 2792/2873/14958
f 2712/2813/14959 2526/2740/14960 2127/2369/14961
f 2437/2814/14962 2441/2461/14963 2526/2740/14964
f 2718/2874/14965 2530/2727/14966 2437/2814/14967
f 2529/2290/14968 2527/2786/14969 2126/2726/14970
f 2437/2814/14971 2719/2875/14972 2718/2874/14973
f 2420/2731/14974 2706/2876/14975 2704/2877/14976
f 2529/2290/14977 2126/2726/14978 2532/2719/14979
f 2438/2651/14980 2533/2289/14981 2164/2288/14982
f 2437/2814/14983 2530/2727/14984 2527/2786/14985
f 2530/2727/14986 2580/2816/14987 2531/2725/14988
f 2578/2878/14989 2413/2869/14990 2577/2724/14991
f 2582/2879/14992 2537/2880/14993 2578/2878/14994
f 2537/2880/14995 2536/2718/14996 2532/2719/14997
f 2732/2791/14998 2730/2717/14999 2534/2881/15000
f 2440/2460/15001 2533/2289/15002 2345/2554/15003
f 2527/2786/15004 2535/2817/15005 2441/2461/15006
f 2531/2725/15007 2537/2880/15008 2126/2726/15009
f 2583/2699/15010 2732/2791/15011 2582/2879/15012
f 2529/2290/15013 2535/2817/15014 2527/2786/15015
f 2533/2289/15016 2441/2461/15017 2535/2817/15018
f 2537/2880/15019 2532/2719/15020 2126/2726/15021
f 2536/2718/15022 2534/2881/15023 2730/2717/15024
f 2578/2878/15025 2577/2724/15026 2328/2729/15027
f 2534/2881/15028 2536/2718/15029 2537/2880/15030
f 2539/2742/15031 2353/2745/15032 2584/2607/15033
f 2452/2484/15034 2538/2744/15035 2451/2743/15036
f 2585/2759/15037 2539/2742/15038 2584/2607/15039
f 2585/2759/15040 2586/2757/15041 2539/2742/15042
f 2538/2744/15043 2540/2818/15044 2356/2678/15045
f 2445/2486/15046 2540/2818/15047 2452/2484/15048
f 2817/2882/15049 2809/2883/15050 2810/2884/15051
f 2679/2667/15052 2593/2666/15053 2136/2885/15054
f 2180/2337/15055 2542/2664/15056 2259/2601/15057
f 2543/2766/15058 2542/2664/15059 2477/2834/15060
f 2544/2773/15061 2477/2834/15062 2596/2886/15063
f 2602/2887/15064 2481/2888/15065 2601/2889/15066
f 2628/2772/15067 2624/2771/15068 2598/2890/15069
f 2629/2891/15070 2553/2768/15071 2602/2887/15072
f 2283/2310/15073 2545/2599/15074 2116/2490/15075
f 2282/2610/15076 2479/2491/15077 2545/2599/15078
f 2547/2682/15079 2138/2395/15080 2390/2501/15081
f 2629/2891/15082 2603/2841/15083 2552/2892/15084
f 2547/2682/15085 2112/2604/15086 2554/2893/15087
f 2547/2682/15088 2546/2842/15089 2548/2683/15090
f 2549/2685/15091 2548/2683/15092 2546/2842/15093
f 2187/2598/15094 2138/2395/15095 2548/2683/15096
f 2550/2684/15097 2549/2685/15098 2546/2842/15099
f 2187/2598/15100 2549/2685/15101 2282/2610/15102
f 2550/2684/15103 2603/2841/15104 2600/2838/15105
f 2282/2610/15106 2550/2684/15107 2479/2491/15108
f 2546/2842/15109 2547/2682/15110 2552/2892/15111
f 2481/2888/15112 2482/2835/15113 2601/2889/15114
f 2553/2768/15115 2112/2604/15116 2387/2603/15117
f 2552/2892/15118 2554/2893/15119 2553/2768/15120
f 2543/2766/15121 2604/2894/15122 2386/2767/15123
f 2544/2773/15124 2604/2894/15125 2543/2766/15126
f 2553/2768/15127 2554/2893/15128 2112/2604/15129
f 2552/2892/15130 2547/2682/15131 2554/2893/15132
f 2628/2772/15133 2481/2888/15134 2602/2887/15135
f 2562/2659/15136 2559/2612/15137 2564/2611/15138
f 2394/2679/15139 2556/2686/15140 2280/2482/15141
f 2561/2680/15142 2556/2686/15143 2483/2681/15144
f 2558/2223/15145 2557/2432/15146 2395/2431/15147
f 2556/2686/15148 2557/2432/15149 2483/2681/15150
f 2480/2224/15151 2558/2223/15152 2395/2431/15153
f 2559/2612/15154 2558/2223/15155 2147/2222/15156
f 2565/2393/15157 2560/2392/15158 2564/2611/15159
f 2561/2680/15160 2559/2612/15161 2206/2658/15162
f 2560/2392/15163 2635/2895/15164 2563/2495/15165
f 2606/2523/15166 2607/2522/15167 2563/2495/15168
f 2285/2417/15169 2561/2680/15170 2206/2658/15171
f 2561/2680/15172 2286/2483/15173 2556/2686/15174
f 2563/2495/15175 2562/2659/15176 2560/2392/15177
f 2206/2658/15178 2562/2659/15179 2607/2522/15180
f 2635/2895/15181 2555/2391/15182 2605/2896/15183
f 2563/2495/15184 2134/2494/15185 2606/2523/15186
f 2564/2611/15187 2147/2222/15188 2565/2393/15189
f 2562/2659/15190 2564/2611/15191 2560/2392/15192
f 2608/2837/15193 2147/2222/15194 2480/2224/15195
f 2565/2393/15196 2608/2837/15197 2566/2840/15198
f 2482/2835/15199 2481/2888/15200 2566/2840/15201
f 2481/2888/15202 2647/2897/15203 2627/2839/15204
f 2567/2776/15205 2213/2621/15206 2766/2263/15207
f 2486/2525/15208 2567/2776/15209 2484/2846/15210
f 2725/2635/15211 2568/2633/15212 2402/2653/15213
f 2678/2627/15214 2568/2633/15215 2494/2777/15216
f 2638/2854/15217 2176/2577/15218 2609/2898/15219
f 2610/2857/15220 2569/2779/15221 2497/2781/15222
f 2569/2779/15223 2570/2782/15224 2406/2376/15225
f 2298/2692/15226 2570/2782/15227 2498/2199/15228
f 2573/2722/15229 2326/2723/15230 2731/2720/15231
f 2502/2861/15232 2504/2542/15233 2571/2728/15234
f 2672/2790/15235 2415/2793/15236 2416/2701/15237
f 2731/2720/15238 2672/2790/15239 2572/2721/15240
f 2326/2723/15241 2573/2722/15242 2124/2531/15243
f 2573/2722/15244 2572/2721/15245 2671/2899/15246
f 2614/2754/15247 2508/2868/15248 2616/2867/15249
f 2368/2758/15250 2587/2856/15251 2586/2757/15252
f 2164/2288/15253 2575/2785/15254 2514/2652/15255
f 2515/2558/15256 2516/2557/15257 2575/2785/15258
f 2308/2529/15259 2576/2357/15260 2157/2549/15261
f 2577/2724/15262 2576/2357/15263 2329/2528/15264
f 2582/2879/15265 2578/2878/15266 2328/2729/15267
f 2413/2869/15268 2517/2355/15269 2577/2724/15270
f 2537/2880/15271 2531/2725/15272 2578/2878/15273
f 2413/2869/15274 2578/2878/15275 2531/2725/15276
f 2413/2869/15277 2580/2816/15278 2581/2795/15279
f 2621/2794/15280 2622/2900/15281 2519/2730/15282
f 2528/2815/15283 2717/2901/15284 2580/2816/15285
f 2413/2869/15286 2531/2725/15287 2580/2816/15288
f 2716/2789/15289 2707/2902/15290 2107/2903/15291
f 2716/2789/15292 2702/2870/15293 2704/2877/15294
f 2583/2699/15295 2582/2879/15296 2328/2729/15297
f 2534/2881/15298 2537/2880/15299 2582/2879/15300
f 2583/2699/15301 2328/2729/15302 2414/2700/15303
f 2731/2720/15304 2732/2791/15305 2415/2793/15306
f 2355/2608/15307 2584/2607/15308 2353/2745/15309
f 2585/2759/15310 2584/2607/15311 2133/2287/15312
f 2369/2286/15313 2585/2759/15314 2133/2287/15315
f 2586/2757/15316 2585/2759/15317 2368/2758/15318
f 2178/2539/15319 2613/2583/15320 2615/2753/15321
f 2586/2757/15322 2110/2821/15323 2588/2756/15324
f 2650/2855/15325 2574/2752/15326 2655/2904/15327
f 2110/2821/15328 2586/2757/15329 2587/2856/15330
f 2661/2820/15331 2659/2746/15332 2660/2822/15333
f 2539/2742/15334 2588/2756/15335 2451/2743/15336
f 2594/2832/15337 2589/2592/15338 2474/2591/15339
f 2541/2833/15340 2592/2905/15341 2589/2592/15342
f 2590/2906/15343 2752/2907/15344 2753/2908/15345
f 2749/2909/15346 2750/2910/15347 2744/2319/15348
f 2592/2905/15349 2591/2444/15350 2589/2592/15351
f 2590/2906/15352 2747/2911/15353 2593/2666/15354
f 2541/2833/15355 2812/2912/15356 2752/2907/15357
f 2591/2444/15358 2592/2905/15359 2590/2906/15360
f 2377/2445/15361 2591/2444/15362 2593/2666/15363
f 2590/2906/15364 2593/2666/15365 2591/2444/15366
f 2595/2553/15367 2594/2832/15368 2473/2329/15369
f 2589/2592/15370 2594/2832/15371 2541/2833/15372
f 2473/2329/15373 2475/2328/15374 2686/2551/15375
f 2595/2553/15376 2137/2552/15377 2813/2913/15378
f 2477/2834/15379 2542/2664/15380 2623/2769/15381
f 2624/2771/15382 2596/2886/15383 2135/2914/15384
f 2135/2914/15385 2596/2886/15386 2597/2826/15387
f 2596/2886/15388 2477/2834/15389 2623/2769/15390
f 2598/2890/15391 2624/2771/15392 2639/2765/15393
f 2481/2888/15394 2598/2890/15395 2647/2897/15396
f 2600/2838/15397 2393/2770/15398 2479/2491/15399
f 2601/2889/15400 2599/2836/15401 2551/2915/15402
f 2550/2684/15403 2600/2838/15404 2479/2491/15405
f 2551/2915/15406 2599/2836/15407 2600/2838/15408
f 2599/2836/15409 2601/2889/15410 2482/2835/15411
f 2551/2915/15412 2603/2841/15413 2629/2891/15414
f 2601/2889/15415 2551/2915/15416 2629/2891/15417
f 2604/2894/15418 2602/2887/15419 2553/2768/15420
f 2600/2838/15421 2603/2841/15422 2551/2915/15423
f 2546/2842/15424 2552/2892/15425 2603/2841/15426
f 2604/2894/15427 2544/2773/15428 2628/2772/15429
f 2386/2767/15430 2604/2894/15431 2553/2768/15432
f 2626/2916/15433 2641/2917/15434 2643/2918/15435
f 2632/2762/15436 2605/2896/15437 2745/2919/15438
f 2741/2920/15439 2606/2523/15440 2134/2494/15441
f 2607/2522/15442 2179/2524/15443 2255/2613/15444
f 2206/2658/15445 2607/2522/15446 2255/2613/15447
f 2562/2659/15448 2563/2495/15449 2607/2522/15450
f 2566/2840/15451 2608/2837/15452 2482/2835/15453
f 2147/2222/15454 2608/2837/15455 2565/2393/15456
f 2649/2921/15457 2653/2922/15458 2362/2576/15459
f 2637/2866/15460 2609/2898/15461 2649/2921/15462
f 2617/2864/15463 2618/2863/15464 2616/2867/15465
f 2570/2782/15466 2610/2857/15467 2498/2199/15468
f 2612/2862/15469 2123/2859/15470 2506/2860/15471
f 2106/2792/15472 2666/2694/15473 2670/2923/15474
f 2502/2861/15475 2669/2924/15476 2506/2860/15477
f 2667/2401/15478 2666/2694/15479 2668/2201/15480
f 2411/2755/15481 2511/2784/15482 2614/2754/15483
f 2615/2753/15484 2574/2752/15485 2587/2856/15486
f 2617/2864/15487 2508/2868/15488 2510/2783/15489
f 2574/2752/15490 2613/2583/15491 2614/2754/15492
f 2587/2856/15493 2368/2758/15494 2615/2753/15495
f 2369/2286/15496 2615/2753/15497 2368/2758/15498
f 2636/2780/15499 2637/2866/15500 2648/2865/15501
f 2614/2754/15502 2616/2867/15503 2655/2904/15504
f 2123/2859/15505 2612/2862/15506 2618/2863/15507
f 2508/2868/15508 2617/2864/15509 2616/2867/15510
f 2611/2400/15511 2497/2781/15512 2618/2863/15513
f 2618/2863/15514 2497/2781/15515 2648/2865/15516
f 2581/2795/15517 2619/2705/15518 2413/2869/15519
f 2620/2356/15520 2619/2705/15521 2579/2796/15522
f 2621/2794/15523 2620/2356/15524 2579/2796/15525
f 2312/2640/15526 2620/2356/15527 2311/2708/15528
f 2622/2900/15529 2621/2794/15530 2579/2796/15531
f 2311/2708/15532 2621/2794/15533 2162/2714/15534
f 2706/2876/15535 2579/2796/15536 2581/2795/15537
f 2519/2730/15538 2622/2900/15539 2420/2731/15540
f 2180/2337/15541 2597/2826/15542 2623/2769/15543
f 2596/2886/15544 2623/2769/15545 2597/2826/15546
f 2596/2886/15547 2624/2771/15548 2544/2773/15549
f 2639/2765/15550 2624/2771/15551 2135/2914/15552
f 2646/2925/15553 2639/2765/15554 2135/2914/15555
f 2746/2926/15556 2631/2927/15557 2745/2919/15558
f 2647/2897/15559 2639/2765/15560 2641/2917/15561
f 2643/2918/15562 2555/2391/15563 2627/2839/15564
f 2481/2888/15565 2627/2839/15566 2566/2840/15567
f 2643/2918/15568 2627/2839/15569 2626/2916/15570
f 2481/2888/15571 2628/2772/15572 2598/2890/15573
f 2604/2894/15574 2628/2772/15575 2602/2887/15576
f 2553/2768/15577 2629/2891/15578 2552/2892/15579
f 2601/2889/15580 2629/2891/15581 2602/2887/15582
f 2635/2895/15583 2630/2496/15584 2563/2495/15585
f 2742/2928/15586 2605/2896/15587 2555/2391/15588
f 2797/2929/15589 2754/2930/15590 2796/2931/15591
f 2632/2762/15592 2634/2761/15593 2134/2494/15594
f 2605/2896/15595 2632/2762/15596 2630/2496/15597
f 2794/2932/15598 2795/2933/15599 2736/2934/15600
f 2798/2760/15601 2794/2932/15602 2633/2935/15603
f 2680/2688/15604 2398/2306/15605 2290/2687/15606
f 2795/2933/15607 2632/2762/15608 2631/2927/15609
f 2794/2932/15610 2798/2760/15611 2634/2761/15612
f 2555/2391/15613 2635/2895/15614 2560/2392/15615
f 2630/2496/15616 2635/2895/15617 2605/2896/15618
f 2638/2854/15619 2636/2780/15620 2569/2779/15621
f 2636/2780/15622 2609/2898/15623 2637/2866/15624
f 2653/2922/15625 2649/2921/15626 2609/2898/15627
f 2637/2866/15628 2650/2855/15629 2655/2904/15630
f 2176/2577/15631 2638/2854/15632 2405/2712/15633
f 2636/2780/15634 2638/2854/15635 2609/2898/15636
f 2597/2826/15637 2640/2825/15638 2646/2925/15639
f 2641/2917/15640 2639/2765/15641 2625/2764/15642
f 2651/2824/15643 2463/2351/15644 2378/2668/15645
f 2652/2936/15646 2644/2317/15647 2640/2825/15648
f 2625/2764/15649 2642/2937/15650 2643/2918/15651
f 2641/2917/15652 2626/2916/15653 2647/2897/15654
f 2743/2938/15655 2642/2937/15656 2625/2764/15657
f 2745/2919/15658 2642/2937/15659 2746/2926/15660
f 2625/2764/15661 2643/2918/15662 2641/2917/15663
f 2643/2918/15664 2642/2937/15665 2742/2928/15666
f 2646/2925/15667 2644/2317/15668 2639/2765/15669
f 2652/2936/15670 2645/2318/15671 2644/2317/15672
f 2136/2885/15673 2747/2911/15674 2645/2318/15675
f 2744/2319/15676 2645/2318/15677 2749/2909/15678
f 2597/2826/15679 2646/2925/15680 2135/2914/15681
f 2644/2317/15682 2646/2925/15683 2640/2825/15684
f 2647/2897/15685 2598/2890/15686 2639/2765/15687
f 2627/2839/15688 2647/2897/15689 2626/2916/15690
f 2618/2863/15691 2648/2865/15692 2616/2867/15693
f 2636/2780/15694 2648/2865/15695 2497/2781/15696
f 2362/2576/15697 2654/2751/15698 2649/2921/15699
f 2656/2939/15700 2587/2856/15701 2650/2855/15702
f 2649/2921/15703 2657/2940/15704 2637/2866/15705
f 2654/2751/15706 2656/2939/15707 2657/2940/15708
f 2378/2668/15709 2136/2885/15710 2651/2824/15711
f 2652/2936/15712 2136/2885/15713 2645/2318/15714
f 2640/2825/15715 2651/2824/15716 2652/2936/15717
f 2136/2885/15718 2652/2936/15719 2651/2824/15720
f 2609/2898/15721 2176/2577/15722 2653/2922/15723
f 2362/2576/15724 2653/2922/15725 2176/2577/15726
f 2658/2747/15727 2362/2576/15728 2132/2656/15729
f 2656/2939/15730 2110/2821/15731 2587/2856/15732
f 2614/2754/15733 2655/2904/15734 2574/2752/15735
f 2637/2866/15736 2655/2904/15737 2616/2867/15738
f 2657/2940/15739 2656/2939/15740 2650/2855/15741
f 2654/2751/15742 2110/2821/15743 2656/2939/15744
f 2637/2866/15745 2657/2940/15746 2650/2855/15747
f 2654/2751/15748 2657/2940/15749 2649/2921/15750
f 2359/2570/15751 2663/2749/15752 2132/2656/15753
f 2654/2751/15754 2658/2747/15755 2661/2820/15756
f 2453/2819/15757 2662/2941/15758 2358/2750/15759
f 2662/2941/15760 2451/2743/15761 2660/2822/15762
f 2110/2821/15763 2660/2822/15764 2588/2756/15765
f 2662/2941/15766 2660/2822/15767 2659/2746/15768
f 2659/2746/15769 2661/2820/15770 2658/2747/15771
f 2110/2821/15772 2661/2820/15773 2660/2822/15774
f 2358/2750/15775 2662/2941/15776 2659/2746/15777
f 2451/2743/15778 2662/2941/15779 2453/2819/15780
f 2358/2750/15781 2659/2746/15782 2663/2749/15783
f 2132/2656/15784 2663/2749/15785 2659/2746/15786
f 2121/2211/15787 2664/2441/15788 3/2509/15789
f 2120/2358/15790 2154/2248/15791 2664/2441/15792
f 2198/2257/15793 2665/2256/15794 2114/2609/15795
f 2391/2237/15796 2665/2256/15797 2142/2255/15798
f 2673/2942/15799 2498/2199/15800 2668/2201/15801
f 2612/2862/15802 2669/2924/15803 2611/2400/15804
f 2506/2860/15805 2669/2924/15806 2612/2862/15807
f 2756/2858/15808 2573/2722/15809 2671/2899/15810
f 2673/2942/15811 2668/2201/15812 2666/2694/15813
f 2674/2200/15814 2498/2199/15815 2610/2857/15816
f 2756/2858/15817 2669/2924/15818 2502/2861/15819
f 2611/2400/15820 2669/2924/15821 2667/2401/15822
f 2666/2694/15823 2667/2401/15824 2670/2923/15825
f 2669/2924/15826 2756/2858/15827 2667/2401/15828
f 2106/2792/15829 2670/2923/15830 2671/2899/15831
f 2670/2923/15832 2667/2401/15833 2756/2858/15834
f 2106/2792/15835 2671/2899/15836 2672/2790/15837
f 2572/2721/15838 2672/2790/15839 2671/2899/15840
f 2755/2693/15841 2673/2942/15842 2666/2694/15843
f 2498/2199/15844 2673/2942/15845 2298/2692/15846
f 2497/2781/15847 2674/2200/15848 2610/2857/15849
f 2611/2400/15850 2668/2201/15851 2674/2200/15852
f 2312/2640/15853 2675/2709/15854 2228/2641/15855
f 2500/2707/15856 2675/2709/15857 2311/2708/15858
f 2676/2698/15859 2302/2702/15860 2304/2696/15861
f 2677/2703/15862 2676/2698/15863 2306/2695/15864
f 2666/2694/15865 2677/2703/15866 2306/2695/15867
f 2106/2792/15868 2331/2704/15869 2677/2703/15870
f 2678/2627/15871 2244/2634/15872 2568/2633/15873
f 2432/2628/15874 2678/2627/15875 2166/2778/15876
f 2378/2668/15877 2679/2667/15878 2136/2885/15879
f 2461/2323/15880 2679/2667/15881 2181/2324/15882
f 2682/2774/15883 2149/2585/15884 2804/2823/15885
f 2806/2943/15886 2770/2944/15887 2733/2945/15888
f 2799/2946/15889 2803/2775/15890 2737/2661/15891
f 2681/2947/15892 2799/2946/15893 2800/2948/15894
f 2804/2823/15895 2149/2585/15896 2456/2519/15897
f 2735/2307/15898 2680/2688/15899 2802/2949/15900
f 2429/2675/15901 2683/2734/15902 2239/2673/15903
f 2523/2736/15904 2683/2734/15905 2427/2807/15906
f 2446/2568/15907 2684/2573/15908 2129/2284/15909
f 2448/2655/15910 2684/2573/15911 2447/2748/15912
f 2785/2830/15913 2183/2426/15914 2469/2425/15915
f 2787/2804/15916 2779/2950/15917 2780/2829/15918
f 2473/2329/15919 2686/2551/15920 2595/2553/15921
f 2783/2951/15922 2686/2551/15923 2685/2831/15924
f 2690/2299/15925 2695/2809/15926 2163/2297/15927
f 2692/2952/15928 2778/2953/15929 2779/2950/15930
f 2758/2808/15931 2759/2676/15932 2687/2954/15933
f 2691/2871/15934 2700/2955/15935 2689/2872/15936
f 2521/2298/15937 2691/2871/15938 2690/2299/15939
f 2689/2872/15940 2701/2956/15941 2705/2957/15942
f 2691/2871/15943 2521/2298/15944 2422/2802/15945
f 2689/2872/15946 2692/2952/15947 2695/2809/15948
f 2422/2802/15949 2696/2797/15950 2691/2871/15951
f 2691/2871/15952 2696/2797/15953 2697/2958/15954
f 2708/2959/15955 2701/2956/15956 2688/2960/15957
f 2705/2957/15958 2703/2961/15959 2778/2953/15960
f 2422/2802/15961 2520/2732/15962 2715/2798/15963
f 2701/2956/15964 2700/2955/15965 2694/2962/15966
f 2693/2787/15967 2710/2963/15968 2697/2958/15969
f 2694/2962/15970 2697/2958/15971 2698/2964/15972
f 2689/2872/15973 2695/2809/15974 2690/2299/15975
f 2692/2952/15976 2779/2950/15977 2759/2676/15978
f 2696/2797/15979 2422/2802/15980 2715/2798/15981
f 2697/2958/15982 2696/2797/15983 2693/2787/15984
f 2693/2787/15985 2716/2789/15986 2710/2963/15987
f 2697/2958/15988 2694/2962/15989 2700/2955/15990
f 2107/2903/15991 2720/2965/15992 2721/2566/15993
f 2698/2964/15994 2721/2566/15995 2714/2565/15996
f 2702/2870/15997 2125/2280/15998 2518/2279/15999
f 2702/2870/16000 2699/2788/16001 2125/2280/16002
f 2697/2958/16003 2700/2955/16004 2691/2871/16005
f 2694/2962/16006 2790/2800/16007 2701/2956/16008
f 2708/2959/16009 2705/2957/16010 2701/2956/16011
f 2689/2872/16012 2700/2955/16013 2701/2956/16014
f 2420/2731/16015 2622/2900/16016 2706/2876/16017
f 2702/2870/16018 2420/2731/16019 2704/2877/16020
f 2688/2960/16021 2764/2966/16022 2708/2959/16023
f 2762/2843/16024 2786/2967/16025 2761/2850/16026
f 2707/2902/16027 2704/2877/16028 2581/2795/16029
f 2107/2903/16030 2710/2963/16031 2716/2789/16032
f 2778/2953/16033 2703/2961/16034 2777/2968/16035
f 2692/2952/16036 2689/2872/16037 2705/2957/16038
f 2579/2796/16039 2706/2876/16040 2622/2900/16041
f 2581/2795/16042 2704/2877/16043 2706/2876/16044
f 2581/2795/16045 2717/2901/16046 2707/2902/16047
f 2718/2874/16048 2719/2875/16049 2717/2901/16050
f 2728/2799/16051 2764/2966/16052 2688/2960/16053
f 2703/2961/16054 2705/2957/16055 2708/2959/16056
f 2790/2800/16057 2694/2962/16058 2723/2969/16059
f 2487/2526/16060 2789/2849/16061 2488/2810/16062
f 2107/2903/16063 2698/2964/16064 2710/2963/16065
f 2697/2958/16066 2710/2963/16067 2698/2964/16068
f 2707/2902/16069 2719/2875/16070 2720/2965/16071
f 2713/2567/16072 2712/2813/16073 2127/2369/16074
f 2713/2567/16075 2127/2369/16076 2524/2368/16077
f 2712/2813/16078 2711/2970/16079 2719/2875/16080
f 2713/2567/16081 2435/2739/16082 2714/2565/16083
f 2712/2813/16084 2713/2567/16085 2711/2970/16086
f 2714/2565/16087 2435/2739/16088 2724/2971/16089
f 2694/2962/16090 2698/2964/16091 2723/2969/16092
f 2520/2732/16093 2699/2788/16094 2715/2798/16095
f 2715/2798/16096 2699/2788/16097 2693/2787/16098
f 2702/2870/16099 2716/2789/16100 2699/2788/16101
f 2707/2902/16102 2716/2789/16103 2704/2877/16104
f 2580/2816/16105 2717/2901/16106 2581/2795/16107
f 2718/2874/16108 2717/2901/16109 2528/2815/16110
f 2530/2727/16111 2718/2874/16112 2528/2815/16113
f 2712/2813/16114 2719/2875/16115 2437/2814/16116
f 2720/2965/16117 2719/2875/16118 2711/2970/16119
f 2717/2901/16120 2719/2875/16121 2707/2902/16122
f 2720/2965/16123 2711/2970/16124 2721/2566/16125
f 2707/2902/16126 2720/2965/16127 2107/2903/16128
f 2721/2566/16129 2698/2964/16130 2107/2903/16131
f 2713/2567/16132 2721/2566/16133 2711/2970/16134
f 2525/2738/16135 2166/2778/16136 2792/2873/16137
f 2728/2799/16138 2727/2811/16139 2709/2851/16140
f 2698/2964/16141 2714/2565/16142 2723/2969/16143
f 2714/2565/16144 2724/2971/16145 2790/2800/16146
f 2724/2971/16147 2435/2739/16148 2792/2873/16149
f 2724/2971/16150 2722/2801/16151 2790/2800/16152
f 2492/2630/16153 2725/2635/16154 2402/2653/16155
f 2218/2623/16156 2489/2527/16157 2726/2812/16158
f 2488/2810/16159 2789/2849/16160 2727/2811/16161
f 2726/2812/16162 2727/2811/16163 2729/2852/16164
f 2709/2851/16165 2764/2966/16166 2728/2799/16167
f 2727/2811/16168 2728/2799/16169 2729/2852/16170
f 2790/2800/16171 2728/2799/16172 2688/2960/16173
f 2729/2852/16174 2728/2799/16175 2722/2801/16176
f 2722/2801/16177 2724/2971/16178 2792/2873/16179
f 2494/2777/16180 2791/2853/16181 2166/2778/16182
f 2327/2532/16183 2730/2717/16184 2326/2723/16185
f 2536/2718/16186 2730/2717/16187 2160/2556/16188
f 2731/2720/16189 2326/2723/16190 2732/2791/16191
f 2672/2790/16192 2731/2720/16193 2415/2793/16194
f 2582/2879/16195 2732/2791/16196 2534/2881/16197
f 2732/2791/16198 2583/2699/16199 2415/2793/16200
f 2796/2931/16201 2816/2972/16202 2736/2934/16203
f 2773/2973/16204 2757/2845/16205 2768/2844/16206
f 2681/2947/16207 2800/2948/16208 2802/2949/16209
f 2735/2307/16210 2802/2949/16211 2734/2974/16212
f 2802/2949/16213 2680/2688/16214 2682/2774/16215
f 2767/2305/16216 2766/2263/16217 2213/2621/16218
f 2796/2931/16219 2736/2934/16220 2795/2933/16221
f 2748/2975/16222 2590/2906/16223 2753/2908/16224
f 2737/2661/16225 2798/2760/16226 2799/2946/16227
f 2372/2521/16228 2458/2618/16229 2738/2617/16230
f 2179/2524/16231 2739/2976/16232 2256/2533/16233
f 2738/2617/16234 2256/2533/16235 2739/2976/16236
f 2741/2920/16237 2179/2524/16238 2606/2523/16239
f 2740/2660/16240 2134/2494/16241 2634/2761/16242
f 2738/2617/16243 2739/2976/16244 2740/2660/16245
f 2740/2660/16246 2739/2976/16247 2741/2920/16248
f 2740/2660/16249 2741/2920/16250 2134/2494/16251
f 2179/2524/16252 2741/2920/16253 2739/2976/16254
f 2643/2918/16255 2742/2928/16256 2555/2391/16257
f 2745/2919/16258 2742/2928/16259 2642/2937/16260
f 2744/2319/16261 2743/2938/16262 2625/2764/16263
f 2746/2926/16264 2743/2938/16265 2111/2977/16266
f 2644/2317/16267 2744/2319/16268 2625/2764/16269
f 2747/2911/16270 2748/2975/16271 2749/2909/16272
f 2632/2762/16273 2745/2919/16274 2631/2927/16275
f 2742/2928/16276 2745/2919/16277 2605/2896/16278
f 2743/2938/16279 2746/2926/16280 2642/2937/16281
f 2746/2926/16282 2111/2977/16283 2796/2931/16284
f 2593/2666/16285 2747/2911/16286 2136/2885/16287
f 2748/2975/16288 2747/2911/16289 2590/2906/16290
f 2592/2905/16291 2752/2907/16292 2590/2906/16293
f 2111/2977/16294 2743/2938/16295 2750/2910/16296
f 2747/2911/16297 2749/2909/16298 2645/2318/16299
f 2750/2910/16300 2748/2975/16301 2111/2977/16302
f 2744/2319/16303 2750/2910/16304 2743/2938/16305
f 2748/2975/16306 2750/2910/16307 2749/2909/16308
f 2817/2882/16309 2812/2912/16310 2813/2913/16311
f 2808/2978/16312 2805/2979/16313 2807/2980/16314
f 2541/2833/16315 2752/2907/16316 2592/2905/16317
f 2752/2907/16318 2751/2981/16319 2753/2908/16320
f 2753/2908/16321 2751/2981/16322 2814/2982/16323
f 2748/2975/16324 2753/2908/16325 2797/2929/16326
f 2805/2979/16327 2810/2884/16328 2809/2883/16329
f 2816/2972/16330 2796/2931/16331 2754/2930/16332
f 2309/2697/16333 2755/2693/16334 2306/2695/16335
f 2673/2942/16336 2755/2693/16337 2298/2692/16338
f 2756/2858/16339 2502/2861/16340 2571/2728/16341
f 2670/2923/16342 2756/2858/16343 2671/2899/16344
f 2128/2848/16345 2763/2847/16346 2762/2843/16347
f 2685/2831/16348 2785/2830/16349 2784/2983/16350
f 2759/2676/16351 2758/2808/16352 2427/2807/16353
f 2687/2954/16354 2787/2804/16355 2788/2806/16356
f 2429/2675/16357 2759/2676/16358 2427/2807/16359
f 2692/2952/16360 2759/2676/16361 2695/2809/16362
f 2786/2967/16363 2776/2984/16364 2777/2968/16365
f 2760/2985/16366 2781/2986/16367 2780/2829/16368
f 2762/2843/16369 2761/2850/16370 2128/2848/16371
f 2764/2966/16372 2703/2961/16373 2708/2959/16374
f 2128/2848/16375 2487/2526/16376 2763/2847/16377
f 2776/2984/16378 2762/2843/16379 2757/2845/16380
f 2769/2265/16381 2763/2847/16382 2484/2846/16383
f 2762/2843/16384 2763/2847/16385 2768/2844/16386
f 2709/2851/16387 2761/2850/16388 2764/2966/16389
f 2703/2961/16390 2764/2966/16391 2761/2850/16392
f 2484/2846/16393 2567/2776/16394 2766/2263/16395
f 2773/2973/16396 2771/2987/16397 2775/2988/16398
f 2213/2621/16399 2398/2306/16400 2767/2305/16401
f 2765/2264/16402 2766/2263/16403 2770/2944/16404
f 2735/2307/16405 2734/2974/16406 2767/2305/16407
f 2734/2974/16408 2793/2989/16409 2772/2990/16410
f 2769/2265/16411 2768/2844/16412 2763/2847/16413
f 2765/2264/16414 2806/2943/16415 2774/2991/16416
f 2766/2263/16417 2769/2265/16418 2484/2846/16419
f 2769/2265/16420 2765/2264/16421 2774/2991/16422
f 2766/2263/16423 2767/2305/16424 2770/2944/16425
f 2772/2990/16426 2767/2305/16427 2734/2974/16428
f 2774/2991/16429 2806/2943/16430 2773/2973/16431
f 2754/2930/16432 2814/2982/16433 2811/2992/16434
f 2733/2945/16435 2770/2944/16436 2772/2990/16437
f 2767/2305/16438 2772/2990/16439 2770/2944/16440
f 2774/2991/16441 2773/2973/16442 2768/2844/16443
f 2817/2882/16444 2771/2987/16445 2809/2883/16446
f 2769/2265/16447 2774/2991/16448 2768/2844/16449
f 2770/2944/16450 2806/2943/16451 2765/2264/16452
f 2137/2552/16453 2686/2551/16454 2783/2951/16455
f 2773/2973/16456 2775/2988/16457 2782/2993/16458
f 2776/2984/16459 2757/2845/16460 2781/2986/16461
f 2777/2968/16462 2776/2984/16463 2760/2985/16464
f 2778/2953/16465 2777/2968/16466 2760/2985/16467
f 2786/2967/16468 2703/2961/16469 2761/2850/16470
f 2779/2950/16471 2778/2953/16472 2760/2985/16473
f 2705/2957/16474 2778/2953/16475 2692/2952/16476
f 2779/2950/16477 2760/2985/16478 2780/2829/16479
f 2779/2950/16480 2687/2954/16481 2759/2676/16482
f 2760/2985/16483 2776/2984/16484 2781/2986/16485
f 2780/2829/16486 2784/2983/16487 2785/2830/16488
f 2757/2845/16489 2782/2993/16490 2781/2986/16491
f 2783/2951/16492 2784/2983/16493 2782/2993/16494
f 2773/2973/16495 2782/2993/16496 2757/2845/16497
f 2783/2951/16498 2782/2993/16499 2775/2988/16500
f 2137/2552/16501 2783/2951/16502 2775/2988/16503
f 2783/2951/16504 2685/2831/16505 2784/2983/16506
f 2780/2829/16507 2781/2986/16508 2784/2983/16509
f 2784/2983/16510 2781/2986/16511 2782/2993/16512
f 2785/2830/16513 2685/2831/16514 2183/2426/16515
f 2780/2829/16516 2785/2830/16517 2468/2805/16518
f 2776/2984/16519 2786/2967/16520 2762/2843/16521
f 2703/2961/16522 2786/2967/16523 2777/2968/16524
f 2788/2806/16525 2468/2805/16526 2470/2827/16527
f 2779/2950/16528 2787/2804/16529 2687/2954/16530
f 2267/2828/16531 2788/2806/16532 2470/2827/16533
f 2687/2954/16534 2788/2806/16535 2758/2808/16536
f 2761/2850/16537 2789/2849/16538 2128/2848/16539
f 2727/2811/16540 2789/2849/16541 2709/2851/16542
f 2790/2800/16543 2688/2960/16544 2701/2956/16545
f 2790/2800/16546 2723/2969/16547 2714/2565/16548
f 2726/2812/16549 2791/2853/16550 2494/2777/16551
f 2792/2873/16552 2791/2853/16553 2729/2852/16554
f 2792/2873/16555 2729/2852/16556 2722/2801/16557
f 2525/2738/16558 2792/2873/16559 2435/2739/16560
f 2815/2994/16561 2736/2934/16562 2816/2972/16563
f 2772/2990/16564 2793/2989/16565 2733/2945/16566
f 2795/2933/16567 2794/2932/16568 2634/2761/16569
f 2815/2994/16570 2794/2932/16571 2736/2934/16572
f 2632/2762/16573 2795/2933/16574 2634/2761/16575
f 2796/2931/16576 2795/2933/16577 2631/2927/16578
f 2746/2926/16579 2796/2931/16580 2631/2927/16581
f 2796/2931/16582 2111/2977/16583 2797/2929/16584
f 2748/2975/16585 2797/2929/16586 2111/2977/16587
f 2753/2908/16588 2754/2930/16589 2797/2929/16590
f 2799/2946/16591 2798/2760/16592 2633/2935/16593
f 2740/2660/16594 2798/2760/16595 2737/2661/16596
f 2633/2935/16597 2815/2994/16598 2801/2995/16599
f 2803/2775/16600 2799/2946/16601 2681/2947/16602
f 2801/2995/16603 2799/2946/16604 2633/2935/16605
f 2793/2989/16606 2734/2974/16607 2800/2948/16608
f 2793/2989/16609 2800/2948/16610 2801/2995/16611
f 2799/2946/16612 2801/2995/16613 2800/2948/16614
f 2681/2947/16615 2802/2949/16616 2682/2774/16617
f 2734/2974/16618 2802/2949/16619 2800/2948/16620
f 2681/2947/16621 2682/2774/16622 2804/2823/16623
f 2738/2617/16624 2803/2775/16625 2372/2521/16626
f 2372/2521/16627 2804/2823/16628 2456/2519/16629
f 2681/2947/16630 2804/2823/16631 2803/2775/16632
f 2809/2883/16633 2806/2943/16634 2807/2980/16635
f 2733/2945/16636 2808/2978/16637 2807/2980/16638
f 2807/2980/16639 2806/2943/16640 2733/2945/16641
f 2773/2973/16642 2806/2943/16643 2771/2987/16644
f 2808/2978/16645 2733/2945/16646 2793/2989/16647
f 2809/2883/16648 2807/2980/16649 2805/2979/16650
f 2801/2995/16651 2815/2994/16652 2793/2989/16653
f 2754/2930/16654 2753/2908/16655 2814/2982/16656
f 2805/2979/16657 2814/2982/16658 2810/2884/16659
f 2806/2943/16660 2809/2883/16661 2771/2987/16662
f 2812/2912/16663 2810/2884/16664 2751/2981/16665
f 2817/2882/16666 2137/2552/16667 2775/2988/16668
f 2805/2979/16669 2808/2978/16670 2811/2992/16671
f 2811/2992/16672 2808/2978/16673 2815/2994/16674
f 2752/2907/16675 2812/2912/16676 2751/2981/16677
f 2541/2833/16678 2595/2553/16679 2813/2913/16680
f 2813/2913/16681 2137/2552/16682 2817/2882/16683
f 2541/2833/16684 2813/2913/16685 2812/2912/16686
f 2810/2884/16687 2814/2982/16688 2751/2981/16689
f 2805/2979/16690 2811/2992/16691 2814/2982/16692
f 2793/2989/16693 2815/2994/16694 2808/2978/16695
f 2815/2994/16696 2633/2935/16697 2794/2932/16698
f 2754/2930/16699 2811/2992/16700 2816/2972/16701
f 2815/2994/16702 2816/2972/16703 2811/2992/16704
f 2771/2987/16705 2817/2882/16706 2775/2988/16707
f 2817/2882/16708 2810/2884/16709 2812/2912/16710
