# This file uses meters as units for non-parametric coordinates.

mtllib Clothes2.mtl
g default
v 164.999817 1.908896 68.731506
v 142.003723 1.908896 90.631775
v 118.359192 2.529848 111.799988
v 109.449768 22.568005 130.059570
v 81.757507 10.072318 138.140182
v 60.498352 13.139875 150.451584
v 43.090027 35.686321 163.909912
v 53.188660 21.706379 190.601898
v 57.794495 11.237393 220.063416
v 69.865173 24.012442 237.453033
v 98.555481 27.999857 232.463913
v 128.981506 21.268198 227.724411
v 159.867004 18.568268 223.775574
v 179.412659 38.366947 218.084778
v 194.698914 63.377682 219.668015
v 215.255798 60.822456 207.816391
v 243.103088 49.700573 202.312836
v 239.180237 23.803032 190.910278
v 217.323547 9.072513 175.312973
v 189.637268 9.440548 160.621902
v 160.368347 10.650941 149.732635
v 131.620789 21.280237 144.178482
v 102.246033 32.045967 144.253555
v 72.983093 41.762012 149.659607
v 46.377014 55.441933 158.832840
v 28.132263 41.394012 147.311096
v 34.205627 35.536228 122.988586
v 37.382507 31.850546 133.708115
v 156.382629 3.332068 44.730225
v 175.271301 6.673565 45.559692
v 200.432556 3.077472 59.392883
v 225.551208 2.806052 74.068512
v 248.533020 9.663075 90.841614
v 264.800354 21.224012 112.208893
v 276.494934 34.728592 135.298981
v 283.491272 48.803734 159.582642
v 290.802063 54.716469 179.910889
v 297.170715 36.666542 170.187180
v 282.181580 21.549658 150.248535
v 264.225891 7.871626 131.650269
v 241.351135 1.908896 114.174255
v 216.746521 1.908896 97.577850
v 191.349792 1.908896 82.166260
v 176.120911 1.908896 185.414551
v 160.173767 5.698883 233.990784
v 142.712585 29.796167 107.511719
v 177.051331 1.908896 132.955505
v 224.621399 1.908896 165.134445
v 222.242126 5.724081 179.187469
v 165.627502 17.241024 91.297546
v 191.884338 1.908896 109.729767
v 239.997864 1.908896 142.207016
v 267.338318 3.751274 203.511414
v 251.766418 9.102266 149.579514
v 178.145447 11.612287 70.054779
v 202.730408 14.983258 123.083038
v 162.884583 1.908896 108.960693
v 208.749451 1.908896 136.938583
v 256.351746 3.331839 171.695496
v 283.645691 33.672630 203.401642
v 266.204895 15.378680 133.803040
v 240.251526 5.658338 120.727325
v 273.574280 23.884506 162.739700
v 143.197327 18.545540 66.142212
v 197.794739 8.341482 96.294708
v 141.518982 1.909367 136.693527
v 140.542053 1.908896 111.012634
v 163.675232 1.908896 88.982269
v 210.903625 1.908896 116.839600
v 258.264343 4.063659 150.973541
v 280.352844 16.140444 179.764297
v 293.148743 42.478516 188.873245
v 162.205872 14.634961 58.794250
v 223.861389 12.492314 99.660187
v 205.658752 3.784438 78.514160
v 158.505310 1.908896 127.161316
v 221.607849 10.399604 118.775177
v 215.262512 5.651771 148.405960
v 57.774475 21.395126 169.894150
v 102.454407 1.908896 188.605225
v 73.973328 2.793568 185.169693
v 52.544983 30.989378 144.854584
v 74.485535 17.423820 92.271179
v 66.388611 15.154320 121.004547
v 181.693665 4.066738 303.904175
v 91.686096 10.349323 183.371582
v 128.356506 11.448504 230.546066
v 124.616516 11.632382 102.131653
v 195.654602 1.908896 163.423508
v 235.338562 1.908896 197.795700
v 249.635559 20.026398 180.637970
v 120.273499 6.228958 84.442505
v 175.969666 17.213840 118.384918
v 118.446594 2.563928 134.218262
v 124.320740 13.012552 164.509262
v 272.165222 10.898615 162.691238
v 163.702087 6.002028 175.614944
v 233.481018 6.050909 160.329269
v 104.145935 1.954404 236.308014
v 78.187683 2.092990 160.865967
v 100.948059 10.540213 155.927505
v 115.836975 13.465036 149.043777
v 109.545227 2.884521 170.662964
v 85.530457 2.226473 212.708893
v 65.921570 9.928310 201.928085
v 66.197693 22.779486 136.551544
v 92.735901 9.586058 106.203033
v 51.195862 30.856890 107.676788
v 69.441345 6.928938 135.180145
v 132.813416 30.156719 281.021667
v 206.533508 40.423843 277.060974
v 66.616272 32.960136 197.103638
v 113.761536 17.939732 187.417542
v 160.354309 10.739159 196.915604
v 115.344788 19.855883 104.685577
v 168.171570 1.913580 159.179489
v 147.411072 4.890516 179.677597
v 191.763855 1.908896 144.807251
v 205.570984 1.889107 192.655502
v 238.815491 1.908896 178.447891
v 239.461365 10.800613 264.925140
v 257.333191 20.089874 163.577286
v 269.320618 23.829466 194.010880
v 285.565125 37.031494 182.404160
v 134.936951 7.262155 69.388245
v 124.037048 3.300227 94.141174
v 147.532776 9.707997 93.709106
v 193.237000 18.881289 111.234344
v 179.409607 10.469355 101.981323
v 154.216980 16.779453 109.845428
v 193.382507 5.704152 169.441025
v 78.388245 5.573418 236.762146
v 98.715515 18.117373 265.164154
v 82.716736 15.119326 251.748291
v 49.596497 41.726971 134.684265
v 51.624817 33.462574 169.898026
v 62.245667 34.311485 115.788635
v 56.048035 32.236988 150.609818
v 71.341736 14.797853 165.757248
v 62.353821 21.565273 185.099365
v 96.378357 10.748995 124.223999
v 77.982117 6.173142 106.400116
v 56.101990 30.493818 125.785828
v 119.790833 34.740120 255.078384
v 174.617493 47.796425 263.436432
v 227.906067 50.078430 242.952545
v 64.504456 44.041092 173.566147
v 87.264465 24.716148 177.049011
v 115.710266 24.408384 163.226471
v 140.572083 16.932663 176.414810
v 168.702576 9.827049 173.515793
v 192.078064 9.499586 194.757477
v 143.367249 2.431908 158.435196
v 150.490295 1.908896 224.022751
v 213.482117 1.863337 234.346146
v 227.739807 22.106930 231.147964
v 263.408508 31.128042 177.290115
v 258.878601 22.248798 218.962051
v 132.404114 6.553572 97.606110
v 137.103333 18.980360 92.197418
v 107.071106 17.687008 90.444397
v 149.095398 23.202812 83.547852
v 189.495911 5.783383 143.257492
v 185.749817 5.697190 206.216522
v 35.038147 42.930927 166.250488
v 100.537292 32.269394 251.917419
v 115.086975 28.684095 270.856873
v 148.317200 30.042389 248.456940
v 175.700012 30.710770 242.170898
v 201.176697 53.296738 244.069321
v 191.117493 39.583534 233.538437
v 233.052185 57.903534 221.260941
v 212.250427 69.801346 229.184540
v 229.868469 30.470211 220.010666
v 87.485901 30.303732 157.775208
v 144.056580 15.965716 157.530899
v 198.408752 9.502283 177.207245
v 217.609924 12.553984 201.110413
v 178.664856 17.173679 241.862961
v 197.793762 12.619244 221.529129
v 209.899475 26.000711 248.172119
v 171.935486 10.122139 219.287003
v 153.502380 13.135180 236.744202
v 135.155212 20.523092 271.494568
v 145.763123 9.841799 215.290451
v 122.858459 10.378365 208.243088
v 90.208679 20.505213 226.518204
v 97.594299 13.757797 206.463242
v 76.781067 14.856063 205.536911
v 135.524719 25.834341 250.329559
v 106.680725 10.815425 226.260101
v 79.236877 22.574038 207.255096
v 164.666809 35.704739 268.922974
v 113.636536 9.293463 247.209122
v 145.955750 32.497677 264.867462
v 161.479553 25.236986 251.323303
v 115.987122 22.333733 243.312805
v 157.061462 1.908896 200.937027
v 183.949402 1.902597 219.619568
v 127.035706 1.908896 205.538727
v 217.687073 1.899556 211.980682
v 247.083069 4.511778 229.794937
v 250.609680 29.825653 210.937637
v 276.655212 17.488647 210.822189
v 272.620422 27.986673 209.875046
v 107.048889 6.962584 92.498444
v 89.061707 16.961220 116.504120
v 100.798401 22.251966 150.049728
v 89.609192 13.886572 163.969833
v 181.466736 5.709840 186.066528
v 138.461731 38.501488 266.487061
v 239.804626 35.255013 205.160080
v 213.876282 21.833281 229.037003
v 219.150330 40.723007 260.846191
v 212.089783 63.010551 258.990540
v 192.514099 59.619373 262.485229
v 185.088684 40.808529 301.744995
v 182.384827 53.780304 282.855164
v 156.679626 44.089027 284.528625
v 205.471130 53.028595 292.928772
v 154.570984 17.822971 299.336700
v 183.618469 27.516233 300.889343
v 213.458557 51.825226 275.037506
v 194.902771 45.494232 295.510010
v 176.534241 39.805183 285.969147
v 161.811584 18.662542 284.886658
v 188.449158 30.187567 261.051605
v 179.315735 1.906199 261.939758
v 187.858459 1.876432 200.638321
v 126.675354 1.869242 228.196381
v 144.210632 1.908756 256.725311
v 127.139954 6.906781 276.981781
v 118.841858 2.043321 255.427597
v 154.734680 3.104782 280.706604
v 107.244202 1.908896 215.119049
v 126.254822 6.936166 184.895218
v 250.282043 1.908896 210.534103
v 266.096619 4.147141 224.098724
v 257.073303 24.976294 243.865921
v 231.987244 2.932637 246.102768
v 209.911316 2.241070 267.201233
v 234.036682 14.094794 199.968079
v 210.347839 6.751500 201.409698
v 202.129211 10.380756 228.496307
v 181.002991 5.722783 227.430573
v 178.951721 22.735962 261.124390
v 209.208801 23.273163 255.639114
v 265.618958 31.475220 211.473953
v 91.012878 16.820433 99.553894
v 77.119324 26.216936 108.400696
v 115.071228 28.791565 115.768524
v 84.850281 17.645521 137.162582
v 174.604431 21.945309 310.468323
v 188.934021 10.052274 316.091766
v 197.068787 27.306372 308.124207
v 213.083679 17.448648 295.925171
v 198.082581 11.943099 307.383362
v 190.804504 1.905944 241.611786
v 165.908508 1.891869 242.225342
v 177.200378 1.908896 283.142731
v 246.833435 31.357681 231.983322
v 154.767273 21.174028 266.808411
v 164.488831 12.467092 251.345398
v 139.228821 5.692889 249.886841
v 192.178650 15.205913 246.427475
v 122.624207 26.171299 98.096069
v 139.645569 12.875265 143.712814
v 223.840271 10.266579 279.592957
v 227.318420 29.761208 269.911530
v 198.125305 29.018749 280.810028
v 132.628967 23.195803 126.061432
v 120.162292 21.793068 142.106476
v 159.317932 23.493668 129.946991
v 126.420715 15.641611 177.634842
v 163.974426 5.740993 148.062042
v 180.033020 18.843161 131.438904
v 178.238708 22.898052 277.962982
v 189.414246 17.824369 296.273865
v 177.419250 16.997730 292.243195
v 155.811584 6.515929 204.369659
v 128.502991 5.711863 220.150894
v 145.518982 10.049029 185.894913
v 147.118469 5.686474 220.677246
v 104.802917 6.859123 224.858704
v 112.242371 9.352064 199.702148
v 93.595764 6.170838 207.586975
v 132.044739 8.649796 200.700348
v 199.729919 3.304185 286.878998
v 292.229309 1.908896 -185.933411
v 263.571472 6.127443 -173.634033
v 235.624817 12.460042 -160.633850
v 208.479675 20.895695 -147.020630
v 184.122375 33.457623 -132.166504
v 169.843445 27.511702 -122.831909
v 152.076599 11.286463 -106.883972
v 148.379822 41.706879 -100.058838
v 138.920105 68.570595 -89.115204
v 130.455139 81.175697 -64.561127
v 129.826721 92.331596 -35.249115
v 128.693176 103.341492 -5.777557
v 133.429626 117.921982 20.659393
v 141.505066 132.177551 47.296051
v 145.503479 135.601639 77.018921
v 146.364563 115.149086 100.154327
v 155.931580 88.360992 112.395569
v 173.741394 62.628014 115.255493
v 192.795349 55.215950 111.721130
v 170.395935 59.234608 89.488708
v 162.024231 81.491699 66.605774
v 161.618958 98.843147 40.945435
v 169.883240 88.459648 15.411682
v 176.057312 71.494019 -6.840942
v 179.230408 63.901535 -37.309174
v 171.310486 38.023026 -52.561798
v 168.431946 15.158711 -71.548279
v 173.248352 3.840992 -100.804382
v 311.068787 1.908896 -164.117249
v 329.943420 1.875669 -142.128540
v 348.714294 1.826648 -119.842743
v 366.922058 1.908896 -96.946136
v 384.446960 2.150066 -73.559875
v 401.151062 3.625007 -49.753174
v 415.899719 10.419545 -25.955109
v 410.141541 30.565874 -32.087189
v 396.966858 14.719017 -52.323669
v 381.596619 5.943769 -73.952026
v 364.800354 5.725989 -97.325684
v 347.979553 5.625072 -120.619873
v 331.345642 5.690013 -143.998718
v 314.970886 7.097824 -167.475403
v 301.686951 18.965471 -188.836365
v 266.587219 11.838302 -72.361694
v 265.681946 17.601629 50.188141
v 241.783752 22.937872 -61.896973
v 280.755798 1.908655 -120.905518
v 317.701721 1.908896 -76.892365
v 334.368835 20.038322 8.660675
v 290.169617 7.140087 -97.153168
v 302.281311 1.854569 -138.194031
v 339.403503 1.908896 -93.935059
v 348.399475 1.897494 -28.083710
v 369.838562 20.851231 -17.465179
v 316.244934 5.697636 -115.715912
v 264.696228 21.845945 -145.636780
v 327.697571 5.670975 -53.263519
v 310.262878 1.879550 -107.670959
v 275.315857 1.869891 -148.372070
v 346.958313 1.888446 -61.547485
v 382.487366 2.504472 -17.947571
v 388.162048 22.815994 -32.080109
v 363.862000 7.032018 -46.338104
v 393.408875 23.029064 -5.364136
v 288.845276 17.283453 -162.245605
v 318.378479 1.900561 -125.803223
v 245.749084 2.137086 -128.619873
v 254.600525 4.533082 -154.261108
v 283.240540 2.607705 -167.369446
v 354.875183 1.908896 -80.451141
v 372.085510 1.914305 -46.169281
v 398.296326 3.414036 -29.866882
v 380.129089 7.714601 -55.506836
v 353.984924 5.720937 -71.989014
v 408.587830 21.665222 -15.709045
v 264.935486 1.908896 -132.211670
v 173.093323 16.851801 -107.939301
v 208.513977 20.981747 -92.068726
v 187.745911 20.944475 -89.791962
v 173.152405 59.588963 -127.874146
v 158.624817 29.890301 -113.584625
v 153.982117 51.135490 -119.942444
v 218.231995 3.364468 0.238678
v 204.680481 73.565636 18.852783
v 232.859192 58.537296 118.085052
v 182.915710 44.369053 -68.823334
v 287.416809 7.898479 -129.031738
v 306.790466 6.104880 -144.199219
v 252.898376 29.628046 -168.768677
v 319.309387 5.706150 -84.009918
v 341.616028 5.720491 -92.173431
v 289.825134 1.907357 -86.812775
v 318.766418 1.856224 -43.225037
v 340.458679 8.636509 -23.515350
v 365.749573 18.783426 12.861084
v 277.192810 22.623505 -183.382996
v 227.238953 9.635472 -139.522278
v 227.437073 17.104286 -108.296753
v 367.047180 1.957548 -65.183960
v 191.379578 6.442322 -54.320923
v 186.263489 35.996910 -109.219299
v 205.568298 27.597143 -118.459320
v 216.944519 12.976678 -123.166443
v 217.603821 31.972271 -104.624176
v 182.556335 9.829595 -84.428436
v 193.078918 22.466337 -67.363617
v 181.930969 27.718090 -59.338409
v 202.049744 6.885783 -74.637817
v 193.936340 27.629444 -17.589508
v 234.954285 2.379579 -45.105286
v 186.749573 21.307180 -38.210022
v 206.764832 3.148330 -28.366150
v 195.562805 44.933598 -36.032471
v 213.242493 1.924549 -55.631744
v 201.924377 60.484371 -2.625488
v 233.308655 18.999601 -75.026978
v 194.494812 62.024563 -22.528137
v 219.139954 9.372682 -83.805359
v 168.659729 40.930908 -140.228638
v 197.154724 47.358295 -148.685364
v 170.627014 97.710419 11.502930
v 197.659973 101.273911 75.227325
v 205.428894 83.161148 134.469147
v 209.142761 73.568451 67.536316
v 154.605652 60.482414 -74.323273
v 161.793274 65.247063 -102.068726
v 297.858582 5.973331 -113.924652
v 281.067932 12.758326 -145.766541
v 271.222107 27.480814 -164.408447
v 334.415588 5.716674 -71.540771
v 264.416199 2.894434 -98.474701
v 248.318665 10.036582 -84.964355
v 291.238098 1.900472 -105.245117
v 292.184631 5.895181 -56.829773
v 327.783875 1.884933 -60.373383
v 358.631042 10.378682 -28.507355
v 344.434875 5.707269 -42.617462
v 280.123962 11.127785 -15.729187
v 350.248718 19.687786 -6.942810
v 377.597717 9.793644 1.350891
v 375.872620 25.948902 -1.052338
v 301.595764 1.908896 36.295990
v 204.168030 15.897098 -78.818298
v 200.601624 9.981517 -9.302795
v 230.094666 1.908896 -21.082947
v 269.866272 2.692575 -26.389252
v 249.269104 1.908896 -29.806976
v 257.117615 12.956582 -50.453003
v 192.346375 82.859955 6.690369
v 206.696472 63.870972 33.088318
v 208.325256 27.311279 24.721710
v 201.714172 68.854645 15.161163
v 194.240051 34.257000 -147.807800
v 207.483459 40.325489 -106.986694
v 230.127014 35.114098 -142.845337
v 146.378601 101.271667 10.849304
v 159.028503 109.512291 38.523132
v 158.009338 91.371666 -18.253754
v 172.982849 120.008255 84.961517
v 191.195496 65.644493 131.006165
v 187.914856 83.522148 109.643677
v 187.331360 93.135231 120.695068
v 186.598450 94.906342 61.009216
v 186.965881 92.996727 32.917603
v 198.565979 81.274261 48.783783
v 139.908508 71.862068 -77.832581
v 172.238220 53.074837 -86.357330
v 192.890808 42.549820 -89.233704
v 211.620300 30.738005 -66.859924
v 186.532654 52.024143 -110.719360
v 201.552429 48.044846 -127.725037
v 309.386292 8.036339 -27.629303
v 316.410950 1.908896 -1.832184
v 347.602600 1.908896 9.441803
v 295.438171 4.729393 -30.410370
v 314.427917 1.968606 -22.714630
v 287.319885 1.908896 -3.269379
v 253.250061 1.908896 5.556274
v 277.015320 9.797869 -44.660126
v 248.341003 32.504585 -151.656433
v 228.381042 33.730011 -164.075684
v 216.194397 44.906368 -153.133484
v 143.953918 117.807312 35.702637
v 158.812073 120.774757 62.287415
v 181.357849 114.230179 63.439209
v 196.664612 93.219292 43.730408
v 139.202454 94.446602 -18.917664
v 191.155701 81.482956 -11.556335
v 172.665955 69.091469 -43.676361
v 155.637878 125.192123 88.721222
v 170.099670 106.980293 109.209656
v 196.351257 98.488480 102.742401
v 186.599182 106.893135 88.638031
v 208.724670 91.668488 122.668732
v 220.693054 76.121376 89.715912
v 222.228943 74.620461 131.065491
v 215.026672 69.909348 99.637695
v 222.362122 80.421616 110.581024
v 208.673523 92.199875 89.365173
v 180.067322 67.780136 107.957428
v 177.789246 88.243362 85.880798
v 199.858215 91.164604 80.990509
v 173.370911 81.537750 115.166962
v 170.100159 94.752365 56.856964
v 231.361755 27.932436 -90.885620
v 326.177795 5.694149 -34.830841
v 291.727112 11.566678 -60.162842
v 305.102234 10.550495 3.096863
v 340.848938 11.424541 32.030273
v 324.959412 1.916074 23.377747
v 336.628967 1.908896 -9.437408
v 301.059265 1.908896 14.351257
v 274.312805 1.908896 25.367126
v 268.162415 1.908896 -6.996185
v 191.280212 92.993217 20.354858
v 180.515320 104.212959 35.801392
v 174.487366 91.537926 -6.985962
v 230.738220 45.997608 -20.417236
v 169.100769 57.231644 -59.798157
v 151.573425 73.136871 -54.769592
v 158.267029 83.300072 -37.701355
v 217.044861 61.576260 53.683075
v 209.654236 81.119919 67.189514
v 226.754700 23.978844 74.771088
v 207.210876 86.376503 112.441132
v 211.872253 34.066406 -87.096741
v 261.351624 16.730446 -86.297363
v 229.942688 30.226763 -117.069489
v 308.111389 8.302937 -48.128479
v 288.198303 13.354321 -37.342041
v 266.921692 18.875334 -52.867310
v 274.795593 14.177959 -71.175354
v 245.421082 19.560017 -31.594238
v 299.378601 6.760268 -78.697479
v 324.152161 9.803800 -8.322205
v 273.612366 23.852997 20.571106
v 357.324036 7.612704 24.470245
v 347.922302 22.078144 18.261871
v 271.140564 2.302842 71.234528
v 201.495178 47.888916 -39.648499
v 206.538025 74.475197 40.112183
v 223.801697 42.154858 97.495514
v 237.056458 3.552290 42.265167
v 245.667908 24.074938 -79.747955
v 268.555359 12.416481 -111.212372
v 248.070984 21.598028 -105.291016
v 248.622620 21.665440 -128.551758
v 223.600647 26.019735 -44.366333
v 265.646057 13.728197 -31.872620
v 283.742004 12.055863 5.623322
v 251.983826 30.304737 -1.928864
v 280.253235 2.282493 48.848938
v 301.587463 15.412035 59.291290
v 257.523254 1.908896 52.919525
v 245.873596 7.450638 74.499817
v 291.201477 5.600193 65.991699
v 277.095032 6.136734 67.390808
v 252.027893 38.039822 82.938904
v 260.823547 21.568352 69.706909
v 235.921204 33.421684 50.221039
v 257.114319 17.641308 87.256622
v 243.357727 30.475302 100.847137
v 197.060486 38.599281 -56.196808
v 215.908875 56.383305 81.091370
v 252.127380 1.908896 26.996124
v 229.565735 2.008554 20.423737
v 218.627136 41.228230 -34.303680
v 242.528381 31.792093 -17.937958
v 225.672424 42.786476 14.599030
v 216.060364 54.979897 31.454742
v 315.266907 19.787327 33.461853
v 293.906799 16.557375 25.958191
v 280.709167 26.227488 42.710419
v 231.905945 48.751495 71.329956
v 221.098694 65.198647 72.931427
v 238.832703 55.626602 94.685638
v 252.551086 33.011833 30.129425
v 238.574280 45.012913 -1.743347
v 323.150696 10.180946 48.990936
v 317.650330 16.144760 15.530823
v 257.530823 32.517136 16.021851
v 232.933899 34.359421 30.808777
v 306.523376 5.752129 54.128326
v 241.533630 2.662580 -105.965332
v 203.425720 37.253143 3.300995
v 208.837341 47.772091 20.842651
v 361.507263 1.908896 -9.190826
v 210.353699 60.777058 -7.153625
v 212.852600 57.121315 11.865814
v 201.975281 67.656219 -27.083710
v 216.374695 41.025368 51.506744
v 217.482483 17.267366 45.537598
v 219.111267 40.713463 70.481079
v 212.114441 60.529594 52.284302
v 97.821960 29.149065 50.616638
v 115.700500 33.646095 63.840820
v 122.677063 48.574577 56.110016
v 150.878479 42.633598 60.623505
v 180.648254 38.690994 59.346710
v 209.868347 34.849613 58.351868
v 190.092590 31.945509 62.860992
v 200.122986 38.138042 89.704010
v 210.324158 47.609150 114.930359
v 216.251526 48.002480 143.762085
v 226.262634 39.070194 169.155289
v 33.039246 12.177029 154.773682
v 30.225769 14.570529 126.295410
v 29.632874 20.687206 97.267670
v 26.781189 15.181224 67.495941
v 17.830383 6.791319 39.651093
v 4.210144 1.908896 13.272858
v -10.165466 1.908896 -13.415894
v -23.370728 1.908896 -40.676880
v -36.559753 1.908896 -68.007263
v -49.586731 6.285678 -94.569977
v -64.372375 14.522796 -119.800629
v -82.412720 8.613768 -106.726959
v -108.179321 1.908896 -121.362762
v -134.694885 1.908896 -136.567505
v -160.551025 2.303287 -152.860718
v -185.750000 3.844326 -170.104797
v -202.696045 4.351927 -143.167114
v -207.210083 12.692405 -142.601746
v -201.283813 4.280840 -170.687927
v -201.444519 3.663414 -196.713318
v -233.445435 2.704193 -193.872375
v -265.233337 1.904099 -187.624756
v -296.511536 1.908896 -180.091553
v -327.358521 1.891958 -171.913513
v -341.581238 15.457198 -178.225708
v -329.685608 12.031125 -201.903625
v -313.030701 3.337145 -227.494324
v -295.242798 1.908896 -253.818359
v -277.381714 1.908896 -280.169556
v -259.440857 1.908896 -306.489868
v -241.494690 2.577163 -332.836609
v -223.539429 6.843546 -358.870117
v -202.671753 11.661931 -382.518250
v -180.130798 14.515311 -404.922913
v -155.070312 14.671255 -424.086060
v -139.133972 1.908896 -409.332336
v -122.512817 26.517117 -405.133667
v -111.861511 44.778038 -401.227295
v -84.462036 53.376884 -394.741455
v -59.145813 52.644279 -379.770508
v -34.622253 47.415558 -362.201782
v -11.120911 41.849907 -343.405396
v 11.823792 36.287003 -323.964478
v 34.741882 31.016666 -304.422180
v 57.994080 26.076859 -285.253052
v 81.690125 19.344692 -267.172058
v 101.218689 16.970955 -244.621033
v 116.332336 19.849926 -218.214844
v 130.015320 22.024645 -190.920471
v 140.500183 21.368122 -162.773682
v 148.912170 24.802406 -132.998047
v 170.395935 59.234608 89.488708
v 166.268616 45.503979 59.903259
v 162.787048 35.804443 32.835419
v 161.370789 33.544205 3.691193
v 158.324036 9.618724 3.439514
v 148.638611 25.185469 27.486267
v 142.114929 38.986408 50.352478
v 123.981018 52.217274 55.372864
v 103.418274 53.544556 34.831665
v 106.593811 51.804771 48.018494
v 79.753723 28.669054 69.046692
v 89.168030 28.399364 58.854126
v 111.410706 25.575407 39.832825
v 125.221130 22.897785 20.981171
v 99.105164 18.703457 21.023804
v 72.141174 30.451591 26.217499
v 46.165833 44.520531 32.046936
v 20.964172 59.831688 36.418640
v -5.067078 68.724541 32.929596
v -24.336731 55.253021 15.419250
v -47.499695 50.788338 1.574768
v -63.484070 71.958160 -12.043243
v -81.630554 74.631485 -28.599884
v -87.733154 55.244644 -48.193878
v -107.615417 41.298363 -65.044250
v -135.078918 42.305664 -78.277649
v -162.610413 49.216602 -89.508881
v -189.687439 48.479389 -103.568817
v -211.485962 35.549023 -119.703064
v -233.012329 20.488081 -134.923828
v -254.592773 7.134461 -150.156372
v -279.862610 7.461545 -167.117371
v -304.999023 8.365765 -184.310242
v 56.723694 64.785950 42.434753
v 116.883118 52.491684 20.287506
v 130.363220 67.694550 141.929901
v 200.764832 52.189556 102.994812
v 77.178162 65.138741 45.135101
v 126.485779 38.849163 26.971436
v 134.643738 72.382881 100.857513
v 198.130310 44.972935 77.831329
v 92.326843 59.282631 38.975952
v 141.591736 33.681087 10.454926
v 104.995911 66.330086 46.950470
v 136.097961 58.497326 77.250793
v 215.654602 41.847752 89.190918
v 122.700989 56.561935 54.070496
v 112.224915 53.789711 31.808868
v 95.712952 67.917572 63.314728
v 98.266541 51.562584 90.071930
v 166.500549 52.798431 97.505005
v 207.463684 31.911863 74.153931
v 107.401306 60.634552 51.489227
v 116.043152 65.386726 87.669006
v 105.552917 56.699551 68.848846
v 150.447083 63.456963 91.228455
v 183.953918 45.510456 92.964661
v 167.551941 47.539104 75.221710
v -135.836182 19.233339 -417.828003
v -137.141541 24.920921 -355.335266
v -70.943481 65.579170 -211.236694
v -190.863647 37.632492 -237.051147
v -309.123352 5.372156 -205.870239
v -325.107849 16.033762 -180.682861
v -291.787537 14.421381 -106.598206
v -157.963074 3.324992 43.811646
v 110.322937 49.994591 -141.888489
v 136.845398 26.144117 -115.979675
v 127.590271 45.314976 -118.292206
v 157.066833 68.695122 100.211212
v 41.044617 70.908226 -38.077881
v -172.776855 25.332823 -96.649841
v -18.145264 47.149628 126.497131
v -165.942200 11.584737 -117.150879
v -181.866150 1.908896 -148.204041
v -166.322388 1.908896 -128.207581
v -188.364807 7.761636 -123.590637
v 15.804138 1.918975 161.181152
v 212.799377 54.174999 159.685379
v 242.878479 42.557201 180.511017
v 236.753723 52.195835 157.155502
v 225.125061 52.163921 182.982254
v 218.926819 53.332184 128.878082
v 53.162903 14.911650 165.702835
v 37.632263 1.908896 184.436584
v 88.303528 53.437599 38.398712
v 65.815613 138.990189 28.198822
v 136.429749 50.490017 47.063629
v 143.863708 60.838760 74.687927
v 161.432922 42.856506 181.324951
v 117.968567 38.267654 103.274567
v 91.309509 27.278677 82.911499
v 95.554260 35.603539 77.722839
v -82.285034 30.785473 -334.731689
v -117.234375 51.749233 -376.654358
v -132.501892 45.386276 -402.477783
v -169.986633 33.333454 -370.437195
v -181.202332 9.302765 -310.198364
v -28.139404 19.645647 -260.311890
v -137.538147 58.419342 -166.306946
v -62.734192 88.424393 -124.564270
v -223.717590 2.033382 -262.817566
v -220.216614 26.021961 -189.855347
v -247.966614 21.985996 -75.821442
v -284.397827 21.245584 -130.913879
v -307.244141 19.036753 -153.788574
v -303.931458 2.584620 -140.520447
v -236.461243 2.131245 -127.064392
v -152.951477 39.049862 -0.899323
v -102.663147 1.953832 -17.609863
v -69.202209 1.896590 68.142456
v 104.769348 35.094044 -166.458069
v 125.628845 35.132977 -135.939087
v 107.705750 34.434952 -146.794067
v 136.345520 52.041561 -100.699249
v 63.317810 66.537697 -83.229614
v 100.919739 56.124771 -82.639435
v 57.250549 47.745773 -21.691956
v 73.347229 122.540810 -22.558472
v 5.449158 87.296600 -55.269745
v -181.727356 26.251766 -149.332214
v -130.447937 35.200840 -113.558411
v 22.135559 47.195671 186.103027
v 28.561707 41.510967 99.810303
v -47.587097 72.628914 68.339813
v -138.209900 5.865237 -104.801697
v -173.722839 12.723545 -149.331909
v -13.706482 2.067068 107.589996
v 187.019592 61.523628 184.369888
v 205.684387 52.472519 177.389221
v 192.298035 47.962105 134.761505
v 179.382629 46.702652 115.505463
v 185.337219 49.248001 160.717743
v 151.323425 65.650391 171.776169
v 170.556213 57.839920 173.769485
v 230.343323 45.562458 140.769623
v 40.631409 2.555223 158.749207
v 25.959045 1.908896 127.059113
v 47.220764 9.465466 201.035553
v 28.234802 21.906761 211.804443
v 96.517883 40.452862 44.929962
v 76.914978 50.880360 66.861206
v 105.973450 41.994659 19.823730
v 76.827209 107.633675 49.587097
v 97.945496 142.345581 63.017853
v 140.327698 43.287651 23.578369
v 153.137146 42.399261 47.416321
v 132.153625 88.852852 88.585388
v 156.688538 34.018284 206.323441
v 107.782166 40.548862 164.157867
v 138.339539 28.862997 62.996826
v 86.455872 13.990683 71.672791
v 96.653259 22.228054 67.536987
v -44.617432 26.870365 -331.208740
v -104.366028 57.126484 -390.901001
v -87.502930 48.399963 -369.190857
v -117.286560 42.678467 -409.264709
v -157.597900 31.739870 -402.751221
v -173.172852 26.783522 -389.734558
v -147.905701 43.268143 -381.417786
v -151.802124 37.911560 -362.503967
v -170.093079 19.420553 -340.177124
v -208.256470 4.405911 -328.968384
v -1.102722 19.205191 -289.446045
v 32.996765 26.479305 -191.282349
v -159.098572 56.036823 -130.537964
v -101.915222 61.896744 -111.942261
v -67.510620 77.462639 -74.984131
v -247.991760 1.908896 -279.385315
v -232.456604 18.452217 -164.156982
v -211.425781 26.846809 -81.124268
v -275.195496 9.613292 -146.317505
v -256.309692 12.982354 -119.312439
v -298.029846 10.063651 -167.088806
v -329.261536 14.805439 -152.702148
v -318.649292 4.183907 -153.877197
v -315.837769 19.638216 -130.441040
v -301.854858 8.953742 -122.480896
v -271.070801 1.908896 -130.187500
v -243.489014 2.558634 -160.757996
v -136.514893 36.168129 -37.929749
v -91.872314 34.119560 9.839722
v -65.056396 1.908896 -36.676758
v -46.594482 1.883279 22.197968
v 123.734070 28.680084 -172.723083
v 104.294006 38.837715 -197.512817
v 129.097107 22.589321 -143.648804
v 94.496033 49.055519 -114.677856
v 117.785828 72.299599 -75.689606
v 120.705750 56.788929 -88.257904
v 88.923889 99.059242 -55.916260
v 108.007874 90.197357 -65.745422
v 84.199890 72.804901 -62.484192
v 109.013367 95.876724 -44.038300
v 92.128235 114.408905 -35.336975
v 104.290466 137.291855 -3.275482
v 115.804993 112.487885 -25.704468
v 93.047180 129.899292 -19.820618
v 115.192078 119.425217 -6.090820
v 53.835754 33.931583 4.239502
v -6.255005 89.525543 -10.857666
v -183.622375 16.102800 -176.198853
v -111.299011 15.024312 -105.742371
v -108.986816 3.518109 -82.391052
v 30.271545 31.358534 62.355225
v -28.476562 40.968735 55.254150
v -62.981995 74.764877 29.691833
v -147.473938 1.908896 -120.939148
v -127.606506 1.939031 -119.284668
v -140.584961 21.017254 -121.453461
v -192.536194 11.657350 -154.063965
v 13.271912 1.908896 91.736511
v 196.424988 65.342545 203.087723
v 208.553406 55.077957 140.802811
v 205.478455 52.591621 121.832825
v 47.151917 5.555690 139.828674
v 34.643372 7.682532 112.895050
v 49.495544 22.033079 224.388428
v 72.333435 37.524574 194.825653
v 64.111389 35.447838 217.747635
v 86.705872 29.679874 211.868668
v 97.432800 31.098963 187.101669
v 46.095520 44.017639 198.963852
v 112.112122 23.618864 207.600250
v 28.660950 37.606213 201.606445
v 5.529480 6.894120 192.207489
v 89.244934 52.748928 66.157776
v 69.633606 50.362568 46.757111
v 92.266663 88.479050 57.567749
v 63.207947 84.175034 61.055786
v 80.296570 77.407318 68.154236
v 124.023010 143.630005 63.930817
v 109.204651 146.104736 31.526581
v 114.428284 116.480309 77.872681
v 110.359314 147.864258 50.790527
v 126.481506 131.601517 78.756348
v 142.993347 73.783554 89.077820
v 142.480652 97.291748 102.048279
v 154.214905 64.269592 201.967377
v 176.739441 65.761230 206.794983
v 133.710144 20.047613 42.055634
v 116.132141 12.212139 54.881653
v 118.368713 28.637417 67.673920
v 125.777283 14.841530 37.388641
v 116.211487 19.508196 50.710175
v 86.035828 16.397802 45.183167
v 59.549866 24.182852 61.100952
v 104.707092 13.232494 39.302551
v -31.842102 38.465153 -343.238037
v -16.777832 26.149895 -316.530273
v -109.614746 32.110600 -360.696472
v -196.365906 19.131966 -354.507690
v -223.959595 4.563662 -339.779358
v -227.737061 1.908896 -304.038879
v -187.288940 10.344857 -330.416809
v 12.890808 29.192690 -303.091003
v 28.157776 17.628023 -276.379395
v 63.558655 17.799301 -225.696594
v -169.231445 52.951180 -111.030609
v -137.249329 53.754288 -108.645203
v -190.383850 51.806335 -136.556091
v -112.534119 49.789974 -90.309204
v -88.989929 67.437683 -84.451660
v -96.667358 50.505363 -78.648254
v -84.307556 78.302269 -54.880493
v -62.697327 61.360252 -46.424896
v -87.526001 65.079079 -65.225800
v -64.852722 73.960457 -56.428955
v -257.159546 1.908896 -239.734070
v -282.521667 1.933318 -221.591370
v -251.418396 5.050736 -195.720581
v -204.947693 36.106689 -99.076385
v -187.778809 43.635742 -71.748718
v -276.082458 27.605263 -102.989594
v -298.772278 22.163471 -118.561737
v -275.615295 1.888357 -159.529297
v -247.301758 2.723397 -179.847412
v -127.744263 36.613918 -58.055298
v -105.628113 35.199169 -33.383270
v -44.856995 1.908896 -46.832672
v -42.220032 1.906860 -14.152313
v -68.561829 1.908896 -68.921265
v -22.828613 2.017105 10.096741
v -18.484924 2.719579 46.662933
v -27.762695 1.908896 29.119720
v 59.570251 68.630875 -174.605103
v 109.862732 43.454006 -124.679016
v 79.905579 55.019371 -96.419189
v 48.254333 63.915741 -130.953857
v 51.400208 56.594223 -109.266144
v 112.613831 48.827137 -104.630646
v 45.422424 78.540039 -50.673920
v 85.879700 34.195999 -12.980682
v 37.149109 74.423256 2.054810
v -13.355957 77.319366 10.346283
v 12.576843 80.092880 15.937958
v -30.495178 66.320564 -17.889862
v 24.770081 61.520092 14.542389
v 43.547791 53.402454 5.679596
v 18.116516 85.975525 -7.648865
v 21.438171 49.997894 -30.357300
v 8.118713 91.761635 -30.293549
v 29.377625 68.922638 -16.537292
v -22.621765 89.058167 -46.291840
v 13.832825 71.413956 -37.918884
v 48.571838 61.149780 -12.949707
v -10.684753 93.863365 -30.519958
v 21.627625 49.662575 -70.099304
v 6.759827 52.702518 -48.753906
v 34.320496 53.587124 -51.646240
v 2.844421 68.167709 -71.778778
v 26.200745 65.965965 -100.856476
v 15.187195 59.580288 -85.087494
v 35.356750 49.303223 -91.163300
v -169.550232 18.475992 -162.365417
v -152.522156 21.470390 -143.153992
v -165.278748 27.709999 -121.250488
v -212.466431 15.047486 -158.651855
v -129.474243 20.499207 -101.305664
v -102.167847 25.762177 -106.905212
v 35.223816 49.947678 50.555908
v 3.184143 47.277390 55.132690
v -18.611877 50.964161 37.498901
v -46.828369 51.831142 34.086853
v -58.152588 69.866760 9.630676
v -81.615417 67.689484 3.595367
v -150.151306 9.721309 -110.738434
v 7.889709 1.908896 113.934265
v -12.237854 1.908896 141.764450
v 142.337708 17.164225 197.585373
v 123.330994 25.788681 180.453812
v 148.347717 23.558289 172.374191
v 162.271179 43.447945 141.841507
v 160.210266 37.565262 161.672333
v 146.000427 56.523273 162.515778
v 148.953430 59.132156 182.669571
v 18.830872 2.089758 180.306915
v 25.791809 4.658458 202.355042
v 57.939026 106.786751 34.959930
v 63.677551 69.957161 51.554138
v 125.252991 132.536163 33.791260
v 114.437683 128.296555 14.686523
v 112.489563 86.578835 44.456238
v 102.576599 73.870796 29.702057
v 96.252502 101.889397 30.485046
v 128.997375 109.152504 90.549622
v 164.595764 51.137135 213.321014
v 111.584045 22.697796 80.611694
v 134.755066 35.233093 84.065155
v 126.901428 20.932602 68.533234
v 148.276794 48.127655 112.735870
v 136.830994 42.678646 100.941650
v 110.579285 38.029316 89.328186
v 121.122742 68.261635 112.113190
v 116.377747 70.617661 107.006622
v 124.635071 83.469849 125.935577
v 109.306091 54.090324 102.883331
v 138.459778 56.902008 84.775269
v 123.984680 45.761200 77.772491
v 101.941711 17.511656 67.690643
v 44.972473 25.450577 82.908600
v 74.423645 51.715183 109.303741
v 65.961975 19.742138 78.575104
v 61.657288 35.117290 96.996735
v 92.535461 35.916229 95.074341
v 57.450378 64.628738 152.296158
v 44.784241 55.916698 174.785339
v 71.014221 49.758133 170.476898
v 17.554993 62.459599 144.275818
v 89.328796 41.743748 172.247177
v 35.071716 65.954842 156.909744
v 61.483948 36.214962 43.801941
v -47.053162 20.271143 -293.937744
v -126.745544 37.961941 -366.436951
v -120.190674 38.030575 -323.342407
v -87.920776 30.498489 -355.811951
v -178.727295 26.689043 -355.367798
v -188.083496 23.057457 -372.858521
v -227.558472 2.159471 -283.235962
v -195.889099 10.045248 -279.710449
v -203.912354 3.551018 -305.435852
v 2.636414 14.744799 -259.661926
v 79.446228 19.143890 -244.735596
v 52.254700 14.386436 -257.096191
v 87.683899 37.057953 -222.641235
v -130.004944 66.446960 -137.457703
v -169.377747 54.565086 -161.099854
v -208.705444 41.260792 -162.483948
v -75.606384 84.674332 -100.041138
v -84.020203 77.669571 -122.364319
v -86.431213 69.308052 -103.987122
v -80.607239 73.936356 -166.421448
v -105.817749 73.061401 -134.627991
v -78.053894 83.050026 -143.561035
v -68.558838 74.882431 -32.219299
v -51.734741 52.919491 -25.146576
v -42.964783 62.803196 -51.923523
v -51.492981 50.889931 -42.006744
v -244.917480 1.908896 -257.792603
v -272.263733 1.908896 -257.431702
v -295.784485 2.101707 -234.949524
v -280.131897 4.096976 -194.398682
v -257.676331 6.219311 -173.254272
v -234.419617 10.454110 -184.161804
v -259.964600 2.439111 -216.887634
v -224.097473 9.918804 -224.765564
v -209.602966 27.684992 -20.224792
v -268.717896 10.446244 -71.452850
v -255.764465 18.941687 -97.199646
v -259.388672 1.873531 -147.551208
v -285.138977 1.908896 -142.550171
v -124.493469 32.225098 -9.518982
v -73.158203 1.908896 -5.106537
v -94.433655 1.908896 -49.286743
v -1.599243 1.908896 33.350006
v 2.280090 4.982563 63.537598
v -26.189880 4.587740 78.039185
v 82.260437 52.163078 -180.593872
v 78.415710 57.729622 -138.268188
v 62.014465 69.665298 -62.319214
v 67.130310 89.860535 -52.970367
v 46.361145 100.597755 -37.534851
v 69.440125 110.979858 -44.051422
v 64.802917 31.241085 -14.433929
v 81.323914 24.190681 3.083130
v 109.991394 28.849863 -1.546326
v -33.503723 56.395058 -1.900787
v 34.022766 73.997673 -47.813416
v 34.339539 60.901039 -62.694153
v 38.495911 56.576836 -114.422302
v -148.552917 36.342175 -119.897003
v -186.066650 18.107027 -121.840088
v -166.322021 31.382334 -138.929016
v -194.299011 18.941660 -161.371887
v -227.914062 6.429902 -146.381592
v -208.246521 16.722364 -133.642334
v -226.119568 6.503266 -173.634094
v -113.075500 28.388840 -116.044128
v -86.969238 19.651400 -122.398041
v 7.393860 61.573856 44.775024
v -4.288330 40.066540 82.969299
v -49.114136 67.746750 46.645294
v -39.273682 57.213623 60.579529
v -21.909180 65.509987 82.765564
v -41.601440 49.010559 17.875854
v -74.455505 75.400497 -11.506622
v -87.027832 48.851562 -18.484741
v -80.024353 49.272369 32.708588
v -71.509583 62.889034 56.714264
v 9.172058 1.908896 140.631226
v -10.776306 3.092832 169.640900
v -16.318359 35.107315 174.703644
v -13.013916 16.789927 184.175064
v 5.419006 30.086485 194.092834
v -68.062866 4.955342 125.505524
v -45.689148 8.172024 155.692551
v -33.087952 19.782339 171.726501
v -32.085693 34.055756 147.601395
v -25.989380 2.734379 156.165283
v 143.108459 16.942118 216.311188
v 63.401917 101.945381 52.179565
v 93.315369 75.854546 18.395874
v 59.297546 84.013245 38.220703
v 75.057678 92.958961 26.622833
v 67.997620 66.788589 19.620422
v 76.450256 118.993713 22.137024
v 88.860779 49.192516 20.934875
v 78.253967 130.013336 0.308594
v 87.974304 134.964859 -2.185974
v 96.133484 56.700764 1.237335
v 74.432678 134.345932 11.849579
v 101.096619 43.580891 -8.969910
v 94.110657 39.411766 7.721375
v 122.875305 66.394653 37.668701
v 125.886536 74.257553 62.644562
v 115.311707 95.255547 66.698242
v 91.431702 84.032272 39.608490
v 93.531677 131.292007 40.102417
v 103.580383 116.129623 52.627808
v 155.747620 68.842598 127.928589
v 162.848328 62.693321 150.905807
v 172.308899 53.110165 134.398727
v 140.249573 77.680580 137.474503
v -23.843262 19.294168 -295.325134
v -36.819824 22.284966 -312.450806
v -122.634033 32.326561 -344.084656
v -61.096924 40.904381 -355.498352
v -202.214050 16.244226 -252.534546
v -218.563904 7.879441 -244.254028
v -207.523438 23.541616 -231.442200
v -215.447693 24.392336 -211.107788
v -153.381226 45.307732 -279.756653
v -12.880798 14.727326 -273.273743
v -11.031738 30.765377 -214.818726
v 27.060120 12.949291 -251.698059
v 7.318909 18.294800 -232.295715
v 43.900940 13.838774 -236.447754
v 42.819275 19.019201 -212.560364
v -17.024353 23.392647 -238.051819
v 13.536194 25.376015 -208.289001
v 60.985901 40.865643 -197.040771
v 26.778748 17.040871 -225.321411
v -53.827698 40.525845 -237.326782
v 61.176331 23.353552 -206.771667
v -33.461609 35.572487 -224.093079
v -37.033752 29.016510 -243.658508
v -58.684937 31.103365 -267.259827
v -51.082520 50.889614 -215.137085
v -43.540588 74.220306 -181.916443
v -53.419128 64.759941 -198.624939
v -72.423218 74.238388 -189.357483
v -23.303284 54.326199 -196.795349
v -56.011719 82.818275 -159.293884
v -114.413635 67.325409 -203.209656
v 9.894592 52.111927 -186.779541
v -97.370483 70.983444 -184.912415
v 1.034485 39.539646 -200.626526
v -18.791138 53.995632 -145.651489
v -92.210449 70.340691 -206.454895
v -108.653564 53.014214 -253.783569
v -105.796692 62.254246 -228.564453
v -120.231323 66.204575 -180.546509
v -31.943420 72.643242 -158.886047
v -80.576538 53.951061 -242.755493
v -149.948853 55.641739 -236.073853
v -150.438171 59.242561 -199.979492
v -113.618713 66.315659 -156.396667
v -44.207703 78.664108 -137.766846
v -11.214844 60.606655 -172.026917
v -67.019531 54.339432 -227.592224
v -126.455933 58.213497 -239.127014
v -133.627319 50.921375 -263.576965
v -95.304810 75.343895 -152.324280
v -48.507019 60.578201 -100.549866
v -107.186890 37.555222 -288.359558
v -155.451233 50.917915 -257.659973
v -178.704712 32.226051 -266.561523
v -170.549622 47.300926 -240.825928
v -179.176331 50.169651 -210.326050
v -200.695862 41.509624 -197.811646
v -51.742981 72.573486 -118.189789
v -31.714600 54.887897 -121.406616
v -57.468018 77.548271 -95.041534
v -130.379761 47.000553 -287.451355
v -115.437866 44.035770 -270.781799
v -86.029114 42.229195 -269.220825
v -181.341980 52.201099 -184.133667
v -12.409241 68.866989 -88.827240
v -119.112671 42.503014 -303.688477
v -93.738831 36.431503 -311.084045
v -160.278625 56.695961 -180.757202
v -198.798950 45.919197 -178.687988
v -24.962708 51.066132 -97.053955
v -2.674988 100.031487 -82.571350
v 12.251282 82.883179 -90.797150
v -67.117432 28.006702 -311.801636
v -40.384705 62.223789 -76.083496
v -59.923767 60.835728 -72.439728
v 4.925476 55.197090 -122.873840
v -4.040588 85.216812 -71.028656
v -81.007568 29.190615 -290.368286
v -10.872986 46.964428 -125.525085
v -7.947205 56.003727 -106.169342
v 3.493347 85.310593 -110.217316
v 104.741516 34.936573 -215.944092
v -146.614380 59.036129 -147.337158
v -142.509277 61.692368 -124.869629
v -120.966309 59.484608 -119.901764
v -173.001953 53.421040 -142.768982
v -220.231812 30.192238 -171.696411
v -222.099548 30.679590 -150.048523
v -190.023010 50.578407 -158.322510
v -202.072449 25.882383 -50.719635
v -282.622375 18.771833 -86.978973
v -268.210632 1.908896 -99.637054
v -268.564758 28.260489 -75.364624
v -230.252625 18.461384 -106.478394
v -141.950989 37.728699 -18.155731
v -172.290466 40.026146 -37.568176
v -155.182434 40.353867 -59.386200
v -174.599121 41.849346 -56.993347
v -101.928650 32.511307 -10.739777
v -82.450806 1.908896 -24.241119
v -60.163025 1.908896 -18.640076
v -54.152222 1.866150 2.903290
v -106.653259 1.910436 33.404541
v -76.048950 1.908896 -51.627350
v -90.302917 1.908896 -71.326477
v -80.682739 9.645056 -97.028900
v -6.043701 4.226221 83.918091
v -43.850281 2.050969 57.410950
v -65.687439 1.885493 41.342102
v -88.940491 1.875822 51.839539
v -109.195618 9.217500 95.154297
v -120.984375 2.118519 64.447906
v -93.669067 1.908896 77.376678
v -72.030640 1.908896 96.999115
v 82.764832 48.210339 -202.825073
v 92.887756 53.786583 -158.061279
v 62.269348 50.757137 -126.564636
v 62.353577 77.291306 -150.567444
v 81.343689 69.642647 -155.148865
v 36.556335 66.802071 -145.143616
v 47.366516 71.523384 -157.005249
v 38.058289 81.235886 -138.354004
v 17.465637 77.172302 -130.133423
v 27.178406 83.982994 -113.827332
v -213.715820 5.388585 -82.034454
v -207.243896 6.693431 -108.009460
v -190.523682 9.715378 -89.522766
v -232.541443 1.908896 -100.512970
v -160.011902 2.031104 -58.049866
v -241.599487 1.908896 -71.974854
v -250.496887 1.908896 -111.091034
v -173.221008 14.699266 -73.881866
v 9.332581 33.028881 68.016510
v -22.260681 46.244682 74.085571
v -40.160828 56.387924 97.082275
v 0.767029 63.207527 111.017181
v -84.194031 46.868774 3.492950
v -79.203552 66.216591 23.405426
v -37.895142 1.908896 125.549652
v -5.895569 41.058105 150.488388
v 5.279724 43.004330 170.689728
v -1.672668 56.125736 136.764435
v 7.763855 74.678513 127.914276
v 67.613586 84.099854 -0.852386
v 79.672058 147.201904 46.748077
v 72.965393 119.829384 38.067505
v -63.387573 27.356380 -339.943970
v 66.902649 60.252201 -193.024109
v -42.853577 20.432062 -274.305298
v -85.492126 63.488983 -225.320068
v -67.041992 42.310284 -252.624756
v -24.966187 67.772675 -182.338318
v -168.310791 25.123711 -291.658264
v -146.376709 36.948368 -308.891907
v -142.337769 28.592735 -332.002563
v -160.069763 18.712402 -318.285278
v -160.171997 55.041119 -217.823120
v -22.446777 69.453972 -64.934998
v -15.465210 85.165207 -76.373260
v -63.058655 25.046501 -284.454956
v -7.528259 86.028099 -94.781128
v -208.658142 42.669380 -139.456421
v -226.097290 22.408688 -60.469696
v -283.032898 2.214473 -113.271667
v -230.099243 18.287354 -85.456604
v -189.778198 27.836151 -31.409729
v -184.862976 32.964825 0.748779
v -96.284119 1.873429 8.546051
v -74.718140 1.880645 19.016785
v -99.240173 11.594688 -95.565216
v -66.674133 2.522352 -87.659790
v -89.453186 34.261505 78.550873
v -50.224976 2.005970 84.568146
v -51.761475 1.908896 107.378662
v -89.947021 9.204188 112.249084
v -70.205261 31.815069 123.448639
v -100.184570 31.311615 104.735291
v -82.765625 19.928650 129.959045
v -64.829590 15.017797 144.104919
v -51.210876 27.318344 154.477631
v 76.224426 66.397400 -172.456238
v -128.983215 2.246198 -41.237885
v -257.577881 3.263920 -83.213684
v -208.107544 4.525599 -28.340607
v -140.858398 20.365709 -94.344788
v -41.623962 68.973503 87.755676
v -60.709045 56.141365 80.118103
v -73.173401 34.853638 64.048676
v -58.059509 32.570599 95.093506
v -8.195068 56.529629 94.597778
v 91.038757 79.535774 0.465302
v 95.182922 102.787689 11.729279
v 68.008972 64.368843 -19.973480
v 71.494446 44.588406 -18.134735
v 78.416931 73.436745 -11.706268
v 44.838928 85.233887 -15.396240
v 49.083435 70.439003 -25.608429
v 64.102112 102.747833 -6.914124
v 43.260315 52.787472 -32.757019
v 51.798767 60.940983 -28.204681
v 48.473450 55.434048 -18.173981
v -247.747070 17.304667 -36.507568
v -255.814026 28.554890 -55.292236
v -169.736816 34.663483 -15.385193
v -166.592346 37.018753 36.560638
v -32.562134 2.221128 98.391876
v -41.679626 31.578922 120.141205
v -80.117126 31.150404 100.973938
v -109.852234 2.107587 -36.328888
v -219.790955 7.227922 -54.074371
v -191.048767 2.208504 -53.982910
v -199.090576 12.696374 -71.513611
v -206.238342 11.723577 8.156433
v -152.640015 5.794366 -79.666504
v -159.063660 24.014616 -85.838593
v -130.684814 5.935077 -81.646484
v -120.562195 1.908896 -62.723389
v -96.184021 32.520508 44.424225
v -63.508972 37.263504 80.340271
v 57.799255 110.966774 -24.346039
v 73.170471 105.346588 6.467041
v 78.241760 114.774879 -7.579041
v -253.667480 9.854779 -55.907349
v -168.409119 37.722321 14.694702
v -53.983093 30.796543 135.740463
v -32.114807 46.152676 112.298187
v -20.355713 70.430252 113.262085
v -229.902893 3.695585 -34.700470
v -223.715576 8.754530 -11.217468
v -215.401672 24.607264 -4.209381
v -86.419739 28.478418 60.591003
v -129.391846 36.553715 28.713531
v -135.312988 33.710472 8.581238
v -113.681641 34.015373 13.259857
v 219.535950 41.876835 110.291138
v 136.628967 41.537014 150.530182
v 147.655457 50.018723 130.292755
v 110.273254 58.981934 130.281616
v 88.367981 59.637856 149.125229
v 128.674744 54.203861 137.082657
v 129.153259 47.131149 118.339935
v 101.559875 49.399487 112.462158
v 107.622986 53.414982 148.506256
v 86.865784 62.801151 126.118225
v 59.844177 66.718063 126.596832
v 33.850037 71.322304 130.666595
v 42.027527 57.376572 113.095520
v 20.944885 57.378227 111.863525
v 151.384094 62.261620 124.674042
v 135.837585 74.894913 121.687714
v 150.102234 63.942654 102.610107
v -32.937439 72.880959 -37.304443
v 45.992981 58.336151 -78.721130
v 46.552063 42.328037 -167.390198
v 49.114075 31.449263 -184.080200
v 29.941101 44.532467 -176.083313
v 11.108337 47.715641 -154.146606
v 33.805237 53.263557 -154.154419
v 23.233337 54.294384 -135.029541
v -133.307800 61.635426 -216.707092
v -132.061707 1.909711 40.511383
v -151.161804 2.128000 -0.852966
v -123.337891 2.032733 1.658966
v -147.982178 1.908896 22.770477
v -178.404419 4.837780 20.494080
v -123.498108 1.908896 22.077820
v -135.362244 2.619197 -18.392639
v -163.057983 1.908896 -28.085632
v -175.301697 16.225212 36.956055
v -148.596130 1.908896 -41.899597
v -177.124634 1.908896 -5.348755
v -185.790466 1.908896 -26.561279
v -198.973267 1.914839 -8.768707
v -174.161987 1.908896 -44.232941
v -143.163818 27.209408 69.039062
v -122.367310 29.319887 87.798492
v -119.589478 40.567474 60.645630
v -130.410950 12.862831 79.217468
v -144.850220 7.146895 62.129120
v -159.208862 23.419472 53.219818
v -108.855835 39.867527 78.617920
v -113.993042 39.089680 41.388702
v -140.636475 39.898724 49.487610
v -83.551147 29.639065 28.255432
v -231.421875 26.154934 -24.207458
v -237.389832 29.626577 -44.119476
v -217.936584 26.179970 -39.163635
v -191.698120 26.294325 20.326904
v 87.497864 147.856247 19.099670
v 152.233093 32.496006 -1.116058
v 131.988953 38.120560 7.598938
v 132.481506 30.868011 28.989014
v 142.114929 38.986408 50.352478
v 165.114563 36.754578 62.361725
v -164.450134 23.613102 -185.132507
v -138.315735 28.620029 -186.224243
v -113.254639 14.880483 -192.896973
v -96.477600 5.895169 -217.543640
v -68.986023 1.908896 -233.239746
v -73.053650 12.217294 -232.228394
v -80.904846 16.615965 -257.148438
v -84.314148 17.018177 -269.394958
v -91.965698 26.825951 -245.302612
v -105.821960 45.031071 -222.161377
v -121.572510 43.646587 -197.238098
v -142.767090 22.610775 -201.885254
v -156.789490 3.742417 -224.284973
v -167.369507 1.908896 -254.617493
v -176.363770 1.980111 -285.971863
v -184.237427 2.861881 -317.381226
v -189.923279 6.933467 -347.873596
v -180.277649 23.543882 -370.675110
v -162.090759 17.826368 -394.663208
v 173.326111 15.928914 -19.214142
v 175.899109 23.520723 -35.731262
v 165.702454 19.380873 -26.242249
v 158.513489 12.350954 -3.830200
v 152.061218 28.787889 -17.663300
v 156.379211 16.623178 -39.739655
v 174.759094 24.258192 -48.451355
v 145.596619 15.304056 -51.146484
v 122.188782 10.810729 -34.865417
v 95.455139 12.591183 -22.878937
v 70.415955 7.764067 -27.066650
v 53.448059 29.539457 -29.392029
v 30.786072 13.553343 -31.484283
v 5.352844 15.221450 -44.292908
v -5.550232 27.259550 -41.369904
v -30.512024 41.597145 -45.055267
v -49.704407 45.666504 -61.660095
v -68.552917 48.898148 -71.182068
v -91.554871 46.185760 -86.863678
v -114.852234 48.454189 -105.622162
v -140.214417 55.733932 -121.040527
v -163.884338 46.846989 -138.099121
v -187.437988 46.683678 -158.285461
v -207.104919 34.774796 -179.299988
v -208.633850 13.461334 -196.115479
v -198.473633 14.937140 -221.107239
v -171.082886 18.906830 -229.886292
v -146.259399 37.643337 -227.196960
v -118.289429 35.718452 -218.202820
v 193.396790 21.637211 11.748322
v 133.803284 54.502861 -23.301178
v 163.670105 14.971487 28.750885
v 168.437927 44.251862 -29.158936
v -164.111084 6.283935 -172.799255
v -84.408997 12.930470 -181.876343
v -114.039673 7.857336 -55.268585
v -115.343201 54.586151 -181.453247
v -125.616638 28.780087 -257.794189
v -102.837769 25.534122 -228.051575
v -125.506592 21.104404 -237.459045
v -107.655212 15.375053 -252.116699
v -103.723694 41.743145 -204.233154
v -128.955627 14.783880 -242.039185
v -52.631348 33.448036 -225.012573
v -75.855591 22.703255 82.398834
v 22.109924 28.453360 151.001862
v 223.290344 15.034519 123.426483
v 16.473938 26.158140 55.822418
v 236.010681 19.304731 168.653748
v 219.951477 9.612744 150.133286
v 230.024841 27.801407 142.894928
v -106.891296 13.364680 -344.022583
v 42.031799 25.764820 -127.177429
v -141.028809 21.070425 -399.343567
v 162.501526 10.480669 -120.907837
v 64.522034 74.912514 -44.673737
v 185.586853 49.523415 33.446320
v 186.704529 52.053387 101.035370
v 170.500793 1.908896 -15.378662
v 156.251892 43.961861 -31.014221
v 158.377380 7.492953 -6.766907
v 141.787903 17.743715 9.041412
v 142.145081 17.206360 -11.236115
v -41.240662 6.639956 -148.355286
v -101.821045 1.908896 -161.632507
v -132.798523 3.780608 -168.969788
v -103.768250 31.537270 -181.124634
v -55.259033 32.870274 -192.599304
v -43.022827 7.843057 -71.915131
v -167.836121 42.462521 -116.780212
v -166.862000 35.349758 -44.760345
v -54.468689 6.074566 15.666931
v -82.440552 51.147900 -224.318176
v -157.846619 47.763691 -213.198669
v -157.565735 32.683334 -245.311096
v -92.983948 37.020702 -257.391907
v -184.850403 16.996532 -252.856995
v -154.192200 24.836956 -214.070496
v -130.538940 36.545044 -202.389404
v -115.903381 3.500776 -221.758728
v -110.369385 2.878743 -289.402771
v -102.512146 65.710220 -183.085632
v -21.050964 3.904788 -289.246582
v 25.733826 1.908896 -210.666870
v -30.598206 6.169553 108.777771
v -11.790344 18.602425 113.366150
v 9.265198 30.600731 127.738281
v -5.984253 9.974862 137.485199
v 10.033264 29.601345 111.166779
v 25.275208 21.207266 120.902740
v -11.455017 25.511003 130.662689
v -38.888855 22.828453 118.971405
v 5.985657 21.511368 139.884796
v -31.713806 52.365181 90.436035
v -19.720886 30.158770 105.003174
v -3.794739 23.734251 101.140045
v -59.477173 10.954381 9.354309
v 189.918762 28.500839 137.072693
v 210.015930 22.957546 138.158630
v 202.646912 27.420086 86.720612
v 29.126282 22.509949 13.651947
v 92.652893 20.369833 89.353027
v -135.632080 2.633170 -346.873169
v -83.982849 5.881259 -383.550171
v 105.934998 36.611908 -80.003540
v 1.800598 17.427816 -85.600006
v -31.795959 35.136246 -142.230225
v 80.862488 2.360160 -137.043457
v 117.955994 7.179436 -97.498108
v 144.925476 2.530790 -103.171967
v 140.334778 13.412147 -80.818451
v 122.905334 1.908896 -139.910889
v 157.864075 6.559834 -87.232208
v 124.877502 35.181332 -99.120850
v 127.487122 2.017398 -117.276794
v 100.756531 2.875854 -118.466553
v 145.372864 2.969670 -133.490295
v 139.660095 2.437228 -157.146179
v 79.358215 37.149055 -125.964417
v 80.659729 14.193090 -119.256653
v 98.698547 30.666653 -107.170837
v 105.122498 44.849289 -100.451416
v 72.399353 18.254827 -99.277924
v 91.242004 28.948221 -94.349213
v 76.929260 36.673386 -111.250977
v 60.333801 23.484402 -115.601135
v 34.951843 14.775610 -103.023285
v 124.816101 92.566841 -26.052551
v 113.844543 44.259705 -8.201111
v 83.422302 36.353302 -57.616302
v 203.594543 46.870380 41.227631
v 180.242126 69.376053 34.059113
v 137.677551 4.883606 -25.962280
v 165.863342 5.111974 -39.814453
v 180.345398 6.911847 -27.238586
v 164.167786 32.748619 -44.839325
v 156.146179 42.603874 -52.858002
v 154.044373 35.614651 -22.044037
v 167.899963 32.142628 -8.885376
v 159.237854 21.434731 -14.750092
v -26.316528 2.345283 -123.926758
v -113.030640 1.908896 -142.498901
v -81.649963 9.070668 -138.284729
v -141.947998 1.908896 -153.445740
v -138.389832 24.274012 -180.191711
v -124.398743 35.985851 -184.242859
v -115.721802 13.582575 -184.887329
v -97.827820 17.246319 -189.662476
v -72.083191 37.088306 -189.224060
v -67.971497 8.257644 -201.139160
v -7.960022 17.554478 -41.252777
v -201.045837 25.337521 -138.543091
v -177.539917 44.107708 -92.308380
v -125.915222 23.572329 -66.508545
v -12.460388 24.092459 18.897980
v -65.898254 35.593903 -242.176697
v -181.102356 36.757034 -226.801147
v -143.506409 28.933575 -242.958069
v -158.032959 29.419415 -239.044250
v -81.553650 26.427284 -268.226929
v -193.916016 36.484024 -218.286621
v -161.216309 29.668259 -213.530884
v -176.455811 4.660176 -212.010864
v -132.695740 42.210384 -214.877014
v -121.289551 24.339600 -199.875122
v -128.312195 10.569343 -207.428955
v -122.819641 20.824686 -220.426147
v -119.492065 6.489600 -228.166931
v -109.930481 4.500822 -254.619812
v -143.096741 1.908896 -279.105042
v -128.022522 48.728535 -157.310364
v 13.494568 5.358463 -314.448547
v 41.380188 1.908896 -258.997131
v 75.977234 1.908896 -208.273071
v 103.559753 1.908896 -177.076904
v 118.784241 1.908896 -161.600647
v 101.444031 1.908896 -146.734436
v 124.464539 2.761104 -183.118164
v -6.862854 18.145649 80.297363
v 15.087219 10.219887 140.648636
v 3.796814 13.776097 110.739258
v -24.674438 13.080992 127.275909
v -60.412048 12.083657 99.276520
v 21.879211 50.321819 112.244904
v -31.616150 14.567043 93.518158
v -46.155090 15.623846 -32.540527
v 180.800232 14.523863 142.449448
v 157.029114 36.992069 137.475296
v 189.402039 33.465412 105.014252
v 28.202698 33.075855 -12.788086
v 86.338562 17.517027 18.106873
v -11.095581 51.599834 -9.747314
v 93.985046 50.082809 121.622009
v -163.970581 1.908896 -339.271606
v -73.926270 32.220058 -387.172180
v -35.299011 5.874832 -349.112427
v -2.532593 30.775063 -60.852905
v -36.295837 34.536850 -94.383972
v -75.864868 54.040993 -129.844971
v 147.824036 35.418442 -71.334808
v 156.869446 25.831480 -76.203339
v 154.448792 84.005829 -28.060425
v 106.583069 37.601723 -48.402893
v 74.330261 29.549753 -48.390259
v 44.181702 31.481953 -70.539551
v 181.598450 39.361328 44.518066
v 189.117126 44.626793 14.343079
v 196.285583 48.411701 71.106476
v 169.879333 77.156784 42.526947
v 107.187683 5.711775 -20.201355
v 133.155701 4.284645 -43.945007
v 163.364319 5.561557 -25.937653
v 178.974915 15.712635 -5.511932
v 191.993103 7.964477 -5.577576
v 163.130920 21.380301 61.157227
v 166.598816 5.935102 24.105774
v 175.235413 1.908896 5.427887
v 143.208923 1.908896 4.315887
v 150.030457 60.758442 -34.878357
v 149.194641 40.904568 -17.312805
v -43.399780 8.871748 -113.824951
v -18.192810 2.102484 -93.521149
v -72.493286 4.384378 -166.902771
v -90.169250 29.324404 -201.314392
v -77.705444 4.032811 -216.744812
v -61.290344 16.996510 -220.247253
v -66.671753 26.187181 -189.714172
v -0.142395 5.857640 -34.868469
v -8.791504 8.038872 -65.385132
v 1.455750 23.002365 -10.111481
v -206.568970 35.574280 -154.461975
v -193.664795 43.444225 -123.461914
v -194.342407 25.503735 -169.564758
v -164.111450 50.022785 -113.416321
v -145.286804 38.565498 -89.395691
v -114.732849 39.511776 -81.923157
v -93.217896 29.471182 -55.901703
v 5.816101 20.168749 22.273712
v -2.371887 25.408646 49.520599
v -83.635315 44.760429 -242.862488
v -163.145569 43.399845 -231.953186
v -206.223999 30.128759 -201.251099
v -180.317566 47.193134 -190.626404
v -181.663818 8.432753 -219.610596
v -155.802490 6.384839 -233.227722
v -203.459961 7.546834 -224.482788
v -138.215515 1.908896 -247.310242
v -161.558411 1.908896 -273.468201
v -153.866577 1.908896 -309.057190
v -123.062927 1.908896 -271.238647
v -142.054688 48.248627 -140.919189
v -110.684814 57.778423 -133.076782
v 26.109558 18.460999 -321.416321
v 39.281433 5.076404 -294.958923
v 2.384705 14.481880 -343.095703
v 62.556335 4.704959 -274.148315
v 69.515930 1.947011 -241.284790
v 97.687805 1.966010 -223.425720
v 108.318176 3.485925 -201.268066
v 13.914001 22.549704 81.764374
v -13.237366 10.443840 98.601624
v -41.455750 6.475154 72.912537
v 26.980286 61.412617 137.062622
v -53.680847 20.796917 101.360992
v -31.900818 35.375587 84.256775
v -53.453125 28.441704 56.500336
v -50.759338 42.462250 74.605988
v -51.075867 19.500546 68.857697
v -24.569519 29.478348 51.083160
v -31.477051 40.440048 69.982239
v -42.771179 38.575523 52.045959
v -6.105957 29.639282 72.451965
v -38.107422 31.214785 26.778839
v 23.276062 25.832623 88.834534
v 12.148499 27.503571 73.987335
v -54.668701 34.693443 -40.972443
v -30.300781 37.548832 -34.103790
v -66.592346 17.315052 -53.998627
v -38.126465 26.443651 -41.556854
v 150.438660 24.953629 145.875214
v 125.818787 48.013874 135.828690
v 208.057312 32.446762 125.894409
v 173.808899 24.927156 83.586090
v 34.464172 31.219412 -29.780243
v 52.707458 15.468525 -8.430389
v 9.733093 25.939188 -22.131622
v 92.374939 52.032787 139.945877
v -152.119141 7.940310 -371.861328
v -148.183899 30.932022 -375.571899
v -113.163574 29.361206 -379.265869
v -48.943115 13.273498 -376.781982
v -9.991638 45.273144 -49.704590
v -23.570862 43.654297 -67.347534
v 17.572449 34.971848 -62.724091
v -46.198486 54.787094 -82.811646
v -64.029358 50.454842 -105.093323
v -92.656799 52.652760 -111.982086
v 152.400208 64.437027 -55.986816
v 126.832092 41.036819 -77.937897
v 170.526428 75.341896 -24.764648
v 155.577820 87.440163 4.197815
v 112.803406 28.317017 -31.025299
v 94.724060 9.599154 -44.446503
v 130.148865 42.164875 -34.801697
v 69.191101 24.204107 -33.663544
v 55.227112 13.333908 -45.670990
v 182.892517 24.124035 3.334045
v 183.787292 45.983509 -21.901337
v 194.562317 42.720490 -1.117310
v 168.463440 44.954964 4.750854
v 184.135559 53.336098 -6.344360
v 162.209534 56.123692 -22.033783
v 194.648865 52.484596 20.773468
v 183.278748 30.723852 -14.702454
v 201.976624 60.795326 56.942474
v 171.151794 25.618422 101.823700
v 151.175354 1.908896 -13.033478
v 127.418274 6.284316 44.829102
v 122.596375 6.532129 -7.903595
v 119.538635 1.908896 19.126892
v 103.482605 15.201445 1.417511
v 77.985168 4.919557 -2.357910
v 90.800598 2.203948 42.821136
v 110.018005 2.392216 36.866943
v 140.369080 45.977566 -32.520081
v 156.346497 47.435078 -43.634308
v 166.716492 48.594421 -12.933716
v -34.872681 23.880423 -105.997070
v -89.569641 2.409753 -178.191589
v -55.405334 27.837156 -167.305298
v -62.437683 6.463904 -148.020203
v -89.067017 40.212330 -189.940125
v -106.237976 34.190094 -192.345154
v -68.423828 36.263115 -222.217957
v -86.988220 38.031475 -200.020874
v -70.104126 17.822018 -200.006409
v -31.680298 7.616700 -14.552338
v 4.875549 9.717607 -4.809631
v -188.585510 22.931774 -98.683624
v -183.093506 47.985039 -139.131836
v -203.474243 23.424360 -181.235901
v -183.302979 40.065041 -193.953247
v -149.950623 33.612000 -64.372864
v -172.654358 38.598930 -68.895538
v -174.375488 20.317213 -64.141327
v -188.360718 31.899467 -80.268860
v -134.134033 46.497791 -104.245728
v -86.292053 42.340519 -68.084381
v 14.006653 19.065815 52.020325
v -192.016052 44.106579 -176.552185
v -135.970154 53.920483 -234.926086
v -158.696106 49.542671 -168.662903
v -144.551697 20.332890 -230.594604
v -148.254761 8.854608 -274.213928
v -178.583679 6.336823 -234.926086
v -195.257141 23.420580 -234.826843
v -120.454407 1.939744 -239.614441
v -136.355957 1.944058 -226.776794
v -146.500793 1.908896 -328.915527
v -114.454773 3.966992 -321.882751
v -131.389404 1.908896 -300.748779
v -121.702454 54.760395 -121.525787
v -98.334534 52.337795 -157.221497
v 48.104187 19.457790 -298.892578
v 10.435730 1.989681 -281.090210
v 3.534363 31.173677 -339.631104
v -17.348694 7.638347 -321.515259
v -19.625610 21.378786 -364.006226
v 51.387024 1.908896 -220.479797
v 31.028137 1.908896 -235.575806
v -17.782959 2.071852 -233.227722
v 16.479187 1.908896 -256.281494
v 7.006775 1.908896 -227.726440
v 85.465271 6.065060 -252.500854
v -44.818604 6.173549 93.148224
v -21.933167 15.685605 60.409424
v -45.529419 9.500717 43.646149
v -83.415222 5.715325 62.720703
v 0.027588 47.701679 131.230957
v 15.858704 42.438061 120.275055
v 57.635193 55.231693 119.117340
v 76.002258 58.726742 130.659210
v 55.433289 62.737030 139.184097
v -77.405212 15.231555 49.677826
v -1.205383 37.932671 -36.170898
v -78.540833 11.251887 -21.062592
v -61.701233 32.680752 -66.163635
v 120.539001 36.543797 144.178741
v 224.250793 29.120724 125.165100
v 225.971863 19.092577 97.221100
v 179.364807 38.108688 81.626221
v 193.748474 22.563448 50.521362
v 45.801575 34.187225 2.869293
v 66.162048 23.392025 7.878296
v 17.525330 26.549952 -3.850342
v 12.029602 47.272816 12.929565
v 5.703918 43.724911 -11.638580
v -153.348511 1.908896 -358.850952
v -173.311890 9.637840 -364.083435
v -164.079346 26.912817 -379.753357
v -127.231812 40.832516 -382.024231
v -99.508667 42.211147 -381.701294
v -93.206726 23.479172 -384.509583
v -134.462769 22.528185 -373.888733
v -120.721680 9.299838 -374.422058
v -66.195862 15.671543 -385.657532
v -45.264038 34.422058 -377.733154
v -34.562927 47.782768 -55.202332
v 0.146851 32.756573 -78.284729
v 2.578796 27.275352 -56.324310
v 21.326477 23.635788 -76.709015
v -53.267151 41.294273 -126.932861
v -33.003906 34.064636 -118.297180
v 6.077209 12.228365 -131.140747
v -10.327332 21.916334 -104.048920
v -15.995117 22.388186 -131.182495
v -74.913452 50.991528 -89.654205
v 159.805969 48.375584 -65.489563
v 168.193909 56.809204 -50.243073
v 136.721985 80.103622 -44.213135
v 111.533020 50.983543 -50.323425
v 130.694031 42.036137 -58.008240
v 129.902893 60.621075 -48.257050
v 139.358459 82.446716 -10.582062
v 140.291565 89.166512 30.908997
v 144.252869 88.090538 12.085999
v 167.763367 81.770477 28.879120
v 112.514099 90.918686 6.577209
v 166.360291 78.919617 6.575500
v 96.548401 25.906143 -58.798584
v 100.920593 45.828773 -35.303284
v 121.282288 68.412743 -31.855164
v 145.208435 57.291897 -40.867371
v 139.054871 33.944603 -49.500336
v 30.593567 9.597676 -59.285767
v 68.493835 28.051577 -60.025452
v 54.408630 25.872417 -58.872375
v 59.345154 44.056385 -45.323456
v 65.404236 42.904472 -64.368225
v 149.266907 61.741417 -3.188416
v 145.279968 54.265369 -6.814178
v 145.619202 61.019638 -23.682129
v 175.579773 45.805504 24.026398
v 169.205505 57.670345 15.237518
v 194.698914 49.025898 42.072937
v 209.641296 47.536148 58.481598
v 191.378601 57.637939 39.227051
v 194.942932 62.974361 83.353241
v 173.950012 34.319332 122.674530
v 143.107971 36.062744 112.648407
v 143.548035 3.092692 27.978729
v 155.108826 15.619520 41.453461
v 78.819397 5.951964 -15.160980
v -15.256165 21.946747 -85.743958
v -34.035095 14.658747 -88.296753
v -11.783020 17.320538 -63.768311
v -20.536682 12.513019 -109.081085
v -66.665405 9.544609 -171.866943
v -59.413940 4.402131 -122.112671
v -96.141968 60.271523 -201.109985
v -121.239685 51.786400 -230.485474
v -102.714661 55.723778 -220.767151
v -121.555481 51.910172 -205.577393
v -137.902161 48.342091 -218.407471
v -141.621033 47.067902 -240.194275
v -84.973633 48.267548 -164.626343
v -17.495300 17.974564 -1.788727
v -32.039124 12.071161 15.241852
v -199.104370 27.312630 -117.479767
v -186.999695 34.969864 -122.729492
v -170.533691 39.136307 -155.641235
v -189.236389 41.893471 -144.219971
v -192.966736 31.444361 -210.315857
v -164.364685 49.591827 -219.187744
v -174.858826 39.103180 -242.908752
v -164.264832 30.807732 -272.980713
v -156.549500 49.011147 -239.094177
v -133.784424 58.856850 -185.926514
v -144.863525 5.756341 -253.054993
v -117.181702 6.946028 -268.368225
v -165.796204 7.883233 -259.698059
v -120.589111 13.612989 -345.176086
v -123.414490 7.292570 -361.828308
v -111.404541 21.436689 -358.444153
v -99.519592 8.897304 -370.997681
v -68.922485 9.274043 -352.088623
v -114.168091 58.554417 -168.039001
v -50.020447 66.526817 -171.772705
v -55.288391 45.631554 -152.503784
v -91.434143 55.205856 -140.465942
v -1.720093 3.880799 -298.872498
v 21.163269 3.691182 -296.907532
v 30.507385 1.908896 -276.860657
v 0.003357 9.797131 -327.096191
v -15.363953 4.940720 -343.647827
v -34.626526 9.862402 -364.399719
v -24.795776 17.695990 37.490326
v -79.638367 10.845267 84.646454
v -63.459290 5.774793 73.923584
v -73.041504 5.681359 36.638702
v -61.877136 5.816573 53.996155
v -99.596130 5.780813 -6.957214
v -80.182251 5.707040 11.215424
v -67.088379 5.712996 -22.667145
v -117.005920 5.741056 32.183990
v -80.155640 5.719944 -8.450073
v -95.239319 5.664866 41.632721
v -102.161316 5.687850 15.659515
v 13.239075 50.098385 142.612701
v 9.294617 59.862988 123.956482
v -4.799316 51.047596 101.012329
v 37.705872 58.199112 121.023376
v -69.753967 17.697021 66.294159
v -16.088501 46.455139 -28.652863
v -29.640808 26.349083 -6.752655
v -87.520630 10.163816 -43.442596
v -127.055908 22.460888 -13.964691
v -140.481262 28.158831 -38.330780
v -105.322510 9.684479 -23.161713
v -100.958435 15.996907 18.399689
v -110.957703 16.723890 -46.691010
v -110.162170 14.129116 -1.709381
v -132.403381 29.073370 19.773010
v -136.131226 7.760529 -1.808105
v -124.405823 17.748156 -33.099792
v -157.163757 25.611456 -13.836182
v -143.128967 30.165323 -19.755646
v -64.077576 11.116688 -35.381836
v 211.281799 31.108025 104.717560
v 200.885071 23.729094 106.901306
v 189.547668 27.123213 70.901306
v 212.275208 6.472393 67.002258
v 1.033386 16.762085 -69.660583
v -18.772705 36.991238 -83.365204
v 31.761780 43.271271 -80.656464
v 29.226990 29.861084 -78.650482
v 13.749939 13.998153 -106.021057
v 162.099182 89.502205 20.851440
v 176.080505 89.202110 36.273834
v 182.528015 82.173264 33.346863
v 116.908386 52.058605 -44.524353
v 155.621643 47.516621 8.094513
v 142.859314 71.338791 7.657288
v 200.203918 55.189018 42.664154
v 188.235046 66.222588 23.259766
v 162.255432 74.739182 25.098969
v 139.690369 59.752296 30.783966
v 173.625671 64.629257 38.677826
v 157.054504 74.970367 39.130096
v 160.033997 90.457970 34.856079
v 181.973450 68.995941 54.279724
v 184.265320 53.231853 61.784973
v 167.194275 60.566467 62.177032
v 200.816101 54.437916 88.199158
v 143.153259 44.254169 128.826508
v 116.847717 38.151096 115.299316
v 97.555481 35.836388 104.811981
v 67.514099 33.052654 100.701813
v 127.715271 26.020002 83.697418
v 128.617493 34.738594 100.678619
v -41.397400 2.003552 -129.423584
v -34.332336 15.280830 -130.537231
v -43.909912 29.129171 -144.479370
v -70.925476 44.560020 -185.955872
v -91.297852 57.221283 -178.335815
v -183.377258 40.686352 -171.656311
v -156.630005 37.978130 -183.701782
v -140.375305 42.974407 -196.700806
v -197.847534 25.860645 -190.890503
v -180.015686 45.268654 -209.666016
v -127.234070 31.146091 -317.296570
v -140.673157 52.994308 -170.018921
v -156.823120 53.211590 -192.793701
v -141.805603 56.274761 -211.665527
v -107.754456 61.266716 -216.549133
v -123.438110 61.394932 -203.277283
v -111.335205 11.572417 -250.991150
v -102.644531 10.555204 -272.313599
v -111.696533 20.516092 -302.408081
v -78.156738 65.026314 -170.345337
v -67.678040 61.398064 -205.518494
v -65.673645 66.594933 -185.761902
v -22.094788 50.589561 108.868378
v -15.031189 40.223846 86.369720
v 11.109070 38.554207 99.170013
v -146.356506 21.333952 5.373901
v -147.992310 10.485555 -38.538757
v 213.965149 16.424437 82.203217
v 189.863342 14.213694 83.224426
v 209.434631 14.557231 90.014435
v 169.669128 20.856754 81.319214
v 149.295593 32.181381 88.098602
v 187.954163 10.904036 56.697174
v 205.852722 7.898352 41.413483
v 191.662903 6.705266 23.112091
v 198.490295 21.606901 31.253448
v 13.823059 34.979103 -82.057465
v 18.645325 25.585167 -96.611267
v 25.842590 43.319958 -71.659210
v 37.408630 49.044601 -57.638123
v 49.544250 60.814869 -49.226288
v 5.500305 26.825148 -95.391663
v 29.654846 4.305694 -124.506226
v 47.540955 7.327095 -114.725220
v 159.970764 71.182732 3.131104
v 143.039612 75.370186 -18.871094
v 143.444885 70.311043 -29.217163
v 127.147522 53.225990 11.197784
v 115.630432 67.402351 -1.985077
v 120.982483 74.447807 20.793976
v 138.980896 39.187634 143.378189
v 75.616516 47.834541 112.478180
v 43.676331 39.717846 105.374939
v 59.293274 14.206097 66.730652
v -42.940491 18.050346 -162.397522
v -68.006531 35.614635 -151.049622
v -60.854614 44.409267 -165.924316
v -76.232300 27.931177 -165.422058
v -166.812622 44.524982 -197.491333
v -133.661377 34.669094 -151.430664
v -137.945435 40.252243 -173.783997
v -151.281616 31.733776 -161.379333
v -149.291687 40.516682 -136.795532
v -104.805176 40.900551 -156.354980
v -120.895935 35.901253 -99.356415
v -122.115906 47.285221 -163.883850
v -141.719971 46.708149 -112.714630
v -158.553223 35.227776 -87.542480
v -111.296997 33.365135 -129.764343
v -131.214600 29.551144 -130.376587
v -121.408752 45.409897 -116.218536
v -145.046753 23.994320 -297.376953
v -101.503296 14.246716 -307.125000
v -103.096741 18.660849 -323.911377
v -117.639343 18.224159 -325.862549
v -128.648315 9.564512 -289.806396
v -166.044617 19.595461 -34.303223
v -151.020020 10.244333 -17.772095
v 111.619812 52.365238 -17.739319
v 82.660828 56.940460 -24.723480
v 69.952454 14.880433 85.472900
v 46.201721 18.821352 84.825134
v 83.031433 4.253098 66.037903
v 37.232605 22.444206 65.303986
v 40.306580 35.988380 35.657104
v 58.049255 5.975482 32.224609
v 48.162292 15.394943 14.986725
v 71.159485 4.525357 49.164917
v -58.244507 26.088121 -154.008667
v -69.770386 35.812500 -99.438110
v -59.451782 14.334895 -91.989746
v -93.532227 40.134418 -106.061951
v -52.606262 25.672403 -116.144165
v -82.460327 27.892845 -67.282257
v -70.186951 28.630758 -81.734192
v -67.722107 48.853077 -169.309937
v -95.382874 38.858322 -173.199280
v -175.556152 35.747864 -99.345825
v -145.259827 18.716883 -66.529114
v -89.833496 32.250027 -141.473511
v -131.664551 18.657400 -310.054688
v -121.309814 36.705391 -274.730042
v -140.174988 47.775860 -260.475525
v -159.447815 42.683601 -258.419922
v -142.084290 40.662777 -283.632324
v -124.656006 38.545563 -296.488525
v -74.135315 24.445454 -312.411499
v -100.712524 32.305920 -309.809937
v -107.665100 25.161264 -334.655396
v -84.199463 24.155441 -279.623596
v -106.228638 25.906752 -287.820862
v -86.978333 23.100790 -296.173340
v 92.092224 76.912300 -7.713470
v 110.098572 8.620041 69.956299
v 15.114685 38.305199 34.780029
v -2.651672 30.529655 45.737915
v 30.099548 39.430740 18.073364
v -62.280884 30.891441 -129.542542
v -52.394409 17.872934 -106.726929
v -100.345398 34.359856 -84.081848
v -121.387695 21.245493 -77.323212
v -102.577515 20.743378 -67.367554
v -137.723083 30.719028 -87.851715
v -133.503540 10.747240 -51.911133
v -119.373352 6.121856 -27.747192
v -92.619019 5.705768 -33.604828
v -86.740662 9.390306 -55.047882
v -60.610840 15.239330 -59.097900
v -69.437256 6.117594 -43.804047
v -42.831055 9.829175 -39.739380
v -25.299500 7.681310 -50.544159
v -81.498474 40.611591 -154.138184
v -106.183105 24.779997 -146.132812
v -92.820374 28.100786 -122.784607
v -48.831604 3.359594 -309.229065
v -66.765320 8.355902 -291.871155
v -44.884399 2.284631 -285.369263
v -28.449097 1.920948 -260.817139
v -5.387512 1.908896 -263.813721
v 100.533142 59.970005 -14.250458
v 77.523987 75.614548 -24.981903
v 95.353088 77.015778 -40.786194
v 116.409241 77.950607 -37.178589
v 104.587952 92.234451 -15.147064
v -29.711121 4.346532 -306.721924
v -43.055420 12.336358 -240.302856
v -65.232971 32.698666 -255.445618
v -64.614868 19.994186 -273.267090
v -49.045166 8.939693 -261.296692
v 81.313293 55.648426 -63.061859
v 77.268005 29.163673 -75.159485
v 56.083313 54.816978 -76.797241
v 47.841980 30.902372 -86.456299
v 64.484314 65.511848 -61.999878
v 53.605896 13.866020 -95.135529
v 91.031921 87.504730 -28.283905
v -77.818909 51.981602 -233.162537
v 94.737122 60.034336 -49.908875
v 97.108215 36.881290 -63.661011
v -64.069519 40.365578 -238.534302
v -66.449768 46.317184 -218.149414
v -86.228149 62.170914 -216.218079
v -94.234802 44.374435 -258.738953
v -117.705566 48.921490 -250.753113
v -79.551331 36.240093 -266.732056
v -54.772766 18.111263 33.060852
v -67.402283 28.243624 42.179657
v -82.760193 24.514912 27.305511
v -110.037048 28.861954 49.917694
v -91.578491 26.244270 64.902374
v -105.542908 11.459410 60.270477
v -79.961365 10.466364 17.978363
v -100.843872 30.244492 32.616119
v 177.553650 40.302849 -40.007538
v -55.414795 14.444899 -13.425568
v 168.606750 22.907291 54.774200
v -18.132812 49.970264 20.731171
v -27.069031 39.960709 9.739624
v -4.361755 52.427837 7.212830
v -32.289490 40.547466 35.062866
v 114.221863 36.893570 -31.057617
v 98.992615 21.572639 -39.058350
v -113.365906 43.694309 -249.952576
v -89.008850 17.988485 -353.595276
v -51.883911 5.674729 -6.181366
v -41.482544 21.082817 9.875061
v -32.915710 25.848368 -24.373840
v 124.473083 66.196236 -7.808105
v -76.028625 52.846626 -151.561096
v -37.240417 40.803226 -189.006104
v -12.118591 10.534079 -194.250793
v -8.743652 3.981716 -214.030151
v -33.543945 16.840336 -211.784241
v -28.779846 22.463408 -192.802124
v 16.946838 42.131523 -173.238037
v -6.882324 27.526081 -173.758301
v -0.417542 31.298010 -155.663269
v -46.214661 32.018936 -205.171936
v 18.869568 2.020961 -173.621704
v 49.211731 1.908896 -187.112183
v 26.983704 30.684109 -152.698914
v 23.668152 13.600020 -141.294006
v -0.746887 8.939171 -176.862000
v 15.616150 18.908546 -165.810974
v 45.444031 6.472940 -146.718689
v 28.649109 8.396650 -157.739868
v 42.195251 33.106640 -158.710632
v 63.440491 9.779352 -133.755859
v 29.282043 1.908896 -190.756775
v 76.047058 1.908896 -180.061401
v 83.155823 1.908896 -159.036621
v 58.580627 1.912167 -162.272095
v 89.999084 1.908896 -194.241089
v 39.403625 1.908896 -169.262085
v 41.830505 38.542122 -143.375793
v 62.758362 31.901907 -144.349365
v 62.173035 39.567425 -127.097961
v -58.870850 33.907574 -178.168579
v 91.644714 46.071850 -39.390778
v 74.504333 54.051914 -48.549744
v 63.868103 61.042377 -32.657135
v 76.029114 3.572105 27.892242
v 51.079895 20.802095 48.349548
v -54.740662 12.488903 -328.248108
v -52.597107 5.292645 -345.239258
v -38.316711 8.962905 -328.692627
v -56.371521 18.982958 -314.818176
v -83.379822 11.652095 -328.045288
v -100.805664 7.180747 -334.553101
v -75.160461 35.947990 -120.626373
v -100.251282 54.103455 -237.064697
v -124.192627 21.959970 36.366669
v -88.565491 9.851865 -1.546143
v -25.573975 48.925026 -162.905884
v -19.989929 31.491789 -155.991333
v -39.402588 40.475441 -157.398499
v -27.180786 62.055344 -180.455444
v -45.644714 59.140633 -191.588135
v -20.176331 42.913216 -178.146118
v -3.411438 49.031029 -170.873474
v 139.341370 19.637646 62.208252
vt 0.692035 0.850991
vt 0.697804 0.844108
vt 0.703054 0.850938
vt 0.686837 0.855410
vt 0.688643 0.845622
vt 0.688681 0.870628
vt 0.690167 0.860864
vt 0.695065 0.867433
vt 0.709260 0.849106
vt 0.716637 0.842675
vt 0.721591 0.849915
vt 0.695500 0.856214
vt 0.683003 0.874031
vt 0.684549 0.865137
vt 0.757009 0.939038
vt 0.756618 0.944827
vt 0.748907 0.941060
vt 0.707147 0.843192
vt 0.721782 0.858504
vt 0.712439 0.854531
vt 0.728115 0.848719
vt 0.734470 0.848839
vt 0.731457 0.854242
vt 0.695305 0.878384
vt 0.699502 0.872505
vt 0.704542 0.877199
vt 0.706060 0.867914
vt 0.703526 0.859607
vt 0.709503 0.859748
vt 0.726161 0.842606
vt 0.727938 0.859125
vt 0.790177 0.848124
vt 0.790074 0.858100
vt 0.786418 0.852930
vt 0.826328 0.864085
vt 0.827966 0.858569
vt 0.830554 0.867465
vt 0.766384 0.853871
vt 0.763191 0.849565
vt 0.772421 0.846089
vt 0.804234 0.842694
vt 0.799183 0.846262
vt 0.795325 0.841213
vt 0.739958 0.860217
vt 0.740424 0.851336
vt 0.697698 0.861702
vt 0.674368 0.900569
vt 0.677536 0.891060
vt 0.680182 0.897281
vt 0.713941 0.863625
vt 0.787684 0.865723
vt 0.794221 0.864747
vt 0.791825 0.872598
vt 0.684521 0.888991
vt 0.679719 0.883316
vt 0.688884 0.895237
vt 0.684091 0.902747
vt 0.689810 0.876517
vt 0.692862 0.907283
vt 0.690354 0.901366
vt 0.697184 0.898680
vt 0.835234 0.888209
vt 0.827442 0.884014
vt 0.832479 0.879111
vt 0.705855 0.919220
vt 0.715573 0.916965
vt 0.712691 0.926546
vt 0.700799 0.905602
vt 0.705091 0.908839
vt 0.699403 0.912002
vt 0.786262 0.840773
vt 0.766236 0.909968
vt 0.758836 0.903959
vt 0.768404 0.905518
vt 0.721558 0.923860
vt 0.719983 0.933178
vt 0.750351 0.848583
vt 0.754218 0.849635
vt 0.749516 0.854808
vt 0.727595 0.929907
vt 0.727756 0.937938
vt 0.777045 0.840838
vt 0.781553 0.849270
vt 0.732015 0.933707
vt 0.745369 0.844151
vt 0.752007 0.844050
vt 0.736624 0.940780
vt 0.807561 0.850133
vt 0.806717 0.858115
vt 0.800888 0.857629
vt 0.758670 0.842533
vt 0.773836 0.859199
vt 0.764151 0.859275
vt 0.772327 0.852796
vt 0.813080 0.844404
vt 0.813681 0.850617
vt 0.812345 0.859293
vt 0.780784 0.860798
vt 0.797597 0.852303
vt 0.825998 0.849030
vt 0.821061 0.857325
vt 0.767692 0.841251
vt 0.760421 0.854811
vt 0.822950 0.863545
vt 0.813177 0.864441
vt 0.816901 0.856116
vt 0.824719 0.894254
vt 0.826175 0.901161
vt 0.820626 0.893957
vt 0.834881 0.874558
vt 0.825878 0.871411
vt 0.735783 0.843013
vt 0.836763 0.884507
vt 0.839242 0.892786
vt 0.791827 0.921953
vt 0.796917 0.927813
vt 0.788242 0.930252
vt 0.813915 0.902106
vt 0.810630 0.907982
vt 0.805995 0.899720
vt 0.760767 0.911989
vt 0.766148 0.916396
vt 0.758067 0.919877
vt 0.795031 0.857467
vt 0.798198 0.862580
vt 0.752503 0.947116
vt 0.743066 0.945053
vt 0.830096 0.901590
vt 0.835324 0.898114
vt 0.840140 0.902973
vt 0.830139 0.895276
vt 0.830604 0.889521
vt 0.780516 0.870227
vt 0.771908 0.865659
vt 0.736595 0.864991
vt 0.779223 0.929792
vt 0.778465 0.922524
vt 0.785625 0.902408
vt 0.778703 0.904697
vt 0.782079 0.895826
vt 0.810428 0.921528
vt 0.808352 0.913476
vt 0.816671 0.914682
vt 0.804347 0.929104
vt 0.797205 0.935667
vt 0.731760 0.877565
vt 0.727659 0.883615
vt 0.721654 0.879600
vt 0.821586 0.907887
vt 0.815830 0.909551
vt 0.818449 0.847198
vt 0.746011 0.859535
vt 0.702544 0.894311
vt 0.706331 0.899739
vt 0.695841 0.889458
vt 0.819773 0.900740
vt 0.814654 0.868548
vt 0.821205 0.869362
vt 0.819112 0.876315
vt 0.822907 0.885891
vt 0.721924 0.868906
vt 0.772082 0.919090
vt 0.772194 0.911075
vt 0.778955 0.915400
vt 0.779137 0.876485
vt 0.785341 0.878405
vt 0.819604 0.882196
vt 0.815055 0.885879
vt 0.810529 0.878618
vt 0.780125 0.944406
vt 0.782238 0.937003
vt 0.789061 0.940806
vt 0.784997 0.919303
vt 0.806138 0.865350
vt 0.713043 0.872848
vt 0.739529 0.870304
vt 0.728629 0.871343
vt 0.738498 0.877018
vt 0.747813 0.872271
vt 0.743936 0.880491
vt 0.818343 0.866793
vt 0.799495 0.869118
vt 0.688037 0.881776
vt 0.693419 0.883959
vt 0.780233 0.886238
vt 0.772346 0.891523
vt 0.769649 0.885455
vt 0.711306 0.880391
vt 0.705018 0.887725
vt 0.713586 0.900870
vt 0.709693 0.893052
vt 0.719626 0.896123
vt 0.700362 0.882940
vt 0.810457 0.890776
vt 0.813883 0.895767
vt 0.822028 0.876146
vt 0.827012 0.879652
vt 0.709969 0.914634
vt 0.737701 0.918531
vt 0.738725 0.925412
vt 0.732535 0.923014
vt 0.762433 0.887272
vt 0.756525 0.885344
vt 0.764888 0.880893
vt 0.765730 0.931869
vt 0.771897 0.927017
vt 0.772579 0.936945
vt 0.790991 0.914078
vt 0.795306 0.909092
vt 0.800040 0.918425
vt 0.784627 0.912252
vt 0.801266 0.909995
vt 0.774717 0.942388
vt 0.730511 0.864581
vt 0.750069 0.859600
vt 0.748344 0.864815
vt 0.763985 0.867253
vt 0.755918 0.865324
vt 0.754949 0.857197
vt 0.742649 0.865253
vt 0.808444 0.870280
vt 0.773530 0.879785
vt 0.711252 0.908829
vt 0.714414 0.887208
vt 0.716671 0.911600
vt 0.803666 0.905876
vt 0.797908 0.897916
vt 0.819120 0.888501
vt 0.803014 0.894682
vt 0.795747 0.906381
vt 0.722542 0.916902
vt 0.738013 0.905789
vt 0.730408 0.914805
vt 0.730845 0.905712
vt 0.743616 0.928727
vt 0.750521 0.927010
vt 0.749652 0.933740
vt 0.742234 0.937935
vt 0.737818 0.931992
vt 0.765490 0.940764
vt 0.804449 0.922749
vt 0.791348 0.935386
vt 0.770759 0.946814
vt 0.761320 0.947880
vt 0.718949 0.874259
vt 0.719805 0.904424
vt 0.722873 0.911231
vt 0.728986 0.890692
vt 0.737198 0.886281
vt 0.769369 0.873087
vt 0.757982 0.875468
vt 0.766966 0.894597
vt 0.751691 0.862207
vt 0.814097 0.873757
vt 0.804621 0.876007
vt 0.746465 0.923053
vt 0.756832 0.927903
vt 0.765324 0.922934
vt 0.759927 0.933381
vt 0.778532 0.908909
vt 0.788193 0.907991
vt 0.754096 0.910979
vt 0.791741 0.901905
vt 0.745374 0.917262
vt 0.747837 0.913834
vt 0.750126 0.920553
vt 0.773113 0.899274
vt 0.764570 0.900698
vt 0.778181 0.891628
vt 0.752814 0.871336
vt 0.802790 0.882239
vt 0.792874 0.887788
vt 0.798066 0.877503
vt 0.804469 0.888629
vt 0.740263 0.912066
vt 0.744651 0.908011
vt 0.738375 0.900017
vt 0.742920 0.902081
vt 0.743427 0.886670
vt 0.749279 0.906539
vt 0.752757 0.902448
vt 0.732818 0.896194
vt 0.726873 0.899757
vt 0.721812 0.888516
vt 0.749630 0.884148
vt 0.744003 0.898368
vt 0.738918 0.892921
vt 0.749288 0.899344
vt 0.745334 0.892724
vt 0.752424 0.893366
vt 0.760735 0.894135
vt 0.756666 0.898321
vt 0.786818 0.884882
vt 0.785990 0.891090
vt 0.790123 0.895720
vt 0.842993 0.552770
vt 0.853668 0.555104
vt 0.846677 0.560472
vt 0.842967 0.535447
vt 0.844072 0.544155
vt 0.838307 0.542952
vt 0.834527 0.547711
vt 0.836654 0.553544
vt 0.837606 0.559714
vt 0.859561 0.552146
vt 0.851277 0.549122
vt 0.857259 0.545850
vt 0.771858 0.522722
vt 0.779321 0.524385
vt 0.771866 0.528510
vt 0.850064 0.543228
vt 0.860315 0.536458
vt 0.859245 0.530404
vt 0.866962 0.533572
vt 0.824923 0.551142
vt 0.836943 0.515501
vt 0.843953 0.512265
vt 0.844905 0.522142
vt 0.726250 0.527984
vt 0.734054 0.529665
vt 0.729610 0.533469
vt 0.721996 0.532391
vt 0.723038 0.540120
vt 0.863387 0.542931
vt 0.808332 0.538783
vt 0.816077 0.545728
vt 0.806958 0.548009
vt 0.783853 0.531872
vt 0.791580 0.533441
vt 0.789155 0.538459
vt 0.777878 0.536958
vt 0.771898 0.534725
vt 0.776986 0.531090
vt 0.820161 0.541155
vt 0.790070 0.543795
vt 0.798326 0.544160
vt 0.797345 0.550321
vt 0.828485 0.558918
vt 0.819337 0.557916
vt 0.789458 0.549280
vt 0.792036 0.553713
vt 0.784942 0.552957
vt 0.874803 0.510498
vt 0.871954 0.518790
vt 0.868817 0.513651
vt 0.826095 0.542528
vt 0.834623 0.538508
vt 0.865368 0.519383
vt 0.870398 0.524369
vt 0.734690 0.472518
vt 0.732519 0.477916
vt 0.729118 0.479610
vt 0.861263 0.509011
vt 0.860538 0.502810
vt 0.867666 0.509250
vt 0.853836 0.501365
vt 0.853978 0.506808
vt 0.847877 0.506554
vt 0.860966 0.513304
vt 0.772609 0.546526
vt 0.764586 0.541260
vt 0.773277 0.540747
vt 0.845853 0.477770
vt 0.851432 0.486360
vt 0.844824 0.486231
vt 0.847047 0.492831
vt 0.801607 0.522339
vt 0.794991 0.529416
vt 0.794985 0.523874
vt 0.794487 0.538687
vt 0.840994 0.469534
vt 0.838679 0.476910
vt 0.745509 0.530818
vt 0.756823 0.533026
vt 0.747194 0.536221
vt 0.829622 0.461550
vt 0.827538 0.456052
vt 0.835496 0.461945
vt 0.737659 0.537017
vt 0.846114 0.500323
vt 0.781804 0.546286
vt 0.776031 0.551084
vt 0.782687 0.463540
vt 0.783327 0.471353
vt 0.774536 0.469358
vt 0.801091 0.555268
vt 0.853533 0.538216
vt 0.758523 0.547581
vt 0.757181 0.540374
vt 0.783419 0.538957
vt 0.767408 0.549330
vt 0.740658 0.543999
vt 0.749611 0.545807
vt 0.810194 0.556716
vt 0.731691 0.542095
vt 0.722385 0.523339
vt 0.716917 0.538459
vt 0.715871 0.528561
vt 0.742633 0.522063
vt 0.739849 0.529672
vt 0.802683 0.447017
vt 0.809074 0.448667
vt 0.804787 0.453888
vt 0.721329 0.515592
vt 0.715335 0.518951
vt 0.818443 0.551634
vt 0.812306 0.551017
vt 0.748809 0.516628
vt 0.749416 0.526518
vt 0.722113 0.504212
vt 0.717883 0.503936
vt 0.718838 0.496073
vt 0.766254 0.458789
vt 0.761619 0.467477
vt 0.756865 0.461474
vt 0.774056 0.445735
vt 0.783593 0.444449
vt 0.779406 0.448117
vt 0.806840 0.532095
vt 0.814691 0.529916
vt 0.797153 0.449351
vt 0.793180 0.444975
vt 0.795649 0.455289
vt 0.765774 0.525051
vt 0.766305 0.517765
vt 0.714710 0.509048
vt 0.714318 0.498939
vt 0.749436 0.459825
vt 0.757151 0.454311
vt 0.714951 0.488001
vt 0.722024 0.488984
vt 0.713678 0.492674
vt 0.709335 0.484716
vt 0.769544 0.465007
vt 0.776591 0.459448
vt 0.742877 0.490962
vt 0.748428 0.493526
vt 0.747774 0.499565
vt 0.729457 0.487701
vt 0.748050 0.465537
vt 0.742186 0.466347
vt 0.780140 0.517416
vt 0.818346 0.535367
vt 0.751801 0.470173
vt 0.855674 0.561234
vt 0.762295 0.535658
vt 0.851065 0.512471
vt 0.854103 0.513123
vt 0.725158 0.494843
vt 0.727065 0.519955
vt 0.731573 0.524465
vt 0.719362 0.482768
vt 0.827444 0.532273
vt 0.800910 0.491131
vt 0.801301 0.499560
vt 0.799053 0.501053
vt 0.762902 0.454490
vt 0.772490 0.453333
vt 0.785392 0.510906
vt 0.781382 0.504890
vt 0.788756 0.504087
vt 0.811939 0.458591
vt 0.812759 0.453119
vt 0.820155 0.459158
vt 0.802237 0.460498
vt 0.746903 0.474370
vt 0.731529 0.496628
vt 0.728625 0.503109
vt 0.743509 0.508220
vt 0.741597 0.515049
vt 0.735708 0.510978
vt 0.722867 0.509953
vt 0.755868 0.526703
vt 0.766743 0.531353
vt 0.836817 0.529557
vt 0.809421 0.525850
vt 0.800397 0.530490
vt 0.830303 0.516070
vt 0.832132 0.509753
vt 0.795691 0.509072
vt 0.790335 0.516298
vt 0.801133 0.537593
vt 0.849731 0.532142
vt 0.843838 0.528360
vt 0.862401 0.525618
vt 0.857709 0.523112
vt 0.855849 0.517768
vt 0.854129 0.527241
vt 0.850224 0.518949
vt 0.838643 0.505629
vt 0.835462 0.500142
vt 0.855254 0.495957
vt 0.833972 0.522761
vt 0.807367 0.479337
vt 0.810072 0.470759
vt 0.813798 0.476815
vt 0.829484 0.502700
vt 0.840253 0.496122
vt 0.838371 0.484886
vt 0.826897 0.491859
vt 0.834369 0.491070
vt 0.818526 0.465932
vt 0.736212 0.489483
vt 0.727803 0.513695
vt 0.757727 0.472152
vt 0.788961 0.450944
vt 0.780825 0.453652
vt 0.767559 0.471520
vt 0.776139 0.475965
vt 0.770155 0.478536
vt 0.784772 0.458133
vt 0.790483 0.459728
vt 0.788404 0.465568
vt 0.833230 0.470087
vt 0.825933 0.465468
vt 0.826651 0.472363
vt 0.736471 0.482552
vt 0.742769 0.484448
vt 0.828190 0.526068
vt 0.820689 0.527219
vt 0.825159 0.520292
vt 0.762371 0.504704
vt 0.753220 0.507624
vt 0.755677 0.500169
vt 0.785566 0.519322
vt 0.786328 0.525072
vt 0.790403 0.527849
vt 0.801734 0.473244
vt 0.820910 0.515881
vt 0.821029 0.509829
vt 0.816006 0.519545
vt 0.834223 0.480471
vt 0.819768 0.473224
vt 0.830033 0.486160
vt 0.822417 0.501288
vt 0.816167 0.505118
vt 0.820279 0.484734
vt 0.828429 0.479974
vt 0.738706 0.496410
vt 0.742004 0.501964
vt 0.734933 0.518085
vt 0.735578 0.502812
vt 0.765465 0.449361
vt 0.759613 0.478114
vt 0.740957 0.477076
vt 0.819049 0.449828
vt 0.822411 0.478906
vt 0.814804 0.482668
vt 0.797622 0.461532
vt 0.765977 0.500130
vt 0.757879 0.494829
vt 0.771628 0.512687
vt 0.808946 0.518913
vt 0.811964 0.510478
vt 0.764637 0.485790
vt 0.747785 0.480819
vt 0.757628 0.484930
vt 0.763763 0.494659
vt 0.796177 0.467919
vt 0.801890 0.466296
vt 0.790977 0.471382
vt 0.785640 0.489491
vt 0.789546 0.482269
vt 0.796256 0.486455
vt 0.808851 0.463743
vt 0.796227 0.478441
vt 0.787402 0.476344
vt 0.748569 0.510938
vt 0.754883 0.518493
vt 0.765184 0.510597
vt 0.759060 0.513594
vt 0.778182 0.510945
vt 0.798886 0.505686
vt 0.796215 0.516389
vt 0.803789 0.514310
vt 0.805152 0.506733
vt 0.776469 0.483294
vt 0.779884 0.490932
vt 0.753524 0.490635
vt 0.802075 0.483964
vt 0.770030 0.494932
vt 0.773938 0.489944
vt 0.777975 0.499910
vt 0.782050 0.479087
vt 0.760221 0.521859
vt 0.771922 0.500963
vt 0.811129 0.487255
vt 0.806567 0.493546
vt 0.815705 0.498545
vt 0.808828 0.500833
vt 0.819302 0.492141
vt 0.798499 0.511599
vt 0.795713 0.493910
vt 0.791193 0.498749
vt 0.781841 0.496920
vt 0.770563 0.484715
vt 0.832411 0.634376
vt 0.828170 0.642414
vt 0.823180 0.634970
vt 0.691766 0.609037
vt 0.690010 0.599781
vt 0.694835 0.603459
vt 0.699959 0.611242
vt 0.695242 0.612489
vt 0.828756 0.618797
vt 0.823207 0.610824
vt 0.832802 0.613441
vt 0.707600 0.611706
vt 0.704239 0.604015
vt 0.834077 0.598328
vt 0.829031 0.601741
vt 0.824084 0.598144
vt 0.717663 0.602062
vt 0.710507 0.602403
vt 0.718497 0.595576
vt 0.798342 0.806386
vt 0.805022 0.812817
vt 0.796539 0.812723
vt 0.697975 0.597788
vt 0.696384 0.620231
vt 0.702437 0.620099
vt 0.876848 0.652775
vt 0.867963 0.654019
vt 0.874260 0.647681
vt 0.729547 0.609821
vt 0.723963 0.603314
vt 0.733754 0.604376
vt 0.797463 0.663438
vt 0.804421 0.655858
vt 0.807630 0.662086
vt 0.743596 0.603650
vt 0.739047 0.609569
vt 0.698369 0.628576
vt 0.704114 0.632462
vt 0.696990 0.637893
vt 0.813466 0.736548
vt 0.811689 0.748880
vt 0.807310 0.738539
vt 0.759313 0.805770
vt 0.765609 0.808104
vt 0.762483 0.813634
vt 0.691442 0.623771
vt 0.694405 0.615211
vt 0.689387 0.661639
vt 0.694339 0.666584
vt 0.689482 0.671399
vt 0.690002 0.632831
vt 0.804783 0.798528
vt 0.799924 0.800463
vt 0.799331 0.795079
vt 0.763423 0.803256
vt 0.766820 0.797370
vt 0.698280 0.676237
vt 0.738566 0.595045
vt 0.733597 0.598369
vt 0.728536 0.595053
vt 0.827069 0.827483
vt 0.828874 0.821712
vt 0.832970 0.825708
vt 0.753527 0.602845
vt 0.748634 0.595047
vt 0.758668 0.595172
vt 0.804909 0.805364
vt 0.779336 0.801358
vt 0.772909 0.806381
vt 0.770705 0.800598
vt 0.765236 0.607689
vt 0.763519 0.600594
vt 0.774440 0.604474
vt 0.778672 0.595631
vt 0.788714 0.596078
vt 0.783401 0.600594
vt 0.849379 0.831366
vt 0.841431 0.831436
vt 0.847354 0.825036
vt 0.782064 0.619707
vt 0.779633 0.628797
vt 0.775138 0.623753
vt 0.773547 0.598663
vt 0.793319 0.601168
vt 0.788047 0.605638
vt 0.768521 0.817100
vt 0.761117 0.820221
vt 0.771502 0.611095
vt 0.753352 0.612013
vt 0.758462 0.607554
vt 0.798732 0.620480
vt 0.792078 0.620103
vt 0.796538 0.610655
vt 0.786704 0.652840
vt 0.781459 0.657474
vt 0.778131 0.647749
vt 0.795517 0.629820
vt 0.787306 0.633782
vt 0.787389 0.624531
vt 0.723595 0.613145
vt 0.714502 0.619894
vt 0.713128 0.613764
vt 0.801249 0.633842
vt 0.794479 0.638997
vt 0.771603 0.694517
vt 0.766562 0.687316
vt 0.774462 0.686001
vt 0.790732 0.676705
vt 0.785690 0.681370
vt 0.779037 0.676473
vt 0.791196 0.648403
vt 0.779262 0.689643
vt 0.779782 0.694679
vt 0.786042 0.671859
vt 0.790958 0.610589
vt 0.845222 0.836384
vt 0.836243 0.837069
vt 0.794117 0.694822
vt 0.786254 0.699201
vt 0.811635 0.807694
vt 0.811098 0.814141
vt 0.695776 0.695432
vt 0.690859 0.700139
vt 0.689941 0.690925
vt 0.700964 0.741736
vt 0.708073 0.740981
vt 0.704182 0.748665
vt 0.786444 0.797735
vt 0.785621 0.793273
vt 0.792325 0.797422
vt 0.700268 0.732781
vt 0.698103 0.723429
vt 0.706099 0.728642
vt 0.791795 0.779866
vt 0.786166 0.783926
vt 0.778615 0.780257
vt 0.875812 0.686441
vt 0.878508 0.695957
vt 0.871789 0.691155
vt 0.695150 0.746106
vt 0.695738 0.737592
vt 0.693063 0.719235
vt 0.694432 0.728412
vt 0.795073 0.657820
vt 0.786491 0.662358
vt 0.704622 0.722859
vt 0.700789 0.713627
vt 0.791968 0.808916
vt 0.693993 0.647338
vt 0.689354 0.651963
vt 0.689513 0.642368
vt 0.725275 0.826471
vt 0.731003 0.830957
vt 0.725892 0.836150
vt 0.712102 0.736226
vt 0.704855 0.734980
vt 0.710418 0.730733
vt 0.774779 0.810249
vt 0.769817 0.817893
vt 0.769304 0.811849
vt 0.749879 0.828825
vt 0.758889 0.823572
vt 0.757295 0.831639
vt 0.822412 0.804215
vt 0.817150 0.801277
vt 0.777511 0.755742
vt 0.790675 0.756041
vt 0.785699 0.760109
vt 0.726432 0.792043
vt 0.728701 0.785287
vt 0.732836 0.791172
vt 0.793031 0.800646
vt 0.835394 0.816433
vt 0.842827 0.813275
vt 0.842954 0.820181
vt 0.837285 0.809932
vt 0.715657 0.748402
vt 0.719323 0.753631
vt 0.711568 0.753510
vt 0.740264 0.829012
vt 0.734804 0.826508
vt 0.689637 0.681166
vt 0.698173 0.686075
vt 0.874806 0.623571
vt 0.877463 0.618344
vt 0.878837 0.627641
vt 0.825617 0.834261
vt 0.821152 0.828608
vt 0.779022 0.797834
vt 0.739331 0.779255
vt 0.739292 0.786885
vt 0.733955 0.780325
vt 0.768314 0.841180
vt 0.762157 0.833737
vt 0.768510 0.832395
vt 0.725993 0.764671
vt 0.717577 0.759413
vt 0.724793 0.758044
vt 0.794322 0.686206
vt 0.785616 0.690466
vt 0.751979 0.821826
vt 0.743643 0.821870
vt 0.748416 0.815357
vt 0.778254 0.808678
vt 0.781879 0.729159
vt 0.793771 0.729486
vt 0.787886 0.733726
vt 0.779633 0.682720
vt 0.769557 0.682204
vt 0.770797 0.676275
vt 0.772033 0.824821
vt 0.773250 0.662856
vt 0.774623 0.657198
vt 0.734022 0.836243
vt 0.869236 0.613002
vt 0.870313 0.605003
vt 0.876030 0.608706
vt 0.752902 0.838567
vt 0.749112 0.834526
vt 0.744169 0.837589
vt 0.747186 0.743648
vt 0.748570 0.737415
vt 0.752244 0.744985
vt 0.813142 0.837098
vt 0.818885 0.834954
vt 0.818458 0.839640
vt 0.763572 0.826305
vt 0.813286 0.831533
vt 0.815775 0.825211
vt 0.761295 0.840342
vt 0.873916 0.599026
vt 0.723344 0.807207
vt 0.722240 0.797450
vt 0.729302 0.801672
vt 0.856720 0.618879
vt 0.866971 0.621035
vt 0.861766 0.624677
vt 0.857284 0.667603
vt 0.863850 0.675184
vt 0.855541 0.675886
vt 0.805648 0.604668
vt 0.814066 0.598169
vt 0.809370 0.609679
vt 0.808517 0.822707
vt 0.819080 0.606003
vt 0.828921 0.607863
vt 0.877466 0.667251
vt 0.873771 0.657757
vt 0.882689 0.662385
vt 0.864136 0.608965
vt 0.856282 0.611456
vt 0.856070 0.605263
vt 0.755824 0.815201
vt 0.848653 0.607051
vt 0.843913 0.599050
vt 0.851710 0.600845
vt 0.756886 0.677872
vt 0.763608 0.679942
vt 0.758533 0.685378
vt 0.789853 0.703574
vt 0.795629 0.703869
vt 0.780115 0.737269
vt 0.772503 0.736910
vt 0.774325 0.729183
vt 0.801838 0.742188
vt 0.799166 0.748171
vt 0.796876 0.738229
vt 0.799906 0.713015
vt 0.803537 0.718921
vt 0.797065 0.720948
vt 0.773657 0.743981
vt 0.780415 0.743761
vt 0.871017 0.618803
vt 0.865400 0.615862
vt 0.803802 0.598658
vt 0.801014 0.605295
vt 0.797160 0.597472
vt 0.881269 0.636211
vt 0.873142 0.631379
vt 0.791654 0.720006
vt 0.793429 0.711353
vt 0.882620 0.681514
vt 0.882931 0.691065
vt 0.864123 0.601912
vt 0.731688 0.759817
vt 0.731018 0.751143
vt 0.738069 0.755492
vt 0.708244 0.596230
vt 0.803529 0.612616
vt 0.882670 0.671949
vt 0.808072 0.837417
vt 0.869327 0.673137
vt 0.870402 0.667349
vt 0.814882 0.819126
vt 0.808117 0.615660
vt 0.815072 0.610549
vt 0.813492 0.619632
vt 0.855362 0.827458
vt 0.867831 0.628413
vt 0.868751 0.635214
vt 0.863229 0.631751
vt 0.821761 0.820883
vt 0.867495 0.686582
vt 0.875271 0.733634
vt 0.871987 0.726652
vt 0.877148 0.724443
vt 0.801608 0.820465
vt 0.851531 0.689076
vt 0.854638 0.696313
vt 0.846440 0.695538
vt 0.881121 0.719223
vt 0.880263 0.728534
vt 0.724642 0.816840
vt 0.728240 0.821342
vt 0.882515 0.709875
vt 0.874301 0.714908
vt 0.708937 0.747795
vt 0.874197 0.742417
vt 0.870600 0.737546
vt 0.809391 0.713367
vt 0.810108 0.721644
vt 0.854021 0.762355
vt 0.847796 0.756647
vt 0.858527 0.757476
vt 0.880237 0.738011
vt 0.880137 0.746598
vt 0.779149 0.764038
vt 0.778680 0.772529
vt 0.773450 0.765877
vt 0.834627 0.791618
vt 0.839811 0.788013
vt 0.840050 0.795025
vt 0.792637 0.765191
vt 0.785479 0.768977
vt 0.785597 0.776449
vt 0.781200 0.788413
vt 0.790176 0.785333
vt 0.854029 0.810773
vt 0.849453 0.813455
vt 0.847902 0.807652
vt 0.795910 0.774395
vt 0.791216 0.770766
vt 0.775788 0.788204
vt 0.804363 0.774063
vt 0.800723 0.766111
vt 0.769137 0.773762
vt 0.761858 0.773808
vt 0.761795 0.767649
vt 0.805378 0.828881
vt 0.788379 0.803142
vt 0.785499 0.807920
vt 0.773357 0.794778
vt 0.767880 0.794287
vt 0.767316 0.786948
vt 0.809908 0.801464
vt 0.786836 0.643406
vt 0.810341 0.842957
vt 0.821922 0.810267
vt 0.792060 0.747286
vt 0.786098 0.751292
vt 0.742593 0.807067
vt 0.737039 0.800539
vt 0.744744 0.800415
vt 0.853173 0.818363
vt 0.849265 0.794884
vt 0.856605 0.792778
vt 0.855255 0.801300
vt 0.791059 0.791550
vt 0.859672 0.746243
vt 0.855982 0.740511
vt 0.861525 0.739490
vt 0.726845 0.772336
vt 0.719905 0.768542
vt 0.788178 0.724673
vt 0.844499 0.772879
vt 0.836250 0.775236
vt 0.839127 0.769701
vt 0.842416 0.780795
vt 0.854253 0.836136
vt 0.838888 0.824497
vt 0.743489 0.662178
vt 0.740112 0.654289
vt 0.748116 0.656942
vt 0.827087 0.837686
vt 0.780811 0.610064
vt 0.787614 0.615166
vt 0.835799 0.832520
vt 0.714794 0.742251
vt 0.721974 0.746582
vt 0.861002 0.601808
vt 0.831118 0.783709
vt 0.870589 0.749951
vt 0.865648 0.743763
vt 0.776353 0.749713
vt 0.863134 0.757038
vt 0.865041 0.750288
vt 0.773130 0.781950
vt 0.735719 0.774269
vt 0.727671 0.778519
vt 0.751160 0.775523
vt 0.749900 0.769911
vt 0.756286 0.769000
vt 0.729480 0.807640
vt 0.798767 0.782545
vt 0.806324 0.782165
vt 0.808142 0.788613
vt 0.853642 0.787986
vt 0.847860 0.787308
vt 0.804807 0.754030
vt 0.859488 0.724445
vt 0.864380 0.715070
vt 0.869377 0.720143
vt 0.720935 0.622953
vt 0.727325 0.627341
vt 0.718648 0.630953
vt 0.724363 0.672885
vt 0.721686 0.680073
vt 0.716855 0.673785
vt 0.707176 0.626268
vt 0.708414 0.620358
vt 0.713895 0.625998
vt 0.707938 0.637947
vt 0.697944 0.656982
vt 0.742828 0.694959
vt 0.751115 0.697326
vt 0.745342 0.701563
vt 0.757774 0.671397
vt 0.749851 0.664730
vt 0.760099 0.665305
vt 0.761798 0.648499
vt 0.764537 0.642263
vt 0.768393 0.649382
vt 0.775884 0.699095
vt 0.710276 0.715316
vt 0.733805 0.614819
vt 0.774892 0.637966
vt 0.780888 0.635340
vt 0.780624 0.641844
vt 0.751889 0.620553
vt 0.757106 0.616996
vt 0.757943 0.624179
vt 0.808526 0.621844
vt 0.817109 0.624676
vt 0.810270 0.628383
vt 0.802513 0.666738
vt 0.808641 0.670219
vt 0.803789 0.677776
vt 0.804536 0.627377
vt 0.838919 0.610918
vt 0.835209 0.605108
vt 0.819270 0.630381
vt 0.828044 0.627175
vt 0.821038 0.713210
vt 0.823959 0.705179
vt 0.829677 0.710229
vt 0.844687 0.640464
vt 0.836829 0.645775
vt 0.836346 0.639023
vt 0.858240 0.652323
vt 0.846338 0.648284
vt 0.851515 0.643288
vt 0.871946 0.697427
vt 0.875472 0.705213
vt 0.854871 0.716312
vt 0.691757 0.709817
vt 0.700475 0.704039
vt 0.712332 0.723402
vt 0.718565 0.736640
vt 0.720227 0.727047
vt 0.726693 0.729234
vt 0.757089 0.691495
vt 0.751466 0.687704
vt 0.772677 0.759818
vt 0.762408 0.735992
vt 0.767496 0.731520
vt 0.767552 0.742772
vt 0.760899 0.754507
vt 0.766789 0.756348
vt 0.768758 0.761713
vt 0.721921 0.787346
vt 0.721156 0.777967
vt 0.730234 0.724043
vt 0.735290 0.728587
vt 0.784382 0.719725
vt 0.778322 0.719055
vt 0.852047 0.620322
vt 0.844729 0.624510
vt 0.847899 0.616242
vt 0.857197 0.638190
vt 0.869939 0.639679
vt 0.868777 0.645291
vt 0.852030 0.612230
vt 0.852456 0.769673
vt 0.846737 0.764927
vt 0.844294 0.749029
vt 0.839420 0.755431
vt 0.833442 0.751735
vt 0.800259 0.778268
vt 0.787700 0.716136
vt 0.780605 0.711080
vt 0.800632 0.707346
vt 0.869676 0.623982
vt 0.855470 0.732064
vt 0.863797 0.734012
vt 0.865328 0.705125
vt 0.834511 0.803338
vt 0.831919 0.799113
vt 0.838057 0.801024
vt 0.826300 0.815880
vt 0.829674 0.809817
vt 0.823372 0.799882
vt 0.828650 0.790552
vt 0.843671 0.802581
vt 0.830875 0.829968
vt 0.865362 0.727513
vt 0.855452 0.750572
vt 0.860993 0.764555
vt 0.761925 0.792077
vt 0.761956 0.798485
vt 0.753756 0.799609
vt 0.756979 0.796578
vt 0.750445 0.807733
vt 0.849295 0.801494
vt 0.851061 0.777831
vt 0.810519 0.768643
vt 0.812976 0.776962
vt 0.797469 0.757211
vt 0.802999 0.760162
vt 0.707420 0.667416
vt 0.704575 0.660123
vt 0.713397 0.660208
vt 0.701144 0.666611
vt 0.714473 0.607641
vt 0.720212 0.608032
vt 0.727810 0.619516
vt 0.735820 0.623178
vt 0.707438 0.673845
vt 0.704433 0.681186
vt 0.713071 0.680608
vt 0.731580 0.670529
vt 0.738115 0.666487
vt 0.737648 0.673328
vt 0.777478 0.666821
vt 0.773726 0.651420
vt 0.771740 0.669724
vt 0.764220 0.671736
vt 0.767793 0.664503
vt 0.783156 0.702265
vt 0.787979 0.706779
vt 0.768675 0.595375
vt 0.775000 0.632230
vt 0.805546 0.647817
vt 0.797680 0.648698
vt 0.804581 0.618623
vt 0.814815 0.633246
vt 0.844655 0.611302
vt 0.818425 0.615297
vt 0.794103 0.668673
vt 0.803637 0.684079
vt 0.797501 0.676864
vt 0.816603 0.674922
vt 0.810096 0.676998
vt 0.805096 0.724892
vt 0.873740 0.676883
vt 0.869326 0.661597
vt 0.860103 0.681796
vt 0.868058 0.680074
vt 0.697508 0.708648
vt 0.706473 0.708764
vt 0.726128 0.739997
vt 0.734043 0.742324
vt 0.737964 0.748223
vt 0.738916 0.762676
vt 0.733574 0.767848
vt 0.741076 0.770206
vt 0.750083 0.795132
vt 0.741593 0.794875
vt 0.745905 0.789198
vt 0.745279 0.774155
vt 0.768399 0.750251
vt 0.787624 0.742369
vt 0.776938 0.703928
vt 0.775876 0.708516
vt 0.876488 0.639547
vt 0.882301 0.643521
vt 0.857761 0.661304
vt 0.863837 0.659723
vt 0.790943 0.738367
vt 0.857937 0.628676
vt 0.847886 0.632869
vt 0.852527 0.625886
vt 0.870100 0.709710
vt 0.838207 0.763660
vt 0.830146 0.767931
vt 0.849760 0.751303
vt 0.858888 0.773426
vt 0.857205 0.783156
vt 0.831588 0.758392
vt 0.849572 0.743571
vt 0.850829 0.736163
vt 0.756020 0.809432
vt 0.734886 0.810473
vt 0.732931 0.797028
vt 0.734120 0.820907
vt 0.730975 0.815402
vt 0.790808 0.776766
vt 0.795854 0.788222
vt 0.812678 0.783158
vt 0.814322 0.790416
vt 0.700622 0.647471
vt 0.703358 0.653416
vt 0.748862 0.607423
vt 0.744031 0.616581
vt 0.717217 0.700451
vt 0.708974 0.698441
vt 0.710823 0.692826
vt 0.768138 0.657906
vt 0.761775 0.656974
vt 0.770527 0.628647
vt 0.769356 0.725875
vt 0.769205 0.700806
vt 0.763003 0.619235
vt 0.775302 0.617142
vt 0.809406 0.634457
vt 0.799925 0.698640
vt 0.800109 0.690294
vt 0.863841 0.668482
vt 0.883194 0.700481
vt 0.863300 0.696862
vt 0.717976 0.687091
vt 0.724113 0.686147
vt 0.718116 0.695069
vt 0.722470 0.703889
vt 0.724883 0.698652
vt 0.732838 0.732452
vt 0.753284 0.729651
vt 0.760880 0.728320
vt 0.756032 0.737637
vt 0.740334 0.740455
vt 0.740946 0.734373
vt 0.745893 0.759163
vt 0.745038 0.751368
vt 0.759519 0.749839
vt 0.757432 0.756671
vt 0.753349 0.752676
vt 0.766410 0.720493
vt 0.759953 0.743205
vt 0.756869 0.724648
vt 0.772198 0.716476
vt 0.765889 0.751750
vt 0.747223 0.730910
vt 0.749237 0.750388
vt 0.741799 0.727394
vt 0.746022 0.716254
vt 0.751681 0.716454
vt 0.748378 0.722930
vt 0.734040 0.700041
vt 0.727792 0.691668
vt 0.838787 0.618906
vt 0.805764 0.732437
vt 0.800653 0.729056
vt 0.806288 0.705362
vt 0.860486 0.709783
vt 0.853748 0.709451
vt 0.750571 0.783621
vt 0.756659 0.779019
vt 0.759129 0.785932
vt 0.740701 0.815225
vt 0.823474 0.787352
vt 0.825561 0.780562
vt 0.820761 0.791402
vt 0.818933 0.780703
vt 0.817556 0.786393
vt 0.802102 0.789877
vt 0.811279 0.799357
vt 0.817227 0.797120
vt 0.810312 0.759059
vt 0.818380 0.752888
vt 0.829905 0.774167
vt 0.816788 0.763014
vt 0.823046 0.766855
vt 0.817372 0.771682
vt 0.823626 0.758404
vt 0.824722 0.742422
vt 0.830828 0.745538
vt 0.825294 0.750305
vt 0.829707 0.732071
vt 0.838215 0.729115
vt 0.836446 0.737300
vt 0.841304 0.742558
vt 0.709981 0.646361
vt 0.702615 0.641326
vt 0.716061 0.639950
vt 0.723269 0.635382
vt 0.743842 0.626329
vt 0.741609 0.635871
vt 0.735803 0.631910
vt 0.703630 0.695129
vt 0.704768 0.688214
vt 0.755169 0.647871
vt 0.754921 0.659382
vt 0.757597 0.638197
vt 0.772554 0.644239
vt 0.764465 0.693216
vt 0.751542 0.672401
vt 0.744273 0.670466
vt 0.748999 0.680416
vt 0.740921 0.679195
vt 0.770654 0.709814
vt 0.763961 0.705174
vt 0.764386 0.625932
vt 0.764601 0.634128
vt 0.815478 0.668374
vt 0.836388 0.627066
vt 0.817859 0.639041
vt 0.799818 0.642521
vt 0.809036 0.700106
vt 0.808456 0.690060
vt 0.815137 0.698736
vt 0.859478 0.689324
vt 0.857560 0.703472
vt 0.715553 0.716154
vt 0.723778 0.718565
vt 0.717915 0.720977
vt 0.762533 0.761996
vt 0.745156 0.765620
vt 0.774557 0.776825
vt 0.773595 0.771466
vt 0.740006 0.720447
vt 0.732121 0.717025
vt 0.840217 0.634051
vt 0.864065 0.648357
vt 0.812234 0.730459
vt 0.815621 0.724924
vt 0.830324 0.738697
vt 0.840952 0.688218
vt 0.849255 0.681490
vt 0.810156 0.683356
vt 0.821330 0.733435
vt 0.826473 0.726758
vt 0.844501 0.736344
vt 0.848167 0.723284
vt 0.843484 0.717991
vt 0.842308 0.724124
vt 0.837321 0.721242
vt 0.847078 0.730109
vt 0.853561 0.726257
vt 0.841737 0.705743
vt 0.846457 0.712063
vt 0.839908 0.712066
vt 0.825368 0.716183
vt 0.831359 0.723292
vt 0.754958 0.791354
vt 0.764356 0.779516
vt 0.744446 0.783405
vt 0.743126 0.779363
vt 0.753304 0.761453
vt 0.709751 0.655110
vt 0.753225 0.629400
vt 0.725362 0.658854
vt 0.725171 0.650863
vt 0.731495 0.657651
vt 0.713656 0.666569
vt 0.720000 0.667935
vt 0.712069 0.703865
vt 0.710847 0.686517
vt 0.719184 0.657840
vt 0.731460 0.681315
vt 0.713130 0.709818
vt 0.719035 0.712387
vt 0.725915 0.665256
vt 0.732341 0.664063
vt 0.730301 0.643194
vt 0.729543 0.636111
vt 0.736033 0.640208
vt 0.743838 0.686754
vt 0.736994 0.683759
vt 0.735736 0.689648
vt 0.745989 0.641412
vt 0.741053 0.646921
vt 0.747953 0.649417
vt 0.742498 0.706500
vt 0.735595 0.707325
vt 0.759938 0.697735
vt 0.754904 0.703964
vt 0.737328 0.660097
vt 0.733946 0.648474
vt 0.752374 0.642012
vt 0.748530 0.634738
vt 0.763019 0.712437
vt 0.754798 0.710990
vt 0.724094 0.641740
vt 0.715408 0.653277
vt 0.768974 0.638260
vt 0.749329 0.706808
vt 0.717891 0.647749
vt 0.757994 0.716244
vt 0.754459 0.720513
vt 0.725671 0.713364
vt 0.823342 0.622561
vt 0.812130 0.640910
vt 0.805345 0.639566
vt 0.810059 0.653323
vt 0.804470 0.695914
vt 0.841280 0.680072
vt 0.846137 0.676040
vt 0.882731 0.652984
vt 0.849532 0.703830
vt 0.820637 0.724463
vt 0.816525 0.717411
vt 0.826505 0.699415
vt 0.822926 0.694148
vt 0.831696 0.696418
vt 0.822450 0.686970
vt 0.829453 0.688339
vt 0.834643 0.684402
vt 0.839081 0.698483
vt 0.738589 0.714161
vt 0.730675 0.711563
vt 0.848204 0.663000
vt 0.818955 0.659217
vt 0.813748 0.658457
vt 0.850701 0.637425
vt 0.817728 0.746368
vt 0.818744 0.739920
vt 0.811965 0.647395
vt 0.822567 0.654650
vt 0.816345 0.651958
vt 0.823182 0.647374
vt 0.822424 0.668851
vt 0.839216 0.673028
vt 0.848920 0.670293
vt 0.857949 0.645315
vt 0.817350 0.708369
vt 0.818197 0.703775
vt 0.835192 0.715388
vt 0.833412 0.704746
vt 0.841686 0.656669
vt 0.847540 0.654495
vt 0.828905 0.651244
vt 0.816850 0.645428
vt 0.835317 0.691321
vt 0.853009 0.657323
vt 0.840553 0.650609
vt 0.835108 0.654336
vt 0.827809 0.674345
vt 0.830700 0.668727
vt 0.816780 0.693255
vt 0.815022 0.687505
vt 0.822195 0.678329
vt 0.829324 0.657896
vt 0.824320 0.661922
vt 0.833729 0.677633
vt 0.828125 0.681613
vt 0.823830 0.774361
vt 0.728812 0.706057
vt 0.841437 0.665981
vt 0.834784 0.661502
vt 0.662344 0.820809
vt 0.663861 0.829354
vt 0.657654 0.825736
vt 0.507924 0.705840
vt 0.508249 0.696282
vt 0.512748 0.701499
vt 0.516794 0.710719
vt 0.511111 0.710766
vt 0.633054 0.921788
vt 0.642561 0.917868
vt 0.642181 0.925735
vt 0.524300 0.712951
vt 0.522159 0.705132
vt 0.680946 0.743557
vt 0.689200 0.748191
vt 0.686016 0.752933
vt 0.533106 0.708989
vt 0.527528 0.706857
vt 0.533653 0.702424
vt 0.676671 0.768036
vt 0.677691 0.762129
vt 0.683796 0.762435
vt 0.521971 0.848730
vt 0.522435 0.844185
vt 0.527368 0.841455
vt 0.512781 0.720456
vt 0.519659 0.720589
vt 0.606479 0.860836
vt 0.603537 0.853213
vt 0.609401 0.857193
vt 0.543672 0.717831
vt 0.538870 0.710097
vt 0.547490 0.711569
vt 0.651019 0.922607
vt 0.647016 0.931271
vt 0.507828 0.724977
vt 0.507733 0.715447
vt 0.516683 0.730131
vt 0.507882 0.734330
vt 0.656477 0.921138
vt 0.657498 0.930830
vt 0.594277 0.878302
vt 0.603126 0.880958
vt 0.597847 0.884105
vt 0.522513 0.733536
vt 0.515508 0.739271
vt 0.615937 0.915495
vt 0.608459 0.916082
vt 0.611223 0.913234
vt 0.515338 0.765836
vt 0.511857 0.775603
vt 0.506706 0.770157
vt 0.511719 0.740014
vt 0.515424 0.745565
vt 0.509740 0.749784
vt 0.605570 0.897995
vt 0.598766 0.900297
vt 0.594349 0.896992
vt 0.554774 0.922751
vt 0.553381 0.917173
vt 0.558818 0.914603
vt 0.553293 0.702118
vt 0.547928 0.705327
vt 0.543277 0.701852
vt 0.597158 0.874159
vt 0.561616 0.708681
vt 0.556362 0.703628
vt 0.565729 0.701165
vt 0.562158 0.716699
vt 0.566755 0.720921
vt 0.561296 0.724437
vt 0.508022 0.760151
vt 0.516818 0.755913
vt 0.579320 0.706399
vt 0.571166 0.709294
vt 0.569371 0.703966
vt 0.584790 0.904093
vt 0.591711 0.902396
vt 0.587238 0.907691
vt 0.518329 0.697816
vt 0.586519 0.702582
vt 0.586292 0.709993
vt 0.595342 0.700934
vt 0.592659 0.706120
vt 0.590130 0.697639
vt 0.579894 0.700282
vt 0.570810 0.701611
vt 0.581010 0.712937
vt 0.587680 0.716210
vt 0.602277 0.717552
vt 0.599579 0.718862
vt 0.600618 0.707873
vt 0.589695 0.754347
vt 0.588076 0.747824
vt 0.592330 0.745664
vt 0.599984 0.728376
vt 0.598365 0.733995
vt 0.590803 0.729293
vt 0.595461 0.724730
vt 0.590537 0.720592
vt 0.529983 0.721367
vt 0.529105 0.716600
vt 0.539445 0.718440
vt 0.601180 0.735150
vt 0.582961 0.791425
vt 0.578956 0.784461
vt 0.586401 0.782079
vt 0.600323 0.772699
vt 0.596016 0.777368
vt 0.589689 0.772798
vt 0.599140 0.744701
vt 0.594456 0.749088
vt 0.592588 0.782198
vt 0.590487 0.791210
vt 0.595708 0.741482
vt 0.595403 0.768065
vt 0.596374 0.709766
vt 0.565965 0.712292
vt 0.505622 0.780337
vt 0.582817 0.918108
vt 0.580552 0.908269
vt 0.505549 0.790535
vt 0.510615 0.794847
vt 0.504665 0.800396
vt 0.508244 0.804865
vt 0.504527 0.810369
vt 0.591868 0.918945
vt 0.588859 0.926608
vt 0.597351 0.914611
vt 0.592364 0.911695
vt 0.595356 0.907088
vt 0.514191 0.823608
vt 0.518444 0.831183
vt 0.512745 0.834118
vt 0.542268 0.724021
vt 0.535610 0.726058
vt 0.507424 0.839111
vt 0.513286 0.841338
vt 0.508165 0.847618
vt 0.507087 0.830012
vt 0.603266 0.912726
vt 0.600610 0.918646
vt 0.523615 0.827558
vt 0.519271 0.819277
vt 0.567024 0.925408
vt 0.567076 0.929480
vt 0.559251 0.927709
vt 0.517698 0.847345
vt 0.610751 0.922058
vt 0.604209 0.920752
vt 0.675219 0.729417
vt 0.670843 0.725623
vt 0.673875 0.721204
vt 0.526237 0.855647
vt 0.530855 0.852663
vt 0.533299 0.857402
vt 0.602433 0.901566
vt 0.607046 0.904561
vt 0.539778 0.814643
vt 0.542608 0.817674
vt 0.534889 0.819400
vt 0.553272 0.708735
vt 0.547886 0.714636
vt 0.536996 0.919857
vt 0.545711 0.918894
vt 0.541446 0.925542
vt 0.552654 0.836546
vt 0.545500 0.838271
vt 0.549475 0.831910
vt 0.533381 0.897225
vt 0.530405 0.902010
vt 0.529961 0.892277
vt 0.599376 0.697819
vt 0.538736 0.860086
vt 0.537156 0.851887
vt 0.542180 0.855087
vt 0.529001 0.921310
vt 0.532852 0.926885
vt 0.526737 0.930667
vt 0.509181 0.785278
vt 0.538612 0.792332
vt 0.539029 0.786414
vt 0.544847 0.787479
vt 0.529863 0.882599
vt 0.528563 0.873172
vt 0.534779 0.877465
vt 0.540229 0.907911
vt 0.534939 0.907021
vt 0.538536 0.897387
vt 0.543303 0.871110
vt 0.547977 0.877561
vt 0.540757 0.876913
vt 0.614392 0.799418
vt 0.616455 0.806889
vt 0.606318 0.800536
vt 0.533350 0.865742
vt 0.536585 0.871695
vt 0.535761 0.932912
vt 0.622328 0.801902
vt 0.623499 0.809364
vt 0.579883 0.798497
vt 0.574341 0.796527
vt 0.587070 0.810175
vt 0.593133 0.809252
vt 0.590230 0.816593
vt 0.599632 0.905564
vt 0.598063 0.818912
vt 0.595098 0.821907
vt 0.526110 0.727471
vt 0.570999 0.935218
vt 0.561788 0.933466
vt 0.553084 0.933187
vt 0.550322 0.927832
vt 0.523190 0.833009
vt 0.581698 0.929884
vt 0.607670 0.697933
vt 0.603527 0.703340
vt 0.544372 0.932773
vt 0.528705 0.834209
vt 0.521570 0.839140
vt 0.603381 0.819941
vt 0.611215 0.824359
vt 0.606403 0.828316
vt 0.572406 0.763632
vt 0.570211 0.774806
vt 0.566691 0.765503
vt 0.599624 0.781847
vt 0.604491 0.782460
vt 0.595550 0.924251
vt 0.617693 0.696464
vt 0.617121 0.702709
vt 0.609576 0.703541
vt 0.575283 0.922404
vt 0.574224 0.927566
vt 0.524101 0.703610
vt 0.630745 0.709723
vt 0.623586 0.703812
vt 0.634155 0.704302
vt 0.602277 0.726604
vt 0.593672 0.715139
vt 0.663506 0.705006
vt 0.661713 0.698215
vt 0.670779 0.704114
vt 0.612499 0.773620
vt 0.607258 0.767036
vt 0.612424 0.765136
vt 0.680657 0.752747
vt 0.586285 0.763748
vt 0.581252 0.761777
vt 0.584543 0.756666
vt 0.689202 0.787003
vt 0.683074 0.781847
vt 0.689170 0.777151
vt 0.610309 0.791986
vt 0.679227 0.725676
vt 0.678379 0.717398
vt 0.583972 0.818937
vt 0.589030 0.822023
vt 0.602804 0.809836
vt 0.596626 0.813734
vt 0.656781 0.692961
vt 0.653599 0.701111
vt 0.647522 0.693890
vt 0.597831 0.839194
vt 0.597440 0.847189
vt 0.590341 0.842746
vt 0.674530 0.696385
vt 0.684166 0.697036
vt 0.678911 0.701369
vt 0.680798 0.840940
vt 0.678468 0.848208
vt 0.672656 0.841369
vt 0.668814 0.709196
vt 0.666487 0.846222
vt 0.665209 0.852874
vt 0.657689 0.842541
vt 0.576485 0.726396
vt 0.580921 0.721284
vt 0.585978 0.725774
vt 0.669527 0.698844
vt 0.670913 0.834475
vt 0.664727 0.837633
vt 0.609107 0.709183
vt 0.655560 0.710864
vt 0.659212 0.704858
vt 0.569628 0.727275
vt 0.591263 0.741995
vt 0.591793 0.735463
vt 0.686986 0.729171
vt 0.684807 0.720624
vt 0.689204 0.757771
vt 0.689284 0.767378
vt 0.684952 0.791726
vt 0.682558 0.801500
vt 0.678746 0.791631
vt 0.545157 0.794124
vt 0.542829 0.801582
vt 0.535357 0.822835
vt 0.537027 0.830175
vt 0.529404 0.826492
vt 0.636858 0.738385
vt 0.641326 0.744549
vt 0.634265 0.745161
vt 0.545245 0.720982
vt 0.615283 0.709445
vt 0.619803 0.708981
vt 0.622632 0.713910
vt 0.676452 0.821464
vt 0.681862 0.817050
vt 0.680847 0.826344
vt 0.602764 0.791294
vt 0.596390 0.796252
vt 0.685663 0.835646
vt 0.686979 0.825771
vt 0.538150 0.745420
vt 0.534143 0.749884
vt 0.532361 0.741171
vt 0.576499 0.738162
vt 0.581697 0.735495
vt 0.582770 0.744751
vt 0.670426 0.793596
vt 0.668106 0.785790
vt 0.678780 0.833776
vt 0.684790 0.844793
vt 0.530744 0.735620
vt 0.536510 0.737015
vt 0.610181 0.811190
vt 0.576299 0.777583
vt 0.674360 0.801419
vt 0.588236 0.720548
vt 0.651161 0.905845
vt 0.644697 0.908497
vt 0.646630 0.901546
vt 0.593970 0.850950
vt 0.597036 0.856148
vt 0.605328 0.844094
vt 0.600486 0.834433
vt 0.600930 0.860399
vt 0.589399 0.868614
vt 0.586205 0.876318
vt 0.596877 0.888358
vt 0.604496 0.891902
vt 0.599356 0.892586
vt 0.637264 0.877854
vt 0.630990 0.871561
vt 0.637389 0.870783
vt 0.616697 0.919178
vt 0.604209 0.871031
vt 0.591865 0.888279
vt 0.596898 0.865118
vt 0.590426 0.860164
vt 0.604481 0.916164
vt 0.605991 0.909770
vt 0.637761 0.694614
vt 0.633218 0.698360
vt 0.627635 0.695396
vt 0.607591 0.887784
vt 0.530625 0.911881
vt 0.614734 0.923139
vt 0.599933 0.826933
vt 0.607029 0.835418
vt 0.526432 0.745454
vt 0.652755 0.900414
vt 0.657621 0.894968
vt 0.661025 0.902810
vt 0.597713 0.753719
vt 0.595008 0.758576
vt 0.656641 0.917659
vt 0.648775 0.914690
vt 0.652572 0.910682
vt 0.540663 0.914524
vt 0.594986 0.831678
vt 0.626544 0.927013
vt 0.628028 0.920739
vt 0.640615 0.709339
vt 0.644049 0.702933
vt 0.653050 0.854252
vt 0.648719 0.844626
vt 0.654736 0.848442
vt 0.616615 0.896214
vt 0.612932 0.897734
vt 0.611127 0.895398
vt 0.622194 0.923617
vt 0.638460 0.931280
vt 0.675412 0.709788
vt 0.683086 0.705956
vt 0.682885 0.712185
vt 0.635253 0.918122
vt 0.618335 0.927802
vt 0.623004 0.935106
vt 0.660851 0.925107
vt 0.666003 0.929529
vt 0.664187 0.922966
vt 0.672077 0.848008
vt 0.657997 0.875044
vt 0.662850 0.871721
vt 0.658876 0.881075
vt 0.643535 0.864224
vt 0.649846 0.866167
vt 0.644049 0.870298
vt 0.668206 0.777585
vt 0.671098 0.769965
vt 0.675347 0.775008
vt 0.526080 0.721369
vt 0.574934 0.714891
vt 0.616284 0.715788
vt 0.626264 0.718836
vt 0.617473 0.722785
vt 0.618441 0.772887
vt 0.610061 0.722806
vt 0.609373 0.717055
vt 0.616631 0.729480
vt 0.608004 0.730021
vt 0.632821 0.805547
vt 0.627952 0.815213
vt 0.626182 0.745683
vt 0.622097 0.753043
vt 0.618237 0.747630
vt 0.661549 0.727423
vt 0.665340 0.734146
vt 0.689283 0.796694
vt 0.689009 0.806524
vt 0.636755 0.798254
vt 0.640821 0.803522
vt 0.505404 0.820333
vt 0.509558 0.814554
vt 0.526485 0.863606
vt 0.517427 0.836085
vt 0.531155 0.837488
vt 0.527631 0.846707
vt 0.525213 0.821824
vt 0.543048 0.833544
vt 0.536495 0.837343
vt 0.564125 0.832624
vt 0.556850 0.830956
vt 0.565945 0.828866
vt 0.540651 0.842021
vt 0.533476 0.848212
vt 0.587378 0.826721
vt 0.591793 0.835016
vt 0.569396 0.819211
vt 0.571037 0.824838
vt 0.562199 0.823216
vt 0.535945 0.892176
vt 0.543931 0.901892
vt 0.549971 0.910181
vt 0.588539 0.850225
vt 0.559466 0.837118
vt 0.555130 0.844591
vt 0.567601 0.859730
vt 0.573701 0.863403
vt 0.568630 0.867560
vt 0.576252 0.904545
vt 0.575407 0.910502
vt 0.636138 0.714816
vt 0.675834 0.734914
vt 0.675852 0.740522
vt 0.667393 0.739928
vt 0.655166 0.717686
vt 0.660862 0.714465
vt 0.660290 0.720216
vt 0.661257 0.859493
vt 0.656669 0.863277
vt 0.613215 0.847016
vt 0.620785 0.847458
vt 0.619358 0.855678
vt 0.640938 0.827698
vt 0.645926 0.823902
vt 0.647660 0.830651
vt 0.613816 0.856286
vt 0.596728 0.786769
vt 0.620003 0.793028
vt 0.643533 0.795185
vt 0.648161 0.801946
vt 0.639614 0.811503
vt 0.643212 0.816388
vt 0.639230 0.821166
vt 0.670284 0.854386
vt 0.673690 0.827909
vt 0.666707 0.862598
vt 0.669183 0.808746
vt 0.663744 0.801870
vt 0.645918 0.838184
vt 0.652418 0.839033
vt 0.654754 0.834180
vt 0.669357 0.822144
vt 0.650317 0.826651
vt 0.636474 0.850557
vt 0.639198 0.841898
vt 0.643870 0.848011
vt 0.631724 0.821384
vt 0.634670 0.826298
vt 0.640772 0.833908
vt 0.634513 0.832409
vt 0.649161 0.818928
vt 0.629873 0.837014
vt 0.629143 0.845225
vt 0.622773 0.839271
vt 0.609143 0.818193
vt 0.617172 0.823094
vt 0.650113 0.882752
vt 0.652804 0.872955
vt 0.652251 0.895624
vt 0.646998 0.876605
vt 0.607472 0.899646
vt 0.625339 0.874038
vt 0.629540 0.879529
vt 0.622532 0.877481
vt 0.617200 0.872224
vt 0.615565 0.878114
vt 0.608647 0.873403
vt 0.647486 0.918528
vt 0.638494 0.912394
vt 0.634140 0.911290
vt 0.632701 0.905984
vt 0.587516 0.892070
vt 0.582831 0.889207
vt 0.588173 0.882713
vt 0.584803 0.856500
vt 0.587932 0.898318
vt 0.616632 0.900106
vt 0.611489 0.903109
vt 0.609294 0.908642
vt 0.521076 0.760196
vt 0.530859 0.711765
vt 0.536032 0.714002
vt 0.548516 0.725725
vt 0.544133 0.730290
vt 0.524522 0.783280
vt 0.523784 0.792886
vt 0.519224 0.787411
vt 0.516643 0.794059
vt 0.513542 0.784705
vt 0.581989 0.772877
vt 0.577207 0.766452
vt 0.585925 0.738622
vt 0.577917 0.758574
vt 0.592422 0.800909
vt 0.586699 0.801238
vt 0.529270 0.817232
vt 0.581424 0.730144
vt 0.607136 0.749328
vt 0.614469 0.742274
vt 0.612555 0.750661
vt 0.603240 0.753511
vt 0.607193 0.737680
vt 0.614158 0.707678
vt 0.623251 0.727611
vt 0.603203 0.763078
vt 0.615751 0.787240
vt 0.620487 0.781320
vt 0.626543 0.786803
vt 0.686162 0.772190
vt 0.676861 0.756136
vt 0.662256 0.791275
vt 0.660791 0.783232
vt 0.680826 0.772124
vt 0.688479 0.816166
vt 0.681527 0.809297
vt 0.657911 0.804644
vt 0.659503 0.797140
vt 0.675557 0.814631
vt 0.675398 0.807698
vt 0.667032 0.815522
vt 0.513649 0.803769
vt 0.527454 0.811113
vt 0.516154 0.813567
vt 0.520562 0.807203
vt 0.534223 0.811359
vt 0.549383 0.842972
vt 0.552802 0.854710
vt 0.546401 0.861335
vt 0.547554 0.851482
vt 0.582073 0.813303
vt 0.581364 0.805818
vt 0.533209 0.887275
vt 0.579093 0.881906
vt 0.560388 0.919999
vt 0.584628 0.847203
vt 0.581609 0.899080
vt 0.581290 0.870714
vt 0.575521 0.868489
vt 0.583722 0.863504
vt 0.576299 0.843604
vt 0.576536 0.838319
vt 0.584043 0.840131
vt 0.581054 0.835153
vt 0.577624 0.826642
vt 0.586455 0.831889
vt 0.546469 0.891868
vt 0.550010 0.886953
vt 0.554339 0.892849
vt 0.665499 0.694669
vt 0.682545 0.734403
vt 0.688544 0.738561
vt 0.662585 0.742703
vt 0.613451 0.836120
vt 0.617873 0.816900
vt 0.606681 0.772889
vt 0.612515 0.780304
vt 0.661773 0.865785
vt 0.660559 0.853583
vt 0.653998 0.884263
vt 0.653132 0.888433
vt 0.612221 0.884682
vt 0.609564 0.879582
vt 0.609410 0.867584
vt 0.618333 0.834634
vt 0.615852 0.827826
vt 0.630363 0.932531
vt 0.642121 0.914453
vt 0.662705 0.912907
vt 0.642003 0.894831
vt 0.645768 0.891993
vt 0.649359 0.897653
vt 0.570586 0.908889
vt 0.563548 0.911732
vt 0.565823 0.903925
vt 0.571555 0.915246
vt 0.550924 0.900584
vt 0.575487 0.889304
vt 0.575943 0.896614
vt 0.570366 0.884465
vt 0.569858 0.893405
vt 0.621450 0.904691
vt 0.627845 0.910965
vt 0.618886 0.911609
vt 0.615061 0.904310
vt 0.521421 0.747412
vt 0.521930 0.752698
vt 0.518429 0.766968
vt 0.529081 0.728155
vt 0.557419 0.712907
vt 0.554311 0.720842
vt 0.516654 0.774445
vt 0.591891 0.763404
vt 0.580179 0.752468
vt 0.600433 0.800185
vt 0.596604 0.804914
vt 0.520995 0.799936
vt 0.527887 0.801940
vt 0.605428 0.743866
vt 0.624658 0.712526
vt 0.650069 0.706358
vt 0.646605 0.716293
vt 0.630021 0.716178
vt 0.609951 0.785744
vt 0.671131 0.762934
vt 0.664592 0.761578
vt 0.671168 0.753883
vt 0.675494 0.749052
vt 0.674916 0.781699
vt 0.533132 0.805210
vt 0.546972 0.825638
vt 0.553355 0.826360
vt 0.548176 0.820322
vt 0.572947 0.831339
vt 0.570865 0.835789
vt 0.563270 0.842940
vt 0.556170 0.850056
vt 0.562030 0.849662
vt 0.576900 0.818339
vt 0.562254 0.864023
vt 0.563698 0.871579
vt 0.556713 0.868271
vt 0.549205 0.868269
vt 0.554893 0.875286
vt 0.561183 0.856838
vt 0.583056 0.824408
vt 0.576355 0.810943
vt 0.537989 0.887222
vt 0.544999 0.883823
vt 0.540820 0.892253
vt 0.547046 0.923454
vt 0.566890 0.919780
vt 0.593551 0.868786
vt 0.579677 0.852424
vt 0.665349 0.714841
vt 0.672926 0.714882
vt 0.611483 0.829184
vt 0.609252 0.852077
vt 0.645829 0.855178
vt 0.650163 0.888831
vt 0.646045 0.883652
vt 0.611305 0.863022
vt 0.616507 0.889094
vt 0.626043 0.916532
vt 0.621647 0.918543
vt 0.644627 0.912225
vt 0.562485 0.879655
vt 0.563387 0.889002
vt 0.556107 0.886024
vt 0.573534 0.878951
vt 0.571186 0.873341
vt 0.521036 0.742885
vt 0.527038 0.753974
vt 0.548048 0.733828
vt 0.556317 0.729234
vt 0.523146 0.771825
vt 0.542693 0.772678
vt 0.534892 0.769361
vt 0.542415 0.766036
vt 0.576515 0.772125
vt 0.571424 0.782561
vt 0.564490 0.788964
vt 0.565976 0.782664
vt 0.561220 0.772022
vt 0.554546 0.767195
vt 0.560263 0.764449
vt 0.612768 0.734602
vt 0.622268 0.736029
vt 0.618310 0.763493
vt 0.608870 0.758377
vt 0.647011 0.724863
vt 0.638229 0.723323
vt 0.641225 0.720828
vt 0.631300 0.732388
vt 0.630687 0.725274
vt 0.665420 0.755250
vt 0.666806 0.747229
vt 0.655749 0.777036
vt 0.654424 0.783798
vt 0.652414 0.763582
vt 0.643870 0.761739
vt 0.648980 0.757001
vt 0.664123 0.771354
vt 0.657856 0.767687
vt 0.649603 0.788446
vt 0.530831 0.793250
vt 0.536263 0.799912
vt 0.539648 0.807810
vt 0.567427 0.803997
vt 0.562791 0.808575
vt 0.558312 0.799523
vt 0.540053 0.865922
vt 0.546004 0.807172
vt 0.568301 0.797346
vt 0.573944 0.803222
vt 0.557693 0.906029
vt 0.578674 0.858850
vt 0.571005 0.853816
vt 0.575485 0.849408
vt 0.569189 0.846632
vt 0.666814 0.721798
vt 0.622506 0.829685
vt 0.619153 0.841015
vt 0.629541 0.795994
vt 0.624288 0.796454
vt 0.638338 0.791773
vt 0.632788 0.790132
vt 0.623419 0.823711
vt 0.629129 0.828462
vt 0.629150 0.857241
vt 0.637752 0.861207
vt 0.634799 0.865564
vt 0.649974 0.859965
vt 0.639782 0.855511
vt 0.649287 0.892756
vt 0.635696 0.900054
vt 0.639680 0.906587
vt 0.642187 0.887760
vt 0.635348 0.884367
vt 0.635108 0.892053
vt 0.616998 0.868554
vt 0.618013 0.861495
vt 0.623532 0.867266
vt 0.627322 0.907159
vt 0.628372 0.900552
vt 0.620170 0.896480
vt 0.613389 0.840081
vt 0.629256 0.864672
vt 0.624226 0.860235
vt 0.622795 0.881560
vt 0.623044 0.889556
vt 0.623665 0.902562
vt 0.628451 0.895044
vt 0.563451 0.896243
vt 0.526858 0.760102
vt 0.532692 0.753672
vt 0.529076 0.765511
vt 0.528555 0.775462
vt 0.535100 0.732527
vt 0.526020 0.738903
vt 0.563706 0.731993
vt 0.573555 0.721121
vt 0.573889 0.732507
vt 0.569534 0.738019
vt 0.564771 0.743726
vt 0.568005 0.750057
vt 0.561295 0.748985
vt 0.530433 0.786376
vt 0.571412 0.757651
vt 0.576549 0.747228
vt 0.571457 0.743302
vt 0.616067 0.757418
vt 0.629550 0.752649
vt 0.636681 0.755353
vt 0.621145 0.742000
vt 0.649121 0.720467
vt 0.655434 0.723316
vt 0.645932 0.738461
vt 0.639999 0.732039
vt 0.630575 0.775089
vt 0.635837 0.771798
vt 0.640754 0.779040
vt 0.632365 0.783303
vt 0.672116 0.743464
vt 0.547595 0.813155
vt 0.536954 0.775293
vt 0.543523 0.779366
vt 0.551345 0.782203
vt 0.560415 0.793834
vt 0.549322 0.799236
vt 0.573447 0.790649
vt 0.535470 0.781683
vt 0.553658 0.802575
vt 0.555756 0.790396
vt 0.543986 0.846582
vt 0.552923 0.817472
vt 0.556902 0.820887
vt 0.564965 0.814455
vt 0.569776 0.810167
vt 0.568116 0.791922
vt 0.559717 0.814624
vt 0.557124 0.809288
vt 0.550859 0.774057
vt 0.556640 0.775825
vt 0.560317 0.786313
vt 0.556314 0.912661
vt 0.629109 0.887048
vt 0.643062 0.901124
vt 0.656453 0.907044
vt 0.557440 0.899413
vt 0.541309 0.730399
vt 0.541077 0.737753
vt 0.563240 0.737630
vt 0.552933 0.733689
vt 0.655939 0.734500
vt 0.653812 0.742252
vt 0.624414 0.763712
vt 0.626456 0.780303
vt 0.636499 0.729262
vt 0.628926 0.768471
vt 0.634818 0.765482
vt 0.640270 0.766495
vt 0.624325 0.852761
vt 0.634133 0.815681
vt 0.555724 0.861237
vt 0.548128 0.742480
vt 0.554486 0.742883
vt 0.534014 0.758832
vt 0.556961 0.737975
vt 0.563397 0.756368
vt 0.557371 0.754227
vt 0.539393 0.761248
vt 0.555872 0.759542
vt 0.560327 0.780300
vt 0.548020 0.754542
vt 0.548619 0.761887
vt 0.546104 0.737316
vt 0.554992 0.748511
vt 0.548619 0.748360
vt 0.542467 0.748653
vt 0.630049 0.739114
vt 0.647682 0.729605
vt 0.540414 0.755306
vt 0.548250 0.768417
vt 0.645381 0.750897
vt 0.660942 0.751014
vt 0.658989 0.745403
vt 0.650033 0.770340
vt 0.653371 0.751588
vt 0.653121 0.727463
vt 0.647825 0.745541
vt 0.642206 0.756048
vt 0.657863 0.757960
vt 0.646974 0.779708
vt 0.641884 0.772361
vt 0.630362 0.851270
vt 0.630475 0.759946
vt 0.551687 0.807958
vt 0.644158 0.785585
vt 0.649538 0.795088
vt 0.638187 0.785098
vt 0.628084 0.801909
vt 0.653751 0.799726
vt 0.652546 0.805788
vt 0.661423 0.810067
vt 0.645416 0.811795
vt 0.655017 0.811537
vt 0.656755 0.818466
vn 0.000000 -1.000000 0.000000
vn 0.000000 -1.000000 0.000000
vn 0.000000 -1.000000 0.000000
vn -0.007143 -0.999974 -0.000512
vn 0.000000 -1.000000 0.000000
vn 0.000000 -1.000000 0.000000
vn -0.428979 -0.890840 0.149606
vn -0.015301 -0.999883 0.000198
vn -0.097807 -0.990714 0.094438
vn 0.000000 -1.000000 0.000000
vn 0.079884 -0.996797 0.003857
vn 0.070050 -0.997478 -0.011419
vn -0.007143 -0.999974 -0.000512
vn 0.000000 -1.000000 0.000000
vn -0.015301 -0.999883 0.000198
vn -0.428979 -0.890840 0.149606
vn -0.387165 -0.893974 -0.225643
vn -0.381959 -0.924178 0.001573
vn 0.788800 -0.481728 0.381749
vn 0.805980 -0.420659 0.416464
vn 0.847898 0.484779 0.214613
vn 0.000000 -1.000000 0.000000
vn 0.000000 -1.000000 0.000000
vn 0.000000 -1.000000 0.000000
vn 0.000083 -1.000000 -0.000238
vn 0.000000 -1.000000 0.000000
vn 0.070050 -0.997478 -0.011419
vn 0.403259 -0.912874 -0.063582
vn 0.540147 -0.839256 -0.062367
vn 0.283068 -0.958291 -0.039390
vn -0.015301 -0.999883 0.000198
vn -0.381959 -0.924178 0.001573
vn -0.007143 -0.999974 -0.000512
vn -0.064465 -0.988120 -0.139511
vn -0.256268 -0.960075 0.112171
vn -0.131637 -0.989921 -0.052224
vn -0.022286 -0.999514 0.021809
vn -0.000026 -1.000000 0.000049
vn -0.000087 -1.000000 0.000053
vn 0.353353 -0.935238 -0.021712
vn 0.070050 -0.997478 -0.011419
vn 0.079884 -0.996797 0.003857
vn 0.039935 -0.999178 -0.006997
vn 0.070050 -0.997478 -0.011419
vn 0.283068 -0.958291 -0.039390
vn 0.078553 0.985482 -0.150518
vn 0.200131 0.939814 0.276943
vn 0.247838 0.952426 0.177374
vn -0.466258 -0.868250 -0.169547
vn -0.007143 -0.999974 -0.000512
vn -0.381959 -0.924178 0.001573
vn -0.440827 0.835614 -0.327751
vn -0.721814 0.686921 -0.084405
vn -0.612964 0.789481 0.031543
vn 0.216467 0.965984 -0.141483
vn 0.109176 0.974775 -0.194664
vn -0.009760 0.959855 -0.280327
vn 0.407879 -0.912774 -0.021856
vn 0.283068 -0.958291 -0.039390
vn 0.749738 -0.659103 0.058960
vn -0.000002 -1.000000 0.000075
vn -0.015301 -0.999883 0.000198
vn 0.000000 -1.000000 0.000000
vn 0.039935 -0.999178 -0.006997
vn 0.000083 -1.000000 -0.000238
vn 0.070050 -0.997478 -0.011419
vn -0.702240 -0.711537 0.023963
vn -0.581557 -0.813403 0.012895
vn -0.689318 -0.724448 -0.003891
vn -0.000150 -1.000000 -0.000262
vn 0.000000 -1.000000 0.000000
vn 0.000083 -1.000000 -0.000238
vn 0.063269 0.950889 0.302998
vn 0.176327 0.888970 0.422659
vn 0.107351 0.946148 0.305416
vn -0.192631 -0.969756 -0.149889
vn -0.581557 -0.813403 0.012895
vn 0.124273 -0.935873 -0.329695
vn -0.000087 -1.000000 0.000053
vn -0.000026 -1.000000 0.000049
vn 0.000000 -1.000000 0.000000
vn -0.689318 -0.724448 -0.003891
vn -0.414662 -0.909779 -0.018918
vn -0.653641 -0.746786 -0.122736
vn -0.428979 -0.890840 0.149606
vn -0.345834 -0.932573 0.103476
vn -0.387165 -0.893974 -0.225643
vn -0.494739 -0.858303 0.136197
vn -0.503481 -0.863660 -0.024452
vn -0.171938 -0.984590 0.031937
vn -0.653641 -0.746786 -0.122736
vn -0.503481 -0.863660 -0.024452
vn -0.494739 -0.858303 0.136197
vn -0.176139 -0.983202 0.047852
vn -0.216327 -0.962017 -0.166510
vn 0.360627 -0.921007 0.147290
vn -0.007276 0.954319 -0.298701
vn -0.010642 0.969089 -0.246483
vn 0.073811 0.907721 -0.413032
vn -0.399802 -0.838281 0.370733
vn -0.547719 -0.333681 0.767242
vn -0.707549 0.407020 0.577676
vn -0.009760 0.959855 -0.280327
vn 0.078553 0.985482 -0.150518
vn -0.164088 0.983804 -0.072148
vn 0.000000 -1.000000 0.000000
vn 0.000000 -1.000000 0.000000
vn 0.000000 -1.000000 0.000000
vn 0.294024 -0.933716 -0.204265
vn 0.584500 0.000930 -0.811393
vn 0.535119 0.154436 -0.830541
vn 0.073811 0.907721 -0.413032
vn -0.074343 0.871777 -0.484230
vn -0.260048 0.919247 -0.295566
vn 0.864921 -0.229578 0.446324
vn -0.679147 0.719497 0.145201
vn 0.900562 -0.039011 0.432974
vn -0.260048 0.919247 -0.295566
vn -0.416911 0.845484 -0.333679
vn -0.660765 0.688917 0.297966
vn 0.073811 0.907721 -0.413032
vn -0.010642 0.969089 -0.246483
vn -0.074343 0.871777 -0.484230
vn -0.621380 0.774168 0.120630
vn -0.152662 0.984759 0.083332
vn -0.612964 0.789481 0.031543
vn -0.494739 -0.858303 0.136197
vn -0.399802 -0.838281 0.370733
vn -0.707549 0.407020 0.577676
vn 0.070050 -0.997478 -0.011419
vn 0.000000 -1.000000 0.000000
vn 0.000000 -1.000000 0.000000
vn -0.660765 0.688917 0.297966
vn -0.416911 0.845484 -0.333679
vn -0.730211 0.683067 -0.014499
vn 0.864921 -0.229578 0.446324
vn 0.878163 -0.465073 0.111969
vn -0.533001 0.619411 0.576403
vn -0.660765 0.688917 0.297966
vn -0.730211 0.683067 -0.014499
vn -0.664577 0.685378 0.297647
vn 0.000000 -1.000000 0.000000
vn 0.000000 -1.000000 0.000000
vn 0.000000 -1.000000 0.000000
vn 0.295497 0.949671 -0.103958
vn 0.341988 0.935932 0.084119
vn 0.147582 0.978009 -0.147368
vn -0.679147 0.719497 0.145201
vn -0.533001 0.619411 0.576403
vn -0.914123 0.364660 0.177206
vn -0.244375 0.959096 -0.142886
vn -0.534574 0.818766 -0.209411
vn -0.440827 0.835614 -0.327751
vn -0.612964 0.789481 0.031543
vn -0.152662 0.984759 0.083332
vn -0.384005 0.910472 -0.153561
vn 0.295497 0.949671 -0.103958
vn 0.216467 0.965984 -0.141483
vn 0.192596 0.926758 -0.322532
vn -0.009760 0.959855 -0.280327
vn 0.109176 0.974775 -0.194664
vn 0.078553 0.985482 -0.150518
vn -0.384005 0.910472 -0.153561
vn -0.440827 0.835614 -0.327751
vn -0.612964 0.789481 0.031543
vn 0.295497 0.949671 -0.103958
vn 0.134438 0.921856 -0.363467
vn -0.046040 0.998940 0.000086
vn -0.152662 0.984759 0.083332
vn 0.049972 0.993264 0.104549
vn -0.244375 0.959096 -0.142886
vn 0.058054 0.957731 -0.281746
vn 0.109176 0.974775 -0.194664
vn 0.295497 0.949671 -0.103958
vn 0.000000 -1.000000 0.000000
vn -0.007143 -0.999974 -0.000512
vn -0.383702 -0.861010 -0.333818
vn -0.914123 0.364660 0.177206
vn -0.899205 0.426380 0.098133
vn -0.721814 0.686921 -0.084405
vn -0.679147 0.719497 0.145201
vn -0.721814 0.686921 -0.084405
vn -0.278098 0.950619 -0.137786
vn -0.394963 0.917829 -0.039926
vn -0.471863 0.876667 0.093811
vn -0.461431 0.857138 -0.228902
vn -0.688760 -0.413668 -0.595389
vn -0.212953 0.874581 -0.435614
vn 0.354766 0.928776 -0.107310
vn 0.353353 -0.935238 -0.021712
vn 0.403259 -0.912874 -0.063582
vn 0.070050 -0.997478 -0.011419
vn 0.192596 0.926758 -0.322532
vn 0.134438 0.921856 -0.363467
vn 0.295497 0.949671 -0.103958
vn -0.381959 -0.924178 0.001573
vn -0.387165 -0.893974 -0.225643
vn -0.166298 -0.975214 0.145951
vn 0.749738 -0.659103 0.058960
vn 0.665952 -0.742065 -0.076472
vn 0.878163 -0.465073 0.111969
vn -0.383702 -0.861010 -0.333818
vn -0.394963 0.917829 -0.039926
vn -0.461431 0.857138 -0.228902
vn -0.152662 0.984759 0.083332
vn -0.621380 0.774168 0.120630
vn -0.164088 0.983804 -0.072148
vn 0.124273 -0.935873 -0.329695
vn -0.581557 -0.813403 0.012895
vn -0.176139 -0.983202 0.047852
vn -0.133292 -0.949653 -0.283534
vn -0.212461 -0.957290 -0.196100
vn -0.156142 -0.976838 -0.146315
vn -0.621380 0.774168 0.120630
vn -0.612964 0.789481 0.031543
vn -0.899205 0.426380 0.098133
vn 0.000000 -1.000000 0.000000
vn -0.007143 -0.999974 -0.000512
vn 0.000000 -1.000000 0.000000
vn 0.000000 -1.000000 0.000000
vn -0.000026 -1.000000 0.000049
vn -0.000002 -1.000000 0.000075
vn 0.554590 0.827135 0.090982
vn 0.846949 0.449444 -0.284039
vn 0.438470 0.895003 0.081937
vn 0.222759 -0.972909 0.061859
vn -0.026304 -0.826999 0.561588
vn 0.041109 -0.884029 0.465621
vn 0.017267 0.968392 -0.248836
vn 0.032588 0.953700 -0.298990
vn 0.176327 0.888970 0.422659
vn 0.017267 0.968392 -0.248836
vn 0.147582 0.978009 -0.147368
vn 0.032588 0.953700 -0.298990
vn 0.247838 0.952426 0.177374
vn 0.049972 0.993264 0.104549
vn -0.152662 0.984759 0.083332
vn 0.847898 0.484779 0.214613
vn 0.869278 0.483130 0.104597
vn 0.211664 0.924514 -0.316972
vn -0.166393 -0.985952 0.014533
vn -0.671082 -0.730814 -0.124742
vn -0.702240 -0.711537 0.023963
vn -0.491850 -0.870428 0.020950
vn -0.688760 -0.413668 -0.595389
vn -0.771535 -0.614457 -0.164850
vn 0.665952 -0.742065 -0.076472
vn 0.540147 -0.839256 -0.062367
vn 0.403259 -0.912874 -0.063582
vn 0.001298 0.999956 -0.009335
vn -0.193120 0.976580 -0.094850
vn 0.049972 0.993264 0.104549
vn 0.041114 -0.998162 0.044529
vn 0.039935 -0.999178 -0.006997
vn 0.407879 -0.912774 -0.021856
vn -0.156142 -0.976838 -0.146315
vn -0.092499 -0.994712 -0.044623
vn -0.019268 -0.999370 -0.029813
vn 0.236741 0.962504 -0.132438
vn 0.443286 0.758657 -0.477428
vn 0.054310 0.998227 0.024341
vn -0.486621 -0.848842 -0.206562
vn -0.304531 -0.849441 -0.430942
vn 0.034277 -0.919221 -0.392246
vn -0.285147 -0.916329 -0.281128
vn -0.326924 -0.939370 -0.103462
vn -0.212461 -0.957290 -0.196100
vn 0.032656 -0.999459 0.003943
vn 0.002611 -0.999988 0.004263
vn -0.000394 -1.000000 0.000035
vn 0.000000 -1.000000 0.000000
vn 0.000000 -1.000000 0.000000
vn -0.000026 -1.000000 0.000049
vn 0.554590 0.827135 0.090982
vn 0.381513 0.920844 -0.080591
vn 0.676395 0.247825 -0.693594
vn -0.771535 -0.614457 -0.164850
vn -0.581557 -0.813403 0.012895
vn -0.671082 -0.730814 -0.124742
vn -0.000026 -1.000000 0.000049
vn 0.000000 -1.000000 0.000000
vn 0.000000 -1.000000 0.000000
vn 0.000000 -1.000000 0.000000
vn 0.000000 -1.000000 0.000000
vn 0.000000 -1.000000 0.000000
vn -0.899205 0.426380 0.098133
vn -0.612964 0.789481 0.031543
vn -0.721814 0.686921 -0.084405
vn -0.466258 -0.868250 -0.169547
vn -0.383702 -0.861010 -0.333818
vn -0.007143 -0.999974 -0.000512
vn 0.134438 0.921856 -0.363467
vn -0.568662 -0.025961 -0.822162
vn -0.461431 0.857138 -0.228902
vn 0.079884 -0.996797 0.003857
vn 0.000000 -1.000000 0.000000
vn 0.000000 -1.000000 0.000000
vn 0.000000 -1.000000 0.000000
vn 0.000000 -1.000000 0.000000
vn 0.000000 -1.000000 0.000000
vn 0.665952 -0.742065 -0.076472
vn 0.403259 -0.912874 -0.063582
vn 0.353353 -0.935238 -0.021712
vn 0.283068 -0.958291 -0.039390
vn 0.070050 -0.997478 -0.011419
vn 0.403259 -0.912874 -0.063582
vn 0.864921 -0.229578 0.446324
vn 0.749738 -0.659103 0.058960
vn 0.878163 -0.465073 0.111969
vn 0.749738 -0.659103 0.058960
vn 0.900562 -0.039011 0.432974
vn 0.866676 -0.265957 0.422066
vn -0.679147 0.719497 0.145201
vn 0.864921 -0.229578 0.446324
vn -0.533001 0.619411 0.576403
vn 0.749738 -0.659103 0.058960
vn 0.864921 -0.229578 0.446324
vn 0.900562 -0.039011 0.432974
vn -0.568662 -0.025961 -0.822162
vn 0.134438 0.921856 -0.363467
vn 0.192596 0.926758 -0.322532
vn 0.134438 0.921856 -0.363467
vn -0.461431 0.857138 -0.228902
vn -0.046040 0.998940 0.000086
vn 0.078553 0.985482 -0.150518
vn 0.058054 0.957731 -0.281746
vn 0.017267 0.968392 -0.248836
vn -0.152662 0.984759 0.083332
vn -0.164088 0.983804 -0.072148
vn 0.078553 0.985482 -0.150518
vn 0.295497 0.949671 -0.103958
vn 0.109176 0.974775 -0.194664
vn 0.216467 0.965984 -0.141483
vn 0.078553 0.985482 -0.150518
vn 0.109176 0.974775 -0.194664
vn 0.058054 0.957731 -0.281746
vn -0.022286 -0.999514 0.021809
vn -0.000002 -1.000000 0.000075
vn -0.000026 -1.000000 0.000049
vn -0.015301 -0.999883 0.000198
vn -0.000002 -1.000000 0.000075
vn -0.097807 -0.990714 0.094438
vn 0.049972 0.993264 0.104549
vn 0.247838 0.952426 0.177374
vn 0.200131 0.939814 0.276943
vn -0.152662 0.984759 0.083332
vn 0.078553 0.985482 -0.150518
vn 0.247838 0.952426 0.177374
vn 0.063269 0.950889 0.302998
vn 0.107351 0.946148 0.305416
vn 0.001298 0.999956 -0.009335
vn -0.244375 0.959096 -0.142886
vn 0.049972 0.993264 0.104549
vn -0.193120 0.976580 -0.094850
vn -0.192631 -0.969756 -0.149889
vn -0.414662 -0.909779 -0.018918
vn -0.689318 -0.724448 -0.003891
vn -0.653641 -0.746786 -0.122736
vn -0.702240 -0.711537 0.023963
vn -0.689318 -0.724448 -0.003891
vn -0.097807 -0.990714 0.094438
vn -0.345834 -0.932573 0.103476
vn -0.428979 -0.890840 0.149606
vn -0.006831 -0.999977 0.000601
vn -0.157956 -0.960790 0.227889
vn -0.171938 -0.984590 0.031937
vn -0.192631 -0.969756 -0.149889
vn -0.689318 -0.724448 -0.003891
vn -0.581557 -0.813403 0.012895
vn -0.414662 -0.909779 -0.018918
vn 0.034178 -0.998960 -0.030191
vn -0.171938 -0.984590 0.031937
vn -0.688760 -0.413668 -0.595389
vn -0.166393 -0.985952 0.014533
vn -0.212953 0.874581 -0.435614
vn -0.581557 -0.813403 0.012895
vn -0.702240 -0.711537 0.023963
vn -0.671082 -0.730814 -0.124742
vn 0.327691 0.944600 0.018682
vn -0.212953 0.874581 -0.435614
vn 0.381513 0.920844 -0.080591
vn 0.254616 0.274570 -0.927244
vn 0.020517 -0.845629 -0.533376
vn -0.162764 0.495837 -0.853026
vn -0.491850 -0.870428 0.020950
vn -0.166393 -0.985952 0.014533
vn -0.688760 -0.413668 -0.595389
vn -0.771535 -0.614457 -0.164850
vn -0.470224 -0.241426 -0.848883
vn -0.216327 -0.962017 -0.166510
vn 0.000083 -1.000000 -0.000238
vn 0.000200 -1.000000 -0.000430
vn -0.000150 -1.000000 -0.000262
vn -0.005339 -0.908419 0.418027
vn 0.086727 -0.912808 0.399074
vn -0.044171 -0.933847 0.354934
vn -0.001166 0.999986 -0.005137
vn 0.001298 0.999956 -0.009335
vn 0.140202 0.990081 0.009111
vn -0.065056 0.922436 -0.380631
vn 0.025755 0.999006 0.036387
vn -0.181844 0.983324 -0.002762
vn -0.023232 -0.999725 -0.003156
vn -0.122334 -0.992488 0.001697
vn -0.189536 -0.981870 -0.002695
vn -0.058481 -0.987487 -0.146459
vn -0.156142 -0.976838 -0.146315
vn -0.019268 -0.999370 -0.029813
vn 0.360627 -0.921007 0.147290
vn -0.387165 -0.893974 -0.225643
vn 0.124273 -0.935873 -0.329695
vn -0.471863 0.876667 0.093811
vn 0.254616 0.274570 -0.927244
vn 0.296853 0.928002 -0.225144
vn 0.000083 -1.000000 -0.000238
vn 0.039935 -0.999178 -0.006997
vn 0.000200 -1.000000 -0.000430
vn -0.000150 -1.000000 -0.000262
vn -0.035109 -0.999335 -0.009807
vn -0.022286 -0.999514 0.021809
vn 0.188244 -0.944994 0.267489
vn 0.032656 -0.999459 0.003943
vn 0.015589 -0.999611 0.023141
vn -0.035109 -0.999335 -0.009807
vn -0.000150 -1.000000 -0.000262
vn 0.000200 -1.000000 -0.000430
vn 0.367960 -0.913213 0.175062
vn 0.846017 0.023397 0.532642
vn 0.671414 -0.538291 0.509359
vn -0.440827 0.835614 -0.327751
vn -0.278098 0.950619 -0.137786
vn -0.721814 0.686921 -0.084405
vn -0.394963 0.917829 -0.039926
vn -0.466258 -0.868250 -0.169547
vn -0.166298 -0.975214 0.145951
vn -0.471863 0.876667 0.093811
vn -0.394963 0.917829 -0.039926
vn 0.060869 0.768111 -0.637417
vn 0.296853 0.928002 -0.225144
vn 0.032588 0.953700 -0.298990
vn 0.147582 0.978009 -0.147368
vn 0.150236 0.940663 0.304275
vn 0.107351 0.946148 0.305416
vn 0.176327 0.888970 0.422659
vn -0.015301 -0.999883 0.000198
vn -0.428979 -0.890840 0.149606
vn -0.381959 -0.924178 0.001573
vn -0.097807 -0.990714 0.094438
vn -0.256268 -0.960075 0.112171
vn -0.345834 -0.932573 0.103476
vn -0.022286 -0.999514 0.021809
vn -0.131637 -0.989921 -0.052224
vn -0.256268 -0.960075 0.112171
vn -0.192631 -0.969756 -0.149889
vn 0.224526 -0.898643 -0.376868
vn 0.220215 -0.938025 -0.267608
vn 0.665952 -0.742065 -0.076472
vn 0.749738 -0.659103 0.058960
vn 0.540147 -0.839256 -0.062367
vn 0.283068 -0.958291 -0.039390
vn 0.540147 -0.839256 -0.062367
vn 0.749738 -0.659103 0.058960
vn 0.001298 0.999956 -0.009335
vn 0.049972 0.993264 0.104549
vn 0.063269 0.950889 0.302998
vn 0.051596 0.998045 0.035286
vn -0.069228 0.991435 -0.110740
vn -0.094461 0.981653 -0.165632
vn -0.534574 0.818766 -0.209411
vn -0.244375 0.959096 -0.142886
vn -0.193120 0.976580 -0.094850
vn -0.152662 0.984759 0.083332
vn -0.244375 0.959096 -0.142886
vn -0.384005 0.910472 -0.153561
vn -0.016542 -0.999082 -0.039515
vn 0.000858 -0.996545 -0.083057
vn -0.131637 -0.989921 -0.052224
vn -0.209454 -0.956522 0.202967
vn -0.001333 -0.999998 0.001718
vn -0.024618 -0.998322 0.052406
vn 0.224526 -0.898643 -0.376868
vn -0.192631 -0.969756 -0.149889
vn 0.124273 -0.935873 -0.329695
vn 0.034178 -0.998960 -0.030191
vn -0.414662 -0.909779 -0.018918
vn -0.192631 -0.969756 -0.149889
vn -0.387165 -0.893974 -0.225643
vn 0.224526 -0.898643 -0.376868
vn 0.124273 -0.935873 -0.329695
vn 0.220215 -0.938025 -0.267608
vn 0.224526 -0.898643 -0.376868
vn -0.064465 -0.988120 -0.139511
vn -0.064465 -0.988120 -0.139511
vn 0.224526 -0.898643 -0.376868
vn -0.345834 -0.932573 0.103476
vn -0.387165 -0.893974 -0.225643
vn -0.345834 -0.932573 0.103476
vn 0.224526 -0.898643 -0.376868
vn 0.092635 -0.973410 -0.209503
vn -0.064465 -0.988120 -0.139511
vn -0.131637 -0.989921 -0.052224
vn -0.192631 -0.969756 -0.149889
vn 0.220215 -0.938025 -0.267608
vn 0.034178 -0.998960 -0.030191
vn -0.006831 -0.999977 0.000601
vn 0.034178 -0.998960 -0.030191
vn 0.000858 -0.996545 -0.083057
vn -0.399802 -0.838281 0.370733
vn -0.171938 -0.984590 0.031937
vn -0.157956 -0.960790 0.227889
vn -0.653641 -0.746786 -0.122736
vn -0.414662 -0.909779 -0.018918
vn -0.503481 -0.863660 -0.024452
vn -0.171938 -0.984590 0.031937
vn -0.503481 -0.863660 -0.024452
vn -0.414662 -0.909779 -0.018918
vn -0.304531 -0.849441 -0.430942
vn 0.846949 0.449444 -0.284039
vn 0.676395 0.247825 -0.693594
vn -0.121716 0.989307 0.080357
vn 0.025755 0.999006 0.036387
vn 0.548388 0.815773 0.183807
vn -0.470224 -0.241426 -0.848883
vn 0.073378 -0.927627 -0.366229
vn -0.216327 -0.962017 -0.166510
vn 0.344167 -0.911659 0.224561
vn 0.073378 -0.927627 -0.366229
vn -0.166298 -0.975214 0.145951
vn -0.212953 0.874581 -0.435614
vn 0.327691 0.944600 0.018682
vn 0.354766 0.928776 -0.107310
vn -0.470224 -0.241426 -0.848883
vn -0.771535 -0.614457 -0.164850
vn -0.688760 -0.413668 -0.595389
vn -0.581557 -0.813403 0.012895
vn -0.771535 -0.614457 -0.164850
vn -0.176139 -0.983202 0.047852
vn -0.176139 -0.983202 0.047852
vn -0.771535 -0.614457 -0.164850
vn -0.216327 -0.962017 -0.166510
vn -0.547719 -0.333681 0.767242
vn -0.389539 0.864345 0.318068
vn -0.707549 0.407020 0.577676
vn -0.295260 0.914670 0.276045
vn -0.185473 0.982618 0.007908
vn -0.390789 0.836074 -0.385051
vn -0.171519 0.884269 -0.434338
vn -0.188822 0.932778 -0.307038
vn -0.262014 0.932555 -0.248373
vn 0.177573 -0.953015 0.245418
vn 0.035409 -0.991881 0.122138
vn 0.029720 -0.998692 0.041606
vn -0.058481 -0.987487 -0.146459
vn -0.273816 -0.951128 -0.142762
vn -0.133292 -0.949653 -0.283534
vn -0.315281 -0.916989 -0.244397
vn -0.368896 -0.892150 -0.260737
vn -0.273816 -0.951128 -0.142762
vn -0.221565 -0.937536 0.268208
vn -0.058481 -0.987487 -0.146459
vn -0.044171 -0.933847 0.354934
vn 0.200503 -0.744196 -0.637158
vn -0.304531 -0.849441 -0.430942
vn -0.368896 -0.892150 -0.260737
vn -0.023232 -0.999725 -0.003156
vn 0.013316 -0.999108 0.040068
vn -0.122334 -0.992488 0.001697
vn -0.122334 -0.992488 0.001697
vn 0.029720 -0.998692 0.041606
vn -0.092499 -0.994712 -0.044623
vn -0.166298 -0.975214 0.145951
vn -0.387165 -0.893974 -0.225643
vn 0.360627 -0.921007 0.147290
vn -0.166298 -0.975214 0.145951
vn 0.020517 -0.845629 -0.533376
vn 0.060869 0.768111 -0.637417
vn -0.022286 -0.999514 0.021809
vn -0.035109 -0.999335 -0.009807
vn -0.131637 -0.989921 -0.052224
vn -0.000002 -1.000000 0.000075
vn -0.022286 -0.999514 0.021809
vn -0.097807 -0.990714 0.094438
vn -0.131637 -0.989921 -0.052224
vn -0.035109 -0.999335 -0.009807
vn -0.016542 -0.999082 -0.039515
vn 0.220215 -0.938025 -0.267608
vn -0.064465 -0.988120 -0.139511
vn 0.092635 -0.973410 -0.209503
vn 0.000000 -1.000000 0.000000
vn -0.000150 -1.000000 -0.000262
vn -0.000087 -1.000000 0.000053
vn -0.022286 -0.999514 0.021809
vn -0.000087 -1.000000 0.000053
vn -0.000150 -1.000000 -0.000262
vn 0.041114 -0.998162 0.044529
vn 0.000442 -1.000000 0.000000
vn 0.039935 -0.999178 -0.006997
vn 0.000442 -1.000000 0.000000
vn 0.015589 -0.999611 0.023141
vn 0.000200 -1.000000 -0.000430
vn 0.407879 -0.912774 -0.021856
vn 0.039935 -0.999178 -0.006997
vn 0.283068 -0.958291 -0.039390
vn 0.000200 -1.000000 -0.000430
vn 0.039935 -0.999178 -0.006997
vn 0.000442 -1.000000 0.000000
vn 0.866676 -0.265957 0.422066
vn -0.133825 0.897400 0.420434
vn 0.841894 0.228407 0.488922
vn -0.441128 0.865437 -0.237540
vn -0.367083 0.909843 -0.193483
vn -0.534574 0.818766 -0.209411
vn -0.244375 0.959096 -0.142886
vn -0.440827 0.835614 -0.327751
vn -0.384005 0.910472 -0.153561
vn -0.278098 0.950619 -0.137786
vn -0.440827 0.835614 -0.327751
vn -0.534574 0.818766 -0.209411
vn -0.101243 0.991808 0.077893
vn -0.278098 0.950619 -0.137786
vn -0.367083 0.909843 -0.193483
vn 0.841894 0.228407 0.488922
vn 0.677825 -0.551997 0.485646
vn 0.866676 -0.265957 0.422066
vn -0.721814 0.686921 -0.084405
vn -0.679147 0.719497 0.145201
vn -0.914123 0.364660 0.177206
vn -0.679147 0.719497 0.145201
vn -0.101243 0.991808 0.077893
vn -0.133825 0.897400 0.420434
vn -0.461431 0.857138 -0.228902
vn -0.568662 -0.025961 -0.822162
vn -0.383702 -0.861010 -0.333818
vn 0.000000 -1.000000 0.000000
vn -0.383702 -0.861010 -0.333818
vn -0.568662 -0.025961 -0.822162
vn -0.166298 -0.975214 0.145951
vn -0.466258 -0.868250 -0.169547
vn -0.381959 -0.924178 0.001573
vn -0.383702 -0.861010 -0.333818
vn -0.466258 -0.868250 -0.169547
vn -0.394963 0.917829 -0.039926
vn -0.471863 0.876667 0.093811
vn 0.060869 0.768111 -0.637417
vn 0.254616 0.274570 -0.927244
vn -0.046040 0.998940 0.000086
vn -0.471863 0.876667 0.093811
vn 0.296853 0.928002 -0.225144
vn 0.078553 0.985482 -0.150518
vn 0.017267 0.968392 -0.248836
vn 0.200131 0.939814 0.276943
vn 0.147582 0.978009 -0.147368
vn 0.017267 0.968392 -0.248836
vn 0.058054 0.957731 -0.281746
vn 0.295497 0.949671 -0.103958
vn 0.147582 0.978009 -0.147368
vn 0.058054 0.957731 -0.281746
vn 0.296853 0.928002 -0.225144
vn 0.147582 0.978009 -0.147368
vn 0.341988 0.935932 0.084119
vn 0.296853 0.928002 -0.225144
vn 0.341988 0.935932 0.084119
vn -0.046040 0.998940 0.000086
vn 0.150236 0.940663 0.304275
vn 0.296853 0.928002 -0.225144
vn 0.243513 0.961247 -0.129251
vn 0.063269 0.950889 0.302998
vn 0.049972 0.993264 0.104549
vn 0.200131 0.939814 0.276943
vn 0.051596 0.998045 0.035286
vn -0.046494 0.998087 -0.040751
vn -0.001166 0.999986 -0.005137
vn -0.171938 -0.984590 0.031937
vn -0.399802 -0.838281 0.370733
vn -0.494739 -0.858303 0.136197
vn -0.157956 -0.960790 0.227889
vn -0.569819 -0.448382 0.688666
vn -0.547719 -0.333681 0.767242
vn -0.024618 -0.998322 0.052406
vn -0.001333 -0.999998 0.001718
vn 0.000285 -1.000000 -0.000327
vn -0.389539 0.864345 0.318068
vn -0.442075 0.581719 0.682769
vn -0.010642 0.969089 -0.246483
vn -0.157956 -0.960790 0.227889
vn -0.547719 -0.333681 0.767242
vn -0.399802 -0.838281 0.370733
vn -0.547719 -0.333681 0.767242
vn -0.569819 -0.448382 0.688666
vn -0.389539 0.864345 0.318068
vn 0.381513 0.920844 -0.080591
vn 0.034277 -0.919221 -0.392246
vn 0.676395 0.247825 -0.693594
vn 0.327691 0.944600 0.018682
vn 0.548388 0.815773 0.183807
vn 0.354766 0.928776 -0.107310
vn 0.634375 0.752346 -0.177608
vn 0.121434 0.986657 0.108451
vn 0.438470 0.895003 0.081937
vn 0.548388 0.815773 0.183807
vn 0.327691 0.944600 0.018682
vn 0.554590 0.827135 0.090982
vn 0.411023 0.904645 -0.112592
vn 0.548388 0.815773 0.183807
vn 0.025755 0.999006 0.036387
vn -0.688760 -0.413668 -0.595389
vn 0.354766 0.928776 -0.107310
vn 0.411023 0.904645 -0.112592
vn 0.381513 0.920844 -0.080591
vn 0.554590 0.827135 0.090982
vn 0.327691 0.944600 0.018682
vn 0.846949 0.449444 -0.284039
vn 0.634375 0.752346 -0.177608
vn 0.438470 0.895003 0.081937
vn 0.438470 0.895003 0.081937
vn 0.121434 0.986657 0.108451
vn -0.126492 0.963427 0.236239
vn 0.548388 0.815773 0.183807
vn 0.554590 0.827135 0.090982
vn 0.438470 0.895003 0.081937
vn 0.846949 0.449444 -0.284039
vn 0.200503 -0.744196 -0.637158
vn 0.634375 0.752346 -0.177608
vn -0.315281 -0.916989 -0.244397
vn 0.623289 0.732051 -0.274976
vn 0.200503 -0.744196 -0.637158
vn -0.176139 -0.983202 0.047852
vn 0.360627 -0.921007 0.147290
vn 0.124273 -0.935873 -0.329695
vn -0.166298 -0.975214 0.145951
vn 0.360627 -0.921007 0.147290
vn 0.344167 -0.911659 0.224561
vn -0.470224 -0.241426 -0.848883
vn -0.065056 0.922436 -0.380631
vn 0.073378 -0.927627 -0.366229
vn -0.216327 -0.962017 -0.166510
vn 0.344167 -0.911659 0.224561
vn 0.360627 -0.921007 0.147290
vn -0.771535 -0.614457 -0.164850
vn -0.671082 -0.730814 -0.124742
vn -0.491850 -0.870428 0.020950
vn -0.166393 -0.985952 0.014533
vn -0.491850 -0.870428 0.020950
vn -0.671082 -0.730814 -0.124742
vn -0.389539 0.864345 0.318068
vn -0.010642 0.969089 -0.246483
vn -0.007276 0.954319 -0.298701
vn -0.277764 0.956251 -0.091820
vn -0.074343 0.871777 -0.484230
vn -0.010642 0.969089 -0.246483
vn -0.376787 0.275728 0.884311
vn -0.413989 0.765058 0.493253
vn -0.498042 -0.277116 0.821682
vn 0.374126 0.880436 0.291310
vn 0.886665 -0.243755 0.392949
vn 0.924388 -0.000943 0.381453
vn 0.124100 0.984762 0.121831
vn -0.664577 0.685378 0.297647
vn -0.649833 0.756435 -0.074319
vn 0.378298 -0.897838 0.225341
vn 0.177573 -0.953015 0.245418
vn 0.029720 -0.998692 0.041606
vn -0.486621 -0.848842 -0.206562
vn -0.285147 -0.916329 -0.281128
vn -0.380540 -0.882152 -0.277484
vn 0.846949 0.449444 -0.284039
vn -0.304531 -0.849441 -0.430942
vn 0.200503 -0.744196 -0.637158
vn -0.380540 -0.882152 -0.277484
vn -0.304531 -0.849441 -0.430942
vn -0.486621 -0.848842 -0.206562
vn -0.368896 -0.892150 -0.260737
vn -0.380540 -0.882152 -0.277484
vn -0.212461 -0.957290 -0.196100
vn -0.326924 -0.939370 -0.103462
vn -0.189536 -0.981870 -0.002695
vn -0.286325 -0.958017 -0.014864
vn -0.368896 -0.892150 -0.260737
vn -0.212461 -0.957290 -0.196100
vn -0.133292 -0.949653 -0.283534
vn -0.286325 -0.958017 -0.014864
vn -0.212461 -0.957290 -0.196100
vn -0.326924 -0.939370 -0.103462
vn -0.156142 -0.976838 -0.146315
vn -0.286325 -0.958017 -0.014864
vn -0.122334 -0.992488 0.001697
vn 0.013316 -0.999108 0.040068
vn -0.023232 -0.999725 -0.003156
vn 0.221154 -0.970047 0.100500
vn -0.156142 -0.976838 -0.146315
vn -0.122334 -0.992488 0.001697
vn -0.092499 -0.994712 -0.044623
vn 0.650281 -0.712606 0.263301
vn 0.378298 -0.897838 0.225341
vn 0.221154 -0.970047 0.100500
vn 0.805980 -0.420659 0.416464
vn 0.788800 -0.481728 0.381749
vn 0.378298 -0.897838 0.225341
vn -0.345834 -0.932573 0.103476
vn -0.256268 -0.960075 0.112171
vn -0.064465 -0.988120 -0.139511
vn -0.022286 -0.999514 0.021809
vn -0.256268 -0.960075 0.112171
vn -0.097807 -0.990714 0.094438
vn -0.000394 -1.000000 0.000035
vn -0.000287 -1.000000 0.000097
vn 0.015589 -0.999611 0.023141
vn -0.412044 -0.623179 0.664731
vn -0.498042 -0.277116 0.821682
vn -0.536181 0.417230 0.733777
vn 0.001394 -0.999805 0.019708
vn 0.002611 -0.999988 0.004263
vn 0.118109 -0.987221 0.106985
vn 0.367960 -0.913213 0.175062
vn 0.118109 -0.987221 0.106985
vn 0.032656 -0.999459 0.003943
vn -0.441128 0.865437 -0.237540
vn -0.170022 0.974696 -0.145122
vn -0.376524 0.892958 -0.246689
vn -0.094461 0.981653 -0.165632
vn -0.175241 0.875313 -0.450687
vn -0.171519 0.884269 -0.434338
vn -0.367083 0.909843 -0.193483
vn -0.278098 0.950619 -0.137786
vn -0.534574 0.818766 -0.209411
vn -0.679147 0.719497 0.145201
vn -0.278098 0.950619 -0.137786
vn -0.101243 0.991808 0.077893
vn -0.133825 0.897400 0.420434
vn 0.373378 0.926402 0.048671
vn 0.841894 0.228407 0.488922
vn 0.846017 0.023397 0.532642
vn 0.188244 -0.944994 0.267489
vn 0.677825 -0.551997 0.485646
vn -0.166298 -0.975214 0.145951
vn 0.060869 0.768111 -0.637417
vn -0.394963 0.917829 -0.039926
vn 0.254616 0.274570 -0.927244
vn 0.060869 0.768111 -0.637417
vn 0.020517 -0.845629 -0.533376
vn 0.020517 -0.845629 -0.533376
vn 0.073378 -0.927627 -0.366229
vn -0.162764 0.495837 -0.853026
vn 0.296853 0.928002 -0.225144
vn 0.254616 0.274570 -0.927244
vn 0.243513 0.961247 -0.129251
vn -0.688760 -0.413668 -0.595389
vn 0.411023 0.904645 -0.112592
vn -0.470224 -0.241426 -0.848883
vn 0.254616 0.274570 -0.927244
vn -0.162764 0.495837 -0.853026
vn -0.086204 0.888627 -0.450457
vn -0.046040 0.998940 0.000086
vn 0.341988 0.935932 0.084119
vn 0.295497 0.949671 -0.103958
vn -0.461431 0.857138 -0.228902
vn -0.471863 0.876667 0.093811
vn -0.046040 0.998940 0.000086
vn 0.176327 0.888970 0.422659
vn 0.200131 0.939814 0.276943
vn 0.017267 0.968392 -0.248836
vn 0.075620 0.926441 0.368767
vn 0.150236 0.940663 0.304275
vn 0.243513 0.961247 -0.129251
vn -0.170022 0.974696 -0.145122
vn -0.262014 0.932555 -0.248373
vn -0.376524 0.892958 -0.246689
vn -0.001166 0.999986 -0.005137
vn -0.170022 0.974696 -0.145122
vn 0.001298 0.999956 -0.009335
vn -0.304531 -0.849441 -0.430942
vn 0.676395 0.247825 -0.693594
vn 0.034277 -0.919221 -0.392246
vn 0.554590 0.827135 0.090982
vn 0.676395 0.247825 -0.693594
vn 0.846949 0.449444 -0.284039
vn -0.389539 0.864345 0.318068
vn -0.007276 0.954319 -0.298701
vn -0.707549 0.407020 0.577676
vn -0.442075 0.581719 0.682769
vn -0.389539 0.864345 0.318068
vn -0.569819 -0.448382 0.688666
vn -0.157956 -0.960790 0.227889
vn -0.209454 -0.956522 0.202967
vn -0.569819 -0.448382 0.688666
vn -0.277764 0.956251 -0.091820
vn -0.442075 0.581719 0.682769
vn -0.536181 0.417230 0.733777
vn -0.010642 0.969089 -0.246483
vn -0.442075 0.581719 0.682769
vn -0.277764 0.956251 -0.091820
vn -0.416911 0.845484 -0.333679
vn -0.074343 0.871777 -0.484230
vn -0.390789 0.836074 -0.385051
vn -0.074343 0.871777 -0.484230
vn -0.416911 0.845484 -0.333679
vn -0.260048 0.919247 -0.295566
vn -0.390789 0.836074 -0.385051
vn -0.649833 0.756435 -0.074319
vn -0.730211 0.683067 -0.014499
vn 0.694326 0.568861 0.440804
vn 0.886665 -0.243755 0.392949
vn 0.374126 0.880436 0.291310
vn 0.924388 -0.000943 0.381453
vn 0.847898 0.484779 0.214613
vn 0.124100 0.984762 0.121831
vn -0.390789 0.836074 -0.385051
vn -0.730211 0.683067 -0.014499
vn -0.416911 0.845484 -0.333679
vn -0.664577 0.685378 0.297647
vn -0.730211 0.683067 -0.014499
vn -0.649833 0.756435 -0.074319
vn 0.124100 0.984762 0.121831
vn 0.847898 0.484779 0.214613
vn 0.211664 0.924514 -0.316972
vn 0.847898 0.484779 0.214613
vn 0.924388 -0.000943 0.381453
vn 0.788800 -0.481728 0.381749
vn -0.664577 0.685378 0.297647
vn 0.124100 0.984762 0.121831
vn 0.211664 0.924514 -0.316972
vn 0.124100 0.984762 0.121831
vn -0.649833 0.756435 -0.074319
vn 0.374126 0.880436 0.291310
vn 0.413036 -0.828157 0.378889
vn 0.085285 -0.896820 0.434096
vn 0.177573 -0.953015 0.245418
vn 0.378298 -0.897838 0.225341
vn 0.029720 -0.998692 0.041606
vn 0.013316 -0.999108 0.040068
vn -0.212461 -0.957290 -0.196100
vn -0.380540 -0.882152 -0.277484
vn -0.285147 -0.916329 -0.281128
vn -0.304531 -0.849441 -0.430942
vn -0.380540 -0.882152 -0.277484
vn -0.368896 -0.892150 -0.260737
vn -0.122334 -0.992488 0.001697
vn -0.286325 -0.958017 -0.014864
vn -0.189536 -0.981870 -0.002695
vn -0.212461 -0.957290 -0.196100
vn -0.286325 -0.958017 -0.014864
vn -0.156142 -0.976838 -0.146315
vn 0.378298 -0.897838 0.225341
vn 0.013316 -0.999108 0.040068
vn 0.221154 -0.970047 0.100500
vn -0.122334 -0.992488 0.001697
vn 0.013316 -0.999108 0.040068
vn 0.029720 -0.998692 0.041606
vn 0.805980 -0.420659 0.416464
vn 0.378298 -0.897838 0.225341
vn 0.650281 -0.712606 0.263301
vn 0.413036 -0.828157 0.378889
vn 0.579035 -0.726310 0.370394
vn 0.924388 -0.000943 0.381453
vn 0.271666 -0.960921 0.053181
vn 0.690042 -0.244091 -0.681367
vn -0.221565 -0.937536 0.268208
vn -0.005339 -0.908419 0.418027
vn -0.019268 -0.999370 -0.029813
vn 0.035409 -0.991881 0.122138
vn 0.579035 -0.726310 0.370394
vn 0.378298 -0.897838 0.225341
vn 0.788800 -0.481728 0.381749
vn 0.035409 -0.991881 0.122138
vn 0.177573 -0.953015 0.245418
vn 0.085285 -0.896820 0.434096
vn 0.579035 -0.726310 0.370394
vn 0.413036 -0.828157 0.378889
vn 0.177573 -0.953015 0.245418
vn 0.924388 -0.000943 0.381453
vn 0.886665 -0.243755 0.392949
vn 0.413036 -0.828157 0.378889
vn -0.005339 -0.908419 0.418027
vn 0.035409 -0.991881 0.122138
vn 0.085285 -0.896820 0.434096
vn 0.029720 -0.998692 0.041606
vn 0.035409 -0.991881 0.122138
vn -0.092499 -0.994712 -0.044623
vn 0.294024 -0.933716 -0.204265
vn 0.535119 0.154436 -0.830541
vn 0.086727 -0.912808 0.399074
vn -0.019268 -0.999370 -0.029813
vn -0.005339 -0.908419 0.418027
vn -0.044171 -0.933847 0.354934
vn 0.086727 -0.912808 0.399074
vn -0.026304 -0.826999 0.561588
vn 0.294024 -0.933716 -0.204265
vn 0.584500 0.000930 -0.811393
vn 0.222759 -0.972909 0.061859
vn 0.441383 -0.886150 -0.141133
vn -0.058481 -0.987487 -0.146459
vn -0.019268 -0.999370 -0.029813
vn -0.044171 -0.933847 0.354934
vn 0.035409 -0.991881 0.122138
vn -0.019268 -0.999370 -0.029813
vn -0.092499 -0.994712 -0.044623
vn -0.221565 -0.937536 0.268208
vn -0.273816 -0.951128 -0.142762
vn -0.058481 -0.987487 -0.146459
vn -0.156142 -0.976838 -0.146315
vn -0.058481 -0.987487 -0.146459
vn -0.133292 -0.949653 -0.283534
vn -0.044171 -0.933847 0.354934
vn 0.271666 -0.960921 0.053181
vn -0.221565 -0.937536 0.268208
vn 0.200503 -0.744196 -0.637158
vn 0.623289 0.732051 -0.274976
vn 0.634375 0.752346 -0.177608
vn 0.690042 -0.244091 -0.681367
vn 0.623289 0.732051 -0.274976
vn -0.315281 -0.916989 -0.244397
vn -0.368896 -0.892150 -0.260737
vn -0.133292 -0.949653 -0.283534
vn -0.273816 -0.951128 -0.142762
vn 0.268163 0.957162 -0.109227
vn 0.690042 -0.244091 -0.681367
vn 0.236741 0.962504 -0.132438
vn 0.121434 0.986657 0.108451
vn 0.634375 0.752346 -0.177608
vn 0.623289 0.732051 -0.274976
vn -0.026304 -0.826999 0.561588
vn -0.005339 -0.908419 0.418027
vn 0.085285 -0.896820 0.434096
vn 0.535119 0.154436 -0.830541
vn 0.443286 0.758657 -0.477428
vn 0.271666 -0.960921 0.053181
vn 0.271666 -0.960921 0.053181
vn -0.044171 -0.933847 0.354934
vn 0.086727 -0.912808 0.399074
vn 0.690042 -0.244091 -0.681367
vn -0.273816 -0.951128 -0.142762
vn -0.221565 -0.937536 0.268208
vn -0.368896 -0.892150 -0.260737
vn -0.315281 -0.916989 -0.244397
vn 0.200503 -0.744196 -0.637158
vn 0.690042 -0.244091 -0.681367
vn -0.315281 -0.916989 -0.244397
vn -0.273816 -0.951128 -0.142762
vn 0.041109 -0.884029 0.465621
vn 0.085285 -0.896820 0.434096
vn 0.413036 -0.828157 0.378889
vn 0.269123 0.779032 0.566288
vn 0.442862 -0.839401 -0.315085
vn 0.351751 -0.815674 0.459289
vn -0.015569 0.953763 -0.300155
vn -0.140458 0.947666 -0.286708
vn -0.175241 0.875313 -0.450687
vn -0.069228 0.991435 -0.110740
vn 0.009272 0.998793 0.048240
vn -0.015569 0.953763 -0.300155
vn -0.026304 -0.826999 0.561588
vn 0.086727 -0.912808 0.399074
vn -0.005339 -0.908419 0.418027
vn 0.584500 0.000930 -0.811393
vn 0.294024 -0.933716 -0.204265
vn 0.222759 -0.972909 0.061859
vn 0.041109 -0.884029 0.465621
vn -0.026304 -0.826999 0.561588
vn 0.085285 -0.896820 0.434096
vn 0.294024 -0.933716 -0.204265
vn -0.026304 -0.826999 0.561588
vn 0.222759 -0.972909 0.061859
vn 0.535119 0.154436 -0.830541
vn 0.271666 -0.960921 0.053181
vn 0.086727 -0.912808 0.399074
vn 0.271666 -0.960921 0.053181
vn 0.443286 0.758657 -0.477428
vn 0.690042 -0.244091 -0.681367
vn -0.000287 -1.000000 0.000097
vn -0.035109 -0.999335 -0.009807
vn 0.000200 -1.000000 -0.000430
vn 0.000858 -0.996545 -0.083057
vn -0.016542 -0.999082 -0.039515
vn 0.000285 -1.000000 -0.000327
vn 0.000285 -1.000000 -0.000327
vn -0.016542 -0.999082 -0.039515
vn -0.000394 -1.000000 0.000035
vn -0.016542 -0.999082 -0.039515
vn -0.035109 -0.999335 -0.009807
vn -0.000287 -1.000000 0.000097
vn -0.001333 -0.999998 0.001718
vn 0.000858 -0.996545 -0.083057
vn 0.000285 -1.000000 -0.000327
vn 0.034178 -0.998960 -0.030191
vn 0.220215 -0.938025 -0.267608
vn 0.092635 -0.973410 -0.209503
vn 0.015589 -0.999611 0.023141
vn 0.000442 -1.000000 0.000000
vn 0.041114 -0.998162 0.044529
vn -0.000394 -1.000000 0.000035
vn 0.015589 -0.999611 0.023141
vn 0.032656 -0.999459 0.003943
vn 0.677825 -0.551997 0.485646
vn 0.407879 -0.912774 -0.021856
vn 0.866676 -0.265957 0.422066
vn 0.367960 -0.913213 0.175062
vn 0.188244 -0.944994 0.267489
vn 0.846017 0.023397 0.532642
vn -0.441128 0.865437 -0.237540
vn -0.534574 0.818766 -0.209411
vn -0.193120 0.976580 -0.094850
vn -0.367083 0.909843 -0.193483
vn -0.376524 0.892958 -0.246689
vn -0.089806 0.995932 0.007323
vn 0.749738 -0.659103 0.058960
vn 0.866676 -0.265957 0.422066
vn 0.407879 -0.912774 -0.021856
vn -0.133825 0.897400 0.420434
vn 0.866676 -0.265957 0.422066
vn 0.900562 -0.039011 0.432974
vn -0.679147 0.719497 0.145201
vn -0.133825 0.897400 0.420434
vn 0.900562 -0.039011 0.432974
vn 0.373378 0.926402 0.048671
vn -0.133825 0.897400 0.420434
vn -0.101243 0.991808 0.077893
vn -0.166298 -0.975214 0.145951
vn 0.073378 -0.927627 -0.366229
vn 0.020517 -0.845629 -0.533376
vn -0.216327 -0.962017 -0.166510
vn 0.073378 -0.927627 -0.366229
vn 0.344167 -0.911659 0.224561
vn -0.126492 0.963427 0.236239
vn -0.121716 0.989307 0.080357
vn 0.438470 0.895003 0.081937
vn -0.065056 0.922436 -0.380631
vn -0.181844 0.983324 -0.002762
vn -0.162764 0.495837 -0.853026
vn 0.230644 0.953887 0.192103
vn 0.070275 0.978456 0.194125
vn 0.243671 0.946559 0.211307
vn 0.243513 0.961247 -0.129251
vn 0.254616 0.274570 -0.927244
vn -0.086204 0.888627 -0.450457
vn 0.070275 0.978456 0.194125
vn -0.126492 0.963427 0.236239
vn 0.121434 0.986657 0.108451
vn -0.126492 0.963427 0.236239
vn -0.133398 0.968769 0.209027
vn -0.121716 0.989307 0.080357
vn 0.051596 0.998045 0.035286
vn -0.001166 0.999986 -0.005137
vn 0.140202 0.990081 0.009111
vn -0.001166 0.999986 -0.005137
vn -0.046494 0.998087 -0.040751
vn -0.170022 0.974696 -0.145122
vn -0.277764 0.956251 -0.091820
vn -0.536181 0.417230 0.733777
vn -0.413989 0.765058 0.493253
vn -0.390789 0.836074 -0.385051
vn -0.074343 0.871777 -0.484230
vn -0.277764 0.956251 -0.091820
vn 0.650281 -0.712606 0.263301
vn 0.869278 0.483130 0.104597
vn 0.805980 -0.420659 0.416464
vn 0.847898 0.484779 0.214613
vn 0.805980 -0.420659 0.416464
vn 0.869278 0.483130 0.104597
vn 0.378298 -0.897838 0.225341
vn 0.579035 -0.726310 0.370394
vn 0.177573 -0.953015 0.245418
vn 0.924388 -0.000943 0.381453
vn 0.579035 -0.726310 0.370394
vn 0.788800 -0.481728 0.381749
vn 0.924388 -0.000943 0.381453
vn 0.124100 0.984762 0.121831
vn 0.374126 0.880436 0.291310
vn 0.351751 -0.815674 0.459289
vn 0.413036 -0.828157 0.378889
vn 0.886665 -0.243755 0.392949
vn -0.390789 0.836074 -0.385051
vn -0.185473 0.982618 0.007908
vn -0.649833 0.756435 -0.074319
vn 0.374126 0.880436 0.291310
vn -0.649833 0.756435 -0.074319
vn -0.185473 0.982618 0.007908
vn -0.295260 0.914670 0.276045
vn -0.390789 0.836074 -0.385051
vn -0.413989 0.765058 0.493253
vn -0.185473 0.982618 0.007908
vn -0.295260 0.914670 0.276045
vn 0.269123 0.779032 0.566288
vn 0.351751 -0.815674 0.459289
vn 0.442862 -0.839401 -0.315085
vn 0.441383 -0.886150 -0.141133
vn -0.185473 0.982618 0.007908
vn 0.269123 0.779032 0.566288
vn 0.694326 0.568861 0.440804
vn -0.390789 0.836074 -0.385051
vn -0.277764 0.956251 -0.091820
vn -0.413989 0.765058 0.493253
vn 0.269123 0.779032 0.566288
vn -0.295260 0.914670 0.276045
vn -0.197353 0.639237 0.743255
vn -0.498042 -0.277116 0.821682
vn -0.413989 0.765058 0.493253
vn -0.536181 0.417230 0.733777
vn -0.197353 0.639237 0.743255
vn -0.295260 0.914670 0.276045
vn -0.413989 0.765058 0.493253
vn 0.442862 -0.839401 -0.315085
vn 0.269123 0.779032 0.566288
vn 0.590756 0.189686 0.784236
vn 0.351751 -0.815674 0.459289
vn 0.886665 -0.243755 0.392949
vn 0.694326 0.568861 0.440804
vn -0.157956 -0.960790 0.227889
vn -0.001333 -0.999998 0.001718
vn -0.209454 -0.956522 0.202967
vn -0.376787 0.275728 0.884311
vn -0.498042 -0.277116 0.821682
vn -0.198272 -0.878468 0.434722
vn 0.590756 0.189686 0.784236
vn -0.376787 0.275728 0.884311
vn 0.689548 0.119592 0.714297
vn 0.621811 -0.544164 0.563238
vn 0.118109 -0.987221 0.106985
vn 0.671414 -0.538291 0.509359
vn -0.185473 0.982618 0.007908
vn 0.694326 0.568861 0.440804
vn 0.374126 0.880436 0.291310
vn 0.351751 -0.815674 0.459289
vn 0.694326 0.568861 0.440804
vn 0.269123 0.779032 0.566288
vn 0.590756 0.189686 0.784236
vn 0.269123 0.779032 0.566288
vn -0.197353 0.639237 0.743255
vn 0.441383 -0.886150 -0.141133
vn 0.442862 -0.839401 -0.315085
vn 0.644480 -0.379807 -0.663621
vn 0.644480 -0.379807 -0.663621
vn 0.707761 0.531773 -0.465071
vn 0.441383 -0.886150 -0.141133
vn 0.441383 -0.886150 -0.141133
vn 0.222759 -0.972909 0.061859
vn 0.041109 -0.884029 0.465621
vn 0.644480 -0.379807 -0.663621
vn 0.590756 0.189686 0.784236
vn 0.689548 0.119592 0.714297
vn 0.535119 0.154436 -0.830541
vn 0.584500 0.000930 -0.811393
vn -0.140458 0.947666 -0.286708
vn 0.413036 -0.828157 0.378889
vn 0.351751 -0.815674 0.459289
vn 0.041109 -0.884029 0.465621
vn 0.441383 -0.886150 -0.141133
vn 0.041109 -0.884029 0.465621
vn 0.351751 -0.815674 0.459289
vn -0.133943 -0.970326 0.201312
vn -0.498042 -0.277116 0.821682
vn -0.104892 -0.952437 0.286114
vn 0.002611 -0.999988 0.004263
vn -0.000091 -1.000000 0.000037
vn -0.000394 -1.000000 0.000035
vn 0.015589 -0.999611 0.023141
vn -0.000287 -1.000000 0.000097
vn 0.000200 -1.000000 -0.000430
vn -0.016542 -0.999082 -0.039515
vn -0.000287 -1.000000 0.000097
vn -0.000394 -1.000000 0.000035
vn 0.000285 -1.000000 -0.000327
vn -0.000091 -1.000000 0.000037
vn -0.024618 -0.998322 0.052406
vn -0.006831 -0.999977 0.000601
vn -0.001333 -0.999998 0.001718
vn -0.157956 -0.960790 0.227889
vn -0.412044 -0.623179 0.664731
vn -0.104892 -0.952437 0.286114
vn -0.498042 -0.277116 0.821682
vn -0.412044 -0.623179 0.664731
vn -0.536181 0.417230 0.733777
vn -0.442075 0.581719 0.682769
vn -0.569819 -0.448382 0.688666
vn -0.412044 -0.623179 0.664731
vn -0.442075 0.581719 0.682769
vn -0.412044 -0.623179 0.664731
vn -0.024618 -0.998322 0.052406
vn -0.104892 -0.952437 0.286114
vn -0.024618 -0.998322 0.052406
vn -0.412044 -0.623179 0.664731
vn -0.209454 -0.956522 0.202967
vn -0.569819 -0.448382 0.688666
vn -0.209454 -0.956522 0.202967
vn -0.412044 -0.623179 0.664731
vn -0.024618 -0.998322 0.052406
vn 0.001394 -0.999805 0.019708
vn -0.104892 -0.952437 0.286114
vn -0.133943 -0.970326 0.201312
vn -0.104892 -0.952437 0.286114
vn 0.001394 -0.999805 0.019708
vn 0.034178 -0.998960 -0.030191
vn -0.006831 -0.999977 0.000601
vn -0.171938 -0.984590 0.031937
vn -0.001333 -0.999998 0.001718
vn -0.006831 -0.999977 0.000601
vn 0.000858 -0.996545 -0.083057
vn -0.131637 -0.989921 -0.052224
vn 0.000858 -0.996545 -0.083057
vn 0.092635 -0.973410 -0.209503
vn 0.092635 -0.973410 -0.209503
vn 0.000858 -0.996545 -0.083057
vn 0.034178 -0.998960 -0.030191
vn 0.677825 -0.551997 0.485646
vn 0.041114 -0.998162 0.044529
vn 0.407879 -0.912774 -0.021856
vn 0.015589 -0.999611 0.023141
vn 0.041114 -0.998162 0.044529
vn 0.188244 -0.944994 0.267489
vn 0.677825 -0.551997 0.485646
vn 0.841894 0.228407 0.488922
vn 0.846017 0.023397 0.532642
vn 0.041114 -0.998162 0.044529
vn 0.677825 -0.551997 0.485646
vn 0.188244 -0.944994 0.267489
vn 0.846017 0.023397 0.532642
vn 0.841894 0.228407 0.488922
vn 0.373378 0.926402 0.048671
vn 0.233179 0.932481 0.275875
vn -0.089806 0.995932 0.007323
vn -0.376524 0.892958 -0.246689
vn 0.367960 -0.913213 0.175062
vn 0.671414 -0.538291 0.509359
vn 0.118109 -0.987221 0.106985
vn 0.032656 -0.999459 0.003943
vn 0.188244 -0.944994 0.267489
vn 0.367960 -0.913213 0.175062
vn 0.573137 -0.455991 0.680872
vn 0.689548 0.119592 0.714297
vn -0.198272 -0.878468 0.434722
vn 0.227150 -0.945945 0.231497
vn 0.118109 -0.987221 0.106985
vn 0.621811 -0.544164 0.563238
vn -0.170022 0.974696 -0.145122
vn -0.441128 0.865437 -0.237540
vn -0.193120 0.976580 -0.094850
vn -0.376524 0.892958 -0.246689
vn -0.367083 0.909843 -0.193483
vn -0.441128 0.865437 -0.237540
vn -0.170022 0.974696 -0.145122
vn -0.193120 0.976580 -0.094850
vn 0.001298 0.999956 -0.009335
vn -0.170022 0.974696 -0.145122
vn -0.046494 0.998087 -0.040751
vn -0.262014 0.932555 -0.248373
vn -0.046494 0.998087 -0.040751
vn -0.094461 0.981653 -0.165632
vn -0.262014 0.932555 -0.248373
vn -0.175241 0.875313 -0.450687
vn -0.094461 0.981653 -0.165632
vn -0.069228 0.991435 -0.110740
vn 0.051596 0.998045 0.035286
vn -0.094461 0.981653 -0.165632
vn -0.046494 0.998087 -0.040751
vn -0.140458 0.947666 -0.286708
vn -0.015569 0.953763 -0.300155
vn 0.535119 0.154436 -0.830541
vn -0.093135 0.883540 0.459002
vn 0.707761 0.531773 -0.465071
vn 0.689548 0.119592 0.714297
vn -0.262014 0.932555 -0.248373
vn -0.188822 0.932778 -0.307038
vn -0.376524 0.892958 -0.246689
vn 0.505149 0.381102 0.774329
vn 0.233179 0.932481 0.275875
vn -0.077207 0.986927 0.141474
vn 0.233179 0.932481 0.275875
vn 0.846017 0.023397 0.532642
vn -0.089806 0.995932 0.007323
vn -0.101243 0.991808 0.077893
vn -0.367083 0.909843 -0.193483
vn 0.373378 0.926402 0.048671
vn 0.373378 0.926402 0.048671
vn -0.367083 0.909843 -0.193483
vn -0.089806 0.995932 0.007323
vn 0.073378 -0.927627 -0.366229
vn -0.065056 0.922436 -0.380631
vn -0.162764 0.495837 -0.853026
vn 0.411023 0.904645 -0.112592
vn -0.065056 0.922436 -0.380631
vn -0.470224 -0.241426 -0.848883
vn 0.548388 0.815773 0.183807
vn 0.411023 0.904645 -0.112592
vn 0.354766 0.928776 -0.107310
vn -0.065056 0.922436 -0.380631
vn 0.411023 0.904645 -0.112592
vn 0.025755 0.999006 0.036387
vn -0.121716 0.989307 0.080357
vn -0.181844 0.983324 -0.002762
vn 0.025755 0.999006 0.036387
vn 0.230644 0.953887 0.192103
vn -0.133398 0.968769 0.209027
vn 0.070275 0.978456 0.194125
vn -0.121716 0.989307 0.080357
vn 0.548388 0.815773 0.183807
vn 0.438470 0.895003 0.081937
vn -0.181844 0.983324 -0.002762
vn -0.121716 0.989307 0.080357
vn -0.133398 0.968769 0.209027
vn -0.376787 0.275728 0.884311
vn -0.198272 -0.878468 0.434722
vn 0.689548 0.119592 0.714297
vn -0.413989 0.765058 0.493253
vn -0.376787 0.275728 0.884311
vn -0.197353 0.639237 0.743255
vn -0.198272 -0.878468 0.434722
vn 0.227150 -0.945945 0.231497
vn 0.573137 -0.455991 0.680872
vn -0.093135 0.883540 0.459002
vn 0.689548 0.119592 0.714297
vn 0.573137 -0.455991 0.680872
vn 0.442862 -0.839401 -0.315085
vn 0.590756 0.189686 0.784236
vn 0.644480 -0.379807 -0.663621
vn -0.376787 0.275728 0.884311
vn 0.590756 0.189686 0.784236
vn -0.197353 0.639237 0.743255
vn 0.505149 0.381102 0.774329
vn 0.621811 -0.544164 0.563238
vn 0.233179 0.932481 0.275875
vn -0.077207 0.986927 0.141474
vn -0.188822 0.932778 -0.307038
vn -0.141074 0.930593 -0.337778
vn -0.198272 -0.878468 0.434722
vn -0.133943 -0.970326 0.201312
vn 0.227150 -0.945945 0.231497
vn -0.093135 0.883540 0.459002
vn 0.505149 0.381102 0.774329
vn -0.077207 0.986927 0.141474
vn 0.118109 -0.987221 0.106985
vn 0.002611 -0.999988 0.004263
vn 0.032656 -0.999459 0.003943
vn -0.000091 -1.000000 0.000037
vn 0.002611 -0.999988 0.004263
vn 0.001394 -0.999805 0.019708
vn -0.024618 -0.998322 0.052406
vn -0.000091 -1.000000 0.000037
vn 0.001394 -0.999805 0.019708
vn -0.000394 -1.000000 0.000035
vn -0.000091 -1.000000 0.000037
vn 0.000285 -1.000000 -0.000327
vn 0.227150 -0.945945 0.231497
vn 0.001394 -0.999805 0.019708
vn 0.118109 -0.987221 0.106985
vn -0.498042 -0.277116 0.821682
vn -0.133943 -0.970326 0.201312
vn -0.198272 -0.878468 0.434722
vn 0.233179 0.932481 0.275875
vn -0.376524 0.892958 -0.246689
vn -0.188822 0.932778 -0.307038
vn 0.373378 0.926402 0.048671
vn -0.089806 0.995932 0.007323
vn 0.846017 0.023397 0.532642
vn -0.195157 0.958897 0.205989
vn -0.140458 0.947666 -0.286708
vn 0.584500 0.000930 -0.811393
vn -0.175241 0.875313 -0.450687
vn -0.140458 0.947666 -0.286708
vn -0.141074 0.930593 -0.337778
vn -0.175241 0.875313 -0.450687
vn -0.141074 0.930593 -0.337778
vn -0.171519 0.884269 -0.434338
vn -0.015569 0.953763 -0.300155
vn -0.175241 0.875313 -0.450687
vn -0.069228 0.991435 -0.110740
vn 0.009272 0.998793 0.048240
vn -0.069228 0.991435 -0.110740
vn 0.051596 0.998045 0.035286
vn 0.535119 0.154436 -0.830541
vn -0.015569 0.953763 -0.300155
vn 0.443286 0.758657 -0.477428
vn -0.094461 0.981653 -0.165632
vn -0.171519 0.884269 -0.434338
vn -0.262014 0.932555 -0.248373
vn -0.141074 0.930593 -0.337778
vn -0.188822 0.932778 -0.307038
vn -0.171519 0.884269 -0.434338
vn -0.162764 0.495837 -0.853026
vn -0.181844 0.983324 -0.002762
vn -0.086204 0.888627 -0.450457
vn 0.243513 0.961247 -0.129251
vn -0.086204 0.888627 -0.450457
vn -0.181844 0.983324 -0.002762
vn 0.243513 0.961247 -0.129251
vn -0.181844 0.983324 -0.002762
vn 0.075620 0.926441 0.368767
vn 0.075620 0.926441 0.368767
vn -0.181844 0.983324 -0.002762
vn 0.230644 0.953887 0.192103
vn 0.233179 0.932481 0.275875
vn 0.621811 -0.544164 0.563238
vn 0.671414 -0.538291 0.509359
vn 0.227150 -0.945945 0.231497
vn 0.621811 -0.544164 0.563238
vn 0.505149 0.381102 0.774329
vn 0.233179 0.932481 0.275875
vn 0.671414 -0.538291 0.509359
vn 0.846017 0.023397 0.532642
vn 0.233179 0.932481 0.275875
vn -0.188822 0.932778 -0.307038
vn -0.077207 0.986927 0.141474
vn -0.195157 0.958897 0.205989
vn -0.077207 0.986927 0.141474
vn -0.141074 0.930593 -0.337778
vn -0.093135 0.883540 0.459002
vn 0.573137 -0.455991 0.680872
vn 0.505149 0.381102 0.774329
vn 0.230644 0.953887 0.192103
vn -0.181844 0.983324 -0.002762
vn -0.133398 0.968769 0.209027
vn 0.150236 0.940663 0.304275
vn 0.075620 0.926441 0.368767
vn 0.243671 0.946559 0.211307
vn -0.133398 0.968769 0.209027
vn -0.126492 0.963427 0.236239
vn 0.070275 0.978456 0.194125
vn 0.243671 0.946559 0.211307
vn 0.075620 0.926441 0.368767
vn 0.230644 0.953887 0.192103
vn 0.150236 0.940663 0.304275
vn 0.243671 0.946559 0.211307
vn 0.107351 0.946148 0.305416
vn 0.150236 0.940663 0.304275
vn 0.032588 0.953700 -0.298990
vn 0.296853 0.928002 -0.225144
vn 0.443286 0.758657 -0.477428
vn 0.236741 0.962504 -0.132438
vn 0.690042 -0.244091 -0.681367
vn 0.243671 0.946559 0.211307
vn 0.070275 0.978456 0.194125
vn 0.214273 0.973391 0.081217
vn 0.243671 0.946559 0.211307
vn 0.140202 0.990081 0.009111
vn 0.107351 0.946148 0.305416
vn 0.001298 0.999956 -0.009335
vn 0.107351 0.946148 0.305416
vn 0.140202 0.990081 0.009111
vn 0.200131 0.939814 0.276943
vn 0.176327 0.888970 0.422659
vn 0.063269 0.950889 0.302998
vn 0.032588 0.953700 -0.298990
vn 0.150236 0.940663 0.304275
vn 0.176327 0.888970 0.422659
vn -0.140458 0.947666 -0.286708
vn -0.195157 0.958897 0.205989
vn -0.141074 0.930593 -0.337778
vn 0.441383 -0.886150 -0.141133
vn 0.707761 0.531773 -0.465071
vn 0.584500 0.000930 -0.811393
vn -0.077207 0.986927 0.141474
vn -0.195157 0.958897 0.205989
vn -0.093135 0.883540 0.459002
vn -0.195157 0.958897 0.205989
vn 0.584500 0.000930 -0.811393
vn 0.707761 0.531773 -0.465071
vn 0.689548 0.119592 0.714297
vn 0.707761 0.531773 -0.465071
vn 0.644480 -0.379807 -0.663621
vn -0.195157 0.958897 0.205989
vn 0.707761 0.531773 -0.465071
vn -0.093135 0.883540 0.459002
vn 0.140202 0.990081 0.009111
vn 0.214273 0.973391 0.081217
vn 0.051596 0.998045 0.035286
vn -0.015569 0.953763 -0.300155
vn 0.054310 0.998227 0.024341
vn 0.443286 0.758657 -0.477428
vn 0.060182 0.981178 0.183486
vn 0.051596 0.998045 0.035286
vn 0.214273 0.973391 0.081217
vn 0.121434 0.986657 0.108451
vn 0.623289 0.732051 -0.274976
vn 0.268163 0.957162 -0.109227
vn 0.243671 0.946559 0.211307
vn 0.214273 0.973391 0.081217
vn 0.140202 0.990081 0.009111
vn 0.070275 0.978456 0.194125
vn -0.041404 0.984497 0.170447
vn 0.060182 0.981178 0.183486
vn 0.060182 0.981178 0.183486
vn 0.009272 0.998793 0.048240
vn 0.051596 0.998045 0.035286
vn -0.015569 0.953763 -0.300155
vn 0.009272 0.998793 0.048240
vn 0.054310 0.998227 0.024341
vn -0.041404 0.984497 0.170447
vn 0.236741 0.962504 -0.132438
vn 0.054310 0.998227 0.024341
vn 0.268163 0.957162 -0.109227
vn 0.623289 0.732051 -0.274976
vn 0.690042 -0.244091 -0.681367
vn 0.060182 0.981178 0.183486
vn -0.041404 0.984497 0.170447
vn 0.054310 0.998227 0.024341
vn 0.070275 0.978456 0.194125
vn 0.121434 0.986657 0.108451
vn -0.041404 0.984497 0.170447
vn 0.236741 0.962504 -0.132438
vn -0.041404 0.984497 0.170447
vn 0.268163 0.957162 -0.109227
vn 0.121434 0.986657 0.108451
vn 0.268163 0.957162 -0.109227
vn -0.041404 0.984497 0.170447
vn 0.060182 0.981178 0.183486
vn 0.054310 0.998227 0.024341
vn 0.009272 0.998793 0.048240
vn 0.070275 0.978456 0.194125
vn 0.060182 0.981178 0.183486
vn 0.214273 0.973391 0.081217
vn 0.573137 -0.455991 0.680872
vn 0.227150 -0.945945 0.231497
vn 0.505149 0.381102 0.774329
vn 0.001394 -0.999805 0.019708
vn 0.227150 -0.945945 0.231497
vn -0.133943 -0.970326 0.201312
vn -0.002529 -0.999979 -0.006022
vn -0.057657 -0.997963 -0.027309
vn -0.016603 -0.999860 0.002120
vn -0.068650 -0.987339 0.142997
vn -0.009228 -0.999918 0.008906
vn -0.021018 -0.999764 0.005553
vn 0.000058 -1.000000 0.000549
vn -0.002529 -0.999979 -0.006022
vn -0.000493 -1.000000 0.000809
vn -0.000351 -1.000000 -0.000293
vn -0.002529 -0.999979 -0.006022
vn -0.016603 -0.999860 0.002120
vn -0.454541 -0.083661 -0.886788
vn -0.048355 -0.997614 -0.049269
vn -0.195798 -0.967080 -0.162538
vn 0.108527 0.993778 -0.025048
vn -0.161085 0.954278 -0.251802
vn 0.034637 0.996094 -0.081222
vn -0.030419 -0.999401 -0.016489
vn -0.195798 -0.967080 -0.162538
vn -0.048355 -0.997614 -0.049269
vn -0.360921 -0.915236 -0.179107
vn -0.547213 -0.826382 0.132858
vn -0.505802 -0.277918 -0.816655
vn -0.000493 -1.000000 0.000809
vn -0.000178 -1.000000 0.000623
vn 0.000058 -1.000000 0.000549
vn 0.153180 -0.954789 -0.254782
vn 0.096121 -0.980686 -0.170343
vn 0.132632 -0.979981 -0.148482
vn 0.000058 -1.000000 0.000549
vn -0.009228 -0.999918 0.008906
vn -0.002529 -0.999979 -0.006022
vn 0.369235 0.917220 0.149574
vn 0.350478 0.888250 0.296946
vn 0.348186 0.912463 0.214890
vn -0.150245 0.598088 -0.787221
vn 0.348186 0.912463 0.214890
vn 0.228339 0.961458 -0.153169
vn -0.195798 -0.967080 -0.162538
vn -0.398518 -0.176488 -0.900020
vn -0.454541 -0.083661 -0.886788
vn 0.004315 -0.999989 0.001824
vn 0.001113 -0.999999 -0.000449
vn 0.029562 -0.999548 0.005522
vn -0.203074 0.950300 -0.235991
vn 0.345238 0.793705 0.500843
vn 0.084862 0.952036 0.293982
vn -0.283395 0.896325 -0.341012
vn -0.052886 0.996084 -0.070850
vn -0.173829 0.941938 -0.287290
vn -0.036750 -0.999324 0.000314
vn -0.000178 -1.000000 0.000623
vn 0.001113 -0.999999 -0.000449
vn 0.607383 0.349410 0.713441
vn 0.226263 -0.950052 0.214956
vn 0.253753 -0.907537 0.334642
vn -0.001680 -0.999997 0.001899
vn 0.002525 -0.999992 0.003089
vn -0.000178 -1.000000 0.000623
vn -0.001680 -0.999997 0.001899
vn -0.000493 -1.000000 0.000809
vn -0.000351 -1.000000 -0.000293
vn 0.393499 0.407215 0.824217
vn 0.606001 -0.637517 0.475746
vn -0.009273 0.999716 0.021937
vn -0.725388 0.007420 -0.688301
vn -0.449481 -0.575138 -0.683508
vn 0.541700 -0.563246 -0.623951
vn -0.029856 -0.998641 0.042719
vn -0.111357 -0.986682 0.118564
vn 0.000058 -1.000000 0.000549
vn 0.188872 -0.929661 -0.316318
vn -0.449481 -0.575138 -0.683508
vn -0.346647 -0.827944 -0.440846
vn 0.454394 0.840711 -0.294501
vn 0.476394 0.868178 -0.138982
vn -0.557715 0.612677 -0.559983
vn -0.048355 -0.997614 -0.049269
vn -0.057657 -0.997963 -0.027309
vn -0.002529 -0.999979 -0.006022
vn 0.286190 -0.934730 0.210652
vn 0.039281 -0.813184 0.580679
vn 0.507381 -0.755960 -0.413630
vn -0.707793 -0.528389 0.468865
vn 0.039281 -0.813184 0.580679
vn -0.387905 -0.910967 0.140249
vn -0.387905 -0.910967 0.140249
vn -0.660298 -0.747943 -0.067734
vn -0.707793 -0.528389 0.468865
vn 0.541700 -0.563246 -0.623951
vn 0.455863 -0.677584 -0.577121
vn 0.507381 -0.755960 -0.413630
vn -0.190624 0.951956 -0.239671
vn -0.021953 0.999540 -0.020936
vn -0.202200 0.957338 -0.206445
vn -0.057078 -0.870833 0.488255
vn -0.494205 -0.624656 0.604621
vn -0.753811 -0.524328 0.396041
vn -0.753811 -0.524328 0.396041
vn -0.494205 -0.624656 0.604621
vn -0.838841 -0.169588 0.517286
vn 0.111615 -0.974766 0.193321
vn 0.471038 -0.562431 0.679555
vn 0.401061 0.538255 0.741237
vn -0.001680 -0.999997 0.001899
vn -0.000178 -1.000000 0.000623
vn -0.000493 -1.000000 0.000809
vn 0.536608 -0.653521 0.533818
vn 0.226263 -0.950052 0.214956
vn 0.607383 0.349410 0.713441
vn -0.057864 -0.898710 0.434708
vn -0.057078 -0.870833 0.488255
vn -0.438524 -0.796794 0.415712
vn 0.102444 0.994738 0.001266
vn 0.039411 0.999027 -0.019800
vn 0.007553 0.999970 0.001904
vn -0.057078 -0.870833 0.488255
vn -0.753811 -0.524328 0.396041
vn -0.438524 -0.796794 0.415712
vn 0.198121 -0.955971 -0.216490
vn 0.729353 -0.487972 -0.479508
vn -0.016359 -0.999793 0.012080
vn 0.348186 0.912463 0.214890
vn 0.350478 0.888250 0.296946
vn 0.142710 0.983471 0.111440
vn -0.838841 -0.169588 0.517286
vn -0.707793 -0.528389 0.468865
vn -0.933194 -0.252039 0.256173
vn -0.190624 0.951956 -0.239671
vn -0.261882 0.938949 -0.223141
vn -0.307165 0.874585 -0.375168
vn 0.716827 0.688729 -0.108677
vn 0.821216 0.521909 -0.230684
vn 0.752534 0.625470 -0.206105
vn 0.253753 -0.907537 0.334642
vn 0.129422 -0.991439 0.017300
vn 0.606001 -0.637517 0.475746
vn -0.029856 -0.998641 0.042719
vn -0.000178 -1.000000 0.000623
vn -0.036750 -0.999324 0.000314
vn -0.360921 -0.915236 -0.179107
vn -0.195798 -0.967080 -0.162538
vn -0.175864 -0.983044 -0.051935
vn -0.003483 0.999991 -0.002428
vn -0.000011 0.999999 -0.001368
vn -0.021953 0.999540 -0.020936
vn 0.607383 0.349410 0.713441
vn -0.261882 0.938949 -0.223141
vn -0.192284 0.944354 -0.266877
vn -0.190624 0.951956 -0.239671
vn -0.307165 0.874585 -0.375168
vn -0.090643 0.994032 -0.060694
vn -0.202200 0.957338 -0.206445
vn -0.283395 0.896325 -0.341012
vn -0.261882 0.938949 -0.223141
vn 0.011080 0.999801 0.016569
vn 0.007553 0.999970 0.001904
vn 0.001276 0.999998 -0.001705
vn 0.393499 0.407215 0.824217
vn -0.261882 0.938949 -0.223141
vn 0.607383 0.349410 0.713441
vn 0.029562 -0.999548 0.005522
vn 0.027439 -0.999601 0.006773
vn 0.129422 -0.991439 0.017300
vn 0.284093 0.944196 0.166690
vn 0.228339 0.961458 -0.153169
vn 0.348186 0.912463 0.214890
vn -0.192284 0.944354 -0.266877
vn 0.084862 0.952036 0.293982
vn 0.607383 0.349410 0.713441
vn -0.000011 0.999999 -0.001368
vn 0.007553 0.999970 0.001904
vn 0.039411 0.999027 -0.019800
vn -0.257675 0.460014 -0.849701
vn 0.369235 0.917220 0.149574
vn -0.150245 0.598088 -0.787221
vn -0.048355 -0.997614 -0.049269
vn -0.454541 -0.083661 -0.886788
vn -0.057657 -0.997963 -0.027309
vn -0.048355 -0.997614 -0.049269
vn -0.009228 -0.999918 0.008906
vn -0.030419 -0.999401 -0.016489
vn -0.330933 -0.125066 -0.935330
vn -0.454541 -0.083661 -0.886788
vn -0.150245 0.598088 -0.787221
vn 0.317559 0.946316 0.060352
vn 0.102444 0.994738 0.001266
vn 0.299778 0.947569 0.110665
vn -0.443728 -0.355743 0.822528
vn 0.925934 0.186062 -0.328675
vn 0.154224 -0.364756 0.918242
vn -0.360921 -0.915236 -0.179107
vn -0.505802 -0.277918 -0.816655
vn -0.398518 -0.176488 -0.900020
vn -0.252243 0.444205 -0.859683
vn -0.257675 0.460014 -0.849701
vn -0.398518 -0.176488 -0.900020
vn 0.004194 -0.999991 0.000583
vn 0.006055 -0.999978 -0.002882
vn 0.001113 -0.999999 -0.000449
vn 0.338744 0.937202 -0.083098
vn 0.203414 0.977579 -0.054419
vn 0.317559 0.946316 0.060352
vn 0.002525 -0.999992 0.003089
vn 0.004194 -0.999991 0.000583
vn -0.000178 -1.000000 0.000623
vn -0.060672 0.755511 -0.652320
vn -0.353963 -0.421355 -0.834967
vn -0.589584 -0.133485 -0.796601
vn 0.281965 0.883451 -0.374180
vn 0.210967 0.927898 -0.307405
vn 0.329819 0.873176 -0.358864
vn 0.588479 0.805737 0.066935
vn -0.103960 0.587622 0.802429
vn 0.317447 0.883045 0.345628
vn -0.000715 -1.000000 -0.000571
vn -0.034414 -0.999068 -0.026053
vn 0.004315 -0.999989 0.001824
vn -0.048355 -0.997614 -0.049269
vn -0.002529 -0.999979 -0.006022
vn -0.009228 -0.999918 0.008906
vn -0.408879 0.132353 0.902940
vn -0.165036 0.220243 0.961382
vn -0.443728 -0.355743 0.822528
vn -0.408879 0.132353 0.902940
vn 0.154224 -0.364756 0.918242
vn -0.235331 0.592763 0.770228
vn 0.108527 0.993778 -0.025048
vn 0.159516 0.986415 -0.039249
vn 0.175707 0.981404 0.077284
vn -0.353963 -0.421355 -0.834967
vn -0.505802 -0.277918 -0.816655
vn -0.346647 -0.827944 -0.440846
vn -0.283395 0.896325 -0.341012
vn -0.173829 0.941938 -0.287290
vn -0.203074 0.950300 -0.235991
vn 0.439986 0.813805 -0.379650
vn 0.595939 0.657725 -0.460711
vn 0.329819 0.873176 -0.358864
vn -0.589584 -0.133485 -0.796601
vn -0.792893 -0.265347 -0.548554
vn -0.780344 0.272308 -0.562949
vn 0.011080 0.999801 0.016569
vn 0.284093 0.944196 0.166690
vn 0.142710 0.983471 0.111440
vn 0.027439 -0.999601 0.006773
vn 0.006055 -0.999978 -0.002882
vn 0.004194 -0.999991 0.000583
vn -0.449481 -0.575138 -0.683508
vn -0.725388 0.007420 -0.688301
vn -0.792893 -0.265347 -0.548554
vn 0.752534 0.625470 -0.206105
vn 0.388679 0.868505 -0.307615
vn 0.488215 0.848498 -0.204197
vn 0.510179 0.860066 0.002038
vn 0.513100 0.772765 -0.373582
vn 0.343071 0.936484 0.072801
vn -0.021018 -0.999764 0.005553
vn -0.009228 -0.999918 0.008906
vn 0.000058 -1.000000 0.000549
vn 0.476394 0.868178 -0.138982
vn 0.246837 0.967555 -0.053935
vn -0.557715 0.612677 -0.559983
vn 0.259378 0.918286 -0.299123
vn 0.332430 0.864856 -0.376185
vn 0.439986 0.813805 -0.379650
vn 0.000171 0.987582 -0.157102
vn -0.161085 0.954278 -0.251802
vn 0.108527 0.993778 -0.025048
vn 0.004315 -0.999989 0.001824
vn -0.072643 -0.997143 -0.020711
vn -0.036750 -0.999324 0.000314
vn 0.173162 0.938318 -0.299291
vn 0.259378 0.918286 -0.299123
vn 0.329819 0.873176 -0.358864
vn -0.346647 -0.827944 -0.440846
vn -0.449481 -0.575138 -0.683508
vn -0.589584 -0.133485 -0.796601
vn -0.000493 -1.000000 0.000809
vn -0.002529 -0.999979 -0.006022
vn -0.000351 -1.000000 -0.000293
vn -0.000178 -1.000000 0.000623
vn -0.029856 -0.998641 0.042719
vn 0.000058 -1.000000 0.000549
vn -0.307165 0.874585 -0.375168
vn -0.261882 0.938949 -0.223141
vn -0.009273 0.999716 0.021937
vn -0.021953 0.999540 -0.020936
vn -0.090643 0.994032 -0.060694
vn -0.003483 0.999991 -0.002428
vn -0.454541 -0.083661 -0.886788
vn -0.398518 -0.176488 -0.900020
vn -0.257675 0.460014 -0.849701
vn -0.454541 -0.083661 -0.886788
vn -0.330933 -0.125066 -0.935330
vn -0.057657 -0.997963 -0.027309
vn -0.016603 -0.999860 0.002120
vn -0.057657 -0.997963 -0.027309
vn -0.330933 -0.125066 -0.935330
vn 0.027439 -0.999601 0.006773
vn 0.004194 -0.999991 0.000583
vn 0.002525 -0.999992 0.003089
vn 0.001113 -0.999999 -0.000449
vn -0.000178 -1.000000 0.000623
vn 0.004194 -0.999991 0.000583
vn 0.253753 -0.907537 0.334642
vn 0.029562 -0.999548 0.005522
vn 0.129422 -0.991439 0.017300
vn 0.004315 -0.999989 0.001824
vn 0.029562 -0.999548 0.005522
vn 0.226263 -0.950052 0.214956
vn 0.253753 -0.907537 0.334642
vn 0.606001 -0.637517 0.475746
vn 0.393499 0.407215 0.824217
vn 0.029562 -0.999548 0.005522
vn 0.253753 -0.907537 0.334642
vn 0.226263 -0.950052 0.214956
vn -0.021953 0.999540 -0.020936
vn -0.190624 0.951956 -0.239671
vn -0.090643 0.994032 -0.060694
vn -0.261882 0.938949 -0.223141
vn -0.190624 0.951956 -0.239671
vn -0.202200 0.957338 -0.206445
vn 0.039411 0.999027 -0.019800
vn -0.001129 0.999999 0.000660
vn -0.000011 0.999999 -0.001368
vn -0.021953 0.999540 -0.020936
vn -0.001129 0.999999 0.000660
vn -0.052886 0.996084 -0.070850
vn -0.261882 0.938949 -0.223141
vn 0.393499 0.407215 0.824217
vn -0.009273 0.999716 0.021937
vn 0.253753 -0.907537 0.334642
vn 0.393499 0.407215 0.824217
vn 0.607383 0.349410 0.713441
vn -0.068650 -0.987339 0.142997
vn -0.030419 -0.999401 -0.016489
vn -0.009228 -0.999918 0.008906
vn -0.195798 -0.967080 -0.162538
vn -0.030419 -0.999401 -0.016489
vn -0.175864 -0.983044 -0.051935
vn 0.188872 -0.929661 -0.316318
vn 0.455863 -0.677584 -0.577121
vn 0.541700 -0.563246 -0.623951
vn 0.507381 -0.755960 -0.413630
vn -0.725388 0.007420 -0.688301
vn 0.541700 -0.563246 -0.623951
vn -0.175864 -0.983044 -0.051935
vn -0.547213 -0.826382 0.132858
vn -0.360921 -0.915236 -0.179107
vn 0.096121 -0.980686 -0.170343
vn -0.660298 -0.747943 -0.067734
vn -0.458727 -0.767487 -0.447809
vn 0.188872 -0.929661 -0.316318
vn 0.541700 -0.563246 -0.623951
vn -0.449481 -0.575138 -0.683508
vn -0.143879 -0.937636 -0.316445
vn -0.458727 -0.767487 -0.447809
vn -0.387905 -0.910967 0.140249
vn -0.780344 0.272308 -0.562949
vn 0.246837 0.967555 -0.053935
vn -0.007436 0.934115 -0.356895
vn 0.271078 0.947488 0.169657
vn 0.383798 0.881691 0.274446
vn 0.369235 0.917220 0.149574
vn -0.725388 0.007420 -0.688301
vn -0.882154 -0.155663 -0.444493
vn -0.792893 -0.265347 -0.548554
vn -0.780344 0.272308 -0.562949
vn -0.792893 -0.265347 -0.548554
vn -0.882154 -0.155663 -0.444493
vn -0.557715 0.612677 -0.559983
vn -0.780344 0.272308 -0.562949
vn -0.882154 -0.155663 -0.444493
vn -0.780344 0.272308 -0.562949
vn -0.007436 0.934115 -0.356895
vn -0.589584 -0.133485 -0.796601
vn -0.029856 -0.998641 0.042719
vn -0.169457 -0.984341 0.048548
vn -0.111357 -0.986682 0.118564
vn 0.647230 -0.138827 0.749547
vn 0.045870 -0.938588 0.341978
vn 0.282967 0.763328 0.580741
vn 0.603266 0.666531 -0.437957
vn 0.503248 0.824133 -0.259896
vn 0.281965 0.883451 -0.374180
vn 0.150468 0.971922 -0.180908
vn 0.434067 0.871601 -0.227810
vn 0.170495 0.948262 0.267826
vn 0.500544 -0.788405 -0.357594
vn 0.890615 -0.025272 -0.454055
vn 0.585764 -0.706044 -0.397973
vn 0.500544 -0.788405 -0.357594
vn 0.249801 -0.775939 0.579240
vn 0.154224 -0.364756 0.918242
vn 0.332430 0.864856 -0.376185
vn 0.259378 0.918286 -0.299123
vn 0.331452 0.821807 -0.463436
vn -0.007436 0.934115 -0.356895
vn 0.460374 0.869409 0.179396
vn 0.412940 0.905039 0.101904
vn 0.007553 0.999970 0.001904
vn 0.011080 0.999801 0.016569
vn 0.142710 0.983471 0.111440
vn 0.322313 0.942847 0.084585
vn 0.393142 0.919425 -0.009819
vn 0.453852 0.883593 0.115244
vn 0.348186 0.912463 0.214890
vn 0.142710 0.983471 0.111440
vn 0.284093 0.944196 0.166690
vn 0.142710 0.983471 0.111440
vn 0.299778 0.947569 0.110665
vn 0.102444 0.994738 0.001266
vn -0.060672 0.755511 -0.652320
vn 0.412940 0.905039 0.101904
vn 0.063692 0.729215 -0.681314
vn 0.369235 0.917220 0.149574
vn 0.383798 0.881691 0.274446
vn 0.350478 0.888250 0.296946
vn 0.039411 0.999027 -0.019800
vn 0.203414 0.977579 -0.054419
vn 0.166434 0.982039 -0.088880
vn -0.001129 0.999999 0.000660
vn 0.039411 0.999027 -0.019800
vn 0.061596 0.998067 -0.008305
vn -0.003483 0.999991 -0.002428
vn 0.001276 0.999998 -0.001705
vn -0.000011 0.999999 -0.001368
vn 0.007553 0.999970 0.001904
vn -0.000011 0.999999 -0.001368
vn 0.001276 0.999998 -0.001705
vn -0.029856 -0.998641 0.042719
vn -0.036750 -0.999324 0.000314
vn -0.169457 -0.984341 0.048548
vn -0.111357 -0.986682 0.118564
vn -0.217456 -0.962647 0.161320
vn -0.068650 -0.987339 0.142997
vn -0.000104 -1.000000 -0.000812
vn 0.125421 -0.986314 0.107022
vn 0.111615 -0.974766 0.193321
vn 0.153180 -0.954789 -0.254782
vn 0.075228 -0.987999 -0.134903
vn -0.034031 -0.999384 0.008625
vn 0.159516 0.986415 -0.039249
vn 0.108527 0.993778 -0.025048
vn 0.034637 0.996094 -0.081222
vn -0.203074 0.950300 -0.235991
vn -0.173829 0.941938 -0.287290
vn -0.161085 0.954278 -0.251802
vn 0.215514 0.876053 0.431376
vn 0.102983 0.984197 0.144049
vn 0.150468 0.971922 -0.180908
vn 0.125421 -0.986314 0.107022
vn 0.102445 -0.988273 0.113235
vn 0.536608 -0.653521 0.533818
vn -0.330933 -0.125066 -0.935330
vn -0.150245 0.598088 -0.787221
vn 0.228339 0.961458 -0.153169
vn -0.257675 0.460014 -0.849701
vn -0.150245 0.598088 -0.787221
vn -0.454541 -0.083661 -0.886788
vn -0.195798 -0.967080 -0.162538
vn -0.360921 -0.915236 -0.179107
vn -0.398518 -0.176488 -0.900020
vn -0.175864 -0.983044 -0.051935
vn -0.362746 -0.899551 0.243360
vn -0.547213 -0.826382 0.132858
vn -0.068650 -0.987339 0.142997
vn -0.340910 -0.877809 0.336498
vn -0.362746 -0.899551 0.243360
vn 0.188872 -0.929661 -0.316318
vn -0.476721 -0.821988 0.311567
vn -0.437108 -0.866154 -0.242309
vn 0.027439 -0.999601 0.006773
vn 0.029562 -0.999548 0.005522
vn 0.006055 -0.999978 -0.002882
vn 0.001113 -0.999999 -0.000449
vn 0.006055 -0.999978 -0.002882
vn 0.029562 -0.999548 0.005522
vn -0.660298 -0.747943 -0.067734
vn -0.387905 -0.910967 0.140249
vn -0.458727 -0.767487 -0.447809
vn -0.660298 -0.747943 -0.067734
vn -0.933194 -0.252039 0.256173
vn -0.707793 -0.528389 0.468865
vn -0.476721 -0.821988 0.311567
vn 0.188872 -0.929661 -0.316318
vn -0.346647 -0.827944 -0.440846
vn -0.140220 -0.763676 -0.630189
vn 0.455863 -0.677584 -0.577121
vn 0.188872 -0.929661 -0.316318
vn -0.505802 -0.277918 -0.816655
vn -0.476721 -0.821988 0.311567
vn -0.346647 -0.827944 -0.440846
vn -0.437108 -0.866154 -0.242309
vn -0.476721 -0.821988 0.311567
vn -0.515212 -0.812847 0.271728
vn -0.515212 -0.812847 0.271728
vn -0.476721 -0.821988 0.311567
vn -0.547213 -0.826382 0.132858
vn -0.505802 -0.277918 -0.816655
vn -0.547213 -0.826382 0.132858
vn -0.476721 -0.821988 0.311567
vn 0.051021 -0.918050 -0.393167
vn -0.515212 -0.812847 0.271728
vn 0.132632 -0.979981 -0.148482
vn 0.188872 -0.929661 -0.316318
vn -0.437108 -0.866154 -0.242309
vn -0.140220 -0.763676 -0.630189
vn 0.507381 -0.755960 -0.413630
vn 0.455863 -0.677584 -0.577121
vn 0.286190 -0.934730 0.210652
vn 0.455863 -0.677584 -0.577121
vn -0.140220 -0.763676 -0.630189
vn -0.143879 -0.937636 -0.316445
vn 0.039281 -0.813184 0.580679
vn 0.286190 -0.934730 0.210652
vn -0.387905 -0.910967 0.140249
vn 0.286190 -0.934730 0.210652
vn 0.455863 -0.677584 -0.577121
vn -0.143879 -0.937636 -0.316445
vn -0.933194 -0.252039 0.256173
vn -0.319193 -0.943389 0.090180
vn -0.816270 -0.477487 0.325130
vn 0.039281 -0.813184 0.580679
vn -0.707793 -0.528389 0.468865
vn -0.324906 -0.534240 0.780400
vn 0.051021 -0.918050 -0.393167
vn -0.437108 -0.866154 -0.242309
vn -0.515212 -0.812847 0.271728
vn 0.132632 -0.979981 -0.148482
vn -0.217456 -0.962647 0.161320
vn 0.056510 -0.955109 -0.290816
vn -0.772702 -0.464878 0.432228
vn -0.850565 -0.465580 0.244488
vn -0.947750 -0.289020 0.135045
vn -0.324906 -0.534240 0.780400
vn -0.707793 -0.528389 0.468865
vn -0.838841 -0.169588 0.517286
vn -0.169457 -0.984341 0.048548
vn -0.217456 -0.962647 0.161320
vn -0.111357 -0.986682 0.118564
vn -0.319193 -0.943389 0.090180
vn -0.322419 -0.926706 0.193034
vn -0.816270 -0.477487 0.325130
vn -0.933194 -0.252039 0.256173
vn -0.660298 -0.747943 -0.067734
vn -0.319193 -0.943389 0.090180
vn -0.838841 -0.169588 0.517286
vn -0.933194 -0.252039 0.256173
vn -0.954968 0.031524 0.295028
vn 0.096121 -0.980686 -0.170343
vn -0.319193 -0.943389 0.090180
vn -0.660298 -0.747943 -0.067734
vn -0.034031 -0.999384 0.008625
vn -0.319193 -0.943389 0.090180
vn 0.153180 -0.954789 -0.254782
vn -0.954968 0.031524 0.295028
vn -0.941792 -0.155602 0.298021
vn -0.753811 -0.524328 0.396041
vn -0.324906 -0.534240 0.780400
vn -0.838841 -0.169588 0.517286
vn -0.494205 -0.624656 0.604621
vn -0.458727 -0.767487 -0.447809
vn -0.140220 -0.763676 -0.630189
vn 0.051021 -0.918050 -0.393167
vn -0.319193 -0.943389 0.090180
vn 0.096121 -0.980686 -0.170343
vn 0.153180 -0.954789 -0.254782
vn -0.816270 -0.477487 0.325130
vn -0.886478 -0.352800 0.299481
vn -0.946625 -0.000470 0.322336
vn 0.585764 -0.706044 -0.397973
vn -0.455509 -0.890215 -0.005400
vn 0.500544 -0.788405 -0.357594
vn 0.096121 -0.980686 -0.170343
vn -0.458727 -0.767487 -0.447809
vn 0.051021 -0.918050 -0.393167
vn -0.515212 -0.812847 0.271728
vn -0.362746 -0.899551 0.243360
vn -0.340910 -0.877809 0.336498
vn -0.954968 0.031524 0.295028
vn -0.753811 -0.524328 0.396041
vn -0.838841 -0.169588 0.517286
vn -0.753811 -0.524328 0.396041
vn -0.941792 -0.155602 0.298021
vn -0.438524 -0.796794 0.415712
vn -0.437108 -0.866154 -0.242309
vn 0.051021 -0.918050 -0.393167
vn -0.140220 -0.763676 -0.630189
vn 0.096121 -0.980686 -0.170343
vn 0.051021 -0.918050 -0.393167
vn 0.132632 -0.979981 -0.148482
vn -0.589584 -0.133485 -0.796601
vn -0.449481 -0.575138 -0.683508
vn -0.792893 -0.265347 -0.548554
vn -0.589584 -0.133485 -0.796601
vn -0.007436 0.934115 -0.356895
vn -0.060672 0.755511 -0.652320
vn 0.246837 0.967555 -0.053935
vn 0.505567 0.850396 0.145700
vn 0.460374 0.869409 0.179396
vn -0.252243 0.444205 -0.859683
vn 0.436275 0.887827 0.146379
vn 0.271078 0.947488 0.169657
vn 0.603266 0.666531 -0.437957
vn 0.329819 0.873176 -0.358864
vn 0.595939 0.657725 -0.460711
vn 0.333731 0.881210 -0.334804
vn 0.173162 0.938318 -0.299291
vn 0.210967 0.927898 -0.307405
vn 0.124185 0.674710 0.727561
vn 0.444801 0.882304 0.153920
vn 0.317447 0.883045 0.345628
vn 0.633942 0.736427 -0.236204
vn 0.850087 0.498286 -0.170480
vn 0.822256 0.554152 -0.129653
vn 0.890615 -0.025272 -0.454055
vn 0.154224 -0.364756 0.918242
vn 0.925934 0.186062 -0.328675
vn 0.548456 0.810953 0.203841
vn 0.428724 0.881888 0.196137
vn 0.689671 0.721038 -0.066770
vn -0.516390 -0.843744 0.146418
vn -0.057864 -0.898710 0.434708
vn -0.438524 -0.796794 0.415712
vn -0.389400 -0.920698 0.026150
vn -0.516390 -0.843744 0.146418
vn -0.788095 -0.597669 0.147303
vn 0.333731 0.881210 -0.334804
vn 0.331452 0.821807 -0.463436
vn 0.173162 0.938318 -0.299291
vn 0.505567 0.850396 0.145700
vn 0.246837 0.967555 -0.053935
vn 0.542480 0.839202 -0.038164
vn -0.557715 0.612677 -0.559983
vn 0.246837 0.967555 -0.053935
vn -0.780344 0.272308 -0.562949
vn 0.542480 0.839202 -0.038164
vn 0.531417 0.749520 -0.394735
vn 0.505567 0.850396 0.145700
vn 0.039411 0.999027 -0.019800
vn 0.102444 0.994738 0.001266
vn 0.203414 0.977579 -0.054419
vn 0.142710 0.983471 0.111440
vn 0.102444 0.994738 0.001266
vn 0.007553 0.999970 0.001904
vn 0.383798 0.881691 0.274446
vn 0.299778 0.947569 0.110665
vn 0.350478 0.888250 0.296946
vn 0.142710 0.983471 0.111440
vn 0.350478 0.888250 0.296946
vn 0.299778 0.947569 0.110665
vn -0.150245 0.598088 -0.787221
vn 0.369235 0.917220 0.149574
vn 0.348186 0.912463 0.214890
vn 0.271078 0.947488 0.169657
vn 0.369235 0.917220 0.149574
vn -0.257675 0.460014 -0.849701
vn -0.052886 0.996084 -0.070850
vn -0.001129 0.999999 0.000660
vn 0.061596 0.998067 -0.008305
vn -0.000011 0.999999 -0.001368
vn -0.001129 0.999999 0.000660
vn -0.021953 0.999540 -0.020936
vn -0.068650 -0.987339 0.142997
vn -0.217456 -0.962647 0.161320
vn -0.340910 -0.877809 0.336498
vn -0.030419 -0.999401 -0.016489
vn -0.068650 -0.987339 0.142997
vn -0.175864 -0.983044 -0.051935
vn -0.217456 -0.962647 0.161320
vn 0.132632 -0.979981 -0.148482
vn -0.340910 -0.877809 0.336498
vn -0.515212 -0.812847 0.271728
vn -0.340910 -0.877809 0.336498
vn 0.132632 -0.979981 -0.148482
vn 0.000058 -1.000000 0.000549
vn -0.111357 -0.986682 0.118564
vn -0.021018 -0.999764 0.005553
vn -0.068650 -0.987339 0.142997
vn -0.021018 -0.999764 0.005553
vn -0.111357 -0.986682 0.118564
vn -0.140900 -0.979936 -0.140973
vn -0.082511 -0.991286 -0.102685
vn 0.039341 -0.973200 -0.226569
vn -0.140900 -0.979936 -0.140973
vn 0.056510 -0.955109 -0.290816
vn -0.217456 -0.962647 0.161320
vn 0.004315 -0.999989 0.001824
vn -0.036750 -0.999324 0.000314
vn 0.001113 -0.999999 -0.000449
vn -0.169457 -0.984341 0.048548
vn -0.036750 -0.999324 0.000314
vn -0.072643 -0.997143 -0.020711
vn -0.261882 0.938949 -0.223141
vn -0.283395 0.896325 -0.341012
vn -0.192284 0.944354 -0.266877
vn -0.052886 0.996084 -0.070850
vn -0.283395 0.896325 -0.341012
vn -0.202200 0.957338 -0.206445
vn -0.021953 0.999540 -0.020936
vn -0.052886 0.996084 -0.070850
vn -0.202200 0.957338 -0.206445
vn 0.034637 0.996094 -0.081222
vn -0.052886 0.996084 -0.070850
vn 0.061596 0.998067 -0.008305
vn 0.325344 0.937332 -0.124738
vn 0.196300 0.976764 0.086016
vn 0.454174 0.850600 -0.264965
vn 0.000171 0.987582 -0.157102
vn -0.188838 0.942324 -0.276342
vn -0.161085 0.954278 -0.251802
vn -0.203074 0.950300 -0.235991
vn -0.144911 0.988336 -0.046834
vn 0.096563 0.939292 0.329252
vn -0.283395 0.896325 -0.341012
vn -0.203074 0.950300 -0.235991
vn -0.192284 0.944354 -0.266877
vn 0.084862 0.952036 0.293982
vn 0.536608 -0.653521 0.533818
vn 0.607383 0.349410 0.713441
vn 0.345238 0.793705 0.500843
vn 0.471038 -0.562431 0.679555
vn 0.536608 -0.653521 0.533818
vn -0.203074 0.950300 -0.235991
vn 0.084862 0.952036 0.293982
vn -0.192284 0.944354 -0.266877
vn 0.536608 -0.653521 0.533818
vn 0.084862 0.952036 0.293982
vn 0.345238 0.793705 0.500843
vn 0.197567 -0.257543 0.945854
vn -0.850565 -0.465580 0.244488
vn -0.772702 -0.464878 0.432228
vn -0.322419 -0.926706 0.193034
vn -0.319193 -0.943389 0.090180
vn -0.034031 -0.999384 0.008625
vn -0.458727 -0.767487 -0.447809
vn -0.143879 -0.937636 -0.316445
vn -0.140220 -0.763676 -0.630189
vn 0.286190 -0.934730 0.210652
vn -0.143879 -0.937636 -0.316445
vn -0.387905 -0.910967 0.140249
vn -0.322419 -0.926706 0.193034
vn -0.886478 -0.352800 0.299481
vn -0.816270 -0.477487 0.325130
vn -0.933194 -0.252039 0.256173
vn -0.816270 -0.477487 0.325130
vn -0.954968 0.031524 0.295028
vn 0.039341 -0.973200 -0.226569
vn 0.075228 -0.987999 -0.134903
vn 0.056510 -0.955109 -0.290816
vn 0.075228 -0.987999 -0.134903
vn 0.039341 -0.973200 -0.226569
vn 0.008261 -0.999896 -0.011844
vn -0.082511 -0.991286 -0.102685
vn -0.169457 -0.984341 0.048548
vn -0.072643 -0.997143 -0.020711
vn -0.034031 -0.999384 0.008625
vn 0.075228 -0.987999 -0.134903
vn -0.014768 -0.999891 0.000611
vn 0.056510 -0.955109 -0.290816
vn 0.075228 -0.987999 -0.134903
vn 0.153180 -0.954789 -0.254782
vn 0.008261 -0.999896 -0.011844
vn 0.039341 -0.973200 -0.226569
vn -0.001595 -0.999289 -0.037670
vn 0.132632 -0.979981 -0.148482
vn 0.056510 -0.955109 -0.290816
vn 0.153180 -0.954789 -0.254782
vn -0.217456 -0.962647 0.161320
vn -0.169457 -0.984341 0.048548
vn -0.140900 -0.979936 -0.140973
vn -0.887432 -0.446499 0.114469
vn -0.438524 -0.796794 0.415712
vn -0.941792 -0.155602 0.298021
vn -0.788095 -0.597669 0.147303
vn -0.845620 -0.504687 0.173833
vn -0.389400 -0.920698 0.026150
vn -0.941792 -0.155602 0.298021
vn -0.954968 0.031524 0.295028
vn -0.946625 -0.000470 0.322336
vn -0.887432 -0.446499 0.114469
vn -0.941792 -0.155602 0.298021
vn -0.970102 -0.104805 0.218900
vn -0.424832 -0.896739 0.124004
vn -0.014768 -0.999891 0.000611
vn -0.023135 -0.999571 0.017973
vn -0.970102 -0.104805 0.218900
vn -0.955974 -0.160911 0.245402
vn -0.893746 -0.417747 0.163420
vn -0.941792 -0.155602 0.298021
vn -0.946625 -0.000470 0.322336
vn -0.970102 -0.104805 0.218900
vn -0.516390 -0.843744 0.146418
vn -0.887432 -0.446499 0.114469
vn -0.893746 -0.417747 0.163420
vn -0.589584 -0.133485 -0.796601
vn -0.353963 -0.421355 -0.834967
vn -0.346647 -0.827944 -0.440846
vn -0.353963 -0.421355 -0.834967
vn -0.060672 0.755511 -0.652320
vn 0.063692 0.729215 -0.681314
vn 0.429022 0.884239 0.184556
vn 0.343071 0.936484 0.072801
vn 0.356064 0.916513 0.182272
vn 0.381008 0.902115 0.202536
vn 0.271078 0.947488 0.169657
vn 0.436275 0.887827 0.146379
vn 0.436275 0.887827 0.146379
vn 0.063692 0.729215 -0.681314
vn 0.412940 0.905039 0.101904
vn 0.429022 0.884239 0.184556
vn 0.356064 0.916513 0.182272
vn 0.423546 0.888536 0.176389
vn 0.603266 0.666531 -0.437957
vn 0.595939 0.657725 -0.460711
vn 0.699854 0.623153 -0.349118
vn 0.329819 0.873176 -0.358864
vn 0.210967 0.927898 -0.307405
vn 0.173162 0.938318 -0.299291
vn 0.503248 0.824133 -0.259896
vn 0.699854 0.623153 -0.349118
vn 0.588479 0.805737 0.066935
vn 0.388679 0.868505 -0.307615
vn 0.633942 0.736427 -0.236204
vn 0.210967 0.927898 -0.307405
vn 0.633942 0.736427 -0.236204
vn 0.568721 0.748551 -0.340922
vn 0.333731 0.881210 -0.334804
vn 0.542480 0.839202 -0.038164
vn 0.448974 0.777991 -0.439492
vn 0.531417 0.749520 -0.394735
vn 0.124185 0.674710 0.727561
vn -0.103960 0.587622 0.802429
vn -0.165036 0.220243 0.961382
vn 0.444801 0.882304 0.153920
vn 0.488215 0.848498 -0.204197
vn 0.503248 0.824133 -0.259896
vn 0.890615 -0.025272 -0.454055
vn 0.925934 0.186062 -0.328675
vn 0.851151 -0.103605 -0.514594
vn 0.154224 -0.364756 0.918242
vn 0.249801 -0.775939 0.579240
vn -0.235331 0.592763 0.770228
vn 0.585764 -0.706044 -0.397973
vn 0.851151 -0.103605 -0.514594
vn 0.729353 -0.487972 -0.479508
vn -0.925915 -0.344096 0.155818
vn -0.940615 -0.308337 0.142028
vn -0.947750 -0.289020 0.135045
vn -0.235331 0.592763 0.770228
vn 0.418988 0.860646 0.289373
vn 0.428724 0.881888 0.196137
vn 0.548456 0.810953 0.203841
vn 0.124185 0.674710 0.727561
vn 0.428724 0.881888 0.196137
vn -0.057864 -0.898710 0.434708
vn -0.516390 -0.843744 0.146418
vn -0.016359 -0.999793 0.012080
vn -0.455509 -0.890215 -0.005400
vn 0.585764 -0.706044 -0.397973
vn -0.389400 -0.920698 0.026150
vn -0.516390 -0.843744 0.146418
vn -0.438524 -0.796794 0.415712
vn -0.887432 -0.446499 0.114469
vn -0.516390 -0.843744 0.146418
vn -0.389400 -0.920698 0.026150
vn 0.198121 -0.955971 -0.216490
vn -0.516390 -0.843744 0.146418
vn -0.893746 -0.417747 0.163420
vn -0.788095 -0.597669 0.147303
vn -0.925915 -0.344096 0.155818
vn -0.788095 -0.597669 0.147303
vn -0.893746 -0.417747 0.163420
vn 0.448974 0.777991 -0.439492
vn 0.476394 0.868178 -0.138982
vn 0.454394 0.840711 -0.294501
vn 0.246837 0.967555 -0.053935
vn 0.476394 0.868178 -0.138982
vn 0.542480 0.839202 -0.038164
vn 0.510179 0.860066 0.002038
vn 0.429022 0.884239 0.184556
vn 0.505567 0.850396 0.145700
vn 0.429022 0.884239 0.184556
vn 0.460374 0.869409 0.179396
vn 0.505567 0.850396 0.145700
vn 0.343071 0.936484 0.072801
vn 0.429022 0.884239 0.184556
vn 0.510179 0.860066 0.002038
vn 0.460374 0.869409 0.179396
vn 0.429022 0.884239 0.184556
vn 0.423546 0.888536 0.176389
vn 0.647044 0.591864 -0.480657
vn 0.454174 0.850600 -0.264965
vn 0.539987 0.551009 -0.636241
vn 0.343071 0.936484 0.072801
vn 0.196300 0.976764 0.086016
vn 0.322313 0.942847 0.084585
vn 0.412940 0.905039 0.101904
vn 0.460374 0.869409 0.179396
vn 0.423546 0.888536 0.176389
vn 0.460374 0.869409 0.179396
vn -0.007436 0.934115 -0.356895
vn 0.246837 0.967555 -0.053935
vn 0.412940 0.905039 0.101904
vn 0.423546 0.888536 0.176389
vn 0.453852 0.883593 0.115244
vn -0.007436 0.934115 -0.356895
vn 0.412940 0.905039 0.101904
vn -0.060672 0.755511 -0.652320
vn 0.166434 0.982039 -0.088880
vn 0.159516 0.986415 -0.039249
vn 0.039411 0.999027 -0.019800
vn 0.108527 0.993778 -0.025048
vn 0.254901 0.964783 -0.064951
vn 0.000171 0.987582 -0.157102
vn 0.226263 -0.950052 0.214956
vn 0.102445 -0.988273 0.113235
vn 0.004315 -0.999989 0.001824
vn -0.082511 -0.991286 -0.102685
vn -0.001595 -0.999289 -0.037670
vn 0.039341 -0.973200 -0.226569
vn 0.096563 0.939292 0.329252
vn 0.401061 0.538255 0.741237
vn 0.471038 -0.562431 0.679555
vn -0.000715 -1.000000 -0.000571
vn 0.125421 -0.986314 0.107022
vn -0.000104 -1.000000 -0.000812
vn -0.072643 -0.997143 -0.020711
vn -0.034414 -0.999068 -0.026053
vn -0.082511 -0.991286 -0.102685
vn -0.082511 -0.991286 -0.102685
vn -0.034414 -0.999068 -0.026053
vn -0.001595 -0.999289 -0.037670
vn 0.004315 -0.999989 0.001824
vn -0.034414 -0.999068 -0.026053
vn -0.072643 -0.997143 -0.020711
vn -0.001595 -0.999289 -0.037670
vn -0.034414 -0.999068 -0.026053
vn -0.000104 -1.000000 -0.000812
vn -0.000104 -1.000000 -0.000812
vn 0.000099 -1.000000 0.000039
vn -0.001595 -0.999289 -0.037670
vn -0.034031 -0.999384 0.008625
vn -0.014768 -0.999891 0.000611
vn -0.322419 -0.926706 0.193034
vn 0.001361 -0.999993 0.003608
vn -0.001595 -0.999289 -0.037670
vn 0.000099 -1.000000 0.000039
vn 0.001361 -0.999993 0.003608
vn -0.014768 -0.999891 0.000611
vn 0.008261 -0.999896 -0.011844
vn -0.082511 -0.991286 -0.102685
vn -0.140900 -0.979936 -0.140973
vn -0.169457 -0.984341 0.048548
vn 0.039341 -0.973200 -0.226569
vn 0.056510 -0.955109 -0.290816
vn -0.140900 -0.979936 -0.140973
vn -0.252243 0.444205 -0.859683
vn 0.271078 0.947488 0.169657
vn -0.257675 0.460014 -0.849701
vn 0.381008 0.902115 0.202536
vn 0.436275 0.887827 0.146379
vn 0.453852 0.883593 0.115244
vn -0.398518 -0.176488 -0.900020
vn -0.505802 -0.277918 -0.816655
vn -0.252243 0.444205 -0.859683
vn -0.505802 -0.277918 -0.816655
vn -0.353963 -0.421355 -0.834967
vn 0.063692 0.729215 -0.681314
vn 0.436275 0.887827 0.146379
vn -0.252243 0.444205 -0.859683
vn 0.063692 0.729215 -0.681314
vn 0.063692 0.729215 -0.681314
vn -0.252243 0.444205 -0.859683
vn -0.505802 -0.277918 -0.816655
vn 0.503248 0.824133 -0.259896
vn 0.603266 0.666531 -0.437957
vn 0.699854 0.623153 -0.349118
vn 0.329819 0.873176 -0.358864
vn 0.603266 0.666531 -0.437957
vn 0.281965 0.883451 -0.374180
vn 0.317447 0.883045 0.345628
vn 0.503248 0.824133 -0.259896
vn 0.588479 0.805737 0.066935
vn 0.444801 0.882304 0.153920
vn 0.548456 0.810953 0.203841
vn 0.488215 0.848498 -0.204197
vn 0.752534 0.625470 -0.206105
vn 0.488215 0.848498 -0.204197
vn 0.716827 0.688729 -0.108677
vn 0.281965 0.883451 -0.374180
vn 0.503248 0.824133 -0.259896
vn 0.488215 0.848498 -0.204197
vn 0.716827 0.688729 -0.108677
vn 0.548456 0.810953 0.203841
vn 0.689671 0.721038 -0.066770
vn 0.752534 0.625470 -0.206105
vn 0.850087 0.498286 -0.170480
vn 0.633942 0.736427 -0.236204
vn 0.329819 0.873176 -0.358864
vn 0.259378 0.918286 -0.299123
vn 0.439986 0.813805 -0.379650
vn 0.331452 0.821807 -0.463436
vn 0.259378 0.918286 -0.299123
vn 0.173162 0.938318 -0.299291
vn 0.822256 0.554152 -0.129653
vn 0.664096 0.747633 0.004582
vn 0.568721 0.748551 -0.340922
vn 0.531417 0.749520 -0.394735
vn 0.510179 0.860066 0.002038
vn 0.505567 0.850396 0.145700
vn 0.568721 0.748551 -0.340922
vn 0.447096 0.666096 -0.597010
vn 0.331452 0.821807 -0.463436
vn 0.538555 0.681653 -0.495285
vn 0.664096 0.747633 0.004582
vn 0.626321 0.700741 -0.341591
vn 0.124185 0.674710 0.727561
vn 0.317447 0.883045 0.345628
vn -0.103960 0.587622 0.802429
vn 0.503248 0.824133 -0.259896
vn 0.317447 0.883045 0.345628
vn 0.444801 0.882304 0.153920
vn -0.408879 0.132353 0.902940
vn 0.124185 0.674710 0.727561
vn -0.165036 0.220243 0.961382
vn 0.124185 0.674710 0.727561
vn -0.235331 0.592763 0.770228
vn 0.428724 0.881888 0.196137
vn 0.418988 0.860646 0.289373
vn -0.235331 0.592763 0.770228
vn 0.249801 -0.775939 0.579240
vn 0.418988 0.860646 0.289373
vn 0.755910 0.654393 0.019242
vn 0.428724 0.881888 0.196137
vn 0.488215 0.848498 -0.204197
vn 0.548456 0.810953 0.203841
vn 0.716827 0.688729 -0.108677
vn 0.124185 0.674710 0.727561
vn 0.548456 0.810953 0.203841
vn 0.444801 0.882304 0.153920
vn 0.249801 -0.775939 0.579240
vn -0.344610 -0.582110 0.736473
vn 0.418988 0.860646 0.289373
vn 0.776970 0.575350 -0.255519
vn 0.689671 0.721038 -0.066770
vn 0.755910 0.654393 0.019242
vn 0.635689 0.757443 -0.148927
vn 0.705670 0.620767 -0.341583
vn 0.795462 0.601135 -0.076665
vn 0.689671 0.721038 -0.066770
vn 0.821216 0.521909 -0.230684
vn 0.716827 0.688729 -0.108677
vn -0.458026 -0.888939 -0.000215
vn 0.249801 -0.775939 0.579240
vn 0.500544 -0.788405 -0.357594
vn 0.197567 -0.257543 0.945854
vn 0.851056 0.521790 -0.058647
vn 0.755910 0.654393 0.019242
vn 0.197567 -0.257543 0.945854
vn -0.344610 -0.582110 0.736473
vn -0.850565 -0.465580 0.244488
vn -0.344610 -0.582110 0.736473
vn 0.249801 -0.775939 0.579240
vn -0.458026 -0.888939 -0.000215
vn 0.418988 0.860646 0.289373
vn -0.344610 -0.582110 0.736473
vn 0.755910 0.654393 0.019242
vn 0.197567 -0.257543 0.945854
vn 0.755910 0.654393 0.019242
vn -0.344610 -0.582110 0.736473
vn 0.755910 0.654393 0.019242
vn 0.689671 0.721038 -0.066770
vn 0.428724 0.881888 0.196137
vn 0.776970 0.575350 -0.255519
vn 0.784965 0.530682 -0.319699
vn 0.821216 0.521909 -0.230684
vn 0.585764 -0.706044 -0.397973
vn 0.890615 -0.025272 -0.454055
vn 0.851151 -0.103605 -0.514594
vn 0.154224 -0.364756 0.918242
vn 0.890615 -0.025272 -0.454055
vn 0.500544 -0.788405 -0.357594
vn 0.198121 -0.955971 -0.216490
vn 0.585764 -0.706044 -0.397973
vn 0.729353 -0.487972 -0.479508
vn -0.455509 -0.890215 -0.005400
vn -0.389400 -0.920698 0.026150
vn -0.845620 -0.504687 0.173833
vn -0.845620 -0.504687 0.173833
vn -0.850565 -0.465580 0.244488
vn -0.455509 -0.890215 -0.005400
vn -0.455509 -0.890215 -0.005400
vn -0.850565 -0.465580 0.244488
vn -0.458026 -0.888939 -0.000215
vn 0.154224 -0.364756 0.918242
vn -0.408879 0.132353 0.902940
vn -0.443728 -0.355743 0.822528
vn 0.124185 0.674710 0.727561
vn -0.408879 0.132353 0.902940
vn -0.235331 0.592763 0.770228
vn -0.516390 -0.843744 0.146418
vn 0.198121 -0.955971 -0.216490
vn -0.016359 -0.999793 0.012080
vn 0.585764 -0.706044 -0.397973
vn 0.198121 -0.955971 -0.216490
vn -0.389400 -0.920698 0.026150
vn 0.322313 0.942847 0.084585
vn 0.196300 0.976764 0.086016
vn 0.294061 0.955170 -0.034338
vn 0.412940 0.905039 0.101904
vn 0.453852 0.883593 0.115244
vn 0.436275 0.887827 0.146379
vn -0.052886 0.996084 -0.070850
vn 0.034637 0.996094 -0.081222
vn -0.173829 0.941938 -0.287290
vn 0.159516 0.986415 -0.039249
vn 0.034637 0.996094 -0.081222
vn 0.061596 0.998067 -0.008305
vn 0.289936 0.949691 -0.118423
vn 0.203414 0.977579 -0.054419
vn 0.338744 0.937202 -0.083098
vn 0.258818 0.963634 -0.066499
vn 0.175707 0.981404 0.077284
vn 0.211567 0.975801 0.055251
vn 0.358337 0.908547 -0.214793
vn 0.000171 0.987582 -0.157102
vn 0.254901 0.964783 -0.064951
vn 0.215514 0.876053 0.431376
vn 0.282967 0.763328 0.580741
vn 0.300845 -0.809072 0.504872
vn 0.102983 0.984197 0.144049
vn 0.215514 0.876053 0.431376
vn 0.586913 -0.421144 0.691499
vn 0.111615 -0.974766 0.193321
vn 0.079647 -0.990980 0.107769
vn 0.000099 -1.000000 0.000039
vn 0.471038 -0.562431 0.679555
vn 0.111615 -0.974766 0.193321
vn 0.125421 -0.986314 0.107022
vn 0.586913 -0.421144 0.691499
vn 0.111615 -0.974766 0.193321
vn 0.401061 0.538255 0.741237
vn -0.034414 -0.999068 -0.026053
vn -0.000715 -1.000000 -0.000571
vn -0.000104 -1.000000 -0.000812
vn 0.102445 -0.988273 0.113235
vn -0.000715 -1.000000 -0.000571
vn 0.004315 -0.999989 0.001824
vn 0.111615 -0.974766 0.193321
vn 0.000099 -1.000000 0.000039
vn -0.000104 -1.000000 -0.000812
vn 0.000099 -1.000000 0.000039
vn 0.079647 -0.990980 0.107769
vn 0.001361 -0.999993 0.003608
vn 0.300845 -0.809072 0.504872
vn 0.045870 -0.938588 0.341978
vn 0.060334 -0.996096 0.064436
vn -0.014768 -0.999891 0.000611
vn 0.001361 -0.999993 0.003608
vn -0.023135 -0.999571 0.017973
vn 0.001361 -0.999993 0.003608
vn 0.008261 -0.999896 -0.011844
vn -0.001595 -0.999289 -0.037670
vn 0.075228 -0.987999 -0.134903
vn 0.008261 -0.999896 -0.011844
vn -0.014768 -0.999891 0.000611
vn 0.568721 0.748551 -0.340922
vn 0.633942 0.736427 -0.236204
vn 0.822256 0.554152 -0.129653
vn 0.388679 0.868505 -0.307615
vn 0.210967 0.927898 -0.307405
vn 0.281965 0.883451 -0.374180
vn 0.488215 0.848498 -0.204197
vn 0.388679 0.868505 -0.307615
vn 0.281965 0.883451 -0.374180
vn 0.752534 0.625470 -0.206105
vn 0.633942 0.736427 -0.236204
vn 0.388679 0.868505 -0.307615
vn 0.633942 0.736427 -0.236204
vn 0.333731 0.881210 -0.334804
vn 0.210967 0.927898 -0.307405
vn 0.331452 0.821807 -0.463436
vn 0.333731 0.881210 -0.334804
vn 0.568721 0.748551 -0.340922
vn 0.816940 0.565097 -0.115215
vn 0.635689 0.757443 -0.148927
vn 0.516304 0.853052 0.075718
vn 0.196300 0.976764 0.086016
vn 0.325344 0.937332 -0.124738
vn 0.211567 0.975801 0.055251
vn 0.542480 0.839202 -0.038164
vn 0.476394 0.868178 -0.138982
vn 0.448974 0.777991 -0.439492
vn 0.488567 0.592438 -0.640562
vn 0.531417 0.749520 -0.394735
vn 0.447096 0.666096 -0.597010
vn 0.332430 0.864856 -0.376185
vn 0.448974 0.777991 -0.439492
vn 0.454394 0.840711 -0.294501
vn 0.447096 0.666096 -0.597010
vn 0.531417 0.749520 -0.394735
vn 0.448974 0.777991 -0.439492
vn 0.447096 0.666096 -0.597010
vn 0.448974 0.777991 -0.439492
vn 0.331452 0.821807 -0.463436
vn 0.332430 0.864856 -0.376185
vn 0.331452 0.821807 -0.463436
vn 0.448974 0.777991 -0.439492
vn 0.197567 -0.257543 0.945854
vn 0.110949 -0.520855 0.846404
vn 0.851056 0.521790 -0.058647
vn 0.550916 0.834397 0.016516
vn 0.477776 0.852730 0.211144
vn 0.442256 0.895974 0.040490
vn 0.776970 0.575350 -0.255519
vn 0.821216 0.521909 -0.230684
vn 0.689671 0.721038 -0.066770
vn 0.821216 0.521909 -0.230684
vn 0.816937 0.528747 -0.230304
vn 0.850087 0.498286 -0.170480
vn -0.322419 -0.926706 0.193034
vn -0.424832 -0.896739 0.124004
vn -0.886478 -0.352800 0.299481
vn 0.060334 -0.996096 0.064436
vn 0.001361 -0.999993 0.003608
vn 0.079647 -0.990980 0.107769
vn -0.455509 -0.890215 -0.005400
vn -0.458026 -0.888939 -0.000215
vn 0.500544 -0.788405 -0.357594
vn -0.344610 -0.582110 0.736473
vn -0.458026 -0.888939 -0.000215
vn -0.850565 -0.465580 0.244488
vn 0.343071 0.936484 0.072801
vn 0.322313 0.942847 0.084585
vn 0.356064 0.916513 0.182272
vn 0.423546 0.888536 0.176389
vn 0.356064 0.916513 0.182272
vn 0.322313 0.942847 0.084585
vn 0.211567 0.975801 0.055251
vn 0.289936 0.949691 -0.118423
vn 0.294061 0.955170 -0.034338
vn 0.203414 0.977579 -0.054419
vn 0.102444 0.994738 0.001266
vn 0.317559 0.946316 0.060352
vn 0.423546 0.888536 0.176389
vn 0.322313 0.942847 0.084585
vn 0.453852 0.883593 0.115244
vn 0.338744 0.937202 -0.083098
vn 0.317559 0.946316 0.060352
vn 0.393142 0.919425 -0.009819
vn 0.039411 0.999027 -0.019800
vn 0.159516 0.986415 -0.039249
vn 0.061596 0.998067 -0.008305
vn 0.175707 0.981404 0.077284
vn 0.159516 0.986415 -0.039249
vn 0.254985 0.962333 -0.094328
vn 0.211567 0.975801 0.055251
vn 0.175707 0.981404 0.077284
vn 0.254985 0.962333 -0.094328
vn 0.108527 0.993778 -0.025048
vn 0.175707 0.981404 0.077284
vn 0.254901 0.964783 -0.064951
vn 0.289936 0.949691 -0.118423
vn 0.211567 0.975801 0.055251
vn 0.254985 0.962333 -0.094328
vn 0.454174 0.850600 -0.264965
vn 0.196300 0.976764 0.086016
vn 0.343071 0.936484 0.072801
vn 0.289936 0.949691 -0.118423
vn 0.254985 0.962333 -0.094328
vn 0.166434 0.982039 -0.088880
vn 0.289936 0.949691 -0.118423
vn 0.338744 0.937202 -0.083098
vn 0.294061 0.955170 -0.034338
vn 0.454174 0.850600 -0.264965
vn 0.647044 0.591864 -0.480657
vn 0.325344 0.937332 -0.124738
vn 0.258818 0.963634 -0.066499
vn 0.325344 0.937332 -0.124738
vn 0.518576 0.807291 -0.281708
vn 0.289936 0.949691 -0.118423
vn 0.166434 0.982039 -0.088880
vn 0.203414 0.977579 -0.054419
vn 0.159516 0.986415 -0.039249
vn 0.166434 0.982039 -0.088880
vn 0.254985 0.962333 -0.094328
vn -0.203074 0.950300 -0.235991
vn -0.161085 0.954278 -0.251802
vn -0.144911 0.988336 -0.046834
vn -0.161085 0.954278 -0.251802
vn -0.173829 0.941938 -0.287290
vn 0.034637 0.996094 -0.081222
vn 0.254901 0.964783 -0.064951
vn 0.258818 0.963634 -0.066499
vn 0.518576 0.807291 -0.281708
vn 0.635689 0.757443 -0.148927
vn 0.816937 0.528747 -0.230304
vn 0.705670 0.620767 -0.341583
vn 0.536608 -0.653521 0.533818
vn 0.471038 -0.562431 0.679555
vn 0.125421 -0.986314 0.107022
vn 0.096563 0.939292 0.329252
vn 0.471038 -0.562431 0.679555
vn 0.345238 0.793705 0.500843
vn -0.203074 0.950300 -0.235991
vn 0.096563 0.939292 0.329252
vn 0.345238 0.793705 0.500843
vn -0.144911 0.988336 -0.046834
vn 0.401061 0.538255 0.741237
vn 0.096563 0.939292 0.329252
vn 0.110949 -0.520855 0.846404
vn -0.715795 -0.598035 0.360544
vn -0.352579 -0.842527 0.407230
vn -0.352579 -0.842527 0.407230
vn -0.385364 -0.897728 0.213494
vn -0.066622 -0.995916 0.060939
vn 0.488567 0.592438 -0.640562
vn 0.513100 0.772765 -0.373582
vn 0.531417 0.749520 -0.394735
vn 0.538555 0.681653 -0.495285
vn 0.447096 0.666096 -0.597010
vn 0.568721 0.748551 -0.340922
vn 0.821216 0.521909 -0.230684
vn 0.850087 0.498286 -0.170480
vn 0.752534 0.625470 -0.206105
vn 0.816940 0.565097 -0.115215
vn 0.850087 0.498286 -0.170480
vn 0.816937 0.528747 -0.230304
vn -0.947750 -0.289020 0.135045
vn -0.850565 -0.465580 0.244488
vn -0.845620 -0.504687 0.173833
vn 0.647230 -0.138827 0.749547
vn 0.110949 -0.520855 0.846404
vn -0.352579 -0.842527 0.407230
vn 0.001361 -0.999993 0.003608
vn 0.060334 -0.996096 0.064436
vn -0.066622 -0.995916 0.060939
vn -0.715795 -0.598035 0.360544
vn -0.955974 -0.160911 0.245402
vn -0.790598 -0.548558 0.272101
vn 0.294061 0.955170 -0.034338
vn 0.196300 0.976764 0.086016
vn 0.211567 0.975801 0.055251
vn 0.393142 0.919425 -0.009819
vn 0.294061 0.955170 -0.034338
vn 0.338744 0.937202 -0.083098
vn 0.299778 0.947569 0.110665
vn 0.383798 0.881691 0.274446
vn 0.317559 0.946316 0.060352
vn 0.317559 0.946316 0.060352
vn 0.381008 0.902115 0.202536
vn 0.393142 0.919425 -0.009819
vn 0.393142 0.919425 -0.009819
vn 0.322313 0.942847 0.084585
vn 0.294061 0.955170 -0.034338
vn 0.381008 0.902115 0.202536
vn 0.317559 0.946316 0.060352
vn 0.383798 0.881691 0.274446
vn 0.271078 0.947488 0.169657
vn 0.381008 0.902115 0.202536
vn 0.383798 0.881691 0.274446
vn 0.453852 0.883593 0.115244
vn 0.393142 0.919425 -0.009819
vn 0.381008 0.902115 0.202536
vn 0.513100 0.772765 -0.373582
vn 0.454174 0.850600 -0.264965
vn 0.343071 0.936484 0.072801
vn 0.454174 0.850600 -0.264965
vn 0.513100 0.772765 -0.373582
vn 0.539987 0.551009 -0.636241
vn 0.175707 0.981404 0.077284
vn 0.258818 0.963634 -0.066499
vn 0.254901 0.964783 -0.064951
vn 0.211567 0.975801 0.055251
vn 0.325344 0.937332 -0.124738
vn 0.258818 0.963634 -0.066499
vn 0.518576 0.807291 -0.281708
vn 0.358337 0.908547 -0.214793
vn 0.254901 0.964783 -0.064951
vn 0.150468 0.971922 -0.180908
vn 0.358337 0.908547 -0.214793
vn 0.434067 0.871601 -0.227810
vn 0.477776 0.852730 0.211144
vn 0.550916 0.834397 0.016516
vn 0.664096 0.747633 0.004582
vn 0.518576 0.807291 -0.281708
vn 0.434067 0.871601 -0.227810
vn 0.358337 0.908547 -0.214793
vn 0.300845 -0.809072 0.504872
vn 0.060334 -0.996096 0.064436
vn 0.266735 -0.892025 0.364890
vn -0.066622 -0.995916 0.060939
vn 0.060334 -0.996096 0.064436
vn 0.045870 -0.938588 0.341978
vn 0.401061 0.538255 0.741237
vn 0.102983 0.984197 0.144049
vn 0.586913 -0.421144 0.691499
vn -0.144911 0.988336 -0.046834
vn 0.102983 0.984197 0.144049
vn 0.401061 0.538255 0.741237
vn -0.352579 -0.842527 0.407230
vn -0.066622 -0.995916 0.060939
vn 0.045870 -0.938588 0.341978
vn -0.066622 -0.995916 0.060939
vn -0.385364 -0.897728 0.213494
vn -0.023135 -0.999571 0.017973
vn 0.691708 0.720526 -0.048807
vn 0.647230 -0.138827 0.749547
vn 0.282967 0.763328 0.580741
vn -0.385364 -0.897728 0.213494
vn -0.352579 -0.842527 0.407230
vn -0.715795 -0.598035 0.360544
vn 0.266735 -0.892025 0.364890
vn 0.060334 -0.996096 0.064436
vn 0.079647 -0.990980 0.107769
vn 0.215514 0.876053 0.431376
vn 0.170495 0.948262 0.267826
vn 0.282967 0.763328 0.580741
vn 0.282967 0.763328 0.580741
vn 0.317982 0.887702 0.332974
vn 0.691708 0.720526 -0.048807
vn 0.045870 -0.938588 0.341978
vn 0.300845 -0.809072 0.504872
vn 0.282967 0.763328 0.580741
vn 0.691708 0.720526 -0.048807
vn 0.635689 0.757443 -0.148927
vn 0.795462 0.601135 -0.076665
vn 0.197567 -0.257543 0.945854
vn -0.772702 -0.464878 0.432228
vn 0.110949 -0.520855 0.846404
vn 0.691708 0.720526 -0.048807
vn 0.317982 0.887702 0.332974
vn 0.635689 0.757443 -0.148927
vn 0.647230 -0.138827 0.749547
vn 0.691708 0.720526 -0.048807
vn 0.795462 0.601135 -0.076665
vn 0.317982 0.887702 0.332974
vn 0.170495 0.948262 0.267826
vn 0.244655 0.941745 0.230780
vn 0.518576 0.807291 -0.281708
vn 0.647044 0.591864 -0.480657
vn 0.550916 0.834397 0.016516
vn 0.647230 -0.138827 0.749547
vn 0.795462 0.601135 -0.076665
vn 0.110949 -0.520855 0.846404
vn 0.045870 -0.938588 0.341978
vn 0.647230 -0.138827 0.749547
vn -0.352579 -0.842527 0.407230
vn 0.110949 -0.520855 0.846404
vn 0.795462 0.601135 -0.076665
vn 0.851056 0.521790 -0.058647
vn -0.715795 -0.598035 0.360544
vn 0.110949 -0.520855 0.846404
vn -0.772702 -0.464878 0.432228
vn 0.531417 0.749520 -0.394735
vn 0.513100 0.772765 -0.373582
vn 0.510179 0.860066 0.002038
vn 0.513100 0.772765 -0.373582
vn 0.488567 0.592438 -0.640562
vn 0.539987 0.551009 -0.636241
vn -0.845620 -0.504687 0.173833
vn -0.788095 -0.597669 0.147303
vn -0.925915 -0.344096 0.155818
vn -0.772702 -0.464878 0.432228
vn -0.947750 -0.289020 0.135045
vn -0.940615 -0.308337 0.142028
vn -0.066622 -0.995916 0.060939
vn -0.023135 -0.999571 0.017973
vn 0.001361 -0.999993 0.003608
vn -0.424832 -0.896739 0.124004
vn -0.023135 -0.999571 0.017973
vn -0.385364 -0.897728 0.213494
vn -0.424832 -0.896739 0.124004
vn -0.385364 -0.897728 0.213494
vn -0.790598 -0.548558 0.272101
vn -0.014768 -0.999891 0.000611
vn -0.424832 -0.896739 0.124004
vn -0.322419 -0.926706 0.193034
vn 0.539987 0.551009 -0.636241
vn 0.488567 0.592438 -0.640562
vn 0.538555 0.681653 -0.495285
vn 0.539987 0.551009 -0.636241
vn 0.626321 0.700741 -0.341591
vn 0.647044 0.591864 -0.480657
vn 0.550916 0.834397 0.016516
vn 0.647044 0.591864 -0.480657
vn 0.626321 0.700741 -0.341591
vn 0.518576 0.807291 -0.281708
vn 0.325344 0.937332 -0.124738
vn 0.647044 0.591864 -0.480657
vn 0.822256 0.554152 -0.129653
vn 0.850087 0.498286 -0.170480
vn 0.816940 0.565097 -0.115215
vn 0.244655 0.941745 0.230780
vn 0.635689 0.757443 -0.148927
vn 0.317982 0.887702 0.332974
vn 0.635689 0.757443 -0.148927
vn 0.816940 0.565097 -0.115215
vn 0.816937 0.528747 -0.230304
vn 0.816940 0.565097 -0.115215
vn 0.477776 0.852730 0.211144
vn 0.823232 0.566522 -0.036617
vn -0.144911 0.988336 -0.046834
vn -0.188838 0.942324 -0.276342
vn 0.102983 0.984197 0.144049
vn 0.000171 0.987582 -0.157102
vn 0.358337 0.908547 -0.214793
vn 0.150468 0.971922 -0.180908
vn 0.244655 0.941745 0.230780
vn 0.170495 0.948262 0.267826
vn 0.434067 0.871601 -0.227810
vn 0.150468 0.971922 -0.180908
vn 0.102983 0.984197 0.144049
vn -0.188838 0.942324 -0.276342
vn 0.282967 0.763328 0.580741
vn 0.170495 0.948262 0.267826
vn 0.317982 0.887702 0.332974
vn 0.215514 0.876053 0.431376
vn 0.150468 0.971922 -0.180908
vn 0.170495 0.948262 0.267826
vn 0.816937 0.528747 -0.230304
vn 0.784965 0.530682 -0.319699
vn 0.705670 0.620767 -0.341583
vn 0.776970 0.575350 -0.255519
vn 0.755910 0.654393 0.019242
vn 0.851056 0.521790 -0.058647
vn 0.821216 0.521909 -0.230684
vn 0.784965 0.530682 -0.319699
vn 0.816937 0.528747 -0.230304
vn 0.851056 0.521790 -0.058647
vn 0.784965 0.530682 -0.319699
vn 0.776970 0.575350 -0.255519
vn 0.795462 0.601135 -0.076665
vn 0.705670 0.620767 -0.341583
vn 0.851056 0.521790 -0.058647
vn 0.851056 0.521790 -0.058647
vn 0.705670 0.620767 -0.341583
vn 0.784965 0.530682 -0.319699
vn 0.442256 0.895974 0.040490
vn 0.244655 0.941745 0.230780
vn 0.434067 0.871601 -0.227810
vn 0.477776 0.852730 0.211144
vn 0.516304 0.853052 0.075718
vn 0.244655 0.941745 0.230780
vn 0.664096 0.747633 0.004582
vn 0.550916 0.834397 0.016516
vn 0.626321 0.700741 -0.341591
vn 0.442256 0.895974 0.040490
vn 0.477776 0.852730 0.211144
vn 0.244655 0.941745 0.230780
vn 0.266735 -0.892025 0.364890
vn 0.215514 0.876053 0.431376
vn 0.300845 -0.809072 0.504872
vn 0.111615 -0.974766 0.193321
vn 0.586913 -0.421144 0.691499
vn 0.079647 -0.990980 0.107769
vn -0.161085 0.954278 -0.251802
vn -0.188838 0.942324 -0.276342
vn -0.144911 0.988336 -0.046834
vn 0.150468 0.971922 -0.180908
vn -0.188838 0.942324 -0.276342
vn 0.000171 0.987582 -0.157102
vn 0.434067 0.871601 -0.227810
vn 0.518576 0.807291 -0.281708
vn 0.442256 0.895974 0.040490
vn 0.550916 0.834397 0.016516
vn 0.442256 0.895974 0.040490
vn 0.518576 0.807291 -0.281708
vn 0.816940 0.565097 -0.115215
vn 0.516304 0.853052 0.075718
vn 0.477776 0.852730 0.211144
vn 0.635689 0.757443 -0.148927
vn 0.244655 0.941745 0.230780
vn 0.516304 0.853052 0.075718
vn 0.079647 -0.990980 0.107769
vn 0.586913 -0.421144 0.691499
vn 0.266735 -0.892025 0.364890
vn 0.215514 0.876053 0.431376
vn 0.266735 -0.892025 0.364890
vn 0.586913 -0.421144 0.691499
vn -0.547213 -0.826382 0.132858
vn -0.362746 -0.899551 0.243360
vn -0.515212 -0.812847 0.271728
vn -0.068650 -0.987339 0.142997
vn -0.362746 -0.899551 0.243360
vn -0.175864 -0.983044 -0.051935
vn -0.816270 -0.477487 0.325130
vn -0.946625 -0.000470 0.322336
vn -0.954968 0.031524 0.295028
vn -0.946625 -0.000470 0.322336
vn -0.886478 -0.352800 0.299481
vn -0.970102 -0.104805 0.218900
vn -0.955974 -0.160911 0.245402
vn -0.970102 -0.104805 0.218900
vn -0.886478 -0.352800 0.299481
vn -0.887432 -0.446499 0.114469
vn -0.970102 -0.104805 0.218900
vn -0.893746 -0.417747 0.163420
vn 0.536608 -0.653521 0.533818
vn 0.102445 -0.988273 0.113235
vn 0.226263 -0.950052 0.214956
vn -0.000715 -1.000000 -0.000571
vn 0.102445 -0.988273 0.113235
vn 0.125421 -0.986314 0.107022
vn 0.823232 0.566522 -0.036617
vn 0.664096 0.747633 0.004582
vn 0.822256 0.554152 -0.129653
vn 0.626321 0.700741 -0.341591
vn 0.539987 0.551009 -0.636241
vn 0.538555 0.681653 -0.495285
vn 0.816940 0.565097 -0.115215
vn 0.823232 0.566522 -0.036617
vn 0.822256 0.554152 -0.129653
vn 0.477776 0.852730 0.211144
vn 0.664096 0.747633 0.004582
vn 0.823232 0.566522 -0.036617
vn 0.447096 0.666096 -0.597010
vn 0.538555 0.681653 -0.495285
vn 0.488567 0.592438 -0.640562
vn 0.568721 0.748551 -0.340922
vn 0.664096 0.747633 0.004582
vn 0.538555 0.681653 -0.495285
vn -0.790598 -0.548558 0.272101
vn -0.955974 -0.160911 0.245402
vn -0.886478 -0.352800 0.299481
vn -0.940615 -0.308337 0.142028
vn -0.955974 -0.160911 0.245402
vn -0.715795 -0.598035 0.360544
vn -0.424832 -0.896739 0.124004
vn -0.790598 -0.548558 0.272101
vn -0.886478 -0.352800 0.299481
vn -0.715795 -0.598035 0.360544
vn -0.790598 -0.548558 0.272101
vn -0.385364 -0.897728 0.213494
vn -0.772702 -0.464878 0.432228
vn -0.940615 -0.308337 0.142028
vn -0.715795 -0.598035 0.360544
vn -0.925915 -0.344096 0.155818
vn -0.947750 -0.289020 0.135045
vn -0.845620 -0.504687 0.173833
vn -0.893746 -0.417747 0.163420
vn -0.955974 -0.160911 0.245402
vn -0.925915 -0.344096 0.155818
vn -0.940615 -0.308337 0.142028
vn -0.925915 -0.344096 0.155818
vn -0.955974 -0.160911 0.245402
vn 0.205119 -0.975524 0.079237
vn 0.005326 -0.999613 -0.027321
vn 0.002888 -0.988991 0.147945
vn 0.791049 -0.608863 0.059389
vn 0.709769 -0.692427 0.129510
vn 0.154357 0.278937 -0.947823
vn -0.324755 0.834931 -0.444325
vn 0.244441 0.396488 -0.884899
vn 0.154357 0.278937 -0.947823
vn 0.183760 -0.978117 -0.097565
vn 0.057279 -0.998193 -0.018178
vn 0.328617 -0.944401 -0.010819
vn -0.350046 0.936408 0.024662
vn -0.324755 0.834931 -0.444325
vn -0.378061 0.759320 -0.529625
vn 0.066259 -0.989866 0.125603
vn 0.074233 -0.997038 0.020129
vn 0.019618 -0.999746 0.011106
vn -0.492877 0.863985 -0.102967
vn -0.492481 0.822256 -0.285232
vn -0.476130 0.848648 -0.230429
vn -0.501048 0.622506 -0.601197
vn 0.162941 0.844967 -0.509393
vn -0.026623 0.732899 -0.679816
vn 0.709769 -0.692427 0.129510
vn -0.131707 0.552100 -0.823310
vn 0.154357 0.278937 -0.947823
vn -0.039640 0.991729 -0.122073
vn -0.324755 0.834931 -0.444325
vn -0.213222 0.882203 0.419827
vn -0.037858 -0.972305 -0.230631
vn -0.031915 -0.987254 -0.155918
vn -0.252649 -0.894489 -0.368861
vn -0.283091 0.920242 0.270210
vn -0.375590 0.912874 0.159979
vn -0.171794 0.963069 0.207329
vn -0.224121 0.944468 0.240312
vn -0.350919 0.923685 0.153826
vn -0.276655 0.960630 0.025551
vn -0.035273 0.999011 0.027070
vn -0.192952 0.980623 -0.033879
vn -0.171794 0.963069 0.207329
vn -0.052822 0.842815 0.535604
vn -0.081766 0.914779 0.395592
vn -0.156978 0.817057 0.554776
vn 0.452175 0.678762 -0.578637
vn 0.220787 0.798901 -0.559473
vn 0.326141 0.804576 -0.496276
vn 0.582202 0.591263 0.558076
vn 0.148482 -0.631440 0.761076
vn 0.768240 0.638367 0.047911
vn -0.039640 0.991729 -0.122073
vn 0.254566 0.469156 -0.845629
vn 0.638514 -0.424526 -0.641932
vn 0.319300 0.939285 -0.125664
vn -0.161355 0.906927 0.389164
vn 0.372617 0.911643 -0.173389
vn 0.334287 0.849417 -0.408342
vn -0.052822 0.842815 0.535604
vn -0.156978 0.817057 0.554776
vn 0.334287 0.849417 -0.408342
vn 0.254566 0.469156 -0.845629
vn -0.052822 0.842815 0.535604
vn 0.178533 -0.665486 0.724744
vn -0.880969 0.387622 0.271370
vn 0.307673 -0.628232 0.714606
vn -0.128805 -0.120763 0.984289
vn -0.306603 -0.756388 0.577816
vn 0.148482 -0.631440 0.761076
vn 0.372617 0.911643 -0.173389
vn -0.161355 0.906927 0.389164
vn -0.080548 0.945899 0.314305
vn -0.042017 0.997617 0.054725
vn -0.186738 0.970255 0.154058
vn -0.342475 0.939364 -0.017510
vn -0.033247 0.994388 -0.100431
vn -0.080815 0.994860 -0.061006
vn -0.042324 0.998979 -0.015787
vn -0.003209 0.999995 -0.000274
vn -0.000656 0.999964 0.008481
vn 0.000000 1.000000 0.000000
vn -0.259028 0.910782 -0.321528
vn -0.501048 0.622506 -0.601197
vn -0.880969 0.387622 0.271370
vn 0.543439 0.481850 0.687383
vn 0.303649 0.081483 0.949293
vn -0.300468 -0.039131 0.952989
vn -0.105955 0.992522 -0.060610
vn 0.001504 0.999999 -0.000838
vn 0.026934 0.998670 -0.043956
vn 0.141031 0.985723 -0.091980
vn 0.181213 0.965935 -0.184745
vn 0.159227 0.977785 -0.136320
vn 0.935345 0.137993 -0.325711
vn 0.776251 0.515334 -0.363131
vn 0.250966 0.964458 -0.082683
vn -0.131854 0.985256 -0.109017
vn -0.528263 0.839095 -0.129838
vn -0.543765 0.818820 -0.183992
vn 0.159227 0.977785 -0.136320
vn 0.026934 0.998670 -0.043956
vn 0.037551 0.998604 -0.037153
vn 0.139694 0.977428 -0.158491
vn 0.202527 0.963603 -0.174503
vn 0.159227 0.977785 -0.136320
vn 0.162941 0.844967 -0.509393
vn -0.501048 0.622506 -0.601197
vn -0.259028 0.910782 -0.321528
vn 0.608250 0.766345 -0.206755
vn 0.751962 0.649670 -0.111725
vn 0.768240 0.638367 0.047911
vn -0.105955 0.992522 -0.060610
vn 0.026934 0.998670 -0.043956
vn -0.114713 0.991700 -0.058074
vn -0.237238 0.964285 -0.117785
vn -0.003209 0.999995 -0.000274
vn -0.054139 0.995741 -0.074626
vn 0.190715 0.944249 -0.268369
vn 0.225829 0.939293 -0.258322
vn 0.106433 0.970975 -0.214197
vn -0.386800 0.912864 0.130637
vn -0.130799 0.979239 0.154862
vn -0.362711 0.928494 0.079623
vn -0.012333 0.978813 -0.204384
vn -0.503306 0.863164 0.040376
vn -0.528263 0.839095 -0.129838
vn 0.225829 0.939293 -0.258322
vn -0.246765 0.962300 -0.114397
vn -0.131854 0.985256 -0.109017
vn -0.528263 0.839095 -0.129838
vn -0.246765 0.962300 -0.114397
vn -0.012333 0.978813 -0.204384
vn -0.190139 0.923469 0.333245
vn -0.152534 0.934980 0.320229
vn -0.051400 0.853770 0.518106
vn 0.200595 0.963487 -0.177356
vn -0.391733 0.918339 0.056565
vn -0.012333 0.978813 -0.204384
vn 0.031388 0.986536 0.160506
vn -0.357325 0.917117 0.176677
vn -0.723807 0.674490 0.145489
vn -0.024401 0.980097 0.197012
vn -0.401967 0.888597 0.220950
vn -0.178618 0.920876 0.346529
vn -0.590837 0.792048 0.153533
vn -0.386800 0.912864 0.130637
vn -0.362711 0.928494 0.079623
vn -0.828199 0.560434 -0.000436
vn -0.689481 0.724164 0.014239
vn 0.031388 0.986536 0.160506
vn -0.391733 0.918339 0.056565
vn -0.503306 0.863164 0.040376
vn -0.012333 0.978813 -0.204384
vn -0.178618 0.920876 0.346529
vn 0.024256 0.951753 0.305906
vn -0.024401 0.980097 0.197012
vn 0.139694 0.977428 -0.158491
vn 0.106433 0.970975 -0.214197
vn 0.242582 0.942751 -0.228854
vn -0.039640 0.991729 -0.122073
vn -0.052822 0.842815 0.535604
vn 0.254566 0.469156 -0.845629
vn 0.892754 -0.131421 -0.430951
vn 0.778469 -0.518479 -0.353787
vn 0.776251 0.515334 -0.363131
vn -0.689481 0.724164 0.014239
vn -0.879379 0.456949 0.133754
vn -0.741227 0.637230 0.210996
vn 0.162941 0.844967 -0.509393
vn 0.204803 0.923469 -0.324438
vn 0.425659 0.850038 -0.310242
vn -0.165082 0.956088 -0.242166
vn 0.738545 0.164425 -0.653846
vn 0.579211 0.596566 -0.555539
vn 0.700004 0.599829 -0.387556
vn 0.433548 0.735441 -0.520733
vn -0.882154 -0.155663 -0.444493
vn -0.501831 0.114247 0.857388
vn -0.596394 -0.624932 -0.503760
vn -0.441018 -0.656475 0.612000
vn 0.347983 0.929368 -0.123216
vn 0.429486 0.902880 0.018697
vn 0.630673 0.693119 -0.349052
vn -0.635060 -0.770061 -0.060862
vn -0.461757 -0.782911 -0.416930
vn -0.581806 -0.813318 0.003944
vn 0.000553 -1.000000 -0.000098
vn 0.077506 -0.995914 0.046351
vn 0.007321 -0.999883 0.013459
vn -0.725388 0.007420 -0.688301
vn 0.712407 0.682748 -0.162271
vn 0.700004 0.599829 -0.387556
vn 0.883539 0.198000 -0.424446
vn 0.429486 0.902880 0.018697
vn 0.805699 0.519606 -0.284355
vn -0.130799 0.979239 0.154862
vn -0.381702 0.896845 0.223547
vn 0.029714 0.969508 0.243252
vn 0.574584 0.817187 -0.045384
vn 0.429486 0.902880 0.018697
vn 0.532345 0.840882 -0.097605
vn -0.026623 0.732899 -0.679816
vn -0.667462 0.315973 -0.674282
vn -0.501048 0.622506 -0.601197
vn -0.166490 0.851790 0.496725
vn 0.302385 0.944162 -0.130851
vn 0.346262 0.919019 -0.188431
vn 0.700004 0.599829 -0.387556
vn -0.882154 -0.155663 -0.444493
vn -0.725388 0.007420 -0.688301
vn -0.165036 0.220243 0.961382
vn -0.559078 -0.670186 0.488142
vn -0.443728 -0.355743 0.822528
vn 0.282432 0.959287 -0.001056
vn 0.663744 0.603946 -0.441241
vn 0.530102 0.836059 -0.141407
vn -0.357371 -0.715721 0.600025
vn -0.360914 -0.573877 0.735123
vn -0.327357 -0.840726 0.431298
vn -0.616597 -0.701415 0.357526
vn -0.245528 -0.540728 0.804568
vn -0.327149 -0.906179 0.267979
vn 0.271645 0.955367 0.116119
vn 0.204803 0.923469 -0.324438
vn -0.406830 0.912509 0.042624
vn 0.616446 0.785724 0.051309
vn 0.524553 0.833269 0.174662
vn 0.493869 0.869387 -0.016096
vn 0.506624 0.779721 -0.367924
vn 0.687930 0.640079 -0.342128
vn 0.385436 0.901546 -0.196605
vn -0.692149 0.401400 -0.599839
vn -0.501048 0.622506 -0.601197
vn -0.667462 0.315973 -0.674282
vn 0.139041 0.980507 -0.138832
vn 0.118616 0.931450 -0.343992
vn 0.142154 0.958625 -0.246637
vn 0.211461 0.967504 -0.138637
vn 0.118616 0.931450 -0.343992
vn 0.139041 0.980507 -0.138832
vn -0.253326 0.731056 -0.633548
vn -0.222531 0.588851 -0.777003
vn -0.557715 0.612677 -0.559983
vn -0.464109 -0.762538 0.450709
vn -0.559078 -0.670186 0.488142
vn -0.681112 -0.475337 0.556903
vn 0.536201 0.780395 -0.321671
vn -0.080548 0.945899 0.314305
vn -0.108630 0.983318 0.145898
vn 0.089470 -0.947865 0.305854
vn -0.003654 -0.999991 -0.001956
vn 0.071707 -0.967112 0.244032
vn -0.033247 0.994388 -0.100431
vn 0.909473 0.343972 -0.233542
vn 0.096236 0.983652 -0.152210
vn -0.935490 -0.336072 -0.109152
vn -0.596394 -0.624932 -0.503760
vn -0.501831 0.114247 0.857388
vn -0.464942 0.824543 -0.322425
vn -0.174817 0.945400 -0.275061
vn 0.454373 0.798050 -0.395805
vn 0.673555 -0.153943 0.722929
vn 0.663501 0.244229 0.707190
vn 0.638117 0.764006 -0.095403
vn 0.366431 0.794655 -0.483996
vn 0.454394 0.840711 -0.294501
vn 0.008238 0.665512 -0.746342
vn -0.401967 0.888597 0.220950
vn -0.330575 0.930510 0.157704
vn -0.811893 0.567533 0.136879
vn -0.704812 -0.512427 0.490569
vn -0.768063 -0.521103 0.372198
vn -0.796085 -0.402738 0.451720
vn -0.357371 -0.715721 0.600025
vn 0.303649 0.081483 0.949293
vn 0.678213 0.488226 0.549238
vn -0.605765 0.710580 0.357946
vn -0.381683 0.814543 0.436849
vn -0.333606 0.764983 0.550916
vn -0.128805 -0.120763 0.984289
vn 0.148482 -0.631440 0.761076
vn 0.582202 0.591263 0.558076
vn -0.651927 0.725152 0.221688
vn -0.731286 0.662094 0.163867
vn -0.395929 0.833156 0.386124
vn -0.360914 -0.573877 0.735123
vn 0.560150 0.766270 -0.314742
vn 0.608250 0.766345 -0.206755
vn -0.177375 0.959585 0.218485
vn -0.261264 0.965267 -0.000976
vn -0.130799 0.979239 0.154862
vn -0.559078 -0.670186 0.488142
vn -0.266062 -0.913195 0.308685
vn -0.443728 -0.355743 0.822528
vn -0.077071 -0.980880 0.178700
vn -0.082594 -0.995445 0.047612
vn 0.010448 -0.995892 -0.089943
vn -0.327149 -0.906179 0.267979
vn -0.039891 -0.990944 0.128213
vn -0.331285 -0.881397 0.336734
vn -0.331285 -0.881397 0.336734
vn -0.039891 -0.990944 0.128213
vn -0.150953 -0.899695 0.409589
vn -0.509127 0.746363 -0.428640
vn 0.132399 0.989899 0.050711
vn -0.532626 0.819244 0.212482
vn 0.564398 -0.823584 0.056250
vn 0.824608 0.464730 -0.322563
vn 0.082518 -0.980355 0.179150
vn 0.560150 0.766270 -0.314742
vn 0.638117 0.764006 -0.095403
vn 0.612166 0.778170 -0.140368
vn 0.211429 0.932381 -0.293197
vn 0.049430 0.993907 -0.098522
vn 0.096236 0.983652 -0.152210
vn 0.673555 -0.153943 0.722929
vn 0.062947 -0.737963 0.671899
vn 0.663501 0.244229 0.707190
vn 0.347983 0.929368 -0.123216
vn 0.712407 0.682748 -0.162271
vn 0.805699 0.519606 -0.284355
vn 0.612166 0.778170 -0.140368
vn 0.663501 0.244229 0.707190
vn -0.245528 -0.540728 0.804568
vn 0.751962 0.649670 -0.111725
vn 0.608250 0.766345 -0.206755
vn 0.612166 0.778170 -0.140368
vn -0.021132 -0.945330 -0.325430
vn 0.010448 -0.995892 -0.089943
vn -0.082594 -0.995445 0.047612
vn 0.608250 0.766345 -0.206755
vn 0.148482 -0.631440 0.761076
vn -0.327357 -0.840726 0.431298
vn 0.588479 0.805737 0.066935
vn 0.699854 0.623153 -0.349118
vn 0.240664 0.965814 0.096358
vn 0.372617 0.911643 -0.173389
vn -0.080548 0.945899 0.314305
vn 0.536201 0.780395 -0.321671
vn -0.776746 0.414873 0.473863
vn -0.520591 0.595715 0.611644
vn -0.673983 0.073880 0.735044
vn -0.330575 0.930510 0.157704
vn -0.401967 0.888597 0.220950
vn -0.024401 0.980097 0.197012
vn -0.009107 -0.999947 -0.004890
vn -0.000674 -0.999999 -0.001188
vn -0.001738 -0.999997 -0.001574
vn -0.315165 -0.910185 0.268764
vn -0.023492 -0.999473 0.022417
vn -0.241865 -0.950600 0.194580
vn 0.243409 0.904203 -0.350953
vn 0.162941 0.844967 -0.509393
vn 0.425659 0.850038 -0.310242
vn 0.612166 0.778170 -0.140368
vn -0.245528 -0.540728 0.804568
vn 0.751962 0.649670 -0.111725
vn 0.012610 -0.999915 -0.003314
vn 0.113474 -0.993505 0.008503
vn 0.057279 -0.998193 -0.018178
vn -0.000012 -1.000000 -0.000019
vn 0.000763 -0.999923 -0.012357
vn 0.062170 -0.997144 -0.042881
vn 0.148482 -0.631440 0.761076
vn -0.300468 -0.039131 0.952989
vn 0.303649 0.081483 0.949293
vn -0.464171 0.412226 0.783974
vn -0.258259 0.954042 0.152008
vn -0.146042 0.988901 0.027304
vn 0.303649 0.081483 0.949293
vn -0.327357 -0.840726 0.431298
vn 0.148482 -0.631440 0.761076
vn -0.245528 -0.540728 0.804568
vn -0.704812 -0.512427 0.490569
vn 0.157576 -0.051207 0.986178
vn -0.611057 0.696405 0.376336
vn 0.081735 -0.929512 0.359621
vn -0.469800 0.875000 -0.116891
vn 0.303649 0.081483 0.949293
vn -0.357371 -0.715721 0.600025
vn -0.327357 -0.840726 0.431298
vn -0.012333 0.978813 -0.204384
vn -0.246765 0.962300 -0.114397
vn 0.225829 0.939293 -0.258322
vn -0.275470 0.954115 -0.117390
vn -0.490465 0.852962 0.178606
vn 0.165358 0.984055 0.065518
vn -0.480340 0.864088 0.150420
vn -0.879379 0.456949 0.133754
vn -0.767451 0.629538 0.121250
vn 0.224278 0.851309 0.474312
vn 0.423388 0.904059 0.058476
vn -0.302280 0.908631 0.288127
vn 0.227308 0.972161 0.056864
vn 0.257696 0.899499 0.352839
vn 0.001708 0.802193 0.597062
vn 0.194326 0.980600 0.025727
vn 0.464594 0.872077 -0.153733
vn 0.637556 0.767417 -0.067784
vn 0.664234 0.677857 0.315124
vn 0.224278 0.851309 0.474312
vn 0.613781 0.691406 0.381092
vn -0.077071 -0.980880 0.178700
vn -0.141551 -0.948412 0.283688
vn -0.379689 0.750671 0.540675
vn -0.401812 -0.874716 0.270962
vn -0.725415 0.605931 0.326530
vn -0.574052 0.800764 0.171003
vn 0.182692 -0.494247 0.849908
vn 0.252332 -0.142000 0.957165
vn 0.071707 -0.967112 0.244032
vn 0.637556 0.767417 -0.067784
vn 0.194640 0.978473 0.068607
vn 0.547202 0.836902 -0.012885
vn -0.464171 0.412226 0.783974
vn -0.082594 -0.995445 0.047612
vn -0.077071 -0.980880 0.178700
vn 0.194509 -0.979427 -0.053757
vn 0.621177 -0.761081 -0.186803
vn 0.000553 -1.000000 -0.000098
vn -0.231437 -0.954011 0.190524
vn -0.082594 -0.995445 0.047612
vn -0.464171 0.412226 0.783974
vn -0.011880 0.612221 -0.790597
vn -0.112967 0.645101 -0.755701
vn -0.286087 0.411470 -0.865359
vn -0.131707 0.552100 -0.823310
vn -0.493247 0.732178 -0.469705
vn -0.378061 0.759320 -0.529625
vn 0.190715 0.944249 -0.268369
vn 0.106433 0.970975 -0.214197
vn -0.713179 0.551530 0.432655
vn -0.379689 0.750671 0.540675
vn -0.464171 0.412226 0.783974
vn -0.077071 -0.980880 0.178700
vn -0.222531 0.588851 -0.777003
vn 0.008238 0.665512 -0.746342
vn 0.454394 0.840711 -0.294501
vn 0.181213 0.965935 -0.184745
vn -0.574052 0.800764 0.171003
vn 0.139694 0.977428 -0.158491
vn 0.608250 0.766345 -0.206755
vn -0.327357 -0.840726 0.431298
vn -0.360914 -0.573877 0.735123
vn 0.062170 -0.997144 -0.042881
vn 0.103122 -0.993146 -0.055013
vn -0.000012 -1.000000 -0.000019
vn 0.211429 0.932381 -0.293197
vn 0.564398 -0.823584 0.056250
vn 0.561731 0.704411 -0.433894
vn -0.000012 -1.000000 -0.000019
vn -0.000199 -1.000000 -0.000546
vn 0.000000 -1.000000 0.000000
vn 0.148482 -0.631440 0.761076
vn 0.608250 0.766345 -0.206755
vn 0.768240 0.638367 0.047911
vn 0.049430 0.993907 -0.098522
vn 0.243409 0.904203 -0.350953
vn 0.537323 0.828617 -0.157093
vn -0.520003 -0.743418 0.420627
vn -0.069146 -0.996535 0.046233
vn -0.287602 -0.936722 0.199592
vn 0.869278 0.483130 0.104597
vn 0.935345 0.137993 -0.325711
vn 0.250966 0.964458 -0.082683
vn -0.215756 0.486960 0.846357
vn 0.285816 -0.730567 0.620146
vn -0.609526 -0.783855 0.118529
vn 0.232231 0.970399 -0.066290
vn 0.049430 0.993907 -0.098522
vn 0.537323 0.828617 -0.157093
vn 0.002024 -0.999997 0.001270
vn 0.000553 -1.000000 -0.000098
vn 0.007321 -0.999883 0.013459
vn 0.948085 0.007712 -0.317925
vn 0.109564 -0.991100 -0.075602
vn 0.679291 -0.670056 -0.299313
vn 0.243409 0.904203 -0.350953
vn 0.208861 0.834174 -0.510423
vn 0.162941 0.844967 -0.509393
vn -0.002645 -0.999996 0.000856
vn 0.002983 -0.999995 0.000680
vn -0.092151 -0.988170 0.122590
vn 0.831306 0.552634 -0.059378
vn 0.268474 0.960563 0.072397
vn 0.679291 -0.670056 -0.299313
vn -0.103960 0.587622 0.802429
vn -0.648071 -0.136698 0.749212
vn -0.165036 0.220243 0.961382
vn 0.968862 0.003861 -0.247572
vn 0.831306 0.552634 -0.059378
vn 0.336831 -0.930858 -0.141591
vn -0.557715 0.612677 -0.559983
vn -0.882154 -0.155663 -0.444493
vn 0.070633 0.801123 -0.594318
vn 0.955814 -0.122135 -0.267400
vn 0.239020 -0.970968 0.009494
vn 0.948085 0.007712 -0.317925
vn 0.464594 0.872077 -0.153733
vn -0.725700 0.611109 0.316079
vn -0.035840 0.999203 -0.017557
vn 0.159227 0.977785 -0.136320
vn 0.181213 0.965935 -0.184745
vn 0.139694 0.977428 -0.158491
vn -0.559078 -0.670186 0.488142
vn -0.464109 -0.762538 0.450709
vn -0.266062 -0.913195 0.308685
vn 0.040224 0.906225 0.420878
vn 0.028539 0.872210 0.488299
vn -0.418108 0.438643 0.795473
vn 0.232231 0.970399 -0.066290
vn 0.096236 0.983652 -0.152210
vn 0.049430 0.993907 -0.098522
vn -0.082594 -0.995445 0.047612
vn -0.231437 -0.954011 0.190524
vn -0.021132 -0.945330 -0.325430
vn 0.454394 0.840711 -0.294501
vn -0.557715 0.612677 -0.559983
vn -0.222531 0.588851 -0.777003
vn 0.955814 -0.122135 -0.267400
vn 0.391627 0.706605 -0.589353
vn -0.702240 -0.711537 0.023963
vn 0.204202 0.955985 0.210698
vn -0.583737 0.435034 0.685563
vn -0.250309 0.331505 0.909643
vn -0.853268 0.405226 0.328216
vn -0.389819 0.867116 0.310081
vn -0.993982 -0.095320 0.053979
vn 0.364263 0.916991 0.162603
vn -0.018275 0.950606 0.309861
vn 0.204202 0.955985 0.210698
vn -0.581806 -0.813318 0.003944
vn -0.793331 0.238586 0.560091
vn -0.635060 -0.770061 -0.060862
vn -0.696967 -0.563986 -0.442897
vn -0.199907 -0.950926 -0.236172
vn -0.596394 -0.624932 -0.503760
vn -0.664577 0.685378 0.297647
vn 0.191372 0.966476 -0.171173
vn -0.120942 0.985639 0.117849
vn -0.935490 -0.336072 -0.109152
vn 0.543439 0.481850 0.687383
vn -0.300468 -0.039131 0.952989
vn 0.162941 0.844967 -0.509393
vn -0.259028 0.910782 -0.321528
vn 0.204803 0.923469 -0.324438
vn 0.364263 0.916991 0.162603
vn -0.182099 0.971475 -0.151911
vn 0.068866 0.985616 0.154333
vn -0.436388 -0.878892 -0.192650
vn -0.696967 -0.563986 -0.442897
vn -0.935490 -0.336072 -0.109152
vn -0.148950 0.835524 -0.528880
vn -0.182099 0.971475 -0.151911
vn 0.080711 0.954252 -0.287904
vn -0.857770 -0.147488 0.492421
vn -0.614387 -0.324479 0.719195
vn -0.435471 -0.477977 0.762826
vn 0.243409 0.904203 -0.350953
vn 0.106148 0.904639 -0.412748
vn 0.208861 0.834174 -0.510423
vn 0.303316 0.930061 0.207332
vn 0.736582 0.323821 0.593790
vn 0.543439 0.481850 0.687383
vn -0.510721 -0.855373 -0.086606
vn -0.940826 -0.314070 0.127305
vn -0.553474 -0.312888 -0.771860
vn 0.208861 0.834174 -0.510423
vn -0.026623 0.732899 -0.679816
vn 0.162941 0.844967 -0.509393
vn 0.178533 -0.665486 0.724744
vn -0.613622 0.788316 -0.045017
vn -0.880969 0.387622 0.271370
vn 0.062947 -0.737963 0.671899
vn -0.039891 -0.990944 0.128213
vn -0.327149 -0.906179 0.267979
vn -0.362711 0.928494 0.079623
vn -0.593848 0.791453 0.144730
vn -0.590837 0.792048 0.153533
vn 0.564398 -0.823584 0.056250
vn 0.211429 0.932381 -0.293197
vn 0.824608 0.464730 -0.322563
vn -0.141551 -0.948412 0.283688
vn -0.077071 -0.980880 0.178700
vn -0.003654 -0.999991 -0.001956
vn -0.101522 -0.981813 0.160429
vn 0.561731 0.704411 -0.433894
vn 0.564398 -0.823584 0.056250
vn 0.561731 0.704411 -0.433894
vn 0.106148 0.904639 -0.412748
vn 0.211429 0.932381 -0.293197
vn 0.555389 0.822604 -0.121922
vn 0.425659 0.850038 -0.310242
vn 0.204803 0.923469 -0.324438
vn 0.049430 0.993907 -0.098522
vn 0.211429 0.932381 -0.293197
vn 0.243409 0.904203 -0.350953
vn -0.501831 0.114247 0.857388
vn -0.441018 -0.656475 0.612000
vn -0.692149 0.401400 -0.599839
vn 0.353647 0.764830 0.538488
vn 0.614142 0.787187 0.056270
vn 0.613781 0.691406 0.381092
vn 0.736582 0.323821 0.593790
vn 0.678213 0.488226 0.549238
vn 0.543439 0.481850 0.687383
vn -0.870537 -0.310603 0.381695
vn -0.674946 0.201878 0.709713
vn -0.390028 -0.314230 0.865528
vn 0.191372 0.966476 -0.171173
vn -0.664577 0.685378 0.297647
vn 0.211664 0.924514 -0.316972
vn -0.837930 0.440200 0.322640
vn -0.260048 0.919247 -0.295566
vn -0.660765 0.688917 0.297966
vn 0.824608 0.464730 -0.322563
vn 0.211429 0.932381 -0.293197
vn 0.096236 0.983652 -0.152210
vn 0.307673 -0.628232 0.714606
vn -0.441018 -0.656475 0.612000
vn 0.065484 -0.954241 0.291782
vn -0.150703 -0.861897 0.484172
vn -0.478696 -0.551547 0.683115
vn -0.058758 -0.994422 0.087590
vn 0.540686 0.689798 -0.481494
vn 0.332430 0.864856 -0.376185
vn 0.366431 0.794655 -0.483996
vn -0.381683 0.814543 0.436849
vn -0.605765 0.710580 0.357946
vn -0.621830 0.708944 0.332755
vn 0.663501 0.244229 0.707190
vn 0.612166 0.778170 -0.140368
vn 0.638117 0.764006 -0.095403
vn 0.283411 0.909261 0.304833
vn 0.264871 0.795524 0.544963
vn 0.306013 0.812973 0.495409
vn 0.243580 0.893420 0.377451
vn 0.264871 0.795524 0.544963
vn 0.283411 0.909261 0.304833
vn 0.612166 0.778170 -0.140368
vn 0.608250 0.766345 -0.206755
vn 0.560150 0.766270 -0.314742
vn 0.650281 -0.712606 0.263301
vn 0.935345 0.137993 -0.325711
vn 0.869278 0.483130 0.104597
vn 0.776251 0.515334 -0.363131
vn 0.023210 0.999363 -0.027108
vn 0.250966 0.964458 -0.082683
vn 0.425659 0.850038 -0.310242
vn 0.537323 0.828617 -0.157093
vn 0.243409 0.904203 -0.350953
vn 0.082518 -0.980355 0.179150
vn 0.824608 0.464730 -0.322563
vn 0.909473 0.343972 -0.233542
vn -0.040494 0.973089 -0.226845
vn -0.037125 0.950964 -0.307065
vn -0.184114 0.977101 -0.106653
vn 0.211664 0.924514 -0.316972
vn 0.250966 0.964458 -0.082683
vn 0.142154 0.958625 -0.246637
vn 0.909473 0.343972 -0.233542
vn 0.289731 -0.957101 -0.003697
vn 0.082518 -0.980355 0.179150
vn -0.101522 -0.981813 0.160429
vn 0.564398 -0.823584 0.056250
vn 0.082518 -0.980355 0.179150
vn 0.650281 -0.712606 0.263301
vn 0.892754 -0.131421 -0.430951
vn 0.935345 0.137993 -0.325711
vn 0.243409 0.904203 -0.350953
vn 0.211429 0.932381 -0.293197
vn 0.106148 0.904639 -0.412748
vn 0.043816 0.993211 -0.107762
vn 0.242582 0.942751 -0.228854
vn 0.075750 0.989718 -0.121326
vn 0.776251 0.515334 -0.363131
vn 0.756544 0.649950 -0.072151
vn 0.023210 0.999363 -0.027108
vn 0.011093 0.948867 -0.315481
vn -0.004069 0.862143 -0.506649
vn -0.253326 0.731056 -0.633548
vn 0.700004 0.599829 -0.387556
vn 0.663744 0.603946 -0.441241
vn 0.433548 0.735441 -0.520733
vn -0.200269 0.975360 0.092548
vn -0.231437 -0.954011 0.190524
vn -0.464171 0.412226 0.783974
vn -0.389819 0.867116 0.310081
vn -0.853268 0.405226 0.328216
vn 0.165132 0.827534 0.536581
vn -0.702240 -0.711537 0.023963
vn -0.653641 -0.746786 -0.122736
vn 0.955814 -0.122135 -0.267400
vn -0.258259 0.954042 0.152008
vn -0.464171 0.412226 0.783974
vn -0.379689 0.750671 0.540675
vn 0.458104 -0.884618 0.087131
vn -0.058758 -0.994422 0.087590
vn 0.239020 -0.970968 0.009494
vn 0.785555 0.503206 0.360122
vn 0.613781 0.691406 0.381092
vn 0.614142 0.787187 0.056270
vn 0.776251 0.515334 -0.363131
vn 0.935345 0.137993 -0.325711
vn 0.892754 -0.131421 -0.430951
vn 0.010448 -0.995892 -0.089943
vn -0.003654 -0.999991 -0.001956
vn -0.077071 -0.980880 0.178700
vn 0.142154 0.958625 -0.246637
vn 0.250966 0.964458 -0.082683
vn 0.023210 0.999363 -0.027108
vn 0.211664 0.924514 -0.316972
vn 0.869278 0.483130 0.104597
vn 0.250966 0.964458 -0.082683
vn 0.776251 0.515334 -0.363131
vn 0.778469 -0.518479 -0.353787
vn 0.756544 0.649950 -0.072151
vn 0.756544 0.649950 -0.072151
vn 0.289731 -0.957101 -0.003697
vn 0.909473 0.343972 -0.233542
vn 0.458104 -0.884618 0.087131
vn 0.955814 -0.122135 -0.267400
vn -0.653641 -0.746786 -0.122736
vn 0.955814 -0.122135 -0.267400
vn 0.458104 -0.884618 0.087131
vn 0.239020 -0.970968 0.009494
vn -0.653641 -0.746786 -0.122736
vn -0.494739 -0.858303 0.136197
vn 0.507846 -0.859182 -0.062435
vn 0.507846 -0.859182 -0.062435
vn -0.494739 -0.858303 0.136197
vn -0.150703 -0.861897 0.484172
vn -0.774760 -0.514553 -0.367399
vn -0.436388 -0.878892 -0.192650
vn -0.553474 -0.312888 -0.771860
vn -0.696967 -0.563986 -0.442897
vn -0.581806 -0.813318 0.003944
vn -0.461757 -0.782911 -0.416930
vn 0.214677 0.808718 -0.547621
vn 0.667793 0.654363 -0.354770
vn 0.540686 0.689798 -0.481494
vn -0.744937 -0.187957 0.640110
vn -0.672397 0.435334 0.598638
vn -0.400286 -0.441824 0.802847
vn -0.464109 -0.762538 0.450709
vn -0.150953 -0.899695 0.409589
vn -0.266062 -0.913195 0.308685
vn -0.464109 -0.762538 0.450709
vn -0.616597 -0.701415 0.357526
vn -0.331285 -0.881397 0.336734
vn -0.165036 0.220243 0.961382
vn -0.648071 -0.136698 0.749212
vn -0.681112 -0.475337 0.556903
vn -0.298947 0.556907 0.774910
vn 0.588479 0.805737 0.066935
vn 0.240664 0.965814 0.096358
vn -0.841754 -0.034302 0.538770
vn -0.649873 0.667234 -0.363956
vn -0.295158 -0.706949 0.642733
vn -0.111076 0.990791 0.077429
vn -0.837930 0.440200 0.322640
vn -0.143173 0.981950 0.123595
vn 0.257696 0.899499 0.352839
vn 0.220787 0.798901 -0.559473
vn 0.296923 0.915107 -0.272792
vn -0.010080 -0.999838 0.014892
vn -0.007697 -0.999475 -0.031459
vn 0.060392 -0.997891 -0.023811
vn -0.199907 -0.950926 -0.236172
vn -0.696967 -0.563986 -0.442897
vn -0.461757 -0.782911 -0.416930
vn -0.880969 0.387622 0.271370
vn -0.501048 0.622506 -0.601197
vn -0.692149 0.401400 -0.599839
vn -0.667462 0.315973 -0.674282
vn 0.736582 0.323821 0.593790
vn 0.303316 0.930061 0.207332
vn -0.880969 0.387622 0.271370
vn -0.692149 0.401400 -0.599839
vn -0.441018 -0.656475 0.612000
vn -0.357627 0.912392 -0.199109
vn -0.403365 0.848166 -0.343383
vn -0.026721 0.968073 -0.249242
vn 0.382324 0.784463 -0.488310
vn 0.329680 0.793929 -0.510869
vn 0.270772 0.917606 -0.291001
vn 0.638514 -0.424526 -0.641932
vn 0.791049 -0.608863 0.059389
vn 0.244441 0.396488 -0.884899
vn -0.213222 0.882203 0.419827
vn -0.023937 0.791773 0.610346
vn -0.052822 0.842815 0.535604
vn -0.378061 0.759320 -0.529625
vn 0.154357 0.278937 -0.947823
vn -0.131707 0.552100 -0.823310
vn -0.378061 0.759320 -0.529625
vn -0.324755 0.834931 -0.444325
vn 0.154357 0.278937 -0.947823
vn -0.375590 0.912874 0.159979
vn -0.476130 0.848648 -0.230429
vn -0.342475 0.939364 -0.017510
vn -0.350046 0.936408 0.024662
vn -0.051400 0.853770 0.518106
vn -0.099722 0.828304 0.551332
vn -0.003209 0.999995 -0.000274
vn -0.035273 0.999011 0.027070
vn -0.000656 0.999964 0.008481
vn -0.081766 0.914779 0.395592
vn -0.073728 0.994792 -0.070379
vn 0.146297 0.982470 -0.115541
vn -0.166490 0.851790 0.496725
vn -0.184440 0.901095 0.392442
vn 0.302385 0.944162 -0.130851
vn 0.513729 0.807670 0.289398
vn 0.550508 0.796796 0.249111
vn 0.011423 0.998395 -0.055466
vn -0.300967 0.941443 -0.152001
vn -0.192885 0.980011 -0.048730
vn -0.306505 0.948179 -0.083735
vn -0.188935 0.981984 0.003171
vn -0.291517 0.954046 -0.069384
vn -0.169369 0.985553 0.000014
vn 0.031388 0.986536 0.160506
vn -0.689481 0.724164 0.014239
vn 0.705016 0.705553 0.071740
vn 0.574584 0.817187 -0.045384
vn 0.532345 0.840882 -0.097605
vn 0.622531 0.756489 -0.200449
vn -0.003209 0.999995 -0.000274
vn 0.001504 0.999999 -0.000838
vn -0.054139 0.995741 -0.074626
vn -0.283091 0.920242 0.270210
vn -0.192952 0.980623 -0.033879
vn -0.408173 0.902510 -0.137367
vn -0.557833 0.827248 -0.066964
vn -0.678669 0.734417 0.006265
vn -0.546717 0.836130 0.044582
vn -0.592718 0.735201 -0.328884
vn -0.332388 0.918581 -0.213838
vn -0.650677 0.697810 -0.299469
vn -0.766713 -0.236589 0.596806
vn -0.308619 -0.927019 0.213051
vn -0.888557 -0.106336 0.446272
vn -0.098190 0.987060 0.126774
vn -0.218443 0.975700 0.017070
vn 0.101603 0.993980 0.041004
vn 0.242582 0.942751 -0.228854
vn 0.043816 0.993211 -0.107762
vn 0.202527 0.963603 -0.174503
vn 0.190715 0.944249 -0.268369
vn 0.012974 0.996979 -0.076578
vn -0.012333 0.978813 -0.204384
vn -0.725415 0.605931 0.326530
vn 0.139694 0.977428 -0.158491
vn -0.574052 0.800764 0.171003
vn -0.725415 0.605931 0.326530
vn 0.106433 0.970975 -0.214197
vn 0.139694 0.977428 -0.158491
vn 0.012610 -0.999915 -0.003314
vn -0.023492 -0.999473 0.022417
vn 0.019618 -0.999746 0.011106
vn -0.725415 0.605931 0.326530
vn -0.713179 0.551530 0.432655
vn 0.106433 0.970975 -0.214197
vn 0.081735 -0.929512 0.359621
vn 0.318143 -0.930478 0.181647
vn 0.212484 -0.967552 0.136723
vn 0.002888 -0.988991 0.147945
vn -0.139605 -0.981843 0.128431
vn 0.080268 -0.996767 0.003661
vn -0.381702 0.896845 0.223547
vn -0.130799 0.979239 0.154862
vn -0.386800 0.912864 0.130637
vn -0.421871 0.859130 0.289692
vn 0.019769 0.999508 0.024372
vn -0.034725 0.993584 0.107636
vn -0.003518 -0.894519 -0.447016
vn -0.089692 -0.963056 -0.253926
vn 0.110416 -0.986437 -0.121449
vn -0.018459 -0.997525 -0.067848
vn -0.089064 -0.973449 -0.210869
vn -0.222927 -0.843167 -0.489257
vn 0.037633 -0.997122 0.065821
vn 0.077506 -0.995914 0.046351
vn 0.165326 -0.986218 0.006413
vn -0.010080 -0.999838 0.014892
vn -0.114953 -0.987947 0.103665
vn -0.007697 -0.999475 -0.031459
vn 0.902386 0.020058 -0.430461
vn 0.532345 0.840882 -0.097605
vn 0.883539 0.198000 -0.424446
vn -0.264291 0.785261 -0.559924
vn 0.738545 0.164425 -0.653846
vn -0.165082 0.956088 -0.242166
vn 0.700004 0.599829 -0.387556
vn 0.712407 0.682748 -0.162271
vn 0.347983 0.929368 -0.123216
vn 0.722905 0.651672 -0.229635
vn 0.630673 0.693119 -0.349052
vn 0.574584 0.817187 -0.045384
vn 0.530102 0.836059 -0.141407
vn 0.663744 0.603946 -0.441241
vn 0.630673 0.693119 -0.349052
vn 0.630673 0.693119 -0.349052
vn 0.663744 0.603946 -0.441241
vn 0.347983 0.929368 -0.123216
vn -0.882154 -0.155663 -0.444493
vn 0.433548 0.735441 -0.520733
vn 0.070633 0.801123 -0.594318
vn 0.433548 0.735441 -0.520733
vn 0.663744 0.603946 -0.441241
vn 0.282432 0.959287 -0.001056
vn 0.137141 0.987907 -0.072341
vn 0.315854 0.847725 0.426144
vn 0.169967 0.975131 0.142236
vn 0.732884 0.611427 0.298392
vn 0.550508 0.796796 0.249111
vn 0.617815 0.750554 0.234463
vn 0.070633 0.801123 -0.594318
vn 0.011093 0.948867 -0.315481
vn -0.253326 0.731056 -0.633548
vn 0.366431 0.794655 -0.483996
vn 0.332430 0.864856 -0.376185
vn 0.454394 0.840711 -0.294501
vn 0.616446 0.785724 0.051309
vn 0.204202 0.955985 0.210698
vn 0.244046 0.793765 0.557116
vn 0.896938 0.137770 -0.420145
vn 0.578965 0.801090 -0.151838
vn 0.676926 0.514688 -0.526182
vn -0.320950 0.164844 0.932640
vn 0.696891 0.496725 0.517308
vn -0.433120 0.030167 0.900831
vn 0.667793 0.654363 -0.354770
vn 0.595939 0.657725 -0.460711
vn 0.439986 0.813805 -0.379650
vn 0.534278 0.579957 0.614978
vn 0.606916 0.663615 0.437343
vn 0.169967 0.975131 0.142236
vn -0.579131 0.764333 0.283553
vn -0.605765 0.710580 0.357946
vn -0.684247 0.677101 0.270814
vn -0.146042 0.988901 0.027304
vn -0.469800 0.875000 -0.116891
vn -0.200269 0.975360 0.092548
vn 0.008640 -0.995674 0.092517
vn 0.391305 -0.901216 -0.186252
vn 0.244334 -0.967164 0.069969
vn -0.176567 -0.750813 -0.636478
vn -0.238131 -0.853894 -0.462772
vn -0.106715 -0.776587 -0.620906
vn 0.008640 -0.995674 0.092517
vn 0.244334 -0.967164 0.069969
vn -0.374813 -0.650241 0.660834
vn 0.040224 0.906225 0.420878
vn 0.207447 0.962854 0.172851
vn 0.300799 0.903451 0.305445
vn -0.325362 0.823918 0.464002
vn 0.028539 0.872210 0.488299
vn 0.106981 0.880417 0.461975
vn 0.106981 0.880417 0.461975
vn -0.225386 0.906647 0.356640
vn -0.325362 0.823918 0.464002
vn -0.182099 0.971475 -0.151911
vn -0.433543 0.821169 -0.371109
vn -0.841754 -0.034302 0.538770
vn 0.547202 0.836902 -0.012885
vn 0.468486 0.882958 -0.030120
vn 0.294045 0.955713 0.012263
vn -0.786796 0.605798 0.118156
vn 0.547202 0.836902 -0.012885
vn -0.767451 0.629538 0.121250
vn -0.007852 -0.718239 0.695752
vn 0.089470 -0.947865 0.305854
vn 0.252332 -0.142000 0.957165
vn -0.215756 0.486960 0.846357
vn -0.673983 0.073880 0.735044
vn -0.520591 0.595715 0.611644
vn -0.379689 0.750671 0.540675
vn -0.520591 0.595715 0.611644
vn -0.776746 0.414873 0.473863
vn -0.611057 0.696405 0.376336
vn -0.258259 0.954042 0.152008
vn -0.374813 -0.650241 0.660834
vn -0.239242 -0.929019 0.282287
vn -0.002661 -0.999890 0.014587
vn -0.058758 -0.994422 0.087590
vn 0.055138 -0.998469 0.004468
vn 0.037633 -0.997122 0.065821
vn 0.165326 -0.986218 0.006413
vn -0.080815 0.994860 -0.061006
vn 0.139041 0.980507 -0.138832
vn -0.042324 0.998979 -0.015787
vn -0.074295 0.959773 0.270768
vn -0.811251 -0.572687 0.117906
vn -0.919472 -0.302701 0.250885
vn 0.023210 0.999363 -0.027108
vn -0.042324 0.998979 -0.015787
vn 0.139041 0.980507 -0.138832
vn 0.142154 0.958625 -0.246637
vn 0.118616 0.931450 -0.343992
vn 0.191372 0.966476 -0.171173
vn 0.537323 0.828617 -0.157093
vn 0.555389 0.822604 -0.121922
vn 0.232231 0.970399 -0.066290
vn 0.139041 0.980507 -0.138832
vn 0.142154 0.958625 -0.246637
vn 0.023210 0.999363 -0.027108
vn 0.425659 0.850038 -0.310242
vn 0.555389 0.822604 -0.121922
vn 0.537323 0.828617 -0.157093
vn 0.232231 0.970399 -0.066290
vn -0.080815 0.994860 -0.061006
vn -0.033247 0.994388 -0.100431
vn 0.505340 0.859836 -0.072896
vn 0.555389 0.822604 -0.121922
vn 0.526615 0.849744 0.024727
vn -0.080815 0.994860 -0.061006
vn 0.232231 0.970399 -0.066290
vn 0.505340 0.859836 -0.072896
vn -0.811251 -0.572687 0.117906
vn -0.859512 -0.511027 0.009557
vn -0.946606 -0.313024 0.077159
vn -0.993982 -0.095320 0.053979
vn -0.837930 0.440200 0.322640
vn -0.705933 0.670991 0.226782
vn -0.080815 0.994860 -0.061006
vn 0.505340 0.859836 -0.072896
vn 0.139041 0.980507 -0.138832
vn -0.705933 0.670991 0.226782
vn 0.211461 0.967504 -0.138637
vn -0.074295 0.959773 0.270768
vn 0.289731 -0.957101 -0.003697
vn 0.756544 0.649950 -0.072151
vn 0.778469 -0.518479 -0.353787
vn 0.756544 0.649950 -0.072151
vn 0.421689 0.877626 -0.227926
vn -0.042324 0.998979 -0.015787
vn 0.109564 -0.991100 -0.075602
vn 0.239020 -0.970968 0.009494
vn -0.002661 -0.999890 0.014587
vn 0.391627 0.706605 -0.589353
vn 0.948085 0.007712 -0.317925
vn 0.268474 0.960563 0.072397
vn 0.000077 -1.000000 0.000200
vn 0.060392 -0.997891 -0.023811
vn 0.109564 -0.991100 -0.075602
vn 0.060392 -0.997891 -0.023811
vn 0.336831 -0.930858 -0.141591
vn 0.679291 -0.670056 -0.299313
vn -0.150703 -0.861897 0.484172
vn -0.494739 -0.858303 0.136197
vn -0.509653 -0.074844 0.857119
vn 0.458104 -0.884618 0.087131
vn -0.653641 -0.746786 -0.122736
vn 0.507846 -0.859182 -0.062435
vn -0.707549 0.407020 0.577676
vn -0.418108 0.438643 0.795473
vn -0.494739 -0.858303 0.136197
vn -0.002661 -0.999890 0.014587
vn 0.239020 -0.970968 0.009494
vn -0.058758 -0.994422 0.087590
vn -0.935490 -0.336072 -0.109152
vn -0.696967 -0.563986 -0.442897
vn -0.596394 -0.624932 -0.503760
vn -0.581806 -0.813318 0.003944
vn -0.696967 -0.563986 -0.442897
vn -0.436388 -0.878892 -0.192650
vn 0.543439 0.481850 0.687383
vn -0.935490 -0.336072 -0.109152
vn -0.501831 0.114247 0.857388
vn -0.510721 -0.855373 -0.086606
vn -0.300468 -0.039131 0.952989
vn -0.940826 -0.314070 0.127305
vn -0.953420 0.103650 -0.283279
vn -0.940826 -0.314070 0.127305
vn -0.531769 0.272249 0.801936
vn 0.244046 0.793765 0.557116
vn 0.696891 0.496725 0.517308
vn 0.616446 0.785724 0.051309
vn 0.157576 -0.051207 0.986178
vn 0.768240 0.638367 0.047911
vn 0.751962 0.649670 -0.111725
vn 0.420050 0.383328 0.822568
vn -0.749095 0.394222 0.532395
vn -0.531769 0.272249 0.801936
vn 0.420050 0.383328 0.822568
vn -0.129593 -0.219653 0.966932
vn -0.390028 -0.314230 0.865528
vn -0.768063 -0.521103 0.372198
vn -0.704812 -0.512427 0.490569
vn -0.616597 -0.701415 0.357526
vn -0.245528 -0.540728 0.804568
vn 0.663501 0.244229 0.707190
vn -0.327149 -0.906179 0.267979
vn 0.062947 -0.737963 0.671899
vn -0.327149 -0.906179 0.267979
vn 0.663501 0.244229 0.707190
vn -0.464109 -0.762538 0.450709
vn -0.331285 -0.881397 0.336734
vn -0.150953 -0.899695 0.409589
vn -0.327149 -0.906179 0.267979
vn -0.331285 -0.881397 0.336734
vn -0.616597 -0.701415 0.357526
vn -0.103960 0.587622 0.802429
vn 0.588479 0.805737 0.066935
vn -0.298947 0.556907 0.774910
vn -0.616597 -0.701415 0.357526
vn -0.704812 -0.512427 0.490569
vn -0.245528 -0.540728 0.804568
vn -0.414090 0.233781 0.879702
vn -0.664577 0.685378 0.297647
vn -0.120942 0.985639 0.117849
vn 0.235273 0.970300 0.056254
vn -0.143173 0.981950 0.123595
vn 0.243580 0.893420 0.377451
vn 0.025648 0.739540 -0.672624
vn -0.063466 0.843762 -0.532952
vn -0.148950 0.835524 -0.528880
vn 0.040224 0.906225 0.420878
vn -0.418108 0.438643 0.795473
vn -0.707549 0.407020 0.577676
vn -0.841754 -0.034302 0.538770
vn -0.433543 0.821169 -0.371109
vn -0.649873 0.667234 -0.363956
vn -0.635060 -0.770061 -0.060862
vn -0.199907 -0.950926 -0.236172
vn -0.461757 -0.782911 -0.416930
vn 0.358434 0.851827 0.381988
vn 0.524553 0.833269 0.174662
vn 0.353647 0.764830 0.538488
vn 0.358434 0.851827 0.381988
vn 0.089826 0.886607 -0.453717
vn 0.080711 0.954252 -0.287904
vn -0.501831 0.114247 0.857388
vn -0.692149 0.401400 -0.599839
vn 0.303316 0.930061 0.207332
vn -0.667462 0.315973 -0.674282
vn 0.303316 0.930061 0.207332
vn -0.692149 0.401400 -0.599839
vn 0.077868 0.995846 0.047204
vn 0.014913 0.985602 0.168422
vn 0.267621 0.951565 -0.151336
vn -0.118603 0.950251 0.288021
vn -0.184440 0.901095 0.392442
vn 0.014913 0.985602 0.168422
vn -0.039640 0.991729 -0.122073
vn 0.638514 -0.424526 -0.641932
vn 0.244441 0.396488 -0.884899
vn -0.052822 0.842815 0.535604
vn -0.039640 0.991729 -0.122073
vn -0.213222 0.882203 0.419827
vn -0.023937 0.791773 0.610346
vn -0.213222 0.882203 0.419827
vn -0.099722 0.828304 0.551332
vn -0.156978 0.817057 0.554776
vn 0.346262 0.919019 -0.188431
vn 0.334287 0.849417 -0.408342
vn 0.154357 0.278937 -0.947823
vn 0.244441 0.396488 -0.884899
vn 0.791049 -0.608863 0.059389
vn -0.039640 0.991729 -0.122073
vn 0.244441 0.396488 -0.884899
vn -0.324755 0.834931 -0.444325
vn -0.493247 0.732178 -0.469705
vn -0.492481 0.822256 -0.285232
vn -0.378061 0.759320 -0.529625
vn -0.378061 0.759320 -0.529625
vn -0.492481 0.822256 -0.285232
vn -0.350046 0.936408 0.024662
vn -0.476130 0.848648 -0.230429
vn -0.492481 0.822256 -0.285232
vn -0.493247 0.732178 -0.469705
vn -0.350046 0.936408 0.024662
vn -0.492481 0.822256 -0.285232
vn -0.431414 0.902145 -0.003960
vn -0.051400 0.853770 0.518106
vn -0.350046 0.936408 0.024662
vn -0.431414 0.902145 -0.003960
vn -0.213222 0.882203 0.419827
vn -0.324755 0.834931 -0.444325
vn -0.350046 0.936408 0.024662
vn -0.051400 0.853770 0.518106
vn -0.431414 0.902145 -0.003960
vn -0.317126 0.886478 0.337028
vn -0.051400 0.853770 0.518106
vn -0.152534 0.934980 0.320229
vn -0.099722 0.828304 0.551332
vn -0.492877 0.863985 -0.102967
vn -0.375590 0.912874 0.159979
vn -0.317126 0.886478 0.337028
vn -0.403365 0.848166 -0.343383
vn -0.509196 0.854041 -0.106457
vn -0.583250 0.723461 -0.369356
vn -0.042017 0.997617 0.054725
vn -0.000656 0.999964 0.008481
vn -0.035273 0.999011 0.027070
vn -0.171794 0.963069 0.207329
vn -0.192952 0.980623 -0.033879
vn -0.283091 0.920242 0.270210
vn -0.184440 0.901095 0.392442
vn 0.319300 0.939285 -0.125664
vn 0.302385 0.944162 -0.130851
vn 0.082977 0.995986 -0.033569
vn -0.080548 0.945899 0.314305
vn -0.118603 0.950251 0.288021
vn 0.044861 0.998989 -0.002787
vn 0.082977 0.995986 -0.033569
vn 0.205944 0.947603 -0.244205
vn 0.397979 0.754517 -0.521840
vn 0.302666 0.861201 -0.408322
vn 0.289569 0.790265 -0.540029
vn -0.033986 0.938128 0.344617
vn 0.029714 0.969508 0.243252
vn 0.024256 0.951753 0.305906
vn -0.362711 0.928494 0.079623
vn -0.130799 0.979239 0.154862
vn -0.164412 0.986291 0.014125
vn -0.172857 0.896556 0.407809
vn -0.342966 0.921970 0.179850
vn -0.253813 0.967215 0.008562
vn -0.177375 0.959585 0.218485
vn -0.130799 0.979239 0.154862
vn -0.033986 0.938128 0.344617
vn 0.705016 0.705553 0.071740
vn -0.689481 0.724164 0.014239
vn 0.556992 0.830089 -0.026669
vn 0.294045 0.955713 0.012263
vn 0.676266 0.732257 -0.080398
vn 0.547202 0.836902 -0.012885
vn 0.001504 0.999999 -0.000838
vn 0.000000 1.000000 0.000000
vn 0.016363 0.999851 -0.005476
vn -0.171794 0.963069 0.207329
vn -0.186738 0.970255 0.154058
vn -0.035273 0.999011 0.027070
vn -0.593848 0.791453 0.144730
vn -0.362711 0.928494 0.079623
vn -0.546717 0.836130 0.044582
vn -0.685253 0.714672 -0.140260
vn -0.543765 0.818820 -0.183992
vn -0.528263 0.839095 -0.129838
vn -0.014088 0.987749 -0.155412
vn -0.350919 0.923685 0.153826
vn -0.495518 0.860447 0.118712
vn -0.590837 0.792048 0.153533
vn -0.381702 0.896845 0.223547
vn -0.386800 0.912864 0.130637
vn 0.225829 0.939293 -0.258322
vn 0.075750 0.989718 -0.121326
vn 0.242582 0.942751 -0.228854
vn -0.012333 0.978813 -0.204384
vn 0.225829 0.939293 -0.258322
vn 0.190715 0.944249 -0.268369
vn 0.190715 0.944249 -0.268369
vn -0.474852 0.821080 0.316771
vn 0.012974 0.996979 -0.076578
vn -0.391733 0.918339 0.056565
vn -0.593848 0.791453 0.144730
vn -0.503306 0.863164 0.040376
vn 0.139694 0.977428 -0.158491
vn 0.242582 0.942751 -0.228854
vn 0.202527 0.963603 -0.174503
vn 0.225829 0.939293 -0.258322
vn 0.242582 0.942751 -0.228854
vn 0.106433 0.970975 -0.214197
vn -0.401812 -0.874716 0.270962
vn -0.315165 -0.910185 0.268764
vn -0.725415 0.605931 0.326530
vn -0.725415 0.605931 0.326530
vn -0.315165 -0.910185 0.268764
vn -0.713179 0.551530 0.432655
vn -0.023492 -0.999473 0.022417
vn -0.315165 -0.910185 0.268764
vn -0.401812 -0.874716 0.270962
vn -0.713179 0.551530 0.432655
vn -0.315165 -0.910185 0.268764
vn -0.241865 -0.950600 0.194580
vn -0.241865 -0.950600 0.194580
vn -0.520003 -0.743418 0.420627
vn -0.713179 0.551530 0.432655
vn -0.713179 0.551530 0.432655
vn -0.520003 -0.743418 0.420627
vn -0.474852 0.821080 0.316771
vn -0.520003 -0.743418 0.420627
vn -0.241865 -0.950600 0.194580
vn -0.069146 -0.996535 0.046233
vn -0.474852 0.821080 0.316771
vn -0.520003 -0.743418 0.420627
vn -0.766713 -0.236589 0.596806
vn -0.023492 -0.999473 0.022417
vn 0.012610 -0.999915 -0.003314
vn -0.069146 -0.996535 0.046233
vn -0.308619 -0.927019 0.213051
vn -0.713804 -0.477361 0.512455
vn -0.888557 -0.106336 0.446272
vn -0.611057 0.696405 0.376336
vn 0.213755 -0.941495 0.260570
vn 0.081735 -0.929512 0.359621
vn 0.057279 -0.998193 -0.018178
vn 0.183760 -0.978117 -0.097565
vn -0.001854 -0.999997 0.001641
vn 0.029714 0.969508 0.243252
vn -0.224121 0.944468 0.240312
vn 0.117782 0.977965 0.172372
vn 0.074938 0.996244 0.043386
vn -0.330575 0.930510 0.157704
vn 0.097350 0.993644 0.056519
vn -0.218443 0.975700 0.017070
vn -0.121254 0.992572 0.009866
vn 0.017647 0.999741 0.014407
vn 0.464594 0.872077 -0.153733
vn 0.732307 0.511965 -0.449019
vn 0.637556 0.767417 -0.067784
vn 0.000774 -0.999999 0.000818
vn 0.103122 -0.993146 -0.055013
vn 0.194509 -0.979427 -0.053757
vn 0.000763 -0.999923 -0.012357
vn -0.000012 -1.000000 -0.000019
vn 0.000000 -1.000000 0.000000
vn -0.000304 -1.000000 -0.000073
vn 0.001534 -0.999999 -0.000531
vn 0.002024 -0.999997 0.001270
vn -0.000199 -1.000000 -0.000546
vn -0.000012 -1.000000 -0.000019
vn 0.000774 -0.999999 0.000818
vn 0.532345 0.840882 -0.097605
vn 0.429486 0.902880 0.018697
vn 0.883539 0.198000 -0.424446
vn 0.630673 0.693119 -0.349052
vn 0.429486 0.902880 0.018697
vn 0.574584 0.817187 -0.045384
vn 0.501029 0.777681 -0.379714
vn 0.738545 0.164425 -0.653846
vn -0.264291 0.785261 -0.559924
vn 0.532345 0.840882 -0.097605
vn 0.173131 0.882181 -0.437929
vn 0.622531 0.756489 -0.200449
vn 0.347983 0.929368 -0.123216
vn 0.805699 0.519606 -0.284355
vn 0.429486 0.902880 0.018697
vn 0.700004 0.599829 -0.387556
vn 0.347983 0.929368 -0.123216
vn 0.663744 0.603946 -0.441241
vn 0.622531 0.756489 -0.200449
vn 0.722905 0.651672 -0.229635
vn 0.574584 0.817187 -0.045384
vn -0.112967 0.645101 -0.755701
vn 0.190566 0.916550 -0.351598
vn -0.069021 0.944721 -0.320527
vn -0.253326 0.731056 -0.633548
vn -0.557715 0.612677 -0.559983
vn 0.070633 0.801123 -0.594318
vn -0.112967 0.645101 -0.755701
vn -0.011880 0.612221 -0.790597
vn 0.008238 0.665512 -0.746342
vn 0.011093 0.948867 -0.315481
vn 0.070633 0.801123 -0.594318
vn 0.433548 0.735441 -0.520733
vn -0.004069 0.862143 -0.506649
vn -0.222531 0.588851 -0.777003
vn -0.253326 0.731056 -0.633548
vn -0.222531 0.588851 -0.777003
vn -0.112967 0.645101 -0.755701
vn 0.008238 0.665512 -0.746342
vn -0.286087 0.411470 -0.865359
vn -0.112967 0.645101 -0.755701
vn -0.258266 0.772791 -0.579735
vn -0.112967 0.645101 -0.755701
vn -0.222531 0.588851 -0.777003
vn -0.004069 0.862143 -0.506649
vn 0.008238 0.665512 -0.746342
vn -0.011880 0.612221 -0.790597
vn 0.366431 0.794655 -0.483996
vn 0.190566 0.916550 -0.351598
vn -0.112967 0.645101 -0.755701
vn -0.004069 0.862143 -0.506649
vn -0.258266 0.772791 -0.579735
vn -0.112967 0.645101 -0.755701
vn -0.069021 0.944721 -0.320527
vn -0.011880 0.612221 -0.790597
vn -0.286087 0.411470 -0.865359
vn -0.259378 0.731188 -0.630941
vn 0.366431 0.794655 -0.483996
vn -0.011880 0.612221 -0.790597
vn 0.206680 0.741579 -0.638235
vn 0.214677 0.808718 -0.547621
vn 0.206680 0.741579 -0.638235
vn -0.445627 0.866169 -0.226204
vn 0.332430 0.864856 -0.376185
vn 0.540686 0.689798 -0.481494
vn 0.439986 0.813805 -0.379650
vn 0.454373 0.798050 -0.395805
vn 0.214677 0.808718 -0.547621
vn -0.464942 0.824543 -0.322425
vn -0.467358 0.277651 0.839337
vn -0.407684 0.767644 0.494486
vn -0.902292 0.423554 -0.080446
vn 0.366431 0.794655 -0.483996
vn 0.206680 0.741579 -0.638235
vn 0.540686 0.689798 -0.481494
vn 0.540686 0.689798 -0.481494
vn 0.206680 0.741579 -0.638235
vn 0.214677 0.808718 -0.547621
vn -0.445627 0.866169 -0.226204
vn -0.788144 0.565162 0.243763
vn -0.464942 0.824543 -0.322425
vn 0.214677 0.808718 -0.547621
vn 0.454373 0.798050 -0.395805
vn 0.667793 0.654363 -0.354770
vn 0.667793 0.654363 -0.354770
vn 0.454373 0.798050 -0.395805
vn 0.687930 0.640079 -0.342128
vn 0.439986 0.813805 -0.379650
vn 0.540686 0.689798 -0.481494
vn 0.667793 0.654363 -0.354770
vn 0.244046 0.793765 0.557116
vn 0.204202 0.955985 0.210698
vn -0.250309 0.331505 0.909643
vn 0.692440 0.644665 -0.323937
vn 0.785555 0.503206 0.360122
vn 0.696891 0.496725 0.517308
vn 0.549557 0.774008 0.314483
vn 0.613781 0.691406 0.381092
vn 0.224278 0.851309 0.474312
vn 0.847889 0.530085 -0.009669
vn 0.294045 0.955713 0.012263
vn -0.301887 0.945388 0.122904
vn -0.611057 0.696405 0.376336
vn -0.469800 0.875000 -0.116891
vn -0.146042 0.988901 0.027304
vn -0.611057 0.696405 0.376336
vn -0.374813 -0.650241 0.660834
vn 0.213755 -0.941495 0.260570
vn -0.265106 -0.411455 0.872023
vn 0.182692 -0.494247 0.849908
vn -0.075717 -0.987520 0.138098
vn 0.252332 -0.142000 0.957165
vn 0.285816 -0.730567 0.620146
vn -0.215756 0.486960 0.846357
vn -0.037858 -0.972305 -0.230631
vn 0.062170 -0.997144 -0.042881
vn 0.000763 -0.999923 -0.012357
vn -0.010351 -0.999932 0.005289
vn -0.018459 -0.997525 -0.067848
vn -0.002938 -0.999991 0.002910
vn -0.021262 0.741037 0.671128
vn 0.549557 0.774008 0.314483
vn 0.224278 0.851309 0.474312
vn 0.257696 0.899499 0.352839
vn 0.296923 0.915107 -0.272792
vn 0.358434 0.851827 0.381988
vn 0.220787 0.798901 -0.559473
vn 0.257696 0.899499 0.352839
vn 0.227308 0.972161 0.056864
vn 0.001708 0.802193 0.597062
vn 0.257696 0.899499 0.352839
vn 0.353647 0.764830 0.538488
vn -0.480340 0.864088 0.150420
vn 0.547202 0.836902 -0.012885
vn 0.676266 0.732257 -0.080398
vn 0.194326 0.980600 0.025727
vn 0.547202 0.836902 -0.012885
vn -0.786796 0.605798 0.118156
vn 0.089470 -0.947865 0.305854
vn -0.141551 -0.948412 0.283688
vn -0.003654 -0.999991 -0.001956
vn -0.141551 -0.948412 0.283688
vn -0.007852 -0.718239 0.695752
vn -0.520591 0.595715 0.611644
vn 0.252332 -0.142000 0.957165
vn 0.089470 -0.947865 0.305854
vn 0.071707 -0.967112 0.244032
vn -0.141551 -0.948412 0.283688
vn 0.089470 -0.947865 0.305854
vn -0.007852 -0.718239 0.695752
vn 0.019705 -0.998445 -0.052154
vn 0.430832 -0.885678 -0.173084
vn 0.129889 -0.980861 0.145053
vn -0.374813 -0.650241 0.660834
vn -0.776746 0.414873 0.473863
vn 0.008640 -0.995674 0.092517
vn -0.464171 0.412226 0.783974
vn -0.146042 0.988901 0.027304
vn -0.200269 0.975360 0.092548
vn -0.611057 0.696405 0.376336
vn -0.146042 0.988901 0.027304
vn -0.258259 0.954042 0.152008
vn 0.336831 -0.930858 -0.141591
vn 0.831306 0.552634 -0.059378
vn 0.679291 -0.670056 -0.299313
vn 0.165326 -0.986218 0.006413
vn 0.336831 -0.930858 -0.141591
vn -0.024674 -0.996121 -0.084465
vn 0.142154 0.958625 -0.246637
vn 0.191372 0.966476 -0.171173
vn 0.211664 0.924514 -0.316972
vn 0.118616 0.931450 -0.343992
vn 0.211461 0.967504 -0.138637
vn -0.120942 0.985639 0.117849
vn 0.756544 0.649950 -0.072151
vn -0.042324 0.998979 -0.015787
vn 0.023210 0.999363 -0.027108
vn -0.033247 0.994388 -0.100431
vn -0.042324 0.998979 -0.015787
vn 0.421689 0.877626 -0.227926
vn 0.909473 0.343972 -0.233542
vn -0.033247 0.994388 -0.100431
vn 0.421689 0.877626 -0.227926
vn 0.232231 0.970399 -0.066290
vn -0.033247 0.994388 -0.100431
vn 0.096236 0.983652 -0.152210
vn 0.955814 -0.122135 -0.267400
vn 0.948085 0.007712 -0.317925
vn 0.391627 0.706605 -0.589353
vn 0.109564 -0.991100 -0.075602
vn 0.948085 0.007712 -0.317925
vn 0.239020 -0.970968 0.009494
vn 0.948085 0.007712 -0.317925
vn 0.679291 -0.670056 -0.299313
vn 0.268474 0.960563 0.072397
vn 0.679291 -0.670056 -0.299313
vn 0.109564 -0.991100 -0.075602
vn 0.060392 -0.997891 -0.023811
vn -0.707549 0.407020 0.577676
vn 0.207447 0.962854 0.172851
vn 0.040224 0.906225 0.420878
vn -0.509653 -0.074844 0.857119
vn -0.494739 -0.858303 0.136197
vn -0.418108 0.438643 0.795473
vn 0.268042 0.839907 0.471921
vn 0.306013 0.812973 0.495409
vn 0.220312 0.904541 0.365058
vn -0.418108 0.438643 0.795473
vn 0.028539 0.872210 0.488299
vn -0.328407 0.653061 0.682393
vn 0.207447 0.962854 0.172851
vn -0.707549 0.407020 0.577676
vn -0.007276 0.954319 -0.298701
vn 0.040224 0.906225 0.420878
vn 0.300799 0.903451 0.305445
vn 0.028539 0.872210 0.488299
vn 0.235273 0.970300 0.056254
vn -0.007276 0.954319 -0.298701
vn 0.073811 0.907721 -0.413032
vn 0.300799 0.903451 0.305445
vn 0.207447 0.962854 0.172851
vn 0.283411 0.909261 0.304833
vn 0.207447 0.962854 0.172851
vn 0.235273 0.970300 0.056254
vn 0.283411 0.909261 0.304833
vn 0.235273 0.970300 0.056254
vn 0.073811 0.907721 -0.413032
vn -0.111076 0.990791 0.077429
vn 0.268042 0.839907 0.471921
vn 0.182104 0.935655 0.302306
vn 0.106981 0.880417 0.461975
vn -0.328407 0.653061 0.682393
vn 0.028539 0.872210 0.488299
vn -0.325362 0.823918 0.464002
vn -0.007276 0.954319 -0.298701
vn 0.235273 0.970300 0.056254
vn 0.207447 0.962854 0.172851
vn 0.073811 0.907721 -0.413032
vn -0.260048 0.919247 -0.295566
vn -0.111076 0.990791 0.077429
vn -0.328407 0.653061 0.682393
vn -0.325362 0.823918 0.464002
vn -0.517639 0.446345 0.729949
vn -0.418108 0.438643 0.795473
vn -0.328407 0.653061 0.682393
vn -0.509653 -0.074844 0.857119
vn -0.517639 0.446345 0.729949
vn -0.509653 -0.074844 0.857119
vn -0.328407 0.653061 0.682393
vn -0.478696 -0.551547 0.683115
vn -0.569060 -0.169807 0.804572
vn -0.239242 -0.929019 0.282287
vn 0.543439 0.481850 0.687383
vn -0.501831 0.114247 0.857388
vn 0.303316 0.930061 0.207332
vn 0.543439 0.481850 0.687383
vn 0.678213 0.488226 0.549238
vn 0.303649 0.081483 0.949293
vn -0.436388 -0.878892 -0.192650
vn -0.935490 -0.336072 -0.109152
vn -0.510721 -0.855373 -0.086606
vn -0.300468 -0.039131 0.952989
vn -0.510721 -0.855373 -0.086606
vn -0.935490 -0.336072 -0.109152
vn 0.768240 0.638367 0.047911
vn 0.157576 -0.051207 0.986178
vn 0.852153 0.447744 0.270853
vn -0.531769 0.272249 0.801936
vn 0.582202 0.591263 0.558076
vn 0.420050 0.383328 0.822568
vn -0.390028 -0.314230 0.865528
vn -0.467358 0.277651 0.839337
vn 0.420050 0.383328 0.822568
vn -0.531769 0.272249 0.801936
vn -0.940826 -0.314070 0.127305
vn -0.306603 -0.756388 0.577816
vn 0.582202 0.591263 0.558076
vn -0.531769 0.272249 0.801936
vn -0.128805 -0.120763 0.984289
vn -0.128805 -0.120763 0.984289
vn -0.531769 0.272249 0.801936
vn -0.306603 -0.756388 0.577816
vn 0.506624 0.779721 -0.367924
vn 0.699854 0.623153 -0.349118
vn 0.595939 0.657725 -0.460711
vn -0.298947 0.556907 0.774910
vn -0.674946 0.201878 0.709713
vn -0.757827 -0.102262 0.644392
vn -0.674946 0.201878 0.709713
vn 0.240664 0.965814 0.096358
vn 0.226032 0.973885 0.021381
vn 0.506624 0.779721 -0.367924
vn 0.226032 0.973885 0.021381
vn 0.240664 0.965814 0.096358
vn 0.582202 0.591263 0.558076
vn 0.852153 0.447744 0.270853
vn 0.420050 0.383328 0.822568
vn -0.746513 -0.365597 0.555929
vn -0.648071 -0.136698 0.749212
vn -0.681096 0.020380 0.731910
vn 0.506624 0.779721 -0.367924
vn 0.240664 0.965814 0.096358
vn 0.699854 0.623153 -0.349118
vn -0.407684 0.767644 0.494486
vn 0.226032 0.973885 0.021381
vn 0.385436 0.901546 -0.196605
vn -0.674946 0.201878 0.709713
vn -0.298947 0.556907 0.774910
vn 0.240664 0.965814 0.096358
vn -0.298947 0.556907 0.774910
vn -0.757827 -0.102262 0.644392
vn -0.681096 0.020380 0.731910
vn -0.165036 0.220243 0.961382
vn -0.681112 -0.475337 0.556903
vn -0.559078 -0.670186 0.488142
vn -0.768063 -0.521103 0.372198
vn -0.681112 -0.475337 0.556903
vn -0.746513 -0.365597 0.555929
vn -0.681096 0.020380 0.731910
vn -0.648071 -0.136698 0.749212
vn -0.103960 0.587622 0.802429
vn -0.681112 -0.475337 0.556903
vn -0.648071 -0.136698 0.749212
vn -0.746513 -0.365597 0.555929
vn -0.414090 0.233781 0.879702
vn -0.837930 0.440200 0.322640
vn -0.660765 0.688917 0.297966
vn -0.705933 0.670991 0.226782
vn -0.120942 0.985639 0.117849
vn 0.211461 0.967504 -0.138637
vn 0.118616 0.931450 -0.343992
vn -0.120942 0.985639 0.117849
vn 0.191372 0.966476 -0.171173
vn -0.120942 0.985639 0.117849
vn -0.705933 0.670991 0.226782
vn -0.414090 0.233781 0.879702
vn -0.018275 0.950606 0.309861
vn 0.068866 0.985616 0.154333
vn -0.213369 0.941066 0.262429
vn 0.387652 -0.763985 0.515803
vn -0.635060 -0.770061 -0.060862
vn -0.841754 -0.034302 0.538770
vn -0.793331 0.238586 0.560091
vn -0.213369 0.941066 0.262429
vn -0.635060 -0.770061 -0.060862
vn -0.841754 -0.034302 0.538770
vn -0.635060 -0.770061 -0.060862
vn -0.182099 0.971475 -0.151911
vn -0.664590 0.747208 0.000373
vn -0.681131 -0.552499 0.480422
vn -0.295158 -0.706949 0.642733
vn 0.065484 -0.954241 0.291782
vn -0.441018 -0.656475 0.612000
vn -0.596394 -0.624932 -0.503760
vn -0.018275 0.950606 0.309861
vn -0.213369 0.941066 0.262429
vn -0.793331 0.238586 0.560091
vn -0.182099 0.971475 -0.151911
vn -0.635060 -0.770061 -0.060862
vn -0.213369 0.941066 0.262429
vn -0.635060 -0.770061 -0.060862
vn 0.387652 -0.763985 0.515803
vn -0.199907 -0.950926 -0.236172
vn -0.199907 -0.950926 -0.236172
vn 0.387652 -0.763985 0.515803
vn 0.065484 -0.954241 0.291782
vn 0.524553 0.833269 0.174662
vn 0.616446 0.785724 0.051309
vn 0.614142 0.787187 0.056270
vn -0.182099 0.971475 -0.151911
vn 0.364263 0.916991 0.162603
vn 0.080711 0.954252 -0.287904
vn 0.080711 0.954252 -0.287904
vn 0.364263 0.916991 0.162603
vn 0.358434 0.851827 0.381988
vn 0.364263 0.916991 0.162603
vn 0.493869 0.869387 -0.016096
vn 0.524553 0.833269 0.174662
vn -0.213369 0.941066 0.262429
vn 0.068866 0.985616 0.154333
vn -0.182099 0.971475 -0.151911
vn -0.018275 0.950606 0.309861
vn 0.364263 0.916991 0.162603
vn 0.068866 0.985616 0.154333
vn -0.156978 0.817057 0.554776
vn -0.166490 0.851790 0.496725
vn 0.346262 0.919019 -0.188431
vn -0.184440 0.901095 0.392442
vn -0.166490 0.851790 0.496725
vn -0.098926 0.922840 0.372264
vn -0.184440 0.901095 0.392442
vn -0.098926 0.922840 0.372264
vn 0.054346 0.976374 0.209143
vn -0.161355 0.906927 0.389164
vn -0.184440 0.901095 0.392442
vn -0.118603 0.950251 0.288021
vn -0.023937 0.791773 0.610346
vn -0.099722 0.828304 0.551332
vn -0.073728 0.994792 -0.070379
vn -0.081766 0.914779 0.395592
vn -0.023937 0.791773 0.610346
vn -0.073728 0.994792 -0.070379
vn -0.375590 0.912874 0.159979
vn -0.342475 0.939364 -0.017510
vn -0.186738 0.970255 0.154058
vn -0.375590 0.912874 0.159979
vn -0.283091 0.920242 0.270210
vn -0.317126 0.886478 0.337028
vn -0.035273 0.999011 0.027070
vn -0.186738 0.970255 0.154058
vn -0.042017 0.997617 0.054725
vn -0.375590 0.912874 0.159979
vn -0.186738 0.970255 0.154058
vn -0.171794 0.963069 0.207329
vn -0.003209 0.999995 -0.000274
vn -0.237238 0.964285 -0.117785
vn -0.138007 0.989576 -0.041155
vn -0.442519 0.862486 -0.245550
vn -0.192952 0.980623 -0.033879
vn -0.138007 0.989576 -0.041155
vn -0.509196 0.854041 -0.106457
vn -0.283091 0.920242 0.270210
vn -0.408173 0.902510 -0.137367
vn -0.283091 0.920242 0.270210
vn -0.190139 0.923469 0.333245
vn -0.317126 0.886478 0.337028
vn -0.184440 0.901095 0.392442
vn -0.161355 0.906927 0.389164
vn 0.319300 0.939285 -0.125664
vn -0.080548 0.945899 0.314305
vn -0.161355 0.906927 0.389164
vn -0.118603 0.950251 0.288021
vn 0.082977 0.995986 -0.033569
vn -0.118603 0.950251 0.288021
vn 0.077868 0.995846 0.047204
vn -0.108630 0.983318 0.145898
vn -0.080548 0.945899 0.314305
vn 0.044861 0.998989 -0.002787
vn -0.165082 0.956088 -0.242166
vn 0.579211 0.596566 -0.555539
vn -0.108630 0.983318 0.145898
vn -0.243845 0.796010 -0.553993
vn -0.499098 0.711096 -0.495221
vn 0.000791 0.954382 -0.298589
vn -0.033986 0.938128 0.344617
vn -0.130799 0.979239 0.154862
vn 0.029714 0.969508 0.243252
vn -0.130799 0.979239 0.154862
vn -0.261264 0.965267 -0.000976
vn -0.164412 0.986291 0.014125
vn -0.178618 0.920876 0.346529
vn -0.033986 0.938128 0.344617
vn 0.024256 0.951753 0.305906
vn -0.248394 0.966967 -0.057233
vn -0.253813 0.967215 0.008562
vn -0.226591 0.973969 -0.006478
vn -0.248394 0.966967 -0.057233
vn -0.169369 0.985553 0.000014
vn -0.164412 0.986291 0.014125
vn -0.685253 0.714672 -0.140260
vn -0.685595 0.707501 -0.171470
vn -0.543765 0.818820 -0.183992
vn -0.811893 0.567533 0.136879
vn -0.828199 0.560434 -0.000436
vn -0.651927 0.725152 0.221688
vn -0.178618 0.920876 0.346529
vn -0.395929 0.833156 0.386124
vn -0.172857 0.896556 0.407809
vn -0.178618 0.920876 0.346529
vn -0.651927 0.725152 0.221688
vn -0.395929 0.833156 0.386124
vn -0.651927 0.725152 0.221688
vn -0.178618 0.920876 0.346529
vn -0.401967 0.888597 0.220950
vn -0.811893 0.567533 0.136879
vn -0.651927 0.725152 0.221688
vn -0.401967 0.888597 0.220950
vn -0.651927 0.725152 0.221688
vn -0.723807 0.674490 0.145489
vn -0.731286 0.662094 0.163867
vn 0.556992 0.830089 -0.026669
vn -0.480340 0.864088 0.150420
vn 0.676266 0.732257 -0.080398
vn -0.828199 0.560434 -0.000436
vn 0.031388 0.986536 0.160506
vn -0.723807 0.674490 0.145489
vn -0.579131 0.764333 0.283553
vn 0.194640 0.978473 0.068607
vn -0.621830 0.708944 0.332755
vn -0.414107 0.900278 0.134220
vn -0.684247 0.677101 0.270814
vn -0.302280 0.908631 0.288127
vn -0.651927 0.725152 0.221688
vn -0.828199 0.560434 -0.000436
vn -0.723807 0.674490 0.145489
vn -0.811893 0.567533 0.136879
vn -0.689481 0.724164 0.014239
vn -0.828199 0.560434 -0.000436
vn 0.556992 0.830089 -0.026669
vn -0.689481 0.724164 0.014239
vn -0.741227 0.637230 0.210996
vn 0.847889 0.530085 -0.009669
vn -0.301887 0.945388 0.122904
vn 0.518747 0.829627 0.206450
vn 0.016363 0.999851 -0.005476
vn 0.141031 0.985723 -0.091980
vn 0.037551 0.998604 -0.037153
vn -0.394820 0.908651 -0.135909
vn -0.105955 0.992522 -0.060610
vn -0.114713 0.991700 -0.058074
vn 0.043816 0.993211 -0.107762
vn 0.159227 0.977785 -0.136320
vn 0.202527 0.963603 -0.174503
vn -0.131854 0.985256 -0.109017
vn 0.075750 0.989718 -0.121326
vn 0.225829 0.939293 -0.258322
vn -0.394820 0.908651 -0.135909
vn -0.114713 0.991700 -0.058074
vn -0.160763 0.984147 -0.074899
vn 0.043816 0.993211 -0.107762
vn 0.026934 0.998670 -0.043956
vn 0.159227 0.977785 -0.136320
vn -0.391733 0.918339 0.056565
vn -0.590837 0.792048 0.153533
vn -0.593848 0.791453 0.144730
vn -0.381702 0.896845 0.223547
vn -0.590837 0.792048 0.153533
vn -0.495518 0.860447 0.118712
vn -0.381702 0.896845 0.223547
vn -0.495518 0.860447 0.118712
vn -0.350919 0.923685 0.153826
vn 0.117782 0.977965 0.172372
vn -0.098190 0.987060 0.126774
vn 0.097350 0.993644 0.056519
vn -0.888557 -0.106336 0.446272
vn 0.012974 0.996979 -0.076578
vn -0.766713 -0.236589 0.596806
vn 0.012974 0.996979 -0.076578
vn -0.888557 -0.106336 0.446272
vn -0.192688 0.970931 0.142005
vn 0.012974 0.996979 -0.076578
vn -0.474852 0.821080 0.316771
vn -0.766713 -0.236589 0.596806
vn 0.190715 0.944249 -0.268369
vn -0.713179 0.551530 0.432655
vn -0.474852 0.821080 0.316771
vn 0.012610 -0.999915 -0.003314
vn 0.019618 -0.999746 0.011106
vn 0.074233 -0.997038 0.020129
vn 0.012610 -0.999915 -0.003314
vn 0.057279 -0.998193 -0.018178
vn -0.069146 -0.996535 0.046233
vn 0.212484 -0.967552 0.136723
vn 0.074233 -0.997038 0.020129
vn 0.066259 -0.989866 0.125603
vn 0.012610 -0.999915 -0.003314
vn 0.074233 -0.997038 0.020129
vn 0.113474 -0.993505 0.008503
vn -0.024401 0.980097 0.197012
vn 0.024256 0.951753 0.305906
vn 0.117782 0.977965 0.172372
vn -0.330575 0.930510 0.157704
vn -0.024401 0.980097 0.197012
vn 0.097350 0.993644 0.056519
vn 0.074938 0.996244 0.043386
vn 0.097350 0.993644 0.056519
vn 0.101603 0.993980 0.041004
vn -0.920235 0.338425 0.196562
vn -0.879379 0.456949 0.133754
vn -0.369234 0.923280 0.105924
vn 0.000774 -0.999999 0.000818
vn -0.000012 -1.000000 -0.000019
vn 0.103122 -0.993146 -0.055013
vn -0.000012 -1.000000 -0.000019
vn 0.000000 -1.000000 0.000000
vn 0.000000 -1.000000 0.000000
vn 0.000553 -1.000000 -0.000098
vn 0.000774 -0.999999 0.000818
vn 0.194509 -0.979427 -0.053757
vn -0.002524 -0.999997 0.000005
vn -0.000674 -0.999999 -0.001188
vn -0.009107 -0.999947 -0.004890
vn -0.002524 -0.999997 0.000005
vn -0.002938 -0.999991 0.002910
vn 0.000000 -1.000000 0.000000
vn -0.252649 -0.894489 -0.368861
vn -0.238131 -0.853894 -0.462772
vn -0.265106 -0.411455 0.872023
vn 0.077506 -0.995914 0.046351
vn 0.621177 -0.761081 -0.186803
vn 0.875483 -0.433392 -0.213779
vn 0.000553 -1.000000 -0.000098
vn 0.002024 -0.999997 0.001270
vn 0.001534 -0.999999 -0.000531
vn 0.968862 0.003861 -0.247572
vn 0.165326 -0.986218 0.006413
vn 0.875483 -0.433392 -0.213779
vn 0.007321 -0.999883 0.013459
vn 0.031572 -0.999305 0.019818
vn 0.002024 -0.999997 0.001270
vn 0.077506 -0.995914 0.046351
vn 0.000553 -1.000000 -0.000098
vn 0.621177 -0.761081 -0.186803
vn 0.031572 -0.999305 0.019818
vn 0.007321 -0.999883 0.013459
vn 0.037633 -0.997122 0.065821
vn 0.264662 0.872256 -0.411246
vn 0.358390 0.630284 -0.688693
vn 0.307608 0.755480 -0.578470
vn 0.190566 0.916550 -0.351598
vn 0.137141 0.987907 -0.072341
vn 0.169967 0.975131 0.142236
vn 0.315854 0.847725 0.426144
vn 0.282432 0.959287 -0.001056
vn 0.530102 0.836059 -0.141407
vn 0.011093 0.948867 -0.315481
vn 0.282432 0.959287 -0.001056
vn 0.137141 0.987907 -0.072341
vn -0.004069 0.862143 -0.506649
vn 0.137141 0.987907 -0.072341
vn 0.190566 0.916550 -0.351598
vn 0.315854 0.847725 0.426144
vn 0.137141 0.987907 -0.072341
vn 0.282432 0.959287 -0.001056
vn -0.640434 0.493192 -0.588732
vn -0.243845 0.796010 -0.553993
vn 0.258552 0.880462 -0.397413
vn -0.069021 0.944721 -0.320527
vn 0.190566 0.916550 -0.351598
vn -0.089646 0.974346 -0.206430
vn 0.937113 0.339059 0.082811
vn 0.555380 0.770598 -0.312621
vn 0.896938 0.137770 -0.420145
vn 0.676558 0.723792 -0.135630
vn 0.937113 0.339059 0.082811
vn 0.896938 0.137770 -0.420145
vn 0.282432 0.959287 -0.001056
vn 0.011093 0.948867 -0.315481
vn 0.433548 0.735441 -0.520733
vn -0.004069 0.862143 -0.506649
vn 0.011093 0.948867 -0.315481
vn 0.137141 0.987907 -0.072341
vn -0.431194 0.868543 -0.244345
vn -0.089646 0.974346 -0.206430
vn 0.127443 0.972054 0.197152
vn -0.780153 0.537973 -0.319289
vn -0.286087 0.411470 -0.865359
vn -0.320827 0.544871 -0.774717
vn -0.583737 0.435034 0.685563
vn -0.018275 0.950606 0.309861
vn -0.793331 0.238586 0.560091
vn -0.940826 -0.314070 0.127305
vn -0.953420 0.103650 -0.283279
vn -0.553474 -0.312888 -0.771860
vn -0.637480 0.688666 0.345483
vn -0.465947 -0.530699 0.707991
vn -0.918446 0.010778 0.395400
vn -0.302280 0.908631 0.288127
vn -0.605765 0.710580 0.357946
vn 0.224278 0.851309 0.474312
vn 0.224278 0.851309 0.474312
vn -0.605765 0.710580 0.357946
vn -0.333606 0.764983 0.550916
vn -0.605765 0.710580 0.357946
vn -0.302280 0.908631 0.288127
vn -0.684247 0.677101 0.270814
vn 0.224278 0.851309 0.474312
vn -0.333606 0.764983 0.550916
vn -0.021262 0.741037 0.671128
vn 0.224278 0.851309 0.474312
vn 0.664234 0.677857 0.315124
vn 0.423388 0.904059 0.058476
vn -0.302280 0.908631 0.288127
vn 0.578965 0.801090 -0.151838
vn -0.414107 0.900278 0.134220
vn 0.294045 0.955713 0.012263
vn 0.847889 0.530085 -0.009669
vn 0.556992 0.830089 -0.026669
vn 0.613781 0.691406 0.381092
vn 0.549557 0.774008 0.314483
vn 0.353647 0.764830 0.538488
vn 0.785555 0.503206 0.360122
vn 0.614142 0.787187 0.056270
vn 0.616446 0.785724 0.051309
vn 0.696891 0.496725 0.517308
vn 0.785555 0.503206 0.360122
vn 0.616446 0.785724 0.051309
vn 0.664234 0.677857 0.315124
vn 0.613781 0.691406 0.381092
vn 0.785555 0.503206 0.360122
vn 0.676926 0.514688 -0.526182
vn 0.423388 0.904059 0.058476
vn 0.664234 0.677857 0.315124
vn 0.555380 0.770598 -0.312621
vn -0.513275 0.845932 -0.144736
vn -0.414107 0.900278 0.134220
vn 0.676926 0.514688 -0.526182
vn 0.692440 0.644665 -0.323937
vn 0.405661 0.775671 -0.483502
vn -0.532626 0.819244 0.212482
vn 0.132399 0.989899 0.050711
vn 0.676558 0.723792 -0.135630
vn -0.302280 0.908631 0.288127
vn 0.423388 0.904059 0.058476
vn 0.578965 0.801090 -0.151838
vn 0.578965 0.801090 -0.151838
vn 0.423388 0.904059 0.058476
vn 0.676926 0.514688 -0.526182
vn 0.692440 0.644665 -0.323937
vn 0.676926 0.514688 -0.526182
vn 0.664234 0.677857 0.315124
vn 0.676926 0.514688 -0.526182
vn 0.405661 0.775671 -0.483502
vn 0.896938 0.137770 -0.420145
vn 0.736848 0.608769 0.294033
vn 0.555380 0.770598 -0.312621
vn 0.937113 0.339059 0.082811
vn -0.720940 0.663387 0.200409
vn -0.301887 0.945388 0.122904
vn 0.294045 0.955713 0.012263
vn 0.676558 0.723792 -0.135630
vn 0.896938 0.137770 -0.420145
vn 0.405661 0.775671 -0.483502
vn 0.555380 0.770598 -0.312621
vn 0.578965 0.801090 -0.151838
vn 0.896938 0.137770 -0.420145
vn 0.785555 0.503206 0.360122
vn 0.692440 0.644665 -0.323937
vn 0.664234 0.677857 0.315124
vn -0.637480 0.688666 0.345483
vn 0.005485 0.976152 -0.217021
vn -0.320950 0.164844 0.932640
vn 0.555380 0.770598 -0.312621
vn -0.414107 0.900278 0.134220
vn 0.578965 0.801090 -0.151838
vn -0.414107 0.900278 0.134220
vn -0.513275 0.845932 -0.144736
vn -0.720940 0.663387 0.200409
vn 0.676558 0.723792 -0.135630
vn 0.405661 0.775671 -0.483502
vn -0.532626 0.819244 0.212482
vn 0.683129 0.541099 0.490455
vn 0.937113 0.339059 0.082811
vn 0.132399 0.989899 0.050711
vn 0.405661 0.775671 -0.483502
vn -0.637480 0.688666 0.345483
vn -0.532626 0.819244 0.212482
vn 0.676558 0.723792 -0.135630
vn 0.132399 0.989899 0.050711
vn 0.937113 0.339059 0.082811
vn -0.918446 0.010778 0.395400
vn -0.945695 0.323481 -0.031941
vn -0.532626 0.819244 0.212482
vn -0.945695 0.323481 -0.031941
vn -0.509127 0.746363 -0.428640
vn -0.532626 0.819244 0.212482
vn 0.127443 0.972054 0.197152
vn 0.741614 0.422729 0.520874
vn 0.683129 0.541099 0.490455
vn -0.546661 0.674931 -0.495611
vn -0.671378 0.526434 -0.521651
vn 0.684876 0.617916 0.386167
vn 0.169967 0.975131 0.142236
vn 0.606916 0.663615 0.437343
vn -0.089646 0.974346 -0.206430
vn 0.089818 0.995957 0.001682
vn 0.258552 0.880462 -0.397413
vn 0.385783 0.844906 -0.370548
vn 0.127443 0.972054 0.197152
vn 0.683129 0.541099 0.490455
vn 0.132399 0.989899 0.050711
vn 0.684876 0.617916 0.386167
vn 0.683129 0.541099 0.490455
vn 0.741614 0.422729 0.520874
vn 0.132399 0.989899 0.050711
vn -0.509127 0.746363 -0.428640
vn -0.431194 0.868543 -0.244345
vn 0.127443 0.972054 0.197152
vn -0.089646 0.974346 -0.206430
vn 0.606916 0.663615 0.437343
vn -0.776746 0.414873 0.473863
vn -0.374813 -0.650241 0.660834
vn -0.258259 0.954042 0.152008
vn 0.213755 -0.941495 0.260570
vn -0.374813 -0.650241 0.660834
vn 0.244334 -0.967164 0.069969
vn -0.379689 0.750671 0.540675
vn -0.776746 0.414873 0.473863
vn -0.258259 0.954042 0.152008
vn -0.776746 0.414873 0.473863
vn -0.673983 0.073880 0.735044
vn 0.129889 -0.980861 0.145053
vn 0.019705 -0.998445 -0.052154
vn 0.129889 -0.980861 0.145053
vn -0.673983 0.073880 0.735044
vn 0.129889 -0.980861 0.145053
vn 0.430832 -0.885678 -0.173084
vn 0.391305 -0.901216 -0.186252
vn 0.244334 -0.967164 0.069969
vn 0.391305 -0.901216 -0.186252
vn 0.341090 -0.928300 -0.148043
vn 0.318143 -0.930478 0.181647
vn 0.328617 -0.944401 -0.010819
vn 0.212484 -0.967552 0.136723
vn -0.673983 0.073880 0.735044
vn -0.215756 0.486960 0.846357
vn -0.609526 -0.783855 0.118529
vn -0.007852 -0.718239 0.695752
vn 0.252332 -0.142000 0.957165
vn -0.215756 0.486960 0.846357
vn 0.252332 -0.142000 0.957165
vn -0.265106 -0.411455 0.872023
vn 0.285816 -0.730567 0.620146
vn -0.252649 -0.894489 -0.368861
vn -0.075717 -0.987520 0.138098
vn -0.037858 -0.972305 -0.230631
vn 0.353647 0.764830 0.538488
vn 0.549557 0.774008 0.314483
vn -0.021262 0.741037 0.671128
vn 0.358434 0.851827 0.381988
vn 0.353647 0.764830 0.538488
vn 0.257696 0.899499 0.352839
vn 0.001708 0.802193 0.597062
vn -0.021262 0.741037 0.671128
vn -0.381683 0.814543 0.436849
vn 0.227308 0.972161 0.056864
vn 0.001708 0.802193 0.597062
vn 0.529462 0.792314 -0.303163
vn 0.194640 0.978473 0.068607
vn -0.579131 0.764333 0.283553
vn 0.468486 0.882958 -0.030120
vn 0.001708 0.802193 0.597062
vn -0.381683 0.814543 0.436849
vn 0.187423 0.981689 0.034043
vn 0.194640 0.978473 0.068607
vn -0.381683 0.814543 0.436849
vn -0.621830 0.708944 0.332755
vn 0.187423 0.981689 0.034043
vn -0.381683 0.814543 0.436849
vn 0.637556 0.767417 -0.067784
vn -0.480340 0.864088 0.150420
vn 0.556992 0.830089 -0.026669
vn -0.741227 0.637230 0.210996
vn 0.637556 0.767417 -0.067784
vn 0.547202 0.836902 -0.012885
vn 0.194326 0.980600 0.025727
vn -0.879379 0.456949 0.133754
vn -0.689481 0.724164 0.014239
vn -0.811893 0.567533 0.136879
vn -0.920235 0.338425 0.196562
vn -0.967537 0.135239 0.213502
vn -0.786796 0.605798 0.118156
vn -0.141551 -0.948412 0.283688
vn -0.520591 0.595715 0.611644
vn -0.379689 0.750671 0.540675
vn -0.215756 0.486960 0.846357
vn -0.520591 0.595715 0.611644
vn -0.007852 -0.718239 0.695752
vn 0.000077 -1.000000 0.000200
vn 0.109564 -0.991100 -0.075602
vn -0.002661 -0.999890 0.014587
vn -0.007697 -0.999475 -0.031459
vn 0.336831 -0.930858 -0.141591
vn 0.060392 -0.997891 -0.023811
vn -0.239242 -0.929019 0.282287
vn -0.010080 -0.999838 0.014892
vn -0.002661 -0.999890 0.014587
vn 0.024511 -0.998432 -0.050337
vn -0.114953 -0.987947 0.103665
vn -0.030062 -0.998783 0.039102
vn -0.993982 -0.095320 0.053979
vn -0.389819 0.867116 0.310081
vn -0.837930 0.440200 0.322640
vn -0.143173 0.981950 0.123595
vn -0.389819 0.867116 0.310081
vn 0.243580 0.893420 0.377451
vn 0.235273 0.970300 0.056254
vn 0.243580 0.893420 0.377451
vn 0.283411 0.909261 0.304833
vn -0.143173 0.981950 0.123595
vn -0.837930 0.440200 0.322640
vn -0.389819 0.867116 0.310081
vn -0.946606 -0.313024 0.077159
vn -0.853268 0.405226 0.328216
vn -0.811251 -0.572687 0.117906
vn 0.243580 0.893420 0.377451
vn -0.389819 0.867116 0.310081
vn 0.165132 0.827534 0.536581
vn 0.307673 -0.628232 0.714606
vn -0.880969 0.387622 0.271370
vn -0.441018 -0.656475 0.612000
vn 0.264871 0.795524 0.544963
vn 0.243580 0.893420 0.377451
vn 0.165132 0.827534 0.536581
vn -0.853268 0.405226 0.328216
vn -0.993982 -0.095320 0.053979
vn -0.811251 -0.572687 0.117906
vn 0.165132 0.827534 0.536581
vn -0.853268 0.405226 0.328216
vn -0.946606 -0.313024 0.077159
vn -0.919472 -0.302701 0.250885
vn -0.811251 -0.572687 0.117906
vn -0.993982 -0.095320 0.053979
vn -0.074295 0.959773 0.270768
vn -0.859512 -0.511027 0.009557
vn -0.811251 -0.572687 0.117906
vn -0.993982 -0.095320 0.053979
vn -0.705933 0.670991 0.226782
vn -0.919472 -0.302701 0.250885
vn -0.074295 0.959773 0.270768
vn -0.919472 -0.302701 0.250885
vn -0.705933 0.670991 0.226782
vn -0.150703 -0.861897 0.484172
vn -0.058758 -0.994422 0.087590
vn 0.458104 -0.884618 0.087131
vn -0.239242 -0.929019 0.282287
vn -0.058758 -0.994422 0.087590
vn -0.478696 -0.551547 0.683115
vn 0.507846 -0.859182 -0.062435
vn -0.150703 -0.861897 0.484172
vn 0.458104 -0.884618 0.087131
vn -0.509653 -0.074844 0.857119
vn -0.478696 -0.551547 0.683115
vn -0.150703 -0.861897 0.484172
vn -0.789899 -0.274373 -0.548433
vn -0.896001 -0.435635 -0.086048
vn -0.506325 0.021402 -0.862077
vn -0.749095 0.394222 0.532395
vn -0.953420 0.103650 -0.283279
vn -0.531769 0.272249 0.801936
vn -0.940826 -0.314070 0.127305
vn -0.300468 -0.039131 0.952989
vn -0.306603 -0.756388 0.577816
vn -0.306603 -0.756388 0.577816
vn -0.300468 -0.039131 0.952989
vn 0.148482 -0.631440 0.761076
vn 0.595939 0.657725 -0.460711
vn 0.667793 0.654363 -0.354770
vn 0.687930 0.640079 -0.342128
vn 0.226032 0.973885 0.021381
vn 0.506624 0.779721 -0.367924
vn 0.385436 0.901546 -0.196605
vn 0.385436 0.901546 -0.196605
vn 0.687930 0.640079 -0.342128
vn 0.454373 0.798050 -0.395805
vn 0.595939 0.657725 -0.460711
vn 0.687930 0.640079 -0.342128
vn 0.506624 0.779721 -0.367924
vn -0.870537 -0.310603 0.381695
vn -0.834691 -0.348516 0.426413
vn -0.757827 -0.102262 0.644392
vn 0.852153 0.447744 0.270853
vn -0.129593 -0.219653 0.966932
vn 0.420050 0.383328 0.822568
vn -0.245528 -0.540728 0.804568
vn 0.157576 -0.051207 0.986178
vn 0.751962 0.649670 -0.111725
vn -0.796085 -0.402738 0.451720
vn -0.129593 -0.219653 0.966932
vn 0.157576 -0.051207 0.986178
vn -0.796085 -0.402738 0.451720
vn -0.834691 -0.348516 0.426413
vn -0.870537 -0.310603 0.381695
vn -0.870537 -0.310603 0.381695
vn -0.129593 -0.219653 0.966932
vn -0.796085 -0.402738 0.451720
vn -0.298947 0.556907 0.774910
vn -0.681096 0.020380 0.731910
vn -0.103960 0.587622 0.802429
vn -0.834691 -0.348516 0.426413
vn -0.681096 0.020380 0.731910
vn -0.757827 -0.102262 0.644392
vn -0.414090 0.233781 0.879702
vn -0.660765 0.688917 0.297966
vn -0.664577 0.685378 0.297647
vn -0.705933 0.670991 0.226782
vn -0.837930 0.440200 0.322640
vn -0.414090 0.233781 0.879702
vn 0.089826 0.886607 -0.453717
vn 0.025648 0.739540 -0.672624
vn 0.080711 0.954252 -0.287904
vn -0.148950 0.835524 -0.528880
vn -0.063466 0.843762 -0.532952
vn -0.649873 0.667234 -0.363956
vn 0.165132 0.827534 0.536581
vn -0.090281 0.962959 0.254084
vn 0.268759 0.945777 0.182415
vn -0.649873 0.667234 -0.363956
vn -0.063466 0.843762 -0.532952
vn -0.664590 0.747208 0.000373
vn -0.182099 0.971475 -0.151911
vn -0.148950 0.835524 -0.528880
vn -0.433543 0.821169 -0.371109
vn -0.649873 0.667234 -0.363956
vn -0.433543 0.821169 -0.371109
vn -0.148950 0.835524 -0.528880
vn -0.859512 -0.511027 0.009557
vn -0.839405 -0.517323 -0.166662
vn -0.946606 -0.313024 0.077159
vn 0.204803 0.923469 -0.324438
vn -0.259028 0.910782 -0.321528
vn -0.613622 0.788316 -0.045017
vn -0.664590 0.747208 0.000373
vn -0.063466 0.843762 -0.532952
vn 0.072972 0.913513 -0.400211
vn -0.664590 0.747208 0.000373
vn -0.704477 0.708562 0.040643
vn -0.681131 -0.552499 0.480422
vn 0.417934 -0.627462 0.656980
vn -0.841754 -0.034302 0.538770
vn -0.295158 -0.706949 0.642733
vn -0.090281 0.962959 0.254084
vn -0.839405 -0.517323 -0.166662
vn -0.704477 0.708562 0.040643
vn 0.417934 -0.627462 0.656980
vn 0.307673 -0.628232 0.714606
vn 0.387652 -0.763985 0.515803
vn -0.613622 0.788316 -0.045017
vn 0.016736 -0.806670 0.590765
vn -0.406830 0.912509 0.042624
vn -0.880969 0.387622 0.271370
vn -0.613622 0.788316 -0.045017
vn -0.259028 0.910782 -0.321528
vn 0.016736 -0.806670 0.590765
vn -0.452411 -0.887878 0.083647
vn -0.406830 0.912509 0.042624
vn 0.526615 0.849744 0.024727
vn 0.271645 0.955367 0.116119
vn -0.074295 0.959773 0.270768
vn 0.204803 0.923469 -0.324438
vn -0.613622 0.788316 -0.045017
vn -0.406830 0.912509 0.042624
vn 0.178533 -0.665486 0.724744
vn 0.307673 -0.628232 0.714606
vn 0.417934 -0.627462 0.656980
vn -0.613622 0.788316 -0.045017
vn 0.178533 -0.665486 0.724744
vn 0.016736 -0.806670 0.590765
vn -0.295158 -0.706949 0.642733
vn -0.649873 0.667234 -0.363956
vn -0.664590 0.747208 0.000373
vn -0.295158 -0.706949 0.642733
vn 0.016736 -0.806670 0.590765
vn 0.178533 -0.665486 0.724744
vn -0.841754 -0.034302 0.538770
vn 0.417934 -0.627462 0.656980
vn 0.387652 -0.763985 0.515803
vn 0.178533 -0.665486 0.724744
vn 0.417934 -0.627462 0.656980
vn -0.295158 -0.706949 0.642733
vn -0.199907 -0.950926 -0.236172
vn 0.065484 -0.954241 0.291782
vn -0.596394 -0.624932 -0.503760
vn 0.307673 -0.628232 0.714606
vn 0.065484 -0.954241 0.291782
vn 0.387652 -0.763985 0.515803
vn 0.015489 0.687478 -0.726040
vn 0.220787 0.798901 -0.559473
vn 0.041473 0.695145 -0.717672
vn 0.358434 0.851827 0.381988
vn 0.296923 0.915107 -0.272792
vn 0.089826 0.886607 -0.453717
vn 0.529462 0.792314 -0.303163
vn 0.452175 0.678762 -0.578637
vn 0.326141 0.804576 -0.496276
vn 0.254091 0.823198 0.507723
vn 0.165132 0.827534 0.536581
vn 0.268759 0.945777 0.182415
vn 0.296923 0.915107 -0.272792
vn 0.015489 0.687478 -0.726040
vn 0.089826 0.886607 -0.453717
vn 0.089826 0.886607 -0.453717
vn 0.015489 0.687478 -0.726040
vn 0.025648 0.739540 -0.672624
vn 0.220787 0.798901 -0.559473
vn 0.015489 0.687478 -0.726040
vn 0.296923 0.915107 -0.272792
vn 0.059963 0.718699 -0.692731
vn 0.159011 0.938538 -0.306368
vn 0.168337 0.780713 -0.601788
vn 0.080711 0.954252 -0.287904
vn 0.025648 0.739540 -0.672624
vn -0.148950 0.835524 -0.528880
vn 0.015489 0.687478 -0.726040
vn 0.059963 0.718699 -0.692731
vn 0.025648 0.739540 -0.672624
vn 0.028539 0.872210 0.488299
vn 0.268042 0.839907 0.471921
vn 0.106981 0.880417 0.461975
vn 0.220312 0.904541 0.365058
vn 0.133344 0.962060 -0.238034
vn 0.182104 0.935655 0.302306
vn 0.268042 0.839907 0.471921
vn 0.028539 0.872210 0.488299
vn 0.300799 0.903451 0.305445
vn -0.225386 0.906647 0.356640
vn 0.106981 0.880417 0.461975
vn 0.182104 0.935655 0.302306
vn 0.306013 0.812973 0.495409
vn 0.300799 0.903451 0.305445
vn 0.283411 0.909261 0.304833
vn 0.264871 0.795524 0.544963
vn 0.220312 0.904541 0.365058
vn 0.306013 0.812973 0.495409
vn -0.080727 0.995853 0.041961
vn -0.411075 0.793754 0.448299
vn 0.056323 0.989237 -0.135046
vn -0.579926 0.660922 0.476306
vn -0.359056 0.900543 0.245157
vn -0.434466 0.845880 0.309395
vn 0.264871 0.795524 0.544963
vn 0.254091 0.823198 0.507723
vn 0.220312 0.904541 0.365058
vn 0.300799 0.903451 0.305445
vn 0.306013 0.812973 0.495409
vn 0.268042 0.839907 0.471921
vn 0.182104 0.935655 0.302306
vn 0.133344 0.962060 -0.238034
vn 0.056323 0.989237 -0.135046
vn -0.225386 0.906647 0.356640
vn -0.411075 0.793754 0.448299
vn -0.457424 0.825182 0.331419
vn 0.353647 0.764830 0.538488
vn 0.524553 0.833269 0.174662
vn 0.614142 0.787187 0.056270
vn 0.364263 0.916991 0.162603
vn 0.524553 0.833269 0.174662
vn 0.358434 0.851827 0.381988
vn 0.216028 0.974048 0.067549
vn -0.098926 0.922840 0.372264
vn -0.040673 0.969070 0.243410
vn 0.245276 0.969180 -0.023030
vn -0.026721 0.968073 -0.249242
vn 0.087849 0.984581 -0.151274
vn -0.099722 0.828304 0.551332
vn -0.213222 0.882203 0.419827
vn -0.350046 0.936408 0.024662
vn -0.073728 0.994792 -0.070379
vn -0.099722 0.828304 0.551332
vn -0.152534 0.934980 0.320229
vn -0.442519 0.862486 -0.245550
vn -0.579675 0.732255 -0.357462
vn -0.583250 0.723461 -0.369356
vn -0.509196 0.854041 -0.106457
vn -0.408173 0.902510 -0.137367
vn -0.583250 0.723461 -0.369356
vn -0.081766 0.914779 0.395592
vn -0.040673 0.969070 0.243410
vn -0.156978 0.817057 0.554776
vn -0.052822 0.842815 0.535604
vn -0.023937 0.791773 0.610346
vn -0.081766 0.914779 0.395592
vn -0.051400 0.853770 0.518106
vn -0.317126 0.886478 0.337028
vn -0.190139 0.923469 0.333245
vn -0.492877 0.863985 -0.102967
vn -0.317126 0.886478 0.337028
vn -0.431414 0.902145 -0.003960
vn -0.492481 0.822256 -0.285232
vn -0.492877 0.863985 -0.102967
vn -0.431414 0.902145 -0.003960
vn -0.476130 0.848648 -0.230429
vn -0.375590 0.912874 0.159979
vn -0.492877 0.863985 -0.102967
vn -0.138007 0.989576 -0.041155
vn -0.237238 0.964285 -0.117785
vn -0.442519 0.862486 -0.245550
vn -0.035273 0.999011 0.027070
vn -0.003209 0.999995 -0.000274
vn -0.138007 0.989576 -0.041155
vn -0.237238 0.964285 -0.117785
vn -0.592718 0.735201 -0.328884
vn -0.442519 0.862486 -0.245550
vn -0.344212 0.908035 -0.238728
vn -0.404619 0.857268 -0.318395
vn -0.579675 0.732255 -0.357462
vn -0.138007 0.989576 -0.041155
vn -0.192952 0.980623 -0.033879
vn -0.035273 0.999011 0.027070
vn -0.442519 0.862486 -0.245550
vn -0.408173 0.902510 -0.137367
vn -0.192952 0.980623 -0.033879
vn 0.082977 0.995986 -0.033569
vn 0.270772 0.917606 -0.291001
vn 0.205944 0.947603 -0.244205
vn -0.306506 0.925067 -0.224287
vn -0.108630 0.983318 0.145898
vn -0.041228 0.991758 -0.121315
vn 0.579211 0.596566 -0.555539
vn 0.536201 0.780395 -0.321671
vn -0.108630 0.983318 0.145898
vn -0.264291 0.785261 -0.559924
vn -0.165082 0.956088 -0.242166
vn -0.306506 0.925067 -0.224287
vn 0.044861 0.998989 -0.002787
vn -0.080548 0.945899 0.314305
vn 0.082977 0.995986 -0.033569
vn -0.306506 0.925067 -0.224287
vn -0.165082 0.956088 -0.242166
vn -0.108630 0.983318 0.145898
vn 0.000791 0.954382 -0.298589
vn -0.499098 0.711096 -0.495221
vn -0.306506 0.925067 -0.224287
vn 0.501029 0.777681 -0.379714
vn 0.532345 0.840882 -0.097605
vn 0.902386 0.020058 -0.430461
vn -0.172857 0.896556 0.407809
vn -0.253813 0.967215 0.008562
vn -0.177375 0.959585 0.218485
vn -0.395929 0.833156 0.386124
vn -0.731286 0.662094 0.163867
vn -0.490465 0.852962 0.178606
vn -0.243221 0.969971 -0.000111
vn -0.256943 0.964774 0.056502
vn -0.184114 0.977101 -0.106653
vn -0.188935 0.981984 0.003171
vn -0.358584 0.924082 -0.132246
vn -0.291517 0.954046 -0.069384
vn -0.678669 0.734417 0.006265
vn -0.528263 0.839095 -0.129838
vn -0.503306 0.863164 0.040376
vn -0.314748 0.948619 -0.032507
vn -0.362711 0.928494 0.079623
vn -0.164412 0.986291 0.014125
vn 0.704747 0.661549 0.256288
vn -0.357325 0.917117 0.176677
vn 0.031388 0.986536 0.160506
vn -0.357325 0.917117 0.176677
vn 0.165358 0.984055 0.065518
vn -0.490465 0.852962 0.178606
vn 0.358390 0.630284 -0.688693
vn 0.264662 0.872256 -0.411246
vn 0.329680 0.793929 -0.510869
vn -0.395929 0.833156 0.386124
vn -0.490465 0.852962 0.178606
vn -0.342966 0.921970 0.179850
vn -0.723807 0.674490 0.145489
vn -0.357325 0.917117 0.176677
vn -0.731286 0.662094 0.163867
vn -0.490465 0.852962 0.178606
vn -0.731286 0.662094 0.163867
vn -0.357325 0.917117 0.176677
vn -0.197356 0.963121 -0.182890
vn -0.007126 0.967324 -0.253444
vn -0.192885 0.980011 -0.048730
vn -0.306505 0.948179 -0.083735
vn -0.253813 0.967215 0.008562
vn -0.342966 0.921970 0.179850
vn -0.275470 0.954115 -0.117390
vn -0.342966 0.921970 0.179850
vn -0.490465 0.852962 0.178606
vn -0.192885 0.980011 -0.048730
vn -0.256943 0.964774 0.056502
vn -0.306505 0.948179 -0.083735
vn 0.083319 0.979890 -0.181308
vn 0.244677 0.887237 -0.391079
vn -0.007126 0.967324 -0.253444
vn -0.275470 0.954115 -0.117390
vn -0.197356 0.963121 -0.182890
vn -0.300967 0.941443 -0.152001
vn 0.294045 0.955713 0.012263
vn 0.556992 0.830089 -0.026669
vn 0.676266 0.732257 -0.080398
vn 0.705016 0.705553 0.071740
vn 0.556992 0.830089 -0.026669
vn 0.847889 0.530085 -0.009669
vn -0.579131 0.764333 0.283553
vn 0.294045 0.955713 0.012263
vn 0.468486 0.882958 -0.030120
vn -0.684247 0.677101 0.270814
vn -0.414107 0.900278 0.134220
vn -0.720940 0.663387 0.200409
vn 0.617815 0.750554 0.234463
vn 0.550508 0.796796 0.249111
vn 0.513729 0.807670 0.289398
vn -0.301887 0.945388 0.122904
vn -0.564007 0.823101 -0.066344
vn 0.518747 0.829627 0.206450
vn -0.720940 0.663387 0.200409
vn 0.294045 0.955713 0.012263
vn -0.684247 0.677101 0.270814
vn 0.518747 0.829627 0.206450
vn -0.564007 0.823101 -0.066344
vn -0.149873 0.962888 -0.224464
vn 0.001504 0.999999 -0.000838
vn -0.003209 0.999995 -0.000274
vn 0.000000 1.000000 0.000000
vn -0.332388 0.918581 -0.213838
vn -0.105955 0.992522 -0.060610
vn -0.394820 0.908651 -0.135909
vn 0.001504 0.999999 -0.000838
vn 0.016363 0.999851 -0.005476
vn 0.037551 0.998604 -0.037153
vn -0.054139 0.995741 -0.074626
vn 0.001504 0.999999 -0.000838
vn -0.105955 0.992522 -0.060610
vn 0.159227 0.977785 -0.136320
vn 0.037551 0.998604 -0.037153
vn 0.141031 0.985723 -0.091980
vn 0.001504 0.999999 -0.000838
vn 0.037551 0.998604 -0.037153
vn 0.026934 0.998670 -0.043956
vn -0.131854 0.985256 -0.109017
vn 0.043816 0.993211 -0.107762
vn 0.075750 0.989718 -0.121326
vn -0.114713 0.991700 -0.058074
vn 0.043816 0.993211 -0.107762
vn -0.160763 0.984147 -0.074899
vn -0.528263 0.839095 -0.129838
vn -0.131854 0.985256 -0.109017
vn -0.246765 0.962300 -0.114397
vn 0.043816 0.993211 -0.107762
vn -0.131854 0.985256 -0.109017
vn -0.160763 0.984147 -0.074899
vn -0.543765 0.818820 -0.183992
vn -0.685595 0.707501 -0.171470
vn -0.696751 0.678678 -0.232239
vn -0.131854 0.985256 -0.109017
vn -0.543765 0.818820 -0.183992
vn -0.160763 0.984147 -0.074899
vn 0.043816 0.993211 -0.107762
vn -0.114713 0.991700 -0.058074
vn 0.026934 0.998670 -0.043956
vn -0.160763 0.984147 -0.074899
vn -0.543765 0.818820 -0.183992
vn -0.394820 0.908651 -0.135909
vn -0.564235 0.802779 -0.192833
vn -0.650677 0.697810 -0.299469
vn -0.696751 0.678678 -0.232239
vn -0.332388 0.918581 -0.213838
vn -0.054139 0.995741 -0.074626
vn -0.105955 0.992522 -0.060610
vn 0.012974 0.996979 -0.076578
vn -0.192688 0.970931 0.142005
vn 0.200595 0.963487 -0.177356
vn -0.244323 0.969558 0.016202
vn -0.121254 0.992572 0.009866
vn -0.218443 0.975700 0.017070
vn 0.265874 -0.948855 -0.170248
vn 0.183760 -0.978117 -0.097565
vn 0.341090 -0.928300 -0.148043
vn -0.438387 -0.839122 0.322010
vn -0.713804 -0.477361 0.512455
vn -0.139605 -0.981843 0.128431
vn 0.200595 0.963487 -0.177356
vn -0.111972 0.989841 -0.087620
vn -0.391733 0.918339 0.056565
vn -0.012333 0.978813 -0.204384
vn 0.012974 0.996979 -0.076578
vn 0.200595 0.963487 -0.177356
vn 0.057279 -0.998193 -0.018178
vn 0.113474 -0.993505 0.008503
vn 0.328617 -0.944401 -0.010819
vn -0.069146 -0.996535 0.046233
vn 0.057279 -0.998193 -0.018178
vn -0.001854 -0.999997 0.001641
vn -0.069146 -0.996535 0.046233
vn -0.001854 -0.999997 0.001641
vn -0.287602 -0.936722 0.199592
vn -0.023492 -0.999473 0.022417
vn -0.069146 -0.996535 0.046233
vn -0.241865 -0.950600 0.194580
vn -0.522372 0.833730 0.178944
vn 0.079638 0.994509 -0.067893
vn 0.294975 0.955106 -0.027607
vn -0.369234 0.923280 0.105924
vn 0.074938 0.996244 0.043386
vn 0.079638 0.994509 -0.067893
vn 0.001534 -0.999999 -0.000531
vn -0.000674 -0.999999 -0.001188
vn -0.000199 -1.000000 -0.000546
vn 0.002024 -0.999997 0.001270
vn 0.031572 -0.999305 0.019818
vn 0.002550 -0.999996 0.001409
vn -0.002938 -0.999991 0.002910
vn -0.002524 -0.999997 0.000005
vn -0.010351 -0.999932 0.005289
vn -0.031915 -0.987254 -0.155918
vn -0.002938 -0.999991 0.002910
vn -0.018459 -0.997525 -0.067848
vn 0.165326 -0.986218 0.006413
vn 0.077506 -0.995914 0.046351
vn 0.875483 -0.433392 -0.213779
vn 0.007321 -0.999883 0.013459
vn 0.077506 -0.995914 0.046351
vn 0.037633 -0.997122 0.065821
vn 0.968862 0.003861 -0.247572
vn 0.336831 -0.930858 -0.141591
vn 0.165326 -0.986218 0.006413
vn -0.007697 -0.999475 -0.031459
vn 0.024511 -0.998432 -0.050337
vn -0.024674 -0.996121 -0.084465
vn 0.024511 -0.998432 -0.050337
vn 0.038026 -0.999238 -0.008817
vn 0.055138 -0.998469 0.004468
vn 0.031572 -0.999305 0.019818
vn 0.055138 -0.998469 0.004468
vn 0.038026 -0.999238 -0.008817
vn 0.532345 0.840882 -0.097605
vn 0.501029 0.777681 -0.379714
vn 0.173131 0.882181 -0.437929
vn 0.489722 0.785135 -0.379125
vn 0.262942 0.942323 0.207096
vn 0.626149 0.764411 0.153667
vn 0.530102 0.836059 -0.141407
vn 0.630673 0.693119 -0.349052
vn 0.722905 0.651672 -0.229635
vn 0.262942 0.942323 0.207096
vn 0.315854 0.847725 0.426144
vn 0.626149 0.764411 0.153667
vn -0.258266 0.772791 -0.579735
vn -0.069021 0.944721 -0.320527
vn -0.431194 0.868543 -0.244345
vn -0.258266 0.772791 -0.579735
vn -0.320827 0.544871 -0.774717
vn -0.286087 0.411470 -0.865359
vn -0.320827 0.544871 -0.774717
vn -0.945695 0.323481 -0.031941
vn -0.780153 0.537973 -0.319289
vn 0.206680 0.741579 -0.638235
vn -0.259378 0.731188 -0.630941
vn -0.445627 0.866169 -0.226204
vn -0.528673 -0.103055 0.842546
vn -0.433120 0.030167 0.900831
vn -0.857770 -0.147488 0.492421
vn -0.780153 0.537973 -0.319289
vn -0.667540 0.710645 0.222205
vn -0.259378 0.731188 -0.630941
vn -0.011880 0.612221 -0.790597
vn -0.259378 0.731188 -0.630941
vn 0.206680 0.741579 -0.638235
vn -0.780153 0.537973 -0.319289
vn -0.259378 0.731188 -0.630941
vn -0.286087 0.411470 -0.865359
vn 0.204202 0.955985 0.210698
vn 0.616446 0.785724 0.051309
vn 0.493869 0.869387 -0.016096
vn -0.433120 0.030167 0.900831
vn 0.244046 0.793765 0.557116
vn -0.250309 0.331505 0.909643
vn 0.204202 0.955985 0.210698
vn 0.493869 0.869387 -0.016096
vn 0.364263 0.916991 0.162603
vn -0.583737 0.435034 0.685563
vn 0.204202 0.955985 0.210698
vn -0.018275 0.950606 0.309861
vn -0.793331 0.238586 0.560091
vn -0.581806 -0.813318 0.003944
vn -0.583737 0.435034 0.685563
vn -0.789074 -0.611806 -0.055271
vn -0.857770 -0.147488 0.492421
vn -0.792651 -0.436902 0.425230
vn -0.605765 0.710580 0.357946
vn -0.579131 0.764333 0.283553
vn -0.621830 0.708944 0.332755
vn 0.294045 0.955713 0.012263
vn -0.579131 0.764333 0.283553
vn -0.684247 0.677101 0.270814
vn -0.780153 0.537973 -0.319289
vn -0.945695 0.323481 -0.031941
vn -0.918446 0.010778 0.395400
vn -0.945695 0.323481 -0.031941
vn -0.320827 0.544871 -0.774717
vn -0.509127 0.746363 -0.428640
vn -0.258266 0.772791 -0.579735
vn -0.509127 0.746363 -0.428640
vn -0.320827 0.544871 -0.774717
vn -0.431194 0.868543 -0.244345
vn -0.069021 0.944721 -0.320527
vn -0.089646 0.974346 -0.206430
vn 0.566857 0.774704 0.280193
vn 0.534278 0.579957 0.614978
vn 0.102203 0.987455 -0.120360
vn 0.127443 0.972054 0.197152
vn 0.606916 0.663615 0.437343
vn 0.741614 0.422729 0.520874
vn -0.673983 0.073880 0.735044
vn -0.609526 -0.783855 0.118529
vn 0.019705 -0.998445 -0.052154
vn 0.019705 -0.998445 -0.052154
vn -0.609526 -0.783855 0.118529
vn -0.176567 -0.750813 -0.636478
vn 0.385928 -0.920586 -0.059843
vn 0.265874 -0.948855 -0.170248
vn 0.391305 -0.901216 -0.186252
vn 0.183760 -0.978117 -0.097565
vn 0.328617 -0.944401 -0.010819
vn 0.341090 -0.928300 -0.148043
vn -0.776746 0.414873 0.473863
vn 0.129889 -0.980861 0.145053
vn 0.008640 -0.995674 0.092517
vn 0.391305 -0.901216 -0.186252
vn 0.008640 -0.995674 0.092517
vn 0.129889 -0.980861 0.145053
vn 0.341090 -0.928300 -0.148043
vn 0.213755 -0.941495 0.260570
vn 0.244334 -0.967164 0.069969
vn 0.081735 -0.929512 0.359621
vn 0.213755 -0.941495 0.260570
vn 0.318143 -0.930478 0.181647
vn 0.212484 -0.967552 0.136723
vn 0.328617 -0.944401 -0.010819
vn 0.113474 -0.993505 0.008503
vn 0.341090 -0.928300 -0.148043
vn 0.328617 -0.944401 -0.010819
vn 0.318143 -0.930478 0.181647
vn 0.341090 -0.928300 -0.148043
vn 0.318143 -0.930478 0.181647
vn 0.213755 -0.941495 0.260570
vn 0.341090 -0.928300 -0.148043
vn 0.391305 -0.901216 -0.186252
vn 0.265874 -0.948855 -0.170248
vn 0.074233 -0.997038 0.020129
vn 0.212484 -0.967552 0.136723
vn 0.113474 -0.993505 0.008503
vn 0.081735 -0.929512 0.359621
vn 0.212484 -0.967552 0.136723
vn 0.066259 -0.989866 0.125603
vn -0.265106 -0.411455 0.872023
vn 0.252332 -0.142000 0.957165
vn 0.182692 -0.494247 0.849908
vn -0.176567 -0.750813 -0.636478
vn 0.285816 -0.730567 0.620146
vn -0.238131 -0.853894 -0.462772
vn -0.031915 -0.987254 -0.155918
vn -0.019939 -0.955380 -0.294707
vn -0.106715 -0.776587 -0.620906
vn 0.285816 -0.730567 0.620146
vn -0.265106 -0.411455 0.872023
vn -0.238131 -0.853894 -0.462772
vn -0.381683 0.814543 0.436849
vn -0.021262 0.741037 0.671128
vn -0.333606 0.764983 0.550916
vn 0.353647 0.764830 0.538488
vn -0.021262 0.741037 0.671128
vn 0.001708 0.802193 0.597062
vn 0.529462 0.792314 -0.303163
vn 0.732307 0.511965 -0.449019
vn 0.535724 0.744707 -0.398009
vn 0.535724 0.744707 -0.398009
vn 0.452175 0.678762 -0.578637
vn 0.529462 0.792314 -0.303163
vn 0.194326 0.980600 0.025727
vn -0.786796 0.605798 0.118156
vn -0.725700 0.611109 0.316079
vn 0.732307 0.511965 -0.449019
vn 0.464594 0.872077 -0.153733
vn -0.035840 0.999203 -0.017557
vn 0.732307 0.511965 -0.449019
vn -0.035840 0.999203 -0.017557
vn 0.535724 0.744707 -0.398009
vn 0.637556 0.767417 -0.067784
vn 0.732307 0.511965 -0.449019
vn 0.187423 0.981689 0.034043
vn -0.346892 0.878843 0.327568
vn 0.535724 0.744707 -0.398009
vn -0.035840 0.999203 -0.017557
vn -0.579926 0.660922 0.476306
vn -0.434466 0.845880 0.309395
vn -0.527277 0.546099 0.650964
vn 0.547202 0.836902 -0.012885
vn 0.194640 0.978473 0.068607
vn 0.468486 0.882958 -0.030120
vn -0.381683 0.814543 0.436849
vn 0.194640 0.978473 0.068607
vn 0.637556 0.767417 -0.067784
vn -0.879379 0.456949 0.133754
vn -0.480340 0.864088 0.150420
vn -0.741227 0.637230 0.210996
vn 0.547202 0.836902 -0.012885
vn -0.480340 0.864088 0.150420
vn -0.767451 0.629538 0.121250
vn -0.811893 0.567533 0.136879
vn -0.330575 0.930510 0.157704
vn -0.879379 0.456949 0.133754
vn -0.879379 0.456949 0.133754
vn -0.330575 0.930510 0.157704
vn -0.369234 0.923280 0.105924
vn -0.125130 -0.980536 0.151303
vn -0.001278 -0.999996 0.002402
vn -0.002645 -0.999996 0.000856
vn -0.725700 0.611109 0.316079
vn 0.464594 0.872077 -0.153733
vn 0.194326 0.980600 0.025727
vn 0.074938 0.996244 0.043386
vn 0.101603 0.993980 0.041004
vn 0.127782 0.991711 -0.013491
vn -0.579926 0.660922 0.476306
vn -0.344545 0.872817 0.345657
vn -0.664566 0.473110 0.578376
vn -0.002661 -0.999890 0.014587
vn -0.010080 -0.999838 0.014892
vn 0.000077 -1.000000 0.000200
vn 0.060392 -0.997891 -0.023811
vn 0.000077 -1.000000 0.000200
vn -0.010080 -0.999838 0.014892
vn -0.517639 0.446345 0.729949
vn -0.459155 0.767081 0.448067
vn -0.569060 -0.169807 0.804572
vn -0.114953 -0.987947 0.103665
vn -0.472097 -0.742882 0.474606
vn -0.625654 -0.349883 0.697236
vn -0.457424 0.825182 0.331419
vn -0.411075 0.793754 0.448299
vn -0.434466 0.845880 0.309395
vn -0.625654 -0.349883 0.697236
vn -0.561916 0.548257 0.619407
vn -0.317289 0.920652 0.227436
vn -0.509653 -0.074844 0.857119
vn -0.517639 0.446345 0.729949
vn -0.478696 -0.551547 0.683115
vn -0.610813 -0.009626 0.791716
vn -0.569060 -0.169807 0.804572
vn -0.459155 0.767081 0.448067
vn -0.517639 0.446345 0.729949
vn -0.325362 0.823918 0.464002
vn -0.457424 0.825182 0.331419
vn -0.478696 -0.551547 0.683115
vn -0.517639 0.446345 0.729949
vn -0.569060 -0.169807 0.804572
vn -0.010080 -0.999838 0.014892
vn -0.239242 -0.929019 0.282287
vn -0.210399 -0.935482 0.283912
vn -0.488889 -0.754474 0.437899
vn -0.247860 -0.916060 0.315276
vn -0.688105 0.009155 0.725554
vn -0.610813 -0.009626 0.791716
vn -0.239242 -0.929019 0.282287
vn -0.569060 -0.169807 0.804572
vn -0.610813 -0.009626 0.791716
vn -0.459155 0.767081 0.448067
vn -0.359056 0.900543 0.245157
vn -0.459155 0.767081 0.448067
vn -0.434466 0.845880 0.309395
vn -0.359056 0.900543 0.245157
vn -0.610813 -0.009626 0.791716
vn -0.472097 -0.742882 0.474606
vn -0.210399 -0.935482 0.283912
vn -0.664566 0.473110 0.578376
vn -0.439814 0.796548 0.414818
vn -0.332880 0.925385 0.181254
vn -0.610813 -0.009626 0.791716
vn -0.359056 0.900543 0.245157
vn -0.561916 0.548257 0.619407
vn -0.610813 -0.009626 0.791716
vn -0.210399 -0.935482 0.283912
vn -0.239242 -0.929019 0.282287
vn -0.114953 -0.987947 0.103665
vn -0.210399 -0.935482 0.283912
vn -0.472097 -0.742882 0.474606
vn -0.837930 0.440200 0.322640
vn -0.111076 0.990791 0.077429
vn -0.260048 0.919247 -0.295566
vn 0.235273 0.970300 0.056254
vn -0.111076 0.990791 0.077429
vn -0.143173 0.981950 0.123595
vn -0.467358 0.277651 0.839337
vn -0.749095 0.394222 0.532395
vn 0.420050 0.383328 0.822568
vn -0.953420 0.103650 -0.283279
vn -0.749095 0.394222 0.532395
vn -0.915834 0.114308 -0.384943
vn -0.506325 0.021402 -0.862077
vn -0.706187 0.019138 -0.707767
vn -0.553474 -0.312888 -0.771860
vn -0.774760 -0.514553 -0.367399
vn -0.789074 -0.611806 -0.055271
vn -0.581806 -0.813318 0.003944
vn -0.506325 0.021402 -0.862077
vn -0.953420 0.103650 -0.283279
vn -0.915834 0.114308 -0.384943
vn -0.953420 0.103650 -0.283279
vn -0.506325 0.021402 -0.862077
vn -0.553474 -0.312888 -0.771860
vn -0.902292 0.423554 -0.080446
vn -0.789899 -0.274373 -0.548433
vn -0.915834 0.114308 -0.384943
vn -0.506325 0.021402 -0.862077
vn -0.915834 0.114308 -0.384943
vn -0.789899 -0.274373 -0.548433
vn -0.774760 -0.514553 -0.367399
vn -0.553474 -0.312888 -0.771860
vn -0.706187 0.019138 -0.707767
vn -0.510721 -0.855373 -0.086606
vn -0.553474 -0.312888 -0.771860
vn -0.436388 -0.878892 -0.192650
vn -0.902292 0.423554 -0.080446
vn -0.913528 0.259579 -0.313187
vn -0.789899 -0.274373 -0.548433
vn -0.672397 0.435334 0.598638
vn -0.788144 0.565162 0.243763
vn -0.667540 0.710645 0.222205
vn -0.857770 -0.147488 0.492421
vn -0.774760 -0.514553 -0.367399
vn -0.706187 0.019138 -0.707767
vn -0.436388 -0.878892 -0.192650
vn -0.774760 -0.514553 -0.367399
vn -0.581806 -0.813318 0.003944
vn -0.464942 0.824543 -0.322425
vn -0.765983 0.437455 -0.471067
vn -0.174817 0.945400 -0.275061
vn -0.842711 0.129864 0.522468
vn -0.672397 0.435334 0.598638
vn -0.667540 0.710645 0.222205
vn -0.445627 0.866169 -0.226204
vn -0.464942 0.824543 -0.322425
vn 0.214677 0.808718 -0.547621
vn -0.913528 0.259579 -0.313187
vn -0.174817 0.945400 -0.275061
vn -0.765983 0.437455 -0.471067
vn -0.857770 -0.147488 0.492421
vn -0.706187 0.019138 -0.707767
vn -0.614387 -0.324479 0.719195
vn -0.583737 0.435034 0.685563
vn -0.792651 -0.436902 0.425230
vn -0.250309 0.331505 0.909643
vn -0.913528 0.259579 -0.313187
vn -0.902292 0.423554 -0.080446
vn -0.174817 0.945400 -0.275061
vn -0.913528 0.259579 -0.313187
vn -0.765983 0.437455 -0.471067
vn -0.744937 -0.187957 0.640110
vn -0.789074 -0.611806 -0.055271
vn -0.583737 0.435034 0.685563
vn -0.581806 -0.813318 0.003944
vn -0.857770 -0.147488 0.492421
vn -0.250309 0.331505 0.909643
vn -0.792651 -0.436902 0.425230
vn -0.857770 -0.147488 0.492421
vn -0.789074 -0.611806 -0.055271
vn -0.774760 -0.514553 -0.367399
vn -0.583737 0.435034 0.685563
vn -0.789074 -0.611806 -0.055271
vn -0.792651 -0.436902 0.425230
vn -0.768063 -0.521103 0.372198
vn -0.616597 -0.701415 0.357526
vn -0.464109 -0.762538 0.450709
vn 0.157576 -0.051207 0.986178
vn -0.704812 -0.512427 0.490569
vn -0.796085 -0.402738 0.451720
vn -0.681112 -0.475337 0.556903
vn -0.768063 -0.521103 0.372198
vn -0.464109 -0.762538 0.450709
vn -0.746513 -0.365597 0.555929
vn -0.681096 0.020380 0.731910
vn -0.834691 -0.348516 0.426413
vn -0.796085 -0.402738 0.451720
vn -0.768063 -0.521103 0.372198
vn -0.834691 -0.348516 0.426413
vn -0.746513 -0.365597 0.555929
vn -0.834691 -0.348516 0.426413
vn -0.768063 -0.521103 0.372198
vn 0.768240 0.638367 0.047911
vn 0.852153 0.447744 0.270853
vn 0.582202 0.591263 0.558076
vn 0.157576 -0.051207 0.986178
vn -0.129593 -0.219653 0.966932
vn 0.852153 0.447744 0.270853
vn -0.407684 0.767644 0.494486
vn -0.390028 -0.314230 0.865528
vn -0.674946 0.201878 0.709713
vn -0.467358 0.277651 0.839337
vn -0.915834 0.114308 -0.384943
vn -0.749095 0.394222 0.532395
vn -0.674946 0.201878 0.709713
vn -0.870537 -0.310603 0.381695
vn -0.757827 -0.102262 0.644392
vn -0.129593 -0.219653 0.966932
vn -0.870537 -0.310603 0.381695
vn -0.390028 -0.314230 0.865528
vn -0.859512 -0.511027 0.009557
vn 0.271645 0.955367 0.116119
vn -0.406830 0.912509 0.042624
vn 0.526615 0.849744 0.024727
vn -0.074295 0.959773 0.270768
vn 0.211461 0.967504 -0.138637
vn 0.139041 0.980507 -0.138832
vn 0.526615 0.849744 0.024727
vn 0.211461 0.967504 -0.138637
vn 0.526615 0.849744 0.024727
vn 0.555389 0.822604 -0.121922
vn 0.271645 0.955367 0.116119
vn 0.555389 0.822604 -0.121922
vn 0.505340 0.859836 -0.072896
vn 0.232231 0.970399 -0.066290
vn 0.139041 0.980507 -0.138832
vn 0.505340 0.859836 -0.072896
vn 0.526615 0.849744 0.024727
vn 0.271645 0.955367 0.116119
vn -0.859512 -0.511027 0.009557
vn -0.074295 0.959773 0.270768
vn 0.204803 0.923469 -0.324438
vn 0.271645 0.955367 0.116119
vn 0.555389 0.822604 -0.121922
vn 0.054346 0.976374 0.209143
vn 0.014913 0.985602 0.168422
vn -0.184440 0.901095 0.392442
vn 0.014913 0.985602 0.168422
vn 0.172816 0.982057 0.075488
vn 0.267621 0.951565 -0.151336
vn 0.216028 0.974048 0.067549
vn 0.054346 0.976374 0.209143
vn -0.098926 0.922840 0.372264
vn 0.014913 0.985602 0.168422
vn 0.054346 0.976374 0.209143
vn 0.172816 0.982057 0.075488
vn -0.073728 0.994792 -0.070379
vn -0.152534 0.934980 0.320229
vn -0.357627 0.912392 -0.199109
vn 0.146297 0.982470 -0.115541
vn -0.073728 0.994792 -0.070379
vn -0.026721 0.968073 -0.249242
vn -0.040673 0.969070 0.243410
vn -0.081766 0.914779 0.395592
vn 0.146297 0.982470 -0.115541
vn -0.166490 0.851790 0.496725
vn -0.156978 0.817057 0.554776
vn -0.098926 0.922840 0.372264
vn -0.332388 0.918581 -0.213838
vn -0.592718 0.735201 -0.328884
vn -0.237238 0.964285 -0.117785
vn -0.579675 0.732255 -0.357462
vn -0.592718 0.735201 -0.328884
vn -0.571004 0.767211 -0.292134
vn -0.054139 0.995741 -0.074626
vn -0.332388 0.918581 -0.213838
vn -0.237238 0.964285 -0.117785
vn -0.650677 0.697810 -0.299469
vn -0.332388 0.918581 -0.213838
vn -0.394820 0.908651 -0.135909
vn -0.696751 0.678678 -0.232239
vn -0.650677 0.697810 -0.299469
vn -0.394820 0.908651 -0.135909
vn -0.571004 0.767211 -0.292134
vn -0.592718 0.735201 -0.328884
vn -0.650677 0.697810 -0.299469
vn -0.543765 0.818820 -0.183992
vn -0.696751 0.678678 -0.232239
vn -0.394820 0.908651 -0.135909
vn -0.571004 0.767211 -0.292134
vn -0.564235 0.802779 -0.192833
vn -0.358584 0.924082 -0.132246
vn -0.256943 0.964774 0.056502
vn -0.243221 0.969971 -0.000111
vn -0.226591 0.973969 -0.006478
vn 0.434103 0.809075 -0.396172
vn 0.240041 0.871270 -0.428100
vn 0.220280 0.884623 -0.410998
vn 0.014913 0.985602 0.168422
vn 0.077868 0.995846 0.047204
vn -0.118603 0.950251 0.288021
vn 0.230127 0.942680 -0.241654
vn 0.082977 0.995986 -0.033569
vn 0.077868 0.995846 0.047204
vn 0.395940 0.856155 -0.332010
vn 0.270772 0.917606 -0.291001
vn 0.230127 0.942680 -0.241654
vn 0.083319 0.979890 -0.181308
vn -0.197356 0.963121 -0.182890
vn -0.275470 0.954115 -0.117390
vn 0.270772 0.917606 -0.291001
vn 0.082977 0.995986 -0.033569
vn 0.230127 0.942680 -0.241654
vn -0.108630 0.983318 0.145898
vn 0.044861 0.998989 -0.002787
vn -0.041228 0.991758 -0.121315
vn 0.329680 0.793929 -0.510869
vn 0.264662 0.872256 -0.411246
vn 0.205944 0.947603 -0.244205
vn -0.243845 0.796010 -0.553993
vn -0.640434 0.493192 -0.588732
vn -0.663768 0.439802 -0.604968
vn 0.205944 0.947603 -0.244205
vn 0.117705 0.965159 -0.233694
vn 0.044861 0.998989 -0.002787
vn 0.264662 0.872256 -0.411246
vn 0.000791 0.954382 -0.298589
vn 0.117705 0.965159 -0.233694
vn -0.306506 0.925067 -0.224287
vn -0.041228 0.991758 -0.121315
vn 0.000791 0.954382 -0.298589
vn 0.117705 0.965159 -0.233694
vn 0.000791 0.954382 -0.298589
vn -0.041228 0.991758 -0.121315
vn 0.395940 0.856155 -0.332010
vn 0.267621 0.951565 -0.151336
vn 0.415846 0.833815 -0.363077
vn 0.329680 0.793929 -0.510869
vn 0.205944 0.947603 -0.244205
vn 0.270772 0.917606 -0.291001
vn 0.382324 0.784463 -0.488310
vn 0.317624 0.741001 -0.591635
vn 0.329680 0.793929 -0.510869
vn 0.000791 0.954382 -0.298589
vn 0.264662 0.872256 -0.411246
vn 0.307608 0.755480 -0.578470
vn -0.351152 0.684334 -0.639046
vn -0.491126 0.695042 -0.525083
vn 0.489722 0.785135 -0.379125
vn -0.499098 0.711096 -0.495221
vn -0.264291 0.785261 -0.559924
vn -0.306506 0.925067 -0.224287
vn 0.044861 0.998989 -0.002787
vn 0.117705 0.965159 -0.233694
vn -0.041228 0.991758 -0.121315
vn 0.264662 0.872256 -0.411246
vn 0.117705 0.965159 -0.233694
vn 0.205944 0.947603 -0.244205
vn 0.230127 0.942680 -0.241654
vn 0.267621 0.951565 -0.151336
vn 0.395940 0.856155 -0.332010
vn 0.395940 0.856155 -0.332010
vn 0.415846 0.833815 -0.363077
vn 0.473697 0.798486 -0.371526
vn -0.243845 0.796010 -0.553993
vn 0.000791 0.954382 -0.298589
vn 0.307608 0.755480 -0.578470
vn -0.264291 0.785261 -0.559924
vn -0.499098 0.711096 -0.495221
vn -0.663768 0.439802 -0.604968
vn 0.434103 0.809075 -0.396172
vn 0.446770 0.797845 -0.404772
vn 0.473697 0.798486 -0.371526
vn 0.397979 0.754517 -0.521840
vn 0.382324 0.784463 -0.488310
vn 0.473697 0.798486 -0.371526
vn 0.473697 0.798486 -0.371526
vn 0.382324 0.784463 -0.488310
vn 0.395940 0.856155 -0.332010
vn 0.270772 0.917606 -0.291001
vn 0.395940 0.856155 -0.332010
vn 0.382324 0.784463 -0.488310
vn 0.146297 0.982470 -0.115541
vn -0.026721 0.968073 -0.249242
vn 0.245276 0.969180 -0.023030
vn 0.184060 0.925408 -0.331272
vn 0.067324 0.975574 -0.209100
vn -0.002353 0.966755 -0.255694
vn -0.007126 0.967324 -0.253444
vn 0.244677 0.887237 -0.391079
vn 0.289569 0.790265 -0.540029
vn 0.382324 0.784463 -0.488310
vn 0.397979 0.754517 -0.521840
vn 0.317624 0.741001 -0.591635
vn 0.617815 0.750554 0.234463
vn 0.520119 0.851543 0.065957
vn 0.083319 0.979890 -0.181308
vn 0.289569 0.790265 -0.540029
vn 0.317624 0.741001 -0.591635
vn 0.397979 0.754517 -0.521840
vn -0.007126 0.967324 -0.253444
vn 0.289569 0.790265 -0.540029
vn 0.302666 0.861201 -0.408322
vn 0.289569 0.790265 -0.540029
vn 0.244677 0.887237 -0.391079
vn 0.317624 0.741001 -0.591635
vn -0.040494 0.973089 -0.226845
vn -0.192885 0.980011 -0.048730
vn -0.007126 0.967324 -0.253444
vn -0.007126 0.967324 -0.253444
vn -0.197356 0.963121 -0.182890
vn 0.083319 0.979890 -0.181308
vn 0.447301 0.840988 -0.304402
vn 0.520119 0.851543 0.065957
vn 0.435963 0.899210 0.036854
vn 0.317624 0.741001 -0.591635
vn 0.385783 0.844906 -0.370548
vn 0.358390 0.630284 -0.688693
vn -0.275470 0.954115 -0.117390
vn 0.165358 0.984055 0.065518
vn 0.083319 0.979890 -0.181308
vn 0.317624 0.741001 -0.591635
vn 0.447301 0.840988 -0.304402
vn 0.435963 0.899210 0.036854
vn -0.200964 0.964193 -0.173049
vn -0.002353 0.966755 -0.255694
vn -0.344212 0.908035 -0.238728
vn -0.037125 0.950964 -0.307065
vn -0.069360 0.965332 -0.251643
vn -0.172727 0.973133 -0.152244
vn 0.520119 0.851543 0.065957
vn 0.244677 0.887237 -0.391079
vn 0.083319 0.979890 -0.181308
vn 0.089818 0.995957 0.001682
vn -0.595520 0.565287 -0.570795
vn -0.525272 0.589767 -0.613404
vn -0.040494 0.973089 -0.226845
vn -0.007126 0.967324 -0.253444
vn 0.302666 0.861201 -0.408322
vn -0.256943 0.964774 0.056502
vn -0.192885 0.980011 -0.048730
vn -0.184114 0.977101 -0.106653
vn 0.317624 0.741001 -0.591635
vn 0.358390 0.630284 -0.688693
vn 0.329680 0.793929 -0.510869
vn 0.307608 0.755480 -0.578470
vn 0.358390 0.630284 -0.688693
vn 0.385783 0.844906 -0.370548
vn 0.165358 0.984055 0.065518
vn 0.732884 0.611427 0.298392
vn 0.617815 0.750554 0.234463
vn 0.550508 0.796796 0.249111
vn 0.563996 0.818314 0.110772
vn 0.001123 0.950701 -0.310106
vn 0.220280 0.884623 -0.410998
vn -0.037125 0.950964 -0.307065
vn 0.169144 0.903135 -0.394635
vn -0.184114 0.977101 -0.106653
vn -0.192885 0.980011 -0.048730
vn -0.040494 0.973089 -0.226845
vn 0.446770 0.797845 -0.404772
vn 0.302666 0.861201 -0.408322
vn 0.397979 0.754517 -0.521840
vn 0.067324 0.975574 -0.209100
vn -0.404619 0.857268 -0.318395
vn -0.002353 0.966755 -0.255694
vn 0.169144 0.903135 -0.394635
vn -0.040494 0.973089 -0.226845
vn 0.302666 0.861201 -0.408322
vn -0.069360 0.965332 -0.251643
vn -0.037125 0.950964 -0.307065
vn 0.083419 0.913287 -0.398683
vn -0.184114 0.977101 -0.106653
vn -0.172727 0.973133 -0.152244
vn -0.243221 0.969971 -0.000111
vn -0.226591 0.973969 -0.006478
vn -0.253813 0.967215 0.008562
vn -0.306505 0.948179 -0.083735
vn 0.617815 0.750554 0.234463
vn 0.083319 0.979890 -0.181308
vn 0.165358 0.984055 0.065518
vn 0.520119 0.851543 0.065957
vn 0.513729 0.807670 0.289398
vn 0.435963 0.899210 0.036854
vn 0.220280 0.884623 -0.410998
vn 0.446770 0.797845 -0.404772
vn 0.434103 0.809075 -0.396172
vn 0.083419 0.913287 -0.398683
vn -0.037125 0.950964 -0.307065
vn 0.220280 0.884623 -0.410998
vn -0.069360 0.965332 -0.251643
vn -0.002353 0.966755 -0.255694
vn -0.200964 0.964193 -0.173049
vn -0.277996 0.952567 -0.123831
vn -0.358584 0.924082 -0.132246
vn -0.243221 0.969971 -0.000111
vn -0.418708 0.878782 -0.228967
vn -0.358584 0.924082 -0.132246
vn -0.277996 0.952567 -0.123831
vn -0.226591 0.973969 -0.006478
vn -0.243221 0.969971 -0.000111
vn -0.188935 0.981984 0.003171
vn -0.342966 0.921970 0.179850
vn -0.275470 0.954115 -0.117390
vn -0.300967 0.941443 -0.152001
vn -0.226591 0.973969 -0.006478
vn -0.306505 0.948179 -0.083735
vn -0.256943 0.964774 0.056502
vn 0.732884 0.611427 0.298392
vn 0.165358 0.984055 0.065518
vn 0.704747 0.661549 0.256288
vn 0.513729 0.807670 0.289398
vn 0.520119 0.851543 0.065957
vn 0.617815 0.750554 0.234463
vn 0.435963 0.899210 0.036854
vn 0.513729 0.807670 0.289398
vn 0.089818 0.995957 0.001682
vn 0.317624 0.741001 -0.591635
vn 0.435963 0.899210 0.036854
vn 0.385783 0.844906 -0.370548
vn 0.473697 0.798486 -0.371526
vn 0.446770 0.797845 -0.404772
vn 0.397979 0.754517 -0.521840
vn 0.169144 0.903135 -0.394635
vn 0.446770 0.797845 -0.404772
vn 0.220280 0.884623 -0.410998
vn -0.002353 0.966755 -0.255694
vn -0.069360 0.965332 -0.251643
vn 0.083419 0.913287 -0.398683
vn -0.277996 0.952567 -0.123831
vn -0.172727 0.973133 -0.152244
vn -0.200964 0.964193 -0.173049
vn -0.002353 0.966755 -0.255694
vn 0.083419 0.913287 -0.398683
vn 0.184060 0.925408 -0.331272
vn -0.002353 0.966755 -0.255694
vn -0.404619 0.857268 -0.318395
vn -0.344212 0.908035 -0.238728
vn -0.192885 0.980011 -0.048730
vn -0.300967 0.941443 -0.152001
vn -0.197356 0.963121 -0.182890
vn -0.342966 0.921970 0.179850
vn -0.300967 0.941443 -0.152001
vn -0.306505 0.948179 -0.083735
vn 0.031388 0.986536 0.160506
vn 0.705016 0.705553 0.071740
vn 0.518747 0.829627 0.206450
vn -0.674825 0.654025 -0.341850
vn -0.694728 0.541050 -0.473939
vn -0.149873 0.962888 -0.224464
vn 0.270737 0.953119 -0.135147
vn 0.184060 0.925408 -0.331272
vn 0.240041 0.871270 -0.428100
vn 0.320669 0.926252 -0.198064
vn 0.415846 0.833815 -0.363077
vn 0.267621 0.951565 -0.151336
vn -0.404619 0.857268 -0.318395
vn -0.583250 0.723461 -0.369356
vn -0.579675 0.732255 -0.357462
vn -0.418708 0.878782 -0.228967
vn -0.344212 0.908035 -0.238728
vn -0.579675 0.732255 -0.357462
vn -0.592718 0.735201 -0.328884
vn -0.579675 0.732255 -0.357462
vn -0.442519 0.862486 -0.245550
vn -0.418708 0.878782 -0.228967
vn -0.579675 0.732255 -0.357462
vn -0.571004 0.767211 -0.292134
vn -0.418708 0.878782 -0.228967
vn -0.571004 0.767211 -0.292134
vn -0.358584 0.924082 -0.132246
vn -0.200964 0.964193 -0.173049
vn -0.344212 0.908035 -0.238728
vn -0.418708 0.878782 -0.228967
vn -0.564235 0.802779 -0.192833
vn -0.571004 0.767211 -0.292134
vn -0.650677 0.697810 -0.299469
vn -0.696751 0.678678 -0.232239
vn -0.685595 0.707501 -0.171470
vn -0.564235 0.802779 -0.192833
vn -0.524710 0.843154 -0.117351
vn -0.685595 0.707501 -0.171470
vn -0.685253 0.714672 -0.140260
vn -0.314748 0.948619 -0.032507
vn -0.291517 0.954046 -0.069384
vn -0.524710 0.843154 -0.117351
vn 0.704747 0.661549 0.256288
vn 0.165358 0.984055 0.065518
vn -0.357325 0.917117 0.176677
vn 0.732884 0.611427 0.298392
vn 0.563996 0.818314 0.110772
vn 0.550508 0.796796 0.249111
vn -0.694728 0.541050 -0.473939
vn 0.001123 0.950701 -0.310106
vn -0.149873 0.962888 -0.224464
vn 0.011423 0.998395 -0.055466
vn 0.001123 0.950701 -0.310106
vn -0.707625 0.476304 -0.521922
vn 0.704747 0.661549 0.256288
vn 0.031388 0.986536 0.160506
vn 0.518747 0.829627 0.206450
vn 0.732884 0.611427 0.298392
vn 0.704747 0.661549 0.256288
vn 0.563996 0.818314 0.110772
vn 0.270737 0.953119 -0.135147
vn 0.087849 0.984581 -0.151274
vn 0.067324 0.975574 -0.209100
vn 0.087849 0.984581 -0.151274
vn -0.403365 0.848166 -0.343383
vn 0.067324 0.975574 -0.209100
vn 0.240041 0.871270 -0.428100
vn 0.184060 0.925408 -0.331272
vn 0.083419 0.913287 -0.398683
vn 0.067324 0.975574 -0.209100
vn 0.184060 0.925408 -0.331272
vn 0.270737 0.953119 -0.135147
vn 0.220280 0.884623 -0.410998
vn 0.240041 0.871270 -0.428100
vn 0.083419 0.913287 -0.398683
vn 0.216028 0.974048 0.067549
vn 0.290358 0.950018 -0.114707
vn 0.320669 0.926252 -0.198064
vn -0.358584 0.924082 -0.132246
vn -0.564235 0.802779 -0.192833
vn -0.291517 0.954046 -0.069384
vn -0.524710 0.843154 -0.117351
vn -0.291517 0.954046 -0.069384
vn -0.564235 0.802779 -0.192833
vn 0.555380 0.770598 -0.312621
vn 0.736848 0.608769 0.294033
vn -0.513275 0.845932 -0.144736
vn 0.606916 0.663615 0.437343
vn 0.534278 0.579957 0.614978
vn 0.566857 0.774704 0.280193
vn 0.087849 0.984581 -0.151274
vn 0.270737 0.953119 -0.135147
vn 0.245276 0.969180 -0.023030
vn -0.583250 0.723461 -0.369356
vn -0.404619 0.857268 -0.318395
vn -0.403365 0.848166 -0.343383
vn 0.290358 0.950018 -0.114707
vn 0.270737 0.953119 -0.135147
vn 0.240041 0.871270 -0.428100
vn 0.216028 0.974048 0.067549
vn 0.245276 0.969180 -0.023030
vn 0.290358 0.950018 -0.114707
vn -0.226591 0.973969 -0.006478
vn -0.188935 0.981984 0.003171
vn -0.169369 0.985553 0.000014
vn -0.358584 0.924082 -0.132246
vn -0.188935 0.981984 0.003171
vn -0.243221 0.969971 -0.000111
vn -0.685595 0.707501 -0.171470
vn -0.524710 0.843154 -0.117351
vn -0.564235 0.802779 -0.192833
vn -0.524710 0.843154 -0.117351
vn -0.557833 0.827248 -0.066964
vn -0.314748 0.948619 -0.032507
vn -0.149873 0.962888 -0.224464
vn 0.001123 0.950701 -0.310106
vn 0.563996 0.818314 0.110772
vn 0.001123 0.950701 -0.310106
vn -0.694728 0.541050 -0.473939
vn -0.707625 0.476304 -0.521922
vn 0.937113 0.339059 0.082811
vn 0.683129 0.541099 0.490455
vn 0.684876 0.617916 0.386167
vn -0.671378 0.526434 -0.521651
vn -0.885481 0.340355 -0.316358
vn 0.077822 0.996582 -0.027705
vn 0.262942 0.942323 0.207096
vn -0.619231 0.530033 -0.579326
vn 0.102203 0.987455 -0.120360
vn 0.684876 0.617916 0.386167
vn 0.077822 0.996582 -0.027705
vn 0.736848 0.608769 0.294033
vn 0.216028 0.974048 0.067549
vn 0.172816 0.982057 0.075488
vn 0.054346 0.976374 0.209143
vn 0.146297 0.982470 -0.115541
vn 0.245276 0.969180 -0.023030
vn 0.216028 0.974048 0.067549
vn 0.704747 0.661549 0.256288
vn 0.518747 0.829627 0.206450
vn 0.563996 0.818314 0.110772
vn -0.149873 0.962888 -0.224464
vn -0.564007 0.823101 -0.066344
vn -0.674825 0.654025 -0.341850
vn 0.847889 0.530085 -0.009669
vn 0.518747 0.829627 0.206450
vn 0.705016 0.705553 0.071740
vn 0.518747 0.829627 0.206450
vn -0.149873 0.962888 -0.224464
vn 0.563996 0.818314 0.110772
vn -0.694728 0.541050 -0.473939
vn -0.671378 0.526434 -0.521651
vn -0.707625 0.476304 -0.521922
vn 0.534278 0.579957 0.614978
vn 0.262942 0.942323 0.207096
vn 0.102203 0.987455 -0.120360
vn 0.684876 0.617916 0.386167
vn 0.736848 0.608769 0.294033
vn 0.937113 0.339059 0.082811
vn -0.513275 0.845932 -0.144736
vn 0.736848 0.608769 0.294033
vn 0.077822 0.996582 -0.027705
vn 0.270737 0.953119 -0.135147
vn 0.290358 0.950018 -0.114707
vn 0.245276 0.969180 -0.023030
vn 0.320669 0.926252 -0.198064
vn 0.240041 0.871270 -0.428100
vn 0.415846 0.833815 -0.363077
vn 0.001123 0.950701 -0.310106
vn 0.011423 0.998395 -0.055466
vn 0.550508 0.796796 0.249111
vn 0.089818 0.995957 0.001682
vn 0.011423 0.998395 -0.055466
vn -0.595520 0.565287 -0.570795
vn -0.671378 0.526434 -0.521651
vn -0.546661 0.674931 -0.495611
vn -0.707625 0.476304 -0.521922
vn 0.011423 0.998395 -0.055466
vn -0.707625 0.476304 -0.521922
vn -0.595520 0.565287 -0.570795
vn 0.566857 0.774704 0.280193
vn 0.684876 0.617916 0.386167
vn 0.741614 0.422729 0.520874
vn -0.595520 0.565287 -0.570795
vn -0.707625 0.476304 -0.521922
vn -0.546661 0.674931 -0.495611
vn 0.738545 0.164425 -0.653846
vn 0.501029 0.777681 -0.379714
vn 0.902386 0.020058 -0.430461
vn 0.173131 0.882181 -0.437929
vn 0.501029 0.777681 -0.379714
vn -0.264291 0.785261 -0.559924
vn -0.169369 0.985553 0.000014
vn -0.248394 0.966967 -0.057233
vn -0.226591 0.973969 -0.006478
vn -0.177375 0.959585 0.218485
vn -0.248394 0.966967 -0.057233
vn -0.261264 0.965267 -0.000976
vn -0.172857 0.896556 0.407809
vn -0.177375 0.959585 0.218485
vn -0.033986 0.938128 0.344617
vn -0.248394 0.966967 -0.057233
vn -0.177375 0.959585 0.218485
vn -0.253813 0.967215 0.008562
vn -0.178618 0.920876 0.346529
vn -0.172857 0.896556 0.407809
vn -0.033986 0.938128 0.344617
vn -0.342966 0.921970 0.179850
vn -0.172857 0.896556 0.407809
vn -0.395929 0.833156 0.386124
vn -0.248394 0.966967 -0.057233
vn -0.164412 0.986291 0.014125
vn -0.261264 0.965267 -0.000976
vn -0.314748 0.948619 -0.032507
vn -0.164412 0.986291 0.014125
vn -0.169369 0.985553 0.000014
vn -0.678669 0.734417 0.006265
vn -0.685253 0.714672 -0.140260
vn -0.528263 0.839095 -0.129838
vn -0.524710 0.843154 -0.117351
vn -0.685253 0.714672 -0.140260
vn -0.557833 0.827248 -0.066964
vn -0.593848 0.791453 0.144730
vn -0.678669 0.734417 0.006265
vn -0.503306 0.863164 0.040376
vn -0.685253 0.714672 -0.140260
vn -0.678669 0.734417 0.006265
vn -0.557833 0.827248 -0.066964
vn -0.314748 0.948619 -0.032507
vn -0.169369 0.985553 0.000014
vn -0.291517 0.954046 -0.069384
vn -0.546717 0.836130 0.044582
vn -0.314748 0.948619 -0.032507
vn -0.557833 0.827248 -0.066964
vn -0.495518 0.860447 0.118712
vn -0.111972 0.989841 -0.087620
vn -0.014088 0.987749 -0.155412
vn -0.218443 0.975700 0.017070
vn -0.276655 0.960630 0.025551
vn -0.244323 0.969558 0.016202
vn -0.308619 -0.927019 0.213051
vn -0.766713 -0.236589 0.596806
vn -0.287602 -0.936722 0.199592
vn -0.192688 0.970931 0.142005
vn -0.888557 -0.106336 0.446272
vn -0.713804 -0.477361 0.512455
vn 0.183760 -0.978117 -0.097565
vn 0.003001 -0.999878 0.015328
vn -0.001854 -0.999997 0.001641
vn 0.080268 -0.996767 0.003661
vn 0.183760 -0.978117 -0.097565
vn 0.265874 -0.948855 -0.170248
vn -0.438387 -0.839122 0.322010
vn -0.455903 0.855228 0.246451
vn -0.713804 -0.477361 0.512455
vn 0.200595 0.963487 -0.177356
vn -0.192688 0.970931 0.142005
vn 0.183312 0.960609 -0.208870
vn -0.111972 0.989841 -0.087620
vn 0.200595 0.963487 -0.177356
vn 0.183312 0.960609 -0.208870
vn -0.590837 0.792048 0.153533
vn -0.391733 0.918339 0.056565
vn -0.495518 0.860447 0.118712
vn -0.098190 0.987060 0.126774
vn 0.101603 0.993980 0.041004
vn 0.097350 0.993644 0.056519
vn 0.127782 0.991711 -0.013491
vn 0.101603 0.993980 0.041004
vn 0.017647 0.999741 0.014407
vn -0.024401 0.980097 0.197012
vn 0.117782 0.977965 0.172372
vn 0.097350 0.993644 0.056519
vn -0.350919 0.923685 0.153826
vn 0.018948 0.996533 -0.081018
vn -0.276655 0.960630 0.025551
vn 0.024256 0.951753 0.305906
vn 0.029714 0.969508 0.243252
vn 0.117782 0.977965 0.172372
vn -0.224121 0.944468 0.240312
vn 0.029714 0.969508 0.243252
vn -0.381702 0.896845 0.223547
vn -0.350919 0.923685 0.153826
vn -0.224121 0.944468 0.240312
vn -0.381702 0.896845 0.223547
vn -0.098190 0.987060 0.126774
vn 0.117782 0.977965 0.172372
vn -0.224121 0.944468 0.240312
vn -0.369234 0.923280 0.105924
vn -0.326977 0.918645 0.221760
vn -0.920235 0.338425 0.196562
vn -0.330575 0.930510 0.157704
vn 0.074938 0.996244 0.043386
vn -0.369234 0.923280 0.105924
vn -0.002524 -0.999997 0.000005
vn -0.009107 -0.999947 -0.004890
vn -0.010351 -0.999932 0.005289
vn -0.000199 -1.000000 -0.000546
vn -0.002524 -0.999997 0.000005
vn 0.000000 -1.000000 0.000000
vn 0.001534 -0.999999 -0.000531
vn -0.000199 -1.000000 -0.000546
vn 0.000774 -0.999999 0.000818
vn -0.002524 -0.999997 0.000005
vn -0.000199 -1.000000 -0.000546
vn -0.000674 -0.999999 -0.001188
vn 0.000553 -1.000000 -0.000098
vn 0.001534 -0.999999 -0.000531
vn 0.000774 -0.999999 0.000818
vn -0.000304 -1.000000 -0.000073
vn 0.002024 -0.999997 0.001270
vn 0.002550 -0.999996 0.001409
vn -0.001278 -0.999996 0.002402
vn -0.000304 -1.000000 -0.000073
vn -0.002645 -0.999996 0.000856
vn -0.001278 -0.999996 0.002402
vn -0.050462 -0.996547 0.065942
vn -0.001166 -0.999997 -0.002343
vn -0.002524 -0.999997 0.000005
vn 0.000000 -1.000000 0.000000
vn 0.000000 -1.000000 0.000000
vn -0.031915 -0.987254 -0.155918
vn 0.000000 -1.000000 0.000000
vn -0.002938 -0.999991 0.002910
vn -0.031915 -0.987254 -0.155918
vn -0.106715 -0.776587 -0.620906
vn -0.252649 -0.894489 -0.368861
vn 0.000000 -1.000000 0.000000
vn -0.031915 -0.987254 -0.155918
vn 0.000763 -0.999923 -0.012357
vn -0.265106 -0.411455 0.872023
vn -0.075717 -0.987520 0.138098
vn -0.252649 -0.894489 -0.368861
vn -0.037858 -0.972305 -0.230631
vn -0.075717 -0.987520 0.138098
vn -0.025110 -0.975872 -0.216896
vn -0.007697 -0.999475 -0.031459
vn -0.024674 -0.996121 -0.084465
vn 0.336831 -0.930858 -0.141591
vn 0.055138 -0.998469 0.004468
vn 0.165326 -0.986218 0.006413
vn -0.024674 -0.996121 -0.084465
vn 0.031572 -0.999305 0.019818
vn 0.002983 -0.999995 0.000680
vn 0.002550 -0.999996 0.001409
vn 0.037633 -0.997122 0.065821
vn 0.055138 -0.998469 0.004468
vn 0.031572 -0.999305 0.019818
vn -0.002645 -0.999996 0.000856
vn 0.002550 -0.999996 0.001409
vn 0.002983 -0.999995 0.000680
vn -0.001278 -0.999996 0.002402
vn -0.001738 -0.999997 -0.001574
vn -0.000304 -1.000000 -0.000073
vn -0.488889 -0.754474 0.437899
vn -0.092151 -0.988170 0.122590
vn -0.093151 -0.992053 0.084585
vn -0.092151 -0.988170 0.122590
vn -0.125130 -0.980536 0.151303
vn -0.002645 -0.999996 0.000856
vn -0.653934 0.388002 0.649480
vn -0.728933 0.425292 0.536455
vn -0.439814 0.796548 0.414818
vn 0.037712 0.993273 0.109487
vn -0.017234 0.988904 0.147551
vn -0.596381 0.469287 0.651229
vn -0.017234 0.988904 0.147551
vn -0.234087 0.949823 0.207458
vn -0.616207 0.477829 0.626073
vn -0.050462 -0.996547 0.065942
vn -0.125130 -0.980536 0.151303
vn -0.476156 -0.713825 0.513546
vn -0.093151 -0.992053 0.084585
vn -0.092151 -0.988170 0.122590
vn 0.002983 -0.999995 0.000680
vn -0.125130 -0.980536 0.151303
vn -0.092151 -0.988170 0.122590
vn -0.490152 -0.631959 0.600316
vn 0.038026 -0.999238 -0.008817
vn -0.093151 -0.992053 0.084585
vn 0.002983 -0.999995 0.000680
vn -0.093151 -0.992053 0.084585
vn -0.247860 -0.916060 0.315276
vn -0.488889 -0.754474 0.437899
vn -0.264291 0.785261 -0.559924
vn -0.663768 0.439802 -0.604968
vn 0.173131 0.882181 -0.437929
vn -0.351152 0.684334 -0.639046
vn 0.173131 0.882181 -0.437929
vn -0.663768 0.439802 -0.604968
vn 0.622531 0.756489 -0.200449
vn -0.351152 0.684334 -0.639046
vn 0.489722 0.785135 -0.379125
vn 0.315854 0.847725 0.426144
vn 0.530102 0.836059 -0.141407
vn 0.722905 0.651672 -0.229635
vn 0.169967 0.975131 0.142236
vn -0.089646 0.974346 -0.206430
vn 0.190566 0.916550 -0.351598
vn 0.315854 0.847725 0.426144
vn 0.534278 0.579957 0.614978
vn 0.169967 0.975131 0.142236
vn -0.619231 0.530033 -0.579326
vn 0.262942 0.942323 0.207096
vn -0.491126 0.695042 -0.525083
vn 0.534278 0.579957 0.614978
vn 0.315854 0.847725 0.426144
vn 0.262942 0.942323 0.207096
vn 0.315854 0.847725 0.426144
vn 0.722905 0.651672 -0.229635
vn 0.626149 0.764411 0.153667
vn 0.722905 0.651672 -0.229635
vn 0.622531 0.756489 -0.200449
vn 0.489722 0.785135 -0.379125
vn -0.351152 0.684334 -0.639046
vn -0.640434 0.493192 -0.588732
vn -0.491126 0.695042 -0.525083
vn -0.533649 0.465400 -0.706131
vn -0.595520 0.565287 -0.570795
vn -0.546661 0.674931 -0.495611
vn -0.640434 0.493192 -0.588732
vn -0.619231 0.530033 -0.579326
vn -0.491126 0.695042 -0.525083
vn -0.619231 0.530033 -0.579326
vn -0.644471 0.316326 -0.696128
vn 0.102203 0.987455 -0.120360
vn -0.644471 0.316326 -0.696128
vn -0.533649 0.465400 -0.706131
vn 0.102203 0.987455 -0.120360
vn -0.533649 0.465400 -0.706131
vn 0.566857 0.774704 0.280193
vn 0.102203 0.987455 -0.120360
vn -0.533649 0.465400 -0.706131
vn -0.644471 0.316326 -0.696128
vn -0.525272 0.589767 -0.613404
vn 0.566857 0.774704 0.280193
vn -0.533649 0.465400 -0.706131
vn -0.546661 0.674931 -0.495611
vn 0.684876 0.617916 0.386167
vn 0.566857 0.774704 0.280193
vn -0.546661 0.674931 -0.495611
vn 0.566857 0.774704 0.280193
vn 0.741614 0.422729 0.520874
vn 0.606916 0.663615 0.437343
vn 0.265874 -0.948855 -0.170248
vn 0.385928 -0.920586 -0.059843
vn 0.205119 -0.975524 0.079237
vn 0.002888 -0.988991 0.147945
vn -0.438387 -0.839122 0.322010
vn -0.139605 -0.981843 0.128431
vn 0.385928 -0.920586 -0.059843
vn 0.391305 -0.901216 -0.186252
vn 0.430832 -0.885678 -0.173084
vn 0.265874 -0.948855 -0.170248
vn 0.205119 -0.975524 0.079237
vn 0.080268 -0.996767 0.003661
vn -0.222927 -0.843167 -0.489257
vn -0.089064 -0.973449 -0.210869
vn -0.003518 -0.894519 -0.447016
vn 0.430832 -0.885678 -0.173084
vn -0.003518 -0.894519 -0.447016
vn 0.385928 -0.920586 -0.059843
vn 0.080268 -0.996767 0.003661
vn 0.205119 -0.975524 0.079237
vn 0.002888 -0.988991 0.147945
vn 0.003001 -0.999878 0.015328
vn 0.080268 -0.996767 0.003661
vn -0.139605 -0.981843 0.128431
vn 0.000994 -0.999999 -0.000772
vn -0.010351 -0.999932 0.005289
vn -0.009107 -0.999947 -0.004890
vn -0.553783 0.698804 0.452766
vn -0.244323 0.969558 0.016202
vn -0.118716 0.992752 -0.018694
vn 0.205119 -0.975524 0.079237
vn 0.110416 -0.986437 -0.121449
vn 0.005326 -0.999613 -0.027321
vn -0.455903 0.855228 0.246451
vn -0.014088 0.987749 -0.155412
vn 0.183312 0.960609 -0.208870
vn -0.001854 -0.999997 0.001641
vn 0.003001 -0.999878 0.015328
vn -0.308619 -0.927019 0.213051
vn 0.183760 -0.978117 -0.097565
vn 0.080268 -0.996767 0.003661
vn 0.003001 -0.999878 0.015328
vn 0.019705 -0.998445 -0.052154
vn -0.180920 -0.808623 -0.559818
vn 0.430832 -0.885678 -0.173084
vn -0.003518 -0.894519 -0.447016
vn -0.089064 -0.973449 -0.210869
vn -0.089692 -0.963056 -0.253926
vn 0.529462 0.792314 -0.303163
vn 0.001708 0.802193 0.597062
vn 0.187423 0.981689 0.034043
vn 0.220787 0.798901 -0.559473
vn 0.227308 0.972161 0.056864
vn 0.326141 0.804576 -0.496276
vn 0.227308 0.972161 0.056864
vn 0.529462 0.792314 -0.303163
vn 0.326141 0.804576 -0.496276
vn 0.732307 0.511965 -0.449019
vn 0.529462 0.792314 -0.303163
vn 0.187423 0.981689 0.034043
vn -0.725700 0.611109 0.316079
vn -0.728933 0.425292 0.536455
vn -0.035840 0.999203 -0.017557
vn -0.653934 0.388002 0.649480
vn -0.346892 0.878843 0.327568
vn -0.728933 0.425292 0.536455
vn -0.346892 0.878843 0.327568
vn -0.344545 0.872817 0.345657
vn 0.535724 0.744707 -0.398009
vn -0.080727 0.995853 0.041961
vn 0.056323 0.989237 -0.135046
vn 0.201086 0.736680 -0.645652
vn -0.920235 0.338425 0.196562
vn -0.326977 0.918645 0.221760
vn -0.522372 0.833730 0.178944
vn -0.767451 0.629538 0.121250
vn -0.879379 0.456949 0.133754
vn -0.920235 0.338425 0.196562
vn -0.920235 0.338425 0.196562
vn -0.786796 0.605798 0.118156
vn -0.767451 0.629538 0.121250
vn -0.725700 0.611109 0.316079
vn -0.786796 0.605798 0.118156
vn -0.967537 0.135239 0.213502
vn -0.114953 -0.987947 0.103665
vn -0.010080 -0.999838 0.014892
vn -0.210399 -0.935482 0.283912
vn -0.030062 -0.998783 0.039102
vn -0.247860 -0.916060 0.315276
vn -0.093151 -0.992053 0.084585
vn -0.457424 0.825182 0.331419
vn -0.434466 0.845880 0.309395
vn -0.459155 0.767081 0.448067
vn -0.527277 0.546099 0.650964
vn -0.434466 0.845880 0.309395
vn -0.411075 0.793754 0.448299
vn -0.517639 0.446345 0.729949
vn -0.457424 0.825182 0.331419
vn -0.459155 0.767081 0.448067
vn -0.457424 0.825182 0.331419
vn -0.325362 0.823918 0.464002
vn -0.225386 0.906647 0.356640
vn -0.411075 0.793754 0.448299
vn -0.080727 0.995853 0.041961
vn -0.527277 0.546099 0.650964
vn -0.527277 0.546099 0.650964
vn -0.080727 0.995853 0.041961
vn -0.344545 0.872817 0.345657
vn 0.056323 0.989237 -0.135046
vn -0.225386 0.906647 0.356640
vn 0.182104 0.935655 0.302306
vn -0.080727 0.995853 0.041961
vn 0.234829 0.801930 -0.549330
vn -0.344545 0.872817 0.345657
vn -0.896001 -0.435635 -0.086048
vn -0.614387 -0.324479 0.719195
vn -0.706187 0.019138 -0.707767
vn -0.918446 0.010778 0.395400
vn -0.842711 0.129864 0.522468
vn -0.780153 0.537973 -0.319289
vn 0.226032 0.973885 0.021381
vn -0.407684 0.767644 0.494486
vn -0.674946 0.201878 0.709713
vn -0.174817 0.945400 -0.275061
vn -0.407684 0.767644 0.494486
vn 0.385436 0.901546 -0.196605
vn -0.407684 0.767644 0.494486
vn -0.467358 0.277651 0.839337
vn -0.390028 -0.314230 0.865528
vn -0.902292 0.423554 -0.080446
vn -0.915834 0.114308 -0.384943
vn -0.467358 0.277651 0.839337
vn 0.216028 0.974048 0.067549
vn -0.040673 0.969070 0.243410
vn 0.146297 0.982470 -0.115541
vn -0.098926 0.922840 0.372264
vn -0.156978 0.817057 0.554776
vn -0.040673 0.969070 0.243410
vn 0.173131 0.882181 -0.437929
vn -0.351152 0.684334 -0.639046
vn 0.622531 0.756489 -0.200449
vn -0.640434 0.493192 -0.588732
vn -0.351152 0.684334 -0.639046
vn -0.663768 0.439802 -0.604968
vn 0.267621 0.951565 -0.151336
vn 0.230127 0.942680 -0.241654
vn 0.077868 0.995846 0.047204
vn 0.320669 0.926252 -0.198064
vn 0.267621 0.951565 -0.151336
vn 0.172816 0.982057 0.075488
vn -0.040494 0.973089 -0.226845
vn 0.169144 0.903135 -0.394635
vn -0.037125 0.950964 -0.307065
vn 0.446770 0.797845 -0.404772
vn 0.169144 0.903135 -0.394635
vn 0.302666 0.861201 -0.408322
vn 0.473697 0.798486 -0.371526
vn 0.415846 0.833815 -0.363077
vn 0.434103 0.809075 -0.396172
vn 0.240041 0.871270 -0.428100
vn 0.434103 0.809075 -0.396172
vn 0.415846 0.833815 -0.363077
vn 0.317624 0.741001 -0.591635
vn 0.244677 0.887237 -0.391079
vn 0.447301 0.840988 -0.304402
vn 0.520119 0.851543 0.065957
vn 0.447301 0.840988 -0.304402
vn 0.244677 0.887237 -0.391079
vn 0.067324 0.975574 -0.209100
vn -0.403365 0.848166 -0.343383
vn -0.404619 0.857268 -0.318395
vn -0.442519 0.862486 -0.245550
vn -0.583250 0.723461 -0.369356
vn -0.408173 0.902510 -0.137367
vn 0.087849 0.984581 -0.151274
vn -0.026721 0.968073 -0.249242
vn -0.403365 0.848166 -0.343383
vn -0.073728 0.994792 -0.070379
vn -0.357627 0.912392 -0.199109
vn -0.026721 0.968073 -0.249242
vn -0.152534 0.934980 0.320229
vn -0.190139 0.923469 0.333245
vn -0.357627 0.912392 -0.199109
vn -0.190139 0.923469 0.333245
vn -0.283091 0.920242 0.270210
vn -0.509196 0.854041 -0.106457
vn -0.403365 0.848166 -0.343383
vn -0.357627 0.912392 -0.199109
vn -0.509196 0.854041 -0.106457
vn -0.190139 0.923469 0.333245
vn -0.509196 0.854041 -0.106457
vn -0.357627 0.912392 -0.199109
vn -0.172727 0.973133 -0.152244
vn -0.277996 0.952567 -0.123831
vn -0.243221 0.969971 -0.000111
vn -0.418708 0.878782 -0.228967
vn -0.277996 0.952567 -0.123831
vn -0.200964 0.964193 -0.173049
vn -0.564007 0.823101 -0.066344
vn -0.513275 0.845932 -0.144736
vn -0.674825 0.654025 -0.341850
vn -0.885481 0.340355 -0.316358
vn -0.513275 0.845932 -0.144736
vn 0.077822 0.996582 -0.027705
vn -0.694728 0.541050 -0.473939
vn -0.674825 0.654025 -0.341850
vn -0.885481 0.340355 -0.316358
vn -0.513275 0.845932 -0.144736
vn -0.885481 0.340355 -0.316358
vn -0.674825 0.654025 -0.341850
vn 0.216028 0.974048 0.067549
vn 0.320669 0.926252 -0.198064
vn 0.172816 0.982057 0.075488
vn 0.240041 0.871270 -0.428100
vn 0.320669 0.926252 -0.198064
vn 0.290358 0.950018 -0.114707
vn -0.885481 0.340355 -0.316358
vn -0.671378 0.526434 -0.521651
vn -0.694728 0.541050 -0.473939
vn 0.684876 0.617916 0.386167
vn -0.671378 0.526434 -0.521651
vn 0.077822 0.996582 -0.027705
vn -0.546717 0.836130 0.044582
vn -0.362711 0.928494 0.079623
vn -0.314748 0.948619 -0.032507
vn -0.678669 0.734417 0.006265
vn -0.593848 0.791453 0.144730
vn -0.546717 0.836130 0.044582
vn 0.183312 0.960609 -0.208870
vn -0.192688 0.970931 0.142005
vn -0.455903 0.855228 0.246451
vn -0.094154 0.992734 0.074926
vn 0.018948 0.996533 -0.081018
vn -0.014088 0.987749 -0.155412
vn -0.520003 -0.743418 0.420627
vn -0.287602 -0.936722 0.199592
vn -0.766713 -0.236589 0.596806
vn -0.001854 -0.999997 0.001641
vn -0.308619 -0.927019 0.213051
vn -0.287602 -0.936722 0.199592
vn -0.014088 0.987749 -0.155412
vn -0.111972 0.989841 -0.087620
vn 0.183312 0.960609 -0.208870
vn -0.495518 0.860447 0.118712
vn -0.391733 0.918339 0.056565
vn -0.111972 0.989841 -0.087620
vn -0.276655 0.960630 0.025551
vn -0.118716 0.992752 -0.018694
vn -0.244323 0.969558 0.016202
vn -0.224121 0.944468 0.240312
vn -0.276655 0.960630 0.025551
vn -0.098190 0.987060 0.126774
vn -0.631270 -0.636098 0.443708
vn -0.629323 0.583963 0.512776
vn -0.376573 -0.892305 0.248967
vn -0.652786 0.478042 0.587661
vn -0.244323 0.969558 0.016202
vn -0.553783 0.698804 0.452766
vn -0.000304 -1.000000 -0.000073
vn -0.001738 -0.999997 -0.001574
vn -0.000674 -0.999999 -0.001188
vn -0.046039 -0.998902 0.008679
vn -0.005965 -0.999919 -0.011215
vn -0.001166 -0.999997 -0.002343
vn 0.001534 -0.999999 -0.000531
vn -0.000304 -1.000000 -0.000073
vn -0.000674 -0.999999 -0.001188
vn -0.000304 -1.000000 -0.000073
vn 0.002550 -0.999996 0.001409
vn -0.002645 -0.999996 0.000856
vn -0.106715 -0.776587 -0.620906
vn -0.019939 -0.955380 -0.294707
vn -0.107124 -0.852963 -0.510860
vn -0.238131 -0.853894 -0.462772
vn -0.252649 -0.894489 -0.368861
vn -0.106715 -0.776587 -0.620906
vn 0.062170 -0.997144 -0.042881
vn -0.037858 -0.972305 -0.230631
vn -0.025110 -0.975872 -0.216896
vn -0.031915 -0.987254 -0.155918
vn -0.037858 -0.972305 -0.230631
vn 0.000763 -0.999923 -0.012357
vn -0.857750 0.454817 0.239597
vn -0.522372 0.833730 0.178944
vn 0.125010 0.986895 -0.102038
vn -0.092151 -0.988170 0.122590
vn -0.488889 -0.754474 0.437899
vn -0.490152 -0.631959 0.600316
vn 0.031572 -0.999305 0.019818
vn 0.038026 -0.999238 -0.008817
vn 0.002983 -0.999995 0.000680
vn -0.024674 -0.996121 -0.084465
vn 0.024511 -0.998432 -0.050337
vn 0.055138 -0.998469 0.004468
vn -0.247860 -0.916060 0.315276
vn -0.030062 -0.998783 0.039102
vn -0.114953 -0.987947 0.103665
vn -0.093151 -0.992053 0.084585
vn 0.038026 -0.999238 -0.008817
vn -0.030062 -0.998783 0.039102
vn -0.625654 -0.349883 0.697236
vn -0.688105 0.009155 0.725554
vn -0.247860 -0.916060 0.315276
vn 0.037712 0.993273 0.109487
vn 0.125010 0.986895 -0.102038
vn -0.017234 0.988904 0.147551
vn -0.359056 0.900543 0.245157
vn -0.579926 0.660922 0.476306
vn -0.332880 0.925385 0.181254
vn -0.167242 0.947262 0.273359
vn -0.034725 0.993584 0.107636
vn -0.457978 0.664885 0.590071
vn -0.490152 -0.631959 0.600316
vn -0.488889 -0.754474 0.437899
vn -0.457978 0.664885 0.590071
vn -0.457978 0.664885 0.590071
vn -0.488889 -0.754474 0.437899
vn -0.688105 0.009155 0.725554
vn -0.247860 -0.916060 0.315276
vn -0.114953 -0.987947 0.103665
vn -0.625654 -0.349883 0.697236
vn -0.457978 0.664885 0.590071
vn -0.688105 0.009155 0.725554
vn -0.167242 0.947262 0.273359
vn -0.561916 0.548257 0.619407
vn -0.625654 -0.349883 0.697236
vn -0.472097 -0.742882 0.474606
vn -0.167242 0.947262 0.273359
vn -0.688105 0.009155 0.725554
vn -0.625654 -0.349883 0.697236
vn -0.610813 -0.009626 0.791716
vn -0.561916 0.548257 0.619407
vn -0.472097 -0.742882 0.474606
vn -0.359056 0.900543 0.245157
vn -0.332880 0.925385 0.181254
vn -0.317289 0.920652 0.227436
vn 0.262942 0.942323 0.207096
vn 0.489722 0.785135 -0.379125
vn -0.491126 0.695042 -0.525083
vn 0.722905 0.651672 -0.229635
vn 0.489722 0.785135 -0.379125
vn 0.626149 0.764411 0.153667
vn -0.001738 -0.999997 -0.001574
vn -0.005965 -0.999919 -0.011215
vn -0.009107 -0.999947 -0.004890
vn -0.222927 -0.843167 -0.489257
vn -0.107124 -0.852963 -0.510860
vn -0.018459 -0.997525 -0.067848
vn -0.713804 -0.477361 0.512455
vn -0.308619 -0.927019 0.213051
vn -0.139605 -0.981843 0.128431
vn -0.139605 -0.981843 0.128431
vn -0.308619 -0.927019 0.213051
vn 0.003001 -0.999878 0.015328
vn 0.010388 -0.999940 0.003560
vn 0.007689 -0.999939 0.007902
vn 0.000994 -0.999999 -0.000772
vn -0.629323 0.583963 0.512776
vn -0.118716 0.992752 -0.018694
vn 0.018948 0.996533 -0.081018
vn -0.176567 -0.750813 -0.636478
vn -0.180920 -0.808623 -0.559818
vn 0.019705 -0.998445 -0.052154
vn -0.176567 -0.750813 -0.636478
vn -0.609526 -0.783855 0.118529
vn 0.285816 -0.730567 0.620146
vn -0.728933 0.425292 0.536455
vn -0.346892 0.878843 0.327568
vn -0.035840 0.999203 -0.017557
vn -0.344545 0.872817 0.345657
vn -0.346892 0.878843 0.327568
vn -0.653934 0.388002 0.649480
vn -0.857750 0.454817 0.239597
vn -0.728933 0.425292 0.536455
vn -0.725700 0.611109 0.316079
vn -0.317289 0.920652 0.227436
vn -0.332880 0.925385 0.181254
vn -0.167242 0.947262 0.273359
vn -0.725700 0.611109 0.316079
vn -0.967537 0.135239 0.213502
vn -0.857750 0.454817 0.239597
vn -0.967537 0.135239 0.213502
vn -0.920235 0.338425 0.196562
vn -0.522372 0.833730 0.178944
vn -0.857750 0.454817 0.239597
vn -0.421871 0.859130 0.289692
vn -0.728933 0.425292 0.536455
vn -0.457978 0.664885 0.590071
vn -0.034725 0.993584 0.107636
vn 0.019769 0.999508 0.024372
vn -0.344545 0.872817 0.345657
vn 0.452175 0.678762 -0.578637
vn 0.535724 0.744707 -0.398009
vn 0.452175 0.678762 -0.578637
vn 0.234829 0.801930 -0.549330
vn 0.201086 0.736680 -0.645652
vn -0.706187 0.019138 -0.707767
vn -0.506325 0.021402 -0.862077
vn -0.896001 -0.435635 -0.086048
vn -0.614387 -0.324479 0.719195
vn -0.400286 -0.441824 0.802847
vn -0.435471 -0.477977 0.762826
vn -0.789899 -0.274373 -0.548433
vn -0.913528 0.259579 -0.313187
vn -0.744937 -0.187957 0.640110
vn -0.614387 -0.324479 0.719195
vn -0.896001 -0.435635 -0.086048
vn -0.744937 -0.187957 0.640110
vn -0.465947 -0.530699 0.707991
vn -0.435471 -0.477977 0.762826
vn -0.400286 -0.441824 0.802847
vn 0.696891 0.496725 0.517308
vn 0.244046 0.793765 0.557116
vn -0.433120 0.030167 0.900831
vn -0.857770 -0.147488 0.492421
vn -0.433120 0.030167 0.900831
vn -0.250309 0.331505 0.909643
vn -0.433120 0.030167 0.900831
vn -0.528673 -0.103055 0.842546
vn -0.320950 0.164844 0.932640
vn -0.465947 -0.530699 0.707991
vn -0.400286 -0.441824 0.802847
vn -0.842711 0.129864 0.522468
vn -0.857770 -0.147488 0.492421
vn -0.435471 -0.477977 0.762826
vn -0.528673 -0.103055 0.842546
vn -0.465947 -0.530699 0.707991
vn -0.842711 0.129864 0.522468
vn -0.918446 0.010778 0.395400
vn -0.842711 0.129864 0.522468
vn -0.400286 -0.441824 0.802847
vn -0.672397 0.435334 0.598638
vn -0.532626 0.819244 0.212482
vn -0.637480 0.688666 0.345483
vn -0.918446 0.010778 0.395400
vn -0.435471 -0.477977 0.762826
vn -0.465947 -0.530699 0.707991
vn -0.528673 -0.103055 0.842546
vn -0.400286 -0.441824 0.802847
vn -0.614387 -0.324479 0.719195
vn -0.744937 -0.187957 0.640110
vn -0.788144 0.565162 0.243763
vn -0.672397 0.435334 0.598638
vn -0.744937 -0.187957 0.640110
vn 0.692440 0.644665 -0.323937
vn 0.005485 0.976152 -0.217021
vn 0.405661 0.775671 -0.483502
vn 0.696891 0.496725 0.517308
vn 0.005485 0.976152 -0.217021
vn 0.692440 0.644665 -0.323937
vn -0.528673 -0.103055 0.842546
vn -0.465947 -0.530699 0.707991
vn -0.320950 0.164844 0.932640
vn -0.637480 0.688666 0.345483
vn -0.320950 0.164844 0.932640
vn -0.465947 -0.530699 0.707991
vn -0.320950 0.164844 0.932640
vn 0.005485 0.976152 -0.217021
vn 0.696891 0.496725 0.517308
vn 0.405661 0.775671 -0.483502
vn 0.005485 0.976152 -0.217021
vn -0.637480 0.688666 0.345483
vn -0.438387 -0.839122 0.322010
vn 0.005326 -0.999613 -0.027321
vn -0.376573 -0.892305 0.248967
vn -0.631270 -0.636098 0.443708
vn -0.376573 -0.892305 0.248967
vn -0.108793 -0.994058 -0.003719
vn -0.713804 -0.477361 0.512455
vn -0.455903 0.855228 0.246451
vn -0.192688 0.970931 0.142005
vn -0.455903 0.855228 0.246451
vn -0.748869 -0.039927 0.661515
vn -0.094154 0.992734 0.074926
vn 0.101603 0.993980 0.041004
vn -0.218443 0.975700 0.017070
vn 0.017647 0.999741 0.014407
vn -0.276655 0.960630 0.025551
vn -0.218443 0.975700 0.017070
vn -0.098190 0.987060 0.126774
vn -0.579590 -0.473661 0.663114
vn -0.476156 -0.713825 0.513546
vn -0.125130 -0.980536 0.151303
vn 0.125010 0.986895 -0.102038
vn 0.019769 0.999508 0.024372
vn -0.857750 0.454817 0.239597
vn -0.114953 -0.987947 0.103665
vn 0.024511 -0.998432 -0.050337
vn -0.007697 -0.999475 -0.031459
vn 0.038026 -0.999238 -0.008817
vn 0.024511 -0.998432 -0.050337
vn -0.030062 -0.998783 0.039102
vn -0.664566 0.473110 0.578376
vn -0.332880 0.925385 0.181254
vn -0.579926 0.660922 0.476306
vn -0.439814 0.796548 0.414818
vn -0.167242 0.947262 0.273359
vn -0.332880 0.925385 0.181254
vn -0.167242 0.947262 0.273359
vn -0.439814 0.796548 0.414818
vn -0.034725 0.993584 0.107636
vn -0.421871 0.859130 0.289692
vn -0.034725 0.993584 0.107636
vn -0.439814 0.796548 0.414818
vn 0.000994 -0.999999 -0.000772
vn -0.009107 -0.999947 -0.004890
vn -0.005965 -0.999919 -0.011215
vn -0.018459 -0.997525 -0.067848
vn -0.010351 -0.999932 0.005289
vn 0.002695 -0.999853 0.016920
vn 0.205119 -0.975524 0.079237
vn 0.385928 -0.920586 -0.059843
vn 0.110416 -0.986437 -0.121449
vn -0.376573 -0.892305 0.248967
vn 0.005326 -0.999613 -0.027321
vn -0.108793 -0.994058 -0.003719
vn 0.007689 -0.999939 0.007902
vn 0.010388 -0.999940 0.003560
vn -0.004101 -0.999969 -0.006654
vn 0.005326 -0.999613 -0.027321
vn -0.089692 -0.963056 -0.253926
vn -0.108793 -0.994058 -0.003719
vn -0.003518 -0.894519 -0.447016
vn 0.110416 -0.986437 -0.121449
vn 0.385928 -0.920586 -0.059843
vn 0.005326 -0.999613 -0.027321
vn 0.110416 -0.986437 -0.121449
vn -0.089692 -0.963056 -0.253926
vn -0.089692 -0.963056 -0.253926
vn -0.004101 -0.999969 -0.006654
vn -0.044785 -0.998934 -0.011167
vn -0.720009 -0.160927 0.675048
vn -0.652786 0.478042 0.587661
vn -0.305119 -0.898630 0.315226
vn -0.180920 -0.808623 -0.559818
vn -0.003518 -0.894519 -0.447016
vn 0.430832 -0.885678 -0.173084
vn -0.107124 -0.852963 -0.510860
vn -0.222927 -0.843167 -0.489257
vn -0.176567 -0.750813 -0.636478
vn -0.176567 -0.750813 -0.636478
vn -0.222927 -0.843167 -0.489257
vn -0.180920 -0.808623 -0.559818
vn -0.003518 -0.894519 -0.447016
vn -0.180920 -0.808623 -0.559818
vn -0.222927 -0.843167 -0.489257
vn -0.106715 -0.776587 -0.620906
vn -0.107124 -0.852963 -0.510860
vn -0.176567 -0.750813 -0.636478
vn -0.018459 -0.997525 -0.067848
vn -0.107124 -0.852963 -0.510860
vn -0.019939 -0.955380 -0.294707
vn -0.018459 -0.997525 -0.067848
vn -0.019939 -0.955380 -0.294707
vn -0.031915 -0.987254 -0.155918
vn -0.018459 -0.997525 -0.067848
vn 0.002695 -0.999853 0.016920
vn 0.007689 -0.999939 0.007902
vn 0.074938 0.996244 0.043386
vn 0.127782 0.991711 -0.013491
vn 0.079638 0.994509 -0.067893
vn -0.017234 0.988904 0.147551
vn 0.139989 0.982880 -0.119791
vn -0.234087 0.949823 0.207458
vn 0.019769 0.999508 0.024372
vn -0.421871 0.859130 0.289692
vn -0.857750 0.454817 0.239597
vn -0.439814 0.796548 0.414818
vn -0.728933 0.425292 0.536455
vn -0.421871 0.859130 0.289692
vn -0.259378 0.731188 -0.630941
vn -0.667540 0.710645 0.222205
vn -0.445627 0.866169 -0.226204
vn -0.842711 0.129864 0.522468
vn -0.667540 0.710645 0.222205
vn -0.780153 0.537973 -0.319289
vn -0.744937 -0.187957 0.640110
vn -0.896001 -0.435635 -0.086048
vn -0.789899 -0.274373 -0.548433
vn -0.788144 0.565162 0.243763
vn -0.744937 -0.187957 0.640110
vn -0.765983 0.437455 -0.471067
vn -0.464942 0.824543 -0.322425
vn -0.788144 0.565162 0.243763
vn -0.765983 0.437455 -0.471067
vn -0.667540 0.710645 0.222205
vn -0.788144 0.565162 0.243763
vn -0.445627 0.866169 -0.226204
vn 0.005326 -0.999613 -0.027321
vn -0.438387 -0.839122 0.322010
vn 0.002888 -0.988991 0.147945
vn -0.455903 0.855228 0.246451
vn -0.438387 -0.839122 0.322010
vn -0.748869 -0.039927 0.661515
vn -0.121254 0.992572 0.009866
vn -0.244323 0.969558 0.016202
vn -0.652786 0.478042 0.587661
vn 0.014753 0.992508 -0.121282
vn -0.121254 0.992572 0.009866
vn -0.374512 0.866290 0.330580
vn -0.625654 -0.349883 0.697236
vn -0.317289 0.920652 0.227436
vn -0.167242 0.947262 0.273359
vn -0.359056 0.900543 0.245157
vn -0.317289 0.920652 0.227436
vn -0.561916 0.548257 0.619407
vn -0.527277 0.546099 0.650964
vn -0.344545 0.872817 0.345657
vn -0.579926 0.660922 0.476306
vn -0.439814 0.796548 0.414818
vn -0.664566 0.473110 0.578376
vn -0.653934 0.388002 0.649480
vn -0.344545 0.872817 0.345657
vn 0.234829 0.801930 -0.549330
vn 0.452175 0.678762 -0.578637
vn -0.653934 0.388002 0.649480
vn -0.664566 0.473110 0.578376
vn -0.344545 0.872817 0.345657
vn -0.108793 -0.994058 -0.003719
vn -0.189114 -0.970533 0.149338
vn -0.631270 -0.636098 0.443708
vn -0.438387 -0.839122 0.322010
vn -0.376573 -0.892305 0.248967
vn -0.748869 -0.039927 0.661515
vn -0.569087 -0.472554 0.672928
vn -0.553783 0.698804 0.452766
vn -0.631270 -0.636098 0.443708
vn -0.631270 -0.636098 0.443708
vn -0.553783 0.698804 0.452766
vn -0.629323 0.583963 0.512776
vn -0.553783 0.698804 0.452766
vn -0.569087 -0.472554 0.672928
vn -0.652786 0.478042 0.587661
vn -0.629323 0.583963 0.512776
vn -0.553783 0.698804 0.452766
vn -0.118716 0.992752 -0.018694
vn -0.522372 0.833730 0.178944
vn -0.857750 0.454817 0.239597
vn -0.967537 0.135239 0.213502
vn -0.017234 0.988904 0.147551
vn 0.125010 0.986895 -0.102038
vn 0.294975 0.955106 -0.027607
vn 0.014753 0.992508 -0.121282
vn 0.127782 0.991711 -0.013491
vn -0.121254 0.992572 0.009866
vn -0.368914 -0.851965 0.371562
vn -0.476156 -0.713825 0.513546
vn -0.689329 0.174769 0.703051
vn -0.121254 0.992572 0.009866
vn 0.127782 0.991711 -0.013491
vn 0.017647 0.999741 0.014407
vn 0.079638 0.994509 -0.067893
vn 0.127782 0.991711 -0.013491
vn 0.014753 0.992508 -0.121282
vn 0.079638 0.994509 -0.067893
vn 0.014753 0.992508 -0.121282
vn 0.139989 0.982880 -0.119791
vn 0.079638 0.994509 -0.067893
vn -0.326977 0.918645 0.221760
vn -0.369234 0.923280 0.105924
vn 0.096236 0.983652 -0.152210
vn 0.909473 0.343972 -0.233542
vn 0.824608 0.464730 -0.322563
vn 0.756544 0.649950 -0.072151
vn 0.909473 0.343972 -0.233542
vn 0.421689 0.877626 -0.227926
vn -0.946606 -0.313024 0.077159
vn -0.090281 0.962959 0.254084
vn 0.165132 0.827534 0.536581
vn 0.233200 0.961561 -0.144978
vn 0.268759 0.945777 0.182415
vn 0.072972 0.913513 -0.400211
vn -0.839405 -0.517323 -0.166662
vn -0.090281 0.962959 0.254084
vn -0.946606 -0.313024 0.077159
vn -0.704477 0.708562 0.040643
vn -0.664590 0.747208 0.000373
vn 0.072972 0.913513 -0.400211
vn 0.025648 0.739540 -0.672624
vn 0.168337 0.780713 -0.601788
vn -0.063466 0.843762 -0.532952
vn 0.133344 0.962060 -0.238034
vn 0.220312 0.904541 0.365058
vn 0.159011 0.938538 -0.306368
vn 0.159011 0.938538 -0.306368
vn 0.220312 0.904541 0.365058
vn 0.233200 0.961561 -0.144978
vn 0.182104 0.935655 0.302306
vn 0.268042 0.839907 0.471921
vn 0.220312 0.904541 0.365058
vn -0.704477 0.708562 0.040643
vn 0.072972 0.913513 -0.400211
vn -0.090281 0.962959 0.254084
vn 0.268759 0.945777 0.182415
vn 0.233200 0.961561 -0.144978
vn 0.254091 0.823198 0.507723
vn 0.072972 0.913513 -0.400211
vn -0.063466 0.843762 -0.532952
vn 0.168337 0.780713 -0.601788
vn -0.090281 0.962959 0.254084
vn 0.072972 0.913513 -0.400211
vn 0.268759 0.945777 0.182415
vn 0.059963 0.718699 -0.692731
vn 0.168337 0.780713 -0.601788
vn 0.025648 0.739540 -0.672624
vn 0.072972 0.913513 -0.400211
vn 0.168337 0.780713 -0.601788
vn 0.233200 0.961561 -0.144978
vn 0.254091 0.823198 0.507723
vn 0.264871 0.795524 0.544963
vn 0.165132 0.827534 0.536581
vn 0.233200 0.961561 -0.144978
vn 0.220312 0.904541 0.365058
vn 0.254091 0.823198 0.507723
vn 0.168337 0.780713 -0.601788
vn 0.159011 0.938538 -0.306368
vn 0.233200 0.961561 -0.144978
vn 0.159011 0.938538 -0.306368
vn 0.059963 0.718699 -0.692731
vn 0.133344 0.962060 -0.238034
vn 0.041473 0.695145 -0.717672
vn 0.059963 0.718699 -0.692731
vn 0.015489 0.687478 -0.726040
vn 0.056323 0.989237 -0.135046
vn 0.041473 0.695145 -0.717672
vn 0.201086 0.736680 -0.645652
vn -0.225386 0.906647 0.356640
vn 0.056323 0.989237 -0.135046
vn -0.411075 0.793754 0.448299
vn 0.041473 0.695145 -0.717672
vn 0.056323 0.989237 -0.135046
vn 0.133344 0.962060 -0.238034
vn 0.041473 0.695145 -0.717672
vn 0.133344 0.962060 -0.238034
vn 0.059963 0.718699 -0.692731
vn 0.201086 0.736680 -0.645652
vn 0.041473 0.695145 -0.717672
vn 0.220787 0.798901 -0.559473
vn 0.452175 0.678762 -0.578637
vn 0.201086 0.736680 -0.645652
vn 0.220787 0.798901 -0.559473
vn 0.201086 0.736680 -0.645652
vn 0.234829 0.801930 -0.549330
vn -0.080727 0.995853 0.041961
vn -0.452411 -0.887878 0.083647
vn -0.859512 -0.511027 0.009557
vn -0.406830 0.912509 0.042624
vn 0.016736 -0.806670 0.590765
vn -0.681131 -0.552499 0.480422
vn -0.452411 -0.887878 0.083647
vn -0.681131 -0.552499 0.480422
vn 0.016736 -0.806670 0.590765
vn -0.295158 -0.706949 0.642733
vn -0.859512 -0.511027 0.009557
vn -0.452411 -0.887878 0.083647
vn -0.839405 -0.517323 -0.166662
vn -0.704477 0.708562 0.040643
vn -0.839405 -0.517323 -0.166662
vn -0.681131 -0.552499 0.480422
vn -0.452411 -0.887878 0.083647
vn -0.681131 -0.552499 0.480422
vn -0.839405 -0.517323 -0.166662
vn -0.513275 0.845932 -0.144736
vn -0.564007 0.823101 -0.066344
vn -0.720940 0.663387 0.200409
vn -0.301887 0.945388 0.122904
vn -0.720940 0.663387 0.200409
vn -0.564007 0.823101 -0.066344
vn 0.132399 0.989899 0.050711
vn -0.431194 0.868543 -0.244345
vn 0.127443 0.972054 0.197152
vn -0.258266 0.772791 -0.579735
vn -0.431194 0.868543 -0.244345
vn -0.509127 0.746363 -0.428640
vn 0.258552 0.880462 -0.397413
vn 0.307608 0.755480 -0.578470
vn 0.385783 0.844906 -0.370548
vn -0.619231 0.530033 -0.579326
vn -0.640434 0.493192 -0.588732
vn -0.644471 0.316326 -0.696128
vn -0.499098 0.711096 -0.495221
vn -0.243845 0.796010 -0.553993
vn -0.663768 0.439802 -0.604968
vn 0.258552 0.880462 -0.397413
vn -0.243845 0.796010 -0.553993
vn 0.307608 0.755480 -0.578470
vn 0.435963 0.899210 0.036854
vn 0.089818 0.995957 0.001682
vn 0.385783 0.844906 -0.370548
vn -0.640434 0.493192 -0.588732
vn 0.258552 0.880462 -0.397413
vn -0.242331 0.872153 -0.425001
vn 0.011423 0.998395 -0.055466
vn 0.089818 0.995957 0.001682
vn 0.513729 0.807670 0.289398
vn -0.595520 0.565287 -0.570795
vn -0.533649 0.465400 -0.706131
vn -0.525272 0.589767 -0.613404
vn -0.640434 0.493192 -0.588732
vn -0.242331 0.872153 -0.425001
vn -0.644471 0.316326 -0.696128
vn 0.258552 0.880462 -0.397413
vn 0.089818 0.995957 0.001682
vn -0.242331 0.872153 -0.425001
vn -0.644471 0.316326 -0.696128
vn -0.242331 0.872153 -0.425001
vn -0.525272 0.589767 -0.613404
vn 0.089818 0.995957 0.001682
vn -0.525272 0.589767 -0.613404
vn -0.242331 0.872153 -0.425001
vn -0.037125 0.950964 -0.307065
vn -0.172727 0.973133 -0.152244
vn -0.184114 0.977101 -0.106653
vn -0.200964 0.964193 -0.173049
vn -0.172727 0.973133 -0.152244
vn -0.069360 0.965332 -0.251643
vn -0.368914 -0.851965 0.371562
vn -0.046039 -0.998902 0.008679
vn -0.050462 -0.996547 0.065942
vn -0.001278 -0.999996 0.002402
vn -0.125130 -0.980536 0.151303
vn -0.050462 -0.996547 0.065942
vn -0.014548 -0.999778 0.015214
vn -0.046039 -0.998902 0.008679
vn -0.305119 -0.898630 0.315226
vn 0.010388 -0.999940 0.003560
vn -0.014548 -0.999778 0.015214
vn -0.004527 -0.998706 0.050647
vn -0.001166 -0.999997 -0.002343
vn -0.001738 -0.999997 -0.001574
vn -0.001278 -0.999996 0.002402
vn 0.000994 -0.999999 -0.000772
vn -0.005965 -0.999919 -0.011215
vn -0.014548 -0.999778 0.015214
vn -0.305119 -0.898630 0.315226
vn -0.046039 -0.998902 0.008679
vn -0.368914 -0.851965 0.371562
vn -0.005965 -0.999919 -0.011215
vn -0.046039 -0.998902 0.008679
vn -0.014548 -0.999778 0.015214
vn -0.720009 -0.160927 0.675048
vn -0.305119 -0.898630 0.315226
vn -0.368914 -0.851965 0.371562
vn -0.305119 -0.898630 0.315226
vn -0.189114 -0.970533 0.149338
vn -0.004527 -0.998706 0.050647
vn -0.046039 -0.998902 0.008679
vn -0.001166 -0.999997 -0.002343
vn -0.050462 -0.996547 0.065942
vn -0.001738 -0.999997 -0.001574
vn -0.001166 -0.999997 -0.002343
vn -0.005965 -0.999919 -0.011215
vn 0.000994 -0.999999 -0.000772
vn -0.014548 -0.999778 0.015214
vn 0.010388 -0.999940 0.003560
vn -0.010351 -0.999932 0.005289
vn 0.000994 -0.999999 -0.000772
vn 0.002695 -0.999853 0.016920
vn -0.014548 -0.999778 0.015214
vn -0.305119 -0.898630 0.315226
vn -0.004527 -0.998706 0.050647
vn -0.089692 -0.963056 -0.253926
vn -0.089064 -0.973449 -0.210869
vn -0.004101 -0.999969 -0.006654
vn -0.689329 0.174769 0.703051
vn -0.720009 -0.160927 0.675048
vn -0.368914 -0.851965 0.371562
vn -0.121254 0.992572 0.009866
vn -0.652786 0.478042 0.587661
vn -0.374512 0.866290 0.330580
vn -0.018459 -0.997525 -0.067848
vn 0.007689 -0.999939 0.007902
vn -0.089064 -0.973449 -0.210869
vn 0.000994 -0.999999 -0.000772
vn 0.007689 -0.999939 0.007902
vn 0.002695 -0.999853 0.016920
vn -0.569087 -0.472554 0.672928
vn -0.189114 -0.970533 0.149338
vn -0.305119 -0.898630 0.315226
vn -0.569087 -0.472554 0.672928
vn -0.631270 -0.636098 0.443708
vn -0.189114 -0.970533 0.149338
vn -0.089692 -0.963056 -0.253926
vn -0.044785 -0.998934 -0.011167
vn -0.108793 -0.994058 -0.003719
vn 0.010388 -0.999940 0.003560
vn -0.004527 -0.998706 0.050647
vn -0.044785 -0.998934 -0.011167
vn -0.108793 -0.994058 -0.003719
vn -0.044785 -0.998934 -0.011167
vn -0.189114 -0.970533 0.149338
vn -0.004527 -0.998706 0.050647
vn -0.189114 -0.970533 0.149338
vn -0.044785 -0.998934 -0.011167
vn 0.007689 -0.999939 0.007902
vn -0.004101 -0.999969 -0.006654
vn -0.089064 -0.973449 -0.210869
vn -0.044785 -0.998934 -0.011167
vn -0.004101 -0.999969 -0.006654
vn 0.010388 -0.999940 0.003560
vn -0.596381 0.469287 0.651229
vn -0.579590 -0.473661 0.663114
vn -0.490152 -0.631959 0.600316
vn -0.596381 0.469287 0.651229
vn -0.490152 -0.631959 0.600316
vn -0.457978 0.664885 0.590071
vn 0.037712 0.993273 0.109487
vn -0.457978 0.664885 0.590071
vn 0.019769 0.999508 0.024372
vn -0.579590 -0.473661 0.663114
vn -0.596381 0.469287 0.651229
vn -0.616207 0.477829 0.626073
vn 0.139989 0.982880 -0.119791
vn -0.017234 0.988904 0.147551
vn 0.294975 0.955106 -0.027607
vn -0.616207 0.477829 0.626073
vn -0.596381 0.469287 0.651229
vn -0.017234 0.988904 0.147551
vn -0.476156 -0.713825 0.513546
vn -0.579590 -0.473661 0.663114
vn -0.616207 0.477829 0.626073
vn -0.490152 -0.631959 0.600316
vn -0.579590 -0.473661 0.663114
vn -0.125130 -0.980536 0.151303
vn -0.689329 0.174769 0.703051
vn -0.476156 -0.713825 0.513546
vn -0.616207 0.477829 0.626073
vn -0.476156 -0.713825 0.513546
vn -0.368914 -0.851965 0.371562
vn -0.050462 -0.996547 0.065942
vn -0.234087 0.949823 0.207458
vn -0.689329 0.174769 0.703051
vn -0.616207 0.477829 0.626073
vn -0.689329 0.174769 0.703051
vn -0.374512 0.866290 0.330580
vn -0.720009 -0.160927 0.675048
vn -0.457978 0.664885 0.590071
vn 0.037712 0.993273 0.109487
vn -0.596381 0.469287 0.651229
vn 0.125010 0.986895 -0.102038
vn 0.037712 0.993273 0.109487
vn 0.019769 0.999508 0.024372
vn 0.079638 0.994509 -0.067893
vn 0.139989 0.982880 -0.119791
vn 0.294975 0.955106 -0.027607
vn -0.234087 0.949823 0.207458
vn 0.139989 0.982880 -0.119791
vn 0.014753 0.992508 -0.121282
vn 0.014753 0.992508 -0.121282
vn -0.374512 0.866290 0.330580
vn -0.234087 0.949823 0.207458
vn -0.689329 0.174769 0.703051
vn -0.234087 0.949823 0.207458
vn -0.374512 0.866290 0.330580
vn 0.079638 0.994509 -0.067893
vn -0.522372 0.833730 0.178944
vn -0.326977 0.918645 0.221760
vn 0.125010 0.986895 -0.102038
vn -0.522372 0.833730 0.178944
vn 0.294975 0.955106 -0.027607
vn -0.276655 0.960630 0.025551
vn 0.018948 0.996533 -0.081018
vn -0.118716 0.992752 -0.018694
vn -0.376573 -0.892305 0.248967
vn -0.629323 0.583963 0.512776
vn -0.748869 -0.039927 0.661515
vn -0.455903 0.855228 0.246451
vn -0.094154 0.992734 0.074926
vn -0.014088 0.987749 -0.155412
vn -0.748869 -0.039927 0.661515
vn -0.629323 0.583963 0.512776
vn -0.094154 0.992734 0.074926
vn -0.014088 0.987749 -0.155412
vn 0.018948 0.996533 -0.081018
vn -0.350919 0.923685 0.153826
vn -0.629323 0.583963 0.512776
vn 0.018948 0.996533 -0.081018
vn -0.094154 0.992734 0.074926
vn -0.305119 -0.898630 0.315226
vn -0.652786 0.478042 0.587661
vn -0.569087 -0.472554 0.672928
vn -0.652786 0.478042 0.587661
vn -0.720009 -0.160927 0.675048
vn -0.374512 0.866290 0.330580
vn -0.407684 0.767644 0.494486
vn -0.174817 0.945400 -0.275061
vn -0.902292 0.423554 -0.080446
vn 0.454373 0.798050 -0.395805
vn -0.174817 0.945400 -0.275061
vn 0.385436 0.901546 -0.196605
vn -0.175154 -0.957652 0.228527
vn -0.263971 -0.877779 0.399778
vn -0.527256 -0.303754 0.793558
vn 0.010448 -0.995892 -0.089943
vn -0.021132 -0.945330 -0.325430
vn 0.043709 -0.796713 -0.602776
vn -0.051011 -0.888721 -0.455601
vn -0.012868 -0.995467 -0.094232
vn 0.043709 -0.796713 -0.602776
vn 0.400676 -0.901010 0.166253
vn 0.630527 -0.754564 -0.181851
vn 0.164461 -0.980363 0.108818
vn -0.181664 -0.541850 -0.820608
vn -0.051011 -0.888721 -0.455601
vn -0.038339 -0.500130 -0.865101
vn 0.598869 0.011075 -0.800770
vn 0.302385 0.944162 -0.130851
vn 0.654794 0.341288 -0.674364
vn 0.347984 -0.644416 0.680908
vn 0.288053 -0.887882 -0.358734
vn 0.419004 -0.381071 0.824148
vn 0.138856 -0.961885 -0.235578
vn 0.211004 -0.918752 -0.333723
vn 0.657088 -0.317338 -0.683763
vn -0.212953 0.874581 -0.435614
vn 0.172431 -0.978685 -0.111553
vn 0.326647 -0.159086 -0.931662
vn 0.079827 -0.996771 -0.008644
vn -0.051011 -0.888721 -0.455601
vn 0.025987 -0.997339 -0.068119
vn -0.054035 -0.845884 -0.530623
vn 0.351933 -0.915018 0.197191
vn 0.336620 -0.653229 -0.678218
vn -0.188090 -0.618958 0.762571
vn -0.046024 -0.607177 0.793233
vn -0.068616 -0.762712 0.643088
vn -0.004642 -0.937173 0.348835
vn -0.150953 -0.899695 0.409589
vn 0.164461 -0.980363 0.108818
vn 0.079827 -0.996771 -0.008644
vn 0.071707 -0.967112 0.244032
vn -0.003654 -0.999991 -0.001956
vn 0.074731 -0.996072 0.047493
vn 0.182692 -0.494247 0.849908
vn 0.071707 -0.967112 0.244032
vn 0.413972 -0.878131 0.239818
vn -0.266062 -0.913195 0.308685
vn -0.004642 -0.937173 0.348835
vn -0.144834 -0.973128 -0.179013
vn 0.304393 -0.562651 -0.768615
vn -0.630001 0.017754 -0.776391
vn 0.074731 -0.996072 0.047493
vn 0.020328 -0.988269 -0.151364
vn -0.106100 -0.967610 0.229073
vn -0.898004 -0.221109 -0.380395
vn -0.749829 0.035445 -0.660681
vn -0.158046 -0.667986 -0.727198
vn 0.682184 -0.716821 -0.144195
vn 0.786734 -0.579293 -0.213237
vn 0.103122 -0.993146 -0.055013
vn -0.075717 -0.987520 0.138098
vn -0.216850 -0.970665 0.103858
vn -0.025110 -0.975872 -0.216896
vn 0.243563 0.103938 -0.964300
vn 0.652943 -0.096528 -0.751230
vn 0.166670 -0.802972 -0.572238
vn 0.074731 -0.996072 0.047493
vn -0.106100 -0.967610 0.229073
vn 0.182692 -0.494247 0.849908
vn 0.323932 0.913383 -0.246577
vn 0.810993 -0.531216 -0.245153
vn 0.638569 0.608358 -0.471306
vn 0.526061 -0.848810 0.052740
vn 0.015960 -0.864900 0.501690
vn 0.243564 -0.725949 0.643176
vn 0.304393 -0.562651 -0.768615
vn -0.144834 -0.973128 -0.179013
vn 0.399982 -0.850341 -0.341956
vn 0.866273 0.249067 -0.433054
vn 0.808361 -0.327043 -0.489485
vn 0.859380 -0.376145 -0.346382
vn 0.616814 0.785396 0.051905
vn -0.015806 0.961306 -0.275028
vn 0.275601 0.961206 0.011243
vn 0.062170 -0.997144 -0.042881
vn 0.321562 -0.939418 -0.118708
vn 0.682184 -0.716821 -0.144195
vn -0.111984 -0.896722 -0.428193
vn 0.023659 0.515348 -0.856654
vn 0.163644 0.382383 -0.909398
vn 0.794182 -0.542870 -0.273069
vn 0.800254 0.561950 0.209297
vn -0.136608 0.958932 -0.248570
vn -0.021132 -0.945330 -0.325430
vn 0.085201 -0.618581 -0.781088
vn 0.043709 -0.796713 -0.602776
vn 0.396561 -0.757884 0.518026
vn -0.275635 -0.903049 0.329435
vn -0.111984 -0.896722 -0.428193
vn 0.396561 -0.757884 0.518026
vn 0.526707 -0.796647 0.296536
vn -0.172531 -0.782033 0.598881
vn 0.526707 -0.796647 0.296536
vn 0.396561 -0.757884 0.518026
vn 0.860478 0.433579 0.267556
vn 0.617534 -0.640386 0.456682
vn 0.396561 -0.757884 0.518026
vn -0.111984 -0.896722 -0.428193
vn 0.384230 -0.923094 -0.016245
vn 0.617534 -0.640386 0.456682
vn -0.111984 -0.896722 -0.428193
vn -0.285858 -0.084942 -0.954500
vn -0.111984 -0.896722 -0.428193
vn -0.275635 -0.903049 0.329435
vn -0.285858 -0.084942 -0.954500
vn -0.275635 -0.903049 0.329435
vn -0.263335 -0.964669 0.008319
vn -0.251615 0.711572 -0.656015
vn 0.569447 -0.744335 -0.348850
vn 0.314579 0.010226 -0.949176
vn 0.887799 -0.449717 -0.097811
vn -0.495366 0.862306 -0.105076
vn 0.713239 0.663994 -0.224505
vn 0.216043 -0.483741 -0.848127
vn -0.617961 0.371574 -0.692861
vn -0.566199 0.585739 -0.579939
vn 0.569447 -0.744335 -0.348850
vn 0.152479 -0.758448 -0.633646
vn 0.173215 -0.957666 -0.229942
vn -0.566199 0.585739 -0.579939
vn 0.152479 -0.758448 -0.633646
vn 0.216043 -0.483741 -0.848127
vn 0.668264 -0.294902 -0.682976
vn -0.049469 -0.187296 -0.981057
vn 0.457871 -0.723998 -0.515928
vn 0.901040 0.237290 0.363070
vn -0.617961 0.371574 -0.692861
vn 0.216043 -0.483741 -0.848127
vn -0.090276 -0.921465 -0.377827
vn -0.285071 -0.947332 -0.145935
vn -0.075807 -0.926510 -0.368555
vn 0.136656 -0.987718 0.075757
vn 0.097810 -0.992843 -0.068524
vn 0.103109 -0.984647 -0.140853
vn 0.783994 -0.592707 0.184531
vn 0.866727 -0.494665 0.063961
vn 0.713239 0.663994 -0.224505
vn -0.075807 -0.926510 -0.368555
vn 0.053392 -0.902933 -0.426451
vn 0.207142 -0.869283 -0.448821
vn -0.293927 0.903051 -0.313217
vn -0.617961 0.371574 -0.692861
vn 0.901040 0.237290 0.363070
vn 0.103109 -0.984647 -0.140853
vn 0.006830 -0.999933 0.009359
vn 0.136656 -0.987718 0.075757
vn 0.526707 -0.796647 0.296536
vn 0.314579 0.010226 -0.949176
vn 0.029392 -0.983433 0.178872
vn 0.079827 -0.996771 -0.008644
vn 0.074731 -0.996072 0.047493
vn 0.071707 -0.967112 0.244032
vn 0.866273 0.249067 -0.433054
vn 0.023659 0.515348 -0.856654
vn 0.281950 0.883081 -0.375062
vn 0.103122 -0.993146 -0.055013
vn 0.786734 -0.579293 -0.213237
vn 0.194509 -0.979427 -0.053757
vn -0.136608 0.958932 -0.248570
vn 0.090124 0.965332 -0.244974
vn 0.304273 0.933509 -0.189681
vn 0.621177 -0.761081 -0.186803
vn 0.722887 0.672794 -0.157425
vn 0.875483 -0.433392 -0.213779
vn 0.875483 -0.433392 -0.213779
vn 0.543422 0.821396 -0.173208
vn 0.968862 0.003861 -0.247572
vn 0.090124 0.965332 -0.244974
vn 0.611721 0.777455 -0.146151
vn 0.554681 0.771170 -0.312451
vn 0.839292 0.247126 0.484270
vn 0.081033 0.986360 -0.143275
vn 0.381469 0.906836 0.179250
vn -0.124638 0.979880 0.155884
vn 0.250791 0.849297 -0.464542
vn 0.110283 0.950695 -0.289855
vn 0.457871 -0.723998 -0.515928
vn 0.905187 -0.403322 0.134047
vn 0.632524 -0.334346 -0.698660
vn 0.391627 0.706605 -0.589353
vn 0.528981 -0.597914 -0.602227
vn -0.702240 -0.711537 0.023963
vn 0.391627 0.706605 -0.589353
vn 0.268474 0.960563 0.072397
vn 0.110283 0.950695 -0.289855
vn 0.839292 0.247126 0.484270
vn 0.918110 -0.139042 0.371135
vn -0.115222 -0.868256 0.482551
vn 0.179923 0.886704 -0.425891
vn -0.124638 0.979880 0.155884
vn -0.243562 0.968302 0.055396
vn 0.839292 0.247126 0.484270
vn 0.611721 0.777455 -0.146151
vn 0.081033 0.986360 -0.143275
vn 0.465211 0.805112 -0.367931
vn 0.263599 -0.957213 -0.119414
vn 0.756216 0.152245 -0.636364
vn 0.528981 -0.597914 -0.602227
vn -0.166393 -0.985952 0.014533
vn -0.702240 -0.711537 0.023963
vn -0.933008 0.145784 -0.329002
vn -0.910557 0.016178 -0.413068
vn -0.749829 0.035445 -0.660681
vn 0.246839 -0.555489 -0.794042
vn -0.084895 -0.976004 -0.200521
vn -0.199026 -0.196807 -0.960029
vn 0.381513 0.920844 -0.080591
vn 0.585537 0.043150 -0.809497
vn 0.247258 -0.894750 -0.371869
vn 0.672974 0.440809 0.593964
vn 0.243563 0.103938 -0.964300
vn 0.679738 0.687941 0.254348
vn 0.559902 0.503000 -0.658408
vn 0.181892 -0.952413 -0.244591
vn 0.467736 0.623233 -0.626741
vn 0.984510 -0.175331 -0.000043
vn 0.916344 0.398391 0.039989
vn -0.068616 -0.762712 0.643088
vn 0.251691 -0.932958 -0.257375
vn 0.200238 -0.973950 -0.106422
vn 0.934238 0.220953 -0.279962
vn -0.294076 -0.879384 0.374438
vn 0.161680 -0.973090 0.164181
vn 0.767388 -0.567385 -0.298647
vn -0.136362 -0.335134 -0.932250
vn -0.189536 -0.981870 -0.002695
vn -0.326924 -0.939370 -0.103462
vn 0.860478 0.433579 0.267556
vn 0.177771 0.270168 0.946259
vn 0.526707 -0.796647 0.296536
vn -0.035420 -0.866360 0.498162
vn 0.200848 -0.978828 0.039453
vn -0.152577 -0.722472 0.674355
vn 0.221154 -0.970047 0.100500
vn 0.924929 -0.356269 -0.132583
vn 0.650281 -0.712606 0.263301
vn 0.194509 -0.979427 -0.053757
vn 0.939420 -0.318500 -0.126677
vn 0.621177 -0.761081 -0.186803
vn -0.003753 0.999992 -0.001049
vn 0.001770 0.999999 -0.000123
vn 0.027264 0.999619 -0.004327
vn 0.396561 -0.757884 0.518026
vn -0.172531 -0.782033 0.598881
vn -0.275635 -0.903049 0.329435
vn -0.285147 -0.916329 -0.281128
vn -0.486621 -0.848842 -0.206562
vn -0.163957 -0.749201 -0.641729
vn -0.264884 -0.885166 -0.382516
vn -0.045662 -0.643359 -0.764202
vn -0.263570 -0.713413 -0.649286
vn 0.713239 0.663994 -0.224505
vn -0.293927 0.903051 -0.313217
vn 0.783994 -0.592707 0.184531
vn -0.107681 -0.742159 0.661517
vn -0.016266 -0.790352 0.612437
vn -0.231001 -0.880756 0.413409
vn -0.417196 -0.908815 -0.001925
vn -0.464063 -0.885752 0.009445
vn -0.326580 -0.936853 0.125112
vn -0.204258 -0.963240 -0.174490
vn -0.220268 -0.974429 -0.044377
vn -0.486621 -0.848842 -0.206562
vn 0.924929 -0.356269 -0.132583
vn 0.892754 -0.131421 -0.430951
vn 0.650281 -0.712606 0.263301
vn -0.426193 -0.896677 -0.119706
vn -0.418080 -0.892350 -0.170062
vn -0.464063 -0.885752 0.009445
vn -0.090276 -0.921465 -0.377827
vn -0.081017 -0.901026 -0.426132
vn -0.422933 -0.905139 -0.043032
vn 0.307158 -0.659999 -0.685606
vn 0.255647 -0.659947 -0.706481
vn 0.519548 -0.567780 -0.638510
vn 0.640599 0.400240 0.655317
vn 0.381469 0.906836 0.179250
vn 0.800254 0.561950 0.209297
vn 0.519548 -0.567780 -0.638510
vn 0.009430 -0.962151 -0.272352
vn -0.038722 -0.533728 -0.844769
vn 0.934238 0.220953 -0.279962
vn 0.892754 -0.131421 -0.430951
vn 0.924929 -0.356269 -0.132583
vn 0.025987 -0.997339 -0.068119
vn 0.200214 -0.979731 0.006436
vn 0.074731 -0.996072 0.047493
vn -0.101522 -0.981813 0.160429
vn 0.082518 -0.980355 0.179150
vn 0.263599 -0.957213 -0.119414
vn 0.756216 0.152245 -0.636364
vn 0.289731 -0.957101 -0.003697
vn 0.715333 0.542299 -0.440693
vn 0.251691 -0.932958 -0.257375
vn 0.924929 -0.356269 -0.132583
vn 0.221154 -0.970047 0.100500
vn 0.250791 0.849297 -0.464542
vn 0.179923 0.886704 -0.425891
vn 0.327457 -0.836372 -0.439606
vn 0.465946 0.742426 -0.481349
vn 0.090124 0.965332 -0.244974
vn 0.554681 0.771170 -0.312451
vn -0.163431 -0.463465 0.870914
vn 0.653550 -0.312877 0.689188
vn 0.177771 0.270168 0.946259
vn 0.715333 0.542299 -0.440693
vn 0.778469 -0.518479 -0.353787
vn 0.934238 0.220953 -0.279962
vn 0.617534 -0.640386 0.456682
vn 0.860478 0.433579 0.267556
vn 0.396561 -0.757884 0.518026
vn 0.289731 -0.957101 -0.003697
vn 0.756216 0.152245 -0.636364
vn 0.082518 -0.980355 0.179150
vn 0.611721 0.777455 -0.146151
vn 0.090124 0.965332 -0.244974
vn 0.081033 0.986360 -0.143275
vn 0.924929 -0.356269 -0.132583
vn 0.251691 -0.932958 -0.257375
vn 0.934238 0.220953 -0.279962
vn 0.327457 -0.836372 -0.439606
vn 0.183098 -0.966731 0.178624
vn 0.152802 -0.987467 0.039493
vn -0.431589 -0.889257 0.151503
vn -0.717913 -0.696102 -0.006659
vn -0.234025 -0.790092 0.566557
vn -0.450459 0.835045 0.315891
vn 0.381560 0.913764 0.139454
vn -0.026377 0.892436 0.450403
vn -0.003654 -0.999991 -0.001956
vn 0.010448 -0.995892 -0.089943
vn -0.012868 -0.995467 -0.094232
vn 0.064711 -0.980766 -0.184147
vn 0.136656 -0.987718 0.075757
vn 0.085540 -0.993327 0.077357
vn 0.839292 0.247126 0.484270
vn 0.899603 0.113289 0.421759
vn 0.611721 0.777455 -0.146151
vn -0.105217 -0.942431 0.317416
vn -0.022305 -0.979679 0.199327
vn 0.153998 -0.730180 0.665674
vn 0.294996 0.895023 -0.334531
vn 0.808458 -0.279575 -0.517912
vn 0.465211 0.805112 -0.367931
vn 0.085201 -0.618581 -0.781088
vn 0.225267 -0.861757 0.454566
vn -0.038339 -0.500130 -0.865101
vn 0.133095 -0.990891 0.020491
vn 0.007515 -0.999898 0.012137
vn 0.000000 -1.000000 0.000000
vn 0.569447 -0.744335 -0.348850
vn -0.127211 0.832643 -0.539002
vn 0.216043 -0.483741 -0.848127
vn 0.173215 -0.957666 -0.229942
vn 0.038297 -0.942821 0.331092
vn 0.569447 -0.744335 -0.348850
vn -0.107343 -0.575675 -0.810602
vn -0.242381 -0.759027 -0.604260
vn 0.162396 -0.817950 -0.551892
vn 0.151870 -0.901135 -0.406068
vn 0.160241 -0.959590 -0.231320
vn 0.241015 -0.963573 -0.115926
vn 0.023659 0.515348 -0.856654
vn -0.111984 -0.896722 -0.428193
vn -0.285858 -0.084942 -0.954500
vn 0.657088 -0.317338 -0.683763
vn 0.616761 -0.478619 -0.624924
vn 0.654794 0.341288 -0.674364
vn 0.630025 -0.752755 -0.190861
vn 0.919470 0.014128 -0.392907
vn 0.109261 0.985875 -0.126932
vn 0.579211 0.596566 -0.555539
vn 0.386808 -0.827942 -0.406069
vn 0.536201 0.780395 -0.321671
vn -0.326580 -0.936853 0.125112
vn -0.274606 -0.961246 -0.024460
vn -0.417196 -0.908815 -0.001925
vn 0.123474 -0.068819 -0.989959
vn -0.199026 -0.196807 -0.960029
vn -0.058287 -0.572872 -0.817570
vn 0.506478 -0.763596 -0.400500
vn 0.519548 -0.567780 -0.638510
vn 0.134219 -0.644151 -0.753031
vn -0.193131 -0.979039 0.064677
vn 0.549006 -0.791375 -0.268920
vn 0.255647 -0.659947 -0.706481
vn -0.233046 -0.927688 -0.291693
vn -0.085064 -0.993294 -0.078298
vn -0.068606 -0.997026 -0.035096
vn -0.575765 -0.810409 0.108314
vn 0.070491 -0.838288 0.540651
vn -0.399427 -0.754484 0.520780
vn 0.311484 -0.657477 0.686077
vn 0.709769 -0.692427 0.129510
vn 0.340436 -0.702486 0.624994
vn 0.841563 -0.415906 -0.344665
vn 0.507381 -0.755960 -0.413630
vn 0.034641 -0.992397 0.118099
vn -0.097855 -0.212999 -0.972140
vn -0.107343 -0.575675 -0.810602
vn 0.162396 -0.817950 -0.551892
vn -0.430608 -0.345807 0.833663
vn -0.578918 -0.210550 0.787732
vn -0.531081 -0.258024 0.807079
vn -0.168673 0.985236 0.029326
vn -0.216886 0.826810 -0.518985
vn -0.289382 0.900115 -0.325655
vn 0.340436 -0.702486 0.624994
vn 0.162396 -0.817950 -0.551892
vn 0.216391 -0.975653 0.035716
vn 0.778469 -0.518479 -0.353787
vn 0.892754 -0.131421 -0.430951
vn 0.934238 0.220953 -0.279962
vn -0.022802 -0.996215 0.083880
vn 0.034641 -0.992397 0.118099
vn -0.444227 -0.512764 0.734666
vn 0.294996 0.895023 -0.334531
vn 0.090124 0.965332 -0.244974
vn 0.465946 0.742426 -0.481349
vn 0.314579 0.010226 -0.949176
vn 0.653550 -0.312877 0.689188
vn 0.543290 0.723557 -0.425795
vn 0.219054 -0.971837 -0.086881
vn -0.085064 -0.993294 -0.078298
vn -0.042924 -0.974120 -0.221918
vn -0.304462 0.952524 0.000237
vn 0.275601 0.961206 0.011243
vn -0.015806 0.961306 -0.275028
vn -0.293927 0.903051 -0.313217
vn -0.706058 0.708027 0.013421
vn -0.741469 0.646727 -0.178796
vn 0.334287 0.849417 -0.408342
vn 0.123474 -0.068819 -0.989959
vn 0.254566 0.469156 -0.845629
vn 0.657088 -0.317338 -0.683763
vn 0.319300 0.939285 -0.125664
vn 0.372617 0.911643 -0.173389
vn 0.163644 0.382383 -0.909398
vn 0.859380 -0.376145 -0.346382
vn 0.384230 -0.923094 -0.016245
vn 0.442100 -0.812344 -0.380323
vn 0.342492 -0.922570 -0.177661
vn 0.045359 -0.997582 -0.052654
vn 0.025379 0.999601 0.012426
vn 0.055938 0.996569 -0.061001
vn -0.003753 0.999992 -0.001049
vn -0.025270 -0.997296 -0.069011
vn 0.267318 -0.921142 -0.282911
vn 0.395906 -0.843738 -0.362442
vn -0.040220 -0.986489 0.158815
vn -0.315158 -0.929960 0.189342
vn -0.204421 -0.915089 0.347598
vn -0.188090 -0.618958 0.762571
vn 0.916344 0.398391 0.039989
vn 0.615038 0.366351 -0.698223
vn 0.678093 0.723255 -0.130738
vn 0.317203 -0.946502 0.059298
vn 0.493159 0.857875 0.144379
vn 0.017639 -0.999756 -0.013266
vn 0.553280 -0.760692 -0.339454
vn 0.680740 -0.691957 -0.240391
vn 0.207142 -0.869283 -0.448821
vn 0.031801 -0.979030 -0.201217
vn 0.222231 -0.941491 -0.253392
vn 0.712407 0.682748 -0.162271
vn 0.680740 -0.691957 -0.240391
vn 0.805699 0.519606 -0.284355
vn 0.329832 0.943751 0.023359
vn 0.574021 0.779280 0.251439
vn 0.605976 0.789208 -0.099715
vn 0.074645 0.974513 0.211546
vn -0.119659 0.986303 0.113524
vn -0.318667 0.947443 0.028353
vn 0.000281 -1.000000 -0.000463
vn 0.000381 -1.000000 -0.000099
vn 0.045359 -0.997582 -0.052654
vn 0.442483 -0.875392 -0.194671
vn 0.841563 -0.415906 -0.344665
vn 0.034641 -0.992397 0.118099
vn -0.025110 -0.975872 -0.216896
vn -0.216850 -0.970665 0.103858
vn 0.321562 -0.939418 -0.118708
vn -0.725388 0.007420 -0.688301
vn 0.507381 -0.755960 -0.413630
vn 0.841563 -0.415906 -0.344665
vn 0.866273 0.249067 -0.433054
vn 0.984510 -0.175331 -0.000043
vn 0.808361 -0.327043 -0.489485
vn 0.715551 -0.350474 -0.604280
vn 0.020328 -0.988269 -0.151364
vn 0.200214 -0.979731 0.006436
vn -0.725388 0.007420 -0.688301
vn 0.841563 -0.415906 -0.344665
vn 0.712407 0.682748 -0.162271
vn 0.329832 0.943751 0.023359
vn 0.605976 0.789208 -0.099715
vn 0.514845 0.857262 0.006035
vn -0.462066 -0.822656 0.331258
vn -0.193131 -0.979039 0.064677
vn -0.326580 -0.936853 0.125112
vn -0.075807 -0.926510 -0.368555
vn -0.285071 -0.947332 -0.145935
vn 0.222052 -0.917436 -0.330159
vn 0.000281 -1.000000 -0.000463
vn 0.045359 -0.997582 -0.052654
vn 0.000634 -1.000000 -0.000722
vn -0.434674 0.244299 -0.866820
vn 0.173215 -0.957666 -0.229942
vn -0.566199 0.585739 -0.579939
vn 0.559660 0.708888 0.429253
vn 0.605122 0.769663 0.203585
vn 0.561463 0.410744 -0.718365
vn 0.066556 -0.880339 0.469653
vn 0.351933 -0.915018 0.197191
vn -0.193195 -0.980213 0.043114
vn -0.071049 -0.864191 -0.498122
vn -0.575765 -0.810409 0.108314
vn -0.578386 -0.451081 -0.679703
vn 0.351933 -0.915018 0.197191
vn -0.054035 -0.845884 -0.530623
vn -0.448185 -0.765893 -0.461019
vn -0.096902 -0.905369 0.413421
vn -0.144834 -0.973128 -0.179013
vn -0.114318 -0.983306 0.141568
vn -0.280723 -0.763672 -0.581377
vn -0.572023 0.171264 -0.802158
vn 0.065027 -0.262918 -0.962624
vn 0.299228 -0.869457 -0.393075
vn 0.650179 -0.065975 -0.756911
vn 0.314843 -0.942404 0.112909
vn 0.166670 -0.802972 -0.572238
vn 0.065027 -0.262918 -0.962624
vn 0.243563 0.103938 -0.964300
vn 0.370015 0.247548 -0.895438
vn -0.933008 0.145784 -0.329002
vn -0.898004 -0.221109 -0.380395
vn 0.304393 -0.562651 -0.768615
vn 0.399982 -0.850341 -0.341956
vn 0.102109 -0.854862 -0.508709
vn 0.166670 -0.802972 -0.572238
vn -0.045291 -0.998889 -0.013039
vn -0.280723 -0.763672 -0.581377
vn -0.448185 -0.765893 -0.461019
vn -0.499117 -0.732537 -0.462895
vn -0.533753 -0.844614 0.041659
vn -0.630001 0.017754 -0.776391
vn -0.280723 -0.763672 -0.581377
vn -0.144834 -0.973128 -0.179013
vn 0.839292 0.247126 0.484270
vn 0.381469 0.906836 0.179250
vn 0.918110 -0.139042 0.371135
vn 0.672974 0.440809 0.593964
vn 0.640599 0.400240 0.655317
vn 0.800254 0.561950 0.209297
vn -0.115222 -0.868256 0.482551
vn 0.899603 0.113289 0.421759
vn 0.839292 0.247126 0.484270
vn 0.918110 -0.139042 0.371135
vn -0.114649 -0.699407 -0.705468
vn -0.115222 -0.868256 0.482551
vn 0.982971 -0.066920 -0.171142
vn 0.918110 -0.139042 0.371135
vn 0.640599 0.400240 0.655317
vn 0.899603 0.113289 0.421759
vn 0.554681 0.771170 -0.312451
vn 0.611721 0.777455 -0.146151
vn -0.166393 -0.985952 0.014533
vn 0.528981 -0.597914 -0.602227
vn 0.152802 -0.987467 0.039493
vn -0.749829 0.035445 -0.660681
vn -0.114649 -0.699407 -0.705468
vn 0.982971 -0.066920 -0.171142
vn -0.014204 -0.999840 -0.010860
vn -0.001387 -0.999999 -0.000344
vn -0.008415 -0.999506 0.030280
vn -0.191614 -0.143413 -0.970936
vn -0.630001 0.017754 -0.776391
vn 0.304393 -0.562651 -0.768615
vn 0.982971 -0.066920 -0.171142
vn 0.640599 0.400240 0.655317
vn 0.672974 0.440809 0.593964
vn 0.221154 -0.970047 0.100500
vn -0.023232 -0.999725 -0.003156
vn 0.251691 -0.932958 -0.257375
vn -0.933008 0.145784 -0.329002
vn 0.370015 0.247548 -0.895438
vn 0.782759 -0.406197 -0.471478
vn -0.275635 -0.903049 0.329435
vn 0.029392 -0.983433 0.178872
vn 0.038297 -0.942821 0.331092
vn -0.578386 -0.451081 -0.679703
vn -0.365152 -0.793148 -0.487422
vn -0.408217 -0.842415 -0.351704
vn 0.800254 0.561950 0.209297
vn 0.166670 -0.802972 -0.572238
vn 0.652943 -0.096528 -0.751230
vn 0.574021 0.779280 0.251439
vn 0.750083 0.611653 -0.251508
vn 0.605976 0.789208 -0.099715
vn 0.739503 0.441923 0.507779
vn -0.016359 -0.999793 0.012080
vn 0.729353 -0.487972 -0.479508
vn 0.887799 -0.449717 -0.097811
vn 0.372823 -0.924683 0.077232
vn 0.288286 -0.957060 0.030456
vn 0.184669 0.982395 0.028236
vn 0.302300 0.916243 -0.262894
vn 0.062525 0.997756 0.023958
vn 0.200238 -0.973950 -0.106422
vn 0.251691 -0.932958 -0.257375
vn -0.257008 -0.907484 -0.332295
vn -0.365152 -0.793148 -0.487422
vn -0.077821 -0.996850 0.015275
vn 0.134219 -0.644151 -0.753031
vn -0.263335 -0.964669 0.008319
vn -0.275635 -0.903049 0.329435
vn 0.038297 -0.942821 0.331092
vn 0.400676 -0.901010 0.166253
vn 0.547064 -0.648386 0.529448
vn 0.979735 -0.121772 -0.159030
vn 0.036450 -0.999165 -0.018447
vn 0.000000 -1.000000 0.000000
vn -0.012053 -0.999925 -0.002279
vn 0.172688 -0.772985 0.610469
vn 0.297010 -0.954618 -0.022115
vn -0.140571 -0.987849 0.066285
vn 0.333705 0.773951 -0.538183
vn 0.946323 0.051163 0.319147
vn -0.078721 0.451885 -0.888596
vn 0.547064 -0.648386 0.529448
vn 0.893488 -0.368949 -0.256039
vn 0.979735 -0.121772 -0.159030
vn -0.023232 -0.999725 -0.003156
vn -0.045662 -0.643359 -0.764202
vn -0.257008 -0.907484 -0.332295
vn -0.150953 -0.899695 0.409589
vn -0.039891 -0.990944 0.128213
vn 0.164461 -0.980363 0.108818
vn 0.382302 -0.915533 -0.125075
vn 0.791049 -0.608863 0.059389
vn 0.638514 -0.424526 -0.641932
vn 0.979735 -0.121772 -0.159030
vn 0.099365 0.993810 0.049679
vn 0.400676 -0.901010 0.166253
vn -0.038339 -0.500130 -0.865101
vn -0.051011 -0.888721 -0.455601
vn 0.043709 -0.796713 -0.602776
vn 0.703309 -0.710365 -0.027167
vn 0.547064 -0.648386 0.529448
vn 0.673555 -0.153943 0.722929
vn -0.004642 -0.937173 0.348835
vn -0.266062 -0.913195 0.308685
vn -0.150953 -0.899695 0.409589
vn -0.045662 -0.643359 -0.764202
vn -0.023232 -0.999725 -0.003156
vn -0.189536 -0.981870 -0.002695
vn 0.709769 -0.692427 0.129510
vn 0.791049 -0.608863 0.059389
vn 0.340436 -0.702486 0.624994
vn -0.266062 -0.913195 0.308685
vn -0.233636 -0.970473 0.059973
vn -0.443728 -0.355743 0.822528
vn 0.756216 0.152245 -0.636364
vn 0.715333 0.542299 -0.440693
vn 0.323932 0.913383 -0.246577
vn 0.925934 0.186062 -0.328675
vn -0.443728 -0.355743 0.822528
vn -0.233636 -0.970473 0.059973
vn 0.413972 -0.878131 0.239818
vn -0.233636 -0.970473 0.059973
vn -0.266062 -0.913195 0.308685
vn -0.046024 -0.607177 0.793233
vn 0.419004 -0.381071 0.824148
vn 0.243564 -0.725949 0.643176
vn 0.507381 -0.755960 -0.413630
vn -0.030636 -0.920208 0.390229
vn 0.034641 -0.992397 0.118099
vn -0.541760 -0.784256 0.302387
vn -0.494205 -0.624656 0.604621
vn -0.057078 -0.870833 0.488255
vn 0.068393 -0.609943 0.789488
vn 0.044358 -0.674241 0.737178
vn -0.106980 -0.979561 0.170342
vn -0.000319 -1.000000 -0.000877
vn -0.016069 -0.998525 -0.051871
vn 0.051446 -0.996416 -0.067142
vn -0.181664 -0.541850 -0.820608
vn -0.049469 -0.187296 -0.981057
vn 0.030943 -0.868947 -0.493937
vn -0.399427 -0.754484 0.520780
vn 0.070491 -0.838288 0.540651
vn 0.066556 -0.880339 0.469653
vn -0.029711 0.828167 -0.559693
vn 0.281950 0.883081 -0.375062
vn 0.023659 0.515348 -0.856654
vn -0.038339 -0.500130 -0.865101
vn 0.043709 -0.796713 -0.602776
vn 0.085201 -0.618581 -0.781088
vn -0.073055 0.969034 -0.235875
vn -0.084963 0.994958 -0.053285
vn -0.090444 0.993330 -0.071519
vn 0.151870 -0.901135 -0.406068
vn 0.241015 -0.963573 -0.115926
vn 0.082564 -0.995006 -0.056100
vn 0.029392 -0.983433 0.178872
vn -0.275635 -0.903049 0.329435
vn -0.172531 -0.782033 0.598881
vn -0.251615 0.711572 -0.656015
vn -0.296462 0.913208 -0.279573
vn -0.127211 0.832643 -0.539002
vn 0.653550 -0.312877 0.689188
vn 0.526707 -0.796647 0.296536
vn 0.177771 0.270168 0.946259
vn 0.653550 -0.312877 0.689188
vn 0.314579 0.010226 -0.949176
vn 0.526707 -0.796647 0.296536
vn 0.007515 -0.999898 0.012137
vn -0.105217 -0.942431 0.317416
vn -0.008415 -0.999506 0.030280
vn 0.543290 0.723557 -0.425795
vn 0.678093 0.723255 -0.130738
vn -0.007640 0.861597 -0.507535
vn -0.085064 -0.993294 -0.078298
vn -0.012053 -0.999925 -0.002279
vn -0.068606 -0.997026 -0.035096
vn 0.329893 0.853836 0.402660
vn 0.274947 0.924060 0.265552
vn -0.296462 0.913208 -0.279573
vn 0.372823 -0.924683 0.077232
vn 0.887799 -0.449717 -0.097811
vn 0.866727 -0.494665 0.063961
vn -0.418080 -0.892350 -0.170062
vn -0.127725 -0.781039 -0.611280
vn -0.339841 -0.922940 -0.180805
vn 0.022516 -0.953039 0.302010
vn 0.098767 -0.967357 0.233378
vn 0.287474 -0.938934 0.189106
vn -0.143585 -0.989073 0.033451
vn -0.084895 -0.976004 -0.200521
vn -0.095778 -0.995352 -0.010023
vn 0.342492 -0.922570 -0.177661
vn 0.738545 0.164425 -0.653846
vn 0.902386 0.020058 -0.430461
vn -0.127725 -0.781039 -0.611280
vn -0.436848 -0.889295 -0.135348
vn -0.394884 -0.708244 0.585198
vn 0.831306 0.552634 -0.059378
vn 0.968862 0.003861 -0.247572
vn 0.043691 0.996351 0.073327
vn -0.212953 0.874581 -0.435614
vn -0.166393 -0.985952 0.014533
vn 0.172431 -0.978685 -0.111553
vn 0.395906 -0.843738 -0.362442
vn 0.183098 -0.966731 0.178624
vn 0.327457 -0.836372 -0.439606
vn 0.034277 -0.919221 -0.392246
vn 0.381513 0.920844 -0.080591
vn 0.247258 -0.894750 -0.371869
vn 0.152802 -0.987467 0.039493
vn 0.528981 -0.597914 -0.602227
vn 0.409758 -0.359319 -0.838444
vn 0.152802 -0.987467 0.039493
vn 0.183098 -0.966731 0.178624
vn 0.326647 -0.159086 -0.931662
vn 0.528981 -0.597914 -0.602227
vn 0.110283 0.950695 -0.289855
vn 0.409758 -0.359319 -0.838444
vn -0.124638 0.979880 0.155884
vn 0.268474 0.960563 0.072397
vn 0.831306 0.552634 -0.059378
vn 0.326647 -0.159086 -0.931662
vn 0.183098 -0.966731 0.178624
vn 0.347781 0.346155 -0.871335
vn -0.212953 0.874581 -0.435614
vn 0.326647 -0.159086 -0.931662
vn 0.260153 0.857112 -0.444611
vn -0.166393 -0.985952 0.014533
vn 0.152802 -0.987467 0.039493
vn 0.172431 -0.978685 -0.111553
vn 0.326647 -0.159086 -0.931662
vn 0.172431 -0.978685 -0.111553
vn 0.152802 -0.987467 0.039493
vn 0.409758 -0.359319 -0.838444
vn 0.327457 -0.836372 -0.439606
vn 0.152802 -0.987467 0.039493
vn 0.250791 0.849297 -0.464542
vn -0.124638 0.979880 0.155884
vn 0.179923 0.886704 -0.425891
vn 0.467736 0.623233 -0.626741
vn 0.395906 -0.843738 -0.362442
vn 0.175105 0.908298 -0.379912
vn 0.754885 0.033351 -0.655009
vn 0.602099 0.363411 -0.710922
vn 0.267318 -0.921142 -0.282911
vn 0.110283 0.950695 -0.289855
vn 0.528981 -0.597914 -0.602227
vn 0.391627 0.706605 -0.589353
vn 0.327457 -0.836372 -0.439606
vn 0.409758 -0.359319 -0.838444
vn 0.250791 0.849297 -0.464542
vn 0.267318 -0.921142 -0.282911
vn 0.602099 0.363411 -0.710922
vn 0.347781 0.346155 -0.871335
vn 0.199620 -0.934600 -0.294406
vn 0.206973 -0.951714 0.226721
vn 0.703178 -0.660495 0.263225
vn 0.267318 -0.921142 -0.282911
vn 0.183098 -0.966731 0.178624
vn 0.395906 -0.843738 -0.362442
vn 0.739502 -0.463744 -0.487933
vn 0.200848 -0.978828 0.039453
vn 0.412164 0.409329 -0.813984
vn 0.267318 -0.921142 -0.282911
vn 0.347781 0.346155 -0.871335
vn 0.183098 -0.966731 0.178624
vn 0.412164 0.409329 -0.813984
vn 0.347781 0.346155 -0.871335
vn 0.602099 0.363411 -0.710922
vn 0.337487 -0.717094 0.609819
vn -0.077821 -0.996850 0.015275
vn -0.547255 -0.645578 0.532673
vn 0.236678 -0.970595 0.043929
vn 0.598469 -0.786044 0.154821
vn 0.195311 -0.884776 0.423113
vn -0.140139 -0.513097 -0.846813
vn -0.136362 -0.335134 -0.932250
vn -0.326924 -0.939370 -0.103462
vn -0.243196 -0.949823 0.196701
vn -0.264884 -0.885166 -0.382516
vn -0.263570 -0.713413 -0.649286
vn -0.023232 -0.999725 -0.003156
vn -0.257008 -0.907484 -0.332295
vn 0.251691 -0.932958 -0.257375
vn -0.228134 -0.952526 0.201617
vn -0.257008 -0.907484 -0.332295
vn -0.264884 -0.885166 -0.382516
vn -0.228134 -0.952526 0.201617
vn -0.264884 -0.885166 -0.382516
vn -0.243196 -0.949823 0.196701
vn 0.808458 -0.279575 -0.517912
vn -0.101522 -0.981813 0.160429
vn 0.263599 -0.957213 -0.119414
vn -0.533753 -0.844614 0.041659
vn -0.040447 -0.999182 0.000551
vn 0.066556 -0.880339 0.469653
vn -0.261875 -0.964736 -0.026590
vn -0.221314 -0.946851 0.233438
vn -0.294076 -0.879384 0.374438
vn -0.640097 -0.768167 -0.013973
vn -0.548153 -0.832210 -0.083403
vn -0.355689 -0.924626 0.136208
vn 0.419416 -0.907775 -0.005926
vn 0.304273 0.933509 -0.189681
vn 0.365251 0.917006 -0.160287
vn -0.085064 -0.993294 -0.078298
vn -0.242381 -0.759027 -0.604260
vn -0.042924 -0.974120 -0.221918
vn 0.133095 -0.990891 0.020491
vn 0.036450 -0.999165 -0.018447
vn 0.386524 -0.922237 -0.008851
vn 0.163624 -0.839846 -0.517576
vn 0.293809 -0.729327 -0.617866
vn -0.106139 -0.993916 -0.029405
vn 0.620024 -0.771901 -0.140497
vn 0.364607 -0.925748 -0.100261
vn 0.157789 -0.970931 0.179988
vn 0.172688 -0.772985 0.610469
vn -0.253284 -0.463118 0.849334
vn -0.137164 -0.626627 0.767154
vn 0.447366 0.223396 -0.866001
vn 0.832624 -0.323195 -0.449758
vn 0.082851 0.737213 -0.670561
vn 0.523707 -0.634441 -0.568521
vn 0.229816 -0.927873 -0.293660
vn 0.340557 -0.847431 -0.407286
vn 0.082851 0.737213 -0.670561
vn 0.004983 0.485148 -0.874418
vn 0.447366 0.223396 -0.866001
vn 0.031801 -0.979030 -0.201217
vn 0.207142 -0.869283 -0.448821
vn 0.068721 -0.926891 -0.368985
vn -0.426193 -0.896677 -0.119706
vn -0.417196 -0.908815 -0.001925
vn -0.388458 -0.857765 -0.336659
vn -0.022802 -0.996215 0.083880
vn 0.442483 -0.875392 -0.194671
vn 0.034641 -0.992397 0.118099
vn -0.394884 -0.708244 0.585198
vn -0.419800 -0.225162 0.879244
vn -0.402731 0.035779 0.914619
vn -0.430608 -0.345807 0.833663
vn -0.444227 -0.512764 0.734666
vn 0.034641 -0.992397 0.118099
vn 0.297746 -0.784074 -0.544587
vn 0.222099 -0.972798 -0.065852
vn 0.570343 -0.524775 -0.631918
vn -0.030636 -0.920208 0.390229
vn 0.507381 -0.755960 -0.413630
vn 0.039281 -0.813184 0.580679
vn 0.009909 -0.999906 0.009450
vn -0.022802 -0.996215 0.083880
vn -0.263971 -0.877779 0.399778
vn -0.324906 -0.534240 0.780400
vn -0.253284 -0.463118 0.849334
vn -0.578918 -0.210550 0.787732
vn 0.039281 -0.813184 0.580679
vn -0.578918 -0.210550 0.787732
vn -0.430608 -0.345807 0.833663
vn 0.000634 -1.000000 -0.000722
vn -0.000028 -1.000000 0.000034
vn 0.000008 -1.000000 0.000028
vn 0.712407 0.682748 -0.162271
vn 0.442483 -0.875392 -0.194671
vn 0.680740 -0.691957 -0.240391
vn 0.039281 -0.813184 0.580679
vn -0.430608 -0.345807 0.833663
vn -0.030636 -0.920208 0.390229
vn 0.034641 -0.992397 0.118099
vn -0.030636 -0.920208 0.390229
vn -0.430608 -0.345807 0.833663
vn 0.500403 -0.833615 -0.233843
vn 0.340557 -0.847431 -0.407286
vn 0.121745 -0.986625 0.108394
vn -0.444227 -0.512764 0.734666
vn -0.430608 -0.345807 0.833663
vn -0.531081 -0.258024 0.807079
vn -0.263971 -0.877779 0.399778
vn -0.022802 -0.996215 0.083880
vn -0.444227 -0.512764 0.734666
vn -0.022802 -0.996215 0.083880
vn 0.009909 -0.999906 0.009450
vn 0.442483 -0.875392 -0.194671
vn -0.444227 -0.512764 0.734666
vn -0.531081 -0.258024 0.807079
vn -0.471088 -0.250675 0.845717
vn -0.263971 -0.877779 0.399778
vn -0.175154 -0.957652 0.228527
vn -0.004963 -0.999867 0.015524
vn 0.442483 -0.875392 -0.194671
vn 0.009909 -0.999906 0.009450
vn 0.680740 -0.691957 -0.240391
vn 0.712407 0.682748 -0.162271
vn 0.841563 -0.415906 -0.344665
vn 0.442483 -0.875392 -0.194671
vn 0.017639 -0.999756 -0.013266
vn 0.680740 -0.691957 -0.240391
vn 0.009909 -0.999906 0.009450
vn 0.805699 0.519606 -0.284355
vn 0.680740 -0.691957 -0.240391
vn 0.553280 -0.760692 -0.339454
vn -0.531081 -0.258024 0.807079
vn -0.140571 -0.987849 0.066285
vn 0.121745 -0.986625 0.108394
vn -0.471088 -0.250675 0.845717
vn -0.531081 -0.258024 0.807079
vn 0.121745 -0.986625 0.108394
vn -0.263971 -0.877779 0.399778
vn -0.444227 -0.512764 0.734666
vn -0.471088 -0.250675 0.845717
vn 0.570343 -0.524775 -0.631918
vn 0.222099 -0.972798 -0.065852
vn 0.229816 -0.927873 -0.293660
vn -0.703666 -0.263120 0.660016
vn -0.527256 -0.303754 0.793558
vn -0.471088 -0.250675 0.845717
vn -0.471088 -0.250675 0.845717
vn -0.527256 -0.303754 0.793558
vn -0.263971 -0.877779 0.399778
vn 0.121745 -0.986625 0.108394
vn 0.297010 -0.954618 -0.022115
vn 0.500403 -0.833615 -0.233843
vn -0.471088 -0.250675 0.845717
vn 0.121745 -0.986625 0.108394
vn 0.340557 -0.847431 -0.407286
vn -0.415919 -0.545797 0.727404
vn -0.108643 -0.687545 0.717969
vn -0.140052 -0.757281 0.637896
vn 0.104775 -0.986080 -0.129110
vn 0.570343 -0.524775 -0.631918
vn 0.430105 -0.861737 -0.269109
vn 0.297010 -0.954618 -0.022115
vn -0.140052 -0.757281 0.637896
vn -0.108643 -0.687545 0.717969
vn 0.340557 -0.847431 -0.407286
vn 0.500403 -0.833615 -0.233843
vn 0.439084 -0.879678 -0.182678
vn 0.523707 -0.634441 -0.568521
vn 0.340557 -0.847431 -0.407286
vn 0.439084 -0.879678 -0.182678
vn 0.340557 -0.847431 -0.407286
vn -0.703666 -0.263120 0.660016
vn -0.471088 -0.250675 0.845717
vn 0.048284 -0.896403 0.440602
vn 0.430105 -0.861737 -0.269109
vn 0.523707 -0.634441 -0.568521
vn 0.222099 -0.972798 -0.065852
vn -0.622684 -0.191790 0.758605
vn 0.229816 -0.927873 -0.293660
vn -0.233696 -0.476756 0.847402
vn -0.009854 -0.656756 0.754039
vn 0.184138 -0.780223 0.597784
vn -0.717913 -0.696102 -0.006659
vn -0.302726 -0.837999 0.453999
vn -0.498779 -0.802756 0.326807
vn -0.541760 -0.784256 0.302387
vn -0.262209 -0.955626 0.134258
vn -0.304550 -0.912319 0.273722
vn 0.882673 0.447967 0.142178
vn -0.016359 -0.999793 0.012080
vn 0.739503 0.441923 0.507779
vn -0.154018 -0.988055 -0.005122
vn -0.304550 -0.912319 0.273722
vn -0.262209 -0.955626 0.134258
vn 0.763729 0.591913 0.257598
vn 0.679738 0.687941 0.254348
vn 0.243563 0.103938 -0.964300
vn 0.308842 0.680075 -0.664917
vn 0.714583 0.344643 -0.608763
vn 0.702612 0.521485 -0.484139
vn 0.601144 0.516416 -0.609869
vn -0.752681 0.617015 -0.229704
vn 0.711592 0.380733 -0.590490
vn -0.039891 -0.990944 0.128213
vn 0.400676 -0.901010 0.166253
vn 0.164461 -0.980363 0.108818
vn -0.004642 -0.937173 0.348835
vn 0.164461 -0.980363 0.108818
vn 0.908367 -0.411945 0.071905
vn 0.599260 -0.412051 -0.686368
vn 0.134734 0.935073 -0.327850
vn 0.638273 0.001822 -0.769808
vn -0.154018 -0.988055 -0.005122
vn -0.106980 -0.979561 0.170342
vn -0.304550 -0.912319 0.273722
vn -0.068832 -0.995076 -0.071319
vn -0.019129 -0.999755 0.011104
vn -0.209924 -0.977143 -0.033526
vn -0.533753 -0.844614 0.041659
vn -0.256517 -0.954019 -0.155073
vn -0.040447 -0.999182 0.000551
vn 0.800254 0.561950 0.209297
vn 0.652943 -0.096528 -0.751230
vn 0.672974 0.440809 0.593964
vn 0.166670 -0.802972 -0.572238
vn 0.163415 -0.981721 -0.097573
vn -0.068832 -0.995076 -0.071319
vn 0.800254 0.561950 0.209297
vn 0.381469 0.906836 0.179250
vn -0.136608 0.958932 -0.248570
vn 0.163415 -0.981721 -0.097573
vn 0.166670 -0.802972 -0.572238
vn 0.800254 0.561950 0.209297
vn 0.243563 0.103938 -0.964300
vn 0.672974 0.440809 0.593964
vn 0.652943 -0.096528 -0.751230
vn 0.982971 -0.066920 -0.171142
vn 0.672974 0.440809 0.593964
vn 0.679738 0.687941 0.254348
vn -0.572023 0.171264 -0.802158
vn -0.630001 0.017754 -0.776391
vn -0.191614 -0.143413 -0.970936
vn 0.946323 0.051163 0.319147
vn 0.947626 -0.308416 0.082978
vn 0.706811 0.389543 0.590486
vn 0.500041 0.672157 -0.546045
vn 0.982971 -0.066920 -0.171142
vn 0.679738 0.687941 0.254348
vn -0.898004 -0.221109 -0.380395
vn -0.933008 0.145784 -0.329002
vn -0.749829 0.035445 -0.660681
vn -0.114649 -0.699407 -0.705468
vn -0.749829 0.035445 -0.660681
vn -0.910557 0.016178 -0.413068
vn 0.982971 -0.066920 -0.171142
vn 0.500041 0.672157 -0.546045
vn -0.158046 -0.667986 -0.727198
vn -0.115222 -0.868256 0.482551
vn -0.114649 -0.699407 -0.705468
vn -0.910557 0.016178 -0.413068
vn 0.982971 -0.066920 -0.171142
vn -0.114649 -0.699407 -0.705468
vn 0.918110 -0.139042 0.371135
vn 0.321562 -0.939418 -0.118708
vn 0.671253 0.732978 -0.110286
vn 0.682184 -0.716821 -0.144195
vn -0.025110 -0.975872 -0.216896
vn 0.321562 -0.939418 -0.118708
vn 0.062170 -0.997144 -0.042881
vn 0.079827 -0.996771 -0.008644
vn -0.003654 -0.999991 -0.001956
vn -0.012868 -0.995467 -0.094232
vn 0.074731 -0.996072 0.047493
vn 0.079827 -0.996771 -0.008644
vn 0.025987 -0.997339 -0.068119
vn 0.200214 -0.979731 0.006436
vn 0.025987 -0.997339 -0.068119
vn 0.030943 -0.868947 -0.493937
vn -0.106100 -0.967610 0.229073
vn -0.075717 -0.987520 0.138098
vn 0.182692 -0.494247 0.849908
vn 0.043709 -0.796713 -0.602776
vn -0.012868 -0.995467 -0.094232
vn 0.010448 -0.995892 -0.089943
vn 0.079827 -0.996771 -0.008644
vn -0.012868 -0.995467 -0.094232
vn -0.051011 -0.888721 -0.455601
vn 0.225267 -0.861757 0.454566
vn 0.288053 -0.887882 -0.358734
vn -0.038339 -0.500130 -0.865101
vn -0.038339 -0.500130 -0.865101
vn 0.288053 -0.887882 -0.358734
vn -0.181664 -0.541850 -0.820608
vn 0.419004 -0.381071 0.824148
vn 0.288053 -0.887882 -0.358734
vn 0.225267 -0.861757 0.454566
vn -0.181664 -0.541850 -0.820608
vn 0.288053 -0.887882 -0.358734
vn -0.177153 -0.157181 -0.971551
vn -0.049469 -0.187296 -0.981057
vn -0.181664 -0.541850 -0.820608
vn -0.177153 -0.157181 -0.971551
vn 0.025987 -0.997339 -0.068119
vn -0.051011 -0.888721 -0.455601
vn -0.181664 -0.541850 -0.820608
vn -0.049469 -0.187296 -0.981057
vn -0.177153 -0.157181 -0.971551
vn -0.371532 -0.905696 -0.204153
vn -0.049469 -0.187296 -0.981057
vn 0.668264 -0.294902 -0.682976
vn 0.030943 -0.868947 -0.493937
vn 0.347984 -0.644416 0.680908
vn -0.046024 -0.607177 0.793233
vn -0.371532 -0.905696 -0.204153
vn 0.905187 -0.403322 0.134047
vn 0.313906 0.915509 -0.251609
vn 0.318040 0.935830 0.151898
vn 0.526061 -0.848810 0.052740
vn 0.808361 -0.327043 -0.489485
vn 0.984510 -0.175331 -0.000043
vn -0.068616 -0.762712 0.643088
vn 0.916344 0.398391 0.039989
vn -0.188090 -0.618958 0.762571
vn -0.284772 0.956364 -0.065368
vn -0.360078 0.928291 -0.092847
vn -0.426638 0.895026 -0.130030
vn -0.204545 0.977485 -0.051813
vn 0.434057 0.884439 -0.171352
vn -0.426638 0.895026 -0.130030
vn 0.919470 0.014128 -0.392907
vn 0.405520 -0.866500 -0.291087
vn 0.250741 0.951416 0.178706
vn -0.318667 0.947443 0.028353
vn -0.499263 0.864500 -0.058099
vn -0.706058 0.708027 0.013421
vn -0.540152 0.802688 0.252841
vn 0.919470 0.014128 -0.392907
vn 0.250741 0.951416 0.178706
vn 0.630025 -0.752755 -0.190861
vn 0.109261 0.985875 -0.126932
vn 0.887799 -0.449717 -0.097811
vn 0.222231 -0.941491 -0.253392
vn 0.164390 -0.816835 -0.552953
vn 0.207142 -0.869283 -0.448821
vn 0.207142 -0.869283 -0.448821
vn 0.079452 -0.700983 -0.708739
vn -0.090276 -0.921465 -0.377827
vn 0.786734 -0.579293 -0.213237
vn 0.434057 0.884439 -0.171352
vn 0.939420 -0.318500 -0.126677
vn 0.175105 0.908298 -0.379912
vn 0.015403 0.997967 -0.061847
vn 0.467736 0.623233 -0.626741
vn 0.866273 0.249067 -0.433054
vn 0.859380 -0.376145 -0.346382
vn 0.163644 0.382383 -0.909398
vn -0.068616 -0.762712 0.643088
vn 0.015960 -0.864900 0.501690
vn 0.984510 -0.175331 -0.000043
vn -0.706058 0.708027 0.013421
vn -0.499263 0.864500 -0.058099
vn -0.741469 0.646727 -0.178796
vn -0.289382 0.900115 -0.325655
vn -0.566199 0.585739 -0.579939
vn -0.169447 0.985204 0.025697
vn 0.173215 -0.957666 -0.229942
vn -0.263335 -0.964669 0.008319
vn 0.038297 -0.942821 0.331092
vn -0.285858 -0.084942 -0.954500
vn -0.263335 -0.964669 0.008319
vn -0.434674 0.244299 -0.866820
vn -0.566199 0.585739 -0.579939
vn 0.173215 -0.957666 -0.229942
vn 0.152479 -0.758448 -0.633646
vn -0.263335 -0.964669 0.008319
vn 0.173215 -0.957666 -0.229942
vn -0.434674 0.244299 -0.866820
vn -0.111984 -0.896722 -0.428193
vn 0.163644 0.382383 -0.909398
vn 0.384230 -0.923094 -0.016245
vn 0.866273 0.249067 -0.433054
vn 0.163644 0.382383 -0.909398
vn 0.023659 0.515348 -0.856654
vn 0.401535 -0.906500 0.130489
vn 0.566499 -0.744547 0.353168
vn 0.322362 -0.937903 0.128146
vn 0.343033 -0.938493 0.039479
vn 0.372823 -0.924683 0.077232
vn 0.783994 -0.592707 0.184531
vn 0.569447 -0.744335 -0.348850
vn 0.038297 -0.942821 0.331092
vn 0.029392 -0.983433 0.178872
vn -0.127211 0.832643 -0.539002
vn 0.569447 -0.744335 -0.348850
vn -0.251615 0.711572 -0.656015
vn -0.296462 0.913208 -0.279573
vn -0.251615 0.711572 -0.656015
vn -0.007640 0.861597 -0.507535
vn 0.274947 0.924060 0.265552
vn 0.810530 -0.158832 0.563749
vn 0.901040 0.237290 0.363070
vn 0.526707 -0.796647 0.296536
vn 0.029392 -0.983433 0.178872
vn -0.172531 -0.782033 0.598881
vn 0.569447 -0.744335 -0.348850
vn 0.029392 -0.983433 0.178872
vn 0.314579 0.010226 -0.949176
vn -0.163431 -0.463465 0.870914
vn 0.153998 -0.730180 0.665674
vn 0.653550 -0.312877 0.689188
vn 0.653550 -0.312877 0.689188
vn 0.153998 -0.730180 0.665674
vn 0.543290 0.723557 -0.425795
vn -0.105217 -0.942431 0.317416
vn 0.153998 -0.730180 0.665674
vn -0.163431 -0.463465 0.870914
vn 0.543290 0.723557 -0.425795
vn 0.153998 -0.730180 0.665674
vn 0.572571 -0.717229 0.397171
vn 0.678093 0.723255 -0.130738
vn 0.543290 0.723557 -0.425795
vn 0.572571 -0.717229 0.397171
vn -0.251615 0.711572 -0.656015
vn 0.314579 0.010226 -0.949176
vn 0.543290 0.723557 -0.425795
vn 0.678093 0.723255 -0.130738
vn 0.572571 -0.717229 0.397171
vn 0.317203 -0.946502 0.059298
vn 0.678093 0.723255 -0.130738
vn -0.073055 0.969034 -0.235875
vn -0.007640 0.861597 -0.507535
vn -0.022305 -0.979679 0.199327
vn 0.007515 -0.999898 0.012137
vn 0.317203 -0.946502 0.059298
vn -0.084963 0.994958 -0.053285
vn 0.364998 0.845687 0.389345
vn -0.090444 0.993330 -0.071519
vn -0.014204 -0.999840 -0.010860
vn -0.068606 -0.997026 -0.035096
vn -0.012053 -0.999925 -0.002279
vn 0.000000 -1.000000 0.000000
vn 0.036450 -0.999165 -0.018447
vn 0.133095 -0.990891 0.020491
vn 0.288286 -0.957060 0.030456
vn 0.372823 -0.924683 0.077232
vn 0.123672 -0.990430 -0.061269
vn -0.101802 -0.923275 -0.370404
vn 0.101619 -0.920108 -0.378252
vn -0.188181 -0.862244 -0.470237
vn 0.721979 -0.149832 -0.675498
vn 0.372617 0.911643 -0.173389
vn 0.536201 0.780395 -0.321671
vn 0.616761 -0.478619 -0.624924
vn 0.657088 -0.317338 -0.683763
vn 0.211681 -0.950738 -0.226470
vn 0.000381 -1.000000 -0.000099
vn -0.061247 -0.995979 0.065375
vn -0.015062 -0.999584 0.024608
vn 0.138856 -0.961885 -0.235578
vn 0.657088 -0.317338 -0.683763
vn 0.331572 -0.835670 -0.437854
vn 0.883539 0.198000 -0.424446
vn 0.553280 -0.760692 -0.339454
vn 0.459986 -0.850301 -0.255735
vn -0.071149 -0.987643 0.139638
vn -0.142682 -0.989767 -0.001972
vn 0.000008 -1.000000 0.000028
vn 0.017639 -0.999756 -0.013266
vn -0.004963 -0.999867 0.015524
vn 0.015246 -0.999707 -0.018787
vn 0.459986 -0.850301 -0.255735
vn 0.032882 -0.999447 -0.004970
vn 0.342492 -0.922570 -0.177661
vn -0.004963 -0.999867 0.015524
vn 0.017639 -0.999756 -0.013266
vn 0.009909 -0.999906 0.009450
vn 0.553280 -0.760692 -0.339454
vn 0.017639 -0.999756 -0.013266
vn 0.015246 -0.999707 -0.018787
vn -0.263971 -0.877779 0.399778
vn -0.004963 -0.999867 0.015524
vn 0.009909 -0.999906 0.009450
vn -0.004963 -0.999867 0.015524
vn -0.175154 -0.957652 0.228527
vn -0.002740 -0.999969 0.007416
vn 0.553280 -0.760692 -0.339454
vn 0.015246 -0.999707 -0.018787
vn 0.459986 -0.850301 -0.255735
vn 0.553280 -0.760692 -0.339454
vn 0.883539 0.198000 -0.424446
vn 0.805699 0.519606 -0.284355
vn 0.543422 0.821396 -0.173208
vn 0.722887 0.672794 -0.157425
vn -0.074822 0.995888 0.051078
vn -0.223565 0.968570 0.109044
vn -0.307569 0.929395 0.204025
vn -0.353683 0.924543 0.141875
vn -0.124638 0.979880 0.155884
vn 0.110283 0.950695 -0.289855
vn 0.268474 0.960563 0.072397
vn 0.409758 -0.359319 -0.838444
vn 0.110283 0.950695 -0.289855
vn 0.250791 0.849297 -0.464542
vn 0.043691 0.996351 0.073327
vn -0.124638 0.979880 0.155884
vn 0.831306 0.552634 -0.059378
vn -0.243562 0.968302 0.055396
vn -0.124638 0.979880 0.155884
vn -0.307569 0.929395 0.204025
vn 0.175105 0.908298 -0.379912
vn 0.395906 -0.843738 -0.362442
vn 0.179923 0.886704 -0.425891
vn 0.327457 -0.836372 -0.439606
vn 0.179923 0.886704 -0.425891
vn 0.395906 -0.843738 -0.362442
vn -0.243562 0.968302 0.055396
vn -0.223565 0.968570 0.109044
vn 0.015403 0.997967 -0.061847
vn 0.015403 0.997967 -0.061847
vn -0.223565 0.968570 0.109044
vn 0.077196 0.988686 -0.128612
vn -0.364293 -0.758174 0.540798
vn -0.294076 -0.879384 0.374438
vn -0.221314 -0.946851 0.233438
vn -0.237672 -0.877770 0.415971
vn -0.073922 -0.680678 0.728843
vn -0.261511 -0.751494 0.605697
vn -0.025270 -0.997296 -0.069011
vn 0.395906 -0.843738 -0.362442
vn 0.467736 0.623233 -0.626741
vn 0.754885 0.033351 -0.655009
vn 0.161680 -0.973090 0.164181
vn 0.739502 -0.463744 -0.487933
vn -0.038722 -0.533728 -0.844769
vn 0.134219 -0.644151 -0.753031
vn 0.519548 -0.567780 -0.638510
vn 0.307158 -0.659999 -0.685606
vn 0.155006 -0.983814 -0.089905
vn -0.054206 -0.917866 -0.393171
vn -0.045662 -0.643359 -0.764202
vn -0.189536 -0.981870 -0.002695
vn -0.136362 -0.335134 -0.932250
vn -0.257008 -0.907484 -0.332295
vn -0.045662 -0.643359 -0.764202
vn -0.264884 -0.885166 -0.382516
vn -0.036707 -0.287600 -0.957047
vn -0.326924 -0.939370 -0.103462
vn -0.285147 -0.916329 -0.281128
vn -0.019129 -0.999755 0.011104
vn -0.210541 -0.972647 -0.098139
vn -0.209924 -0.977143 -0.033526
vn 0.289731 -0.957101 -0.003697
vn 0.778469 -0.518479 -0.353787
vn 0.715333 0.542299 -0.440693
vn 0.756216 0.152245 -0.636364
vn 0.167167 0.942950 -0.287926
vn 0.465211 0.805112 -0.367931
vn -0.533753 -0.844614 0.041659
vn -0.193195 -0.980213 0.043114
vn -0.448185 -0.765893 -0.461019
vn -0.604249 -0.712419 0.356851
vn -0.399427 -0.754484 0.520780
vn -0.040447 -0.999182 0.000551
vn 0.101814 -0.992736 0.064101
vn 0.163415 -0.981721 -0.097573
vn 0.794182 -0.542870 -0.273069
vn -0.151836 -0.964171 -0.217530
vn -0.012145 -0.886349 -0.462858
vn -0.294817 -0.945486 -0.138344
vn -0.445117 -0.895154 0.023889
vn 0.025148 -0.997932 0.059164
vn -0.624964 -0.714962 0.313447
vn 0.458539 -0.876580 0.146113
vn 0.688347 -0.721520 0.074747
vn 0.376048 -0.914132 0.151494
vn -0.035420 -0.866360 0.498162
vn -0.204258 -0.963240 -0.174490
vn 0.247258 -0.894750 -0.371869
vn -0.158861 -0.942786 0.293116
vn 0.021131 -0.950770 0.309175
vn -0.119959 -0.956282 0.266709
vn -0.242381 -0.759027 -0.604260
vn -0.233046 -0.927688 -0.291693
vn -0.245719 -0.845884 -0.473394
vn 0.000000 -1.000000 0.000000
vn -0.001387 -0.999999 -0.000344
vn -0.012053 -0.999925 -0.002279
vn 0.468582 0.070032 -0.880640
vn 0.334287 0.849417 -0.408342
vn 0.346262 0.919019 -0.188431
vn 0.246839 -0.555489 -0.794042
vn -0.199026 -0.196807 -0.960029
vn 0.123474 -0.068819 -0.989959
vn 0.654794 0.341288 -0.674364
vn 0.302385 0.944162 -0.130851
vn 0.319300 0.939285 -0.125664
vn -0.106139 -0.993916 -0.029405
vn -0.102412 -0.923326 0.370110
vn -0.095778 -0.995352 -0.010023
vn 0.009430 -0.962151 -0.272352
vn 0.519548 -0.567780 -0.638510
vn 0.549006 -0.791375 -0.268920
vn 0.635320 -0.770015 0.058700
vn -0.408217 -0.842415 -0.351704
vn -0.234025 -0.790092 0.566557
vn -0.498779 -0.802756 0.326807
vn -0.302726 -0.837999 0.453999
vn -0.340263 -0.903761 0.259686
vn -0.431589 -0.889257 0.151503
vn -0.234025 -0.790092 0.566557
vn -0.365152 -0.793148 -0.487422
vn 0.064711 -0.980766 -0.184147
vn 0.068721 -0.926891 -0.368985
vn 0.053392 -0.902933 -0.426451
vn 0.085540 -0.993327 0.077357
vn 0.126453 -0.989518 -0.069735
vn 0.097898 -0.971762 -0.214695
vn -0.324906 -0.534240 0.780400
vn -0.494205 -0.624656 0.604621
vn -0.569201 -0.539890 0.620104
vn 0.121745 -0.986625 0.108394
vn -0.140571 -0.987849 0.066285
vn 0.297010 -0.954618 -0.022115
vn -0.324906 -0.534240 0.780400
vn -0.578918 -0.210550 0.787732
vn 0.039281 -0.813184 0.580679
vn -0.531081 -0.258024 0.807079
vn -0.578918 -0.210550 0.787732
vn -0.215324 -0.838134 0.501165
vn -0.441463 -0.862520 0.247324
vn -0.057078 -0.870833 0.488255
vn -0.057864 -0.898710 0.434708
vn 0.044358 -0.674241 0.737178
vn -0.137164 -0.626627 0.767154
vn -0.304550 -0.912319 0.273722
vn -0.448185 -0.765893 -0.461019
vn 0.102109 -0.854862 -0.508709
vn -0.499117 -0.732537 -0.462895
vn -0.379056 0.288398 -0.879286
vn -0.191614 -0.143413 -0.970936
vn 0.174979 -0.269549 -0.946956
vn 0.351933 -0.915018 0.197191
vn 0.066556 -0.880339 0.469653
vn 0.070491 -0.838288 0.540651
vn -0.054035 -0.845884 -0.530623
vn 0.546885 -0.165383 -0.820710
vn 0.102109 -0.854862 -0.508709
vn -0.578386 -0.451081 -0.679703
vn -0.575765 -0.810409 0.108314
vn -0.547255 -0.645578 0.532673
vn 0.731294 -0.681966 -0.011438
vn 0.635320 -0.770015 0.058700
vn -0.034136 -0.986149 -0.162308
vn 0.400676 -0.901010 0.166253
vn -0.039891 -0.990944 0.128213
vn 0.062947 -0.737963 0.671899
vn 0.630527 -0.754564 -0.181851
vn 0.908367 -0.411945 0.071905
vn 0.164461 -0.980363 0.108818
vn 0.062947 -0.737963 0.671899
vn 0.547064 -0.648386 0.529448
vn 0.400676 -0.901010 0.166253
vn 0.893488 -0.368949 -0.256039
vn 0.547064 -0.648386 0.529448
vn 0.703309 -0.710365 -0.027167
vn 0.412851 0.882963 -0.223453
vn 0.302300 0.916243 -0.262894
vn 0.908367 -0.411945 0.071905
vn 0.413972 -0.878131 0.239818
vn 0.908367 -0.411945 0.071905
vn 0.184669 0.982395 0.028236
vn 0.184669 0.982395 0.028236
vn 0.062525 0.997756 0.023958
vn 0.851151 -0.103605 -0.514594
vn 0.101997 -0.059122 -0.993026
vn -0.182774 -0.920934 -0.344201
vn 0.143222 -0.331369 -0.932568
vn -0.045291 -0.998889 -0.013039
vn -0.068832 -0.995076 -0.071319
vn -0.209924 -0.977143 -0.033526
vn -0.114318 -0.983306 0.141568
vn -0.151836 -0.964171 -0.217530
vn -0.096902 -0.905369 0.413421
vn 0.166670 -0.802972 -0.572238
vn -0.280723 -0.763672 -0.581377
vn 0.065027 -0.262918 -0.962624
vn -0.144834 -0.973128 -0.179013
vn -0.280723 -0.763672 -0.581377
vn -0.045291 -0.998889 -0.013039
vn 0.381469 0.906836 0.179250
vn 0.640599 0.400240 0.655317
vn 0.918110 -0.139042 0.371135
vn -0.136608 0.958932 -0.248570
vn 0.381469 0.906836 0.179250
vn 0.081033 0.986360 -0.143275
vn 0.090124 0.965332 -0.244974
vn -0.136608 0.958932 -0.248570
vn 0.081033 0.986360 -0.143275
vn 0.794182 -0.542870 -0.273069
vn -0.136608 0.958932 -0.248570
vn 0.304273 0.933509 -0.189681
vn 0.808014 -0.564609 -0.168318
vn 0.837637 -0.541983 -0.067968
vn -0.209044 -0.962454 0.173158
vn 0.800254 0.561950 0.209297
vn 0.794182 -0.542870 -0.273069
vn 0.163415 -0.981721 -0.097573
vn 0.837637 -0.541983 -0.067968
vn 0.808014 -0.564609 -0.168318
vn 0.298325 0.944554 -0.137184
vn -0.158861 -0.942786 0.293116
vn -0.238058 -0.921806 0.305946
vn -0.243196 -0.949823 0.196701
vn 0.132616 -0.957919 0.254568
vn -0.019129 -0.999755 0.011104
vn -0.007323 -0.969950 0.243196
vn -0.019129 -0.999755 0.011104
vn -0.068832 -0.995076 -0.071319
vn 0.101814 -0.992736 0.064101
vn 0.419416 -0.907775 -0.005926
vn 0.794182 -0.542870 -0.273069
vn 0.304273 0.933509 -0.189681
vn 0.101814 -0.992736 0.064101
vn -0.007323 -0.969950 0.243196
vn -0.019129 -0.999755 0.011104
vn 0.244139 -0.920696 0.304491
vn 0.132616 -0.957919 0.254568
vn 0.027751 -0.911445 0.410484
vn -0.045291 -0.998889 -0.013039
vn -0.209924 -0.977143 -0.033526
vn -0.144834 -0.973128 -0.179013
vn -0.572023 0.171264 -0.802158
vn -0.078721 0.451885 -0.888596
vn 0.243563 0.103938 -0.964300
vn 0.502621 0.861384 0.073412
vn -0.087313 0.968696 0.232387
vn 0.097042 0.986436 -0.132387
vn 0.706811 0.389543 0.590486
vn 0.500041 0.672157 -0.546045
vn 0.679738 0.687941 0.254348
vn -0.158046 -0.667986 -0.727198
vn 0.481863 -0.083118 -0.872296
vn -0.898004 -0.221109 -0.380395
vn -0.106100 -0.967610 0.229073
vn -0.216850 -0.970665 0.103858
vn -0.075717 -0.987520 0.138098
vn 0.321562 -0.939418 -0.118708
vn -0.216850 -0.970665 0.103858
vn 0.344938 -0.928897 -0.134788
vn 0.838909 0.404408 -0.364261
vn 0.321562 -0.939418 -0.118708
vn 0.344938 -0.928897 -0.134788
vn -0.185388 0.964521 0.187965
vn 0.682184 -0.716821 -0.144195
vn 0.671253 0.732978 -0.110286
vn 0.200214 -0.979731 0.006436
vn 0.030943 -0.868947 -0.493937
vn 0.376791 -0.076025 -0.923173
vn 0.200214 -0.979731 0.006436
vn 0.376791 -0.076025 -0.923173
vn 0.715551 -0.350474 -0.604280
vn -0.046024 -0.607177 0.793233
vn 0.243564 -0.725949 0.643176
vn 0.015960 -0.864900 0.501690
vn -0.046024 -0.607177 0.793233
vn -0.188090 -0.618958 0.762571
vn -0.371532 -0.905696 -0.204153
vn 0.984510 -0.175331 -0.000043
vn 0.015960 -0.864900 0.501690
vn 0.526061 -0.848810 0.052740
vn -0.046024 -0.607177 0.793233
vn 0.015960 -0.864900 0.501690
vn -0.068616 -0.762712 0.643088
vn 0.281950 0.883081 -0.375062
vn 0.749927 0.607687 0.261392
vn 0.866273 0.249067 -0.433054
vn 0.730951 0.666587 -0.146190
vn 0.916344 0.398391 0.039989
vn 0.749927 0.607687 0.261392
vn 0.905187 -0.403322 0.134047
vn -0.188090 -0.618958 0.762571
vn 0.615038 0.366351 -0.698223
vn -0.188090 -0.618958 0.762571
vn 0.457871 -0.723998 -0.515928
vn -0.371532 -0.905696 -0.204153
vn 0.103122 -0.993146 -0.055013
vn 0.062170 -0.997144 -0.042881
vn 0.682184 -0.716821 -0.144195
vn 0.434057 0.884439 -0.171352
vn 0.786734 -0.579293 -0.213237
vn -0.080248 0.983748 -0.160627
vn 0.838909 0.404408 -0.364261
vn 0.671253 0.732978 -0.110286
vn 0.321562 -0.939418 -0.118708
vn -0.080248 0.983748 -0.160627
vn 0.786734 -0.579293 -0.213237
vn 0.682184 -0.716821 -0.144195
vn -0.080248 0.983748 -0.160627
vn -0.284772 0.956364 -0.065368
vn -0.426638 0.895026 -0.130030
vn 0.434057 0.884439 -0.171352
vn -0.204545 0.977485 -0.051813
vn 0.722887 0.672794 -0.157425
vn 0.198055 -0.980129 -0.011027
vn 0.123672 -0.990430 -0.061269
vn 0.006830 -0.999933 0.009359
vn 0.887799 -0.449717 -0.097811
vn 0.109261 0.985875 -0.126932
vn -0.495366 0.862306 -0.105076
vn 0.198055 -0.980129 -0.011027
vn 0.887799 -0.449717 -0.097811
vn 0.288286 -0.957060 0.030456
vn 0.630025 -0.752755 -0.190861
vn 0.198055 -0.980129 -0.011027
vn 0.103109 -0.984647 -0.140853
vn 0.109261 0.985875 -0.126932
vn -0.540152 0.802688 0.252841
vn -0.468833 0.883261 -0.006767
vn -0.499263 0.864500 -0.058099
vn -0.119659 0.986303 0.113524
vn -0.566199 0.585739 -0.579939
vn 0.053392 -0.902933 -0.426451
vn 0.097810 -0.992843 -0.068524
vn 0.064711 -0.980766 -0.184147
vn 0.630025 -0.752755 -0.190861
vn 0.103109 -0.984647 -0.140853
vn 0.405520 -0.866500 -0.291087
vn 0.053392 -0.902933 -0.426451
vn 0.103109 -0.984647 -0.140853
vn 0.097810 -0.992843 -0.068524
vn 0.405520 -0.866500 -0.291087
vn 0.103109 -0.984647 -0.140853
vn -0.075807 -0.926510 -0.368555
vn 0.164390 -0.816835 -0.552953
vn 0.149476 -0.981586 -0.118935
vn 0.015674 -0.784305 -0.620177
vn -0.075807 -0.926510 -0.368555
vn 0.207142 -0.869283 -0.448821
vn -0.090276 -0.921465 -0.377827
vn 0.255647 -0.659947 -0.706481
vn 0.015674 -0.784305 -0.620177
vn -0.193131 -0.979039 0.064677
vn 0.506478 -0.763596 -0.400500
vn 0.155006 -0.983814 -0.089905
vn 0.307158 -0.659999 -0.685606
vn 0.722887 0.672794 -0.157425
vn 0.621177 -0.761081 -0.186803
vn 0.939420 -0.318500 -0.126677
vn -0.074822 0.995888 0.051078
vn 0.722887 0.672794 -0.157425
vn -0.204545 0.977485 -0.051813
vn -0.396636 0.917210 0.037503
vn -0.253716 0.966781 0.031026
vn -0.353683 0.924543 0.141875
vn -0.074822 0.995888 0.051078
vn -0.307569 0.929395 0.204025
vn 0.043691 0.996351 0.073327
vn -0.029711 0.828167 -0.559693
vn 0.023659 0.515348 -0.856654
vn -0.285858 -0.084942 -0.954500
vn 0.749927 0.607687 0.261392
vn 0.281950 0.883081 -0.375062
vn 0.616814 0.785396 0.051905
vn -0.169447 0.985204 0.025697
vn -0.168673 0.985236 0.029326
vn -0.289382 0.900115 -0.325655
vn -0.434674 0.244299 -0.866820
vn -0.566199 0.585739 -0.579939
vn -0.289382 0.900115 -0.325655
vn 0.901040 0.237290 0.363070
vn 0.783994 -0.592707 0.184531
vn -0.293927 0.903051 -0.313217
vn 0.783994 -0.592707 0.184531
vn 0.701410 -0.639983 0.313761
vn 0.401535 -0.906500 0.130489
vn 0.783994 -0.592707 0.184531
vn 0.401535 -0.906500 0.130489
vn 0.343033 -0.938493 0.039479
vn 0.123672 -0.990430 -0.061269
vn 0.198055 -0.980129 -0.011027
vn 0.288286 -0.957060 0.030456
vn 0.569447 -0.744335 -0.348850
vn 0.216043 -0.483741 -0.848127
vn 0.152479 -0.758448 -0.633646
vn 0.901040 0.237290 0.363070
vn 0.216043 -0.483741 -0.848127
vn -0.127211 0.832643 -0.539002
vn -0.090444 0.993330 -0.071519
vn -0.296462 0.913208 -0.279573
vn -0.073055 0.969034 -0.235875
vn -0.296462 0.913208 -0.279573
vn -0.090444 0.993330 -0.071519
vn 0.329893 0.853836 0.402660
vn 0.901040 0.237290 0.363070
vn -0.127211 0.832643 -0.539002
vn 0.274947 0.924060 0.265552
vn 0.783994 -0.592707 0.184531
vn 0.901040 0.237290 0.363070
vn 0.701410 -0.639983 0.313761
vn 0.007515 -0.999898 0.012137
vn -0.008415 -0.999506 0.030280
vn -0.001387 -0.999999 -0.000344
vn 0.317203 -0.946502 0.059298
vn 0.007515 -0.999898 0.012137
vn 0.356389 -0.932895 0.051904
vn -0.012053 -0.999925 -0.002279
vn -0.001387 -0.999999 -0.000344
vn -0.014204 -0.999840 -0.010860
vn 0.007515 -0.999898 0.012137
vn -0.001387 -0.999999 -0.000344
vn 0.000000 -1.000000 0.000000
vn -0.085064 -0.993294 -0.078298
vn 0.219054 -0.971837 -0.086881
vn 0.038295 -0.999140 -0.015883
vn 0.423404 -0.884870 -0.194252
vn 0.036450 -0.999165 -0.018447
vn 0.038295 -0.999140 -0.015883
vn 0.670320 0.611812 0.419948
vn 0.133095 -0.990891 0.020491
vn 0.386524 -0.922237 -0.008851
vn 0.007515 -0.999898 0.012137
vn 0.133095 -0.990891 0.020491
vn 0.356389 -0.932895 0.051904
vn 0.123672 -0.990430 -0.061269
vn 0.136656 -0.987718 0.075757
vn 0.006830 -0.999933 0.009359
vn 0.085540 -0.993327 0.077357
vn 0.136656 -0.987718 0.075757
vn 0.126453 -0.989518 -0.069735
vn 0.097898 -0.971762 -0.214695
vn 0.126453 -0.989518 -0.069735
vn 0.151870 -0.901135 -0.406068
vn 0.085540 -0.993327 0.077357
vn -0.080964 -0.996304 0.028686
vn 0.031801 -0.979030 -0.201217
vn 0.657088 -0.317338 -0.683763
vn 0.372617 0.911643 -0.173389
vn 0.721979 -0.149832 -0.675498
vn 0.657088 -0.317338 -0.683763
vn 0.211004 -0.918752 -0.333723
vn 0.211681 -0.950738 -0.226470
vn 0.331572 -0.835670 -0.437854
vn 0.721979 -0.149832 -0.675498
vn 0.386808 -0.827942 -0.406069
vn -0.008657 -0.991167 -0.132338
vn -0.016069 -0.998525 -0.051871
vn 0.000897 -0.998451 -0.055623
vn -0.008657 -0.991167 -0.132338
vn 0.028918 -0.996472 -0.078781
vn 0.211681 -0.950738 -0.226470
vn 0.293809 -0.729327 -0.617866
vn 0.598869 0.011075 -0.800770
vn 0.219381 -0.948924 -0.226750
vn 0.579211 0.596566 -0.555539
vn 0.738545 0.164425 -0.653846
vn 0.442100 -0.812344 -0.380323
vn 0.386808 -0.827942 -0.406069
vn 0.031353 -0.998947 -0.033504
vn 0.051446 -0.996416 -0.067142
vn 0.031353 -0.998947 -0.033504
vn 0.386808 -0.827942 -0.406069
vn 0.045359 -0.997582 -0.052654
vn 0.386808 -0.827942 -0.406069
vn 0.579211 0.596566 -0.555539
vn 0.442100 -0.812344 -0.380323
vn 0.883539 0.198000 -0.424446
vn 0.459986 -0.850301 -0.255735
vn 0.902386 0.020058 -0.430461
vn 0.045359 -0.997582 -0.052654
vn 0.342492 -0.922570 -0.177661
vn 0.000634 -1.000000 -0.000722
vn 0.015246 -0.999707 -0.018787
vn -0.000028 -1.000000 0.000034
vn 0.032882 -0.999447 -0.004970
vn 0.902386 0.020058 -0.430461
vn 0.459986 -0.850301 -0.255735
vn 0.342492 -0.922570 -0.177661
vn 0.043691 0.996351 0.073327
vn 0.968862 0.003861 -0.247572
vn 0.543422 0.821396 -0.173208
vn -0.124638 0.979880 0.155884
vn 0.043691 0.996351 0.073327
vn -0.307569 0.929395 0.204025
vn -0.223565 0.968570 0.109044
vn -0.243562 0.968302 0.055396
vn -0.307569 0.929395 0.204025
vn 0.179923 0.886704 -0.425891
vn -0.243562 0.968302 0.055396
vn 0.175105 0.908298 -0.379912
vn -0.353683 0.924543 0.141875
vn -0.307569 0.929395 0.204025
vn -0.074822 0.995888 0.051078
vn -0.223565 0.968570 0.109044
vn -0.071224 0.996428 0.045374
vn 0.077196 0.988686 -0.128612
vn 0.260153 0.857112 -0.444611
vn 0.381513 0.920844 -0.080591
vn -0.212953 0.874581 -0.435614
vn 0.247258 -0.894750 -0.371869
vn 0.200848 -0.978828 0.039453
vn -0.035420 -0.866360 0.498162
vn 0.467736 0.623233 -0.626741
vn 0.181892 -0.952413 -0.244591
vn -0.025270 -0.997296 -0.069011
vn -0.025270 -0.997296 -0.069011
vn 0.181892 -0.952413 -0.244591
vn 0.350504 -0.854525 -0.383321
vn 0.350504 -0.854525 -0.383321
vn 0.267318 -0.921142 -0.282911
vn -0.025270 -0.997296 -0.069011
vn 0.595142 -0.799765 0.078627
vn 0.350504 -0.854525 -0.383321
vn 0.087150 -0.994368 -0.060313
vn 0.161680 -0.973090 0.164181
vn 0.754885 0.033351 -0.655009
vn 0.767388 -0.567385 -0.298647
vn 0.767388 -0.567385 -0.298647
vn 0.350504 -0.854525 -0.383321
vn 0.595142 -0.799765 0.078627
vn 0.350504 -0.854525 -0.383321
vn 0.767388 -0.567385 -0.298647
vn 0.754885 0.033351 -0.655009
vn 0.206973 -0.951714 0.226721
vn -0.294076 -0.879384 0.374438
vn 0.767388 -0.567385 -0.298647
vn 0.350504 -0.854525 -0.383321
vn 0.754885 0.033351 -0.655009
vn 0.267318 -0.921142 -0.282911
vn 0.350504 -0.854525 -0.383321
vn 0.181892 -0.952413 -0.244591
vn 0.087150 -0.994368 -0.060313
vn 0.595142 -0.799765 0.078627
vn 0.703178 -0.660495 0.263225
vn 0.206973 -0.951714 0.226721
vn 0.199620 -0.934600 -0.294406
vn 0.692170 -0.691829 0.205604
vn 0.055484 -0.927599 -0.369434
vn 0.206973 -0.951714 0.226721
vn 0.767388 -0.567385 -0.298647
vn 0.595142 -0.799765 0.078627
vn -0.261875 -0.964736 -0.026590
vn -0.046494 -0.908239 -0.415860
vn -0.221314 -0.946851 0.233438
vn 0.595142 -0.799765 0.078627
vn 0.195311 -0.884776 0.423113
vn 0.703178 -0.660495 0.263225
vn -0.261875 -0.964736 -0.026590
vn -0.294076 -0.879384 0.374438
vn 0.206973 -0.951714 0.226721
vn -0.235183 -0.956113 0.174747
vn -0.221314 -0.946851 0.233438
vn -0.072981 -0.958216 -0.276580
vn -0.237672 -0.877770 0.415971
vn -0.261511 -0.751494 0.605697
vn -0.235183 -0.956113 0.174747
vn 0.294330 -0.955701 0.002320
vn 0.688347 -0.721520 0.074747
vn 0.598469 -0.786044 0.154821
vn 0.025148 -0.997932 0.059164
vn 0.055484 -0.927599 -0.369434
vn 0.692170 -0.691829 0.205604
vn -0.380084 -0.921662 0.077949
vn -0.061821 -0.942200 0.329297
vn -0.101234 -0.838581 0.535288
vn -0.038859 -0.658449 0.751621
vn 0.111103 -0.753686 0.647776
vn -0.016266 -0.790352 0.612437
vn -0.235183 -0.956113 0.174747
vn -0.072981 -0.958216 -0.276580
vn -0.262211 -0.950282 -0.167957
vn -0.364293 -0.758174 0.540798
vn -0.221314 -0.946851 0.233438
vn -0.261511 -0.751494 0.605697
vn 0.134219 -0.644151 -0.753031
vn -0.077821 -0.996850 0.015275
vn 0.337487 -0.717094 0.609819
vn 0.307158 -0.659999 -0.685606
vn 0.519548 -0.567780 -0.638510
vn 0.506478 -0.763596 -0.400500
vn -0.547255 -0.645578 0.532673
vn -0.077821 -0.996850 0.015275
vn -0.578386 -0.451081 -0.679703
vn 0.376048 -0.914132 0.151494
vn 0.688347 -0.721520 0.074747
vn 0.648575 -0.748945 -0.135763
vn 0.155006 -0.983814 -0.089905
vn 0.294330 -0.955701 0.002320
vn 0.076959 -0.996765 0.023166
vn 0.164390 -0.816835 -0.552953
vn 0.255647 -0.659947 -0.706481
vn 0.079452 -0.700983 -0.708739
vn 0.134219 -0.644151 -0.753031
vn -0.038722 -0.533728 -0.844769
vn -0.365152 -0.793148 -0.487422
vn 0.134219 -0.644151 -0.753031
vn 0.337487 -0.717094 0.609819
vn 0.648575 -0.748945 -0.135763
vn -0.326924 -0.939370 -0.103462
vn -0.036707 -0.287600 -0.957047
vn -0.140139 -0.513097 -0.846813
vn -0.045662 -0.643359 -0.764202
vn -0.136362 -0.335134 -0.932250
vn -0.263570 -0.713413 -0.649286
vn -0.186417 -0.981225 -0.049457
vn -0.036707 -0.287600 -0.957047
vn -0.163957 -0.749201 -0.641729
vn -0.121055 -0.895091 0.429137
vn -0.158861 -0.942786 0.293116
vn -0.185505 -0.967504 0.171827
vn 0.934238 0.220953 -0.279962
vn 0.710096 0.692292 -0.128433
vn 0.715333 0.542299 -0.440693
vn 0.810993 -0.531216 -0.245153
vn 0.323932 0.913383 -0.246577
vn 0.710096 0.692292 -0.128433
vn 0.271194 0.940660 -0.203994
vn 0.465211 0.805112 -0.367931
vn 0.167167 0.942950 -0.287926
vn 0.298325 0.944554 -0.137184
vn 0.090124 0.965332 -0.244974
vn 0.294996 0.895023 -0.334531
vn -0.533753 -0.844614 0.041659
vn 0.066556 -0.880339 0.469653
vn -0.193195 -0.980213 0.043114
vn -0.399427 -0.754484 0.520780
vn 0.066556 -0.880339 0.469653
vn -0.040447 -0.999182 0.000551
vn -0.096902 -0.905369 0.413421
vn -0.070295 -0.990432 -0.118755
vn -0.144834 -0.973128 -0.179013
vn -0.040447 -0.999182 0.000551
vn -0.256517 -0.954019 -0.155073
vn -0.379621 -0.924175 0.042283
vn -0.604249 -0.712419 0.356851
vn -0.040447 -0.999182 0.000551
vn -0.379621 -0.924175 0.042283
vn -0.624964 -0.714962 0.313447
vn 0.376048 -0.914132 0.151494
vn -0.547255 -0.645578 0.532673
vn 0.034277 -0.919221 -0.392246
vn -0.204258 -0.963240 -0.174490
vn -0.486621 -0.848842 -0.206562
vn -0.186417 -0.981225 -0.049457
vn -0.163957 -0.749201 -0.641729
vn -0.231001 -0.880756 0.413409
vn -0.245719 -0.845884 -0.473394
vn 0.311484 -0.657477 0.686077
vn 0.216391 -0.975653 0.035716
vn -0.026464 -0.693775 -0.719705
vn -0.107343 -0.575675 -0.810602
vn -0.097855 -0.212999 -0.972140
vn 0.382302 -0.915533 -0.125075
vn 0.340436 -0.702486 0.624994
vn 0.791049 -0.608863 0.059389
vn 0.638514 -0.424526 -0.641932
vn 0.254566 0.469156 -0.845629
vn -0.058287 -0.572872 -0.817570
vn -0.026464 -0.693775 -0.719705
vn -0.097855 -0.212999 -0.972140
vn -0.172387 -0.160413 -0.971880
vn 0.382302 -0.915533 -0.125075
vn 0.162396 -0.817950 -0.551892
vn 0.340436 -0.702486 0.624994
vn 0.123474 -0.068819 -0.989959
vn 0.468582 0.070032 -0.880640
vn 0.246839 -0.555489 -0.794042
vn 0.598869 0.011075 -0.800770
vn 0.346262 0.919019 -0.188431
vn 0.302385 0.944162 -0.130851
vn -0.365152 -0.793148 -0.487422
vn -0.038722 -0.533728 -0.844769
vn 0.009430 -0.962151 -0.272352
vn -0.408217 -0.842415 -0.351704
vn -0.365152 -0.793148 -0.487422
vn -0.234025 -0.790092 0.566557
vn -0.431589 -0.889257 0.151503
vn 0.009430 -0.962151 -0.272352
vn -0.193131 -0.979039 0.064677
vn -0.389198 -0.837502 0.383556
vn -0.717913 -0.696102 -0.006659
vn -0.034136 -0.986149 -0.162308
vn -0.234025 -0.790092 0.566557
vn -0.389198 -0.837502 0.383556
vn 0.635320 -0.770015 0.058700
vn 0.342476 -0.597557 -0.725007
vn -0.071049 -0.864191 -0.498122
vn 0.447366 0.223396 -0.866001
vn 0.149476 -0.981586 -0.118935
vn 0.164390 -0.816835 -0.552953
vn 0.222231 -0.941491 -0.253392
vn -0.193131 -0.979039 0.064677
vn -0.462066 -0.822656 0.331258
vn -0.302726 -0.837999 0.453999
vn 0.149476 -0.981586 -0.118935
vn -0.193131 -0.979039 0.064677
vn 0.015674 -0.784305 -0.620177
vn -0.326580 -0.936853 0.125112
vn 0.149476 -0.981586 -0.118935
vn 0.031801 -0.979030 -0.201217
vn 0.031801 -0.979030 -0.201217
vn 0.068721 -0.926891 -0.368985
vn 0.064711 -0.980766 -0.184147
vn -0.326580 -0.936853 0.125112
vn 0.031801 -0.979030 -0.201217
vn -0.274606 -0.961246 -0.024460
vn -0.137164 -0.626627 0.767154
vn -0.569201 -0.539890 0.620104
vn -0.541760 -0.784256 0.302387
vn 0.044358 -0.674241 0.737178
vn -0.304550 -0.912319 0.273722
vn -0.106980 -0.979561 0.170342
vn -0.531081 -0.258024 0.807079
vn -0.215324 -0.838134 0.501165
vn -0.140571 -0.987849 0.066285
vn -0.044558 -0.512350 0.857620
vn -0.140052 -0.757281 0.637896
vn 0.172688 -0.772985 0.610469
vn -0.541760 -0.784256 0.302387
vn -0.057078 -0.870833 0.488255
vn -0.441463 -0.862520 0.247324
vn -0.137164 -0.626627 0.767154
vn -0.541760 -0.784256 0.302387
vn -0.304550 -0.912319 0.273722
vn 0.097894 -0.992738 -0.069920
vn -0.057864 -0.898710 0.434708
vn 0.882673 0.447967 0.142178
vn -0.262209 -0.955626 0.134258
vn -0.077457 -0.988253 0.131747
vn -0.154018 -0.988055 -0.005122
vn 0.102109 -0.854862 -0.508709
vn 0.399982 -0.850341 -0.341956
vn -0.070295 -0.990432 -0.118755
vn -0.191614 -0.143413 -0.970936
vn 0.304393 -0.562651 -0.768615
vn 0.174979 -0.269549 -0.946956
vn 0.546885 -0.165383 -0.820710
vn -0.054035 -0.845884 -0.530623
vn 0.449543 0.353839 -0.820188
vn 0.174979 -0.269549 -0.946956
vn 0.304393 -0.562651 -0.768615
vn 0.102109 -0.854862 -0.508709
vn -0.688428 0.674457 -0.266788
vn -0.379056 0.288398 -0.879286
vn -0.752681 0.617015 -0.229704
vn -0.572023 0.171264 -0.802158
vn 0.243563 0.103938 -0.964300
vn 0.065027 -0.262918 -0.962624
vn 0.351933 -0.915018 0.197191
vn -0.448185 -0.765893 -0.461019
vn -0.193195 -0.980213 0.043114
vn 0.102109 -0.854862 -0.508709
vn -0.448185 -0.765893 -0.461019
vn -0.054035 -0.845884 -0.530623
vn 0.070491 -0.838288 0.540651
vn -0.575765 -0.810409 0.108314
vn -0.071049 -0.864191 -0.498122
vn -0.054035 -0.845884 -0.530623
vn 0.336620 -0.653229 -0.678218
vn 0.449543 0.353839 -0.820188
vn 0.673555 -0.153943 0.722929
vn 0.547064 -0.648386 0.529448
vn 0.062947 -0.737963 0.671899
vn 0.370015 0.247548 -0.895438
vn 0.893488 -0.368949 -0.256039
vn 0.782759 -0.406197 -0.471478
vn 0.481863 -0.083118 -0.872296
vn 0.097042 0.986436 -0.132387
vn -0.898004 -0.221109 -0.380395
vn 0.400676 -0.901010 0.166253
vn 0.099365 0.993810 0.049679
vn 0.630527 -0.754564 -0.181851
vn 0.183379 0.983000 -0.009165
vn 0.979735 -0.121772 -0.159030
vn 0.752778 0.483643 -0.446558
vn 0.099365 0.993810 0.049679
vn 0.979735 -0.121772 -0.159030
vn 0.183379 0.983000 -0.009165
vn -0.087313 0.968696 0.232387
vn 0.183379 0.983000 -0.009165
vn 0.097042 0.986436 -0.132387
vn 0.333705 0.773951 -0.538183
vn 0.947626 -0.308416 0.082978
vn 0.946323 0.051163 0.319147
vn 0.097042 0.986436 -0.132387
vn 0.183379 0.983000 -0.009165
vn 0.752778 0.483643 -0.446558
vn -0.087313 0.968696 0.232387
vn 0.134734 0.935073 -0.327850
vn 0.099365 0.993810 0.049679
vn 0.097042 0.986436 -0.132387
vn 0.752778 0.483643 -0.446558
vn 0.370015 0.247548 -0.895438
vn 0.097042 0.986436 -0.132387
vn 0.481863 -0.083118 -0.872296
vn 0.502621 0.861384 0.073412
vn -0.087313 0.968696 0.232387
vn 0.099365 0.993810 0.049679
vn 0.183379 0.983000 -0.009165
vn 0.412851 0.882963 -0.223453
vn 0.099365 0.993810 0.049679
vn 0.134734 0.935073 -0.327850
vn 0.782759 -0.406197 -0.471478
vn 0.893488 -0.368949 -0.256039
vn 0.703309 -0.710365 -0.027167
vn 0.979735 -0.121772 -0.159030
vn 0.893488 -0.368949 -0.256039
vn 0.752778 0.483643 -0.446558
vn 0.062525 0.997756 0.023958
vn 0.555606 0.677112 -0.482515
vn 0.605122 0.769663 0.203585
vn 0.925934 0.186062 -0.328675
vn 0.184669 0.982395 0.028236
vn 0.851151 -0.103605 -0.514594
vn -0.243196 -0.949823 0.196701
vn -0.185505 -0.967504 0.171827
vn -0.158861 -0.942786 0.293116
vn 0.837637 -0.541983 -0.067968
vn 0.298325 0.944554 -0.137184
vn 0.271194 0.940660 -0.203994
vn 0.166670 -0.802972 -0.572238
vn -0.068832 -0.995076 -0.071319
vn -0.045291 -0.998889 -0.013039
vn 0.101814 -0.992736 0.064101
vn -0.068832 -0.995076 -0.071319
vn 0.163415 -0.981721 -0.097573
vn 0.216915 -0.897062 0.385004
vn 0.266659 -0.881865 0.388854
vn 0.218225 -0.819458 0.529968
vn 0.006162 -0.992249 -0.124115
vn -0.151836 -0.964171 -0.217530
vn -0.210541 -0.972647 -0.098139
vn -0.019129 -0.999755 0.011104
vn 0.132616 -0.957919 0.254568
vn -0.210541 -0.972647 -0.098139
vn -0.151836 -0.964171 -0.217530
vn -0.294817 -0.945486 -0.138344
vn -0.096902 -0.905369 0.413421
vn 0.006162 -0.992249 -0.124115
vn -0.210541 -0.972647 -0.098139
vn 0.244139 -0.920696 0.304491
vn -0.114318 -0.983306 0.141568
vn -0.210541 -0.972647 -0.098139
vn -0.151836 -0.964171 -0.217530
vn -0.144834 -0.973128 -0.179013
vn -0.209924 -0.977143 -0.033526
vn -0.114318 -0.983306 0.141568
vn -0.210541 -0.972647 -0.098139
vn -0.114318 -0.983306 0.141568
vn -0.209924 -0.977143 -0.033526
vn -0.499117 -0.732537 -0.462895
vn -0.070295 -0.990432 -0.118755
vn -0.533753 -0.844614 0.041659
vn -0.070295 -0.990432 -0.118755
vn -0.499117 -0.732537 -0.462895
vn 0.102109 -0.854862 -0.508709
vn 0.216915 -0.897062 0.385004
vn 0.218225 -0.819458 0.529968
vn 0.111103 -0.753686 0.647776
vn -0.038859 -0.658449 0.751621
vn -0.101234 -0.838581 0.535288
vn 0.111103 -0.753686 0.647776
vn 0.006162 -0.992249 -0.124115
vn 0.244139 -0.920696 0.304491
vn 0.216915 -0.897062 0.385004
vn 0.006162 -0.992249 -0.124115
vn 0.019046 -0.996219 0.084760
vn -0.012145 -0.886349 -0.462858
vn 0.500041 0.672157 -0.546045
vn 0.706811 0.389543 0.590486
vn 0.481863 -0.083118 -0.872296
vn 0.763729 0.591913 0.257598
vn 0.706811 0.389543 0.590486
vn 0.679738 0.687941 0.254348
vn -0.078721 0.451885 -0.888596
vn 0.763729 0.591913 0.257598
vn 0.243563 0.103938 -0.964300
vn 0.706811 0.389543 0.590486
vn 0.763729 0.591913 0.257598
vn 0.946323 0.051163 0.319147
vn 0.982971 -0.066920 -0.171142
vn -0.158046 -0.667986 -0.727198
vn -0.749829 0.035445 -0.660681
vn 0.481863 -0.083118 -0.872296
vn -0.158046 -0.667986 -0.727198
vn 0.500041 0.672157 -0.546045
vn 0.750083 0.611653 -0.251508
vn 0.344938 -0.928897 -0.134788
vn 0.173332 -0.956813 -0.233378
vn 0.046069 0.996637 -0.067775
vn 0.838909 0.404408 -0.364261
vn 0.750083 0.611653 -0.251508
vn 0.030943 -0.868947 -0.493937
vn 0.025987 -0.997339 -0.068119
vn -0.181664 -0.541850 -0.820608
vn 0.376791 -0.076025 -0.923173
vn 0.030943 -0.868947 -0.493937
vn 0.668264 -0.294902 -0.682976
vn 0.313906 0.915509 -0.251609
vn 0.615038 0.366351 -0.698223
vn 0.730951 0.666587 -0.146190
vn 0.313906 0.915509 -0.251609
vn -0.378232 0.922491 0.077140
vn 0.318040 0.935830 0.151898
vn 0.020328 -0.988269 -0.151364
vn 0.173332 -0.956813 -0.233378
vn -0.106100 -0.967610 0.229073
vn 0.074731 -0.996072 0.047493
vn 0.200214 -0.979731 0.006436
vn 0.020328 -0.988269 -0.151364
vn -0.049469 -0.187296 -0.981057
vn -0.371532 -0.905696 -0.204153
vn 0.457871 -0.723998 -0.515928
vn 0.347984 -0.644416 0.680908
vn -0.371532 -0.905696 -0.204153
vn -0.177153 -0.157181 -0.971551
vn 0.288053 -0.887882 -0.358734
vn 0.347984 -0.644416 0.680908
vn -0.177153 -0.157181 -0.971551
vn 0.419004 -0.381071 0.824148
vn -0.046024 -0.607177 0.793233
vn 0.347984 -0.644416 0.680908
vn 0.749927 0.607687 0.261392
vn 0.616814 0.785396 0.051905
vn 0.730951 0.666587 -0.146190
vn 0.984510 -0.175331 -0.000043
vn 0.866273 0.249067 -0.433054
vn 0.749927 0.607687 0.261392
vn 0.616814 0.785396 0.051905
vn 0.275601 0.961206 0.011243
vn 0.730951 0.666587 -0.146190
vn 0.313906 0.915509 -0.251609
vn 0.730951 0.666587 -0.146190
vn 0.461755 0.834976 0.299329
vn 0.749927 0.607687 0.261392
vn 0.916344 0.398391 0.039989
vn 0.984510 -0.175331 -0.000043
vn 0.730951 0.666587 -0.146190
vn 0.615038 0.366351 -0.698223
vn 0.916344 0.398391 0.039989
vn -0.236126 0.970684 0.044910
vn -0.080248 0.983748 -0.160627
vn -0.185388 0.964521 0.187965
vn -0.060419 0.833459 0.549268
vn 0.285045 0.910215 0.300431
vn 0.023366 0.800347 0.599082
vn 0.786734 -0.579293 -0.213237
vn 0.939420 -0.318500 -0.126677
vn 0.194509 -0.979427 -0.053757
vn 0.722887 0.672794 -0.157425
vn 0.939420 -0.318500 -0.126677
vn 0.434057 0.884439 -0.171352
vn 0.900240 -0.277487 -0.335514
vn 0.405520 -0.866500 -0.291087
vn 0.222052 -0.917436 -0.330159
vn 0.405520 -0.866500 -0.291087
vn 0.900240 -0.277487 -0.335514
vn 0.250741 0.951416 0.178706
vn 0.103109 -0.984647 -0.140853
vn 0.198055 -0.980129 -0.011027
vn 0.006830 -0.999933 0.009359
vn 0.887799 -0.449717 -0.097811
vn 0.198055 -0.980129 -0.011027
vn 0.630025 -0.752755 -0.190861
vn 0.887799 -0.449717 -0.097811
vn 0.713239 0.663994 -0.224505
vn 0.866727 -0.494665 0.063961
vn -0.706058 0.708027 0.013421
vn 0.713239 0.663994 -0.224505
vn -0.495366 0.862306 -0.105076
vn -0.617961 0.371574 -0.692861
vn -0.741469 0.646727 -0.178796
vn -0.566199 0.585739 -0.579939
vn -0.468833 0.883261 -0.006767
vn -0.495366 0.862306 -0.105076
vn 0.109261 0.985875 -0.126932
vn -0.081017 -0.901026 -0.426132
vn -0.090276 -0.921465 -0.377827
vn 0.079452 -0.700983 -0.708739
vn 0.222052 -0.917436 -0.330159
vn -0.285071 -0.947332 -0.145935
vn 0.363180 -0.897670 -0.249579
vn 0.222052 -0.917436 -0.330159
vn 0.363180 -0.897670 -0.249579
vn 0.381560 0.913764 0.139454
vn -0.075807 -0.926510 -0.368555
vn 0.222052 -0.917436 -0.330159
vn 0.405520 -0.866500 -0.291087
vn 0.363180 -0.897670 -0.249579
vn 0.767580 -0.392661 -0.506595
vn 0.831548 0.496619 -0.248792
vn 0.130012 0.885682 0.445718
vn -0.044917 0.848480 0.527318
vn 0.151509 0.835827 0.527673
vn 0.222052 -0.917436 -0.330159
vn 0.381560 0.913764 0.139454
vn 0.900240 -0.277487 -0.335514
vn 0.381560 0.913764 0.139454
vn 0.250741 0.951416 0.178706
vn 0.900240 -0.277487 -0.335514
vn 0.207142 -0.869283 -0.448821
vn 0.053392 -0.902933 -0.426451
vn 0.068721 -0.926891 -0.368985
vn 0.103109 -0.984647 -0.140853
vn 0.053392 -0.902933 -0.426451
vn -0.075807 -0.926510 -0.368555
vn 0.164390 -0.816835 -0.552953
vn 0.015674 -0.784305 -0.620177
vn 0.255647 -0.659947 -0.706481
vn 0.207142 -0.869283 -0.448821
vn 0.164390 -0.816835 -0.552953
vn 0.079452 -0.700983 -0.708739
vn 0.722887 0.672794 -0.157425
vn 0.543422 0.821396 -0.173208
vn 0.875483 -0.433392 -0.213779
vn 0.043691 0.996351 0.073327
vn 0.543422 0.821396 -0.173208
vn -0.074822 0.995888 0.051078
vn 0.783994 -0.592707 0.184531
vn 0.372823 -0.924683 0.077232
vn 0.866727 -0.494665 0.063961
vn 0.123672 -0.990430 -0.061269
vn 0.372823 -0.924683 0.077232
vn 0.343033 -0.938493 0.039479
vn 0.800734 0.109251 0.588973
vn 0.742023 -0.174864 0.647166
vn 0.566499 -0.744547 0.353168
vn 0.175488 -0.979977 0.094069
vn 0.082564 -0.995006 -0.056100
vn 0.241015 -0.963573 -0.115926
vn 0.160241 -0.959590 -0.231320
vn 0.251831 -0.967231 -0.032328
vn 0.241015 -0.963573 -0.115926
vn 0.123672 -0.990430 -0.061269
vn 0.160241 -0.959590 -0.231320
vn 0.136656 -0.987718 0.075757
vn -0.007640 0.861597 -0.507535
vn -0.251615 0.711572 -0.656015
vn 0.543290 0.723557 -0.425795
vn -0.073055 0.969034 -0.235875
vn -0.296462 0.913208 -0.279573
vn -0.007640 0.861597 -0.507535
vn 0.548200 0.646596 0.530463
vn 0.011852 0.972857 0.231103
vn 0.943457 -0.263932 -0.200572
vn 0.364998 0.845687 0.389345
vn 0.763995 0.033071 0.644374
vn 0.742023 -0.174864 0.647166
vn 0.274947 0.924060 0.265552
vn 0.800734 0.109251 0.588973
vn 0.810530 -0.158832 0.563749
vn -0.127211 0.832643 -0.539002
vn -0.296462 0.913208 -0.279573
vn 0.274947 0.924060 0.265552
vn 0.810530 -0.158832 0.563749
vn 0.800734 0.109251 0.588973
vn 0.566499 -0.744547 0.353168
vn 0.701410 -0.639983 0.313761
vn 0.901040 0.237290 0.363070
vn 0.810530 -0.158832 0.563749
vn 0.317203 -0.946502 0.059298
vn 0.356389 -0.932895 0.051904
vn 0.493159 0.857875 0.144379
vn -0.022305 -0.979679 0.199327
vn 0.317203 -0.946502 0.059298
vn 0.572571 -0.717229 0.397171
vn 0.153998 -0.730180 0.665674
vn -0.022305 -0.979679 0.199327
vn 0.572571 -0.717229 0.397171
vn -0.105217 -0.942431 0.317416
vn 0.007515 -0.999898 0.012137
vn -0.022305 -0.979679 0.199327
vn 0.038295 -0.999140 -0.015883
vn 0.219054 -0.971837 -0.086881
vn 0.423404 -0.884870 -0.194252
vn -0.012053 -0.999925 -0.002279
vn -0.085064 -0.993294 -0.078298
vn 0.038295 -0.999140 -0.015883
vn 0.219054 -0.971837 -0.086881
vn 0.620024 -0.771901 -0.140497
vn 0.423404 -0.884870 -0.194252
vn 0.031630 0.936873 0.348237
vn 0.670320 0.611812 0.419948
vn 0.011852 0.972857 0.231103
vn 0.038295 -0.999140 -0.015883
vn 0.036450 -0.999165 -0.018447
vn -0.012053 -0.999925 -0.002279
vn 0.423404 -0.884870 -0.194252
vn 0.386524 -0.922237 -0.008851
vn 0.036450 -0.999165 -0.018447
vn 0.136656 -0.987718 0.075757
vn 0.064711 -0.980766 -0.184147
vn 0.097810 -0.992843 -0.068524
vn 0.031801 -0.979030 -0.201217
vn 0.064711 -0.980766 -0.184147
vn 0.085540 -0.993327 0.077357
vn 0.097898 -0.971762 -0.214695
vn 0.082564 -0.995006 -0.056100
vn 0.101619 -0.920108 -0.378252
vn 0.031801 -0.979030 -0.201217
vn -0.080964 -0.996304 0.028686
vn -0.274606 -0.961246 -0.024460
vn 0.386808 -0.827942 -0.406069
vn 0.721979 -0.149832 -0.675498
vn 0.536201 0.780395 -0.321671
vn 0.657088 -0.317338 -0.683763
vn 0.721979 -0.149832 -0.675498
vn 0.331572 -0.835670 -0.437854
vn 0.051446 -0.996416 -0.067142
vn -0.016069 -0.998525 -0.051871
vn 0.138856 -0.961885 -0.235578
vn 0.031353 -0.998947 -0.033504
vn 0.045359 -0.997582 -0.052654
vn 0.000381 -1.000000 -0.000099
vn 0.657088 -0.317338 -0.683763
vn 0.654794 0.341288 -0.674364
vn 0.319300 0.939285 -0.125664
vn 0.598869 0.011075 -0.800770
vn 0.654794 0.341288 -0.674364
vn 0.616761 -0.478619 -0.624924
vn 0.028918 -0.996472 -0.078781
vn -0.008657 -0.991167 -0.132338
vn 0.039404 -0.991077 -0.127331
vn 0.219381 -0.948924 -0.226750
vn 0.028918 -0.996472 -0.078781
vn -0.143325 -0.989670 -0.003351
vn 0.598869 0.011075 -0.800770
vn 0.616761 -0.478619 -0.624924
vn 0.219381 -0.948924 -0.226750
vn 0.598869 0.011075 -0.800770
vn 0.293809 -0.729327 -0.617866
vn 0.468582 0.070032 -0.880640
vn 0.000281 -1.000000 -0.000463
vn 0.000634 -1.000000 -0.000722
vn 0.000008 -1.000000 0.000028
vn 0.000281 -1.000000 -0.000463
vn -0.061247 -0.995979 0.065375
vn 0.000381 -1.000000 -0.000099
vn -0.227226 -0.963487 0.141635
vn -0.015062 -0.999584 0.024608
vn -0.215747 -0.952723 0.213943
vn 0.031353 -0.998947 -0.033504
vn 0.000381 -1.000000 -0.000099
vn -0.000319 -1.000000 -0.000877
vn -0.576465 -0.775745 0.256727
vn -0.623342 -0.694019 0.360253
vn -0.516568 -0.729885 0.447690
vn -0.010981 -0.999764 -0.018731
vn -0.016069 -0.998525 -0.051871
vn -0.000319 -1.000000 -0.000877
vn -0.015062 -0.999584 0.024608
vn -0.000319 -1.000000 -0.000877
vn 0.000381 -1.000000 -0.000099
vn -0.227226 -0.963487 0.141635
vn -0.161212 -0.984297 0.071898
vn -0.010981 -0.999764 -0.018731
vn -0.061247 -0.995979 0.065375
vn -0.354656 -0.891699 0.281234
vn -0.215747 -0.952723 0.213943
vn -0.015062 -0.999584 0.024608
vn -0.227226 -0.963487 0.141635
vn -0.010981 -0.999764 -0.018731
vn 0.342492 -0.922570 -0.177661
vn 0.442100 -0.812344 -0.380323
vn 0.738545 0.164425 -0.653846
vn 0.386808 -0.827942 -0.406069
vn 0.442100 -0.812344 -0.380323
vn 0.045359 -0.997582 -0.052654
vn -0.243562 0.968302 0.055396
vn 0.015403 0.997967 -0.061847
vn 0.175105 0.908298 -0.379912
vn 0.077196 0.988686 -0.128612
vn 0.559902 0.503000 -0.658408
vn 0.467736 0.623233 -0.626741
vn -0.204545 0.977485 -0.051813
vn -0.396636 0.917210 0.037503
vn -0.074822 0.995888 0.051078
vn -0.360078 0.928291 -0.092847
vn -0.253716 0.966781 0.031026
vn -0.396636 0.917210 0.037503
vn -0.130767 0.990687 -0.037945
vn -0.048484 0.998806 -0.005984
vn -0.253716 0.966781 0.031026
vn -0.223565 0.968570 0.109044
vn -0.353683 0.924543 0.141875
vn -0.253716 0.966781 0.031026
vn -0.071224 0.996428 0.045374
vn 0.112687 0.987318 -0.111822
vn 0.077196 0.988686 -0.128612
vn -0.365409 -0.918020 0.154000
vn -0.239538 -0.851966 0.465591
vn 0.087422 -0.995795 0.027386
vn 0.347781 0.346155 -0.871335
vn 0.412164 0.409329 -0.813984
vn 0.326647 -0.159086 -0.931662
vn 0.739502 -0.463744 -0.487933
vn 0.602099 0.363411 -0.710922
vn 0.754885 0.033351 -0.655009
vn 0.326647 -0.159086 -0.931662
vn 0.412164 0.409329 -0.813984
vn 0.260153 0.857112 -0.444611
vn 0.260153 0.857112 -0.444611
vn 0.412164 0.409329 -0.813984
vn 0.585537 0.043150 -0.809497
vn -0.073922 -0.680678 0.728843
vn -0.038859 -0.658449 0.751621
vn -0.054180 -0.786311 0.615450
vn -0.220268 -0.974429 -0.044377
vn -0.231001 -0.880756 0.413409
vn -0.163957 -0.749201 -0.641729
vn -0.486621 -0.848842 -0.206562
vn -0.220268 -0.974429 -0.044377
vn -0.163957 -0.749201 -0.641729
vn -0.107681 -0.742159 0.661517
vn -0.220268 -0.974429 -0.044377
vn -0.054180 -0.786311 0.615450
vn 0.247258 -0.894750 -0.371869
vn -0.204258 -0.963240 -0.174490
vn 0.034277 -0.919221 -0.392246
vn -0.054180 -0.786311 0.615450
vn -0.220268 -0.974429 -0.044377
vn -0.204258 -0.963240 -0.174490
vn 0.112687 0.987318 -0.111822
vn 0.642277 0.480847 -0.596880
vn 0.559902 0.503000 -0.658408
vn 0.055938 0.996569 -0.061001
vn 0.112687 0.987318 -0.111822
vn -0.048484 0.998806 -0.005984
vn -0.575765 -0.810409 0.108314
vn -0.399427 -0.754484 0.520780
vn -0.547255 -0.645578 0.532673
vn -0.547255 -0.645578 0.532673
vn -0.399427 -0.754484 0.520780
vn -0.624964 -0.714962 0.313447
vn -0.365409 -0.918020 0.154000
vn -0.325968 -0.943056 0.066260
vn -0.209139 -0.977796 -0.013225
vn 0.079452 -0.700983 -0.708739
vn 0.307158 -0.659999 -0.685606
vn -0.054206 -0.917866 -0.393171
vn 0.519548 -0.567780 -0.638510
vn 0.255647 -0.659947 -0.706481
vn 0.549006 -0.791375 -0.268920
vn 0.255647 -0.659947 -0.706481
vn 0.307158 -0.659999 -0.685606
vn 0.079452 -0.700983 -0.708739
vn -0.163957 -0.749201 -0.641729
vn -0.036707 -0.287600 -0.957047
vn -0.285147 -0.916329 -0.281128
vn -0.186417 -0.981225 -0.049457
vn -0.185505 -0.967504 0.171827
vn -0.140139 -0.513097 -0.846813
vn 0.934238 0.220953 -0.279962
vn 0.200238 -0.973950 -0.106422
vn 0.710096 0.692292 -0.128433
vn 0.710096 0.692292 -0.128433
vn 0.200238 -0.973950 -0.106422
vn 0.810993 -0.531216 -0.245153
vn 0.200238 -0.973950 -0.106422
vn -0.228134 -0.952526 0.201617
vn 0.810993 -0.531216 -0.245153
vn -0.206090 -0.937486 0.280442
vn -0.228134 -0.952526 0.201617
vn -0.238058 -0.921806 0.305946
vn 0.756216 0.152245 -0.636364
vn 0.263599 -0.957213 -0.119414
vn 0.082518 -0.980355 0.179150
vn 0.808458 -0.279575 -0.517912
vn 0.263599 -0.957213 -0.119414
vn 0.465211 0.805112 -0.367931
vn 0.323932 0.913383 -0.246577
vn 0.638569 0.608358 -0.471306
vn 0.167167 0.942950 -0.287926
vn 0.090124 0.965332 -0.244974
vn 0.298325 0.944554 -0.137184
vn 0.365251 0.917006 -0.160287
vn -0.533753 -0.844614 0.041659
vn -0.294817 -0.945486 -0.138344
vn -0.256517 -0.954019 -0.155073
vn -0.294817 -0.945486 -0.138344
vn -0.548153 -0.832210 -0.083403
vn -0.412676 -0.871713 -0.264226
vn -0.096902 -0.905369 0.413421
vn -0.294817 -0.945486 -0.138344
vn -0.533753 -0.844614 0.041659
vn -0.379621 -0.924175 0.042283
vn -0.412676 -0.871713 -0.264226
vn -0.515242 -0.855897 -0.044343
vn -0.604249 -0.712419 0.356851
vn -0.379621 -0.924175 0.042283
vn -0.617649 -0.725118 0.304489
vn -0.624964 -0.714962 0.313447
vn 0.458539 -0.876580 0.146113
vn 0.376048 -0.914132 0.151494
vn -0.445117 -0.895154 0.023889
vn -0.604249 -0.712419 0.356851
vn -0.617649 -0.725118 0.304489
vn -0.617649 -0.725118 0.304489
vn -0.094215 -0.896958 -0.431961
vn -0.445117 -0.895154 0.023889
vn -0.399427 -0.754484 0.520780
vn -0.604249 -0.712419 0.356851
vn -0.624964 -0.714962 0.313447
vn -0.445117 -0.895154 0.023889
vn -0.624964 -0.714962 0.313447
vn -0.604249 -0.712419 0.356851
vn -0.242381 -0.759027 -0.604260
vn -0.085064 -0.993294 -0.078298
vn -0.233046 -0.927688 -0.291693
vn 0.364607 -0.925748 -0.100261
vn -0.107343 -0.575675 -0.810602
vn -0.026464 -0.693775 -0.719705
vn -0.242381 -0.759027 -0.604260
vn -0.245719 -0.845884 -0.473394
vn 0.216391 -0.975653 0.035716
vn -0.042924 -0.974120 -0.221918
vn -0.242381 -0.759027 -0.604260
vn -0.107343 -0.575675 -0.810602
vn 0.340436 -0.702486 0.624994
vn 0.216391 -0.975653 0.035716
vn 0.311484 -0.657477 0.686077
vn -0.242381 -0.759027 -0.604260
vn 0.216391 -0.975653 0.035716
vn 0.162396 -0.817950 -0.551892
vn -0.058287 -0.572872 -0.817570
vn 0.382302 -0.915533 -0.125075
vn 0.638514 -0.424526 -0.641932
vn -0.097855 -0.212999 -0.972140
vn 0.382302 -0.915533 -0.125075
vn -0.172387 -0.160413 -0.971880
vn 0.123474 -0.068819 -0.989959
vn -0.058287 -0.572872 -0.817570
vn 0.254566 0.469156 -0.845629
vn 0.382302 -0.915533 -0.125075
vn -0.058287 -0.572872 -0.817570
vn -0.172387 -0.160413 -0.971880
vn -0.199026 -0.196807 -0.960029
vn -0.084895 -0.976004 -0.200521
vn -0.177994 -0.981021 0.076919
vn -0.058287 -0.572872 -0.817570
vn -0.199026 -0.196807 -0.960029
vn -0.172387 -0.160413 -0.971880
vn 0.382302 -0.915533 -0.125075
vn -0.097855 -0.212999 -0.972140
vn 0.162396 -0.817950 -0.551892
vn -0.172387 -0.160413 -0.971880
vn -0.199026 -0.196807 -0.960029
vn -0.026464 -0.693775 -0.719705
vn -0.143585 -0.989073 0.033451
vn 0.157789 -0.970931 0.179988
vn -0.177994 -0.981021 0.076919
vn 0.364607 -0.925748 -0.100261
vn -0.042924 -0.974120 -0.221918
vn -0.107343 -0.575675 -0.810602
vn 0.468582 0.070032 -0.880640
vn 0.123474 -0.068819 -0.989959
vn 0.334287 0.849417 -0.408342
vn -0.095778 -0.995352 -0.010023
vn 0.246839 -0.555489 -0.794042
vn 0.163624 -0.839846 -0.517576
vn 0.598869 0.011075 -0.800770
vn 0.468582 0.070032 -0.880640
vn 0.346262 0.919019 -0.188431
vn 0.246839 -0.555489 -0.794042
vn 0.468582 0.070032 -0.880640
vn 0.163624 -0.839846 -0.517576
vn -0.193131 -0.979039 0.064677
vn 0.009430 -0.962151 -0.272352
vn 0.549006 -0.791375 -0.268920
vn -0.365152 -0.793148 -0.487422
vn 0.009430 -0.962151 -0.272352
vn -0.431589 -0.889257 0.151503
vn -0.431589 -0.889257 0.151503
vn -0.302726 -0.837999 0.453999
vn -0.717913 -0.696102 -0.006659
vn -0.462066 -0.822656 0.331258
vn -0.326580 -0.936853 0.125112
vn -0.464063 -0.885752 0.009445
vn -0.365152 -0.793148 -0.487422
vn -0.578386 -0.451081 -0.679703
vn -0.077821 -0.996850 0.015275
vn -0.071049 -0.864191 -0.498122
vn -0.578386 -0.451081 -0.679703
vn -0.408217 -0.842415 -0.351704
vn 0.147107 -0.675030 0.722976
vn 0.184138 -0.780223 0.597784
vn 0.731294 -0.681966 -0.011438
vn 0.635320 -0.770015 0.058700
vn 0.731294 -0.681966 -0.011438
vn 0.574805 0.096301 -0.812604
vn -0.188181 -0.862244 -0.470237
vn -0.217924 -0.617901 -0.755452
vn -0.279172 -0.692313 -0.665406
vn -0.417196 -0.908815 -0.001925
vn -0.426193 -0.896677 -0.119706
vn -0.464063 -0.885752 0.009445
vn -0.485520 -0.185206 0.854382
vn -0.436848 -0.889295 -0.135348
vn -0.521227 -0.770032 0.367930
vn -0.462066 -0.822656 0.331258
vn -0.464063 -0.885752 0.009445
vn -0.340263 -0.903761 0.259686
vn -0.209534 -0.904030 0.372594
vn 0.104775 -0.986080 -0.129110
vn -0.154087 -0.770386 0.618678
vn -0.717913 -0.696102 -0.006659
vn -0.498779 -0.802756 0.326807
vn -0.034136 -0.986149 -0.162308
vn -0.418080 -0.892350 -0.170062
vn -0.340263 -0.903761 0.259686
vn -0.464063 -0.885752 0.009445
vn -0.340263 -0.903761 0.259686
vn -0.339841 -0.922940 -0.180805
vn -0.209534 -0.904030 0.372594
vn -0.127725 -0.781039 -0.611280
vn -0.394884 -0.708244 0.585198
vn 0.297746 -0.784074 -0.544587
vn -0.340263 -0.903761 0.259686
vn -0.418080 -0.892350 -0.170062
vn -0.339841 -0.922940 -0.180805
vn 0.031801 -0.979030 -0.201217
vn 0.149476 -0.981586 -0.118935
vn 0.222231 -0.941491 -0.253392
vn -0.193131 -0.979039 0.064677
vn 0.149476 -0.981586 -0.118935
vn -0.326580 -0.936853 0.125112
vn -0.578918 -0.210550 0.787732
vn -0.253284 -0.463118 0.849334
vn -0.215324 -0.838134 0.501165
vn -0.569201 -0.539890 0.620104
vn -0.253284 -0.463118 0.849334
vn -0.324906 -0.534240 0.780400
vn -0.541760 -0.784256 0.302387
vn -0.569201 -0.539890 0.620104
vn -0.494205 -0.624656 0.604621
vn -0.253284 -0.463118 0.849334
vn -0.569201 -0.539890 0.620104
vn -0.137164 -0.626627 0.767154
vn 0.213479 -0.904676 0.368767
vn -0.075970 -0.623066 0.778471
vn 0.266198 -0.948734 0.170420
vn -0.215324 -0.838134 0.501165
vn 0.172688 -0.772985 0.610469
vn -0.140571 -0.987849 0.066285
vn 0.068393 -0.609943 0.789488
vn 0.270502 -0.392836 0.878925
vn 0.044358 -0.674241 0.737178
vn 0.068393 -0.609943 0.789488
vn -0.248205 -0.538944 0.804943
vn -0.044558 -0.512350 0.857620
vn -0.253284 -0.463118 0.849334
vn 0.172688 -0.772985 0.610469
vn -0.215324 -0.838134 0.501165
vn 0.270502 -0.392836 0.878925
vn -0.137164 -0.626627 0.767154
vn 0.044358 -0.674241 0.737178
vn -0.044558 -0.512350 0.857620
vn 0.172688 -0.772985 0.610469
vn 0.270502 -0.392836 0.878925
vn -0.137164 -0.626627 0.767154
vn 0.270502 -0.392836 0.878925
vn 0.172688 -0.772985 0.610469
vn -0.077457 -0.988253 0.131747
vn 0.013672 -0.986766 -0.161572
vn -0.182774 -0.920934 -0.344201
vn -0.077457 -0.988253 0.131747
vn 0.299228 -0.869457 -0.393075
vn -0.154018 -0.988055 -0.005122
vn 0.638273 0.001822 -0.769808
vn 0.042116 0.990640 0.129838
vn 0.658831 0.573337 -0.487058
vn 0.299228 -0.869457 -0.393075
vn -0.106980 -0.979561 0.170342
vn -0.154018 -0.988055 -0.005122
vn -0.077457 -0.988253 0.131747
vn -0.262209 -0.955626 0.134258
vn 0.097894 -0.992738 -0.069920
vn -0.077457 -0.988253 0.131747
vn 0.396345 -0.545734 -0.738299
vn 0.299228 -0.869457 -0.393075
vn -0.262209 -0.955626 0.134258
vn -0.441463 -0.862520 0.247324
vn 0.097894 -0.992738 -0.069920
vn 0.143222 -0.331369 -0.932568
vn 0.739503 0.441923 0.507779
vn 0.561463 0.410744 -0.718365
vn 0.757286 0.141201 -0.637636
vn 0.396345 -0.545734 -0.738299
vn 0.086407 0.831345 -0.548998
vn 0.396345 -0.545734 -0.738299
vn 0.757286 0.141201 -0.637636
vn 0.299228 -0.869457 -0.393075
vn 0.097894 -0.992738 -0.069920
vn -0.441463 -0.862520 0.247324
vn -0.057864 -0.898710 0.434708
vn -0.541760 -0.784256 0.302387
vn -0.441463 -0.862520 0.247324
vn -0.262209 -0.955626 0.134258
vn 0.601144 0.516416 -0.609869
vn 0.546885 -0.165383 -0.820710
vn 0.449543 0.353839 -0.820188
vn 0.102109 -0.854862 -0.508709
vn 0.546885 -0.165383 -0.820710
vn 0.711592 0.380733 -0.590490
vn 0.388711 0.780081 -0.490284
vn 0.191307 0.843131 -0.502525
vn 0.468220 0.633414 -0.616082
vn 0.601144 0.516416 -0.609869
vn 0.702612 0.521485 -0.484139
vn -0.752681 0.617015 -0.229704
vn 0.638273 0.001822 -0.769808
vn 0.712914 0.190373 -0.674916
vn 0.696180 0.492348 -0.522424
vn -0.078721 0.451885 -0.888596
vn 0.946323 0.051163 0.319147
vn 0.763729 0.591913 0.257598
vn -0.379056 0.288398 -0.879286
vn -0.078721 0.451885 -0.888596
vn -0.191614 -0.143413 -0.970936
vn 0.333705 0.773951 -0.538183
vn -0.688428 0.674457 -0.266788
vn 0.163432 0.981408 -0.100642
vn -0.572023 0.171264 -0.802158
vn -0.280723 -0.763672 -0.581377
vn -0.630001 0.017754 -0.776391
vn -0.078721 0.451885 -0.888596
vn -0.572023 0.171264 -0.802158
vn -0.191614 -0.143413 -0.970936
vn -0.071049 -0.864191 -0.498122
vn -0.408217 -0.842415 -0.351704
vn -0.100432 -0.507810 -0.855595
vn 0.070491 -0.838288 0.540651
vn -0.071049 -0.864191 -0.498122
vn 0.351933 -0.915018 0.197191
vn 0.351933 -0.915018 0.197191
vn 0.342476 -0.597557 -0.725007
vn 0.336620 -0.653229 -0.678218
vn 0.336620 -0.653229 -0.678218
vn 0.342476 -0.597557 -0.725007
vn 0.004983 0.485148 -0.874418
vn -0.071049 -0.864191 -0.498122
vn 0.342476 -0.597557 -0.725007
vn 0.351933 -0.915018 0.197191
vn 0.574805 0.096301 -0.812604
vn -0.100432 -0.507810 -0.855595
vn 0.635320 -0.770015 0.058700
vn 0.213479 -0.904676 0.368767
vn 0.688154 -0.366952 -0.625932
vn 0.558064 0.241231 -0.793960
vn 0.004983 0.485148 -0.874418
vn 0.449543 0.353839 -0.820188
vn 0.336620 -0.653229 -0.678218
vn 0.447366 0.223396 -0.866001
vn 0.004983 0.485148 -0.874418
vn 0.342476 -0.597557 -0.725007
vn 0.004983 0.485148 -0.874418
vn 0.082851 0.737213 -0.670561
vn 0.191307 0.843131 -0.502525
vn -0.688428 0.674457 -0.266788
vn -0.719664 0.680501 -0.137849
vn -0.660911 0.697940 0.275818
vn 0.134734 0.935073 -0.327850
vn -0.087313 0.968696 0.232387
vn 0.712914 0.190373 -0.674916
vn 0.481863 -0.083118 -0.872296
vn 0.706811 0.389543 0.590486
vn 0.947626 -0.308416 0.082978
vn 0.502621 0.861384 0.073412
vn 0.843385 -0.191755 -0.501928
vn 0.712914 0.190373 -0.674916
vn 0.843385 -0.191755 -0.501928
vn 0.502621 0.861384 0.073412
vn 0.947626 -0.308416 0.082978
vn 0.481863 -0.083118 -0.872296
vn 0.947626 -0.308416 0.082978
vn 0.502621 0.861384 0.073412
vn 0.134734 0.935073 -0.327850
vn 0.712914 0.190373 -0.674916
vn 0.638273 0.001822 -0.769808
vn 0.412851 0.882963 -0.223453
vn 0.134734 0.935073 -0.327850
vn 0.599260 -0.412051 -0.686368
vn 0.696180 0.492348 -0.522424
vn 0.163432 0.981408 -0.100642
vn -0.405556 0.882608 0.237755
vn 0.658831 0.573337 -0.487058
vn 0.605122 0.769663 0.203585
vn 0.555606 0.677112 -0.482515
vn 0.412851 0.882963 -0.223453
vn 0.599260 -0.412051 -0.686368
vn 0.555606 0.677112 -0.482515
vn 0.630527 -0.754564 -0.181851
vn 0.099365 0.993810 0.049679
vn 0.412851 0.882963 -0.223453
vn 0.412851 0.882963 -0.223453
vn 0.908367 -0.411945 0.071905
vn 0.630527 -0.754564 -0.181851
vn 0.184669 0.982395 0.028236
vn 0.908367 -0.411945 0.071905
vn 0.302300 0.916243 -0.262894
vn 0.658831 0.573337 -0.487058
vn 0.599260 -0.412051 -0.686368
vn 0.638273 0.001822 -0.769808
vn 0.559660 0.708888 0.429253
vn 0.561463 0.410744 -0.718365
vn 0.739503 0.441923 0.507779
vn 0.925934 0.186062 -0.328675
vn -0.233636 -0.970473 0.059973
vn 0.413972 -0.878131 0.239818
vn 0.302300 0.916243 -0.262894
vn 0.555606 0.677112 -0.482515
vn 0.062525 0.997756 0.023958
vn -0.243196 -0.949823 0.196701
vn -0.263570 -0.713413 -0.649286
vn -0.185505 -0.967504 0.171827
vn -0.228134 -0.952526 0.201617
vn -0.243196 -0.949823 0.196701
vn -0.238058 -0.921806 0.305946
vn -0.121055 -0.895091 0.429137
vn -0.186417 -0.981225 -0.049457
vn -0.231001 -0.880756 0.413409
vn -0.158861 -0.942786 0.293116
vn -0.121055 -0.895091 0.429137
vn 0.021131 -0.950770 0.309175
vn 0.027751 -0.911445 0.410484
vn 0.132616 -0.957919 0.254568
vn -0.007323 -0.969950 0.243196
vn -0.210541 -0.972647 -0.098139
vn 0.132616 -0.957919 0.254568
vn 0.244139 -0.920696 0.304491
vn -0.209044 -0.962454 0.173158
vn 0.027751 -0.911445 0.410484
vn -0.007323 -0.969950 0.243196
vn 0.027751 -0.911445 0.410484
vn -0.190463 -0.943595 0.270835
vn 0.266659 -0.881865 0.388854
vn -0.144834 -0.973128 -0.179013
vn -0.070295 -0.990432 -0.118755
vn 0.399982 -0.850341 -0.341956
vn -0.533753 -0.844614 0.041659
vn -0.070295 -0.990432 -0.118755
vn -0.096902 -0.905369 0.413421
vn 0.046069 0.996637 -0.067775
vn -0.257118 0.914830 0.311410
vn 0.671253 0.732978 -0.110286
vn 0.682184 -0.716821 -0.144195
vn -0.185388 0.964521 0.187965
vn -0.080248 0.983748 -0.160627
vn 0.013898 0.977766 0.209240
vn 0.750083 0.611653 -0.251508
vn 0.574021 0.779280 0.251439
vn -0.185388 0.964521 0.187965
vn -0.257118 0.914830 0.311410
vn 0.014251 0.992723 0.119571
vn -0.257118 0.914830 0.311410
vn -0.185388 0.964521 0.187965
vn 0.671253 0.732978 -0.110286
vn -0.236126 0.970684 0.044910
vn 0.014251 0.992723 0.119571
vn 0.016804 0.996945 0.076284
vn 0.750083 0.611653 -0.251508
vn 0.838909 0.404408 -0.364261
vn 0.344938 -0.928897 -0.134788
vn 0.671253 0.732978 -0.110286
vn 0.838909 0.404408 -0.364261
vn 0.046069 0.996637 -0.067775
vn 0.632524 -0.334346 -0.698660
vn 0.376791 -0.076025 -0.923173
vn 0.668264 -0.294902 -0.682976
vn 0.376791 -0.076025 -0.923173
vn 0.371743 0.345573 -0.861618
vn 0.715551 -0.350474 -0.604280
vn 0.173332 -0.956813 -0.233378
vn 0.020328 -0.988269 -0.151364
vn 0.732068 -0.537199 -0.418920
vn -0.216850 -0.970665 0.103858
vn -0.106100 -0.967610 0.229073
vn 0.344938 -0.928897 -0.134788
vn -0.015806 0.961306 -0.275028
vn 0.281950 0.883081 -0.375062
vn -0.029711 0.828167 -0.559693
vn 0.275601 0.961206 0.011243
vn -0.286842 0.935008 0.208522
vn 0.461755 0.834976 0.299329
vn -0.285858 -0.084942 -0.954500
vn -0.434674 0.244299 -0.866820
vn -0.216886 0.826810 -0.518985
vn -0.304462 0.952524 0.000237
vn -0.286842 0.935008 0.208522
vn 0.275601 0.961206 0.011243
vn 0.281950 0.883081 -0.375062
vn -0.015806 0.961306 -0.275028
vn 0.616814 0.785396 0.051905
vn -0.015806 0.961306 -0.275028
vn -0.127168 0.975946 -0.177083
vn -0.304462 0.952524 0.000237
vn -0.127168 0.975946 -0.177083
vn -0.168673 0.985236 0.029326
vn -0.304462 0.952524 0.000237
vn -0.304462 0.952524 0.000237
vn -0.168673 0.985236 0.029326
vn -0.226348 0.955601 0.188662
vn -0.168673 0.985236 0.029326
vn -0.127168 0.975946 -0.177083
vn -0.216886 0.826810 -0.518985
vn -0.169447 0.985204 0.025697
vn -0.119659 0.986303 0.113524
vn -0.226348 0.955601 0.188662
vn -0.216886 0.826810 -0.518985
vn -0.127168 0.975946 -0.177083
vn -0.029711 0.828167 -0.559693
vn -0.289382 0.900115 -0.325655
vn -0.216886 0.826810 -0.518985
vn -0.434674 0.244299 -0.866820
vn -0.226348 0.955601 0.188662
vn 0.074645 0.974513 0.211546
vn -0.396264 0.890648 0.222982
vn 0.021841 0.931620 0.362778
vn 0.184471 0.960312 -0.209217
vn 0.222199 0.916227 -0.333399
vn -0.080248 0.983748 -0.160627
vn -0.426638 0.895026 -0.130030
vn 0.434057 0.884439 -0.171352
vn -0.284772 0.956364 -0.065368
vn -0.083750 0.996486 0.001079
vn -0.360078 0.928291 -0.092847
vn -0.253716 0.966781 0.031026
vn -0.360078 0.928291 -0.092847
vn -0.130767 0.990687 -0.037945
vn -0.204545 0.977485 -0.051813
vn -0.426638 0.895026 -0.130030
vn -0.360078 0.928291 -0.092847
vn 0.405520 -0.866500 -0.291087
vn 0.919470 0.014128 -0.392907
vn 0.630025 -0.752755 -0.190861
vn 0.250741 0.951416 0.178706
vn -0.450459 0.835045 0.315891
vn -0.540152 0.802688 0.252841
vn -0.146027 0.986528 0.073747
vn 0.150412 0.986325 -0.067369
vn -0.468833 0.883261 -0.006767
vn 0.109261 0.985875 -0.126932
vn 0.919470 0.014128 -0.392907
vn -0.540152 0.802688 0.252841
vn 0.184471 0.960312 -0.209217
vn 0.054898 0.998474 -0.005933
vn 0.150412 0.986325 -0.067369
vn -0.226348 0.955601 0.188662
vn -0.119659 0.986303 0.113524
vn 0.074645 0.974513 0.211546
vn -0.146027 0.986528 0.073747
vn -0.468833 0.883261 -0.006767
vn -0.540152 0.802688 0.252841
vn -0.468833 0.883261 -0.006767
vn 0.150412 0.986325 -0.067369
vn -0.318667 0.947443 0.028353
vn -0.293927 0.903051 -0.313217
vn -0.741469 0.646727 -0.178796
vn -0.617961 0.371574 -0.692861
vn -0.499263 0.864500 -0.058099
vn -0.566199 0.585739 -0.579939
vn -0.741469 0.646727 -0.178796
vn 0.701410 -0.639983 0.313761
vn 0.810530 -0.158832 0.563749
vn 0.566499 -0.744547 0.353168
vn 0.241015 -0.963573 -0.115926
vn 0.234539 -0.968189 0.087185
vn 0.175488 -0.979977 0.094069
vn 0.800734 0.109251 0.588973
vn 0.329893 0.853836 0.402660
vn 0.742023 -0.174864 0.647166
vn 0.234539 -0.968189 0.087185
vn 0.287474 -0.938934 0.189106
vn 0.098767 -0.967357 0.233378
vn -0.084963 0.994958 -0.053285
vn 0.031630 0.936873 0.348237
vn 0.364998 0.845687 0.389345
vn -0.049533 -0.921960 0.384104
vn -0.204421 -0.915089 0.347598
vn -0.205348 -0.850207 0.484748
vn 0.322362 -0.937903 0.128146
vn 0.566499 -0.744547 0.353168
vn 0.287474 -0.938934 0.189106
vn 0.421476 -0.847336 0.323079
vn 0.566499 -0.744547 0.353168
vn 0.742023 -0.174864 0.647166
vn 0.251831 -0.967231 -0.032328
vn 0.123672 -0.990430 -0.061269
vn 0.343033 -0.938493 0.039479
vn 0.251831 -0.967231 -0.032328
vn 0.322362 -0.937903 0.128146
vn 0.234539 -0.968189 0.087185
vn -0.084963 0.994958 -0.053285
vn -0.073055 0.969034 -0.235875
vn 0.493159 0.857875 0.144379
vn 0.329893 0.853836 0.402660
vn -0.090444 0.993330 -0.071519
vn 0.364998 0.845687 0.389345
vn 0.670320 0.611812 0.419948
vn -0.084963 0.994958 -0.053285
vn 0.493159 0.857875 0.144379
vn 0.581536 -0.785552 -0.211479
vn 0.943457 -0.263932 -0.200572
vn 0.423404 -0.884870 -0.194252
vn 0.742023 -0.174864 0.647166
vn 0.329893 0.853836 0.402660
vn 0.364998 0.845687 0.389345
vn 0.274947 0.924060 0.265552
vn 0.329893 0.853836 0.402660
vn 0.800734 0.109251 0.588973
vn 0.364607 -0.925748 -0.100261
vn 0.620024 -0.771901 -0.140497
vn 0.219054 -0.971837 -0.086881
vn -0.148885 -0.976227 -0.157523
vn 0.548200 0.646596 0.530463
vn 0.581536 -0.785552 -0.211479
vn -0.042924 -0.974120 -0.221918
vn 0.364607 -0.925748 -0.100261
vn 0.219054 -0.971837 -0.086881
vn 0.157789 -0.970931 0.179988
vn 0.364607 -0.925748 -0.100261
vn -0.026464 -0.693775 -0.719705
vn -0.177994 -0.981021 0.076919
vn 0.157789 -0.970931 0.179988
vn -0.026464 -0.693775 -0.719705
vn -0.148885 -0.976227 -0.157523
vn 0.620024 -0.771901 -0.140497
vn 0.157789 -0.970931 0.179988
vn -0.199026 -0.196807 -0.960029
vn -0.177994 -0.981021 0.076919
vn -0.026464 -0.693775 -0.719705
vn -0.095778 -0.995352 -0.010023
vn -0.084895 -0.976004 -0.200521
vn 0.246839 -0.555489 -0.794042
vn -0.280176 -0.945437 0.166283
vn -0.040220 -0.986489 0.158815
vn 0.448097 -0.617820 0.646148
vn 0.157789 -0.970931 0.179988
vn -0.143585 -0.989073 0.033451
vn -0.148885 -0.976227 -0.157523
vn 0.151870 -0.901135 -0.406068
vn 0.126453 -0.989518 -0.069735
vn 0.160241 -0.959590 -0.231320
vn 0.082564 -0.995006 -0.056100
vn 0.097898 -0.971762 -0.214695
vn 0.151870 -0.901135 -0.406068
vn -0.332279 -0.823854 0.459190
vn -0.622570 -0.706710 0.336106
vn -0.676111 -0.533331 0.508362
vn -0.521227 -0.770032 0.367930
vn -0.188181 -0.862244 -0.470237
vn -0.460930 -0.638969 0.615843
vn -0.417196 -0.908815 -0.001925
vn -0.274606 -0.961246 -0.024460
vn -0.388458 -0.857765 -0.336659
vn -0.274606 -0.961246 -0.024460
vn -0.080964 -0.996304 0.028686
vn -0.101802 -0.923275 -0.370404
vn 0.085540 -0.993327 0.077357
vn 0.097898 -0.971762 -0.214695
vn -0.080964 -0.996304 0.028686
vn 0.097898 -0.971762 -0.214695
vn 0.101619 -0.920108 -0.378252
vn -0.101802 -0.923275 -0.370404
vn -0.008657 -0.991167 -0.132338
vn 0.000897 -0.998451 -0.055623
vn 0.039404 -0.991077 -0.127331
vn 0.138856 -0.961885 -0.235578
vn -0.008657 -0.991167 -0.132338
vn 0.211004 -0.918752 -0.333723
vn 0.051446 -0.996416 -0.067142
vn 0.138856 -0.961885 -0.235578
vn 0.331572 -0.835670 -0.437854
vn -0.008657 -0.991167 -0.132338
vn 0.138856 -0.961885 -0.235578
vn -0.016069 -0.998525 -0.051871
vn 0.386808 -0.827942 -0.406069
vn 0.051446 -0.996416 -0.067142
vn 0.331572 -0.835670 -0.437854
vn -0.000319 -1.000000 -0.000877
vn 0.051446 -0.996416 -0.067142
vn 0.031353 -0.998947 -0.033504
vn -0.008657 -0.991167 -0.132338
vn 0.211681 -0.950738 -0.226470
vn 0.211004 -0.918752 -0.333723
vn 0.219381 -0.948924 -0.226750
vn 0.211681 -0.950738 -0.226470
vn 0.028918 -0.996472 -0.078781
vn 0.219381 -0.948924 -0.226750
vn -0.008335 -0.999626 -0.026043
vn 0.293809 -0.729327 -0.617866
vn 0.211681 -0.950738 -0.226470
vn 0.219381 -0.948924 -0.226750
vn 0.616761 -0.478619 -0.624924
vn 0.293809 -0.729327 -0.617866
vn -0.008335 -0.999626 -0.026043
vn -0.106139 -0.993916 -0.029405
vn 0.468582 0.070032 -0.880640
vn 0.293809 -0.729327 -0.617866
vn 0.163624 -0.839846 -0.517576
vn -0.074822 0.995888 0.051078
vn -0.396636 0.917210 0.037503
vn -0.353683 0.924543 0.141875
vn -0.360078 0.928291 -0.092847
vn -0.396636 0.917210 0.037503
vn -0.204545 0.977485 -0.051813
vn 0.077196 0.988686 -0.128612
vn 0.467736 0.623233 -0.626741
vn 0.015403 0.997967 -0.061847
vn 0.642277 0.480847 -0.596880
vn 0.170441 -0.933432 -0.315682
vn 0.559902 0.503000 -0.658408
vn -0.071224 0.996428 0.045374
vn -0.223565 0.968570 0.109044
vn -0.253716 0.966781 0.031026
vn 0.112687 0.987318 -0.111822
vn 0.559902 0.503000 -0.658408
vn 0.077196 0.988686 -0.128612
vn -0.083750 0.996486 0.001079
vn 0.001770 0.999999 -0.000123
vn -0.003753 0.999992 -0.001049
vn -0.048484 0.998806 -0.005984
vn -0.130767 0.990687 -0.037945
vn -0.003753 0.999992 -0.001049
vn -0.253716 0.966781 0.031026
vn -0.048484 0.998806 -0.005984
vn -0.071224 0.996428 0.045374
vn 0.112687 0.987318 -0.111822
vn -0.071224 0.996428 0.045374
vn -0.048484 0.998806 -0.005984
vn 0.363180 -0.897670 -0.249579
vn 0.831548 0.496619 -0.248792
vn 0.381560 0.913764 0.139454
vn 0.112687 0.987318 -0.111822
vn 0.055938 0.996569 -0.061001
vn 0.642277 0.480847 -0.596880
vn -0.130767 0.990687 -0.037945
vn -0.360078 0.928291 -0.092847
vn -0.083750 0.996486 0.001079
vn -0.003753 0.999992 -0.001049
vn 0.027264 0.999619 -0.004327
vn 0.025379 0.999601 0.012426
vn -0.085180 0.972993 0.214545
vn 0.016804 0.996945 0.076284
vn 0.285045 0.910215 0.300431
vn 0.027264 0.999619 -0.004327
vn 0.006158 0.998225 0.059245
vn 0.085862 0.995536 0.039181
vn 0.790798 -0.174442 -0.586693
vn 0.087422 -0.995795 0.027386
vn 0.503966 0.803449 -0.316999
vn -0.285071 -0.947332 -0.145935
vn -0.384352 -0.921657 -0.053131
vn 0.363180 -0.897670 -0.249579
vn -0.083750 0.996486 0.001079
vn -0.003753 0.999992 -0.001049
vn -0.130767 0.990687 -0.037945
vn 0.006158 0.998225 0.059245
vn 0.001770 0.999999 -0.000123
vn -0.056654 0.997780 0.035010
vn -0.003753 0.999992 -0.001049
vn 0.055938 0.996569 -0.061001
vn -0.048484 0.998806 -0.005984
vn 0.503966 0.803449 -0.316999
vn 0.817113 -0.298456 -0.493204
vn 0.642277 0.480847 -0.596880
vn 0.025379 0.999601 0.012426
vn 0.027264 0.999619 -0.004327
vn 0.229334 0.968584 -0.096183
vn 0.055938 0.996569 -0.061001
vn 0.025379 0.999601 0.012426
vn 0.503966 0.803449 -0.316999
vn 0.260153 0.857112 -0.444611
vn 0.585537 0.043150 -0.809497
vn 0.381513 0.920844 -0.080591
vn 0.200848 -0.978828 0.039453
vn 0.585537 0.043150 -0.809497
vn 0.412164 0.409329 -0.813984
vn 0.585537 0.043150 -0.809497
vn 0.200848 -0.978828 0.039453
vn 0.247258 -0.894750 -0.371869
vn 0.602099 0.363411 -0.710922
vn 0.739502 -0.463744 -0.487933
vn 0.412164 0.409329 -0.813984
vn -0.364293 -0.758174 0.540798
vn -0.190038 -0.840090 0.508070
vn 0.161680 -0.973090 0.164181
vn -0.152577 -0.722472 0.674355
vn 0.200848 -0.978828 0.039453
vn -0.190038 -0.840090 0.508070
vn -0.073922 -0.680678 0.728843
vn -0.035420 -0.866360 0.498162
vn -0.152577 -0.722472 0.674355
vn -0.204258 -0.963240 -0.174490
vn -0.035420 -0.866360 0.498162
vn -0.054180 -0.786311 0.615450
vn 0.170441 -0.933432 -0.315682
vn 0.087150 -0.994368 -0.060313
vn 0.181892 -0.952413 -0.244591
vn 0.087150 -0.994368 -0.060313
vn -0.130253 -0.985372 -0.109896
vn 0.229333 -0.973041 -0.024461
vn 0.458539 -0.876580 0.146113
vn 0.025148 -0.997932 0.059164
vn 0.692170 -0.691829 0.205604
vn 0.337487 -0.717094 0.609819
vn -0.547255 -0.645578 0.532673
vn 0.376048 -0.914132 0.151494
vn 0.688347 -0.721520 0.074747
vn 0.692170 -0.691829 0.205604
vn 0.598469 -0.786044 0.154821
vn 0.648575 -0.748945 -0.135763
vn 0.506478 -0.763596 -0.400500
vn 0.134219 -0.644151 -0.753031
vn -0.054206 -0.917866 -0.393171
vn 0.076959 -0.996765 0.023166
vn -0.209139 -0.977796 -0.013225
vn 0.079452 -0.700983 -0.708739
vn -0.054206 -0.917866 -0.393171
vn -0.081017 -0.901026 -0.426132
vn -0.098679 -0.903964 0.416068
vn -0.239538 -0.851966 0.465591
vn -0.028601 -0.999160 0.029350
vn 0.790798 -0.174442 -0.586693
vn 0.503966 0.803449 -0.316999
vn 0.229334 0.968584 -0.096183
vn -0.090276 -0.921465 -0.377827
vn -0.384352 -0.921657 -0.053131
vn -0.285071 -0.947332 -0.145935
vn -0.211142 -0.966374 -0.146770
vn -0.325968 -0.943056 0.066260
vn 0.790798 -0.174442 -0.586693
vn 0.236678 -0.970595 0.043929
vn -0.098679 -0.903964 0.416068
vn -0.028601 -0.999160 0.029350
vn -0.325968 -0.943056 0.066260
vn -0.211142 -0.966374 -0.146770
vn -0.422933 -0.905139 -0.043032
vn -0.098679 -0.903964 0.416068
vn 0.195311 -0.884776 0.423113
vn -0.135558 -0.898342 0.417859
vn -0.239538 -0.851966 0.465591
vn -0.133690 -0.987513 0.083339
vn 0.087422 -0.995795 0.027386
vn -0.054206 -0.917866 -0.393171
vn -0.209139 -0.977796 -0.013225
vn -0.081017 -0.901026 -0.426132
vn -0.209139 -0.977796 -0.013225
vn -0.325968 -0.943056 0.066260
vn -0.422933 -0.905139 -0.043032
vn -0.028601 -0.999160 0.029350
vn -0.209139 -0.977796 -0.013225
vn 0.076959 -0.996765 0.023166
vn -0.133690 -0.987513 0.083339
vn -0.239538 -0.851966 0.465591
vn -0.135558 -0.898342 0.417859
vn 0.503966 0.803449 -0.316999
vn 0.025379 0.999601 0.012426
vn 0.229334 0.968584 -0.096183
vn -0.325968 -0.943056 0.066260
vn -0.365409 -0.918020 0.154000
vn 0.087422 -0.995795 0.027386
vn 0.012350 0.945497 0.325397
vn 0.161239 0.946272 0.280304
vn 0.085862 0.995536 0.039181
vn 0.363180 -0.897670 -0.249579
vn -0.384352 -0.921657 -0.053131
vn -0.211142 -0.966374 -0.146770
vn -0.090276 -0.921465 -0.377827
vn -0.422933 -0.905139 -0.043032
vn -0.384352 -0.921657 -0.053131
vn -0.209139 -0.977796 -0.013225
vn -0.422933 -0.905139 -0.043032
vn -0.081017 -0.901026 -0.426132
vn -0.211142 -0.966374 -0.146770
vn -0.384352 -0.921657 -0.053131
vn -0.422933 -0.905139 -0.043032
vn 0.790798 -0.174442 -0.586693
vn 0.468682 0.868115 -0.163445
vn 0.767580 -0.392661 -0.506595
vn 0.790798 -0.174442 -0.586693
vn -0.325968 -0.943056 0.066260
vn 0.087422 -0.995795 0.027386
vn 0.363180 -0.897670 -0.249579
vn -0.211142 -0.966374 -0.146770
vn 0.767580 -0.392661 -0.506595
vn 0.294330 -0.955701 0.002320
vn 0.155006 -0.983814 -0.089905
vn 0.506478 -0.763596 -0.400500
vn -0.054206 -0.917866 -0.393171
vn 0.155006 -0.983814 -0.089905
vn 0.076959 -0.996765 0.023166
vn 0.756216 0.152245 -0.636364
vn 0.323932 0.913383 -0.246577
vn 0.167167 0.942950 -0.287926
vn 0.710096 0.692292 -0.128433
vn 0.323932 0.913383 -0.246577
vn 0.715333 0.542299 -0.440693
vn -0.228134 -0.952526 0.201617
vn 0.200238 -0.973950 -0.106422
vn -0.257008 -0.907484 -0.332295
vn 0.837637 -0.541983 -0.067968
vn 0.638569 0.608358 -0.471306
vn 0.040006 -0.930704 0.363580
vn 0.271194 0.940660 -0.203994
vn 0.167167 0.942950 -0.287926
vn 0.638569 0.608358 -0.471306
vn 0.294996 0.895023 -0.334531
vn 0.271194 0.940660 -0.203994
vn 0.298325 0.944554 -0.137184
vn 0.040006 -0.930704 0.363580
vn 0.638569 0.608358 -0.471306
vn 0.810993 -0.531216 -0.245153
vn 0.837637 -0.541983 -0.067968
vn -0.206090 -0.937486 0.280442
vn -0.209044 -0.962454 0.173158
vn 0.635320 -0.770015 0.058700
vn -0.389198 -0.837502 0.383556
vn -0.034136 -0.986149 -0.162308
vn -0.234025 -0.790092 0.566557
vn -0.717913 -0.696102 -0.006659
vn -0.389198 -0.837502 0.383556
vn -0.193131 -0.979039 0.064677
vn -0.302726 -0.837999 0.453999
vn -0.431589 -0.889257 0.151503
vn -0.340263 -0.903761 0.259686
vn -0.302726 -0.837999 0.453999
vn -0.462066 -0.822656 0.331258
vn -0.108643 -0.687545 0.717969
vn -0.233696 -0.476756 0.847402
vn 0.048284 -0.896403 0.440602
vn 0.574805 0.096301 -0.812604
vn 0.832624 -0.323195 -0.449758
vn 0.447366 0.223396 -0.866001
vn -0.071049 -0.864191 -0.498122
vn -0.100432 -0.507810 -0.855595
vn 0.447366 0.223396 -0.866001
vn -0.408217 -0.842415 -0.351704
vn 0.635320 -0.770015 0.058700
vn -0.100432 -0.507810 -0.855595
vn 0.104775 -0.986080 -0.129110
vn -0.209534 -0.904030 0.372594
vn -0.339841 -0.922940 -0.180805
vn 0.147107 -0.675030 0.722976
vn -0.209534 -0.904030 0.372594
vn -0.154087 -0.770386 0.618678
vn 0.882673 0.447967 0.142178
vn -0.057864 -0.898710 0.434708
vn -0.016359 -0.999793 0.012080
vn -0.077457 -0.988253 0.131747
vn 0.097894 -0.992738 -0.069920
vn 0.013672 -0.986766 -0.161572
vn 0.143222 -0.331369 -0.932568
vn 0.882673 0.447967 0.142178
vn 0.739503 0.441923 0.507779
vn 0.097894 -0.992738 -0.069920
vn 0.882673 0.447967 0.142178
vn 0.013672 -0.986766 -0.161572
vn 0.143222 -0.331369 -0.932568
vn 0.561463 0.410744 -0.718365
vn 0.101997 -0.059122 -0.993026
vn 0.882673 0.447967 0.142178
vn 0.143222 -0.331369 -0.932568
vn 0.013672 -0.986766 -0.161572
vn -0.752681 0.617015 -0.229704
vn -0.379056 0.288398 -0.879286
vn 0.174979 -0.269549 -0.946956
vn -0.078721 0.451885 -0.888596
vn -0.379056 0.288398 -0.879286
vn -0.688428 0.674457 -0.266788
vn 0.502621 0.861384 0.073412
vn 0.712914 0.190373 -0.674916
vn -0.087313 0.968696 0.232387
vn 0.696180 0.492348 -0.522424
vn 0.712914 0.190373 -0.674916
vn 0.843385 -0.191755 -0.501928
vn 0.757286 0.141201 -0.637636
vn 0.047068 0.989842 -0.134151
vn 0.714583 0.344643 -0.608763
vn 0.086407 0.831345 -0.548998
vn 0.396345 -0.545734 -0.738299
vn 0.101997 -0.059122 -0.993026
vn 0.412851 0.882963 -0.223453
vn 0.555606 0.677112 -0.482515
vn 0.302300 0.916243 -0.262894
vn 0.658831 0.573337 -0.487058
vn 0.555606 0.677112 -0.482515
vn 0.599260 -0.412051 -0.686368
vn 0.638273 0.001822 -0.769808
vn 0.696180 0.492348 -0.522424
vn 0.042116 0.990640 0.129838
vn 0.605122 0.769663 0.203585
vn 0.658831 0.573337 -0.487058
vn 0.093280 0.995537 -0.014322
vn 0.086407 0.831345 -0.548998
vn 0.042116 0.990640 0.129838
vn -0.405556 0.882608 0.237755
vn 0.605122 0.769663 0.203585
vn 0.093280 0.995537 -0.014322
vn 0.561463 0.410744 -0.718365
vn 0.047068 0.989842 -0.134151
vn 0.086407 0.831345 -0.548998
vn -0.405556 0.882608 0.237755
vn -0.182774 -0.920934 -0.344201
vn 0.101997 -0.059122 -0.993026
vn 0.396345 -0.545734 -0.738299
vn 0.658831 0.573337 -0.487058
vn 0.042116 0.990640 0.129838
vn 0.093280 0.995537 -0.014322
vn 0.086407 0.831345 -0.548998
vn 0.093280 0.995537 -0.014322
vn 0.042116 0.990640 0.129838
vn 0.561463 0.410744 -0.718365
vn 0.093280 0.995537 -0.014322
vn 0.101997 -0.059122 -0.993026
vn 0.086407 0.831345 -0.548998
vn 0.101997 -0.059122 -0.993026
vn 0.093280 0.995537 -0.014322
vn -0.077457 -0.988253 0.131747
vn -0.182774 -0.920934 -0.344201
vn 0.396345 -0.545734 -0.738299
vn 0.143222 -0.331369 -0.932568
vn -0.182774 -0.920934 -0.344201
vn 0.013672 -0.986766 -0.161572
vn 0.729353 -0.487972 -0.479508
vn 0.720204 0.620394 0.310512
vn 0.739503 0.441923 0.507779
vn 0.720204 0.620394 0.310512
vn 0.851151 -0.103605 -0.514594
vn 0.062525 0.997756 0.023958
vn 0.605122 0.769663 0.203585
vn 0.559660 0.708888 0.429253
vn 0.062525 0.997756 0.023958
vn 0.062525 0.997756 0.023958
vn 0.559660 0.708888 0.429253
vn 0.720204 0.620394 0.310512
vn 0.739503 0.441923 0.507779
vn 0.720204 0.620394 0.310512
vn 0.559660 0.708888 0.429253
vn 0.851151 -0.103605 -0.514594
vn 0.720204 0.620394 0.310512
vn 0.729353 -0.487972 -0.479508
vn 0.908367 -0.411945 0.071905
vn 0.413972 -0.878131 0.239818
vn -0.004642 -0.937173 0.348835
vn 0.925934 0.186062 -0.328675
vn 0.413972 -0.878131 0.239818
vn 0.184669 0.982395 0.028236
vn -0.140139 -0.513097 -0.846813
vn -0.263570 -0.713413 -0.649286
vn -0.136362 -0.335134 -0.932250
vn -0.121055 -0.895091 0.429137
vn -0.185505 -0.967504 0.171827
vn -0.186417 -0.981225 -0.049457
vn -0.231001 -0.880756 0.413409
vn -0.016266 -0.790352 0.612437
vn -0.121055 -0.895091 0.429137
vn -0.016266 -0.790352 0.612437
vn 0.218225 -0.819458 0.529968
vn 0.021131 -0.950770 0.309175
vn -0.231001 -0.880756 0.413409
vn -0.220268 -0.974429 -0.044377
vn -0.107681 -0.742159 0.661517
vn 0.218225 -0.819458 0.529968
vn -0.016266 -0.790352 0.612437
vn 0.111103 -0.753686 0.647776
vn -0.054180 -0.786311 0.615450
vn -0.035420 -0.866360 0.498162
vn -0.073922 -0.680678 0.728843
vn -0.262211 -0.950282 -0.167957
vn -0.237672 -0.877770 0.415971
vn -0.235183 -0.956113 0.174747
vn 0.111103 -0.753686 0.647776
vn -0.061821 -0.942200 0.329297
vn 0.216915 -0.897062 0.385004
vn -0.190463 -0.943595 0.270835
vn -0.376756 -0.912053 0.161906
vn -0.119959 -0.956282 0.266709
vn -0.016266 -0.790352 0.612437
vn 0.021131 -0.950770 0.309175
vn -0.121055 -0.895091 0.429137
vn 0.021131 -0.950770 0.309175
vn 0.218225 -0.819458 0.529968
vn -0.119959 -0.956282 0.266709
vn 0.173332 -0.956813 -0.233378
vn 0.732068 -0.537199 -0.418920
vn 0.750083 0.611653 -0.251508
vn 0.344938 -0.928897 -0.134788
vn -0.106100 -0.967610 0.229073
vn 0.173332 -0.956813 -0.233378
vn 0.715551 -0.350474 -0.604280
vn 0.605976 0.789208 -0.099715
vn 0.732068 -0.537199 -0.418920
vn 0.750083 0.611653 -0.251508
vn 0.732068 -0.537199 -0.418920
vn 0.605976 0.789208 -0.099715
vn 0.514845 0.857262 0.006035
vn 0.937620 0.326133 0.120442
vn 0.276629 0.917760 0.284944
vn 0.605976 0.789208 -0.099715
vn 0.715551 -0.350474 -0.604280
vn 0.514845 0.857262 0.006035
vn 0.730951 0.666587 -0.146190
vn 0.275601 0.961206 0.011243
vn 0.461755 0.834976 0.299329
vn 0.276629 0.917760 0.284944
vn 0.937620 0.326133 0.120442
vn 0.318040 0.935830 0.151898
vn -0.286842 0.935008 0.208522
vn -0.396264 0.890648 0.222982
vn -0.242696 0.870038 0.429106
vn 0.313906 0.915509 -0.251609
vn 0.461755 0.834976 0.299329
vn 0.016727 0.821997 0.569246
vn -0.468833 0.883261 -0.006767
vn -0.318667 0.947443 0.028353
vn -0.495366 0.862306 -0.105076
vn -0.318667 0.947443 0.028353
vn 0.150412 0.986325 -0.067369
vn 0.074645 0.974513 0.211546
vn -0.146027 0.986528 0.073747
vn 0.184471 0.960312 -0.209217
vn 0.150412 0.986325 -0.067369
vn -0.226348 0.955601 0.188662
vn -0.286842 0.935008 0.208522
vn -0.304462 0.952524 0.000237
vn -0.169447 0.985204 0.025697
vn -0.226348 0.955601 0.188662
vn -0.168673 0.985236 0.029326
vn 0.054898 0.998474 -0.005933
vn 0.074645 0.974513 0.211546
vn 0.150412 0.986325 -0.067369
vn 0.713239 0.663994 -0.224505
vn -0.706058 0.708027 0.013421
vn -0.293927 0.903051 -0.313217
vn -0.706058 0.708027 0.013421
vn -0.495366 0.862306 -0.105076
vn -0.318667 0.947443 0.028353
vn 0.566499 -0.744547 0.353168
vn 0.401535 -0.906500 0.130489
vn 0.701410 -0.639983 0.313761
vn 0.251831 -0.967231 -0.032328
vn 0.401535 -0.906500 0.130489
vn 0.322362 -0.937903 0.128146
vn -0.180478 -0.911819 0.368800
vn -0.102412 -0.923326 0.370110
vn -0.270392 -0.955672 0.116530
vn 0.763995 0.033071 0.644374
vn 0.448097 -0.617820 0.646148
vn -0.040220 -0.986489 0.158815
vn 0.136656 -0.987718 0.075757
vn 0.160241 -0.959590 -0.231320
vn 0.126453 -0.989518 -0.069735
vn 0.251831 -0.967231 -0.032328
vn 0.160241 -0.959590 -0.231320
vn 0.123672 -0.990430 -0.061269
vn 0.401535 -0.906500 0.130489
vn 0.251831 -0.967231 -0.032328
vn 0.343033 -0.938493 0.039479
vn 0.322362 -0.937903 0.128146
vn 0.287474 -0.938934 0.189106
vn 0.234539 -0.968189 0.087185
vn 0.098767 -0.967357 0.233378
vn 0.066407 -0.973946 0.216840
vn 0.175488 -0.979977 0.094069
vn 0.241015 -0.963573 -0.115926
vn 0.251831 -0.967231 -0.032328
vn 0.234539 -0.968189 0.087185
vn 0.022516 -0.953039 0.302010
vn -0.049533 -0.921960 0.384104
vn 0.098767 -0.967357 0.233378
vn -0.064170 -0.987903 0.141171
vn -0.188181 -0.862244 -0.470237
vn 0.101619 -0.920108 -0.378252
vn 0.098767 -0.967357 0.233378
vn 0.175488 -0.979977 0.094069
vn 0.234539 -0.968189 0.087185
vn 0.082564 -0.995006 -0.056100
vn 0.175488 -0.979977 0.094069
vn 0.066407 -0.973946 0.216840
vn 0.678093 0.723255 -0.130738
vn 0.493159 0.857875 0.144379
vn -0.073055 0.969034 -0.235875
vn 0.670320 0.611812 0.419948
vn 0.493159 0.857875 0.144379
vn 0.356389 -0.932895 0.051904
vn 0.133095 -0.990891 0.020491
vn 0.670320 0.611812 0.419948
vn 0.356389 -0.932895 0.051904
vn 0.670320 0.611812 0.419948
vn 0.386524 -0.922237 -0.008851
vn 0.943457 -0.263932 -0.200572
vn 0.423404 -0.884870 -0.194252
vn 0.943457 -0.263932 -0.200572
vn 0.386524 -0.922237 -0.008851
vn 0.279483 0.832766 0.477902
vn 0.011852 0.972857 0.231103
vn 0.548200 0.646596 0.530463
vn 0.082564 -0.995006 -0.056100
vn 0.066407 -0.973946 0.216840
vn -0.166002 -0.945994 0.278458
vn -0.101802 -0.923275 -0.370404
vn -0.188181 -0.862244 -0.470237
vn -0.388458 -0.857765 -0.336659
vn -0.332279 -0.823854 0.459190
vn -0.064170 -0.987903 0.141171
vn 0.082564 -0.995006 -0.056100
vn -0.379571 -0.850569 0.363948
vn -0.205348 -0.850207 0.484748
vn -0.599181 -0.723382 0.343074
vn 0.082564 -0.995006 -0.056100
vn -0.064170 -0.987903 0.141171
vn 0.101619 -0.920108 -0.378252
vn -0.332279 -0.823854 0.459190
vn -0.676111 -0.533331 0.508362
vn -0.460930 -0.638969 0.615843
vn 0.161680 -0.973090 0.164181
vn -0.190038 -0.840090 0.508070
vn 0.739502 -0.463744 -0.487933
vn 0.739502 -0.463744 -0.487933
vn -0.190038 -0.840090 0.508070
vn 0.200848 -0.978828 0.039453
vn -0.294076 -0.879384 0.374438
vn -0.364293 -0.758174 0.540798
vn 0.161680 -0.973090 0.164181
vn -0.261511 -0.751494 0.605697
vn -0.221314 -0.946851 0.233438
vn -0.235183 -0.956113 0.174747
vn -0.152577 -0.722472 0.674355
vn -0.190038 -0.840090 0.508070
vn -0.261511 -0.751494 0.605697
vn -0.364293 -0.758174 0.540798
vn -0.261511 -0.751494 0.605697
vn -0.190038 -0.840090 0.508070
vn 0.468682 0.868115 -0.163445
vn 0.790798 -0.174442 -0.586693
vn 0.229334 0.968584 -0.096183
vn -0.211142 -0.966374 -0.146770
vn 0.790798 -0.174442 -0.586693
vn 0.767580 -0.392661 -0.506595
vn 0.006158 0.998225 0.059245
vn 0.027264 0.999619 -0.004327
vn 0.001770 0.999999 -0.000123
vn 0.381560 0.913764 0.139454
vn 0.130012 0.885682 0.445718
vn -0.026377 0.892436 0.450403
vn 0.040006 -0.930704 0.363580
vn 0.810993 -0.531216 -0.245153
vn -0.228134 -0.952526 0.201617
vn 0.271194 0.940660 -0.203994
vn 0.638569 0.608358 -0.471306
vn 0.837637 -0.541983 -0.067968
vn -0.238058 -0.921806 0.305946
vn -0.376756 -0.912053 0.161906
vn -0.206090 -0.937486 0.280442
vn -0.206090 -0.937486 0.280442
vn -0.376756 -0.912053 0.161906
vn -0.209044 -0.962454 0.173158
vn -0.228134 -0.952526 0.201617
vn -0.206090 -0.937486 0.280442
vn 0.040006 -0.930704 0.363580
vn 0.040006 -0.930704 0.363580
vn -0.206090 -0.937486 0.280442
vn 0.837637 -0.541983 -0.067968
vn -0.158861 -0.942786 0.293116
vn -0.119959 -0.956282 0.266709
vn -0.238058 -0.921806 0.305946
vn -0.209044 -0.962454 0.173158
vn -0.376756 -0.912053 0.161906
vn -0.190463 -0.943595 0.270835
vn -0.119959 -0.956282 0.266709
vn 0.218225 -0.819458 0.529968
vn 0.266659 -0.881865 0.388854
vn -0.119959 -0.956282 0.266709
vn -0.376756 -0.912053 0.161906
vn -0.238058 -0.921806 0.305946
vn 0.027751 -0.911445 0.410484
vn -0.209044 -0.962454 0.173158
vn -0.190463 -0.943595 0.270835
vn -0.007323 -0.969950 0.243196
vn 0.101814 -0.992736 0.064101
vn 0.419416 -0.907775 -0.005926
vn 0.419416 -0.907775 -0.005926
vn -0.209044 -0.962454 0.173158
vn -0.007323 -0.969950 0.243196
vn 0.365251 0.917006 -0.160287
vn 0.808014 -0.564609 -0.168318
vn 0.419416 -0.907775 -0.005926
vn 0.419416 -0.907775 -0.005926
vn 0.101814 -0.992736 0.064101
vn 0.794182 -0.542870 -0.273069
vn -0.209044 -0.962454 0.173158
vn 0.419416 -0.907775 -0.005926
vn 0.808014 -0.564609 -0.168318
vn 0.090124 0.965332 -0.244974
vn 0.365251 0.917006 -0.160287
vn 0.304273 0.933509 -0.189681
vn 0.298325 0.944554 -0.137184
vn 0.808014 -0.564609 -0.168318
vn 0.365251 0.917006 -0.160287
vn 0.147107 -0.675030 0.722976
vn 0.731294 -0.681966 -0.011438
vn -0.034136 -0.986149 -0.162308
vn 0.574805 0.096301 -0.812604
vn 0.731294 -0.681966 -0.011438
vn 0.184138 -0.780223 0.597784
vn -0.209534 -0.904030 0.372594
vn 0.147107 -0.675030 0.722976
vn -0.034136 -0.986149 -0.162308
vn 0.147107 -0.675030 0.722976
vn -0.154087 -0.770386 0.618678
vn -0.233696 -0.476756 0.847402
vn 0.574805 0.096301 -0.812604
vn 0.184138 -0.780223 0.597784
vn 0.832624 -0.323195 -0.449758
vn -0.100432 -0.507810 -0.855595
vn 0.574805 0.096301 -0.812604
vn 0.447366 0.223396 -0.866001
vn -0.009854 -0.656756 0.754039
vn 0.788290 -0.582059 -0.199514
vn 0.832624 -0.323195 -0.449758
vn 0.788290 -0.582059 -0.199514
vn 0.213479 -0.904676 0.368767
vn 0.558064 0.241231 -0.793960
vn 0.082851 0.737213 -0.670561
vn 0.832624 -0.323195 -0.449758
vn 0.788290 -0.582059 -0.199514
vn -0.009854 -0.656756 0.754039
vn 0.832624 -0.323195 -0.449758
vn 0.184138 -0.780223 0.597784
vn -0.340263 -0.903761 0.259686
vn -0.209534 -0.904030 0.372594
vn -0.498779 -0.802756 0.326807
vn -0.034136 -0.986149 -0.162308
vn -0.498779 -0.802756 0.326807
vn -0.209534 -0.904030 0.372594
vn 0.229644 -0.720623 -0.654192
vn 0.104775 -0.986080 -0.129110
vn -0.339841 -0.922940 -0.180805
vn 0.570343 -0.524775 -0.631918
vn 0.523707 -0.634441 -0.568521
vn 0.430105 -0.861737 -0.269109
vn 0.048284 -0.896403 0.440602
vn 0.523707 -0.634441 -0.568521
vn 0.439084 -0.879678 -0.182678
vn -0.154087 -0.770386 0.618678
vn 0.104775 -0.986080 -0.129110
vn 0.430105 -0.861737 -0.269109
vn 0.163432 0.981408 -0.100642
vn 0.696180 0.492348 -0.522424
vn 0.843385 -0.191755 -0.501928
vn 0.042116 0.990640 0.129838
vn 0.696180 0.492348 -0.522424
vn -0.405556 0.882608 0.237755
vn 0.163432 0.981408 -0.100642
vn 0.843385 -0.191755 -0.501928
vn 0.947626 -0.308416 0.082978
vn 0.163432 0.981408 -0.100642
vn -0.688428 0.674457 -0.266788
vn -0.660911 0.697940 0.275818
vn -0.688428 0.674457 -0.266788
vn 0.333705 0.773951 -0.538183
vn -0.078721 0.451885 -0.888596
vn 0.947626 -0.308416 0.082978
vn 0.333705 0.773951 -0.538183
vn 0.163432 0.981408 -0.100642
vn -0.660911 0.697940 0.275818
vn 0.047068 0.989842 -0.134151
vn -0.405556 0.882608 0.237755
vn 0.047068 0.989842 -0.134151
vn -0.719664 0.680501 -0.137849
vn 0.714583 0.344643 -0.608763
vn -0.719664 0.680501 -0.137849
vn 0.702612 0.521485 -0.484139
vn 0.714583 0.344643 -0.608763
vn 0.308842 0.680075 -0.664917
vn 0.702612 0.521485 -0.484139
vn 0.601144 0.516416 -0.609869
vn 0.047068 0.989842 -0.134151
vn 0.757286 0.141201 -0.637636
vn 0.086407 0.831345 -0.548998
vn 0.714583 0.344643 -0.608763
vn 0.299228 -0.869457 -0.393075
vn 0.757286 0.141201 -0.637636
vn -0.186417 -0.981225 -0.049457
vn -0.140139 -0.513097 -0.846813
vn -0.036707 -0.287600 -0.957047
vn -0.263570 -0.713413 -0.649286
vn -0.140139 -0.513097 -0.846813
vn -0.185505 -0.967504 0.171827
vn -0.054180 -0.786311 0.615450
vn -0.038859 -0.658449 0.751621
vn -0.107681 -0.742159 0.661517
vn -0.016266 -0.790352 0.612437
vn -0.107681 -0.742159 0.661517
vn -0.038859 -0.658449 0.751621
vn -0.261511 -0.751494 0.605697
vn -0.073922 -0.680678 0.728843
vn -0.152577 -0.722472 0.674355
vn -0.073922 -0.680678 0.728843
vn -0.237672 -0.877770 0.415971
vn -0.181885 -0.869345 0.459519
vn -0.181885 -0.869345 0.459519
vn -0.237672 -0.877770 0.415971
vn -0.262211 -0.950282 -0.167957
vn -0.515242 -0.855897 -0.044343
vn -0.640097 -0.768167 -0.013973
vn -0.262211 -0.950282 -0.167957
vn 0.715551 -0.350474 -0.604280
vn 0.732068 -0.537199 -0.418920
vn 0.020328 -0.988269 -0.151364
vn 0.514845 0.857262 0.006035
vn 0.715551 -0.350474 -0.604280
vn 0.371743 0.345573 -0.861618
vn -0.379915 0.898020 0.221867
vn 0.016727 0.821997 0.569246
vn 0.060923 0.968441 0.241683
vn -0.257118 0.914830 0.311410
vn 0.526189 0.817633 0.233668
vn 0.014251 0.992723 0.119571
vn 0.371743 0.345573 -0.861618
vn 0.376791 -0.076025 -0.923173
vn 0.632524 -0.334346 -0.698660
vn 0.905187 -0.403322 0.134047
vn 0.457871 -0.723998 -0.515928
vn -0.188090 -0.618958 0.762571
vn 0.457871 -0.723998 -0.515928
vn 0.632524 -0.334346 -0.698660
vn 0.668264 -0.294902 -0.682976
vn 0.371743 0.345573 -0.861618
vn 0.632524 -0.334346 -0.698660
vn 0.937620 0.326133 0.120442
vn -0.566199 0.585739 -0.579939
vn -0.119659 0.986303 0.113524
vn -0.169447 0.985204 0.025697
vn -0.318667 0.947443 0.028353
vn -0.119659 0.986303 0.113524
vn -0.499263 0.864500 -0.058099
vn 0.054898 0.998474 -0.005933
vn 0.184471 0.960312 -0.209217
vn 0.021841 0.931620 0.362778
vn -0.286842 0.935008 0.208522
vn 0.241952 0.676958 0.695116
vn 0.461755 0.834976 0.299329
vn -0.242696 0.870038 0.429106
vn 0.021841 0.931620 0.362778
vn 0.241952 0.676958 0.695116
vn -0.286842 0.935008 0.208522
vn -0.226348 0.955601 0.188662
vn -0.396264 0.890648 0.222982
vn 0.021841 0.931620 0.362778
vn -0.396264 0.890648 0.222982
vn 0.054898 0.998474 -0.005933
vn 0.074645 0.974513 0.211546
vn 0.054898 0.998474 -0.005933
vn -0.396264 0.890648 0.222982
vn 0.151509 0.835827 0.527673
vn 0.077676 0.991109 0.108029
vn -0.026377 0.892436 0.450403
vn 0.184471 0.960312 -0.209217
vn -0.146027 0.986528 0.073747
vn 0.077676 0.991109 0.108029
vn 0.222199 0.916227 -0.333399
vn 0.077676 0.991109 0.108029
vn 0.082225 0.970484 -0.226714
vn 0.313906 0.915509 -0.251609
vn 0.016727 0.821997 0.569246
vn -0.378232 0.922491 0.077140
vn 0.413055 0.873581 0.257373
vn 0.285045 0.910215 0.300431
vn 0.526189 0.817633 0.233668
vn 0.021841 0.931620 0.362778
vn 0.222199 0.916227 -0.333399
vn 0.060923 0.968441 0.241683
vn 0.021841 0.931620 0.362778
vn -0.242696 0.870038 0.429106
vn -0.396264 0.890648 0.222982
vn 0.241952 0.676958 0.695116
vn -0.286842 0.935008 0.208522
vn -0.242696 0.870038 0.429106
vn -0.026377 0.892436 0.450403
vn 0.077676 0.991109 0.108029
vn -0.146027 0.986528 0.073747
vn -0.028920 0.881439 0.471412
vn 0.082225 0.970484 -0.226714
vn 0.077676 0.991109 0.108029
vn -0.450459 0.835045 0.315891
vn -0.026377 0.892436 0.450403
vn -0.146027 0.986528 0.073747
vn 0.228427 0.965582 0.124391
vn 0.130012 0.885682 0.445718
vn 0.381560 0.913764 0.139454
vn 0.116158 0.993178 0.010246
vn -0.028920 0.881439 0.471412
vn -0.095974 0.910413 0.402415
vn 0.131615 0.801871 0.582821
vn -0.379915 0.898020 0.221867
vn 0.276629 0.917760 0.284944
vn 0.077676 0.991109 0.108029
vn 0.222199 0.916227 -0.333399
vn 0.184471 0.960312 -0.209217
vn 0.222199 0.916227 -0.333399
vn 0.195647 0.828222 -0.525139
vn 0.060923 0.968441 0.241683
vn -0.060665 0.957436 -0.282198
vn 0.074989 0.993926 -0.080551
vn -0.379915 0.898020 0.221867
vn 0.222199 0.916227 -0.333399
vn 0.082225 0.970484 -0.226714
vn 0.195647 0.828222 -0.525139
vn 0.763995 0.033071 0.644374
vn 0.364998 0.845687 0.389345
vn 0.031630 0.936873 0.348237
vn 0.253781 -0.872738 0.417042
vn 0.763995 0.033071 0.644374
vn -0.040220 -0.986489 0.158815
vn 0.423404 -0.884870 -0.194252
vn 0.620024 -0.771901 -0.140497
vn 0.581536 -0.785552 -0.211479
vn 0.670320 0.611812 0.419948
vn 0.943457 -0.263932 -0.200572
vn 0.011852 0.972857 0.231103
vn -0.180478 -0.911819 0.368800
vn -0.280176 -0.945437 0.166283
vn -0.128203 -0.696810 0.705705
vn 0.279483 0.832766 0.477902
vn 0.548200 0.646596 0.530463
vn 0.448097 -0.617820 0.646148
vn -0.148885 -0.976227 -0.157523
vn 0.581536 -0.785552 -0.211479
vn 0.620024 -0.771901 -0.140497
vn 0.943457 -0.263932 -0.200572
vn 0.581536 -0.785552 -0.211479
vn 0.548200 0.646596 0.530463
vn 0.670320 0.611812 0.419948
vn 0.031630 0.936873 0.348237
vn -0.084963 0.994958 -0.053285
vn 0.031630 0.936873 0.348237
vn 0.011852 0.972857 0.231103
vn 0.279483 0.832766 0.477902
vn 0.468682 0.868115 -0.163445
vn 0.831548 0.496619 -0.248792
vn 0.767580 -0.392661 -0.506595
vn 0.381560 0.913764 0.139454
vn 0.831548 0.496619 -0.248792
vn 0.228427 0.965582 0.124391
vn 0.085862 0.995536 0.039181
vn 0.468682 0.868115 -0.163445
vn 0.229334 0.968584 -0.096183
vn 0.831548 0.496619 -0.248792
vn 0.468682 0.868115 -0.163445
vn 0.228427 0.965582 0.124391
vn -0.752681 0.617015 -0.229704
vn 0.702612 0.521485 -0.484139
vn -0.719664 0.680501 -0.137849
vn 0.601144 0.516416 -0.609869
vn 0.388711 0.780081 -0.490284
vn 0.308842 0.680075 -0.664917
vn 0.449543 0.353839 -0.820188
vn 0.388711 0.780081 -0.490284
vn 0.601144 0.516416 -0.609869
vn 0.650179 -0.065975 -0.756911
vn 0.299228 -0.869457 -0.393075
vn 0.714583 0.344643 -0.608763
vn -0.038859 -0.658449 0.751621
vn -0.073922 -0.680678 0.728843
vn -0.181885 -0.869345 0.459519
vn -0.355689 -0.924626 0.136208
vn -0.380084 -0.921662 0.077949
vn -0.640097 -0.768167 -0.013973
vn -0.380084 -0.921662 0.077949
vn -0.101234 -0.838581 0.535288
vn -0.181885 -0.869345 0.459519
vn -0.181885 -0.869345 0.459519
vn -0.101234 -0.838581 0.535288
vn -0.038859 -0.658449 0.751621
vn 0.019046 -0.996219 0.084760
vn 0.006162 -0.992249 -0.124115
vn 0.216915 -0.897062 0.385004
vn 0.111103 -0.753686 0.647776
vn -0.101234 -0.838581 0.535288
vn -0.061821 -0.942200 0.329297
vn -0.515242 -0.855897 -0.044343
vn -0.262211 -0.950282 -0.167957
vn -0.072981 -0.958216 -0.276580
vn -0.380084 -0.921662 0.077949
vn -0.181885 -0.869345 0.459519
vn -0.262211 -0.950282 -0.167957
vn -0.515242 -0.855897 -0.044343
vn -0.072981 -0.958216 -0.276580
vn -0.094215 -0.896958 -0.431961
vn -0.256517 -0.954019 -0.155073
vn -0.412676 -0.871713 -0.264226
vn -0.379621 -0.924175 0.042283
vn -0.012145 -0.886349 -0.462858
vn -0.548153 -0.832210 -0.083403
vn -0.294817 -0.945486 -0.138344
vn -0.355689 -0.924626 0.136208
vn 0.019046 -0.996219 0.084760
vn -0.061821 -0.942200 0.329297
vn -0.294817 -0.945486 -0.138344
vn -0.412676 -0.871713 -0.264226
vn -0.256517 -0.954019 -0.155073
vn -0.515242 -0.855897 -0.044343
vn -0.412676 -0.871713 -0.264226
vn -0.548153 -0.832210 -0.083403
vn -0.380084 -0.921662 0.077949
vn -0.355689 -0.924626 0.136208
vn -0.061821 -0.942200 0.329297
vn -0.012145 -0.886349 -0.462858
vn -0.355689 -0.924626 0.136208
vn -0.548153 -0.832210 -0.083403
vn 0.937620 0.326133 0.120442
vn 0.514845 0.857262 0.006035
vn 0.371743 0.345573 -0.861618
vn 0.329832 0.943751 0.023359
vn 0.514845 0.857262 0.006035
vn 0.276629 0.917760 0.284944
vn 0.503317 0.839435 0.204988
vn 0.574021 0.779280 0.251439
vn 0.074989 0.993926 -0.080551
vn 0.195647 0.828222 -0.525139
vn 0.082225 0.970484 -0.226714
vn 0.116158 0.993178 0.010246
vn 0.013898 0.977766 0.209240
vn -0.257118 0.914830 0.311410
vn 0.046069 0.996637 -0.067775
vn 0.413055 0.873581 0.257373
vn 0.526189 0.817633 0.233668
vn 0.503317 0.839435 0.204988
vn 0.082225 0.970484 -0.226714
vn -0.028920 0.881439 0.471412
vn 0.116158 0.993178 0.010246
vn 0.006158 0.998225 0.059245
vn -0.060419 0.833459 0.549268
vn 0.012350 0.945497 0.325397
vn 0.503317 0.839435 0.204988
vn 0.526189 0.817633 0.233668
vn 0.574021 0.779280 0.251439
vn 0.574021 0.779280 0.251439
vn 0.526189 0.817633 0.233668
vn 0.013898 0.977766 0.209240
vn 0.413055 0.873581 0.257373
vn 0.116158 0.993178 0.010246
vn -0.095974 0.910413 0.402415
vn -0.218330 0.724338 0.653962
vn 0.012350 0.945497 0.325397
vn -0.060419 0.833459 0.549268
vn 0.116158 0.993178 0.010246
vn 0.413055 0.873581 0.257373
vn 0.503317 0.839435 0.204988
vn 0.413055 0.873581 0.257373
vn 0.023366 0.800347 0.599082
vn 0.285045 0.910215 0.300431
vn 0.318040 0.935830 0.151898
vn -0.378232 0.922491 0.077140
vn 0.131615 0.801871 0.582821
vn 0.318040 0.935830 0.151898
vn 0.937620 0.326133 0.120442
vn 0.905187 -0.403322 0.134047
vn 0.461755 0.834976 0.299329
vn 0.241952 0.676958 0.695116
vn 0.016727 0.821997 0.569246
vn 0.016727 0.821997 0.569246
vn 0.241952 0.676958 0.695116
vn 0.060923 0.968441 0.241683
vn -0.540152 0.802688 0.252841
vn -0.450459 0.835045 0.315891
vn -0.146027 0.986528 0.073747
vn 0.381560 0.913764 0.139454
vn -0.450459 0.835045 0.315891
vn 0.250741 0.951416 0.178706
vn 0.228427 0.965582 0.124391
vn 0.161239 0.946272 0.280304
vn 0.130012 0.885682 0.445718
vn 0.012350 0.945497 0.325397
vn -0.218330 0.724338 0.653962
vn -0.044917 0.848480 0.527318
vn -0.379915 0.898020 0.221867
vn -0.378232 0.922491 0.077140
vn 0.016727 0.821997 0.569246
vn 0.116158 0.993178 0.010246
vn -0.060665 0.957436 -0.282198
vn 0.195647 0.828222 -0.525139
vn 0.448097 -0.617820 0.646148
vn 0.763995 0.033071 0.644374
vn 0.279483 0.832766 0.477902
vn 0.031630 0.936873 0.348237
vn 0.279483 0.832766 0.477902
vn 0.763995 0.033071 0.644374
vn -0.204421 -0.915089 0.347598
vn 0.253781 -0.872738 0.417042
vn -0.040220 -0.986489 0.158815
vn -0.205348 -0.850207 0.484748
vn -0.623342 -0.694019 0.360253
vn -0.599181 -0.723382 0.343074
vn 0.287474 -0.938934 0.189106
vn 0.421476 -0.847336 0.323079
vn 0.022516 -0.953039 0.302010
vn 0.253781 -0.872738 0.417042
vn 0.742023 -0.174864 0.647166
vn 0.763995 0.033071 0.644374
vn 0.566499 -0.744547 0.353168
vn 0.421476 -0.847336 0.323079
vn 0.287474 -0.938934 0.189106
vn 0.253781 -0.872738 0.417042
vn 0.421476 -0.847336 0.323079
vn 0.742023 -0.174864 0.647166
vn -0.204421 -0.915089 0.347598
vn 0.022516 -0.953039 0.302010
vn 0.253781 -0.872738 0.417042
vn 0.253781 -0.872738 0.417042
vn 0.022516 -0.953039 0.302010
vn 0.421476 -0.847336 0.323079
vn 0.448097 -0.617820 0.646148
vn -0.128203 -0.696810 0.705705
vn -0.280176 -0.945437 0.166283
vn -0.205348 -0.850207 0.484748
vn -0.315158 -0.929960 0.189342
vn -0.314299 -0.810037 0.495031
vn -0.143325 -0.989670 -0.003351
vn -0.328917 -0.899300 -0.288225
vn -0.517610 -0.799145 -0.305691
vn -0.161212 -0.984297 0.071898
vn -0.610954 -0.736406 0.290589
vn -0.576465 -0.775745 0.256727
vn -0.128203 -0.696810 0.705705
vn 0.448097 -0.617820 0.646148
vn 0.548200 0.646596 0.530463
vn -0.270392 -0.955672 0.116530
vn -0.517610 -0.799145 -0.305691
vn -0.481954 -0.874939 -0.046922
vn -0.148885 -0.976227 -0.157523
vn 0.058077 -0.990373 0.125651
vn 0.548200 0.646596 0.530463
vn -0.095778 -0.995352 -0.010023
vn -0.102412 -0.923326 0.370110
vn -0.180478 -0.911819 0.368800
vn -0.481954 -0.874939 -0.046922
vn -0.379648 -0.903482 -0.198965
vn -0.270392 -0.955672 0.116530
vn -0.314299 -0.810037 0.495031
vn -0.355662 -0.757951 0.546822
vn -0.205348 -0.850207 0.484748
vn -0.040220 -0.986489 0.158815
vn -0.280176 -0.945437 0.166283
vn -0.315158 -0.929960 0.189342
vn -0.379648 -0.903482 -0.198965
vn -0.280176 -0.945437 0.166283
vn -0.270392 -0.955672 0.116530
vn -0.314299 -0.810037 0.495031
vn -0.315158 -0.929960 0.189342
vn -0.379648 -0.903482 -0.198965
vn -0.280176 -0.945437 0.166283
vn -0.379648 -0.903482 -0.198965
vn -0.315158 -0.929960 0.189342
vn 0.468220 0.633414 -0.616082
vn 0.688154 -0.366952 -0.625932
vn 0.650179 -0.065975 -0.756911
vn 0.266198 -0.948734 0.170420
vn 0.688154 -0.366952 -0.625932
vn 0.213479 -0.904676 0.368767
vn 0.216915 -0.897062 0.385004
vn -0.061821 -0.942200 0.329297
vn 0.019046 -0.996219 0.084760
vn 0.266659 -0.881865 0.388854
vn 0.216915 -0.897062 0.385004
vn 0.244139 -0.920696 0.304491
vn -0.072981 -0.958216 -0.276580
vn -0.046494 -0.908239 -0.415860
vn -0.094215 -0.896958 -0.431961
vn -0.094215 -0.896958 -0.431961
vn -0.046494 -0.908239 -0.415860
vn 0.055484 -0.927599 -0.369434
vn -0.221314 -0.946851 0.233438
vn -0.046494 -0.908239 -0.415860
vn -0.072981 -0.958216 -0.276580
vn 0.199620 -0.934600 -0.294406
vn 0.055484 -0.927599 -0.369434
vn -0.046494 -0.908239 -0.415860
vn -0.379621 -0.924175 0.042283
vn -0.515242 -0.855897 -0.044343
vn -0.617649 -0.725118 0.304489
vn -0.094215 -0.896958 -0.431961
vn -0.617649 -0.725118 0.304489
vn -0.515242 -0.855897 -0.044343
vn 0.074989 0.993926 -0.080551
vn 0.276629 0.917760 0.284944
vn -0.379915 0.898020 0.221867
vn 0.574021 0.779280 0.251439
vn 0.329832 0.943751 0.023359
vn 0.074989 0.993926 -0.080551
vn -0.257118 0.914830 0.311410
vn 0.013898 0.977766 0.209240
vn 0.526189 0.817633 0.233668
vn 0.750083 0.611653 -0.251508
vn 0.013898 0.977766 0.209240
vn 0.046069 0.996637 -0.067775
vn -0.095974 0.910413 0.402415
vn -0.028920 0.881439 0.471412
vn -0.044917 0.848480 0.527318
vn 0.413055 0.873581 0.257373
vn -0.095974 0.910413 0.402415
vn 0.023366 0.800347 0.599082
vn 0.151509 0.835827 0.527673
vn -0.044917 0.848480 0.527318
vn -0.028920 0.881439 0.471412
vn 0.161239 0.946272 0.280304
vn -0.044917 0.848480 0.527318
vn 0.130012 0.885682 0.445718
vn 0.023366 0.800347 0.599082
vn -0.095974 0.910413 0.402415
vn -0.218330 0.724338 0.653962
vn -0.044917 0.848480 0.527318
vn -0.218330 0.724338 0.653962
vn -0.095974 0.910413 0.402415
vn 0.077676 0.991109 0.108029
vn 0.151509 0.835827 0.527673
vn -0.028920 0.881439 0.471412
vn 0.130012 0.885682 0.445718
vn 0.151509 0.835827 0.527673
vn -0.026377 0.892436 0.450403
vn 0.468682 0.868115 -0.163445
vn 0.085862 0.995536 0.039181
vn 0.228427 0.965582 0.124391
vn -0.044917 0.848480 0.527318
vn 0.161239 0.946272 0.280304
vn 0.012350 0.945497 0.325397
vn 0.228427 0.965582 0.124391
vn 0.085862 0.995536 0.039181
vn 0.161239 0.946272 0.280304
vn 0.229334 0.968584 -0.096183
vn 0.027264 0.999619 -0.004327
vn 0.085862 0.995536 0.039181
vn -0.218330 0.724338 0.653962
vn -0.060419 0.833459 0.549268
vn 0.023366 0.800347 0.599082
vn 0.012350 0.945497 0.325397
vn 0.085862 0.995536 0.039181
vn 0.006158 0.998225 0.059245
vn -0.056654 0.997780 0.035010
vn -0.085180 0.972993 0.214545
vn 0.006158 0.998225 0.059245
vn 0.014251 0.992723 0.119571
vn 0.526189 0.817633 0.233668
vn 0.285045 0.910215 0.300431
vn -0.060419 0.833459 0.549268
vn -0.085180 0.972993 0.214545
vn 0.285045 0.910215 0.300431
vn -0.056654 0.997780 0.035010
vn 0.016804 0.996945 0.076284
vn -0.085180 0.972993 0.214545
vn 0.006158 0.998225 0.059245
vn -0.085180 0.972993 0.214545
vn -0.060419 0.833459 0.549268
vn -0.056654 0.997780 0.035010
vn -0.083750 0.996486 0.001079
vn 0.016804 0.996945 0.076284
vn -0.236126 0.970684 0.044910
vn -0.284772 0.956364 -0.065368
vn -0.080248 0.983748 -0.160627
vn 0.014251 0.992723 0.119571
vn 0.285045 0.910215 0.300431
vn 0.016804 0.996945 0.076284
vn 0.014251 0.992723 0.119571
vn -0.236126 0.970684 0.044910
vn -0.185388 0.964521 0.187965
vn -0.284772 0.956364 -0.065368
vn -0.236126 0.970684 0.044910
vn 0.016804 0.996945 0.076284
vn 0.318040 0.935830 0.151898
vn 0.131615 0.801871 0.582821
vn 0.276629 0.917760 0.284944
vn -0.378232 0.922491 0.077140
vn -0.379915 0.898020 0.221867
vn 0.131615 0.801871 0.582821
vn 0.060923 0.968441 0.241683
vn 0.241952 0.676958 0.695116
vn 0.021841 0.931620 0.362778
vn -0.060665 0.957436 -0.282198
vn 0.060923 0.968441 0.241683
vn 0.195647 0.828222 -0.525139
vn 0.074989 0.993926 -0.080551
vn 0.116158 0.993178 0.010246
vn 0.503317 0.839435 0.204988
vn 0.060923 0.968441 0.241683
vn -0.060665 0.957436 -0.282198
vn -0.379915 0.898020 0.221867
vn -0.379648 -0.903482 -0.198965
vn -0.481954 -0.874939 -0.046922
vn -0.314299 -0.810037 0.495031
vn -0.517610 -0.799145 -0.305691
vn -0.102412 -0.923326 0.370110
vn -0.143325 -0.989670 -0.003351
vn -0.217794 -0.970753 0.101013
vn -0.328917 -0.899300 -0.288225
vn 0.039404 -0.991077 -0.127331
vn -0.481954 -0.874939 -0.046922
vn -0.328917 -0.899300 -0.288225
vn -0.217794 -0.970753 0.101013
vn 0.000897 -0.998451 -0.055623
vn -0.161212 -0.984297 0.071898
vn -0.217794 -0.970753 0.101013
vn -0.516568 -0.729885 0.447690
vn -0.623342 -0.694019 0.360253
vn -0.355662 -0.757951 0.546822
vn 0.000897 -0.998451 -0.055623
vn -0.016069 -0.998525 -0.051871
vn -0.010981 -0.999764 -0.018731
vn -0.610954 -0.736406 0.290589
vn -0.161212 -0.984297 0.071898
vn -0.227226 -0.963487 0.141635
vn -0.010981 -0.999764 -0.018731
vn -0.000319 -1.000000 -0.000877
vn -0.015062 -0.999584 0.024608
vn 0.000897 -0.998451 -0.055623
vn -0.010981 -0.999764 -0.018731
vn -0.161212 -0.984297 0.071898
vn 0.468220 0.633414 -0.616082
vn 0.650179 -0.065975 -0.756911
vn 0.308842 0.680075 -0.664917
vn 0.714583 0.344643 -0.608763
vn 0.308842 0.680075 -0.664917
vn 0.650179 -0.065975 -0.756911
vn 0.558064 0.241231 -0.793960
vn 0.688154 -0.366952 -0.625932
vn 0.468220 0.633414 -0.616082
vn -0.248205 -0.538944 0.804943
vn 0.213479 -0.904676 0.368767
vn -0.415919 -0.545797 0.727404
vn 0.068393 -0.609943 0.789488
vn -0.044558 -0.512350 0.857620
vn 0.270502 -0.392836 0.878925
vn 0.314843 -0.942404 0.112909
vn -0.106980 -0.979561 0.170342
vn 0.299228 -0.869457 -0.393075
vn 0.314843 -0.942404 0.112909
vn 0.068393 -0.609943 0.789488
vn -0.106980 -0.979561 0.170342
vn -0.075970 -0.623066 0.778471
vn -0.248205 -0.538944 0.804943
vn 0.068393 -0.609943 0.789488
vn 0.266198 -0.948734 0.170420
vn 0.650179 -0.065975 -0.756911
vn 0.688154 -0.366952 -0.625932
vn 0.314843 -0.942404 0.112909
vn 0.266198 -0.948734 0.170420
vn 0.068393 -0.609943 0.789488
vn -0.217794 -0.970753 0.101013
vn 0.039404 -0.991077 -0.127331
vn 0.000897 -0.998451 -0.055623
vn -0.143325 -0.989670 -0.003351
vn 0.039404 -0.991077 -0.127331
vn -0.328917 -0.899300 -0.288225
vn -0.559116 -0.775532 0.293155
vn -0.227226 -0.963487 0.141635
vn -0.215747 -0.952723 0.213943
vn -0.610954 -0.736406 0.290589
vn -0.708762 -0.658784 0.252311
vn -0.599181 -0.723382 0.343074
vn -0.622570 -0.706710 0.336106
vn -0.379571 -0.850569 0.363948
vn -0.599181 -0.723382 0.343074
vn -0.516568 -0.729885 0.447690
vn -0.314299 -0.810037 0.495031
vn -0.481954 -0.874939 -0.046922
vn -0.481954 -0.874939 -0.046922
vn -0.217794 -0.970753 0.101013
vn -0.516568 -0.729885 0.447690
vn -0.217794 -0.970753 0.101013
vn -0.161212 -0.984297 0.071898
vn -0.576465 -0.775745 0.256727
vn -0.623342 -0.694019 0.360253
vn -0.576465 -0.775745 0.256727
vn -0.610954 -0.736406 0.290589
vn -0.217794 -0.970753 0.101013
vn -0.576465 -0.775745 0.256727
vn -0.516568 -0.729885 0.447690
vn 0.788290 -0.582059 -0.199514
vn -0.009854 -0.656756 0.754039
vn 0.084209 -0.854566 0.512471
vn -0.108643 -0.687545 0.717969
vn 0.439084 -0.879678 -0.182678
vn 0.500403 -0.833615 -0.233843
vn 0.297010 -0.954618 -0.022115
vn -0.108643 -0.687545 0.717969
vn 0.500403 -0.833615 -0.233843
vn -0.108643 -0.687545 0.717969
vn -0.415919 -0.545797 0.727404
vn -0.009854 -0.656756 0.754039
vn 0.147107 -0.675030 0.722976
vn -0.233696 -0.476756 0.847402
vn 0.184138 -0.780223 0.597784
vn -0.009854 -0.656756 0.754039
vn -0.415919 -0.545797 0.727404
vn 0.084209 -0.854566 0.512471
vn 0.048284 -0.896403 0.440602
vn -0.233696 -0.476756 0.847402
vn -0.154087 -0.770386 0.618678
vn -0.108643 -0.687545 0.717969
vn -0.009854 -0.656756 0.754039
vn -0.233696 -0.476756 0.847402
vn -0.415919 -0.545797 0.727404
vn 0.213479 -0.904676 0.368767
vn 0.084209 -0.854566 0.512471
vn 0.788290 -0.582059 -0.199514
vn 0.084209 -0.854566 0.512471
vn 0.213479 -0.904676 0.368767
vn 0.430105 -0.861737 -0.269109
vn 0.048284 -0.896403 0.440602
vn -0.154087 -0.770386 0.618678
vn -0.108643 -0.687545 0.717969
vn 0.048284 -0.896403 0.440602
vn 0.439084 -0.879678 -0.182678
vn 0.068393 -0.609943 0.789488
vn 0.266198 -0.948734 0.170420
vn -0.075970 -0.623066 0.778471
vn 0.650179 -0.065975 -0.756911
vn 0.266198 -0.948734 0.170420
vn 0.314843 -0.942404 0.112909
vn -0.166002 -0.945994 0.278458
vn -0.379571 -0.850569 0.363948
vn -0.622570 -0.706710 0.336106
vn -0.049533 -0.921960 0.384104
vn -0.039839 -0.928866 0.368268
vn 0.098767 -0.967357 0.233378
vn 0.213479 -0.904676 0.368767
vn -0.248205 -0.538944 0.804943
vn -0.075970 -0.623066 0.778471
vn -0.140052 -0.757281 0.637896
vn -0.248205 -0.538944 0.804943
vn -0.415919 -0.545797 0.727404
vn 0.172688 -0.772985 0.610469
vn -0.140052 -0.757281 0.637896
vn 0.297010 -0.954618 -0.022115
vn -0.140052 -0.757281 0.637896
vn -0.044558 -0.512350 0.857620
vn -0.248205 -0.538944 0.804943
vn -0.610954 -0.736406 0.290589
vn -0.599181 -0.723382 0.343074
vn -0.623342 -0.694019 0.360253
vn -0.622570 -0.706710 0.336106
vn -0.599181 -0.723382 0.343074
vn -0.708762 -0.658784 0.252311
vn -0.622570 -0.706710 0.336106
vn -0.708762 -0.658784 0.252311
vn -0.676111 -0.533331 0.508362
vn -0.166002 -0.945994 0.278458
vn -0.622570 -0.706710 0.336106
vn -0.332279 -0.823854 0.459190
vn 0.082564 -0.995006 -0.056100
vn -0.166002 -0.945994 0.278458
vn -0.332279 -0.823854 0.459190
vn -0.039839 -0.928866 0.368268
vn -0.166002 -0.945994 0.278458
vn 0.066407 -0.973946 0.216840
vn -0.166002 -0.945994 0.278458
vn -0.039839 -0.928866 0.368268
vn -0.379571 -0.850569 0.363948
vn -0.315158 -0.929960 0.189342
vn -0.205348 -0.850207 0.484748
vn -0.204421 -0.915089 0.347598
vn -0.204421 -0.915089 0.347598
vn -0.049533 -0.921960 0.384104
vn 0.022516 -0.953039 0.302010
vn -0.205348 -0.850207 0.484748
vn -0.379571 -0.850569 0.363948
vn -0.039839 -0.928866 0.368268
vn -0.516568 -0.729885 0.447690
vn -0.355662 -0.757951 0.546822
vn -0.314299 -0.810037 0.495031
vn -0.623342 -0.694019 0.360253
vn -0.205348 -0.850207 0.484748
vn -0.355662 -0.757951 0.546822
vn 0.595142 -0.799765 0.078627
vn 0.229333 -0.973041 -0.024461
vn 0.195311 -0.884776 0.423113
vn 0.229333 -0.973041 -0.024461
vn -0.135558 -0.898342 0.417859
vn 0.195311 -0.884776 0.423113
vn 0.087150 -0.994368 -0.060313
vn 0.229333 -0.973041 -0.024461
vn 0.595142 -0.799765 0.078627
vn -0.135558 -0.898342 0.417859
vn 0.229333 -0.973041 -0.024461
vn -0.130253 -0.985372 -0.109896
vn -0.130253 -0.985372 -0.109896
vn 0.136804 -0.939368 -0.314441
vn -0.133690 -0.987513 0.083339
vn -0.135558 -0.898342 0.417859
vn -0.239538 -0.851966 0.465591
vn -0.098679 -0.903964 0.416068
vn 0.087150 -0.994368 -0.060313
vn 0.170441 -0.933432 -0.315682
vn -0.130253 -0.985372 -0.109896
vn 0.136804 -0.939368 -0.314441
vn 0.642277 0.480847 -0.596880
vn 0.817113 -0.298456 -0.493204
vn 0.559902 0.503000 -0.658408
vn 0.170441 -0.933432 -0.315682
vn 0.181892 -0.952413 -0.244591
vn -0.130253 -0.985372 -0.109896
vn 0.170441 -0.933432 -0.315682
vn 0.136804 -0.939368 -0.314441
vn 0.503966 0.803449 -0.316999
vn 0.642277 0.480847 -0.596880
vn 0.055938 0.996569 -0.061001
vn 0.170441 -0.933432 -0.315682
vn 0.642277 0.480847 -0.596880
vn 0.136804 -0.939368 -0.314441
vn -0.239538 -0.851966 0.465591
vn -0.365409 -0.918020 0.154000
vn -0.028601 -0.999160 0.029350
vn 0.195311 -0.884776 0.423113
vn -0.098679 -0.903964 0.416068
vn 0.236678 -0.970595 0.043929
vn -0.130253 -0.985372 -0.109896
vn -0.133690 -0.987513 0.083339
vn -0.135558 -0.898342 0.417859
vn -0.133690 -0.987513 0.083339
vn 0.136804 -0.939368 -0.314441
vn 0.817113 -0.298456 -0.493204
vn 0.097042 0.986436 -0.132387
vn 0.370015 0.247548 -0.895438
vn -0.898004 -0.221109 -0.380395
vn 0.893488 -0.368949 -0.256039
vn 0.370015 0.247548 -0.895438
vn 0.752778 0.483643 -0.446558
vn 0.294330 -0.955701 0.002320
vn 0.506478 -0.763596 -0.400500
vn 0.648575 -0.748945 -0.135763
vn -0.028601 -0.999160 0.029350
vn 0.294330 -0.955701 0.002320
vn 0.236678 -0.970595 0.043929
vn 0.808458 -0.279575 -0.517912
vn 0.294996 0.895023 -0.334531
vn 0.465946 0.742426 -0.481349
vn 0.271194 0.940660 -0.203994
vn 0.294996 0.895023 -0.334531
vn 0.465211 0.805112 -0.367931
vn -0.094215 -0.896958 -0.431961
vn 0.055484 -0.927599 -0.369434
vn -0.445117 -0.895154 0.023889
vn 0.199620 -0.934600 -0.294406
vn -0.046494 -0.908239 -0.415860
vn -0.261875 -0.964736 -0.026590
vn 0.598469 -0.786044 0.154821
vn 0.692170 -0.691829 0.205604
vn 0.703178 -0.660495 0.263225
vn 0.458539 -0.876580 0.146113
vn 0.692170 -0.691829 0.205604
vn 0.688347 -0.721520 0.074747
vn -0.624964 -0.714962 0.313447
vn 0.025148 -0.997932 0.059164
vn 0.458539 -0.876580 0.146113
vn -0.445117 -0.895154 0.023889
vn 0.055484 -0.927599 -0.369434
vn 0.025148 -0.997932 0.059164
vn 0.206973 -0.951714 0.226721
vn 0.199620 -0.934600 -0.294406
vn -0.261875 -0.964736 -0.026590
vn 0.692170 -0.691829 0.205604
vn 0.199620 -0.934600 -0.294406
vn 0.703178 -0.660495 0.263225
vn -0.688428 0.674457 -0.266788
vn -0.752681 0.617015 -0.229704
vn -0.719664 0.680501 -0.137849
vn 0.711592 0.380733 -0.590490
vn -0.752681 0.617015 -0.229704
vn 0.174979 -0.269549 -0.946956
vn 0.102109 -0.854862 -0.508709
vn 0.711592 0.380733 -0.590490
vn 0.174979 -0.269549 -0.946956
vn 0.601144 0.516416 -0.609869
vn 0.711592 0.380733 -0.590490
vn 0.546885 -0.165383 -0.820710
vn -0.216886 0.826810 -0.518985
vn -0.029711 0.828167 -0.559693
vn -0.285858 -0.084942 -0.954500
vn -0.029711 0.828167 -0.559693
vn -0.127168 0.975946 -0.177083
vn -0.015806 0.961306 -0.275028
vn -0.084895 -0.976004 -0.200521
vn -0.143585 -0.989073 0.033451
vn -0.177994 -0.981021 0.076919
vn -0.180478 -0.911819 0.368800
vn -0.143585 -0.989073 0.033451
vn -0.095778 -0.995352 -0.010023
vn 0.016804 0.996945 0.076284
vn -0.083750 0.996486 0.001079
vn -0.284772 0.956364 -0.065368
vn 0.001770 0.999999 -0.000123
vn -0.083750 0.996486 0.001079
vn -0.056654 0.997780 0.035010
vn 0.195311 -0.884776 0.423113
vn 0.598469 -0.786044 0.154821
vn 0.703178 -0.660495 0.263225
vn 0.294330 -0.955701 0.002320
vn 0.598469 -0.786044 0.154821
vn 0.236678 -0.970595 0.043929
vn 0.376048 -0.914132 0.151494
vn 0.648575 -0.748945 -0.135763
vn 0.337487 -0.717094 0.609819
vn 0.294330 -0.955701 0.002320
vn 0.648575 -0.748945 -0.135763
vn 0.688347 -0.721520 0.074747
vn 0.047068 0.989842 -0.134151
vn -0.660911 0.697940 0.275818
vn -0.719664 0.680501 -0.137849
vn 0.163432 0.981408 -0.100642
vn -0.660911 0.697940 0.275818
vn -0.405556 0.882608 0.237755
vn -0.274606 -0.961246 -0.024460
vn -0.101802 -0.923275 -0.370404
vn -0.388458 -0.857765 -0.336659
vn 0.097898 -0.971762 -0.214695
vn -0.101802 -0.923275 -0.370404
vn -0.080964 -0.996304 0.028686
vn -0.559116 -0.775532 0.293155
vn -0.610954 -0.736406 0.290589
vn -0.227226 -0.963487 0.141635
vn -0.676111 -0.533331 0.508362
vn -0.559116 -0.775532 0.293155
vn -0.560482 -0.549015 0.620035
vn -0.419800 -0.225162 0.879244
vn -0.458406 -0.772688 0.439109
vn -0.402731 0.035779 0.914619
vn -0.560482 -0.549015 0.620035
vn -0.354656 -0.891699 0.281234
vn -0.419800 -0.225162 0.879244
vn -0.061247 -0.995979 0.065375
vn -0.215747 -0.952723 0.213943
vn -0.015062 -0.999584 0.024608
vn -0.559116 -0.775532 0.293155
vn -0.215747 -0.952723 0.213943
vn -0.354656 -0.891699 0.281234
vn -0.560482 -0.549015 0.620035
vn -0.559116 -0.775532 0.293155
vn -0.354656 -0.891699 0.281234
vn -0.610954 -0.736406 0.290589
vn -0.559116 -0.775532 0.293155
vn -0.708762 -0.658784 0.252311
vn -0.354656 -0.891699 0.281234
vn -0.458406 -0.772688 0.439109
vn -0.419800 -0.225162 0.879244
vn -0.676111 -0.533331 0.508362
vn -0.560482 -0.549015 0.620035
vn -0.599217 -0.261499 0.756676
vn 0.229644 -0.720623 -0.654192
vn -0.127725 -0.781039 -0.611280
vn 0.297746 -0.784074 -0.544587
vn -0.419800 -0.225162 0.879244
vn -0.485520 -0.185206 0.854382
vn -0.560482 -0.549015 0.620035
vn -0.142682 -0.989767 -0.001972
vn -0.458406 -0.772688 0.439109
vn -0.354656 -0.891699 0.281234
vn -0.231074 -0.773013 -0.590809
vn -0.436848 -0.889295 -0.135348
vn -0.127725 -0.781039 -0.611280
vn -0.426193 -0.896677 -0.119706
vn -0.231074 -0.773013 -0.590809
vn -0.418080 -0.892350 -0.170062
vn -0.436848 -0.889295 -0.135348
vn -0.231074 -0.773013 -0.590809
vn -0.217924 -0.617901 -0.755452
vn -0.599217 -0.261499 0.756676
vn -0.460930 -0.638969 0.615843
vn -0.676111 -0.533331 0.508362
vn -0.708762 -0.658784 0.252311
vn -0.559116 -0.775532 0.293155
vn -0.676111 -0.533331 0.508362
vn -0.061247 -0.995979 0.065375
vn 0.000281 -1.000000 -0.000463
vn 0.000008 -1.000000 0.000028
vn -0.402731 0.035779 0.914619
vn -0.312385 -0.877198 0.364608
vn -0.501552 -0.272885 0.820963
vn 0.000634 -1.000000 -0.000722
vn 0.032882 -0.999447 -0.004970
vn -0.000028 -1.000000 0.000034
vn -0.000028 -1.000000 0.000034
vn -0.002740 -0.999969 0.007416
vn -0.065992 -0.991099 0.115624
vn -0.394884 -0.708244 0.585198
vn -0.402731 0.035779 0.914619
vn -0.486000 -0.097744 0.868476
vn 0.570343 -0.524775 -0.631918
vn 0.104775 -0.986080 -0.129110
vn 0.229644 -0.720623 -0.654192
vn -0.127725 -0.781039 -0.611280
vn 0.229644 -0.720623 -0.654192
vn -0.339841 -0.922940 -0.180805
vn 0.570343 -0.524775 -0.631918
vn 0.229644 -0.720623 -0.654192
vn 0.297746 -0.784074 -0.544587
vn -0.142682 -0.989767 -0.001972
vn -0.354656 -0.891699 0.281234
vn -0.061247 -0.995979 0.065375
vn -0.458406 -0.772688 0.439109
vn -0.312385 -0.877198 0.364608
vn -0.402731 0.035779 0.914619
vn -0.520951 -0.288220 0.803455
vn -0.071149 -0.987643 0.139638
vn -0.065992 -0.991099 0.115624
vn -0.486000 -0.097744 0.868476
vn -0.402731 0.035779 0.914619
vn -0.501552 -0.272885 0.820963
vn -0.527256 -0.303754 0.793558
vn -0.608255 -0.352492 0.711179
vn -0.175154 -0.957652 0.228527
vn -0.065992 -0.991099 0.115624
vn -0.608255 -0.352492 0.711179
vn -0.520951 -0.288220 0.803455
vn -0.312385 -0.877198 0.364608
vn -0.142682 -0.989767 -0.001972
vn -0.071149 -0.987643 0.139638
vn -0.486000 -0.097744 0.868476
vn -0.501552 -0.272885 0.820963
vn -0.520951 -0.288220 0.803455
vn -0.608255 -0.352492 0.711179
vn -0.622684 -0.191790 0.758605
vn -0.520951 -0.288220 0.803455
vn -0.486000 -0.097744 0.868476
vn 0.297746 -0.784074 -0.544587
vn -0.394884 -0.708244 0.585198
vn -0.527256 -0.303754 0.793558
vn -0.703666 -0.263120 0.660016
vn -0.608255 -0.352492 0.711179
vn -0.608255 -0.352492 0.711179
vn -0.703666 -0.263120 0.660016
vn -0.622684 -0.191790 0.758605
vn -0.458406 -0.772688 0.439109
vn -0.142682 -0.989767 -0.001972
vn -0.312385 -0.877198 0.364608
vn -0.061247 -0.995979 0.065375
vn 0.000008 -1.000000 0.000028
vn -0.142682 -0.989767 -0.001972
vn -0.002740 -0.999969 0.007416
vn 0.015246 -0.999707 -0.018787
vn -0.004963 -0.999867 0.015524
vn -0.175154 -0.957652 0.228527
vn -0.065992 -0.991099 0.115624
vn -0.002740 -0.999969 0.007416
vn -0.175154 -0.957652 0.228527
vn -0.608255 -0.352492 0.711179
vn -0.065992 -0.991099 0.115624
vn 0.015246 -0.999707 -0.018787
vn -0.002740 -0.999969 0.007416
vn -0.000028 -1.000000 0.000034
vn -0.071149 -0.987643 0.139638
vn -0.520951 -0.288220 0.803455
vn -0.501552 -0.272885 0.820963
vn 0.000008 -1.000000 0.000028
vn -0.000028 -1.000000 0.000034
vn -0.065992 -0.991099 0.115624
vn 0.342492 -0.922570 -0.177661
vn 0.032882 -0.999447 -0.004970
vn 0.000634 -1.000000 -0.000722
vn 0.015246 -0.999707 -0.018787
vn 0.032882 -0.999447 -0.004970
vn 0.459986 -0.850301 -0.255735
vn -0.312385 -0.877198 0.364608
vn -0.071149 -0.987643 0.139638
vn -0.501552 -0.272885 0.820963
vn 0.000008 -1.000000 0.000028
vn -0.065992 -0.991099 0.115624
vn -0.071149 -0.987643 0.139638
vn 0.297746 -0.784074 -0.544587
vn -0.486000 -0.097744 0.868476
vn 0.222099 -0.972798 -0.065852
vn -0.520951 -0.288220 0.803455
vn -0.622684 -0.191790 0.758605
vn -0.486000 -0.097744 0.868476
vn 0.229816 -0.927873 -0.293660
vn -0.622684 -0.191790 0.758605
vn -0.703666 -0.263120 0.660016
vn -0.486000 -0.097744 0.868476
vn -0.622684 -0.191790 0.758605
vn 0.222099 -0.972798 -0.065852
vn 0.340557 -0.847431 -0.407286
vn 0.229816 -0.927873 -0.293660
vn -0.703666 -0.263120 0.660016
vn 0.570343 -0.524775 -0.631918
vn 0.229816 -0.927873 -0.293660
vn 0.523707 -0.634441 -0.568521
vn 0.905187 -0.403322 0.134047
vn 0.615038 0.366351 -0.698223
vn 0.313906 0.915509 -0.251609
vn 0.632524 -0.334346 -0.698660
vn 0.905187 -0.403322 0.134047
vn 0.937620 0.326133 0.120442
vn 0.191307 0.843131 -0.502525
vn 0.388711 0.780081 -0.490284
vn 0.449543 0.353839 -0.820188
vn 0.308842 0.680075 -0.664917
vn 0.388711 0.780081 -0.490284
vn 0.468220 0.633414 -0.616082
vn 0.004983 0.485148 -0.874418
vn 0.191307 0.843131 -0.502525
vn 0.449543 0.353839 -0.820188
vn 0.788290 -0.582059 -0.199514
vn 0.558064 0.241231 -0.793960
vn 0.082851 0.737213 -0.670561
vn 0.468220 0.633414 -0.616082
vn 0.191307 0.843131 -0.502525
vn 0.558064 0.241231 -0.793960
vn 0.558064 0.241231 -0.793960
vn 0.191307 0.843131 -0.502525
vn 0.082851 0.737213 -0.670561
vn 0.006162 -0.992249 -0.124115
vn -0.012145 -0.886349 -0.462858
vn -0.151836 -0.964171 -0.217530
vn -0.355689 -0.924626 0.136208
vn -0.012145 -0.886349 -0.462858
vn 0.019046 -0.996219 0.084760
vn -0.262211 -0.950282 -0.167957
vn -0.640097 -0.768167 -0.013973
vn -0.380084 -0.921662 0.077949
vn -0.515242 -0.855897 -0.044343
vn -0.548153 -0.832210 -0.083403
vn -0.640097 -0.768167 -0.013973
vn -0.106139 -0.993916 -0.029405
vn -0.143325 -0.989670 -0.003351
vn -0.102412 -0.923326 0.370110
vn -0.270392 -0.955672 0.116530
vn -0.280176 -0.945437 0.166283
vn -0.180478 -0.911819 0.368800
vn -0.106139 -0.993916 -0.029405
vn -0.095778 -0.995352 -0.010023
vn 0.163624 -0.839846 -0.517576
vn -0.143325 -0.989670 -0.003351
vn -0.106139 -0.993916 -0.029405
vn -0.008335 -0.999626 -0.026043
vn 0.219381 -0.948924 -0.226750
vn -0.143325 -0.989670 -0.003351
vn -0.008335 -0.999626 -0.026043
vn 0.039404 -0.991077 -0.127331
vn -0.143325 -0.989670 -0.003351
vn 0.028918 -0.996472 -0.078781
vn -0.481954 -0.874939 -0.046922
vn -0.517610 -0.799145 -0.305691
vn -0.328917 -0.899300 -0.288225
vn -0.270392 -0.955672 0.116530
vn -0.102412 -0.923326 0.370110
vn -0.517610 -0.799145 -0.305691
vn -0.128203 -0.696810 0.705705
vn 0.058077 -0.990373 0.125651
vn -0.180478 -0.911819 0.368800
vn 0.058077 -0.990373 0.125651
vn -0.143585 -0.989073 0.033451
vn -0.180478 -0.911819 0.368800
vn 0.548200 0.646596 0.530463
vn 0.058077 -0.990373 0.125651
vn -0.128203 -0.696810 0.705705
vn -0.143585 -0.989073 0.033451
vn 0.058077 -0.990373 0.125651
vn -0.148885 -0.976227 -0.157523
vn 0.074989 0.993926 -0.080551
vn 0.329832 0.943751 0.023359
vn 0.276629 0.917760 0.284944
vn 0.116158 0.993178 0.010246
vn 0.074989 0.993926 -0.080551
vn -0.060665 0.957436 -0.282198
vn 0.098767 -0.967357 0.233378
vn -0.039839 -0.928866 0.368268
vn 0.066407 -0.973946 0.216840
vn -0.205348 -0.850207 0.484748
vn -0.039839 -0.928866 0.368268
vn -0.049533 -0.921960 0.384104
vn 0.503966 0.803449 -0.316999
vn 0.087422 -0.995795 0.027386
vn 0.817113 -0.298456 -0.493204
vn -0.133690 -0.987513 0.083339
vn 0.817113 -0.298456 -0.493204
vn 0.087422 -0.995795 0.027386
vn -0.209139 -0.977796 -0.013225
vn -0.028601 -0.999160 0.029350
vn -0.365409 -0.918020 0.154000
vn -0.028601 -0.999160 0.029350
vn 0.076959 -0.996765 0.023166
vn 0.294330 -0.955701 0.002320
vn -0.388458 -0.857765 -0.336659
vn -0.279172 -0.692313 -0.665406
vn -0.426193 -0.896677 -0.119706
vn -0.521227 -0.770032 0.367930
vn -0.217924 -0.617901 -0.755452
vn -0.188181 -0.862244 -0.470237
vn -0.418080 -0.892350 -0.170062
vn -0.231074 -0.773013 -0.590809
vn -0.127725 -0.781039 -0.611280
vn -0.279172 -0.692313 -0.665406
vn -0.231074 -0.773013 -0.590809
vn -0.426193 -0.896677 -0.119706
vn -0.188181 -0.862244 -0.470237
vn -0.279172 -0.692313 -0.665406
vn -0.388458 -0.857765 -0.336659
vn -0.231074 -0.773013 -0.590809
vn -0.279172 -0.692313 -0.665406
vn -0.217924 -0.617901 -0.755452
vn -0.460930 -0.638969 0.615843
vn -0.188181 -0.862244 -0.470237
vn -0.064170 -0.987903 0.141171
vn -0.485520 -0.185206 0.854382
vn -0.521227 -0.770032 0.367930
vn -0.599217 -0.261499 0.756676
vn -0.332279 -0.823854 0.459190
vn -0.460930 -0.638969 0.615843
vn -0.064170 -0.987903 0.141171
vn -0.599217 -0.261499 0.756676
vn -0.521227 -0.770032 0.367930
vn -0.460930 -0.638969 0.615843
vn -0.560482 -0.549015 0.620035
vn -0.485520 -0.185206 0.854382
vn -0.599217 -0.261499 0.756676
vn -0.436848 -0.889295 -0.135348
vn -0.419800 -0.225162 0.879244
vn -0.394884 -0.708244 0.585198
vn -0.521227 -0.770032 0.367930
vn -0.436848 -0.889295 -0.135348
vn -0.217924 -0.617901 -0.755452
vn -0.419800 -0.225162 0.879244
vn -0.436848 -0.889295 -0.135348
vn -0.485520 -0.185206 0.854382
vn 0.027751 -0.911445 0.410484
vn 0.266659 -0.881865 0.388854
vn 0.244139 -0.920696 0.304491
vn -0.119959 -0.956282 0.266709
vn 0.266659 -0.881865 0.388854
vn -0.190463 -0.943595 0.270835
s off
g Clothes2
usemtl FABRIC_1_FRONT_2368
f 68/1/1 43/2/2 51/3/3
f 2/4/4 1/5/5 68/1/6
f 94/6/7 67/7/8 66/8/9
f 69/9/10 41/10/11 52/11/12
f 2/4/13 57/12/14 67/7/15
f 94/6/16 4/13/17 3/14/18
f 174/15/19 212/16/20 172/17/21
f 42/18/22 51/3/23 43/2/24
f 48/19/25 58/20/26 52/11/27
f 70/21/28 96/22/29 59/23/30
f 67/7/31 3/14/32 2/4/33
f 95/24/34 153/25/35 117/26/36
f 116/27/37 47/28/38 118/29/39
f 40/30/40 52/11/41 41/10/42
f 120/31/43 52/11/44 59/23/45
f 74/32/46 56/33/47 77/34/48
f 126/35/49 2/36/50 3/37/51
f 122/38/52 63/39/53 61/40/54
f 31/41/55 75/42/56 32/43/57
f 53/44/58 59/23/59 71/45/60
f 76/46/61 67/7/62 57/12/63
f 120/31/64 48/19/65 52/11/66
f 7/47/67 6/48/68 79/49/69
f 89/50/70 58/20/71 48/19/72
f 163/51/73 276/52/74 275/53/75
f 100/54/76 6/48/77 5/55/78
f 118/29/79 47/28/80 58/20/81
f 79/49/82 81/56/83 8/57/84
f 94/6/85 102/58/86 4/13/87
f 9/59/88 105/60/89 104/61/90
f 8/57/91 105/60/92 9/59/93
f 109/62/94 142/63/95 141/64/96
f 11/65/97 144/66/98 12/67/99
f 132/68/100 134/69/101 10/70/102
f 32/43/103 74/32/104 33/71/105
f 57/12/106 68/1/107 51/3/108
f 195/72/109 226/73/110 184/74/111
f 12/67/112 168/75/113 13/76/114
f 72/77/115 124/78/116 60/79/117
f 13/76/118 169/80/119 14/81/120
f 12/67/121 144/66/122 168/75/123
f 34/82/124 62/83/125 61/40/126
f 9/59/127 132/68/128 10/70/129
f 52/11/130 58/20/131 69/9/132
f 14/81/133 169/80/134 171/84/135
f 72/77/136 38/85/137 37/86/138
f 14/81/139 171/84/140 15/87/141
f 43/2/142 68/1/143 1/5/144
f 55/88/145 50/89/146 129/90/147
f 124/78/148 37/86/149 36/91/150
f 98/92/151 91/93/152 122/38/153
f 61/40/154 62/83/155 54/94/156
f 55/88/157 31/41/158 30/95/159
f 32/43/160 75/42/161 74/32/162
f 54/94/163 122/38/164 61/40/165
f 55/88/166 73/96/167 162/97/168
f 62/83/169 78/98/170 98/92/171
f 65/99/172 75/42/173 55/88/174
f 1/100/175 2/36/176 125/101/177
f 36/91/178 35/102/179 63/39/180
f 124/78/181 63/39/182 157/103/183
f 92/104/184 127/105/185 64/106/186
f 108/107/187 27/108/188 137/109/189
f 40/30/190 70/21/191 52/11/192
f 30/95/193 73/96/194 55/88/195
f 3/37/196 4/110/197 115/111/198
f 71/45/199 39/112/200 38/85/201
f 125/101/202 92/104/203 64/106/204
f 62/83/205 34/82/206 33/71/207
f 5/113/208 6/114/209 109/62/210
f 113/115/211 149/116/212 150/117/213
f 34/82/214 61/40/215 35/102/216
f 57/12/217 2/4/218 68/1/219
f 57/12/220 47/28/221 76/46/222
f 138/118/223 136/119/224 139/120/225
f 193/121/226 196/122/227 227/123/228
f 128/124/229 93/125/230 276/52/231
f 128/124/232 129/90/233 93/125/234
f 77/34/235 78/98/236 62/83/237
f 172/17/238 17/126/239 16/127/240
f 28/128/241 82/129/242 7/130/243
f 143/131/244 108/107/245 84/132/246
f 39/112/247 96/22/248 70/21/249
f 131/133/250 49/134/251 78/98/252
f 237/135/253 120/31/254 53/44/255
f 150/117/256 114/136/257 185/137/258
f 284/138/259 194/139/260 281/140/261
f 24/141/262 147/142/263 25/143/264
f 23/144/265 22/145/266 149/116/267
f 155/146/268 258/147/269 199/148/270
f 57/12/271 51/3/272 47/28/273
f 138/118/274 26/149/275 165/150/276
f 84/132/277 6/114/278 82/129/279
f 47/28/280 51/3/281 58/20/282
f 42/18/283 69/9/284 51/3/285
f 35/102/286 61/40/287 63/39/288
f 126/35/289 125/101/290 2/36/291
f 73/96/292 29/151/293 64/106/294
f 41/10/295 69/9/296 42/18/297
f 58/20/298 51/3/299 69/9/300
f 39/112/301 70/21/302 40/30/303
f 59/23/304 52/11/305 70/21/306
f 72/77/307 71/45/308 38/85/309
f 71/45/310 60/79/311 204/152/312
f 124/78/313 72/77/314 37/86/315
f 71/45/316 72/77/317 60/79/318
f 29/151/319 73/96/320 30/95/321
f 73/96/322 64/106/323 162/97/324
f 74/32/325 65/99/326 128/124/327
f 62/83/328 33/71/329 74/32/330
f 55/88/331 75/42/332 31/41/333
f 74/32/334 75/42/335 65/99/336
f 116/27/337 76/46/338 47/28/339
f 67/7/340 76/46/341 66/8/342
f 78/98/343 77/34/344 56/33/345
f 62/83/346 74/32/347 77/34/348
f 163/51/349 275/53/350 131/133/351
f 98/92/352 78/98/353 49/134/354
f 100/54/355 81/56/356 79/49/357
f 8/57/358 7/47/359 79/49/360
f 66/8/361 102/58/362 94/6/363
f 235/153/364 99/154/365 104/61/366
f 100/54/367 79/49/368 6/48/369
f 81/56/370 80/155/371 104/61/372
f 108/107/373 28/128/374 27/108/375
f 6/114/376 7/130/377 82/129/378
f 135/156/379 27/108/380 26/149/381
f 160/157/382 88/158/383 161/159/384
f 143/131/385 28/128/386 108/107/387
f 84/132/388 83/160/389 142/63/390
f 48/19/391 119/161/392 89/50/393
f 183/162/394 190/163/395 87/164/396
f 210/165/397 131/133/398 97/166/399
f 249/167/400 207/168/401 251/169/402
f 20/170/403 151/171/404 21/172/405
f 186/173/406 150/117/407 185/137/408
f 141/64/409 4/110/410 5/113/411
f 127/105/412 160/157/413 130/174/414
f 48/19/415 120/31/416 119/161/417
f 89/50/418 44/175/419 116/27/420
f 202/176/421 155/146/422 201/177/423
f 44/175/424 89/50/425 119/161/426
f 240/178/427 239/179/428 121/180/429
f 122/38/430 157/103/431 63/39/432
f 92/104/433 126/35/434 115/111/435
f 127/105/436 92/104/437 159/181/438
f 130/174/439 93/125/440 129/90/441
f 273/182/442 275/53/443 276/52/444
f 67/7/445 94/6/446 3/14/447
f 66/8/448 153/25/449 102/58/450
f 116/27/451 117/26/452 153/25/453
f 100/54/454 101/183/455 103/184/456
f 39/112/457 71/45/458 96/22/459
f 59/23/460 96/22/461 71/45/462
f 131/133/463 78/98/464 163/51/465
f 280/185/466 45/186/467 245/187/468
f 91/93/469 98/92/470 49/134/471
f 62/83/472 98/92/473 54/94/474
f 198/188/475 200/189/476 117/26/477
f 233/190/478 230/191/479 231/192/480
f 101/183/481 100/54/482 5/55/483
f 80/155/484 81/56/485 100/54/486
f 4/13/487 101/183/488 5/55/489
f 103/184/490 101/183/491 95/24/492
f 95/24/493 101/183/494 102/58/495
f 4/13/496 102/58/497 101/183/498
f 236/193/499 95/24/500 117/26/501
f 100/54/502 103/184/503 80/155/504
f 235/153/505 80/155/506 200/189/507
f 132/68/508 104/61/509 99/154/510
f 8/57/511 81/56/512 105/60/513
f 104/61/514 105/60/515 81/56/516
f 147/142/517 136/119/518 165/150/519
f 252/194/520 207/168/521 106/195/522
f 83/160/523 206/196/524 142/63/525
f 107/197/526 206/196/527 115/111/528
f 27/108/529 135/156/530 137/109/531
f 83/160/532 84/132/533 108/107/534
f 6/114/535 84/132/536 109/62/537
f 109/62/538 84/132/539 142/63/540
f 134/69/541 166/198/542 10/70/543
f 218/199/544 216/200/545 145/201/546
f 265/202/547 247/203/548 244/204/549
f 180/205/550 182/206/551 152/207/552
f 186/173/553 188/208/554 113/115/555
f 192/209/556 148/210/557 188/208/558
f 191/211/559 186/173/560 87/164/561
f 112/212/562 147/142/563 148/210/564
f 20/170/565 177/213/566 151/171/567
f 151/171/568 152/207/569 114/136/570
f 115/111/571 4/110/572 141/64/573
f 115/111/574 88/158/575 159/181/576
f 116/27/577 44/175/578 117/26/579
f 76/46/580 116/27/581 66/8/582
f 117/26/583 44/175/584 198/188/585
f 103/184/586 95/24/587 236/193/588
f 58/20/589 89/50/590 118/29/591
f 116/27/592 118/29/593 89/50/594
f 237/135/595 90/214/596 120/31/597
f 90/214/598 201/177/599 119/161/600
f 53/44/601 120/31/602 59/23/603
f 119/161/604 120/31/605 90/214/606
f 204/152/607 205/215/608 158/216/609
f 242/217/610 203/218/611 91/93/612
f 98/92/613 122/38/614 54/94/615
f 157/103/616 122/38/617 91/93/618
f 123/219/619 157/103/620 203/218/621
f 158/216/622 238/220/623 204/152/624
f 63/39/625 124/78/626 36/91/627
f 124/78/628 123/219/629 205/215/630
f 64/106/631 29/151/632 125/101/633
f 1/100/634 125/101/635 29/151/636
f 115/111/637 126/35/638 3/37/639
f 125/101/640 126/35/641 92/104/642
f 127/105/643 159/181/644 160/157/645
f 162/97/646 127/105/647 130/174/648
f 74/32/649 128/124/650 56/33/651
f 129/90/652 128/124/653 65/99/654
f 55/88/655 129/90/656 65/99/657
f 130/174/658 129/90/659 50/89/660
f 130/174/661 50/89/662 162/97/663
f 273/182/664 130/174/665 46/221/666
f 163/51/667 78/98/668 56/33/669
f 280/185/670 164/222/671 210/165/672
f 104/61/673 132/68/674 9/59/675
f 99/154/676 133/223/677 134/69/678
f 231/192/679 230/191/680 154/224/681
f 166/198/682 167/225/683 144/66/684
f 99/154/685 134/69/686 132/68/687
f 134/69/688 133/223/689 166/198/690
f 26/149/691 25/143/692 165/150/693
f 135/156/694 106/195/695 137/109/696
f 140/226/697 86/227/698 139/120/699
f 106/195/700 135/156/701 138/118/702
f 250/228/703 106/195/704 207/168/705
f 108/107/706 137/109/707 250/228/708
f 26/149/709 138/118/710 135/156/711
f 136/119/712 140/226/713 139/120/714
f 139/120/715 86/227/716 209/229/717
f 106/195/718 138/118/719 139/120/720
f 136/119/721 112/212/722 140/226/723
f 192/209/724 189/230/725 112/212/726
f 109/62/727 141/64/728 5/113/729
f 115/111/730 141/64/731 107/197/732
f 83/160/733 249/167/734 206/196/735
f 142/63/736 107/197/737 141/64/738
f 84/132/739 82/129/740 143/131/741
f 28/128/742 143/131/743 82/129/744
f 166/198/745 144/66/746 11/65/747
f 211/231/748 168/75/749 144/66/750
f 253/232/751 219/233/752 221/234/753
f 215/235/754 214/236/755 146/237/756
f 173/238/757 15/87/758 170/239/759
f 178/240/760 180/205/761 152/207/762
f 24/141/763 23/144/764 175/241/765
f 136/119/766 147/142/767 112/212/768
f 175/241/769 147/142/770 24/141/771
f 148/210/772 175/241/773 149/116/774
f 22/145/775 21/172/776 176/242/777
f 148/210/778 149/116/779 113/115/780
f 176/242/781 149/116/782 22/145/783
f 150/117/784 176/242/785 151/171/786
f 177/213/787 20/170/788 19/243/789
f 150/117/790 151/171/791 114/136/792
f 18/244/793 178/240/794 19/243/795
f 212/16/796 174/15/797 178/240/798
f 102/58/799 153/25/800 95/24/801
f 116/27/802 153/25/803 66/8/804
f 199/148/805 229/245/806 201/177/807
f 232/246/808 221/234/809 110/247/810
f 228/248/811 258/147/812 241/249/813
f 240/178/814 241/249/815 155/146/816
f 242/217/817 243/250/818 156/251/819
f 245/187/820 263/252/821 265/202/822
f 203/218/823 157/103/824 91/93/825
f 124/78/826 157/103/827 123/219/828
f 205/215/829 248/253/830 158/216/831
f 239/179/832 202/176/833 238/220/834
f 115/111/835 159/181/836 92/104/837
f 160/157/838 159/181/839 88/158/840
f 88/158/841 206/196/842 161/159/843
f 130/174/844 160/157/845 46/221/846
f 108/107/847 250/228/848 83/160/849
f 160/157/850 161/159/851 266/254/852
f 162/97/853 50/89/854 55/88/855
f 64/106/856 127/105/857 162/97/858
f 276/52/859 56/33/860 128/124/861
f 271/255/862 273/182/863 46/221/864
f 243/250/865 244/204/866 156/251/867
f 210/165/868 243/250/869 131/133/870
f 147/142/871 165/150/872 25/143/873
f 138/118/874 165/150/875 136/119/876
f 166/198/877 11/65/878 10/70/879
f 167/225/880 166/198/881 133/223/882
f 99/154/883 233/190/884 133/223/885
f 211/231/886 167/225/887 110/247/888
f 144/66/889 167/225/890 211/231/891
f 169/80/892 168/75/893 145/201/894
f 168/75/895 169/80/896 13/76/897
f 145/201/898 170/239/899 171/84/900
f 223/256/901 214/236/902 215/235/903
f 146/237/904 172/17/905 173/238/906
f 145/201/907 171/84/908 169/80/909
f 15/87/910 171/84/911 170/239/912
f 173/238/913 172/17/914 16/127/915
f 172/17/916 146/237/917 174/15/918
f 15/87/919 173/238/920 16/127/921
f 173/238/922 170/239/923 215/235/924
f 181/257/925 179/258/926 180/205/927
f 178/240/928 152/207/929 177/213/930
f 149/116/931 175/241/932 23/144/933
f 147/142/934 175/241/935 148/210/936
f 151/171/937 176/242/938 21/172/939
f 149/116/940 176/242/941 150/117/942
f 178/240/943 177/213/944 19/243/945
f 151/171/946 177/213/947 152/207/948
f 212/16/949 178/240/950 18/244/951
f 181/257/952 213/259/953 146/237/954
f 197/260/955 187/261/956 191/211/957
f 183/162/958 185/137/959 182/206/960
f 213/259/961 178/240/962 174/15/963
f 182/206/964 180/205/965 179/258/966
f 213/259/967 181/257/968 180/205/969
f 146/237/970 214/236/971 181/257/972
f 183/162/973 182/206/974 179/258/975
f 152/207/976 182/206/977 114/136/978
f 195/72/979 184/74/980 190/163/981
f 185/137/982 183/162/983 87/164/984
f 190/163/985 196/122/986 195/72/987
f 226/73/988 193/121/989 225/262/990
f 186/173/991 185/137/992 87/164/993
f 182/206/994 185/137/995 114/136/996
f 191/211/997 188/208/998 186/173/999
f 150/117/1000 186/173/1001 113/115/1002
f 87/164/1003 197/260/1004 191/211/1005
f 112/212/1006 189/230/1007 140/226/1008
f 187/261/1009 189/230/1010 192/209/1011
f 148/210/1012 113/115/1013 188/208/1014
f 286/263/1015 187/261/1016 284/138/1017
f 86/227/1018 140/226/1019 189/230/1020
f 196/122/1021 183/162/1022 179/258/1023
f 184/74/1024 194/139/1025 197/260/1026
f 197/260/1027 87/164/1028 190/163/1029
f 187/261/1030 188/208/1031 191/211/1032
f 148/210/1033 192/209/1034 112/212/1035
f 187/261/1036 192/209/1037 188/208/1038
f 227/123/1039 179/258/1040 181/257/1041
f 220/264/1042 224/265/1043 111/266/1044
f 264/267/1045 262/268/1046 263/252/1047
f 45/186/1048 283/269/1049 264/267/1050
f 196/122/1051 190/163/1052 183/162/1053
f 226/73/1054 195/72/1055 193/121/1056
f 227/123/1057 196/122/1058 179/258/1059
f 195/72/1060 196/122/1061 193/121/1062
f 184/74/1063 197/260/1064 190/163/1065
f 197/260/1066 194/139/1067 187/261/1068
f 229/245/1069 44/175/1070 119/161/1071
f 200/189/1072 198/188/1073 154/224/1074
f 154/224/1075 198/188/1076 199/148/1077
f 198/188/1078 44/175/1079 229/245/1080
f 230/191/1081 200/189/1082 154/224/1083
f 80/155/1084 103/184/1085 236/193/1086
f 201/177/1087 90/214/1088 237/135/1089
f 199/148/1090 201/177/1091 155/146/1092
f 238/220/1093 53/44/1094 204/152/1095
f 240/178/1096 202/176/1097 239/179/1098
f 242/217/1099 91/93/1100 49/134/1101
f 203/218/1102 156/251/1103 261/270/1104
f 71/45/1105 204/152/1106 53/44/1107
f 205/215/1108 204/152/1109 60/79/1110
f 124/78/1111 205/215/1112 60/79/1113
f 248/253/1114 205/215/1115 123/219/1116
f 115/111/1117 206/196/1118 88/158/1119
f 142/63/1120 206/196/1121 107/197/1122
f 209/229/1123 252/194/1124 139/120/1125
f 249/167/1126 251/169/1127 161/159/1128
f 272/271/1129 274/272/1130 267/273/1131
f 46/221/1132 160/157/1133 266/254/1134
f 274/272/1135 209/229/1136 86/227/1137
f 209/229/1138 208/274/1139 252/194/1140
f 280/185/1141 210/165/1142 97/166/1143
f 210/165/1144 164/222/1145 243/250/1146
f 211/231/1147 110/247/1148 219/233/1149
f 145/201/1150 168/75/1151 211/231/1152
f 18/244/1153 17/126/1154 212/16/1155
f 172/17/1156 212/16/1157 17/126/1158
f 178/240/1159 213/259/1160 180/205/1161
f 146/237/1162 213/259/1163 174/15/1164
f 146/237/1165 173/238/1166 215/235/1167
f 111/266/1168 181/257/1169 214/236/1170
f 145/201/1171 216/200/1172 170/239/1173
f 215/235/1174 170/239/1175 216/200/1176
f 218/199/1177 145/201/1178 219/233/1179
f 216/200/1180 218/199/1181 220/264/1182
f 111/266/1183 224/265/1184 225/262/1185
f 216/200/1186 220/264/1187 223/256/1188
f 145/201/1189 211/231/1190 219/233/1191
f 220/264/1192 218/199/1193 217/275/1194
f 221/234/1195 219/233/1196 110/247/1197
f 217/275/1198 218/199/1199 219/233/1200
f 224/265/1201 220/264/1202 255/276/1203
f 111/266/1204 214/236/1205 223/256/1206
f 99/154/1207 230/191/1208 233/190/1209
f 253/232/1210 221/234/1211 85/277/1212
f 255/276/1213 253/232/1214 254/278/1215
f 268/279/1216 241/249/1217 121/180/1218
f 216/200/1219 223/256/1220 215/235/1221
f 111/266/1222 223/256/1223 220/264/1224
f 255/276/1225 220/264/1226 217/275/1227
f 225/262/1228 224/265/1229 222/280/1230
f 222/280/1231 279/281/1232 225/262/1233
f 225/262/1234 193/121/1235 227/123/1236
f 222/280/1237 255/276/1238 254/278/1239
f 184/74/1240 226/73/1241 262/268/1242
f 181/257/1243 111/266/1244 227/123/1245
f 225/262/1246 227/123/1247 111/266/1248
f 260/282/1249 221/234/1250 234/283/1251
f 258/147/1252 259/284/1253 199/148/1254
f 201/177/1255 229/245/1256 119/161/1257
f 198/188/1258 229/245/1259 199/148/1260
f 154/224/1261 259/284/1262 231/192/1263
f 235/153/1264 230/191/1265 99/154/1266
f 232/246/1267 234/283/1268 221/234/1269
f 232/246/1270 110/247/1271 167/225/1272
f 133/223/1273 232/246/1274 167/225/1275
f 232/246/1276 231/192/1277 234/283/1278
f 231/192/1279 232/246/1280 233/190/1281
f 133/223/1282 233/190/1283 232/246/1284
f 231/192/1285 228/248/1286 234/283/1287
f 260/282/1288 234/283/1289 228/248/1290
f 80/155/1291 235/153/1292 104/61/1293
f 230/191/1294 235/153/1295 200/189/1296
f 117/26/1297 200/189/1298 236/193/1299
f 236/193/1300 200/189/1301 80/155/1302
f 238/220/1303 237/135/1304 53/44/1305
f 201/177/1306 237/135/1307 202/176/1308
f 238/220/1309 158/216/1310 239/179/1311
f 237/135/1312 238/220/1313 202/176/1314
f 239/179/1315 158/216/1316 248/253/1317
f 269/285/1318 261/270/1319 156/251/1320
f 240/178/1321 121/180/1322 241/249/1323
f 155/146/1324 202/176/1325 240/178/1326
f 257/286/1327 254/278/1328 85/277/1329
f 288/287/1330 241/249/1331 268/279/1332
f 243/250/1333 242/217/1334 49/134/1335
f 156/251/1336 203/218/1337 242/217/1338
f 243/250/1339 49/134/1340 131/133/1341
f 243/250/1342 164/222/1343 244/204/1344
f 164/222/1345 245/187/1346 244/204/1347
f 263/252/1348 245/187/1349 45/186/1350
f 280/185/1351 245/187/1352 164/222/1353
f 262/268/1354 264/267/1355 184/74/1356
f 278/288/1357 279/281/1358 254/278/1359
f 244/204/1360 247/203/1361 156/251/1362
f 256/289/1363 269/285/1364 270/290/1365
f 269/285/1366 239/179/1367 261/270/1368
f 123/219/1369 203/218/1370 248/253/1371
f 248/253/1372 203/218/1373 261/270/1374
f 206/196/1375 249/167/1376 161/159/1377
f 250/228/1378 249/167/1379 83/160/1380
f 106/195/1381 250/228/1382 137/109/1383
f 249/167/1384 250/228/1385 207/168/1386
f 252/194/1387 251/169/1388 207/168/1389
f 272/271/1390 208/274/1391 274/272/1392
f 252/194/1393 106/195/1394 139/120/1395
f 251/169/1396 252/194/1397 208/274/1398
f 253/232/1399 85/277/1400 254/278/1401
f 219/233/1402 253/232/1403 217/275/1404
f 85/277/1405 288/287/1406 257/286/1407
f 278/288/1408 254/278/1409 257/286/1410
f 224/265/1411 255/276/1412 222/280/1413
f 253/232/1414 255/276/1415 217/275/1416
f 256/289/1417 268/279/1418 269/285/1419
f 270/290/1420 247/203/1421 246/291/1422
f 85/277/1423 260/282/1424 288/287/1425
f 278/288/1426 256/289/1427 270/290/1428
f 241/249/1429 258/147/1430 155/146/1431
f 259/284/1432 258/147/1433 228/248/1434
f 231/192/1435 259/284/1436 228/248/1437
f 199/148/1438 259/284/1439 154/224/1440
f 288/287/1441 228/248/1442 241/249/1443
f 221/234/1444 260/282/1445 85/277/1446
f 269/285/1447 156/251/1448 247/203/1449
f 248/253/1450 261/270/1451 239/179/1452
f 277/292/1453 262/268/1454 226/73/1455
f 263/252/1456 262/268/1457 246/291/1458
f 263/252/1459 246/291/1460 265/202/1461
f 264/267/1462 263/252/1463 45/186/1464
f 283/269/1465 45/186/1466 280/185/1467
f 184/74/1468 264/267/1469 194/139/1470
f 245/187/1471 265/202/1472 244/204/1473
f 246/291/1474 247/203/1475 265/202/1476
f 161/159/1477 251/169/1478 266/254/1479
f 46/221/1480 266/254/1481 251/169/1482
f 46/221/1483 251/169/1484 271/255/1485
f 271/255/1486 251/169/1487 272/271/1488
f 269/285/1489 268/279/1490 121/180/1491
f 288/287/1492 268/279/1493 256/289/1494
f 269/285/1495 121/180/1496 239/179/1497
f 269/285/1498 247/203/1499 270/290/1500
f 277/292/1501 270/290/1502 246/291/1503
f 278/288/1504 257/286/1505 256/289/1506
f 272/271/1507 251/169/1508 208/274/1509
f 273/182/1510 271/255/1511 267/273/1512
f 208/274/1513 209/229/1514 274/272/1515
f 267/273/1516 271/255/1517 272/271/1518
f 273/182/1519 267/273/1520 275/53/1521
f 273/182/1522 93/125/1523 130/174/1524
f 194/139/1525 284/138/1526 187/261/1527
f 267/273/1528 274/272/1529 282/293/1530
f 267/273/1531 97/166/1532 275/53/1533
f 131/133/1534 275/53/1535 97/166/1536
f 56/33/1537 276/52/1538 163/51/1539
f 93/125/1540 273/182/1541 276/52/1542
f 262/268/1543 277/292/1544 246/291/1545
f 225/262/1546 279/281/1547 226/73/1548
f 270/290/1549 277/292/1550 278/288/1551
f 277/292/1552 226/73/1553 279/281/1554
f 254/278/1555 279/281/1556 222/280/1557
f 277/292/1558 279/281/1559 278/288/1560
f 97/166/1561 282/293/1562 280/185/1563
f 264/267/1564 281/140/1565 194/139/1566
f 287/294/1567 280/185/1568 282/293/1569
f 86/227/1570 189/230/1571 286/263/1572
f 267/273/1573 282/293/1574 97/166/1575
f 274/272/1576 285/295/1577 287/294/1578
f 287/294/1579 283/269/1580 280/185/1581
f 264/267/1582 283/269/1583 281/140/1584
f 285/295/1585 284/138/1586 281/140/1587
f 286/263/1588 189/230/1589 187/261/1590
f 287/294/1591 285/295/1592 281/140/1593
f 274/272/1594 86/227/1595 285/295/1596
f 284/138/1597 285/295/1598 286/263/1599
f 86/227/1600 286/263/1601 285/295/1602
f 287/294/1603 281/140/1604 283/269/1605
f 274/272/1606 287/294/1607 282/293/1608
f 257/286/1609 288/287/1610 256/289/1611
f 228/248/1612 288/287/1613 260/282/1614
f 339/296/1615 357/297/1616 317/298/1617
f 419/299/1618 335/300/1619 421/301/1620
f 346/302/1621 339/296/1622 354/303/1623
f 318/304/1624 339/296/1625 317/298/1626
f 290/305/1627 347/306/1628 356/307/1629
f 460/308/1630 523/309/1631 494/310/1632
f 364/311/1633 356/307/1634 347/306/1635
f 385/312/1636 391/313/1637 292/314/1638
f 354/303/1639 340/315/1640 346/302/1641
f 398/316/1642 402/317/1643 404/318/1644
f 346/302/1645 335/300/1646 339/296/1647
f 417/319/1648 416/320/1649 353/321/1650
f 384/322/1651 353/321/1652 331/323/1653
f 356/307/1654 291/324/1655 290/305/1656
f 341/325/1657 348/326/1658 359/327/1659
f 427/328/1660 383/329/1661 429/330/1662
f 424/331/1663 425/332/1664 382/333/1665
f 423/334/1666 340/315/1667 348/326/1668
f 352/335/1669 349/336/1670 360/337/1671
f 319/338/1672 320/339/1673 340/315/1674
f 319/338/1675 354/303/1676 318/304/1677
f 363/340/1678 323/341/1679 324/342/1680
f 295/343/1681 294/344/1682 365/345/1683
f 336/346/1684 380/347/1685 346/302/1686
f 389/348/1687 294/344/1688 293/349/1689
f 298/350/1690 454/351/1691 297/352/1692
f 347/306/1693 357/297/1694 339/296/1695
f 393/353/1696 315/354/1697 316/355/1698
f 395/356/1699 315/354/1700 394/357/1701
f 394/357/1702 388/358/1703 395/356/1704
f 365/345/1705 367/359/1706 316/355/1707
f 361/360/1708 362/361/1709 351/362/1710
f 312/363/1711 313/364/1712 405/365/1713
f 405/365/1714 313/364/1715 401/366/1716
f 498/367/1717 525/368/1718 497/369/1719
f 319/338/1720 340/315/1721 354/303/1722
f 428/370/1723 349/336/1724 352/335/1725
f 311/371/1726 312/363/1727 437/372/1728
f 415/373/1729 378/374/1730 343/375/1731
f 312/363/1732 405/365/1733 437/372/1734
f 492/376/1735 309/377/1736 310/378/1737
f 353/321/1738 416/320/1739 376/379/1740
f 401/366/1741 395/356/1742 399/380/1743
f 361/360/1744 350/381/1745 325/382/1746
f 410/383/1747 511/384/1748 474/385/1749
f 360/337/1750 322/386/1751 323/341/1752
f 336/346/1753 340/315/1754 423/334/1755
f 385/312/1756 356/307/1757 355/387/1758
f 327/388/1759 379/389/1760 362/361/1761
f 352/335/1762 350/381/1763 342/390/1764
f 361/360/1765 325/382/1766 326/391/1767
f 351/362/1768 424/331/1769 350/381/1770
f 329/392/1771 343/375/1772 328/393/1773
f 363/340/1774 350/381/1775 352/335/1776
f 359/327/1777 321/394/1778 322/386/1779
f 330/395/1780 331/323/1781 353/321/1782
f 342/390/1783 429/330/1784 352/335/1785
f 379/389/1786 343/375/1787 378/374/1788
f 377/396/1789 417/319/1790 384/322/1791
f 347/306/1792 290/305/1793 357/297/1794
f 347/306/1795 335/300/1796 364/311/1797
f 289/397/1798 290/398/1799 384/322/1800
f 533/399/1801 415/373/1802 375/400/1803
f 306/401/1804 307/402/1805 448/403/1806
f 385/312/1807 292/314/1808 291/324/1809
f 469/404/1810 377/396/1811 291/405/1812
f 358/406/1813 387/407/1814 348/326/1815
f 515/408/1816 338/409/1817 533/399/1818
f 320/339/1819 358/406/1820 340/315/1821
f 408/410/1822 441/411/1823 407/412/1824
f 445/413/1825 409/414/1826 444/415/1827
f 303/416/1828 304/417/1829 478/418/1830
f 499/419/1831 464/420/1832 341/325/1833
f 347/306/1834 339/296/1835 335/300/1836
f 491/421/1837 305/422/1838 306/401/1839
f 491/421/1840 448/403/1841 450/423/1842
f 460/308/1843 517/424/1844 518/425/1845
f 441/411/1846 292/426/1847 293/427/1848
f 424/331/1849 382/333/1850 427/328/1851
f 300/428/1852 301/429/1853 444/415/1854
f 407/412/1855 369/430/1856 370/431/1857
f 329/392/1858 330/395/1859 376/379/1860
f 321/394/1861 387/407/1862 358/406/1863
f 294/432/1864 295/433/1865 369/430/1866
f 474/385/1867 504/434/1868 473/435/1869
f 374/436/1870 551/437/1871 457/438/1872
f 421/301/1873 335/300/1874 346/302/1875
f 454/351/1876 414/439/1877 297/352/1878
f 475/440/1879 299/441/1880 300/428/1881
f 496/442/1882 523/309/1883 460/308/1884
f 341/325/1885 381/443/1886 423/334/1887
f 446/444/1888 475/440/1889 444/415/1890
f 293/427/1891 294/432/1892 407/412/1893
f 354/303/1894 339/296/1895 318/304/1896
f 340/315/1897 336/346/1898 346/302/1899
f 325/382/1900 350/381/1901 324/342/1902
f 362/361/1903 326/391/1904 327/388/1905
f 290/398/1906 291/405/1907 377/396/1908
f 290/305/1909 289/445/1910 357/297/1911
f 317/298/1912 357/297/1913 289/445/1914
f 321/394/1915 358/406/1916 320/339/1917
f 348/326/1918 340/315/1919 358/406/1920
f 360/337/1921 359/327/1922 322/386/1923
f 341/325/1924 359/327/1925 349/336/1926
f 360/337/1927 323/341/1928 363/340/1929
f 359/327/1930 360/337/1931 349/336/1932
f 362/361/1933 361/360/1934 326/391/1935
f 350/381/1936 361/360/1937 351/362/1938
f 378/374/1939 418/446/1940 379/389/1941
f 362/361/1942 418/446/1943 425/332/1944
f 350/381/1945 363/340/1946 324/342/1947
f 360/337/1948 363/340/1949 352/335/1950
f 419/299/1951 364/311/1952 335/300/1953
f 356/307/1954 364/311/1955 355/387/1956
f 389/348/1957 367/359/1958 365/345/1959
f 316/355/1960 295/343/1961 365/345/1962
f 355/387/1963 391/313/1964 385/312/1965
f 402/317/1966 388/358/1967 396/447/1968
f 389/348/1969 365/345/1970 294/344/1971
f 431/448/1972 396/447/1973 394/357/1974
f 370/431/1975 414/439/1976 368/449/1977
f 468/450/1978 344/451/1979 417/319/1980
f 295/433/1981 296/452/1982 369/430/1983
f 370/431/1984 369/430/1985 296/452/1986
f 297/352/1987 370/431/1988 296/452/1989
f 370/431/1990 368/449/1991 407/412/1992
f 336/346/1993 422/453/1994 380/347/1995
f 549/454/1996 527/455/1997 545/456/1998
f 471/457/1999 472/458/2000 445/413/2001
f 560/459/2002 524/460/2003 561/461/2004
f 449/462/2005 488/463/2006 489/464/2007
f 449/462/2008 411/465/2009 448/403/2010
f 299/441/2011 475/440/2012 509/466/2013
f 368/449/2014 458/467/2015 459/468/2016
f 343/375/2017 329/392/2018 376/379/2019
f 493/469/2020 534/470/2021 516/471/2022
f 353/321/2023 376/379/2024 330/395/2025
f 376/379/2026 375/400/2027 415/373/2028
f 408/410/2029 459/468/2030 470/472/2031
f 417/319/2032 344/451/2033 416/320/2034
f 378/374/2035 338/409/2036 522/473/2037
f 418/446/2038 378/374/2039 345/474/2040
f 327/388/2041 328/393/2042 379/389/2043
f 343/375/2044 379/389/2045 328/393/2046
f 336/346/2047 423/334/2048 422/453/2049
f 380/347/2050 332/475/2051 419/299/2052
f 461/476/2053 462/477/2054 498/367/2055
f 398/316/2056 435/478/2057 433/479/2058
f 517/424/2059 460/308/2060 494/310/2061
f 427/328/2062 382/333/2063 523/309/2064
f 541/480/2065 559/481/2066 560/459/2067
f 462/477/2068 575/482/2069 428/370/2070
f 289/397/2071 384/322/2072 331/323/2073
f 377/396/2074 384/322/2075 290/398/2076
f 356/307/2077 385/312/2078 291/324/2079
f 355/387/2080 572/483/2081 391/313/2082
f 419/299/2083 420/484/2084 572/483/2085
f 389/348/2086 390/485/2087 392/486/2088
f 321/394/2089 359/327/2090 387/407/2091
f 348/326/2092 387/407/2093 359/327/2094
f 388/358/2095 394/357/2096 396/447/2097
f 388/358/2098 399/380/2099 395/356/2100
f 390/485/2101 389/348/2102 293/349/2103
f 366/487/2104 367/359/2105 389/348/2106
f 292/314/2107 390/485/2108 293/349/2109
f 392/486/2110 390/485/2111 386/488/2112
f 386/488/2113 390/485/2114 391/313/2115
f 292/314/2116 391/313/2117 390/485/2118
f 406/489/2119 386/488/2120 404/318/2121
f 389/348/2122 392/486/2123 366/487/2124
f 316/355/2125 367/359/2126 393/353/2127
f 367/359/2128 366/487/2129 431/448/2130
f 315/354/2131 393/353/2132 394/357/2133
f 393/353/2134 367/359/2135 431/448/2136
f 399/380/2137 400/490/2138 432/491/2139
f 315/354/2140 395/356/2141 314/492/2142
f 406/489/2143 392/486/2144 386/488/2145
f 404/318/2146 332/475/2147 436/493/2148
f 530/494/2149 485/495/2150 552/496/2151
f 314/492/2152 395/356/2153 401/366/2154
f 422/453/2155 332/475/2156 380/347/2157
f 400/490/2158 371/497/2159 432/491/2160
f 399/380/2161 388/358/2162 400/490/2163
f 401/366/2164 399/380/2165 397/498/2166
f 402/317/2167 400/490/2168 388/358/2169
f 433/479/2170 400/490/2171 398/316/2172
f 397/498/2173 403/499/2174 405/365/2175
f 314/492/2176 401/366/2177 313/364/2178
f 396/447/2179 366/487/2180 406/489/2181
f 400/490/2182 402/317/2183 398/316/2184
f 432/491/2185 439/500/2186 573/501/2187
f 489/464/2188 490/502/2189 449/462/2190
f 402/317/2191 396/447/2192 406/489/2193
f 386/488/2194 572/483/2195 420/484/2196
f 397/498/2197 405/365/2198 401/366/2199
f 405/365/2200 403/499/2201 437/372/2202
f 392/486/2203 406/489/2204 366/487/2205
f 402/317/2206 406/489/2207 404/318/2208
f 407/412/2209 294/432/2210 369/430/2211
f 407/412/2212 368/449/2213 408/410/2214
f 414/439/2215 455/503/2216 458/467/2217
f 469/404/2218 443/504/2219 468/450/2220
f 471/457/2221 444/415/2222 301/429/2223
f 505/505/2224 446/444/2225 409/414/2226
f 479/506/2227 447/507/2228 478/418/2229
f 503/508/2230 529/509/2231 372/510/2232
f 488/463/2233 448/403/2234 307/402/2235
f 481/511/2236 480/512/2237 487/513/2238
f 452/514/2239 311/371/2240 437/372/2241
f 451/515/2242 452/514/2243 453/516/2244
f 505/505/2245 509/466/2246 446/444/2247
f 455/503/2248 414/439/2249 413/517/2250
f 297/352/2251 414/439/2252 370/431/2253
f 413/517/2254 507/518/2255 455/503/2256
f 378/374/2257 415/373/2258 338/409/2259
f 376/379/2260 415/373/2261 343/375/2262
f 344/451/2263 375/400/2264 416/320/2265
f 376/379/2266 416/320/2267 375/400/2268
f 384/322/2269 417/319/2270 353/321/2271
f 468/450/2272 417/319/2273 377/396/2274
f 425/332/2275 418/446/2276 345/474/2277
f 379/389/2278 418/446/2279 362/361/2280
f 419/299/2281 332/475/2282 420/484/2283
f 364/311/2284 419/299/2285 355/387/2286
f 332/475/2287 404/318/2288 420/484/2289
f 386/488/2290 420/484/2291 404/318/2292
f 346/302/2293 380/347/2294 421/301/2295
f 419/299/2296 421/301/2297 380/347/2298
f 467/519/2299 463/520/2300 434/521/2301
f 467/519/2302 436/493/2303 332/475/2304
f 341/325/2305 423/334/2306 348/326/2307
f 422/453/2308 423/334/2309 381/443/2310
f 350/381/2311 424/331/2312 342/390/2313
f 425/332/2314 424/331/2315 351/362/2316
f 362/361/2317 425/332/2318 351/362/2319
f 494/310/2320 425/332/2321 345/474/2322
f 521/522/2323 334/523/2324 536/524/2325
f 496/442/2326 568/525/2327 523/309/2328
f 427/328/2329 337/526/2330 526/527/2331
f 424/331/2332 427/328/2333 342/390/2334
f 429/330/2335 428/370/2336 352/335/2337
f 383/329/2338 525/368/2339 428/370/2340
f 427/328/2341 429/330/2342 342/390/2343
f 428/370/2344 429/330/2345 383/329/2346
f 373/528/2347 485/495/2348 530/494/2349
f 371/497/2350 400/490/2351 433/479/2352
f 396/447/2353 431/448/2354 366/487/2355
f 393/353/2356 431/448/2357 394/357/2358
f 371/497/2359 439/500/2360 432/491/2361
f 399/380/2362 432/491/2363 397/498/2364
f 434/521/2365 435/478/2366 436/493/2367
f 435/478/2368 434/521/2369 502/529/2370
f 463/520/2371 422/453/2372 381/443/2373
f 433/479/2374 435/478/2375 466/530/2376
f 436/493/2377 435/478/2378 398/316/2379
f 502/529/2380 434/521/2381 465/531/2382
f 404/318/2383 436/493/2384 398/316/2385
f 332/475/2386 422/453/2387 467/519/2388
f 440/532/2389 437/372/2390 403/499/2391
f 453/516/2392 412/533/2393 451/515/2394
f 403/499/2395 397/498/2396 573/501/2397
f 440/532/2398 403/499/2399 574/534/2400
f 554/535/2401 466/530/2402 553/536/2403
f 574/534/2404 579/537/2405 438/538/2406
f 403/499/2407 573/501/2408 574/534/2409
f 452/514/2410 440/532/2411 438/538/2412
f 407/412/2413 441/411/2414 293/427/2415
f 441/411/2416 408/410/2417 470/472/2418
f 456/539/2419 457/438/2420 514/540/2421
f 535/541/2422 468/450/2423 443/504/2424
f 443/504/2425 470/472/2426 459/468/2427
f 456/539/2428 514/540/2429 442/542/2430
f 471/457/2431 301/429/2432 302/543/2433
f 444/415/2434 409/414/2435 446/444/2436
f 472/458/2437 302/543/2438 303/416/2439
f 504/434/2440 503/508/2441 409/414/2442
f 503/508/2443 476/544/2444 505/505/2445
f 413/517/2446 508/545/2447 507/518/2448
f 479/506/2449 304/417/2450 305/422/2451
f 447/507/2452 473/435/2453 472/458/2454
f 488/463/2455 307/402/2456 308/546/2457
f 448/403/2458 411/465/2459 450/423/2460
f 489/464/2461 308/546/2462 309/377/2463
f 582/547/2464 581/548/2465 552/496/2466
f 450/423/2467 482/549/2468 480/512/2469
f 481/511/2470 479/506/2471 480/512/2472
f 311/371/2473 452/514/2474 310/378/2475
f 490/502/2476 489/464/2477 451/515/2478
f 452/514/2479 437/372/2480 440/532/2481
f 452/514/2482 451/515/2483 492/376/2484
f 452/514/2485 438/538/2486 453/516/2487
f 582/547/2488 453/516/2489 438/538/2490
f 508/545/2491 454/351/2492 298/350/2493
f 414/439/2494 454/351/2495 413/517/2496
f 374/436/2497 456/539/2498 455/503/2499
f 456/539/2500 458/467/2501 455/503/2502
f 457/438/2503 456/539/2504 374/436/2505
f 458/467/2506 456/539/2507 442/542/2508
f 556/550/2509 536/524/2510 555/551/2511
f 457/438/2512 334/523/2513 493/469/2514
f 459/468/2515 458/467/2516 442/542/2517
f 458/467/2518 368/449/2519 414/439/2520
f 459/468/2521 442/542/2522 516/471/2523
f 368/449/2524 459/468/2525 408/410/2526
f 522/473/2527 517/424/2528 378/374/2529
f 460/308/2530 426/552/2531 496/442/2532
f 349/336/2533 575/482/2534 341/325/2535
f 463/520/2536 465/531/2537 434/521/2538
f 526/527/2539 497/369/2540 525/368/2541
f 499/419/2542 462/477/2543 461/476/2544
f 381/443/2545 464/420/2546 463/520/2547
f 463/520/2548 464/420/2549 465/531/2550
f 341/325/2551 464/420/2552 381/443/2553
f 465/531/2554 464/420/2555 461/476/2556
f 461/476/2557 500/553/2558 465/531/2559
f 433/479/2560 466/530/2561 371/497/2562
f 501/554/2563 465/531/2564 500/553/2565
f 501/554/2566 466/530/2567 502/529/2568
f 463/520/2569 467/519/2570 422/453/2571
f 434/521/2572 436/493/2573 467/519/2574
f 469/404/2575 468/450/2576 377/396/2577
f 535/541/2578 443/504/2579 516/471/2580
f 291/405/2581 292/426/2582 469/404/2583
f 292/426/2584 441/411/2585 470/472/2586
f 443/504/2587 469/404/2588 470/472/2589
f 470/472/2590 469/404/2591 292/426/2592
f 472/458/2593 471/457/2594 302/543/2595
f 444/415/2596 471/457/2597 445/413/2598
f 478/418/2599 472/458/2600 303/416/2601
f 447/507/2602 481/511/2603 473/435/2604
f 474/385/2605 473/435/2606 410/383/2607
f 445/413/2608 472/458/2609 473/435/2610
f 410/383/2611 481/511/2612 487/513/2613
f 474/385/2614 529/509/2615 503/508/2616
f 444/415/2617 475/440/2618 300/428/2619
f 509/466/2620 475/440/2621 446/444/2622
f 372/510/2623 576/555/2624 476/544/2625
f 507/518/2626 374/436/2627 455/503/2628
f 476/544/2629 477/556/2630 509/466/2631
f 578/557/2632 576/555/2633 506/558/2634
f 479/506/2635 478/418/2636 304/417/2637
f 472/458/2638 478/418/2639 447/507/2640
f 491/421/2641 479/506/2642 305/422/2643
f 479/506/2644 450/423/2645 480/512/2646
f 482/549/2647 450/423/2648 411/465/2649
f 482/549/2650 486/559/2651 480/512/2652
f 473/435/2653 481/511/2654 410/383/2655
f 479/506/2656 481/511/2657 447/507/2658
f 411/465/2659 484/560/2660 482/549/2661
f 483/561/2662 487/513/2663 486/559/2664
f 548/562/2665 562/563/2666 546/564/2667
f 487/513/2668 511/384/2669 410/383/2670
f 513/565/2671 411/465/2672 449/462/2673
f 373/528/2674 564/566/2675 486/559/2676
f 373/528/2677 484/560/2678 485/495/2679
f 484/560/2680 411/465/2681 513/565/2682
f 482/549/2683 484/560/2684 486/559/2685
f 373/528/2686 486/559/2687 484/560/2688
f 486/559/2689 487/513/2690 480/512/2691
f 483/561/2692 563/567/2693 511/384/2694
f 489/464/2695 488/463/2696 308/546/2697
f 448/403/2698 488/463/2699 449/462/2700
f 492/376/2701 489/464/2702 309/377/2703
f 490/502/2704 451/515/2705 412/533/2706
f 412/533/2707 485/495/2708 490/502/2709
f 490/502/2710 485/495/2711 513/565/2712
f 448/403/2713 491/421/2714 306/401/2715
f 479/506/2716 491/421/2717 450/423/2718
f 452/514/2719 492/376/2720 310/378/2721
f 489/464/2722 492/376/2723 451/515/2724
f 493/469/2725 334/523/2726 532/568/2727
f 459/468/2728 516/471/2729 443/504/2730
f 425/332/2731 494/310/2732 382/333/2733
f 517/424/2734 494/310/2735 345/474/2736
f 520/569/2737 338/409/2738 515/408/2739
f 537/570/2740 518/425/2741 519/571/2742
f 538/572/2743 496/442/2744 426/552/2745
f 541/480/2746 545/456/2747 544/573/2748
f 559/481/2749 541/480/2750 567/574/2751
f 498/367/2752 430/575/2753 500/553/2754
f 525/368/2755 498/367/2756 462/477/2757
f 567/574/2758 498/367/2759 497/369/2760
f 464/420/2761 499/419/2762 461/476/2763
f 575/482/2764 499/419/2765 341/325/2766
f 498/367/2767 500/553/2768 461/476/2769
f 500/553/2770 430/575/2771 501/554/2772
f 544/573/2773 527/455/2774 540/576/2775
f 466/530/2776 501/554/2777 553/536/2778
f 501/554/2779 502/529/2780 465/531/2781
f 435/478/2782 502/529/2783 466/530/2784
f 476/544/2785 503/508/2786 372/510/2787
f 504/434/2788 409/414/2789 445/413/2790
f 473/435/2791 504/434/2792 445/413/2793
f 474/385/2794 503/508/2795 504/434/2796
f 503/508/2797 505/505/2798 409/414/2799
f 509/466/2800 505/505/2801 476/544/2802
f 558/577/2803 548/562/2804 570/578/2805
f 334/523/2806 521/522/2807 519/571/2808
f 413/517/2809 454/351/2810 508/545/2811
f 528/579/2812 507/518/2813 477/556/2814
f 299/441/2815 508/545/2816 298/350/2817
f 477/556/2818 507/518/2819 508/545/2820
f 477/556/2821 508/545/2822 509/466/2823
f 299/441/2824 509/466/2825 508/545/2826
f 373/528/2827 550/580/2828 564/566/2829
f 566/581/2830 557/582/2831 569/583/2832
f 483/561/2833 511/384/2834 487/513/2835
f 511/384/2836 510/584/2837 529/509/2838
f 371/497/2839 554/535/2840 439/500/2841
f 540/576/2842 501/554/2843 430/575/2844
f 490/502/2845 513/565/2846 449/462/2847
f 484/560/2848 513/565/2849 485/495/2850
f 457/438/2851 493/469/2852 514/540/2853
f 442/542/2854 514/540/2855 493/469/2856
f 519/571/2857 520/569/2858 532/568/2859
f 338/409/2860 415/373/2861 533/399/2862
f 442/542/2863 493/469/2864 516/471/2865
f 515/408/2866 533/399/2867 534/470/2868
f 378/374/2869 517/424/2870 345/474/2871
f 518/425/2872 517/424/2873 495/585/2874
f 519/571/2875 518/425/2876 495/585/2877
f 460/308/2878 518/425/2879 426/552/2880
f 520/569/2881 519/571/2882 495/585/2883
f 536/524/2884 334/523/2885 457/438/2886
f 520/569/2887 495/585/2888 522/473/2889
f 520/569/2890 515/408/2891 532/568/2892
f 536/524/2893 556/550/2894 521/522/2895
f 537/570/2896 521/522/2897 539/586/2898
f 520/569/2899 522/473/2900 338/409/2901
f 517/424/2902 522/473/2903 495/585/2904
f 427/328/2905 523/309/2906 337/526/2907
f 523/309/2908 382/333/2909 494/310/2910
f 426/552/2911 537/570/2912 539/586/2913
f 548/562/2914 510/584/2915 562/563/2916
f 428/370/2917 525/368/2918 462/477/2919
f 526/527/2920 525/368/2921 383/329/2922
f 427/328/2923 526/527/2924 383/329/2925
f 337/526/2926 497/369/2927 526/527/2928
f 550/580/2929 512/587/2930 543/588/2931
f 543/588/2932 531/589/2933 542/590/2934
f 528/579/2935 551/437/2936 507/518/2937
f 578/557/2938 477/556/2939 476/544/2940
f 511/384/2941 529/509/2942 474/385/2943
f 558/577/2944 529/509/2945 510/584/2946
f 552/496/2947 485/495/2948 412/533/2949
f 549/454/2950 550/580/2951 543/588/2952
f 501/554/2953 540/576/2954 542/590/2955
f 512/587/2956 579/537/2957 580/591/2958
f 532/568/2959 334/523/2960 519/571/2961
f 534/470/2962 532/568/2963 515/408/2964
f 375/400/2965 344/451/2966 533/399/2967
f 533/399/2968 535/541/2969 534/470/2970
f 534/470/2971 493/469/2972 532/568/2973
f 535/541/2974 533/399/2975 344/451/2976
f 468/450/2977 535/541/2978 344/451/2979
f 516/471/2980 534/470/2981 535/541/2982
f 551/437/2983 536/524/2984 457/438/2985
f 536/524/2986 551/437/2987 555/551/2988
f 518/425/2989 537/570/2990 426/552/2991
f 519/571/2992 521/522/2993 537/570/2994
f 539/586/2995 538/572/2996 426/552/2997
f 560/459/2998 538/572/2999 524/460/3000
f 557/582/3001 566/581/3002 576/555/3003
f 539/586/3004 524/460/3005 538/572/3006
f 544/573/3007 540/576/3008 571/592/3009
f 542/590/3010 540/576/3011 527/455/3012
f 497/369/3013 559/481/3014 567/574/3015
f 337/526/3016 559/481/3017 497/369/3018
f 543/588/3019 542/590/3020 527/455/3021
f 542/590/3022 531/589/3023 553/536/3024
f 547/593/3025 549/454/3026 545/456/3027
f 531/589/3028 543/588/3029 512/587/3030
f 571/592/3031 540/576/3032 430/575/3033
f 541/480/3034 561/461/3035 545/456/3036
f 545/456/3037 333/594/3038 547/593/3039
f 527/455/3040 544/573/3041 545/456/3042
f 547/593/3043 548/562/3044 546/564/3045
f 373/528/3046 530/494/3047 550/580/3048
f 547/593/3049 333/594/3050 548/562/3051
f 549/454/3052 547/593/3053 546/564/3054
f 333/594/3055 561/461/3056 565/595/3057
f 539/586/3058 556/550/3059 566/581/3060
f 549/454/3061 546/564/3062 550/580/3063
f 527/455/3064 549/454/3065 543/588/3066
f 550/580/3067 546/564/3068 564/566/3069
f 512/587/3070 550/580/3071 530/494/3072
f 507/518/3073 551/437/3074 374/436/3075
f 551/437/3076 528/579/3077 555/551/3078
f 412/533/3079 453/516/3080 582/547/3081
f 530/494/3082 552/496/3083 581/548/3084
f 542/590/3085 553/536/3086 501/554/3087
f 554/535/3088 553/536/3089 531/589/3090
f 554/535/3091 531/589/3092 580/591/3093
f 466/530/3094 554/535/3095 371/497/3096
f 555/551/3097 528/579/3098 578/557/3099
f 555/551/3100 506/558/3101 556/550/3102
f 566/581/3103 556/550/3104 506/558/3105
f 539/586/3106 521/522/3107 556/550/3108
f 372/510/3109 529/509/3110 558/577/3111
f 565/595/3112 548/562/3113 333/594/3114
f 548/562/3115 558/577/3116 510/584/3117
f 558/577/3118 557/582/3119 577/596/3120
f 337/526/3121 568/525/3122 559/481/3123
f 496/442/3124 538/572/3125 560/459/3126
f 565/595/3127 561/461/3128 524/460/3129
f 560/459/3130 559/481/3131 568/525/3132
f 545/456/3133 561/461/3134 333/594/3135
f 541/480/3136 560/459/3137 561/461/3138
f 510/584/3139 563/567/3140 562/563/3141
f 483/561/3142 486/559/3143 564/566/3144
f 511/384/3145 563/567/3146 510/584/3147
f 564/566/3148 563/567/3149 483/561/3150
f 546/564/3151 562/563/3152 564/566/3153
f 564/566/3154 562/563/3155 563/567/3156
f 569/583/3157 565/595/3158 524/460/3159
f 557/582/3160 570/578/3161 565/595/3162
f 576/555/3163 566/581/3164 506/558/3165
f 569/583/3166 557/582/3167 565/595/3168
f 571/592/3169 541/480/3170 544/573/3171
f 498/367/3172 567/574/3173 430/575/3174
f 523/309/3175 568/525/3176 337/526/3177
f 560/459/3178 568/525/3179 496/442/3180
f 524/460/3181 539/586/3182 569/583/3183
f 566/581/3184 569/583/3185 539/586/3186
f 558/577/3187 570/578/3188 557/582/3189
f 548/562/3190 565/595/3191 570/578/3192
f 430/575/3193 567/574/3194 571/592/3195
f 541/480/3196 571/592/3197 567/574/3198
f 391/313/3199 572/483/3200 386/488/3201
f 419/299/3202 572/483/3203 355/387/3204
f 432/491/3205 573/501/3206 397/498/3207
f 573/501/3208 439/500/3209 574/534/3210
f 579/537/3211 574/534/3212 439/500/3213
f 440/532/3214 574/534/3215 438/538/3216
f 428/370/3217 575/482/3218 349/336/3219
f 499/419/3220 575/482/3221 462/477/3222
f 577/596/3223 576/555/3224 372/510/3225
f 506/558/3226 555/551/3227 578/557/3228
f 558/577/3229 577/596/3230 372/510/3231
f 557/582/3232 576/555/3233 577/596/3234
f 477/556/3235 578/557/3236 528/579/3237
f 476/544/3238 576/555/3239 578/557/3240
f 580/591/3241 579/537/3242 439/500/3243
f 581/548/3244 579/537/3245 512/587/3246
f 554/535/3247 580/591/3248 439/500/3249
f 512/587/3250 580/591/3251 531/589/3252
f 530/494/3253 581/548/3254 512/587/3255
f 582/547/3256 552/496/3257 412/533/3258
f 438/538/3259 579/537/3260 582/547/3261
f 581/548/3262 582/547/3263 579/537/3264
f 1252/597/3265 1337/598/3266 1257/599/3267
f 630/600/3268 629/601/3269 703/602/3270
f 740/603/3271 801/604/3272 703/602/3273
f 752/605/3274 1054/606/3275 1079/607/3276
f 804/608/3277 740/603/3278 802/609/3279
f 614/610/3280 921/611/3281 615/612/3282
f 1022/613/3283 803/614/3284 626/615/3285
f 699/616/3286 689/617/3287 585/618/3288
f 629/601/3289 628/619/3290 703/602/3291
f 799/620/3292 740/603/3293 739/621/3294
f 1298/622/3295 1232/623/3296 1233/624/3297
f 899/625/3298 896/626/3299 807/627/3300
f 1225/628/3301 1217/629/3302 1293/630/3303
f 898/631/3304 1025/632/3305 807/627/3306
f 800/633/3307 1020/634/3308 1131/635/3309
f 1317/636/3310 768/637/3311 1085/638/3312
f 873/639/3313 693/640/3314 688/641/3315
f 799/620/3316 632/642/3317 631/643/3318
f 636/644/3319 900/645/3320 637/646/3321
f 633/647/3322 800/633/3323 1131/635/3324
f 633/647/3325 632/642/3326 800/633/3327
f 1001/648/3328 694/649/3329 997/650/3330
f 875/651/3331 984/652/3332 693/640/3333
f 637/646/3334 900/645/3335 901/653/3336
f 624/654/3337 897/655/3338 625/656/3339
f 859/657/3340 775/658/3341 858/659/3342
f 813/660/3343 623/661/3344 622/662/3345
f 698/663/3346 699/616/3347 694/649/3348
f 871/664/3349 686/665/3350 682/666/3351
f 913/667/3352 1044/668/3353 914/669/3354
f 620/670/3355 619/671/3356 707/672/3357
f 724/673/3358 725/674/3359 726/675/3360
f 1047/676/3361 814/677/3362 1048/678/3363
f 707/672/3364 914/669/3365 1045/679/3366
f 708/680/3367 677/681/3368 707/672/3369
f 689/617/3370 699/616/3371 698/663/3372
f 691/682/3373 692/683/3374 688/641/3375
f 913/667/3376 914/669/3377 1049/684/3378
f 746/685/3379 813/660/3380 1043/686/3381
f 749/687/3382 816/688/3383 750/689/3384
f 672/690/3385 903/691/3386 905/692/3387
f 817/693/3388 674/694/3389 814/677/3390
f 816/688/3391 675/695/3392 1047/676/3393
f 814/677/3394 675/695/3395 817/693/3396
f 806/696/3397 704/697/3398 805/698/3399
f 1053/699/3400 1221/700/3401 817/693/3402
f 812/701/3403 1033/702/3404 907/703/3405
f 922/704/3406 669/705/3407 906/706/3408
f 916/707/3409 672/690/3410 905/692/3411
f 911/708/3412 909/709/3413 812/701/3414
f 1221/700/3415 674/694/3416 817/693/3417
f 906/706/3418 670/710/3419 922/704/3420
f 708/680/3421 750/689/3422 818/711/3423
f 799/620/3424 800/633/3425 632/642/3426
f 593/712/3427 592/713/3428 725/674/3429
f 909/709/3430 1091/714/3431 667/715/3432
f 689/617/3433 684/716/3434 700/717/3435
f 1027/718/3436 640/719/3437 639/720/3438
f 712/721/3439 713/722/3440 296/723/3441
f 655/724/3442 656/725/3443 736/726/3444
f 831/727/3445 829/728/3446 758/729/3447
f 885/730/3448 657/731/3449 787/732/3450
f 927/733/3451 1059/734/3452 929/735/3453
f 295/736/3454 644/737/3455 712/721/3456
f 642/738/3457 829/728/3458 643/739/3459
f 903/691/3460 917/740/3461 671/741/3462
f 756/742/3463 829/728/3464 830/743/3465
f 585/618/3466 584/744/3467 699/616/3468
f 893/745/3469 635/746/3470 634/747/3471
f 712/721/3472 296/723/3473 295/736/3474
f 305/748/3475 714/749/3476 306/750/3477
f 931/751/3478 757/752/3479 711/753/3480
f 653/754/3481 652/755/3482 697/756/3483
f 732/757/3484 679/758/3485 790/759/3486
f 1127/760/3487 684/716/3488 1000/761/3489
f 844/762/3490 1016/763/3491 660/764/3492
f 985/765/3493 986/766/3494 877/767/3495
f 737/768/3496 699/616/3497 584/744/3498
f 777/769/3499 773/770/3500 774/771/3501
f 779/772/3502 773/770/3503 777/769/3504
f 834/773/3505 833/774/3506 297/775/3507
f 733/776/3508 714/749/3509 881/777/3510
f 638/778/3511 901/653/3512 1028/779/3513
f 853/780/3514 607/781/3515 606/782/3516
f 859/657/3517 1362/783/3518 681/784/3519
f 786/785/3520 656/725/3521 655/724/3522
f 1113/786/3523 1416/787/3524 840/788/3525
f 649/789/3526 687/790/3527 650/791/3528
f 838/792/3529 298/793/3530 836/794/3531
f 669/705/3532 923/795/3533 668/796/3534
f 1118/797/3535 1119/798/3536 987/799/3537
f 653/754/3538 686/665/3539 654/800/3540
f 939/801/3541 967/802/3542 663/803/3543
f 875/651/3544 693/640/3545 873/639/3546
f 908/804/3547 1035/805/3548 811/806/3549
f 652/755/3550 651/807/3551 691/682/3552
f 1211/808/3553 810/809/3554 903/691/3555
f 714/749/3556 645/810/3557 306/750/3558
f 720/811/3559 719/812/3560 608/813/3561
f 790/759/3562 647/814/3563 791/815/3564
f 791/815/3565 647/814/3566 646/816/3567
f 1073/817/3568 952/818/3569 954/819/3570
f 696/820/3571 690/821/3572 590/822/3573
f 651/807/3574 650/791/3575 683/823/3576
f 685/824/3577 701/825/3578 681/784/3579
f 649/789/3580 648/826/3581 687/790/3582
f 831/727/3583 644/737/3584 643/739/3585
f 683/823/3586 687/790/3587 679/758/3588
f 692/683/3589 691/682/3590 683/823/3591
f 609/827/3592 608/813/3593 719/812/3594
f 691/682/3595 693/640/3596 697/756/3597
f 303/828/3598 302/829/3599 876/830/3600
f 637/646/3601 901/653/3602 638/778/3603
f 960/831/3604 971/832/3605 854/833/3606
f 923/795/3607 669/705/3608 922/704/3609
f 754/834/3610 1057/835/3611 1295/836/3612
f 820/837/3613 616/838/3614 751/839/3615
f 702/840/3616 689/617/3617 700/717/3618
f 683/823/3619 679/758/3620 692/683/3621
f 920/841/3622 824/842/3623 1054/606/3624
f 924/843/3625 926/844/3626 602/845/3627
f 693/640/3628 682/666/3629 686/665/3630
f 721/846/3631 771/847/3632 855/848/3633
f 686/665/3634 697/756/3635 693/640/3636
f 679/758/3637 1118/797/3638 988/849/3639
f 846/850/3640 613/851/3641 612/852/3642
f 686/665/3643 653/754/3644 697/756/3645
f 817/693/3646 675/695/3647 816/688/3648
f 1038/853/3649 1034/854/3650 745/855/3651
f 1090/856/3652 1091/714/3653 970/857/3654
f 940/858/3655 944/859/3656 845/860/3657
f 1260/861/3658 849/862/3659 966/863/3660
f 851/864/3661 1086/865/3662 968/866/3663
f 938/867/3664 940/858/3665 942/868/3666
f 720/811/3667 852/869/3668 718/870/3669
f 617/871/3670 819/872/3671 618/873/3672
f 605/874/3673 847/875/3674 606/782/3675
f 968/866/3676 1089/876/3677 969/877/3678
f 721/846/3679 719/812/3680 720/811/3681
f 600/878/3682 599/879/3683 927/733/3684
f 610/880/3685 719/812/3686 721/846/3687
f 835/881/3688 837/882/3689 1065/883/3690
f 628/619/3691 627/884/3692 802/609/3693
f 749/687/3694 750/689/3695 821/885/3696
f 718/870/3697 721/846/3698 720/811/3699
f 833/774/3700 836/794/3701 298/793/3702
f 619/671/3703 618/873/3704 708/680/3705
f 691/682/3706 697/756/3707 652/755/3708
f 602/845/3709 601/886/3710 924/843/3711
f 685/824/3712 696/820/3713 588/887/3714
f 924/843/3715 1228/888/3716 827/889/3717
f 693/640/3718 691/682/3719 688/641/3720
f 701/825/3721 702/840/3722 695/890/3723
f 822/891/3724 1055/892/3725 1291/893/3726
f 17/894/3727 724/673/3728 726/675/3729
f 963/895/3730 1082/896/3731 766/897/3732
f 776/898/3733 701/825/3734 695/890/3735
f 828/899/3736 927/733/3737 929/735/3738
f 860/900/3739 782/901/3740 861/902/3741
f 702/840/3742 586/903/3743 689/617/3744
f 1237/904/3745 755/905/3746 1240/906/3747
f 596/907/3748 595/908/3749 861/902/3750
f 304/909/3751 882/910/3752 305/748/3753
f 597/911/3754 596/907/3755 856/912/3756
f 297/775/3757 296/723/3758 759/913/3759
f 728/914/3760 781/915/3761 860/900/3762
f 1086/865/3763 1093/916/3764 769/917/3765
f 707/672/3766 619/671/3767 708/680/3768
f 714/749/3769 733/776/3770 645/810/3771
f 864/918/3772 867/919/3773 862/920/3774
f 776/898/3775 681/784/3776 701/825/3777
f 719/812/3778 610/880/3779 609/827/3780
f 298/793/3781 297/775/3782 833/774/3783
f 728/914/3784 594/921/3785 7/922/3786
f 1069/923/3787 1070/924/3788 937/925/3789
f 978/926/3790 976/927/3791 734/928/3792
f 890/929/3793 659/930/3794 1069/923/3795
f 787/732/3796 658/931/3797 885/730/3798
f 785/932/3799 889/933/3800 656/725/3801
f 15/934/3802 857/935/3803 884/936/3804
f 786/785/3805 871/664/3806 682/666/3807
f 689/617/3808 698/663/3809 684/716/3810
f 890/929/3811 886/937/3812 892/938/3813
f 730/939/3814 785/932/3815 786/785/3816
f 992/940/3817 886/937/3818 796/941/3819
f 1114/942/3820 1318/943/3821 1322/944/3822
f 702/840/3823 587/945/3824 586/903/3825
f 797/946/3826 583/947/3827 871/664/3828
f 872/948/3829 678/949/3830 1109/950/3831
f 586/903/3832 585/618/3833 689/617/3834
f 1001/648/3835 999/951/3836 694/649/3837
f 648/826/3838 647/814/3839 790/759/3840
f 905/692/3841 673/952/3842 916/707/3843
f 696/820/3844 685/824/3845 690/821/3846
f 852/869/3847 720/811/3848 607/781/3849
f 589/953/3850 588/887/3851 696/820/3852
f 588/887/3853 587/945/3854 685/824/3855
f 1124/954/3856 700/717/3857 684/716/3858
f 701/825/3859 685/824/3860 702/840/3861
f 655/724/3862 736/726/3863 737/768/3864
f 965/955/3865 661/956/3866 942/868/3867
f 583/947/3868 654/800/3869 871/664/3870
f 1123/957/3871 789/958/3872 1122/959/3873
f 857/935/3874 15/934/3875 16/960/3876
f 793/961/3877 13/962/3878 14/963/3879
f 690/821/3880 685/824/3881 681/784/3882
f 997/650/3883 736/726/3884 1004/964/3885
f 982/965/3886 870/966/3887 981/967/3888
f 841/968/3889 299/969/3890 838/792/3891
f 967/802/3892 939/801/3893 664/970/3894
f 687/790/3895 683/823/3896 650/791/3897
f 866/971/3898 794/972/3899 1014/973/3900
f 975/974/3901 794/972/3902 866/971/3903
f 683/823/3904 691/682/3905 651/807/3906
f 18/975/3907 724/673/3908 17/894/3909
f 725/674/3910 723/976/3911 726/675/3912
f 700/717/3913 695/890/3914 702/840/3915
f 590/822/3916 690/821/3917 1362/783/3918
f 1163/977/3919 1165/978/3920 1158/979/3921
f 16/960/3922 726/675/3923 774/771/3924
f 1362/783/3925 591/980/3926 590/822/3927
f 589/953/3928 696/820/3929 590/822/3930
f 18/975/3931 593/712/3932 724/673/3933
f 702/840/3934 685/824/3935 587/945/3936
f 1046/981/3937 818/711/3938 676/982/3939
f 725/674/3940 780/983/3941 723/976/3942
f 935/984/3943 761/985/3944 834/773/3945
f 712/721/3946 757/752/3947 713/722/3948
f 611/986/3949 610/880/3950 721/846/3951
f 976/927/3952 978/926/3953 1363/987/3954
f 7/922/3955 8/988/3956 728/914/3957
f 771/847/3958 721/846/3959 718/870/3960
f 729/989/3961 981/967/3962 781/915/3963
f 943/990/3964 942/868/3965 661/956/3966
f 725/674/3967 724/673/3968 593/712/3969
f 608/813/3970 607/781/3971 720/811/3972
f 774/771/3973 726/675/3974 723/976/3975
f 16/960/3976 17/894/3977 726/675/3978
f 725/674/3979 592/713/3980 780/983/3981
f 780/983/3982 591/980/3983 1362/783/3984
f 729/989/3985 728/914/3986 8/988/3987
f 728/914/3988 729/989/3989 781/915/3990
f 8/988/3991 9/991/3992 783/992/3993
f 783/992/3994 9/991/3995 982/965/3996
f 1111/993/3997 730/939/3998 1109/950/3999
f 785/932/4000 787/732/4001 657/731/4002
f 842/994/4003 843/995/4004 841/968/4005
f 1348/996/4006 1325/997/4007 1271/998/4008
f 733/776/4009 646/816/4010 645/810/4011
f 733/776/4012 732/757/4013 791/815/4014
f 305/748/4015 882/910/4016 881/777/4017
f 880/999/4018 303/828/4019 876/830/4020
f 795/1000/4021 993/1001/4022 1002/1002/4023
f 1104/1003/4024 793/961/4025 974/1004/4026
f 849/862/4027 768/637/4028 1005/1005/4029
f 973/1006/4030 772/1007/4031 972/1008/4032
f 889/933/4033 785/932/4034 657/731/4035
f 694/649/4036 699/616/4037 737/768/4038
f 584/744/4039 583/947/4040 797/946/4041
f 694/649/4042 737/768/4043 736/726/4044
f 1282/1009/4045 1281/1010/4046 1019/1011/4047
f 1149/1012/4048 1138/1013/4049 1143/1014/4050
f 631/643/4051 630/600/4052 801/604/4053
f 739/621/4054 895/1015/4055 800/633/4056
f 802/609/4057 703/602/4058 628/619/4059
f 802/609/4060 740/603/4061 703/602/4062
f 896/626/4063 626/615/4064 625/656/4065
f 804/608/4066 805/698/4067 1018/1016/4068
f 813/660/4069 898/631/4070 623/661/4071
f 1020/634/4072 1130/1017/4073 738/1018/4074
f 893/745/4075 894/1019/4076 635/746/4077
f 1162/1020/4078 1186/1021/4079 1206/1022/4080
f 1177/1023/4081 1160/1024/4082 1171/1025/4083
f 1195/1026/4084 1191/1027/4085 1031/1028/4086
f 812/701/4087 909/709/4088 912/1029/4089
f 756/742/4090 830/743/4091 1062/1030/4092
f 813/660/4093 1044/668/4094 1043/686/4095
f 899/625/4096 1025/632/4097 742/1031/4098
f 1032/1032/4099 1215/1033/4100 1289/1034/4101
f 1132/1035/4102 1133/1036/4103 1134/1037/4104
f 709/1038/4105 1219/1039/4106 1218/1040/4107
f 1223/1041/4108 1331/1042/4109 1222/1043/4110
f 818/711/4111 1046/981/4112 677/681/4113
f 749/687/4114 918/1044/4115 817/693/4116
f 819/872/4117 708/680/4118 618/873/4119
f 819/872/4120 750/689/4121 708/680/4122
f 920/841/4123 616/838/4124 615/612/4125
f 819/872/4126 821/885/4127 750/689/4128
f 613/851/4129 962/1045/4130 1081/1046/4131
f 1257/599/4132 1310/1047/4133 1255/1048/4134
f 917/740/4135 903/691/4136 672/690/4137
f 1346/1049/4138 1299/1050/4139 1335/1051/4140
f 1259/1052/4141 1338/1053/4142 1339/1054/4143
f 1344/1055/4144 1256/1056/4145 1341/1057/4146
f 928/1058/4147 1059/734/4148 1060/1059/4149
f 973/1006/4150 1266/1060/4151 772/1007/4152
f 641/1061/4153 830/743/4154 642/738/4155
f 1029/1062/4156 640/719/4157 1027/718/4158
f 712/721/4159 644/737/4160 831/727/4161
f 1243/1063/4162 758/729/4163 756/742/4164
f 711/753/4165 757/752/4166 758/729/4167
f 758/729/4168 757/752/4169 831/727/4170
f 296/723/4171 713/722/4172 759/913/4173
f 713/722/4174 757/752/4175 931/751/4176
f 832/1064/4177 1063/1065/4178 1244/1066/4179
f 1185/1067/4180 1186/1021/4181 1172/1068/4182
f 759/913/4183 935/984/4184 834/773/4185
f 838/792/4186 299/969/4187 298/793/4188
f 844/762/4189 1069/923/4190 1068/1069/4191
f 949/1070/4192 946/1071/4193 947/1072/4194
f 1327/1073/4195 762/1074/4196 1321/1075/4197
f 843/995/4198 301/1076/4199 300/1077/4200
f 933/1078/4201 1074/1079/4202 1244/1066/4203
f 1071/1080/4204 939/801/4205 941/1081/4206
f 855/848/4207 612/852/4208 611/986/4209
f 1077/1082/4210 1076/1083/4211 765/1084/4212
f 1312/1085/4213 964/1086/4214 1297/1087/4215
f 1077/1082/4216 765/1084/4217 959/1088/4218
f 864/918/4219 865/1089/4220 863/1090/4221
f 767/1091/4222 867/919/4223 1011/1092/4224
f 1011/1092/4225 1015/1093/4226 767/1091/4227
f 886/937/4228 994/1094/4229 795/1000/4230
f 969/877/4231 665/1095/4232 1040/1096/4233
f 1265/1097/4234 969/877/4235 970/857/4236
f 770/1098/4237 853/780/4238 847/875/4239
f 963/895/4240 854/833/4241 971/832/4242
f 718/870/4243 971/832/4244 960/831/4245
f 846/850/4246 771/847/4247 959/1088/4248
f 1095/1099/4249 722/1100/4250 981/967/4251
f 1061/1101/4252 928/1058/4253 1060/1059/4254
f 775/658/4255 777/769/4256 858/659/4257
f 778/1102/4258 979/1103/4259 980/1104/4260
f 723/976/4261 858/659/4262 777/769/4263
f 774/771/4264 773/770/4265 857/935/4266
f 695/890/4267 1124/954/4268 776/898/4269
f 777/769/4270 774/771/4271 723/976/4272
f 700/717/4273 1124/954/4274 695/890/4275
f 776/898/4276 775/658/4277 859/657/4278
f 1126/1105/4279 1124/954/4280 1125/1106/4281
f 775/658/4282 776/898/4283 1126/1105/4284
f 979/1103/4285 680/1107/4286 977/1108/4287
f 734/928/4288 793/961/4289 883/1109/4290
f 775/658/4291 1126/1105/4292 777/769/4293
f 883/1109/4294 779/772/4295 778/1102/4296
f 591/980/4297 780/983/4298 592/713/4299
f 780/983/4300 727/1110/4301 858/659/4302
f 782/901/4303 781/915/4304 722/1100/4305
f 594/921/4306 860/900/4307 595/908/4308
f 1094/1111/4309 972/1008/4310 782/901/4311
f 972/1008/4312 856/912/4313 861/902/4314
f 982/965/4315 9/991/4316 784/1112/4317
f 729/989/4318 8/988/4319 783/992/4320
f 10/1113/4321 862/920/4322 9/991/4323
f 722/1100/4324 781/915/4325 981/967/4326
f 786/785/4327 785/932/4328 656/725/4329
f 787/732/4330 785/932/4331 730/939/4332
f 871/664/4333 786/785/4334 655/724/4335
f 872/948/4336 682/666/4337 678/949/4338
f 1107/1114/4339 678/949/4340 874/1115/4341
f 1068/1069/4342 762/1074/4343 844/762/4344
f 988/849/4345 688/641/4346 692/683/4347
f 788/1116/4348 1105/1117/4349 874/1115/4350
f 788/1116/4351 989/1118/4352 1122/959/4353
f 1119/798/4354 1118/797/4355 732/757/4356
f 679/758/4357 687/790/4358 790/759/4359
f 648/826/4360 790/759/4361 687/790/4362
f 733/776/4363 791/815/4364 646/816/4365
f 790/759/4366 791/815/4367 732/757/4368
f 304/909/4369 303/828/4370 880/999/4371
f 732/757/4372 1118/797/4373 679/758/4374
f 991/1119/4375 15/934/4376 884/936/4377
f 868/1120/4378 974/1004/4379 975/974/4380
f 1009/1121/4381 735/1122/4382 992/940/4383
f 864/918/4384 862/920/4385 10/1113/4386
f 795/1000/4387 994/1094/4388 993/1001/4389
f 885/730/4390 889/933/4391 657/731/4392
f 891/1123/4393 1016/763/4394 965/955/4395
f 891/1123/4396 1007/1124/4397 796/941/4398
f 655/724/4399 737/768/4400 797/946/4401
f 584/744/4402 797/946/4403 737/768/4404
f 1137/1125/4405 1128/1126/4406 1276/1127/4407
f 808/1128/4408 894/1019/4409 1128/1126/4410
f 799/620/4411 631/643/4412 801/604/4413
f 800/633/4414 799/620/4415 739/621/4416
f 895/1015/4417 739/621/4418 1018/1016/4419
f 1131/635/4420 634/747/4421 633/647/4422
f 703/602/4423 801/604/4424 630/600/4425
f 799/620/4426 801/604/4427 740/603/4428
f 627/884/4429 803/614/4430 802/609/4431
f 802/609/4432 803/614/4433 804/608/4434
f 626/615/4435 803/614/4436 627/884/4437
f 804/608/4438 803/614/4439 741/1129/4440
f 805/698/4441 804/608/4442 741/1129/4443
f 739/621/4444 740/603/4445 804/608/4446
f 805/698/4447 741/1129/4448 1021/1130/4449
f 805/698/4450 704/697/4451 1018/1016/4452
f 1022/613/4453 896/626/4454 1021/1130/4455
f 1281/1010/4456 1283/1131/4457 1280/1132/4458
f 624/654/4459 623/661/4460 898/631/4461
f 807/627/4462 1025/632/4463 899/625/4464
f 894/1019/4465 636/644/4466 635/746/4467
f 1026/1133/4468 901/653/4469 808/1128/4470
f 1139/1134/4471 1026/1133/4472 1140/1135/4473
f 1152/1136/4474 705/1137/4475 1154/1138/4476
f 904/1139/4477 671/741/4478 670/710/4479
f 905/692/4480 903/691/4481 1213/1140/4482
f 1212/1141/4483 1037/1142/4484 1030/1143/4485
f 1211/808/4486 903/691/4487 904/1139/4488
f 912/1029/4489 909/709/4490 1039/1144/4491
f 1040/1096/4492 666/1145/4493 969/877/4494
f 1044/668/4495 622/662/4496 621/1146/4497
f 807/627/4498 897/655/4499 898/631/4500
f 673/952/4501 905/692/4502 1289/1034/4503
f 1214/1147/4504 1048/678/4505 814/677/4506
f 1290/1148/4507 1217/629/4508 815/1149/4509
f 916/707/4510 917/740/4511 672/690/4512
f 816/688/4513 676/982/4514 818/711/4515
f 817/693/4516 816/688/4517 749/687/4518
f 749/687/4519 919/1150/4520 918/1044/4521
f 1221/700/4522 673/952/4523 674/694/4524
f 708/680/4525 818/711/4526 677/681/4527
f 816/688/4528 818/711/4529 750/689/4530
f 617/871/4531 820/837/4532 819/872/4533
f 819/872/4534 820/837/4535 821/885/4536
f 616/838/4537 820/837/4538 617/871/4539
f 821/885/4540 820/837/4541 751/839/4542
f 751/839/4543 822/891/4544 821/885/4545
f 821/885/4546 822/891/4547 919/1150/4548
f 822/891/4549 751/839/4550 1055/892/4551
f 919/1150/4552 822/891/4553 709/1038/4554
f 616/838/4555 920/841/4556 1055/892/4557
f 1219/1039/4558 1052/1151/4559 1218/1040/4560
f 846/850/4561 1078/1152/4562 613/851/4563
f 1054/606/4564 752/605/4565 823/1153/4566
f 671/741/4567 1225/628/4568 1224/1154/4569
f 1056/1155/4570 923/795/4571 825/1156/4572
f 1331/1042/4573 1351/1157/4574 753/1158/4575
f 1086/865/4576 1087/1159/4577 968/866/4578
f 925/1160/4579 601/886/4580 600/878/4581
f 926/844/4582 924/843/4583 1231/1161/4584
f 1296/1162/4585 1229/1163/4586 828/899/4587
f 1228/888/4588 924/843/4589 925/1160/4590
f 830/743/4591 829/728/4592 642/738/4593
f 758/729/4594 829/728/4595 756/742/4596
f 1209/1164/4597 640/719/4598 1029/1062/4599
f 830/743/4600 1242/1165/4601 1062/1030/4602
f 831/727/4603 643/739/4604 829/728/4605
f 712/721/4606 831/727/4607 757/752/4608
f 1062/1030/4609 1243/1063/4610 756/742/4611
f 837/882/4612 932/1166/4613 760/1167/4614
f 834/773/4615 297/775/4616 759/913/4617
f 837/882/4618 835/881/4619 836/794/4620
f 935/984/4621 759/913/4622 713/722/4623
f 761/985/4624 833/774/4625 834/773/4626
f 833/774/4627 837/882/4628 836/794/4629
f 1065/883/4630 837/882/4631 1064/1168/4632
f 837/882/4633 833/774/4634 761/985/4635
f 836/794/4636 835/881/4637 838/792/4638
f 932/1166/4639 837/882/4640 761/985/4641
f 1064/1168/4642 837/882/4643 760/1167/4644
f 835/881/4645 1065/883/4646 1067/1169/4647
f 838/792/4648 835/881/4649 839/1170/4650
f 842/994/4651 839/1170/4652 763/1171/4653
f 299/969/4654 841/968/4655 300/1077/4656
f 840/788/4657 842/994/4658 1113/786/4659
f 1273/1172/4660 1272/1173/4661 731/1174/4662
f 838/792/4663 839/1170/4664 841/968/4665
f 841/968/4666 839/1170/4667 842/994/4668
f 763/1171/4669 1349/1175/4670 1113/786/4671
f 842/994/4672 840/788/4673 843/995/4674
f 843/995/4675 840/788/4676 986/766/4677
f 300/1077/4678 841/968/4679 843/995/4680
f 1068/1069/4681 1069/923/4682 937/925/4683
f 950/1176/4684 943/990/4685 762/1074/4686
f 662/1177/4687 942/868/4688 940/858/4689
f 910/1178/4690 1040/1096/4691 1042/1179/4692
f 846/850/4693 612/852/4694 855/848/4695
f 846/850/4696 959/1088/4697 1078/1152/4698
f 1083/1180/4699 605/874/4700 604/1181/4701
f 847/875/4702 1082/896/4703 963/895/4704
f 1298/622/4705 602/845/4706 926/844/4707
f 1336/1182/4708 1344/1055/4709 1058/1183/4710
f 1084/1184/4711 662/1177/4712 940/858/4713
f 849/862/4714 1005/1005/4715 891/1123/4716
f 768/637/4717 849/862/4718 1260/861/4719
f 966/863/4720 849/862/4721 965/955/4722
f 1090/856/4723 969/877/4724 666/1145/4725
f 851/864/4726 969/877/4727 1265/1097/4728
f 853/780/4729 852/869/4730 607/781/4731
f 852/869/4732 770/1098/4733 971/832/4734
f 847/875/4735 853/780/4736 606/782/4737
f 852/869/4738 853/780/4739 770/1098/4740
f 1075/1185/4741 716/1186/4742 961/1187/4743
f 959/1088/4744 960/831/4745 1077/1082/4746
f 721/846/4747 855/848/4748 611/986/4749
f 846/850/4750 855/848/4751 771/847/4752
f 856/912/4753 596/907/4754 861/902/4755
f 1060/1059/4756 856/912/4757 1234/1188/4758
f 774/771/4759 857/935/4760 16/960/4761
f 773/770/4762 779/772/4763 884/936/4764
f 780/983/4765 858/659/4766 723/976/4767
f 859/657/4768 858/659/4769 727/1110/4770
f 1362/783/4771 859/657/4772 727/1110/4773
f 776/898/4774 859/657/4775 681/784/4776
f 728/914/4777 860/900/4778 594/921/4779
f 782/901/4780 860/900/4781 781/915/4782
f 860/900/4783 861/902/4784 595/908/4785
f 861/902/4786 782/901/4787 972/1008/4788
f 10/1113/4789 865/1089/4790 864/918/4791
f 784/1112/4792 9/991/4793 862/920/4794
f 1012/1189/4795 1014/973/4796 1366/1190/4797
f 862/920/4798 867/919/4799 869/1191/4800
f 865/1089/4801 10/1113/4802 11/1192/4803
f 864/918/4804 863/1090/4805 867/919/4806
f 868/1120/4807 11/1192/4808 12/1193/4809
f 863/1090/4810 865/1089/4811 866/971/4812
f 865/1089/4813 868/1120/4814 866/971/4815
f 868/1120/4816 12/1193/4817 1104/1003/4818
f 1012/1189/4819 1010/1194/4820 1011/1092/4821
f 869/1191/4822 867/919/4823 767/1091/4824
f 11/1192/4825 868/1120/4826 865/1089/4827
f 12/1193/4828 13/962/4829 1104/1003/4830
f 869/1191/4831 767/1091/4832 1098/1195/4833
f 862/920/4834 869/1191/4835 784/1112/4836
f 1098/1195/4837 784/1112/4838 869/1191/4839
f 870/966/4840 1097/1196/4841 1095/1099/4842
f 871/664/4843 655/724/4844 797/946/4845
f 871/664/4846 654/800/4847 686/665/4848
f 730/939/4849 786/785/4850 872/948/4851
f 682/666/4852 872/948/4853 786/785/4854
f 688/641/4855 988/849/4856 1121/1197/4857
f 874/1115/4858 873/639/4859 788/1116/4860
f 1122/959/4861 1273/1172/4862 788/1116/4863
f 874/1115/4864 678/949/4865 984/652/4866
f 873/639/4867 874/1115/4868 875/651/4869
f 875/651/4870 874/1115/4871 984/652/4872
f 985/765/4873 302/829/4874 301/1076/4875
f 880/999/4876 789/958/4877 878/1198/4878
f 789/958/4879 876/830/4880 879/1199/4881
f 985/765/4882 879/1199/4883 876/830/4884
f 873/639/4885 1121/1197/4886 788/1116/4887
f 792/1200/4888 882/910/4889 990/1201/4890
f 985/765/4891 876/830/4892 302/829/4893
f 1272/1173/4894 879/1199/4895 877/767/4896
f 789/958/4897 880/999/4898 876/830/4899
f 880/999/4900 878/1198/4901 990/1201/4902
f 305/748/4903 881/777/4904 714/749/4905
f 1119/798/4906 881/777/4907 792/1200/4908
f 990/1201/4909 882/910/4910 304/909/4911
f 881/777/4912 882/910/4913 792/1200/4914
f 991/1119/4915 793/961/4916 14/963/4917
f 883/1109/4918 884/936/4919 779/772/4920
f 773/770/4921 884/936/4922 857/935/4923
f 884/936/4924 883/1109/4925 991/1119/4926
f 659/930/4927 892/938/4928 888/1202/4929
f 887/1203/4930 885/730/4931 795/1000/4932
f 658/931/4933 888/1202/4934 885/730/4935
f 795/1000/4936 885/730/4937 886/937/4938
f 996/1204/4939 1378/1205/4940 1002/1002/4941
f 1004/964/4942 736/726/4943 656/725/4944
f 659/930/4945 888/1202/4946 658/931/4947
f 886/937/4948 885/730/4949 888/1202/4950
f 885/730/4951 887/1203/4952 889/933/4953
f 889/933/4954 887/1203/4955 1004/964/4956
f 1016/763/4957 844/762/4958 661/956/4959
f 886/937/4960 890/929/4961 796/941/4962
f 796/941/4963 890/929/4964 891/1123/4965
f 890/929/4966 660/764/4967 1016/763/4968
f 888/1202/4969 892/938/4970 886/937/4971
f 659/930/4972 890/929/4973 892/938/4974
f 1131/635/4975 893/745/4976 634/747/4977
f 894/1019/4978 893/745/4979 798/1206/4980
f 894/1019/4981 798/1206/4982 1129/1207/4983
f 900/645/4984 894/1019/4985 808/1128/4986
f 895/1015/4987 1018/1016/4988 1130/1017/4989
f 1020/634/4990 895/1015/4991 1130/1017/4992
f 896/626/4993 625/656/4994 897/655/4995
f 896/626/4996 899/625/4997 1021/1130/4998
f 898/631/4999 897/655/5000 624/654/5001
f 896/626/5002 897/655/5003 807/627/5004
f 813/660/5005 746/685/5006 1023/1208/5007
f 1024/1209/5008 1025/632/5009 1023/1208/5010
f 1283/1131/5011 899/625/5012 742/1031/5013
f 899/625/5014 806/696/5015 1021/1130/5016
f 894/1019/5017 900/645/5018 636/644/5019
f 901/653/5020 900/645/5021 808/1128/5022
f 1026/1133/5023 808/1128/5024 1137/1125/5025
f 1028/779/5026 901/653/5027 1139/1134/5028
f 1027/718/5029 639/720/5030 1028/779/5031
f 1382/1210/5032 1148/1211/5033 1142/1212/5034
f 904/1139/5035 903/691/5036 671/741/5037
f 903/691/5038 810/809/5039 1213/1140/5040
f 906/706/5041 904/1139/5042 670/710/5043
f 1210/1213/5044 1030/1143/5045 744/1214/5046
f 1210/1213/5047 1031/1028/5048 1213/1140/5049
f 1214/1147/5050 747/1215/5051 1048/678/5052
f 668/796/5053 911/708/5054 908/804/5055
f 906/706/5056 811/806/5057 1212/1141/5058
f 906/706/5059 908/804/5060 811/806/5061
f 908/804/5062 906/706/5063 669/705/5064
f 668/796/5065 908/804/5066 669/705/5067
f 908/804/5068 907/703/5069 1035/805/5070
f 1039/1144/5071 1090/856/5072 666/1145/5073
f 911/708/5074 812/701/5075 907/703/5076
f 1071/1080/5077 1089/876/5078 664/970/5079
f 951/1216/5080 941/1081/5081 845/860/5082
f 908/804/5083 911/708/5084 907/703/5085
f 668/796/5086 909/709/5087 911/708/5088
f 1039/1144/5089 909/709/5090 667/715/5091
f 910/1178/5092 1042/1179/5093 1202/1217/5094
f 621/1146/5095 620/670/5096 1045/679/5097
f 1050/1218/5098 913/667/5099 1049/684/5100
f 1046/981/5101 707/672/5102 677/681/5103
f 1047/676/5104 676/982/5105 816/688/5106
f 1050/1218/5107 1049/684/5108 915/1219/5109
f 1046/981/5110 914/669/5111 707/672/5112
f 1221/700/5113 916/707/5114 673/952/5115
f 917/740/5116 916/707/5117 815/1149/5118
f 917/740/5119 815/1149/5120 1217/629/5121
f 1224/1154/5122 1223/1041/5123 825/1156/5124
f 1218/1040/5125 918/1044/5126 709/1038/5127
f 918/1044/5128 1218/1040/5129 1220/1220/5130
f 918/1044/5131 919/1150/5132 709/1038/5133
f 749/687/5134 821/885/5135 919/1150/5136
f 920/841/5137 615/612/5138 921/611/5139
f 920/841/5140 1054/606/5141 1055/892/5142
f 1081/1046/5143 921/611/5144 614/610/5145
f 920/841/5146 921/611/5147 824/842/5148
f 922/704/5149 670/710/5150 1224/1154/5151
f 923/795/5152 922/704/5153 825/1156/5154
f 1056/1155/5155 825/1156/5156 1222/1043/5157
f 1264/1221/5158 1091/714/5159 1226/1222/5160
f 925/1160/5161 924/843/5162 601/886/5163
f 924/843/5164 827/889/5165 1231/1161/5166
f 927/733/5167 925/1160/5168 600/878/5169
f 1227/1223/5170 1057/835/5171 754/834/5172
f 1227/1223/5173 1058/1183/5174 1231/1161/5175
f 1233/624/5176 964/1086/5177 1083/1180/5178
f 1059/734/5179 599/879/5180 598/1224/5181
f 927/733/5182 828/899/5183 1229/1163/5184
f 597/911/5185 1060/1059/5186 598/1224/5187
f 929/735/5188 1235/1225/5189 828/899/5190
f 1059/734/5191 927/733/5192 599/879/5193
f 1235/1225/5194 929/735/5195 928/1058/5196
f 1144/1226/5197 1161/1227/5198 809/1228/5199
f 932/1166/5200 832/1064/5201 1244/1066/5202
f 1063/1065/5203 931/751/5204 711/753/5205
f 935/984/5206 931/751/5207 832/1064/5208
f 761/985/5209 832/1064/5210 932/1166/5211
f 1063/1065/5212 832/1064/5213 931/751/5214
f 1381/1229/5215 1382/1210/5216 1383/1230/5217
f 760/1167/5218 932/1166/5219 934/1231/5220
f 955/1232/5221 764/1233/5222 949/1070/5223
f 953/1234/5224 955/1232/5225 949/1070/5226
f 931/751/5227 935/984/5228 713/722/5229
f 761/985/5230 935/984/5231 832/1064/5232
f 1380/1235/5233 934/1231/5234 958/1236/5235
f 1066/1237/5236 1065/883/5237 936/1238/5238
f 1070/924/5239 659/930/5240 658/931/5241
f 678/949/5242 1107/1114/5243 1109/950/5244
f 1326/1239/5245 1324/1240/5246 715/1241/5247
f 845/860/5248 939/801/5249 940/858/5250
f 940/858/5251 939/801/5252 663/803/5253
f 939/801/5254 845/860/5255 941/1081/5256
f 940/858/5257 663/803/5258 1084/1184/5259
f 940/858/5260 938/867/5261 944/859/5262
f 845/860/5263 946/1071/5264 951/1216/5265
f 1040/1096/5266 910/1178/5267 1039/1144/5268
f 942/868/5269 662/1177/5270 965/955/5271
f 943/990/5272 661/956/5273 844/762/5274
f 762/1074/5275 943/990/5276 844/762/5277
f 938/867/5278 942/868/5279 943/990/5280
f 947/1072/5281 944/859/5282 938/867/5283
f 764/1233/5284 948/1242/5285 951/1216/5286
f 947/1072/5287 950/1176/5288 945/1243/5289
f 954/819/5290 952/818/5291 953/1234/5292
f 845/860/5293 944/859/5294 946/1071/5295
f 946/1071/5296 944/859/5297 947/1072/5298
f 950/1176/5299 947/1072/5300 938/867/5301
f 947/1072/5302 945/1243/5303 949/1070/5304
f 1204/1244/5305 764/1233/5306 955/1232/5307
f 1379/1245/5308 1042/1179/5309 1040/1096/5310
f 953/1234/5311 949/1070/5312 945/1243/5313
f 764/1233/5314 946/1071/5315 949/1070/5316
f 943/990/5317 950/1176/5318 938/867/5319
f 1326/1239/5320 1328/1246/5321 1327/1073/5322
f 764/1233/5323 951/1216/5324 946/1071/5325
f 951/1216/5326 948/1242/5327 1379/1245/5328
f 953/1234/5329 945/1243/5330 954/819/5331
f 957/1247/5332 955/1232/5333 952/818/5334
f 945/1243/5335 1326/1239/5336 954/819/5337
f 953/1234/5338 952/818/5339 955/1232/5340
f 715/1241/5341 1072/1248/5342 954/819/5343
f 1072/1248/5344 1073/817/5345 954/819/5346
f 958/1236/5347 956/1249/5348 957/1247/5349
f 1208/1250/5350 1288/1251/5351 1199/1252/5352
f 1244/1066/5353 1074/1079/5354 934/1231/5355
f 1384/1253/5356 1383/1230/5357 1159/1254/5358
f 958/1236/5359 957/1247/5360 952/818/5361
f 1199/1252/5362 957/1247/5363 956/1249/5364
f 952/818/5365 1073/817/5366 1380/1235/5367
f 958/1236/5368 934/1231/5369 1074/1079/5370
f 960/831/5371 959/1088/5372 771/847/5373
f 1078/1152/5374 959/1088/5375 765/1084/5376
f 718/870/5377 960/831/5378 771/847/5379
f 960/831/5380 854/833/5381 961/1187/5382
f 1075/1185/5383 961/1187/5384 854/833/5385
f 961/1187/5386 716/1186/5387 1076/1083/5388
f 765/1084/5389 1076/1083/5390 1080/1255/5391
f 962/1045/5392 1079/607/5393 1081/1046/5394
f 854/833/5395 963/895/5396 766/897/5397
f 770/1098/5398 847/875/5399 963/895/5400
f 847/875/5401 1083/1180/5402 1082/896/5403
f 1233/624/5404 604/1181/5405 1298/622/5406
f 965/955/5407 662/1177/5408 1084/1184/5409
f 891/1123/5410 965/955/5411 849/862/5412
f 966/863/5413 1084/1184/5414 967/802/5415
f 1260/861/5416 966/863/5417 1261/1256/5418
f 1089/876/5419 1071/1080/5420 665/1095/5421
f 966/863/5422 967/802/5423 850/1257/5424
f 1089/876/5425 967/802/5426 664/970/5427
f 850/1257/5428 967/802/5429 968/866/5430
f 1090/856/5431 1039/1144/5432 667/715/5433
f 968/866/5434 969/877/5435 851/864/5436
f 1091/714/5437 909/709/5438 668/796/5439
f 1264/1221/5440 1092/1258/5441 1265/1097/5442
f 852/869/5443 971/832/5444 718/870/5445
f 963/895/5446 971/832/5447 770/1098/5448
f 1094/1111/5449 782/901/5450 722/1100/5451
f 772/1007/5452 856/912/5453 972/1008/5454
f 1095/1099/5455 973/1006/5456 722/1100/5457
f 1333/1259/5458 1266/1060/5459 1301/1260/5460
f 734/928/5461 976/927/5462 793/961/5463
f 974/1004/5464 976/927/5465 975/974/5466
f 868/1120/5467 975/974/5468 866/971/5469
f 974/1004/5470 793/961/5471 976/927/5472
f 977/1108/5473 978/926/5474 979/1103/5475
f 975/974/5476 976/927/5477 1363/987/5478
f 997/650/5479 694/649/5480 736/726/5481
f 794/972/5482 975/974/5483 1363/987/5484
f 978/926/5485 734/928/5486 979/1103/5487
f 1363/987/5488 978/926/5489 977/1108/5490
f 980/1104/5491 979/1103/5492 734/928/5493
f 778/1102/5494 680/1107/5495 979/1103/5496
f 734/928/5497 883/1109/5498 980/1104/5499
f 778/1102/5500 980/1104/5501 883/1109/5502
f 982/965/5503 981/967/5504 729/989/5505
f 1095/1099/5506 981/967/5507 870/966/5508
f 783/992/5509 982/965/5510 729/989/5511
f 784/1112/5512 870/966/5513 982/965/5514
f 1110/1261/5515 1319/1262/5516 1108/1263/5517
f 1105/1117/5518 1107/1114/5519 874/1115/5520
f 678/949/5521 682/666/5522 984/652/5523
f 984/652/5524 682/666/5525 693/640/5526
f 301/1076/5527 843/995/5528 986/766/5529
f 879/1199/5530 985/765/5531 877/767/5532
f 877/767/5533 986/766/5534 840/788/5535
f 301/1076/5536 986/766/5537 985/765/5538
f 1123/957/5539 1120/1264/5540 878/1198/5541
f 1121/1197/5542 989/1118/5543 788/1116/5544
f 679/758/5545 988/849/5546 692/683/5547
f 987/799/5548 989/1118/5549 988/849/5550
f 987/799/5551 1120/1264/5552 1123/957/5553
f 1123/957/5554 989/1118/5555 987/799/5556
f 880/999/5557 990/1201/5558 304/909/5559
f 1120/1264/5560 990/1201/5561 878/1198/5562
f 991/1119/5563 14/963/5564 15/934/5565
f 883/1109/5566 793/961/5567 991/1119/5568
f 1007/1124/5569 1009/1121/5570 796/941/5571
f 992/940/5572 735/1122/5573 993/1001/5574
f 1363/987/5575 1364/1265/5576 1367/1266/5577
f 993/1001/5578 735/1122/5579 996/1204/5580
f 886/937/5581 992/940/5582 994/1094/5583
f 993/1001/5584 994/1094/5585 992/940/5586
f 680/1107/5587 1376/1267/5588 977/1108/5589
f 684/716/5590 698/663/5591 999/951/5592
f 996/1204/5593 735/1122/5594 1368/1268/5595
f 996/1204/5596 995/1269/5597 1378/1205/5598
f 1003/1270/5599 795/1000/5600 1002/1002/5601
f 1364/1265/5602 1376/1267/5603 995/1269/5604
f 1003/1270/5605 997/650/5606 887/1203/5607
f 999/951/5608 998/1271/5609 1000/761/5610
f 694/649/5611 999/951/5612 698/663/5613
f 998/1271/5614 1377/1272/5615 1000/761/5616
f 1125/1106/5617 1127/760/5618 778/1102/5619
f 684/716/5620 999/951/5621 1000/761/5622
f 1001/648/5623 997/650/5624 1003/1270/5625
f 999/951/5626 1001/648/5627 998/1271/5628
f 1002/1002/5629 993/1001/5630 996/1204/5631
f 1002/1002/5632 998/1271/5633 1001/648/5634
f 795/1000/5635 1003/1270/5636 887/1203/5637
f 1001/648/5638 1003/1270/5639 1002/1002/5640
f 889/933/5641 1004/964/5642 656/725/5643
f 997/650/5644 1004/964/5645 887/1203/5646
f 1008/1273/5647 768/637/5648 1374/1274/5649
f 891/1123/5650 1005/1005/5651 1007/1124/5652
f 1261/1256/5653 1317/636/5654 1085/638/5655
f 1370/1275/5656 1363/987/5657 1367/1266/5658
f 1005/1005/5659 1008/1273/5660 1007/1124/5661
f 1007/1124/5662 1008/1273/5663 1009/1121/5664
f 768/637/5665 1008/1273/5666 1005/1005/5667
f 1006/1276/5668 1371/1277/5669 1369/1278/5670
f 796/941/5671 1009/1121/5672 992/940/5673
f 1008/1273/5674 1006/1276/5675 1009/1121/5676
f 867/919/5677 1012/1189/5678 1011/1092/5679
f 1366/1190/5680 1372/1279/5681 1010/1194/5682
f 1012/1189/5683 867/919/5684 863/1090/5685
f 1015/1093/5686 1011/1092/5687 1010/1194/5688
f 1014/973/5689 863/1090/5690 866/971/5691
f 794/972/5692 1366/1190/5693 1014/973/5694
f 1270/1280/5695 1013/1281/5696 1373/1282/5697
f 717/1283/5698 1102/1284/5699 1267/1285/5700
f 794/972/5701 1370/1275/5702 1366/1190/5703
f 863/1090/5704 1014/973/5705 1012/1189/5706
f 1010/1194/5707 1372/1279/5708 1373/1282/5709
f 1015/1093/5710 1013/1281/5711 1268/1286/5712
f 965/955/5713 1016/763/5714 661/956/5715
f 890/929/5716 1016/763/5717 891/1123/5718
f 1200/1287/5719 798/1206/5720 1274/1288/5721
f 1194/1289/5722 1019/1011/5723 1193/1290/5724
f 1018/1016/5725 739/621/5726 804/608/5727
f 1130/1017/5728 1018/1016/5729 704/697/5730
f 1024/1209/5731 1181/1291/5732 1280/1132/5733
f 1283/1131/5734 742/1031/5735 1280/1132/5736
f 1020/634/5737 1274/1288/5738 1131/635/5739
f 800/633/5740 895/1015/5741 1020/634/5742
f 805/698/5743 1021/1130/5744 806/696/5745
f 1022/613/5746 1021/1130/5747 741/1129/5748
f 803/614/5749 1022/613/5750 741/1129/5751
f 626/615/5752 896/626/5753 1022/613/5754
f 1023/1208/5755 746/685/5756 1024/1209/5757
f 898/631/5758 813/660/5759 1023/1208/5760
f 746/685/5761 1132/1035/5762 1024/1209/5763
f 1180/1292/5764 1136/1293/5765 1181/1291/5766
f 1023/1208/5767 1025/632/5768 898/631/5769
f 1024/1209/5770 742/1031/5771 1025/632/5772
f 1026/1133/5773 1143/1014/5774 1140/1135/5775
f 902/1294/5776 1028/779/5777 1141/1295/5778
f 639/720/5779 638/778/5780 1028/779/5781
f 1029/1062/5782 1027/718/5783 902/1294/5784
f 1139/1134/5785 901/653/5786 1026/1133/5787
f 902/1294/5788 1027/718/5789 1028/779/5790
f 1142/1212/5791 1148/1211/5792 902/1294/5793
f 1209/1164/5794 830/743/5795 641/1061/5796
f 1212/1141/5797 1030/1143/5798 1211/808/5799
f 811/806/5800 1035/805/5801 1034/854/5802
f 1170/1296/5803 1166/1297/5804 1158/979/5805
f 1195/1026/5806 1183/1298/5807 1191/1027/5808
f 1215/1033/5809 814/677/5810 674/694/5811
f 1216/1299/5812 905/692/5813 1213/1140/5814
f 1187/1300/5815 1033/702/5816 812/701/5817
f 1033/702/5818 745/855/5819 1034/854/5820
f 1161/1227/5821 1144/1226/5822 1138/1013/5823
f 811/806/5824 1034/854/5825 1037/1142/5826
f 907/703/5827 1033/702/5828 1035/805/5829
f 1034/854/5830 1035/805/5831 1033/702/5832
f 1036/1301/5833 1155/1302/5834 1160/1024/5835
f 1171/1025/5836 1030/1143/5837 1037/1142/5838
f 1038/853/5839 1037/1142/5840 1034/854/5841
f 1160/1024/5842 1166/1297/5843 1171/1025/5844
f 1157/1303/5845 1153/1304/5846 1155/1302/5847
f 1038/853/5848 1036/1301/5849 1177/1023/5850
f 1040/1096/5851 1039/1144/5852 666/1145/5853
f 912/1029/5854 1039/1144/5855 910/1178/5856
f 1071/1080/5857 1040/1096/5858 665/1095/5859
f 941/1081/5860 951/1216/5861 1379/1245/5862
f 1172/1068/5863 1186/1021/5864 1162/1020/5865
f 1042/1179/5866 1041/1305/5867 1202/1217/5868
f 1379/1245/5869 1040/1096/5870 941/1081/5871
f 1202/1217/5872 1041/1305/5873 1201/1306/5874
f 1044/668/5875 813/660/5876 622/662/5877
f 1133/1036/5878 913/667/5879 1050/1218/5880
f 1044/668/5881 621/1146/5882 1045/679/5883
f 1043/686/5884 1044/668/5885 913/667/5886
f 707/672/5887 1045/679/5888 620/670/5889
f 1044/668/5890 1045/679/5891 914/669/5892
f 1047/676/5893 1046/981/5894 676/982/5895
f 1049/684/5896 1046/981/5897 915/1219/5898
f 814/677/5899 1047/676/5900 675/695/5901
f 1046/981/5902 1047/676/5903 915/1219/5904
f 1048/678/5905 747/1215/5906 1135/1307/5907
f 1047/676/5908 1048/678/5909 915/1219/5910
f 1046/981/5911 1049/684/5912 914/669/5913
f 915/1219/5914 1048/678/5915 1050/1218/5916
f 1184/1308/5917 1134/1037/5918 1135/1307/5919
f 1133/1036/5920 1043/686/5921 913/667/5922
f 918/1044/5923 1220/1220/5924 1053/699/5925
f 1294/1309/5926 1351/1157/5927 1331/1042/5928
f 1253/1310/5929 752/605/5930 1080/1255/5931
f 1350/1311/5932 1052/1151/5933 1310/1047/5934
f 1053/699/5935 1292/1312/5936 1221/700/5937
f 817/693/5938 918/1044/5939 1053/699/5940
f 1054/606/5941 824/842/5942 1079/607/5943
f 1055/892/5944 1054/606/5945 823/1153/5946
f 1055/892/5947 823/1153/5948 1291/893/5949
f 616/838/5950 1055/892/5951 751/839/5952
f 1411/1313/5953 1361/1314/5954 1345/1315/5955
f 1226/1222/5956 1056/1155/5957 1361/1314/5958
f 1229/1163/5959 1057/835/5960 1228/888/5961
f 828/899/5962 1235/1225/5963 1236/1316/5964
f 1058/1183/5965 1227/1223/5966 1336/1182/5967
f 1232/623/5968 1058/1183/5969 1344/1055/5970
f 1060/1059/5971 1059/734/5972 598/1224/5973
f 929/735/5974 1059/734/5975 928/1058/5976
f 597/911/5977 856/912/5978 1060/1059/5979
f 772/1007/5980 1333/1259/5981 1234/1188/5982
f 1333/1259/5983 1300/1317/5984 1061/1101/5985
f 1235/1225/5986 1061/1101/5987 1300/1317/5988
f 830/743/5989 1209/1164/5990 1242/1165/5991
f 1308/1318/5992 1245/1319/5993 1246/1320/5994
f 711/753/5995 758/729/5996 1243/1063/5997
f 1245/1319/5998 1063/1065/5999 1246/1320/6000
f 1064/1168/6001 760/1167/6002 1380/1235/6003
f 1064/1168/6004 936/1238/6005 1065/883/6006
f 936/1238/6007 1072/1248/6008 1066/1237/6009
f 839/1170/6010 1067/1169/6011 763/1171/6012
f 1320/1321/6013 1321/1075/6014 1114/942/6015
f 1066/1237/6016 1347/1322/6017 1067/1169/6018
f 835/881/6019 1067/1169/6020 839/1170/6021
f 1066/1237/6022 1067/1169/6023 1065/883/6024
f 1069/923/6025 844/762/6026 660/764/6027
f 1321/1075/6028 1068/1069/6029 937/925/6030
f 1069/923/6031 660/764/6032 890/929/6033
f 1070/924/6034 1069/923/6035 659/930/6036
f 658/931/6037 787/732/6038 1070/924/6039
f 1117/1323/6040 1114/942/6041 1116/1324/6042
f 939/801/6043 1071/1080/6044 664/970/6045
f 1040/1096/6046 1071/1080/6047 941/1081/6048
f 1066/1237/6049 1072/1248/6050 715/1241/6051
f 1072/1248/6052 936/1238/6053 1073/817/6054
f 1064/1168/6055 1073/817/6056 936/1238/6057
f 1380/1235/6058 760/1167/6059 934/1231/6060
f 1251/1325/6061 933/1078/6062 1249/1326/6063
f 958/1236/6064 1074/1079/6065 956/1249/6066
f 854/833/6067 766/897/6068 1075/1185/6069
f 1075/1185/6070 766/897/6071 1312/1085/6072
f 1254/1327/6073 1253/1310/6074 1076/1083/6075
f 752/605/6076 1079/607/6077 1080/1255/6078
f 960/831/6079 961/1187/6080 1077/1082/6081
f 1076/1083/6082 1077/1082/6083 961/1187/6084
f 1080/1255/6085 1078/1152/6086 765/1084/6087
f 613/851/6088 1078/1152/6089 962/1045/6090
f 1081/1046/6091 1079/607/6092 824/842/6093
f 1080/1255/6094 1079/607/6095 962/1045/6096
f 1080/1255/6097 962/1045/6098 1078/1152/6099
f 1080/1255/6100 1076/1083/6101 1253/1310/6102
f 921/611/6103 1081/1046/6104 824/842/6105
f 613/851/6106 1081/1046/6107 614/610/6108
f 1083/1180/6109 847/875/6110 605/874/6111
f 1312/1085/6112 1082/896/6113 964/1086/6114
f 1232/623/6115 848/1328/6116 1297/1087/6117
f 1082/896/6118 1083/1180/6119 964/1086/6120
f 967/802/6121 1084/1184/6122 663/803/6123
f 965/955/6124 1084/1184/6125 966/863/6126
f 1261/1256/6127 1087/1159/6128 1088/1329/6129
f 1088/1329/6130 1317/636/6131 1261/1256/6132
f 851/864/6133 1265/1097/6134 1093/916/6135
f 1087/1159/6136 1086/865/6137 769/917/6138
f 1087/1159/6139 769/917/6140 1088/1329/6141
f 968/866/6142 1087/1159/6143 850/1257/6144
f 1313/1330/6145 1088/1329/6146 769/917/6147
f 717/1283/6148 1267/1285/6149 1269/1331/6150
f 969/877/6151 1089/876/6152 665/1095/6153
f 967/802/6154 1089/876/6155 968/866/6156
f 1091/714/6157 1090/856/6158 667/715/6159
f 969/877/6160 1090/856/6161 970/857/6162
f 668/796/6163 923/795/6164 1091/714/6165
f 1091/714/6166 923/795/6167 1226/1222/6168
f 1239/1332/6169 1230/1333/6170 1237/904/6171
f 1093/916/6172 1086/865/6173 851/864/6174
f 1056/1155/6175 1222/1043/6176 1360/1334/6177
f 717/1283/6178 1354/1335/6179 1353/1336/6180
f 722/1100/6181 973/1006/6182 1094/1111/6183
f 972/1008/6184 1094/1111/6185 973/1006/6186
f 1098/1195/6187 1096/1337/6188 1097/1196/6189
f 1266/1060/6190 1100/1338/6191 1306/1339/6192
f 1268/1286/6193 1013/1281/6194 1267/1285/6195
f 1306/1339/6196 1307/1340/6197 1352/1341/6198
f 784/1112/6199 1098/1195/6200 870/966/6201
f 1101/1342/6202 1097/1196/6203 1096/1337/6204
f 1098/1195/6205 767/1091/6206 1268/1286/6207
f 870/966/6208 1098/1195/6209 1097/1196/6210
f 973/1006/6211 1095/1099/6212 1103/1343/6213
f 1302/1344/6214 1099/1345/6215 1305/1346/6216
f 1101/1342/6217 1095/1099/6218 1097/1196/6219
f 1101/1342/6220 1096/1337/6221 1102/1284/6222
f 1096/1337/6223 1267/1285/6224 1102/1284/6225
f 1101/1342/6226 1100/1338/6227 1103/1343/6228
f 1353/1336/6229 1316/1347/6230 1334/1348/6231
f 1101/1342/6232 1102/1284/6233 1307/1340/6234
f 1101/1342/6235 1103/1343/6236 1095/1099/6237
f 1266/1060/6238 1103/1343/6239 1100/1338/6240
f 793/961/6241 1104/1003/6242 13/962/6243
f 868/1120/6244 1104/1003/6245 974/1004/6246
f 1273/1172/6247 1105/1117/6248 788/1116/6249
f 1107/1114/6250 1105/1117/6251 983/1349/6252
f 1108/1263/6253 1106/1350/6254 1109/950/6255
f 1111/993/6256 1117/1323/6257 787/732/6258
f 1108/1263/6259 1107/1114/6260 983/1349/6261
f 1107/1114/6262 1108/1263/6263 1109/950/6264
f 731/1174/6265 1110/1261/6266 983/1349/6267
f 1108/1263/6268 983/1349/6269 1110/1261/6270
f 1111/993/6271 1109/950/6272 1106/1350/6273
f 872/948/6274 1109/950/6275 730/939/6276
f 731/1174/6277 1115/1351/6278 1110/1261/6279
f 1325/997/6280 1349/1175/6281 1347/1322/6282
f 1114/942/6283 1111/993/6284 1106/1350/6285
f 730/939/6286 1111/993/6287 787/732/6288
f 1113/786/6289 1112/1352/6290 1416/787/6291
f 1323/1353/6292 1325/997/6293 1347/1322/6294
f 763/1171/6295 1113/786/6296 842/994/6297
f 1115/1351/6298 1416/787/6299 1112/1352/6300
f 1114/942/6301 1106/1350/6302 1318/943/6303
f 1070/924/6304 1116/1324/6305 937/925/6306
f 1115/1351/6307 731/1174/6308 1416/787/6309
f 1115/1351/6310 1112/1352/6311 1348/996/6312
f 1117/1323/6313 1070/924/6314 787/732/6315
f 1114/942/6316 937/925/6317 1116/1324/6318
f 1114/942/6319 1117/1323/6320 1111/993/6321
f 1070/924/6322 1117/1323/6323 1116/1324/6324
f 1119/798/6325 732/757/6326 733/776/6327
f 988/849/6328 1118/797/6329 987/799/6330
f 881/777/6331 1119/798/6332 733/776/6333
f 792/1200/6334 990/1201/6335 1120/1264/6336
f 987/799/6337 1119/798/6338 1120/1264/6339
f 792/1200/6340 1120/1264/6341 1119/798/6342
f 688/641/6343 1121/1197/6344 873/639/6345
f 988/849/6346 989/1118/6347 1121/1197/6348
f 1272/1173/6349 1122/959/6350 789/958/6351
f 1273/1172/6352 983/1349/6353 1105/1117/6354
f 789/958/6355 1123/957/6356 878/1198/6357
f 989/1118/6358 1123/957/6359 1122/959/6360
f 680/1107/6361 1127/760/6362 1000/761/6363
f 1125/1106/6364 778/1102/6365 779/772/6366
f 777/769/6367 1125/1106/6368 779/772/6369
f 1125/1106/6370 1124/954/6371 1127/760/6372
f 1124/954/6373 1126/1105/6374 776/898/6375
f 777/769/6376 1126/1105/6377 1125/1106/6378
f 1127/760/6379 680/1107/6380 778/1102/6381
f 684/716/6382 1127/760/6383 1124/954/6384
f 1129/1207/6385 1128/1126/6386 894/1019/6387
f 1128/1126/6388 1017/1354/6389 1276/1127/6390
f 1200/1287/6391 1129/1207/6392 798/1206/6393
f 1128/1126/6394 1129/1207/6395 1017/1354/6396
f 1130/1017/6397 704/697/6398 1282/1009/6399
f 738/1018/6400 1130/1017/6401 1019/1011/6402
f 1274/1288/6403 1020/634/6404 738/1018/6405
f 893/745/6406 1131/635/6407 798/1206/6408
f 1133/1036/6409 1132/1035/6410 746/685/6411
f 1181/1291/6412 1132/1035/6413 706/1355/6414
f 1043/686/6415 1133/1036/6416 746/685/6417
f 1134/1037/6418 1133/1036/6419 1050/1218/6420
f 1135/1307/6421 1134/1037/6422 1050/1218/6423
f 706/1355/6424 1132/1035/6425 1134/1037/6426
f 1048/678/6427 1135/1307/6428 1050/1218/6429
f 706/1355/6430 1184/1308/6431 1183/1298/6432
f 1166/1297/6433 1170/1296/6434 744/1214/6435
f 1278/1356/6436 1190/1357/6437 1168/1358/6438
f 1128/1126/6439 1137/1125/6440 808/1128/6441
f 743/1359/6442 1026/1133/6443 1137/1125/6444
f 1150/1360/6445 1143/1014/6446 743/1359/6447
f 1157/1303/6448 1036/1301/6449 1038/853/6450
f 1143/1014/6451 1026/1133/6452 743/1359/6453
f 1028/779/6454 1139/1134/6455 1141/1295/6456
f 1138/1013/6457 1144/1226/6458 1140/1135/6459
f 1382/1210/6460 1381/1229/6461 1145/1361/6462
f 1140/1135/6463 1146/1362/6464 1139/1134/6465
f 1144/1226/6466 1142/1212/6467 1146/1362/6468
f 902/1294/6469 1141/1295/6470 1142/1212/6471
f 1146/1362/6472 1142/1212/6473 1141/1295/6474
f 1150/1360/6475 1276/1127/6476 1151/1363/6477
f 1138/1013/6478 1140/1135/6479 1143/1014/6480
f 1149/1012/6481 1156/1364/6482 1138/1013/6483
f 1142/1212/6484 1144/1226/6485 809/1228/6486
f 1275/1365/6487 930/1366/6488 1308/1318/6489
f 1148/1211/6490 1029/1062/6491 902/1294/6492
f 1139/1134/6493 1146/1362/6494 1141/1295/6495
f 1144/1226/6496 1146/1362/6497 1140/1135/6498
f 743/1359/6499 1276/1127/6500 1150/1360/6501
f 1150/1360/6502 1151/1363/6503 1147/1367/6504
f 1382/1210/6505 1142/1212/6506 809/1228/6507
f 1029/1062/6508 1148/1211/6509 1145/1361/6510
f 1278/1356/6511 1174/1368/6512 1147/1367/6513
f 1152/1136/6514 1149/1012/6515 1147/1367/6516
f 1147/1367/6517 1149/1012/6518 1150/1360/6519
f 1143/1014/6520 1150/1360/6521 1149/1012/6522
f 738/1018/6523 1019/1011/6524 1194/1289/6525
f 1189/1369/6526 1188/1370/6527 1176/1371/6528
f 1155/1302/6529 1153/1304/6530 1154/1138/6531
f 1149/1012/6532 1152/1136/6533 1156/1364/6534
f 1172/1068/6535 1167/1372/6536 1157/1303/6537
f 1154/1138/6538 1156/1364/6539 1152/1136/6540
f 1155/1302/6541 1154/1138/6542 705/1137/6543
f 1154/1138/6544 1153/1304/6545 1156/1364/6546
f 1163/977/6547 1160/1024/6548 1155/1302/6549
f 1155/1302/6550 1036/1301/6551 1157/1303/6552
f 1279/1373/6553 1167/1372/6554 1173/1374/6555
f 1156/1364/6556 1159/1254/6557 1161/1227/6558
f 1038/853/6559 745/855/6560 1157/1303/6561
f 1156/1364/6562 1279/1373/6563 1173/1374/6564
f 1169/1375/6565 1176/1371/6566 1180/1292/6567
f 1165/978/6568 1175/1376/6569 1387/1377/6570
f 1167/1372/6571 1153/1304/6572 1157/1303/6573
f 1384/1253/6574 1203/1378/6575 1386/1379/6576
f 1163/977/6577 1155/1302/6578 705/1137/6579
f 1166/1297/6580 1160/1024/6581 1158/979/6582
f 1156/1364/6583 1161/1227/6584 1138/1013/6585
f 809/1228/6586 1161/1227/6587 1159/1254/6588
f 745/855/6589 1185/1067/6590 1172/1068/6591
f 1186/1021/6592 1178/1380/6593 1197/1381/6594
f 1168/1358/6595 1165/978/6596 1277/1382/6597
f 1158/979/6598 1160/1024/6599 1163/977/6600
f 1174/1368/6601 705/1137/6602 1152/1136/6603
f 1188/1370/6604 1136/1293/6605 1176/1371/6606
f 1277/1382/6607 1163/977/6608 705/1137/6609
f 1175/1376/6610 1165/978/6611 1164/1383/6612
f 1158/979/6613 1387/1377/6614 1170/1296/6615
f 744/1214/6616 1030/1143/6617 1171/1025/6618
f 1172/1068/6619 1157/1303/6620 745/855/6621
f 1167/1372/6622 1162/1020/6623 1173/1374/6624
f 1168/1358/6625 1174/1368/6626 1278/1356/6627
f 1164/1383/6628 1165/978/6629 1168/1358/6630
f 1175/1376/6631 1176/1371/6632 1169/1375/6633
f 1284/1384/6634 1183/1298/6635 1170/1296/6636
f 1182/1385/6637 1183/1298/6638 1284/1384/6639
f 744/1214/6640 1170/1296/6641 1195/1026/6642
f 1037/1142/6643 1038/853/6644 1177/1023/6645
f 744/1214/6646 1171/1025/6647 1166/1297/6648
f 1185/1067/6649 745/855/6650 1187/1300/6651
f 1162/1020/6652 1167/1372/6653 1172/1068/6654
f 1173/1374/6655 1162/1020/6656 1384/1253/6657
f 1156/1364/6658 1173/1374/6659 1159/1254/6660
f 1147/1367/6661 1174/1368/6662 1152/1136/6663
f 1277/1382/6664 1174/1368/6665 1168/1358/6666
f 1176/1371/6667 1175/1376/6668 1164/1383/6669
f 1284/1384/6670 1387/1377/6671 1169/1375/6672
f 1176/1371/6673 1164/1383/6674 1189/1369/6675
f 1176/1371/6676 1136/1293/6677 1180/1292/6678
f 1160/1024/6679 1177/1023/6680 1036/1301/6681
f 1037/1142/6682 1177/1023/6683 1171/1025/6684
f 812/701/6685 912/1029/6686 1202/1217/6687
f 1285/1386/6688 1192/1387/6689 1201/1306/6690
f 1179/1388/6691 1189/1369/6692 1190/1357/6693
f 1287/1389/6694 1151/1363/6695 1276/1127/6696
f 1136/1293/6697 1280/1132/6698 1181/1291/6699
f 1182/1385/6700 1180/1292/6701 1181/1291/6702
f 1132/1035/6703 1181/1291/6704 1024/1209/6705
f 1182/1385/6706 1181/1291/6707 706/1355/6708
f 1182/1385/6709 706/1355/6710 1183/1298/6711
f 1169/1375/6712 1180/1292/6713 1182/1385/6714
f 1184/1308/6715 706/1355/6716 1134/1037/6717
f 1135/1307/6718 747/1215/6719 1184/1308/6720
f 1196/1390/6721 747/1215/6722 1214/1147/6723
f 1216/1299/6724 1191/1027/6725 1196/1390/6726
f 1187/1300/6727 745/855/6728 1033/702/6729
f 1185/1067/6730 1178/1380/6731 1186/1021/6732
f 1192/1387/6733 1197/1381/6734 1201/1306/6735
f 1206/1022/6736 1197/1381/6737 1207/1391/6738
f 1187/1300/6739 812/701/6740 1202/1217/6741
f 1185/1067/6742 1187/1300/6743 1178/1380/6744
f 1179/1388/6745 1193/1290/6746 1188/1370/6747
f 1193/1290/6748 1281/1010/6749 1188/1370/6750
f 1190/1357/6751 1189/1369/6752 1164/1383/6753
f 1188/1370/6754 1189/1369/6755 1179/1388/6756
f 1168/1358/6757 1190/1357/6758 1164/1383/6759
f 1200/1287/6760 1205/1392/6761 1287/1389/6762
f 1183/1298/6763 1184/1308/6764 1191/1027/6765
f 1196/1390/6766 1191/1027/6767 1184/1308/6768
f 764/1233/6769 1204/1244/6770 948/1242/6771
f 1074/1079/6772 933/1078/6773 1251/1325/6774
f 1193/1290/6775 1179/1388/6776 1194/1289/6777
f 1280/1132/6778 1136/1293/6779 1281/1010/6780
f 1205/1392/6781 1179/1388/6782 1190/1357/6783
f 1200/1287/6784 1194/1289/6785 1205/1392/6786
f 744/1214/6787 1195/1026/6788 1031/1028/6789
f 1183/1298/6790 1195/1026/6791 1170/1296/6792
f 747/1215/6793 1196/1390/6794 1184/1308/6795
f 1196/1390/6796 1032/1032/6797 1216/1299/6798
f 1201/1306/6799 1197/1381/6800 1178/1380/6801
f 1197/1381/6802 1192/1387/6803 1207/1391/6804
f 955/1232/6805 957/1247/6806 1199/1252/6807
f 1288/1251/6808 1286/1393/6809 1198/1394/6810
f 1245/1319/6811 1248/1395/6812 1249/1326/6813
f 1199/1252/6814 1198/1394/6815 1204/1244/6816
f 1200/1287/6817 1017/1354/6818 1129/1207/6819
f 738/1018/6820 1194/1289/6821 1200/1287/6822
f 1187/1300/6823 1202/1217/6824 1178/1380/6825
f 1201/1306/6826 1041/1305/6827 1285/1386/6828
f 910/1178/6829 1202/1217/6830 912/1029/6831
f 1202/1217/6832 1201/1306/6833 1178/1380/6834
f 1192/1387/6835 1288/1251/6836 1207/1391/6837
f 933/1078/6838 1245/1319/6839 1249/1326/6840
f 1199/1252/6841 1204/1244/6842 955/1232/6843
f 948/1242/6844 1204/1244/6845 1198/1394/6846
f 1179/1388/6847 1205/1392/6848 1194/1289/6849
f 1287/1389/6850 1190/1357/6851 1151/1363/6852
f 1197/1381/6853 1206/1022/6854 1186/1021/6855
f 1384/1253/6856 1206/1022/6857 1203/1378/6858
f 1288/1251/6859 1208/1250/6860 1207/1391/6861
f 1206/1022/6862 1207/1391/6863 1203/1378/6864
f 1251/1325/6865 1199/1252/6866 956/1249/6867
f 1203/1378/6868 1207/1391/6869 1208/1250/6870
f 640/719/6871 1209/1164/6872 641/1061/6873
f 1242/1165/6874 1209/1164/6875 1029/1062/6876
f 1031/1028/6877 1210/1213/6878 744/1214/6879
f 1211/808/6880 1210/1213/6881 810/809/6882
f 1212/1141/6883 1211/808/6884 904/1139/6885
f 1210/1213/6886 1211/808/6887 1030/1143/6888
f 906/706/6889 1212/1141/6890 904/1139/6891
f 1037/1142/6892 1212/1141/6893 811/806/6894
f 1210/1213/6895 1213/1140/6896 810/809/6897
f 1216/1299/6898 1213/1140/6899 1031/1028/6900
f 1215/1033/6901 1214/1147/6902 814/677/6903
f 1196/1390/6904 1214/1147/6905 1032/1032/6906
f 673/952/6907 1215/1033/6908 674/694/6909
f 1214/1147/6910 1215/1033/6911 1032/1032/6912
f 1216/1299/6913 1031/1028/6914 1191/1027/6915
f 1289/1034/6916 1216/1299/6917 1032/1032/6918
f 815/1149/6919 1292/1312/6920 1290/1148/6921
f 1331/1042/6922 1293/630/6923 1294/1309/6924
f 1219/1039/6925 709/1038/6926 1291/893/6927
f 1220/1220/6928 1218/1040/6929 1052/1151/6930
f 752/605/6931 1258/1396/6932 823/1153/6933
f 1255/1048/6934 752/605/6935 1253/1310/6936
f 1350/1311/6937 1330/1397/6938 1052/1151/6939
f 1053/699/6940 1220/1220/6941 748/1398/6942
f 1292/1312/6943 1053/699/6944 748/1398/6945
f 916/707/6946 1221/700/6947 815/1149/6948
f 1223/1041/6949 1222/1043/6950 825/1156/6951
f 1360/1334/6952 1222/1043/6953 753/1158/6954
f 922/704/6955 1224/1154/6956 825/1156/6957
f 1217/629/6958 1414/1399/6959 1293/630/6960
f 670/710/6961 671/741/6962 1224/1154/6963
f 1225/628/6964 671/741/6965 917/740/6966
f 1217/629/6967 1225/628/6968 917/740/6969
f 1223/1041/6970 1224/1154/6971 1225/628/6972
f 1226/1222/6973 826/1400/6974 1264/1221/6975
f 923/795/6976 1056/1155/6977 1226/1222/6978
f 1227/1223/6979 754/834/6980 1336/1182/6981
f 1228/888/6982 1227/1223/6983 827/889/6984
f 1229/1163/6985 1228/888/6986 925/1160/6987
f 1227/1223/6988 1228/888/6989 1057/835/6990
f 927/733/6991 1229/1163/6992 925/1160/6993
f 1296/1162/6994 828/899/6995 1236/1316/6996
f 1230/1333/6997 1296/1162/6998 1237/904/6999
f 1230/1333/7000 1388/1401/7001 1393/1402/7002
f 1227/1223/7003 1231/1161/7004 827/889/7005
f 1232/623/7006 1231/1161/7007 1058/1183/7008
f 1232/623/7009 1297/1087/7010 1233/624/7011
f 1231/1161/7012 1232/623/7013 926/844/7014
f 1083/1180/7015 604/1181/7016 1233/624/7017
f 1298/622/7018 604/1181/7019 603/1403/7020
f 772/1007/7021 1234/1188/7022 856/912/7023
f 1061/1101/7024 1060/1059/7025 1234/1188/7026
f 1235/1225/7027 755/905/7028 1236/1316/7029
f 928/1058/7030 1061/1101/7031 1235/1225/7032
f 1237/904/7033 1236/1316/7034 755/905/7035
f 1230/1333/7036 1295/836/7037 1296/1162/7038
f 1302/1344/7039 1240/906/7040 1241/1404/7041
f 1240/906/7042 1239/1332/7043 1237/904/7044
f 1262/1405/7045 1314/1406/7046 1316/1347/7047
f 1408/1407/7048 1404/1408/7049 1403/1409/7050
f 1404/1408/7051 1410/1410/7052 1402/1411/7053
f 1388/1401/7054 1239/1332/7055 1406/1412/7056
f 1241/1404/7057 1240/906/7058 755/905/7059
f 1239/1332/7060 1240/906/7061 1238/1413/7062
f 1300/1317/7063 1241/1404/7064 755/905/7065
f 1241/1404/7066 1099/1345/7067 1302/1344/7068
f 1029/1062/7069 1145/1361/7070 1242/1165/7071
f 1275/1365/7072 1242/1165/7073 1145/1361/7074
f 1062/1030/7075 1275/1365/7076 1308/1318/7077
f 1063/1065/7078 711/753/7079 1243/1063/7080
f 1244/1066/7081 934/1231/7082 932/1166/7083
f 1063/1065/7084 933/1078/7085 1244/1066/7086
f 1248/1395/7087 1245/1319/7088 930/1366/7089
f 933/1078/7090 1063/1065/7091 1245/1319/7092
f 1063/1065/7093 1243/1063/7094 1246/1320/7095
f 1243/1063/7096 1062/1030/7097 1308/1318/7098
f 1275/1365/7099 1381/1229/7100 930/1366/7101
f 1250/1414/7102 1203/1378/7103 1208/1250/7104
f 1381/1229/7105 1248/1395/7106 930/1366/7107
f 1248/1395/7108 1247/1415/7109 1249/1326/7110
f 1247/1415/7111 1250/1414/7112 1249/1326/7113
f 1250/1414/7114 1251/1325/7115 1249/1326/7116
f 1250/1414/7117 1247/1415/7118 1386/1379/7119
f 1251/1325/7120 1250/1414/7121 1208/1250/7122
f 1199/1252/7123 1251/1325/7124 1208/1250/7125
f 1251/1325/7126 956/1249/7127 1074/1079/7128
f 1253/1310/7129 1254/1327/7130 1252/597/7131
f 1257/599/7132 1350/1311/7133 1310/1047/7134
f 1254/1327/7135 1076/1083/7136 716/1186/7137
f 1253/1310/7138 1252/597/7139 1255/1048/7140
f 1341/1057/7141 1256/1056/7142 1259/1052/7143
f 716/1186/7144 1259/1052/7145 1254/1327/7146
f 1255/1048/7147 1252/597/7148 1257/599/7149
f 1258/1396/7150 1255/1048/7151 1310/1047/7152
f 1394/1416/7153 1336/1182/7154 754/834/7155
f 1357/1417/7156 1294/1309/7157 1051/1418/7158
f 1252/597/7159 1339/1054/7160 1337/598/7161
f 1330/1397/7162 1290/1148/7163 748/1398/7164
f 823/1153/7165 1258/1396/7166 1219/1039/7167
f 752/605/7168 1255/1048/7169 1258/1396/7170
f 1075/1185/7171 1342/1419/7172 716/1186/7173
f 1259/1052/7174 1256/1056/7175 1338/1053/7176
f 1261/1256/7177 966/863/7178 850/1257/7179
f 768/637/7180 1260/861/7181 1085/638/7182
f 1260/861/7183 1261/1256/7184 1085/638/7185
f 1087/1159/7186 1261/1256/7187 850/1257/7188
f 1093/916/7189 1314/1406/7190 769/917/7191
f 1262/1405/7192 1313/1330/7193 1314/1406/7194
f 1313/1330/7195 1354/1335/7196 1088/1329/7197
f 1270/1280/7198 1373/1282/7199 1375/1420/7200
f 1264/1221/7201 826/1400/7202 1411/1313/7203
f 970/857/7204 1091/714/7205 1264/1221/7206
f 1264/1221/7207 1265/1097/7208 970/857/7209
f 1093/916/7210 1265/1097/7211 1092/1258/7212
f 1266/1060/7213 973/1006/7214 1103/1343/7215
f 1301/1260/7216 1099/1345/7217 1241/1404/7218
f 1268/1286/7219 1267/1285/7220 1096/1337/7221
f 1269/1331/7222 1267/1285/7223 1013/1281/7224
f 1098/1195/7225 1268/1286/7226 1096/1337/7227
f 1268/1286/7228 767/1091/7229 1015/1093/7230
f 1013/1281/7231 1270/1280/7232 1269/1331/7233
f 1269/1331/7234 1270/1280/7235 1354/1335/7236
f 1373/1282/7237 1015/1093/7238 1010/1194/7239
f 1270/1280/7240 1263/1421/7241 1354/1335/7242
f 1319/1262/7243 1318/943/7244 1106/1350/7245
f 715/1241/7246 1323/1353/7247 1066/1237/7248
f 879/1199/7249 1272/1173/7250 789/958/7251
f 1416/787/7252 1272/1173/7253 877/767/7254
f 1272/1173/7255 1273/1172/7256 1122/959/7257
f 731/1174/7258 983/1349/7259 1273/1172/7260
f 1200/1287/7261 1274/1288/7262 738/1018/7263
f 798/1206/7264 1131/635/7265 1274/1288/7266
f 1242/1165/7267 1275/1365/7268 1062/1030/7269
f 1381/1229/7270 1275/1365/7271 1145/1361/7272
f 1276/1127/7273 743/1359/7274 1137/1125/7275
f 1287/1389/7276 1276/1127/7277 1017/1354/7278
f 1163/977/7279 1277/1382/7280 1165/978/7281
f 1174/1368/7282 1277/1382/7283 705/1137/7284
f 1147/1367/7285 1151/1363/7286 1278/1356/7287
f 1190/1357/7288 1278/1356/7289 1151/1363/7290
f 1156/1364/7291 1153/1304/7292 1279/1373/7293
f 1167/1372/7294 1279/1373/7295 1153/1304/7296
f 1188/1370/7297 1281/1010/7298 1136/1293/7299
f 1024/1209/7300 1280/1132/7301 742/1031/7302
f 1193/1290/7303 1019/1011/7304 1281/1010/7305
f 1130/1017/7306 1282/1009/7307 1019/1011/7308
f 704/697/7309 806/696/7310 1282/1009/7311
f 806/696/7312 899/625/7313 1283/1131/7314
f 1281/1010/7315 1282/1009/7316 1283/1131/7317
f 806/696/7318 1283/1131/7319 1282/1009/7320
f 1387/1377/7321 1284/1384/7322 1170/1296/7323
f 1182/1385/7324 1284/1384/7325 1169/1375/7326
f 1041/1305/7327 948/1242/7328 1285/1386/7329
f 1286/1393/7330 948/1242/7331 1198/1394/7332
f 1192/1387/7333 1285/1386/7334 1286/1393/7335
f 948/1242/7336 1286/1393/7337 1285/1386/7338
f 1200/1287/7339 1287/1389/7340 1017/1354/7341
f 1190/1357/7342 1287/1389/7343 1205/1392/7344
f 1286/1393/7345 1288/1251/7346 1192/1387/7347
f 1199/1252/7348 1288/1251/7349 1198/1394/7350
f 1289/1034/7351 905/692/7352 1216/1299/7353
f 1215/1033/7354 673/952/7355 1289/1034/7356
f 748/1398/7357 1220/1220/7358 1330/1397/7359
f 1413/1422/7360 1414/1399/7361 1290/1148/7362
f 822/891/7363 1291/893/7364 709/1038/7365
f 823/1153/7366 1219/1039/7367 1291/893/7368
f 1290/1148/7369 1292/1312/7370 748/1398/7371
f 815/1149/7372 1221/700/7373 1292/1312/7374
f 1293/630/7375 1051/1418/7376 1294/1309/7377
f 1225/628/7378 1293/630/7379 1223/1041/7380
f 1356/1423/7381 1412/1424/7382 1355/1425/7383
f 1415/1426/7384 1294/1309/7385 1357/1417/7386
f 1296/1162/7387 1295/836/7388 1057/835/7389
f 1391/1427/7390 1390/1428/7391 1393/1402/7392
f 1229/1163/7393 1296/1162/7394 1057/835/7395
f 1296/1162/7396 1236/1316/7397 1237/904/7398
f 1297/1087/7399 848/1328/7400 1343/1429/7401
f 964/1086/7402 1233/624/7403 1297/1087/7404
f 602/845/7405 1298/622/7406 603/1403/7407
f 1232/623/7408 1298/622/7409 926/844/7410
f 1315/1430/7411 1411/1313/7412 1358/1431/7413
f 1240/906/7414 1302/1344/7415 1238/1413/7416
f 1235/1225/7417 1300/1317/7418 755/905/7419
f 1234/1188/7420 1333/1259/7421 1061/1101/7422
f 1099/1345/7423 1301/1260/7424 1266/1060/7425
f 1241/1404/7426 1300/1317/7427 1301/1260/7428
f 1306/1339/7429 1305/1346/7430 1099/1345/7431
f 1408/1407/7432 1358/1431/7433 1404/1408/7434
f 1102/1284/7435 717/1283/7436 1334/1348/7437
f 1303/1432/7438 1335/1051/7439 1304/1433/7440
f 1238/1413/7441 1302/1344/7442 1304/1433/7443
f 1304/1433/7444 1302/1344/7445 1305/1346/7446
f 1099/1345/7447 1266/1060/7448 1306/1339/7449
f 1304/1433/7450 1305/1346/7451 1303/1432/7452
f 1307/1340/7453 1306/1339/7454 1100/1338/7455
f 1303/1432/7456 1305/1346/7457 1306/1339/7458
f 1101/1342/7459 1307/1340/7460 1100/1338/7461
f 1102/1284/7462 1334/1348/7463 1352/1341/7464
f 1245/1319/7465 1308/1318/7466 930/1366/7467
f 1243/1063/7468 1308/1318/7469 1246/1320/7470
f 1295/836/7471 1390/1428/7472 754/834/7473
f 1341/1057/7474 1343/1429/7475 1344/1055/7476
f 1052/1151/7477 1219/1039/7478 1310/1047/7479
f 1310/1047/7480 1219/1039/7481 1258/1396/7482
f 1395/1434/7483 1397/1435/7484 1394/1416/7485
f 1412/1424/7486 1051/1418/7487 1414/1399/7488
f 1312/1085/7489 1342/1419/7490 1075/1185/7491
f 1312/1085/7492 766/897/7493 1082/896/7494
f 1314/1406/7495 1313/1330/7496 769/917/7497
f 1354/1335/7498 1313/1330/7499 1262/1405/7500
f 1315/1430/7501 1314/1406/7502 1093/916/7503
f 1352/1341/7504 1334/1348/7505 1303/1432/7506
f 1093/916/7507 1092/1258/7508 1315/1430/7509
f 1092/1258/7510 1264/1221/7511 1411/1313/7512
f 1315/1430/7513 1346/1049/7514 1314/1406/7515
f 1304/1433/7516 1335/1051/7517 1299/1050/7518
f 1354/1335/7519 1317/636/7520 1088/1329/7521
f 1317/636/7522 1263/1421/7523 1375/1420/7524
f 1106/1350/7525 1108/1263/7526 1319/1262/7527
f 1318/943/7528 1271/998/7529 1322/944/7530
f 1110/1261/7531 1115/1351/7532 1348/996/7533
f 1318/943/7534 1319/1262/7535 1348/996/7536
f 1324/1240/7537 1322/944/7538 1271/998/7539
f 762/1074/7540 1068/1069/7541 1321/1075/7542
f 1114/942/7543 1321/1075/7544 937/925/7545
f 1321/1075/7546 1320/1321/7547 1327/1073/7548
f 1324/1240/7549 1271/998/7550 1323/1353/7551
f 1114/942/7552 1322/944/7553 1320/1321/7554
f 1324/1240/7555 1323/1353/7556 715/1241/7557
f 1323/1353/7558 1271/998/7559 1325/997/7560
f 954/819/7561 1326/1239/7562 715/1241/7563
f 1322/944/7564 1324/1240/7565 1320/1321/7566
f 1271/998/7567 1318/943/7568 1348/996/7569
f 1349/1175/7570 1325/997/7571 1348/996/7572
f 950/1176/7573 1328/1246/7574 945/1243/7575
f 762/1074/7576 1328/1246/7577 950/1176/7578
f 1320/1321/7579 1324/1240/7580 1327/1073/7581
f 1326/1239/7582 1327/1073/7583 1324/1240/7584
f 1327/1073/7585 1328/1246/7586 762/1074/7587
f 945/1243/7588 1328/1246/7589 1326/1239/7590
f 1350/1311/7591 1337/598/7592 1355/1425/7593
f 1356/1423/7594 1355/1425/7595 1311/1436/7596
f 1052/1151/7597 1330/1397/7598 1220/1220/7599
f 1330/1397/7600 1329/1437/7601 1413/1422/7602
f 1222/1043/7603 1331/1042/7604 753/1158/7605
f 1293/630/7606 1331/1042/7607 1223/1041/7608
f 1405/1438/7609 1406/1412/7610 1239/1332/7611
f 1358/1431/7612 1299/1050/7613 1315/1430/7614
f 1266/1060/7615 1333/1259/7616 772/1007/7617
f 1300/1317/7618 1333/1259/7619 1301/1260/7620
f 1353/1336/7621 1334/1348/7622 717/1283/7623
f 1316/1347/7624 1303/1432/7625 1334/1348/7626
f 1303/1432/7627 1316/1347/7628 1335/1051/7629
f 1346/1049/7630 1335/1051/7631 1316/1347/7632
f 1394/1416/7633 754/834/7634 1390/1428/7635
f 1344/1055/7636 1336/1182/7637 1309/1439/7638
f 1252/597/7639 1254/1327/7640 1339/1054/7641
f 1355/1425/7642 1337/598/7643 1311/1436/7644
f 1397/1435/7645 1395/1434/7646 1401/1440/7647
f 1337/598/7648 1338/1053/7649 1311/1436/7650
f 1259/1052/7651 1339/1054/7652 1254/1327/7653
f 1337/598/7654 1339/1054/7655 1338/1053/7656
f 1338/1053/7657 1401/1440/7658 1399/1441/7659
f 1396/1442/7660 1415/1426/7661 1392/1443/7662
f 1342/1419/7663 1259/1052/7664 716/1186/7665
f 1343/1429/7666 1341/1057/7667 1312/1085/7668
f 1312/1085/7669 1341/1057/7670 1342/1419/7671
f 1259/1052/7672 1342/1419/7673 1341/1057/7674
f 1297/1087/7675 1343/1429/7676 1312/1085/7677
f 1344/1055/7678 1343/1429/7679 848/1328/7680
f 1344/1055/7681 848/1328/7682 1232/623/7683
f 1344/1055/7684 1309/1439/7685 1397/1435/7686
f 1056/1155/7687 1360/1334/7688 1361/1314/7689
f 1404/1408/7690 1409/1444/7691 1410/1410/7692
f 1299/1050/7693 1346/1049/7694 1315/1430/7695
f 1316/1347/7696 1314/1406/7697 1346/1049/7698
f 1067/1169/7699 1347/1322/7700 763/1171/7701
f 1323/1353/7702 1347/1322/7703 1066/1237/7704
f 1348/996/7705 1319/1262/7706 1110/1261/7707
f 1349/1175/7708 1348/996/7709 1112/1352/7710
f 1113/786/7711 1349/1175/7712 1112/1352/7713
f 1347/1322/7714 1349/1175/7715 763/1171/7716
f 1337/598/7717 1350/1311/7718 1257/599/7719
f 1330/1397/7720 1350/1311/7721 1329/1437/7722
f 1351/1157/7723 1294/1309/7724 1415/1426/7725
f 1359/1445/7726 1351/1157/7727 1332/1446/7728
f 1306/1339/7729 1352/1341/7730 1303/1432/7731
f 1102/1284/7732 1352/1341/7733 1307/1340/7734
f 1269/1331/7735 1354/1335/7736 717/1283/7737
f 1316/1347/7738 1353/1336/7739 1262/1405/7740
f 1354/1335/7741 1263/1421/7742 1317/636/7743
f 1262/1405/7744 1353/1336/7745 1354/1335/7746
f 1311/1436/7747 1400/1447/7748 1356/1423/7749
f 1350/1311/7750 1355/1425/7751 1329/1437/7752
f 1340/1448/7753 1357/1417/7754 1356/1423/7755
f 1356/1423/7756 1357/1417/7757 1412/1424/7758
f 1357/1417/7759 1340/1448/7760 1415/1426/7761
f 1412/1424/7762 1357/1417/7763 1051/1418/7764
f 1411/1313/7765 1315/1430/7766 1092/1258/7767
f 1404/1408/7768 1358/1431/7769 1345/1315/7770
f 1359/1445/7771 1360/1334/7772 1351/1157/7773
f 710/1449/7774 1406/1412/7775 1407/1450/7776
f 1351/1157/7777 1360/1334/7778 753/1158/7779
f 1361/1314/7780 1360/1334/7781 1359/1445/7782
f 1361/1314/7783 1359/1445/7784 1409/1444/7785
f 1361/1314/7786 826/1400/7787 1226/1222/7788
f 681/784/7789 1362/783/7790 690/821/7791
f 780/983/7792 1362/783/7793 727/1110/7794
f 977/1108/7795 1364/1265/7796 1363/987/7797
f 1365/1451/7798 1367/1266/7799 1368/1268/7800
f 1376/1267/7801 1364/1265/7802 977/1108/7803
f 995/1269/7804 996/1204/7805 1368/1268/7806
f 1009/1121/7807 1369/1278/7808 735/1122/7809
f 1372/1279/7810 1366/1190/7811 1371/1277/7812
f 1371/1277/7813 1366/1190/7814 1365/1451/7815
f 1010/1194/7816 1012/1189/7817 1366/1190/7818
f 995/1269/7819 1368/1268/7820 1364/1265/7821
f 1367/1266/7822 1365/1451/7823 1370/1275/7824
f 1368/1268/7825 735/1122/7826 1369/1278/7827
f 1364/1265/7828 1368/1268/7829 1367/1266/7830
f 1006/1276/7831 1369/1278/7832 1009/1121/7833
f 1368/1268/7834 1369/1278/7835 1365/1451/7836
f 1370/1275/7837 794/972/7838 1363/987/7839
f 1365/1451/7840 1366/1190/7841 1370/1275/7842
f 1369/1278/7843 1371/1277/7844 1365/1451/7845
f 1371/1277/7846 1006/1276/7847 1372/1279/7848
f 1374/1274/7849 1006/1276/7850 1008/1273/7851
f 1373/1282/7852 1374/1274/7853 1375/1420/7854
f 1015/1093/7855 1373/1282/7856 1013/1281/7857
f 1374/1274/7858 1373/1282/7859 1372/1279/7860
f 1374/1274/7861 1372/1279/7862 1006/1276/7863
f 1375/1420/7864 1374/1274/7865 768/637/7866
f 1317/636/7867 1375/1420/7868 768/637/7869
f 1375/1420/7870 1263/1421/7871 1270/1280/7872
f 1377/1272/7873 680/1107/7874 1000/761/7875
f 998/1271/7876 1378/1205/7877 1377/1272/7878
f 1378/1205/7879 998/1271/7880 1002/1002/7881
f 680/1107/7882 1377/1272/7883 1376/1267/7884
f 995/1269/7885 1376/1267/7886 1378/1205/7887
f 1377/1272/7888 1378/1205/7889 1376/1267/7890
f 948/1242/7891 1041/1305/7892 1379/1245/7893
f 1042/1179/7894 1379/1245/7895 1041/1305/7896
f 952/818/7897 1380/1235/7898 958/1236/7899
f 1064/1168/7900 1380/1235/7901 1073/817/7902
f 1383/1230/7903 809/1228/7904 1159/1254/7905
f 1248/1395/7906 1381/1229/7907 1247/1415/7908
f 1148/1211/7909 1382/1210/7910 1145/1361/7911
f 1383/1230/7912 1382/1210/7913 809/1228/7914
f 1173/1374/7915 1384/1253/7916 1159/1254/7917
f 1381/1229/7918 1383/1230/7919 1385/1452/7920
f 1206/1022/7921 1384/1253/7922 1162/1020/7923
f 1203/1378/7924 1250/1414/7925 1386/1379/7926
f 1381/1229/7927 1385/1452/7928 1247/1415/7929
f 1383/1230/7930 1384/1253/7931 1385/1452/7932
f 1247/1415/7933 1385/1452/7934 1386/1379/7935
f 1384/1253/7936 1386/1379/7937 1385/1452/7938
f 1165/978/7939 1387/1377/7940 1158/979/7941
f 1169/1375/7942 1387/1377/7943 1175/1376/7944
f 710/1449/7945 1391/1427/7946 1388/1401/7947
f 1230/1333/7948 1239/1332/7949 1388/1401/7950
f 1389/1453/7951 1391/1427/7952 1392/1443/7953
f 1395/1434/7954 1389/1453/7955 1398/1454/7956
f 1393/1402/7957 1295/836/7958 1230/1333/7959
f 1394/1416/7960 1390/1428/7961 1389/1453/7962
f 1392/1443/7963 1391/1427/7964 710/1449/7965
f 1390/1428/7966 1391/1427/7967 1389/1453/7968
f 1396/1442/7969 1392/1443/7970 710/1449/7971
f 1392/1443/7972 1400/1447/7973 1398/1454/7974
f 1391/1427/7975 1393/1402/7976 1388/1401/7977
f 1295/836/7978 1393/1402/7979 1390/1428/7980
f 1394/1416/7981 1389/1453/7982 1395/1434/7983
f 1336/1182/7984 1394/1416/7985 1309/1439/7986
f 1389/1453/7987 1392/1443/7988 1398/1454/7989
f 1338/1053/7990 1256/1056/7991 1401/1440/7992
f 1407/1450/7993 1396/1442/7994 710/1449/7995
f 1351/1157/7996 1415/1426/7997 1332/1446/7998
f 1344/1055/7999 1397/1435/8000 1256/1056/8001
f 1394/1416/8002 1397/1435/8003 1309/1439/8004
f 1340/1448/8005 1400/1447/8006 1392/1443/8007
f 1340/1448/8008 1356/1423/8009 1400/1447/8010
f 1338/1053/8011 1399/1441/8012 1311/1436/8013
f 1395/1434/8014 1398/1454/8015 1399/1441/8016
f 1311/1436/8017 1399/1441/8018 1400/1447/8019
f 1398/1454/8020 1400/1447/8021 1399/1441/8022
f 1397/1435/8023 1401/1440/8024 1256/1056/8025
f 1399/1441/8026 1401/1440/8027 1395/1434/8028
f 1403/1409/8029 1405/1438/8030 1238/1413/8031
f 1403/1409/8032 1238/1413/8033 1304/1433/8034
f 1408/1407/8035 1304/1433/8036 1299/1050/8037
f 1405/1438/8038 1403/1409/8039 1402/1411/8040
f 1409/1444/8041 1404/1408/8042 1345/1315/8043
f 1402/1411/8044 1403/1409/8045 1404/1408/8046
f 1406/1412/8047 1405/1438/8048 1402/1411/8049
f 1238/1413/8050 1405/1438/8051 1239/1332/8052
f 1407/1450/8053 1406/1412/8054 1402/1411/8055
f 1406/1412/8056 710/1449/8057 1388/1401/8058
f 1410/1410/8059 1407/1450/8060 1402/1411/8061
f 1407/1450/8062 1332/1446/8063 1396/1442/8064
f 1304/1433/8065 1408/1407/8066 1403/1409/8067
f 1358/1431/8068 1408/1407/8069 1299/1050/8070
f 1361/1314/8071 1409/1444/8072 1345/1315/8073
f 1410/1410/8074 1409/1444/8075 1359/1445/8076
f 1359/1445/8077 1332/1446/8078 1410/1410/8079
f 1407/1450/8080 1410/1410/8081 1332/1446/8082
f 1361/1314/8083 1411/1313/8084 826/1400/8085
f 1358/1431/8086 1411/1313/8087 1345/1315/8088
f 1293/630/8089 1414/1399/8090 1051/1418/8091
f 1355/1425/8092 1412/1424/8093 1329/1437/8094
f 1330/1397/8095 1413/1422/8096 1290/1148/8097
f 1329/1437/8098 1412/1424/8099 1413/1422/8100
f 1290/1148/8101 1414/1399/8102 1217/629/8103
f 1412/1424/8104 1414/1399/8105 1413/1422/8106
f 1392/1443/8107 1415/1426/8108 1340/1448/8109
f 1415/1426/8110 1396/1442/8111 1332/1446/8112
f 1272/1173/8113 1416/787/8114 731/1174/8115
f 840/788/8116 1416/787/8117 877/767/8118
f 1548/1455/8119 1556/1456/8120 1560/1457/8121
f 608/1458/8122 609/1459/8123 1474/1460/8124
f 1506/1461/8125 1584/1462/8126 1474/1460/8127
f 1647/1463/8128 1571/1464/8129 1646/1465/8130
f 1587/1466/8131 1506/1461/8132 1585/1467/8133
f 1808/1468/8134 635/1469/8135 1806/1470/8136
f 1773/1471/8137 1586/1472/8138 1424/1473/8139
f 1932/1474/8140 1612/1475/8141 1693/1476/8142
f 27/1477/8143 1530/1478/8144 1529/1479/8145
f 1582/1480/8146 1506/1461/8147 1505/1481/8148
f 1644/1482/8149 1746/1483/8150 1876/1484/8151
f 1667/1485/8152 1664/1486/8153 1590/1487/8154
f 1648/1488/8155 646/1489/8156 1646/1465/8157
f 1582/1480/8158 606/1490/8159 607/1491/8160
f 1583/1492/8161 605/1493/8162 606/1490/8163
f 1994/1494/8164 645/1495/8165 1648/1488/8166
f 1650/1496/8167 1742/1497/8168 1449/1498/8169
f 1583/1492/8170 1771/1499/8171 1899/1500/8172
f 1473/1501/8173 1579/1502/8174 1767/1503/8175
f 1669/1504/8176 1668/1505/8177 601/1506/8178
f 604/1507/8179 1661/1508/8180 603/1509/8181
f 1577/1510/8182 1447/1511/8183 1574/1512/8184
f 1583/1492/8185 1899/1500/8186 605/1493/8187
f 1969/1513/8188 1830/1514/8189 2028/1515/8190
f 1426/1516/8191 1665/1517/8192 1425/1518/8193
f 1742/1497/8194 1650/1496/8195 1450/1519/8196
f 1596/1520/8197 1427/1521/8198 1428/1522/8199
f 1513/1523/8200 1902/1524/8201 1900/1525/8202
f 602/1526/8203 1662/1527/8204 1669/1504/8205
f 1481/1528/8206 1516/1529/8207 1600/1530/8208
f 1654/1531/8209 1575/1532/8210 1653/1533/8211
f 609/1459/8212 1422/1534/8213 1474/1460/8214
f 1479/1535/8215 1480/1536/8216 1481/1528/8217
f 1479/1535/8218 1482/1537/8219 1469/1538/8220
f 1482/1537/8221 1479/1535/8222 1431/1539/8223
f 1430/1540/8224 1479/1535/8225 1481/1528/8226
f 1429/1541/8227 1430/1540/8228 1481/1528/8229
f 1478/1542/8230 1481/1528/8231 1480/1536/8232
f 1478/1542/8233 1480/1536/8234 1598/1543/8235
f 1518/1544/8236 1602/1545/8237 1519/1546/8238
f 1671/1547/8239 1673/1548/8240 1781/1549/8241
f 1684/1550/8242 1466/1551/8243 1597/1552/8244
f 1602/1545/8245 1467/1553/8246 1599/1554/8247
f 1597/1552/8248 1467/1553/8249 1684/1550/8250
f 1475/1555/8251 1588/1556/8252 1589/1557/8253
f 1686/1558/8254 1466/1551/8255 1684/1550/8256
f 1594/1559/8257 1783/1560/8258 1675/1561/8259
f 1691/1562/8260 1461/1563/8261 1674/1564/8262
f 1682/1565/8263 1464/1566/8264 1781/1549/8265
f 1675/1561/8266 1787/1567/8267 1676/1568/8268
f 1465/1569/8269 1466/1551/8270 1686/1558/8271
f 1674/1564/8272 1462/1570/8273 1691/1562/8274
f 1482/1537/8275 1519/1546/8276 1604/1571/8277
f 1582/1480/8278 1583/1492/8279 606/1490/8280
f 1596/1520/8281 1516/1529/8282 1680/1572/8283
f 601/1506/8284 1668/1505/8285 600/1573/8286
f 1653/1533/8287 1472/1574/8288 1470/1575/8289
f 599/1576/8290 1678/1577/8291 598/1578/8292
f 598/1578/8293 1789/1579/8294 597/1580/8295
f 1472/1574/8296 1502/1581/8297 1419/1582/8298
f 1503/1583/8299 1501/1584/8300 1652/1585/8301
f 1621/1586/8302 1528/1587/8303 1620/1588/8304
f 1589/1557/8305 2218/1589/8306 2058/1590/8307
f 594/1591/8308 1486/1592/8309 7/1593/8310
f 594/1591/8311 595/1594/8312 1620/1588/8313
f 1503/1583/8314 1445/1595/8315 1417/1596/8316
f 1622/1597/8317 1621/1586/8318 1701/1598/8319
f 1503/1583/8320 1502/1581/8321 1501/1584/8322
f 1723/1599/8323 1831/1600/8324 1629/1601/8325
f 1486/1592/8326 28/1602/8327 7/1593/8328
f 1443/1603/8329 1444/1604/8330 1579/1502/8331
f 1846/1605/8332 1544/1606/8333 1843/1607/8334
f 26/1608/8335 1949/1609/8336 1703/1610/8337
f 1576/1611/8338 1577/1510/8339 1500/1612/8340
f 1938/1613/8341 1485/1614/8342 1623/1615/8343
f 1666/1616/8344 1776/1617/8345 1590/1487/8346
f 1490/1618/8347 1487/1619/8348 1491/1620/8349
f 1710/1621/8350 1534/1622/8351 1707/1623/8352
f 1720/1624/8353 21/1625/8354 22/1626/8355
f 1431/1539/8356 1432/1627/8357 1482/1537/8358
f 1952/1628/8359 1950/1629/8360 1624/1630/8361
f 19/1631/8362 1489/1632/8363 18/1633/8364
f 600/1573/8365 1778/1634/8366 599/1576/8367
f 1943/1635/8368 1946/1636/8369 1942/1637/8370
f 1479/1535/8371 1469/1538/8372 1480/1536/8373
f 23/1638/8374 24/1639/8375 1727/1640/8376
f 1538/1641/8377 1627/1642/8378 1628/1643/8379
f 1781/1549/8380 1465/1569/8381 1682/1565/8382
f 2052/1644/8383 1997/1645/8384 1633/1646/8385
f 1852/1647/8386 1853/1648/8387 1736/1649/8388
f 1823/1650/8389 1822/1651/8390 24/1639/8391
f 1489/1632/8392 593/1652/8393 18/1633/8394
f 1547/1653/8395 1856/1654/8396 1853/1648/8397
f 1594/1559/8398 1961/1655/8399 1965/1656/8400
f 1718/1657/8401 1827/1658/8402 1716/1659/8403
f 1446/1660/8404 1652/1585/8405 1575/1532/8406
f 1716/1659/8407 1848/1661/8408 1456/1662/8409
f 1491/1620/8410 593/1652/8411 1489/1632/8412
f 1505/1481/8413 1663/1663/8414 1583/1492/8415
f 589/1664/8416 590/1665/8417 1831/1600/8418
f 1629/1601/8419 591/1666/8420 1722/1667/8421
f 1490/1618/8422 1489/1632/8423 19/1631/8424
f 1528/1587/8425 1622/1597/8426 1531/1668/8427
f 1420/1669/8428 1472/1574/8429 1419/1582/8430
f 1433/1670/8431 1605/1671/8432 1432/1627/8433
f 1722/1667/8434 592/1672/8435 1491/1620/8436
f 1430/1540/8437 1431/1539/8438 1479/1535/8439
f 591/1666/8440 1629/1601/8441 590/1665/8442
f 1502/1581/8443 1472/1574/8444 1501/1584/8445
f 1489/1632/8446 1490/1618/8447 1491/1620/8448
f 1531/1668/8449 1526/1673/8450 1527/1674/8451
f 1733/1675/8452 1849/1676/8453 1637/1677/8454
f 2098/1678/8455 1785/1679/8456 2068/1680/8457
f 607/1491/8458 608/1458/8459 1584/1462/8460
f 1802/1681/8461 1691/1562/8462 1692/1682/8463
f 1503/1583/8464 1418/1683/8465 1502/1581/8466
f 1434/1684/8467 1798/1685/8468 1606/1686/8469
f 2176/1687/8470 1421/1688/8471 1723/1599/8472
f 1422/1534/8473 1423/1689/8474 1585/1467/8475
f 1690/1690/8476 1687/1691/8477 1610/1692/8478
f 1602/1545/8479 1603/1693/8480 1684/1550/8481
f 1599/1554/8482 1468/1694/8483 1602/1545/8484
f 1728/1695/8485 1839/1696/8486 1729/1697/8487
f 1927/1698/8488 2012/1699/8489 1918/1700/8490
f 1516/1529/8491 1481/1528/8492 1478/1542/8493
f 1693/1476/8494 1695/1701/8495 1806/1470/8496
f 1672/1702/8497 1909/1703/8498 1592/1704/8499
f 639/1705/8500 1696/1706/8501 638/1707/8502
f 1736/1649/8503 1639/1708/8504 1852/1647/8505
f 1635/1709/8506 1843/1607/8507 1842/1710/8508
f 1626/1711/8509 1716/1659/8510 1719/1712/8511
f 1735/1713/8512 1457/1714/8513 1827/1658/8514
f 1438/1715/8515 1634/1716/8516 1437/1717/8517
f 1454/1718/8518 1453/1719/8519 1726/1720/8520
f 1440/1721/8521 629/1722/8522 1494/1723/8523
f 1495/1724/8524 316/1725/8525 1550/1726/8526
f 1844/1727/8527 1728/1695/8528 1729/1697/8529
f 1551/1728/8530 1641/1729/8531 1554/1730/8532
f 1904/1731/8533 1905/1732/8534 1681/1733/8535
f 1494/1723/8536 1729/1697/8537 1840/1734/8538
f 592/1672/8539 593/1652/8540 1491/1620/8541
f 1555/1735/8542 1550/1726/8543 1549/1736/8544
f 2176/1687/8545 1472/1574/8546 1420/1669/8547
f 1519/1546/8548 1605/1671/8549 1607/1737/8550
f 1543/1738/8551 1634/1716/8552 1838/1739/8553
f 1903/1740/8554 1900/1525/8555 1902/1524/8556
f 1465/1569/8557 2009/1741/8558 1913/1742/8559
f 633/1743/8560 1635/1709/8561 632/1744/8562
f 1693/1476/8563 636/1745/8564 637/1746/8565
f 1600/1530/8566 1428/1522/8567 1429/1541/8568
f 1814/1747/8569 1698/1748/8570 1697/1749/8571
f 1948/1750/8572 1947/1751/8573 1943/1635/8574
f 1704/1752/8575 1625/1753/8576 1532/1754/8577
f 2106/1755/8578 2111/1756/8579 2102/1757/8580
f 1667/1485/8581 1776/1617/8582 1508/1758/8583
f 1608/1759/8584 1797/1760/8585 2017/1761/8586
f 1616/1762/8587 1618/1763/8588 1558/1764/8589
f 1676/1568/8590 1737/1765/8591 1459/1766/8592
f 644/1767/8593 1558/1764/8594 643/1768/8595
f 2118/1769/8596 2093/1770/8597 2003/1771/8598
f 2007/1772/8599 2059/1773/8600 2006/1774/8601
f 1809/1775/8602 1810/1776/8603 1697/1749/8604
f 1557/1777/8605 1495/1724/8606 1550/1726/8607
f 603/1509/8608 1661/1508/8609 1662/1527/8610
f 295/1778/8611 316/1725/8612 1495/1724/8613
f 1596/1520/8614 1666/1616/8615 1427/1521/8616
f 2055/1779/8617 1771/1499/8618 1663/1663/8619
f 295/1778/8620 1495/1724/8621 644/1767/8622
f 2118/1769/8623 2003/1771/8624 2089/1780/8625
f 1638/1781/8626 1735/1713/8627 1736/1649/8628
f 1675/1561/8629 1783/1560/8630 1784/1782/8631
f 1809/1775/8632 1697/1749/8633 1614/1783/8634
f 1515/1784/8635 1599/1554/8636 1597/1552/8637
f 1991/1785/8638 1887/1786/8639 1572/1787/8640
f 1724/1788/8641 1746/1483/8642 1452/1789/8643
f 1875/1790/8644 1454/1718/8645 1850/1791/8646
f 1746/1483/8647 1644/1482/8648 1745/1792/8649
f 1762/1793/8650 1650/1496/8651 1761/1794/8652
f 1651/1795/8653 1874/1796/8654 1448/1797/8655
f 1868/1798/8656 2113/1799/8657 2144/1800/8658
f 1574/1512/8659 1448/1797/8660 1577/1510/8661
f 2174/1801/8662 1443/1603/8663 1473/1501/8664
f 1742/1497/8665 1450/1519/8666 1743/1802/8667
f 1574/1512/8668 1573/1803/8669 1651/1795/8670
f 1745/1792/8671 1451/1804/8672 1725/1805/8673
f 1449/1498/8674 1651/1795/8675 1650/1496/8676
f 1503/1583/8677 1652/1585/8678 1445/1595/8679
f 1576/1611/8680 1446/1660/8681 1575/1532/8682
f 1417/1596/8683 1418/1683/8684 1503/1583/8685
f 1445/1595/8686 1580/1806/8687 1417/1596/8688
f 1578/1807/8689 1445/1595/8690 1446/1660/8691
f 1418/1683/8692 1419/1582/8693 1502/1581/8694
f 28/1602/8695 1486/1592/8696 1527/1674/8697
f 1579/1502/8698 1580/1806/8699 1578/1807/8700
f 1436/1808/8701 1688/1809/8702 1435/1810/8703
f 1744/1811/8704 1449/1498/8705 1742/1497/8706
f 1578/1807/8707 1446/1660/8708 1576/1611/8709
f 19/1631/8710 20/1812/8711 1490/1618/8712
f 1443/1603/8713 2174/1801/8714 1442/1813/8715
f 1480/1536/8716 1604/1571/8717 1468/1694/8718
f 1850/1791/8719 1732/1814/8720 1734/1815/8721
f 1575/1532/8722 1574/1512/8723 1447/1511/8724
f 2093/1770/8725 2002/1816/8726 2003/1771/8727
f 1649/1817/8728 310/1818/8729 309/1819/8730
f 1671/1547/8731 1790/1820/8732 1463/1821/8733
f 1888/1822/8734 1755/1823/8735 1992/1824/8736
f 1487/1619/8737 1490/1618/8738 1539/1825/8739
f 1732/1814/8740 1455/1826/8741 1719/1712/8742
f 1598/1543/8743 1480/1536/8744 1468/1694/8745
f 1647/1463/8746 1747/1827/8747 1749/1828/8748
f 1801/1829/8749 1610/1692/8750 1689/1830/8751
f 1862/1831/8752 1545/1832/8753 1739/1833/8754
f 2047/1834/8755 1659/1835/8756 1873/1836/8757
f 1747/1827/8758 1754/1837/8759 1749/1828/8760
f 20/1812/8761 1627/1642/8762 1539/1825/8763
f 646/1489/8764 647/1838/8765 1646/1465/8766
f 1841/1839/8767 630/1840/8768 631/1841/8769
f 1749/1828/8770 1753/1842/8771 1647/1463/8772
f 1585/1467/8773 1506/1461/8774 1474/1460/8775
f 1441/1843/8776 1747/1827/8777 649/1844/8778
f 1648/1488/8779 645/1495/8780 646/1489/8781
f 1627/1642/8782 20/1812/8783 21/1625/8784
f 629/1722/8785 630/1840/8786 1494/1723/8787
f 645/1495/8788 1498/1845/8789 306/1846/8790
f 1629/1601/8791 1722/1667/8792 1969/1513/8793
f 307/1847/8794 306/1846/8795 1498/1845/8796
f 1994/1494/8797 1498/1845/8798 645/1495/8799
f 1664/1486/8800 1424/1473/8801 1425/1518/8802
f 316/1725/8803 1553/1848/8804 1550/1726/8805
f 1740/1849/8806 313/1850/8807 312/1851/8808
f 2143/1852/8809 1860/1853/8810 1568/1854/8811
f 1812/1855/8812 1805/1856/8813 1933/1857/8814
f 1587/1466/8815 1588/1556/8816 1769/1858/8817
f 1726/1720/8818 1453/1719/8819 1724/1788/8820
f 2183/1859/8821 1680/1572/8822 1516/1529/8823
f 1585/1467/8824 1474/1460/8825 1422/1534/8826
f 1483/1860/8827 1920/1861/8828 1919/1862/8829
f 1927/1698/8830 1918/1700/8831 1522/1863/8832
f 1604/1571/8833 1480/1536/8834 1469/1538/8835
f 1518/1544/8836 1685/1864/8837 1603/1693/8838
f 1605/1671/8839 1482/1537/8840 1432/1627/8841
f 1605/1671/8842 1519/1546/8843 1482/1537/8844
f 1687/1691/8845 1434/1684/8846 1435/1810/8847
f 1607/1737/8848 1608/1759/8849 1793/1865/8850
f 1634/1716/8851 1689/1830/8852 1437/1717/8853
f 1921/1866/8854 1795/1867/8855 1685/1864/8856
f 1790/1820/8857 1671/1547/8858 1464/1566/8859
f 1856/1654/8860 2197/1868/8861 1854/1869/8862
f 2103/1870/8863 1791/1871/8864 1917/1872/8865
f 2184/1873/8866 1544/1606/8867 1926/1874/8868
f 1698/1748/8869 640/1875/8870 641/1876/8871
f 2197/1868/8872 2240/1877/8873 2195/1878/8874
f 596/1879/8875 597/1580/8876 1700/1880/8877
f 27/1477/8878 28/1602/8879 1530/1478/8880
f 1532/1754/8881 1526/1673/8882 1531/1668/8883
f 25/1881/8884 26/1608/8885 1703/1610/8886
f 1527/1674/8887 1486/1592/8888 1533/1882/8889
f 1527/1674/8890 1526/1673/8891 1529/1479/8892
f 1486/1592/8893 1620/1588/8894 1533/1882/8895
f 1621/1586/8896 595/1594/8897 596/1879/8898
f 1529/1479/8899 1526/1673/8900 1536/1883/8901
f 27/1477/8902 1529/1479/8903 1820/1884/8904
f 28/1602/8905 1527/1674/8906 1530/1478/8907
f 1529/1479/8908 1530/1478/8909 1527/1674/8910
f 1533/1882/8911 1531/1668/8912 1527/1674/8913
f 1528/1587/8914 1621/1586/8915 1622/1597/8916
f 1623/1615/8917 1532/1754/8918 1525/1885/8919
f 1705/1886/8920 1535/1887/8921 1625/1753/8922
f 1620/1588/8923 1486/1592/8924 594/1591/8925
f 1531/1668/8926 1533/1882/8927 1528/1587/8928
f 1625/1753/8929 1535/1887/8930 1536/1883/8931
f 2180/1888/8932 1711/1889/8933 1713/1890/8934
f 1625/1753/8935 1526/1673/8936 1532/1754/8937
f 2023/1891/8938 1950/1629/8939 1819/1892/8940
f 1625/1753/8941 1536/1883/8942 1526/1673/8943
f 1819/1892/8944 1536/1883/8945 1535/1887/8946
f 1717/1893/8947 1455/1826/8948 1825/1894/8949
f 1537/1895/8950 2186/1896/8951 2166/1897/8952
f 2051/1898/8953 1720/1624/8954 22/1626/8955
f 1889/1899/8956 1538/1641/8957 1628/1643/8958
f 20/1812/8959 1539/1825/8960 1490/1618/8961
f 1970/1900/8962 1539/1825/8963 1538/1641/8964
f 1970/1900/8965 1538/1641/8966 1889/1899/8967
f 1421/1688/8968 589/1664/8969 1831/1600/8970
f 1725/1805/8971 1630/1901/8972 1724/1788/8973
f 1709/1902/8974 1712/1903/8975 1710/1621/8976
f 2223/1904/8977 2086/1905/8978 2088/1906/8979
f 2035/1907/8980 1470/1575/8981 2036/1908/8982
f 1634/1716/8983 1839/1696/8984 1838/1739/8985
f 1690/1690/8986 1801/1829/8987 1521/1909/8988
f 1731/1910/8989 1936/1911/8990 2225/1912/8991
f 1922/1913/8992 1923/1914/8993 1924/1915/8994
f 1862/1831/8995 1858/1916/8996 1738/1917/8997
f 1645/1918/8998 2040/1919/8999 1878/1920/9000
f 1566/1921/9001 2217/1922/9002 1565/1923/9003
f 1878/1920/9004 1879/1924/9005 1645/1918/9006
f 1737/1765/9007 1676/1568/9008 1460/1925/9009
f 1547/1653/9010 1852/1647/9011 1929/1926/9012
f 1555/1735/9013 1557/1777/9014 1550/1726/9015
f 2195/1878/9016 2196/1927/9017 2204/1928/9018
f 1551/1728/9019 1549/1736/9020 1550/1726/9021
f 2201/1929/9022 2215/1930/9023 1493/1931/9024
f 1553/1848/9025 316/1725/9026 315/1932/9027
f 1552/1933/9028 1555/1735/9029 1556/1456/9030
f 314/1934/9031 1858/1916/9032 1641/1729/9033
f 315/1932/9034 1641/1729/9035 1551/1728/9036
f 1614/1783/9037 2210/1935/9038 2200/1936/9039
f 644/1767/9040 1557/1777/9041 1558/1764/9042
f 315/1932/9043 1551/1728/9044 1553/1848/9045
f 1550/1726/9046 1553/1848/9047 1551/1728/9048
f 1564/1937/9049 1565/1923/9050 1562/1938/9051
f 1549/1736/9052 1551/1728/9053 1554/1730/9054
f 1556/1456/9055 1555/1735/9056 1549/1736/9057
f 1555/1735/9058 1552/1933/9059 1557/1777/9060
f 1549/1736/9061 1554/1730/9062 1561/1939/9063
f 1556/1456/9064 1548/1455/9065 1617/1940/9066
f 1557/1777/9067 1552/1933/9068 1558/1764/9069
f 644/1767/9070 1495/1724/9071 1557/1777/9072
f 1616/1762/9073 1558/1764/9074 1552/1933/9075
f 643/1768/9076 1558/1764/9077 1618/1763/9078
f 1554/1730/9079 1739/1833/9080 1562/1938/9081
f 1561/1939/9082 1554/1730/9083 1562/1938/9084
f 1556/1456/9085 1549/1736/9086 1561/1939/9087
f 1493/1931/9088 2215/1930/9089 2217/1922/9090
f 1559/1941/9091 1560/1457/9092 1561/1939/9093
f 1561/1939/9094 1560/1457/9095 1556/1456/9096
f 1562/1938/9097 1545/1832/9098 1564/1937/9099
f 1561/1939/9100 1562/1938/9101 1565/1923/9102
f 2150/1942/9103 2151/1943/9104 2159/1944/9105
f 2043/1945/9106 1493/1931/9107 2044/1946/9108
f 1545/1832/9109 2159/1944/9110 2151/1943/9111
f 1565/1923/9112 1564/1937/9113 1563/1947/9114
f 1566/1921/9115 1565/1923/9116 1563/1947/9117
f 1565/1923/9118 1559/1941/9119 1561/1939/9120
f 2155/1948/9121 2044/1946/9122 1566/1921/9123
f 2215/1930/9124 2216/1949/9125 2217/1922/9126
f 2153/1950/9127 2152/1951/9128 1975/1952/9129
f 1849/1676/9130 1974/1953/9131 2042/1954/9132
f 1740/1849/9133 1741/1955/9134 1642/1956/9135
f 1979/1957/9136 310/1818/9137 1649/1817/9138
f 1864/1958/9139 1642/1956/9140 1741/1955/9141
f 1766/1959/9142 1500/1612/9143 1577/1510/9144
f 2140/1960/9145 2049/1961/9146 2079/1962/9147
f 1871/1963/9148 2181/1964/9149 2182/1965/9150
f 647/1838/9151 1647/1463/9152 1646/1465/9153
f 1648/1488/9154 1646/1465/9155 1886/1966/9156
f 1497/1967/9157 1883/1968/9158 1884/1969/9159
f 1864/1958/9160 1568/1854/9161 1642/1956/9162
f 1757/1970/9163 1658/1971/9164 1759/1972/9165
f 1725/1805/9166 1833/1973/9167 1630/1901/9168
f 1575/1532/9169 1447/1511/9170 1576/1611/9171
f 1574/1512/9172 1499/1974/9173 1757/1970/9174
f 1575/1532/9175 1652/1585/9176 1653/1533/9177
f 1499/1974/9178 1574/1512/9179 1575/1532/9180
f 1577/1510/9181 1576/1611/9182 1447/1511/9183
f 1578/1807/9184 1576/1611/9185 1500/1612/9186
f 1874/1796/9187 1449/1498/9188 1744/1811/9189
f 1659/1835/9190 1882/1975/9191 1765/1976/9192
f 1660/1977/9193 1578/1807/9194 1500/1612/9195
f 1473/1501/9196 1443/1603/9197 1579/1502/9198
f 1580/1806/9199 1579/1502/9200 1444/1604/9201
f 1578/1807/9202 1660/1977/9203 1767/1503/9204
f 1417/1596/9205 1580/1806/9206 1444/1604/9207
f 1578/1807/9208 1580/1806/9209 1445/1595/9210
f 1662/1527/9211 1894/1978/9212 1669/1504/9213
f 603/1509/9214 1662/1527/9215 602/1526/9216
f 1582/1480/9217 607/1491/9218 1584/1462/9219
f 1583/1492/9220 1582/1480/9221 1505/1481/9222
f 1663/1663/9223 1505/1481/9224 1769/1858/9225
f 1899/1500/9226 604/1507/9227 605/1493/9228
f 1474/1460/9229 1584/1462/9230 608/1458/9231
f 1582/1480/9232 1584/1462/9233 1506/1461/9234
f 1423/1689/9235 1586/1472/9236 1585/1467/9237
f 1585/1467/9238 1586/1472/9239 1587/1466/9240
f 1424/1473/9241 1586/1472/9242 1423/1689/9243
f 1587/1466/9244 1586/1472/9245 1507/1979/9246
f 1588/1556/9247 1587/1466/9248 1507/1979/9249
f 1505/1481/9250 1506/1461/9251 1587/1466/9252
f 1588/1556/9253 1507/1979/9254 1772/1980/9255
f 1588/1556/9256 1475/1555/9257 1769/1858/9258
f 1773/1471/9259 1664/1486/9260 1772/1980/9261
f 2218/1589/9262 2004/1981/9263 2096/1982/9264
f 1426/1516/9265 1427/1521/9266 1666/1616/9267
f 1590/1487/9268 1776/1617/9269 1667/1485/9270
f 1777/1983/9271 1908/1984/9272 1907/1985/9273
f 1595/1986/9274 1670/1987/9275 1907/1985/9276
f 1909/1703/9277 1593/1988/9278 1779/1989/9279
f 2006/1774/9280 1782/1990/9281 2009/1741/9282
f 1910/1991/9283 1909/1703/9284 1779/1989/9285
f 1672/1702/9286 1592/1704/9287 1671/1547/9288
f 1459/1766/9289 1788/1992/9290 1676/1568/9291
f 1676/1568/9292 1677/1993/9293 1594/1559/9294
f 1668/1505/9295 1670/1987/9296 1778/1634/9297
f 1525/1885/9298 1815/1994/9299 1623/1615/9300
f 1596/1520/9301 1428/1522/9302 1600/1530/9303
f 1590/1487/9304 1665/1517/9305 1666/1616/9306
f 2009/1741/9307 1782/1990/9308 1913/1742/9309
f 1681/1733/9310 1597/1552/9311 1514/1995/9312
f 1599/1554/9313 1598/1543/9314 1468/1694/9315
f 1478/1542/9316 1598/1543/9317 1515/1784/9318
f 1597/1552/9319 1599/1554/9320 1467/1553/9321
f 1598/1543/9322 1599/1554/9323 1515/1784/9324
f 1481/1528/9325 1600/1530/9326 1429/1541/9327
f 1596/1520/9328 1600/1530/9329 1516/1529/9330
f 2010/1996/9331 1915/1997/9332 1914/1998/9333
f 1683/1999/9334 1790/1820/9335 1682/1565/9336
f 1602/1545/9337 1468/1694/9338 1604/1571/9339
f 1603/1693/9340 1602/1545/9341 1518/1544/9342
f 1685/1864/9343 1518/1544/9344 1793/1865/9345
f 1795/1867/9346 1796/2000/9347 1686/1558/9348
f 1482/1537/9349 1604/1571/9350 1469/1538/9351
f 1602/1545/9352 1604/1571/9353 1519/1546/9354
f 1433/1670/9355 1606/1686/9356 1605/1671/9357
f 1605/1671/9358 1606/1686/9359 1607/1737/9360
f 1434/1684/9361 1606/1686/9362 1433/1670/9363
f 1607/1737/9364 1606/1686/9365 1520/2001/9366
f 1608/1759/9367 1607/1737/9368 1520/2001/9369
f 1518/1544/9370 1519/1546/9371 1607/1737/9372
f 1608/1759/9373 1520/2001/9374 1797/1760/9375
f 1608/1759/9376 1483/1860/9377 1793/1865/9378
f 1798/1685/9379 1687/1691/9380 1797/1760/9381
f 1920/1861/9382 1794/2002/9383 1919/1862/9384
f 1436/1808/9385 1437/1717/9386 1689/1830/9387
f 1610/1692/9388 1801/1829/9389 1690/1690/9390
f 1463/1821/9391 1790/1820/9392 1792/2003/9393
f 2189/2004/9394 2020/2005/9395 1928/2006/9396
f 1804/2007/9397 637/1746/9398 638/1707/9399
f 1695/1701/9400 1693/1476/9401 1934/2008/9402
f 1810/1776/9403 1524/2009/9404 1813/2010/9405
f 1932/1474/9406 1693/1476/9407 1694/2011/9408
f 642/2012/9409 1618/1763/9410 1699/2013/9411
f 2214/2014/9412 2209/2015/9413 2200/1936/9414
f 1616/1762/9415 1617/1940/9416 1615/2016/9417
f 1699/2013/9418 2213/2017/9419 1698/1748/9420
f 1617/1940/9421 1616/1762/9422 1552/1933/9423
f 1618/1763/9424 1616/1762/9425 1615/2016/9426
f 1556/1456/9427 1617/1940/9428 1552/1933/9429
f 1617/1940/9430 1548/1455/9431 2211/2018/9432
f 1618/1763/9433 1615/2016/9434 1699/2013/9435
f 1618/1763/9436 642/2012/9437 643/1768/9438
f 1789/1579/9439 1678/1577/9440 1679/2019/9441
f 1702/2020/9442 1619/2021/9443 1816/2022/9444
f 1621/1586/9445 1620/1588/9446 595/1594/9447
f 1533/1882/9448 1620/1588/9449 1528/1587/9450
f 1700/1880/9451 1621/1586/9452 596/1879/9453
f 1701/1598/9454 1621/1586/9455 1619/2021/9456
f 1525/1885/9457 1532/1754/9458 1622/1597/9459
f 1531/1668/9460 1622/1597/9461 1532/1754/9462
f 1701/1598/9463 1702/2020/9464 1815/1994/9465
f 1815/1994/9466 1702/2020/9467 1939/2023/9468
f 2024/2024/9469 1710/1621/9470 1712/1903/9471
f 1714/2025/9472 2053/2026/9473 2025/2027/9474
f 1704/1752/9475 1532/1754/9476 1623/1615/9477
f 1705/1886/9478 1534/1622/9479 2023/1891/9480
f 1456/1662/9481 1719/1712/9482 1716/1659/9483
f 1718/1657/9484 1968/2028/9485 1956/2029/9486
f 1627/1642/9487 21/1625/9488 1720/1624/9489
f 1539/1825/9490 1627/1642/9491 1538/1641/9492
f 1828/2030/9493 22/1626/9494 23/1638/9495
f 1658/1971/9496 1760/2031/9497 1759/1972/9498
f 591/1666/9499 592/1672/9500 1722/1667/9501
f 1629/1601/9502 1540/2032/9503 1723/1599/9504
f 1725/1805/9505 1452/1789/9506 1745/1792/9507
f 1835/2033/9508 1726/1720/9509 1630/1901/9510
f 1657/2034/9511 1499/1974/9512 1654/1531/9513
f 1631/2035/9514 2222/2036/9515 1834/2037/9516
f 1836/2038/9517 2179/2039/9518 1837/2040/9519
f 1632/2041/9520 1955/2042/9521 1954/2043/9522
f 1952/1628/9523 1823/1650/9524 1703/1610/9525
f 1890/2044/9526 2000/2045/9527 2032/2046/9528
f 1839/1696/9529 1438/1715/9530 1439/2047/9531
f 1610/1692/9532 1688/1809/9533 1689/1830/9534
f 1847/2048/9535 633/1743/9536 634/2049/9537
f 1846/1605/9538 1843/1607/9539 1635/1709/9540
f 1806/1470/9541 635/1469/9542 636/1745/9543
f 2225/1912/9544 2224/2050/9545 1926/1874/9546
f 1848/1661/9547 1716/1659/9548 1457/1714/9549
f 1851/2051/9550 1734/1815/9551 1637/1677/9552
f 2042/1954/9553 1974/1953/9554 1855/2052/9555
f 1733/1675/9556 1637/1677/9557 1732/1814/9558
f 1802/1681/9559 1460/1925/9560 1787/1567/9561
f 1692/1682/9562 1611/2053/9563 1803/2054/9564
f 314/1934/9565 313/1850/9566 1859/2055/9567
f 1562/1938/9568 1739/1833/9569 1545/1832/9570
f 314/1934/9571 1641/1729/9572 315/1932/9573
f 1554/1730/9574 1641/1729/9575 1640/2056/9576
f 1869/2057/9577 312/1851/9578 311/2058/9579
f 1860/1853/9580 1738/1917/9581 1642/1956/9582
f 1745/1792/9583 1743/1802/9584 1451/1804/9585
f 1981/2059/9586 1744/1811/9587 1643/2060/9588
f 1746/1483/9589 1724/1788/9590 1453/1719/9591
f 1644/1482/9592 1870/2061/9593 1743/1802/9594
f 1850/1791/9595 1454/1718/9596 1825/1894/9597
f 2037/2062/9598 1851/2051/9599 1546/2063/9600
f 1647/1463/9601 647/1838/9602 648/2064/9603
f 1571/1464/9604 1886/1966/9605 1646/1465/9606
f 648/2064/9607 1747/1827/9608 1647/1463/9609
f 1754/1837/9610 1747/1827/9611 1441/1843/9612
f 1885/2065/9613 1755/1823/9614 1886/1966/9615
f 1994/1494/9616 1886/1966/9617 1888/1822/9618
f 1888/1822/9619 1992/1824/9620 308/2066/9621
f 1989/2067/9622 1990/2068/9623 1980/2069/9624
f 1573/1803/9625 1757/1970/9626 1759/1972/9627
f 1761/1794/9628 1631/2035/9629 1762/1793/9630
f 1574/1512/9631 1651/1795/9632 1448/1797/9633
f 1650/1496/9634 1651/1795/9635 1573/1803/9636
f 1652/1585/9637 1446/1660/9638 1445/1595/9639
f 1653/1533/9640 1652/1585/9641 1501/1584/9642
f 1472/1574/9643 1653/1533/9644 1501/1584/9645
f 1654/1531/9646 1653/1533/9647 1470/1575/9648
f 2034/2070/9649 1972/2071/9650 2033/2072/9651
f 1575/1532/9652 1654/1531/9653 1499/1974/9654
f 1972/2071/9655 2034/2070/9656 1832/2073/9657
f 1890/2044/9658 1756/2074/9659 1889/1899/9660
f 1891/2075/9661 1658/1971/9662 1656/2076/9663
f 1658/1971/9664 1757/1970/9665 1657/2034/9666
f 2035/1907/9667 1654/1531/9668 1470/1575/9669
f 1657/2034/9670 1656/2076/9671 1658/1971/9672
f 1758/2077/9673 1891/2075/9674 1892/2078/9675
f 1573/1803/9676 1759/1972/9677 1650/1496/9678
f 1874/1796/9679 1873/1836/9680 1577/1510/9681
f 1881/2079/9682 1750/2080/9683 1752/2081/9684
f 1765/1976/9685 1660/1977/9686 1500/1612/9687
f 1767/1503/9688 1471/2082/9689 1473/1501/9690
f 1899/1500/9691 1661/1508/9692 604/1507/9693
f 1662/1527/9694 1661/1508/9695 1581/2083/9696
f 1897/2084/9697 1662/1527/9698 1581/2083/9699
f 1896/2085/9700 1669/1504/9701 1894/1978/9702
f 1663/1663/9703 1769/1858/9704 1898/2086/9705
f 1663/1663/9706 1898/2086/9707 2055/1779/9708
f 1664/1486/9709 1425/1518/9710 1665/1517/9711
f 1664/1486/9712 1667/1485/9713 1772/1980/9714
f 1666/1616/9715 1665/1517/9716 1426/1516/9717
f 1664/1486/9718 1665/1517/9719 1590/1487/9720
f 1680/1572/9721 1774/2087/9722 1596/1520/9723
f 1775/2088/9724 1776/1617/9725 1774/2087/9726
f 2218/1589/9727 1667/1485/9728 1508/1758/9729
f 1667/1485/9730 1589/1557/9731 1772/1980/9732
f 601/1506/9733 602/1526/9734 1669/1504/9735
f 1670/1987/9736 1668/1505/9737 1591/2089/9738
f 1897/2084/9739 1894/1978/9740 1662/1527/9741
f 1591/2089/9742 1668/1505/9743 1669/1504/9744
f 1591/2089/9745 1777/1983/9746 1907/1985/9747
f 1670/1987/9748 1595/1986/9749 1678/1577/9750
f 1780/2090/9751 1792/2003/9752 1462/1570/9753
f 1671/1547/9754 1592/1704/9755 1673/1548/9756
f 1780/2090/9757 1671/1547/9758 1463/1821/9759
f 1672/1702/9760 1780/2090/9761 1674/1564/9762
f 1592/1704/9763 1910/1991/9764 1912/2091/9765
f 1782/1990/9766 2059/1773/9767 1597/1552/9768
f 1787/1567/9769 1461/1563/9770 1802/1681/9771
f 1672/1702/9772 1674/1564/9773 1593/1988/9774
f 1787/1567/9775 1674/1564/9776 1461/1563/9777
f 1593/1988/9778 1674/1564/9779 1675/1561/9780
f 1788/1992/9781 1857/2092/9782 1458/2093/9783
f 1675/1561/9784 1676/1568/9785 1594/1559/9786
f 1827/1658/9787 1458/2093/9788 1735/1713/9789
f 1626/1711/9790 1968/2028/9791 1718/1657/9792
f 1678/1577/9793 599/1576/9794 1778/1634/9795
f 1679/2019/9796 1678/1577/9797 1595/1986/9798
f 1937/2094/9799 1817/2095/9800 1816/2022/9801
f 1679/2019/9802 1619/2021/9803 1700/1880/9804
f 2183/1859/9805 1516/1529/9806 1478/1542/9807
f 1774/2087/9808 1680/1572/9809 1513/1523/9810
f 1514/1995/9811 1904/1731/9812 1681/1733/9813
f 1515/1784/9814 1597/1552/9815 1681/1733/9816
f 1686/1558/9817 1682/1565/9818 1465/1569/9819
f 1682/1565/9820 1601/2096/9821 2010/1996/9822
f 1682/1565/9823 2010/1996/9824 1683/1999/9825
f 1792/2003/9826 1780/2090/9827 1463/1821/9828
f 1602/1545/9829 1684/1550/9830 1467/1553/9831
f 1686/1558/9832 1684/1550/9833 1603/1693/9834
f 1919/1862/9835 1685/1864/9836 1483/1860/9837
f 1685/1864/9838 1919/1862/9839 1921/1866/9840
f 1686/1558/9841 1603/1693/9842 1795/1867/9843
f 1682/1565/9844 1686/1558/9845 1601/2096/9846
f 1687/1691/9847 1435/1810/9848 1688/1809/9849
f 1797/1760/9850 1687/1691/9851 1609/2097/9852
f 1689/1830/9853 1688/1809/9854 1436/1808/9855
f 1687/1691/9856 1688/1809/9857 1610/1692/9858
f 1634/1716/9859 1543/1738/9860 1799/2098/9861
f 1800/2099/9862 1801/1829/9863 1799/2098/9864
f 2018/2100/9865 1690/1690/9866 1521/1909/9867
f 1687/1691/9868 1690/1690/9869 1609/2097/9870
f 1792/2003/9871 1691/1562/9872 1462/1570/9873
f 1692/1682/9874 1691/1562/9875 1611/2053/9876
f 1803/2054/9877 1611/2053/9878 1927/1698/9879
f 1692/1682/9880 1930/2101/9881 1737/1765/9882
f 1693/1476/9883 637/1746/9884 1804/2007/9885
f 1693/1476/9886 1612/1475/9887 1934/2008/9888
f 1694/2011/9889 1804/2007/9890 1696/1706/9891
f 1931/2102/9892 1805/1856/9893 1523/2103/9894
f 1931/2102/9895 1807/2104/9896 1934/2008/9897
f 1936/1911/9898 1808/1468/9899 1935/2105/9900
f 639/1705/9901 640/1875/9902 1814/1747/9903
f 1696/1706/9904 1613/2106/9905 1933/1857/9906
f 1613/2106/9907 1696/1706/9908 1697/1749/9909
f 1696/1706/9910 639/1705/9911 1814/1747/9912
f 642/2012/9913 1699/2013/9914 641/1876/9915
f 1697/1749/9916 1698/1748/9917 1614/1783/9918
f 1615/2016/9919 2210/1935/9920 2213/2017/9921
f 641/1876/9922 1699/2013/9923 1698/1748/9924
f 1700/1880/9925 597/1580/9926 1789/1579/9927
f 1621/1586/9928 1700/1880/9929 1619/2021/9930
f 1702/2020/9931 1701/1598/9932 1619/2021/9933
f 1622/1597/9934 1701/1598/9935 1525/1885/9936
f 1816/2022/9937 1619/2021/9938 1679/2019/9939
f 1702/2020/9940 1941/2107/9941 1939/2023/9942
f 1820/1884/9943 26/1608/9944 27/1477/9945
f 1703/1610/9946 1950/1629/9947 1952/1628/9948
f 1623/1615/9949 1485/1614/9950 1704/1752/9951
f 1704/1752/9952 1485/1614/9953 1708/2108/9954
f 1708/2108/9955 1625/1753/9956 1704/1752/9957
f 1706/2109/9958 1708/2108/9959 1953/2110/9960
f 1534/1622/9961 1705/1886/9962 1707/1623/9963
f 1707/1623/9964 1708/2108/9965 1706/2109/9966
f 1708/2108/9967 1707/1623/9968 1705/1886/9969
f 1711/1889/9970 1710/1621/9971 1707/1623/9972
f 1708/2108/9973 1705/1886/9974 1625/1753/9975
f 1708/2108/9976 1485/1614/9977 1953/2110/9978
f 1706/2109/9979 1713/1890/9980 1711/1889/9981
f 2180/1888/9982 2178/2111/9983 2177/2112/9984
f 1711/1889/9985 1707/1623/9986 1706/2109/9987
f 1709/1902/9988 2116/2113/9989 1712/1903/9990
f 1706/2109/9991 2166/1897/9992 1713/1890/9993
f 1709/1902/9994 1710/1621/9995 1711/1889/9996
f 1715/2114/9997 1712/1903/9998 1488/2115/9999
f 1714/2025/10000 2025/2027/10001 1715/2114/10002
f 2175/2116/10003 1955/2042/10004 2186/1896/10005
f 2179/2039/10006 2177/2112/10007 2178/2111/10008
f 2054/2117/10009 2083/2118/10010 2081/2119/10011
f 1998/2120/10012 1542/2121/10013 1997/1645/10014
f 1715/2114/10015 1488/2115/10016 2084/2122/10017
f 2024/2024/10018 1712/1903/10019 2025/2027/10020
f 1719/1712/10021 1455/1826/10022 1717/1893/10023
f 1718/1657/10024 1716/1659/10025 1626/1711/10026
f 1825/1894/10027 1455/1826/10028 1850/1791/10029
f 1954/2043/10030 1955/2042/10031 2187/2123/10032
f 1968/2028/10033 2175/2116/10034 1826/2124/10035
f 1788/1992/10036 1827/1658/10037 1677/1993/10038
f 1719/1712/10039 1456/1662/10040 1732/1814/10041
f 1719/1712/10042 1717/1893/10043 2187/2123/10044
f 22/1626/10045 1828/2030/10046 2051/1898/10047
f 1627/1642/10048 1720/1624/10049 1628/1643/10050
f 1721/2125/10051 1828/2030/10052 1727/1640/10053
f 1996/2126/10054 1890/2044/10055 1995/2127/10056
f 1491/1620/10057 1829/2128/10058 1722/1667/10059
f 1830/1514/10060 1969/1513/10061 1829/2128/10062
f 1971/2129/10063 1723/1599/10064 1540/2032/10065
f 1832/2073/10066 1472/1574/10067 2176/1687/10068
f 1725/1805/10069 1724/1788/10070 1452/1789/10071
f 1726/1720/10072 1724/1788/10073 1630/1901/10074
f 1762/1793/10075 1893/2130/10076 1650/1496/10077
f 1630/1901/10078 1833/1973/10079 1541/2131/10080
f 1835/2033/10081 1630/1901/10082 1541/2131/10083
f 1837/2040/10084 1954/2043/10085 1825/1894/10086
f 25/1881/10087 1823/1650/10088 24/1639/10089
f 1721/2125/10090 1727/1640/10091 1633/1646/10092
f 1439/2047/10093 1440/1721/10094 1840/1734/10095
f 1845/2132/10096 1728/1695/10097 1844/1727/10098
f 1841/1839/10099 1494/1723/10100 630/1840/10101
f 631/1841/10102 632/1744/10103 1842/1710/10104
f 1845/2132/10105 1844/1727/10106 1730/2133/10107
f 1841/1839/10108 1729/1697/10109 1494/1723/10110
f 1635/1709/10111 1847/2048/10112 1846/1605/10113
f 1808/1468/10114 634/2049/10115 635/1469/10116
f 1732/1814/10117 1456/1662/10118 1848/1661/10119
f 1734/1815/10120 1732/1814/10121 1637/1677/10122
f 1733/1675/10123 1848/1661/10124 1735/1713/10125
f 1973/2134/10126 1849/1676/10127 1546/2063/10128
f 1637/1677/10129 1973/2134/10130 1851/2051/10131
f 1877/2135/10132 1875/1790/10133 1645/1918/10134
f 1857/2092/10135 1788/1992/10136 1459/1766/10137
f 1735/1713/10138 1638/1781/10139 1974/1953/10140
f 1857/2092/10141 1735/1713/10142 1458/2093/10143
f 1736/1649/10144 1857/2092/10145 1737/1765/10146
f 1737/1765/10147 1460/1925/10148 1802/1681/10149
f 1736/1649/10150 1737/1765/10151 1639/1708/10152
f 1738/1917/10153 1859/2055/10154 1740/1849/10155
f 1860/1853/10156 1642/1956/10157 1568/1854/10158
f 1554/1730/10159 1640/2056/10160 1739/1833/10161
f 1861/2136/10162 2159/1944/10163 1862/1831/10164
f 1740/1849/10165 312/1851/10166 1869/2057/10167
f 1738/1917/10168 1740/1849/10169 1642/1956/10170
f 1978/2137/10171 311/2058/10172 1979/1957/10173
f 1741/1955/10174 1866/2138/10175 1864/1958/10176
f 1743/1802/10177 1450/1519/10178 1893/2130/10179
f 1744/1811/10180 1742/1497/10181 1643/2060/10182
f 1870/2061/10183 1644/1482/10184 1570/2139/10185
f 1643/2060/10186 1742/1497/10187 1743/1802/10188
f 1872/2140/10189 1981/2059/10190 2181/1964/10191
f 1874/1796/10192 1577/1510/10193 1448/1797/10194
f 1746/1483/10195 1745/1792/10196 1452/1789/10197
f 1743/1802/10198 1745/1792/10199 1644/1482/10200
f 1453/1719/10201 1454/1718/10202 1875/1790/10203
f 1644/1482/10204 1876/1484/10205 1570/2139/10206
f 649/1844/10207 1747/1827/10208 648/2064/10209
f 2174/1801/10210 1754/1837/10211 1442/1813/10212
f 1471/2082/10213 1752/2081/10214 1473/1501/10215
f 1647/1463/10216 1753/1842/10217 1571/1464/10218
f 1751/2141/10219 1749/1828/10220 1748/2142/10221
f 1753/1842/10222 1749/1828/10223 1751/2141/10224
f 1750/2080/10225 1751/2141/10226 1752/2081/10227
f 2047/1834/10228 1882/1975/10229 1659/1835/10230
f 1752/2081/10231 1751/2141/10232 1748/2142/10233
f 1750/2080/10234 1883/1968/10235 1753/1842/10236
f 1752/2081/10237 1748/2142/10238 2174/1801/10239
f 1752/2081/10240 1471/2082/10241 1881/2079/10242
f 1750/2080/10243 1753/1842/10244 1751/2141/10245
f 1885/2065/10246 1753/1842/10247 1883/1968/10248
f 1442/1813/10249 1754/1837/10250 1441/1843/10251
f 1749/1828/10252 1754/1837/10253 1748/2142/10254
f 1992/1824/10255 1984/2143/10256 1887/1786/10257
f 307/1847/10258 1888/1822/10259 308/2066/10260
f 1889/1899/10261 1995/2127/10262 1890/2044/10263
f 1972/2071/10264 1832/2073/10265 1971/2129/10266
f 1574/1512/10267 1757/1970/10268 1573/1803/10269
f 1657/2034/10270 1757/1970/10271 1499/1974/10272
f 2114/2144/10273 2241/2145/10274 1999/2146/10275
f 1764/2147/10276 1631/2035/10277 1760/2031/10278
f 1658/1971/10279 1891/2075/10280 1760/2031/10281
f 1631/2035/10282 1834/2037/10283 1762/1793/10284
f 1764/2147/10285 1760/2031/10286 1758/2077/10287
f 1761/1794/10288 1760/2031/10289 1631/2035/10290
f 1650/1496/10291 1759/1972/10292 1761/1794/10293
f 1760/2031/10294 1761/1794/10295 1759/1972/10296
f 1451/1804/10297 1893/2130/10298 1725/1805/10299
f 1893/2130/10300 1451/1804/10301 1743/1802/10302
f 2114/2144/10303 1999/2146/10304 1542/2121/10305
f 1998/2120/10306 2081/2119/10307 1542/2121/10308
f 1764/2147/10309 1758/2077/10310 2114/2144/10311
f 1764/2147/10312 1763/2148/10313 2222/2036/10314
f 1660/1977/10315 1765/1976/10316 1471/2082/10317
f 1766/1959/10318 1765/1976/10319 1500/1612/10320
f 1873/1836/10321 1766/1959/10322 1577/1510/10323
f 1765/1976/10324 1766/1959/10325 1659/1835/10326
f 1578/1807/10327 1767/1503/10328 1579/1502/10329
f 1471/2082/10330 1767/1503/10331 1660/1977/10332
f 2002/1816/10333 1581/2083/10334 2001/2149/10335
f 1768/2150/10336 1897/2084/10337 2002/1816/10338
f 1769/1858/10339 1505/1481/10340 1587/1466/10341
f 1898/2086/10342 1769/1858/10343 1475/1555/10344
f 2004/1981/10345 1508/1758/10346 1775/2088/10347
f 2004/1981/10348 1906/2151/10349 2096/1982/10350
f 1771/1499/10351 2001/2149/10352 1899/1500/10353
f 1583/1492/10354 1663/1663/10355 1771/1499/10356
f 1588/1556/10357 1772/1980/10358 1589/1557/10359
f 1773/1471/10360 1772/1980/10361 1507/1979/10362
f 1586/1472/10363 1773/1471/10364 1507/1979/10365
f 1424/1473/10366 1664/1486/10367 1773/1471/10368
f 1774/2087/10369 1513/1523/10370 1775/2088/10371
f 1666/1616/10372 1596/1520/10373 1774/2087/10374
f 1513/1523/10375 1900/1525/10376 1775/2088/10377
f 2004/1981/10378 1775/2088/10379 2005/2152/10380
f 1774/2087/10381 1776/1617/10382 1666/1616/10383
f 1775/2088/10384 1508/1758/10385 1776/1617/10386
f 2131/2153/10387 1591/2089/10388 1896/2085/10389
f 2127/2154/10390 2128/2155/10391 2094/2156/10392
f 1668/1505/10393 1778/1634/10394 600/1573/10395
f 1678/1577/10396 1778/1634/10397 1670/1987/10398
f 1786/2157/10399 1593/1988/10400 1784/1782/10401
f 1593/1988/10402 1786/2157/10403 1779/1989/10404
f 1674/1564/10405 1780/2090/10406 1462/1570/10407
f 1671/1547/10408 1780/2090/10409 1672/1702/10410
f 1671/1547/10411 1781/1549/10412 1464/1566/10413
f 2009/1741/10414 1781/1549/10415 1673/1548/10416
f 1466/1551/10417 1913/1742/10418 1597/1552/10419
f 1912/2091/10420 1673/1548/10421 1592/1704/10422
f 1961/1655/10423 1594/1559/10424 1677/1993/10425
f 1784/1782/10426 1783/1560/10427 1511/2158/10428
f 1784/1782/10429 1511/2158/10430 1785/1679/10431
f 1675/1561/10432 1784/1782/10433 1593/1988/10434
f 1511/2158/10435 1966/2159/10436 2077/2160/10437
f 2099/2161/10438 2121/2162/10439 2123/2163/10440
f 1784/1782/10441 1785/1679/10442 1786/2157/10443
f 1785/1679/10444 1779/1989/10445 1786/2157/10446
f 1676/1568/10447 1787/1567/10448 1460/1925/10449
f 1674/1564/10450 1787/1567/10451 1675/1561/10452
f 1788/1992/10453 1458/2093/10454 1827/1658/10455
f 1676/1568/10456 1788/1992/10457 1677/1993/10458
f 1678/1577/10459 1789/1579/10460 598/1578/10461
f 1700/1880/10462 1789/1579/10463 1679/2019/10464
f 1682/1565/10465 1790/1820/10466 1464/1566/10467
f 1792/2003/10468 1790/1820/10469 1683/1999/10470
f 1517/2164/10471 1916/2165/10472 1915/1997/10473
f 2016/2166/10474 1522/1863/10475 1918/1700/10476
f 2012/1699/10477 2013/2167/10478 1918/1700/10479
f 1792/2003/10480 2012/1699/10481 1691/1562/10482
f 1793/1865/10483 1518/1544/10484 1607/1737/10485
f 1483/1860/10486 1685/1864/10487 1793/1865/10488
f 2074/2168/10489 2019/2169/10490 2073/2170/10491
f 1794/2002/10492 2072/2171/10493 1916/2165/10494
f 1795/1867/10495 1517/2164/10496 1796/2000/10497
f 1603/1693/10498 1685/1864/10499 1795/1867/10500
f 1796/2000/10501 1517/2164/10502 1915/1997/10503
f 1601/2096/10504 1686/1558/10505 1796/2000/10506
f 1797/1760/10507 1609/2097/10508 2017/1761/10509
f 1798/1685/10510 1797/1760/10511 1520/2001/10512
f 1606/1686/10513 1798/1685/10514 1520/2001/10515
f 1434/1684/10516 1687/1691/10517 1798/1685/10518
f 1799/2098/10519 1543/1738/10520 1800/2099/10521
f 1689/1830/10522 1634/1716/10523 1799/2098/10524
f 1543/1738/10525 1922/1913/10526 1800/2099/10527
f 2076/2172/10528 2018/2100/10529 2019/2169/10530
f 1799/2098/10531 1801/1829/10532 1689/1830/10533
f 1800/2099/10534 1521/1909/10535 1801/1829/10536
f 1691/1562/10537 1802/1681/10538 1461/1563/10539
f 1737/1765/10540 1802/1681/10541 1692/1682/10542
f 1803/2054/10543 1522/1863/10544 2020/2005/10545
f 1737/1765/10546 1930/2101/10547 1639/1708/10548
f 1696/1706/10549 1804/2007/10550 638/1707/10551
f 1693/1476/10552 1804/2007/10553 1694/2011/10554
f 1933/1857/10555 1805/1856/10556 1932/1474/10557
f 1613/2106/10558 1697/1749/10559 1810/1776/10560
f 1693/1476/10561 1806/1470/10562 636/1745/10563
f 1808/1468/10564 1806/1470/10565 1695/1701/10566
f 1807/2104/10567 1931/2102/10568 2145/2173/10569
f 1935/2105/10570 1807/2104/10571 2226/2174/10572
f 1808/1468/10573 1695/1701/10574 1935/2105/10575
f 1808/1468/10576 1936/1911/10577 1847/2048/10578
f 1809/1775/10579 1614/1783/10580 2200/1936/10581
f 1809/1775/10582 1524/2009/10583 1810/1776/10584
f 1811/2175/10585 1813/2010/10586 2192/2176/10587
f 1613/2106/10588 1810/1776/10589 1812/1855/10590
f 2149/2177/10591 2147/2178/10592 2148/2179/10593
f 2139/2180/10594 1805/1856/10595 1812/1855/10596
f 1813/2010/10597 1812/1855/10598 1810/1776/10599
f 1811/2175/10600 2138/2181/10601 2139/2180/10602
f 1524/2009/10603 2191/2182/10604 2192/2176/10605
f 1813/2010/10606 1811/2175/10607 2139/2180/10608
f 1698/1748/10609 1814/1747/10610 640/1875/10611
f 1696/1706/10612 1814/1747/10613 1697/1749/10614
f 1701/1598/10615 1815/1994/10616 1525/1885/10617
f 1939/2023/10618 1938/1613/10619 1623/1615/10620
f 1595/1986/10621 1937/2094/10622 1679/2019/10623
f 1908/1984/10624 1817/2095/10625 1937/2094/10626
f 1512/2183/10627 1940/2184/10628 1817/2095/10629
f 1702/2020/10630 1816/2022/10631 1817/2095/10632
f 1941/2107/10633 1818/2185/10634 1939/2023/10635
f 1962/2186/10636 1960/2187/10637 1963/2188/10638
f 1536/1883/10639 1819/1892/10640 1529/1479/10641
f 2023/1891/10642 1535/1887/10643 1705/1886/10644
f 1529/1479/10645 1819/1892/10646 1820/1884/10647
f 1820/1884/10648 1819/1892/10649 1949/1609/10650
f 2053/2026/10651 1998/2120/10652 1821/2189/10653
f 1822/1651/10654 1633/1646/10655 1727/1640/10656
f 24/1639/10657 1822/1651/10658 1727/1640/10659
f 2052/1644/10660 1822/1651/10661 1821/2189/10662
f 1703/1610/10663 1823/1650/10664 25/1881/10665
f 1821/2189/10666 1822/1651/10667 1823/1650/10668
f 1818/2185/10669 2171/2190/10670 1938/1613/10671
f 1947/1751/10672 1818/2185/10673 1940/2184/10674
f 1454/1718/10675 1726/1720/10676 1825/1894/10677
f 1825/1894/10678 1726/1720/10679 1837/2040/10680
f 1962/2186/10681 1957/2191/10682 1959/2192/10683
f 1677/1993/10684 1718/1657/10685 1956/2029/10686
f 1716/1659/10687 1827/1658/10688 1457/1714/10689
f 1827/1658/10690 1718/1657/10691 1677/1993/10692
f 1727/1640/10693 1828/2030/10694 23/1638/10695
f 1721/2125/10696 1995/2127/10697 2051/1898/10698
f 1491/1620/10699 1487/1619/10700 1829/2128/10701
f 1829/2128/10702 1487/1619/10703 1830/1514/10704
f 1487/1619/10705 1970/1900/10706 1830/1514/10707
f 2029/2193/10708 1970/1900/10709 1756/2074/10710
f 1629/1601/10711 1831/1600/10712 590/1665/10713
f 1421/1688/10714 1831/1600/10715 1723/1599/10716
f 1969/1513/10717 2028/1515/10718 1540/2032/10719
f 1472/1574/10720 1832/2073/10721 2036/1908/10722
f 1725/1805/10723 1834/2037/10724 1833/1973/10725
f 1834/2037/10726 2086/1905/10727 2087/2194/10728
f 1762/1793/10729 1834/2037/10730 1725/1805/10731
f 1541/2131/10732 2087/2194/10733 2085/2195/10734
f 1835/2033/10735 1541/2131/10736 2117/2196/10737
f 1837/2040/10738 1632/2041/10739 1954/2043/10740
f 1836/2038/10741 1835/2033/10742 2117/2196/10743
f 2117/2196/10744 2115/2197/10745 1836/2038/10746
f 1726/1720/10747 1835/2033/10748 1837/2040/10749
f 1836/2038/10750 1837/2040/10751 1835/2033/10752
f 1839/1696/10753 1634/1716/10754 1438/1715/10755
f 1923/1914/10756 1728/1695/10757 1845/2132/10758
f 1839/1696/10759 1439/2047/10760 1840/1734/10761
f 1838/1739/10762 1839/1696/10763 1728/1695/10764
f 1494/1723/10765 1840/1734/10766 1440/1721/10767
f 1839/1696/10768 1840/1734/10769 1729/1697/10770
f 1842/1710/10771 1841/1839/10772 631/1841/10773
f 1844/1727/10774 1841/1839/10775 1730/2133/10776
f 1635/1709/10777 1842/1710/10778 632/1744/10779
f 1841/1839/10780 1842/1710/10781 1730/2133/10782
f 1843/1607/10783 1544/1606/10784 1925/2198/10785
f 1842/1710/10786 1843/1607/10787 1730/2133/10788
f 1841/1839/10789 1844/1727/10790 1729/1697/10791
f 1730/2133/10792 1843/1607/10793 1845/2132/10794
f 2184/1873/10795 1924/1915/10796 1925/2198/10797
f 1923/1914/10798 1838/1739/10799 1728/1695/10800
f 1847/2048/10801 1635/1709/10802 633/1743/10803
f 1926/1874/10804 1846/1605/10805 1731/1910/10806
f 1808/1468/10807 1847/2048/10808 634/2049/10809
f 1846/1605/10810 1847/2048/10811 1731/1910/10812
f 1735/1713/10813 1848/1661/10814 1457/1714/10815
f 1732/1814/10816 1848/1661/10817 1733/1675/10818
f 1733/1675/10819 1974/1953/10820 1849/1676/10821
f 1638/1781/10822 1736/1649/10823 1853/1648/10824
f 1732/1814/10825 1850/1791/10826 1455/1826/10827
f 1875/1790/10828 1850/1791/10829 1734/1815/10830
f 2038/2199/10831 1975/1952/10832 2037/2062/10833
f 1851/2051/10834 2037/2062/10835 2039/2200/10836
f 1928/2006/10837 2234/2201/10838 2236/2202/10839
f 1852/1647/10840 1547/1653/10841 1853/1648/10842
f 2239/2203/10843 2240/1877/10844 2237/2204/10845
f 1638/1781/10846 1853/1648/10847 1855/2052/10848
f 1977/2205/10849 2043/1945/10850 1567/2206/10851
f 1849/1676/10852 2042/1954/10853 1546/2063/10854
f 1856/1654/10855 1855/2052/10856 1853/1648/10857
f 1855/2052/10858 1854/1869/10859 1977/2205/10860
f 2197/1868/10861 2195/1878/10862 2201/1929/10863
f 1855/2052/10864 1856/1654/10865 1854/1869/10866
f 1737/1765/10867 1857/2092/10868 1459/1766/10869
f 1735/1713/10870 1857/2092/10871 1736/1649/10872
f 1641/1729/10873 1858/1916/10874 1640/2056/10875
f 1859/2055/10876 1858/1916/10877 314/1934/10878
f 1740/1849/10879 1859/2055/10880 313/1850/10881
f 1858/1916/10882 1859/2055/10883 1738/1917/10884
f 1496/2207/10885 2142/2208/10886 2156/2209/10887
f 1640/2056/10888 1862/1831/10889 1739/1833/10890
f 2143/1852/10891 1863/2210/10892 1860/1853/10893
f 2143/1852/10894 2158/2211/10895 1861/2136/10896
f 1858/1916/10897 1862/1831/10898 1640/2056/10899
f 1863/2210/10900 1738/1917/10901 1860/1853/10902
f 1861/2136/10903 1862/1831/10904 1863/2210/10905
f 1738/1917/10906 1863/2210/10907 1862/1831/10908
f 1866/2138/10909 1867/2212/10910 1990/2068/10911
f 1866/2138/10912 1868/1798/10913 1864/1958/10914
f 1884/1969/10915 1986/2213/10916 1985/2214/10917
f 1868/1798/10918 1568/1854/10919 1864/1958/10920
f 1866/2138/10921 1741/1955/10922 1978/2137/10923
f 1866/2138/10924 1865/2215/10925 1868/1798/10926
f 1741/1955/10927 1869/2057/10928 1978/2137/10929
f 1980/2069/10930 1649/1817/10931 1572/1787/10932
f 2050/2216/10933 1865/2215/10934 1987/2217/10935
f 1865/2215/10936 2050/2216/10937 1868/1798/10938
f 1978/2137/10939 1869/2057/10940 311/2058/10941
f 1740/1849/10942 1869/2057/10943 1741/1955/10944
f 1871/1963/10945 1870/2061/10946 1570/2139/10947
f 1743/1802/10948 1870/2061/10949 2182/1965/10950
f 2219/2218/10951 2220/2219/10952 2080/2220/10953
f 1871/1963/10954 2079/1962/10955 2181/1964/10956
f 1884/1969/10957 1982/2221/10958 2045/2222/10959
f 1873/1836/10960 1659/1835/10961 1766/1959/10962
f 1981/2059/10963 1873/1836/10964 1744/1811/10965
f 2047/1834/10966 1872/2140/10967 2046/2223/10968
f 1874/1796/10969 1651/1795/10970 1449/1498/10971
f 1873/1836/10972 1874/1796/10973 1744/1811/10974
f 1875/1790/10975 1734/1815/10976 1976/2224/10977
f 1453/1719/10978 1875/1790/10979 1746/1483/10980
f 1746/1483/10981 1877/2135/10982 1876/1484/10983
f 1876/1484/10984 1877/2135/10985 1879/1924/10986
f 1875/1790/10987 1877/2135/10988 1746/1483/10989
f 2039/2200/10990 1976/2224/10991 1851/2051/10992
f 1496/2207/10993 2141/2225/10994 2221/2226/10995
f 1879/1924/10996 1570/2139/10997 1876/1484/10998
f 1645/1918/10999 1879/1924/11000 1877/2135/11001
f 1879/1924/11002 1878/1920/11003 2220/2219/11004
f 1872/2140/11005 1569/2227/11006 2188/2228/11007
f 1883/1968/11008 1750/2080/11009 1982/2221/11010
f 1471/2082/11011 1765/1976/11012 1882/1975/11013
f 1881/2079/11014 1880/2229/11015 1982/2221/11016
f 1880/2229/11017 1881/2079/11018 1882/1975/11019
f 1471/2082/11020 1882/1975/11021 1881/2079/11022
f 1883/1968/11023 1982/2221/11024 1884/1969/11025
f 1885/2065/11026 1883/1968/11027 1497/1967/11028
f 2045/2222/11029 2046/2223/11030 1983/2230/11031
f 1985/2214/11032 1887/1786/11033 1984/2143/11034
f 1885/2065/11035 1497/1967/11036 1984/2143/11037
f 1571/1464/11038 1753/1842/11039 1885/2065/11040
f 1885/2065/11041 1886/1966/11042 1571/1464/11043
f 1888/1822/11044 1886/1966/11045 1755/1823/11046
f 1985/2214/11047 1497/1967/11048 1884/1969/11049
f 1991/1785/11050 1572/1787/11051 1649/1817/11052
f 307/1847/11053 1498/1845/11054 1994/1494/11055
f 1755/1823/11056 1984/2143/11057 1992/1824/11058
f 1889/1899/11059 1628/1643/11060 1995/2127/11061
f 1970/1900/11062 1889/1899/11063 1756/2074/11064
f 1996/2126/11065 1721/2125/11066 1633/1646/11067
f 1890/2044/11068 1996/2126/11069 2000/2045/11070
f 1892/2078/11071 1891/2075/11072 1656/2076/11073
f 1760/2031/11074 1891/2075/11075 1758/2077/11076
f 2033/2072/11077 1892/2078/11078 1656/2076/11079
f 1892/2078/11080 1655/2231/11081 2241/2145/11082
f 1650/1496/11083 1893/2130/11084 1450/1519/11085
f 1725/1805/11086 1893/2130/11087 1762/1793/11088
f 1768/2150/11089 1895/2232/11090 1894/1978/11091
f 1669/1504/11092 1896/2085/11093 1591/2089/11094
f 2119/2233/11095 2002/1816/11096 2093/1770/11097
f 1896/2085/11098 1895/2232/11099 1509/2234/11100
f 1895/2232/11101 1896/2085/11102 1894/1978/11103
f 2131/2153/11104 1509/2234/11105 2130/2235/11106
f 2002/1816/11107 1897/2084/11108 1581/2083/11109
f 1894/1978/11110 1897/2084/11111 1768/2150/11112
f 2058/1590/11113 1898/2086/11114 1475/1555/11115
f 1898/2086/11116 1770/2236/11117 2055/1779/11118
f 2001/2149/11119 1771/1499/11120 1504/2237/11121
f 1661/1508/11122 1899/1500/11123 1581/2083/11124
f 1902/1524/11125 1680/1572/11126 2183/1859/11127
f 1900/1525/11128 1477/2238/11129 2005/2152/11130
f 1478/1542/11131 1515/1784/11132 1905/1732/11133
f 1903/1740/11134 1477/2238/11135 1900/1525/11136
f 1680/1572/11137 1902/1524/11138 1513/1523/11139
f 1902/1524/11140 1901/2239/11141 1903/1740/11142
f 1901/2239/11143 1904/1731/11144 1903/1740/11145
f 1903/1740/11146 1904/1731/11147 2008/2240/11148
f 1904/1731/11149 1901/2239/11150 1905/1732/11151
f 1514/1995/11152 2059/1773/11153 2008/2240/11154
f 1905/1732/11155 1901/2239/11156 2183/1859/11157
f 1681/1733/11158 1905/1732/11159 1515/1784/11160
f 2008/2240/11161 2007/1772/11162 2061/2241/11163
f 2060/2242/11164 2063/2243/11165 2070/2244/11166
f 1591/2089/11167 1907/1985/11168 1670/1987/11169
f 1777/1983/11170 2185/2245/11171 1908/1984/11172
f 1817/2095/11173 1908/1984/11174 1512/2183/11175
f 1595/1986/11176 1907/1985/11177 1908/1984/11178
f 1593/1988/11179 1909/1703/11180 1672/1702/11181
f 1779/1989/11182 2098/1678/11183 1910/1991/11184
f 1510/2246/11185 1911/2247/11186 1912/2091/11187
f 1592/1704/11188 1909/1703/11189 1910/1991/11190
f 2063/2243/11191 2062/2248/11192 1911/2247/11193
f 2008/2240/11194 2059/1773/11195 2007/1772/11196
f 1510/2246/11197 1912/2091/11198 1910/1991/11199
f 1912/2091/11200 1911/2247/11201 2006/1774/11202
f 1465/1569/11203 1913/1742/11204 1466/1551/11205
f 1782/1990/11206 1597/1552/11207 1913/1742/11208
f 1601/2096/11209 1796/2000/11210 1915/1997/11211
f 1918/1700/11212 2014/2249/11213 2016/2166/11214
f 1517/2164/11215 1921/1866/11216 1916/2165/11217
f 2014/2249/11218 1917/1872/11219 1791/1871/11220
f 1920/1861/11221 2076/2172/11222 1794/2002/11223
f 2164/2250/11224 2102/1757/11225 2163/2251/11226
f 1914/1998/11227 1915/1997/11228 1917/1872/11229
f 2104/2252/11230 1915/1997/11231 1916/2165/11232
f 2013/2167/11233 1792/2003/11234 1683/1999/11235
f 2013/2167/11236 1914/1998/11237 2014/2249/11238
f 1920/1861/11239 1483/1860/11240 2017/1761/11241
f 1921/1866/11242 1919/1862/11243 1794/2002/11244
f 2018/2100/11245 1920/1861/11246 2017/1761/11247
f 2075/2253/11248 2073/2170/11249 1800/2099/11250
f 1916/2165/11251 1921/1866/11252 1794/2002/11253
f 1795/1867/11254 1921/1866/11255 1517/2164/11256
f 1923/1914/11257 1922/1913/11258 1543/1738/11259
f 1492/2254/11260 2074/2168/11261 2075/2253/11262
f 1838/1739/11263 1923/1914/11264 1543/1738/11265
f 1924/1915/11266 1923/1914/11267 1845/2132/11268
f 1925/2198/11269 1924/1915/11270 1845/2132/11271
f 1492/2254/11272 1922/1913/11273 1924/1915/11274
f 1843/1607/11275 1925/2198/11276 1845/2132/11277
f 1926/1874/11278 1544/1606/11279 1846/1605/11280
f 2108/2255/11281 2106/1755/11282 2011/2256/11283
f 1924/1915/11284 2184/1873/11285 1492/2254/11286
f 1927/1698/11287 1611/2053/11288 2012/1699/11289
f 1522/1863/11290 1803/2054/11291 1927/1698/11292
f 2021/2257/11293 2161/2258/11294 2198/2259/11295
f 2237/2204/11296 1928/2006/11297 2238/2260/11298
f 1852/1647/11299 1639/1708/11300 1929/1926/11301
f 1639/1708/11302 1930/2101/11303 2189/2004/11304
f 1692/1682/11305 1803/2054/11306 1930/2101/11307
f 1803/2054/11308 2020/2005/11309 2189/2004/11310
f 1931/2102/11311 1523/2103/11312 2145/2173/11313
f 1932/1474/11314 1931/2102/11315 1612/1475/11316
f 1933/1857/11317 1932/1474/11318 1694/2011/11319
f 1931/2102/11320 1932/1474/11321 1805/1856/11322
f 1696/1706/11323 1933/1857/11324 1694/2011/11325
f 1812/1855/11326 1933/1857/11327 1613/2106/11328
f 1931/2102/11329 1934/2008/11330 1612/1475/11331
f 1935/2105/11332 1934/2008/11333 1807/2104/11334
f 1935/2105/11335 1636/2261/11336 1936/1911/11337
f 1934/2008/11338 1935/2105/11339 1695/1701/11340
f 1936/1911/11341 1636/2261/11342 2225/1912/11343
f 1847/2048/11344 1936/1911/11345 1731/1910/11346
f 1679/2019/11347 1937/2094/11348 1816/2022/11349
f 1908/1984/11350 1937/2094/11351 1595/1986/11352
f 1939/2023/11353 1623/1615/11354 1815/1994/11355
f 2171/2190/11356 2170/2262/11357 1938/1613/11358
f 1941/2107/11359 1702/2020/11360 1817/2095/11361
f 1818/2185/11362 1938/1613/11363 1939/2023/11364
f 2185/2245/11365 1946/1636/11366 1943/1635/11367
f 1940/2184/11368 1512/2183/11369 1943/1635/11370
f 1817/2095/11371 1940/2184/11372 1941/2107/11373
f 1818/2185/11374 1941/2107/11375 1940/2184/11376
f 1511/2158/11377 2077/2160/11378 1785/1679/11379
f 1818/2185/11380 1947/1751/11381 2171/2190/11382
f 1512/2183/11383 1908/1984/11384 2185/2245/11385
f 1943/1635/11386 1942/1637/11387 1948/1750/11388
f 2129/2263/11389 2130/2235/11390 2128/2155/11391
f 1942/1637/11392 2126/2264/11393 2125/2265/11394
f 2026/2266/11395 1963/2188/11396 1945/2267/11397
f 1783/1560/11398 1958/2268/11399 1511/2158/11400
f 2185/2245/11401 1943/1635/11402 1512/2183/11403
f 2126/2264/11404 1946/1636/11405 1944/2269/11406
f 1943/1635/11407 1947/1751/11408 1940/2184/11409
f 1945/2267/11410 2232/2270/11411 2171/2190/11412
f 1948/1750/11413 1942/1637/11414 1964/2271/11415
f 1947/1751/11416 1948/1750/11417 1945/2267/11418
f 1820/1884/11419 1949/1609/11420 26/1608/11421
f 1950/1629/11422 1949/1609/11423 1819/1892/11424
f 1949/1609/11425 1950/1629/11426 1703/1610/11427
f 1535/1887/11428 2023/1891/11429 1819/1892/11430
f 2024/2024/11431 1951/2272/11432 1534/1622/11433
f 1624/1630/11434 1950/1629/11435 1951/2272/11436
f 2053/2026/11437 1952/1628/11438 1624/1630/11439
f 1823/1650/11440 1952/1628/11441 1821/2189/11442
f 2170/2262/11443 1953/2110/11444 1485/1614/11445
f 1953/2110/11446 1824/2273/11447 2167/2274/11448
f 1632/2041/11449 2179/2039/11450 2178/2111/11451
f 1717/1893/11452 1825/1894/11453 1954/2043/11454
f 1955/2042/11455 2178/2111/11456 2186/1896/11457
f 2187/2123/11458 1626/1711/11459 1719/1712/11460
f 1956/2029/11461 1826/2124/11462 1959/2192/11463
f 1677/1993/11464 1956/2029/11465 1961/1655/11466
f 2172/2275/11467 1960/2187/11468 2233/2276/11469
f 2026/2266/11470 1945/2267/11471 1964/2271/11472
f 1594/1559/11473 1958/2268/11474 1783/1560/11475
f 1967/2277/11476 1957/2191/11477 2026/2266/11478
f 1537/1895/11479 2172/2275/11480 2233/2276/11481
f 1957/2191/11482 1967/2277/11483 1965/1656/11484
f 2172/2275/11485 2166/1897/11486 2168/2278/11487
f 1960/2187/11488 2173/2279/11489 1963/2188/11490
f 1956/2029/11491 1959/2192/11492 1961/1655/11493
f 1959/2192/11494 1957/2191/11495 1965/1656/11496
f 2233/2276/11497 1959/2192/11498 1826/2124/11499
f 2173/2279/11500 1960/2187/11501 2168/2278/11502
f 1945/2267/11503 1948/1750/11504 1964/2271/11505
f 1957/2191/11506 1962/2186/11507 1963/2188/11508
f 1476/2280/11509 2124/2281/11510 2125/2265/11511
f 1511/2158/11512 1958/2268/11513 1967/2277/11514
f 1594/1559/11515 1965/1656/11516 1958/2268/11517
f 1959/2192/11518 1965/1656/11519 1961/1655/11520
f 1967/2277/11521 1958/2268/11522 1965/1656/11523
f 2026/2266/11524 2078/2282/11525 1966/2159/11526
f 2026/2266/11527 1957/2191/11528 1963/2188/11529
f 1511/2158/11530 1967/2277/11531 1966/2159/11532
f 2175/2116/11533 1968/2028/11534 1626/1711/11535
f 1956/2029/11536 1968/2028/11537 1826/2124/11538
f 1629/1601/11539 1969/1513/11540 1540/2032/11541
f 1829/2128/11542 1969/1513/11543 1722/1667/11544
f 1970/1900/11545 1487/1619/11546 1539/1825/11547
f 1972/2071/11548 2028/1515/11549 2030/2283/11550
f 1971/2129/11551 1540/2032/11552 2028/1515/11553
f 2176/1687/11554 1971/2129/11555 1832/2073/11556
f 2030/2283/11557 2028/1515/11558 1830/1514/11559
f 1972/2071/11560 2029/2193/11561 2033/2072/11562
f 1851/2051/11563 1973/2134/11564 1546/2063/11565
f 1637/1677/11566 1849/1676/11567 1973/2134/11568
f 1735/1713/11569 1974/1953/11570 1733/1675/11571
f 1855/2052/11572 1974/1953/11573 1638/1781/11574
f 2151/1943/11575 2153/1950/11576 2155/1948/11577
f 2039/2200/11578 2040/1919/11579 1645/1918/11580
f 1875/1790/11581 1976/2224/11582 1645/1918/11583
f 1734/1815/11584 1851/2051/11585 1976/2224/11586
f 2043/1945/11587 1977/2205/11588 1854/1869/11589
f 2038/2199/11590 1977/2205/11591 1567/2206/11592
f 1979/1957/11593 311/2058/11594 310/1818/11595
f 1866/2138/11596 1978/2137/11597 1867/2212/11598
f 1980/2069/11599 1979/1957/11600 1649/1817/11601
f 1978/2137/11602 1979/1957/11603 1867/2212/11604
f 1980/2069/11605 1572/1787/11606 1989/2067/11607
f 1979/1957/11608 1980/2069/11609 1867/2212/11610
f 2181/1964/11611 1981/2059/11612 1643/2060/11613
f 1873/1836/11614 1981/2059/11615 1872/2140/11616
f 1881/2079/11617 1982/2221/11618 1750/2080/11619
f 2045/2222/11620 1982/2221/11621 1880/2229/11622
f 2050/2216/11623 2048/2284/11624 2049/1961/11625
f 1987/2217/11626 1865/2215/11627 1989/2067/11628
f 1885/2065/11629 1984/2143/11630 1755/1823/11631
f 1985/2214/11632 1984/2143/11633 1497/1967/11634
f 1884/1969/11635 2045/2222/11636 1986/2213/11637
f 1887/1786/11638 1985/2214/11639 1988/2285/11640
f 1987/2217/11641 1986/2213/11642 1983/2230/11643
f 1887/1786/11644 1988/2285/11645 1572/1787/11646
f 2048/2284/11647 1987/2217/11648 1983/2230/11649
f 1990/2068/11650 1989/2067/11651 1865/2215/11652
f 1985/2214/11653 1986/2213/11654 1988/2285/11655
f 1987/2217/11656 1988/2285/11657 1986/2213/11658
f 1572/1787/11659 1988/2285/11660 1989/2067/11661
f 1987/2217/11662 1989/2067/11663 1988/2285/11664
f 1866/2138/11665 1990/2068/11666 1865/2215/11667
f 1980/2069/11668 1990/2068/11669 1867/2212/11670
f 309/1819/11671 1993/2286/11672 1649/1817/11673
f 1993/2286/11674 308/2066/11675 1992/1824/11676
f 1887/1786/11677 1991/1785/11678 1992/1824/11679
f 1992/1824/11680 1991/1785/11681 1993/2286/11682
f 1649/1817/11683 1993/2286/11684 1991/1785/11685
f 308/2066/11686 1993/2286/11687 309/1819/11688
f 1886/1966/11689 1994/1494/11690 1648/1488/11691
f 307/1847/11692 1994/1494/11693 1888/1822/11694
f 2051/1898/11695 1628/1643/11696 1720/1624/11697
f 1996/2126/11698 1995/2127/11699 1721/2125/11700
f 1633/1646/11701 1997/1645/11702 1996/2126/11703
f 1997/1645/11704 1999/2146/11705 2000/2045/11706
f 1633/1646/11707 1822/1651/11708 2052/1644/11709
f 1999/2146/11710 1997/1645/11711 1542/2121/11712
f 1821/2189/11713 1952/1628/11714 2053/2026/11715
f 2084/2122/11716 1714/2025/11717 1715/2114/11718
f 1542/2121/11719 2083/2118/11720 2114/2144/11721
f 1655/2231/11722 2031/2287/11723 2032/2046/11724
f 1997/1645/11725 2000/2045/11726 1996/2126/11727
f 2000/2045/11728 1999/2146/11729 2032/2046/11730
f 2001/2149/11731 1504/2237/11732 2002/1816/11733
f 1581/2083/11734 1899/1500/11735 2001/2149/11736
f 2055/1779/11737 2003/1771/11738 1504/2237/11739
f 2002/1816/11740 1504/2237/11741 2003/1771/11742
f 2089/1780/11743 2057/2288/11744 2056/2289/11745
f 2003/1771/11746 2055/1779/11747 2089/1780/11748
f 1775/2088/11749 1900/1525/11750 2005/2152/11751
f 2056/2289/11752 2057/2288/11753 2096/1982/11754
f 1477/2238/11755 2061/2241/11756 2066/2290/11757
f 2004/1981/11758 2005/2152/11759 2097/2291/11760
f 1912/2091/11761 2006/1774/11762 1673/1548/11763
f 2006/1774/11764 1911/2247/11765 2007/1772/11766
f 1510/2246/11767 2063/2243/11768 1911/2247/11769
f 2008/2240/11770 1477/2238/11771 1903/1740/11772
f 1514/1995/11773 2008/2240/11774 1904/1731/11775
f 2062/2248/11776 2007/1772/11777 1911/2247/11778
f 1781/1549/11779 2009/1741/11780 1465/1569/11781
f 2009/1741/11782 1673/1548/11783 2006/1774/11784
f 1915/1997/11785 2010/1996/11786 1601/2096/11787
f 2013/2167/11788 2010/1996/11789 1914/1998/11790
f 2228/2292/11791 2224/2050/11792 2107/2293/11793
f 2072/2171/11794 2011/2256/11795 2106/1755/11796
f 1691/1562/11797 2012/1699/11798 1611/2053/11799
f 2013/2167/11800 2012/1699/11801 1792/2003/11802
f 2010/1996/11803 2013/2167/11804 1683/1999/11805
f 1914/1998/11806 1917/1872/11807 2014/2249/11808
f 1791/1871/11809 2015/2294/11810 2016/2166/11811
f 1918/1700/11812 2013/2167/11813 2014/2249/11814
f 2103/1870/11815 2164/2250/11816 1791/1871/11817
f 2022/2295/11818 1928/2006/11819 2020/2005/11820
f 1791/1871/11821 2016/2166/11822 2014/2249/11823
f 1522/1863/11824 2016/2166/11825 2015/2294/11826
f 1608/1759/11827 2017/1761/11828 1483/1860/11829
f 2018/2100/11830 2017/1761/11831 1609/2097/11832
f 1690/1690/11833 2018/2100/11834 1609/2097/11835
f 2018/2100/11836 1521/1909/11837 2073/2170/11838
f 1800/2099/11839 2073/2170/11840 1521/1909/11841
f 2101/2296/11842 2019/2169/11843 2074/2168/11844
f 1522/1863/11845 2015/2294/11846 2162/2297/11847
f 2189/2004/11848 1928/2006/11849 1929/1926/11850
f 2021/2257/11851 2022/2295/11852 1522/1863/11853
f 2157/2298/11854 2163/2251/11855 2160/2299/11856
f 1522/1863/11857 2022/2295/11858 2020/2005/11859
f 2021/2257/11860 2198/2259/11861 2238/2260/11862
f 1534/1622/11863 1951/2272/11864 2023/1891/11865
f 2023/1891/11866 1951/2272/11867 1950/1629/11868
f 1710/1621/11869 2024/2024/11870 1534/1622/11871
f 2025/2027/11872 1712/1903/11873 1715/2114/11874
f 1624/1630/11875 1951/2272/11876 2025/2027/11877
f 2024/2024/11878 2025/2027/11879 1951/2272/11880
f 2078/2282/11881 2026/2266/11882 1964/2271/11883
f 1967/2277/11884 2026/2266/11885 1966/2159/11886
f 2126/2264/11887 1942/1637/11888 1946/1636/11889
f 1785/1679/11890 2099/2161/11891 2068/1680/11892
f 2030/2283/11893 1830/1514/11894 1970/1900/11895
f 1971/2129/11896 2028/1515/11897 1972/2071/11898
f 1756/2074/11899 2031/2287/11900 2029/2193/11901
f 2029/2193/11902 2031/2287/11903 2033/2072/11904
f 1970/1900/11905 2029/2193/11906 2030/2283/11907
f 2030/2283/11908 2029/2193/11909 1972/2071/11910
f 1890/2044/11911 2032/2046/11912 1756/2074/11913
f 2033/2072/11914 2031/2287/11915 1655/2231/11916
f 2032/2046/11917 1999/2146/11918 2241/2145/11919
f 2032/2046/11920 2031/2287/11921 1756/2074/11922
f 1892/2078/11923 2033/2072/11924 1655/2231/11925
f 1656/2076/11926 1657/2034/11927 2035/1907/11928
f 2035/1907/11929 2033/2072/11930 1656/2076/11931
f 2036/1908/11932 2034/2070/11933 2035/1907/11934
f 2035/1907/11935 1657/2034/11936 1654/1531/11937
f 2033/2072/11938 2035/1907/11939 2034/2070/11940
f 1472/1574/11941 2036/1908/11942 1470/1575/11943
f 1832/2073/11944 2034/2070/11945 2036/1908/11946
f 2038/2199/11947 2037/2062/11948 1546/2063/11949
f 2039/2200/11950 2037/2062/11951 1975/1952/11952
f 1977/2205/11953 2038/2199/11954 1546/2063/11955
f 2038/2199/11956 1567/2206/11957 2153/1950/11958
f 2039/2200/11959 1975/1952/11960 2040/1919/11961
f 1976/2224/11962 2039/2200/11963 1645/1918/11964
f 2152/1951/11965 2041/2300/11966 2040/1919/11967
f 2041/2300/11968 1496/2207/11969 2221/2226/11970
f 1878/1920/11971 2040/1919/11972 2041/2300/11973
f 2152/1951/11974 2040/1919/11975 1975/1952/11976
f 1855/2052/11977 1977/2205/11978 2042/1954/11979
f 1546/2063/11980 2042/1954/11981 1977/2205/11982
f 2202/2301/11983 2043/1945/11984 1854/1869/11985
f 1493/1931/11986 1566/1921/11987 2044/1946/11988
f 2155/1948/11989 1566/1921/11990 1563/1947/11991
f 1567/2206/11992 2043/1945/11993 2044/1946/11994
f 2046/2223/11995 2045/2222/11996 1880/2229/11997
f 1986/2213/11998 2045/2222/11999 1983/2230/12000
f 2046/2223/12001 1880/2229/12002 1882/1975/12003
f 2046/2223/12004 1872/2140/12005 2188/2228/12006
f 1872/2140/12007 2047/1834/12008 1873/1836/12009
f 1882/1975/12010 2047/1834/12011 2046/2223/12012
f 2188/2228/12013 2048/2284/12014 1983/2230/12015
f 2048/2284/12016 1569/2227/12017 2049/1961/12018
f 1569/2227/12019 2079/1962/12020 2049/1961/12021
f 2140/1960/12022 2079/1962/12023 1871/1963/12024
f 2048/2284/12025 2050/2216/12026 1987/2217/12027
f 2049/1961/12028 1868/1798/12029 2050/2216/12030
f 1721/2125/12031 2051/1898/12032 1828/2030/12033
f 1628/1643/12034 2051/1898/12035 1995/2127/12036
f 1821/2189/12037 1998/2120/12038 2052/1644/12039
f 1997/1645/12040 2052/1644/12041 1998/2120/12042
f 2025/2027/12043 2053/2026/12044 1624/1630/12045
f 2053/2026/12046 1714/2025/12047 2082/2302/12048
f 2082/2302/12049 1714/2025/12050 2084/2122/12051
f 2085/2195/12052 2223/1904/12053 2084/2122/12054
f 2055/1779/12055 1504/2237/12056 1771/1499/12057
f 2089/1780/12058 2055/1779/12059 1770/2236/12060
f 2100/2303/12061 2097/2291/12062 2133/2304/12063
f 1895/2232/12064 2091/2305/12065 1509/2234/12066
f 1770/2236/12067 1898/2086/12068 2058/1590/12069
f 2218/1589/12070 1589/1557/12071 1667/1485/12072
f 1589/1557/12073 2058/1590/12074 1475/1555/12075
f 1770/2236/12076 2058/1590/12077 2057/2288/12078
f 1597/1552/12079 2059/1773/12080 1514/1995/12081
f 2006/1774/12082 2059/1773/12083 1782/1990/12084
f 2062/2248/12085 2063/2243/12086 2060/2242/12087
f 1477/2238/12088 2064/2306/12089 2005/2152/12090
f 2066/2290/12091 2060/2242/12092 2064/2306/12093
f 1477/2238/12094 2008/2240/12095 2061/2241/12096
f 2060/2242/12097 2061/2241/12098 2062/2248/12099
f 2007/1772/12100 2062/2248/12101 2061/2241/12102
f 2123/2163/12103 2067/2307/12104 2068/1680/12105
f 2063/2243/12106 1510/2246/12107 2067/2307/12108
f 2070/2244/12109 2067/2307/12110 2071/2308/12111
f 2004/1981/12112 2097/2291/12113 1906/2151/12114
f 2095/2309/12115 2128/2155/12116 2091/2305/12117
f 2060/2242/12118 2070/2244/12119 2133/2304/12120
f 2060/2242/12121 2066/2290/12122 2061/2241/12123
f 2064/2306/12124 1477/2238/12125 2066/2290/12126
f 2068/1680/12127 2067/2307/12128 1510/2246/12129
f 2065/2310/12130 2071/2308/12131 2067/2307/12132
f 2098/1678/12133 2068/1680/12134 1510/2246/12135
f 2027/2311/12136 2099/2161/12137 1785/1679/12138
f 2092/2312/12139 2065/2310/12140 2120/2313/12141
f 2132/2314/12142 2100/2303/12143 2056/2289/12144
f 2067/2307/12145 2070/2244/12146 2063/2243/12147
f 2070/2244/12148 2069/2315/12149 2133/2304/12150
f 2134/2316/12151 2230/2317/12152 2100/2303/12153
f 2070/2244/12154 2071/2308/12155 2069/2315/12156
f 2072/2171/12157 1794/2002/12158 2076/2172/12159
f 2105/2318/12160 2072/2171/12161 2106/1755/12162
f 1800/2099/12163 1922/1913/12164 2075/2253/12165
f 2018/2100/12166 2073/2170/12167 2019/2169/12168
f 2228/2292/12169 2108/2255/12170 2109/2319/12171
f 2101/2296/12172 2074/2168/12173 2011/2256/12174
f 1492/2254/12175 2075/2253/12176 1922/1913/12177
f 2073/2170/12178 2075/2253/12179 2074/2168/12180
f 2018/2100/12181 2076/2172/12182 1920/1861/12183
f 2076/2172/12184 2019/2169/12185 2101/2296/12186
f 2078/2282/12187 2077/2160/12188 1966/2159/12189
f 1785/1679/12190 2077/2160/12191 2027/2311/12192
f 2125/2265/12193 2078/2282/12194 1964/2271/12195
f 2077/2160/12196 2078/2282/12197 2027/2311/12198
f 2181/1964/12199 2079/1962/12200 1569/2227/12201
f 1871/1963/12202 2219/2218/12203 2140/1960/12204
f 1570/2139/12205 2219/2218/12206 1871/1963/12207
f 2113/1799/12208 1868/1798/12209 2049/1961/12210
f 1998/2120/12211 2053/2026/12212 2082/2302/12213
f 2088/1906/12214 2054/2117/12215 2223/1904/12216
f 2054/2117/12217 2081/2119/12218 2082/2302/12219
f 2082/2302/12220 2081/2119/12221 1998/2120/12222
f 1763/2148/12223 1764/2147/12224 2114/2144/12225
f 1542/2121/12226 2081/2119/12227 2083/2118/12228
f 2085/2195/12229 2084/2122/12230 1488/2115/12231
f 2054/2117/12232 2082/2302/12233 2084/2122/12234
f 2085/2195/12235 1488/2115/12236 2115/2197/12237
f 1833/1973/12238 2087/2194/12239 1541/2131/12240
f 2222/2036/12241 2086/1905/12242 1834/2037/12243
f 2088/1906/12244 1763/2148/12245 2083/2118/12246
f 1834/2037/12247 2087/2194/12248 1833/1973/12249
f 2085/2195/12250 2087/2194/12251 2086/1905/12252
f 2054/2117/12253 2088/1906/12254 2083/2118/12255
f 2222/2036/12256 2088/1906/12257 2086/1905/12258
f 2057/2288/12259 2089/1780/12260 1770/2236/12261
f 2118/1769/12262 2089/1780/12263 2056/2289/12264
f 2090/2320/12265 2093/1770/12266 2230/2317/12267
f 2069/2315/12268 2071/2308/12269 2092/2312/12270
f 2119/2233/12271 1895/2232/12272 1768/2150/12273
f 2095/2309/12274 2091/2305/12275 2090/2320/12276
f 2071/2308/12277 2065/2310/12278 2092/2312/12279
f 2126/2264/12280 2127/2154/12281 1476/2280/12282
f 2090/2320/12283 2091/2305/12284 2093/1770/12285
f 2093/1770/12286 2091/2305/12287 2119/2233/12288
f 2095/2309/12289 2092/2312/12290 2120/2313/12291
f 2122/2321/12292 1476/2280/12293 2127/2154/12294
f 2092/2312/12295 2095/2309/12296 2090/2320/12297
f 2095/2309/12298 2094/2156/12299 2128/2155/12300
f 2096/1982/12301 1906/2151/12302 2132/2314/12303
f 2096/1982/12304 2057/2288/12305 2218/1589/12306
f 2005/2152/12307 2064/2306/12308 2097/2291/12309
f 2097/2291/12310 2064/2306/12311 2133/2304/12312
f 1910/1991/12313 2098/1678/12314 1510/2246/12315
f 1785/1679/12316 2098/1678/12317 1779/1989/12318
f 2027/2311/12319 2124/2281/12320 2099/2161/12321
f 1476/2280/12322 2122/2321/12323 2121/2162/12324
f 2100/2303/12325 1906/2151/12326 2097/2291/12327
f 2092/2312/12328 2134/2316/12329 2069/2315/12330
f 2011/2256/12331 2072/2171/12332 2101/2296/12333
f 2076/2172/12334 2101/2296/12335 2072/2171/12336
f 2102/1757/12337 2105/2318/12338 2106/1755/12339
f 2163/2251/12340 2147/2178/12341 2160/2299/12342
f 1917/1872/12343 2104/2252/12344 2103/1870/12345
f 2105/2318/12346 1916/2165/12347 2072/2171/12348
f 1915/1997/12349 2104/2252/12350 1917/1872/12351
f 2105/2318/12352 2104/2252/12353 1916/2165/12354
f 2102/1757/12355 2103/1870/12356 2105/2318/12357
f 2105/2318/12358 2103/1870/12359 2104/2252/12360
f 2011/2256/12361 2109/2319/12362 2108/2255/12363
f 2163/2251/12364 2111/1756/12365 2110/2322/12366
f 2226/2174/12367 2135/2323/12368 2227/2324/12369
f 2138/2181/12370 2146/2325/12371 2149/2177/12372
f 2109/2319/12373 2011/2256/12374 2074/2168/12375
f 2107/2293/12376 2227/2324/12377 2136/2326/12378
f 1492/2254/12379 2229/2327/12380 2074/2168/12381
f 1926/1874/12382 2224/2050/12383 2228/2292/12384
f 2136/2326/12385 2112/2328/12386 2107/2293/12387
f 2110/2322/12388 2165/2329/12389 2163/2251/12390
f 2106/1755/12391 2108/2255/12392 2111/1756/12393
f 2112/2328/12394 2108/2255/12395 2107/2293/12396
f 2110/2322/12397 2111/1756/12398 2112/2328/12399
f 2108/2255/12400 2112/2328/12401 2111/1756/12402
f 2080/2220/12403 2141/2225/12404 2113/1799/12405
f 2156/2209/12406 2141/2225/12407 1496/2207/12408
f 2114/2144/12409 2083/2118/12410 1763/2148/12411
f 2241/2145/12412 2114/2144/12413 1758/2077/12414
f 1488/2115/12415 2116/2113/12416 2115/2197/12417
f 2115/2197/12418 2116/2113/12419 2177/2112/12420
f 1712/1903/12421 2116/2113/12422 1488/2115/12423
f 2180/1888/12424 2177/2112/12425 2116/2113/12426
f 1541/2131/12427 2085/2195/12428 2117/2196/12429
f 2115/2197/12430 2117/2196/12431 2085/2195/12432
f 2230/2317/12433 2056/2289/12434 2100/2303/12435
f 2093/1770/12436 2118/1769/12437 2230/2317/12438
f 1895/2232/12439 2119/2233/12440 2091/2305/12441
f 2002/1816/12442 2119/2233/12443 1768/2150/12444
f 2120/2313/12445 2065/2310/12446 2121/2162/12447
f 2095/2309/12448 2120/2313/12449 2094/2156/12450
f 2123/2163/12451 2121/2162/12452 2065/2310/12453
f 2124/2281/12454 2121/2162/12455 2099/2161/12456
f 2094/2156/12457 2120/2313/12458 2122/2321/12459
f 2121/2162/12460 2122/2321/12461 2120/2313/12462
f 2067/2307/12463 2123/2163/12464 2065/2310/12465
f 2099/2161/12466 2123/2163/12467 2068/1680/12468
f 2078/2282/12469 2125/2265/12470 2027/2311/12471
f 2121/2162/12472 2124/2281/12473 1476/2280/12474
f 2027/2311/12475 2125/2265/12476 2124/2281/12477
f 1964/2271/12478 1942/1637/12479 2125/2265/12480
f 2122/2321/12481 2127/2154/12482 2094/2156/12483
f 1476/2280/12484 2125/2265/12485 2126/2264/12486
f 1944/2269/12487 2129/2263/12488 2126/2264/12489
f 1509/2234/12490 2091/2305/12491 2128/2155/12492
f 2127/2154/12493 2129/2263/12494 2128/2155/12495
f 1944/2269/12496 2130/2235/12497 2129/2263/12498
f 2126/2264/12499 2129/2263/12500 2127/2154/12501
f 1944/2269/12502 2185/2245/12503 2130/2235/12504
f 2131/2153/12505 1777/1983/12506 1591/2089/12507
f 1509/2234/12508 2128/2155/12509 2130/2235/12510
f 1509/2234/12511 2131/2153/12512 1896/2085/12513
f 1777/1983/12514 2131/2153/12515 2130/2235/12516
f 2096/1982/12517 2132/2314/12518 2056/2289/12519
f 1906/2151/12520 2100/2303/12521 2132/2314/12522
f 2133/2304/12523 2064/2306/12524 2060/2242/12525
f 2134/2316/12526 2133/2304/12527 2069/2315/12528
f 2230/2317/12529 2092/2312/12530 2090/2320/12531
f 2133/2304/12532 2134/2316/12533 2100/2303/12534
f 2112/2328/12535 2136/2326/12536 2110/2322/12537
f 2227/2324/12538 2224/2050/12539 2226/2174/12540
f 2137/2330/12541 2135/2323/12542 2145/2173/12543
f 2136/2326/12544 2135/2323/12545 2137/2330/12546
f 1523/2103/12547 2138/2181/12548 2137/2330/12549
f 2148/2179/12550 2147/2178/12551 2165/2329/12552
f 1523/2103/12553 1805/1856/12554 2139/2180/12555
f 2146/2325/12556 2138/2181/12557 1811/2175/12558
f 2139/2180/12559 1812/1855/12560 1813/2010/12561
f 1523/2103/12562 2139/2180/12563 2138/2181/12564
f 2080/2220/12565 2113/1799/12566 2140/1960/12567
f 2049/1961/12568 2140/1960/12569 2113/1799/12570
f 2221/2226/12571 2141/2225/12572 2080/2220/12573
f 2158/2211/12574 1496/2207/12575 2150/1942/12576
f 2143/1852/12577 1861/2136/12578 1863/2210/12579
f 2144/1800/12580 1568/1854/12581 1868/1798/12582
f 2144/1800/12583 2143/1852/12584 1568/1854/12585
f 2142/2208/12586 2158/2211/12587 2143/1852/12588
f 2156/2209/12589 2113/1799/12590 2141/2225/12591
f 2144/1800/12592 2156/2209/12593 2143/1852/12594
f 2137/2330/12595 2145/2173/12596 1523/2103/12597
f 2226/2174/12598 2145/2173/12599 2135/2323/12600
f 2193/2331/12601 1811/2175/12602 2192/2176/12603
f 2146/2325/12604 1484/2332/12605 2160/2299/12606
f 2161/2258/12607 2157/2298/12608 2160/2299/12609
f 2148/2179/12610 2110/2322/12611 2136/2326/12612
f 2136/2326/12613 2137/2330/12614 2148/2179/12615
f 2137/2330/12616 2138/2181/12617 2149/2177/12618
f 2147/2178/12619 2149/2177/12620 2146/2325/12621
f 2137/2330/12622 2149/2177/12623 2148/2179/12624
f 2041/2300/12625 2152/1951/12626 2154/2333/12627
f 2151/1943/12628 1563/1947/12629 1564/1937/12630
f 1545/1832/12631 2151/1943/12632 1564/1937/12633
f 2151/1943/12634 2150/1942/12635 2152/1951/12636
f 2038/2199/12637 2153/1950/12638 1975/1952/12639
f 2152/1951/12640 2150/1942/12641 2154/2333/12642
f 2155/1948/12643 2153/1950/12644 1567/2206/12645
f 2151/1943/12646 2152/1951/12647 2153/1950/12648
f 2150/1942/12649 1496/2207/12650 2154/2333/12651
f 2041/2300/12652 2154/2333/12653 1496/2207/12654
f 2044/1946/12655 2155/1948/12656 1567/2206/12657
f 2151/1943/12658 2155/1948/12659 1563/1947/12660
f 2143/1852/12661 2156/2209/12662 2142/2208/12663
f 2113/1799/12664 2156/2209/12665 2144/1800/12666
f 2162/2297/12667 2157/2298/12668 2161/2258/12669
f 2164/2250/12670 2231/2334/12671 1791/1871/12672
f 1496/2207/12673 2158/2211/12674 2142/2208/12675
f 2159/1944/12676 2158/2211/12677 2150/1942/12678
f 1862/1831/12679 2159/1944/12680 1545/1832/12681
f 2159/1944/12682 1861/2136/12683 2158/2211/12684
f 2146/2325/12685 2160/2299/12686 2147/2178/12687
f 2161/2258/12688 2160/2299/12689 1484/2332/12690
f 2161/2258/12691 1484/2332/12692 2198/2259/12693
f 2162/2297/12694 2161/2258/12695 2021/2257/12696
f 1522/1863/12697 2162/2297/12698 2021/2257/12699
f 2231/2334/12700 2162/2297/12701 2015/2294/12702
f 2162/2297/12703 2231/2334/12704 2157/2298/12705
f 2111/1756/12706 2163/2251/12707 2102/1757/12708
f 2102/1757/12709 2164/2250/12710 2103/1870/12711
f 2163/2251/12712 2157/2298/12713 2231/2334/12714
f 2148/2179/12715 2165/2329/12716 2110/2322/12717
f 2147/2178/12718 2163/2251/12719 2165/2329/12720
f 1706/2109/12721 2167/2274/12722 2166/1897/12723
f 2167/2274/12724 2168/2278/12725 2166/1897/12726
f 1953/2110/12727 2167/2274/12728 1706/2109/12729
f 2168/2278/12730 2167/2274/12731 1824/2273/12732
f 1824/2273/12733 2169/2335/12734 2173/2279/12735
f 2168/2278/12736 1960/2187/12737 2172/2275/12738
f 1953/2110/12739 2170/2262/12740 1824/2273/12741
f 2169/2335/12742 2171/2190/12743 2232/2270/12744
f 1938/1613/12745 2170/2262/12746 1485/1614/12747
f 1824/2273/12748 2170/2262/12749 2169/2335/12750
f 1945/2267/12751 2171/2190/12752 1947/1751/12753
f 2170/2262/12754 2171/2190/12755 2169/2335/12756
f 1960/2187/12757 1962/2186/12758 2233/2276/12759
f 2166/1897/12760 2172/2275/12761 1537/1895/12762
f 1824/2273/12763 2173/2279/12764 2168/2278/12765
f 2173/2279/12766 2169/2335/12767 2232/2270/12768
f 1752/2081/12769 2174/1801/12770 1473/1501/12771
f 1754/1837/12772 2174/1801/12773 1748/2142/12774
f 2175/2116/12775 1626/1711/12776 2187/2123/12777
f 2233/2276/12778 2175/2116/12779 1537/1895/12780
f 1421/1688/12781 2176/1687/12782 1420/1669/12783
f 1971/2129/12784 2176/1687/12785 1723/1599/12786
f 2115/2197/12787 2177/2112/12788 1836/2038/12789
f 2180/1888/12790 2116/2113/12791 1709/1902/12792
f 2186/1896/12793 2178/2111/12794 1713/1890/12795
f 1632/2041/12796 2178/2111/12797 1955/2042/12798
f 1837/2040/12799 2179/2039/12800 1632/2041/12801
f 1836/2038/12802 2177/2112/12803 2179/2039/12804
f 1711/1889/12805 2180/1888/12806 1709/1902/12807
f 2178/2111/12808 2180/1888/12809 1713/1890/12810
f 1872/2140/12811 2181/1964/12812 1569/2227/12813
f 2182/1965/12814 2181/1964/12815 1643/2060/12816
f 1743/1802/12817 2182/1965/12818 1643/2060/12819
f 1871/1963/12820 2182/1965/12821 1870/2061/12822
f 1905/1732/12823 2183/1859/12824 1478/1542/12825
f 2183/1859/12826 1901/2239/12827 1902/1524/12828
f 1544/1606/12829 2184/1873/12830 1925/2198/12831
f 2228/2292/12832 2184/1873/12833 1926/1874/12834
f 2130/2235/12835 2185/2245/12836 1777/1983/12837
f 1946/1636/12838 2185/2245/12839 1944/2269/12840
f 2166/1897/12841 2186/1896/12842 1713/1890/12843
f 2175/2116/12844 2186/1896/12845 1537/1895/12846
f 1954/2043/12847 2187/2123/12848 1717/1893/12849
f 2175/2116/12850 2187/2123/12851 1955/2042/12852
f 2048/2284/12853 2188/2228/12854 1569/2227/12855
f 2046/2223/12856 2188/2228/12857 1983/2230/12858
f 1639/1708/12859 2189/2004/12860 1929/1926/12861
f 1803/2054/12862 2189/2004/12863 1930/2101/12864
f 2193/2331/12865 2146/2325/12866 1811/2175/12867
f 2198/2259/12868 2193/2331/12869 2194/2336/12870
f 2196/1927/12871 2203/2337/12872 2204/1928/12873
f 2194/2336/12874 2191/2182/12875 2196/1927/12876
f 1524/2009/12877 2192/2176/12878 1813/2010/12879
f 2193/2331/12880 2192/2176/12881 2191/2182/12882
f 2194/2336/12883 2193/2331/12884 2191/2182/12885
f 2146/2325/12886 2193/2331/12887 1484/2332/12888
f 2191/2182/12889 2203/2337/12890 2196/1927/12891
f 2198/2259/12892 2194/2336/12893 2190/2338/12894
f 2202/2301/12895 2197/1868/12896 2201/1929/12897
f 2196/1927/12898 2239/2203/12899 2194/2336/12900
f 2209/2015/12901 2203/2337/12902 2191/2182/12903
f 2235/2339/12904 2240/1877/12905 2197/1868/12906
f 1547/1653/12907 2235/2339/12908 1856/1654/12909
f 2240/1877/12910 2235/2339/12911 2234/2201/12912
f 2190/2338/12913 2238/2260/12914 2198/2259/12915
f 1484/2332/12916 2193/2331/12917 2198/2259/12918
f 1524/2009/12919 1809/1775/12920 2200/1936/12921
f 2204/1928/12922 2199/2340/12923 2206/2341/12924
f 1614/1783/12925 2213/2017/12926 2210/1935/12927
f 2210/1935/12928 2211/2018/12929 2212/2342/12930
f 2195/1878/12931 2204/1928/12932 2207/2343/12933
f 1493/1931/12934 2043/1945/12935 2202/2301/12936
f 2197/1868/12937 2202/2301/12938 1854/1869/12939
f 1493/1931/12940 2202/2301/12941 2201/1929/12942
f 2209/2015/12943 2191/2182/12944 1524/2009/12945
f 2203/2337/12946 2199/2340/12947 2204/1928/12948
f 2205/2344/12949 2214/2014/12950 2212/2342/12951
f 2207/2343/12952 2204/1928/12953 2206/2341/12954
f 1560/1457/12955 2208/2345/12956 1548/1455/12957
f 2212/2342/12958 2208/2345/12959 2205/2344/12960
f 2199/2340/12961 2209/2015/12962 2214/2014/12963
f 2207/2343/12964 2206/2341/12965 2205/2344/12966
f 2208/2345/12967 2216/1949/12968 2205/2344/12969
f 2207/2343/12970 2201/1929/12971 2195/1878/12972
f 1560/1457/12973 1559/1941/12974 2208/2345/12975
f 2208/2345/12976 1559/1941/12977 2216/1949/12978
f 2203/2337/12979 2209/2015/12980 2199/2340/12981
f 1524/2009/12982 2200/1936/12983 2209/2015/12984
f 2211/2018/12985 1615/2016/12986 1617/1940/12987
f 1548/1455/12988 2212/2342/12989 2211/2018/12990
f 1548/1455/12991 2208/2345/12992 2212/2342/12993
f 1615/2016/12994 2211/2018/12995 2210/1935/12996
f 2214/2014/12997 2205/2344/12998 2206/2341/12999
f 2200/1936/13000 2210/1935/13001 2212/2342/13002
f 1698/1748/13003 2213/2017/13004 1614/1783/13005
f 1615/2016/13006 2213/2017/13007 1699/2013/13008
f 2199/2340/13009 2214/2014/13010 2206/2341/13011
f 2200/1936/13012 2212/2342/13013 2214/2014/13014
f 2201/1929/13015 2207/2343/13016 2215/1930/13017
f 2205/2344/13018 2216/1949/13019 2207/2343/13020
f 2217/1922/13021 2216/1949/13022 1559/1941/13023
f 2207/2343/13024 2216/1949/13025 2215/1930/13026
f 1565/1923/13027 2217/1922/13028 1559/1941/13029
f 1493/1931/13030 2217/1922/13031 1566/1921/13032
f 2218/1589/13033 1508/1758/13034 2004/1981/13035
f 2058/1590/13036 2218/1589/13037 2057/2288/13038
f 2220/2219/13039 2219/2218/13040 1570/2139/13041
f 2140/1960/13042 2219/2218/13043 2080/2220/13044
f 1879/1924/13045 2220/2219/13046 1570/2139/13047
f 2041/2300/13048 2221/2226/13049 1878/1920/13050
f 2080/2220/13051 2220/2219/13052 2221/2226/13053
f 2221/2226/13054 2220/2219/13055 1878/1920/13056
f 1764/2147/13057 2222/2036/13058 1631/2035/13059
f 2088/1906/13060 2222/2036/13061 1763/2148/13062
f 2084/2122/13063 2223/1904/13064 2054/2117/13065
f 2085/2195/13066 2086/1905/13067 2223/1904/13068
f 2225/1912/13069 2226/2174/13070 2224/2050/13071
f 2107/2293/13072 2108/2255/13073 2228/2292/13074
f 2225/1912/13075 1926/1874/13076 1731/1910/13077
f 2226/2174/13078 2225/1912/13079 1636/2261/13080
f 1935/2105/13081 2226/2174/13082 1636/2261/13083
f 2145/2173/13084 2226/2174/13085 1807/2104/13086
f 2136/2326/13087 2227/2324/13088 2135/2323/13089
f 2107/2293/13090 2224/2050/13091 2227/2324/13092
f 2109/2319/13093 2229/2327/13094 2228/2292/13095
f 2229/2327/13096 2184/1873/13097 2228/2292/13098
f 2074/2168/13099 2229/2327/13100 2109/2319/13101
f 2184/1873/13102 2229/2327/13103 1492/2254/13104
f 2230/2317/13105 2118/1769/13106 2056/2289/13107
f 2092/2312/13108 2230/2317/13109 2134/2316/13110
f 1791/1871/13111 2231/2334/13112 2015/2294/13113
f 2163/2251/13114 2231/2334/13115 2164/2250/13116
f 1945/2267/13117 1963/2188/13118 2232/2270/13119
f 2173/2279/13120 2232/2270/13121 1963/2188/13122
f 1959/2192/13123 2233/2276/13124 1962/2186/13125
f 2233/2276/13126 1826/2124/13127 2175/2116/13128
f 1929/1926/13129 2236/2202/13130 1547/1653/13131
f 2237/2204/13132 2234/2201/13133 1928/2006/13134
f 1856/1654/13135 2235/2339/13136 2197/1868/13137
f 2236/2202/13138 2235/2339/13139 1547/1653/13140
f 1928/2006/13141 2236/2202/13142 1929/1926/13143
f 2235/2339/13144 2236/2202/13145 2234/2201/13146
f 2238/2260/13147 1928/2006/13148 2022/2295/13149
f 2239/2203/13150 2237/2204/13151 2190/2338/13152
f 2021/2257/13153 2238/2260/13154 2022/2295/13155
f 2190/2338/13156 2237/2204/13157 2238/2260/13158
f 2194/2336/13159 2239/2203/13160 2190/2338/13161
f 2240/1877/13162 2196/1927/13163 2195/1878/13164
f 2237/2204/13165 2240/1877/13166 2234/2201/13167
f 2196/1927/13168 2240/1877/13169 2239/2203/13170
f 1892/2078/13171 2241/2145/13172 1758/2077/13173
f 2032/2046/13174 2241/2145/13175 1655/2231/13176
