# This file uses meters as units for non-parametric coordinates.

mtllib Clothes4.mtl
g default
v 164.014526 -21.720707 -358.930725
v 155.558960 -32.364395 -330.760071
v 146.579468 -29.996918 -302.167786
v 143.591675 -20.627417 -272.344788
v 165.394653 -12.748907 -254.251770
v 171.125122 -9.200165 -223.444153
v 153.353394 2.136005 -224.333069
v 170.911743 -14.379652 -204.030579
v 187.016479 -25.341578 -178.762024
v 209.584106 -31.599373 -157.153381
v 235.859497 -36.064930 -139.581360
v 263.061157 -32.988640 -124.218811
v 289.803589 -22.192497 -111.316956
v 318.904907 -19.469357 -100.654114
v 343.641479 -36.136475 -96.576233
v 374.870239 -36.128597 -92.118225
v 390.818481 -16.766663 -89.407532
v 363.314087 -9.295788 -86.564270
v 332.163208 -10.347351 -90.555969
v 302.014526 -3.662403 -94.724182
v 280.973755 -15.975538 -100.325500
v 256.457642 -30.137691 -111.889709
v 228.965698 -27.825153 -125.572815
v 204.141479 -26.188860 -142.367493
v 187.535034 -4.233665 -154.576477
v 170.386597 12.673042 -169.193665
v 157.305542 -1.683189 -193.411682
v 150.960571 11.256596 -205.378967
v 147.525757 -7.945486 -369.092102
v 167.514526 3.030258 -377.060608
v 195.370972 -4.089008 -381.051575
v 223.683472 -10.323296 -383.757385
v 252.382446 -16.263733 -384.016174
v 281.246216 -20.186041 -382.443665
v 310.002808 -17.285984 -382.581116
v 331.653442 0.317265 -384.920959
v 328.653198 -21.595675 -400.840637
v 305.650269 -34.749905 -402.390930
v 277.265259 -34.828144 -396.417786
v 249.393188 -34.403770 -388.420227
v 221.892944 -35.135921 -379.623596
v 194.743286 -35.826012 -369.941223
v 185.558472 -20.843620 -357.677795
v 226.879517 -29.990288 -290.635559
v 313.504761 -3.693279 -263.693665
v 201.983032 0.396225 -296.081604
v 198.584839 -29.671337 -317.741028
v 248.897095 -22.029755 -337.426575
v 309.877563 11.931000 -334.234436
v 192.736206 16.083839 -339.659973
v 190.635864 -36.128597 -342.586731
v 241.610229 -24.865982 -363.474426
v 301.156616 -34.965202 -345.896790
v 300.562134 8.313248 -372.013977
v 186.446655 11.737377 -362.588440
v 249.358276 8.730251 -344.825989
v 218.548706 -23.601414 -341.417542
v 175.095337 -26.715092 -322.054993
v 272.254028 -29.997810 -358.870667
v 326.054321 -34.468048 -372.209534
v 295.923462 -12.383974 -367.470764
v 269.899292 4.096378 -371.190979
v 326.003296 -5.066135 -363.223206
v 161.394165 8.311977 -340.815247
v 219.948853 11.356022 -358.048157
v 206.051636 -32.531334 -354.249329
v 179.719116 -27.236145 -294.516663
v 162.525024 -30.411594 -310.760071
v 169.828247 -19.929283 -338.954407
v 259.730103 -26.603918 -372.826477
v 296.747437 -33.515919 -374.582825
v 322.508667 -35.852726 -391.638977
v 167.237183 10.745560 -359.134338
v 242.281616 6.064957 -371.119446
v 212.396851 3.815479 -374.568176
v 186.647095 -29.454918 -306.798645
v 256.967651 13.832275 -362.384583
v 280.624146 6.822433 -343.387024
v 159.327515 -17.495516 -219.070618
v 187.901001 -21.543293 -229.930969
v 176.082153 -27.154404 -215.752258
v 160.097046 6.189854 -214.455383
v 178.363892 3.643154 -233.666077
v 166.645630 6.602951 -232.187561
v 314.762573 -34.587521 -232.540100
v 240.250122 15.174389 -221.853577
v 299.608765 -25.617081 -182.554016
v 165.215454 7.806980 -283.931458
v 229.535034 -19.725618 -315.477112
v 274.891968 -36.104343 -326.234192
v 328.801636 17.411190 -360.216614
v 153.373413 -7.906418 -316.039368
v 220.945190 2.102573 -330.407043
v 160.658325 -22.414692 -286.679260
v 183.880737 -19.288645 -264.582825
v 278.295288 -28.893003 -378.004211
v 275.194458 13.654694 -286.465393
v 299.913452 11.152874 -352.893616
v 220.957397 -33.642082 -204.556702
v 161.969116 -23.510464 -235.406555
v 164.954224 -34.180912 -256.167297
v 169.080444 -27.680943 -272.490295
v 177.744995 -22.051926 -246.807678
v 196.138062 -27.430063 -202.467102
v 179.922241 -27.514576 -198.178528
v 187.525757 20.681499 -215.400940
v 165.505005 -7.748947 -258.857483
v 173.737427 -5.358829 -213.372864
v 160.157104 -6.337711 -237.689270
v 281.147339 -35.388454 -181.263245
v 377.127808 -26.953348 -175.357971
v 224.690308 -15.626644 -186.307922
v 263.068237 -31.603979 -155.587463
v 302.092896 -9.180634 -139.345276
v 163.897095 -17.195957 -288.792786
v 212.361694 -17.933699 -296.546692
v 206.407104 -20.309954 -271.768616
v 213.001831 -19.273729 -323.745911
v 250.757202 -35.614761 -308.053528
v 264.610718 -32.185364 -341.304993
v 316.740601 -9.533449 -295.984680
v 318.898315 8.108185 -370.419739
v 342.116089 -11.059164 -365.456360
v 329.671997 -17.598446 -382.211243
v 148.986938 -12.360001 -338.964417
v 151.498657 -26.067646 -316.763489
v 171.363892 15.275795 -312.653381
v 230.537231 9.656124 -344.896790
v 210.853394 11.973312 -343.279358
v 201.647095 9.516296 -318.051086
v 286.778931 8.274117 -314.391907
v 209.240112 -34.941811 -183.200989
v 243.715454 -25.657488 -176.157776
v 224.957642 -32.618595 -171.721008
v 177.551880 12.191513 -193.172913
v 200.440308 10.281403 -186.939270
v 185.522095 3.874554 -211.428528
v 190.297729 22.523716 -196.005432
v 215.453979 19.996952 -209.513000
v 219.473022 2.862671 -196.858704
v 153.356323 -5.441002 -266.654358
v 167.781128 -1.045322 -241.740295
v 165.994995 10.300484 -217.971008
v 263.822876 -36.128597 -155.088440
v 322.187134 -32.113857 -150.097717
v 385.512085 -27.782139 -131.895081
v 207.272827 -15.925146 -166.043030
v 234.601929 -25.124790 -159.955627
v 251.690308 -27.047012 -135.309631
v 277.738403 -19.865910 -133.613098
v 293.836060 -3.415707 -116.400696
v 325.104370 -4.701065 -118.455627
v 193.827515 -15.187534 -282.779358
v 238.654907 -35.583698 -246.898010
v 281.583374 -24.844971 -288.806702
v 347.681519 5.894852 -317.347473
v 336.931030 5.908951 -372.662170
v 322.002075 -16.271034 -350.247864
v 160.313599 4.016876 -302.371887
v 184.353149 15.362839 -292.445374
v 186.741089 9.068268 -261.341858
v 175.649536 16.345676 -331.879211
v 263.292358 1.535675 -323.978088
v 311.600708 21.150726 -289.988586
v 187.299194 8.021526 -170.886292
v 244.339478 -33.429699 -157.647766
v 262.515991 -31.829992 -174.218079
v 288.576538 -33.970730 -138.148254
v 312.315308 -23.315462 -126.522278
v 345.932007 -25.042707 -128.360413
v 329.722046 -22.698483 -117.176086
v 386.754028 -29.048832 -108.292053
v 364.557739 -36.128597 -115.437317
v 376.307495 -9.032084 -115.409973
v 223.772827 -29.881836 -143.955872
v 273.807495 -23.859726 -115.843567
v 319.142700 -3.129559 -102.108215
v 349.178589 -4.946011 -108.073792
v 346.004761 -18.848225 -162.355774
v 346.260620 -13.499866 -134.702698
v 372.355347 -12.216311 -150.284729
v 325.354614 -12.755907 -149.076721
v 322.932251 -21.275642 -172.842590
v 330.546265 -24.972958 -222.120911
v 303.556030 -20.955725 -159.838928
v 282.467651 -28.660778 -167.361877
v 263.726196 -22.494013 -205.113098
v 261.092163 -25.511356 -179.854065
v 241.328247 -8.988546 -206.128723
v 320.463013 -28.436485 -198.084290
v 279.483032 -29.963055 -190.958313
v 244.880737 -18.349659 -189.910706
v 354.582153 -18.690475 -196.202698
v 295.169067 -22.888035 -222.340637
v 338.567017 -25.671703 -204.241028
v 341.154419 -24.472368 -182.252747
v 299.761353 -28.536459 -202.775452
v 224.418091 -35.313831 -266.877502
v 256.589966 -36.128597 -274.214172
v 209.935913 -32.377644 -240.383606
v 273.109497 -34.932255 -303.873352
v 299.621948 -21.854099 -317.430237
v 345.521118 7.245197 -341.351135
v 319.127563 -34.889317 -353.657288
v 334.850464 -24.525080 -361.427063
v 171.143677 5.187088 -264.726135
v 187.384644 9.067074 -243.989807
v 217.599976 19.920494 -244.954163
v 224.403198 22.997700 -226.886780
v 293.065063 15.751987 -296.517639
v 285.734253 -35.922462 -159.670959
v 378.070679 -9.585852 -96.889465
v 365.546509 -9.332924 -131.921204
v 383.827271 -26.120459 -153.912170
v 365.947388 -30.110687 -144.458801
v 344.286255 -30.425018 -148.474182
v 336.829712 -36.128597 -192.388977
v 334.994751 -36.004128 -168.939026
v 308.136841 -36.128597 -175.503723
v 358.238159 -36.128597 -178.527405
v 300.518677 -35.267815 -205.279846
v 367.949585 -30.755411 -217.107483
v 370.017456 -36.092506 -162.303040
v 370.936646 -32.008144 -195.417297
v 369.187134 -17.825350 -202.940491
v 357.434692 -16.302736 -229.813293
v 365.518677 -12.194292 -174.167542
v 283.064087 -16.964783 -247.362122
v 244.720581 -35.573135 -289.707581
v 227.363892 -35.582283 -226.671448
v 256.600464 -17.504591 -225.242004
v 264.129272 -28.085552 -201.260803
v 242.187134 -22.702606 -205.976624
v 280.963745 -28.837582 -222.587219
v 206.354370 -32.167931 -218.597961
v 196.054077 -20.101772 -251.894348
v 294.425415 -36.127224 -327.994202
v 310.837036 -23.833256 -333.859680
v 322.354614 -1.541836 -324.743958
v 295.635376 -12.501160 -299.267639
v 302.143677 -12.169580 -269.814514
v 333.885620 21.060200 -335.387512
v 320.850464 21.002041 -313.664856
v 336.971802 13.353279 -295.088440
v 321.578247 6.313934 -281.232483
v 350.844849 -9.863583 -264.576233
v 354.531616 -5.951668 -290.830383
v 338.809937 -7.864651 -350.449036
v 187.560181 0.091694 -245.700745
v 194.280396 3.206310 -228.245911
v 196.412720 8.387363 -271.803284
v 198.620728 21.168064 -234.823303
v 323.019165 -36.128597 -211.069641
v 343.366089 -35.703514 -230.797668
v 349.324585 -36.128597 -209.896301
v 331.409546 -28.902826 -262.982971
v 329.814575 -34.366535 -244.568420
v 273.822144 -24.602020 -267.159973
v 261.802612 -28.869156 -247.411926
v 295.994263 -25.655502 -238.219299
v 341.765503 1.243202 -331.437805
v 339.819702 -18.526297 -244.204407
v 330.997925 -12.555305 -260.148010
v 312.303101 -18.453566 -242.050110
v 344.971802 0.634197 -281.203918
v 187.396851 1.737072 -278.679993
v 235.903442 7.847652 -281.362122
v 319.906860 -19.454248 -277.777405
v 340.003296 -19.293327 -293.750061
v 358.396362 -24.407608 -269.135315
v 214.620728 5.280773 -283.540833
v 221.861938 13.606220 -265.440979
v 229.112671 -2.531296 -304.982483
v 255.106079 20.704746 -253.673157
v 254.111938 2.110466 -299.453918
v 241.468384 -0.510185 -322.910950
v 363.033813 -16.420452 -251.335754
v 357.227417 -32.049782 -247.733459
v 367.807983 -22.778210 -233.967346
v 293.315308 17.477871 -266.518860
v 286.037231 -1.572639 -242.597961
v 273.153442 18.717541 -265.394104
v 298.266235 3.732983 -255.835510
v 273.541626 -12.491230 -224.925598
v 263.912964 10.040577 -233.467834
v 255.243774 -3.617146 -220.720520
v 276.876099 14.960804 -248.372620
v 311.436157 -24.557327 -254.308411
v -161.464722 -27.498924 372.659607
v -134.171509 -23.250292 357.537415
v -106.659302 -14.229738 345.634827
v -81.897583 3.750336 339.792786
v -53.960327 -2.069370 327.714539
v -44.471069 -0.728546 302.472351
v -41.061157 -14.667768 277.907532
v -19.236206 -17.825527 300.363098
v 7.099731 -25.182465 310.127625
v 38.205200 -31.573769 310.020569
v 69.619507 -35.136749 314.454285
v 100.720581 -36.128597 320.922180
v 131.101196 -34.749893 329.407532
v 160.297241 -35.928417 340.864441
v 186.456909 -32.410805 354.399475
v 188.661011 -12.112150 352.113708
v 167.521362 -20.822645 339.256531
v 141.619019 -30.062786 326.262878
v 112.687378 -29.695770 315.732361
v 91.411011 -23.981056 306.216003
v 86.458374 -10.840694 291.424988
v 102.065796 11.290295 287.502869
v 72.179077 2.133217 282.145569
v 41.083130 -1.831352 281.103455
v 18.829224 -21.084663 281.629700
v -8.233765 -10.068346 275.100159
v -31.631470 0.224209 270.081848
v -59.915894 -11.313848 277.350037
v -145.536255 -16.608887 390.621521
v -117.116333 -18.677404 393.510315
v -89.282837 -16.741821 387.783752
v -62.556030 -12.284370 377.740295
v -59.490845 -6.616016 350.616882
v -41.808472 4.856262 332.315857
v -15.974243 7.145748 320.303894
v -24.708862 -9.355066 325.293884
v -46.369751 -11.834087 344.398499
v -66.471313 -13.915344 364.859436
v -86.575073 -19.183874 384.133118
v -106.744507 -21.719078 404.123718
v -124.906128 -10.743240 422.306458
v -142.772339 -17.247957 425.638123
v -154.322388 -24.565268 400.675476
v -80.385132 58.589314 362.255066
v 63.578979 6.614635 457.369324
v -14.246216 -36.131294 424.224915
v -119.488159 23.864479 370.201721
v -82.023804 21.037720 368.383606
v 20.908081 -20.572264 388.927185
v -70.793335 -27.774427 447.653870
v -128.714478 4.126072 385.508484
v -84.111206 -2.384022 365.320129
v -40.596313 13.793968 379.609436
v -10.557007 -26.372738 360.838562
v -94.675659 -17.065290 431.259460
v -98.838257 -36.128597 398.475647
v -36.286743 -27.700897 410.822571
v -102.560669 14.481705 382.500671
v -136.153931 3.029057 361.458679
v -59.010620 1.020020 371.136169
v -17.094116 14.836193 355.397644
v -23.954224 -17.455696 345.932556
v -37.095337 -23.746529 374.872009
v -1.059448 -6.861500 344.808777
v -126.452515 -33.212212 407.800476
v -112.816772 -0.661785 389.357605
v -113.522339 15.157784 337.216492
v -125.238892 -6.818335 347.406067
v -147.891724 -12.418818 368.101624
v -65.229370 -6.253351 358.875305
v -38.831177 4.382225 360.108093
v -24.475220 12.583542 337.401062
v -48.126099 -16.011986 362.448059
v -59.909790 -23.374842 389.694397
v -7.085815 -3.465416 327.846619
v -124.262573 15.940113 353.382141
v -56.432495 -11.057346 291.939026
v -67.901978 33.345333 293.904358
v -63.119995 6.026958 292.265320
v -35.572876 -14.268311 330.843567
v -32.567749 -7.035860 292.123352
v -24.959839 -11.312502 313.070007
v 1.224976 17.878941 363.371155
v 95.498169 -35.286964 410.496643
v 91.167847 -18.117056 397.811951
v 8.799194 -36.128597 365.508728
v -97.805542 -32.665630 429.587952
v -119.590454 -22.135242 433.448059
v -109.617798 -26.274189 373.754578
v -64.601440 -21.114302 424.030334
v -77.628540 -25.355450 404.982117
v -91.054077 41.381306 381.677185
v -56.927124 27.958233 382.508972
v -10.246216 -30.339119 391.349426
v 4.697144 -0.488831 368.224426
v -135.486694 -29.758202 383.183044
v -101.208862 0.469196 328.508240
v -90.061890 31.363285 315.561829
v -48.857056 -9.242517 358.376770
v -24.765747 20.454548 309.398132
v -53.920044 7.893482 309.104919
v -69.031616 15.633076 318.029724
v -88.726929 12.134274 319.578674
v -72.261841 32.597355 311.769714
v -47.867310 2.203487 281.872131
v -33.580200 21.571198 285.316833
v -16.612183 5.507725 292.397644
v -45.761597 31.598759 303.321838
v 7.001831 -2.187241 326.321716
v -42.109985 36.366268 350.108582
v -7.740356 6.407124 312.344543
v -16.760376 18.078503 338.723450
v 6.303589 -12.686638 302.484680
v -39.681030 28.525028 327.044983
v 39.326782 -7.403093 315.952087
v -69.928833 47.512943 330.120789
v 27.521606 -14.703602 299.675354
v -62.916138 39.649570 312.357849
v -51.092651 -19.121948 314.192688
v -64.425903 -22.278383 344.513000
v 105.705444 -36.128597 366.265564
v 149.924683 -13.004620 401.386780
v 108.727417 -26.961147 358.175720
v 94.309937 14.692291 346.537903
v 16.937866 -36.040955 334.228455
v -7.322876 -20.686415 331.479431
v -89.391968 -25.448643 444.328796
v -108.609741 -35.096878 413.986389
v -117.498413 -35.321121 390.153137
v -55.874634 -27.109179 408.097595
v -101.863403 41.319057 357.335876
v -87.577759 50.350079 342.515564
v -106.073364 30.159840 380.955627
v -67.038696 47.169476 379.598694
v -68.913696 13.893051 378.668152
v -19.156128 -29.430702 374.639832
v -29.529907 -26.556995 392.336487
v 12.661499 -18.556938 445.452576
v 4.047729 -26.644375 375.837585
v -10.830688 -0.129051 359.136536
v -2.661011 -11.213734 362.332336
v 5.603882 30.564785 420.061340
v -51.843384 22.333237 290.046204
v 1.821899 8.845409 343.974060
v -20.848511 28.652058 360.492371
v -36.663696 57.290226 383.934021
v -33.331177 44.181370 367.748840
v -56.119995 53.830479 361.994446
v 55.441772 4.164719 302.041565
v 65.143188 8.690453 335.417908
v 36.546997 3.978027 358.173157
v 54.183960 4.294353 320.266785
v -68.615601 -10.449183 337.294617
v -34.380737 -30.581511 372.121765
v -74.688599 -25.417934 376.871887
v 111.418579 -36.128597 342.871643
v 137.329956 -36.128597 361.851868
v 78.745483 -36.125072 346.704041
v 174.033569 -17.682627 379.075500
v 119.978638 -32.106808 337.888855
v 88.867798 -29.172707 335.003113
v 141.058472 -22.503277 358.327454
v 99.723022 1.167458 316.907288
v 81.075317 14.269306 305.366760
v 85.858032 12.965309 327.634094
v 20.800659 -31.574518 317.377136
v -1.895630 -35.162621 345.845276
v -13.750366 -36.128597 365.304871
v -3.736450 -35.927425 394.730896
v -27.910278 -25.716751 349.303894
v -47.273804 -19.078604 357.896179
v -6.821411 -25.674564 421.857605
v -19.445679 29.137905 396.320374
v -15.462524 1.009682 387.163025
v -49.362427 45.619640 397.787537
v -39.086548 34.104229 390.965637
v -22.077515 51.485592 405.832458
v -4.696655 41.378597 389.306091
v -57.154907 58.262592 381.270447
v -93.624146 -31.047867 381.127258
v -89.459595 -14.851301 364.096375
v -75.712280 -21.182716 360.958801
v 142.177856 -35.173233 344.363464
v 163.773560 -34.964096 366.372131
v 157.332642 -30.918686 388.498596
v 127.690308 -33.024784 403.448792
v 83.281128 -35.859787 328.059509
v 74.390259 -35.610626 382.229187
v 44.421997 -31.875298 358.497253
v 187.897339 -19.818365 366.470276
v 164.036011 -8.683250 362.053162
v 143.447632 -7.923815 382.393982
v 159.499878 -6.615826 386.288757
v 124.255493 -22.215988 376.329285
v 119.215454 -4.487625 409.936096
v 102.045044 -26.209145 379.489685
v 85.550903 -6.543516 368.631775
v 114.733276 -18.740129 394.896667
v 137.644653 -3.954948 401.112122
v 96.924927 -25.806534 322.467224
v 82.961792 -17.011143 316.761169
v 87.194458 -5.902267 336.637512
v 150.455200 -27.590473 343.005066
v 97.543579 -0.468437 298.908508
v -33.987427 -31.732716 400.536682
v -17.856567 -28.636803 408.105652
v -34.299927 -20.174425 444.823669
v 24.247681 -22.351673 416.760315
v 10.669312 -5.218334 398.453918
v 0.795288 15.237129 401.550110
v -25.896851 15.845512 385.166077
v -5.280396 36.799129 406.480652
v 5.671265 51.260136 414.518982
v -19.644653 53.403233 392.721130
v 107.695190 -35.939503 389.985046
v 128.535767 -36.058311 381.703064
v 85.647095 -35.952763 365.734314
v 40.555054 -35.157772 426.328552
v 25.394897 -36.128597 353.175232
v 40.619995 -34.427784 334.427429
v 58.577515 -33.216461 343.068909
v 114.736938 -16.104961 435.817932
v 133.546753 -11.895157 419.893860
v 72.578735 26.091892 391.398987
v 85.806519 -26.872551 357.750061
v -20.953979 -33.764458 384.809998
v -46.243042 -35.997673 429.789368
v -55.129761 -33.927235 385.623474
v -26.550903 -24.089138 428.016296
v -10.988403 -20.882204 444.286072
v -18.742798 -33.814507 450.093567
v -39.361938 -32.028633 448.190735
v 12.388062 -36.128597 442.154602
v -54.797485 -19.379204 440.675964
v 8.603638 -29.316803 402.638123
v 49.977905 -16.133888 442.145447
v 1.219116 2.911427 385.037415
v 16.378540 -8.434649 380.840027
v 43.197876 33.015827 431.934509
v 31.045288 -36.128597 392.370544
v 113.891235 -29.564272 419.673401
v 92.411743 6.716198 391.574890
v 32.193237 26.361988 395.831604
v -31.791382 -36.145981 418.302551
v -72.279175 -36.128597 423.740173
v -55.638550 -34.170883 408.284729
v -75.665649 -36.098400 396.126770
v 10.430542 -36.128597 416.225647
v 1.258179 -30.010445 457.481018
v 32.081665 -16.100481 435.156677
v 39.980347 -35.699070 458.627380
v 22.521606 42.525768 428.135559
v 29.999146 7.985767 436.629089
v 35.413940 38.263126 415.065369
v 58.826782 30.793781 412.173157
v 30.045288 26.058178 438.243835
v 50.016724 20.719456 450.258362
v 81.146362 -2.421814 432.714539
v 68.916382 11.434025 445.631409
v 90.051880 -3.835735 456.407410
v 65.746948 12.888321 425.160217
v 85.436646 7.399059 414.209412
v 13.293579 -36.128597 384.764954
v 92.848022 12.160839 369.064636
v 14.018433 37.342281 399.567932
v 14.977173 23.115604 381.127258
v 28.834595 -36.128597 411.608948
v 30.964478 -36.128597 442.619080
v 74.393677 -34.253399 442.183899
v 95.677612 -28.485516 434.422546
v 35.874390 -9.587814 411.467224
v 50.253784 -19.603346 421.629089
v 56.721313 -5.712879 438.858582
v 104.272827 -3.278465 441.291687
v 120.046509 -0.984173 429.192810
v 94.427856 -13.395451 420.836243
v 68.478394 -14.959764 460.103455
v 53.506958 -36.128597 442.533875
v 20.373901 7.932892 415.128235
v 32.845581 -23.071278 403.028137
v 51.928345 -21.530926 454.095154
v 80.960571 -20.941456 455.158997
v 17.188843 20.616566 428.697327
v -101.276978 34.200619 334.335632
v 28.034546 -5.442848 337.188171
v 47.836304 -0.121647 341.357605
v -22.378296 5.464054 373.453186
v 65.940552 -35.574318 410.920471
v 80.787231 -35.115673 423.481140
v 53.455933 -31.539051 391.467224
v 66.417358 10.701580 365.435608
v 45.898315 14.590885 378.706238
v 80.218872 19.020092 376.115540
v 78.196411 13.050694 349.892639
v 305.897339 -35.216198 142.531189
v 320.052856 -35.966599 116.325012
v 339.960327 -36.121101 94.170837
v 365.192505 -35.793369 78.069275
v 391.382690 -29.634623 67.367615
v 380.969116 -16.803223 62.265808
v 356.065063 -27.314587 60.099548
v 357.604614 -26.130573 30.601257
v 359.095825 -23.371761 1.182312
v 360.572388 -19.295593 -28.120422
v 362.027954 -14.683268 -57.377991
v 131.706909 -16.073936 -222.032288
v 114.125366 -21.586283 -214.136292
v 86.766479 -15.492603 -225.190491
v 59.075562 -20.895798 -235.871887
v 31.182739 -18.054379 -247.879700
v 3.042847 -16.449074 -259.447327
v -25.055786 -15.434393 -271.293274
v -53.006714 -15.818375 -283.627991
v -80.894409 -18.107740 -295.807190
v -107.533813 -22.975399 -309.459778
v -134.183228 -21.378963 -320.936096
v -162.044556 -12.834513 -330.127014
v -190.019409 -7.002287 -340.956116
v -217.848267 -4.105606 -353.011047
v -245.348999 -3.684933 -366.307190
v -272.528198 -3.032841 -380.229797
v -268.722534 -24.974140 -364.983215
v -287.277954 -36.128597 -349.489563
v -299.103394 -32.855721 -324.571350
v -311.626831 -34.220222 -295.502991
v -324.012573 -34.219536 -266.185852
v -334.755737 -36.128597 -230.976135
v -346.180054 -36.128597 -201.227844
v -357.551392 -36.128597 -171.493225
v -368.903442 -36.128597 -141.773010
v -380.254272 -36.128597 -112.079407
v -391.620483 -36.149788 -82.426331
v -403.108276 -36.128597 -52.815491
v -414.707886 -36.128597 -23.226868
v -426.354858 -36.128597 6.349548
v -438.023315 -36.131092 35.930847
v -449.721313 -36.129589 65.514832
v -461.388794 -36.128597 95.118347
v -473.030640 -36.126690 124.751282
v -484.493042 -36.127174 154.467346
v -495.620728 -36.128597 184.318787
v -467.049683 -32.335419 194.499939
v -438.278687 -27.908737 203.950500
v -409.317505 -22.977345 212.672180
v -379.813110 -19.589348 220.212585
v -349.990112 -16.246893 226.515808
v -320.131714 -12.768240 232.699890
v -290.138062 -10.101357 238.586121
v -260.110474 -7.328876 244.181702
v -230.243042 -9.168819 250.853088
v -200.449585 -11.129475 257.584656
v -170.623657 -12.438421 264.179260
v -141.233765 -15.591496 271.768982
v -112.132690 -15.448874 278.286194
v -83.987915 -9.959030 282.716980
v -61.130981 -26.083897 285.148010
v 152.765747 -32.317905 299.089294
v 162.567505 -30.425032 271.449646
v 177.255249 -22.273167 247.781311
v 185.453735 -18.713902 221.345642
v 197.702515 -8.355745 197.434998
v 219.041870 -25.606749 198.488831
v 246.749634 -21.200544 204.677673
v 274.370728 -13.371998 206.890076
v 293.859253 -22.658827 196.810730
v 299.353882 -32.664650 171.203796
v 277.134155 -36.128597 132.238342
v 248.347046 -36.128597 121.837219
v 219.599487 -36.132046 111.356384
v 190.831177 -36.128597 100.953064
v 162.074829 -36.209255 90.637756
v 133.308228 -36.160362 80.412537
v 104.531128 -36.104507 70.280457
v 75.747192 -36.128597 60.189636
v 47.101196 -32.351234 50.715759
v 18.724731 -36.132786 40.680603
v -9.916626 -36.165630 30.204529
v -38.502319 -36.128597 19.591980
v -67.052368 -36.128597 8.893005
v -95.590454 -36.128597 -1.840637
v -124.109009 -36.128597 -12.662903
v -152.616821 -36.128597 -23.522034
v -181.101929 -36.128597 -34.440979
v -209.566772 -36.128597 -45.395569
v -238.029419 -36.128597 -56.400696
v -266.470825 -36.128597 -67.525452
v -294.899536 -36.128597 -78.676819
v -323.328491 -36.137112 -89.852600
v -351.770874 -36.200207 -101.018860
v 232.726196 -36.128597 189.069519
v 222.342896 -27.481348 248.293518
v 299.325562 -29.310047 -0.766418
v 392.405151 -26.535324 17.854187
v 268.071411 -36.085037 187.304993
v 228.523071 -26.844158 222.751038
v 325.885132 -36.128597 43.915710
v 394.926392 -25.543106 43.141296
v 286.994995 -33.629559 186.291809
v 206.110718 -28.306679 217.524231
v 259.317261 -12.995649 243.966614
v 340.367310 -36.128597 66.899353
v 381.332397 -18.262459 26.918884
v 258.960815 -16.417818 222.396790
v 240.301392 -20.489367 239.245544
v 275.887329 -31.415813 224.523010
v 295.554565 -36.128597 78.154480
v 363.579224 -36.128597 35.491638
v 371.862671 -20.643656 45.094421
v 283.690308 -20.060741 212.623962
v 316.278687 -36.128597 65.916687
v 316.380493 -36.128597 89.696960
v 346.223267 -36.128597 47.016541
v 384.434204 -35.808743 33.602478
v 372.897827 -35.595989 56.206970
v -475.823853 -36.128597 174.796204
v -393.812378 -36.130901 138.469299
v -224.489868 -36.147522 118.847961
v -317.655151 -36.133232 31.879578
v -353.586548 -35.793194 -50.494934
v -371.689819 -36.128941 -91.727112
v -352.179565 -36.108402 -75.731506
v -374.354126 -36.072235 -64.339905
v -360.325806 -36.178421 -121.418030
v -281.972290 -36.129082 -155.263977
v -81.554565 -36.128597 -166.315247
v -60.606079 -35.524433 285.273254
v -42.823364 -25.157381 298.707947
v -34.088257 -35.264389 302.498108
v 163.615356 -29.761742 318.973206
v 74.138306 -36.128597 190.692810
v -203.015747 -36.131157 -264.415100
v 81.859985 -29.757236 -84.855774
v -237.614136 -36.128597 -346.407288
v -256.745972 -16.653564 -378.146301
v -236.579468 -25.264828 -365.931702
v -258.017212 -34.651291 -360.353821
v 122.678345 -30.309074 -190.972473
v 389.700073 -29.346340 -39.757874
v 379.739868 -11.234478 -70.888489
v 384.536743 -13.577953 -44.818176
v 391.318970 -28.773975 -65.777649
v 390.921509 -19.254324 -12.372864
v 151.897583 -19.535086 -218.417053
v 148.309448 -24.005590 -188.110901
v 221.096558 -36.128597 151.073914
v 178.234741 -36.128597 256.920593
v 195.701050 -30.594503 268.280090
v 181.120972 -27.486706 294.361389
v 291.436646 -32.202381 -56.213196
v 207.497437 -36.128597 8.458679
v 272.438354 -36.161331 100.509705
v 296.982056 -36.128597 106.423645
v -346.277954 -36.152332 177.927917
v -410.971558 -36.128597 175.870422
v -443.413208 -36.128597 173.055969
v -432.015747 -36.138969 123.656677
v -384.878540 -36.137775 73.814392
v -253.960327 -36.134426 193.228821
v -224.840454 -36.142075 36.148865
v -142.515991 -36.153030 77.013855
v -370.147339 -36.128597 11.328064
v -300.398315 -36.128597 -22.141418
v -320.067993 -36.128597 -55.836487
v -379.547485 -36.128597 -26.513245
v -230.372681 -36.131996 -119.048889
v -296.083130 -36.143997 -118.330627
v -328.062866 -36.130379 -123.002747
v -317.742310 -36.137455 -173.068909
v -267.764282 -36.162487 -221.663879
v -110.158081 -36.128597 -91.479065
v -81.876099 -36.156723 -249.081360
v 0.091187 -36.205414 -208.282043
v -97.970093 -33.190529 295.337097
v -58.526489 -26.562557 307.261047
v -77.192993 -32.206375 298.796936
v -14.237427 -30.637264 307.643494
v 7.712280 -36.092712 235.081726
v 3.977661 -36.128597 274.540833
v 97.645874 -36.128597 132.413757
v 103.675659 -36.128597 252.559753
v -0.690796 -36.128597 133.208069
v -255.439575 -36.144798 -285.085266
v -185.209106 -35.859608 -318.079407
v 146.471558 -35.723759 -117.736633
v 118.647827 -32.389847 -12.465637
v 30.430542 -36.131054 -32.197327
v -203.709106 -34.067371 -350.554504
v -264.373413 -36.131729 -322.927307
v 68.084106 -36.124054 -215.527649
v 354.016479 -36.128597 -56.844543
v 375.989136 -35.957077 -55.144348
v 378.479370 -35.756184 -9.267639
v 372.538940 -36.126217 13.582458
v 363.076538 -36.128597 -31.423889
v 323.626831 -32.700436 -31.554260
v 342.799194 -36.128597 -38.646545
v 378.878784 -14.723186 -26.604797
v 137.310913 -35.007427 -208.596008
v 107.925415 -27.768780 -223.714172
v 167.027222 -19.859457 -184.843811
v 161.383667 -34.229881 -151.708801
v 228.684692 -36.130356 130.890686
v 252.968628 -36.128597 153.225647
v 195.518188 -36.128597 132.269836
v 231.387817 -36.128597 252.955139
v 195.427124 -36.037533 304.870056
v 198.126587 -32.088902 243.241882
v 178.457642 -30.668404 261.881287
v 193.525513 -12.547991 321.222595
v 298.141968 -24.367697 -83.500793
v 221.536011 -36.129311 -68.201965
v 222.184204 -36.128597 59.095886
v 164.768677 -36.189430 38.263855
v 295.771362 -36.128597 125.953918
v -326.472534 -36.128597 211.490540
v -418.744263 -34.352257 196.180359
v -386.098267 -36.128597 196.313293
v -449.182739 -35.434662 190.781067
v -456.936157 -36.128597 148.061218
v -452.440796 -36.140358 127.720398
v -430.668823 -36.200371 149.963806
v -414.814087 -36.178154 135.903748
v -404.081177 -36.161457 102.844299
v -416.230103 -36.132137 61.569275
v -269.107300 -35.817371 231.050964
v -163.668335 -36.120964 213.953796
v -209.543091 -36.128597 -3.203918
v -156.073120 -36.128597 27.667419
v -99.024536 -36.128597 49.276062
v -397.501587 -36.128597 0.605652
v -289.745239 -36.128597 -49.605042
v -332.429565 -36.125111 -71.825500
v -313.191284 -36.128597 -73.631165
v -332.509155 -36.128597 -25.879456
v -397.936157 -36.147968 -33.719299
v -210.781372 -36.128597 -84.785461
v -303.740845 -36.165413 -98.296448
v -270.708618 -36.151711 -99.128235
v -333.776245 -36.153770 -105.299377
v -341.361206 -36.160133 -148.159241
v -337.464233 -36.185612 -168.225403
v -314.650024 -36.129311 -146.263733
v -301.235718 -36.133217 -161.327942
v -290.241821 -36.132263 -194.761047
v -300.149780 -36.129604 -234.501770
v -124.747192 -36.128597 -53.370911
v -59.214722 -36.135738 -53.928772
v -66.355835 -35.419113 -288.322327
v -13.294312 -36.128597 -257.658020
v -100.055054 -14.093559 293.772888
v -128.709839 -25.268532 289.536926
v -70.135132 -13.298807 300.373596
v -29.869751 -36.128597 269.181458
v 20.508179 -35.969078 292.740662
v -0.231323 -36.128597 294.490051
v 60.006470 -35.922184 269.252380
v 43.550415 -35.604454 286.665588
v 30.914673 -36.128597 258.474548
v 66.344849 -34.930767 291.559143
v 86.323364 -36.170799 273.244690
v 126.026245 -36.128597 286.843811
v 91.269165 -36.099060 297.958801
v 108.799683 -36.128597 273.515808
v 111.877808 -36.128597 302.814514
v 109.037476 -36.128597 102.101868
v 16.627563 -36.128597 88.246521
v -282.709106 -36.147560 -296.032043
v -175.790894 -28.400240 -342.179993
v -130.284302 -36.246861 -291.813538
v 103.898071 -35.211411 27.644470
v 47.908325 -36.128597 7.601990
v -9.389771 -36.139961 -13.455872
v -218.376099 -23.111145 -358.438538
v -203.745728 -15.259361 -349.268616
v -217.267700 -36.128597 -321.686096
v -282.662720 -36.145943 -330.366272
v 77.011597 -29.489559 -241.085754
v 357.137573 -36.128597 -78.813049
v 391.727417 -28.890533 -20.670227
v 393.666870 -28.499352 -1.454651
v 131.050659 -33.511349 -221.916077
v 104.049438 -25.099796 -231.828918
v 185.413208 -32.458069 -155.298157
v 199.224243 -35.952621 -110.283020
v 198.420044 -33.756222 -134.869446
v 219.208130 -36.128597 -123.082825
v 221.884399 -36.128597 -95.507141
v 174.014282 -34.800629 -121.241272
v 242.699829 -36.128597 -110.495422
v 158.850952 -35.811531 -132.888245
v 132.865845 -27.942539 -160.557190
v 278.114380 -36.022144 157.743835
v 235.890991 -36.128597 167.296082
v 258.136108 -33.041824 246.293396
v 238.486938 -36.128597 221.056580
v 257.174927 -36.128597 226.894714
v 183.769653 -36.075466 328.900085
v 159.076294 -36.128597 302.125427
v 213.627075 -25.215118 328.317444
v 176.832642 -36.119854 310.528625
v 199.455688 -32.294617 339.445618
v 180.000610 -22.397881 312.436218
v 184.671509 -13.640181 337.098938
v 318.245483 -26.415051 -61.971741
v 334.149048 -34.311443 -75.581116
v 213.041138 -36.128597 84.850037
v 188.896118 -36.181576 61.556580
v 245.436890 -36.176357 82.102722
v 193.319946 -36.155704 81.119080
v 230.243286 -36.137928 94.690369
v 155.514526 -36.138409 64.111755
v 132.750854 -36.148502 41.472595
v 173.035278 -36.157867 73.806824
v -332.451050 -28.328377 226.036072
v -300.432251 -31.603176 228.971008
v -382.434448 -36.146744 166.355530
v -431.458130 -36.140053 89.753113
v -433.994507 -36.136284 54.602234
v -406.534546 -36.128597 31.218933
v -405.778931 -36.128597 80.910095
v -274.402710 -23.668037 245.276306
v -244.296509 -29.998598 249.272400
v -181.109497 -35.921940 257.490906
v -201.352905 -36.128597 -24.322571
v -177.165649 -36.128597 -2.323792
v -234.119751 -36.128597 -24.206116
v -146.352173 -36.128597 2.578064
v -122.704712 -36.128597 25.966980
v -127.109253 -36.128597 6.809509
v -89.316772 -36.135036 24.191589
v -61.671021 -36.128597 48.891785
v -106.492310 -36.189873 14.629822
v -80.359497 -36.128597 41.913757
v -378.894897 -36.128597 -6.570618
v -356.143433 -36.128597 -17.340149
v -334.624390 -36.129398 5.491150
v -307.330933 -36.128597 -40.685120
v -335.483521 -36.128597 -44.721741
v -218.439087 -36.128597 -64.801331
v -185.338257 -36.128597 -65.875061
v -268.524780 -36.171028 -128.742249
v -295.103882 -36.135738 -139.191956
v -317.198608 -36.153133 -207.029358
v -318.351685 -36.157536 -241.675598
v -132.659302 -36.128597 -32.843079
v -99.691284 -36.128597 -33.516174
v -62.118530 -22.149967 -300.091125
v -34.908813 -29.546036 -285.957092
v -90.744995 -32.588257 -308.483459
v -4.801636 -27.635155 -280.124084
v 23.576782 -34.715034 -257.411682
v 5.157837 -35.902508 -264.990784
v -106.912720 -36.128597 237.271667
v -41.015259 -36.128597 285.003235
v -9.510864 -36.128597 253.798401
v -52.961304 -36.128597 218.905945
v -22.239868 -36.128597 225.716003
v -19.790161 -36.128597 286.930237
v 46.387817 -36.128597 220.899719
v 142.671021 -36.128597 131.138123
v 64.051636 -36.128597 103.419250
v 25.624878 -34.826134 64.609314
v 50.350952 -36.128597 78.633484
v -9.904175 -36.128597 65.309753
v 72.585327 -36.128597 82.482361
v 86.515991 -36.128597 99.922546
v 38.372192 -36.040459 101.406677
v 46.068970 -36.133766 149.780701
v 15.527954 -35.970707 113.372986
v 48.860229 -36.118378 124.416443
v -20.383423 -36.128597 101.507507
v 24.598755 -36.138081 136.613220
v 73.737671 -36.128597 125.891663
v 0.085815 -36.128597 100.458313
v 8.126343 -36.128597 184.545715
v 22.651978 -36.128597 162.508118
v 46.902222 -36.128597 179.120544
v -5.554321 -36.131653 160.616394
v -29.189087 -36.171955 189.734680
v -11.430054 -36.168327 179.750061
v -7.923706 -36.148922 204.537048
v -264.021851 -36.177109 -303.040344
v -241.105591 -36.114166 -313.527405
v -219.864380 -36.133282 -290.650452
v -280.366333 -36.128597 -262.086243
v -192.002808 -35.677513 -336.360168
v -150.264038 -35.918251 -320.459290
v 96.018921 -36.042175 49.157654
v 71.522827 -30.949953 28.726746
v 39.438599 -34.677837 29.310730
v 15.022583 -36.198921 8.060730
v -17.793579 -36.161598 8.360779
v -42.478394 -36.128750 -13.383362
v -219.743042 -36.128597 -340.428040
v 88.689087 -35.983929 -224.329895
v 90.742554 -36.128597 -189.929260
v 269.561890 -35.744339 -91.701233
v 245.018677 -36.128597 -80.871155
v 266.759644 -36.128597 -64.981018
v 267.960327 -35.912830 -24.771790
v 274.461304 -36.128597 -44.953918
v 296.874390 -31.796015 -28.700745
v 306.925903 -25.660591 -45.112122
v 136.610229 -33.058228 -178.325989
v 151.818237 -22.862991 -167.647278
v 202.950073 -36.128597 229.895691
v 251.033813 -36.128597 202.206726
v 151.334351 -35.441471 321.836365
v 134.315063 -36.128597 307.260193
v 231.201050 -14.656761 290.828552
v 243.546753 -16.512995 266.508484
v 241.288208 -29.799015 278.634338
v 203.230591 -11.781286 337.344666
v 314.567993 -26.076031 -82.084778
v 192.866333 -36.128597 33.051941
v 219.305786 -36.128597 32.527039
v 204.649780 -36.128597 49.361023
v 244.915161 -36.128597 4.972839
v 226.943726 -36.128597 13.822937
v 270.010132 -36.166142 74.891296
v 286.960083 -35.176910 39.232361
v 305.650513 -34.932434 48.048523
v 305.438110 -31.803715 23.289490
v 284.720825 -35.995918 60.094666
v 252.616089 -36.128597 42.705261
v 253.118530 -36.140320 63.218445
v 251.895386 -36.142509 101.659119
v 128.510132 -36.141464 13.454041
v 166.304077 -36.162769 -16.939758
v 147.310669 -36.122463 24.839783
v 149.160767 -36.120594 0.465271
v 179.531128 -36.128597 8.044617
v 164.797241 -34.825661 -69.386536
v 162.399536 -34.194618 -96.437805
v 187.192017 -36.066357 -85.325012
v 123.036987 -31.663092 -78.303772
v 206.964233 -36.136642 -82.377258
v 145.633667 -31.219898 -80.895081
v 124.106323 -36.169994 61.175232
v -292.872192 -36.128597 191.883118
v -401.166382 -36.141197 157.734436
v -353.480591 -36.133827 138.280334
v -367.926880 -36.128597 183.412659
v -422.844360 -36.147800 106.816589
v -443.940063 -36.176548 106.550842
v -389.214722 -36.128597 19.659607
v -366.837036 -36.144238 45.061707
v -394.275024 -36.128624 51.796814
v -239.866333 -36.128597 220.385071
v -188.404663 -22.251444 275.394836
v -215.102417 -29.081181 260.768982
v -157.984009 -32.028008 278.726013
v -194.235474 -36.128597 25.274597
v -240.117554 -36.147266 7.653259
v -267.319458 -36.128597 -25.018127
v -126.825806 -36.129082 53.688904
v -152.787964 -36.137569 53.322205
v -138.889771 -36.128597 37.822693
v -190.673462 -36.142929 83.852478
v -176.310669 -36.130302 43.398132
v -167.497681 -36.128597 73.799988
v -58.111206 -36.128597 28.007263
v -32.968628 -36.128597 47.493835
v -46.096802 -36.128597 79.169861
v -46.838257 -36.128597 60.420837
v -318.171021 -36.128597 -9.159973
v -353.461548 -36.128597 1.724548
v -162.784790 -36.108135 -123.143127
v -240.652222 -36.129147 -159.654602
v -252.239380 -36.128597 -112.547424
v -297.915649 -36.162998 -213.959290
v -308.616333 -36.129642 -189.860168
v -95.749634 -36.128597 -64.161682
v -51.305542 -36.128597 -259.797913
v -96.903198 -36.167706 -277.519836
v 22.413940 -21.696007 -266.884583
v 51.875122 -29.686836 -258.170959
v 39.021606 -36.058121 -229.509827
v -110.920288 -36.128597 268.549255
v -58.893433 -36.128597 251.973816
v 30.119019 -36.128597 236.437683
v 54.026733 -36.128597 244.746399
v 79.715454 -36.128597 223.101013
v 78.602173 -36.139923 249.812317
v 120.069946 -36.128597 123.163147
v 139.452515 -36.128597 105.496887
v 168.164185 -36.159866 118.180237
v -0.345337 -36.144634 47.610046
v 53.618774 -36.128597 199.934143
v 26.771851 -36.128597 203.178284
v -34.363403 -36.138485 209.514587
v -203.145874 -36.128597 -305.114563
v -233.798218 -36.157372 -263.263489
v -238.692749 -36.128597 -294.519348
v -273.435425 -36.147190 -279.609680
v -279.226196 -36.188717 -240.271790
v -256.802124 -36.145702 -252.300598
v -301.636108 -36.145065 -256.576965
v -168.271118 -35.724957 -327.379700
v -145.422974 -24.628859 -335.425598
v 64.973511 -33.984871 45.715271
v 82.867554 -34.467068 -6.203918
v 14.149292 -36.136616 -15.261047
v 35.995972 -36.128597 -10.876282
v 61.914185 -36.128597 -29.127014
v 8.301880 -36.144150 25.428894
v -48.878052 -36.128853 4.174988
v -71.853638 -36.141605 -20.944153
v -25.863159 -36.173267 -44.005188
v 3.088745 -36.128597 -41.971985
v 105.499634 -33.193886 -203.735413
v 109.151978 -36.128597 -168.334778
v 108.292847 -27.209330 -128.926086
v 116.122925 -31.223015 -148.450745
v 135.178589 -32.088303 -138.812317
v 38.776001 -36.128597 -165.968811
v 74.620972 -36.128597 -156.485413
v 94.371460 -35.652493 -143.745911
v 80.845337 -32.402828 -115.881897
v 89.408325 -36.128597 -169.736633
v 274.523560 -32.546326 -108.988831
v 222.912231 -36.128597 234.264587
v 177.100464 -36.128597 182.992004
v 216.500610 -36.128597 208.518250
v 189.398804 -36.128597 206.758728
v 205.292358 -36.128597 183.016418
v 175.572632 -36.128597 230.161682
v 191.463745 -36.128597 159.406311
v 141.662231 -36.128597 247.592957
v 129.590454 -36.128597 265.747864
v 159.923462 -36.128597 157.064270
v 161.967163 -36.128597 245.173767
v 161.790649 -36.128597 137.198059
v 179.925659 -36.128597 144.014221
v 218.603882 -24.328054 272.257629
v 205.324097 -17.724154 294.021790
v 219.021851 -11.733282 311.295227
v 255.474731 -23.923523 264.565735
v 211.850708 -36.128597 277.884949
v 223.381714 -31.382751 303.304993
v 337.361450 -36.128597 10.407898
v 340.148071 -36.128597 -14.137512
v 358.016724 -36.128597 -2.176575
v 316.966675 -35.304489 6.574158
v -284.098999 -36.076576 213.408752
v -305.466187 -36.128597 209.081970
v -373.628784 -36.209484 146.490540
v -358.878296 -34.806561 210.750549
v -344.369507 -36.138893 30.448425
v -330.997925 -36.128597 87.416931
v -341.289917 -36.128597 59.798767
v -259.018677 -36.128597 213.157288
v -204.172974 -36.188320 184.679749
v -221.893677 -35.198776 238.040833
v -212.885132 -36.136223 211.467224
v -200.370239 -35.331200 245.586853
v -178.993286 -35.963913 233.266663
v -228.589478 -36.153145 191.905457
v -187.746216 -36.144188 204.458923
v -143.715454 -36.096680 244.484680
v -197.914429 -36.128597 225.341980
v -242.891479 -36.142723 154.642639
v -164.022095 -36.064293 246.422180
v -222.282349 -36.131256 168.094666
v -242.160278 -36.140625 175.648132
v -272.972290 -36.167553 166.490662
v -220.515503 -36.140282 143.325378
v -183.311401 -36.134464 124.469055
v -204.848022 -36.129692 128.113098
v -205.091431 -36.169487 103.720520
v -189.229614 -36.198109 156.075745
v -169.541138 -36.153744 100.902405
v -241.204224 -36.154190 77.705750
v -163.233521 -36.170773 179.208679
v -215.953003 -36.145664 80.887878
v -183.412964 -36.136082 184.308411
v -133.463989 -36.128597 137.084167
v -231.035034 -36.128597 97.547180
v -283.118774 -36.136398 111.654724
v -258.546997 -36.138752 99.106750
v -225.947876 -36.164841 59.656433
v -156.579956 -36.163479 123.994080
v -258.664673 -36.194138 129.159485
v -290.199829 -36.128635 67.391785
v -260.053101 -36.163734 46.445496
v -201.517456 -36.129528 50.310242
v -144.376587 -36.128597 101.987976
v -157.491577 -36.136909 151.863342
v -238.650757 -36.161964 133.806091
v -279.519409 -36.130951 88.354431
v -305.469116 -36.129959 96.456360
v -185.637085 -36.135662 63.672302
v -102.206909 -36.044430 92.088196
v -314.947388 -36.130634 133.991028
v -311.989136 -36.135128 74.567322
v -307.228394 -36.161522 52.202820
v -286.114380 -36.137123 28.465271
v -295.208618 -36.131130 3.734802
v -124.744507 -36.057205 90.694519
v -115.313843 -36.128597 116.281311
v -110.091675 -36.128597 70.085876
v -325.277466 -36.162029 111.512756
v -303.179565 -36.131805 116.941589
v -286.315796 -36.152523 140.688171
v -267.808228 -36.128597 7.632263
v -314.546753 -36.138664 11.320496
v -65.257446 -36.128597 126.868591
v -334.921021 -36.144672 129.583435
v -330.453247 -36.146999 156.087219
v -254.031616 -36.142570 25.037781
v -279.430786 -36.128597 -8.856750
v -253.914185 -36.131985 -8.507385
v -88.714966 -36.128597 114.671082
v -34.453979 -36.128597 142.185486
v -31.055054 -36.128597 165.869324
v -318.598755 -36.128597 181.225525
v -73.152466 -36.128597 90.131775
v -81.390991 -36.128597 66.765076
v -96.030151 -36.128597 155.809387
v -15.696411 -36.131805 145.035828
v -304.655396 -36.142914 159.225647
v -110.561646 -36.128597 138.437805
v -85.444214 -36.128597 136.355774
v -62.575562 -36.128597 158.686584
v -146.190552 -19.304070 286.000793
v -214.141479 -36.137352 17.646667
v -193.648315 -36.128597 6.595886
v -174.599731 -36.128597 18.288757
v -227.931274 -36.154701 -6.575989
v -284.561157 -36.128597 -31.741516
v -268.753784 -36.128597 -46.302063
v -181.676147 -36.128597 -97.539856
v -260.447388 -36.159588 -149.554504
v -263.459351 -36.143475 -180.052307
v -241.983765 -36.132710 -137.727844
v -243.443970 -36.128597 -84.886047
v -114.937134 -36.128597 -71.465149
v -150.439331 -36.128597 -78.975647
v -153.391235 -36.128597 -51.302551
v -165.718140 -36.128597 -66.595520
v -80.963501 -36.128597 -46.766418
v -71.035278 -36.141666 -267.516418
v -50.560913 -35.901134 -278.427063
v -31.676880 -36.128597 -266.859680
v -50.797241 -36.149506 -209.170471
v -84.568237 -36.129169 -291.612610
v -108.540649 -36.142471 -296.308411
v -121.211304 -32.315426 -321.718811
v 58.387573 -36.031536 -238.635559
v 12.005249 -36.128597 -233.039124
v -14.899780 -36.131512 -230.633850
v -25.376099 -36.147648 -207.348938
v -11.185181 -36.108250 -159.118958
v -40.656128 -36.118011 -176.517639
v -11.986206 -35.979755 -185.134583
v 16.985474 -36.128597 -184.902405
v -134.935181 -33.997581 270.549255
v -84.727661 -36.128597 274.194519
v -41.473755 -36.128597 237.598328
v -78.628296 -36.128597 232.006775
v -80.721313 -36.128597 253.241272
v -99.474976 -36.128597 196.781433
v -95.645630 -36.128597 218.246643
v -73.786987 -36.128597 203.037292
v -80.775757 -36.128597 177.965271
v -54.913208 -36.128597 183.560486
v -216.620239 -36.139404 -214.561096
v -234.682495 -36.159878 -235.585510
v -209.081665 -36.154369 -239.302795
v -243.312622 -36.141895 -209.837708
v -152.268677 -36.130405 -239.323303
v -225.212280 -36.176319 -185.592834
v -262.455444 -36.169399 -201.173157
v -180.627075 -36.128826 -245.940002
v 87.976685 -29.851662 13.887146
v 61.925415 -36.128597 -8.268860
v 49.736694 -35.376354 -65.103577
v 97.635132 -36.128597 -40.647278
v -53.043579 -36.143867 -32.729065
v -25.899048 -36.128597 -24.262756
v 61.098267 -36.128597 -186.145569
v 102.810181 -34.171444 -102.396790
v 123.281616 -36.128597 -113.754211
v 102.130493 -35.793255 -81.230286
v 109.787720 -34.547981 -60.002502
v 126.278442 -36.128597 197.567688
v 186.636841 -36.128597 280.779358
v 207.045288 -36.128597 253.873352
v -342.605835 -36.128597 198.399353
v -358.262329 -36.140625 81.889832
v -352.565063 -36.139454 108.670227
v -375.098755 -36.130798 120.944885
v -367.506470 -36.135204 64.646912
v -377.415649 -36.157726 96.842957
v -123.378784 -36.128597 251.383728
v -273.139526 -36.128597 186.642273
v -244.537476 -36.135586 114.072327
v -262.444458 -36.184425 149.067810
v -174.822388 -36.147217 142.277161
v -280.861206 -36.200104 48.668152
v -51.574829 -36.128597 104.584290
v -44.337036 -36.128597 124.012024
v -291.245483 -36.188282 172.819763
v -53.660278 -36.128597 141.783997
v -249.249146 -36.128597 -38.696106
v -204.849976 -35.964371 -110.998352
v -283.181519 -36.140358 -175.616028
v -227.102661 -36.128597 -98.142151
v -158.886841 -36.128597 -100.419250
v -130.671509 -36.128597 -116.984680
v -59.613892 -36.156712 -234.335510
v -36.412720 -36.128597 -241.180237
v -134.565552 -36.053211 -310.138733
v -104.146851 -25.921616 -318.303284
v -7.291870 -36.132874 -100.152649
v 25.149536 -36.036068 -208.617004
v 38.942749 -35.987186 -190.727600
v 14.179077 -36.128597 -159.705139
v 37.033569 -36.132492 -120.703430
v 2.056030 -36.144619 -130.422424
v 31.291626 -36.128597 -143.586243
v 53.445190 -36.128597 -148.554016
v 70.722046 -36.128597 -134.638733
v -99.450562 -36.128597 253.891663
v -117.611450 -36.125187 -248.319885
v -243.807007 -36.140980 -179.194885
v -168.136353 -36.144352 -184.286682
v -168.438110 -36.128597 -283.025452
v 47.601685 -36.128597 -44.352356
v 24.250366 -36.130646 -57.973694
v -2.238892 -36.130760 -71.032532
v 29.160522 -36.223827 -89.614075
v 82.418579 -36.128597 -26.520325
v 149.559937 -36.128597 182.374939
v 161.558228 -36.128597 206.764099
v 119.282349 -36.128597 161.781433
v 125.592163 -36.128597 142.478821
v 130.085571 -36.128597 178.130798
v 98.796021 -36.128597 202.687317
v 96.915405 -36.128597 176.570129
v 116.734741 -36.128597 225.692322
v 72.081909 -36.128597 162.105408
v 98.319458 -36.128597 154.485535
v 81.177612 -36.128597 144.191345
v -199.590942 -36.170300 -152.523254
v -218.771606 -36.143448 -139.309387
v -133.012329 -36.128597 -94.028137
v -91.833374 -36.128597 -127.362854
v 47.675903 -35.967525 -210.098694
v 57.476196 -36.153809 -99.394348
v 15.182983 -36.161407 -109.817444
v -99.873657 -36.130150 -257.732971
v -196.500610 -36.168533 -192.768860
v -172.947388 -36.128880 -215.458801
v -194.897095 -36.134438 -221.516174
v -139.957642 -36.157055 -155.933167
v -162.069458 -36.155933 -260.568665
v -182.064819 -36.137760 -266.886047
v -147.099243 -36.182289 -277.122131
v -125.684204 -36.171738 -269.556458
v -35.959106 -36.139313 -80.108948
v 16.366333 -36.160667 -75.430481
v 97.273560 -36.128597 233.437927
v 139.493774 -36.128597 216.916199
v 122.100708 -36.128597 244.209412
v -218.776733 -36.153973 -164.079163
v -108.960571 -36.128597 -113.502747
v 57.198608 -36.128597 -119.718811
v 62.568237 -33.015175 -80.294250
v 77.944946 -35.420933 -58.861633
v -187.260864 -36.137379 -171.797668
v -165.252563 -36.140572 -158.841125
v -154.326782 -36.128597 -141.622864
v -16.970337 -36.133331 -83.451965
v -71.713013 -36.128597 -94.416077
v -90.314575 -36.128597 -84.531067
v -71.872681 -36.131245 -72.170715
v 379.362183 -17.978468 5.470642
v 242.906128 -36.128597 -44.344543
v 244.135132 -36.128597 -19.694641
v 207.189575 -36.183334 -30.512512
v 193.102417 -36.128597 -56.373352
v 227.391479 -36.128597 -31.345764
v 222.415894 -36.128597 -8.856995
v 193.675415 -36.172565 -11.050354
v 212.273071 -36.128597 -50.207092
v 183.458374 -36.162998 -34.066956
v 157.699585 -36.128597 -42.865295
v 134.547485 -31.308699 -54.721252
v 135.905640 -35.652748 -30.394348
v 116.048950 -28.770363 -33.146301
v 272.489380 -35.291370 2.861755
v 285.710083 -33.600418 18.659851
v 260.282349 -36.128597 21.575378
v -24.736206 -36.128597 80.834167
v 9.591675 -36.113911 214.882263
v -130.267700 -36.128597 214.223083
v -147.289429 -36.082481 225.142639
v -146.504517 -36.128597 196.522278
v -130.411011 -36.128597 168.731018
v -122.869507 -36.128597 191.216370
v -106.414185 -36.128597 175.721130
v -263.911255 -36.179756 70.088562
v -64.869263 -36.210274 -186.799133
v -106.950317 -36.185726 -204.076477
v -84.510376 -36.169014 -221.123352
v -88.562134 -36.165924 -189.046692
v -112.198853 -36.202217 -169.240295
v -70.931030 -36.148018 -206.118713
v -107.017700 -36.128777 -227.500793
v -134.348511 -36.128902 -215.596985
v -98.599243 -36.128597 -149.977844
v -132.814331 -36.129436 -235.429260
v -129.182007 -36.162514 -189.591125
v -150.253540 -36.153008 -198.853088
v -147.312378 -36.178890 -176.871643
v -153.641968 -36.128597 -219.625793
v -52.895630 -36.128597 -138.007629
v -25.280151 -36.128597 -135.126038
v -41.964966 -36.131588 -109.786194
v -37.160522 -36.111736 -154.252991
v -59.412231 -36.128597 -160.074768
v -75.244751 -36.128597 -143.334534
v -21.884399 -36.128597 -114.733215
v -51.811157 -36.139366 -92.301575
v -64.578247 -36.128597 -117.189270
v -39.322632 -36.135395 -59.684387
v -179.510620 -36.134262 -139.950745
v -198.778687 -36.081867 -131.313049
v -182.793579 -35.869282 -118.211487
v -121.141968 -36.128597 -139.855286
v 156.291138 -36.196709 274.626770
v 276.276733 -21.259096 153.663757
v 288.526489 -26.247553 131.186096
v 300.227905 -29.325443 108.056091
v 313.199585 -30.832188 85.461853
v 331.922485 -31.119858 67.483582
v -285.777710 -16.599010 -354.794495
v -299.103394 -32.855721 -324.571350
v -311.626831 -34.220222 -295.502991
v -324.012573 -34.219536 -266.185852
v -337.876587 -32.300217 -242.771790
v -350.993530 -32.303261 -213.947083
v -364.172241 -32.393753 -185.190002
v -377.428345 -32.383980 -156.490295
v -390.726196 -33.234100 -127.846497
v -404.196899 -34.309460 -99.255920
v -417.627319 -35.685135 -70.548645
v -430.972534 -35.436306 -41.754700
v -446.703735 -24.314579 -17.614075
v -459.115356 -21.469393 10.928162
v -467.109741 -28.280642 41.088074
v -474.153687 -31.860077 71.978455
v -480.752563 -32.297188 103.157532
v -486.793579 -28.659367 133.767151
v -491.618286 -18.527046 163.510559
v 212.353394 -10.269035 217.750793
v 231.911011 -8.318575 216.327454
v 246.449829 -11.628878 195.263977
v 261.765991 -16.147835 174.728333
v 248.972046 -26.246330 140.293030
v 220.991577 -32.320492 128.845154
v 192.720093 -32.311062 115.662048
v 164.950073 -32.423290 101.542542
v 136.761841 -32.321026 88.305847
v 108.517456 -32.295570 75.226990
v 84.244507 -23.079994 62.222351
v 76.685425 0.654015 57.133728
v 51.145386 -8.201750 45.370544
v 31.515259 -28.481190 35.892761
v 3.531372 -32.334591 23.058777
v -24.609985 -29.858395 10.122986
v -52.860229 -32.305576 -2.327209
v -81.353394 -32.331001 -14.907776
v -108.010620 -26.068192 -28.073792
v -132.058716 -13.182240 -41.482483
v -160.705200 -21.527679 -49.342834
v -188.749390 -31.432522 -57.015442
v -218.019897 -27.844166 -63.582092
v -243.770142 -13.915575 -60.832825
v -270.311157 2.129410 -60.485657
v -298.839722 -0.791210 -67.280823
v -320.952271 -22.064510 -63.907288
v -347.804077 -32.206287 -72.621887
v -376.045288 -32.325733 -86.041077
v 246.425171 -32.311913 63.550720
v 183.775269 5.017323 170.591492
v 277.663452 -32.268848 80.768005
v 214.944702 3.519215 187.742615
v -265.824585 -8.832106 -360.138733
v -233.606079 -32.315525 -282.046448
v -102.421509 -23.064226 -139.575989
v -256.875854 -32.328697 -153.159241
v -341.158325 -32.320831 -122.118225
v -383.379028 -32.319115 -106.937805
v -358.377808 -32.388981 -103.880920
v -365.620239 -32.341614 -127.926819
v -397.042603 -32.342087 -78.408508
v -370.135376 -12.815500 -13.442688
v -208.762329 -32.352814 98.290466
v 36.895142 -10.416819 -156.374329
v 133.036499 6.855484 -213.668762
v 305.854858 -21.232119 -42.021057
v 102.074097 1.299885 -66.886047
v 345.420288 -15.652962 -72.989807
v 317.395630 -17.912104 -67.704895
v 335.626587 -21.330109 -44.674377
v -369.560181 -32.330860 111.282532
v -79.753540 1.636585 134.932190
v -480.474243 -22.488451 181.165466
v -59.724487 -22.471909 266.586975
v 30.387573 -32.310986 160.643372
v 139.687866 -17.491749 239.789490
v 132.696899 -28.849735 306.869568
v 198.204468 -32.328152 68.013611
v 191.734253 -18.901510 144.481628
v 249.663696 -32.317207 105.150818
v 274.692749 -31.409309 110.474426
v 258.485474 -31.634382 123.234070
v -172.317261 -32.322437 -275.267639
v -218.933472 -26.615334 -319.107971
v -244.100708 -18.028061 -337.782776
v -270.773071 -32.369358 -299.280090
v -273.777954 -32.394009 -230.701965
v -97.584351 -32.359013 -218.160461
v -188.312378 -8.341314 -113.020813
v -116.023804 -16.954205 -112.349182
v -17.195190 -31.470345 -173.391663
v -308.295532 -32.316063 -176.769348
v -281.944946 -32.373657 -102.423645
v -320.237915 -32.315311 -94.263733
v -342.073364 -32.369156 -157.510071
v -309.282593 -29.672966 -22.341614
v -353.846313 -8.883810 -44.227356
v -375.960571 -29.025570 -53.912415
v -407.714966 -12.190008 -20.026428
v -400.981079 -32.315933 39.259460
v -191.330444 -32.317001 20.341003
v -259.708374 -32.329411 164.904846
v -169.156128 -32.343971 178.941711
v 68.031128 1.832493 -189.526428
v 105.115356 -7.785000 -183.776672
v 127.662231 5.776840 -192.948303
v 99.323120 1.494415 -206.955139
v 130.864624 -13.906206 -185.710266
v 140.546265 -6.231781 -202.140930
v 107.318970 8.186275 -190.292053
v 82.180054 8.659401 -174.955383
v 117.519653 4.989906 -204.770325
v 95.026001 -19.833405 -129.574036
v 107.092163 -21.435987 -161.707092
v 113.998657 -21.256948 -179.059387
v 0.529419 -32.328915 -82.506653
v 278.220337 -11.277275 -66.510071
v 297.354858 -17.979168 -61.045959
v 304.932007 -26.194893 13.403015
v 85.550903 5.263527 -5.942444
v 170.046021 -31.899450 -61.274475
v -424.599487 -32.330517 99.059021
v -384.476685 -31.311512 165.808167
v -33.161011 -18.364573 198.920105
v -39.598511 -31.125559 85.771545
v -111.171753 -8.084925 54.135437
v -95.783325 -25.682240 202.550476
v -55.355103 -18.852934 225.063171
v -64.752563 -11.347967 250.395691
v -37.775513 -12.830278 245.769226
v -85.115601 -25.316952 242.547424
v -48.175415 -8.801842 262.507263
v -40.911011 3.982887 219.312561
v -67.506226 -28.667522 240.127014
v -75.262817 -30.615936 216.771912
v -74.692749 -32.219128 262.407410
v -82.462036 -12.963442 260.292664
v -72.011108 -5.691795 179.188416
v -80.902954 -21.002886 196.074402
v -62.767456 -2.533165 203.606628
v -46.179565 -0.495041 198.296936
v -52.432739 -19.277714 160.325012
v -45.667603 -14.200279 181.008972
v -60.166382 -0.395817 169.885193
v -65.067017 -5.406528 149.404724
v -55.017700 -31.514988 122.546814
v 44.705933 -17.795254 221.388733
v 98.610229 13.159184 152.211853
v 71.289185 -8.958626 120.326721
v 149.924194 8.182171 260.475037
v 93.174683 -13.975525 242.621521
v 163.715942 -30.128950 67.981873
v 187.554565 -30.162394 90.687073
v 218.667114 -32.311008 97.088318
v 200.910522 -32.330952 134.472229
v 166.520630 -31.188667 133.301819
v 222.348999 -15.026056 152.515686
v 236.910767 -7.443548 171.195374
v 250.978638 -14.120588 156.984314
v -134.690308 -32.388676 -284.728333
v -210.392212 -13.670218 -334.950256
v -187.109985 -26.621441 -315.743713
v -236.227905 -7.010725 -350.571838
v -270.742310 -26.498852 -332.994446
v -282.051880 -32.327248 -316.778870
v -250.929810 -31.795696 -316.533264
v -250.047485 -32.324409 -295.359436
v -266.301392 -32.313248 -264.682190
v -304.338989 -32.319332 -244.822815
v -55.024048 -31.876507 -239.126282
v -211.042358 5.849026 -84.889221
v -160.018921 -23.514177 -93.924866
v -104.624634 -31.759401 -75.923645
v 1.434937 -32.289551 -215.973938
v -335.026978 -32.311569 -189.161438
v -294.933472 -25.776985 -77.279602
v -341.052612 -32.360424 -92.335754
v -328.555542 -31.205555 -76.747864
v -360.036011 -32.333801 -165.854309
v -272.723022 -28.432768 -39.178528
v -342.300415 -21.417345 -57.884338
v -324.180298 3.458881 -46.757629
v -366.606323 -32.200294 -69.563049
v -403.250610 -32.199440 -46.411926
v -415.556274 -27.906612 -30.555969
v -387.081177 -17.265356 -35.208069
v -388.382935 -6.934574 -20.554749
v -401.292114 -24.244204 6.582214
v -434.167358 -30.369051 32.054138
v -183.996704 -24.797071 -17.102844
v -268.091187 -25.621754 205.907410
v -207.151001 -31.041733 211.896057
v -147.516479 -29.943279 224.173035
v -113.963989 -8.805357 235.922058
v -94.095093 -7.523064 243.084412
v -93.775757 -19.080751 223.562561
v -108.963501 -9.277958 257.496399
v 60.170532 -27.487255 -198.917786
v 114.888062 -12.120831 -209.898254
v 90.883423 -18.750044 -197.533020
v 86.683716 10.497231 -193.202209
v 50.713257 10.548374 -169.644836
v 143.911011 7.834381 -118.362122
v 81.440063 -20.424690 -171.978821
v -19.508911 -32.347939 -38.047913
v 284.944458 -3.479080 -83.690979
v 256.241333 -24.953205 -79.451965
v 333.811646 -28.205927 14.500671
v 72.918091 3.058857 24.361755
v 120.634399 -31.559591 14.036072
v 43.139038 -31.197525 -25.185364
v 193.449097 -32.168579 -99.405579
v -453.303833 -32.317600 92.747986
v -389.969604 -21.620121 193.004578
v -323.949829 -31.529100 174.544006
v -25.782104 -26.258076 49.544128
v -83.925415 -28.677858 34.227722
v -129.316528 -9.641806 7.591003
v -17.291626 -11.843735 240.238708
v -20.504517 -4.810204 252.077454
v 35.460571 -12.164021 253.345398
v 112.618530 -7.457993 112.510925
v 77.829468 -5.099064 89.176819
v 20.658325 -29.666857 94.028015
v 160.082153 -11.645426 258.852478
v 167.495972 0.874607 237.405212
v 139.639282 -10.849094 282.671326
v 97.453003 -8.646128 269.771790
v 134.166870 -30.218452 57.492371
v 155.856079 -31.074604 84.474792
v 231.072632 -32.315987 112.037659
v 238.585327 -32.348221 85.167664
v 222.436890 -32.311363 67.256531
v 222.955444 -23.570541 -7.790344
v 208.940308 -27.142391 29.708191
v 209.765259 -32.238815 49.960632
v 179.213013 -32.345749 40.229187
v 160.663452 -7.890244 153.368103
v 202.218384 -4.448616 159.109436
v -126.124146 -30.462612 -303.800842
v -103.581177 -32.183777 -279.674866
v -205.726929 -32.314724 -293.252991
v -294.710571 -32.322895 -275.328430
v -321.684448 -32.319523 -252.788391
v -319.375366 -32.337784 -216.836487
v -283.206909 -32.323849 -250.693176
v -45.778931 -24.695745 -261.064758
v -75.734009 -28.411186 -267.042297
v -22.462036 -29.847578 -238.393127
v -223.330688 -9.189476 -73.981018
v -192.486938 -18.926022 -85.028870
v -245.049683 5.784187 -83.247375
v -168.854614 -30.278696 -72.141907
v -136.276001 -27.058960 -75.259583
v -113.932251 -25.582479 -53.031067
v -79.881714 -32.323097 -50.531311
v 10.487183 -25.870977 -237.694153
v 33.344360 -30.704927 -215.546204
v -327.261108 -32.343143 -170.774963
v -300.301147 -32.366951 -94.674377
v -264.425903 -16.958696 -53.619934
v -241.161011 -31.987032 -41.767883
v -314.535767 -5.989811 -58.114319
v -342.149048 -8.805241 -25.151428
v -295.254517 -8.022644 -44.206848
v -430.163696 -16.792215 3.926453
v -452.769409 -27.413773 28.126892
v -443.848511 -32.323151 62.281921
v -414.452026 -30.613949 22.805603
v -178.265259 -27.362041 -38.056702
v -154.030151 -14.229649 -18.289856
v -272.030396 -15.023750 225.811707
v -240.266479 -21.513123 222.455872
v -299.893921 -21.861418 209.529358
v -211.834106 -20.716169 235.628235
v -179.872681 -28.911062 230.922058
v -152.507935 -24.956388 249.590271
v -129.154419 -20.949970 250.464905
v 67.440796 -20.053375 -216.397766
v 73.124146 -17.561146 -186.900940
v 37.283081 -12.024570 -177.660706
v 163.661255 8.923359 -140.740784
v 64.709839 -4.329060 -165.546448
v 84.545288 -29.191757 -150.443909
v 45.416138 -32.333828 -112.805237
v 69.186890 -30.152100 -127.187561
v 54.292114 -31.366220 -152.637756
v 77.649536 -25.562042 -86.037170
v 83.401245 -24.114515 -109.142639
v 63.930054 -30.078579 -101.989075
v 102.244751 -12.171719 -91.858215
v 37.154907 -32.068718 -76.601379
v 128.234009 8.194832 -87.748596
v 111.147827 1.821625 -83.349182
v -30.206177 -32.317245 -14.673889
v 5.696167 -32.320148 -12.581848
v -51.072144 -32.328255 -38.018372
v -12.790405 -32.320148 -5.496399
v 265.298462 -25.526054 -95.931213
v 228.993042 -32.314854 -93.989319
v 334.317749 -24.510712 -15.133362
v 318.020142 -29.928158 40.610535
v 66.004028 1.937710 41.705750
v 92.906860 -9.710960 35.386169
v 54.928345 -20.593657 17.139832
v 206.375854 -31.810612 -119.474670
v -446.656372 -32.132145 132.993469
v -462.241577 -24.558167 157.878967
v -424.098511 -26.113724 171.132996
v -356.168823 -27.070782 186.571838
v -16.961792 -30.144958 30.123230
v -50.032349 -29.987450 29.304382
v 5.407837 -31.991472 54.857117
v -75.757690 -32.323940 10.661804
v -101.916382 -16.568796 8.050232
v -123.902222 -8.804502 -16.674622
v 6.972534 -26.823238 251.188660
v -26.111206 -11.930130 219.513611
v 28.812378 -8.269747 270.550720
v 56.009644 11.698978 255.744934
v 115.858032 -26.206676 98.303406
v 89.170288 -15.261282 87.434998
v 139.149292 -22.593250 120.438782
v 80.519653 -6.718777 71.160339
v 53.448120 -4.994972 76.037781
v 189.083618 -0.552700 224.315125
v 199.925903 8.523182 219.445862
v 184.368530 7.744282 237.037415
v 169.111694 -5.828621 215.040955
v 181.412231 10.300659 221.167053
v 188.816528 6.988342 196.799866
v 159.248169 9.686581 239.078064
v 205.139282 -2.386032 233.603455
v 123.746216 -6.493450 266.882629
v 247.022827 -17.312340 -40.473206
v 180.834351 -32.388191 59.481873
v 180.044556 -32.335850 -2.981018
v 155.007690 -32.282490 45.012634
v 162.332397 -32.256630 17.909607
v 133.976440 -32.315258 33.905701
v 106.002319 -31.191683 38.646179
v 144.384399 -31.762762 -14.997864
v 159.916870 -32.309738 -1.893127
v 180.570679 -4.931229 153.702576
v 172.625854 -20.679596 145.680969
v 218.556763 -0.746201 169.168152
v -124.923218 -32.304264 -246.533752
v -224.888306 -31.748751 -300.727356
v -205.699829 -32.355816 -252.856018
v -183.494751 -32.034485 -294.639954
v -276.485962 -32.333508 -280.974182
v -291.345825 -32.317448 -295.966858
v -315.551392 -32.326572 -196.330872
v -281.756470 -32.333687 -197.736877
v -296.099487 -32.356251 -222.223694
v -39.308472 -32.352764 -204.331360
v -15.335327 -21.467064 -254.888000
v -171.403442 8.048714 -98.493225
v -200.697388 -29.871695 -72.036438
v -252.297974 0.884495 -68.401672
v -264.865845 -17.416945 -86.934875
v -121.071411 -31.935884 -95.459045
v -138.868530 -20.659868 -104.400940
v -136.285278 8.462051 -113.703186
v -153.702026 -4.702702 -100.713684
v -142.287720 -21.896795 -56.689270
v -90.180054 -32.165348 -33.089661
v 40.471069 -21.612715 -230.723938
v -236.032104 -28.649185 -58.505432
v -254.366089 -32.319942 19.716980
v -210.724976 -31.134747 -35.257874
v -361.273804 -4.071125 -29.487610
v -340.855591 -32.328457 6.243103
v -320.197876 -13.548391 -32.168274
v -293.679565 -27.007763 -36.421204
v -412.715942 -12.818224 -3.439026
v -427.558960 -16.706543 -15.322815
v -435.899292 -32.331436 81.538513
v -403.330200 -32.309189 72.950134
v -421.466919 -32.316658 52.593689
v -149.367310 -15.630461 -35.940735
v -165.157837 -28.247822 5.793640
v -243.314819 -12.352430 238.217346
v -239.486938 -32.321342 191.406189
v -303.234497 -14.456604 226.055481
v -288.587524 -32.134460 180.403503
v -330.118042 -21.633738 204.913025
v -168.154907 -32.321865 206.458191
v -189.962769 -32.357624 193.407776
v -206.439087 -32.314854 147.186340
v -214.576782 -32.346298 187.718323
v -192.035767 -32.344376 168.114441
v -183.311157 -18.965900 248.859558
v 50.907349 3.392063 -179.206360
v 36.710083 -30.835051 -191.222229
v 12.227905 -26.936193 -174.587708
v 10.250122 11.983822 -159.494202
v 138.093628 0.863392 -159.754700
v 145.061401 -5.213718 -176.918274
v 169.518188 -14.587465 -114.624573
v 185.406372 -28.037766 -118.891663
v 179.383423 -13.325380 -135.164612
v 19.481812 -31.689880 -138.848206
v 28.649536 -31.846561 6.503357
v -35.238647 -32.322029 -71.756409
v -61.688599 -32.316467 -20.595764
v 237.855347 -31.229441 -110.249329
v 321.740601 -21.985954 -30.202209
v 297.485474 -24.710712 -14.544739
v 340.172974 -29.991356 44.453064
v 279.439575 -31.933825 42.024353
v 94.612671 2.790302 15.612488
v 100.780396 -19.917768 16.110046
v 70.822144 -8.850227 4.748962
v 73.781372 -17.426949 -29.068420
v 56.602905 -24.450796 -6.799622
v -442.244019 -32.373085 111.644470
v -467.316528 -31.938992 122.226990
v -479.503784 -23.783627 150.460510
v -449.847778 -20.515581 182.059509
v -420.850952 -18.397484 192.769958
v -402.883667 -26.390490 175.932312
v -440.385620 -29.934090 155.044128
v -408.057007 -32.335365 134.719666
v -375.030884 -27.262295 182.393616
v -361.623657 -18.429745 206.679504
v -42.824585 -29.040180 12.659363
v -52.268433 -32.312523 58.803406
v 13.436157 -31.861578 38.324890
v -13.895874 -26.057388 76.520203
v -112.883423 -4.147099 27.917664
v -94.612915 -9.042440 44.007751
v -82.560913 -4.357864 88.811462
v -79.166626 -24.918568 63.883972
v -93.959595 -4.441795 67.275085
v -99.179810 -27.436462 -9.372620
v -8.450806 -18.599710 256.883850
v 5.090210 -21.853720 269.517151
v 26.044067 -26.692924 235.787903
v -1.071167 -32.314320 208.139099
v -12.505981 -28.610321 226.721130
v 7.573608 -32.254478 227.506287
v 50.373657 -0.663582 237.569031
v 85.065063 24.074100 221.133118
v 65.352417 17.834465 234.082703
v 87.524536 18.406509 257.874695
v 68.614624 2.213772 202.304260
v 56.514526 4.384510 272.380798
v 82.256226 -19.474154 106.843933
v 82.959106 -0.866508 132.872620
v 117.348511 -16.851763 148.617493
v 145.614624 -22.870270 144.418152
v 154.168335 -32.361416 118.001404
v 28.650513 -18.027119 64.032898
v 60.437134 -7.797104 99.038391
v 42.490601 -21.049690 90.325378
v 39.388062 -32.117752 124.989685
v 50.957886 -23.698133 109.485291
v 152.494751 -15.224615 182.656799
v 172.236450 -5.183605 187.619446
v 164.550415 -5.077599 167.570984
v 156.278198 -8.795965 230.784607
v 139.670288 -24.601040 210.190002
v 141.949097 1.515015 249.783020
v 135.949341 3.594440 272.381775
v 115.635376 -31.024948 253.691956
v 113.150513 -9.397495 295.175598
v 258.231323 -15.478245 -59.965881
v 230.640015 -32.281025 -62.202454
v 187.719360 -27.735653 19.131531
v 207.279175 -28.209517 7.976013
v 99.949097 -30.189079 57.301453
v -98.294800 -32.314484 -252.793030
v -108.227417 -32.312038 -235.268127
v -77.019897 -32.353603 -244.815247
v -121.485718 -32.345268 -267.774231
v -213.831177 -32.346336 -273.073547
v -157.883667 -29.477621 -306.875793
v -280.702759 -32.316330 -169.086975
v -304.420044 -32.311722 -137.212708
v -298.709839 -32.318520 -157.726379
v -279.361694 -32.322132 -141.338928
v -289.127808 -32.332123 -122.446350
v -310.969604 -32.326561 -115.239807
v -226.596313 -32.319702 -201.588196
v -20.742798 -32.332897 -216.456360
v -10.188843 -32.336117 -195.696594
v -189.949585 2.019043 -87.827942
v -198.578491 6.621239 -104.419250
v -225.360962 -19.424051 -101.699768
v -220.914917 2.441124 -102.984436
v -282.562622 -10.950546 -76.730774
v -256.115845 -32.313721 -12.898743
v -283.909058 -32.312397 -11.378235
v -308.476440 -32.317169 9.990173
v -269.004028 -32.313236 4.062927
v -210.859497 -32.205906 -4.688293
v -350.708130 -24.329800 -10.959534
v -371.639526 -31.254002 10.483093
v -329.571899 -31.059689 -13.123352
v -396.133423 -32.348030 100.688293
v -411.042358 -32.352905 114.441101
v -389.167847 -32.321815 122.428894
v -388.397827 -32.338623 144.301819
v -351.629761 -32.342720 149.268982
v -184.864380 -31.642883 1.068298
v -153.463501 -32.277020 56.449646
v -131.590942 -24.232368 37.499939
v -147.111206 -18.443718 0.888855
v -260.575562 -31.856094 186.625305
v -249.240112 -27.286718 206.622864
v -227.585327 -30.034000 208.350403
v -285.530151 -26.441444 198.351379
v -308.043335 -29.195881 190.011780
v -337.006958 -27.937065 187.830139
v 14.185913 -32.309380 -196.700012
v 31.064331 10.112789 -158.278137
v 26.668091 5.372974 -172.783264
v -7.425171 -8.309795 -165.667053
v 11.166626 -7.335541 -173.108948
v -56.109985 -9.979631 -153.942200
v -31.254517 -16.558109 -159.062317
v -57.478882 -31.094126 -172.602600
v -29.495972 10.757927 -143.297913
v -47.781128 -26.485161 -157.276672
v -13.255493 11.888668 -157.412170
v -38.584595 4.278652 -155.776917
v 155.429565 7.844898 -157.277405
v 141.344849 8.459747 -140.078430
v 119.180786 -4.155617 -124.495422
v 162.460327 1.556717 -122.291321
v 34.155640 -27.465214 -151.453430
v 26.169312 -32.322464 -13.764954
v 15.296265 -32.315006 -48.063782
v -57.838257 -32.314880 -61.701477
v -66.993286 -30.646629 -112.793030
v -94.797729 -31.223446 -106.683411
v -56.260132 -32.319256 -88.433167
v -24.497681 -32.317524 -117.076477
v -79.085571 -32.313198 -76.481018
v -45.130737 -32.338497 -107.982971
v -45.913696 -14.884224 -134.776428
v -66.296753 12.214298 -134.835510
v -77.772095 -31.733784 -96.343079
v -84.148560 -8.578411 -119.556702
v -83.055298 -26.193363 -119.516174
v -35.249878 -32.338852 -51.239319
v 315.855103 -24.405632 -4.629211
v 276.272095 -20.917444 -35.406799
v 298.309448 -28.804953 33.277771
v 270.179565 -31.804516 7.433044
v -34.957642 -26.744797 66.757019
v -66.182007 -32.325478 42.713806
v -12.652954 -26.935163 118.925354
v 7.223755 -30.568035 77.052673
v -67.556030 -27.457500 91.411804
v 72.338745 13.666550 266.493713
v 93.664673 9.720165 272.433167
v 95.208130 1.904331 252.726746
v 122.375366 -15.176857 128.651306
v 157.853149 -17.430779 202.342468
v 122.116333 -3.654289 183.277649
v 128.346069 -19.095745 254.549377
v 122.724487 -27.747372 229.293884
v 115.369019 -17.507429 205.726624
v 102.021362 9.592831 201.960999
v 104.474243 -17.665295 224.503235
v 90.760132 2.572750 225.438416
v 90.812378 16.519230 238.150085
v 94.898315 -25.178812 261.270447
v 108.323120 -26.946106 277.383118
v 89.288940 -28.546360 281.027039
v 128.423218 -13.056442 297.700500
v 239.445923 -32.356834 -78.674133
v 208.147583 -32.322144 -76.962463
v 185.277222 -32.179714 -78.159729
v 158.470337 -24.352337 -87.814270
v 200.696167 -32.348358 -41.727844
v 211.490601 -32.322285 -57.887512
v -155.237671 -32.107864 -286.959778
v -149.276733 -32.341869 -259.813782
v -176.043579 -32.315220 -244.700989
v -254.828979 -32.326649 -208.532532
v -255.635376 -32.316277 -180.813049
v -244.288940 -10.598789 -93.369446
v -250.960815 -30.416977 -106.831604
v -266.457642 -32.346909 -122.799622
v -266.496704 2.091469 -79.549866
v -256.992065 -32.338776 -31.667786
v -331.263794 -32.313236 65.434998
v -201.997925 -26.763973 -19.707336
v -229.670044 -30.503819 -20.358215
v -237.168091 -32.346233 2.581482
v -223.010376 -32.335011 33.948914
v -219.852905 -32.335594 13.691101
v -382.911011 -21.535465 -0.723450
v -389.684937 -31.256205 21.421570
v -365.033813 -32.320984 49.411560
v -166.781860 -32.313160 32.585876
v -192.370972 -32.314114 62.536072
v -174.011108 -32.316113 52.258484
v 110.588745 -11.032017 -143.184875
v 104.955444 -14.166071 -112.378235
v 126.491089 5.225998 -107.920959
v -64.137573 -4.429314 -128.159485
v -103.907837 10.651527 -132.846008
v 288.780396 -27.939396 2.681335
v 256.217651 -25.794189 -16.428040
v 276.885620 -27.737751 -15.879456
v 237.208862 -19.751032 -22.391418
v 224.400757 -31.684002 -37.798645
v 243.835327 -26.563461 7.436951
v 255.887329 -32.314163 29.800720
v 232.324829 -30.804955 38.835632
v 260.725952 -32.293968 49.318542
v -20.703979 -25.706049 97.493103
v -39.102173 -31.544498 107.681946
v 0.841431 -26.272217 101.623840
v 13.022583 -29.519516 124.226135
v 25.240845 -32.322311 140.506531
v -64.682983 -32.326164 73.267761
v -73.229126 -13.517759 113.120300
v -65.952759 -17.543203 132.279602
v 132.697632 -22.832054 188.264221
v 131.010864 -11.897001 164.808411
v 139.812866 -8.364374 154.810730
v 104.901489 14.384247 177.424500
v 76.942993 11.269592 172.729553
v 83.944214 21.878098 195.689026
v 247.596069 -30.094006 -94.895569
v 174.173950 -28.206703 -100.719055
v 153.411987 -3.243340 -99.027161
v 129.545288 -18.581360 -53.778625
v -187.393677 -32.324142 -261.638977
v -198.668091 -32.319790 -220.016907
v -233.630737 -32.370159 -234.450989
v -232.338257 -32.349545 -258.241516
v -265.165649 -30.475008 -94.939270
v -220.488159 -32.307178 -134.055481
v -243.565796 -32.326981 -128.854309
v -228.062866 -31.686546 -113.964417
v -200.433960 -32.034370 -115.280579
v -227.115601 -32.322361 -165.643616
v -153.496216 -32.361633 -138.862610
v -237.182007 -32.315132 -148.060852
v -174.201050 -29.227480 -122.322083
v -157.648315 -2.718903 -122.645813
v -188.458862 -32.380020 -157.276672
v -198.444458 -32.323174 -137.385315
v -174.369263 -32.237328 -141.684143
v -327.721069 -32.333557 34.460144
v -386.638794 -32.322361 57.167419
v -366.086792 -32.327209 80.426697
v -385.988159 -32.322933 83.301453
v -353.742065 -32.318748 27.387390
v -104.155884 2.820091 -114.054016
v -85.015259 8.939461 -126.023254
v 80.105347 8.753002 151.140808
v 64.925903 -23.761902 154.765320
v 147.902710 -26.271681 -66.341858
v 138.009155 -7.169291 -73.588196
v 146.716919 -30.099541 -40.719299
v 121.955444 2.752491 -59.274963
v 100.704224 8.403439 -35.044250
v 113.168091 -19.813692 -17.452454
v 103.036743 -4.401318 -4.149719
v 128.485718 -27.983578 -29.056458
v -193.731323 -32.327351 -238.233215
v -148.734497 -32.341908 -197.040588
v -125.297485 -32.318161 -212.818420
v -159.995728 -32.323265 -168.653870
v -151.847778 -32.309433 -226.884338
v -115.676392 -32.371738 -173.478088
v -127.807007 -32.347404 -191.345764
v -237.993042 -32.332989 -216.345764
v -235.798706 -32.326584 -183.771790
v -174.831909 7.223827 -115.684387
v -129.434937 -2.653656 -133.055969
v -197.577026 -32.356594 -187.996887
v -343.848267 -32.321445 48.278503
v -285.342407 -32.355335 55.152527
v -279.668823 -32.324524 28.776794
v -288.224731 -32.311176 10.292664
v -302.988892 -32.338791 37.457947
v -308.259155 -32.329857 60.477722
v -308.080200 -32.331333 115.913025
v -314.258911 -32.315857 88.157776
v -341.055542 -32.325478 90.593323
v -274.412720 -32.325466 94.095886
v -292.045532 -32.315220 77.999207
v -295.045044 -32.316521 99.144958
v 63.751343 -13.926174 179.284485
v 173.675415 -32.344200 -33.178528
v 87.323853 -7.853643 -48.275940
v 88.708374 -16.749889 -68.769592
v 84.762329 -0.310413 -25.501282
v -174.894653 -32.316521 -220.920715
v -133.312134 -32.309967 -229.760315
v -136.457397 -32.354671 -158.160706
v -128.509155 -26.482944 -136.366760
v -115.738892 -31.270571 -152.041565
v -146.111694 -20.082022 -125.522766
v -109.474487 -4.585434 -136.763000
v -82.828979 -4.242470 -146.566467
v -75.185425 -28.092016 -152.114075
v -94.970825 -32.344669 -162.588684
v -93.501587 -32.373596 -190.525696
v -78.360474 -32.325912 -175.797668
v -67.576294 -32.336933 -202.015930
v -70.689575 -32.377960 -223.756165
v -207.945435 -32.345013 -203.692688
v -206.230835 -32.339096 -168.731262
v -179.675659 -32.311607 -176.600647
v -288.818481 -32.327160 145.341003
v -278.694458 -32.320999 120.577087
v -264.966187 -32.357880 140.932556
v -236.019165 -32.344048 147.384827
v -230.026001 -32.313721 170.099426
v 66.436401 -4.026878 160.745911
v 50.875122 -29.969658 170.365051
v 27.535278 -31.730768 192.750916
v 28.222534 -29.092712 214.241028
v 55.205200 -16.590738 200.565979
v -279.373901 -32.365730 162.954163
v -221.582153 -32.327122 123.320984
v -241.643188 -32.309341 97.065247
v -259.261841 -32.326218 110.295837
v -243.581665 -32.345329 126.272156
v -0.757935 -32.311008 174.146179
v -29.817749 -32.339935 169.762390
v -5.395386 -32.316467 145.908386
v -32.043823 -31.456268 138.283997
v 10.642212 -32.313744 157.696594
v -51.525269 -29.491442 142.994812
v 46.109009 -28.426712 188.876648
v -224.100464 -32.333382 69.755066
v 8.260620 -32.317448 191.256531
v -18.801636 -31.778528 191.517639
v -224.859985 -32.317234 88.572449
v -205.579956 -32.345001 78.152527
v -211.369263 -32.329487 52.173035
v -255.676636 -32.352825 68.715759
v -259.870483 -32.340202 44.072937
v -257.313110 -32.321865 87.171570
v 21.946167 -32.394619 -99.165588
v 25.847290 -32.335037 -119.404602
v 0.420776 -32.326546 -121.931458
v -8.950073 -15.553417 -143.004456
v 14.091675 -15.584024 -150.428772
v -0.099487 5.419106 -145.066956
v -8.714478 -32.315502 -102.177063
v -15.138550 -31.732422 -134.886047
v 216.664185 3.057545 208.191345
v -12.690063 -32.317142 -61.712708
v 298.381226 -31.410709 62.182800
v 58.263062 -28.763071 -53.082825
v 36.526733 -32.037769 -54.424866
v 59.666626 -28.215332 -34.045227
v 58.816040 -28.773773 -75.087708
v 101.282104 6.004330 130.180603
v 92.513550 1.702938 108.540466
v -327.121216 -32.318859 -140.151184
v -368.498657 -32.344681 133.963440
v -37.518433 -31.695835 -182.382629
v 17.224243 -32.319000 -69.254211
v 0.830444 -32.317726 -32.904602
v 112.724976 -1.930161 164.001160
v -147.928833 -26.651501 21.906921
v -167.604614 -32.322285 95.314148
v -167.739380 -32.325962 135.836853
v -185.189331 -32.387264 147.925232
v -191.250610 -32.325974 120.323303
v -171.324097 -32.336830 115.553650
v -113.144897 -30.824768 116.359436
v -142.189087 -32.336830 120.887146
v -106.920288 -17.224211 90.478333
v -187.986450 -32.347393 99.696838
v -137.159790 -32.315197 158.363831
v -138.779175 -29.619759 191.360657
v -94.500610 -13.456484 117.795837
v -86.622925 -2.102013 109.406067
v -147.713257 -32.321915 140.717468
v -124.173462 -27.295383 137.741272
v -105.549194 -18.763508 168.799744
v -120.371460 -21.641294 156.499817
v -94.790894 -27.129272 141.786316
v -89.447144 -25.650463 181.009705
v -149.419556 -31.880400 174.524841
v -126.084595 -16.944902 212.201965
v -109.337524 -10.923670 210.439880
v -119.219360 -12.784348 188.798645
v -131.447876 -20.779839 230.814514
v -128.274780 -24.429405 174.989685
v -85.464233 -12.777449 136.982239
v -81.060669 -20.414816 160.769714
v -76.598755 0.291706 158.973572
v -254.837769 -32.340164 -244.232971
v 77.318726 -16.244884 139.909973
v 59.498901 -24.738697 131.115906
v 47.872192 -31.854681 147.459412
v 125.174683 -30.585749 -6.632385
v 114.864624 -9.624744 -38.031555
v -321.478638 -32.312588 143.654846
v -334.264771 -32.340393 157.963684
v -305.715454 -32.335049 160.788391
v -304.792114 -32.323696 134.791931
v -336.383667 -32.327705 118.956848
v -351.147339 -32.335773 106.719666
v -171.721802 -32.341030 -198.158020
v -238.029419 -32.340076 51.430359
v -26.868530 -6.653128 -135.395569
v -28.895386 -32.329945 -92.930237
v -125.273560 -30.237514 70.114197
v -111.943237 -17.357046 71.290222
v -122.763306 -22.527519 53.704529
v -147.353882 -32.343307 80.549255
v -168.142212 -32.313553 73.388123
v -147.862427 -32.314926 101.119934
v -120.978882 -30.808847 93.748230
v 201.246460 -32.355129 -16.541077
vt 0.027120 0.864038
vt 0.032209 0.858621
vt 0.034841 0.864957
vt 0.027275 0.889775
vt 0.031569 0.884779
vt 0.034735 0.888993
vt 0.038090 0.881541
vt 0.034720 0.873315
vt 0.040546 0.873519
vt 0.040530 0.862927
vt 0.052099 0.863428
vt 0.043429 0.868349
vt 0.021594 0.866492
vt 0.027754 0.870065
vt 0.023069 0.872961
vt 0.058129 0.861650
vt 0.064001 0.861069
vt 0.061310 0.866693
vt 0.117346 0.879073
vt 0.124108 0.878412
vt 0.121536 0.886098
vt 0.038536 0.857147
vt 0.078330 0.859193
vt 0.073823 0.854865
vt 0.082100 0.855851
vt 0.017732 0.874490
vt 0.047261 0.856452
vt 0.134376 0.855657
vt 0.129800 0.859862
vt 0.125396 0.855460
vt 0.056026 0.855718
vt 0.058095 0.871785
vt 0.161025 0.871685
vt 0.161825 0.866585
vt 0.163753 0.875996
vt 0.155074 0.865483
vt 0.096685 0.867807
vt 0.093234 0.863490
vt 0.102711 0.860575
vt 0.120887 0.862940
vt 0.120397 0.871627
vt 0.116815 0.866874
vt 0.069791 0.872074
vt 0.069637 0.862956
vt 0.052157 0.871705
vt 0.018503 0.909468
vt 0.009991 0.906865
vt 0.015910 0.904089
vt 0.020865 0.880653
vt 0.027336 0.879391
vt 0.110442 0.883349
vt 0.102200 0.878734
vt 0.110637 0.873906
vt 0.013722 0.892424
vt 0.017893 0.898301
vt 0.012228 0.901384
vt 0.022115 0.905247
vt 0.022590 0.885985
vt 0.014655 0.883380
vt 0.024196 0.917248
vt 0.023203 0.910852
vt 0.028219 0.910155
vt 0.086831 0.953577
vt 0.086461 0.959313
vt 0.079906 0.955481
vt 0.036375 0.932561
vt 0.045977 0.930256
vt 0.043058 0.939551
vt 0.031605 0.917137
vt 0.035571 0.921791
vt 0.029928 0.925168
vt 0.116408 0.855653
vt 0.107522 0.855777
vt 0.111912 0.864087
vt 0.051813 0.937565
vt 0.049857 0.946552
vt 0.144356 0.862299
vt 0.151007 0.856646
vt 0.147882 0.867081
vt 0.057855 0.943991
vt 0.057498 0.952379
vt 0.085221 0.861600
vt 0.078761 0.864734
vt 0.062244 0.948308
vt 0.096224 0.924268
vt 0.089160 0.916712
vt 0.098099 0.918469
vt 0.065766 0.956448
vt 0.030276 0.875854
vt 0.138450 0.862511
vt 0.138226 0.869896
vt 0.132393 0.869917
vt 0.103902 0.872436
vt 0.094692 0.872493
vt 0.102443 0.866813
vt 0.143422 0.856368
vt 0.143822 0.871058
vt 0.128677 0.865884
vt 0.158150 0.857600
vt 0.091084 0.868376
vt 0.044891 0.877050
vt 0.155260 0.873013
vt 0.146658 0.876318
vt 0.066666 0.877186
vt 0.154977 0.909421
vt 0.157923 0.916914
vt 0.150668 0.909932
vt 0.158498 0.881933
vt 0.165471 0.885459
vt 0.064894 0.855126
vt 0.089653 0.857527
vt 0.098289 0.855991
vt 0.164124 0.894066
vt 0.163753 0.902773
vt 0.160591 0.898554
vt 0.121448 0.936963
vt 0.125814 0.942965
vt 0.117439 0.944856
vt 0.145318 0.916107
vt 0.141891 0.920548
vt 0.137218 0.912914
vt 0.091074 0.927295
vt 0.096105 0.931114
vt 0.088204 0.934704
vt 0.126159 0.870489
vt 0.129840 0.875095
vt 0.082338 0.962273
vt 0.074925 0.959789
vt 0.162545 0.913217
vt 0.161920 0.908737
vt 0.165769 0.908171
vt 0.159613 0.907725
vt 0.158165 0.902786
vt 0.157103 0.898315
vt 0.161101 0.889603
vt 0.108930 0.944543
vt 0.108416 0.937304
vt 0.116098 0.914775
vt 0.109022 0.917227
vt 0.112335 0.908288
vt 0.140245 0.938651
vt 0.138531 0.930677
vt 0.146429 0.931503
vt 0.133327 0.944992
vt 0.125746 0.950616
vt 0.061613 0.889727
vt 0.057586 0.895860
vt 0.051862 0.892022
vt 0.151978 0.924499
vt 0.146548 0.925050
vt 0.025592 0.857686
vt 0.075483 0.869952
vt 0.032510 0.905870
vt 0.036315 0.911180
vt 0.026415 0.900951
vt 0.150382 0.916673
vt 0.144979 0.883430
vt 0.151498 0.884526
vt 0.146992 0.893607
vt 0.154065 0.902080
vt 0.052217 0.881554
vt 0.101954 0.933839
vt 0.102028 0.925666
vt 0.108903 0.930028
vt 0.109059 0.889500
vt 0.115248 0.891732
vt 0.149173 0.899090
vt 0.146359 0.900547
vt 0.141783 0.892345
vt 0.110183 0.958376
vt 0.111714 0.951503
vt 0.117658 0.955630
vt 0.114970 0.934034
vt 0.137024 0.877320
vt 0.043299 0.885140
vt 0.069396 0.882104
vt 0.059048 0.883975
vt 0.068416 0.888423
vt 0.079495 0.882986
vt 0.074576 0.891299
vt 0.151961 0.878335
vt 0.128992 0.883222
vt 0.019841 0.890938
vt 0.023973 0.895212
vt 0.110438 0.898725
vt 0.102428 0.903480
vt 0.099711 0.897359
vt 0.041347 0.892415
vt 0.034889 0.899449
vt 0.043762 0.912574
vt 0.039555 0.904703
vt 0.049687 0.907913
vt 0.030176 0.894486
vt 0.141794 0.904495
vt 0.145499 0.910091
vt 0.152139 0.891175
vt 0.157138 0.891968
vt 0.040363 0.927674
vt 0.068389 0.932515
vt 0.069284 0.939747
vt 0.062875 0.937190
vt 0.092094 0.898199
vt 0.087783 0.896138
vt 0.094928 0.892469
vt 0.095401 0.946455
vt 0.101683 0.941695
vt 0.102341 0.951549
vt 0.121113 0.929221
vt 0.125889 0.925095
vt 0.130098 0.934400
vt 0.114811 0.926709
vt 0.132205 0.925413
vt 0.104623 0.956515
vt 0.060596 0.877023
vt 0.081511 0.868800
vt 0.079107 0.874094
vt 0.094393 0.880022
vt 0.088752 0.878595
vt 0.085768 0.869370
vt 0.073296 0.877112
vt 0.137749 0.884725
vt 0.103413 0.892477
vt 0.041778 0.921599
vt 0.044414 0.899241
vt 0.047280 0.924257
vt 0.135027 0.919282
vt 0.128882 0.910471
vt 0.149624 0.904586
vt 0.133977 0.907826
vt 0.126847 0.919188
vt 0.052908 0.930829
vt 0.068632 0.918816
vt 0.061004 0.928148
vt 0.061453 0.918496
vt 0.075508 0.942905
vt 0.081708 0.941406
vt 0.080860 0.948094
vt 0.073212 0.951987
vt 0.067998 0.946146
vt 0.095256 0.955280
vt 0.134065 0.939100
vt 0.120034 0.950150
vt 0.100795 0.960848
vt 0.091204 0.962304
vt 0.049120 0.886676
vt 0.050091 0.916206
vt 0.053539 0.923955
vt 0.059355 0.902982
vt 0.067234 0.897584
vt 0.099190 0.885891
vt 0.088896 0.886498
vt 0.096650 0.906052
vt 0.084756 0.874485
vt 0.143181 0.888835
vt 0.134819 0.889480
vt 0.077949 0.937460
vt 0.087137 0.942338
vt 0.094982 0.937624
vt 0.089443 0.948048
vt 0.108222 0.923654
vt 0.119223 0.921534
vt 0.086334 0.925656
vt 0.122529 0.914356
vt 0.076171 0.931647
vt 0.081635 0.927669
vt 0.082377 0.934388
vt 0.103068 0.911494
vt 0.094382 0.911600
vt 0.108359 0.903958
vt 0.086210 0.881691
vt 0.133443 0.895753
vt 0.123237 0.901082
vt 0.128132 0.891225
vt 0.135541 0.902024
vt 0.071034 0.925642
vt 0.076294 0.921521
vt 0.068138 0.911653
vt 0.076489 0.914767
vt 0.073842 0.897798
vt 0.082631 0.921004
vt 0.085242 0.915791
vt 0.062767 0.907623
vt 0.057085 0.911412
vt 0.051966 0.900603
vt 0.081599 0.895153
vt 0.073656 0.909455
vt 0.068891 0.904148
vt 0.081985 0.910734
vt 0.075884 0.903903
vt 0.084682 0.904380
vt 0.090159 0.904602
vt 0.087108 0.910018
vt 0.116925 0.898244
vt 0.116376 0.903670
vt 0.120769 0.908240
vt 0.849596 0.080779
vt 0.859630 0.079073
vt 0.856630 0.085745
vt 0.840235 0.079116
vt 0.844715 0.083572
vt 0.838964 0.090550
vt 0.847870 0.088754
vt 0.863334 0.073663
vt 0.854986 0.074699
vt 0.858706 0.069192
vt 0.829251 0.050245
vt 0.833830 0.044048
vt 0.839741 0.053055
vt 0.846082 0.073625
vt 0.856869 0.059543
vt 0.853853 0.054386
vt 0.860680 0.053701
vt 0.831700 0.085398
vt 0.842061 0.066253
vt 0.840389 0.073986
vt 0.736038 0.113441
vt 0.743877 0.110872
vt 0.741590 0.119784
vt 0.800169 0.090740
vt 0.807989 0.086516
vt 0.809534 0.092302
vt 0.862480 0.063742
vt 0.815907 0.078278
vt 0.823116 0.083578
vt 0.815823 0.085735
vt 0.786803 0.090984
vt 0.780174 0.091977
vt 0.783219 0.086532
vt 0.776510 0.101009
vt 0.782857 0.106715
vt 0.774001 0.109476
vt 0.825991 0.078965
vt 0.789926 0.084398
vt 0.798260 0.081992
vt 0.797094 0.086381
vt 0.830381 0.093270
vt 0.738491 0.107676
vt 0.745961 0.105511
vt 0.802742 0.095480
vt 0.806499 0.098045
vt 0.800426 0.100553
vt 0.859036 0.028033
vt 0.858696 0.037386
vt 0.855079 0.033259
vt 0.852357 0.064191
vt 0.855826 0.041396
vt 0.861164 0.044645
vt 0.771986 0.001884
vt 0.782117 0.001630
vt 0.777531 0.007305
vt 0.847811 0.031434
vt 0.843890 0.026239
vt 0.852875 0.029376
vt 0.835840 0.028892
vt 0.841253 0.033686
vt 0.834401 0.036419
vt 0.851130 0.036721
vt 0.825390 0.089104
vt 0.820836 0.087386
vt 0.822003 0.010266
vt 0.829650 0.015586
vt 0.823742 0.018421
vt 0.828117 0.023521
vt 0.831622 0.077945
vt 0.835406 0.071277
vt 0.755949 0.114341
vt 0.750411 0.117321
vt 0.752947 0.109987
vt 0.801328 0.069598
vt 0.799738 0.076430
vt 0.794551 0.073271
vt 0.813742 0.004953
vt 0.814424 0.013222
vt 0.802798 0.085448
vt 0.800631 0.003773
vt 0.796371 0.000004
vt 0.804774 0.000593
vt 0.786263 0.101704
vt 0.794460 0.096752
vt 0.791717 0.103762
vt 0.829672 0.031446
vt 0.814796 0.094775
vt 0.761422 0.025635
vt 0.765003 0.032160
vt 0.756787 0.033535
vt 0.822142 0.090395
vt 0.851324 0.070192
vt 0.769412 0.103776
vt 0.792125 0.090205
vt 0.784144 0.096438
vt 0.759154 0.104863
vt 0.764965 0.112121
vt 0.765709 0.097471
vt 0.732678 0.104997
vt 0.732688 0.121608
vt 0.727773 0.112999
vt 0.749910 0.094726
vt 0.756240 0.100909
vt 0.750988 0.102694
vt 0.810732 0.075331
vt 0.816660 0.070413
vt 0.822725 0.073839
vt 0.728193 0.098078
vt 0.723161 0.104345
vt 0.753311 0.087299
vt 0.757837 0.095610
vt 0.724093 0.088246
vt 0.719870 0.090312
vt 0.716291 0.081620
vt 0.745199 0.026930
vt 0.744007 0.036925
vt 0.737475 0.033083
vt 0.748194 0.011019
vt 0.754307 0.007146
vt 0.753280 0.012017
vt 0.774626 0.081822
vt 0.782513 0.079914
vt 0.777254 0.086632
vt 0.767980 0.006360
vt 0.762406 0.004276
vt 0.769311 0.012029
vt 0.718362 0.096111
vt 0.714014 0.087640
vt 0.730095 0.034491
vt 0.735123 0.025764
vt 0.716958 0.073475
vt 0.709766 0.074481
vt 0.779886 0.073637
vt 0.713749 0.069880
vt 0.704340 0.072787
vt 0.750319 0.031474
vt 0.754705 0.023662
vt 0.737022 0.066358
vt 0.743153 0.066446
vt 0.744990 0.072355
vt 0.723061 0.058950
vt 0.724158 0.069360
vt 0.719368 0.062679
vt 0.730904 0.040490
vt 0.725790 0.043608
vt 0.722104 0.052997
vt 0.736176 0.043426
vt 0.709596 0.079959
vt 0.770129 0.086406
vt 0.767194 0.079972
vt 0.864547 0.083289
vt 0.771811 0.097254
vt 0.840525 0.040807
vt 0.845008 0.037775
vt 0.722014 0.077956
vt 0.735603 0.099979
vt 0.741233 0.102026
vt 0.828037 0.068002
vt 0.786849 0.043854
vt 0.793115 0.051081
vt 0.786313 0.053028
vt 0.740528 0.023734
vt 0.748968 0.019388
vt 0.781052 0.066202
vt 0.775769 0.062096
vt 0.779588 0.059646
vt 0.786570 0.010017
vt 0.786300 0.005521
vt 0.791878 0.006181
vt 0.778775 0.014556
vt 0.733617 0.049344
vt 0.728958 0.076725
vt 0.729404 0.083779
vt 0.744690 0.082006
vt 0.745905 0.089020
vt 0.738750 0.087827
vt 0.728526 0.093022
vt 0.762536 0.092293
vt 0.773857 0.091419
vt 0.834567 0.063224
vt 0.809940 0.069051
vt 0.805165 0.076726
vt 0.823615 0.053702
vt 0.822447 0.047145
vt 0.789479 0.060173
vt 0.786882 0.068619
vt 0.808082 0.080360
vt 0.846960 0.060436
vt 0.840463 0.059721
vt 0.853604 0.047645
vt 0.846795 0.048603
vt 0.846531 0.043165
vt 0.848385 0.053690
vt 0.842965 0.047080
vt 0.826120 0.040326
vt 0.820874 0.036363
vt 0.837336 0.021188
vt 0.829681 0.058193
vt 0.788424 0.030365
vt 0.788192 0.022172
vt 0.793475 0.025221
vt 0.817074 0.041888
vt 0.823184 0.029899
vt 0.817522 0.020433
vt 0.810286 0.032120
vt 0.816314 0.027969
vt 0.792881 0.013365
vt 0.730409 0.068082
vt 0.733941 0.093664
vt 0.742406 0.042942
vt 0.761054 0.012299
vt 0.755942 0.016782
vt 0.751255 0.038402
vt 0.760716 0.038922
vt 0.756579 0.043764
vt 0.760886 0.019920
vt 0.765800 0.019903
vt 0.766019 0.025984
vt 0.806361 0.009315
vt 0.798810 0.009201
vt 0.801947 0.015083
vt 0.728111 0.061450
vt 0.734396 0.060348
vt 0.826029 0.063540
vt 0.820281 0.066699
vt 0.821011 0.059866
vt 0.760380 0.070509
vt 0.753480 0.077437
vt 0.752502 0.069453
vt 0.784912 0.072928
vt 0.788878 0.077389
vt 0.793681 0.078636
vt 0.780912 0.028460
vt 0.815424 0.058111
vt 0.812941 0.052452
vt 0.813003 0.061770
vt 0.811839 0.018393
vt 0.797188 0.019219
vt 0.810568 0.025467
vt 0.810427 0.043862
vt 0.806779 0.050204
vt 0.801416 0.028883
vt 0.806405 0.020686
vt 0.735380 0.073245
vt 0.740725 0.076980
vt 0.741080 0.094732
vt 0.735738 0.080426
vt 0.741241 0.017768
vt 0.746614 0.047696
vt 0.729716 0.054180
vt 0.790151 0.001802
vt 0.800625 0.022725
vt 0.795546 0.029810
vt 0.773047 0.018832
vt 0.761946 0.065054
vt 0.752456 0.063605
vt 0.770448 0.073348
vt 0.806322 0.063714
vt 0.805492 0.057174
vt 0.754885 0.052570
vt 0.737335 0.054866
vt 0.747967 0.054780
vt 0.757939 0.061116
vt 0.774411 0.025254
vt 0.779531 0.021581
vt 0.770583 0.030181
vt 0.774273 0.046413
vt 0.772270 0.040621
vt 0.780094 0.041455
vt 0.785029 0.016322
vt 0.778049 0.035182
vt 0.769602 0.035535
vt 0.750601 0.082359
vt 0.759736 0.086349
vt 0.764625 0.074604
vt 0.761620 0.080269
vt 0.775295 0.068609
vt 0.792853 0.056085
vt 0.793721 0.066195
vt 0.800821 0.061747
vt 0.798821 0.055137
vt 0.764127 0.045378
vt 0.770383 0.050509
vt 0.746693 0.061641
vt 0.785071 0.036968
vt 0.764434 0.058605
vt 0.765005 0.052528
vt 0.771443 0.059847
vt 0.767001 0.039330
vt 0.764043 0.086297
vt 0.767287 0.063739
vt 0.794710 0.035533
vt 0.793971 0.043326
vt 0.803566 0.044166
vt 0.798817 0.049316
vt 0.804020 0.036268
vt 0.795429 0.060762
vt 0.782165 0.048275
vt 0.780168 0.052248
vt 0.773348 0.054049
vt 0.759643 0.049149
vt 0.559043 0.009332
vt 0.554423 0.015204
vt 0.549112 0.009916
vt 0.504587 0.009997
vt 0.504527 0.000483
vt 0.509476 0.005217
vt 0.513620 0.014474
vt 0.507834 0.014753
vt 0.598348 0.062869
vt 0.612218 0.062919
vt 0.603575 0.067658
vt 0.521748 0.015618
vt 0.519376 0.007751
vt 0.686346 0.147633
vt 0.681864 0.144251
vt 0.690519 0.141030
vt 0.532909 0.006897
vt 0.525797 0.006791
vt 0.534286 0.000541
vt 0.678073 0.011142
vt 0.689441 0.008936
vt 0.687933 0.016403
vt 0.683474 0.001522
vt 0.691228 0.004559
vt 0.509558 0.024233
vt 0.516373 0.024255
vt 0.620004 0.126936
vt 0.626557 0.120735
vt 0.626771 0.129825
vt 0.544648 0.015124
vt 0.539196 0.008647
vt 0.590244 0.068555
vt 0.591289 0.062828
vt 0.504624 0.029043
vt 0.504543 0.019532
vt 0.621464 0.227172
vt 0.630560 0.231801
vt 0.622549 0.234548
vt 0.594610 0.053321
vt 0.608171 0.053371
vt 0.603538 0.058125
vt 0.512137 0.043372
vt 0.513164 0.033808
vt 0.519017 0.037632
vt 0.505116 0.038518
vt 0.578855 0.018549
vt 0.589152 0.021498
vt 0.584000 0.024472
vt 0.505759 0.076636
vt 0.506195 0.067030
vt 0.510579 0.072025
vt 0.513399 0.081180
vt 0.600074 0.024754
vt 0.608312 0.024747
vt 0.603597 0.029519
vt 0.559563 0.067758
vt 0.555971 0.059939
vt 0.564176 0.062595
vt 0.554136 0.000702
vt 0.549149 0.003968
vt 0.544209 0.000617
vt 0.510141 0.052819
vt 0.505825 0.057623
vt 0.505546 0.048063
vt 0.568977 0.008528
vt 0.564063 0.000779
vt 0.573989 0.000852
vt 0.701427 0.011186
vt 0.701652 0.020884
vt 0.694638 0.014325
vt 0.699542 0.001345
vt 0.696550 0.007126
vt 0.590501 0.007988
vt 0.578896 0.010713
vt 0.578931 0.004556
vt 0.596308 0.013166
vt 0.598779 0.005697
vt 0.677942 0.018964
vt 0.688260 0.022197
vt 0.682993 0.024981
vt 0.603750 0.000926
vt 0.593834 0.000939
vt 0.608704 0.005680
vt 0.603719 0.010454
vt 0.698426 0.025623
vt 0.701306 0.030449
vt 0.588799 0.015582
vt 0.597387 0.019354
vt 0.615000 0.024735
vt 0.612778 0.014895
vt 0.612262 0.034283
vt 0.603550 0.039053
vt 0.595720 0.034272
vt 0.603657 0.019986
vt 0.538446 0.018077
vt 0.529208 0.025058
vt 0.527610 0.018661
vt 0.618236 0.038169
vt 0.611187 0.043829
vt 0.588561 0.100934
vt 0.584147 0.093288
vt 0.592653 0.091430
vt 0.608589 0.081999
vt 0.603701 0.086741
vt 0.596765 0.081926
vt 0.603522 0.048591
vt 0.597772 0.094920
vt 0.596932 0.101005
vt 0.603628 0.077198
vt 0.606983 0.015214
vt 0.695337 0.020388
vt 0.612002 0.101121
vt 0.603876 0.105832
vt 0.512407 0.100225
vt 0.507569 0.105299
vt 0.507273 0.095357
vt 0.516796 0.145935
vt 0.521214 0.147631
vt 0.517440 0.153640
vt 0.513915 0.137235
vt 0.512484 0.128494
vt 0.519144 0.134370
vt 0.626918 0.214744
vt 0.622718 0.219844
vt 0.621026 0.212012
vt 0.583915 0.000912
vt 0.509743 0.148621
vt 0.510169 0.141958
vt 0.508938 0.123917
vt 0.508373 0.133147
vt 0.518150 0.128217
vt 0.514466 0.119231
vt 0.612113 0.196376
vt 0.605016 0.201153
vt 0.596337 0.196326
vt 0.527186 0.232255
vt 0.530525 0.238551
vt 0.523865 0.241288
vt 0.614059 0.231090
vt 0.587593 0.234042
vt 0.580836 0.237615
vt 0.581761 0.233745
vt 0.549036 0.242645
vt 0.559348 0.240683
vt 0.555150 0.247359
vt 0.549096 0.222371
vt 0.545763 0.214126
vt 0.555359 0.216358
vt 0.595964 0.167702
vt 0.609574 0.167723
vt 0.604923 0.172493
vt 0.535936 0.203326
vt 0.538410 0.196857
vt 0.542601 0.203414
vt 0.577533 0.230198
vt 0.573776 0.236907
vt 0.568460 0.232851
vt 0.562785 0.250885
vt 0.566465 0.244615
vt 0.569912 0.251998
vt 0.636909 0.240259
vt 0.636977 0.231446
vt 0.527766 0.156561
vt 0.530423 0.162402
vt 0.522940 0.160703
vt 0.539932 0.240154
vt 0.535788 0.235988
vt 0.506997 0.085929
vt 0.513524 0.090975
vt 0.613675 0.000904
vt 0.623608 0.000879
vt 0.618617 0.008205
vt 0.590042 0.229275
vt 0.596215 0.215492
vt 0.604953 0.210722
vt 0.604908 0.220287
vt 0.550122 0.191088
vt 0.550397 0.199749
vt 0.543528 0.192286
vt 0.661962 0.228856
vt 0.668634 0.223711
vt 0.670178 0.230422
vt 0.535702 0.175549
vt 0.527178 0.169443
vt 0.534696 0.168423
vt 0.612509 0.091573
vt 0.603781 0.096287
vt 0.662150 0.222046
vt 0.595841 0.231127
vt 0.597942 0.139139
vt 0.609791 0.139300
vt 0.604355 0.143922
vt 0.575025 0.224544
vt 0.569467 0.226778
vt 0.597714 0.088022
vt 0.587385 0.088009
vt 0.588386 0.081863
vt 0.574582 0.244047
vt 0.646129 0.218847
vt 0.635894 0.225154
vt 0.639994 0.216935
vt 0.532345 0.245388
vt 0.587788 0.223693
vt 0.549553 0.252123
vt 0.546607 0.247905
vt 0.540851 0.249252
vt 0.553286 0.236283
vt 0.560091 0.231156
vt 0.635565 0.247208
vt 0.629766 0.240276
vt 0.565478 0.238213
vt 0.565726 0.259584
vt 0.557507 0.255874
vt 0.643003 0.246016
vt 0.644616 0.241094
vt 0.650399 0.243258
vt 0.614561 0.223289
vt 0.530223 0.217354
vt 0.531295 0.208053
vt 0.537393 0.213279
vt 0.624899 0.007091
vt 0.633548 0.000854
vt 0.628512 0.012290
vt 0.630856 0.145697
vt 0.630597 0.158037
vt 0.624971 0.148077
vt 0.651849 0.037130
vt 0.647775 0.045452
vt 0.642480 0.037872
vt 0.638468 0.008641
vt 0.648371 0.010527
vt 0.642631 0.013481
vt 0.695408 0.072507
vt 0.693559 0.063184
vt 0.698741 0.067531
vt 0.678294 0.004944
vt 0.668254 0.008729
vt 0.664921 0.000338
vt 0.674814 0.000687
vt 0.695293 0.058083
vt 0.687796 0.059382
vt 0.693861 0.052689
vt 0.573705 0.083629
vt 0.581315 0.085660
vt 0.575610 0.091276
vt 0.607287 0.110633
vt 0.613110 0.110563
vt 0.596511 0.147949
vt 0.588557 0.146909
vt 0.590048 0.139096
vt 0.619592 0.151870
vt 0.617216 0.158197
vt 0.613490 0.148693
vt 0.613294 0.129779
vt 0.617088 0.139340
vt 0.590741 0.154654
vt 0.597787 0.154890
vt 0.522195 0.153987
vt 0.700143 0.039859
vt 0.694411 0.034778
vt 0.616844 0.120245
vt 0.700071 0.086194
vt 0.700924 0.095878
vt 0.694761 0.091472
vt 0.541591 0.171323
vt 0.541652 0.161745
vt 0.548172 0.166966
vt 0.529693 0.224092
vt 0.531782 0.228702
vt 0.621051 0.016196
vt 0.514444 0.000441
vt 0.699279 0.077000
vt 0.644501 0.253058
vt 0.649186 0.248457
vt 0.650288 0.256210
vt 0.689286 0.078357
vt 0.690038 0.072609
vt 0.613741 0.215474
vt 0.626936 0.018416
vt 0.634420 0.013065
vt 0.633109 0.022076
vt 0.518068 0.140565
vt 0.690053 0.030745
vt 0.689972 0.038529
vt 0.685427 0.034687
vt 0.671259 0.093709
vt 0.674389 0.101040
vt 0.666362 0.100181
vt 0.699318 0.124368
vt 0.693958 0.119381
vt 0.699385 0.115288
vt 0.693851 0.138074
vt 0.692305 0.130729
vt 0.694525 0.128705
vt 0.698901 0.133600
vt 0.687098 0.091442
vt 0.691066 0.096056
vt 0.557501 0.154579
vt 0.560980 0.147128
vt 0.566716 0.157835
vt 0.649435 0.235974
vt 0.642078 0.235335
vt 0.695842 0.145727
vt 0.526215 0.143793
vt 0.524601 0.137936
vt 0.524366 0.000466
vt 0.675086 0.168322
vt 0.668496 0.162565
vt 0.679717 0.162327
vt 0.527768 0.150078
vt 0.534051 0.155654
vt 0.698923 0.139955
vt 0.702401 0.148197
vt 0.598228 0.176991
vt 0.597571 0.186778
vt 0.591053 0.180683
vt 0.656898 0.200505
vt 0.661953 0.196079
vt 0.662136 0.204374
vt 0.612084 0.177259
vt 0.605002 0.182035
vt 0.605033 0.191586
vt 0.600233 0.205928
vt 0.611032 0.202481
vt 0.679534 0.217116
vt 0.675481 0.222660
vt 0.672434 0.216008
vt 0.597515 0.223375
vt 0.628437 0.224627
vt 0.616398 0.186784
vt 0.611109 0.183444
vt 0.593515 0.205873
vt 0.625195 0.184884
vt 0.620660 0.177193
vt 0.585292 0.188511
vt 0.576762 0.188156
vt 0.575924 0.182002
vt 0.608710 0.225047
vt 0.604929 0.229815
vt 0.632640 0.219612
vt 0.646987 0.225209
vt 0.641782 0.259636
vt 0.638305 0.252002
vt 0.545522 0.234178
vt 0.551874 0.228793
vt 0.610064 0.158180
vt 0.604799 0.162955
vt 0.681104 0.226766
vt 0.671311 0.203825
vt 0.678685 0.198376
vt 0.678791 0.207940
vt 0.611256 0.209582
vt 0.680730 0.150696
vt 0.676130 0.145895
vt 0.536523 0.183449
vt 0.529360 0.178993
vt 0.604177 0.134466
vt 0.590308 0.211981
vt 0.583597 0.213375
vt 0.582491 0.204616
vt 0.666017 0.179489
vt 0.657987 0.182364
vt 0.660584 0.176521
vt 0.664207 0.187900
vt 0.684834 0.243354
vt 0.678604 0.239940
vt 0.683068 0.234532
vt 0.670461 0.240960
vt 0.667086 0.236601
vt 0.674910 0.234339
vt 0.655681 0.246963
vt 0.658808 0.252821
vt 0.655912 0.240969
vt 0.676122 0.246586
vt 0.581644 0.220209
vt 0.665418 0.243879
vt 0.614643 0.068574
vt 0.621818 0.060454
vt 0.625224 0.066794
vt 0.653305 0.191272
vt 0.693753 0.153013
vt 0.648224 0.021406
vt 0.652371 0.015978
vt 0.696188 0.100693
vt 0.594183 0.160862
vt 0.677051 0.072529
vt 0.683688 0.080198
vt 0.675287 0.080661
vt 0.654988 0.000005
vt 0.648445 0.004421
vt 0.643500 0.000846
vt 0.667345 0.249530
vt 0.656702 0.235368
vt 0.661508 0.238684
vt 0.687101 0.160316
vt 0.687396 0.153605
vt 0.587952 0.198033
vt 0.545593 0.185893
vt 0.537309 0.189918
vt 0.565547 0.188846
vt 0.560519 0.183137
vt 0.569810 0.182948
vt 0.536066 0.218857
vt 0.620654 0.196291
vt 0.628166 0.192593
vt 0.628693 0.203464
vt 0.675633 0.193496
vt 0.670010 0.193886
vt 0.624035 0.163863
vt 0.679861 0.129508
vt 0.684692 0.119939
vt 0.689660 0.124810
vt 0.536418 0.028533
vt 0.542534 0.033704
vt 0.533798 0.036762
vt 0.540040 0.078163
vt 0.537324 0.085257
vt 0.532368 0.079025
vt 0.522345 0.031496
vt 0.522762 0.025079
vt 0.529131 0.031825
vt 0.523072 0.043315
vt 0.512994 0.062484
vt 0.559237 0.100542
vt 0.567307 0.103552
vt 0.561429 0.107380
vt 0.574582 0.077218
vt 0.566128 0.070294
vt 0.576656 0.071108
vt 0.584672 0.055120
vt 0.578040 0.053002
vt 0.581544 0.047050
vt 0.592794 0.105585
vt 0.523812 0.121529
vt 0.549062 0.020405
vt 0.591096 0.043552
vt 0.597123 0.040758
vt 0.597112 0.047294
vt 0.573603 0.021464
vt 0.568928 0.017686
vt 0.573159 0.013136
vt 0.594122 0.024742
vt 0.591145 0.030146
vt 0.627323 0.024711
vt 0.636599 0.027330
vt 0.628070 0.031629
vt 0.619959 0.071660
vt 0.626292 0.075076
vt 0.621792 0.082885
vt 0.621116 0.031605
vt 0.658603 0.013201
vt 0.654645 0.007620
vt 0.638544 0.033161
vt 0.647503 0.029868
vt 0.637812 0.120898
vt 0.642316 0.111202
vt 0.647695 0.116698
vt 0.664968 0.044115
vt 0.656997 0.049782
vt 0.656293 0.042692
vt 0.678033 0.057466
vt 0.666242 0.053133
vt 0.671288 0.047884
vt 0.691198 0.102093
vt 0.694375 0.110019
vt 0.675234 0.121392
vt 0.508301 0.114876
vt 0.515488 0.109056
vt 0.525420 0.129727
vt 0.532054 0.145295
vt 0.534327 0.134968
vt 0.540243 0.138484
vt 0.573654 0.097978
vt 0.568160 0.093488
vt 0.590974 0.173200
vt 0.576775 0.146711
vt 0.582588 0.141523
vt 0.582959 0.152481
vt 0.579459 0.170189
vt 0.585860 0.167624
vt 0.585902 0.176888
vt 0.531546 0.198352
vt 0.530809 0.188661
vt 0.544485 0.133071
vt 0.549174 0.137474
vt 0.600048 0.129649
vt 0.593832 0.128802
vt 0.672660 0.021758
vt 0.664093 0.026659
vt 0.668056 0.017916
vt 0.677058 0.043494
vt 0.689800 0.044540
vt 0.688737 0.050250
vt 0.672336 0.013426
vt 0.673806 0.175729
vt 0.667940 0.171210
vt 0.664595 0.154776
vt 0.659977 0.161817
vt 0.653588 0.158539
vt 0.621656 0.190098
vt 0.609549 0.120202
vt 0.604062 0.124924
vt 0.596466 0.120082
vt 0.618138 0.114212
vt 0.692752 0.025877
vt 0.675645 0.137495
vt 0.683936 0.138621
vt 0.684921 0.109870
vt 0.658130 0.216884
vt 0.654539 0.209046
vt 0.660672 0.210388
vt 0.652708 0.230067
vt 0.654578 0.223616
vt 0.646524 0.212660
vt 0.650257 0.200776
vt 0.666787 0.211938
vt 0.659916 0.242109
vt 0.685725 0.132144
vt 0.676107 0.155605
vt 0.682822 0.169230
vt 0.576190 0.210596
vt 0.574801 0.218400
vt 0.564646 0.219543
vt 0.569289 0.215142
vt 0.557921 0.225584
vt 0.672525 0.208959
vt 0.672627 0.183983
vt 0.631115 0.178274
vt 0.633988 0.186538
vt 0.616279 0.168142
vt 0.622724 0.170617
vt 0.522705 0.072658
vt 0.519701 0.065407
vt 0.528780 0.065541
vt 0.516458 0.071800
vt 0.529259 0.012283
vt 0.535189 0.013065
vt 0.549700 0.029046
vt 0.543187 0.025156
vt 0.522711 0.079046
vt 0.519645 0.086257
vt 0.528506 0.085764
vt 0.547451 0.075908
vt 0.554115 0.072029
vt 0.553675 0.078763
vt 0.594700 0.072377
vt 0.590187 0.057089
vt 0.589008 0.075413
vt 0.581526 0.077694
vt 0.584754 0.070456
vt 0.599326 0.110564
vt 0.603966 0.115378
vt 0.591107 0.037778
vt 0.575191 0.033858
vt 0.574626 0.027365
vt 0.580747 0.030514
vt 0.623112 0.052178
vt 0.614836 0.053376
vt 0.621179 0.022684
vt 0.633220 0.036273
vt 0.664477 0.013265
vt 0.637894 0.017870
vt 0.611600 0.073882
vt 0.621844 0.089316
vt 0.615437 0.082031
vt 0.634654 0.079932
vt 0.628135 0.082047
vt 0.621162 0.133812
vt 0.694023 0.082098
vt 0.689138 0.066907
vt 0.679869 0.086603
vt 0.687993 0.085045
vt 0.512915 0.113940
vt 0.520232 0.114972
vt 0.538750 0.149527
vt 0.546091 0.152498
vt 0.548068 0.159144
vt 0.549317 0.174629
vt 0.543250 0.179364
vt 0.551208 0.182185
vt 0.561886 0.212476
vt 0.551867 0.209197
vt 0.557957 0.204320
vt 0.555652 0.186648
vt 0.585203 0.159921
vt 0.604653 0.153409
vt 0.592859 0.111828
vt 0.591164 0.117444
vt 0.695500 0.044153
vt 0.697948 0.049197
vt 0.677534 0.066306
vt 0.683637 0.064917
vt 0.607755 0.148638
vt 0.679679 0.030918
vt 0.667838 0.035508
vt 0.673616 0.027667
vt 0.689889 0.114382
vt 0.659346 0.170368
vt 0.651485 0.175275
vt 0.670321 0.156815
vt 0.680407 0.178872
vt 0.678883 0.188532
vt 0.652275 0.165511
vt 0.669739 0.148976
vt 0.670603 0.142152
vt 0.563425 0.228305
vt 0.540827 0.222124
vt 0.542064 0.209375
vt 0.537125 0.230480
vt 0.535979 0.225077
vt 0.611119 0.190185
vt 0.616333 0.205584
vt 0.634485 0.192828
vt 0.635732 0.203450
vt 0.515564 0.052861
vt 0.518519 0.058721
vt 0.564357 0.013074
vt 0.559470 0.022427
vt 0.532262 0.106284
vt 0.524313 0.103821
vt 0.526342 0.097984
vt 0.584711 0.063803
vt 0.578121 0.062739
vt 0.586528 0.034237
vt 0.607479 0.129733
vt 0.584678 0.135589
vt 0.585467 0.108024
vt 0.568853 0.035252
vt 0.566258 0.027323
vt 0.626702 0.038342
vt 0.617544 0.105322
vt 0.618468 0.095583
vt 0.683620 0.073600
vt 0.700817 0.105537
vt 0.682815 0.101639
vt 0.533533 0.092219
vt 0.539858 0.091226
vt 0.533618 0.100266
vt 0.537331 0.109994
vt 0.540596 0.103310
vt 0.545707 0.142781
vt 0.566512 0.140524
vt 0.575039 0.138948
vt 0.568989 0.148963
vt 0.552235 0.150855
vt 0.553419 0.144634
vt 0.557302 0.172101
vt 0.554379 0.162190
vt 0.574409 0.163343
vt 0.572827 0.172143
vt 0.566236 0.167014
vt 0.582134 0.129711
vt 0.575231 0.154415
vt 0.569963 0.135854
vt 0.587673 0.126165
vt 0.580639 0.164071
vt 0.560294 0.140901
vt 0.561320 0.162036
vt 0.555484 0.136813
vt 0.560896 0.123642
vt 0.566774 0.124393
vt 0.562235 0.133650
vt 0.550440 0.104920
vt 0.543669 0.096520
vt 0.658356 0.021171
vt 0.623277 0.141686
vt 0.623886 0.112030
vt 0.680506 0.114704
vt 0.673890 0.114417
vt 0.565518 0.200784
vt 0.570887 0.194240
vt 0.573851 0.202417
vt 0.544774 0.227368
vt 0.646196 0.194292
vt 0.647820 0.188102
vt 0.642554 0.205030
vt 0.640677 0.189062
vt 0.639002 0.197159
vt 0.622699 0.205809
vt 0.633309 0.213178
vt 0.639284 0.210632
vt 0.630071 0.168524
vt 0.637714 0.161394
vt 0.651727 0.181596
vt 0.637032 0.171703
vt 0.643906 0.174877
vt 0.638242 0.180374
vt 0.643727 0.166355
vt 0.643647 0.150115
vt 0.650444 0.152159
vt 0.644730 0.158093
vt 0.648021 0.139041
vt 0.657006 0.135410
vt 0.655395 0.143508
vt 0.660918 0.148434
vt 0.525224 0.051748
vt 0.517555 0.046697
vt 0.531211 0.045459
vt 0.538428 0.041179
vt 0.558052 0.031504
vt 0.553687 0.024427
vt 0.519366 0.100126
vt 0.520160 0.093284
vt 0.571129 0.053633
vt 0.571161 0.065028
vt 0.573411 0.044045
vt 0.587809 0.049299
vt 0.581281 0.099990
vt 0.568149 0.077984
vt 0.560733 0.075986
vt 0.565613 0.086026
vt 0.557204 0.084621
vt 0.585797 0.119725
vt 0.579605 0.113009
vt 0.579582 0.038638
vt 0.633211 0.073191
vt 0.655946 0.029499
vt 0.636954 0.042164
vt 0.616877 0.047117
vt 0.626924 0.106342
vt 0.626866 0.095415
vt 0.633237 0.105047
vt 0.679145 0.094077
vt 0.677370 0.108317
vt 0.529394 0.123254
vt 0.537984 0.126978
vt 0.531693 0.128665
vt 0.579565 0.177101
vt 0.556147 0.178300
vt 0.591242 0.192998
vt 0.591314 0.186941
vt 0.554520 0.128616
vt 0.546840 0.125231
vt 0.659871 0.036554
vt 0.683953 0.053590
vt 0.629373 0.139389
vt 0.632240 0.133508
vt 0.649038 0.145597
vt 0.660627 0.092787
vt 0.668949 0.086094
vt 0.628365 0.088634
vt 0.639863 0.140807
vt 0.644481 0.133907
vt 0.663948 0.142045
vt 0.668195 0.128757
vt 0.663392 0.123510
vt 0.661356 0.130155
vt 0.655427 0.127894
vt 0.666828 0.135961
vt 0.673794 0.131527
vt 0.662039 0.110753
vt 0.666722 0.117227
vt 0.659363 0.117596
vt 0.643404 0.123056
vt 0.649523 0.130199
vt 0.568493 0.208807
vt 0.579515 0.196306
vt 0.559659 0.198358
vt 0.556765 0.192691
vt 0.565355 0.175475
vt 0.524991 0.060420
vt 0.557056 0.041673
vt 0.564110 0.040555
vt 0.540967 0.064400
vt 0.540690 0.056538
vt 0.547202 0.063264
vt 0.551163 0.037588
vt 0.529069 0.071850
vt 0.535545 0.073266
vt 0.527049 0.109500
vt 0.526297 0.091645
vt 0.534680 0.063311
vt 0.547359 0.086398
vt 0.527304 0.116098
vt 0.533301 0.119294
vt 0.541583 0.070690
vt 0.548139 0.069587
vt 0.545703 0.048978
vt 0.544785 0.041951
vt 0.551414 0.046017
vt 0.560398 0.092354
vt 0.553015 0.089062
vt 0.552229 0.095166
vt 0.561613 0.047202
vt 0.556718 0.052648
vt 0.563810 0.055145
vt 0.558033 0.113539
vt 0.551118 0.112696
vt 0.575789 0.104721
vt 0.570755 0.111154
vt 0.553211 0.065677
vt 0.549519 0.054208
vt 0.568124 0.047828
vt 0.577804 0.120916
vt 0.569823 0.119360
vt 0.539400 0.047476
vt 0.530751 0.058732
vt 0.585028 0.041827
vt 0.564838 0.114496
vt 0.533205 0.053307
vt 0.572957 0.125169
vt 0.568753 0.130056
vt 0.540052 0.120503
vt 0.642853 0.025254
vt 0.629765 0.044943
vt 0.622580 0.043824
vt 0.627688 0.057816
vt 0.623004 0.101156
vt 0.660878 0.084545
vt 0.665801 0.080580
vt 0.698340 0.058188
vt 0.669626 0.108682
vt 0.638558 0.131830
vt 0.633608 0.125155
vt 0.644883 0.105288
vt 0.641164 0.099963
vt 0.650403 0.101992
vt 0.640744 0.092508
vt 0.648099 0.093581
vt 0.653750 0.089176
vt 0.658950 0.103394
vt 0.553316 0.120436
vt 0.545816 0.117036
vt 0.667937 0.067651
vt 0.637685 0.063513
vt 0.631374 0.063112
vt 0.670876 0.041339
vt 0.636447 0.155031
vt 0.636687 0.148511
vt 0.629691 0.051678
vt 0.641447 0.058388
vt 0.634364 0.056340
vt 0.642729 0.050504
vt 0.640916 0.073412
vt 0.658857 0.077379
vt 0.668629 0.074925
vt 0.677777 0.050375
vt 0.634422 0.115940
vt 0.636362 0.110237
vt 0.653384 0.121870
vt 0.652168 0.110533
vt 0.661390 0.061029
vt 0.667318 0.059241
vt 0.648500 0.054689
vt 0.635753 0.049064
vt 0.654586 0.096345
vt 0.672785 0.062212
vt 0.660379 0.054948
vt 0.654738 0.058273
vt 0.646397 0.078862
vt 0.650445 0.072718
vt 0.634977 0.099039
vt 0.633336 0.092974
vt 0.640608 0.083387
vt 0.648696 0.061604
vt 0.643455 0.066106
vt 0.653057 0.081998
vt 0.647111 0.086440
vt 0.645406 0.182242
vt 0.544800 0.109604
vt 0.661143 0.070317
vt 0.654430 0.065466
vt 0.561245 0.590598
vt 0.553917 0.591655
vt 0.558074 0.584079
vt 0.510053 0.454376
vt 0.509522 0.444860
vt 0.514716 0.449330
vt 0.519316 0.458368
vt 0.513541 0.458946
vt 0.540756 0.671162
vt 0.535491 0.678258
vt 0.531999 0.672127
vt 0.527450 0.459094
vt 0.524759 0.451356
vt 0.587913 0.458546
vt 0.579031 0.454749
vt 0.584700 0.452135
vt 0.538269 0.449896
vt 0.531101 0.450065
vt 0.540870 0.444089
vt 0.600408 0.466183
vt 0.606517 0.465963
vt 0.602482 0.475708
vt 0.588389 0.471588
vt 0.593166 0.466224
vt 0.597801 0.471793
vt 0.515552 0.468343
vt 0.522507 0.468018
vt 0.574636 0.450274
vt 0.550413 0.457669
vt 0.544668 0.451402
vt 0.554702 0.452309
vt 0.534220 0.662806
vt 0.510718 0.473362
vt 0.510432 0.463891
vt 0.519719 0.477667
vt 0.511115 0.482870
vt 0.539578 0.659679
vt 0.545227 0.666384
vt 0.546198 0.688473
vt 0.537542 0.685045
vt 0.544971 0.679261
vt 0.525602 0.481223
vt 0.518958 0.487233
vt 0.694596 0.478952
vt 0.690130 0.474799
vt 0.694794 0.469971
vt 0.520549 0.515725
vt 0.518539 0.525195
vt 0.512160 0.520636
vt 0.511510 0.492400
vt 0.516252 0.496816
vt 0.511789 0.501574
vt 0.698328 0.494372
vt 0.706444 0.499590
vt 0.703139 0.504230
vt 0.562119 0.686396
vt 0.553570 0.682715
vt 0.558972 0.678799
vt 0.559402 0.442927
vt 0.554510 0.446364
vt 0.550880 0.444036
vt 0.569385 0.442667
vt 0.579359 0.442406
vt 0.608276 0.488196
vt 0.602446 0.488147
vt 0.603545 0.481812
vt 0.560259 0.457404
vt 0.555063 0.462778
vt 0.596180 0.449032
vt 0.584472 0.445967
vt 0.602288 0.454059
vt 0.604445 0.446529
vt 0.543276 0.574424
vt 0.543464 0.581778
vt 0.536498 0.576642
vt 0.609177 0.441458
vt 0.599261 0.441847
vt 0.614383 0.446080
vt 0.609640 0.451198
vt 0.555133 0.544129
vt 0.552243 0.551419
vt 0.548434 0.541872
vt 0.589320 0.442135
vt 0.594875 0.456747
vt 0.603505 0.460448
vt 0.621450 0.464900
vt 0.614391 0.465000
vt 0.619121 0.455188
vt 0.602251 0.502478
vt 0.599425 0.493942
vt 0.604765 0.493106
vt 0.613252 0.475222
vt 0.609604 0.479653
vt 0.609899 0.470350
vt 0.535272 0.468203
vt 0.533434 0.461877
vt 0.544291 0.460853
vt 0.616438 0.482765
vt 0.593323 0.540410
vt 0.589343 0.533529
vt 0.596841 0.530797
vt 0.612205 0.521444
vt 0.607305 0.526213
vt 0.601089 0.521249
vt 0.613068 0.492874
vt 0.608237 0.497774
vt 0.603197 0.531020
vt 0.601154 0.540121
vt 0.607466 0.516612
vt 0.613312 0.455954
vt 0.581715 0.472068
vt 0.573815 0.468265
vt 0.579324 0.464517
vt 0.512450 0.530210
vt 0.683597 0.528181
vt 0.686683 0.520895
vt 0.690899 0.525863
vt 0.512787 0.539837
vt 0.519006 0.544310
vt 0.513312 0.549561
vt 0.517546 0.554113
vt 0.514255 0.559324
vt 0.700630 0.456181
vt 0.706847 0.451753
vt 0.706996 0.461250
vt 0.695588 0.591691
vt 0.689590 0.592899
vt 0.689160 0.586599
vt 0.523129 0.572401
vt 0.525591 0.579324
vt 0.519585 0.580689
vt 0.618688 0.617596
vt 0.617366 0.608681
vt 0.623567 0.613297
vt 0.514245 0.584723
vt 0.520536 0.589080
vt 0.514959 0.593812
vt 0.516780 0.578869
vt 0.695656 0.586650
vt 0.530982 0.576879
vt 0.528067 0.568200
vt 0.706913 0.442178
vt 0.702466 0.446824
vt 0.571646 0.685263
vt 0.569786 0.692049
vt 0.521475 0.595464
vt 0.580393 0.682425
vt 0.577413 0.692701
vt 0.530067 0.583239
vt 0.531197 0.608806
vt 0.536867 0.606324
vt 0.540239 0.611035
vt 0.613866 0.663878
vt 0.618547 0.653962
vt 0.619746 0.663389
vt 0.610032 0.460928
vt 0.625475 0.687550
vt 0.617456 0.688003
vt 0.621077 0.680514
vt 0.549618 0.671186
vt 0.658693 0.439882
vt 0.653623 0.443143
vt 0.648706 0.439596
vt 0.539225 0.650340
vt 0.535514 0.654843
vt 0.536106 0.645479
vt 0.545915 0.613772
vt 0.543826 0.605342
vt 0.549608 0.608825
vt 0.528942 0.681431
vt 0.516547 0.534846
vt 0.677989 0.568725
vt 0.680924 0.575996
vt 0.674222 0.572774
vt 0.564675 0.451386
vt 0.536103 0.635993
vt 0.535061 0.626659
vt 0.541234 0.630857
vt 0.545602 0.659753
vt 0.545203 0.650617
vt 0.519425 0.444308
vt 0.530944 0.444207
vt 0.550962 0.624666
vt 0.555733 0.631001
vt 0.548649 0.630247
vt 0.625896 0.548247
vt 0.628707 0.555286
vt 0.618234 0.550090
vt 0.540272 0.619471
vt 0.544342 0.625181
vt 0.633318 0.551272
vt 0.635634 0.557695
vt 0.590204 0.547803
vt 0.584336 0.545847
vt 0.598008 0.560607
vt 0.604245 0.559687
vt 0.602260 0.569574
vt 0.609665 0.668952
vt 0.603574 0.669672
vt 0.601019 0.664162
vt 0.541415 0.498300
vt 0.531617 0.495194
vt 0.539158 0.489220
vt 0.563446 0.695239
vt 0.572024 0.698675
vt 0.554834 0.691847
vt 0.658739 0.454663
vt 0.653446 0.449162
vt 0.663379 0.448652
vt 0.585002 0.689657
vt 0.588433 0.678899
vt 0.593131 0.688897
vt 0.610814 0.502260
vt 0.607663 0.507071
vt 0.597212 0.681909
vt 0.599085 0.674071
vt 0.625047 0.522579
vt 0.619758 0.515861
vt 0.625218 0.514215
vt 0.535104 0.585370
vt 0.527198 0.588892
vt 0.583186 0.510700
vt 0.579126 0.521663
vt 0.577615 0.513494
vt 0.653167 0.678418
vt 0.660545 0.673079
vt 0.661907 0.679423
vt 0.610400 0.530957
vt 0.616041 0.531188
vt 0.617238 0.569302
vt 0.625985 0.572110
vt 0.620179 0.579040
vt 0.638901 0.439961
vt 0.637662 0.446281
vt 0.630665 0.446563
vt 0.613922 0.540399
vt 0.607548 0.545128
vt 0.588450 0.484627
vt 0.593429 0.481728
vt 0.593964 0.490677
vt 0.649217 0.454440
vt 0.643675 0.447509
vt 0.618111 0.473678
vt 0.545884 0.492350
vt 0.543142 0.484877
vt 0.685014 0.453330
vt 0.683354 0.446242
vt 0.694063 0.450476
vt 0.535617 0.483951
vt 0.528649 0.474934
vt 0.520448 0.506113
vt 0.700771 0.513713
vt 0.697398 0.503931
vt 0.705032 0.537952
vt 0.698520 0.532771
vt 0.705508 0.528365
vt 0.611842 0.549985
vt 0.699319 0.475219
vt 0.701609 0.465803
vt 0.594290 0.569730
vt 0.602803 0.575789
vt 0.614922 0.559358
vt 0.608467 0.564492
vt 0.678595 0.440706
vt 0.673340 0.448190
vt 0.668651 0.440259
vt 0.608969 0.594143
vt 0.609002 0.603602
vt 0.600598 0.598704
vt 0.698268 0.441780
vt 0.691214 0.456954
vt 0.683267 0.592633
vt 0.681854 0.599158
vt 0.674623 0.589105
vt 0.693183 0.444615
vt 0.528782 0.468501
vt 0.686971 0.580698
vt 0.680876 0.583759
vt 0.624425 0.447990
vt 0.626904 0.455279
vt 0.673047 0.457375
vt 0.678213 0.453010
vt 0.706848 0.480403
vt 0.706830 0.470866
vt 0.706222 0.509188
vt 0.705996 0.518778
vt 0.548821 0.466591
vt 0.542018 0.471393
vt 0.685587 0.543715
vt 0.693935 0.542082
vt 0.689382 0.551287
vt 0.602959 0.678961
vt 0.609259 0.678685
vt 0.609380 0.688372
vt 0.652433 0.489683
vt 0.656482 0.495990
vt 0.649050 0.496232
vt 0.549571 0.536135
vt 0.555255 0.537253
vt 0.632157 0.457508
vt 0.639626 0.451966
vt 0.638939 0.461617
vt 0.691897 0.570233
vt 0.696990 0.566645
vt 0.696296 0.574979
vt 0.701507 0.584477
vt 0.703270 0.575735
vt 0.601270 0.688687
vt 0.594940 0.668311
vt 0.587749 0.667759
vt 0.683363 0.536106
vt 0.694175 0.581044
vt 0.609805 0.659117
vt 0.603508 0.654369
vt 0.701243 0.591559
vt 0.558578 0.672311
vt 0.564724 0.672080
vt 0.601334 0.634973
vt 0.615541 0.634126
vt 0.609896 0.639434
vt 0.629616 0.677222
vt 0.624135 0.675189
vt 0.621385 0.541418
vt 0.690317 0.532340
vt 0.669531 0.653073
vt 0.663935 0.657435
vt 0.664646 0.648530
vt 0.605773 0.608386
vt 0.609131 0.613233
vt 0.617387 0.598566
vt 0.612097 0.589218
vt 0.613001 0.616798
vt 0.599460 0.624647
vt 0.594494 0.632038
vt 0.606171 0.644487
vt 0.616034 0.648341
vt 0.609797 0.649295
vt 0.655523 0.626875
vt 0.649029 0.620987
vt 0.656133 0.619826
vt 0.634354 0.681111
vt 0.609599 0.629346
vt 0.617128 0.623184
vt 0.600343 0.644691
vt 0.608897 0.620888
vt 0.600594 0.616567
vt 0.614734 0.682090
vt 0.617597 0.673396
vt 0.574965 0.459442
vt 0.619756 0.643820
vt 0.692281 0.519132
vt 0.693628 0.513342
vt 0.633562 0.687552
vt 0.598511 0.512502
vt 0.592795 0.509471
vt 0.595576 0.503571
vt 0.613513 0.579195
vt 0.617824 0.589147
vt 0.673858 0.648538
vt 0.681329 0.645021
vt 0.680427 0.653402
vt 0.647429 0.684669
vt 0.647445 0.679346
vt 0.674895 0.666212
vt 0.665826 0.665947
vt 0.671013 0.659558
vt 0.608962 0.584257
vt 0.512056 0.511096
vt 0.592040 0.661386
vt 0.670620 0.601533
vt 0.665611 0.591572
vt 0.671848 0.594851
vt 0.631531 0.650451
vt 0.628361 0.656503
vt 0.625394 0.649655
vt 0.642130 0.683428
vt 0.619093 0.440938
vt 0.629077 0.440417
vt 0.659083 0.685450
vt 0.667933 0.683566
vt 0.644849 0.693723
vt 0.639784 0.688330
vt 0.546566 0.563483
vt 0.550399 0.568754
vt 0.541403 0.568143
vt 0.653579 0.674151
vt 0.670057 0.674001
vt 0.676877 0.680315
vt 0.679905 0.674051
vt 0.685664 0.677417
vt 0.611629 0.569357
vt 0.608723 0.574352
vt 0.683505 0.667992
vt 0.675050 0.671026
vt 0.526551 0.600142
vt 0.527304 0.594543
vt 0.533038 0.593251
vt 0.679784 0.620084
vt 0.684706 0.616254
vt 0.681978 0.625251
vt 0.662706 0.612104
vt 0.669307 0.613614
vt 0.663308 0.618583
vt 0.588030 0.526629
vt 0.633086 0.463776
vt 0.642155 0.466493
vt 0.633597 0.470822
vt 0.631348 0.522089
vt 0.626419 0.470480
vt 0.626829 0.464301
vt 0.631906 0.477500
vt 0.623547 0.477343
vt 0.644535 0.554923
vt 0.640943 0.562986
vt 0.640622 0.495884
vt 0.635908 0.502851
vt 0.632291 0.497165
vt 0.679298 0.477142
vt 0.682642 0.483475
vt 0.697538 0.551851
vt 0.704559 0.547552
vt 0.703954 0.557125
vt 0.647774 0.549456
vt 0.653878 0.553666
vt 0.515000 0.569086
vt 0.519305 0.563691
vt 0.533324 0.617383
vt 0.524208 0.584751
vt 0.537637 0.589701
vt 0.533082 0.599146
vt 0.533297 0.571129
vt 0.549656 0.585332
vt 0.543311 0.590156
vt 0.574066 0.587650
vt 0.565820 0.585693
vt 0.576392 0.581230
vt 0.547810 0.595005
vt 0.538961 0.600921
vt 0.598517 0.580188
vt 0.601091 0.589207
vt 0.579216 0.570041
vt 0.580949 0.576428
vt 0.571895 0.574171
vt 0.542152 0.645607
vt 0.550411 0.655100
vt 0.555221 0.663528
vt 0.599950 0.608153
vt 0.568491 0.591654
vt 0.563469 0.598959
vt 0.576665 0.614858
vt 0.582690 0.618651
vt 0.577413 0.622304
vt 0.582572 0.660550
vt 0.581792 0.670015
vt 0.653140 0.459836
vt 0.694407 0.485008
vt 0.693288 0.490933
vt 0.683931 0.489433
vt 0.671354 0.466138
vt 0.676662 0.462691
vt 0.677397 0.469956
vt 0.679905 0.605281
vt 0.675974 0.609650
vt 0.627777 0.598444
vt 0.637563 0.598917
vt 0.635249 0.607006
vt 0.656221 0.575510
vt 0.660329 0.572764
vt 0.662327 0.578357
vt 0.629194 0.609693
vt 0.607394 0.535663
vt 0.631741 0.541713
vt 0.657743 0.545152
vt 0.661439 0.552209
vt 0.651361 0.561386
vt 0.656565 0.565443
vt 0.653863 0.569313
vt 0.688860 0.599287
vt 0.689419 0.575608
vt 0.685810 0.606819
vt 0.684292 0.558272
vt 0.678863 0.551592
vt 0.662185 0.585591
vt 0.668979 0.585514
vt 0.672344 0.581118
vt 0.684949 0.570180
vt 0.666577 0.575337
vt 0.653851 0.599636
vt 0.655576 0.590726
vt 0.660856 0.596068
vt 0.645580 0.570109
vt 0.649700 0.575151
vt 0.656259 0.582165
vt 0.650049 0.581757
vt 0.664163 0.567538
vt 0.646540 0.586976
vt 0.645970 0.595556
vt 0.638656 0.590717
vt 0.623007 0.566119
vt 0.631544 0.570128
vt 0.672652 0.629515
vt 0.673863 0.619664
vt 0.676376 0.642649
vt 0.667782 0.624471
vt 0.622338 0.657789
vt 0.642999 0.623451
vt 0.645732 0.629430
vt 0.638956 0.628128
vt 0.632822 0.625233
vt 0.630482 0.631871
vt 0.624854 0.627846
vt 0.665633 0.670863
vt 0.656229 0.663232
vt 0.651281 0.667427
vt 0.648575 0.657850
vt 0.595508 0.648518
vt 0.590211 0.645620
vt 0.594877 0.639363
vt 0.594647 0.612724
vt 0.595564 0.654556
vt 0.632114 0.659613
vt 0.625941 0.662451
vt 0.623768 0.669177
vt 0.527522 0.510799
vt 0.534816 0.455424
vt 0.540811 0.455970
vt 0.559175 0.470866
vt 0.554846 0.474752
vt 0.534719 0.533360
vt 0.533726 0.542626
vt 0.528978 0.537348
vt 0.526574 0.543834
vt 0.522736 0.534492
vt 0.593499 0.521759
vt 0.587499 0.513471
vt 0.597312 0.484478
vt 0.588620 0.505075
vt 0.603915 0.549891
vt 0.597751 0.550671
vt 0.537788 0.566776
vt 0.593316 0.476058
vt 0.620459 0.497863
vt 0.628799 0.491417
vt 0.626120 0.499704
vt 0.616272 0.501931
vt 0.621961 0.486307
vt 0.634257 0.451757
vt 0.638526 0.475490
vt 0.615747 0.511725
vt 0.628390 0.535531
vt 0.633207 0.530504
vt 0.639341 0.536435
vt 0.702533 0.523396
vt 0.692684 0.507437
vt 0.677368 0.541366
vt 0.675904 0.533531
vt 0.696770 0.523098
vt 0.703752 0.566501
vt 0.696380 0.559130
vt 0.673090 0.554235
vt 0.674532 0.547105
vt 0.690575 0.564065
vt 0.690419 0.557305
vt 0.682601 0.563678
vt 0.523338 0.553237
vt 0.536257 0.560390
vt 0.525550 0.562710
vt 0.530058 0.556611
vt 0.542667 0.560663
vt 0.557366 0.596925
vt 0.560727 0.608900
vt 0.553893 0.614967
vt 0.555245 0.605761
vt 0.592362 0.563549
vt 0.591986 0.555731
vt 0.539251 0.640686
vt 0.586083 0.637996
vt 0.565570 0.678044
vt 0.594859 0.603054
vt 0.588827 0.655549
vt 0.590581 0.625810
vt 0.584122 0.624439
vt 0.593719 0.619449
vt 0.585085 0.598347
vt 0.585654 0.592773
vt 0.593680 0.595703
vt 0.590241 0.589185
vt 0.587213 0.578465
vt 0.595641 0.585876
vt 0.553757 0.645652
vt 0.557696 0.641014
vt 0.561494 0.647321
vt 0.688378 0.441195
vt 0.701424 0.484933
vt 0.706565 0.489994
vt 0.678617 0.492199
vt 0.626500 0.585844
vt 0.630935 0.564291
vt 0.619043 0.521650
vt 0.624942 0.529017
vt 0.681745 0.611214
vt 0.677248 0.599527
vt 0.678186 0.629986
vt 0.680630 0.635425
vt 0.625174 0.640233
vt 0.622771 0.634144
vt 0.623658 0.621736
vt 0.633320 0.586121
vt 0.632290 0.578946
vt 0.651716 0.688460
vt 0.658664 0.669288
vt 0.681391 0.660400
vt 0.660173 0.642811
vt 0.664988 0.639244
vt 0.669108 0.644414
vt 0.576878 0.666146
vt 0.568664 0.667393
vt 0.571951 0.659692
vt 0.577226 0.674424
vt 0.557461 0.654533
vt 0.582862 0.645359
vt 0.582950 0.652664
vt 0.577633 0.640127
vt 0.576929 0.649339
vt 0.637030 0.664661
vt 0.645108 0.668342
vt 0.636569 0.671813
vt 0.630420 0.666347
vt 0.522740 0.496526
vt 0.526022 0.502326
vt 0.527293 0.517880
vt 0.535475 0.474970
vt 0.570168 0.454977
vt 0.565617 0.464473
vt 0.526349 0.524912
vt 0.604138 0.511816
vt 0.591448 0.498865
vt 0.608139 0.554660
vt 0.530726 0.549534
vt 0.537312 0.551419
vt 0.619348 0.492286
vt 0.642929 0.456871
vt 0.668607 0.452576
vt 0.663511 0.461775
vt 0.646835 0.461840
vt 0.621462 0.534697
vt 0.686910 0.514104
vt 0.680262 0.512659
vt 0.687192 0.505093
vt 0.691668 0.499911
vt 0.700394 0.542468
vt 0.542200 0.554610
vt 0.552776 0.576764
vt 0.565116 0.579126
vt 0.555437 0.571222
vt 0.582749 0.583735
vt 0.580381 0.590179
vt 0.571799 0.597570
vt 0.564451 0.604562
vt 0.570326 0.604387
vt 0.586714 0.568763
vt 0.570344 0.618254
vt 0.571624 0.625695
vt 0.564284 0.622250
vt 0.556781 0.621968
vt 0.562613 0.629241
vt 0.569611 0.611045
vt 0.593312 0.576220
vt 0.586471 0.561033
vt 0.545081 0.640652
vt 0.552826 0.637412
vt 0.547897 0.645667
vt 0.550906 0.677187
vt 0.572153 0.678708
vt 0.605523 0.625065
vt 0.589570 0.607888
vt 0.682568 0.465182
vt 0.694964 0.463143
vt 0.626133 0.578393
vt 0.624165 0.605344
vt 0.622697 0.559840
vt 0.663887 0.602943
vt 0.674923 0.635206
vt 0.665460 0.631422
vt 0.629199 0.619169
vt 0.631276 0.642746
vt 0.644368 0.674893
vt 0.640213 0.678588
vt 0.661852 0.662291
vt 0.569998 0.634186
vt 0.570799 0.644101
vt 0.563778 0.640355
vt 0.580765 0.634712
vt 0.579172 0.628652
vt 0.524481 0.490308
vt 0.532540 0.503800
vt 0.557725 0.479778
vt 0.567321 0.473979
vt 0.532678 0.522109
vt 0.553319 0.522129
vt 0.545036 0.519320
vt 0.552608 0.514943
vt 0.587123 0.519933
vt 0.582468 0.531648
vt 0.574210 0.538016
vt 0.575482 0.531056
vt 0.571617 0.520373
vt 0.565229 0.515938
vt 0.571086 0.512715
vt 0.627475 0.482811
vt 0.637201 0.485668
vt 0.631457 0.512883
vt 0.621821 0.507226
vt 0.662915 0.473671
vt 0.653445 0.471549
vt 0.657450 0.465601
vt 0.646064 0.481718
vt 0.645916 0.473250
vt 0.681200 0.506524
vt 0.682585 0.498341
vt 0.670730 0.527506
vt 0.669284 0.534062
vt 0.667325 0.514536
vt 0.658355 0.512825
vt 0.663715 0.508503
vt 0.679498 0.522101
vt 0.673111 0.518497
vt 0.664273 0.538471
vt 0.540858 0.543230
vt 0.545739 0.549539
vt 0.548645 0.557519
vt 0.577098 0.553749
vt 0.572284 0.558724
vt 0.567972 0.549322
vt 0.547480 0.619486
vt 0.554289 0.556721
vt 0.578210 0.546858
vt 0.584074 0.552946
vt 0.563482 0.660391
vt 0.587988 0.614004
vt 0.579426 0.608445
vt 0.584290 0.604537
vt 0.577663 0.601107
vt 0.683952 0.471899
vt 0.638476 0.581565
vt 0.632118 0.593029
vt 0.641218 0.546064
vt 0.635645 0.545940
vt 0.652263 0.541800
vt 0.646092 0.540243
vt 0.637336 0.571096
vt 0.644540 0.578608
vt 0.646690 0.607417
vt 0.656439 0.609670
vt 0.653431 0.614745
vt 0.668684 0.607361
vt 0.657971 0.603936
vt 0.671352 0.639318
vt 0.650764 0.650140
vt 0.656334 0.656210
vt 0.659728 0.636124
vt 0.652181 0.634056
vt 0.651677 0.640925
vt 0.635873 0.620430
vt 0.634826 0.614039
vt 0.641545 0.617472
vt 0.643659 0.661916
vt 0.643307 0.652825
vt 0.635813 0.648448
vt 0.624076 0.592474
vt 0.647538 0.614311
vt 0.641070 0.611371
vt 0.637538 0.633842
vt 0.637901 0.641516
vt 0.638651 0.657630
vt 0.643072 0.645989
vt 0.570149 0.651817
vt 0.533789 0.509936
vt 0.538380 0.503321
vt 0.537483 0.514976
vt 0.538655 0.525474
vt 0.540355 0.479703
vt 0.529882 0.486720
vt 0.575513 0.477003
vt 0.585981 0.465401
vt 0.585532 0.478082
vt 0.580942 0.483812
vt 0.576399 0.489590
vt 0.578975 0.497406
vt 0.572622 0.495434
vt 0.540985 0.536432
vt 0.582377 0.504654
vt 0.587501 0.493383
vt 0.583162 0.490079
vt 0.629382 0.506729
vt 0.643724 0.503101
vt 0.650864 0.506316
vt 0.635697 0.491831
vt 0.665313 0.467853
vt 0.672519 0.475040
vt 0.661270 0.490033
vt 0.655705 0.483077
vt 0.644157 0.525087
vt 0.649871 0.522311
vt 0.654999 0.529401
vt 0.645559 0.533336
vt 0.688148 0.493871
vt 0.556253 0.564308
vt 0.547566 0.525348
vt 0.554224 0.529134
vt 0.561919 0.531693
vt 0.569306 0.542705
vt 0.558078 0.548439
vt 0.583446 0.539733
vt 0.546068 0.531658
vt 0.562465 0.552447
vt 0.564744 0.539240
vt 0.551746 0.600432
vt 0.560912 0.568639
vt 0.565659 0.572823
vt 0.574737 0.565046
vt 0.579669 0.560283
vt 0.578348 0.541435
vt 0.568109 0.565430
vt 0.566355 0.559719
vt 0.561256 0.523068
vt 0.567138 0.524711
vt 0.569232 0.534747
vt 0.561075 0.666332
vt 0.644263 0.638160
vt 0.657700 0.649777
vt 0.675017 0.655693
vt 0.563974 0.654020
vt 0.549069 0.473847
vt 0.549000 0.485606
vt 0.574524 0.483205
vt 0.564008 0.479271
vt 0.672293 0.485727
vt 0.669190 0.494094
vt 0.637836 0.513509
vt 0.639665 0.529858
vt 0.651480 0.477901
vt 0.642470 0.518486
vt 0.648753 0.516006
vt 0.654495 0.517265
vt 0.641225 0.604085
vt 0.647264 0.564565
vt 0.563403 0.615315
vt 0.558096 0.489705
vt 0.564685 0.489501
vt 0.542324 0.507603
vt 0.568175 0.483921
vt 0.574188 0.504214
vt 0.568606 0.501847
vt 0.548853 0.509380
vt 0.567036 0.508161
vt 0.570063 0.528688
vt 0.559188 0.502810
vt 0.559535 0.510829
vt 0.554838 0.484876
vt 0.565793 0.495957
vt 0.559219 0.496201
vt 0.552066 0.495944
vt 0.645065 0.489481
vt 0.664069 0.482078
vt 0.549666 0.502696
vt 0.558838 0.517453
vt 0.659989 0.502618
vt 0.676603 0.502266
vt 0.674647 0.496577
vt 0.664722 0.521011
vt 0.668329 0.503399
vt 0.669725 0.480278
vt 0.663111 0.496740
vt 0.656573 0.507275
vt 0.673420 0.509177
vt 0.661454 0.530044
vt 0.656183 0.522945
vt 0.647816 0.601387
vt 0.644276 0.510319
vt 0.560791 0.558661
vt 0.658460 0.535771
vt 0.664177 0.544988
vt 0.652095 0.535277
vt 0.639333 0.551576
vt 0.668715 0.549530
vt 0.666894 0.555431
vt 0.676750 0.559335
vt 0.659935 0.561267
vt 0.669331 0.561209
vt 0.671026 0.567974
vn -0.091308 -0.961875 -0.257797
vn -0.575253 -0.787930 -0.219660
vn -0.193921 -0.981017 0.000917
vn 0.284216 -0.955951 -0.073346
vn 0.222932 -0.966996 0.123367
vn -0.438864 -0.873153 -0.212137
vn 0.006073 -0.997120 0.075592
vn 0.291209 -0.937823 0.188904
vn 0.291451 -0.943224 0.159325
vn 0.250650 -0.941270 0.226241
vn 0.041049 -0.979036 0.199509
vn 0.222929 -0.954556 0.197804
vn 0.363629 -0.923422 -0.122744
vn -0.072153 -0.994959 -0.069647
vn 0.063085 -0.989429 0.130577
vn -0.007730 -0.977322 0.211618
vn -0.177904 -0.978730 0.102166
vn -0.147326 -0.982518 -0.113814
vn -0.134590 0.986207 0.096342
vn -0.052348 0.977028 0.206580
vn -0.195559 0.950426 -0.241757
vn -0.241152 -0.970191 0.023973
vn -0.193921 -0.981017 0.000917
vn -0.575253 -0.787930 -0.219660
vn -0.193921 -0.981017 0.000917
vn 0.222929 -0.954556 0.197804
vn 0.291209 -0.937823 0.188904
vn 0.412314 -0.900920 -0.135425
vn 0.070671 -0.988961 -0.130240
vn 0.865437 -0.421393 -0.271011
vn 0.063085 -0.989429 0.130577
vn 0.117447 -0.961126 0.249885
vn 0.363629 -0.923422 -0.122744
vn 0.179594 -0.943478 0.278559
vn 0.250650 -0.941270 0.226241
vn -0.241152 -0.970191 0.023973
vn 0.029210 0.717759 -0.695678
vn 0.013404 0.768832 -0.639310
vn 0.071927 0.555320 -0.828520
vn 0.122761 -0.912153 0.391033
vn 0.041049 -0.979036 0.199509
vn 0.179594 -0.943478 0.278559
vn -0.237995 -0.961503 -0.137372
vn 0.041049 -0.979036 0.199509
vn -0.147326 -0.982518 -0.113814
vn -0.978026 0.171391 0.118706
vn 0.363629 -0.923422 -0.122744
vn 0.117447 -0.961126 0.249885
vn -0.978026 0.171391 0.118706
vn -0.997041 -0.056709 -0.051890
vn 0.363629 -0.923422 -0.122744
vn -0.016846 0.317750 -0.948025
vn -0.265906 0.598408 -0.755779
vn 0.113976 0.348517 -0.930347
vn 0.017276 0.814209 -0.580314
vn -0.039002 0.971353 0.234418
vn 0.068007 0.990311 -0.121073
vn 0.017377 -0.999696 0.017512
vn -0.147326 -0.982518 -0.113814
vn -0.088487 -0.995868 0.020421
vn 0.222929 -0.954556 0.197804
vn -0.193921 -0.981017 0.000917
vn 0.250650 -0.941270 0.226241
vn -0.237995 -0.961503 -0.137372
vn -0.289663 -0.955793 -0.050554
vn 0.041049 -0.979036 0.199509
vn -0.782812 -0.415681 0.463049
vn -0.945174 -0.312789 -0.093858
vn -0.885263 -0.450369 0.116094
vn -0.062029 -0.987505 0.144864
vn 0.063085 -0.989429 0.130577
vn 0.147601 -0.951376 0.270366
vn -0.277429 0.946227 -0.166396
vn -0.270185 0.960176 -0.071153
vn -0.059641 0.996400 0.060247
vn -0.926561 0.150809 0.344590
vn -0.684731 -0.728778 0.005112
vn -0.803474 0.408776 -0.432819
vn 0.291451 -0.943224 0.159325
vn 0.291209 -0.937823 0.188904
vn 0.222929 -0.954556 0.197804
vn -0.885263 -0.450369 0.116094
vn -0.232898 -0.972234 0.022778
vn -0.782812 -0.415681 0.463049
vn -0.062029 -0.987505 0.144864
vn 0.143712 -0.983323 -0.111457
vn -0.358363 -0.900661 0.245736
vn -0.415202 -0.903361 0.107451
vn -0.460802 -0.869302 0.178817
vn -0.199923 -0.977433 -0.068229
vn -0.782812 -0.415681 0.463049
vn -0.460802 -0.869302 0.178817
vn -0.415202 -0.903361 0.107451
vn 0.576574 0.806532 -0.130647
vn 0.445063 0.895149 -0.025038
vn 0.934788 -0.334827 -0.118584
vn -0.016019 -0.998593 -0.050548
vn -0.007579 -0.999898 -0.012070
vn 0.082957 -0.976972 0.196579
vn -0.200980 -0.979587 -0.004037
vn 0.162241 -0.985985 -0.038875
vn -0.128688 -0.991588 0.013871
vn 0.071927 0.555320 -0.828520
vn 0.017276 0.814209 -0.580314
vn 0.083137 0.500647 -0.861650
vn -0.062029 -0.987505 0.144864
vn -0.358363 -0.900661 0.245736
vn 0.117447 -0.961126 0.249885
vn 0.181748 0.643448 -0.743601
vn 0.104806 0.706435 -0.699975
vn 0.113976 0.348517 -0.930347
vn 0.082957 -0.976972 0.196579
vn 0.125474 -0.959028 0.254012
vn 0.147929 -0.939187 0.309910
vn -0.397568 0.892020 -0.215038
vn -0.918001 0.382097 -0.106186
vn -0.742076 0.669069 0.040860
vn 0.147929 -0.939187 0.309910
vn 0.079420 -0.951512 0.297183
vn -0.180014 -0.982990 0.036411
vn 0.082957 -0.976972 0.196579
vn -0.007579 -0.999898 -0.012070
vn 0.125474 -0.959028 0.254012
vn 0.412314 -0.900920 -0.135425
vn 0.929953 -0.208298 -0.302983
vn 0.436659 -0.898575 -0.043490
vn -0.415202 -0.903361 0.107451
vn -0.200980 -0.979587 -0.004037
vn -0.128688 -0.991588 0.013871
vn 0.179594 -0.943478 0.278559
vn 0.041049 -0.979036 0.199509
vn 0.250650 -0.941270 0.226241
vn -0.180014 -0.982990 0.036411
vn 0.079420 -0.951512 0.297183
vn -0.217438 -0.975149 0.042480
vn -0.284566 0.957124 0.054178
vn -0.091906 0.993841 0.061917
vn -0.064064 0.975867 0.208756
vn -0.180014 -0.982990 0.036411
vn -0.217438 -0.975149 0.042480
vn -0.289021 -0.932866 -0.215006
vn 0.133819 -0.982306 0.131028
vn 0.063085 -0.989429 0.130577
vn -0.072153 -0.994959 -0.069647
vn 0.008571 0.933099 -0.359517
vn 0.125382 0.992086 0.006683
vn 0.208115 0.972185 0.107445
vn -0.183233 0.978641 -0.093206
vn 0.070955 0.967424 -0.243016
vn -0.016846 0.317750 -0.948025
vn 0.104806 0.706435 -0.699975
vn -0.059641 0.996400 0.060247
vn -0.183233 0.978641 -0.093206
vn 0.113976 0.348517 -0.930347
vn 0.104806 0.706435 -0.699975
vn -0.030054 0.529972 -0.847482
vn 0.008571 0.933099 -0.359517
vn 0.029210 0.717759 -0.695678
vn -0.169608 0.852589 -0.494293
vn -0.030054 0.529972 -0.847482
vn -0.016846 0.317750 -0.948025
vn 0.113976 0.348517 -0.930347
vn 0.104806 0.706435 -0.699975
vn 0.181748 0.643448 -0.743601
vn 0.083137 0.500647 -0.861650
vn 0.008571 0.933099 -0.359517
vn -0.397568 0.892020 -0.215038
vn -0.089007 0.995917 -0.015074
vn 0.071927 0.555320 -0.828520
vn 0.013404 0.768832 -0.639310
vn 0.017276 0.814209 -0.580314
vn 0.071110 0.974229 -0.214061
vn 0.013404 0.768832 -0.639310
vn 0.008571 0.933099 -0.359517
vn 0.345576 -0.938247 -0.016431
vn 0.363629 -0.923422 -0.122744
vn -0.997041 -0.056709 -0.051890
vn 0.929953 -0.208298 -0.302983
vn -0.265906 0.598408 -0.755779
vn 0.546184 0.447397 -0.708180
vn -0.289663 -0.955793 -0.050554
vn -0.296268 -0.942258 -0.156126
vn 0.222929 -0.954556 0.197804
vn -0.910889 0.369183 0.184351
vn -0.377979 0.924118 0.056024
vn -0.742076 0.669069 0.040860
vn 0.299807 -0.935948 0.184706
vn -0.237995 -0.961503 -0.137372
vn 0.017377 -0.999696 0.017512
vn -0.169608 0.852589 -0.494293
vn -0.397568 0.892020 -0.215038
vn 0.008571 0.933099 -0.359517
vn 0.252657 0.943334 0.215139
vn -0.292163 0.922890 -0.250829
vn -0.704663 0.500502 -0.502939
vn -0.858208 0.513124 0.013508
vn 0.117447 -0.961126 0.249885
vn -0.358363 -0.900661 0.245736
vn -0.088487 -0.995868 0.020421
vn -0.025806 -0.969806 0.242510
vn 0.070671 -0.988961 -0.130240
vn -0.997041 -0.056709 -0.051890
vn -0.910889 0.369183 0.184351
vn -0.742076 0.669069 0.040860
vn 0.656732 0.731600 0.182937
vn -0.325368 0.906743 -0.268241
vn -0.265906 0.598408 -0.755779
vn -0.926561 0.150809 0.344590
vn -0.803474 0.408776 -0.432819
vn -0.936010 -0.208824 0.283333
vn -0.019819 0.998403 -0.052904
vn -0.099255 0.995013 0.009879
vn -0.381171 0.888945 -0.253940
vn 0.181748 0.643448 -0.743601
vn 0.113976 0.348517 -0.930347
vn -0.325368 0.906743 -0.268241
vn -0.072153 -0.994959 -0.069647
vn 0.291209 -0.937823 0.188904
vn 0.133819 -0.982306 0.131028
vn 0.041049 -0.979036 0.199509
vn -0.289663 -0.955793 -0.050554
vn 0.222929 -0.954556 0.197804
vn 0.033884 0.962425 0.269427
vn 0.537756 0.621614 0.569574
vn 0.250294 0.905280 0.343251
vn -0.298765 0.953977 -0.025842
vn -0.230113 0.962734 -0.142099
vn 0.053539 0.993296 -0.102452
vn 0.068007 0.990311 -0.121073
vn -0.059641 0.996400 0.060247
vn 0.104806 0.706435 -0.699975
vn 0.084926 0.975730 0.201838
vn 0.236782 0.936596 0.258308
vn -0.052348 0.977028 0.206580
vn 0.250650 -0.941270 0.226241
vn -0.193921 -0.981017 0.000917
vn -0.241152 -0.970191 0.023973
vn 0.934788 -0.334827 -0.118584
vn 0.967726 0.246735 0.051259
vn 0.331343 -0.943054 0.029360
vn 0.540578 0.775526 0.326090
vn -0.476372 0.498862 -0.724021
vn -0.945174 -0.312789 -0.093858
vn 0.617930 0.751507 0.231084
vn 0.252657 0.943334 0.215139
vn -0.514276 0.856995 -0.032868
vn -0.025806 -0.969806 0.242510
vn -0.177904 -0.978730 0.102166
vn -0.007730 -0.977322 0.211618
vn -0.936010 -0.208824 0.283333
vn -0.472769 0.871048 -0.133286
vn -0.578880 0.804048 -0.135667
vn -0.072153 -0.994959 -0.069647
vn -0.091308 -0.961875 -0.257797
vn -0.193921 -0.981017 0.000917
vn -0.381171 0.888945 -0.253940
vn -0.177003 0.913176 -0.367122
vn -0.238809 0.914559 -0.326422
vn 0.400296 0.647056 0.648908
vn 0.215598 0.882536 0.417909
vn 0.448871 0.625779 0.637899
vn 0.392207 0.878234 0.273640
vn 0.473043 0.760740 0.444416
vn 0.553110 0.694328 0.460410
vn 0.029753 0.999358 -0.019976
vn -0.189541 0.980624 0.049507
vn -0.099255 0.995013 0.009879
vn 0.553013 -0.812802 0.183110
vn 0.456910 -0.876983 0.148773
vn 0.239912 -0.965274 0.103389
vn -0.072153 -0.994959 -0.069647
vn -0.193921 -0.981017 0.000917
vn 0.291209 -0.937823 0.188904
vn 0.033884 0.962425 0.269427
vn -0.224174 0.957775 0.180038
vn 0.470446 0.709357 0.524874
vn -0.514276 0.856995 -0.032868
vn -0.803474 0.408776 -0.432819
vn -0.476372 0.498862 -0.724021
vn -0.072153 -0.994959 -0.069647
vn 0.363629 -0.923422 -0.122744
vn -0.091308 -0.961875 -0.257797
vn 0.122761 -0.912153 0.391033
vn -0.007730 -0.977322 0.211618
vn 0.041049 -0.979036 0.199509
vn -0.325368 0.906743 -0.268241
vn 0.113976 0.348517 -0.930347
vn -0.265906 0.598408 -0.755779
vn 0.929953 -0.208298 -0.302983
vn 0.865437 -0.421393 -0.271011
vn 0.656732 0.731600 0.182937
vn 0.084926 0.975730 0.201838
vn 0.208115 0.972185 0.107445
vn 0.236782 0.936596 0.258308
vn 0.363629 -0.923422 -0.122744
vn 0.345576 -0.938247 -0.016431
vn -0.091308 -0.961875 -0.257797
vn -0.575253 -0.787930 -0.219660
vn -0.091308 -0.961875 -0.257797
vn 0.345576 -0.938247 -0.016431
vn -0.025806 -0.969806 0.242510
vn -0.007730 -0.977322 0.211618
vn 0.122761 -0.912153 0.391033
vn -0.147326 -0.982518 -0.113814
vn 0.041049 -0.979036 0.199509
vn -0.007730 -0.977322 0.211618
vn 0.412314 -0.900920 -0.135425
vn -0.088487 -0.995868 0.020421
vn 0.070671 -0.988961 -0.130240
vn -0.088487 -0.995868 0.020421
vn 0.436659 -0.898575 -0.043490
vn 0.368614 -0.871485 0.323478
vn 0.929953 -0.208298 -0.302983
vn 0.412314 -0.900920 -0.135425
vn 0.865437 -0.421393 -0.271011
vn -0.088487 -0.995868 0.020421
vn 0.412314 -0.900920 -0.135425
vn 0.436659 -0.898575 -0.043490
vn -0.918001 0.382097 -0.106186
vn -0.397568 0.892020 -0.215038
vn -0.169608 0.852589 -0.494293
vn -0.397568 0.892020 -0.215038
vn -0.742076 0.669069 0.040860
vn -0.089007 0.995917 -0.015074
vn 0.017276 0.814209 -0.580314
vn 0.071110 0.974229 -0.214061
vn 0.084926 0.975730 0.201838
vn 0.104806 0.706435 -0.699975
vn 0.083137 0.500647 -0.861650
vn 0.017276 0.814209 -0.580314
vn 0.008571 0.933099 -0.359517
vn 0.013404 0.768832 -0.639310
vn 0.029210 0.717759 -0.695678
vn 0.017276 0.814209 -0.580314
vn 0.013404 0.768832 -0.639310
vn 0.071110 0.974229 -0.214061
vn 0.006073 -0.997120 0.075592
vn 0.133819 -0.982306 0.131028
vn 0.291209 -0.937823 0.188904
vn 0.063085 -0.989429 0.130577
vn 0.133819 -0.982306 0.131028
vn 0.147601 -0.951376 0.270366
vn -0.059641 0.996400 0.060247
vn 0.068007 0.990311 -0.121073
vn -0.039002 0.971353 0.234418
vn 0.104806 0.706435 -0.699975
vn 0.017276 0.814209 -0.580314
vn 0.068007 0.990311 -0.121073
vn -0.134590 0.986207 0.096342
vn -0.195559 0.950426 -0.241757
vn -0.277429 0.946227 -0.166396
vn -0.183233 0.978641 -0.093206
vn -0.059641 0.996400 0.060247
vn -0.270185 0.960176 -0.071153
vn -0.945174 -0.312789 -0.093858
vn -0.803474 0.408776 -0.432819
vn -0.885263 -0.450369 0.116094
vn -0.684731 -0.728778 0.005112
vn -0.232898 -0.972234 0.022778
vn -0.885263 -0.450369 0.116094
vn 0.147601 -0.951376 0.270366
vn 0.143712 -0.983323 -0.111457
vn -0.062029 -0.987505 0.144864
vn -0.311899 -0.950105 0.004527
vn 0.163298 -0.986577 -0.000582
vn -0.199923 -0.977433 -0.068229
vn -0.684731 -0.728778 0.005112
vn -0.885263 -0.450369 0.116094
vn -0.803474 0.408776 -0.432819
vn -0.232898 -0.972234 0.022778
vn -0.175238 -0.973632 -0.146057
vn -0.199923 -0.977433 -0.068229
vn 0.252657 0.943334 0.215139
vn 0.540578 0.775526 0.326090
vn -0.292163 0.922890 -0.250829
vn -0.803474 0.408776 -0.432819
vn -0.945174 -0.312789 -0.093858
vn -0.476372 0.498862 -0.724021
vn -0.668804 0.681198 -0.297778
vn -0.292163 0.922890 -0.250829
vn -0.224174 0.957775 0.180038
vn 0.172118 0.968731 0.178703
vn -0.710570 0.666387 0.225874
vn 0.013424 0.974651 0.223329
vn 0.617930 0.751507 0.231084
vn 0.540578 0.775526 0.326090
vn 0.252657 0.943334 0.215139
vn -0.514276 0.856995 -0.032868
vn 0.028883 0.994169 0.103897
vn -0.472769 0.871048 -0.133286
vn -0.289663 -0.955793 -0.050554
vn -0.319242 -0.922996 -0.214854
vn -0.296268 -0.942258 -0.156126
vn -0.045634 0.959285 -0.278729
vn -0.052218 0.994218 -0.093825
vn -0.132430 0.978545 -0.157835
vn -0.256322 0.954671 -0.151334
vn -0.277429 0.946227 -0.166396
vn -0.189368 0.941673 -0.278194
vn -0.222362 0.965028 0.138840
vn -0.923489 0.361182 -0.129287
vn -0.257228 0.916241 -0.307142
vn -0.194864 0.958777 0.206822
vn -0.348310 0.932290 -0.097544
vn -0.574894 0.818225 0.002162
vn -0.164051 0.978835 -0.122346
vn -0.381171 0.888945 -0.253940
vn -0.238809 0.914559 -0.326422
vn -0.578880 0.804048 -0.135667
vn -0.358363 -0.900661 0.245736
vn -0.926561 0.150809 0.344590
vn -0.377979 0.924118 0.056024
vn 0.172118 0.968731 0.178703
vn 0.316108 0.934172 0.165523
vn -0.289663 -0.955793 -0.050554
vn -0.237995 -0.961503 -0.137372
vn -0.319242 -0.922996 -0.214854
vn -0.296268 -0.942258 -0.156126
vn -0.468087 -0.840041 -0.274272
vn 0.006073 -0.997120 0.075592
vn 0.638029 -0.628660 0.444641
vn 0.553013 -0.812802 0.183110
vn 0.283511 -0.941114 0.184192
vn -0.468087 -0.840041 -0.274272
vn -0.296268 -0.942258 -0.156126
vn -0.319242 -0.922996 -0.214854
vn 0.496269 -0.863720 0.087775
vn 0.336489 -0.937628 0.087342
vn -0.153703 -0.950609 -0.269662
vn -0.016846 0.317750 -0.948025
vn 0.546184 0.447397 -0.708180
vn -0.265906 0.598408 -0.755779
vn -0.910889 0.369183 0.184351
vn -0.978026 0.171391 0.118706
vn -0.858208 0.513124 0.013508
vn -0.377979 0.924118 0.056024
vn -0.910889 0.369183 0.184351
vn -0.823427 0.534443 0.190625
vn 0.316108 0.934172 0.165523
vn 0.236782 0.936596 0.258308
vn 0.208115 0.972185 0.107445
vn 0.062948 0.995535 -0.070336
vn -0.195559 0.950426 -0.241757
vn -0.052348 0.977028 0.206580
vn 0.063085 -0.989429 0.130577
vn -0.062029 -0.987505 0.144864
vn 0.117447 -0.961126 0.249885
vn 0.147601 -0.951376 0.270366
vn 0.222932 -0.966996 0.123367
vn 0.143712 -0.983323 -0.111457
vn 0.006073 -0.997120 0.075592
vn -0.438864 -0.873153 -0.212137
vn 0.222932 -0.966996 0.123367
vn -0.684731 -0.728778 0.005112
vn -0.241197 -0.936359 0.255060
vn 0.283607 -0.954507 0.092102
vn -0.025806 -0.969806 0.242510
vn -0.088487 -0.995868 0.020421
vn -0.177904 -0.978730 0.102166
vn -0.147326 -0.982518 -0.113814
vn -0.177904 -0.978730 0.102166
vn -0.088487 -0.995868 0.020421
vn -0.277429 0.946227 -0.166396
vn -0.059641 0.996400 0.060247
vn -0.134590 0.986207 0.096342
vn 0.261703 0.918348 0.296898
vn 0.457691 0.694047 0.555714
vn 0.362343 0.710397 0.603360
vn 0.070955 0.967424 -0.243016
vn -0.183233 0.978641 -0.093206
vn -0.270185 0.960176 -0.071153
vn 0.104806 0.706435 -0.699975
vn -0.183233 0.978641 -0.093206
vn -0.030054 0.529972 -0.847482
vn -0.272050 -0.956579 -0.104621
vn -0.367106 -0.922113 -0.122231
vn -0.438864 -0.873153 -0.212137
vn 0.239874 -0.970094 -0.037134
vn 0.246110 -0.960789 0.127727
vn 0.145959 -0.987408 0.061011
vn -0.241197 -0.936359 0.255060
vn -0.684731 -0.728778 0.005112
vn -0.926561 0.150809 0.344590
vn -0.175238 -0.973632 -0.146057
vn -0.232898 -0.972234 0.022778
vn -0.684731 -0.728778 0.005112
vn -0.358363 -0.900661 0.245736
vn -0.241197 -0.936359 0.255060
vn -0.926561 0.150809 0.344590
vn 0.283607 -0.954507 0.092102
vn -0.241197 -0.936359 0.255060
vn 0.284216 -0.955951 -0.073346
vn 0.284216 -0.955951 -0.073346
vn -0.241197 -0.936359 0.255060
vn 0.143712 -0.983323 -0.111457
vn -0.358363 -0.900661 0.245736
vn 0.143712 -0.983323 -0.111457
vn -0.241197 -0.936359 0.255060
vn -0.242775 -0.957252 -0.157253
vn 0.284216 -0.955951 -0.073346
vn -0.438864 -0.873153 -0.212137
vn -0.684731 -0.728778 0.005112
vn 0.283607 -0.954507 0.092102
vn -0.175238 -0.973632 -0.146057
vn -0.311899 -0.950105 0.004527
vn -0.175238 -0.973632 -0.146057
vn -0.367106 -0.922113 -0.122231
vn -0.200980 -0.979587 -0.004037
vn -0.199923 -0.977433 -0.068229
vn 0.163298 -0.986577 -0.000582
vn -0.782812 -0.415681 0.463049
vn -0.232898 -0.972234 0.022778
vn -0.460802 -0.869302 0.178817
vn -0.199923 -0.977433 -0.068229
vn -0.460802 -0.869302 0.178817
vn -0.232898 -0.972234 0.022778
vn 0.473043 0.760740 0.444416
vn 0.537756 0.621614 0.569574
vn 0.470446 0.709357 0.524874
vn -0.228243 0.961415 -0.153580
vn -0.923489 0.361182 -0.129287
vn -0.663634 0.726307 -0.179076
vn 0.028883 0.994169 0.103897
vn -0.684406 0.707948 0.174351
vn -0.472769 0.871048 -0.133286
vn -0.476520 0.842876 -0.249977
vn -0.684406 0.707948 0.174351
vn -0.858208 0.513124 0.013508
vn -0.292163 0.922890 -0.250829
vn -0.668804 0.681198 -0.297778
vn -0.704663 0.500502 -0.502939
vn 0.028883 0.994169 0.103897
vn -0.514276 0.856995 -0.032868
vn 0.252657 0.943334 0.215139
vn -0.803474 0.408776 -0.432819
vn -0.514276 0.856995 -0.032868
vn -0.936010 -0.208824 0.283333
vn -0.936010 -0.208824 0.283333
vn -0.514276 0.856995 -0.032868
vn -0.472769 0.871048 -0.133286
vn 0.162241 -0.985985 -0.038875
vn -0.056395 -0.976431 -0.208333
vn -0.128688 -0.991588 0.013871
vn 0.019265 -0.991845 0.125985
vn -0.008000 -0.973599 0.228126
vn 0.052225 -0.972354 0.227598
vn 0.314510 0.805983 0.501473
vn 0.973323 0.180456 -0.141694
vn 0.491402 0.832341 0.256384
vn 0.016053 0.969711 -0.243727
vn 0.043094 0.951364 -0.305040
vn 0.086164 0.972297 -0.217287
vn -0.164051 0.978835 -0.122346
vn 0.206089 0.962663 0.175518
vn -0.019819 0.998403 -0.052904
vn 0.274908 0.912985 0.301470
vn 0.172874 0.960180 0.219476
vn 0.206089 0.962663 0.175518
vn 0.066733 0.996053 0.058533
vn -0.164051 0.978835 -0.122346
vn -0.132430 0.978545 -0.157835
vn 0.427604 0.766520 0.479168
vn 0.473043 0.760740 0.444416
vn 0.172874 0.960180 0.219476
vn -0.194864 0.958777 0.206822
vn 0.065686 0.990628 0.119760
vn -0.348310 0.932290 -0.097544
vn -0.348310 0.932290 -0.097544
vn 0.086164 0.972297 -0.217287
vn -0.177003 0.913176 -0.367122
vn -0.858208 0.513124 0.013508
vn -0.358363 -0.900661 0.245736
vn -0.578880 0.804048 -0.135667
vn -0.858208 0.513124 0.013508
vn -0.710570 0.666387 0.225874
vn -0.823427 0.534443 0.190625
vn 0.006073 -0.997120 0.075592
vn -0.468087 -0.840041 -0.274272
vn -0.438864 -0.873153 -0.212137
vn 0.133819 -0.982306 0.131028
vn 0.006073 -0.997120 0.075592
vn 0.147601 -0.951376 0.270366
vn -0.438864 -0.873153 -0.212137
vn -0.468087 -0.840041 -0.274272
vn -0.272050 -0.956579 -0.104621
vn 0.283607 -0.954507 0.092102
vn 0.284216 -0.955951 -0.073346
vn -0.242775 -0.957252 -0.157253
vn 0.222929 -0.954556 0.197804
vn -0.296268 -0.942258 -0.156126
vn 0.291451 -0.943224 0.159325
vn 0.006073 -0.997120 0.075592
vn 0.291451 -0.943224 0.159325
vn -0.296268 -0.942258 -0.156126
vn 0.299807 -0.935948 0.184706
vn -0.040877 -0.997119 -0.063892
vn -0.237995 -0.961503 -0.137372
vn -0.040877 -0.997119 -0.063892
vn 0.283511 -0.941114 0.184192
vn -0.319242 -0.922996 -0.214854
vn 0.017377 -0.999696 0.017512
vn -0.237995 -0.961503 -0.137372
vn -0.147326 -0.982518 -0.113814
vn -0.319242 -0.922996 -0.214854
vn -0.237995 -0.961503 -0.137372
vn -0.040877 -0.997119 -0.063892
vn 0.368614 -0.871485 0.323478
vn 0.776796 -0.572367 0.262648
vn 0.634372 -0.537332 0.555739
vn 0.240953 0.969813 -0.037482
vn 0.933686 0.328087 -0.143488
vn 0.070955 0.967424 -0.243016
vn -0.183233 0.978641 -0.093206
vn -0.016846 0.317750 -0.948025
vn -0.030054 0.529972 -0.847482
vn 0.546184 0.447397 -0.708180
vn -0.016846 0.317750 -0.948025
vn 0.070955 0.967424 -0.243016
vn 0.953903 -0.186638 -0.235021
vn 0.546184 0.447397 -0.708180
vn 0.933686 0.328087 -0.143488
vn 0.634372 -0.537332 0.555739
vn 0.677714 -0.589959 0.438921
vn 0.368614 -0.871485 0.323478
vn -0.265906 0.598408 -0.755779
vn 0.929953 -0.208298 -0.302983
vn 0.656732 0.731600 0.182937
vn 0.929953 -0.208298 -0.302983
vn 0.953903 -0.186638 -0.235021
vn 0.776796 -0.572367 0.262648
vn -0.742076 0.669069 0.040860
vn -0.918001 0.382097 -0.106186
vn -0.997041 -0.056709 -0.051890
vn 0.345576 -0.938247 -0.016431
vn -0.997041 -0.056709 -0.051890
vn -0.918001 0.382097 -0.106186
vn -0.858208 0.513124 0.013508
vn -0.978026 0.171391 0.118706
vn 0.117447 -0.961126 0.249885
vn -0.997041 -0.056709 -0.051890
vn -0.978026 0.171391 0.118706
vn -0.910889 0.369183 0.184351
vn -0.377979 0.924118 0.056024
vn -0.823427 0.534443 0.190625
vn 0.172118 0.968731 0.178703
vn -0.089007 0.995917 -0.015074
vn -0.377979 0.924118 0.056024
vn 0.316108 0.934172 0.165523
vn 0.017276 0.814209 -0.580314
vn 0.084926 0.975730 0.201838
vn -0.039002 0.971353 0.234418
vn 0.208115 0.972185 0.107445
vn 0.084926 0.975730 0.201838
vn 0.071110 0.974229 -0.214061
vn 0.008571 0.933099 -0.359517
vn 0.208115 0.972185 0.107445
vn 0.071110 0.974229 -0.214061
vn 0.316108 0.934172 0.165523
vn 0.208115 0.972185 0.107445
vn 0.125382 0.992086 0.006683
vn 0.316108 0.934172 0.165523
vn 0.125382 0.992086 0.006683
vn -0.089007 0.995917 -0.015074
vn 0.062948 0.995535 -0.070336
vn 0.316108 0.934172 0.165523
vn 0.260959 0.962148 0.078554
vn -0.134590 0.986207 0.096342
vn -0.059641 0.996400 0.060247
vn -0.039002 0.971353 0.234418
vn 0.261703 0.918348 0.296898
vn 0.154007 0.956254 0.248717
vn -0.256322 0.954671 -0.151334
vn -0.199923 -0.977433 -0.068229
vn -0.200980 -0.979587 -0.004037
vn -0.415202 -0.903361 0.107451
vn 0.163298 -0.986577 -0.000582
vn 0.076842 -0.983643 -0.162918
vn 0.162241 -0.985985 -0.038875
vn 0.145959 -0.987408 0.061011
vn 0.246110 -0.960789 0.127727
vn 0.147688 -0.974276 0.170221
vn -0.056395 -0.976431 -0.208333
vn -0.193986 -0.965354 -0.174531
vn -0.007579 -0.999898 -0.012070
vn 0.163298 -0.986577 -0.000582
vn 0.162241 -0.985985 -0.038875
vn -0.200980 -0.979587 -0.004037
vn 0.162241 -0.985985 -0.038875
vn 0.076842 -0.983643 -0.162918
vn -0.056395 -0.976431 -0.208333
vn -0.224174 0.957775 0.180038
vn 0.553110 0.694328 0.460410
vn 0.470446 0.709357 0.524874
vn -0.668804 0.681198 -0.297778
vn -0.663634 0.726307 -0.179076
vn -0.704663 0.500502 -0.502939
vn 0.528416 0.537015 0.657565
vn 0.456028 0.688107 0.564400
vn 0.250294 0.905280 0.343251
vn -0.663634 0.726307 -0.179076
vn -0.668804 0.681198 -0.297778
vn 0.033884 0.962425 0.269427
vn -0.849454 0.527657 -0.002405
vn -0.663634 0.726307 -0.179076
vn -0.923489 0.361182 -0.129287
vn 0.252657 0.943334 0.215139
vn -0.704663 0.500502 -0.502939
vn -0.849454 0.527657 -0.002405
vn -0.224174 0.957775 0.180038
vn 0.033884 0.962425 0.269427
vn -0.668804 0.681198 -0.297778
vn 0.537756 0.621614 0.569574
vn 0.528416 0.537015 0.657565
vn 0.250294 0.905280 0.343251
vn 0.250294 0.905280 0.343251
vn 0.456028 0.688107 0.564400
vn 0.091516 0.992630 0.079442
vn -0.663634 0.726307 -0.179076
vn 0.033884 0.962425 0.269427
vn 0.250294 0.905280 0.343251
vn 0.537756 0.621614 0.569574
vn 0.427604 0.766520 0.479168
vn 0.528416 0.537015 0.657565
vn 0.274908 0.912985 0.301470
vn 0.480054 0.629989 0.610461
vn 0.427604 0.766520 0.479168
vn -0.936010 -0.208824 0.283333
vn -0.578880 0.804048 -0.135667
vn -0.926561 0.150809 0.344590
vn -0.858208 0.513124 0.013508
vn -0.578880 0.804048 -0.135667
vn -0.476520 0.842876 -0.249977
vn 0.028883 0.994169 0.103897
vn -0.222362 0.965028 0.138840
vn -0.684406 0.707948 0.174351
vn -0.472769 0.871048 -0.133286
vn -0.476520 0.842876 -0.249977
vn -0.578880 0.804048 -0.135667
vn -0.514276 0.856995 -0.032868
vn -0.476372 0.498862 -0.724021
vn 0.617930 0.751507 0.231084
vn 0.540578 0.775526 0.326090
vn 0.617930 0.751507 0.231084
vn -0.476372 0.498862 -0.724021
vn -0.056395 -0.976431 -0.208333
vn -0.007579 -0.999898 -0.012070
vn -0.016019 -0.998593 -0.050548
vn 0.007457 -0.999583 0.027885
vn 0.125474 -0.959028 0.254012
vn -0.007579 -0.999898 -0.012070
vn -0.021684 -0.999482 -0.023784
vn -0.004842 -0.999431 0.033376
vn -0.143714 -0.981704 -0.124913
vn 0.024518 -0.999109 0.034363
vn 0.927670 -0.366940 -0.069162
vn 0.968531 -0.169722 -0.182051
vn 0.009163 -0.985579 -0.168967
vn -0.289021 -0.932866 -0.215006
vn -0.190475 -0.980699 -0.044149
vn 0.060314 0.998140 -0.008862
vn 0.016053 0.969711 -0.243727
vn 0.086164 0.972297 -0.217287
vn 0.392207 0.878234 0.273640
vn 0.029753 0.999358 -0.019976
vn 0.069420 0.980223 0.185322
vn 0.537756 0.621614 0.569574
vn 0.473043 0.760740 0.444416
vn 0.427604 0.766520 0.479168
vn 0.069420 0.980223 0.185322
vn 0.473043 0.760740 0.444416
vn 0.392207 0.878234 0.273640
vn 0.172874 0.960180 0.219476
vn 0.069420 0.980223 0.185322
vn -0.099255 0.995013 0.009879
vn -0.189541 0.980624 0.049507
vn -0.574894 0.818225 0.002162
vn -0.501978 0.864492 0.025916
vn 0.172874 0.960180 0.219476
vn -0.099255 0.995013 0.009879
vn -0.019819 0.998403 -0.052904
vn -0.501978 0.864492 0.025916
vn -0.099255 0.995013 0.009879
vn -0.189541 0.980624 0.049507
vn -0.381171 0.888945 -0.253940
vn -0.501978 0.864492 0.025916
vn -0.348310 0.932290 -0.097544
vn 0.065686 0.990628 0.119760
vn -0.194864 0.958777 0.206822
vn 0.050288 0.940940 0.334818
vn -0.381171 0.888945 -0.253940
vn -0.348310 0.932290 -0.097544
vn -0.177003 0.913176 -0.367122
vn 0.064403 0.971007 0.230213
vn 0.060314 0.998140 -0.008862
vn 0.050288 0.940940 0.334818
vn 0.445063 0.895149 -0.025038
vn 0.576574 0.806532 -0.130647
vn 0.060314 0.998140 -0.008862
vn 0.143712 -0.983323 -0.111457
vn 0.222932 -0.966996 0.123367
vn 0.284216 -0.955951 -0.073346
vn 0.006073 -0.997120 0.075592
vn 0.222932 -0.966996 0.123367
vn 0.147601 -0.951376 0.270366
vn 0.239912 -0.965274 0.103389
vn -0.096650 -0.992858 -0.069938
vn 0.283511 -0.941114 0.184192
vn -0.243120 -0.952378 -0.184035
vn -0.143714 -0.981704 -0.124913
vn -0.132055 -0.988134 -0.078439
vn 0.022787 -0.990181 -0.137918
vn 0.456910 -0.876983 0.148773
vn 0.103195 -0.985635 -0.133693
vn 0.496269 -0.863720 0.087775
vn 0.103195 -0.985635 -0.133693
vn 0.553013 -0.812802 0.183110
vn 0.240953 0.969813 -0.037482
vn 0.004715 0.997378 -0.072220
vn 0.909045 0.411607 -0.064939
vn 0.362343 0.710397 0.603360
vn 0.134763 0.848862 0.511147
vn 0.314510 0.805983 0.501473
vn 0.933686 0.328087 -0.143488
vn 0.546184 0.447397 -0.708180
vn 0.070955 0.967424 -0.243016
vn 0.929953 -0.208298 -0.302983
vn 0.546184 0.447397 -0.708180
vn 0.953903 -0.186638 -0.235021
vn 0.776796 -0.572367 0.262648
vn 0.556121 -0.708530 0.434413
vn 0.634372 -0.537332 0.555739
vn 0.336489 -0.937628 0.087342
vn 0.638029 -0.628660 0.444641
vn 0.677714 -0.589959 0.438921
vn -0.858208 0.513124 0.013508
vn -0.823427 0.534443 0.190625
vn -0.910889 0.369183 0.184351
vn 0.172118 0.968731 0.178703
vn -0.823427 0.534443 0.190625
vn -0.710570 0.666387 0.225874
vn -0.710570 0.666387 0.225874
vn -0.684406 0.707948 0.174351
vn 0.013424 0.974651 0.223329
vn 0.316108 0.934172 0.165523
vn 0.172118 0.968731 0.178703
vn 0.260959 0.962148 0.078554
vn 0.252657 0.943334 0.215139
vn -0.849454 0.527657 -0.002405
vn 0.028883 0.994169 0.103897
vn 0.172118 0.968731 0.178703
vn 0.013424 0.974651 0.223329
vn 0.498054 0.867144 0.002060
vn -0.089007 0.995917 -0.015074
vn 0.125382 0.992086 0.006683
vn 0.008571 0.933099 -0.359517
vn -0.742076 0.669069 0.040860
vn -0.377979 0.924118 0.056024
vn -0.089007 0.995917 -0.015074
vn -0.052348 0.977028 0.206580
vn -0.039002 0.971353 0.234418
vn 0.084926 0.975730 0.201838
vn -0.058715 0.927886 -0.368213
vn 0.062948 0.995535 -0.070336
vn 0.260959 0.962148 0.078554
vn 0.004715 0.997378 -0.072220
vn 0.491402 0.832341 0.256384
vn 0.909045 0.411607 -0.064939
vn -0.256322 0.954671 -0.151334
vn 0.004715 0.997378 -0.072220
vn -0.277429 0.946227 -0.166396
vn 0.473043 0.760740 0.444416
vn 0.470446 0.709357 0.524874
vn 0.553110 0.694328 0.460410
vn 0.033884 0.962425 0.269427
vn 0.470446 0.709357 0.524874
vn 0.537756 0.621614 0.569574
vn -0.056395 -0.976431 -0.208333
vn -0.016019 -0.998593 -0.050548
vn -0.128688 -0.991588 0.013871
vn -0.193986 -0.965354 -0.174531
vn -0.056395 -0.976431 -0.208333
vn 0.076842 -0.983643 -0.162918
vn 0.163298 -0.986577 -0.000582
vn 0.239874 -0.970094 -0.037134
vn 0.076842 -0.983643 -0.162918
vn 0.007457 -0.999583 0.027885
vn -0.193986 -0.965354 -0.174531
vn -0.132055 -0.988134 -0.078439
vn -0.007579 -0.999898 -0.012070
vn -0.193986 -0.965354 -0.174531
vn 0.007457 -0.999583 0.027885
vn 0.079420 -0.951512 0.297183
vn 0.125474 -0.959028 0.254012
vn 0.052225 -0.972354 0.227598
vn 0.125474 -0.959028 0.254012
vn 0.079420 -0.951512 0.297183
vn 0.147929 -0.939187 0.309910
vn 0.052225 -0.972354 0.227598
vn -0.190475 -0.980699 -0.044149
vn -0.217438 -0.975149 0.042480
vn 0.205359 -0.974773 0.087440
vn 0.927670 -0.366940 -0.069162
vn 0.024518 -0.999109 0.034363
vn 0.968531 -0.169722 -0.182051
vn 0.934788 -0.334827 -0.118584
vn 0.009163 -0.985579 -0.168967
vn 0.052225 -0.972354 0.227598
vn -0.217438 -0.975149 0.042480
vn 0.079420 -0.951512 0.297183
vn -0.289021 -0.932866 -0.215006
vn -0.217438 -0.975149 0.042480
vn -0.190475 -0.980699 -0.044149
vn 0.009163 -0.985579 -0.168967
vn 0.934788 -0.334827 -0.118584
vn 0.331343 -0.943054 0.029360
vn 0.934788 -0.334827 -0.118584
vn 0.968531 -0.169722 -0.182051
vn 0.576574 0.806532 -0.130647
vn -0.289021 -0.932866 -0.215006
vn 0.009163 -0.985579 -0.168967
vn 0.331343 -0.943054 0.029360
vn 0.009163 -0.985579 -0.168967
vn -0.190475 -0.980699 -0.044149
vn 0.024518 -0.999109 0.034363
vn 0.317599 0.942320 -0.105660
vn -0.102144 0.978435 -0.179531
vn 0.016053 0.969711 -0.243727
vn 0.060314 0.998140 -0.008862
vn 0.086164 0.972297 -0.217287
vn 0.065686 0.990628 0.119760
vn -0.099255 0.995013 0.009879
vn 0.069420 0.980223 0.185322
vn 0.029753 0.999358 -0.019976
vn 0.473043 0.760740 0.444416
vn 0.069420 0.980223 0.185322
vn 0.172874 0.960180 0.219476
vn -0.348310 0.932290 -0.097544
vn -0.501978 0.864492 0.025916
vn -0.574894 0.818225 0.002162
vn -0.099255 0.995013 0.009879
vn -0.501978 0.864492 0.025916
vn -0.381171 0.888945 -0.253940
vn 0.060314 0.998140 -0.008862
vn 0.065686 0.990628 0.119760
vn 0.050288 0.940940 0.334818
vn -0.348310 0.932290 -0.097544
vn 0.065686 0.990628 0.119760
vn 0.086164 0.972297 -0.217287
vn 0.445063 0.895149 -0.025038
vn 0.060314 0.998140 -0.008862
vn 0.064403 0.971007 0.230213
vn 0.317599 0.942320 -0.105660
vn 0.249765 0.949059 -0.192107
vn 0.968531 -0.169722 -0.182051
vn 0.043504 0.987724 0.150032
vn 0.313839 0.869362 0.381726
vn 0.066733 0.996053 0.058533
vn -0.045634 0.959285 -0.278729
vn -0.238809 0.914559 -0.326422
vn 0.043094 0.951364 -0.305040
vn 0.249765 0.949059 -0.192107
vn 0.060314 0.998140 -0.008862
vn 0.576574 0.806532 -0.130647
vn 0.043094 0.951364 -0.305040
vn 0.016053 0.969711 -0.243727
vn -0.102144 0.978435 -0.179531
vn 0.249765 0.949059 -0.192107
vn 0.317599 0.942320 -0.105660
vn 0.016053 0.969711 -0.243727
vn 0.968531 -0.169722 -0.182051
vn 0.927670 -0.366940 -0.069162
vn 0.317599 0.942320 -0.105660
vn -0.045634 0.959285 -0.278729
vn 0.043094 0.951364 -0.305040
vn -0.102144 0.978435 -0.179531
vn 0.086164 0.972297 -0.217287
vn 0.043094 0.951364 -0.305040
vn -0.177003 0.913176 -0.367122
vn -0.284566 0.957124 0.054178
vn -0.064064 0.975867 0.208756
vn -0.052218 0.994218 -0.093825
vn -0.238809 0.914559 -0.326422
vn -0.045634 0.959285 -0.278729
vn -0.132430 0.978545 -0.157835
vn -0.052218 0.994218 -0.093825
vn -0.230113 0.962734 -0.142099
vn -0.284566 0.957124 0.054178
vn -0.091906 0.993841 0.061917
vn -0.298765 0.953977 -0.025842
vn 0.692905 0.709513 -0.128352
vn -0.164051 0.978835 -0.122346
vn -0.238809 0.914559 -0.326422
vn -0.132430 0.978545 -0.157835
vn 0.043094 0.951364 -0.305040
vn -0.238809 0.914559 -0.326422
vn -0.177003 0.913176 -0.367122
vn 0.066733 0.996053 0.058533
vn 0.206089 0.962663 0.175518
vn -0.164051 0.978835 -0.122346
vn -0.381171 0.888945 -0.253940
vn -0.164051 0.978835 -0.122346
vn -0.019819 0.998403 -0.052904
vn -0.132430 0.978545 -0.157835
vn 0.043504 0.987724 0.150032
vn 0.066733 0.996053 0.058533
vn 0.427604 0.766520 0.479168
vn 0.480054 0.629989 0.610461
vn 0.528416 0.537015 0.657565
vn 0.313839 0.869362 0.381726
vn 0.480054 0.629989 0.610461
vn 0.274908 0.912985 0.301470
vn 0.172874 0.960180 0.219476
vn -0.019819 0.998403 -0.052904
vn 0.206089 0.962663 0.175518
vn 0.459991 0.555352 0.692815
vn 0.313839 0.869362 0.381726
vn 0.400296 0.647056 0.648908
vn 0.456028 0.688107 0.564400
vn 0.528416 0.537015 0.657565
vn 0.480054 0.629989 0.610461
vn -0.230113 0.962734 -0.142099
vn -0.045634 0.959285 -0.278729
vn -0.102144 0.978435 -0.179531
vn -0.064064 0.975867 0.208756
vn 0.215598 0.882536 0.417909
vn 0.043504 0.987724 0.150032
vn 0.043504 0.987724 0.150032
vn -0.132430 0.978545 -0.157835
vn -0.052218 0.994218 -0.093825
vn 0.313839 0.869362 0.381726
vn 0.206089 0.962663 0.175518
vn 0.066733 0.996053 0.058533
vn 0.172874 0.960180 0.219476
vn 0.274908 0.912985 0.301470
vn 0.427604 0.766520 0.479168
vn 0.313839 0.869362 0.381726
vn 0.274908 0.912985 0.301470
vn 0.206089 0.962663 0.175518
vn 0.053539 0.993296 -0.102452
vn -0.102144 0.978435 -0.179531
vn 0.317599 0.942320 -0.105660
vn 0.117961 -0.992624 0.027967
vn 0.607447 -0.787625 -0.103218
vn 0.975044 0.002808 -0.221994
vn 0.264421 0.849681 0.456206
vn -0.054234 0.964844 0.257167
vn 0.134763 0.848862 0.511147
vn 0.457691 0.694047 0.555714
vn 0.515197 0.627355 0.583949
vn 0.264421 0.849681 0.456206
vn -0.230113 0.962734 -0.142099
vn -0.052218 0.994218 -0.093825
vn -0.045634 0.959285 -0.278729
vn -0.091906 0.993841 0.061917
vn -0.284566 0.957124 0.054178
vn -0.298765 0.953977 -0.025842
vn 0.053539 0.993296 -0.102452
vn -0.230113 0.962734 -0.142099
vn -0.102144 0.978435 -0.179531
vn -0.284566 0.957124 0.054178
vn -0.230113 0.962734 -0.142099
vn -0.298765 0.953977 -0.025842
vn -0.064064 0.975867 0.208756
vn 0.043504 0.987724 0.150032
vn -0.052218 0.994218 -0.093825
vn 0.043504 0.987724 0.150032
vn 0.215598 0.882536 0.417909
vn 0.313839 0.869362 0.381726
vn -0.096650 -0.992858 -0.069938
vn -0.468087 -0.840041 -0.274272
vn -0.319242 -0.922996 -0.214854
vn -0.367106 -0.922113 -0.122231
vn -0.272050 -0.956579 -0.104621
vn 0.147688 -0.974276 0.170221
vn 0.147688 -0.974276 0.170221
vn -0.272050 -0.956579 -0.104621
vn 0.239912 -0.965274 0.103389
vn -0.272050 -0.956579 -0.104621
vn -0.468087 -0.840041 -0.274272
vn -0.096650 -0.992858 -0.069938
vn 0.246110 -0.960789 0.127727
vn -0.367106 -0.922113 -0.122231
vn 0.147688 -0.974276 0.170221
vn -0.175238 -0.973632 -0.146057
vn 0.283607 -0.954507 0.092102
vn -0.242775 -0.957252 -0.157253
vn 0.283511 -0.941114 0.184192
vn -0.040877 -0.997119 -0.063892
vn 0.299807 -0.935948 0.184706
vn 0.239912 -0.965274 0.103389
vn 0.283511 -0.941114 0.184192
vn 0.553013 -0.812802 0.183110
vn 0.677714 -0.589959 0.438921
vn 0.017377 -0.999696 0.017512
vn 0.368614 -0.871485 0.323478
vn 0.496269 -0.863720 0.087775
vn 0.638029 -0.628660 0.444641
vn 0.336489 -0.937628 0.087342
vn 0.240953 0.969813 -0.037482
vn 0.070955 0.967424 -0.243016
vn -0.270185 0.960176 -0.071153
vn 0.933686 0.328087 -0.143488
vn 0.909045 0.411607 -0.064939
vn 0.481242 -0.856691 -0.185708
vn -0.088487 -0.995868 0.020421
vn 0.368614 -0.871485 0.323478
vn 0.017377 -0.999696 0.017512
vn 0.776796 -0.572367 0.262648
vn 0.368614 -0.871485 0.323478
vn 0.436659 -0.898575 -0.043490
vn 0.929953 -0.208298 -0.302983
vn 0.776796 -0.572367 0.262648
vn 0.436659 -0.898575 -0.043490
vn 0.556121 -0.708530 0.434413
vn 0.776796 -0.572367 0.262648
vn 0.953903 -0.186638 -0.235021
vn -0.858208 0.513124 0.013508
vn -0.684406 0.707948 0.174351
vn -0.710570 0.666387 0.225874
vn -0.472769 0.871048 -0.133286
vn -0.684406 0.707948 0.174351
vn -0.476520 0.842876 -0.249977
vn 0.091516 0.992630 0.079442
vn -0.228243 0.961415 -0.153580
vn 0.250294 0.905280 0.343251
vn -0.222362 0.965028 0.138840
vn -0.257228 0.916241 -0.307142
vn 0.013424 0.974651 0.223329
vn -0.085418 0.931504 -0.353559
vn 0.069246 0.996150 -0.053766
vn -0.117311 0.923015 -0.366445
vn 0.260959 0.962148 0.078554
vn 0.172118 0.968731 0.178703
vn 0.498054 0.867144 0.002060
vn 0.069246 0.996150 -0.053766
vn 0.091516 0.992630 0.079442
vn 0.456028 0.688107 0.564400
vn 0.091516 0.992630 0.079442
vn -0.082693 0.962570 -0.258112
vn -0.228243 0.961415 -0.153580
vn 0.261703 0.918348 0.296898
vn -0.256322 0.954671 -0.151334
vn -0.189368 0.941673 -0.278194
vn -0.256322 0.954671 -0.151334
vn 0.154007 0.956254 0.248717
vn 0.004715 0.997378 -0.072220
vn 0.007457 -0.999583 0.027885
vn -0.132055 -0.988134 -0.078439
vn -0.004842 -0.999431 0.033376
vn 0.052225 -0.972354 0.227598
vn 0.125474 -0.959028 0.254012
vn 0.007457 -0.999583 0.027885
vn 0.064403 0.971007 0.230213
vn 0.967726 0.246735 0.051259
vn 0.445063 0.895149 -0.025038
vn 0.934788 -0.334827 -0.118584
vn 0.445063 0.895149 -0.025038
vn 0.967726 0.246735 0.051259
vn 0.060314 0.998140 -0.008862
vn 0.249765 0.949059 -0.192107
vn 0.016053 0.969711 -0.243727
vn 0.968531 -0.169722 -0.182051
vn 0.249765 0.949059 -0.192107
vn 0.576574 0.806532 -0.130647
vn 0.968531 -0.169722 -0.182051
vn 0.009163 -0.985579 -0.168967
vn 0.024518 -0.999109 0.034363
vn 0.975044 0.002808 -0.221994
vn 0.317599 0.942320 -0.105660
vn 0.927670 -0.366940 -0.069162
vn 0.052225 -0.972354 0.227598
vn -0.008000 -0.973599 0.228126
vn -0.190475 -0.980699 -0.044149
vn 0.024518 -0.999109 0.034363
vn -0.190475 -0.980699 -0.044149
vn -0.008000 -0.973599 0.228126
vn 0.019265 -0.991845 0.125985
vn 0.052225 -0.972354 0.227598
vn -0.004842 -0.999431 0.033376
vn -0.008000 -0.973599 0.228126
vn 0.019265 -0.991845 0.125985
vn 0.117961 -0.992624 0.027967
vn 0.975044 0.002808 -0.221994
vn 0.607447 -0.787625 -0.103218
vn 0.692905 0.709513 -0.128352
vn -0.008000 -0.973599 0.228126
vn 0.117961 -0.992624 0.027967
vn 0.205359 -0.974773 0.087440
vn 0.052225 -0.972354 0.227598
vn 0.007457 -0.999583 0.027885
vn -0.004842 -0.999431 0.033376
vn 0.117961 -0.992624 0.027967
vn 0.019265 -0.991845 0.125985
vn 0.000127 -0.999998 0.002106
vn -0.143714 -0.981704 -0.124913
vn -0.004842 -0.999431 0.033376
vn -0.132055 -0.988134 -0.078439
vn 0.000127 -0.999998 0.002106
vn 0.019265 -0.991845 0.125985
vn -0.004842 -0.999431 0.033376
vn 0.607447 -0.787625 -0.103218
vn 0.117961 -0.992624 0.027967
vn 0.115674 -0.992379 -0.042472
vn 0.975044 0.002808 -0.221994
vn 0.927670 -0.366940 -0.069162
vn 0.205359 -0.974773 0.087440
vn 0.163298 -0.986577 -0.000582
vn 0.246110 -0.960789 0.127727
vn 0.239874 -0.970094 -0.037134
vn -0.021684 -0.999482 -0.023784
vn -0.143714 -0.981704 -0.124913
vn -0.187812 -0.965304 -0.181427
vn 0.115674 -0.992379 -0.042472
vn -0.021684 -0.999482 -0.023784
vn 0.157173 -0.983574 -0.088764
vn -0.375042 -0.854729 -0.358863
vn 0.103195 -0.985635 -0.133693
vn -0.153703 -0.950609 -0.269662
vn -0.008000 -0.973599 0.228126
vn 0.205359 -0.974773 0.087440
vn 0.024518 -0.999109 0.034363
vn 0.975044 0.002808 -0.221994
vn 0.205359 -0.974773 0.087440
vn 0.117961 -0.992624 0.027967
vn 0.115674 -0.992379 -0.042472
vn 0.117961 -0.992624 0.027967
vn 0.000127 -0.999998 0.002106
vn 0.692905 0.709513 -0.128352
vn 0.607447 -0.787625 -0.103218
vn 0.619734 -0.760016 -0.195718
vn 0.619734 -0.760016 -0.195718
vn 0.940834 -0.283875 -0.185057
vn 0.692905 0.709513 -0.128352
vn 0.692905 0.709513 -0.128352
vn -0.298765 0.953977 -0.025842
vn 0.053539 0.993296 -0.102452
vn 0.619734 -0.760016 -0.195718
vn 0.115674 -0.992379 -0.042472
vn 0.157173 -0.983574 -0.088764
vn -0.064064 0.975867 0.208756
vn -0.091906 0.993841 0.061917
vn -0.054234 0.964844 0.257167
vn 0.317599 0.942320 -0.105660
vn 0.975044 0.002808 -0.221994
vn 0.053539 0.993296 -0.102452
vn 0.692905 0.709513 -0.128352
vn 0.053539 0.993296 -0.102452
vn 0.975044 0.002808 -0.221994
vn -0.268132 -0.909966 -0.316334
vn -0.143714 -0.981704 -0.124913
vn -0.261793 -0.917490 -0.299459
vn 0.456910 -0.876983 0.148773
vn 0.388748 -0.870260 0.302527
vn 0.239912 -0.965274 0.103389
vn 0.283511 -0.941114 0.184192
vn -0.096650 -0.992858 -0.069938
vn -0.319242 -0.922996 -0.214854
vn -0.272050 -0.956579 -0.104621
vn -0.096650 -0.992858 -0.069938
vn 0.239912 -0.965274 0.103389
vn 0.147688 -0.974276 0.170221
vn 0.388748 -0.870260 0.302527
vn 0.145959 -0.987408 0.061011
vn -0.311899 -0.950105 0.004527
vn 0.246110 -0.960789 0.127727
vn 0.163298 -0.986577 -0.000582
vn -0.243120 -0.952378 -0.184035
vn -0.261793 -0.917490 -0.299459
vn -0.143714 -0.981704 -0.124913
vn -0.243120 -0.952378 -0.184035
vn -0.132055 -0.988134 -0.078439
vn -0.193986 -0.965354 -0.174531
vn 0.076842 -0.983643 -0.162918
vn -0.243120 -0.952378 -0.184035
vn -0.193986 -0.965354 -0.174531
vn -0.243120 -0.952378 -0.184035
vn 0.145959 -0.987408 0.061011
vn -0.261793 -0.917490 -0.299459
vn 0.145959 -0.987408 0.061011
vn -0.243120 -0.952378 -0.184035
vn 0.239874 -0.970094 -0.037134
vn 0.076842 -0.983643 -0.162918
vn 0.239874 -0.970094 -0.037134
vn -0.243120 -0.952378 -0.184035
vn 0.145959 -0.987408 0.061011
vn 0.022787 -0.990181 -0.137918
vn -0.261793 -0.917490 -0.299459
vn -0.268132 -0.909966 -0.316334
vn -0.261793 -0.917490 -0.299459
vn 0.022787 -0.990181 -0.137918
vn -0.175238 -0.973632 -0.146057
vn -0.311899 -0.950105 0.004527
vn -0.199923 -0.977433 -0.068229
vn 0.246110 -0.960789 0.127727
vn -0.311899 -0.950105 0.004527
vn -0.367106 -0.922113 -0.122231
vn -0.438864 -0.873153 -0.212137
vn -0.367106 -0.922113 -0.122231
vn -0.242775 -0.957252 -0.157253
vn -0.242775 -0.957252 -0.157253
vn -0.367106 -0.922113 -0.122231
vn -0.175238 -0.973632 -0.146057
vn 0.677714 -0.589959 0.438921
vn 0.299807 -0.935948 0.184706
vn 0.017377 -0.999696 0.017512
vn 0.283511 -0.941114 0.184192
vn 0.299807 -0.935948 0.184706
vn 0.638029 -0.628660 0.444641
vn 0.677714 -0.589959 0.438921
vn 0.634372 -0.537332 0.555739
vn 0.336489 -0.937628 0.087342
vn 0.299807 -0.935948 0.184706
vn 0.677714 -0.589959 0.438921
vn 0.638029 -0.628660 0.444641
vn 0.336489 -0.937628 0.087342
vn 0.634372 -0.537332 0.555739
vn 0.556121 -0.708530 0.434413
vn 0.150522 -0.888938 -0.432588
vn 0.481242 -0.856691 -0.185708
vn 0.909045 0.411607 -0.064939
vn 0.496269 -0.863720 0.087775
vn -0.153703 -0.950609 -0.269662
vn 0.103195 -0.985635 -0.133693
vn 0.553013 -0.812802 0.183110
vn 0.638029 -0.628660 0.444641
vn 0.496269 -0.863720 0.087775
vn -0.097508 -0.965294 -0.242282
vn 0.157173 -0.983574 -0.088764
vn -0.187812 -0.965304 -0.181427
vn -0.342361 -0.865278 -0.366173
vn 0.103195 -0.985635 -0.133693
vn -0.375042 -0.854729 -0.358863
vn 0.004715 0.997378 -0.072220
vn 0.240953 0.969813 -0.037482
vn -0.270185 0.960176 -0.071153
vn 0.909045 0.411607 -0.064939
vn 0.933686 0.328087 -0.143488
vn 0.240953 0.969813 -0.037482
vn 0.004715 0.997378 -0.072220
vn -0.270185 0.960176 -0.071153
vn -0.277429 0.946227 -0.166396
vn 0.004715 0.997378 -0.072220
vn 0.154007 0.956254 0.248717
vn 0.491402 0.832341 0.256384
vn 0.154007 0.956254 0.248717
vn 0.362343 0.710397 0.603360
vn 0.491402 0.832341 0.256384
vn 0.134763 0.848862 0.511147
vn 0.362343 0.710397 0.603360
vn 0.457691 0.694047 0.555714
vn 0.261703 0.918348 0.296898
vn 0.362343 0.710397 0.603360
vn 0.154007 0.956254 0.248717
vn -0.054234 0.964844 0.257167
vn 0.264421 0.849681 0.456206
vn -0.064064 0.975867 0.208756
vn 0.373416 -0.905890 -0.199807
vn 0.940834 -0.283875 -0.185057
vn 0.157173 -0.983574 -0.088764
vn 0.491402 0.832341 0.256384
vn 0.973323 0.180456 -0.141694
vn 0.909045 0.411607 -0.064939
vn -0.082558 -0.946514 -0.311921
vn 0.150522 -0.888938 -0.432588
vn 0.647500 -0.663202 -0.375375
vn 0.150522 -0.888938 -0.432588
vn 0.336489 -0.937628 0.087342
vn 0.481242 -0.856691 -0.185708
vn 0.953903 -0.186638 -0.235021
vn 0.933686 0.328087 -0.143488
vn 0.556121 -0.708530 0.434413
vn 0.556121 -0.708530 0.434413
vn 0.933686 0.328087 -0.143488
vn 0.481242 -0.856691 -0.185708
vn -0.684406 0.707948 0.174351
vn -0.222362 0.965028 0.138840
vn 0.013424 0.974651 0.223329
vn -0.849454 0.527657 -0.002405
vn -0.222362 0.965028 0.138840
vn 0.028883 0.994169 0.103897
vn -0.663634 0.726307 -0.179076
vn -0.849454 0.527657 -0.002405
vn -0.704663 0.500502 -0.502939
vn -0.222362 0.965028 0.138840
vn -0.849454 0.527657 -0.002405
vn -0.923489 0.361182 -0.129287
vn -0.228243 0.961415 -0.153580
vn -0.257228 0.916241 -0.307142
vn -0.923489 0.361182 -0.129287
vn -0.085418 0.931504 -0.353559
vn -0.082693 0.962570 -0.258112
vn 0.069246 0.996150 -0.053766
vn -0.228243 0.961415 -0.153580
vn -0.663634 0.726307 -0.179076
vn 0.250294 0.905280 0.343251
vn -0.257228 0.916241 -0.307142
vn -0.228243 0.961415 -0.153580
vn -0.082693 0.962570 -0.258112
vn -0.021684 -0.999482 -0.023784
vn -0.187812 -0.965304 -0.181427
vn 0.157173 -0.983574 -0.088764
vn -0.004842 -0.999431 0.033376
vn -0.021684 -0.999482 -0.023784
vn 0.000127 -0.999998 0.002106
vn -0.187812 -0.965304 -0.181427
vn -0.342361 -0.865278 -0.366173
vn -0.097508 -0.965294 -0.242282
vn 0.373416 -0.905890 -0.199807
vn 0.157173 -0.983574 -0.088764
vn -0.097508 -0.965294 -0.242282
vn 0.607447 -0.787625 -0.103218
vn 0.115674 -0.992379 -0.042472
vn 0.619734 -0.760016 -0.195718
vn -0.021684 -0.999482 -0.023784
vn 0.115674 -0.992379 -0.042472
vn 0.000127 -0.999998 0.002106
vn -0.082558 -0.946514 -0.311921
vn -0.375042 -0.854729 -0.358863
vn 0.150522 -0.888938 -0.432588
vn 0.647500 -0.663202 -0.375375
vn 0.973323 0.180456 -0.141694
vn 0.431254 0.854593 0.289294
vn -0.187812 -0.965304 -0.181427
vn -0.268132 -0.909966 -0.316334
vn -0.342361 -0.865278 -0.366173
vn 0.373416 -0.905890 -0.199807
vn -0.082558 -0.946514 -0.311921
vn 0.647500 -0.663202 -0.375375
vn 0.103195 -0.985635 -0.133693
vn 0.456910 -0.876983 0.148773
vn 0.553013 -0.812802 0.183110
vn 0.388748 -0.870260 0.302527
vn 0.456910 -0.876983 0.148773
vn 0.022787 -0.990181 -0.137918
vn 0.145959 -0.987408 0.061011
vn 0.388748 -0.870260 0.302527
vn 0.022787 -0.990181 -0.137918
vn 0.239912 -0.965274 0.103389
vn 0.388748 -0.870260 0.302527
vn 0.147688 -0.974276 0.170221
vn -0.342361 -0.865278 -0.366173
vn 0.022787 -0.990181 -0.137918
vn 0.103195 -0.985635 -0.133693
vn -0.143714 -0.981704 -0.124913
vn -0.268132 -0.909966 -0.316334
vn -0.187812 -0.965304 -0.181427
vn 0.150522 -0.888938 -0.432588
vn 0.909045 0.411607 -0.064939
vn 0.973323 0.180456 -0.141694
vn 0.556121 -0.708530 0.434413
vn 0.481242 -0.856691 -0.185708
vn 0.336489 -0.937628 0.087342
vn 0.674478 0.736545 -0.050803
vn -0.054234 0.964844 0.257167
vn -0.091906 0.993841 0.061917
vn 0.134763 0.848862 0.511147
vn -0.054234 0.964844 0.257167
vn 0.431254 0.854593 0.289294
vn 0.134763 0.848862 0.511147
vn 0.431254 0.854593 0.289294
vn 0.314510 0.805983 0.501473
vn 0.264421 0.849681 0.456206
vn 0.134763 0.848862 0.511147
vn 0.457691 0.694047 0.555714
vn 0.515197 0.627355 0.583949
vn 0.457691 0.694047 0.555714
vn 0.261703 0.918348 0.296898
vn -0.064064 0.975867 0.208756
vn 0.264421 0.849681 0.456206
vn 0.215598 0.882536 0.417909
vn 0.362343 0.710397 0.603360
vn 0.314510 0.805983 0.501473
vn 0.491402 0.832341 0.256384
vn 0.431254 0.854593 0.289294
vn 0.973323 0.180456 -0.141694
vn 0.314510 0.805983 0.501473
vn 0.013424 0.974651 0.223329
vn -0.257228 0.916241 -0.307142
vn 0.498054 0.867144 0.002060
vn 0.260959 0.962148 0.078554
vn 0.498054 0.867144 0.002060
vn -0.257228 0.916241 -0.307142
vn 0.260959 0.962148 0.078554
vn -0.257228 0.916241 -0.307142
vn -0.058715 0.927886 -0.368213
vn -0.058715 0.927886 -0.368213
vn -0.257228 0.916241 -0.307142
vn -0.085418 0.931504 -0.353559
vn 0.150522 -0.888938 -0.432588
vn -0.375042 -0.854729 -0.358863
vn -0.153703 -0.950609 -0.269662
vn -0.342361 -0.865278 -0.366173
vn -0.375042 -0.854729 -0.358863
vn -0.082558 -0.946514 -0.311921
vn 0.150522 -0.888938 -0.432588
vn -0.153703 -0.950609 -0.269662
vn 0.336489 -0.937628 0.087342
vn 0.150522 -0.888938 -0.432588
vn 0.973323 0.180456 -0.141694
vn 0.647500 -0.663202 -0.375375
vn 0.674478 0.736545 -0.050803
vn 0.647500 -0.663202 -0.375375
vn 0.431254 0.854593 0.289294
vn 0.373416 -0.905890 -0.199807
vn -0.097508 -0.965294 -0.242282
vn -0.082558 -0.946514 -0.311921
vn -0.085418 0.931504 -0.353559
vn -0.257228 0.916241 -0.307142
vn -0.082693 0.962570 -0.258112
vn 0.062948 0.995535 -0.070336
vn -0.058715 0.927886 -0.368213
vn -0.117311 0.923015 -0.366445
vn -0.082693 0.962570 -0.258112
vn 0.091516 0.992630 0.079442
vn 0.069246 0.996150 -0.053766
vn -0.117311 0.923015 -0.366445
vn -0.058715 0.927886 -0.368213
vn -0.085418 0.931504 -0.353559
vn 0.062948 0.995535 -0.070336
vn -0.117311 0.923015 -0.366445
vn -0.195559 0.950426 -0.241757
vn 0.062948 0.995535 -0.070336
vn 0.236782 0.936596 0.258308
vn 0.316108 0.934172 0.165523
vn 0.215598 0.882536 0.417909
vn 0.400296 0.647056 0.648908
vn 0.313839 0.869362 0.381726
vn -0.117311 0.923015 -0.366445
vn 0.069246 0.996150 -0.053766
vn -0.044488 0.985107 -0.166089
vn -0.117311 0.923015 -0.366445
vn -0.189368 0.941673 -0.278194
vn -0.195559 0.950426 -0.241757
vn -0.277429 0.946227 -0.166396
vn -0.195559 0.950426 -0.241757
vn -0.189368 0.941673 -0.278194
vn -0.039002 0.971353 0.234418
vn -0.052348 0.977028 0.206580
vn -0.134590 0.986207 0.096342
vn 0.236782 0.936596 0.258308
vn 0.062948 0.995535 -0.070336
vn -0.052348 0.977028 0.206580
vn -0.054234 0.964844 0.257167
vn 0.674478 0.736545 -0.050803
vn 0.431254 0.854593 0.289294
vn 0.692905 0.709513 -0.128352
vn 0.940834 -0.283875 -0.185057
vn -0.091906 0.993841 0.061917
vn 0.647500 -0.663202 -0.375375
vn 0.674478 0.736545 -0.050803
vn 0.373416 -0.905890 -0.199807
vn 0.674478 0.736545 -0.050803
vn -0.091906 0.993841 0.061917
vn 0.940834 -0.283875 -0.185057
vn 0.157173 -0.983574 -0.088764
vn 0.940834 -0.283875 -0.185057
vn 0.619734 -0.760016 -0.195718
vn 0.674478 0.736545 -0.050803
vn 0.940834 -0.283875 -0.185057
vn 0.373416 -0.905890 -0.199807
vn -0.189368 0.941673 -0.278194
vn -0.044488 0.985107 -0.166089
vn 0.261703 0.918348 0.296898
vn 0.264421 0.849681 0.456206
vn 0.448871 0.625779 0.637899
vn 0.215598 0.882536 0.417909
vn 0.359327 0.799092 0.482013
vn 0.261703 0.918348 0.296898
vn -0.044488 0.985107 -0.166089
vn 0.456028 0.688107 0.564400
vn 0.480054 0.629989 0.610461
vn 0.459991 0.555352 0.692815
vn -0.117311 0.923015 -0.366445
vn -0.044488 0.985107 -0.166089
vn -0.189368 0.941673 -0.278194
vn 0.069246 0.996150 -0.053766
vn 0.428605 0.661628 0.615261
vn 0.359327 0.799092 0.482013
vn 0.359327 0.799092 0.482013
vn 0.515197 0.627355 0.583949
vn 0.261703 0.918348 0.296898
vn 0.264421 0.849681 0.456206
vn 0.515197 0.627355 0.583949
vn 0.448871 0.625779 0.637899
vn 0.428605 0.661628 0.615261
vn 0.400296 0.647056 0.648908
vn 0.448871 0.625779 0.637899
vn 0.459991 0.555352 0.692815
vn 0.480054 0.629989 0.610461
vn 0.313839 0.869362 0.381726
vn 0.359327 0.799092 0.482013
vn 0.428605 0.661628 0.615261
vn 0.448871 0.625779 0.637899
vn 0.069246 0.996150 -0.053766
vn 0.456028 0.688107 0.564400
vn 0.428605 0.661628 0.615261
vn 0.400296 0.647056 0.648908
vn 0.428605 0.661628 0.615261
vn 0.459991 0.555352 0.692815
vn 0.456028 0.688107 0.564400
vn 0.459991 0.555352 0.692815
vn 0.428605 0.661628 0.615261
vn 0.359327 0.799092 0.482013
vn 0.448871 0.625779 0.637899
vn 0.515197 0.627355 0.583949
vn 0.069246 0.996150 -0.053766
vn 0.359327 0.799092 0.482013
vn -0.044488 0.985107 -0.166089
vn -0.097508 -0.965294 -0.242282
vn -0.342361 -0.865278 -0.366173
vn -0.082558 -0.946514 -0.311921
vn 0.022787 -0.990181 -0.137918
vn -0.342361 -0.865278 -0.366173
vn -0.268132 -0.909966 -0.316334
vn -0.491372 0.592470 0.638384
vn -0.794695 0.576603 -0.189706
vn -0.552800 0.610982 0.566669
vn 0.281220 0.086662 0.955722
vn -0.491372 0.592470 0.638384
vn 0.345602 0.351367 0.870115
vn 0.290374 0.643986 0.707789
vn 0.345602 0.351367 0.870115
vn -0.002486 0.249822 0.968289
vn -0.002486 0.249822 0.968289
vn -0.491372 0.592470 0.638384
vn -0.552800 0.610982 0.566669
vn 0.068539 -0.953050 -0.294956
vn -0.850245 0.443893 -0.282916
vn -0.627558 -0.133565 -0.767028
vn 0.507022 0.784469 -0.357123
vn 0.479416 0.868302 -0.127329
vn 0.221738 0.903399 -0.367019
vn -0.850245 0.443893 -0.282916
vn -0.491372 0.592470 0.638384
vn -0.680848 0.655228 0.327296
vn -0.182481 -0.551425 -0.814022
vn -0.358149 -0.350091 -0.865544
vn -0.227226 -0.706448 -0.670298
vn 0.345602 0.351367 0.870115
vn 0.327337 0.262004 0.907857
vn 0.281220 0.086662 0.955722
vn -0.693658 0.719023 -0.042939
vn -0.680848 0.655228 0.327296
vn -0.583277 0.563611 0.584920
vn 0.281220 0.086662 0.955722
vn -0.680848 0.655228 0.327296
vn -0.491372 0.592470 0.638384
vn -0.113498 -0.983404 -0.141546
vn -0.295968 -0.922076 0.249356
vn -0.274878 -0.942764 0.188781
vn -0.945117 -0.056925 0.321736
vn -0.323072 -0.945723 -0.035112
vn -0.168275 -0.976880 0.131868
vn -0.627558 -0.133565 -0.767028
vn 0.303967 -0.866480 -0.396000
vn 0.068539 -0.953050 -0.294956
vn -0.016018 -0.738675 0.673872
vn 0.110563 -0.704623 0.700915
vn 0.496732 -0.857132 0.136320
vn 0.141832 0.974512 0.173812
vn 0.127395 0.989111 0.073692
vn 0.012055 0.999691 0.021728
vn 0.114331 0.960751 0.252759
vn 0.115558 0.944266 0.308233
vn 0.096698 0.956385 0.275638
vn -0.324542 -0.235614 0.916056
vn 0.327337 0.262004 0.907857
vn 0.110563 -0.704623 0.700915
vn -0.501386 0.734605 0.457130
vn -0.701273 -0.343331 0.624772
vn -0.879604 0.107675 0.463361
vn 0.290374 0.643986 0.707789
vn 0.179657 0.889215 0.420737
vn 0.327337 0.262004 0.907857
vn -0.086506 -0.973656 -0.210976
vn -0.163996 -0.959403 0.229459
vn -0.295968 -0.922076 0.249356
vn -0.835462 0.272054 0.477484
vn -0.314907 -0.740263 0.594006
vn -0.100487 0.851623 0.514433
vn -0.409277 -0.679246 0.609194
vn -0.879306 -0.330767 -0.342659
vn -0.387999 -0.771819 0.503738
vn -0.182481 -0.551425 -0.814022
vn -0.627558 -0.133565 -0.767028
vn -0.713756 0.293955 -0.635722
vn -0.823740 -0.566786 0.014329
vn -0.879306 -0.330767 -0.342659
vn -0.752932 0.116065 -0.647783
vn -0.148659 0.988229 0.036101
vn 0.126606 0.989739 0.066243
vn -0.002489 0.994934 -0.100497
vn -0.182481 -0.551425 -0.814022
vn -0.227226 -0.706448 -0.670298
vn 0.303967 -0.866480 -0.396000
vn -0.405400 0.451033 -0.795123
vn 0.165929 0.686489 -0.707955
vn -0.806303 0.053355 -0.589091
vn 0.644750 0.665534 -0.375981
vn 0.165929 0.686489 -0.707955
vn 0.299409 0.733898 -0.609711
vn 0.299409 0.733898 -0.609711
vn 0.570922 0.809638 -0.136141
vn 0.644750 0.665534 -0.375981
vn -0.387999 -0.771819 0.503738
vn -0.952924 -0.016903 -0.302738
vn -0.806303 0.053355 -0.589091
vn 0.244674 -0.230468 0.941817
vn 0.341018 -0.883610 0.320843
vn 0.110563 -0.704623 0.700915
vn -0.452571 0.891728 -0.000367
vn -0.032337 0.988626 -0.146880
vn -0.309757 0.935973 -0.167345
vn -0.309757 0.935973 -0.167345
vn -0.032337 0.988626 -0.146880
vn 0.459524 0.833399 -0.307056
vn 0.099662 -0.235604 0.966726
vn -0.141983 0.394116 0.908027
vn 0.281220 0.086662 0.955722
vn 0.115750 0.958348 0.261096
vn -0.379573 -0.691912 0.614152
vn -0.356820 -0.417441 0.835717
vn -0.557374 -0.469355 0.684865
vn -0.323201 -0.920937 0.217753
vn -0.650123 -0.599037 0.467435
vn -0.209589 0.925193 -0.316372
vn -0.452571 0.891728 -0.000367
vn -0.414477 0.906463 -0.080833
vn -0.519630 -0.853666 -0.035202
vn -0.323072 -0.945723 -0.035112
vn -0.945117 -0.056925 0.321736
vn -0.452571 0.891728 -0.000367
vn -0.309757 0.935973 -0.167345
vn -0.414477 0.906463 -0.080833
vn 0.974553 -0.217706 0.053390
vn 0.932686 -0.357462 -0.048142
vn 0.420527 0.895614 -0.145028
vn 0.210442 0.930612 0.299457
vn 0.034033 0.920583 0.389060
vn 0.193678 0.939149 0.283706
vn 0.459524 0.833399 -0.307056
vn 0.644750 0.665534 -0.375981
vn 0.628567 0.736248 -0.250686
vn -0.168275 -0.976880 0.131868
vn 0.422636 -0.904464 0.057654
vn -0.314907 -0.740263 0.594006
vn 0.677125 -0.123202 0.725481
vn 0.742095 -0.079619 0.665550
vn 0.340016 -0.814754 0.469644
vn 0.579335 -0.777423 -0.244918
vn 0.341018 -0.883610 0.320843
vn 0.244674 -0.230468 0.941817
vn 0.099662 -0.235604 0.966726
vn 0.327337 0.262004 0.907857
vn -0.324542 -0.235614 0.916056
vn -0.760743 0.516601 -0.392929
vn -0.627558 -0.133565 -0.767028
vn -0.850245 0.443893 -0.282916
vn 0.096698 0.956385 0.275638
vn 0.101981 0.994064 -0.037916
vn 0.114331 0.960751 0.252759
vn 0.210442 0.930612 0.299457
vn 0.193678 0.939149 0.283706
vn 0.115558 0.944266 0.308233
vn -0.390469 0.788869 0.474574
vn -0.879604 0.107675 0.463361
vn -0.945117 -0.056925 0.321736
vn 0.239313 0.938772 0.247864
vn 0.141832 0.974512 0.173812
vn 0.034033 0.920583 0.389060
vn 0.115750 0.958348 0.261096
vn 0.122076 0.990598 0.061745
vn 0.180454 0.976673 -0.116385
vn 0.496732 -0.857132 0.136320
vn 0.579335 -0.777423 -0.244918
vn 0.422636 -0.904464 0.057654
vn 0.179657 0.889215 0.420737
vn 0.244674 -0.230468 0.941817
vn 0.327337 0.262004 0.907857
vn -0.379573 -0.691912 0.614152
vn -0.274878 -0.942764 0.188781
vn -0.295968 -0.922076 0.249356
vn -0.835462 0.272054 0.477484
vn 0.034033 0.920583 0.389060
vn -0.945117 -0.056925 0.321736
vn 0.101981 0.994064 -0.037916
vn 0.122076 0.990598 0.061745
vn 0.061477 0.996042 -0.064193
vn 0.106198 -0.902079 -0.418301
vn -0.086506 -0.973656 -0.210976
vn -0.113498 -0.983404 -0.141546
vn -0.850245 0.443893 -0.282916
vn -0.680848 0.655228 0.327296
vn -0.760743 0.516601 -0.392929
vn 0.327337 0.262004 0.907857
vn 0.099662 -0.235604 0.966726
vn 0.281220 0.086662 0.955722
vn -0.062514 -0.996265 -0.059571
vn 0.068539 -0.953050 -0.294956
vn -0.113498 -0.983404 -0.141546
vn -0.039786 -0.986890 0.156413
vn -0.098643 0.007709 0.995093
vn -0.147012 -0.939300 0.310005
vn -0.441911 -0.533052 0.721505
vn -0.244977 -0.500307 0.830470
vn -0.016018 -0.738675 0.673872
vn -0.016018 -0.738675 0.673872
vn -0.325785 -0.326649 0.887223
vn -0.324542 -0.235614 0.916056
vn 0.101505 -0.834509 -0.541564
vn 0.106198 -0.902079 -0.418301
vn 0.303967 -0.866480 -0.396000
vn 0.290374 0.643986 0.707789
vn 0.327337 0.262004 0.907857
vn 0.345602 0.351367 0.870115
vn -0.038374 -0.988925 0.143369
vn -0.243280 -0.482905 0.841200
vn -0.039786 -0.986890 0.156413
vn -0.850245 0.443893 -0.282916
vn 0.068539 -0.953050 -0.294956
vn -0.794695 0.576603 -0.189706
vn -0.069866 -0.989310 -0.128006
vn -0.721595 -0.319054 -0.614415
vn -0.377057 -0.802123 -0.463063
vn 0.042455 -0.998541 0.033356
vn -0.002561 -0.999987 0.004456
vn 0.013808 -0.999761 -0.016922
vn 0.474944 -0.840123 0.261959
vn 0.388048 0.915707 -0.104399
vn 0.738421 0.065344 0.671167
vn 0.210442 0.930612 0.299457
vn 0.114331 0.960751 0.252759
vn 0.239313 0.938772 0.247864
vn -0.076404 0.972510 -0.219972
vn -0.177550 0.983531 -0.033800
vn 0.040301 0.992265 -0.117418
vn -0.274638 0.911473 -0.306254
vn -0.266419 0.891991 -0.365203
vn -0.148659 0.988229 0.036101
vn -0.274638 0.911473 -0.306254
vn -0.002489 0.994934 -0.100497
vn -0.266986 0.890973 -0.367267
vn 0.068539 -0.953050 -0.294956
vn 0.303967 -0.866480 -0.396000
vn 0.106198 -0.902079 -0.418301
vn -0.098643 0.007709 0.995093
vn 0.061477 0.996042 -0.064193
vn 0.122076 0.990598 0.061745
vn -0.721595 -0.319054 -0.614415
vn -0.227226 -0.706448 -0.670298
vn -0.752932 0.116065 -0.647783
vn 0.011344 -0.999820 -0.015188
vn 0.024361 -0.999302 -0.028309
vn 0.013808 -0.999761 -0.016922
vn -0.159611 -0.984114 -0.077749
vn -0.377057 -0.802123 -0.463063
vn -0.393578 -0.917825 -0.051906
vn -0.145285 0.964519 -0.220443
vn -0.177550 0.983531 -0.033800
vn -0.076404 0.972510 -0.219972
vn 0.141832 0.974512 0.173812
vn 0.012055 0.999691 0.021728
vn -0.501386 0.734605 0.457130
vn -0.573588 -0.738838 0.353717
vn -0.393578 -0.917825 -0.051906
vn -0.409277 -0.679246 0.609194
vn 0.340016 -0.814754 0.469644
vn 0.075852 -0.994386 0.073781
vn 0.429252 -0.763666 0.482242
vn -0.006770 -0.999879 -0.014020
vn -0.003603 -0.999994 0.000116
vn -0.066933 -0.997746 -0.004821
vn -0.583277 0.563611 0.584920
vn -0.680848 0.655228 0.327296
vn 0.281220 0.086662 0.955722
vn -0.228459 -0.945969 -0.230105
vn -0.349541 -0.870923 -0.345420
vn -0.367934 -0.929062 -0.038325
vn -0.049899 -0.998733 -0.006476
vn -0.049851 -0.998700 -0.010642
vn 0.011344 -0.999820 -0.015188
vn -0.097941 -0.981156 -0.166556
vn -0.228459 -0.945969 -0.230105
vn -0.367934 -0.929062 -0.038325
vn -0.850245 0.443893 -0.282916
vn -0.794695 0.576603 -0.189706
vn -0.491372 0.592470 0.638384
vn -0.046164 -0.998934 0.000395
vn -0.049899 -0.998733 -0.006476
vn 0.013808 -0.999761 -0.016922
vn -0.752932 0.116065 -0.647783
vn -0.879306 -0.330767 -0.342659
vn -0.377057 -0.802123 -0.463063
vn -0.076404 0.972510 -0.219972
vn 0.056294 0.976096 -0.209923
vn -0.088887 0.966515 0.240723
vn 0.345602 0.351367 0.870115
vn -0.491372 0.592470 0.638384
vn -0.002486 0.249822 0.968289
vn 0.193678 0.939149 0.283706
vn 0.034033 0.920583 0.389060
vn -0.100487 0.851623 0.514433
vn -0.945117 -0.056925 0.321736
vn 0.034033 0.920583 0.389060
vn -0.390469 0.788869 0.474574
vn -0.295968 -0.922076 0.249356
vn -0.163996 -0.959403 0.229459
vn -0.356820 -0.417441 0.835717
vn 0.068539 -0.953050 -0.294956
vn -0.062514 -0.996265 -0.059571
vn -0.794695 0.576603 -0.189706
vn -0.552800 0.610982 0.566669
vn -0.794695 0.576603 -0.189706
vn -0.062514 -0.996265 -0.059571
vn 0.579335 -0.777423 -0.244918
vn 0.244674 -0.230468 0.941817
vn 0.179657 0.889215 0.420737
vn 0.110563 -0.704623 0.700915
vn 0.327337 0.262004 0.907857
vn 0.244674 -0.230468 0.941817
vn -0.168275 -0.976880 0.131868
vn 0.496732 -0.857132 0.136320
vn 0.422636 -0.904464 0.057654
vn -0.016018 -0.738675 0.673872
vn 0.496732 -0.857132 0.136320
vn -0.323072 -0.945723 -0.035112
vn -0.168275 -0.976880 0.131868
vn -0.314907 -0.740263 0.594006
vn -0.835462 0.272054 0.477484
vn 0.496732 -0.857132 0.136320
vn -0.168275 -0.976880 0.131868
vn -0.323072 -0.945723 -0.035112
vn 0.114331 0.960751 0.252759
vn 0.210442 0.930612 0.299457
vn 0.115558 0.944266 0.308233
vn 0.034033 0.920583 0.389060
vn 0.210442 0.930612 0.299457
vn 0.239313 0.938772 0.247864
vn 0.061477 0.996042 -0.064193
vn 0.073590 0.997205 -0.012892
vn 0.101981 0.994064 -0.037916
vn 0.114331 0.960751 0.252759
vn 0.073590 0.997205 -0.012892
vn 0.127395 0.989111 0.073692
vn 0.034033 0.920583 0.389060
vn -0.835462 0.272054 0.477484
vn -0.100487 0.851623 0.514433
vn -0.168275 -0.976880 0.131868
vn -0.835462 0.272054 0.477484
vn -0.945117 -0.056925 0.321736
vn -0.693658 0.719023 -0.042939
vn -0.760743 0.516601 -0.392929
vn -0.680848 0.655228 0.327296
vn -0.627558 -0.133565 -0.767028
vn -0.760743 0.516601 -0.392929
vn -0.713756 0.293955 -0.635722
vn -0.823740 -0.566786 0.014329
vn -0.952924 -0.016903 -0.302738
vn -0.387999 -0.771819 0.503738
vn -0.806303 0.053355 -0.589091
vn -0.409277 -0.679246 0.609194
vn -0.387999 -0.771819 0.503738
vn -0.713756 0.293955 -0.635722
vn -0.358149 -0.350091 -0.865544
vn -0.182481 -0.551425 -0.814022
vn 0.479416 0.868302 -0.127329
vn 0.570922 0.809638 -0.136141
vn 0.358825 0.900518 -0.245586
vn -0.823740 -0.566786 0.014329
vn -0.387999 -0.771819 0.503738
vn -0.879306 -0.330767 -0.342659
vn -0.170166 0.447312 -0.878041
vn 0.358825 0.900518 -0.245586
vn 0.299409 0.733898 -0.609711
vn -0.159611 -0.984114 -0.077749
vn -0.349541 -0.870923 -0.345420
vn 0.012779 -0.981802 -0.189479
vn 0.056626 -0.868869 -0.491793
vn -0.023936 -0.999340 -0.027318
vn -0.086506 -0.973656 -0.210976
vn -0.159611 -0.984114 -0.077749
vn -0.393578 -0.917825 -0.051906
vn -0.573588 -0.738838 0.353717
vn -0.879306 -0.330767 -0.342659
vn -0.409277 -0.679246 0.609194
vn -0.393578 -0.917825 -0.051906
vn -0.367934 -0.929062 -0.038325
vn -0.159611 -0.984114 -0.077749
vn -0.573588 -0.738838 0.353717
vn -0.159611 -0.984114 -0.077749
vn 0.012779 -0.981802 -0.189479
vn -0.377057 -0.802123 -0.463063
vn 0.099662 -0.235604 0.966726
vn -0.423180 0.112351 0.899053
vn -0.141983 0.394116 0.908027
vn 0.614340 0.726418 0.308065
vn 0.442716 0.804929 0.395085
vn -0.031204 0.415067 0.909256
vn 0.012876 -0.999699 -0.020898
vn 0.241015 -0.937906 0.249489
vn 0.042455 -0.998541 0.033356
vn -0.852565 0.281629 0.440248
vn -0.455303 0.808547 0.372761
vn -0.672081 -0.288195 0.682093
vn 0.524089 0.851629 0.007647
vn 0.268055 0.951616 0.150246
vn 0.985381 -0.158819 0.061652
vn 0.524089 0.851629 0.007647
vn -0.051984 0.986072 -0.157986
vn -0.002489 0.994934 -0.100497
vn -0.049851 -0.998700 -0.010642
vn -0.049899 -0.998733 -0.006476
vn -0.071687 -0.997217 0.020496
vn 0.012779 -0.981802 -0.189479
vn -0.346406 -0.854704 -0.386632
vn -0.116724 -0.948151 -0.295610
vn 0.122076 0.990598 0.061745
vn 0.115750 0.958348 0.261096
vn -0.356820 -0.417441 0.835717
vn -0.025432 -0.996630 -0.077993
vn 0.054577 -0.996195 -0.067955
vn -0.033321 -0.958402 -0.283472
vn -0.295968 -0.922076 0.249356
vn -0.356820 -0.417441 0.835717
vn -0.379573 -0.691912 0.614152
vn -0.356820 -0.417441 0.835717
vn -0.147012 -0.939300 0.310005
vn -0.098643 0.007709 0.995093
vn -0.069866 -0.989310 -0.128006
vn -0.116724 -0.948151 -0.295610
vn -0.379604 -0.851225 -0.362377
vn -0.086506 -0.973656 -0.210976
vn -0.023936 -0.999340 -0.027318
vn -0.163996 -0.959403 0.229459
vn 0.061477 0.996042 -0.064193
vn -0.243280 -0.482905 0.841200
vn -0.051529 0.960192 0.274547
vn 0.073590 0.997205 -0.012892
vn 0.061477 0.996042 -0.064193
vn 0.062167 0.986959 -0.148487
vn 0.096698 0.956385 0.275638
vn 0.180454 0.976673 -0.116385
vn 0.101981 0.994064 -0.037916
vn 0.122076 0.990598 0.061745
vn 0.101981 0.994064 -0.037916
vn 0.180454 0.976673 -0.116385
vn 0.099662 -0.235604 0.966726
vn -0.324542 -0.235614 0.916056
vn -0.423180 0.112351 0.899053
vn -0.141983 0.394116 0.908027
vn -0.250656 0.964822 0.079307
vn -0.693658 0.719023 -0.042939
vn -0.419292 -0.378263 0.825295
vn -0.364330 -0.756398 0.543255
vn -0.557374 -0.469355 0.684865
vn 0.507022 0.784469 -0.357123
vn 0.464965 0.705708 -0.534588
vn 0.465999 0.748327 -0.472071
vn 0.056294 0.976096 -0.209923
vn -0.076404 0.972510 -0.219972
vn 0.040301 0.992265 -0.117418
vn -0.501386 0.734605 0.457130
vn 0.012055 0.999691 0.021728
vn -0.177550 0.983531 -0.033800
vn -0.570162 -0.528078 0.629324
vn -0.620814 -0.577887 0.529752
vn -0.852565 0.281629 0.440248
vn -0.364330 -0.756398 0.543255
vn -0.623303 -0.773529 -0.114657
vn -0.519630 -0.853666 -0.035202
vn -0.062514 -0.996265 -0.059571
vn -0.113498 -0.983404 -0.141546
vn -0.274878 -0.942764 0.188781
vn 0.106198 -0.902079 -0.418301
vn -0.113498 -0.983404 -0.141546
vn 0.068539 -0.953050 -0.294956
vn -0.627558 -0.133565 -0.767028
vn -0.182481 -0.551425 -0.814022
vn 0.303967 -0.866480 -0.396000
vn -0.713756 0.293955 -0.635722
vn -0.754896 0.436716 -0.489297
vn -0.358149 -0.350091 -0.865544
vn -0.693658 0.719023 -0.042939
vn -0.448462 0.817043 -0.362386
vn -0.754896 0.436716 -0.489297
vn -0.823740 -0.566786 0.014329
vn -0.307166 -0.629441 -0.713760
vn -0.700769 -0.285442 -0.653793
vn 0.579335 -0.777423 -0.244918
vn 0.496732 -0.857132 0.136320
vn 0.341018 -0.883610 0.320843
vn 0.110563 -0.704623 0.700915
vn 0.341018 -0.883610 0.320843
vn 0.496732 -0.857132 0.136320
vn 0.570922 0.809638 -0.136141
vn 0.299409 0.733898 -0.609711
vn 0.358825 0.900518 -0.245586
vn 0.570922 0.809638 -0.136141
vn 0.628567 0.736248 -0.250686
vn 0.644750 0.665534 -0.375981
vn -0.307166 -0.629441 -0.713760
vn -0.823740 -0.566786 0.014329
vn -0.752932 0.116065 -0.647783
vn -0.779908 0.311258 -0.543012
vn -0.952924 -0.016903 -0.302738
vn -0.823740 -0.566786 0.014329
vn -0.227226 -0.706448 -0.670298
vn -0.307166 -0.629441 -0.713760
vn -0.752932 0.116065 -0.647783
vn -0.700769 -0.285442 -0.653793
vn -0.307166 -0.629441 -0.713760
vn -0.450965 0.452069 -0.769587
vn -0.450965 0.452069 -0.769587
vn -0.307166 -0.629441 -0.713760
vn -0.358149 -0.350091 -0.865544
vn -0.227226 -0.706448 -0.670298
vn -0.358149 -0.350091 -0.865544
vn -0.307166 -0.629441 -0.713760
vn 0.138867 0.941291 -0.307714
vn -0.450965 0.452069 -0.769587
vn 0.221738 0.903399 -0.367019
vn -0.823740 -0.566786 0.014329
vn -0.700769 -0.285442 -0.653793
vn -0.779908 0.311258 -0.543012
vn -0.806303 0.053355 -0.589091
vn -0.952924 -0.016903 -0.302738
vn -0.405400 0.451033 -0.795123
vn -0.952924 -0.016903 -0.302738
vn -0.779908 0.311258 -0.543012
vn -0.170166 0.447312 -0.878041
vn 0.165929 0.686489 -0.707955
vn -0.405400 0.451033 -0.795123
vn 0.299409 0.733898 -0.609711
vn -0.405400 0.451033 -0.795123
vn -0.952924 -0.016903 -0.302738
vn -0.170166 0.447312 -0.878041
vn 0.628567 0.736248 -0.250686
vn 0.498754 0.837591 -0.222901
vn 0.415160 0.831655 -0.368771
vn 0.165929 0.686489 -0.707955
vn 0.644750 0.665534 -0.375981
vn 0.517451 0.804244 -0.292295
vn 0.138867 0.941291 -0.307714
vn -0.700769 -0.285442 -0.653793
vn -0.450965 0.452069 -0.769587
vn 0.221738 0.903399 -0.367019
vn -0.250656 0.964822 0.079307
vn 0.346162 0.863564 -0.366646
vn 0.950861 0.301561 0.070174
vn 0.995120 -0.013934 -0.097679
vn 0.868457 0.495763 -0.001365
vn 0.517451 0.804244 -0.292295
vn 0.644750 0.665534 -0.375981
vn 0.459524 0.833399 -0.307056
vn -0.423180 0.112351 0.899053
vn -0.250656 0.964822 0.079307
vn -0.141983 0.394116 0.908027
vn 0.498754 0.837591 -0.222901
vn 0.382697 0.805404 -0.452623
vn 0.415160 0.831655 -0.368771
vn 0.628567 0.736248 -0.250686
vn 0.570922 0.809638 -0.136141
vn 0.498754 0.837591 -0.222901
vn 0.459524 0.833399 -0.307056
vn 0.628567 0.736248 -0.250686
vn 0.302240 0.896641 -0.323553
vn 0.479416 0.868302 -0.127329
vn 0.498754 0.837591 -0.222901
vn 0.570922 0.809638 -0.136141
vn 0.465999 0.748327 -0.472071
vn 0.498754 0.837591 -0.222901
vn 0.507022 0.784469 -0.357123
vn 0.302240 0.896641 -0.323553
vn -0.269906 0.952338 -0.142137
vn -0.309757 0.935973 -0.167345
vn 0.517451 0.804244 -0.292295
vn 0.459524 0.833399 -0.307056
vn -0.032337 0.988626 -0.146880
vn 0.358825 0.900518 -0.245586
vn -0.779908 0.311258 -0.543012
vn 0.138867 0.941291 -0.307714
vn 0.498754 0.837591 -0.222901
vn 0.479416 0.868302 -0.127329
vn 0.507022 0.784469 -0.357123
vn 0.415160 0.831655 -0.368771
vn 0.130610 0.888536 -0.439824
vn 0.125137 0.939964 -0.317504
vn 0.985381 -0.158819 0.061652
vn 0.965442 -0.239888 0.101865
vn 0.524089 0.851629 0.007647
vn 0.479416 0.868302 -0.127329
vn 0.358825 0.900518 -0.245586
vn 0.138867 0.941291 -0.307714
vn -0.450965 0.452069 -0.769587
vn -0.754896 0.436716 -0.489297
vn -0.448462 0.817043 -0.362386
vn 0.302240 0.896641 -0.323553
vn -0.309757 0.935973 -0.167345
vn 0.459524 0.833399 -0.307056
vn -0.309757 0.935973 -0.167345
vn -0.269906 0.952338 -0.142137
vn -0.414477 0.906463 -0.080833
vn -0.700769 -0.285442 -0.653793
vn 0.138867 0.941291 -0.307714
vn -0.779908 0.311258 -0.543012
vn 0.479416 0.868302 -0.127329
vn 0.138867 0.941291 -0.307714
vn 0.221738 0.903399 -0.367019
vn -0.377057 -0.802123 -0.463063
vn -0.879306 -0.330767 -0.342659
vn -0.393578 -0.917825 -0.051906
vn -0.377057 -0.802123 -0.463063
vn 0.012779 -0.981802 -0.189479
vn -0.069866 -0.989310 -0.128006
vn -0.349541 -0.870923 -0.345420
vn -0.214308 -0.935716 -0.280193
vn -0.346406 -0.854704 -0.386632
vn 0.101505 -0.834509 -0.541564
vn -0.067961 -0.883229 -0.463992
vn 0.056626 -0.868869 -0.491793
vn 0.012876 -0.999699 -0.020898
vn 0.013808 -0.999761 -0.016922
vn 0.024361 -0.999302 -0.028309
vn -0.048829 -0.998781 0.007252
vn -0.046164 -0.998934 0.000395
vn -0.002561 -0.999987 0.004456
vn -0.061777 0.970170 -0.234421
vn 0.774357 0.057660 0.630116
vn 0.738421 0.065344 0.671167
vn 0.028312 -0.996806 0.074671
vn 0.334732 -0.852463 0.401574
vn 0.081684 -0.991461 0.101655
vn 0.268055 0.951616 0.150246
vn -0.002489 0.994934 -0.100497
vn 0.126606 0.989739 0.066243
vn 0.540949 0.740031 0.399660
vn -0.354924 0.868318 -0.346487
vn -0.017515 0.999230 -0.035109
vn -0.014426 0.996002 -0.088159
vn -0.209589 0.925193 -0.316372
vn -0.414477 0.906463 -0.080833
vn 0.996879 0.065591 0.043939
vn -0.014426 0.996002 -0.088159
vn 0.133747 0.987555 -0.082746
vn -0.048829 -0.998781 0.007252
vn -0.071687 -0.997217 0.020496
vn -0.046164 -0.998934 0.000395
vn -0.214308 -0.935716 -0.280193
vn -0.349541 -0.870923 -0.345420
vn -0.178754 -0.951014 -0.252228
vn -0.367934 -0.929062 -0.038325
vn -0.349541 -0.870923 -0.345420
vn -0.159611 -0.984114 -0.077749
vn -0.178754 -0.951014 -0.252228
vn 0.072238 -0.997375 -0.004959
vn -0.214308 -0.935716 -0.280193
vn 0.061477 0.996042 -0.064193
vn -0.098643 0.007709 0.995093
vn -0.243280 -0.482905 0.841200
vn -0.356820 -0.417441 0.835717
vn -0.098643 0.007709 0.995093
vn 0.122076 0.990598 0.061745
vn -0.023936 -0.999340 -0.027318
vn -0.147012 -0.939300 0.310005
vn -0.163996 -0.959403 0.229459
vn -0.356820 -0.417441 0.835717
vn -0.163996 -0.959403 0.229459
vn -0.147012 -0.939300 0.310005
vn -0.113498 -0.983404 -0.141546
vn -0.086506 -0.973656 -0.210976
vn -0.295968 -0.922076 0.249356
vn 0.056626 -0.868869 -0.491793
vn -0.086506 -0.973656 -0.210976
vn 0.106198 -0.902079 -0.418301
vn 0.127395 0.989111 0.073692
vn 0.073590 0.997205 -0.012892
vn 0.062167 0.986959 -0.148487
vn 0.101981 0.994064 -0.037916
vn 0.073590 0.997205 -0.012892
vn 0.114331 0.960751 0.252759
vn -0.693658 0.719023 -0.042939
vn -0.250656 0.964822 0.079307
vn -0.448462 0.817043 -0.362386
vn -0.760743 0.516601 -0.392929
vn -0.693658 0.719023 -0.042939
vn -0.713756 0.293955 -0.635722
vn -0.250656 0.964822 0.079307
vn 0.221738 0.903399 -0.367019
vn -0.448462 0.817043 -0.362386
vn -0.450965 0.452069 -0.769587
vn -0.448462 0.817043 -0.362386
vn 0.221738 0.903399 -0.367019
vn 0.281220 0.086662 0.955722
vn -0.141983 0.394116 0.908027
vn -0.583277 0.563611 0.584920
vn -0.693658 0.719023 -0.042939
vn -0.583277 0.563611 0.584920
vn -0.141983 0.394116 0.908027
vn -0.194567 0.923347 0.331021
vn -0.445666 0.177291 0.877468
vn 0.130880 0.991307 -0.013486
vn -0.194567 0.923347 0.331021
vn 0.346162 0.863564 -0.366646
vn -0.250656 0.964822 0.079307
vn -0.016018 -0.738675 0.673872
vn -0.324542 -0.235614 0.916056
vn 0.110563 -0.704623 0.700915
vn -0.423180 0.112351 0.899053
vn -0.324542 -0.235614 0.916056
vn -0.325785 -0.326649 0.887223
vn 0.034033 0.920583 0.389060
vn 0.141832 0.974512 0.173812
vn -0.390469 0.788869 0.474574
vn 0.127395 0.989111 0.073692
vn 0.141832 0.974512 0.173812
vn 0.239313 0.938772 0.247864
vn 0.114331 0.960751 0.252759
vn 0.127395 0.989111 0.073692
vn 0.239313 0.938772 0.247864
vn 0.040301 0.992265 -0.117418
vn 0.127395 0.989111 0.073692
vn 0.062167 0.986959 -0.148487
vn -0.038075 -0.991221 0.126615
vn -0.042034 -0.999082 -0.008225
vn -0.002275 -0.999996 -0.001626
vn -0.145285 0.964519 -0.220443
vn -0.535215 0.770723 0.345732
vn -0.177550 0.983531 -0.033800
vn -0.501386 0.734605 0.457130
vn -0.787201 0.165180 0.594163
vn -0.856483 -0.345016 0.383927
vn 0.141832 0.974512 0.173812
vn -0.501386 0.734605 0.457130
vn -0.390469 0.788869 0.474574
vn -0.879604 0.107675 0.463361
vn -0.519630 -0.853666 -0.035202
vn -0.945117 -0.056925 0.321736
vn -0.701273 -0.343331 0.624772
vn -0.323201 -0.920937 0.217753
vn -0.519630 -0.853666 -0.035202
vn -0.501386 0.734605 0.457130
vn -0.879604 0.107675 0.463361
vn -0.390469 0.788869 0.474574
vn -0.519630 -0.853666 -0.035202
vn -0.879604 0.107675 0.463361
vn -0.701273 -0.343331 0.624772
vn 0.816197 0.566080 -0.115653
vn 0.995120 -0.013934 -0.097679
vn 0.950861 0.301561 0.070174
vn 0.382697 0.805404 -0.452623
vn 0.498754 0.837591 -0.222901
vn 0.465999 0.748327 -0.472071
vn 0.358825 0.900518 -0.245586
vn -0.170166 0.447312 -0.878041
vn -0.779908 0.311258 -0.543012
vn -0.405400 0.451033 -0.795123
vn -0.170166 0.447312 -0.878041
vn 0.299409 0.733898 -0.609711
vn 0.382697 0.805404 -0.452623
vn 0.130610 0.888536 -0.439824
vn 0.415160 0.831655 -0.368771
vn 0.628567 0.736248 -0.250686
vn 0.415160 0.831655 -0.368771
vn 0.302240 0.896641 -0.323553
vn 0.130880 0.991307 -0.013486
vn 0.464965 0.705708 -0.534588
vn 0.346162 0.863564 -0.366646
vn 0.464965 0.705708 -0.534588
vn 0.130880 0.991307 -0.013486
vn 0.362157 0.868387 -0.338743
vn -0.445666 0.177291 0.877468
vn -0.423180 0.112351 0.899053
vn -0.325785 -0.326649 0.887223
vn 0.465999 0.748327 -0.472071
vn 0.464965 0.705708 -0.534588
vn 0.452449 0.716540 -0.530905
vn 0.346162 0.863564 -0.366646
vn 0.464965 0.705708 -0.534588
vn 0.507022 0.784469 -0.357123
vn 0.362157 0.868387 -0.338743
vn 0.130880 0.991307 -0.013486
vn -0.324326 0.173323 0.929931
vn 0.221738 0.903399 -0.367019
vn 0.346162 0.863564 -0.366646
vn 0.507022 0.784469 -0.357123
vn -0.250656 0.964822 0.079307
vn -0.423180 0.112351 0.899053
vn -0.194567 0.923347 0.331021
vn -0.463239 0.886134 -0.013259
vn -0.414477 0.906463 -0.080833
vn -0.269906 0.952338 -0.142137
vn 0.133747 0.987555 -0.082746
vn 0.973714 0.211786 0.083837
vn 0.996879 0.065591 0.043939
vn -0.269906 0.952338 -0.142137
vn 0.302240 0.896641 -0.323553
vn 0.125137 0.939964 -0.317504
vn -0.463239 0.886134 -0.013259
vn -0.269906 0.952338 -0.142137
vn -0.339602 0.927051 -0.158890
vn 0.305209 0.805091 -0.508602
vn 0.452449 0.716540 -0.530905
vn 0.383375 0.758479 -0.527004
vn -0.339602 0.927051 -0.158890
vn -0.234654 0.924641 -0.299961
vn -0.327503 0.944825 -0.006914
vn -0.269906 0.952338 -0.142137
vn 0.125137 0.939964 -0.317504
vn -0.339602 0.927051 -0.158890
vn -0.014426 0.996002 -0.088159
vn -0.463239 0.886134 -0.013259
vn -0.327503 0.944825 -0.006914
vn -0.377057 -0.802123 -0.463063
vn -0.721595 -0.319054 -0.614415
vn -0.752932 0.116065 -0.647783
vn -0.721595 -0.319054 -0.614415
vn -0.069866 -0.989310 -0.128006
vn -0.379604 -0.851225 -0.362377
vn -0.179349 -0.979544 -0.091254
vn -0.066933 -0.997746 -0.004821
vn -0.183960 -0.982787 0.016958
vn 0.029248 -0.980681 -0.193415
vn 0.056626 -0.868869 -0.491793
vn -0.067961 -0.883229 -0.463992
vn -0.067961 -0.883229 -0.463992
vn -0.379604 -0.851225 -0.362377
vn -0.116724 -0.948151 -0.295610
vn -0.179349 -0.979544 -0.091254
vn -0.183960 -0.982787 0.016958
vn -0.201309 -0.955694 -0.214765
vn 0.012876 -0.999699 -0.020898
vn 0.024361 -0.999302 -0.028309
vn 0.034157 -0.999127 0.024041
vn 0.013808 -0.999761 -0.016922
vn -0.002561 -0.999987 0.004456
vn -0.046164 -0.998934 0.000395
vn 0.241015 -0.937906 0.249489
vn 0.034157 -0.999127 0.024041
vn 0.474944 -0.840123 0.261959
vn 0.075852 -0.994386 0.073781
vn 0.028312 -0.996806 0.074671
vn -0.002561 -0.999987 0.004456
vn 0.028312 -0.996806 0.074671
vn -0.079193 -0.996859 0.000960
vn -0.048829 -0.998781 0.007252
vn -0.178754 -0.951014 -0.252228
vn 0.022126 -0.999120 -0.035625
vn 0.072238 -0.997375 -0.004959
vn -0.061777 0.970170 -0.234421
vn 0.388048 0.915707 -0.104399
vn -0.266419 0.891991 -0.365203
vn 0.774357 0.057660 0.630116
vn 0.429252 -0.763666 0.482242
vn 0.241015 -0.937906 0.249489
vn 0.268055 0.951616 0.150246
vn 0.126606 0.989739 0.066243
vn 0.558010 0.826394 0.075487
vn -0.002489 0.994934 -0.100497
vn -0.051984 0.986072 -0.157986
vn -0.266986 0.890973 -0.367267
vn 0.985381 -0.158819 0.061652
vn 0.558010 0.826394 0.075487
vn 0.932686 -0.357462 -0.048142
vn -0.128352 0.988059 -0.085232
vn 0.257752 0.955354 -0.144437
vn 0.868457 0.495763 -0.001365
vn -0.266986 0.890973 -0.367267
vn -0.301165 0.912573 -0.276606
vn -0.354924 0.868318 -0.346487
vn 0.540949 0.740031 0.399660
vn -0.061777 0.970170 -0.234421
vn -0.354924 0.868318 -0.346487
vn -0.209589 0.925193 -0.316372
vn -0.014426 0.996002 -0.088159
vn 0.420527 0.895614 -0.145028
vn 0.965442 -0.239888 0.101865
vn 0.985381 -0.158819 0.061652
vn 0.996879 0.065591 0.043939
vn -0.014426 0.996002 -0.088159
vn -0.414477 0.906463 -0.080833
vn -0.463239 0.886134 -0.013259
vn -0.014426 0.996002 -0.088159
vn 0.996879 0.065591 0.043939
vn 0.974553 -0.217706 0.053390
vn -0.014426 0.996002 -0.088159
vn -0.327503 0.944825 -0.006914
vn 0.133747 0.987555 -0.082746
vn -0.128352 0.988059 -0.085232
vn 0.133747 0.987555 -0.082746
vn -0.327503 0.944825 -0.006914
vn 0.022126 -0.999120 -0.035625
vn -0.228459 -0.945969 -0.230105
vn -0.097941 -0.981156 -0.166556
vn -0.349541 -0.870923 -0.345420
vn -0.228459 -0.945969 -0.230105
vn -0.178754 -0.951014 -0.252228
vn -0.006770 -0.999879 -0.014020
vn -0.179349 -0.979544 -0.091254
vn -0.214308 -0.935716 -0.280193
vn -0.179349 -0.979544 -0.091254
vn -0.346406 -0.854704 -0.386632
vn -0.214308 -0.935716 -0.280193
vn -0.066933 -0.997746 -0.004821
vn -0.179349 -0.979544 -0.091254
vn -0.006770 -0.999879 -0.014020
vn -0.346406 -0.854704 -0.386632
vn -0.179349 -0.979544 -0.091254
vn -0.201309 -0.955694 -0.214765
vn 0.012365 -0.999920 -0.002605
vn -0.002275 -0.999996 -0.001626
vn 0.071561 -0.997407 -0.007595
vn -0.066933 -0.997746 -0.004821
vn -0.042034 -0.999082 -0.008225
vn -0.025432 -0.996630 -0.077993
vn -0.116724 -0.948151 -0.295610
vn -0.346406 -0.854704 -0.386632
vn -0.201309 -0.955694 -0.214765
vn -0.346406 -0.854704 -0.386632
vn 0.012779 -0.981802 -0.189479
vn -0.349541 -0.870923 -0.345420
vn -0.116724 -0.948151 -0.295610
vn -0.201309 -0.955694 -0.214765
vn -0.033321 -0.958402 -0.283472
vn 0.012779 -0.981802 -0.189479
vn -0.116724 -0.948151 -0.295610
vn -0.069866 -0.989310 -0.128006
vn -0.051529 0.960192 0.274547
vn 0.056294 0.976096 -0.209923
vn 0.061477 0.996042 -0.064193
vn -0.076404 0.972510 -0.219972
vn -0.035053 0.970177 0.239850
vn -0.145285 0.964519 -0.220443
vn -0.323072 -0.945723 -0.035112
vn -0.623303 -0.773529 -0.114657
vn -0.016018 -0.738675 0.673872
vn -0.445666 0.177291 0.877468
vn -0.324326 0.173323 0.929931
vn 0.130880 0.991307 -0.013486
vn -0.856483 -0.345016 0.383927
vn -0.650123 -0.599037 0.467435
vn -0.323201 -0.920937 0.217753
vn -0.441911 -0.533052 0.721505
vn -0.364330 -0.756398 0.543255
vn -0.419292 -0.378263 0.825295
vn -0.325785 -0.326649 0.887223
vn -0.244977 -0.500307 0.830470
vn -0.445666 0.177291 0.877468
vn -0.445666 0.177291 0.877468
vn -0.244977 -0.500307 0.830470
vn -0.324326 0.173323 0.929931
vn -0.016018 -0.738675 0.673872
vn -0.244977 -0.500307 0.830470
vn -0.325785 -0.326649 0.887223
vn -0.324326 0.173323 0.929931
vn -0.244977 -0.500307 0.830470
vn -0.419292 -0.378263 0.825295
vn -0.419292 -0.378263 0.825295
vn -0.543823 -0.261081 0.797554
vn -0.324326 0.173323 0.929931
vn 0.465999 0.748327 -0.472071
vn 0.452449 0.716540 -0.530905
vn 0.382697 0.805404 -0.452623
vn 0.109277 0.985464 0.130073
vn -0.324326 0.173323 0.929931
vn -0.543823 -0.261081 0.797554
vn 0.109277 0.985464 0.130073
vn 0.452449 0.716540 -0.530905
vn 0.362157 0.868387 -0.338743
vn -0.445666 0.177291 0.877468
vn -0.194567 0.923347 0.331021
vn -0.423180 0.112351 0.899053
vn 0.130880 0.991307 -0.013486
vn 0.346162 0.863564 -0.366646
vn -0.194567 0.923347 0.331021
vn 0.101505 -0.834509 -0.541564
vn 0.056626 -0.868869 -0.491793
vn 0.106198 -0.902079 -0.418301
vn 0.029248 -0.980681 -0.193415
vn -0.067961 -0.883229 -0.463992
vn -0.033321 -0.958402 -0.283472
vn 0.303967 -0.866480 -0.396000
vn -0.227226 -0.706448 -0.670298
vn 0.101505 -0.834509 -0.541564
vn -0.227226 -0.706448 -0.670298
vn -0.721595 -0.319054 -0.614415
vn -0.379604 -0.851225 -0.362377
vn -0.067961 -0.883229 -0.463992
vn 0.101505 -0.834509 -0.541564
vn -0.379604 -0.851225 -0.362377
vn -0.379604 -0.851225 -0.362377
vn 0.101505 -0.834509 -0.541564
vn -0.227226 -0.706448 -0.670298
vn 0.241015 -0.937906 0.249489
vn 0.012876 -0.999699 -0.020898
vn 0.034157 -0.999127 0.024041
vn 0.013808 -0.999761 -0.016922
vn 0.012876 -0.999699 -0.020898
vn 0.042455 -0.998541 0.033356
vn 0.738421 0.065344 0.671167
vn 0.241015 -0.937906 0.249489
vn 0.474944 -0.840123 0.261959
vn 0.774357 0.057660 0.630116
vn 0.540949 0.740031 0.399660
vn 0.429252 -0.763666 0.482242
vn 0.340016 -0.814754 0.469644
vn 0.429252 -0.763666 0.482242
vn 0.677125 -0.123202 0.725481
vn 0.042455 -0.998541 0.033356
vn 0.241015 -0.937906 0.249489
vn 0.429252 -0.763666 0.482242
vn 0.677125 -0.123202 0.725481
vn 0.540949 0.740031 0.399660
vn -0.017515 0.999230 -0.035109
vn 0.340016 -0.814754 0.469644
vn 0.334732 -0.852463 0.401574
vn 0.028312 -0.996806 0.074671
vn 0.013808 -0.999761 -0.016922
vn -0.049899 -0.998733 -0.006476
vn 0.011344 -0.999820 -0.015188
vn -0.071687 -0.997217 0.020496
vn -0.049899 -0.998733 -0.006476
vn -0.046164 -0.998934 0.000395
vn 0.081684 -0.991461 0.101655
vn -0.034381 -0.999042 -0.027063
vn -0.079193 -0.996859 0.000960
vn 0.072238 -0.997375 -0.004959
vn -0.006770 -0.999879 -0.014020
vn -0.214308 -0.935716 -0.280193
vn -0.079193 -0.996859 0.000960
vn 0.049944 -0.998679 0.012073
vn -0.071687 -0.997217 0.020496
vn 0.002429 -0.999296 -0.037430
vn -0.034381 -0.999042 -0.027063
vn 0.009672 -0.997805 -0.065514
vn -0.061777 0.970170 -0.234421
vn 0.738421 0.065344 0.671167
vn 0.388048 0.915707 -0.104399
vn 0.241015 -0.937906 0.249489
vn 0.738421 0.065344 0.671167
vn 0.774357 0.057660 0.630116
vn -0.274638 0.911473 -0.306254
vn -0.061777 0.970170 -0.234421
vn -0.266419 0.891991 -0.365203
vn -0.061777 0.970170 -0.234421
vn -0.266986 0.890973 -0.367267
vn -0.354924 0.868318 -0.346487
vn -0.301165 0.912573 -0.276606
vn -0.266986 0.890973 -0.367267
vn -0.051984 0.986072 -0.157986
vn -0.301165 0.912573 -0.276606
vn -0.298225 0.866283 -0.400769
vn -0.354924 0.868318 -0.346487
vn 0.429252 -0.763666 0.482242
vn 0.540949 0.740031 0.399660
vn 0.677125 -0.123202 0.725481
vn -0.061777 0.970170 -0.234421
vn 0.540949 0.740031 0.399660
vn 0.774357 0.057660 0.630116
vn -0.051984 0.986072 -0.157986
vn 0.279382 0.928935 -0.242953
vn -0.301165 0.912573 -0.276606
vn -0.204793 0.933950 -0.292911
vn -0.017515 0.999230 -0.035109
vn -0.298225 0.866283 -0.400769
vn 0.562147 0.261167 0.784718
vn 0.211304 0.976545 0.041355
vn 0.529173 0.848315 0.018407
vn -0.017515 0.999230 -0.035109
vn 0.742095 -0.079619 0.665550
vn 0.677125 -0.123202 0.725481
vn 0.790911 0.594398 -0.145435
vn -0.051984 0.986072 -0.157986
vn 0.524089 0.851629 0.007647
vn 0.816197 0.566080 -0.115653
vn 0.094903 0.951820 -0.291604
vn -0.298225 0.866283 -0.400769
vn 0.816197 0.566080 -0.115653
vn 0.279382 0.928935 -0.242953
vn 0.995120 -0.013934 -0.097679
vn 0.279382 0.928935 -0.242953
vn -0.051984 0.986072 -0.157986
vn 0.790911 0.594398 -0.145435
vn -0.301165 0.912573 -0.276606
vn 0.279382 0.928935 -0.242953
vn -0.298225 0.866283 -0.400769
vn 0.816197 0.566080 -0.115653
vn -0.298225 0.866283 -0.400769
vn 0.279382 0.928935 -0.242953
vn -0.298225 0.866283 -0.400769
vn -0.017515 0.999230 -0.035109
vn -0.354924 0.868318 -0.346487
vn -0.204793 0.933950 -0.292911
vn 0.137079 0.976721 0.165003
vn 0.742095 -0.079619 0.665550
vn 0.985381 -0.158819 0.061652
vn 0.268055 0.951616 0.150246
vn 0.558010 0.826394 0.075487
vn -0.002489 0.994934 -0.100497
vn 0.268055 0.951616 0.150246
vn 0.524089 0.851629 0.007647
vn 0.974553 -0.217706 0.053390
vn 0.985381 -0.158819 0.061652
vn 0.932686 -0.357462 -0.048142
vn 0.965442 -0.239888 0.101865
vn 0.996879 0.065591 0.043939
vn 0.973714 0.211786 0.083837
vn 0.973714 0.211786 0.083837
vn 0.995120 -0.013934 -0.097679
vn 0.965442 -0.239888 0.101865
vn 0.965442 -0.239888 0.101865
vn 0.995120 -0.013934 -0.097679
vn 0.790911 0.594398 -0.145435
vn -0.002489 0.994934 -0.100497
vn -0.274638 0.911473 -0.306254
vn -0.148659 0.988229 0.036101
vn -0.061777 0.970170 -0.234421
vn -0.274638 0.911473 -0.306254
vn -0.266986 0.890973 -0.367267
vn -0.014426 0.996002 -0.088159
vn 0.974553 -0.217706 0.053390
vn 0.420527 0.895614 -0.145028
vn 0.985381 -0.158819 0.061652
vn 0.974553 -0.217706 0.053390
vn 0.996879 0.065591 0.043939
vn -0.025432 -0.996630 -0.077993
vn -0.042034 -0.999082 -0.008225
vn -0.007899 -0.999887 -0.012777
vn -0.116724 -0.948151 -0.295610
vn -0.033321 -0.958402 -0.283472
vn -0.067961 -0.883229 -0.463992
vn 0.127395 0.989111 0.073692
vn 0.040301 0.992265 -0.117418
vn 0.012055 0.999691 0.021728
vn 0.056294 0.976096 -0.209923
vn 0.040301 0.992265 -0.117418
vn 0.062167 0.986959 -0.148487
vn -0.084816 -0.716006 0.692923
vn -0.243280 -0.482905 0.841200
vn -0.038374 -0.988925 0.143369
vn -0.138516 -0.033690 0.989787
vn -0.088887 0.966515 0.240723
vn -0.102314 -0.853671 0.510664
vn -0.044059 0.978261 0.202643
vn -0.145285 0.964519 -0.220443
vn -0.035053 0.970177 0.239850
vn -0.570162 -0.528078 0.629324
vn -0.031204 0.415067 0.909256
vn -0.402615 0.306538 0.862517
vn -0.620814 -0.577887 0.529752
vn -0.570162 -0.528078 0.629324
vn -0.644953 -0.557085 0.523156
vn -0.557374 -0.469355 0.684865
vn -0.705273 -0.183557 0.684760
vn -0.543823 -0.261081 0.797554
vn -0.323201 -0.920937 0.217753
vn -0.557374 -0.469355 0.684865
vn -0.364330 -0.756398 0.543255
vn -0.644953 -0.557085 0.523156
vn -0.557374 -0.469355 0.684865
vn -0.650123 -0.599037 0.467435
vn -0.244977 -0.500307 0.830470
vn -0.441911 -0.533052 0.721505
vn -0.419292 -0.378263 0.825295
vn -0.623303 -0.773529 -0.114657
vn -0.441911 -0.533052 0.721505
vn -0.016018 -0.738675 0.673872
vn -0.557374 -0.469355 0.684865
vn -0.543823 -0.261081 0.797554
vn -0.419292 -0.378263 0.825295
vn -0.543823 -0.261081 0.797554
vn -0.705273 -0.183557 0.684760
vn 0.109277 0.985464 0.130073
vn -0.402615 0.306538 0.862517
vn 0.442716 0.804929 0.395085
vn -0.167289 0.650576 0.740787
vn 0.452449 0.716540 -0.530905
vn 0.109277 0.985464 0.130073
vn 0.383375 0.758479 -0.527004
vn 0.109277 0.985464 0.130073
vn 0.362157 0.868387 -0.338743
vn -0.324326 0.173323 0.929931
vn 0.464965 0.705708 -0.534588
vn 0.362157 0.868387 -0.338743
vn 0.452449 0.716540 -0.530905
vn -0.079193 -0.996859 0.000960
vn 0.028312 -0.996806 0.074671
vn 0.081684 -0.991461 0.101655
vn 0.075852 -0.994386 0.073781
vn -0.002561 -0.999987 0.004456
vn 0.042455 -0.998541 0.033356
vn 0.429252 -0.763666 0.482242
vn 0.075852 -0.994386 0.073781
vn 0.042455 -0.998541 0.033356
vn 0.340016 -0.814754 0.469644
vn 0.028312 -0.996806 0.074671
vn 0.075852 -0.994386 0.073781
vn 0.028312 -0.996806 0.074671
vn -0.048829 -0.998781 0.007252
vn -0.002561 -0.999987 0.004456
vn -0.071687 -0.997217 0.020496
vn -0.048829 -0.998781 0.007252
vn -0.079193 -0.996859 0.000960
vn 0.385605 -0.764028 0.517271
vn 0.562147 0.261167 0.784718
vn 0.411322 -0.551195 0.725946
vn -0.042034 -0.999082 -0.008225
vn -0.038075 -0.991221 0.126615
vn -0.102314 -0.853671 0.510664
vn -0.178754 -0.951014 -0.252228
vn -0.228459 -0.945969 -0.230105
vn 0.022126 -0.999120 -0.035625
vn 0.138697 -0.990201 -0.016308
vn 0.072238 -0.997375 -0.004959
vn 0.049944 -0.998679 0.012073
vn -0.049851 -0.998700 -0.010642
vn 0.022126 -0.999120 -0.035625
vn -0.097941 -0.981156 -0.166556
vn 0.049944 -0.998679 0.012073
vn 0.072238 -0.997375 -0.004959
vn 0.022126 -0.999120 -0.035625
vn 0.049944 -0.998679 0.012073
vn 0.022126 -0.999120 -0.035625
vn -0.071687 -0.997217 0.020496
vn -0.049851 -0.998700 -0.010642
vn -0.071687 -0.997217 0.020496
vn 0.022126 -0.999120 -0.035625
vn 0.816197 0.566080 -0.115653
vn 0.767463 0.567459 0.298313
vn 0.094903 0.951820 -0.291604
vn 0.120831 -0.972473 0.199241
vn 0.132816 -0.890646 0.434867
vn 0.002491 -0.327458 0.944862
vn -0.204793 0.933950 -0.292911
vn 0.742095 -0.079619 0.665550
vn -0.017515 0.999230 -0.035109
vn 0.742095 -0.079619 0.665550
vn 0.552479 -0.384468 0.739561
vn 0.334732 -0.852463 0.401574
vn 0.382697 0.805404 -0.452623
vn 0.305209 0.805091 -0.508602
vn 0.130610 0.888536 -0.439824
vn -0.167289 0.650576 0.740787
vn 0.109277 0.985464 0.130073
vn -0.705273 -0.183557 0.684760
vn 0.965442 -0.239888 0.101865
vn 0.790911 0.594398 -0.145435
vn 0.524089 0.851629 0.007647
vn 0.279382 0.928935 -0.242953
vn 0.790911 0.594398 -0.145435
vn 0.995120 -0.013934 -0.097679
vn -0.066933 -0.997746 -0.004821
vn -0.025432 -0.996630 -0.077993
vn -0.183960 -0.982787 0.016958
vn -0.201309 -0.955694 -0.214765
vn -0.183960 -0.982787 0.016958
vn -0.025432 -0.996630 -0.077993
vn -0.102314 -0.853671 0.510664
vn -0.084816 -0.716006 0.692923
vn -0.007899 -0.999887 -0.012777
vn -0.243280 -0.482905 0.841200
vn -0.098643 0.007709 0.995093
vn -0.039786 -0.986890 0.156413
vn -0.201309 -0.955694 -0.214765
vn -0.025432 -0.996630 -0.077993
vn -0.033321 -0.958402 -0.283472
vn -0.038374 -0.988925 0.143369
vn -0.039786 -0.986890 0.156413
vn 0.054577 -0.996195 -0.067955
vn 0.061477 0.996042 -0.064193
vn 0.056294 0.976096 -0.209923
vn 0.062167 0.986959 -0.148487
vn -0.088887 0.966515 0.240723
vn 0.056294 0.976096 -0.209923
vn -0.010094 0.854306 0.519672
vn -0.102314 -0.853671 0.510664
vn -0.088887 0.966515 0.240723
vn -0.010094 0.854306 0.519672
vn -0.076404 0.972510 -0.219972
vn -0.088887 0.966515 0.240723
vn -0.035053 0.970177 0.239850
vn -0.084816 -0.716006 0.692923
vn -0.102314 -0.853671 0.510664
vn -0.010094 0.854306 0.519672
vn -0.002275 -0.999996 -0.001626
vn -0.042034 -0.999082 -0.008225
vn -0.066933 -0.997746 -0.004821
vn -0.084816 -0.716006 0.692923
vn -0.010094 0.854306 0.519672
vn -0.051529 0.960192 0.274547
vn -0.084816 -0.716006 0.692923
vn -0.038374 -0.988925 0.143369
vn -0.007899 -0.999887 -0.012777
vn -0.002275 -0.999996 -0.001626
vn 0.012365 -0.999920 -0.002605
vn -0.038075 -0.991221 0.126615
vn -0.138516 -0.033690 0.989787
vn -0.038075 -0.991221 0.126615
vn 0.030930 0.080427 0.996281
vn -0.084816 -0.716006 0.692923
vn -0.051529 0.960192 0.274547
vn -0.243280 -0.482905 0.841200
vn 0.056294 0.976096 -0.209923
vn -0.051529 0.960192 0.274547
vn -0.010094 0.854306 0.519672
vn -0.501386 0.734605 0.457130
vn -0.177550 0.983531 -0.033800
vn -0.787201 0.165180 0.594163
vn -0.177550 0.983531 -0.033800
vn 0.012055 0.999691 0.021728
vn 0.040301 0.992265 -0.117418
vn -0.035053 0.970177 0.239850
vn -0.138516 -0.033690 0.989787
vn 0.030930 0.080427 0.996281
vn 0.562147 0.261167 0.784718
vn 0.552479 -0.384468 0.739561
vn 0.211304 0.976545 0.041355
vn -0.519630 -0.853666 -0.035202
vn -0.323201 -0.920937 0.217753
vn -0.364330 -0.756398 0.543255
vn -0.856483 -0.345016 0.383927
vn -0.323201 -0.920937 0.217753
vn -0.701273 -0.343331 0.624772
vn -0.501386 0.734605 0.457130
vn -0.856483 -0.345016 0.383927
vn -0.701273 -0.343331 0.624772
vn -0.787201 0.165180 0.594163
vn -0.650123 -0.599037 0.467435
vn -0.856483 -0.345016 0.383927
vn 0.767463 0.567459 0.298313
vn 0.261338 0.941081 -0.214638
vn 0.426506 0.897945 0.108566
vn 0.426506 0.897945 0.108566
vn 0.135780 0.865041 -0.482978
vn 0.348202 0.897989 -0.269017
vn 0.138697 -0.990201 -0.016308
vn -0.003603 -0.999994 0.000116
vn 0.072238 -0.997375 -0.004959
vn 0.002429 -0.999296 -0.037430
vn 0.049944 -0.998679 0.012073
vn -0.079193 -0.996859 0.000960
vn 0.742095 -0.079619 0.665550
vn 0.334732 -0.852463 0.401574
vn 0.340016 -0.814754 0.469644
vn 0.385605 -0.764028 0.517271
vn 0.334732 -0.852463 0.401574
vn 0.552479 -0.384468 0.739561
vn 0.868457 0.495763 -0.001365
vn 0.995120 -0.013934 -0.097679
vn 0.973714 0.211786 0.083837
vn 0.614340 0.726418 0.308065
vn 0.767463 0.567459 0.298313
vn 0.426506 0.897945 0.108566
vn 0.109277 0.985464 0.130073
vn -0.167289 0.650576 0.740787
vn 0.348202 0.897989 -0.269017
vn 0.261338 0.941081 -0.214638
vn -0.234654 0.924641 -0.299961
vn 0.016137 0.863302 -0.504429
vn -0.007899 -0.999887 -0.012777
vn -0.042034 -0.999082 -0.008225
vn -0.102314 -0.853671 0.510664
vn 0.054577 -0.996195 -0.067955
vn -0.007899 -0.999887 -0.012777
vn -0.038374 -0.988925 0.143369
vn -0.147012 -0.939300 0.310005
vn -0.023936 -0.999340 -0.027318
vn -0.039786 -0.986890 0.156413
vn -0.039786 -0.986890 0.156413
vn 0.029248 -0.980681 -0.193415
vn 0.054577 -0.996195 -0.067955
vn 0.054577 -0.996195 -0.067955
vn -0.025432 -0.996630 -0.077993
vn -0.007899 -0.999887 -0.012777
vn 0.029248 -0.980681 -0.193415
vn -0.039786 -0.986890 0.156413
vn -0.023936 -0.999340 -0.027318
vn 0.056626 -0.868869 -0.491793
vn 0.029248 -0.980681 -0.193415
vn -0.023936 -0.999340 -0.027318
vn -0.033321 -0.958402 -0.283472
vn 0.054577 -0.996195 -0.067955
vn 0.029248 -0.980681 -0.193415
vn -0.003603 -0.999994 0.000116
vn -0.002275 -0.999996 -0.001626
vn -0.066933 -0.997746 -0.004821
vn -0.002275 -0.999996 -0.001626
vn -0.003603 -0.999994 0.000116
vn 0.071561 -0.997407 -0.007595
vn -0.088887 0.966515 0.240723
vn -0.138516 -0.033690 0.989787
vn -0.035053 0.970177 0.239850
vn -0.102314 -0.853671 0.510664
vn -0.038075 -0.991221 0.126615
vn -0.138516 -0.033690 0.989787
vn 0.030930 0.080427 0.996281
vn -0.044059 0.978261 0.202643
vn -0.035053 0.970177 0.239850
vn -0.852565 0.281629 0.440248
vn -0.044059 0.978261 0.202643
vn -0.455303 0.808547 0.372761
vn 0.132816 -0.890646 0.434867
vn 0.120831 -0.972473 0.199241
vn -0.034381 -0.999042 -0.027063
vn 0.030930 0.080427 0.996281
vn -0.455303 0.808547 0.372761
vn -0.044059 0.978261 0.202643
vn -0.402615 0.306538 0.862517
vn -0.167289 0.650576 0.740787
vn -0.709066 -0.193340 0.678119
vn 0.348202 0.897989 -0.269017
vn -0.167289 0.650576 0.740787
vn 0.442716 0.804929 0.395085
vn -0.650123 -0.599037 0.467435
vn -0.620814 -0.577887 0.529752
vn -0.644953 -0.557085 0.523156
vn -0.787201 0.165180 0.594163
vn -0.620814 -0.577887 0.529752
vn -0.650123 -0.599037 0.467435
vn 0.426506 0.897945 0.108566
vn 0.348202 0.897989 -0.269017
vn 0.442716 0.804929 0.395085
vn 0.348202 0.897989 -0.269017
vn 0.135780 0.865041 -0.482978
vn 0.383375 0.758479 -0.527004
vn 0.565271 0.819163 0.097164
vn 0.614340 0.726418 0.308065
vn -0.031204 0.415067 0.909256
vn 0.135780 0.865041 -0.482978
vn 0.426506 0.897945 0.108566
vn 0.261338 0.941081 -0.214638
vn -0.709066 -0.193340 0.678119
vn -0.167289 0.650576 0.740787
vn -0.705273 -0.183557 0.684760
vn -0.570162 -0.528078 0.629324
vn -0.672081 -0.288195 0.682093
vn -0.031204 0.415067 0.909256
vn -0.031204 0.415067 0.909256
vn -0.330947 0.213427 0.919197
vn 0.565271 0.819163 0.097164
vn 0.442716 0.804929 0.395085
vn -0.402615 0.306538 0.862517
vn -0.031204 0.415067 0.909256
vn 0.565271 0.819163 0.097164
vn 0.562147 0.261167 0.784718
vn 0.529173 0.848315 0.018407
vn 0.816197 0.566080 -0.115653
vn 0.950861 0.301561 0.070174
vn 0.767463 0.567459 0.298313
vn 0.565271 0.819163 0.097164
vn -0.330947 0.213427 0.919197
vn 0.562147 0.261167 0.784718
vn 0.614340 0.726418 0.308065
vn 0.565271 0.819163 0.097164
vn 0.529173 0.848315 0.018407
vn -0.330947 0.213427 0.919197
vn -0.672081 -0.288195 0.682093
vn -0.315680 -0.109199 0.942561
vn 0.030930 0.080427 0.996281
vn 0.012365 -0.999920 -0.002605
vn 0.120831 -0.972473 0.199241
vn 0.614340 0.726418 0.308065
vn 0.529173 0.848315 0.018407
vn 0.767463 0.567459 0.298313
vn 0.442716 0.804929 0.395085
vn 0.614340 0.726418 0.308065
vn 0.426506 0.897945 0.108566
vn 0.767463 0.567459 0.298313
vn 0.529173 0.848315 0.018407
vn 0.094903 0.951820 -0.291604
vn 0.261338 0.941081 -0.214638
vn 0.767463 0.567459 0.298313
vn 0.950861 0.301561 0.070174
vn 0.072238 -0.997375 -0.004959
vn -0.003603 -0.999994 0.000116
vn -0.006770 -0.999879 -0.014020
vn -0.003603 -0.999994 0.000116
vn 0.138697 -0.990201 -0.016308
vn 0.071561 -0.997407 -0.007595
vn 0.973714 0.211786 0.083837
vn 0.133747 0.987555 -0.082746
vn -0.128352 0.988059 -0.085232
vn 0.950861 0.301561 0.070174
vn 0.868457 0.495763 -0.001365
vn 0.257752 0.955354 -0.144437
vn 0.348202 0.897989 -0.269017
vn 0.383375 0.758479 -0.527004
vn 0.109277 0.985464 0.130073
vn 0.305209 0.805091 -0.508602
vn 0.383375 0.758479 -0.527004
vn 0.135780 0.865041 -0.482978
vn 0.305209 0.805091 -0.508602
vn 0.135780 0.865041 -0.482978
vn 0.016137 0.863302 -0.504429
vn 0.452449 0.716540 -0.530905
vn 0.305209 0.805091 -0.508602
vn 0.382697 0.805404 -0.452623
vn 0.071561 -0.997407 -0.007595
vn 0.138697 -0.990201 -0.016308
vn 0.002429 -0.999296 -0.037430
vn 0.071561 -0.997407 -0.007595
vn 0.009672 -0.997805 -0.065514
vn 0.012365 -0.999920 -0.002605
vn 0.120831 -0.972473 0.199241
vn 0.012365 -0.999920 -0.002605
vn 0.009672 -0.997805 -0.065514
vn 0.030930 0.080427 0.996281
vn -0.038075 -0.991221 0.126615
vn 0.012365 -0.999920 -0.002605
vn 0.081684 -0.991461 0.101655
vn 0.334732 -0.852463 0.401574
vn 0.385605 -0.764028 0.517271
vn -0.315680 -0.109199 0.942561
vn 0.562147 0.261167 0.784718
vn -0.330947 0.213427 0.919197
vn 0.562147 0.261167 0.784718
vn 0.385605 -0.764028 0.517271
vn 0.552479 -0.384468 0.739561
vn 0.385605 -0.764028 0.517271
vn 0.132816 -0.890646 0.434867
vn 0.136902 -0.982888 0.123241
vn -0.787201 0.165180 0.594163
vn -0.535215 0.770723 0.345732
vn -0.620814 -0.577887 0.529752
vn -0.145285 0.964519 -0.220443
vn -0.044059 0.978261 0.202643
vn -0.852565 0.281629 0.440248
vn -0.315680 -0.109199 0.942561
vn -0.672081 -0.288195 0.682093
vn -0.455303 0.808547 0.372761
vn -0.852565 0.281629 0.440248
vn -0.620814 -0.577887 0.529752
vn -0.535215 0.770723 0.345732
vn -0.031204 0.415067 0.909256
vn -0.672081 -0.288195 0.682093
vn -0.330947 0.213427 0.919197
vn -0.570162 -0.528078 0.629324
vn -0.852565 0.281629 0.440248
vn -0.672081 -0.288195 0.682093
vn 0.552479 -0.384468 0.739561
vn 0.137079 0.976721 0.165003
vn 0.211304 0.976545 0.041355
vn -0.204793 0.933950 -0.292911
vn -0.298225 0.866283 -0.400769
vn 0.094903 0.951820 -0.291604
vn 0.742095 -0.079619 0.665550
vn 0.137079 0.976721 0.165003
vn 0.552479 -0.384468 0.739561
vn 0.094903 0.951820 -0.291604
vn 0.137079 0.976721 0.165003
vn -0.204793 0.933950 -0.292911
vn 0.529173 0.848315 0.018407
vn 0.211304 0.976545 0.041355
vn 0.094903 0.951820 -0.291604
vn 0.094903 0.951820 -0.291604
vn 0.211304 0.976545 0.041355
vn 0.137079 0.976721 0.165003
vn 0.002491 -0.327458 0.944862
vn -0.315680 -0.109199 0.942561
vn -0.455303 0.808547 0.372761
vn 0.132816 -0.890646 0.434867
vn 0.411322 -0.551195 0.725946
vn -0.315680 -0.109199 0.942561
vn -0.034381 -0.999042 -0.027063
vn 0.120831 -0.972473 0.199241
vn 0.009672 -0.997805 -0.065514
vn 0.002491 -0.327458 0.944862
vn 0.132816 -0.890646 0.434867
vn -0.315680 -0.109199 0.942561
vn -0.709066 -0.193340 0.678119
vn -0.570162 -0.528078 0.629324
vn -0.402615 0.306538 0.862517
vn -0.557374 -0.469355 0.684865
vn -0.644953 -0.557085 0.523156
vn -0.705273 -0.183557 0.684760
vn -0.177550 0.983531 -0.033800
vn -0.535215 0.770723 0.345732
vn -0.787201 0.165180 0.594163
vn -0.852565 0.281629 0.440248
vn -0.535215 0.770723 0.345732
vn -0.145285 0.964519 -0.220443
vn -0.455303 0.808547 0.372761
vn 0.030930 0.080427 0.996281
vn 0.002491 -0.327458 0.944862
vn 0.120831 -0.972473 0.199241
vn 0.002491 -0.327458 0.944862
vn 0.030930 0.080427 0.996281
vn 0.385605 -0.764028 0.517271
vn 0.411322 -0.551195 0.725946
vn 0.132816 -0.890646 0.434867
vn 0.562147 0.261167 0.784718
vn -0.315680 -0.109199 0.942561
vn 0.411322 -0.551195 0.725946
vn -0.705273 -0.183557 0.684760
vn -0.644953 -0.557085 0.523156
vn -0.709066 -0.193340 0.678119
vn -0.570162 -0.528078 0.629324
vn -0.709066 -0.193340 0.678119
vn -0.644953 -0.557085 0.523156
vn -0.358149 -0.350091 -0.865544
vn -0.754896 0.436716 -0.489297
vn -0.450965 0.452069 -0.769587
vn -0.693658 0.719023 -0.042939
vn -0.754896 0.436716 -0.489297
vn -0.713756 0.293955 -0.635722
vn 0.415160 0.831655 -0.368771
vn 0.125137 0.939964 -0.317504
vn 0.302240 0.896641 -0.323553
vn 0.125137 0.939964 -0.317504
vn 0.130610 0.888536 -0.439824
vn -0.339602 0.927051 -0.158890
vn -0.234654 0.924641 -0.299961
vn -0.339602 0.927051 -0.158890
vn 0.130610 0.888536 -0.439824
vn -0.463239 0.886134 -0.013259
vn -0.339602 0.927051 -0.158890
vn -0.327503 0.944825 -0.006914
vn -0.519630 -0.853666 -0.035202
vn -0.623303 -0.773529 -0.114657
vn -0.323072 -0.945723 -0.035112
vn -0.441911 -0.533052 0.721505
vn -0.623303 -0.773529 -0.114657
vn -0.364330 -0.756398 0.543255
vn 0.136902 -0.982888 0.123241
vn -0.034381 -0.999042 -0.027063
vn 0.081684 -0.991461 0.101655
vn 0.009672 -0.997805 -0.065514
vn 0.071561 -0.997407 -0.007595
vn 0.002429 -0.999296 -0.037430
vn 0.385605 -0.764028 0.517271
vn 0.136902 -0.982888 0.123241
vn 0.081684 -0.991461 0.101655
vn 0.132816 -0.890646 0.434867
vn -0.034381 -0.999042 -0.027063
vn 0.136902 -0.982888 0.123241
vn 0.049944 -0.998679 0.012073
vn 0.002429 -0.999296 -0.037430
vn 0.138697 -0.990201 -0.016308
vn -0.079193 -0.996859 0.000960
vn -0.034381 -0.999042 -0.027063
vn 0.002429 -0.999296 -0.037430
vn 0.016137 0.863302 -0.504429
vn -0.234654 0.924641 -0.299961
vn 0.130610 0.888536 -0.439824
vn 0.257752 0.955354 -0.144437
vn -0.234654 0.924641 -0.299961
vn 0.261338 0.941081 -0.214638
vn 0.305209 0.805091 -0.508602
vn 0.016137 0.863302 -0.504429
vn 0.130610 0.888536 -0.439824
vn 0.261338 0.941081 -0.214638
vn 0.016137 0.863302 -0.504429
vn 0.135780 0.865041 -0.482978
vn 0.950861 0.301561 0.070174
vn 0.257752 0.955354 -0.144437
vn 0.261338 0.941081 -0.214638
vn -0.128352 0.988059 -0.085232
vn 0.868457 0.495763 -0.001365
vn 0.973714 0.211786 0.083837
vn -0.327503 0.944825 -0.006914
vn -0.234654 0.924641 -0.299961
vn -0.128352 0.988059 -0.085232
vn 0.257752 0.955354 -0.144437
vn -0.128352 0.988059 -0.085232
vn -0.234654 0.924641 -0.299961
vn 0.000069 -1.000000 -0.000066
vn -0.000218 -1.000000 -0.000034
vn 0.000258 -1.000000 -0.000045
vn -0.265252 -0.207870 0.941505
vn -0.451656 -0.403083 0.795947
vn -0.002880 -0.998356 0.057245
vn 0.002373 -0.999626 0.027241
vn -0.031549 -0.970090 0.240686
vn -0.002880 -0.998356 0.057245
vn 0.000116 -1.000000 -0.000136
vn 0.000000 -1.000000 0.000000
vn 0.000000 -1.000000 0.000000
vn -0.000487 -1.000000 0.000553
vn 0.002373 -0.999626 0.027241
vn -0.000966 -1.000000 0.000284
vn 0.479603 -0.875886 -0.052963
vn 0.261655 -0.962029 0.077700
vn 0.208967 -0.977792 -0.015994
vn -0.000331 -1.000000 -0.000110
vn -0.001213 -0.999999 -0.000077
vn -0.001080 -0.999999 -0.000521
vn -0.005797 -0.999826 -0.017717
vn 0.001956 -0.946005 -0.324146
vn 0.084039 -0.976131 -0.200265
vn -0.107067 -0.966290 -0.234137
vn -0.315696 -0.615672 -0.722000
vn 0.001956 -0.946005 -0.324146
vn -0.030133 -0.952280 0.303736
vn 0.002373 -0.999626 0.027241
vn -0.010313 -0.999595 0.026517
vn 0.000243 -0.999999 -0.001173
vn 0.000408 -1.000000 0.000094
vn 0.000077 -1.000000 -0.000052
vn -0.000184 -1.000000 -0.000598
vn 0.000012 -1.000000 -0.000562
vn 0.000258 -1.000000 -0.000045
vn 0.000101 -1.000000 -0.000054
vn 0.000753 -1.000000 0.000021
vn 0.000116 -1.000000 -0.000136
vn -0.171069 0.228671 0.958355
vn -0.297968 0.045758 0.953479
vn -0.030133 -0.952280 0.303736
vn 0.000678 -0.999998 0.002048
vn 0.007204 -0.999974 0.000320
vn 0.004491 -0.999988 0.002216
vn -0.000076 -1.000000 -0.000361
vn 0.000000 -1.000000 0.000000
vn 0.000000 -1.000000 0.000000
vn -0.132234 -0.879473 0.457210
vn -0.065911 -0.952001 0.298915
vn -0.001183 -0.999836 0.018054
vn -0.132234 -0.879473 0.457210
vn -0.345489 0.355354 0.868539
vn -0.065911 -0.952001 0.298915
vn -0.001579 -0.999991 -0.003813
vn -0.006371 -0.999976 -0.002811
vn 0.000002 -1.000000 -0.000009
vn -0.086986 0.875741 0.474880
vn -0.280263 0.772590 0.569699
vn -0.268238 -0.323716 0.907335
vn -0.187679 -0.627514 0.755647
vn -0.086986 0.875741 0.474880
vn -0.268238 -0.323716 0.907335
vn -0.000117 -1.000000 0.000499
vn -0.000042 -1.000000 0.000182
vn -0.000077 -1.000000 0.000778
vn -0.171069 0.228671 0.958355
vn -0.065911 -0.952001 0.298915
vn -0.345489 0.355354 0.868539
vn -0.000420 -1.000000 0.000140
vn 0.000051 -1.000000 -0.000010
vn 0.000409 -1.000000 0.000688
vn -0.000053 -1.000000 -0.000152
vn -0.000041 -1.000000 -0.000135
vn -0.000454 -1.000000 -0.000115
vn -0.169987 -0.626763 0.760443
vn -0.194491 0.691592 0.695611
vn -0.252089 0.571405 0.780991
vn 0.000016 -1.000000 0.000168
vn 0.000025 -1.000000 -0.000020
vn -0.000594 -1.000000 0.000062
vn 0.250708 0.877397 -0.409048
vn 0.243368 0.897132 -0.368681
vn 0.402461 -0.345180 -0.847866
vn -0.150350 0.768235 -0.622262
vn 0.250708 0.877397 -0.409048
vn 0.155293 -0.317556 -0.935437
vn 0.004095 -0.999990 0.001982
vn 0.004171 -0.999989 -0.002117
vn 0.000507 -1.000000 -0.000454
vn 0.000208 -0.999986 0.005232
vn 0.004095 -0.999990 0.001982
vn -0.000801 -0.999999 0.001492
vn 0.000359 -1.000000 -0.000327
vn 0.001622 -0.981894 -0.189423
vn 0.005532 -0.999977 -0.003964
vn -0.001425 -0.999999 -0.000227
vn -0.000801 -0.999999 0.001492
vn 0.001989 -0.999997 0.001308
vn -0.000566 -1.000000 -0.000522
vn -0.000100 -0.999999 0.001551
vn -0.000801 -0.999999 0.001492
vn 0.380793 0.171270 -0.908660
vn 0.243368 0.897132 -0.368681
vn 0.258063 0.934651 -0.244603
vn 0.001989 -0.999997 0.001308
vn -0.000801 -0.999999 0.001492
vn 0.004095 -0.999990 0.001982
vn 0.402461 -0.345180 -0.847866
vn 0.155293 -0.317556 -0.935437
vn 0.250708 0.877397 -0.409048
vn -0.000736 -1.000000 -0.000639
vn 0.004095 -0.999990 0.001982
vn 0.000208 -0.999986 0.005232
vn -0.000736 -1.000000 -0.000639
vn 0.000208 -0.999986 0.005232
vn -0.004581 -0.999987 0.002173
vn -0.000397 -1.000000 -0.000398
vn -0.000042 -1.000000 0.000182
vn 0.000552 -1.000000 -0.000378
vn 0.000000 -1.000000 0.000000
vn 0.000116 -1.000000 -0.000136
vn -0.000076 -1.000000 -0.000361
vn 0.000297 -1.000000 0.000416
vn 0.000237 -1.000000 0.000311
vn -0.000060 -1.000000 0.000152
vn -0.000042 -1.000000 0.000182
vn -0.000117 -1.000000 0.000499
vn -0.000608 -0.999999 0.001015
vn -0.000060 -1.000000 0.000152
vn -0.000077 -1.000000 0.000778
vn 0.000297 -1.000000 0.000416
vn 0.000349 -1.000000 -0.000131
vn 0.000093 -1.000000 -0.000476
vn 0.000639 -1.000000 -0.000355
vn 0.000761 -1.000000 0.000260
vn 0.000234 -1.000000 0.000074
vn 0.000297 -1.000000 0.000416
vn -0.000012 -1.000000 0.000571
vn 0.000227 -1.000000 -0.000302
vn -0.001030 -0.999999 0.000675
vn 0.000000 -1.000000 0.000000
vn 0.000000 -1.000000 0.000000
vn 0.000000 -1.000000 0.000000
vn 0.000000 -1.000000 0.000000
vn -0.000076 -1.000000 -0.000361
vn 0.000000 -1.000000 0.000000
vn -0.000012 -1.000000 0.000571
vn -0.000140 -1.000000 -0.000009
vn 0.000774 -1.000000 0.000150
vn 0.000234 -1.000000 0.000074
vn 0.000237 -1.000000 0.000311
vn 0.000297 -1.000000 0.000416
vn 0.000000 -1.000000 0.000000
vn 0.000000 -1.000000 0.000000
vn 0.000000 -1.000000 0.000000
vn 0.000904 -1.000000 0.000348
vn -0.000566 -1.000000 -0.000522
vn 0.000552 -1.000000 -0.000378
vn -0.030133 -0.952280 0.303736
vn -0.065911 -0.952001 0.298915
vn -0.171069 0.228671 0.958355
vn 0.295848 -0.434055 -0.850923
vn 0.402461 -0.345180 -0.847866
vn 0.243368 0.897132 -0.368681
vn 0.000774 -1.000000 0.000150
vn -0.000088 -1.000000 0.000078
vn 0.000250 -1.000000 0.000196
vn -0.000801 -0.999999 0.001492
vn -0.001425 -0.999999 -0.000227
vn -0.000566 -1.000000 -0.000522
vn -0.277071 -0.001065 0.960849
vn 0.022494 0.992491 0.120235
vn -0.078760 0.976258 0.201786
vn -0.016461 0.889553 0.456535
vn -0.112851 -0.678572 0.725813
vn -0.573588 -0.738838 0.353717
vn 0.000208 -0.999986 0.005232
vn 0.000904 -1.000000 0.000348
vn -0.000608 -0.999999 0.001015
vn 0.136499 0.861723 0.488673
vn -0.254251 0.565662 0.784464
vn -0.148613 -0.634894 0.758171
vn 0.016823 -0.999658 -0.020013
vn 0.001553 -0.999936 -0.011191
vn 0.001204 -0.999997 -0.002337
vn 0.001288 -0.999999 0.000108
vn 0.001989 -0.999997 0.001308
vn 0.004095 -0.999990 0.001982
vn -0.409277 -0.679246 0.609194
vn 0.268282 0.947740 -0.172664
vn -0.016461 0.889553 0.456535
vn -0.231446 0.955899 0.180801
vn -0.254251 0.565662 0.784464
vn 0.158669 0.987302 0.007654
vn 0.004171 -0.999989 -0.002117
vn 0.004095 -0.999990 0.001982
vn -0.000736 -1.000000 -0.000639
vn -0.177155 -0.795169 0.579933
vn -0.254251 0.565662 0.784464
vn -0.360533 -0.217846 0.906951
vn -0.004581 -0.999987 0.002173
vn 0.000208 -0.999986 0.005232
vn -0.000608 -0.999999 0.001015
vn 0.000028 -1.000000 0.000318
vn -0.000227 -1.000000 0.000039
vn 0.000209 -1.000000 0.000074
vn -0.016461 0.889553 0.456535
vn -0.573588 -0.738838 0.353717
vn -0.409277 -0.679246 0.609194
vn -0.266419 0.891991 -0.365203
vn -0.243503 0.948797 -0.201224
vn -0.148659 0.988229 0.036101
vn 0.004491 -0.999988 0.002216
vn 0.007815 -0.999887 0.012845
vn 0.000678 -0.999998 0.002048
vn 0.751898 -0.413573 0.513427
vn 0.086112 0.984676 0.151651
vn 0.768573 0.218297 0.601367
vn -0.168876 0.966184 -0.194856
vn -0.251548 0.965567 -0.066358
vn 0.152719 0.977440 0.145907
vn 0.569415 -0.736296 0.365561
vn 0.157485 -0.983274 0.091488
vn 0.107838 -0.991948 0.066409
vn -0.000592 -1.000000 0.000166
vn -0.001527 -0.999999 -0.000652
vn 0.000431 -1.000000 0.000785
vn -0.015620 -0.999741 0.016550
vn -0.003178 -0.999506 0.031277
vn -0.000398 -0.999959 0.009081
vn 0.645201 -0.686325 0.335669
vn -0.022938 0.997344 0.069125
vn 0.535747 0.816394 0.215584
vn 0.191987 0.945661 0.262422
vn -0.224936 0.974373 0.000696
vn 0.106455 0.962143 0.250895
vn 0.167295 -0.985245 0.036115
vn 0.007204 -0.999974 0.000320
vn 0.005713 -0.999975 0.004222
vn 0.021591 -0.961217 0.274947
vn -0.010870 -0.984428 0.175451
vn -0.367934 -0.929062 -0.038325
vn -0.213579 0.966322 -0.143548
vn -0.243503 0.948797 -0.201224
vn -0.429317 0.861400 -0.271436
vn -0.075034 0.899059 0.431350
vn -0.187679 -0.627514 0.755647
vn -0.306243 -0.501280 0.809280
vn -0.001828 -0.999998 -0.001096
vn -0.002149 -0.999998 -0.000399
vn -0.000153 -1.000000 0.000089
vn 0.386777 -0.900999 0.196478
vn 0.751898 -0.413573 0.513427
vn 0.768573 0.218297 0.601367
vn 0.001297 -0.999999 0.000584
vn -0.000179 -1.000000 0.000403
vn 0.000864 -0.999998 0.001558
vn -0.000913 -1.000000 -0.000364
vn 0.000000 -1.000000 0.000000
vn -0.000750 -1.000000 0.000608
vn 0.110579 -0.993857 -0.004547
vn -0.025447 -0.999620 -0.010622
vn 0.190390 -0.981380 0.025407
vn -0.040301 -0.998200 0.044422
vn -0.097941 -0.981156 -0.166556
vn 0.017837 -0.996853 0.077244
vn 0.000000 -1.000000 0.000000
vn -0.000117 -1.000000 -0.000038
vn 0.000022 -1.000000 -0.000628
vn -0.172928 -0.984555 -0.027358
vn -0.025447 -0.999620 -0.010622
vn 0.110579 -0.993857 -0.004547
vn 0.751898 -0.413573 0.513427
vn 0.386777 -0.900999 0.196478
vn 0.205405 -0.966456 0.154178
vn 0.045136 -0.998813 -0.018329
vn 0.067448 -0.997154 0.033692
vn 0.006556 -0.999503 -0.030849
vn 0.120297 -0.991476 0.050039
vn 0.645201 -0.686325 0.335669
vn 0.460148 -0.823856 0.330947
vn -0.000516 -1.000000 -0.000504
vn 0.000099 -1.000000 -0.000124
vn 0.000003 -1.000000 -0.000117
vn 0.086112 0.984676 0.151651
vn -0.256100 0.966567 0.012713
vn -0.022938 0.997344 0.069125
vn -0.164836 -0.985506 -0.040090
vn -0.061769 -0.997963 -0.015965
vn -0.064818 -0.995284 -0.072175
vn -0.243503 0.948797 -0.201224
vn 0.210199 0.958668 0.191761
vn -0.148659 0.988229 0.036101
vn 0.645201 -0.686325 0.335669
vn 0.050442 -0.998105 0.035235
vn 0.386777 -0.900999 0.196478
vn 0.152719 0.977440 0.145907
vn 0.594752 0.683790 0.422730
vn 0.126005 0.988896 0.078792
vn 0.126005 0.988896 0.078792
vn 0.594752 0.683790 0.422730
vn 0.369900 0.880299 0.297065
vn -0.251548 0.965567 -0.066358
vn -0.251074 0.930065 -0.268220
vn -0.069936 0.995870 0.057899
vn 0.167295 -0.985245 0.036115
vn 0.652642 -0.753344 0.080819
vn 0.083621 -0.996248 0.022294
vn -0.256100 0.966567 0.012713
vn 0.106455 0.962143 0.250895
vn -0.224936 0.974373 0.000696
vn -0.022938 0.997344 0.069125
vn -0.358664 0.927544 -0.104987
vn 0.535747 0.816394 0.215584
vn 0.679424 -0.136857 0.720870
vn 0.716329 0.492624 0.494160
vn 0.191987 0.945661 0.262422
vn 0.972150 0.227856 0.054822
vn 0.351595 -0.936142 0.004285
vn 0.985987 -0.125782 -0.109582
vn -0.224936 0.974373 0.000696
vn 0.191987 0.945661 0.262422
vn -0.251548 0.965567 -0.066358
vn -0.358664 0.927544 -0.104987
vn -0.022938 0.997344 0.069125
vn -0.224936 0.974373 0.000696
vn 0.002245 -0.999997 0.001157
vn 0.000678 -0.999998 0.002048
vn 0.007815 -0.999887 0.012845
vn -0.224936 0.974373 0.000696
vn -0.251548 0.965567 -0.066358
vn -0.358664 0.927544 -0.104987
vn 0.474944 -0.840123 0.261959
vn 0.034157 -0.999127 0.024041
vn 0.056884 -0.996703 0.057855
vn -0.086986 0.875741 0.474880
vn -0.187679 -0.627514 0.755647
vn -0.075034 0.899059 0.431350
vn -0.001425 -0.999999 -0.000227
vn -0.001828 -0.999998 -0.001096
vn -0.000566 -1.000000 -0.000522
vn -0.000117 -1.000000 -0.000038
vn 0.000000 -1.000000 0.000000
vn 0.000000 -1.000000 0.000000
vn 0.000208 -0.999986 0.005232
vn -0.000801 -0.999999 0.001492
vn -0.000100 -0.999999 0.001551
vn 0.000103 -1.000000 -0.000385
vn -0.000389 -1.000000 -0.000553
vn 0.001049 -0.999999 -0.000653
vn 0.078938 -0.996831 0.009879
vn -0.051521 -0.997835 -0.040874
vn 0.075619 -0.986845 0.142896
vn 0.000086 -1.000000 -0.000363
vn 0.000476 -1.000000 -0.000197
vn -0.000475 -1.000000 -0.000228
vn -0.000440 -1.000000 0.000203
vn -0.000691 -1.000000 -0.000209
vn -0.000441 -1.000000 0.000562
vn 0.369618 -0.205639 -0.906143
vn 0.295977 -0.596833 -0.745780
vn -0.053371 0.984569 -0.166660
vn -0.097941 -0.981156 -0.166556
vn -0.367934 -0.929062 -0.038325
vn -0.010870 -0.984428 0.175451
vn 0.001956 -0.946005 -0.324146
vn -0.005797 -0.999826 -0.017717
vn -0.047210 -0.998862 -0.006816
vn -0.243503 0.948797 -0.201224
vn -0.213579 0.966322 -0.143548
vn 0.210199 0.958668 0.191761
vn -0.010870 -0.984428 0.175451
vn 0.017837 -0.996853 0.077244
vn -0.097941 -0.981156 -0.166556
vn -0.062065 -0.997970 -0.014262
vn -0.050261 -0.998197 -0.032809
vn -0.132579 -0.990781 -0.027841
vn 0.394088 -0.037349 -0.918314
vn 0.056036 -0.988582 -0.139877
vn 0.273623 -0.763347 -0.585178
vn 0.000297 -1.000000 0.000416
vn -0.000077 -1.000000 0.000778
vn -0.000042 -1.000000 0.000182
vn -0.000238 -1.000000 -0.000414
vn -0.000136 -1.000000 -0.000307
vn 0.000758 -1.000000 0.000540
vn -0.000275 -1.000000 0.000157
vn -0.000088 -1.000000 0.000078
vn -0.000149 -1.000000 -0.000046
vn -0.021493 -0.998410 -0.052109
vn -0.001843 -0.999997 0.001835
vn 0.005245 -0.999825 -0.017951
vn -0.008896 -0.999589 0.027259
vn -0.103772 -0.990205 -0.093410
vn 0.037040 -0.998926 -0.027849
vn 0.006556 -0.999889 0.013413
vn 0.053256 -0.996590 0.063025
vn 0.067448 -0.997154 0.033692
vn -0.001339 -0.999999 0.000072
vn -0.021493 -0.998410 -0.052109
vn 0.000622 -1.000000 -0.000670
vn 0.402461 -0.345180 -0.847866
vn 0.295848 -0.434055 -0.850923
vn 0.084039 -0.976131 -0.200265
vn -0.367934 -0.929062 -0.038325
vn -0.573588 -0.738838 0.353717
vn -0.069345 -0.637465 0.767353
vn 0.199427 0.970293 -0.136968
vn 0.340347 -0.134399 -0.930645
vn 0.258063 0.934651 -0.244603
vn 0.000243 -0.999999 -0.001173
vn 0.006556 -0.999889 0.013413
vn -0.000335 -0.999999 -0.001179
vn 0.001956 -0.946005 -0.324146
vn 0.155293 -0.317556 -0.935437
vn 0.402461 -0.345180 -0.847866
vn 0.031408 0.986801 -0.158862
vn 0.015133 0.999836 -0.010000
vn 0.278842 -0.183993 -0.942546
vn -0.315696 -0.615672 -0.722000
vn 0.155293 -0.317556 -0.935437
vn 0.001956 -0.946005 -0.324146
vn -0.000949 -0.999805 0.019731
vn 0.003383 -0.999981 0.005102
vn 0.000343 -0.999997 0.002609
vn 0.388048 0.915707 -0.104399
vn -0.318394 0.940036 -0.122303
vn -0.266419 0.891991 -0.365203
vn -0.000397 -1.000000 -0.000398
vn 0.000552 -1.000000 -0.000378
vn 0.000567 -1.000000 0.000246
vn 0.084039 -0.976131 -0.200265
vn 0.001956 -0.946005 -0.324146
vn 0.402461 -0.345180 -0.847866
vn -0.451656 -0.403083 0.795947
vn -0.000053 -1.000000 -0.000046
vn -0.002880 -0.998356 0.057245
vn 0.386777 -0.900999 0.196478
vn 0.768573 0.218297 0.601367
vn 0.645201 -0.686325 0.335669
vn -0.224936 0.974373 0.000696
vn -0.022938 0.997344 0.069125
vn -0.256100 0.966567 0.012713
vn -0.053371 0.984569 -0.166660
vn 0.068159 0.989657 -0.126231
vn 0.369618 -0.205639 -0.906143
vn -0.151048 0.988328 -0.019832
vn 0.091456 0.995288 0.032201
vn -0.237801 0.969992 0.050661
vn 0.369618 -0.205639 -0.906143
vn 0.104330 -0.949959 -0.294437
vn 0.144556 -0.922911 -0.356847
vn 0.716329 0.492624 0.494160
vn 0.594752 0.683790 0.422730
vn 0.152719 0.977440 0.145907
vn 0.000864 -0.999998 0.001558
vn -0.000179 -1.000000 0.000403
vn 0.000395 -1.000000 0.000499
vn -0.000029 -1.000000 0.000057
vn -0.000087 -1.000000 0.000428
vn -0.000199 -1.000000 0.000072
vn -0.016461 0.889553 0.456535
vn -0.053145 -0.630001 0.774774
vn -0.112851 -0.678572 0.725813
vn 0.077656 -0.986454 -0.144495
vn 0.081244 -0.972929 -0.216353
vn 0.006297 -0.999925 -0.010500
vn 0.000535 -0.999999 0.001651
vn 0.000558 -0.999999 0.001603
vn -0.000475 -0.999999 0.001277
vn 0.088424 0.956694 -0.277341
vn 0.363803 -0.305872 -0.879824
vn 0.079756 0.968006 -0.237914
vn 0.172616 -0.332990 -0.926996
vn 0.022572 -0.992394 -0.121018
vn 0.446847 0.333470 -0.830136
vn -0.022938 0.997344 0.069125
vn 0.768573 0.218297 0.601367
vn 0.086112 0.984676 0.151651
vn 0.446847 0.333470 -0.830136
vn 0.088424 0.956694 -0.277341
vn 0.039620 0.866431 -0.497723
vn 0.007957 -0.995448 -0.094975
vn 0.278842 -0.183993 -0.942546
vn 0.140549 -0.933434 -0.330071
vn 0.167295 -0.985245 0.036115
vn 0.083621 -0.996248 0.022294
vn 0.007204 -0.999974 0.000320
vn -0.000207 -1.000000 0.000088
vn 0.000607 -1.000000 0.000067
vn 0.000000 -1.000000 0.000052
vn 0.164040 -0.986432 -0.006492
vn 0.351595 -0.936142 0.004285
vn 0.007200 -0.999950 0.006956
vn 0.528330 -0.631412 -0.567614
vn 0.208967 -0.977792 -0.015994
vn 0.172616 -0.332990 -0.926996
vn -0.061646 -0.993267 0.098087
vn -0.053145 -0.630001 0.774774
vn 0.000794 -0.987466 0.157828
vn 0.351595 -0.936142 0.004285
vn 0.167295 -0.985245 0.036115
vn 0.007200 -0.999950 0.006956
vn -0.000053 -1.000000 -0.000046
vn -0.000422 -1.000000 0.000017
vn -0.000966 -1.000000 0.000284
vn -0.015572 -0.995969 -0.088340
vn 0.004430 -0.999708 -0.023750
vn 0.038065 -0.989344 -0.140531
vn 0.136499 0.861723 0.488673
vn 0.268282 0.947740 -0.172664
vn 0.158669 0.987302 0.007654
vn 0.155293 -0.317556 -0.935437
vn -0.315696 -0.615672 -0.722000
vn -0.150350 0.768235 -0.622262
vn 0.010008 -0.996269 0.085721
vn 0.001625 -0.999998 0.001405
vn 0.021591 -0.961217 0.274947
vn 0.528330 -0.631412 -0.567614
vn -0.242137 0.119778 -0.962820
vn -0.945174 -0.312789 -0.093858
vn -0.000970 -0.999999 0.000466
vn 0.000086 -1.000000 0.000973
vn -0.000323 -1.000000 0.000227
vn 0.098456 -0.995140 -0.001745
vn 0.139170 -0.989233 -0.045279
vn 0.233765 -0.967056 -0.100783
vn -0.000609 -1.000000 0.000132
vn -0.000290 -1.000000 -0.000078
vn -0.000970 -0.999999 0.000466
vn 0.000209 -1.000000 0.000074
vn 0.001310 -0.999999 0.000363
vn 0.000028 -1.000000 0.000318
vn 0.000009 -1.000000 0.000105
vn -0.000444 -1.000000 0.000675
vn -0.000179 -1.000000 0.000403
vn -0.289021 -0.932866 -0.215006
vn -0.025383 -0.999640 0.008747
vn -0.243484 -0.969886 0.006094
vn 0.001297 -0.999999 0.000584
vn 0.054337 -0.997968 0.033274
vn 0.050442 -0.998105 0.035235
vn 0.007204 -0.999974 0.000320
vn -0.016300 -0.999763 -0.014439
vn -0.061769 -0.997963 -0.015965
vn -0.000609 -1.000000 0.000132
vn 0.000702 -1.000000 0.000000
vn 0.000599 -1.000000 -0.000246
vn -0.000009 -1.000000 0.000024
vn 0.000009 -1.000000 0.000105
vn 0.001297 -0.999999 0.000584
vn 0.001031 -0.999999 -0.000720
vn 0.000702 -1.000000 0.000000
vn -0.000198 -1.000000 -0.000677
vn 0.000000 -1.000000 0.000000
vn 0.000000 -1.000000 0.000000
vn 0.000000 -1.000000 0.000000
vn -0.022938 0.997344 0.069125
vn 0.645201 -0.686325 0.335669
vn 0.768573 0.218297 0.601367
vn 0.017611 -0.999709 0.016509
vn 0.055354 -0.996501 0.062631
vn 0.054337 -0.997968 0.033274
vn 0.000864 -0.999998 0.001558
vn 0.000395 -1.000000 0.000499
vn 0.002245 -0.999997 0.001157
vn 0.083621 -0.996248 0.022294
vn 0.004491 -0.999988 0.002216
vn 0.007204 -0.999974 0.000320
vn 0.016823 -0.999658 -0.020013
vn -0.007138 -0.997733 -0.066923
vn 0.001553 -0.999936 -0.011191
vn 0.054337 -0.997968 0.033274
vn 0.386777 -0.900999 0.196478
vn 0.050442 -0.998105 0.035235
vn -0.010676 -0.999940 -0.002631
vn 0.005713 -0.999975 0.004222
vn -0.061769 -0.997963 -0.015965
vn -0.151048 0.988328 -0.019832
vn 0.972150 0.227856 0.054822
vn 0.091456 0.995288 0.032201
vn 0.007204 -0.999974 0.000320
vn -0.061769 -0.997963 -0.015965
vn 0.005713 -0.999975 0.004222
vn -0.280443 0.959819 0.009934
vn 0.175141 0.983707 -0.040564
vn -0.151048 0.988328 -0.019832
vn 0.175141 0.983707 -0.040564
vn 0.652642 -0.753344 0.080819
vn 0.972150 0.227856 0.054822
vn -0.016300 -0.999763 -0.014439
vn 0.000678 -0.999998 0.002048
vn 0.001553 -0.999936 -0.011191
vn 0.351595 -0.936142 0.004285
vn 0.972150 0.227856 0.054822
vn 0.167295 -0.985245 0.036115
vn -0.251074 0.930065 -0.268220
vn -0.249724 0.917583 -0.309321
vn 0.411027 0.904146 0.116521
vn -0.031839 -0.998116 -0.052444
vn -0.001198 -0.999999 -0.001162
vn 0.000622 -1.000000 -0.000670
vn 0.055354 -0.996501 0.062631
vn 0.205405 -0.966456 0.154178
vn 0.054337 -0.997968 0.033274
vn 0.091456 0.995288 0.032201
vn 0.972150 0.227856 0.054822
vn 0.985987 -0.125782 -0.109582
vn -0.025383 -0.999640 0.008747
vn -0.289021 -0.932866 -0.215006
vn 0.331343 -0.943054 0.029360
vn 0.241534 -0.959936 -0.142071
vn 0.147929 -0.939187 0.309910
vn -0.180014 -0.982990 0.036411
vn 0.007204 -0.999974 0.000320
vn 0.000678 -0.999998 0.002048
vn -0.016300 -0.999763 -0.014439
vn 0.001204 -0.999997 -0.002337
vn 0.000395 -1.000000 0.000499
vn -0.000395 -1.000000 0.000944
vn 0.064330 -0.961042 -0.268811
vn 0.108813 -0.993000 -0.045941
vn 0.261655 -0.962029 0.077700
vn -0.023144 -0.999721 0.004728
vn -0.049851 -0.998700 -0.010642
vn -0.040301 -0.998200 0.044422
vn 0.067448 -0.997154 0.033692
vn 0.045136 -0.998813 -0.018329
vn 0.043451 -0.998952 0.014394
vn 0.000461 -1.000000 0.000260
vn 0.000417 -1.000000 -0.000181
vn 0.000000 -1.000000 0.000000
vn -0.002002 -0.999998 -0.000693
vn 0.000091 -1.000000 0.000067
vn -0.002006 -0.999995 -0.002522
vn 0.004053 -0.999990 -0.002141
vn 0.000091 -1.000000 0.000067
vn -0.002002 -0.999998 -0.000693
vn 0.679424 -0.136857 0.720870
vn 0.191987 0.945661 0.262422
vn 0.106455 0.962143 0.250895
vn 0.064403 0.971007 0.230213
vn 0.375903 0.924098 0.068846
vn 0.967726 0.246735 0.051259
vn 0.394167 0.913889 0.097154
vn 0.834395 -0.541884 0.100730
vn 0.956624 -0.287749 -0.045510
vn 0.460148 -0.823856 0.330947
vn 0.645201 -0.686325 0.335669
vn 0.535747 0.816394 0.215584
vn -0.237801 0.969992 0.050661
vn 0.091456 0.995288 0.032201
vn 0.042796 0.995213 0.087861
vn -0.280443 0.959819 0.009934
vn -0.151048 0.988328 -0.019832
vn -0.237801 0.969992 0.050661
vn 0.331343 -0.943054 0.029360
vn 0.956624 -0.287749 -0.045510
vn 0.190390 -0.981380 0.025407
vn 0.042796 0.995213 0.087861
vn -0.200285 0.974009 0.105790
vn -0.237801 0.969992 0.050661
vn 0.863177 -0.489069 0.125447
vn 0.042796 0.995213 0.087861
vn 0.985987 -0.125782 -0.109582
vn 0.064403 0.971007 0.230213
vn -0.145115 0.978539 0.146298
vn 0.375903 0.924098 0.068846
vn 0.120297 -0.991476 0.050039
vn 0.070556 -0.997335 0.018555
vn 0.645201 -0.686325 0.335669
vn 0.972150 0.227856 0.054822
vn -0.151048 0.988328 -0.019832
vn 0.175141 0.983707 -0.040564
vn 0.394167 0.913889 0.097154
vn 0.172364 0.983847 0.048339
vn 0.834395 -0.541884 0.100730
vn 0.167295 -0.985245 0.036115
vn 0.972150 0.227856 0.054822
vn 0.652642 -0.753344 0.080819
vn 0.005713 -0.999975 0.004222
vn 0.007200 -0.999950 0.006956
vn 0.167295 -0.985245 0.036115
vn 0.000000 -1.000000 0.000000
vn -0.000710 -0.999991 -0.004267
vn -0.001676 -0.999998 -0.001511
vn 0.139170 -0.989233 -0.045279
vn 0.098456 -0.995140 -0.001745
vn 0.001091 -0.999999 0.001309
vn -0.945174 -0.312789 -0.093858
vn -0.782812 -0.415681 0.463049
vn 0.528330 -0.631412 -0.567614
vn 0.000321 -1.000000 0.000362
vn -0.000441 -1.000000 0.000562
vn -0.000340 -1.000000 -0.000637
vn 0.278842 -0.183993 -0.942546
vn 0.366658 0.385652 -0.846661
vn 0.140549 -0.933434 -0.330071
vn 0.000124 -1.000000 -0.000230
vn 0.000622 -1.000000 -0.000670
vn -0.001198 -0.999999 -0.001162
vn -0.000365 -1.000000 -0.000622
vn 0.000587 -0.999994 -0.003528
vn 0.000643 -1.000000 -0.000245
vn -0.061291 -0.996836 -0.050613
vn -0.019408 -0.999500 -0.024959
vn -0.012574 -0.999772 -0.017287
vn 0.164040 -0.986432 -0.006492
vn 0.985987 -0.125782 -0.109582
vn 0.351595 -0.936142 0.004285
vn 0.967726 0.246735 0.051259
vn 0.375903 0.924098 0.068846
vn 0.956624 -0.287749 -0.045510
vn 0.394167 0.913889 0.097154
vn 0.375903 0.924098 0.068846
vn -0.145115 0.978539 0.146298
vn 0.375903 0.924098 0.068846
vn 0.394167 0.913889 0.097154
vn 0.956624 -0.287749 -0.045510
vn -0.145115 0.978539 0.146298
vn -0.174296 0.978054 0.114155
vn 0.394167 0.913889 0.097154
vn 0.863177 -0.489069 0.125447
vn 0.219203 -0.975075 -0.034347
vn 0.748102 -0.633993 -0.195948
vn 0.190390 -0.981380 0.025407
vn 0.956624 -0.287749 -0.045510
vn 0.834395 -0.541884 0.100730
vn 0.331343 -0.943054 0.029360
vn 0.967726 0.246735 0.051259
vn 0.956624 -0.287749 -0.045510
vn 0.394167 0.913889 0.097154
vn -0.174296 0.978054 0.114155
vn 0.172364 0.983847 0.048339
vn 0.172364 0.983847 0.048339
vn -0.200285 0.974009 0.105790
vn 0.042796 0.995213 0.087861
vn 0.479603 -0.875886 -0.052963
vn 0.528330 -0.631412 -0.567614
vn -0.782812 -0.415681 0.463049
vn 0.528330 -0.631412 -0.567614
vn 0.479603 -0.875886 -0.052963
vn 0.208967 -0.977792 -0.015994
vn -0.782812 -0.415681 0.463049
vn -0.415202 -0.903361 0.107451
vn 0.018882 -0.975849 -0.217627
vn 0.018882 -0.975849 -0.217627
vn -0.415202 -0.903361 0.107451
vn 0.064330 -0.961042 -0.268811
vn 0.000000 -1.000000 0.000000
vn -0.000009 -1.000000 0.000024
vn 0.000000 -1.000000 0.000000
vn 0.000009 -1.000000 0.000105
vn 0.000209 -1.000000 0.000074
vn -0.000227 -1.000000 0.000039
vn 0.000352 -1.000000 0.000431
vn 0.005702 -0.999870 0.015070
vn -0.023144 -0.999721 0.004728
vn 0.000000 -1.000000 0.000000
vn 0.000000 -1.000000 0.000000
vn 0.000000 -1.000000 0.000000
vn -0.213579 0.966322 -0.143548
vn 0.369900 0.880299 0.297065
vn 0.210199 0.958668 0.191761
vn -0.213579 0.966322 -0.143548
vn -0.168876 0.966184 -0.194856
vn 0.126005 0.988896 0.078792
vn -0.266419 0.891991 -0.365203
vn -0.318394 0.940036 -0.122303
vn -0.429317 0.861400 -0.271436
vn 0.587953 -0.678210 0.440843
vn 0.474944 -0.840123 0.261959
vn 0.056884 -0.996703 0.057855
vn 0.000085 -1.000000 -0.000537
vn 0.000000 -1.000000 0.000000
vn 0.007953 -0.999961 -0.003892
vn 0.323722 -0.933269 -0.155608
vn 0.241534 -0.959936 -0.142071
vn 0.185252 -0.982158 -0.032359
vn -0.103772 -0.990205 -0.093410
vn -0.051521 -0.997835 -0.040874
vn -0.047712 -0.997617 -0.049831
vn 0.071889 -0.996968 -0.029783
vn 0.025490 -0.998012 -0.057636
vn 0.155423 -0.967036 -0.201704
vn -0.000444 -1.000000 0.000675
vn 0.000009 -1.000000 0.000105
vn -0.000227 -1.000000 0.000039
vn 0.001553 -0.999936 -0.011191
vn 0.000678 -0.999998 0.002048
vn 0.002245 -0.999997 0.001157
vn 0.007815 -0.999887 0.012845
vn 0.055354 -0.996501 0.062631
vn 0.017611 -0.999709 0.016509
vn 0.001553 -0.999936 -0.011191
vn 0.002245 -0.999997 0.001157
vn 0.000395 -1.000000 0.000499
vn 0.000169 -1.000000 -0.000304
vn -0.000107 -1.000000 0.000048
vn 0.000814 -0.999999 -0.000700
vn -0.001121 -0.999999 -0.000398
vn -0.000187 -1.000000 0.000517
vn -0.000692 -1.000000 0.000226
vn -0.297968 0.045758 0.953479
vn -0.265252 -0.207870 0.941505
vn -0.031549 -0.970090 0.240686
vn -0.010313 -0.999595 0.026517
vn -0.000649 -0.999999 0.001202
vn -0.065911 -0.952001 0.298915
vn -0.000966 -1.000000 0.000284
vn -0.002880 -0.998356 0.057245
vn -0.000053 -1.000000 -0.000046
vn -0.000966 -1.000000 0.000284
vn 0.002373 -0.999626 0.027241
vn -0.002880 -0.998356 0.057245
vn 0.000012 -1.000000 -0.000562
vn -0.001080 -0.999999 -0.000521
vn -0.000454 -1.000000 -0.000115
vn -0.000487 -1.000000 0.000553
vn 0.000639 -1.000000 -0.000355
vn 0.000216 -1.000000 0.000653
vn 0.000016 -1.000000 0.000168
vn 0.000069 -1.000000 -0.000066
vn 0.000025 -1.000000 -0.000020
vn -0.001183 -0.999836 0.018054
vn -0.000115 -1.000000 -0.000195
vn 0.000678 -1.000000 0.000491
vn -0.169987 -0.626763 0.760443
vn -0.179586 -0.733627 0.655394
vn -0.194491 0.691592 0.695611
vn 0.000501 -1.000000 0.000057
vn 0.000349 -0.999999 -0.001609
vn 0.000000 -1.000000 0.000000
vn 0.000184 -1.000000 -0.000310
vn 0.000152 -1.000000 -0.000064
vn 0.000511 -1.000000 -0.000237
vn -0.000232 -1.000000 0.000020
vn -0.000146 -1.000000 -0.000542
vn -0.000232 -1.000000 -0.000282
vn -0.000012 -1.000000 0.000571
vn 0.000774 -1.000000 0.000150
vn 0.000061 -1.000000 0.000117
vn -0.177155 -0.795169 0.579933
vn -0.360533 -0.217846 0.906951
vn -0.096397 -0.981756 0.163899
vn 0.000507 -1.000000 -0.000454
vn -0.000594 -1.000000 0.000062
vn 0.001288 -0.999999 0.000108
vn -0.000184 -1.000000 -0.000598
vn -0.000218 -1.000000 -0.000034
vn -0.000226 -1.000000 -0.000513
vn -0.000050 -1.000000 -0.000051
vn 0.000000 -1.000000 0.000000
vn 0.000001 -1.000000 -0.000049
vn -0.000043 -1.000000 -0.000157
vn -0.000098 -1.000000 -0.000295
vn 0.000000 -1.000000 0.000000
vn -0.000049 -1.000000 -0.000038
vn -0.000117 -1.000000 0.000499
vn -0.000060 -1.000000 0.000152
vn 0.000000 -1.000000 0.000000
vn 0.000002 -1.000000 -0.000009
vn -0.006371 -0.999976 -0.002811
vn -0.000736 -1.000000 -0.000639
vn -0.006371 -0.999976 -0.002811
vn -0.001579 -0.999991 -0.003813
vn 0.000016 -1.000000 0.000168
vn 0.004171 -0.999989 -0.002117
vn 0.000000 -1.000000 0.000000
vn -0.000624 -1.000000 -0.000356
vn -0.000211 -1.000000 0.000243
vn 0.000256 -1.000000 -0.000443
vn 0.000000 -1.000000 0.000000
vn 0.000000 -1.000000 0.000000
vn 0.000000 -1.000000 0.000000
vn 0.000904 -1.000000 0.000348
vn 0.000208 -0.999986 0.005232
vn -0.000100 -0.999999 0.001551
vn -0.000397 -1.000000 -0.000398
vn 0.000081 -1.000000 0.000001
vn 0.000297 -1.000000 0.000416
vn -0.000153 -1.000000 0.000089
vn -0.000566 -1.000000 -0.000522
vn -0.001828 -0.999998 -0.001096
vn -0.000153 -1.000000 0.000089
vn 0.000552 -1.000000 -0.000378
vn -0.000566 -1.000000 -0.000522
vn -0.000440 -1.000000 0.000203
vn -0.000389 -1.000000 -0.000553
vn -0.012574 -0.999772 -0.017287
vn -0.000153 -1.000000 0.000089
vn 0.000567 -1.000000 0.000246
vn 0.000552 -1.000000 -0.000378
vn -0.050261 -0.998197 -0.032809
vn -0.014200 -0.999737 -0.018006
vn -0.027440 -0.999228 -0.028122
vn -0.000475 -1.000000 -0.000228
vn -0.000427 -1.000000 0.000618
vn 0.000174 -1.000000 -0.000025
vn 0.000000 -1.000000 0.000000
vn 0.000116 -1.000000 -0.000136
vn 0.000000 -1.000000 0.000000
vn -0.002026 -0.999998 0.000801
vn -0.000888 -1.000000 0.000104
vn -0.001182 -0.999999 -0.000790
vn 0.000107 -1.000000 0.000197
vn 0.000183 -1.000000 -0.000461
vn 0.000424 -1.000000 -0.000320
vn 0.000665 -0.999999 0.001434
vn -0.000126 -1.000000 0.000746
vn -0.000656 -1.000000 0.000665
vn 0.127528 -0.945775 -0.298743
vn 0.366658 0.385652 -0.846661
vn 0.437774 -0.258552 -0.861107
vn 0.071889 -0.996968 -0.029783
vn -0.002006 -0.999997 -0.001216
vn 0.025490 -0.998012 -0.057636
vn 0.036028 0.998861 0.031286
vn -0.360533 -0.217846 0.906951
vn -0.231446 0.955899 0.180801
vn -0.126361 -0.792129 0.597130
vn 0.022494 0.992491 0.120235
vn -0.277071 -0.001065 0.960849
vn -0.016461 0.889553 0.456535
vn 0.268282 0.947740 -0.172664
vn 0.136499 0.861723 0.488673
vn -0.005636 -0.997633 0.068536
vn -0.148613 -0.634894 0.758171
vn -0.177155 -0.795169 0.579933
vn 0.000794 -0.987466 0.157828
vn -0.053145 -0.630001 0.774774
vn -0.148613 -0.634894 0.758171
vn -0.148613 -0.634894 0.758171
vn -0.053145 -0.630001 0.774774
vn 0.136499 0.861723 0.488673
vn -0.573588 -0.738838 0.353717
vn -0.112851 -0.678572 0.725813
vn -0.069345 -0.637465 0.767353
vn -0.112851 -0.678572 0.725813
vn -0.053145 -0.630001 0.774774
vn -0.061646 -0.993267 0.098087
vn 0.000000 -1.000000 0.000000
vn -0.001302 -0.999985 0.005264
vn -0.000019 -1.000000 0.000084
vn 0.001733 -0.999998 0.000474
vn 0.000349 -0.999999 -0.001609
vn 0.001443 -0.999999 -0.000460
vn -0.069345 -0.637465 0.767353
vn 0.010008 -0.996269 0.085721
vn 0.021591 -0.961217 0.274947
vn -0.040301 -0.998200 0.044422
vn -0.049851 -0.998700 -0.010642
vn -0.097941 -0.981156 -0.166556
vn -0.000592 -1.000000 0.000166
vn -0.000970 -0.999999 0.000466
vn 0.000000 -1.000000 0.000000
vn -0.000293 -0.999998 -0.002173
vn 0.001031 -0.999999 -0.000943
vn -0.001681 -0.999997 -0.001913
vn 0.000000 -1.000000 0.000000
vn 0.000000 -1.000000 0.000000
vn 0.000000 -1.000000 0.000000
vn 0.005702 -0.999870 0.015070
vn 0.024361 -0.999302 -0.028309
vn 0.011344 -0.999820 -0.015188
vn -0.000141 -1.000000 0.000035
vn -0.000527 -1.000000 0.000700
vn -0.000019 -1.000000 0.000084
vn 0.010864 -0.999855 0.013121
vn 0.045136 -0.998813 -0.018329
vn 0.013044 -0.999901 -0.005244
vn -0.047210 -0.998862 -0.006816
vn -0.132579 -0.990781 -0.027841
vn -0.107067 -0.966290 -0.234137
vn 0.000776 -1.000000 -0.000610
vn 0.000192 -1.000000 -0.000453
vn 0.000277 -1.000000 0.000133
vn -0.000457 -0.999982 -0.005939
vn 0.053164 -0.974439 -0.218273
vn 0.025616 -0.998118 -0.055726
vn 0.000776 -1.000000 -0.000610
vn 0.000277 -1.000000 0.000133
vn 0.000516 -1.000000 -0.000471
vn -0.015572 -0.995969 -0.088340
vn -0.037634 -0.997886 -0.052974
vn -0.020709 -0.999197 -0.034302
vn -0.008812 -0.999647 0.025056
vn 0.004430 -0.999708 -0.023750
vn -0.064347 -0.997608 0.025247
vn -0.064347 -0.997608 0.025247
vn -0.038422 -0.997464 0.059917
vn -0.008812 -0.999647 0.025056
vn 0.000702 -1.000000 0.000000
vn 0.000840 -0.999999 -0.000945
vn 0.000085 -1.000000 -0.000537
vn -0.000836 -1.000000 -0.000040
vn -0.000118 -1.000000 0.000485
vn -0.000459 -1.000000 0.000308
vn 0.000097 -1.000000 0.000442
vn -0.000836 -1.000000 -0.000040
vn -0.000149 -1.000000 -0.000046
vn 0.218177 -0.580389 -0.784568
vn 0.380793 0.171270 -0.908660
vn 0.340347 -0.134399 -0.930645
vn 0.077656 -0.986454 -0.144495
vn 0.005532 -0.999977 -0.003964
vn 0.001622 -0.981894 -0.189423
vn 0.084039 -0.976131 -0.200265
vn 0.001622 -0.981894 -0.189423
vn 0.000359 -1.000000 -0.000327
vn -0.062065 -0.997970 -0.014262
vn -0.005797 -0.999826 -0.017717
vn 0.000516 -1.000000 -0.000471
vn 0.137740 -0.990257 0.020485
vn 0.010933 -0.996529 -0.082523
vn 0.261655 -0.962029 0.077700
vn 0.026755 -0.996572 -0.078284
vn 0.127528 -0.945775 -0.298743
vn 0.437774 -0.258552 -0.861107
vn 0.219203 -0.975075 -0.034347
vn 0.110579 -0.993857 -0.004547
vn 0.748102 -0.633993 -0.195948
vn -0.167484 -0.980490 -0.102903
vn 0.128848 -0.991544 -0.015432
vn 0.072002 -0.990867 -0.114006
vn 0.834395 -0.541884 0.100730
vn 0.748102 -0.633993 -0.195948
vn 0.110579 -0.993857 -0.004547
vn 0.190390 -0.981380 0.025407
vn -0.025447 -0.999620 -0.010622
vn -0.025383 -0.999640 0.008747
vn 0.007200 -0.999950 0.006956
vn -0.010676 -0.999940 -0.002631
vn 0.164040 -0.986432 -0.006492
vn 0.110579 -0.993857 -0.004547
vn 0.190390 -0.981380 0.025407
vn 0.834395 -0.541884 0.100730
vn 0.005713 -0.999975 0.004222
vn -0.010676 -0.999940 -0.002631
vn 0.007200 -0.999950 0.006956
vn 0.164040 -0.986432 -0.006492
vn 0.219203 -0.975075 -0.034347
vn 0.863177 -0.489069 0.125447
vn 0.006588 -0.999977 -0.001343
vn -0.010676 -0.999940 -0.002631
vn -0.057703 -0.998057 -0.023506
vn 0.219203 -0.975075 -0.034347
vn 0.164040 -0.986432 -0.006492
vn 0.006588 -0.999977 -0.001343
vn 0.128848 -0.991544 -0.015432
vn 0.021651 -0.999647 -0.015398
vn 0.096227 -0.995025 0.025792
vn 0.233765 -0.967056 -0.100783
vn 0.241534 -0.959936 -0.142071
vn -0.160737 -0.985563 -0.053196
vn 0.219203 -0.975075 -0.034347
vn 0.006588 -0.999977 -0.001343
vn 0.110579 -0.993857 -0.004547
vn -0.160737 -0.985563 -0.053196
vn -0.172928 -0.984555 -0.027358
vn -0.167484 -0.980490 -0.102903
vn -0.200285 0.974009 0.105790
vn 0.172364 0.983847 0.048339
vn -0.174296 0.978054 0.114155
vn 0.172364 0.983847 0.048339
vn 0.672887 0.739684 0.009523
vn 0.748102 -0.633993 -0.195948
vn 0.022572 -0.992394 -0.121018
vn 0.208967 -0.977792 -0.015994
vn 0.010933 -0.996529 -0.082523
vn -0.242137 0.119778 -0.962820
vn 0.172616 -0.332990 -0.926996
vn 0.039620 0.866431 -0.497723
vn 0.262255 -0.959377 -0.104010
vn 0.155423 -0.967036 -0.201704
vn 0.022572 -0.992394 -0.121018
vn 0.155423 -0.967036 -0.201704
vn 0.363803 -0.305872 -0.879824
vn 0.446847 0.333470 -0.830136
vn 0.064330 -0.961042 -0.268811
vn -0.415202 -0.903361 0.107451
vn -0.086500 -0.948758 -0.303934
vn 0.479603 -0.875886 -0.052963
vn -0.782812 -0.415681 0.463049
vn 0.018882 -0.975849 -0.217627
vn -0.128688 -0.991588 0.013871
vn 0.038065 -0.989344 -0.140531
vn -0.415202 -0.903361 0.107451
vn 0.010933 -0.996529 -0.082523
vn 0.208967 -0.977792 -0.015994
vn 0.261655 -0.962029 0.077700
vn 0.001297 -0.999999 0.000584
vn 0.000009 -1.000000 0.000105
vn -0.000179 -1.000000 0.000403
vn 0.000209 -1.000000 0.000074
vn 0.000009 -1.000000 0.000105
vn -0.000009 -1.000000 0.000024
vn 0.054337 -0.997968 0.033274
vn 0.001297 -0.999999 0.000584
vn 0.000864 -0.999998 0.001558
vn 0.000461 -1.000000 0.000260
vn 0.050442 -0.998105 0.035235
vn 0.000417 -1.000000 -0.000181
vn 0.000000 -1.000000 0.000000
vn 0.000417 -1.000000 -0.000181
vn 0.022223 -0.999511 0.021990
vn 0.000000 -1.000000 0.000000
vn 0.000000 -1.000000 0.000000
vn -0.000592 -1.000000 0.000166
vn -0.069936 0.995870 0.057899
vn 0.535747 0.816394 0.215584
vn -0.358664 0.927544 -0.104987
vn 0.151309 -0.982796 0.105911
vn 0.000000 -1.000000 0.000000
vn 0.022223 -0.999511 0.021990
vn 0.151309 -0.982796 0.105911
vn 0.590646 -0.723502 0.357326
vn 0.107838 -0.991948 0.066409
vn -0.249724 0.917583 -0.309321
vn -0.251074 0.930065 -0.268220
vn -0.168876 0.966184 -0.194856
vn -0.251548 0.965567 -0.066358
vn 0.191987 0.945661 0.262422
vn 0.152719 0.977440 0.145907
vn 0.716329 0.492624 0.494160
vn 0.152719 0.977440 0.145907
vn 0.191987 0.945661 0.262422
vn -0.213579 0.966322 -0.143548
vn 0.126005 0.988896 0.078792
vn 0.369900 0.880299 0.297065
vn 0.152719 0.977440 0.145907
vn 0.126005 0.988896 0.078792
vn -0.168876 0.966184 -0.194856
vn 0.388048 0.915707 -0.104399
vn 0.474944 -0.840123 0.261959
vn 0.587953 -0.678210 0.440843
vn -0.168876 0.966184 -0.194856
vn -0.251074 0.930065 -0.268220
vn -0.251548 0.965567 -0.066358
vn -0.326223 -0.928848 -0.175558
vn -0.289021 -0.932866 -0.215006
vn -0.243484 -0.969886 0.006094
vn 0.051519 -0.998178 -0.031414
vn 0.185252 -0.982158 -0.032359
vn 0.004053 -0.999990 -0.002141
vn -0.000166 -1.000000 0.000106
vn 0.000230 -1.000000 0.000584
vn 0.001031 -0.999999 -0.000720
vn -0.015572 -0.995969 -0.088340
vn 0.038065 -0.989344 -0.140531
vn -0.128688 -0.991588 0.013871
vn 0.000085 -1.000000 -0.000537
vn 0.000840 -0.999999 -0.000945
vn 0.000000 -1.000000 0.000000
vn 0.000028 -1.000000 0.000318
vn -0.000444 -1.000000 0.000675
vn -0.000227 -1.000000 0.000039
vn -0.008243 -0.999944 -0.006621
vn -0.001527 -0.999999 -0.000652
vn -0.031839 -0.998116 -0.052444
vn -0.008243 -0.999944 -0.006621
vn -0.000361 -0.999999 -0.001288
vn -0.000198 -1.000000 -0.000677
vn 0.000864 -0.999998 0.001558
vn 0.002245 -0.999997 0.001157
vn 0.017611 -0.999709 0.016509
vn 0.007815 -0.999887 0.012845
vn 0.017611 -0.999709 0.016509
vn 0.002245 -0.999997 0.001157
vn -0.001979 -0.999980 0.005993
vn -0.032152 -0.997658 0.060369
vn -0.000073 -0.999999 0.001500
vn -0.075751 -0.952762 0.294121
vn -0.179586 -0.733627 0.655394
vn -0.032152 -0.997658 0.060369
vn -0.030133 -0.952280 0.303736
vn -0.297968 0.045758 0.953479
vn -0.031549 -0.970090 0.240686
vn -0.065911 -0.952001 0.298915
vn -0.030133 -0.952280 0.303736
vn -0.010313 -0.999595 0.026517
vn -0.000649 -0.999999 0.001202
vn -0.010313 -0.999595 0.026517
vn 0.000216 -1.000000 0.000653
vn -0.132234 -0.879473 0.457210
vn -0.252089 0.571405 0.780991
vn -0.345489 0.355354 0.868539
vn -0.002880 -0.998356 0.057245
vn -0.031549 -0.970090 0.240686
vn -0.265252 -0.207870 0.941505
vn -0.030133 -0.952280 0.303736
vn -0.031549 -0.970090 0.240686
vn 0.002373 -0.999626 0.027241
vn -0.000422 -1.000000 0.000017
vn -0.001213 -0.999999 -0.000077
vn -0.000966 -1.000000 0.000284
vn -0.000966 -1.000000 0.000284
vn -0.001213 -0.999999 -0.000077
vn -0.000487 -1.000000 0.000553
vn -0.001080 -0.999999 -0.000521
vn -0.001213 -0.999999 -0.000077
vn -0.000422 -1.000000 0.000017
vn -0.000487 -1.000000 0.000553
vn -0.001213 -0.999999 -0.000077
vn -0.000282 -1.000000 -0.000593
vn 0.000639 -1.000000 -0.000355
vn -0.000487 -1.000000 0.000553
vn -0.000282 -1.000000 -0.000593
vn -0.010313 -0.999595 0.026517
vn 0.002373 -0.999626 0.027241
vn -0.000487 -1.000000 0.000553
vn 0.000639 -1.000000 -0.000355
vn -0.000282 -1.000000 -0.000593
vn -0.000234 -1.000000 -0.000578
vn 0.000639 -1.000000 -0.000355
vn 0.000093 -1.000000 -0.000476
vn 0.000216 -1.000000 0.000653
vn -0.000331 -1.000000 -0.000110
vn 0.000012 -1.000000 -0.000562
vn -0.000234 -1.000000 -0.000578
vn 0.000380 -1.000000 -0.000311
vn 0.000136 -1.000000 -0.000137
vn -0.000226 -1.000000 -0.000513
vn -0.000053 -1.000000 -0.000152
vn 0.000025 -1.000000 -0.000020
vn 0.000069 -1.000000 -0.000066
vn 0.000258 -1.000000 -0.000045
vn -0.000218 -1.000000 -0.000034
vn -0.000184 -1.000000 -0.000598
vn -0.179586 -0.733627 0.655394
vn -0.280263 0.772590 0.569699
vn -0.194491 0.691592 0.695611
vn -0.004611 -0.997076 0.076281
vn -0.187679 -0.627514 0.755647
vn -0.075751 -0.952762 0.294121
vn -0.059044 -0.987645 0.145159
vn -0.004611 -0.997076 0.076281
vn -0.001468 -0.999925 0.012173
vn -0.000314 -1.000000 -0.000090
vn -0.000050 -1.000000 -0.000034
vn -0.000238 -1.000000 -0.000334
vn 0.000000 -1.000000 0.000000
vn 0.000000 -1.000000 0.000000
vn 0.000000 -1.000000 0.000000
vn -0.000076 -1.000000 -0.000361
vn 0.000116 -1.000000 -0.000136
vn 0.000184 -1.000000 -0.000363
vn 0.000001 -1.000000 -0.000023
vn -0.000058 -1.000000 -0.000096
vn 0.000222 -1.000000 0.000004
vn 0.000101 -1.000000 -0.000054
vn 0.000116 -1.000000 -0.000136
vn 0.000000 -1.000000 0.000000
vn 0.000061 -1.000000 0.000117
vn 0.000774 -1.000000 0.000150
vn 0.000061 -1.000000 0.000027
vn -0.000459 -1.000000 0.000308
vn -0.000692 -1.000000 0.000260
vn -0.000836 -1.000000 -0.000040
vn 0.000016 -1.000000 0.000168
vn -0.000594 -1.000000 0.000062
vn 0.000507 -1.000000 -0.000454
vn 0.000258 -1.000000 -0.000045
vn -0.000041 -1.000000 -0.000135
vn 0.000069 -1.000000 -0.000066
vn 0.000000 -1.000000 0.000000
vn -0.000076 -1.000000 -0.000361
vn 0.000001 -1.000000 -0.000049
vn -0.000060 -1.000000 0.000152
vn 0.000000 -1.000000 0.000000
vn 0.000000 -1.000000 0.000000
vn -0.000117 -1.000000 0.000499
vn -0.004581 -0.999987 0.002173
vn -0.000608 -0.999999 0.001015
vn -0.004581 -0.999987 0.002173
vn -0.000049 -1.000000 -0.000038
vn -0.006371 -0.999976 -0.002811
vn -0.000060 -1.000000 0.000152
vn -0.000117 -1.000000 0.000499
vn -0.000077 -1.000000 0.000778
vn -0.004581 -0.999987 0.002173
vn -0.000117 -1.000000 0.000499
vn -0.000049 -1.000000 -0.000038
vn -0.000080 -1.000000 -0.000138
vn -0.000054 -1.000000 -0.000141
vn -0.000031 -1.000000 -0.000194
vn 0.000000 -1.000000 0.000000
vn -0.001579 -0.999991 -0.003813
vn -0.000043 -1.000000 -0.000157
vn 0.004095 -0.999990 0.001982
vn 0.000507 -1.000000 -0.000454
vn 0.001288 -0.999999 0.000108
vn 0.000016 -1.000000 0.000168
vn 0.000507 -1.000000 -0.000454
vn 0.004171 -0.999989 -0.002117
vn 0.002769 -0.999995 -0.001546
vn -0.000710 -0.999991 -0.004267
vn 0.000026 -0.999998 -0.001958
vn 0.000000 -1.000000 0.000000
vn 0.000000 -1.000000 0.000000
vn 0.000000 -1.000000 0.000000
vn -0.000042 -1.000000 0.000182
vn -0.000608 -0.999999 0.001015
vn 0.000904 -1.000000 0.000348
vn 0.000297 -1.000000 0.000416
vn -0.000042 -1.000000 0.000182
vn -0.000397 -1.000000 -0.000398
vn -0.000397 -1.000000 -0.000398
vn -0.000534 -1.000000 -0.000493
vn 0.000081 -1.000000 0.000001
vn 0.000234 -1.000000 0.000074
vn 0.000000 -1.000000 0.000000
vn 0.000237 -1.000000 0.000311
vn -0.000566 -1.000000 -0.000522
vn 0.000904 -1.000000 0.000348
vn -0.000100 -0.999999 0.001551
vn -0.000042 -1.000000 0.000182
vn 0.000904 -1.000000 0.000348
vn 0.000552 -1.000000 -0.000378
vn -0.002149 -0.999998 -0.000399
vn 0.000103 -1.000000 -0.000385
vn -0.000153 -1.000000 0.000089
vn -0.000153 -1.000000 0.000089
vn 0.000103 -1.000000 -0.000385
vn 0.000567 -1.000000 0.000246
vn -0.000389 -1.000000 -0.000553
vn 0.000103 -1.000000 -0.000385
vn -0.002149 -0.999998 -0.000399
vn 0.000567 -1.000000 0.000246
vn 0.000103 -1.000000 -0.000385
vn 0.001049 -0.999999 -0.000653
vn 0.001049 -0.999999 -0.000653
vn -0.000029 -1.000000 0.000057
vn 0.000567 -1.000000 0.000246
vn 0.000567 -1.000000 0.000246
vn -0.000029 -1.000000 0.000057
vn -0.000534 -1.000000 -0.000493
vn -0.000029 -1.000000 0.000057
vn 0.001049 -0.999999 -0.000653
vn -0.000087 -1.000000 0.000428
vn -0.000534 -1.000000 -0.000493
vn -0.000029 -1.000000 0.000057
vn -0.000624 -1.000000 -0.000356
vn -0.000389 -1.000000 -0.000553
vn -0.000440 -1.000000 0.000203
vn -0.000087 -1.000000 0.000428
vn -0.000211 -1.000000 0.000243
vn 0.000066 -1.000000 0.000087
vn 0.000256 -1.000000 -0.000443
vn -0.062065 -0.997970 -0.014262
vn -0.021658 -0.999763 0.002084
vn -0.050261 -0.998197 -0.032809
vn -0.000441 -1.000000 0.000562
vn 0.000321 -1.000000 0.000362
vn -0.000420 -1.000000 0.000641
vn 0.000000 -1.000000 0.000000
vn 0.000000 -1.000000 0.000000
vn 0.000000 -1.000000 0.000000
vn -0.000031 -1.000000 0.000008
vn -0.000117 -1.000000 -0.000038
vn 0.000000 -1.000000 0.000000
vn 0.000000 -1.000000 0.000000
vn 0.000000 -1.000000 0.000000
vn 0.000000 -1.000000 0.000000
vn 0.000243 -0.999999 -0.001173
vn 0.000613 -1.000000 -0.000666
vn 0.006556 -0.999889 0.013413
vn 0.343205 -0.175273 -0.922762
vn 0.068159 0.989657 -0.126231
vn 0.031408 0.986801 -0.158862
vn 0.295977 -0.596833 -0.745780
vn 0.369618 -0.205639 -0.906143
vn 0.122860 -0.969953 -0.209993
vn 0.000340 -1.000000 -0.000344
vn 0.080597 -0.981017 -0.176382
vn 0.007957 -0.995448 -0.094975
vn 0.104330 -0.949959 -0.294437
vn 0.369618 -0.205639 -0.906143
vn 0.343205 -0.175273 -0.922762
vn -0.360533 -0.217846 0.906951
vn -0.254251 0.565662 0.784464
vn -0.231446 0.955899 0.180801
vn -0.148613 -0.634894 0.758171
vn -0.254251 0.565662 0.784464
vn -0.177155 -0.795169 0.579933
vn -0.249314 0.193464 0.948902
vn 0.022494 0.992491 0.120235
vn -0.126361 -0.792129 0.597130
vn -0.360533 -0.217846 0.906951
vn -0.059117 -0.948058 0.312557
vn -0.096397 -0.981756 0.163899
vn 0.136499 0.861723 0.488673
vn 0.158669 0.987302 0.007654
vn -0.254251 0.565662 0.784464
vn -0.016461 0.889553 0.456535
vn 0.136499 0.861723 0.488673
vn -0.053145 -0.630001 0.774774
vn -0.096397 -0.981756 0.163899
vn -0.005636 -0.997633 0.068536
vn -0.177155 -0.795169 0.579933
vn 0.003383 -0.999981 0.005102
vn 0.000263 -1.000000 -0.000426
vn 0.000050 -1.000000 -0.000246
vn 0.021591 -0.961217 0.274947
vn -0.367934 -0.929062 -0.038325
vn -0.069345 -0.637465 0.767353
vn 0.003383 -0.999981 0.005102
vn -0.000949 -0.999805 0.019731
vn 0.017837 -0.996853 0.077244
vn 0.010008 -0.996269 0.085721
vn -0.069345 -0.637465 0.767353
vn -0.112851 -0.678572 0.725813
vn 0.001625 -0.999998 0.001405
vn -0.010870 -0.984428 0.175451
vn 0.021591 -0.961217 0.274947
vn -0.010870 -0.984428 0.175451
vn 0.003383 -0.999981 0.005102
vn 0.017837 -0.996853 0.077244
vn 0.000343 -0.999997 0.002609
vn 0.003383 -0.999981 0.005102
vn -0.000640 -1.000000 0.000153
vn 0.003383 -0.999981 0.005102
vn -0.010870 -0.984428 0.175451
vn 0.001625 -0.999998 0.001405
vn 0.017837 -0.996853 0.077244
vn -0.000949 -0.999805 0.019731
vn -0.040301 -0.998200 0.044422
vn 0.000263 -1.000000 -0.000426
vn 0.003383 -0.999981 0.005102
vn 0.001625 -0.999998 0.001405
vn -0.000640 -1.000000 0.000153
vn 0.003383 -0.999981 0.005102
vn 0.000050 -1.000000 -0.000246
vn -0.000949 -0.999805 0.019731
vn 0.000343 -0.999997 0.002609
vn -0.001979 -0.999997 0.001449
vn -0.040301 -0.998200 0.044422
vn -0.000949 -0.999805 0.019731
vn -0.012726 -0.999858 0.011036
vn 0.000352 -1.000000 0.000431
vn -0.012726 -0.999858 0.011036
vn 0.000511 -1.000000 -0.000405
vn -0.049851 -0.998700 -0.010642
vn -0.023144 -0.999721 0.004728
vn 0.011344 -0.999820 -0.015188
vn -0.000750 -1.000000 0.000608
vn 0.000352 -1.000000 0.000431
vn -0.000913 -1.000000 -0.000364
vn 0.000000 -1.000000 0.000000
vn 0.001321 -0.999999 0.001054
vn 0.000643 -1.000000 -0.000445
vn -0.040301 -0.998200 0.044422
vn -0.012726 -0.999858 0.011036
vn -0.023144 -0.999721 0.004728
vn -0.023144 -0.999721 0.004728
vn -0.012726 -0.999858 0.011036
vn 0.000352 -1.000000 0.000431
vn 0.000511 -1.000000 -0.000405
vn 0.000000 -1.000000 0.000000
vn -0.000913 -1.000000 -0.000364
vn 0.000352 -1.000000 0.000431
vn -0.000750 -1.000000 0.000608
vn 0.005702 -0.999870 0.015070
vn 0.005702 -0.999870 0.015070
vn -0.000750 -1.000000 0.000608
vn -0.003178 -0.999506 0.031277
vn 0.011344 -0.999820 -0.015188
vn -0.023144 -0.999721 0.004728
vn 0.005702 -0.999870 0.015070
vn 0.000000 -1.000000 0.000000
vn -0.000970 -0.999999 0.000466
vn -0.000323 -1.000000 0.000227
vn -0.000106 -1.000000 -0.000100
vn 0.000124 -1.000000 -0.000230
vn 0.000000 -1.000000 0.000000
vn -0.031469 -0.998168 -0.051684
vn 0.000622 -1.000000 -0.000670
vn -0.021493 -0.998410 -0.052109
vn 0.000000 -1.000000 0.000000
vn -0.000459 -1.000000 0.000308
vn 0.000000 -1.000000 0.000000
vn -0.062065 -0.997970 -0.014262
vn -0.132579 -0.990781 -0.027841
vn -0.047210 -0.998862 -0.006816
vn -0.062065 -0.997970 -0.014262
vn 0.000516 -1.000000 -0.000471
vn -0.021658 -0.999763 0.002084
vn 0.349634 -0.213547 -0.912225
vn 0.199427 0.970293 -0.136968
vn 0.196857 0.979396 -0.045065
vn 0.340347 -0.134399 -0.930645
vn 0.081244 -0.972929 -0.216353
vn 0.077656 -0.986454 -0.144495
vn 0.394088 -0.037349 -0.918314
vn -0.053371 0.984569 -0.166660
vn 0.295977 -0.596833 -0.745780
vn -0.000152 -1.000000 0.000747
vn 0.000665 -0.999999 0.001434
vn 0.000581 -1.000000 -0.000026
vn -0.037301 -0.994762 -0.095174
vn -0.031469 -0.998168 -0.051684
vn -0.021493 -0.998410 -0.052109
vn -0.103772 -0.990205 -0.093410
vn -0.047712 -0.997617 -0.049831
vn -0.008243 -0.999944 -0.006621
vn -0.051521 -0.997835 -0.040874
vn -0.103772 -0.990205 -0.093410
vn -0.008896 -0.999589 0.027259
vn 0.037040 -0.998926 -0.027849
vn -0.103772 -0.990205 -0.093410
vn -0.031839 -0.998116 -0.052444
vn -0.000275 -1.000000 0.000157
vn -0.000836 -1.000000 -0.000040
vn -0.000692 -1.000000 0.000260
vn -0.000335 -0.999999 -0.001179
vn -0.000836 -1.000000 -0.000040
vn 0.000097 -1.000000 0.000442
vn 0.380793 0.171270 -0.908660
vn 0.295848 -0.434055 -0.850923
vn 0.243368 0.897132 -0.368681
vn 0.295848 -0.434055 -0.850923
vn 0.218177 -0.580389 -0.784568
vn 0.001622 -0.981894 -0.189423
vn 0.340347 -0.134399 -0.930645
vn 0.380793 0.171270 -0.908660
vn 0.258063 0.934651 -0.244603
vn 0.295848 -0.434055 -0.850923
vn 0.380793 0.171270 -0.908660
vn 0.218177 -0.580389 -0.784568
vn 0.002511 -0.999992 -0.003238
vn 0.000370 -1.000000 -0.000315
vn 0.000101 -1.000000 -0.000390
vn 0.000516 -1.000000 -0.000471
vn 0.000359 -1.000000 -0.000327
vn 0.000776 -1.000000 -0.000610
vn 0.001956 -0.946005 -0.324146
vn -0.047210 -0.998862 -0.006816
vn -0.107067 -0.966290 -0.234137
vn -0.062065 -0.997970 -0.014262
vn -0.047210 -0.998862 -0.006816
vn -0.005797 -0.999826 -0.017717
vn 0.363803 -0.305872 -0.879824
vn 0.088424 0.956694 -0.277341
vn 0.446847 0.333470 -0.830136
vn 0.437774 -0.258552 -0.861107
vn 0.363803 -0.305872 -0.879824
vn 0.088799 -0.984366 -0.152114
vn 0.190390 -0.981380 0.025407
vn -0.025383 -0.999640 0.008747
vn 0.331343 -0.943054 0.029360
vn -0.025447 -0.999620 -0.010622
vn -0.172928 -0.984555 -0.027358
vn -0.243484 -0.969886 0.006094
vn 0.172364 0.983847 0.048339
vn 0.748102 -0.633993 -0.195948
vn 0.834395 -0.541884 0.100730
vn 0.863177 -0.489069 0.125447
vn 0.748102 -0.633993 -0.195948
vn 0.672887 0.739684 0.009523
vn 0.042796 0.995213 0.087861
vn 0.863177 -0.489069 0.125447
vn 0.672887 0.739684 0.009523
vn 0.164040 -0.986432 -0.006492
vn 0.863177 -0.489069 0.125447
vn 0.985987 -0.125782 -0.109582
vn 0.528330 -0.631412 -0.567614
vn 0.172616 -0.332990 -0.926996
vn -0.242137 0.119778 -0.962820
vn 0.022572 -0.992394 -0.121018
vn 0.172616 -0.332990 -0.926996
vn 0.208967 -0.977792 -0.015994
vn 0.172616 -0.332990 -0.926996
vn 0.446847 0.333470 -0.830136
vn 0.039620 0.866431 -0.497723
vn 0.446847 0.333470 -0.830136
vn 0.022572 -0.992394 -0.121018
vn 0.155423 -0.967036 -0.201704
vn -0.128688 -0.991588 0.013871
vn -0.037634 -0.997886 -0.052974
vn -0.015572 -0.995969 -0.088340
vn -0.086500 -0.948758 -0.303934
vn -0.415202 -0.903361 0.107451
vn 0.038065 -0.989344 -0.140531
vn -0.041332 -0.999112 -0.008186
vn -0.002006 -0.999995 -0.002522
vn -0.011946 -0.999886 -0.009273
vn 0.038065 -0.989344 -0.140531
vn 0.004430 -0.999708 -0.023750
vn -0.005909 -0.998360 -0.056951
vn -0.037634 -0.997886 -0.052974
vn -0.128688 -0.991588 0.013871
vn -0.016019 -0.998593 -0.050548
vn -0.015572 -0.995969 -0.088340
vn -0.020709 -0.999197 -0.034302
vn 0.004430 -0.999708 -0.023750
vn 0.051519 -0.998178 -0.031414
vn -0.016019 -0.998593 -0.050548
vn 0.082957 -0.976972 0.196579
vn -0.020709 -0.999197 -0.034302
vn -0.037634 -0.997886 -0.052974
vn -0.002002 -0.999998 -0.000693
vn -0.037634 -0.997886 -0.052974
vn 0.051519 -0.998178 -0.031414
vn -0.002002 -0.999998 -0.000693
vn 0.051519 -0.998178 -0.031414
vn 0.082957 -0.976972 0.196579
vn 0.323722 -0.933269 -0.155608
vn -0.041332 -0.999112 -0.008186
vn -0.096840 -0.994515 -0.039518
vn -0.064347 -0.997608 0.025247
vn -0.005909 -0.998360 -0.056951
vn 0.004430 -0.999708 -0.023750
vn -0.008812 -0.999647 0.025056
vn -0.016019 -0.998593 -0.050548
vn 0.051519 -0.998178 -0.031414
vn -0.037634 -0.997886 -0.052974
vn 0.082957 -0.976972 0.196579
vn 0.147929 -0.939187 0.309910
vn 0.323722 -0.933269 -0.155608
vn -0.005909 -0.998360 -0.056951
vn -0.008812 -0.999647 0.025056
vn -0.120849 -0.983918 -0.131534
vn 0.038065 -0.989344 -0.140531
vn -0.005909 -0.998360 -0.056951
vn -0.086500 -0.948758 -0.303934
vn -0.120849 -0.983918 -0.131534
vn -0.086500 -0.948758 -0.303934
vn -0.005909 -0.998360 -0.056951
vn 0.108813 -0.993000 -0.045941
vn 0.142865 -0.982879 0.116352
vn 0.137740 -0.990257 0.020485
vn 0.054337 -0.997968 0.033274
vn 0.000864 -0.999998 0.001558
vn 0.017611 -0.999709 0.016509
vn 0.054337 -0.997968 0.033274
vn 0.205405 -0.966456 0.154178
vn 0.386777 -0.900999 0.196478
vn -0.000009 -1.000000 0.000024
vn 0.001297 -0.999999 0.000584
vn 0.000461 -1.000000 0.000260
vn 0.050442 -0.998105 0.035235
vn 0.000461 -1.000000 0.000260
vn 0.001297 -0.999999 0.000584
vn 0.535747 0.816394 0.215584
vn -0.069936 0.995870 0.057899
vn 0.748596 -0.442660 0.493615
vn 0.022223 -0.999511 0.021990
vn 0.460148 -0.823856 0.330947
vn 0.151309 -0.982796 0.105911
vn 0.107838 -0.991948 0.066409
vn 0.000000 -1.000000 0.000000
vn 0.151309 -0.982796 0.105911
vn 0.022223 -0.999511 0.021990
vn 0.000417 -1.000000 -0.000181
vn 0.070556 -0.997335 0.018555
vn 0.460148 -0.823856 0.330947
vn 0.022223 -0.999511 0.021990
vn 0.120297 -0.991476 0.050039
vn 0.120297 -0.991476 0.050039
vn 0.022223 -0.999511 0.021990
vn 0.070556 -0.997335 0.018555
vn -0.015620 -0.999741 0.016550
vn 0.034157 -0.999127 0.024041
vn 0.024361 -0.999302 -0.028309
vn 0.587953 -0.678210 0.440843
vn 0.157485 -0.983274 0.091488
vn 0.714491 -0.539769 0.445142
vn 0.157485 -0.983274 0.091488
vn 0.056884 -0.996703 0.057855
vn -0.005350 -0.999954 0.007984
vn -0.015620 -0.999741 0.016550
vn -0.005350 -0.999954 0.007984
vn 0.056884 -0.996703 0.057855
vn 0.460148 -0.823856 0.330947
vn 0.748596 -0.442660 0.493615
vn 0.151309 -0.982796 0.105911
vn -0.228536 0.956377 -0.181973
vn -0.318394 0.940036 -0.122303
vn 0.493249 0.734134 0.466639
vn -0.015620 -0.999741 0.016550
vn 0.056884 -0.996703 0.057855
vn 0.034157 -0.999127 0.024041
vn 0.001321 -0.999999 0.001054
vn -0.005350 -0.999954 0.007984
vn -0.000398 -0.999959 0.009081
vn 0.157485 -0.983274 0.091488
vn 0.587953 -0.678210 0.440843
vn 0.056884 -0.996703 0.057855
vn 0.587953 -0.678210 0.440843
vn 0.714491 -0.539769 0.445142
vn 0.493249 0.734134 0.466639
vn -0.266419 0.891991 -0.365203
vn -0.429317 0.861400 -0.271436
vn -0.243503 0.948797 -0.201224
vn -0.249724 0.917583 -0.309321
vn -0.429317 0.861400 -0.271436
vn -0.228536 0.956377 -0.181973
vn 0.493249 0.734134 0.466639
vn -0.318394 0.940036 -0.122303
vn 0.388048 0.915707 -0.104399
vn -0.429317 0.861400 -0.271436
vn -0.318394 0.940036 -0.122303
vn -0.228536 0.956377 -0.181973
vn -0.326223 -0.928848 -0.175558
vn 0.241534 -0.959936 -0.142071
vn -0.180014 -0.982990 0.036411
vn -0.160737 -0.985563 -0.053196
vn -0.243484 -0.969886 0.006094
vn -0.172928 -0.984555 -0.027358
vn -0.025447 -0.999620 -0.010622
vn -0.243484 -0.969886 0.006094
vn -0.025383 -0.999640 0.008747
vn -0.243484 -0.969886 0.006094
vn -0.160737 -0.985563 -0.053196
vn -0.326223 -0.928848 -0.175558
vn 0.000599 -1.000000 -0.000246
vn 0.000365 -0.999999 0.001327
vn 0.001310 -0.999999 0.000363
vn -0.000563 -1.000000 -0.000129
vn 0.000028 -1.000000 0.000318
vn 0.000085 -1.000000 -0.000537
vn 0.001310 -0.999999 0.000363
vn 0.000365 -0.999999 0.001327
vn 0.000028 -1.000000 0.000318
vn 0.000085 -1.000000 -0.000537
vn 0.000028 -1.000000 0.000318
vn 0.000702 -1.000000 0.000000
vn 0.000000 -1.000000 0.000000
vn 0.037619 -0.999224 -0.011689
vn 0.007953 -0.999961 -0.003892
vn -0.000395 -1.000000 0.000944
vn 0.000395 -1.000000 0.000499
vn -0.000179 -1.000000 0.000403
vn 0.000599 -1.000000 -0.000246
vn 0.001310 -0.999999 0.000363
vn -0.000290 -1.000000 -0.000078
vn 0.000702 -1.000000 0.000000
vn 0.000028 -1.000000 0.000318
vn 0.000365 -0.999999 0.001327
vn 0.000028 -1.000000 0.000318
vn -0.000563 -1.000000 -0.000129
vn -0.000444 -1.000000 0.000675
vn -0.000444 -1.000000 0.000675
vn -0.000563 -1.000000 -0.000129
vn -0.000395 -1.000000 0.000944
vn -0.001527 -0.999999 -0.000652
vn -0.000592 -1.000000 0.000166
vn -0.001198 -0.999999 -0.001162
vn 0.000702 -1.000000 0.000000
vn -0.000609 -1.000000 0.000132
vn -0.000198 -1.000000 -0.000677
vn -0.000198 -1.000000 -0.000677
vn -0.000609 -1.000000 0.000132
vn -0.008243 -0.999944 -0.006621
vn -0.000609 -1.000000 0.000132
vn 0.000431 -1.000000 0.000785
vn -0.001527 -0.999999 -0.000652
vn 0.000365 -0.999999 0.001327
vn 0.000599 -1.000000 -0.000246
vn 0.000702 -1.000000 0.000000
vn -0.000290 -1.000000 -0.000078
vn -0.000609 -1.000000 0.000132
vn 0.000599 -1.000000 -0.000246
vn -0.132234 -0.879473 0.457210
vn -0.169987 -0.626763 0.760443
vn -0.252089 0.571405 0.780991
vn -0.179586 -0.733627 0.655394
vn -0.169987 -0.626763 0.760443
vn -0.033218 -0.980689 0.192733
vn -0.179586 -0.733627 0.655394
vn -0.033218 -0.980689 0.192733
vn -0.002749 -0.996931 0.078234
vn -0.268238 -0.323716 0.907335
vn -0.179586 -0.733627 0.655394
vn -0.075751 -0.952762 0.294121
vn -0.000649 -0.999999 0.001202
vn 0.000216 -1.000000 0.000653
vn -0.000115 -1.000000 -0.000195
vn -0.001183 -0.999836 0.018054
vn -0.000649 -0.999999 0.001202
vn -0.000115 -1.000000 -0.000195
vn 0.000012 -1.000000 -0.000562
vn -0.000454 -1.000000 -0.000115
vn -0.000041 -1.000000 -0.000135
vn 0.000012 -1.000000 -0.000562
vn -0.000184 -1.000000 -0.000598
vn -0.000234 -1.000000 -0.000578
vn 0.000069 -1.000000 -0.000066
vn -0.000041 -1.000000 -0.000135
vn -0.000053 -1.000000 -0.000152
vn 0.000012 -1.000000 -0.000562
vn -0.000041 -1.000000 -0.000135
vn 0.000258 -1.000000 -0.000045
vn 0.000000 -1.000000 0.000000
vn -0.000193 -1.000000 -0.000116
vn 0.000016 -1.000000 0.000168
vn -0.000109 -1.000000 -0.000013
vn -0.000218 -1.000000 -0.000034
vn -0.000193 -1.000000 -0.000116
vn 0.000136 -1.000000 -0.000137
vn -0.000184 -1.000000 -0.000598
vn -0.000226 -1.000000 -0.000513
vn -0.000184 -1.000000 -0.000598
vn 0.000349 -1.000000 -0.000131
vn -0.000234 -1.000000 -0.000578
vn -0.179586 -0.733627 0.655394
vn -0.268238 -0.323716 0.907335
vn -0.280263 0.772590 0.569699
vn -0.187679 -0.627514 0.755647
vn -0.268238 -0.323716 0.907335
vn -0.075751 -0.952762 0.294121
vn -0.004611 -0.997076 0.076281
vn -0.075751 -0.952762 0.294121
vn -0.001979 -0.999980 0.005993
vn -0.306243 -0.501280 0.809280
vn -0.187679 -0.627514 0.755647
vn -0.059044 -0.987645 0.145159
vn -0.277071 -0.001065 0.960849
vn -0.078760 0.976258 0.201786
vn -0.306243 -0.501280 0.809280
vn -0.001935 -0.999998 0.001105
vn 0.015587 -0.998220 0.057565
vn -0.006444 -0.999956 0.006866
vn 0.000000 -1.000000 0.000000
vn 0.000116 -1.000000 -0.000136
vn 0.000000 -1.000000 0.000000
vn 0.000116 -1.000000 -0.000136
vn 0.000753 -1.000000 0.000021
vn 0.000184 -1.000000 -0.000363
vn 0.000000 -1.000000 0.000000
vn 0.000000 -1.000000 0.000000
vn 0.000000 -1.000000 0.000000
vn 0.000492 -1.000000 0.000045
vn 0.000222 -1.000000 0.000004
vn 0.000415 -1.000000 -0.000384
vn 0.000492 -1.000000 0.000045
vn -0.000232 -1.000000 0.000020
vn 0.000184 -1.000000 -0.000363
vn 0.000000 -1.000000 0.000000
vn 0.000000 -1.000000 -0.000035
vn 0.000000 -1.000000 0.000000
vn 0.000022 -1.000000 -0.000628
vn -0.000140 -1.000000 -0.000009
vn -0.000516 -1.000000 -0.000504
vn 0.000000 -1.000000 0.000000
vn 0.000003 -1.000000 -0.000117
vn 0.000001 -1.000000 -0.000023
vn 0.000000 -1.000000 0.000000
vn -0.000516 -1.000000 -0.000504
vn 0.000000 -1.000000 0.000000
vn 0.000000 -1.000000 0.000000
vn -0.000516 -1.000000 -0.000504
vn 0.000003 -1.000000 -0.000117
vn 0.000022 -1.000000 -0.000628
vn -0.000516 -1.000000 -0.000504
vn 0.000000 -1.000000 0.000000
vn -0.000516 -1.000000 -0.000504
vn -0.001030 -0.999999 0.000675
vn 0.000099 -1.000000 -0.000124
vn 0.000061 -1.000000 0.000027
vn -0.000275 -1.000000 0.000157
vn -0.000692 -1.000000 0.000260
vn -0.000140 -1.000000 -0.000009
vn -0.000012 -1.000000 0.000571
vn -0.001030 -0.999999 0.000675
vn 0.010864 -0.999855 0.013121
vn 0.017621 -0.999845 -0.000658
vn 0.043451 -0.998952 0.014394
vn 0.002091 -0.999998 0.000805
vn 0.013044 -0.999901 -0.005244
vn 0.005245 -0.999825 -0.017951
vn -0.000516 -1.000000 -0.000504
vn -0.000140 -1.000000 -0.000009
vn -0.001030 -0.999999 0.000675
vn 0.000022 -1.000000 -0.000628
vn 0.000774 -1.000000 0.000150
vn -0.000140 -1.000000 -0.000009
vn 0.000061 -1.000000 0.000027
vn 0.000774 -1.000000 0.000150
vn 0.000250 -1.000000 0.000196
vn 0.000000 -1.000000 0.000000
vn 0.000000 -1.000000 0.000000
vn -0.000358 -1.000000 0.000660
vn -0.001579 -0.999991 -0.003813
vn 0.000000 -1.000000 0.000000
vn 0.004171 -0.999989 -0.002117
vn -0.000193 -1.000000 -0.000116
vn 0.000000 -1.000000 0.000000
vn -0.000098 -1.000000 -0.000295
vn -0.000736 -1.000000 -0.000639
vn -0.001579 -0.999991 -0.003813
vn 0.004171 -0.999989 -0.002117
vn -0.001579 -0.999991 -0.003813
vn 0.000002 -1.000000 -0.000009
vn -0.000054 -1.000000 -0.000141
vn -0.000031 -1.000000 -0.000194
vn -0.000054 -1.000000 -0.000141
vn 0.000002 -1.000000 -0.000009
vn -0.000054 -1.000000 -0.000141
vn -0.000261 -1.000000 -0.000295
vn 0.000119 -1.000000 -0.000112
vn 0.000002 -1.000000 -0.000009
vn 0.000000 -1.000000 0.000000
vn 0.000000 -1.000000 -0.000035
vn -0.000049 -1.000000 -0.000038
vn -0.000060 -1.000000 0.000152
vn 0.000000 -1.000000 0.000000
vn -0.004581 -0.999987 0.002173
vn -0.006371 -0.999976 -0.002811
vn -0.000736 -1.000000 -0.000639
vn 0.000000 -1.000000 0.000000
vn -0.006371 -0.999976 -0.002811
vn -0.000049 -1.000000 -0.000038
vn 0.000234 -1.000000 0.000074
vn 0.000000 -1.000000 0.000000
vn 0.000000 -1.000000 0.000000
vn 0.000000 -1.000000 0.000000
vn 0.000000 -1.000000 0.000000
vn 0.000026 -0.999998 -0.001958
vn 0.000000 -1.000000 0.000000
vn 0.000026 -0.999998 -0.001958
vn -0.000710 -0.999991 -0.004267
vn 0.000000 -1.000000 0.000000
vn 0.000000 -1.000000 0.000000
vn 0.000000 -1.000000 0.000000
vn 0.000256 -1.000000 -0.000443
vn 0.000081 -1.000000 0.000001
vn -0.000624 -1.000000 -0.000356
vn 0.000081 -1.000000 0.000001
vn 0.000256 -1.000000 -0.000443
vn 0.000626 -1.000000 0.000198
vn 0.000081 -1.000000 0.000001
vn -0.000534 -1.000000 -0.000493
vn -0.000624 -1.000000 -0.000356
vn -0.000397 -1.000000 -0.000398
vn 0.000567 -1.000000 0.000246
vn -0.000534 -1.000000 -0.000493
vn -0.000440 -1.000000 0.000203
vn -0.012574 -0.999772 -0.017287
vn -0.019408 -0.999500 -0.024959
vn -0.000440 -1.000000 0.000203
vn -0.000441 -1.000000 0.000562
vn -0.000087 -1.000000 0.000428
vn -0.027440 -0.999228 -0.028122
vn -0.019408 -0.999500 -0.024959
vn -0.061291 -0.996836 -0.050613
vn -0.000440 -1.000000 0.000203
vn -0.019408 -0.999500 -0.024959
vn -0.000691 -1.000000 -0.000209
vn 0.000000 -1.000000 0.000000
vn 0.000000 -1.000000 0.000000
vn 0.000000 -1.000000 0.000000
vn -0.000117 -1.000000 -0.000038
vn 0.000000 -1.000000 0.000000
vn 0.000000 -1.000000 0.000000
vn -0.000031 -1.000000 0.000008
vn 0.000000 -1.000000 0.000000
vn 0.000000 -1.000000 0.000000
vn -0.000313 -1.000000 0.000172
vn -0.000088 -1.000000 0.000078
vn -0.000247 -1.000000 -0.000175
vn 0.343205 -0.175273 -0.922762
vn 0.369618 -0.205639 -0.906143
vn 0.068159 0.989657 -0.126231
vn 0.369618 -0.205639 -0.906143
vn 0.144556 -0.922911 -0.356847
vn 0.122860 -0.969953 -0.209993
vn 0.278842 -0.183993 -0.942546
vn 0.343205 -0.175273 -0.922762
vn 0.031408 0.986801 -0.158862
vn 0.005635 -0.999941 -0.009301
vn 0.000587 -0.999994 -0.003528
vn -0.000365 -1.000000 -0.000622
vn 0.005635 -0.999941 -0.009301
vn 0.000581 -1.000000 -0.000026
vn 0.122860 -0.969953 -0.209993
vn 0.273623 -0.763347 -0.585178
vn 0.053164 -0.974439 -0.218273
vn 0.349634 -0.213547 -0.912225
vn 0.366658 0.385652 -0.846661
vn 0.015133 0.999836 -0.010000
vn 0.080146 0.996739 -0.009348
vn 0.278842 -0.183993 -0.942546
vn 0.007957 -0.995448 -0.094975
vn 0.080597 -0.981017 -0.176382
vn 0.079756 0.968006 -0.237914
vn 0.437774 -0.258552 -0.861107
vn 0.080146 0.996739 -0.009348
vn 0.140549 -0.933434 -0.330071
vn 0.012861 -0.999839 -0.012499
vn 0.007957 -0.995448 -0.094975
vn 0.366658 0.385652 -0.846661
vn 0.278842 -0.183993 -0.942546
vn 0.015133 0.999836 -0.010000
vn 0.012861 -0.999839 -0.012499
vn 0.140549 -0.933434 -0.330071
vn 0.127528 -0.945775 -0.298743
vn 0.001280 -0.999996 0.002462
vn 0.000522 -0.999999 0.001198
vn -0.000376 -0.999996 0.002900
vn 0.000263 -1.000000 -0.000426
vn 0.000000 -1.000000 0.000000
vn -0.000019 -1.000000 0.000084
vn -0.001302 -0.999985 0.005264
vn -0.061646 -0.993267 0.098087
vn 0.000794 -0.987466 0.157828
vn 0.010008 -0.996269 0.085721
vn -0.061646 -0.993267 0.098087
vn 0.000000 -1.000000 0.000000
vn 0.001625 -0.999998 0.001405
vn 0.000000 -1.000000 0.000000
vn 0.000263 -1.000000 -0.000426
vn -0.001302 -0.999985 0.005264
vn 0.000000 -1.000000 0.000000
vn -0.061646 -0.993267 0.098087
vn -0.000638 -1.000000 0.000187
vn -0.001935 -0.999998 0.001105
vn 0.000459 -0.999999 0.000911
vn 0.000050 -1.000000 -0.000246
vn 0.000263 -1.000000 -0.000426
vn 0.000590 -1.000000 0.000480
vn 0.000151 -1.000000 -0.000330
vn 0.001543 -0.999998 -0.001207
vn -0.000293 -0.999998 -0.002173
vn 0.000009 -1.000000 0.000190
vn 0.000151 -1.000000 -0.000330
vn -0.000293 -0.999998 -0.002173
vn -0.061646 -0.993267 0.098087
vn 0.010008 -0.996269 0.085721
vn -0.112851 -0.678572 0.725813
vn 0.001625 -0.999998 0.001405
vn 0.010008 -0.996269 0.085721
vn 0.000000 -1.000000 0.000000
vn 0.000138 -1.000000 0.000765
vn 0.000590 -1.000000 0.000480
vn 0.000829 -0.999999 0.000963
vn -0.000028 -1.000000 -0.000106
vn 0.000343 -0.999997 0.002609
vn 0.000000 -1.000000 0.000000
vn 0.000086 -1.000000 0.000973
vn -0.000290 -1.000000 -0.000078
vn 0.001310 -0.999999 0.000363
vn 0.000417 -1.000000 -0.000181
vn 0.000000 -1.000000 0.000000
vn 0.000000 -1.000000 0.000000
vn 0.000048 -1.000000 0.000047
vn 0.000000 -1.000000 0.000000
vn 0.000000 -1.000000 0.000000
vn 0.005245 -0.999825 -0.017951
vn 0.045136 -0.998813 -0.018329
vn -0.021493 -0.998410 -0.052109
vn -0.021493 -0.998410 -0.052109
vn 0.045136 -0.998813 -0.018329
vn 0.006556 -0.999503 -0.030849
vn 0.045136 -0.998813 -0.018329
vn 0.005245 -0.999825 -0.017951
vn 0.013044 -0.999901 -0.005244
vn -0.021493 -0.998410 -0.052109
vn 0.006556 -0.999503 -0.030849
vn -0.037301 -0.994762 -0.095174
vn -0.021493 -0.998410 -0.052109
vn -0.001339 -0.999999 0.000072
vn -0.001843 -0.999997 0.001835
vn 0.005245 -0.999825 -0.017951
vn 0.001031 -0.999999 -0.000943
vn 0.002091 -0.999998 0.000805
vn -0.000459 -1.000000 0.000308
vn 0.000000 -1.000000 0.000000
vn 0.000061 -1.000000 0.000027
vn 0.000622 -1.000000 -0.000670
vn -0.031469 -0.998168 -0.051684
vn -0.031839 -0.998116 -0.052444
vn 0.000124 -1.000000 -0.000230
vn -0.001198 -0.999999 -0.001162
vn -0.000592 -1.000000 0.000166
vn 0.000000 -1.000000 0.000000
vn 0.000124 -1.000000 -0.000230
vn -0.000592 -1.000000 0.000166
vn -0.001339 -0.999999 0.000072
vn 0.000622 -1.000000 -0.000670
vn 0.000124 -1.000000 -0.000230
vn -0.001681 -0.999997 -0.001913
vn -0.001843 -0.999997 0.001835
vn -0.001339 -0.999999 0.000072
vn 0.001543 -0.999998 -0.001207
vn -0.000006 -1.000000 -0.000021
vn 0.002091 -0.999998 0.000805
vn -0.001681 -0.999997 -0.001913
vn -0.000106 -1.000000 -0.000100
vn 0.000056 -1.000000 -0.000056
vn 0.000000 -1.000000 0.000052
vn 0.000607 -1.000000 0.000067
vn 0.000009 -1.000000 0.000190
vn 0.005245 -0.999825 -0.017951
vn -0.001843 -0.999997 0.001835
vn 0.001031 -0.999999 -0.000943
vn 0.001031 -0.999999 -0.000943
vn -0.001843 -0.999997 0.001835
vn -0.001681 -0.999997 -0.001913
vn -0.000106 -1.000000 -0.000100
vn -0.001681 -0.999997 -0.001913
vn -0.001339 -0.999999 0.000072
vn -0.001681 -0.999997 -0.001913
vn 0.000056 -1.000000 -0.000056
vn -0.000293 -0.999998 -0.002173
vn -0.000036 -1.000000 -0.000034
vn 0.001543 -0.999998 -0.001207
vn 0.000151 -1.000000 -0.000330
vn 0.000000 -1.000000 0.000000
vn 0.000000 -1.000000 0.000000
vn -0.000459 -1.000000 0.000308
vn 0.000009 -1.000000 0.000190
vn -0.000293 -0.999998 -0.002173
vn 0.000056 -1.000000 -0.000056
vn 0.001543 -0.999998 -0.001207
vn 0.001031 -0.999999 -0.000943
vn -0.000293 -0.999998 -0.002173
vn 0.000124 -1.000000 -0.000230
vn -0.000106 -1.000000 -0.000100
vn -0.001339 -0.999999 0.000072
vn 0.000048 -1.000000 0.000047
vn 0.000077 -1.000000 0.000004
vn 0.000000 -1.000000 0.000000
vn 0.001543 -0.999998 -0.001207
vn 0.002091 -0.999998 0.000805
vn 0.001031 -0.999999 -0.000943
vn 0.002091 -0.999998 0.000805
vn -0.000006 -1.000000 -0.000021
vn 0.000000 -1.000000 0.000000
vn 0.000009 -1.000000 0.000190
vn 0.000056 -1.000000 -0.000056
vn 0.000000 -1.000000 0.000052
vn 0.000674 -1.000000 -0.000731
vn 0.000151 -1.000000 -0.000330
vn 0.000607 -1.000000 0.000067
vn 0.000056 -1.000000 -0.000056
vn 0.000048 -1.000000 0.000047
vn 0.000000 -1.000000 0.000052
vn 0.000009 -1.000000 0.000190
vn 0.000607 -1.000000 0.000067
vn 0.000151 -1.000000 -0.000330
vn 0.000000 -1.000000 0.000000
vn 0.000000 -1.000000 0.000000
vn 0.000000 -1.000000 0.000052
vn 0.000000 -1.000000 0.000000
vn -0.000207 -1.000000 0.000088
vn 0.000000 -1.000000 0.000052
vn 0.000829 -0.999999 0.000963
vn -0.000756 -1.000000 -0.000005
vn 0.000674 -1.000000 -0.000731
vn 0.000000 -1.000000 0.000000
vn 0.000000 -1.000000 0.000000
vn -0.000357 -1.000000 -0.000653
vn -0.000019 -1.000000 0.000084
vn -0.000527 -1.000000 0.000700
vn 0.000590 -1.000000 0.000480
vn 0.000406 -1.000000 -0.000039
vn 0.000459 -0.999999 0.000911
vn 0.000577 -1.000000 0.000552
vn 0.000829 -0.999999 0.000963
vn 0.000674 -1.000000 -0.000731
vn 0.000607 -1.000000 0.000067
vn -0.000357 -1.000000 -0.000653
vn 0.000674 -1.000000 -0.000731
vn -0.000756 -1.000000 -0.000005
vn 0.000607 -1.000000 0.000067
vn -0.000207 -1.000000 0.000088
vn 0.000138 -1.000000 0.000765
vn 0.000829 -0.999999 0.000963
vn 0.000590 -1.000000 0.000480
vn -0.000527 -1.000000 0.000700
vn 0.000359 -1.000000 -0.000327
vn 0.000516 -1.000000 -0.000471
vn -0.005797 -0.999826 -0.017717
vn -0.021658 -0.999763 0.002084
vn 0.000516 -1.000000 -0.000471
vn 0.000277 -1.000000 0.000133
vn 0.084039 -0.976131 -0.200265
vn 0.000359 -1.000000 -0.000327
vn -0.005797 -0.999826 -0.017717
vn 0.000359 -1.000000 -0.000327
vn 0.005532 -0.999977 -0.003964
vn 0.000101 -1.000000 -0.000390
vn 0.002511 -0.999992 -0.003238
vn 0.000101 -1.000000 -0.000390
vn 0.005532 -0.999977 -0.003964
vn 0.000101 -1.000000 -0.000390
vn 0.000370 -1.000000 -0.000315
vn 0.000192 -1.000000 -0.000453
vn 0.000277 -1.000000 0.000133
vn 0.000192 -1.000000 -0.000453
vn 0.000006 -1.000000 -0.000374
vn -0.014200 -0.999737 -0.018006
vn -0.000340 -1.000000 -0.000637
vn -0.027440 -0.999228 -0.028122
vn 0.005532 -0.999977 -0.003964
vn 0.077656 -0.986454 -0.144495
vn 0.006297 -0.999925 -0.010500
vn 0.218177 -0.580389 -0.784568
vn 0.340347 -0.134399 -0.930645
vn 0.077656 -0.986454 -0.144495
vn 0.340347 -0.134399 -0.930645
vn 0.349634 -0.213547 -0.912225
vn 0.081244 -0.972929 -0.216353
vn 0.273623 -0.763347 -0.585178
vn 0.196857 0.979396 -0.045065
vn 0.394088 -0.037349 -0.918314
vn -0.031839 -0.998116 -0.052444
vn -0.031469 -0.998168 -0.051684
vn -0.037301 -0.994762 -0.095174
vn -0.008243 -0.999944 -0.006621
vn -0.031839 -0.998116 -0.052444
vn -0.103772 -0.990205 -0.093410
vn 0.037040 -0.998926 -0.027849
vn -0.037301 -0.994762 -0.095174
vn 0.067448 -0.997154 0.033692
vn -0.008896 -0.999589 0.027259
vn 0.037040 -0.998926 -0.027849
vn 0.068757 -0.994960 0.072991
vn 0.017621 -0.999845 -0.000658
vn 0.010864 -0.999855 0.013121
vn -0.000118 -1.000000 0.000485
vn 0.037040 -0.998926 -0.027849
vn 0.067448 -0.997154 0.033692
vn 0.053256 -0.996590 0.063025
vn 0.017621 -0.999845 -0.000658
vn 0.067448 -0.997154 0.033692
vn 0.043451 -0.998952 0.014394
vn 0.006556 -0.999889 0.013413
vn 0.017621 -0.999845 -0.000658
vn -0.000836 -1.000000 -0.000040
vn -0.000275 -1.000000 0.000157
vn 0.000061 -1.000000 0.000027
vn 0.000250 -1.000000 0.000196
vn 0.006556 -0.999889 0.013413
vn -0.000836 -1.000000 -0.000040
vn -0.000335 -0.999999 -0.001179
vn -0.000088 -1.000000 0.000078
vn 0.000774 -1.000000 0.000150
vn 0.000022 -1.000000 -0.000628
vn -0.000313 -1.000000 0.000172
vn 0.000235 -1.000000 0.000071
vn 0.000097 -1.000000 0.000442
vn 0.295848 -0.434055 -0.850923
vn 0.001622 -0.981894 -0.189423
vn 0.084039 -0.976131 -0.200265
vn 0.077656 -0.986454 -0.144495
vn 0.001622 -0.981894 -0.189423
vn 0.218177 -0.580389 -0.784568
vn 0.262255 -0.959377 -0.104010
vn 0.022572 -0.992394 -0.121018
vn 0.010933 -0.996529 -0.082523
vn 0.025490 -0.998012 -0.057636
vn 0.363803 -0.305872 -0.879824
vn 0.155423 -0.967036 -0.201704
vn 0.137740 -0.990257 0.020485
vn 0.071889 -0.996968 -0.029783
vn 0.010933 -0.996529 -0.082523
vn -0.002527 -0.999997 -0.000034
vn -0.002006 -0.999997 -0.001216
vn 0.000524 -0.999994 -0.003512
vn 0.233765 -0.967056 -0.100783
vn 0.139170 -0.989233 -0.045279
vn 0.241534 -0.959936 -0.142071
vn 0.185252 -0.982158 -0.032359
vn 0.139170 -0.989233 -0.045279
vn 0.004053 -0.999990 -0.002141
vn 0.051519 -0.998178 -0.031414
vn 0.004053 -0.999990 -0.002141
vn -0.002002 -0.999998 -0.000693
vn 0.185252 -0.982158 -0.032359
vn 0.241534 -0.959936 -0.142071
vn 0.139170 -0.989233 -0.045279
vn 0.096227 -0.995025 0.025792
vn 0.098456 -0.995140 -0.001745
vn 0.128848 -0.991544 -0.015432
vn 0.004053 -0.999990 -0.002141
vn 0.139170 -0.989233 -0.045279
vn 0.001091 -0.999999 0.001309
vn 0.001204 -0.999997 -0.002337
vn 0.001553 -0.999936 -0.011191
vn 0.000395 -1.000000 0.000499
vn 0.000091 -1.000000 0.000067
vn 0.004053 -0.999990 -0.002141
vn 0.001091 -0.999999 0.001309
vn 0.098456 -0.995140 -0.001745
vn 0.233765 -0.967056 -0.100783
vn 0.128848 -0.991544 -0.015432
vn 0.001091 -0.999999 0.001309
vn 0.098456 -0.995140 -0.001745
vn 0.096227 -0.995025 0.025792
vn 0.072002 -0.990867 -0.114006
vn 0.128848 -0.991544 -0.015432
vn 0.233765 -0.967056 -0.100783
vn -0.167484 -0.980490 -0.102903
vn 0.021651 -0.999647 -0.015398
vn 0.128848 -0.991544 -0.015432
vn 0.233765 -0.967056 -0.100783
vn -0.160737 -0.985563 -0.053196
vn 0.072002 -0.990867 -0.114006
vn -0.167484 -0.980490 -0.102903
vn 0.072002 -0.990867 -0.114006
vn -0.160737 -0.985563 -0.053196
vn 0.064330 -0.961042 -0.268811
vn 0.261655 -0.962029 0.077700
vn 0.479603 -0.875886 -0.052963
vn 0.137740 -0.990257 0.020485
vn 0.261655 -0.962029 0.077700
vn 0.108813 -0.993000 -0.045941
vn 0.018882 -0.975849 -0.217627
vn 0.064330 -0.961042 -0.268811
vn 0.479603 -0.875886 -0.052963
vn -0.086500 -0.948758 -0.303934
vn 0.108813 -0.993000 -0.045941
vn 0.064330 -0.961042 -0.268811
vn 0.000000 -1.000000 0.000000
vn 0.000000 -1.000000 0.000000
vn 0.000000 -1.000000 0.000000
vn 0.000000 -1.000000 0.000000
vn 0.000000 -1.000000 0.000000
vn 0.022223 -0.999511 0.021990
vn 0.000417 -1.000000 -0.000181
vn 0.050442 -0.998105 0.035235
vn 0.070556 -0.997335 0.018555
vn 0.070556 -0.997335 0.018555
vn 0.050442 -0.998105 0.035235
vn 0.645201 -0.686325 0.335669
vn 0.024361 -0.999302 -0.028309
vn 0.005702 -0.999870 0.015070
vn -0.003178 -0.999506 0.031277
vn -0.005350 -0.999954 0.007984
vn -0.015620 -0.999741 0.016550
vn -0.000398 -0.999959 0.009081
vn -0.000398 -0.999959 0.009081
vn -0.003178 -0.999506 0.031277
vn -0.000750 -1.000000 0.000608
vn 0.024361 -0.999302 -0.028309
vn -0.003178 -0.999506 0.031277
vn -0.015620 -0.999741 0.016550
vn 0.569415 -0.736296 0.365561
vn 0.496167 0.852063 0.166751
vn 0.714491 -0.539769 0.445142
vn 0.748596 -0.442660 0.493615
vn 0.590646 -0.723502 0.357326
vn 0.151309 -0.982796 0.105911
vn -0.251548 0.965567 -0.066358
vn -0.069936 0.995870 0.057899
vn -0.358664 0.927544 -0.104987
vn 0.411027 0.904146 0.116521
vn 0.590646 -0.723502 0.357326
vn -0.069936 0.995870 0.057899
vn 0.411027 0.904146 0.116521
vn 0.496167 0.852063 0.166751
vn 0.569415 -0.736296 0.365561
vn 0.569415 -0.736296 0.365561
vn 0.590646 -0.723502 0.357326
vn 0.411027 0.904146 0.116521
vn 0.587953 -0.678210 0.440843
vn 0.493249 0.734134 0.466639
vn 0.388048 0.915707 -0.104399
vn 0.496167 0.852063 0.166751
vn 0.493249 0.734134 0.466639
vn 0.714491 -0.539769 0.445142
vn -0.326223 -0.928848 -0.175558
vn -0.180014 -0.982990 0.036411
vn -0.289021 -0.932866 -0.215006
vn -0.160737 -0.985563 -0.053196
vn 0.241534 -0.959936 -0.142071
vn -0.326223 -0.928848 -0.175558
vn -0.000361 -0.999999 -0.001288
vn -0.000166 -1.000000 0.000106
vn -0.000198 -1.000000 -0.000677
vn 0.001031 -0.999999 -0.000720
vn 0.000230 -1.000000 0.000584
vn 0.000000 -1.000000 0.000000
vn 0.001091 -0.999999 0.001309
vn 0.010524 -0.999937 0.003872
vn 0.001045 -0.999999 -0.000256
vn 0.000000 -1.000000 0.000000
vn 0.000230 -1.000000 0.000584
vn 0.000000 -1.000000 0.000000
vn 0.000702 -1.000000 0.000000
vn 0.001031 -0.999999 -0.000720
vn 0.000840 -0.999999 -0.000945
vn 0.000000 -1.000000 0.000000
vn 0.000840 -0.999999 -0.000945
vn 0.001031 -0.999999 -0.000720
vn 0.021651 -0.999647 -0.015398
vn 0.100714 -0.994869 -0.009664
vn 0.096227 -0.995025 0.025792
vn -0.061769 -0.997963 -0.015965
vn -0.016300 -0.999763 -0.014439
vn -0.007138 -0.997733 -0.066923
vn 0.000000 -1.000000 0.000000
vn 0.000230 -1.000000 0.000584
vn 0.000828 -1.000000 0.000537
vn 0.000000 -1.000000 0.000000
vn 0.013296 -0.999898 -0.005202
vn 0.037619 -0.999224 -0.011689
vn 0.001539 -0.999996 -0.002224
vn 0.000085 -1.000000 -0.000537
vn 0.007953 -0.999961 -0.003892
vn 0.010524 -0.999937 0.003872
vn 0.100714 -0.994869 -0.009664
vn 0.013296 -0.999898 -0.005202
vn 0.001539 -0.999996 -0.002224
vn 0.001204 -0.999997 -0.002337
vn -0.000563 -1.000000 -0.000129
vn -0.007138 -0.997733 -0.066923
vn 0.054366 -0.997143 -0.052448
vn -0.064818 -0.995284 -0.072175
vn 0.001553 -0.999936 -0.011191
vn -0.007138 -0.997733 -0.066923
vn -0.016300 -0.999763 -0.014439
vn 0.054366 -0.997143 -0.052448
vn 0.126410 -0.989529 -0.069669
vn -0.064818 -0.995284 -0.072175
vn -0.057703 -0.998057 -0.023506
vn -0.164836 -0.985506 -0.040090
vn -0.167484 -0.980490 -0.102903
vn -0.061769 -0.997963 -0.015965
vn -0.007138 -0.997733 -0.066923
vn -0.064818 -0.995284 -0.072175
vn 0.016823 -0.999658 -0.020013
vn 0.001204 -0.999997 -0.002337
vn 0.001539 -0.999996 -0.002224
vn -0.007138 -0.997733 -0.066923
vn 0.016823 -0.999658 -0.020013
vn 0.054366 -0.997143 -0.052448
vn 0.007953 -0.999961 -0.003892
vn 0.000000 -1.000000 0.000000
vn 0.000000 -1.000000 0.000000
vn 0.007953 -0.999961 -0.003892
vn 0.054366 -0.997143 -0.052448
vn 0.016823 -0.999658 -0.020013
vn 0.000085 -1.000000 -0.000537
vn 0.001539 -0.999996 -0.002224
vn -0.000563 -1.000000 -0.000129
vn 0.016823 -0.999658 -0.020013
vn 0.001539 -0.999996 -0.002224
vn 0.007953 -0.999961 -0.003892
vn -0.000444 -1.000000 0.000675
vn -0.000395 -1.000000 0.000944
vn -0.000179 -1.000000 0.000403
vn 0.001204 -0.999997 -0.002337
vn -0.000395 -1.000000 0.000944
vn -0.000563 -1.000000 -0.000129
vn -0.040807 -0.999096 -0.011957
vn -0.051521 -0.997835 -0.040874
vn -0.132136 -0.989823 -0.052830
vn -0.008243 -0.999944 -0.006621
vn -0.047712 -0.997617 -0.049831
vn -0.000361 -0.999999 -0.001288
vn 0.068757 -0.994960 0.072991
vn 0.078938 -0.996831 0.009879
vn 0.075619 -0.986845 0.142896
vn 0.000592 -1.000000 -0.000801
vn 0.001091 -0.999999 0.001309
vn 0.001045 -0.999999 -0.000256
vn -0.047712 -0.997617 -0.049831
vn -0.040807 -0.999096 -0.011957
vn -0.000361 -0.999999 -0.001288
vn -0.000361 -0.999999 -0.001288
vn -0.040807 -0.999096 -0.011957
vn -0.000166 -1.000000 0.000106
vn -0.051521 -0.997835 -0.040874
vn -0.040807 -0.999096 -0.011957
vn -0.047712 -0.997617 -0.049831
vn -0.006187 -0.999981 -0.000687
vn -0.000687 -0.999999 -0.001035
vn 0.000157 -0.999999 0.001098
vn -0.000198 -1.000000 -0.000677
vn -0.000166 -1.000000 0.000106
vn 0.001031 -0.999999 -0.000720
vn -0.040807 -0.999096 -0.011957
vn -0.006187 -0.999981 -0.000687
vn -0.000166 -1.000000 0.000106
vn 0.004430 -0.999708 -0.023750
vn -0.041332 -0.999112 -0.008186
vn -0.064347 -0.997608 0.025247
vn -0.011946 -0.999886 -0.009273
vn -0.052091 -0.997367 -0.050458
vn -0.096840 -0.994515 -0.039518
vn -0.041332 -0.999112 -0.008186
vn 0.004430 -0.999708 -0.023750
vn -0.020709 -0.999197 -0.034302
vn -0.038422 -0.997464 0.059917
vn -0.064347 -0.997608 0.025247
vn -0.096840 -0.994515 -0.039518
vn -0.002006 -0.999995 -0.002522
vn -0.020709 -0.999197 -0.034302
vn -0.002002 -0.999998 -0.000693
vn 0.000091 -1.000000 0.000067
vn -0.011946 -0.999886 -0.009273
vn -0.002006 -0.999995 -0.002522
vn 0.121109 -0.991725 0.042600
vn 0.077609 -0.996291 0.037172
vn -0.069661 -0.996599 -0.044016
vn -0.016382 -0.999296 -0.033756
vn 0.116250 -0.991403 0.060049
vn -0.065202 -0.995541 -0.068171
vn 0.000091 -1.000000 0.000067
vn 0.000592 -1.000000 -0.000801
vn -0.011946 -0.999886 -0.009273
vn -0.020709 -0.999197 -0.034302
vn -0.002006 -0.999995 -0.002522
vn -0.041332 -0.999112 -0.008186
vn -0.096840 -0.994515 -0.039518
vn -0.052091 -0.997367 -0.050458
vn -0.069661 -0.996599 -0.044016
vn -0.038422 -0.997464 0.059917
vn 0.077609 -0.996291 0.037172
vn -0.065151 -0.997473 -0.028337
vn -0.031839 -0.998116 -0.052444
vn -0.001527 -0.999999 -0.000652
vn -0.001198 -0.999999 -0.001162
vn -0.000609 -1.000000 0.000132
vn -0.001527 -0.999999 -0.000652
vn -0.008243 -0.999944 -0.006621
vn -0.000183 -1.000000 0.000504
vn -0.033218 -0.980689 0.192733
vn -0.014373 -0.999661 0.021704
vn 0.000163 -1.000000 -0.000038
vn 0.000814 -0.999999 -0.000700
vn -0.000191 -1.000000 0.000291
vn 0.000216 -1.000000 0.000653
vn -0.010313 -0.999595 0.026517
vn -0.000487 -1.000000 0.000553
vn -0.000115 -1.000000 -0.000195
vn 0.000216 -1.000000 0.000653
vn 0.000093 -1.000000 -0.000476
vn -0.000103 -1.000000 0.000108
vn 0.000380 -1.000000 -0.000311
vn -0.000007 -1.000000 -0.000011
vn 0.000380 -1.000000 -0.000311
vn -0.000226 -1.000000 -0.000513
vn -0.000007 -1.000000 -0.000011
vn -0.001183 -0.999836 0.018054
vn -0.014373 -0.999661 0.021704
vn -0.132234 -0.879473 0.457210
vn -0.065911 -0.952001 0.298915
vn -0.000649 -0.999999 0.001202
vn -0.001183 -0.999836 0.018054
vn 0.000639 -1.000000 -0.000355
vn -0.000234 -1.000000 -0.000578
vn 0.000349 -1.000000 -0.000131
vn -0.000331 -1.000000 -0.000110
vn -0.000234 -1.000000 -0.000578
vn -0.000282 -1.000000 -0.000593
vn -0.001213 -0.999999 -0.000077
vn -0.000331 -1.000000 -0.000110
vn -0.000282 -1.000000 -0.000593
vn -0.001080 -0.999999 -0.000521
vn 0.000012 -1.000000 -0.000562
vn -0.000331 -1.000000 -0.000110
vn -0.000193 -1.000000 -0.000116
vn -0.000098 -1.000000 -0.000295
vn -0.000109 -1.000000 -0.000013
vn 0.000069 -1.000000 -0.000066
vn 0.000016 -1.000000 0.000168
vn -0.000193 -1.000000 -0.000116
vn -0.000098 -1.000000 -0.000295
vn -0.000043 -1.000000 -0.000157
vn 0.000119 -1.000000 -0.000112
vn 0.000119 -1.000000 -0.000112
vn -0.000103 -1.000000 0.000108
vn -0.000109 -1.000000 -0.000013
vn -0.000193 -1.000000 -0.000116
vn -0.000218 -1.000000 -0.000034
vn 0.000069 -1.000000 -0.000066
vn -0.000007 -1.000000 -0.000011
vn -0.000218 -1.000000 -0.000034
vn -0.000109 -1.000000 -0.000013
vn -0.004611 -0.997076 0.076281
vn -0.000692 -1.000000 0.000226
vn -0.001468 -0.999925 0.012173
vn -0.109521 -0.951724 0.286753
vn -0.306243 -0.501280 0.809280
vn -0.069853 -0.990156 0.121288
vn -0.078760 0.976258 0.201786
vn -0.075034 0.899059 0.431350
vn -0.306243 -0.501280 0.809280
vn -0.126361 -0.792129 0.597130
vn -0.277071 -0.001065 0.960849
vn -0.109521 -0.951724 0.286753
vn -0.059044 -0.987645 0.145159
vn -0.187679 -0.627514 0.755647
vn -0.004611 -0.997076 0.076281
vn -0.109521 -0.951724 0.286753
vn -0.277071 -0.001065 0.960849
vn -0.306243 -0.501280 0.809280
vn -0.006444 -0.999956 0.006866
vn 0.015587 -0.998220 0.057565
vn -0.109521 -0.951724 0.286753
vn -0.249314 0.193464 0.948902
vn -0.360533 -0.217846 0.906951
vn 0.036028 0.998861 0.031286
vn 0.000001 -1.000000 -0.000023
vn 0.000222 -1.000000 0.000004
vn 0.000101 -1.000000 -0.000054
vn 0.000003 -1.000000 -0.000117
vn 0.000099 -1.000000 -0.000124
vn -0.000136 -1.000000 -0.000307
vn 0.000518 -1.000000 -0.000831
vn 0.000537 -1.000000 -0.000131
vn 0.000409 -1.000000 0.000688
vn -0.000232 -1.000000 -0.000282
vn -0.000146 -1.000000 -0.000542
vn -0.000157 -0.999999 -0.001073
vn 0.000000 -1.000000 0.000000
vn -0.000060 -1.000000 0.000152
vn 0.000237 -1.000000 0.000311
vn -0.000076 -1.000000 -0.000361
vn 0.000184 -1.000000 -0.000363
vn -0.000351 -1.000000 -0.000288
vn 0.000538 -0.999998 0.001885
vn 0.000227 -1.000000 -0.000302
vn -0.000012 -1.000000 0.000571
vn 0.000227 -1.000000 -0.000302
vn 0.000758 -1.000000 0.000540
vn -0.000136 -1.000000 -0.000307
vn 0.000522 -0.999999 0.001198
vn 0.001280 -0.999996 0.002462
vn -0.000187 -1.000000 0.000517
vn 0.000003 -1.000000 -0.000117
vn -0.000136 -1.000000 -0.000307
vn -0.000058 -1.000000 -0.000096
vn -0.001030 -0.999999 0.000675
vn 0.000227 -1.000000 -0.000302
vn 0.000099 -1.000000 -0.000124
vn -0.000136 -1.000000 -0.000307
vn 0.000099 -1.000000 -0.000124
vn 0.000227 -1.000000 -0.000302
vn 0.000290 -1.000000 -0.000786
vn -0.000160 -1.000000 0.000195
vn 0.000152 -1.000000 -0.000064
vn 0.000511 -1.000000 -0.000237
vn 0.000222 -1.000000 0.000004
vn -0.000058 -1.000000 -0.000096
vn -0.000238 -1.000000 -0.000414
vn -0.000058 -1.000000 -0.000096
vn -0.000136 -1.000000 -0.000307
vn 0.000152 -1.000000 -0.000064
vn 0.000537 -1.000000 -0.000131
vn 0.000511 -1.000000 -0.000237
vn 0.000161 -1.000000 -0.000183
vn -0.000114 -1.000000 -0.000067
vn -0.000160 -1.000000 0.000195
vn -0.000238 -1.000000 -0.000414
vn 0.000290 -1.000000 -0.000786
vn 0.000184 -1.000000 -0.000310
vn -0.000459 -1.000000 0.000308
vn 0.000061 -1.000000 0.000027
vn -0.000692 -1.000000 0.000260
vn 0.000061 -1.000000 0.000117
vn 0.000061 -1.000000 0.000027
vn 0.000000 -1.000000 0.000000
vn 0.010864 -0.999855 0.013121
vn -0.000459 -1.000000 0.000308
vn -0.000118 -1.000000 0.000485
vn 0.013044 -0.999901 -0.005244
vn 0.002091 -0.999998 0.000805
vn 0.000000 -1.000000 0.000000
vn 0.001443 -0.999999 -0.000460
vn 0.000349 -0.999999 -0.001609
vn 0.000501 -1.000000 0.000057
vn 0.000000 -1.000000 0.000000
vn 0.000000 -1.000000 0.000000
vn -0.000358 -1.000000 0.000660
vn 0.000000 -1.000000 0.000000
vn -0.000459 -1.000000 0.000308
vn 0.013044 -0.999901 -0.005244
vn -0.000358 -1.000000 0.000660
vn 0.000000 -1.000000 0.000000
vn -0.000967 -1.000000 -0.000148
vn 0.000002 -1.000000 -0.000009
vn 0.000000 -1.000000 -0.000035
vn -0.000031 -1.000000 -0.000194
vn -0.000031 -1.000000 -0.000194
vn 0.000000 -1.000000 -0.000035
vn 0.000115 -1.000000 -0.000239
vn -0.001579 -0.999991 -0.003813
vn -0.000054 -1.000000 -0.000141
vn -0.000043 -1.000000 -0.000157
vn -0.000043 -1.000000 -0.000157
vn -0.000054 -1.000000 -0.000141
vn 0.000119 -1.000000 -0.000112
vn 0.000081 -1.000000 0.000001
vn 0.000626 -1.000000 0.000198
vn 0.000761 -1.000000 0.000260
vn -0.000224 -1.000000 -0.000025
vn 0.000000 -1.000000 0.000000
vn 0.000000 -1.000000 0.000000
vn 0.000071 -1.000000 0.000213
vn 0.000321 -1.000000 0.000362
vn 0.000006 -1.000000 -0.000374
vn -0.000305 -1.000000 0.000525
vn 0.000066 -1.000000 0.000087
vn -0.000427 -1.000000 0.000618
vn 0.000761 -1.000000 0.000260
vn 0.002252 -0.999997 -0.001225
vn 0.000234 -1.000000 0.000074
vn 0.000297 -1.000000 0.000416
vn 0.000081 -1.000000 0.000001
vn 0.000761 -1.000000 0.000260
vn -0.000441 -1.000000 0.000562
vn -0.000691 -1.000000 -0.000209
vn -0.000340 -1.000000 -0.000637
vn -0.000087 -1.000000 0.000428
vn -0.000441 -1.000000 0.000562
vn -0.000420 -1.000000 0.000641
vn -0.000087 -1.000000 0.000428
vn -0.000420 -1.000000 0.000641
vn -0.000199 -1.000000 0.000072
vn -0.000389 -1.000000 -0.000553
vn -0.000087 -1.000000 0.000428
vn 0.001049 -0.999999 -0.000653
vn -0.000310 -1.000000 -0.000542
vn -0.000192 -1.000000 0.000016
vn 0.000057 -1.000000 0.000012
vn -0.000247 -1.000000 -0.000175
vn -0.000031 -1.000000 0.000008
vn -0.000192 -1.000000 0.000016
vn 0.080597 -0.981017 -0.176382
vn 0.000587 -0.999994 -0.003528
vn 0.104330 -0.949959 -0.294437
vn 0.007957 -0.995448 -0.094975
vn 0.012861 -0.999839 -0.012499
vn -0.000427 -0.999999 -0.001131
vn 0.000581 -1.000000 -0.000026
vn 0.005635 -0.999941 -0.009301
vn -0.000152 -1.000000 0.000747
vn 0.056036 -0.988582 -0.139877
vn 0.000581 -1.000000 -0.000026
vn 0.000665 -0.999999 0.001434
vn 0.437774 -0.258552 -0.861107
vn 0.366658 0.385652 -0.846661
vn 0.080146 0.996739 -0.009348
vn 0.140549 -0.933434 -0.330071
vn 0.366658 0.385652 -0.846661
vn 0.127528 -0.945775 -0.298743
vn 0.079756 0.968006 -0.237914
vn 0.363803 -0.305872 -0.879824
vn 0.437774 -0.258552 -0.861107
vn 0.025490 -0.998012 -0.057636
vn -0.002527 -0.999997 -0.000034
vn 0.088799 -0.984366 -0.152114
vn -0.002527 -0.999997 -0.000034
vn 0.004774 -0.999989 0.000460
vn 0.026755 -0.996572 -0.078284
vn 0.012861 -0.999839 -0.012499
vn 0.026755 -0.996572 -0.078284
vn 0.004774 -0.999989 0.000460
vn -0.360533 -0.217846 0.906951
vn -0.249314 0.193464 0.948902
vn -0.059117 -0.948058 0.312557
vn 0.000000 -1.000000 0.000000
vn 0.000000 -1.000000 0.000000
vn 0.000000 -1.000000 0.000000
vn 0.000794 -0.987466 0.157828
vn -0.148613 -0.634894 0.758171
vn -0.005636 -0.997633 0.068536
vn 0.000000 -1.000000 0.000000
vn -0.001302 -0.999985 0.005264
vn 0.000000 -1.000000 0.000000
vn -0.000640 -1.000000 0.000153
vn 0.000050 -1.000000 -0.000246
vn 0.000138 -1.000000 0.000765
vn -0.000640 -1.000000 0.000153
vn 0.000000 -1.000000 0.000000
vn 0.000343 -0.999997 0.002609
vn 0.000000 -1.000000 0.000000
vn 0.000000 -1.000000 0.000000
vn -0.000028 -1.000000 -0.000106
vn -0.012726 -0.999858 0.011036
vn -0.001979 -0.999997 0.001449
vn 0.000511 -1.000000 -0.000405
vn 0.000000 -1.000000 0.000000
vn 0.000000 -1.000000 0.000000
vn 0.000000 -1.000000 0.000000
vn -0.000028 -1.000000 -0.000106
vn 0.000115 -1.000000 -0.000094
vn -0.001979 -0.999997 0.001449
vn -0.000949 -0.999805 0.019731
vn -0.001979 -0.999997 0.001449
vn -0.012726 -0.999858 0.011036
vn -0.000028 -1.000000 -0.000106
vn -0.001979 -0.999997 0.001449
vn 0.000343 -0.999997 0.002609
vn -0.000970 -0.999999 0.000466
vn -0.000592 -1.000000 0.000166
vn 0.000431 -1.000000 0.000785
vn 0.000000 -1.000000 0.000000
vn 0.000000 -1.000000 0.000000
vn -0.000323 -1.000000 0.000227
vn -0.000970 -0.999999 0.000466
vn 0.000431 -1.000000 0.000785
vn -0.000609 -1.000000 0.000132
vn 0.000086 -1.000000 0.000973
vn -0.000970 -0.999999 0.000466
vn -0.000290 -1.000000 -0.000078
vn 0.001310 -0.999999 0.000363
vn 0.000209 -1.000000 0.000074
vn 0.000086 -1.000000 0.000973
vn 0.000072 -1.000000 0.000494
vn 0.000000 -1.000000 0.000000
vn -0.000259 -1.000000 0.000749
vn 0.045136 -0.998813 -0.018329
vn 0.010864 -0.999855 0.013121
vn 0.043451 -0.998952 0.014394
vn -0.000459 -1.000000 0.000308
vn 0.010864 -0.999855 0.013121
vn 0.013044 -0.999901 -0.005244
vn -0.000028 -1.000000 -0.000106
vn 0.000000 -1.000000 0.000000
vn 0.000000 -1.000000 0.000000
vn 0.000000 -1.000000 0.000000
vn 0.000000 -1.000000 0.000000
vn -0.000207 -1.000000 0.000088
vn -0.000640 -1.000000 0.000153
vn -0.000207 -1.000000 0.000088
vn 0.000000 -1.000000 0.000000
vn 0.000138 -1.000000 0.000765
vn 0.000050 -1.000000 -0.000246
vn 0.000590 -1.000000 0.000480
vn -0.000489 -1.000000 -0.000085
vn -0.000141 -1.000000 0.000035
vn 0.000000 -1.000000 0.000000
vn 0.000829 -0.999999 0.000963
vn -0.000527 -1.000000 0.000700
vn -0.000756 -1.000000 -0.000005
vn 0.005532 -0.999977 -0.003964
vn 0.006297 -0.999925 -0.010500
vn 0.002511 -0.999992 -0.003238
vn 0.002511 -0.999992 -0.003238
vn 0.006297 -0.999925 -0.010500
vn -0.000457 -0.999982 -0.005939
vn 0.000591 -1.000000 -0.000034
vn 0.000071 -1.000000 0.000213
vn 0.000192 -1.000000 -0.000453
vn 0.000321 -1.000000 0.000362
vn -0.000340 -1.000000 -0.000637
vn 0.000006 -1.000000 -0.000374
vn 0.000359 -1.000000 -0.000327
vn 0.000101 -1.000000 -0.000390
vn 0.000776 -1.000000 -0.000610
vn 0.000192 -1.000000 -0.000453
vn 0.000776 -1.000000 -0.000610
vn 0.000101 -1.000000 -0.000390
vn 0.000006 -1.000000 -0.000374
vn -0.021658 -0.999763 0.002084
vn 0.000277 -1.000000 0.000133
vn -0.050261 -0.998197 -0.032809
vn -0.021658 -0.999763 0.002084
vn -0.014200 -0.999737 -0.018006
vn -0.027440 -0.999228 -0.028122
vn -0.000340 -1.000000 -0.000637
vn -0.000691 -1.000000 -0.000209
vn 0.000006 -1.000000 -0.000374
vn -0.000340 -1.000000 -0.000637
vn -0.014200 -0.999737 -0.018006
vn 0.000006 -1.000000 -0.000374
vn -0.014200 -0.999737 -0.018006
vn -0.021658 -0.999763 0.002084
vn 0.000006 -1.000000 -0.000374
vn 0.000192 -1.000000 -0.000453
vn 0.000071 -1.000000 0.000213
vn -0.019408 -0.999500 -0.024959
vn -0.027440 -0.999228 -0.028122
vn -0.000691 -1.000000 -0.000209
vn -0.050261 -0.998197 -0.032809
vn -0.027440 -0.999228 -0.028122
vn -0.061291 -0.996836 -0.050613
vn 0.349634 -0.213547 -0.912225
vn 0.340347 -0.134399 -0.930645
vn 0.199427 0.970293 -0.136968
vn -0.000457 -0.999982 -0.005939
vn 0.081244 -0.972929 -0.216353
vn 0.053164 -0.974439 -0.218273
vn 0.056036 -0.988582 -0.139877
vn -0.000379 -0.999996 -0.002838
vn 0.025616 -0.998118 -0.055726
vn 0.081244 -0.972929 -0.216353
vn 0.349634 -0.213547 -0.912225
vn 0.053164 -0.974439 -0.218273
vn 0.067448 -0.997154 0.033692
vn -0.037301 -0.994762 -0.095174
vn 0.006556 -0.999503 -0.030849
vn -0.031839 -0.998116 -0.052444
vn -0.037301 -0.994762 -0.095174
vn 0.037040 -0.998926 -0.027849
vn 0.068757 -0.994960 0.072991
vn 0.000613 -1.000000 -0.000666
vn 0.003758 -0.999967 -0.007283
vn 0.003758 -0.999967 -0.007283
vn 0.078938 -0.996831 0.009879
vn 0.068757 -0.994960 0.072991
vn -0.000335 -0.999999 -0.001179
vn 0.000097 -1.000000 0.000442
vn 0.000408 -1.000000 0.000094
vn 0.000613 -1.000000 -0.000666
vn 0.000243 -0.999999 -0.001173
vn 0.000077 -1.000000 -0.000052
vn 0.000613 -1.000000 -0.000666
vn 0.000077 -1.000000 -0.000052
vn 0.003758 -0.999967 -0.007283
vn 0.006556 -0.999889 0.013413
vn 0.000613 -1.000000 -0.000666
vn 0.053256 -0.996590 0.063025
vn 0.009113 -0.999798 -0.017934
vn 0.003758 -0.999967 -0.007283
vn 0.000077 -1.000000 -0.000052
vn -0.016382 -0.999296 -0.033756
vn -0.065202 -0.995541 -0.068171
vn -0.024542 -0.997189 -0.070796
vn -0.000836 -1.000000 -0.000040
vn 0.017621 -0.999845 -0.000658
vn -0.000118 -1.000000 0.000485
vn 0.067448 -0.997154 0.033692
vn 0.017621 -0.999845 -0.000658
vn 0.006556 -0.999889 0.013413
vn -0.000088 -1.000000 0.000078
vn -0.000275 -1.000000 0.000157
vn 0.000250 -1.000000 0.000196
vn -0.000836 -1.000000 -0.000040
vn -0.000275 -1.000000 0.000157
vn -0.000149 -1.000000 -0.000046
vn 0.000022 -1.000000 -0.000628
vn -0.000117 -1.000000 -0.000038
vn -0.000088 -1.000000 0.000078
vn -0.000088 -1.000000 0.000078
vn -0.000117 -1.000000 -0.000038
vn -0.000247 -1.000000 -0.000175
vn 0.002524 -0.999997 0.000318
vn 0.000844 -1.000000 -0.000271
vn 0.000535 -0.999999 0.001651
vn 0.000408 -1.000000 0.000094
vn 0.000243 -0.999999 -0.001173
vn -0.000335 -0.999999 -0.001179
vn -0.000031 -1.000000 0.000008
vn 0.000000 -1.000000 0.000000
vn -0.000028 -1.000000 -0.000022
vn -0.016382 -0.999296 -0.033756
vn -0.004148 -0.997617 -0.068873
vn 0.096469 -0.994987 -0.026358
vn 0.010933 -0.996529 -0.082523
vn 0.071889 -0.996968 -0.029783
vn 0.262255 -0.959377 -0.104010
vn 0.155423 -0.967036 -0.201704
vn 0.262255 -0.959377 -0.104010
vn 0.071889 -0.996968 -0.029783
vn -0.120849 -0.983918 -0.131534
vn -0.002994 -0.999108 -0.042117
vn 0.142865 -0.982879 0.116352
vn -0.002006 -0.999997 -0.001216
vn 0.006152 -0.999976 0.003275
vn 0.000024 -1.000000 -0.000026
vn -0.065151 -0.997473 -0.028337
vn 0.077609 -0.996291 0.037172
vn -0.065202 -0.995541 -0.068171
vn 0.000024 -1.000000 -0.000026
vn 0.047206 -0.997154 0.058779
vn 0.056692 -0.998176 0.020774
vn -0.086500 -0.948758 -0.303934
vn -0.120849 -0.983918 -0.131534
vn 0.108813 -0.993000 -0.045941
vn 0.133050 -0.982281 0.131991
vn 0.142865 -0.982879 0.116352
vn -0.002994 -0.999108 -0.042117
vn -0.120849 -0.983918 -0.131534
vn -0.008812 -0.999647 0.025056
vn -0.065151 -0.997473 -0.028337
vn 0.108813 -0.993000 -0.045941
vn -0.120849 -0.983918 -0.131534
vn 0.142865 -0.982879 0.116352
vn 0.071889 -0.996968 -0.029783
vn 0.137740 -0.990257 0.020485
vn 0.002197 -0.999977 0.006402
vn -0.001197 -0.999999 -0.001168
vn -0.000053 -0.999998 -0.001867
vn 0.000189 -1.000000 -0.000193
vn 0.133050 -0.982281 0.131991
vn 0.137740 -0.990257 0.020485
vn 0.142865 -0.982879 0.116352
vn 0.133050 -0.982281 0.131991
vn -0.002994 -0.999108 -0.042117
vn 0.116250 -0.991403 0.060049
vn -0.002994 -0.999108 -0.042117
vn -0.065202 -0.995541 -0.068171
vn 0.116250 -0.991403 0.060049
vn 0.133050 -0.982281 0.131991
vn 0.006152 -0.999976 0.003275
vn 0.002197 -0.999977 0.006402
vn 0.096469 -0.994987 -0.026358
vn 0.030062 -0.999464 0.012930
vn 0.100547 -0.993456 0.054178
vn 0.133050 -0.982281 0.131991
vn 0.116250 -0.991403 0.060049
vn 0.047206 -0.997154 0.058779
vn 0.133050 -0.982281 0.131991
vn 0.002197 -0.999977 0.006402
vn 0.137740 -0.990257 0.020485
vn -0.002006 -0.999997 -0.001216
vn 0.002197 -0.999977 0.006402
vn 0.006152 -0.999976 0.003275
vn 0.241534 -0.959936 -0.142071
vn 0.323722 -0.933269 -0.155608
vn 0.147929 -0.939187 0.309910
vn 0.051519 -0.998178 -0.031414
vn 0.323722 -0.933269 -0.155608
vn 0.185252 -0.982158 -0.032359
vn 0.000000 -1.000000 0.000000
vn 0.000000 -1.000000 0.000000
vn 0.151309 -0.982796 0.105911
vn 0.000000 -1.000000 0.000000
vn 0.000000 -1.000000 0.000000
vn 0.000000 -1.000000 0.000000
vn 0.000000 -1.000000 0.000000
vn 0.000000 -1.000000 0.000000
vn 0.000000 -1.000000 0.000000
vn 0.000000 -1.000000 0.000000
vn 0.000072 -1.000000 0.000494
vn 0.000209 -1.000000 0.000074
vn 0.000000 -1.000000 0.000000
vn 0.000000 -1.000000 0.000000
vn 0.000000 -1.000000 0.000000
vn 0.000000 -1.000000 0.000000
vn 0.000000 -1.000000 0.000000
vn 0.000000 -1.000000 0.000000
vn 0.000643 -1.000000 -0.000445
vn 0.000000 -1.000000 0.000000
vn 0.000000 -1.000000 0.000000
vn 0.000000 -1.000000 0.000000
vn 0.000000 -1.000000 0.000000
vn 0.000000 -1.000000 0.000000
vn 0.000000 -1.000000 0.000000
vn 0.000000 -1.000000 0.000000
vn 0.000000 -1.000000 0.000000
vn 0.000461 -1.000000 0.000260
vn 0.000000 -1.000000 0.000000
vn -0.000009 -1.000000 0.000024
vn 0.000643 -1.000000 -0.000445
vn 0.000220 -1.000000 -0.000864
vn 0.000000 -1.000000 0.000000
vn 0.000000 -1.000000 0.000000
vn 0.000000 -1.000000 0.000000
vn 0.000115 -1.000000 -0.000094
vn 0.000000 -1.000000 0.000000
vn 0.000000 -1.000000 0.000000
vn 0.000000 -1.000000 0.000000
vn -0.000009 -1.000000 0.000024
vn 0.000000 -1.000000 0.000000
vn 0.000209 -1.000000 0.000074
vn -0.000913 -1.000000 -0.000364
vn -0.000502 -1.000000 -0.000789
vn 0.000000 -1.000000 0.000000
vn 0.000000 -1.000000 0.000000
vn 0.000000 -1.000000 0.000000
vn 0.000115 -1.000000 -0.000094
vn 0.000511 -1.000000 -0.000405
vn -0.000913 -1.000000 -0.000364
vn 0.000352 -1.000000 0.000431
vn 0.000220 -1.000000 -0.000864
vn 0.000000 -1.000000 0.000000
vn -0.000502 -1.000000 -0.000789
vn 0.000000 -1.000000 0.000000
vn 0.000000 -1.000000 0.000000
vn 0.000000 -1.000000 0.000000
vn 0.000086 -1.000000 0.000973
vn -0.000259 -1.000000 0.000749
vn -0.000323 -1.000000 0.000227
vn 0.000220 -1.000000 -0.000864
vn 0.000643 -1.000000 -0.000445
vn 0.000000 -1.000000 0.000000
vn 0.000220 -1.000000 -0.000864
vn -0.000502 -1.000000 -0.000789
vn 0.000000 -1.000000 0.000000
vn 0.000072 -1.000000 0.000494
vn 0.000086 -1.000000 0.000973
vn 0.000209 -1.000000 0.000074
vn 0.000000 -1.000000 0.000000
vn -0.000323 -1.000000 0.000227
vn -0.000259 -1.000000 0.000749
vn 0.000000 -1.000000 0.000000
vn 0.000072 -1.000000 0.000494
vn 0.000000 -1.000000 0.000000
vn 0.000086 -1.000000 0.000973
vn 0.000072 -1.000000 0.000494
vn -0.000259 -1.000000 0.000749
vn -0.249724 0.917583 -0.309321
vn -0.168876 0.966184 -0.194856
vn -0.213579 0.966322 -0.143548
vn -0.069936 0.995870 0.057899
vn -0.251074 0.930065 -0.268220
vn 0.411027 0.904146 0.116521
vn -0.429317 0.861400 -0.271436
vn -0.249724 0.917583 -0.309321
vn -0.213579 0.966322 -0.143548
vn -0.228536 0.956377 -0.181973
vn 0.493249 0.734134 0.466639
vn 0.496167 0.852063 0.166751
vn 0.411027 0.904146 0.116521
vn -0.249724 0.917583 -0.309321
vn 0.496167 0.852063 0.166751
vn -0.228536 0.956377 -0.181973
vn 0.496167 0.852063 0.166751
vn -0.249724 0.917583 -0.309321
vn 0.535747 0.816394 0.215584
vn 0.748596 -0.442660 0.493615
vn 0.460148 -0.823856 0.330947
vn -0.069936 0.995870 0.057899
vn 0.590646 -0.723502 0.357326
vn 0.748596 -0.442660 0.493615
vn 0.001321 -0.999999 0.001054
vn 0.107838 -0.991948 0.066409
vn 0.157485 -0.983274 0.091488
vn 0.000000 -1.000000 0.000000
vn 0.000000 -1.000000 0.000000
vn 0.000000 -1.000000 0.000000
vn 0.157485 -0.983274 0.091488
vn 0.569415 -0.736296 0.365561
vn 0.714491 -0.539769 0.445142
vn 0.590646 -0.723502 0.357326
vn 0.569415 -0.736296 0.365561
vn 0.107838 -0.991948 0.066409
vn 0.021651 -0.999647 -0.015398
vn -0.164836 -0.985506 -0.040090
vn -0.064818 -0.995284 -0.072175
vn -0.057703 -0.998057 -0.023506
vn -0.167484 -0.980490 -0.102903
vn -0.172928 -0.984555 -0.027358
vn 0.110579 -0.993857 -0.004547
vn -0.057703 -0.998057 -0.023506
vn -0.172928 -0.984555 -0.027358
vn -0.057703 -0.998057 -0.023506
vn -0.010676 -0.999940 -0.002631
vn -0.164836 -0.985506 -0.040090
vn -0.010676 -0.999940 -0.002631
vn 0.006588 -0.999977 -0.001343
vn 0.164040 -0.986432 -0.006492
vn 0.110579 -0.993857 -0.004547
vn 0.006588 -0.999977 -0.001343
vn -0.057703 -0.998057 -0.023506
vn -0.164836 -0.985506 -0.040090
vn 0.021651 -0.999647 -0.015398
vn -0.167484 -0.980490 -0.102903
vn -0.061769 -0.997963 -0.015965
vn -0.164836 -0.985506 -0.040090
vn -0.010676 -0.999940 -0.002631
vn -0.002749 -0.996931 0.078234
vn -0.032152 -0.997658 0.060369
vn -0.179586 -0.733627 0.655394
vn -0.032152 -0.997658 0.060369
vn 0.000360 -0.999998 0.001874
vn -0.000073 -0.999999 0.001500
vn -0.000183 -1.000000 0.000504
vn -0.002749 -0.996931 0.078234
vn -0.033218 -0.980689 0.192733
vn -0.032152 -0.997658 0.060369
vn -0.002749 -0.996931 0.078234
vn 0.000360 -0.999998 0.001874
vn -0.000115 -1.000000 -0.000195
vn 0.000093 -1.000000 -0.000476
vn 0.000169 -1.000000 -0.000304
vn 0.000678 -1.000000 0.000491
vn -0.000115 -1.000000 -0.000195
vn 0.000814 -0.999999 -0.000700
vn -0.014373 -0.999661 0.021704
vn -0.001183 -0.999836 0.018054
vn 0.000678 -1.000000 0.000491
vn -0.169987 -0.626763 0.760443
vn -0.132234 -0.879473 0.457210
vn -0.033218 -0.980689 0.192733
vn -0.000098 -1.000000 0.000569
vn -0.000103 -1.000000 0.000108
vn -0.000751 -1.000000 -0.000016
vn 0.000119 -1.000000 -0.000112
vn -0.000109 -1.000000 -0.000013
vn -0.000098 -1.000000 -0.000295
vn 0.000537 -1.000000 -0.000131
vn 0.000518 -1.000000 -0.000831
vn 0.000415 -1.000000 -0.000384
vn 0.000255 -1.000000 0.000805
vn -0.000955 -0.999999 -0.000508
vn -0.000186 -1.000000 -0.000934
vn -0.000261 -1.000000 -0.000295
vn -0.000103 -1.000000 0.000108
vn 0.000119 -1.000000 -0.000112
vn -0.000103 -1.000000 0.000108
vn 0.000056 -1.000000 -0.000421
vn 0.000380 -1.000000 -0.000311
vn -0.032152 -0.997658 0.060369
vn -0.001979 -0.999980 0.005993
vn -0.075751 -0.952762 0.294121
vn -0.000487 -1.000000 0.000248
vn -0.004611 -0.997076 0.076281
vn -0.001979 -0.999980 0.005993
vn 0.000182 -1.000000 0.000303
vn -0.000692 -1.000000 0.000226
vn -0.000487 -1.000000 0.000248
vn 0.000161 -1.000000 -0.000183
vn 0.000290 -1.000000 -0.000786
vn -0.000238 -1.000000 -0.000414
vn -0.000692 -1.000000 0.000226
vn -0.004611 -0.997076 0.076281
vn -0.000487 -1.000000 0.000248
vn -0.306243 -0.501280 0.809280
vn -0.059044 -0.987645 0.145159
vn -0.069853 -0.990156 0.121288
vn -0.000187 -1.000000 0.000517
vn 0.001280 -0.999996 0.002462
vn -0.001468 -0.999925 0.012173
vn -0.001935 -0.999998 0.001105
vn -0.000638 -1.000000 0.000187
vn -0.013852 -0.998223 0.057956
vn -0.001468 -0.999925 0.012173
vn -0.009192 -0.999735 0.021091
vn -0.059044 -0.987645 0.145159
vn 0.001280 -0.999996 0.002462
vn -0.006444 -0.999956 0.006866
vn -0.009192 -0.999735 0.021091
vn -0.109521 -0.951724 0.286753
vn -0.069853 -0.990156 0.121288
vn -0.006444 -0.999956 0.006866
vn -0.009192 -0.999735 0.021091
vn -0.006444 -0.999956 0.006866
vn -0.069853 -0.990156 0.121288
vn 0.000182 -1.000000 0.000303
vn -0.000073 -0.999999 0.001500
vn 0.000573 -1.000000 0.000728
vn -0.000187 -1.000000 0.000517
vn -0.001468 -0.999925 0.012173
vn -0.000692 -1.000000 0.000226
vn -0.001121 -0.999999 -0.000398
vn -0.000131 -1.000000 -0.000487
vn -0.000187 -1.000000 0.000517
vn -0.006444 -0.999956 0.006866
vn 0.001280 -0.999996 0.002462
vn -0.000376 -0.999996 0.002900
vn -0.017213 -0.999596 0.022616
vn 0.000000 -1.000000 0.000000
vn 0.000000 -1.000000 0.000000
vn 0.015587 -0.998220 0.057565
vn -0.126361 -0.792129 0.597130
vn -0.109521 -0.951724 0.286753
vn -0.059044 -0.987645 0.145159
vn -0.009192 -0.999735 0.021091
vn -0.069853 -0.990156 0.121288
vn 0.001280 -0.999996 0.002462
vn -0.009192 -0.999735 0.021091
vn -0.001468 -0.999925 0.012173
vn -0.000487 -1.000000 0.000248
vn -0.000073 -0.999999 0.001500
vn 0.000182 -1.000000 0.000303
vn 0.000182 -1.000000 0.000303
vn 0.000573 -1.000000 0.000728
vn 0.000908 -0.999999 0.000720
vn -0.001935 -0.999998 0.001105
vn -0.006444 -0.999956 0.006866
vn -0.000376 -0.999996 0.002900
vn -0.126361 -0.792129 0.597130
vn 0.015587 -0.998220 0.057565
vn -0.013852 -0.998223 0.057956
vn 0.000255 -1.000000 0.000805
vn 0.001137 -0.999999 0.000074
vn 0.000908 -0.999999 0.000720
vn -0.000314 -1.000000 -0.000090
vn -0.001121 -0.999999 -0.000398
vn 0.000908 -0.999999 0.000720
vn 0.000908 -0.999999 0.000720
vn -0.001121 -0.999999 -0.000398
vn 0.000182 -1.000000 0.000303
vn -0.000692 -1.000000 0.000226
vn 0.000182 -1.000000 0.000303
vn -0.001121 -0.999999 -0.000398
vn 0.000678 -1.000000 0.000491
vn 0.000814 -0.999999 -0.000700
vn 0.000163 -1.000000 -0.000038
vn 0.000178 -1.000000 -0.000130
vn 0.000225 -1.000000 -0.000206
vn 0.000216 -1.000000 -0.000264
vn -0.000160 -1.000000 0.000195
vn -0.000114 -1.000000 -0.000067
vn -0.000238 -1.000000 -0.000334
vn -0.001121 -0.999999 -0.000398
vn -0.000314 -1.000000 -0.000090
vn -0.000131 -1.000000 -0.000487
vn 0.001443 -0.999999 -0.000460
vn 0.000366 -1.000000 0.000053
vn 0.000161 -1.000000 -0.000183
vn -0.000238 -1.000000 -0.000334
vn -0.000131 -1.000000 -0.000487
vn -0.000314 -1.000000 -0.000090
vn -0.000160 -1.000000 0.000195
vn -0.000238 -1.000000 -0.000334
vn -0.000050 -1.000000 -0.000034
vn -0.000238 -1.000000 -0.000334
vn -0.000114 -1.000000 -0.000067
vn -0.000131 -1.000000 -0.000487
vn -0.000420 -1.000000 0.000140
vn 0.000152 -1.000000 -0.000064
vn -0.000160 -1.000000 0.000195
vn -0.000160 -1.000000 0.000195
vn 0.000290 -1.000000 -0.000786
vn 0.000161 -1.000000 -0.000183
vn 0.000505 -1.000000 -0.000565
vn 0.000366 -1.000000 0.000053
vn 0.000967 -1.000000 -0.000308
vn -0.000131 -1.000000 -0.000487
vn 0.000577 -1.000000 0.000552
vn 0.000522 -0.999999 0.001198
vn -0.000238 -1.000000 -0.000414
vn 0.000758 -1.000000 0.000540
vn 0.000161 -1.000000 -0.000183
vn -0.000131 -1.000000 -0.000487
vn 0.000505 -1.000000 -0.000565
vn 0.000967 -1.000000 -0.000308
vn 0.000216 -1.000000 -0.000264
vn -0.000098 -1.000000 0.000569
vn -0.000711 -0.999999 0.001299
vn 0.000051 -1.000000 -0.000010
vn -0.000699 -1.000000 0.000374
vn -0.000277 -1.000000 0.000959
vn 0.000366 -1.000000 0.000053
vn -0.000114 -1.000000 -0.000067
vn 0.000161 -1.000000 -0.000183
vn 0.000406 -1.000000 -0.000039
vn 0.000000 -1.000000 0.000000
vn 0.000000 -1.000000 0.000000
vn -0.000420 -1.000000 0.000140
vn -0.000160 -1.000000 0.000195
vn -0.000050 -1.000000 -0.000034
vn 0.000537 -1.000000 -0.000131
vn 0.000152 -1.000000 -0.000064
vn 0.000409 -1.000000 0.000688
vn -0.000131 -1.000000 -0.000487
vn 0.000522 -0.999999 0.001198
vn -0.000187 -1.000000 0.000517
vn -0.000376 -0.999996 0.002900
vn 0.000522 -0.999999 0.001198
vn 0.000577 -1.000000 0.000552
vn 0.000758 -1.000000 0.000540
vn 0.001733 -0.999998 0.000474
vn 0.001443 -0.999999 -0.000460
vn 0.000349 -0.999999 -0.001609
vn -0.000890 -1.000000 -0.000101
vn -0.000597 -0.999999 -0.000962
vn -0.000186 -1.000000 -0.000934
vn 0.000051 -1.000000 -0.000010
vn 0.000788 -0.999999 -0.001161
vn 0.000409 -1.000000 0.000688
vn 0.000152 -1.000000 -0.000064
vn -0.000420 -1.000000 0.000140
vn 0.001137 -0.999999 0.000074
vn -0.000050 -1.000000 -0.000034
vn -0.000314 -1.000000 -0.000090
vn 0.000225 -1.000000 -0.000206
vn 0.000056 -1.000000 -0.000421
vn 0.000216 -1.000000 -0.000264
vn 0.000788 -0.999999 -0.001161
vn -0.000420 -1.000000 0.000140
vn -0.000050 -1.000000 -0.000034
vn -0.000699 -1.000000 0.000374
vn 0.000051 -1.000000 -0.000010
vn -0.000744 -1.000000 -0.000721
vn 0.000409 -1.000000 0.000688
vn -0.000277 -1.000000 0.000959
vn 0.000518 -1.000000 -0.000831
vn 0.000415 -1.000000 -0.000384
vn 0.000222 -1.000000 0.000004
vn 0.000511 -1.000000 -0.000237
vn 0.001443 -0.999999 -0.000460
vn 0.000161 -1.000000 -0.000183
vn 0.000758 -1.000000 0.000540
vn 0.000366 -1.000000 0.000053
vn 0.000501 -1.000000 0.000057
vn 0.000967 -1.000000 -0.000308
vn -0.000186 -1.000000 -0.000934
vn 0.001137 -0.999999 0.000074
vn 0.000255 -1.000000 0.000805
vn -0.000744 -1.000000 -0.000721
vn 0.000051 -1.000000 -0.000010
vn -0.000186 -1.000000 -0.000934
vn -0.000699 -1.000000 0.000374
vn 0.000216 -1.000000 -0.000264
vn -0.000711 -0.999999 0.001299
vn -0.000492 -1.000000 -0.000093
vn -0.000157 -0.999999 -0.001073
vn 0.000518 -1.000000 -0.000831
vn -0.000751 -1.000000 -0.000016
vn -0.000157 -0.999999 -0.001073
vn -0.000492 -1.000000 -0.000093
vn 0.000415 -1.000000 -0.000384
vn 0.000518 -1.000000 -0.000831
vn -0.000146 -1.000000 -0.000542
vn -0.000058 -1.000000 -0.000096
vn -0.000238 -1.000000 -0.000414
vn 0.000184 -1.000000 -0.000310
vn 0.000415 -1.000000 -0.000384
vn 0.000511 -1.000000 -0.000237
vn 0.000537 -1.000000 -0.000131
vn 0.001733 -0.999998 0.000474
vn 0.000758 -1.000000 0.000540
vn 0.000538 -0.999998 0.001885
vn 0.000501 -1.000000 0.000057
vn 0.000366 -1.000000 0.000053
vn 0.001443 -0.999999 -0.000460
vn 0.000967 -1.000000 -0.000308
vn 0.000501 -1.000000 0.000057
vn 0.000406 -1.000000 -0.000039
vn -0.000131 -1.000000 -0.000487
vn 0.000967 -1.000000 -0.000308
vn 0.000577 -1.000000 0.000552
vn 0.000908 -0.999999 0.000720
vn 0.001137 -0.999999 0.000074
vn -0.000314 -1.000000 -0.000090
vn 0.000788 -0.999999 -0.001161
vn 0.001137 -0.999999 0.000074
vn -0.000186 -1.000000 -0.000934
vn 0.000216 -1.000000 -0.000264
vn -0.000699 -1.000000 0.000374
vn -0.000744 -1.000000 -0.000721
vn -0.000492 -1.000000 -0.000093
vn -0.000277 -1.000000 0.000959
vn -0.000711 -0.999999 0.001299
vn 0.000216 -1.000000 -0.000264
vn -0.000744 -1.000000 -0.000721
vn 0.000178 -1.000000 -0.000130
vn 0.000216 -1.000000 -0.000264
vn 0.000056 -1.000000 -0.000421
vn -0.000098 -1.000000 0.000569
vn 0.000152 -1.000000 -0.000064
vn 0.000184 -1.000000 -0.000310
vn 0.000290 -1.000000 -0.000786
vn -0.000058 -1.000000 -0.000096
vn 0.000184 -1.000000 -0.000310
vn 0.000511 -1.000000 -0.000237
vn -0.000012 -1.000000 0.000571
vn 0.000061 -1.000000 0.000117
vn -0.000358 -1.000000 0.000660
vn 0.000000 -1.000000 0.000000
vn 0.000000 -1.000000 0.000000
vn -0.000967 -1.000000 -0.000148
vn 0.000112 -1.000000 0.000014
vn 0.000178 -1.000000 -0.000130
vn -0.000955 -0.999999 -0.000508
vn -0.000498 -1.000000 0.000623
vn 0.000573 -1.000000 0.000728
vn -0.000073 -0.999999 0.001500
vn 0.000056 -1.000000 -0.000421
vn -0.000103 -1.000000 0.000108
vn -0.000098 -1.000000 0.000569
vn -0.000751 -1.000000 -0.000016
vn -0.000103 -1.000000 0.000108
vn -0.000261 -1.000000 -0.000295
vn -0.000751 -1.000000 -0.000016
vn -0.000261 -1.000000 -0.000295
vn -0.000157 -0.999999 -0.001073
vn -0.000711 -0.999999 0.001299
vn -0.000098 -1.000000 0.000569
vn -0.000751 -1.000000 -0.000016
vn -0.000157 -0.999999 -0.001073
vn -0.000080 -1.000000 -0.000138
vn 0.000115 -1.000000 -0.000239
vn -0.000351 -1.000000 -0.000288
vn -0.000232 -1.000000 -0.000282
vn -0.000014 -1.000000 -0.000034
vn 0.000000 -1.000000 -0.000035
vn 0.000000 -1.000000 0.000000
vn -0.000014 -1.000000 -0.000034
vn -0.000080 -1.000000 -0.000138
vn -0.000157 -0.999999 -0.001073
vn -0.000261 -1.000000 -0.000295
vn 0.000538 -0.999998 0.001885
vn 0.000758 -1.000000 0.000540
vn 0.000227 -1.000000 -0.000302
vn 0.001733 -0.999998 0.000474
vn -0.000890 -1.000000 -0.000101
vn 0.000349 -0.999999 -0.001609
vn 0.000000 -1.000000 0.000000
vn -0.000597 -0.999999 -0.000962
vn -0.000967 -1.000000 -0.000148
vn 0.000000 -1.000000 0.000000
vn -0.000597 -0.999999 -0.000962
vn 0.000000 -1.000000 0.000000
vn 0.000538 -0.999998 0.001885
vn -0.000012 -1.000000 0.000571
vn -0.000358 -1.000000 0.000660
vn 0.001733 -0.999998 0.000474
vn 0.000538 -0.999998 0.001885
vn -0.000890 -1.000000 -0.000101
vn 0.000112 -1.000000 0.000014
vn -0.000191 -1.000000 0.000291
vn 0.000225 -1.000000 -0.000206
vn -0.000191 -1.000000 0.000291
vn -0.000107 -1.000000 0.000048
vn 0.000225 -1.000000 -0.000206
vn -0.000955 -0.999999 -0.000508
vn 0.000178 -1.000000 -0.000130
vn -0.000744 -1.000000 -0.000721
vn 0.000225 -1.000000 -0.000206
vn 0.000178 -1.000000 -0.000130
vn 0.000112 -1.000000 0.000014
vn -0.000186 -1.000000 -0.000934
vn -0.000955 -0.999999 -0.000508
vn -0.000744 -1.000000 -0.000721
vn -0.000183 -1.000000 0.000504
vn -0.000854 -1.000000 -0.000420
vn -0.000498 -1.000000 0.000623
vn -0.000157 -0.999999 -0.001073
vn 0.000115 -1.000000 -0.000239
vn -0.000232 -1.000000 -0.000282
vn -0.000014 -1.000000 -0.000034
vn -0.000232 -1.000000 -0.000282
vn 0.000115 -1.000000 -0.000239
vn -0.000054 -1.000000 -0.000141
vn -0.000080 -1.000000 -0.000138
vn -0.000261 -1.000000 -0.000295
vn -0.000031 -1.000000 -0.000194
vn 0.000115 -1.000000 -0.000239
vn -0.000080 -1.000000 -0.000138
vn 0.001543 -0.999998 -0.001207
vn -0.000036 -1.000000 -0.000034
vn -0.000006 -1.000000 -0.000021
vn -0.000527 -1.000000 0.000700
vn -0.000141 -1.000000 0.000035
vn -0.000489 -1.000000 -0.000085
vn -0.000191 -1.000000 0.000291
vn 0.000112 -1.000000 0.000014
vn 0.000163 -1.000000 -0.000038
vn 0.000380 -1.000000 -0.000311
vn 0.000056 -1.000000 -0.000421
vn -0.000107 -1.000000 0.000048
vn -0.000854 -1.000000 -0.000420
vn 0.000112 -1.000000 0.000014
vn -0.000955 -0.999999 -0.000508
vn -0.000183 -1.000000 0.000504
vn 0.000163 -1.000000 -0.000038
vn -0.000854 -1.000000 -0.000420
vn 0.000415 -1.000000 -0.000384
vn -0.000146 -1.000000 -0.000542
vn -0.000232 -1.000000 0.000020
vn -0.000157 -0.999999 -0.001073
vn -0.000146 -1.000000 -0.000542
vn 0.000518 -1.000000 -0.000831
vn 0.000000 -1.000000 -0.000035
vn -0.000014 -1.000000 -0.000034
vn 0.000115 -1.000000 -0.000239
vn -0.000351 -1.000000 -0.000288
vn -0.000014 -1.000000 -0.000034
vn -0.000050 -1.000000 -0.000051
vn -0.000351 -1.000000 -0.000288
vn -0.000050 -1.000000 -0.000051
vn 0.000001 -1.000000 -0.000049
vn -0.000232 -1.000000 0.000020
vn -0.000232 -1.000000 -0.000282
vn -0.000351 -1.000000 -0.000288
vn -0.000967 -1.000000 -0.000148
vn -0.000597 -0.999999 -0.000962
vn -0.000890 -1.000000 -0.000101
vn -0.000597 -0.999999 -0.000962
vn 0.000000 -1.000000 0.000000
vn 0.000000 -1.000000 0.000000
vn 0.000151 -1.000000 -0.000330
vn 0.000674 -1.000000 -0.000731
vn -0.000357 -1.000000 -0.000653
vn 0.000000 -1.000000 0.000000
vn 0.000000 -1.000000 0.000000
vn -0.000077 -1.000000 -0.000013
vn 0.000000 -1.000000 0.000000
vn 0.000000 -1.000000 0.000000
vn 0.000000 -1.000000 0.000000
vn -0.000357 -1.000000 -0.000653
vn -0.000077 -1.000000 -0.000013
vn -0.000036 -1.000000 -0.000034
vn -0.000183 -1.000000 0.000504
vn 0.000360 -0.999998 0.001874
vn -0.002749 -0.996931 0.078234
vn 0.000678 -1.000000 0.000491
vn 0.000163 -1.000000 -0.000038
vn -0.000183 -1.000000 0.000504
vn 0.000538 -0.999998 0.001885
vn -0.000358 -1.000000 0.000660
vn -0.000890 -1.000000 -0.000101
vn -0.000967 -1.000000 -0.000148
vn 0.000000 -1.000000 0.000000
vn 0.000000 -1.000000 0.000000
vn 0.000000 -1.000000 0.000000
vn -0.000358 -1.000000 0.000660
vn 0.000061 -1.000000 0.000117
vn -0.000358 -1.000000 0.000660
vn -0.000967 -1.000000 -0.000148
vn -0.000890 -1.000000 -0.000101
vn 0.000000 -1.000000 0.000000
vn 0.000000 -1.000000 0.000000
vn 0.000000 -1.000000 0.000000
vn -0.000141 -1.000000 0.000035
vn 0.000000 -1.000000 0.000000
vn 0.000000 -1.000000 0.000000
vn -0.000357 -1.000000 -0.000653
vn -0.000036 -1.000000 -0.000034
vn 0.000151 -1.000000 -0.000330
vn -0.000006 -1.000000 -0.000021
vn -0.000036 -1.000000 -0.000034
vn -0.000077 -1.000000 -0.000013
vn 0.000112 -1.000000 0.000014
vn -0.000854 -1.000000 -0.000420
vn 0.000163 -1.000000 -0.000038
vn -0.000498 -1.000000 0.000623
vn -0.000955 -0.999999 -0.000508
vn 0.000573 -1.000000 0.000728
vn -0.000597 -0.999999 -0.000962
vn 0.000000 -1.000000 0.000000
vn 0.000349 -0.999999 -0.001609
vn 0.000406 -1.000000 -0.000039
vn 0.000000 -1.000000 0.000000
vn 0.000000 -1.000000 0.000000
vn 0.000000 -1.000000 0.000000
vn 0.000000 -1.000000 0.000000
vn 0.000000 -1.000000 0.000000
vn 0.000000 -1.000000 0.000000
vn 0.000000 -1.000000 0.000000
vn 0.000000 -1.000000 0.000000
vn -0.000489 -1.000000 -0.000085
vn -0.000357 -1.000000 -0.000653
vn -0.000756 -1.000000 -0.000005
vn 0.000000 -1.000000 0.000000
vn 0.000000 -1.000000 0.000000
vn 0.000000 -1.000000 0.000000
vn 0.022494 0.992491 0.120235
vn -0.249314 0.193464 0.948902
vn 0.036028 0.998861 0.031286
vn -0.059117 -0.948058 0.312557
vn -0.249314 0.193464 0.948902
vn -0.126361 -0.792129 0.597130
vn -0.000232 -1.000000 0.000020
vn 0.000492 -1.000000 0.000045
vn 0.000415 -1.000000 -0.000384
vn 0.000101 -1.000000 -0.000054
vn 0.000492 -1.000000 0.000045
vn 0.000753 -1.000000 0.000021
vn 0.000001 -1.000000 -0.000023
vn 0.000101 -1.000000 -0.000054
vn 0.000000 -1.000000 0.000000
vn 0.000492 -1.000000 0.000045
vn 0.000101 -1.000000 -0.000054
vn 0.000222 -1.000000 0.000004
vn 0.000000 -1.000000 0.000000
vn 0.000001 -1.000000 -0.000023
vn 0.000000 -1.000000 0.000000
vn -0.000058 -1.000000 -0.000096
vn 0.000001 -1.000000 -0.000023
vn 0.000003 -1.000000 -0.000117
vn 0.000492 -1.000000 0.000045
vn 0.000184 -1.000000 -0.000363
vn 0.000753 -1.000000 0.000021
vn -0.000351 -1.000000 -0.000288
vn 0.000184 -1.000000 -0.000363
vn -0.000232 -1.000000 0.000020
vn 0.000000 -1.000000 0.000000
vn 0.000000 -1.000000 0.000000
vn -0.000060 -1.000000 0.000152
vn -0.000014 -1.000000 -0.000034
vn 0.000000 -1.000000 0.000000
vn -0.000050 -1.000000 -0.000051
vn 0.000000 -1.000000 0.000000
vn 0.000000 -1.000000 0.000000
vn 0.000237 -1.000000 0.000311
vn 0.000000 -1.000000 0.000000
vn 0.000000 -1.000000 0.000000
vn -0.000050 -1.000000 -0.000051
vn 0.000026 -0.999998 -0.001958
vn 0.002252 -0.999997 -0.001225
vn 0.002769 -0.999995 -0.001546
vn 0.000000 -1.000000 0.000000
vn -0.001676 -0.999998 -0.001511
vn -0.000224 -1.000000 -0.000025
vn -0.000211 -1.000000 0.000243
vn -0.000624 -1.000000 -0.000356
vn -0.000199 -1.000000 0.000072
vn 0.000626 -1.000000 0.000198
vn 0.000256 -1.000000 -0.000443
vn 0.000066 -1.000000 0.000087
vn 0.000321 -1.000000 0.000362
vn -0.000015 -1.000000 0.000364
vn -0.000420 -1.000000 0.000641
vn 0.000174 -1.000000 -0.000025
vn 0.000321 -1.000000 0.000362
vn 0.000071 -1.000000 0.000213
vn -0.000305 -1.000000 0.000525
vn 0.000775 -0.999998 0.002069
vn 0.000066 -1.000000 0.000087
vn 0.000761 -1.000000 0.000260
vn 0.000626 -1.000000 0.000198
vn 0.002557 -0.999996 0.000813
vn 0.002252 -0.999997 -0.001225
vn 0.000761 -1.000000 0.000260
vn 0.002557 -0.999996 0.000813
vn 0.000000 -1.000000 0.000000
vn 0.000234 -1.000000 0.000074
vn 0.000026 -0.999998 -0.001958
vn 0.000000 -1.000000 0.000000
vn 0.000000 -1.000000 0.000000
vn 0.000000 -1.000000 0.000000
vn -0.000028 -1.000000 -0.000022
vn 0.000000 -1.000000 0.000000
vn 0.000000 -1.000000 0.000000
vn 0.000000 -1.000000 0.000000
vn 0.000000 -1.000000 0.000000
vn 0.000000 -1.000000 0.000000
vn -0.000710 -0.999991 -0.004267
vn -0.002337 -0.999997 0.000536
vn -0.001676 -0.999998 -0.001511
vn 0.000000 -1.000000 0.000000
vn 0.000000 -1.000000 0.000000
vn 0.000000 -1.000000 0.000000
vn 0.000000 -1.000000 0.000000
vn 0.000000 -1.000000 0.000000
vn 0.000000 -1.000000 0.000000
vn -0.000710 -0.999991 -0.004267
vn 0.000000 -1.000000 0.000000
vn 0.000000 -1.000000 0.000000
vn 0.000000 -1.000000 0.000000
vn 0.000000 -1.000000 0.000000
vn 0.000000 -1.000000 0.000000
vn -0.000247 -1.000000 -0.000175
vn -0.000229 -1.000000 -0.000211
vn -0.000313 -1.000000 0.000172
vn -0.000117 -1.000000 -0.000038
vn -0.000031 -1.000000 0.000008
vn -0.000247 -1.000000 -0.000175
vn 0.005635 -0.999941 -0.009301
vn -0.000365 -1.000000 -0.000622
vn -0.000152 -1.000000 0.000747
vn 0.104330 -0.949959 -0.294437
vn 0.005635 -0.999941 -0.009301
vn 0.144556 -0.922911 -0.356847
vn 0.080597 -0.981017 -0.176382
vn 0.104330 -0.949959 -0.294437
vn 0.343205 -0.175273 -0.922762
vn 0.005635 -0.999941 -0.009301
vn 0.104330 -0.949959 -0.294437
vn 0.000587 -0.999994 -0.003528
vn 0.278842 -0.183993 -0.942546
vn 0.080597 -0.981017 -0.176382
vn 0.343205 -0.175273 -0.922762
vn 0.000340 -1.000000 -0.000344
vn 0.007957 -0.995448 -0.094975
vn -0.000427 -0.999999 -0.001131
vn 0.000844 -1.000000 -0.000271
vn 0.000340 -1.000000 -0.000344
vn 0.000535 -0.999999 0.001651
vn 0.000844 -1.000000 -0.000271
vn 0.000554 -1.000000 0.000578
vn 0.000057 -1.000000 -0.000744
vn 0.005635 -0.999941 -0.009301
vn 0.122860 -0.969953 -0.209993
vn 0.144556 -0.922911 -0.356847
vn 0.056036 -0.988582 -0.139877
vn 0.122860 -0.969953 -0.209993
vn 0.000581 -1.000000 -0.000026
vn 0.056036 -0.988582 -0.139877
vn 0.025616 -0.998118 -0.055726
vn 0.273623 -0.763347 -0.585178
vn 0.122860 -0.969953 -0.209993
vn 0.056036 -0.988582 -0.139877
vn 0.295977 -0.596833 -0.745780
vn 0.349634 -0.213547 -0.912225
vn 0.196857 0.979396 -0.045065
vn 0.273623 -0.763347 -0.585178
vn 0.394088 -0.037349 -0.918314
vn 0.196857 0.979396 -0.045065
vn -0.106148 0.993436 0.042643
vn 0.025490 -0.998012 -0.057636
vn 0.088799 -0.984366 -0.152114
vn 0.363803 -0.305872 -0.879824
vn 0.026755 -0.996572 -0.078284
vn 0.437774 -0.258552 -0.861107
vn 0.088799 -0.984366 -0.152114
vn 0.012861 -0.999839 -0.012499
vn 0.000558 -0.999999 0.001603
vn -0.000427 -0.999999 -0.001131
vn 0.127528 -0.945775 -0.298743
vn 0.026755 -0.996572 -0.078284
vn 0.012861 -0.999839 -0.012499
vn 0.000535 -0.999999 0.001651
vn -0.000427 -0.999999 -0.001131
vn 0.000558 -0.999999 0.001603
vn 0.000844 -1.000000 -0.000271
vn 0.000643 -1.000000 -0.000245
vn 0.000340 -1.000000 -0.000344
vn -0.001197 -0.999999 -0.001168
vn -0.000475 -0.999999 0.001277
vn 0.000617 -1.000000 -0.000158
vn -0.000475 -0.999999 0.001277
vn 0.002524 -0.999997 0.000318
vn 0.000535 -0.999999 0.001651
vn 0.040792 -0.998131 -0.045515
vn 0.008778 -0.999958 -0.002542
vn 0.030062 -0.999464 0.012930
vn -0.000217 -1.000000 0.000007
vn 0.000086 -1.000000 -0.000195
vn -0.000147 -1.000000 -0.000506
vn 0.000086 -1.000000 -0.000195
vn -0.000091 -1.000000 -0.000096
vn 0.000113 -1.000000 -0.000214
vn 0.000554 -1.000000 0.000578
vn 0.002524 -0.999997 0.000318
vn 0.000608 -0.999999 0.001083
vn 0.000617 -1.000000 -0.000158
vn -0.000475 -0.999999 0.001277
vn 0.000558 -0.999999 0.001603
vn 0.002524 -0.999997 0.000318
vn -0.000475 -0.999999 0.001277
vn 0.000270 -0.999998 -0.002189
vn 0.004774 -0.999989 0.000460
vn 0.000617 -1.000000 -0.000158
vn 0.000558 -0.999999 0.001603
vn 0.000617 -1.000000 -0.000158
vn -0.000053 -0.999998 -0.001867
vn -0.001197 -0.999999 -0.001168
vn -0.126361 -0.792129 0.597130
vn -0.013852 -0.998223 0.057956
vn -0.059117 -0.948058 0.312557
vn -0.017213 -0.999596 0.022616
vn -0.059117 -0.948058 0.312557
vn -0.013852 -0.998223 0.057956
vn -0.096397 -0.981756 0.163899
vn -0.017213 -0.999596 0.022616
vn 0.000000 -1.000000 0.000000
vn -0.001302 -0.999985 0.005264
vn 0.000794 -0.987466 0.157828
vn -0.005636 -0.997633 0.068536
vn -0.000019 -1.000000 0.000084
vn 0.000590 -1.000000 0.000480
vn 0.000263 -1.000000 -0.000426
vn -0.001302 -0.999985 0.005264
vn -0.000141 -1.000000 0.000035
vn -0.000019 -1.000000 0.000084
vn 0.000000 -1.000000 0.000000
vn 0.000000 -1.000000 0.000000
vn 0.000000 -1.000000 0.000000
vn -0.000141 -1.000000 0.000035
vn -0.001302 -0.999985 0.005264
vn 0.000000 -1.000000 0.000000
vn -0.001302 -0.999985 0.005264
vn -0.005636 -0.997633 0.068536
vn 0.000000 -1.000000 0.000000
vn -0.005636 -0.997633 0.068536
vn -0.096397 -0.981756 0.163899
vn 0.000000 -1.000000 0.000000
vn -0.017213 -0.999596 0.022616
vn -0.000638 -1.000000 0.000187
vn 0.000000 -1.000000 0.000000
vn 0.000000 -1.000000 0.000000
vn 0.000000 -1.000000 0.000000
vn 0.000000 -1.000000 0.000000
vn -0.000638 -1.000000 0.000187
vn 0.000000 -1.000000 0.000000
vn 0.000000 -1.000000 0.000000
vn 0.000000 -1.000000 0.000000
vn 0.000000 -1.000000 0.000000
vn 0.000000 -1.000000 0.000000
vn 0.000000 -1.000000 0.000000
vn 0.000000 -1.000000 0.000000
vn 0.000000 -1.000000 0.000000
vn 0.000000 -1.000000 0.000000
vn -0.000489 -1.000000 -0.000085
vn 0.000000 -1.000000 0.000000
vn 0.000000 -1.000000 0.000000
vn 0.000000 -1.000000 0.000000
vn 0.000000 -1.000000 0.000000
vn -0.000489 -1.000000 -0.000085
vn 0.000000 -1.000000 0.000000
vn 0.000000 -1.000000 0.000000
vn -0.000357 -1.000000 -0.000653
vn -0.000489 -1.000000 -0.000085
vn 0.000000 -1.000000 0.000000
vn -0.000489 -1.000000 -0.000085
vn -0.000756 -1.000000 -0.000005
vn -0.000527 -1.000000 0.000700
vn 0.000071 -1.000000 0.000213
vn 0.000591 -1.000000 -0.000034
vn 0.000086 -1.000000 -0.000363
vn -0.000475 -1.000000 -0.000228
vn -0.000305 -1.000000 0.000525
vn -0.000427 -1.000000 0.000618
vn 0.000591 -1.000000 -0.000034
vn 0.000192 -1.000000 -0.000453
vn 0.000370 -1.000000 -0.000315
vn 0.000071 -1.000000 0.000213
vn 0.000086 -1.000000 -0.000363
vn 0.000174 -1.000000 -0.000025
vn -0.000656 -1.000000 0.000665
vn -0.000126 -1.000000 0.000746
vn 0.000107 -1.000000 0.000197
vn 0.000370 -1.000000 -0.000315
vn 0.000107 -1.000000 0.000197
vn 0.000591 -1.000000 -0.000034
vn 0.000174 -1.000000 -0.000025
vn 0.000086 -1.000000 -0.000363
vn -0.000475 -1.000000 -0.000228
vn -0.000015 -1.000000 0.000364
vn 0.000174 -1.000000 -0.000025
vn -0.000427 -1.000000 0.000618
vn -0.000828 -0.999999 -0.000900
vn -0.000152 -1.000000 0.000747
vn -0.000365 -1.000000 -0.000622
vn -0.000191 -1.000000 0.000841
vn -0.000224 -1.000000 -0.000025
vn -0.003754 -0.999991 0.002044
vn 0.000086 -1.000000 -0.000363
vn 0.000424 -1.000000 -0.000320
vn 0.000476 -1.000000 -0.000197
vn 0.000775 -0.999998 0.002069
vn 0.002769 -0.999995 -0.001546
vn 0.002557 -0.999996 0.000813
vn -0.000420 -1.000000 0.000641
vn -0.000015 -1.000000 0.000364
vn -0.000211 -1.000000 0.000243
vn 0.000321 -1.000000 0.000362
vn 0.000174 -1.000000 -0.000025
vn -0.000015 -1.000000 0.000364
vn 0.002511 -0.999992 -0.003238
vn -0.000290 -1.000000 -0.000134
vn 0.000370 -1.000000 -0.000315
vn 0.000107 -1.000000 0.000197
vn -0.000126 -1.000000 0.000746
vn 0.000183 -1.000000 -0.000461
vn 0.068757 -0.994960 0.072991
vn 0.037040 -0.998926 -0.027849
vn 0.053256 -0.996590 0.063025
vn -0.051521 -0.997835 -0.040874
vn -0.008896 -0.999589 0.027259
vn 0.075619 -0.986845 0.142896
vn -0.008896 -0.999589 0.027259
vn 0.068757 -0.994960 0.072991
vn 0.075619 -0.986845 0.142896
vn 0.000613 -1.000000 -0.000666
vn 0.068757 -0.994960 0.072991
vn 0.053256 -0.996590 0.063025
vn 0.000408 -1.000000 0.000094
vn 0.008778 -0.999958 -0.002542
vn 0.000077 -1.000000 -0.000052
vn 0.040792 -0.998131 -0.045515
vn 0.009113 -0.999798 -0.017934
vn 0.008778 -0.999958 -0.002542
vn 0.009113 -0.999798 -0.017934
vn -0.004148 -0.997617 -0.068873
vn 0.003758 -0.999967 -0.007283
vn 0.121109 -0.991725 0.042600
vn -0.069661 -0.996599 -0.044016
vn 0.050783 -0.998681 0.007634
vn -0.000313 -1.000000 0.000172
vn -0.000229 -1.000000 -0.000211
vn -0.000310 -1.000000 -0.000542
vn -0.000149 -1.000000 -0.000046
vn -0.000088 -1.000000 0.000078
vn -0.000313 -1.000000 0.000172
vn -0.000313 -1.000000 0.000172
vn 0.000097 -1.000000 0.000442
vn -0.000149 -1.000000 -0.000046
vn 0.000408 -1.000000 0.000094
vn 0.000097 -1.000000 0.000442
vn 0.000235 -1.000000 0.000071
vn -0.002006 -0.999997 -0.001216
vn 0.071889 -0.996968 -0.029783
vn 0.002197 -0.999977 0.006402
vn 0.000524 -0.999994 -0.003512
vn -0.000053 -0.999998 -0.001867
vn 0.000617 -1.000000 -0.000158
vn -0.065151 -0.997473 -0.028337
vn -0.065202 -0.995541 -0.068171
vn -0.002994 -0.999108 -0.042117
vn -0.024542 -0.997189 -0.070796
vn -0.065202 -0.995541 -0.068171
vn 0.077609 -0.996291 0.037172
vn -0.120849 -0.983918 -0.131534
vn -0.065151 -0.997473 -0.028337
vn -0.002994 -0.999108 -0.042117
vn -0.065151 -0.997473 -0.028337
vn -0.008812 -0.999647 0.025056
vn -0.038422 -0.997464 0.059917
vn 0.077609 -0.996291 0.037172
vn 0.121109 -0.991725 0.042600
vn -0.024542 -0.997189 -0.070796
vn -0.024542 -0.997189 -0.070796
vn 0.121109 -0.991725 0.042600
vn -0.004148 -0.997617 -0.068873
vn -0.069661 -0.996599 -0.044016
vn -0.038422 -0.997464 0.059917
vn -0.096840 -0.994515 -0.039518
vn 0.121109 -0.991725 0.042600
vn 0.131610 -0.989431 0.060872
vn -0.004148 -0.997617 -0.068873
vn 0.000000 -1.000000 0.000000
vn 0.000000 -1.000000 0.000000
vn 0.000000 -1.000000 0.000000
vn 0.000000 -1.000000 0.000000
vn 0.000000 -1.000000 0.000000
vn -0.000028 -1.000000 -0.000106
vn -0.005350 -0.999954 0.007984
vn 0.001321 -0.999999 0.001054
vn 0.157485 -0.983274 0.091488
vn 0.000000 -1.000000 0.000000
vn 0.001321 -0.999999 0.001054
vn -0.000398 -0.999959 0.009081
vn 0.001321 -0.999999 0.001054
vn 0.000000 -1.000000 0.000000
vn 0.107838 -0.991948 0.066409
vn 0.000643 -1.000000 -0.000445
vn 0.000000 -1.000000 0.000000
vn 0.000000 -1.000000 0.000000
vn -0.000183 -1.000000 0.000504
vn -0.014373 -0.999661 0.021704
vn 0.000678 -1.000000 0.000491
vn -0.033218 -0.980689 0.192733
vn -0.132234 -0.879473 0.457210
vn -0.014373 -0.999661 0.021704
vn 0.000056 -1.000000 -0.000421
vn 0.000225 -1.000000 -0.000206
vn -0.000107 -1.000000 0.000048
vn 0.000169 -1.000000 -0.000304
vn 0.000136 -1.000000 -0.000137
vn -0.000107 -1.000000 0.000048
vn -0.000191 -1.000000 0.000291
vn 0.000814 -0.999999 -0.000700
vn -0.000107 -1.000000 0.000048
vn -0.000115 -1.000000 -0.000195
vn 0.000169 -1.000000 -0.000304
vn 0.000814 -0.999999 -0.000700
vn 0.000093 -1.000000 -0.000476
vn 0.000349 -1.000000 -0.000131
vn 0.000169 -1.000000 -0.000304
vn -0.000184 -1.000000 -0.000598
vn 0.000136 -1.000000 -0.000137
vn 0.000349 -1.000000 -0.000131
vn -0.000218 -1.000000 -0.000034
vn -0.000007 -1.000000 -0.000011
vn -0.000226 -1.000000 -0.000513
vn -0.000103 -1.000000 0.000108
vn -0.000007 -1.000000 -0.000011
vn -0.000109 -1.000000 -0.000013
vn -0.000107 -1.000000 0.000048
vn 0.000136 -1.000000 -0.000137
vn 0.000380 -1.000000 -0.000311
vn 0.000349 -1.000000 -0.000131
vn 0.000136 -1.000000 -0.000137
vn 0.000169 -1.000000 -0.000304
vn -0.059117 -0.948058 0.312557
vn -0.017213 -0.999596 0.022616
vn -0.096397 -0.981756 0.163899
vn -0.000638 -1.000000 0.000187
vn -0.017213 -0.999596 0.022616
vn -0.013852 -0.998223 0.057956
vn -0.000073 -0.999999 0.001500
vn -0.000487 -1.000000 0.000248
vn -0.001979 -0.999980 0.005993
vn -0.000498 -1.000000 0.000623
vn -0.000073 -0.999999 0.001500
vn 0.000360 -0.999998 0.001874
vn -0.000420 -1.000000 0.000140
vn 0.000788 -0.999999 -0.001161
vn 0.000051 -1.000000 -0.000010
vn 0.001137 -0.999999 0.000074
vn 0.000788 -0.999999 -0.001161
vn -0.000050 -1.000000 -0.000034
vn 0.000908 -0.999999 0.000720
vn 0.000573 -1.000000 0.000728
vn 0.000255 -1.000000 0.000805
vn -0.000955 -0.999999 -0.000508
vn 0.000255 -1.000000 0.000805
vn 0.000573 -1.000000 0.000728
vn -0.000131 -1.000000 -0.000487
vn -0.000114 -1.000000 -0.000067
vn 0.000505 -1.000000 -0.000565
vn 0.000366 -1.000000 0.000053
vn 0.000505 -1.000000 -0.000565
vn -0.000114 -1.000000 -0.000067
vn -0.000277 -1.000000 0.000959
vn -0.000492 -1.000000 -0.000093
vn 0.000518 -1.000000 -0.000831
vn -0.000751 -1.000000 -0.000016
vn -0.000492 -1.000000 -0.000093
vn -0.000711 -0.999999 0.001299
vn 0.000000 -1.000000 0.000000
vn -0.000006 -1.000000 -0.000021
vn 0.000000 -1.000000 0.000000
vn 0.000000 -1.000000 0.000000
vn -0.000006 -1.000000 -0.000021
vn -0.000077 -1.000000 -0.000013
vn 0.000000 -1.000000 0.000000
vn 0.000000 -1.000000 0.000000
vn 0.000000 -1.000000 0.000000
vn -0.000006 -1.000000 -0.000021
vn 0.000000 -1.000000 0.000000
vn 0.000000 -1.000000 0.000000
vn -0.000183 -1.000000 0.000504
vn -0.000498 -1.000000 0.000623
vn 0.000360 -0.999998 0.001874
vn -0.000955 -0.999999 -0.000508
vn -0.000498 -1.000000 0.000623
vn -0.000854 -1.000000 -0.000420
vn 0.000000 -1.000000 0.000000
vn 0.000000 -1.000000 0.000000
vn 0.000000 -1.000000 0.000000
vn -0.000357 -1.000000 -0.000653
vn 0.000000 -1.000000 0.000000
vn -0.000077 -1.000000 -0.000013
vn 0.000001 -1.000000 -0.000049
vn -0.000076 -1.000000 -0.000361
vn -0.000351 -1.000000 -0.000288
vn 0.000000 -1.000000 0.000000
vn 0.000000 -1.000000 0.000000
vn 0.000001 -1.000000 -0.000049
vn 0.002557 -0.999996 0.000813
vn 0.000626 -1.000000 0.000198
vn 0.000775 -0.999998 0.002069
vn 0.002157 -0.999974 0.006861
vn -0.002337 -0.999997 0.000536
vn 0.002769 -0.999995 -0.001546
vn -0.000029 -1.000000 0.000057
vn -0.000199 -1.000000 0.000072
vn -0.000624 -1.000000 -0.000356
vn -0.000420 -1.000000 0.000641
vn -0.000211 -1.000000 0.000243
vn -0.000199 -1.000000 0.000072
vn 0.002769 -0.999995 -0.001546
vn 0.002252 -0.999997 -0.001225
vn 0.002557 -0.999996 0.000813
vn 0.000026 -0.999998 -0.001958
vn 0.000234 -1.000000 0.000074
vn 0.002252 -0.999997 -0.001225
vn -0.001676 -0.999998 -0.001511
vn -0.003754 -0.999991 0.002044
vn -0.000224 -1.000000 -0.000025
vn 0.000000 -1.000000 0.000000
vn -0.001676 -0.999998 -0.001511
vn 0.000000 -1.000000 0.000000
vn -0.000597 -1.000000 0.000588
vn -0.000569 -0.999993 0.003631
vn 0.000506 -1.000000 0.000182
vn 0.000081 -1.000000 0.000993
vn -0.000224 -1.000000 -0.000025
vn -0.000191 -1.000000 0.000841
vn 0.000340 -1.000000 -0.000344
vn 0.000643 -1.000000 -0.000245
vn 0.000587 -0.999994 -0.003528
vn 0.000544 -1.000000 0.000194
vn 0.000066 -1.000000 -0.000372
vn 0.000057 -1.000000 -0.000744
vn 0.080597 -0.981017 -0.176382
vn 0.000340 -1.000000 -0.000344
vn 0.000587 -0.999994 -0.003528
vn 0.000340 -1.000000 -0.000344
vn -0.000427 -0.999999 -0.001131
vn 0.000535 -0.999999 0.001651
vn 0.025616 -0.998118 -0.055726
vn -0.000379 -0.999996 -0.002838
vn -0.002576 -0.999995 -0.001746
vn 0.053164 -0.974439 -0.218273
vn 0.273623 -0.763347 -0.585178
vn 0.025616 -0.998118 -0.055726
vn -0.053371 0.984569 -0.166660
vn 0.394088 -0.037349 -0.918314
vn -0.106148 0.993436 0.042643
vn 0.056036 -0.988582 -0.139877
vn 0.394088 -0.037349 -0.918314
vn 0.295977 -0.596833 -0.745780
vn -0.000049 -1.000000 -0.000133
vn -0.000310 -1.000000 -0.000542
vn 0.000143 -1.000000 -0.000067
vn -0.000475 -0.999999 0.001277
vn -0.001197 -0.999999 -0.001168
vn 0.000270 -0.999998 -0.002189
vn 0.012861 -0.999839 -0.012499
vn 0.004774 -0.999989 0.000460
vn 0.000558 -0.999999 0.001603
vn 0.088799 -0.984366 -0.152114
vn -0.002527 -0.999997 -0.000034
vn 0.026755 -0.996572 -0.078284
vn -0.000053 -0.999998 -0.001867
vn 0.000524 -0.999994 -0.003512
vn -0.002006 -0.999997 -0.001216
vn 0.000617 -1.000000 -0.000158
vn 0.004774 -0.999989 0.000460
vn 0.000524 -0.999994 -0.003512
vn 0.000024 -1.000000 -0.000026
vn 0.000189 -1.000000 -0.000193
vn -0.000053 -0.999998 -0.001867
vn -0.000217 -1.000000 0.000007
vn 0.000143 -1.000000 -0.000067
vn 0.000086 -1.000000 -0.000195
vn 0.116250 -0.991403 0.060049
vn -0.016382 -0.999296 -0.033756
vn 0.100547 -0.993456 0.054178
vn 0.000496 -0.999999 -0.001260
vn -0.001182 -0.999999 -0.000790
vn -0.000247 -1.000000 -0.000476
vn 0.000270 -0.999998 -0.002189
vn -0.001197 -0.999999 -0.001168
vn -0.000247 -1.000000 -0.000476
vn -0.000247 -1.000000 -0.000476
vn -0.001197 -0.999999 -0.001168
vn 0.000189 -1.000000 -0.000193
vn -0.000053 -0.999998 -0.001867
vn -0.002006 -0.999997 -0.001216
vn 0.000024 -1.000000 -0.000026
vn -0.000247 -1.000000 -0.000476
vn 0.000189 -1.000000 -0.000193
vn 0.000496 -0.999999 -0.001260
vn 0.047206 -0.997154 0.058779
vn 0.000024 -1.000000 -0.000026
vn 0.006152 -0.999976 0.003275
vn 0.000496 -0.999999 -0.001260
vn 0.000189 -1.000000 -0.000193
vn 0.000024 -1.000000 -0.000026
vn 0.133050 -0.982281 0.131991
vn 0.047206 -0.997154 0.058779
vn 0.006152 -0.999976 0.003275
vn 0.116250 -0.991403 0.060049
vn 0.100547 -0.993456 0.054178
vn 0.056692 -0.998176 0.020774
vn 0.000000 -1.000000 0.000000
vn 0.000000 -1.000000 0.000000
vn 0.000000 -1.000000 0.000000
vn -0.005636 -0.997633 0.068536
vn 0.000000 -1.000000 0.000000
vn 0.000000 -1.000000 0.000000
vn 0.000643 -1.000000 -0.000245
vn 0.000066 -1.000000 -0.000372
vn -0.000365 -1.000000 -0.000622
vn -0.000656 -1.000000 0.000665
vn -0.002576 -0.999995 -0.001746
vn 0.000665 -0.999999 0.001434
vn 0.000066 -1.000000 0.000087
vn -0.000211 -1.000000 0.000243
vn -0.000427 -1.000000 0.000618
vn -0.000427 -1.000000 0.000618
vn -0.000211 -1.000000 0.000243
vn -0.000015 -1.000000 0.000364
vn -0.000520 -0.999999 -0.001063
vn 0.000214 -1.000000 0.000510
vn -0.000828 -0.999999 -0.000900
vn -0.000569 -0.999993 0.003631
vn -0.003754 -0.999991 0.002044
vn -0.002337 -0.999997 0.000536
vn -0.000457 -0.999982 -0.005939
vn -0.000290 -1.000000 -0.000134
vn 0.002511 -0.999992 -0.003238
vn -0.000457 -0.999982 -0.005939
vn 0.006297 -0.999925 -0.010500
vn 0.081244 -0.972929 -0.216353
vn 0.008778 -0.999958 -0.002542
vn 0.009113 -0.999798 -0.017934
vn 0.000077 -1.000000 -0.000052
vn -0.004148 -0.997617 -0.068873
vn 0.009113 -0.999798 -0.017934
vn 0.040792 -0.998131 -0.045515
vn -0.000049 -1.000000 -0.000133
vn 0.008778 -0.999958 -0.002542
vn 0.000408 -1.000000 0.000094
vn 0.056692 -0.998176 0.020774
vn 0.100547 -0.993456 0.054178
vn 0.000496 -0.999999 -0.001260
vn 0.000408 -1.000000 0.000094
vn 0.000235 -1.000000 0.000071
vn -0.000049 -1.000000 -0.000133
vn 0.000235 -1.000000 0.000071
vn -0.000313 -1.000000 0.000172
vn -0.000310 -1.000000 -0.000542
vn -0.000049 -1.000000 -0.000133
vn -0.002026 -0.999998 0.000801
vn 0.008778 -0.999958 -0.002542
vn -0.000247 -1.000000 -0.000476
vn -0.001182 -0.999999 -0.000790
vn -0.000888 -1.000000 0.000104
vn -0.004148 -0.997617 -0.068873
vn 0.078938 -0.996831 0.009879
vn 0.003758 -0.999967 -0.007283
vn 0.078938 -0.996831 0.009879
vn 0.131610 -0.989431 0.060872
vn 0.050783 -0.998681 0.007634
vn 0.000000 -1.000000 0.000000
vn 0.000000 -1.000000 0.000000
vn 0.000000 -1.000000 0.000000
vn 0.000000 -1.000000 0.000000
vn 0.000000 -1.000000 0.000000
vn 0.000000 -1.000000 0.000000
vn 0.000000 -1.000000 0.000000
vn 0.000220 -1.000000 -0.000864
vn 0.000000 -1.000000 0.000000
vn 0.000000 -1.000000 0.000000
vn 0.000000 -1.000000 0.000000
vn 0.000000 -1.000000 0.000000
vn 0.000000 -1.000000 0.000000
vn 0.000000 -1.000000 0.000000
vn 0.000000 -1.000000 0.000000
vn 0.000000 -1.000000 0.000000
vn 0.000000 -1.000000 0.000000
vn 0.000000 -1.000000 0.000000
vn 0.000000 -1.000000 0.000000
vn 0.000000 -1.000000 0.000000
vn -0.000323 -1.000000 0.000227
vn 0.000000 -1.000000 0.000000
vn 0.000000 -1.000000 0.000000
vn 0.000000 -1.000000 0.000000
vn 0.000000 -1.000000 0.000000
vn 0.000000 -1.000000 0.000000
vn 0.000000 -1.000000 0.000000
vn 0.000000 -1.000000 0.000000
vn 0.000000 -1.000000 0.000000
vn 0.000000 -1.000000 0.000000
vn 0.000000 -1.000000 0.000000
vn 0.000000 -1.000000 0.000000
vn 0.000000 -1.000000 0.000000
vn 0.000000 -1.000000 0.000000
vn 0.000000 -1.000000 0.000000
vn 0.000000 -1.000000 0.000000
vn 0.000000 -1.000000 0.000052
vn 0.000048 -1.000000 0.000047
vn 0.000000 -1.000000 0.000000
vn 0.000000 -1.000000 0.000000
vn 0.000000 -1.000000 0.000000
vn 0.000000 -1.000000 0.000000
vn 0.000000 -1.000000 0.000000
vn 0.000000 -1.000000 0.000000
vn 0.000000 -1.000000 0.000000
vn 0.000000 -1.000000 0.000000
vn 0.000000 -1.000000 0.000000
vn 0.000000 -1.000000 0.000000
vn -0.000106 -1.000000 -0.000100
vn 0.000077 -1.000000 0.000004
vn 0.000056 -1.000000 -0.000056
vn 0.000000 -1.000000 0.000000
vn 0.000077 -1.000000 0.000004
vn -0.000106 -1.000000 -0.000100
vn 0.000000 -1.000000 0.000000
vn 0.000000 -1.000000 0.000000
vn 0.000000 -1.000000 0.000000
vn 0.000048 -1.000000 0.000047
vn 0.000000 -1.000000 0.000000
vn 0.000000 -1.000000 0.000000
vn 0.000000 -1.000000 0.000000
vn 0.000077 -1.000000 0.000004
vn 0.000000 -1.000000 0.000000
vn 0.000056 -1.000000 -0.000056
vn 0.000077 -1.000000 0.000004
vn 0.000048 -1.000000 0.000047
vn -0.000305 -1.000000 0.000525
vn 0.000476 -1.000000 -0.000197
vn 0.000506 -1.000000 0.000182
vn -0.000597 -1.000000 0.000588
vn 0.000506 -1.000000 0.000182
vn -0.000281 -1.000000 -0.000086
vn 0.000066 -1.000000 0.000087
vn 0.000775 -0.999998 0.002069
vn 0.000626 -1.000000 0.000198
vn 0.000775 -0.999998 0.002069
vn 0.000381 -0.999999 0.001107
vn 0.002157 -0.999974 0.006861
vn 0.000000 -1.000000 0.000000
vn 0.000000 -1.000000 0.000000
vn 0.000000 -1.000000 0.000000
vn -0.001676 -0.999998 -0.001511
vn 0.000000 -1.000000 0.000000
vn 0.000000 -1.000000 0.000000
vn 0.000331 -1.000000 -0.000320
vn 0.000608 -0.999999 0.001083
vn 0.002524 -0.999997 0.000318
vn 0.000143 -1.000000 -0.000067
vn -0.000888 -1.000000 0.000104
vn -0.000049 -1.000000 -0.000133
vn -0.002006 -0.999997 -0.001216
vn -0.002527 -0.999997 -0.000034
vn 0.025490 -0.998012 -0.057636
vn 0.004774 -0.999989 0.000460
vn -0.002527 -0.999997 -0.000034
vn 0.000524 -0.999994 -0.003512
vn 0.096469 -0.994987 -0.026358
vn 0.100547 -0.993456 0.054178
vn -0.016382 -0.999296 -0.033756
vn 0.030062 -0.999464 0.012930
vn 0.000496 -0.999999 -0.001260
vn 0.100547 -0.993456 0.054178
vn 0.000496 -0.999999 -0.001260
vn 0.030062 -0.999464 0.012930
vn -0.001182 -0.999999 -0.000790
vn -0.002026 -0.999998 0.000801
vn -0.001182 -0.999999 -0.000790
vn 0.030062 -0.999464 0.012930
vn -0.000828 -0.999999 -0.000900
vn -0.000365 -1.000000 -0.000622
vn 0.000066 -1.000000 -0.000372
vn 0.000665 -0.999999 0.001434
vn -0.000152 -1.000000 0.000747
vn 0.000515 -1.000000 0.000793
vn 0.000086 -1.000000 -0.000363
vn 0.000591 -1.000000 -0.000034
vn 0.000424 -1.000000 -0.000320
vn 0.000506 -1.000000 0.000182
vn 0.000476 -1.000000 -0.000197
vn -0.000281 -1.000000 -0.000086
vn 0.000214 -1.000000 0.000510
vn -0.000520 -0.999999 -0.001063
vn 0.000007 -1.000000 -0.000440
vn 0.000476 -1.000000 -0.000197
vn 0.000183 -1.000000 -0.000461
vn -0.000281 -1.000000 -0.000086
vn 0.000107 -1.000000 0.000197
vn 0.000424 -1.000000 -0.000320
vn 0.000591 -1.000000 -0.000034
vn 0.000476 -1.000000 -0.000197
vn 0.000424 -1.000000 -0.000320
vn 0.000183 -1.000000 -0.000461
vn 0.000183 -1.000000 -0.000461
vn 0.000007 -1.000000 -0.000440
vn -0.000347 -0.999999 -0.000996
vn 0.000727 -0.999999 0.001088
vn 0.000081 -1.000000 0.000993
vn 0.000430 -1.000000 0.000857
vn -0.000290 -1.000000 -0.000134
vn 0.000107 -1.000000 0.000197
vn 0.000370 -1.000000 -0.000315
vn -0.002576 -0.999995 -0.001746
vn -0.000656 -1.000000 0.000665
vn -0.000457 -0.999982 -0.005939
vn -0.000457 -0.999982 -0.005939
vn -0.000656 -1.000000 0.000665
vn -0.000290 -1.000000 -0.000134
vn 0.000107 -1.000000 0.000197
vn -0.000290 -1.000000 -0.000134
vn -0.000656 -1.000000 0.000665
vn 0.025616 -0.998118 -0.055726
vn -0.002576 -0.999995 -0.001746
vn -0.000457 -0.999982 -0.005939
vn 0.000665 -0.999999 0.001434
vn -0.002576 -0.999995 -0.001746
vn -0.000379 -0.999996 -0.002838
vn 0.000665 -0.999999 0.001434
vn -0.000379 -0.999996 -0.002838
vn 0.056036 -0.988582 -0.139877
vn 0.000665 -0.999999 0.001434
vn 0.000515 -1.000000 0.000793
vn 0.000214 -1.000000 0.000510
vn -0.000031 -1.000000 0.000008
vn -0.000028 -1.000000 -0.000022
vn -0.000192 -1.000000 0.000016
vn 0.000086 -1.000000 -0.000195
vn -0.000203 -1.000000 -0.000141
vn -0.000091 -1.000000 -0.000096
vn -0.000888 -1.000000 0.000104
vn -0.002026 -0.999998 0.000801
vn -0.000049 -1.000000 -0.000133
vn 0.030062 -0.999464 0.012930
vn 0.008778 -0.999958 -0.002542
vn -0.002026 -0.999998 0.000801
vn -0.001979 -0.999997 0.001449
vn 0.000115 -1.000000 -0.000094
vn 0.000511 -1.000000 -0.000405
vn 0.000000 -1.000000 0.000000
vn 0.000115 -1.000000 -0.000094
vn -0.000028 -1.000000 -0.000106
vn 0.000000 -1.000000 0.000000
vn 0.000000 -1.000000 0.000000
vn 0.000000 -1.000000 0.000000
vn 0.000000 -1.000000 0.000000
vn 0.000000 -1.000000 0.000000
vn -0.000502 -1.000000 -0.000789
vn -0.000913 -1.000000 -0.000364
vn 0.000000 -1.000000 0.000000
vn -0.000502 -1.000000 -0.000789
vn 0.000115 -1.000000 -0.000094
vn 0.000000 -1.000000 0.000000
vn 0.000511 -1.000000 -0.000405
vn 0.000476 -1.000000 -0.000197
vn -0.000305 -1.000000 0.000525
vn -0.000475 -1.000000 -0.000228
vn 0.000775 -0.999998 0.002069
vn -0.000305 -1.000000 0.000525
vn 0.000381 -0.999999 0.001107
vn 0.000000 -1.000000 0.000000
vn -0.000224 -1.000000 -0.000025
vn 0.000081 -1.000000 0.000993
vn -0.000141 -1.000000 -0.000050
vn 0.000000 -1.000000 0.000000
vn 0.000000 -1.000000 0.000000
vn 0.000024 -1.000000 -0.000026
vn 0.056692 -0.998176 0.020774
vn 0.000496 -0.999999 -0.001260
vn 0.116250 -0.991403 0.060049
vn 0.056692 -0.998176 0.020774
vn 0.047206 -0.997154 0.058779
vn -0.024542 -0.997189 -0.070796
vn -0.004148 -0.997617 -0.068873
vn -0.016382 -0.999296 -0.033756
vn 0.030062 -0.999464 0.012930
vn 0.096469 -0.994987 -0.026358
vn 0.040792 -0.998131 -0.045515
vn -0.004148 -0.997617 -0.068873
vn 0.131610 -0.989431 0.060872
vn 0.078938 -0.996831 0.009879
vn 0.040792 -0.998131 -0.045515
vn 0.096469 -0.994987 -0.026358
vn -0.004148 -0.997617 -0.068873
vn -0.000281 -1.000000 -0.000086
vn -0.000850 -1.000000 -0.000051
vn -0.000597 -1.000000 0.000588
vn -0.000305 -1.000000 0.000525
vn 0.000506 -1.000000 0.000182
vn 0.000381 -0.999999 0.001107
vn -0.000639 -0.999998 0.001678
vn -0.000191 -1.000000 0.000841
vn -0.000597 -1.000000 0.000588
vn -0.000597 -1.000000 0.000588
vn -0.000191 -1.000000 0.000841
vn -0.000569 -0.999993 0.003631
vn -0.000191 -1.000000 0.000841
vn -0.000639 -0.999998 0.001678
vn 0.000081 -1.000000 0.000993
vn -0.000569 -0.999993 0.003631
vn -0.000191 -1.000000 0.000841
vn -0.003754 -0.999991 0.002044
vn -0.000310 -1.000000 -0.000542
vn -0.000049 -1.000000 -0.000133
vn 0.000235 -1.000000 0.000071
vn 0.000086 -1.000000 -0.000195
vn 0.000143 -1.000000 -0.000067
vn 0.000057 -1.000000 0.000012
vn -0.000141 -1.000000 -0.000050
vn -0.000028 -1.000000 -0.000022
vn 0.000000 -1.000000 0.000000
vn 0.000356 -0.999999 0.001494
vn 0.000608 -0.999999 0.001083
vn 0.000000 -1.000000 0.000000
vn 0.000000 -1.000000 0.000000
vn -0.000028 -1.000000 -0.000022
vn 0.000000 -1.000000 0.000000
vn -0.000192 -1.000000 0.000016
vn -0.000028 -1.000000 -0.000022
vn -0.000141 -1.000000 -0.000050
vn -0.000192 -1.000000 0.000016
vn -0.000141 -1.000000 -0.000050
vn -0.000203 -1.000000 -0.000141
vn -0.000192 -1.000000 0.000016
vn -0.000229 -1.000000 -0.000211
vn -0.000247 -1.000000 -0.000175
vn 0.985987 -0.125782 -0.109582
vn 0.042796 0.995213 0.087861
vn 0.091456 0.995288 0.032201
vn 0.172364 0.983847 0.048339
vn 0.042796 0.995213 0.087861
vn 0.672887 0.739684 0.009523
vn 0.096227 -0.995025 0.025792
vn 0.010524 -0.999937 0.003872
vn 0.001091 -0.999999 0.001309
vn 0.000915 -0.999999 -0.000594
vn 0.001045 -0.999999 -0.000256
vn 0.000828 -1.000000 0.000537
vn 0.100714 -0.994869 -0.009664
vn 0.010524 -0.999937 0.003872
vn 0.096227 -0.995025 0.025792
vn 0.013296 -0.999898 -0.005202
vn 0.000000 -1.000000 0.000000
vn 0.000828 -1.000000 0.000537
vn -0.000166 -1.000000 0.000106
vn 0.000157 -0.999999 0.001098
vn 0.000230 -1.000000 0.000584
vn -0.052091 -0.997367 -0.050458
vn -0.011946 -0.999886 -0.009273
vn -0.000687 -0.999999 -0.001035
vn -0.000687 -0.999999 -0.001035
vn -0.011946 -0.999886 -0.009273
vn 0.000915 -0.999999 -0.000594
vn -0.096840 -0.994515 -0.039518
vn -0.041332 -0.999112 -0.008186
vn -0.011946 -0.999886 -0.009273
vn 0.013296 -0.999898 -0.005202
vn 0.000828 -1.000000 0.000537
vn 0.010524 -0.999937 0.003872
vn 0.001045 -0.999999 -0.000256
vn 0.000915 -0.999999 -0.000594
vn 0.000592 -1.000000 -0.000801
vn 0.000828 -1.000000 0.000537
vn 0.000230 -1.000000 0.000584
vn 0.000157 -0.999999 0.001098
vn 0.010524 -0.999937 0.003872
vn 0.000828 -1.000000 0.000537
vn 0.001045 -0.999999 -0.000256
vn -0.006187 -0.999981 -0.000687
vn 0.000157 -0.999999 0.001098
vn -0.000166 -1.000000 0.000106
vn 0.000828 -1.000000 0.000537
vn 0.000157 -0.999999 0.001098
vn 0.000915 -0.999999 -0.000594
vn 0.000592 -1.000000 -0.000801
vn 0.000091 -1.000000 0.000067
vn 0.001091 -0.999999 0.001309
vn 0.000915 -0.999999 -0.000594
vn -0.011946 -0.999886 -0.009273
vn 0.000592 -1.000000 -0.000801
vn 0.000157 -0.999999 0.001098
vn -0.000687 -0.999999 -0.001035
vn 0.000915 -0.999999 -0.000594
vn -0.000687 -0.999999 -0.001035
vn -0.006187 -0.999981 -0.000687
vn -0.052091 -0.997367 -0.050458
vn -0.132136 -0.989823 -0.052830
vn -0.006187 -0.999981 -0.000687
vn -0.040807 -0.999096 -0.011957
vn -0.069661 -0.996599 -0.044016
vn -0.132136 -0.989823 -0.052830
vn 0.050783 -0.998681 0.007634
vn -0.038422 -0.997464 0.059917
vn -0.069661 -0.996599 -0.044016
vn 0.077609 -0.996291 0.037172
vn -0.132136 -0.989823 -0.052830
vn -0.069661 -0.996599 -0.044016
vn -0.052091 -0.997367 -0.050458
vn -0.132136 -0.989823 -0.052830
vn -0.052091 -0.997367 -0.050458
vn -0.006187 -0.999981 -0.000687
vn 0.050783 -0.998681 0.007634
vn -0.132136 -0.989823 -0.052830
vn -0.051521 -0.997835 -0.040874
vn 0.078938 -0.996831 0.009879
vn 0.050783 -0.998681 0.007634
vn -0.051521 -0.997835 -0.040874
vn 0.050783 -0.998681 0.007634
vn 0.131610 -0.989431 0.060872
vn 0.121109 -0.991725 0.042600
vn 0.126410 -0.989529 -0.069669
vn 0.021651 -0.999647 -0.015398
vn -0.064818 -0.995284 -0.072175
vn 0.054366 -0.997143 -0.052448
vn 0.037619 -0.999224 -0.011689
vn 0.126410 -0.989529 -0.069669
vn 0.037619 -0.999224 -0.011689
vn 0.054366 -0.997143 -0.052448
vn 0.007953 -0.999961 -0.003892
vn 0.021651 -0.999647 -0.015398
vn 0.126410 -0.989529 -0.069669
vn 0.100714 -0.994869 -0.009664
vn 0.013296 -0.999898 -0.005202
vn 0.100714 -0.994869 -0.009664
vn 0.037619 -0.999224 -0.011689
vn 0.126410 -0.989529 -0.069669
vn 0.037619 -0.999224 -0.011689
vn 0.100714 -0.994869 -0.009664
vn -0.000006 -1.000000 -0.000021
vn 0.000000 -1.000000 0.000000
vn 0.000000 -1.000000 0.000000
vn 0.000000 -1.000000 0.000000
vn 0.000000 -1.000000 0.000000
vn 0.000000 -1.000000 0.000000
vn 0.000607 -1.000000 0.000067
vn 0.000138 -1.000000 0.000765
vn 0.000829 -0.999999 0.000963
vn -0.000640 -1.000000 0.000153
vn 0.000138 -1.000000 0.000765
vn -0.000207 -1.000000 0.000088
vn 0.000459 -0.999999 0.000911
vn -0.000376 -0.999996 0.002900
vn 0.000577 -1.000000 0.000552
vn 0.000000 -1.000000 0.000000
vn -0.000638 -1.000000 0.000187
vn 0.000000 -1.000000 0.000000
vn 0.015587 -0.998220 0.057565
vn -0.001935 -0.999998 0.001105
vn -0.013852 -0.998223 0.057956
vn 0.000459 -0.999999 0.000911
vn -0.001935 -0.999998 0.001105
vn -0.000376 -0.999996 0.002900
vn 0.000967 -1.000000 -0.000308
vn 0.000406 -1.000000 -0.000039
vn 0.000577 -1.000000 0.000552
vn -0.000638 -1.000000 0.000187
vn 0.000459 -0.999999 0.000911
vn 0.000000 -1.000000 0.000000
vn 0.000000 -1.000000 0.000000
vn 0.000406 -1.000000 -0.000039
vn 0.000501 -1.000000 0.000057
vn 0.000000 -1.000000 0.000000
vn 0.000000 -1.000000 0.000000
vn 0.000000 -1.000000 0.000000
vn -0.000638 -1.000000 0.000187
vn 0.000000 -1.000000 0.000000
vn 0.000000 -1.000000 0.000000
vn 0.000459 -0.999999 0.000911
vn 0.000406 -1.000000 -0.000039
vn 0.000000 -1.000000 0.000000
vn 0.000000 -1.000000 0.000000
vn 0.000000 -1.000000 0.000000
vn 0.000000 -1.000000 0.000000
vn 0.000406 -1.000000 -0.000039
vn 0.000000 -1.000000 0.000000
vn 0.000000 -1.000000 0.000000
vn 0.000051 -1.000000 -0.000010
vn -0.000277 -1.000000 0.000959
vn 0.000409 -1.000000 0.000688
vn -0.000711 -0.999999 0.001299
vn -0.000277 -1.000000 0.000959
vn -0.000699 -1.000000 0.000374
vn 0.000356 -0.999999 0.001494
vn 0.000544 -1.000000 0.000194
vn 0.000554 -1.000000 0.000578
vn 0.000844 -1.000000 -0.000271
vn 0.002524 -0.999997 0.000318
vn 0.000554 -1.000000 0.000578
vn -0.000480 -0.999999 -0.001032
vn 0.000544 -1.000000 0.000194
vn 0.000430 -1.000000 0.000857
vn -0.000520 -0.999999 -0.001063
vn -0.000480 -0.999999 -0.001032
vn -0.000771 -0.999999 -0.001146
vn 0.000057 -1.000000 -0.000744
vn 0.000643 -1.000000 -0.000245
vn 0.000844 -1.000000 -0.000271
vn -0.000828 -0.999999 -0.000900
vn 0.000066 -1.000000 -0.000372
vn -0.000480 -0.999999 -0.001032
vn 0.000430 -1.000000 0.000857
vn 0.000544 -1.000000 0.000194
vn 0.000356 -0.999999 0.001494
vn 0.000066 -1.000000 -0.000372
vn 0.000544 -1.000000 0.000194
vn -0.000480 -0.999999 -0.001032
vn 0.000727 -0.999999 0.001088
vn 0.000430 -1.000000 0.000857
vn 0.000356 -0.999999 0.001494
vn 0.000430 -1.000000 0.000857
vn -0.000850 -1.000000 -0.000051
vn -0.000771 -0.999999 -0.001146
vn 0.000544 -1.000000 0.000194
vn 0.000057 -1.000000 -0.000744
vn 0.000554 -1.000000 0.000578
vn 0.000643 -1.000000 -0.000245
vn 0.000057 -1.000000 -0.000744
vn 0.000066 -1.000000 -0.000372
vn -0.000828 -0.999999 -0.000900
vn -0.000480 -0.999999 -0.001032
vn -0.000520 -0.999999 -0.001063
vn -0.000152 -1.000000 0.000747
vn -0.000828 -0.999999 -0.000900
vn 0.000515 -1.000000 0.000793
vn -0.000480 -0.999999 -0.001032
vn 0.000430 -1.000000 0.000857
vn -0.000771 -0.999999 -0.001146
vn 0.000183 -1.000000 -0.000461
vn -0.000126 -1.000000 0.000746
vn 0.000007 -1.000000 -0.000440
vn 0.000000 -1.000000 0.000000
vn 0.000727 -0.999999 0.001088
vn 0.000356 -0.999999 0.001494
vn 0.000000 -1.000000 0.000000
vn 0.000081 -1.000000 0.000993
vn 0.000000 -1.000000 0.000000
vn 0.000665 -0.999999 0.001434
vn 0.000214 -1.000000 0.000510
vn -0.000126 -1.000000 0.000746
vn -0.000828 -0.999999 -0.000900
vn 0.000214 -1.000000 0.000510
vn 0.000515 -1.000000 0.000793
vn -0.000639 -0.999998 0.001678
vn -0.000850 -1.000000 -0.000051
vn 0.000430 -1.000000 0.000857
vn -0.000639 -0.999998 0.001678
vn -0.000597 -1.000000 0.000588
vn -0.000850 -1.000000 -0.000051
vn 0.000183 -1.000000 -0.000461
vn -0.000347 -0.999999 -0.000996
vn -0.000281 -1.000000 -0.000086
vn -0.000520 -0.999999 -0.001063
vn -0.000771 -0.999999 -0.001146
vn -0.000347 -0.999999 -0.000996
vn -0.000281 -1.000000 -0.000086
vn -0.000347 -0.999999 -0.000996
vn -0.000850 -1.000000 -0.000051
vn -0.000771 -0.999999 -0.001146
vn -0.000850 -1.000000 -0.000051
vn -0.000347 -0.999999 -0.000996
vn 0.000214 -1.000000 0.000510
vn 0.000007 -1.000000 -0.000440
vn -0.000126 -1.000000 0.000746
vn -0.000347 -0.999999 -0.000996
vn 0.000007 -1.000000 -0.000440
vn -0.000520 -0.999999 -0.001063
vn -0.000147 -1.000000 -0.000506
vn 0.000331 -1.000000 -0.000320
vn 0.000270 -0.999998 -0.002189
vn -0.000147 -1.000000 -0.000506
vn 0.000270 -0.999998 -0.002189
vn -0.000247 -1.000000 -0.000476
vn -0.000217 -1.000000 0.000007
vn -0.000247 -1.000000 -0.000476
vn -0.000888 -1.000000 0.000104
vn 0.000331 -1.000000 -0.000320
vn -0.000147 -1.000000 -0.000506
vn 0.000113 -1.000000 -0.000214
vn -0.000203 -1.000000 -0.000141
vn 0.000086 -1.000000 -0.000195
vn 0.000057 -1.000000 0.000012
vn 0.000113 -1.000000 -0.000214
vn -0.000147 -1.000000 -0.000506
vn 0.000086 -1.000000 -0.000195
vn 0.000608 -0.999999 0.001083
vn 0.000331 -1.000000 -0.000320
vn 0.000113 -1.000000 -0.000214
vn 0.000270 -0.999998 -0.002189
vn 0.000331 -1.000000 -0.000320
vn 0.002524 -0.999997 0.000318
vn 0.000000 -1.000000 0.000000
vn 0.000608 -0.999999 0.001083
vn 0.000113 -1.000000 -0.000214
vn 0.000608 -0.999999 0.001083
vn 0.000356 -0.999999 0.001494
vn 0.000554 -1.000000 0.000578
vn -0.000091 -1.000000 -0.000096
vn 0.000000 -1.000000 0.000000
vn 0.000113 -1.000000 -0.000214
vn 0.000000 -1.000000 0.000000
vn 0.000000 -1.000000 0.000000
vn 0.000727 -0.999999 0.001088
vn -0.000247 -1.000000 -0.000476
vn -0.000217 -1.000000 0.000007
vn -0.000147 -1.000000 -0.000506
vn 0.000143 -1.000000 -0.000067
vn -0.000217 -1.000000 0.000007
vn -0.000888 -1.000000 0.000104
vn -0.000192 -1.000000 0.000016
vn -0.000203 -1.000000 -0.000141
vn 0.000057 -1.000000 0.000012
vn -0.000091 -1.000000 -0.000096
vn -0.000203 -1.000000 -0.000141
vn -0.000141 -1.000000 -0.000050
vn -0.000141 -1.000000 -0.000050
vn 0.000000 -1.000000 0.000000
vn -0.000091 -1.000000 -0.000096
vn 0.000000 -1.000000 0.000000
vn -0.000091 -1.000000 -0.000096
vn 0.000000 -1.000000 0.000000
vn -0.000192 -1.000000 0.000016
vn -0.000310 -1.000000 -0.000542
vn -0.000229 -1.000000 -0.000211
vn 0.000143 -1.000000 -0.000067
vn -0.000310 -1.000000 -0.000542
vn 0.000057 -1.000000 0.000012
vn -0.001676 -0.999998 -0.001511
vn -0.002337 -0.999997 0.000536
vn -0.003754 -0.999991 0.002044
vn 0.000506 -1.000000 0.000182
vn -0.000569 -0.999993 0.003631
vn 0.000381 -0.999999 0.001107
vn 0.000775 -0.999998 0.002069
vn 0.002157 -0.999974 0.006861
vn 0.002769 -0.999995 -0.001546
vn 0.000381 -0.999999 0.001107
vn -0.000569 -0.999993 0.003631
vn 0.002157 -0.999974 0.006861
vn 0.002769 -0.999995 -0.001546
vn -0.002337 -0.999997 0.000536
vn -0.000710 -0.999991 -0.004267
vn -0.000569 -0.999993 0.003631
vn -0.002337 -0.999997 0.000536
vn 0.002157 -0.999974 0.006861
vn 0.000430 -1.000000 0.000857
vn 0.000081 -1.000000 0.000993
vn -0.000639 -0.999998 0.001678
vn 0.000081 -1.000000 0.000993
vn 0.000727 -0.999999 0.001088
vn 0.000000 -1.000000 0.000000
vn 0.001321 -0.999999 0.001054
vn 0.000000 -1.000000 0.000000
vn 0.000643 -1.000000 -0.000445
vn -0.000750 -1.000000 0.000608
vn 0.000000 -1.000000 0.000000
vn -0.000398 -0.999959 0.009081
vn -0.395591 0.916375 -0.061351
vn -0.467648 0.880677 -0.075589
vn -0.209236 0.976508 -0.051495
vn 0.250708 0.877397 -0.409048
vn -0.150350 0.768235 -0.622262
vn -0.191788 0.875088 0.444340
vn -0.161224 0.826742 0.538985
vn -0.153182 0.870004 0.468645
vn -0.191788 0.875088 0.444340
vn 0.049761 0.961057 0.271834
vn -0.103963 0.969651 0.221290
vn 0.050288 0.940940 0.334818
vn -0.076642 0.960552 0.267331
vn -0.161224 0.826742 0.538985
vn -0.130224 0.885255 0.446503
vn -0.000785 1.000000 -0.000427
vn -0.000748 1.000000 0.000144
vn -0.000186 1.000000 0.000027
vn -0.039384 0.999147 -0.012419
vn -0.048574 0.994107 0.096912
vn -0.073613 0.997185 -0.014238
vn -0.033197 0.996377 -0.078295
vn -0.120191 0.941600 -0.314554
vn -0.273781 0.727593 -0.629010
vn 0.000713 0.999999 0.001282
vn 0.000558 1.000000 0.000490
vn -0.024323 0.992467 -0.120075
vn -0.108200 0.811401 0.574388
vn -0.161224 0.826742 0.538985
vn -0.090938 0.902549 0.420875
vn -0.000407 1.000000 0.000504
vn -0.000186 1.000000 0.000027
vn -0.000748 1.000000 0.000144
vn 0.000454 0.999999 0.001115
vn -0.037585 0.999046 -0.022256
vn 0.000318 1.000000 0.000577
vn 0.050288 0.940940 0.334818
vn -0.194864 0.958777 0.206822
vn 0.049761 0.961057 0.271834
vn -0.108200 0.811401 0.574388
vn 0.258063 0.934651 -0.244603
vn 0.243368 0.897132 -0.368681
vn -0.051090 0.877845 0.476212
vn 0.199427 0.970293 -0.136968
vn 0.258063 0.934651 -0.244603
vn -0.194864 0.958777 0.206822
vn -0.318286 0.947656 -0.025328
vn 0.156148 0.935474 0.317028
vn -0.174296 0.978054 0.114155
vn -0.145115 0.978539 0.146298
vn -0.080372 0.988357 0.129190
vn -0.051090 0.877845 0.476212
vn -0.003261 0.993849 0.110697
vn -0.009576 0.932107 0.362056
vn 0.039073 0.961813 -0.270904
vn 0.032546 0.992123 -0.120963
vn 0.096178 0.968579 -0.229355
vn -0.181134 0.946049 0.268668
vn -0.160057 0.920916 0.355380
vn 0.068159 0.989657 -0.126231
vn 0.196857 0.979396 -0.045065
vn -0.090584 0.951965 0.292503
vn -0.106148 0.993436 0.042643
vn 0.037677 0.947144 -0.318590
vn -0.194491 0.691592 0.695611
vn 0.013156 0.934752 -0.355057
vn -0.051090 0.877845 0.476212
vn -0.009576 0.932107 0.362056
vn 0.199427 0.970293 -0.136968
vn -0.036726 0.994024 0.102802
vn -0.057916 0.991453 0.116904
vn -0.005415 0.994524 0.104364
vn -0.009825 0.999799 -0.017454
vn -0.024593 0.999153 -0.032988
vn -0.083167 0.993714 -0.074943
vn -0.103963 0.969651 0.221290
vn 0.049761 0.961057 0.271834
vn -0.080372 0.988357 0.129190
vn -0.000407 1.000000 0.000504
vn -0.000048 1.000000 0.000729
vn -0.003080 0.999995 -0.000395
vn 0.046004 0.945064 0.323632
vn -0.367672 0.733096 -0.572177
vn -0.339353 0.556815 -0.758153
vn 0.000454 0.999999 0.001115
vn 0.000957 1.000000 0.000115
vn -0.000325 1.000000 0.000021
vn -0.009744 0.999952 -0.001297
vn -0.000186 1.000000 0.000027
vn -0.001122 0.999999 -0.000262
vn 0.000149 0.999998 -0.001881
vn -0.009744 0.999952 -0.001297
vn -0.039349 0.999109 -0.015235
vn 0.322177 0.295593 0.899348
vn 0.251093 0.598908 0.760435
vn 0.289683 0.649906 0.702642
vn -0.128731 0.991155 -0.032264
vn -0.039349 0.999109 -0.015235
vn -0.053443 0.998550 -0.006539
vn -0.084110 0.995256 -0.048898
vn -0.000681 0.999996 -0.002874
vn -0.039349 0.999109 -0.015235
vn -0.249228 0.539849 -0.804020
vn -0.156167 0.707186 -0.689565
vn -0.228027 0.417106 -0.879788
vn -0.053443 0.998550 -0.006539
vn -0.039349 0.999109 -0.015235
vn -0.009744 0.999952 -0.001297
vn -0.001122 0.999999 -0.000262
vn -0.003080 0.999995 -0.000395
vn -0.016968 0.999844 0.004995
vn -0.001015 1.000000 0.000191
vn -0.009744 0.999952 -0.001297
vn 0.000149 0.999998 -0.001881
vn -0.001015 1.000000 0.000191
vn 0.000149 0.999998 -0.001881
vn -0.010933 0.999823 -0.015319
vn -0.285832 0.813599 -0.506317
vn -0.234720 0.701550 -0.672855
vn -0.207962 0.871528 -0.444061
vn 0.336471 0.534001 0.775648
vn -0.108500 0.993715 -0.027540
vn 0.259552 0.756600 0.600157
vn -0.271791 0.667238 -0.693486
vn -0.285733 0.869388 -0.403139
vn -0.273781 0.727593 -0.629010
vn -0.234720 0.701550 -0.672855
vn -0.232553 0.658335 -0.715901
vn -0.120191 0.941600 -0.314554
vn -0.273781 0.727593 -0.629010
vn -0.232553 0.658335 -0.715901
vn -0.271791 0.667238 -0.693486
vn -0.003953 0.999962 0.007762
vn -0.006890 0.999922 0.010425
vn 0.000097 1.000000 0.000323
vn 0.217850 0.732360 0.645128
vn -0.285733 0.869388 -0.403139
vn -0.271791 0.667238 -0.693486
vn 0.082404 0.993862 -0.073816
vn 0.206272 0.941592 0.266187
vn 0.095453 0.995000 -0.029380
vn -0.250695 0.954094 -0.163882
vn -0.264311 0.935094 -0.236091
vn -0.074787 0.994410 0.074535
vn 0.316853 0.630264 0.708782
vn 0.324296 0.456274 0.828641
vn 0.259552 0.756600 0.600157
vn 0.095453 0.995000 -0.029380
vn -0.028301 0.935673 -0.351732
vn 0.290293 0.937005 -0.194299
vn 0.046004 0.945064 0.323632
vn -0.285733 0.869388 -0.403139
vn 0.217850 0.732360 0.645128
vn -0.074787 0.994410 0.074535
vn -0.053948 0.997817 -0.038083
vn -0.250695 0.954094 -0.163882
vn -0.049050 0.984392 -0.169014
vn -0.084110 0.995256 -0.048898
vn -0.207962 0.871528 -0.444061
vn -0.108200 0.811401 0.574388
vn -0.051090 0.877845 0.476212
vn 0.258063 0.934651 -0.244603
vn 0.000448 1.000000 0.000428
vn 0.000085 1.000000 -0.000081
vn -0.000275 1.000000 -0.000160
vn 0.068159 0.989657 -0.126231
vn -0.160057 0.920916 0.355380
vn 0.031408 0.986801 -0.158862
vn 0.009118 0.999272 -0.037055
vn 0.030437 0.995624 -0.088355
vn 0.102182 0.954863 -0.278919
vn 0.015133 0.999836 -0.010000
vn -0.135067 0.926933 0.350075
vn 0.080146 0.996739 -0.009348
vn 0.080146 0.996739 -0.009348
vn -0.165182 0.942990 0.288936
vn 0.079756 0.968006 -0.237914
vn -0.042897 0.998133 0.043472
vn -0.265252 -0.207870 0.941505
vn -0.297968 0.045758 0.953479
vn -0.806303 0.053355 -0.589091
vn -0.216526 0.956048 -0.197707
vn -0.574497 0.808548 -0.127291
vn -0.425764 0.766435 -0.480938
vn -0.339692 0.373670 -0.863122
vn -0.410854 0.209398 -0.887328
vn 0.318354 0.937240 0.142241
vn -0.332499 0.931036 0.150388
vn -0.455903 0.847604 0.271515
vn -0.242137 0.119778 -0.962820
vn -0.354363 0.706367 -0.612759
vn -0.945174 -0.312789 -0.093858
vn -0.242137 0.119778 -0.962820
vn 0.039620 0.866431 -0.497723
vn -0.410854 0.209398 -0.887328
vn -0.742900 0.485619 0.460731
vn -0.806303 0.053355 -0.589091
vn -0.574497 0.808548 -0.127291
vn -0.416541 0.535677 -0.734536
vn -0.425764 0.766435 -0.480938
vn -0.299744 0.304472 -0.904130
vn -0.451656 -0.403083 0.795947
vn -0.265252 -0.207870 0.941505
vn -0.104316 0.955617 0.275526
vn 0.011884 0.996804 0.079003
vn -0.098555 0.994030 0.046819
vn -0.036726 0.994024 0.102802
vn -0.354363 0.706367 -0.612759
vn 0.540578 0.775526 0.326090
vn -0.945174 -0.312789 -0.093858
vn -0.031095 0.998988 0.032500
vn -0.038929 0.999050 0.019573
vn 0.011884 0.996804 0.079003
vn -0.339692 0.373670 -0.863122
vn -0.416541 0.535677 -0.734536
vn 0.233597 0.925395 0.298458
vn -0.224174 0.957775 0.180038
vn -0.299615 0.930427 -0.211035
vn 0.394117 0.869227 0.298522
vn 0.005976 0.928997 -0.370039
vn 0.019165 0.965847 -0.258402
vn 0.058109 0.645187 -0.761811
vn 0.000149 0.999998 -0.001881
vn -0.049050 0.984392 -0.169014
vn -0.054791 0.976894 -0.206580
vn 0.427952 0.902756 0.043457
vn 0.310965 0.949897 -0.031555
vn 0.322390 0.929931 -0.176900
vn 0.049761 0.961057 0.271834
vn 0.020993 0.991612 0.127533
vn -0.080372 0.988357 0.129190
vn 0.079346 0.984977 0.153375
vn 0.062218 0.964139 0.258001
vn -0.080156 0.992367 0.093714
vn -0.479873 0.843682 -0.240672
vn -0.574894 0.818225 0.002162
vn -0.189541 0.980624 0.049507
vn 0.259552 0.756600 0.600157
vn 0.046004 0.945064 0.323632
vn 0.316853 0.630264 0.708782
vn 0.530507 0.786009 0.317415
vn -0.287137 0.956998 -0.041309
vn -0.016989 0.992444 0.121520
vn 0.050288 0.940940 0.334818
vn -0.103963 0.969651 0.221290
vn 0.064403 0.971007 0.230213
vn 0.031408 0.986801 -0.158862
vn -0.150490 0.898017 0.413423
vn 0.015133 0.999836 -0.010000
vn 0.365220 0.926929 -0.086118
vn -0.211868 0.943781 0.253751
vn -0.609656 0.739347 0.285805
vn 0.000855 1.000000 0.000211
vn 0.000957 1.000000 0.000115
vn 0.000318 1.000000 0.000577
vn 0.029753 0.999358 -0.019976
vn 0.392207 0.878234 0.273640
vn 0.015404 0.989829 0.141423
vn -0.126929 0.973764 0.188875
vn -0.318286 0.947656 -0.025328
vn -0.466209 0.859542 -0.209372
vn -0.154128 0.881658 0.446008
vn -0.076108 0.958751 0.273867
vn -0.130224 0.885255 0.446503
vn 0.382397 0.896514 0.223685
vn 0.096263 0.994464 0.042118
vn 0.074280 0.996052 0.048612
vn -0.169392 0.985438 -0.014778
vn 0.601665 0.775732 -0.190364
vn 0.512509 0.828413 -0.225980
vn 0.627808 0.639119 0.444279
vn 0.414147 0.855963 0.309531
vn 0.392207 0.878234 0.273640
vn -0.103963 0.969651 0.221290
vn -0.145115 0.978539 0.146298
vn 0.064403 0.971007 0.230213
vn -0.471693 0.860534 0.192319
vn 0.072243 0.997308 -0.012528
vn 0.601665 0.775732 -0.190364
vn 0.082404 0.993862 -0.073816
vn 0.011861 0.999872 0.010710
vn 0.018563 0.996190 0.085213
vn 0.000411 1.000000 -0.000271
vn 0.001239 0.999999 -0.000179
vn -0.000672 0.998960 -0.045595
vn -0.050810 0.950015 -0.308042
vn -0.020459 0.996490 -0.081170
vn 0.021257 0.999771 0.002414
vn -0.010933 0.999823 -0.015319
vn 0.000149 0.999998 -0.001881
vn -0.054791 0.976894 -0.206580
vn -0.080372 0.988357 0.129190
vn -0.145115 0.978539 0.146298
vn -0.103963 0.969651 0.221290
vn -0.000009 1.000000 0.000221
vn 0.000765 0.999999 0.000882
vn 0.000071 1.000000 -0.000283
vn -0.237801 0.969992 0.050661
vn -0.098555 0.994030 0.046819
vn -0.280443 0.959819 0.009934
vn -0.200285 0.974009 0.105790
vn -0.057916 0.991453 0.116904
vn -0.036726 0.994024 0.102802
vn 0.017669 0.999344 0.031606
vn 0.099962 0.966386 0.236865
vn 0.044600 0.996666 0.068318
vn -0.000186 1.000000 0.000027
vn -0.009744 0.999952 -0.001297
vn -0.001015 1.000000 0.000191
vn -0.025717 0.998977 -0.037205
vn -0.026658 0.999514 -0.016169
vn -0.066161 0.993489 -0.092754
vn -0.120191 0.941600 -0.314554
vn -0.054791 0.976894 -0.206580
vn -0.234720 0.701550 -0.672855
vn -0.057916 0.991453 0.116904
vn -0.174296 0.978054 0.114155
vn -0.080372 0.988357 0.129190
vn 0.336471 0.534001 0.775648
vn 0.218406 0.814850 0.536954
vn 0.196676 0.879096 0.434176
vn -0.200285 0.974009 0.105790
vn -0.036726 0.994024 0.102802
vn -0.237801 0.969992 0.050661
vn -0.074875 0.993865 -0.081398
vn -0.026658 0.999514 -0.016169
vn -0.014707 0.999755 -0.016521
vn -0.126755 0.974528 0.185011
vn -0.122569 0.991339 0.047160
vn -0.035972 0.993501 0.107994
vn 0.233597 0.925395 0.298458
vn 0.293554 0.299739 0.907735
vn 0.256708 0.683441 0.683381
vn 0.540578 0.775526 0.326090
vn -0.354363 0.706367 -0.612759
vn 0.256708 0.683441 0.683381
vn -0.169230 0.774685 -0.609282
vn 0.114488 0.903085 0.413921
vn -0.238392 0.308509 -0.920865
vn 0.732160 0.246850 0.634828
vn 0.461008 0.761665 0.455343
vn 0.683113 0.448542 0.576339
vn -0.243438 0.952141 -0.184838
vn -0.250695 0.954094 -0.163882
vn -0.296009 0.951067 0.088606
vn -0.087539 0.996152 0.004296
vn -0.156302 0.987387 0.025233
vn 0.005610 0.997420 -0.071566
vn -0.206528 0.914429 -0.348089
vn -0.288475 0.890051 -0.352974
vn -0.249652 0.778237 -0.576212
vn 0.290293 0.937005 -0.194299
vn 0.231293 0.965808 -0.117126
vn 0.517337 0.844426 -0.138954
vn -0.150911 0.883777 -0.442905
vn -0.257947 0.848138 -0.462736
vn -0.373897 0.426949 -0.823356
vn 0.104728 0.956185 0.273391
vn -0.026389 0.960468 0.277138
vn 0.099962 0.966386 0.236865
vn -0.234720 0.701550 -0.672855
vn -0.060728 0.996326 -0.060388
vn -0.271791 0.667238 -0.693486
vn -0.000230 1.000000 0.000424
vn 0.000071 1.000000 -0.000283
vn -0.000975 0.999999 -0.000496
vn 0.054695 0.994975 -0.083869
vn 0.059841 0.991104 -0.118879
vn 0.106030 0.978809 -0.175190
vn -0.002193 0.999993 0.003097
vn -0.003261 0.993849 0.110697
vn -0.012617 0.992748 0.119552
vn -0.106148 0.993436 0.042643
vn -0.090584 0.951965 0.292503
vn -0.177275 0.965762 0.189414
vn 0.068533 0.906791 -0.415972
vn 0.032981 0.922172 -0.385371
vn 0.013156 0.934752 -0.355057
vn -0.000230 1.000000 0.000424
vn -0.000009 1.000000 0.000221
vn 0.000071 1.000000 -0.000283
vn -0.078760 0.976258 0.201786
vn 0.166002 0.889619 -0.425467
vn -0.075034 0.899059 0.431350
vn 0.463593 0.855539 -0.230511
vn 0.231293 0.965808 -0.117126
vn 0.512509 0.828413 -0.225980
vn 0.021098 0.989626 -0.142111
vn 0.096178 0.968579 -0.229355
vn -0.020447 0.999720 -0.011943
vn -0.000256 1.000000 -0.000208
vn -0.000672 0.998960 -0.045595
vn 0.038213 0.998932 -0.025992
vn 0.153418 0.986061 -0.064394
vn -0.041613 0.996348 -0.074554
vn 0.001239 0.999999 -0.000179
vn 0.030455 0.999229 -0.024775
vn 0.005993 0.999982 0.000985
vn 0.027402 0.998301 0.051421
vn -0.425563 0.866452 -0.261069
vn -0.555354 0.792670 -0.251509
vn -0.558414 0.789705 -0.254046
vn -0.061756 0.992273 0.107615
vn -0.451656 -0.403083 0.795947
vn -0.104316 0.955617 0.275526
vn -0.037585 0.999046 -0.022256
vn -0.073613 0.997185 -0.014238
vn -0.083167 0.993714 -0.074943
vn 0.072567 0.977679 -0.197174
vn 0.054695 0.994975 -0.083869
vn 0.106030 0.978809 -0.175190
vn -0.372278 0.928112 0.004073
vn 0.285893 0.956415 -0.059456
vn -0.110787 0.969967 0.216540
vn -0.130224 0.885255 0.446503
vn -0.161224 0.826742 0.538985
vn -0.191788 0.875088 0.444340
vn -0.104316 0.955617 0.275526
vn 0.106030 0.978809 -0.175190
vn 0.126744 0.977229 -0.170176
vn -0.076642 0.960552 0.267331
vn -0.006890 0.999922 0.010425
vn -0.042365 0.994407 0.096750
vn -0.502796 0.855393 -0.124495
vn -0.574497 0.808548 -0.127291
vn -0.612564 0.746227 0.260597
vn -0.000407 1.000000 0.000504
vn 0.000855 1.000000 0.000211
vn -0.000048 1.000000 0.000729
vn -0.207962 0.871528 -0.444061
vn -0.200333 0.949029 -0.243334
vn -0.315012 0.747114 -0.585310
vn 0.000003 0.999999 0.001200
vn 0.005993 0.999982 0.000985
vn 0.005714 0.999972 -0.004760
vn -0.090938 0.902549 0.420875
vn -0.012617 0.992748 0.119552
vn -0.051090 0.877845 0.476212
vn 0.243368 0.897132 -0.368681
vn 0.250708 0.877397 -0.409048
vn -0.153182 0.870004 0.468645
vn -0.345489 0.355354 0.868539
vn 0.021098 0.989626 -0.142111
vn -0.171069 0.228671 0.958355
vn 0.068533 0.906791 -0.415972
vn -0.280263 0.772590 0.569699
vn -0.086986 0.875741 0.474880
vn 0.000097 1.000000 0.000323
vn 0.000009 1.000000 0.000583
vn 0.000642 0.999999 0.000984
vn -0.031057 0.998222 -0.050870
vn 0.076294 0.964843 -0.251510
vn -0.235777 0.963479 -0.126957
vn -0.040222 0.978850 -0.200586
vn -0.014707 0.999755 -0.016521
vn -0.020459 0.996490 -0.081170
vn -0.040222 0.978850 -0.200586
vn 0.028988 0.904416 -0.425665
vn 0.049002 0.947861 -0.314894
vn 0.000496 1.000000 -0.000571
vn 0.000465 1.000000 -0.000725
vn 0.000276 1.000000 -0.000084
vn -0.228027 0.417106 -0.879788
vn -0.262576 0.717922 -0.644703
vn -0.234286 0.305126 -0.923043
vn -0.055264 0.987889 0.144986
vn -0.000354 0.924874 0.380273
vn 0.133469 0.825215 0.548823
vn 0.415842 0.884453 -0.211703
vn -0.195707 0.973180 0.120909
vn 0.618685 0.748548 -0.238548
vn -0.026658 0.999514 -0.016169
vn -0.074875 0.993865 -0.081398
vn -0.066161 0.993489 -0.092754
vn 0.268282 0.947740 -0.172664
vn 0.618685 0.748548 -0.238548
vn 0.158669 0.987302 0.007654
vn -0.040222 0.978850 -0.200586
vn -0.109180 0.971574 -0.210058
vn -0.074875 0.993865 -0.081398
vn -0.000448 1.000000 0.000146
vn -0.026658 0.999514 -0.016169
vn 0.007607 0.999797 0.018669
vn -0.031057 0.998222 -0.050870
vn 0.009491 0.998857 -0.046840
vn 0.076294 0.964843 -0.251510
vn 0.060138 0.983069 -0.173084
vn -0.742900 0.485619 0.460731
vn -0.574497 0.808548 -0.127291
vn 0.019165 0.965847 -0.258402
vn 0.046065 0.998311 0.035392
vn 0.020861 0.999775 0.003839
vn -0.409277 -0.679246 0.609194
vn -0.806303 0.053355 -0.589091
vn -0.742900 0.485619 0.460731
vn -0.005415 0.994524 0.104364
vn -0.060210 0.987134 0.148129
vn -0.149240 0.984572 0.091352
vn 0.013000 0.999445 -0.030656
vn 0.303612 0.874621 -0.377965
vn 0.169019 0.981187 -0.093296
vn -0.409277 -0.679246 0.609194
vn -0.742900 0.485619 0.460731
vn 0.268282 0.947740 -0.172664
vn 0.273191 0.959273 -0.071846
vn 0.322390 0.929931 -0.176900
vn 0.227892 0.888760 -0.397707
vn -0.169392 0.985438 -0.014778
vn 0.512509 0.828413 -0.225980
vn -0.277482 0.954343 0.110602
vn -0.040222 0.978850 -0.200586
vn -0.074875 0.993865 -0.081398
vn -0.014707 0.999755 -0.016521
vn 0.076294 0.964843 -0.251510
vn 0.072315 0.976855 -0.201307
vn 0.166002 0.889619 -0.425467
vn -0.130224 0.885255 0.446503
vn -0.191788 0.875088 0.444340
vn -0.154128 0.881658 0.446008
vn 0.689947 0.702632 0.174015
vn 0.123369 0.987731 0.095752
vn 0.877946 0.459730 0.133640
vn -0.262787 0.959728 -0.099321
vn -0.332499 0.931036 0.150388
vn 0.266722 0.952276 0.148423
vn -0.461689 0.887008 -0.007743
vn -0.425563 0.866452 -0.261069
vn -0.137083 0.982705 -0.124493
vn -0.332499 0.931036 0.150388
vn 0.318354 0.937240 0.142241
vn 0.681793 0.715914 0.150416
vn 0.373802 0.924680 0.072383
vn 0.013000 0.999445 -0.030656
vn 0.023327 0.999459 -0.023192
vn -0.031335 0.997907 0.056567
vn 0.221185 0.967679 -0.121142
vn -0.054174 0.998431 0.014165
vn -0.765611 0.594570 -0.245616
vn -0.829595 0.537444 -0.151417
vn -0.655946 0.702487 -0.276127
vn 0.020861 0.999775 0.003839
vn -0.054174 0.998431 0.014165
vn 0.019165 0.965847 -0.258402
vn 0.379085 0.917059 0.123682
vn 0.427952 0.902756 0.043457
vn 0.273191 0.959273 -0.071846
vn 0.303612 0.874621 -0.377965
vn 0.205019 0.963327 -0.173114
vn 0.460712 0.800839 -0.382624
vn 0.020861 0.999775 0.003839
vn 0.026294 0.998688 -0.043939
vn -0.031335 0.997907 0.056567
vn 0.681793 0.715914 0.150416
vn 0.798426 0.589966 0.120236
vn 0.708656 0.652991 0.267227
vn 0.169019 0.981187 -0.093296
vn -0.031335 0.997907 0.056567
vn 0.013000 0.999445 -0.030656
vn -0.040222 0.978850 -0.200586
vn -0.020459 0.996490 -0.081170
vn 0.028988 0.904416 -0.425665
vn 0.005976 0.928997 -0.370039
vn -0.050810 0.950015 -0.308042
vn 0.021257 0.999771 0.002414
vn 0.049002 0.947861 -0.314894
vn -0.109180 0.971574 -0.210058
vn -0.040222 0.978850 -0.200586
vn 0.028988 0.904416 -0.425665
vn 0.167709 0.910019 -0.379129
vn 0.049002 0.947861 -0.314894
vn 0.082885 0.783024 -0.616444
vn 0.028988 0.904416 -0.425665
vn -0.050810 0.950015 -0.308042
vn -0.109180 0.971574 -0.210058
vn -0.066161 0.993489 -0.092754
vn -0.074875 0.993865 -0.081398
vn -0.016968 0.999844 0.004995
vn -0.053443 0.998550 -0.006539
vn -0.009744 0.999952 -0.001297
vn 0.322390 0.929931 -0.176900
vn 0.167709 0.910019 -0.379129
vn 0.082885 0.783024 -0.616444
vn -0.000307 1.000000 -0.000189
vn -0.000275 1.000000 -0.000160
vn 0.000085 1.000000 -0.000081
vn 0.421676 0.864064 -0.274923
vn 0.169019 0.981187 -0.093296
vn 0.303612 0.874621 -0.377965
vn 0.082885 0.783024 -0.616444
vn -0.050810 0.950015 -0.308042
vn 0.005976 0.928997 -0.370039
vn 0.118424 0.929349 -0.349694
vn 0.105046 0.924505 -0.366410
vn 0.068533 0.906791 -0.415972
vn 0.427952 0.902756 0.043457
vn 0.379085 0.917059 0.123682
vn 0.571148 0.640685 0.513141
vn 0.284792 0.497190 0.819570
vn 0.256932 0.466350 0.846465
vn 0.141964 0.803471 0.578171
vn -0.137083 0.982705 -0.124493
vn 0.077519 0.995522 -0.054095
vn -0.032878 0.996077 -0.082152
vn 0.021257 0.999771 0.002414
vn 0.020861 0.999775 0.003839
vn 0.046065 0.998311 0.035392
vn -0.150350 0.768235 -0.622262
vn -0.154128 0.881658 0.446008
vn -0.191788 0.875088 0.444340
vn 0.988326 -0.128304 0.082163
vn 0.420527 0.895614 -0.145028
vn 0.932686 -0.357462 -0.048142
vn 0.732160 0.246850 0.634828
vn 0.191888 -0.808800 0.555897
vn 0.261202 0.543696 0.797602
vn -0.480641 0.859365 0.174575
vn -0.742356 0.557378 -0.371802
vn -0.520643 0.794513 -0.312539
vn 0.020993 0.991612 0.127533
vn 0.049761 0.961057 0.271834
vn 0.156148 0.935474 0.317028
vn 0.077519 0.995522 -0.054095
vn 0.019259 0.999534 -0.023699
vn 0.038213 0.998932 -0.025992
vn -0.053371 0.984569 -0.166660
vn -0.177275 0.965762 0.189414
vn -0.181134 0.946049 0.268668
vn -0.005314 0.999833 0.017494
vn 0.021257 0.999771 0.002414
vn -0.000448 1.000000 0.000146
vn -0.039349 0.999109 -0.015235
vn -0.128731 0.991155 -0.032264
vn -0.084110 0.995256 -0.048898
vn 0.523669 0.810980 -0.260925
vn 0.684540 0.653725 -0.322567
vn 0.747046 0.558767 -0.360140
vn -0.138556 0.894476 -0.425105
vn -0.061008 0.737510 -0.672575
vn 0.188590 0.872810 -0.450152
vn 0.191888 -0.808800 0.555897
vn 0.431348 0.203455 0.878945
vn 0.261202 0.543696 0.797602
vn -0.154965 0.986719 -0.048690
vn -0.127085 0.950241 -0.284413
vn -0.200333 0.949029 -0.243334
vn 0.594752 0.683790 0.422730
vn 0.683113 0.448542 0.576339
vn 0.369900 0.880299 0.297065
vn 0.000149 0.999998 -0.001881
vn -0.039349 0.999109 -0.015235
vn -0.000681 0.999996 -0.002874
vn 0.191888 -0.808800 0.555897
vn 0.679424 -0.136857 0.720870
vn -0.211329 -0.931243 0.296861
vn 0.310745 0.557502 0.769824
vn 0.243275 0.288718 0.925991
vn 0.140260 0.920264 0.365296
vn -0.443370 0.838373 -0.317103
vn 0.732160 0.246850 0.634828
vn 0.261202 0.543696 0.797602
vn 0.650445 0.593682 0.473776
vn 0.210199 0.958668 0.191761
vn 0.369900 0.880299 0.297065
vn -0.128731 0.991155 -0.032264
vn -0.154965 0.986719 -0.048690
vn -0.084110 0.995256 -0.048898
vn -0.031095 0.998988 0.032500
vn -0.026658 0.999514 -0.016169
vn -0.025717 0.998977 -0.037205
vn 0.210199 0.958668 0.191761
vn 0.230653 0.879192 0.416919
vn -0.148659 0.988229 0.036101
vn -0.000672 0.998960 -0.045595
vn -0.036539 0.997838 -0.054638
vn 0.067467 0.995387 -0.068215
vn 0.126606 0.989739 0.066243
vn -0.148659 0.988229 0.036101
vn 0.230653 0.879192 0.416919
vn 0.333469 0.677720 0.655358
vn 0.230653 0.879192 0.416919
vn 0.210199 0.958668 0.191761
vn 0.650445 0.593682 0.473776
vn 0.369900 0.880299 0.297065
vn 0.683113 0.448542 0.576339
vn -0.292163 0.922890 -0.250829
vn 0.147270 0.533440 0.832918
vn -0.141996 0.934428 0.326622
vn -0.531303 0.845854 -0.047418
vn -0.032337 0.988626 -0.146880
vn -0.452571 0.891728 -0.000367
vn -0.291010 0.946239 -0.141226
vn -0.403381 0.872385 -0.276093
vn -0.670595 0.681843 -0.292219
vn -0.318286 0.947656 -0.025328
vn -0.194864 0.958777 0.206822
vn -0.574894 0.818225 0.002162
vn 0.333469 0.677720 0.655358
vn 0.210199 0.958668 0.191761
vn 0.650445 0.593682 0.473776
vn -0.558414 0.789705 -0.254046
vn -0.555354 0.792670 -0.251509
vn -0.262787 0.959728 -0.099321
vn 0.095453 0.995000 -0.029380
vn 0.206272 0.941592 0.266187
vn 0.319926 0.639192 0.699344
vn 0.303612 0.874621 -0.377965
vn 0.013000 0.999445 -0.030656
vn 0.205019 0.963327 -0.173114
vn 0.172024 0.770609 0.613653
vn 0.150835 0.924402 0.350329
vn 0.258319 0.773329 0.578993
vn -0.126755 0.974528 0.185011
vn -0.035972 0.993501 0.107994
vn -0.023860 0.999534 0.019037
vn -0.049050 0.984392 -0.169014
vn 0.000149 0.999998 -0.001881
vn -0.000681 0.999996 -0.002874
vn -0.285832 0.813599 -0.506317
vn 0.171870 0.793594 0.583669
vn -0.060728 0.996326 -0.060388
vn -0.200333 0.949029 -0.243334
vn -0.084110 0.995256 -0.048898
vn -0.154965 0.986719 -0.048690
vn -0.200333 0.949029 -0.243334
vn -0.207962 0.871528 -0.444061
vn -0.084110 0.995256 -0.048898
vn -0.026389 0.960468 0.277138
vn -0.206528 0.914429 -0.348089
vn -0.080156 0.992367 0.093714
vn -0.315012 0.747114 -0.585310
vn -0.055264 0.987889 0.144986
vn -0.076494 0.994061 -0.077403
vn 0.005993 0.999982 0.000985
vn 0.044600 0.996666 0.068318
vn 0.027402 0.998301 0.051421
vn 0.192763 0.873710 0.446624
vn 0.326589 0.602657 0.728110
vn 0.171870 0.793594 0.583669
vn 0.218406 0.814850 0.536954
vn 0.336471 0.534001 0.775648
vn 0.324296 0.456274 0.828641
vn 0.072243 0.997308 -0.012528
vn -0.600610 0.786028 0.146384
vn 0.468809 0.865638 -0.175753
vn -0.000042 1.000000 0.000858
vn 0.000255 1.000000 0.000163
vn 0.000445 1.000000 0.000215
vn 0.001395 0.999955 -0.009376
vn 0.032546 0.992123 -0.120963
vn 0.005193 0.997345 -0.072633
vn -0.003619 0.944371 -0.328862
vn 0.022494 0.992491 0.120235
vn 0.036028 0.998861 0.031286
vn -0.600610 0.786028 0.146384
vn -0.290571 0.953530 0.079681
vn -0.369270 0.925584 0.083270
vn 0.088424 0.956694 -0.277341
vn 0.079756 0.968006 -0.237914
vn -0.219794 0.953245 0.207400
vn -0.292163 0.922890 -0.250829
vn 0.540578 0.775526 0.326090
vn 0.147270 0.533440 0.832918
vn 0.289683 0.649906 0.702642
vn 0.293554 0.299739 0.907735
vn 0.233597 0.925395 0.298458
vn 0.553110 0.694328 0.460410
vn -0.224174 0.957775 0.180038
vn 0.394117 0.869227 0.298522
vn 0.256708 0.683441 0.683381
vn -0.354363 0.706367 -0.612759
vn -0.151668 0.817937 -0.554956
vn 0.256708 0.683441 0.683381
vn 0.293554 0.299739 0.907735
vn -0.141996 0.934428 0.326622
vn -0.354363 0.706367 -0.612759
vn -0.410854 0.209398 -0.887328
vn -0.151668 0.817937 -0.554956
vn -0.425764 0.766435 -0.480938
vn 0.039620 0.866431 -0.497723
vn 0.088424 0.956694 -0.277341
vn -0.141996 0.934428 0.326622
vn 0.293554 0.299739 0.907735
vn -0.251574 0.948152 0.194211
vn -0.292163 0.922890 -0.250829
vn -0.141996 0.934428 0.326622
vn -0.429255 0.856613 -0.286275
vn 0.540578 0.775526 0.326090
vn 0.256708 0.683441 0.683381
vn 0.147270 0.533440 0.832918
vn -0.141996 0.934428 0.326622
vn 0.147270 0.533440 0.832918
vn 0.256708 0.683441 0.683381
vn -0.151668 0.817937 -0.554956
vn 0.233597 0.925395 0.298458
vn 0.256708 0.683441 0.683381
vn -0.339692 0.373670 -0.863122
vn -0.425764 0.766435 -0.480938
vn -0.416541 0.535677 -0.734536
vn 0.140260 0.920264 0.365296
vn 0.289683 0.649906 0.702642
vn -0.321116 0.581225 -0.747705
vn -0.281852 0.959083 0.026833
vn -0.382889 0.914804 -0.128570
vn 0.251093 0.598908 0.760435
vn -0.410854 0.209398 -0.887328
vn -0.354363 0.706367 -0.612759
vn -0.242137 0.119778 -0.962820
vn 0.233597 0.925395 0.298458
vn -0.151668 0.817937 -0.554956
vn -0.339692 0.373670 -0.863122
vn 0.251093 0.598908 0.760435
vn -0.382889 0.914804 -0.128570
vn -0.251574 0.948152 0.194211
vn -0.233580 0.969726 -0.071211
vn -0.184972 0.981479 -0.049837
vn -0.072146 0.997133 -0.022804
vn 0.251093 0.598908 0.760435
vn 0.293554 0.299739 0.907735
vn 0.289683 0.649906 0.702642
vn -0.523476 0.827212 -0.204188
vn -0.287137 0.956998 -0.041309
vn -0.461279 0.831894 -0.308502
vn 0.251093 0.598908 0.760435
vn -0.251574 0.948152 0.194211
vn 0.293554 0.299739 0.907735
vn -0.461279 0.831894 -0.308502
vn -0.251574 0.948152 0.194211
vn -0.382889 0.914804 -0.128570
vn -0.006357 0.999973 -0.003666
vn 0.019259 0.999534 -0.023699
vn -0.184917 0.981263 -0.054122
vn 0.000730 1.000000 -0.000661
vn -0.006068 0.999980 -0.001858
vn -0.002600 0.999995 -0.001980
vn -0.203123 0.977487 -0.057098
vn -0.479873 0.843682 -0.240672
vn -0.189541 0.980624 0.049507
vn -0.288354 0.951638 -0.106002
vn -0.126929 0.973764 0.188875
vn -0.466209 0.859542 -0.209372
vn -0.194864 0.958777 0.206822
vn 0.156148 0.935474 0.317028
vn 0.049761 0.961057 0.271834
vn 0.045154 0.969039 0.242745
vn 0.156148 0.935474 0.317028
vn -0.126929 0.973764 0.188875
vn 0.045154 0.969039 0.242745
vn -0.126929 0.973764 0.188875
vn -0.288354 0.951638 -0.106002
vn -0.038929 0.999050 0.019573
vn -0.280443 0.959819 0.009934
vn -0.098555 0.994030 0.046819
vn 0.708656 0.652991 0.267227
vn -0.334169 0.942479 -0.007979
vn -0.262787 0.959728 -0.099321
vn -0.379752 0.918117 -0.113360
vn -0.604461 0.768793 -0.208768
vn -0.395591 0.916375 -0.061351
vn 0.728604 0.550814 0.407113
vn 0.754041 0.603794 0.258565
vn 0.444802 0.860141 0.249617
vn 0.052688 0.992992 0.105783
vn 0.007607 0.999797 0.018669
vn 0.010719 0.999916 0.007326
vn 0.005993 0.999982 0.000985
vn 0.059841 0.991104 -0.118879
vn 0.005714 0.999972 -0.004760
vn 0.104728 0.956185 0.273391
vn 0.017669 0.999344 0.031606
vn 0.006559 0.999458 0.032255
vn 0.053587 0.976175 -0.210263
vn 0.073491 0.958921 -0.273989
vn 0.044374 0.995437 -0.084475
vn -0.000159 1.000000 0.000489
vn 0.001046 0.999996 -0.002590
vn -0.000179 1.000000 -0.000115
vn 0.523669 0.810980 -0.260925
vn 0.619093 0.729892 -0.289796
vn -0.119807 0.936849 -0.328573
vn -0.142073 0.978173 0.151635
vn 0.090075 0.991310 0.095868
vn -0.140242 0.982642 0.121437
vn 0.680475 0.663059 -0.311939
vn -0.642918 0.743083 0.185697
vn 0.366598 0.911960 -0.184213
vn -0.140242 0.982642 0.121437
vn -0.498007 0.813487 0.300381
vn -0.142073 0.978173 0.151635
vn 0.231293 0.965808 -0.117126
vn 0.290293 0.937005 -0.194299
vn 0.093944 0.932657 -0.348318
vn -0.471693 0.860534 0.192319
vn -0.169392 0.985438 -0.014778
vn -0.514335 0.828056 0.223119
vn -0.502796 0.855393 -0.124495
vn 0.060138 0.983069 -0.173084
vn -0.574497 0.808548 -0.127291
vn -0.369270 0.925584 0.083270
vn -0.055215 0.997935 -0.032808
vn -0.136434 0.981084 -0.137333
vn -0.372278 0.928112 0.004073
vn -0.612564 0.746227 0.260597
vn -0.574497 0.808548 -0.127291
vn -0.722421 0.634992 0.273664
vn -0.855235 0.432358 0.285726
vn 0.110061 0.988774 -0.101059
vn -0.216526 0.956048 -0.197707
vn -0.806303 0.053355 -0.589091
vn 0.165929 0.686489 -0.707955
vn 0.640557 0.750799 -0.161206
vn -0.502796 0.855393 -0.124495
vn -0.211868 0.943781 0.253751
vn 0.517451 0.804244 -0.292295
vn 0.619093 0.729892 -0.289796
vn 0.285893 0.956415 -0.059456
vn 0.165929 0.686489 -0.707955
vn 0.285893 0.956415 -0.059456
vn -0.372278 0.928112 0.004073
vn -0.235777 0.963479 -0.126957
vn -0.518785 0.853182 -0.054248
vn -0.344916 0.936742 -0.059567
vn 0.268282 0.947740 -0.172664
vn 0.060138 0.983069 -0.173084
vn 0.618685 0.748548 -0.238548
vn 0.165929 0.686489 -0.707955
vn -0.372278 0.928112 0.004073
vn -0.216526 0.956048 -0.197707
vn -0.574497 0.808548 -0.127291
vn -0.216526 0.956048 -0.197707
vn -0.372278 0.928112 0.004073
vn 0.700078 0.617379 -0.358796
vn 0.366598 0.911960 -0.184213
vn 0.521018 0.797519 -0.304145
vn -0.612564 0.746227 0.260597
vn -0.372278 0.928112 0.004073
vn -0.110787 0.969967 0.216540
vn -0.211868 0.943781 0.253751
vn -0.502796 0.855393 -0.124495
vn -0.612564 0.746227 0.260597
vn -0.502796 0.855393 -0.124495
vn 0.640557 0.750799 -0.161206
vn 0.060138 0.983069 -0.173084
vn -0.612564 0.746227 0.260597
vn -0.110787 0.969967 0.216540
vn -0.548614 0.766345 0.334271
vn -0.211868 0.943781 0.253751
vn 0.365220 0.926929 -0.086118
vn 0.521467 0.824204 -0.220818
vn 0.060138 0.983069 -0.173084
vn 0.640557 0.750799 -0.161206
vn 0.618685 0.748548 -0.238548
vn 0.268282 0.947740 -0.172664
vn -0.742900 0.485619 0.460731
vn 0.060138 0.983069 -0.173084
vn 0.415842 0.884453 -0.211703
vn 0.618685 0.748548 -0.238548
vn 0.640557 0.750799 -0.161206
vn 0.158669 0.987302 0.007654
vn 0.618685 0.748548 -0.238548
vn -0.195707 0.973180 0.120909
vn -0.110787 0.969967 0.216540
vn 0.747046 0.558767 -0.360140
vn 0.521018 0.797519 -0.304145
vn -0.548614 0.766345 0.334271
vn -0.110787 0.969967 0.216540
vn 0.521018 0.797519 -0.304145
vn -0.211868 0.943781 0.253751
vn -0.612564 0.746227 0.260597
vn -0.548614 0.766345 0.334271
vn 0.110061 0.988774 -0.101059
vn -0.855235 0.432358 0.285726
vn -0.642918 0.743083 0.185697
vn -0.700674 0.699139 0.142344
vn -0.609656 0.739347 0.285805
vn -0.548614 0.766345 0.334271
vn -0.548614 0.766345 0.334271
vn -0.609656 0.739347 0.285805
vn -0.211868 0.943781 0.253751
vn 0.521018 0.797519 -0.304145
vn 0.684540 0.653725 -0.322567
vn 0.700078 0.617379 -0.358796
vn -0.548614 0.766345 0.334271
vn 0.521018 0.797519 -0.304145
vn 0.366598 0.911960 -0.184213
vn 0.003158 0.999975 -0.006337
vn 0.294043 0.943518 -0.152687
vn 0.266812 0.956702 -0.116333
vn 0.750535 0.641581 -0.158339
vn 0.110061 0.988774 -0.101059
vn 0.743536 0.610030 -0.273893
vn 0.684540 0.653725 -0.322567
vn 0.266812 0.956702 -0.116333
vn 0.294043 0.943518 -0.152687
vn 0.366598 0.911960 -0.184213
vn 0.700078 0.617379 -0.358796
vn 0.704561 0.615963 -0.352395
vn 0.680475 0.663059 -0.311939
vn 0.366598 0.911960 -0.184213
vn 0.704561 0.615963 -0.352395
vn 0.366598 0.911960 -0.184213
vn -0.700674 0.699139 0.142344
vn -0.548614 0.766345 0.334271
vn 0.520334 0.820338 -0.237272
vn 0.743536 0.610030 -0.273893
vn 0.680475 0.663059 -0.311939
vn -0.855235 0.432358 0.285726
vn -0.645178 0.756140 0.109532
vn -0.642918 0.743083 0.185697
vn -0.010727 0.999143 0.039990
vn 0.013332 0.996435 0.083299
vn -0.051722 0.991068 0.122918
vn -0.156302 0.987387 0.025233
vn 0.126788 0.991595 -0.025787
vn 0.196121 0.976260 -0.091939
vn -0.531303 0.845854 -0.047418
vn -0.594622 0.803941 -0.010180
vn -0.600973 0.718717 -0.349682
vn 0.500261 0.851472 0.157273
vn 0.420527 0.895614 -0.145028
vn 0.988326 -0.128304 0.082163
vn -0.758495 0.581656 -0.293875
vn -0.600973 0.718717 -0.349682
vn -0.594622 0.803941 -0.010180
vn -0.056037 0.618952 -0.783427
vn 0.058109 0.645187 -0.761811
vn 0.019165 0.965847 -0.258402
vn -0.889507 0.362465 -0.278203
vn -0.579103 0.804531 -0.131793
vn -0.480636 0.815522 -0.322357
vn -0.679741 0.654455 -0.331121
vn 0.405253 0.900318 -0.158739
vn -0.310883 0.853630 -0.417934
vn 0.594752 0.683790 0.422730
vn 0.732160 0.246850 0.634828
vn 0.683113 0.448542 0.576339
vn 0.650445 0.593682 0.473776
vn 0.683113 0.448542 0.576339
vn 0.091708 0.910588 0.403013
vn -0.558723 0.744029 -0.366400
vn -0.597614 0.669253 -0.441540
vn -0.226374 0.973063 -0.043617
vn -0.758495 0.581656 -0.293875
vn -0.670595 0.681843 -0.292219
vn -0.600973 0.718717 -0.349682
vn 0.033055 0.998292 -0.048168
vn -0.063012 0.993220 0.097691
vn 0.023858 0.998521 -0.048846
vn 0.708656 0.652991 0.267227
vn 0.598538 0.757366 0.261054
vn -0.334169 0.942479 -0.007979
vn 0.021257 0.999771 0.002414
vn 0.046065 0.998311 0.035392
vn 0.005976 0.928997 -0.370039
vn 0.020861 0.999775 0.003839
vn 0.027331 0.999224 -0.028355
vn 0.033055 0.998292 -0.048168
vn 0.021257 0.999771 0.002414
vn -0.020459 0.996490 -0.081170
vn -0.000448 1.000000 0.000146
vn 0.027331 0.999224 -0.028355
vn 0.020861 0.999775 0.003839
vn 0.021257 0.999771 0.002414
vn 0.019165 0.965847 -0.258402
vn 0.005976 0.928997 -0.370039
vn 0.046065 0.998311 0.035392
vn 0.082885 0.783024 -0.616444
vn 0.005976 0.928997 -0.370039
vn 0.058109 0.645187 -0.761811
vn 0.221185 0.967679 -0.121142
vn 0.169019 0.981187 -0.093296
vn 0.421676 0.864064 -0.274923
vn -0.061008 0.737510 -0.672575
vn -0.303865 0.949250 0.081183
vn -0.057978 0.759190 -0.648281
vn 0.142192 0.757159 -0.637567
vn 0.082885 0.783024 -0.616444
vn 0.058109 0.645187 -0.761811
vn 0.273191 0.959273 -0.071846
vn 0.427952 0.902756 0.043457
vn 0.322390 0.929931 -0.176900
vn 0.167709 0.910019 -0.379129
vn 0.322390 0.929931 -0.176900
vn 0.310965 0.949897 -0.031555
vn 0.082885 0.783024 -0.616444
vn 0.142192 0.757159 -0.637567
vn 0.227892 0.888760 -0.397707
vn 0.049002 0.947861 -0.314894
vn 0.167709 0.910019 -0.379129
vn 0.310965 0.949897 -0.031555
vn 0.082885 0.783024 -0.616444
vn 0.167709 0.910019 -0.379129
vn 0.028988 0.904416 -0.425665
vn -0.177275 0.965762 0.189414
vn -0.043537 0.998427 0.035322
vn -0.181134 0.946049 0.268668
vn -0.106148 0.993436 0.042643
vn -0.177275 0.965762 0.189414
vn -0.053371 0.984569 -0.166660
vn -0.108200 0.811401 0.574388
vn 0.243368 0.897132 -0.368681
vn -0.153182 0.870004 0.468645
vn -0.051090 0.877845 0.476212
vn -0.108200 0.811401 0.574388
vn -0.090938 0.902549 0.420875
vn -0.012617 0.992748 0.119552
vn -0.090938 0.902549 0.420875
vn -0.042365 0.994407 0.096750
vn -0.009576 0.932107 0.362056
vn 0.196857 0.979396 -0.045065
vn 0.199427 0.970293 -0.136968
vn -0.191788 0.875088 0.444340
vn -0.153182 0.870004 0.468645
vn 0.250708 0.877397 -0.409048
vn -0.108200 0.811401 0.574388
vn -0.153182 0.870004 0.468645
vn -0.161224 0.826742 0.538985
vn -0.076108 0.958751 0.273867
vn -0.048574 0.994107 0.096912
vn -0.130224 0.885255 0.446503
vn -0.130224 0.885255 0.446503
vn -0.048574 0.994107 0.096912
vn -0.076642 0.960552 0.267331
vn -0.073613 0.997185 -0.014238
vn -0.048574 0.994107 0.096912
vn -0.076108 0.958751 0.273867
vn -0.076642 0.960552 0.267331
vn -0.048574 0.994107 0.096912
vn -0.005220 0.999954 0.008033
vn -0.006890 0.999922 0.010425
vn -0.076642 0.960552 0.267331
vn -0.005220 0.999954 0.008033
vn -0.090938 0.902549 0.420875
vn -0.161224 0.826742 0.538985
vn -0.076642 0.960552 0.267331
vn -0.006890 0.999922 0.010425
vn -0.005220 0.999954 0.008033
vn -0.000088 1.000000 -0.000795
vn -0.006890 0.999922 0.010425
vn -0.003953 0.999962 0.007762
vn -0.042365 0.994407 0.096750
vn -0.039384 0.999147 -0.012419
vn -0.037585 0.999046 -0.022256
vn -0.000088 1.000000 -0.000795
vn 0.000009 1.000000 0.000583
vn -0.000727 1.000000 -0.000659
vn 0.000291 1.000000 -0.000798
vn -0.009825 0.999799 -0.017454
vn -0.000048 1.000000 0.000729
vn 0.000855 1.000000 0.000211
vn 0.000318 1.000000 0.000577
vn 0.000957 1.000000 0.000115
vn 0.000454 0.999999 0.001115
vn -0.000258 0.999994 -0.003530
vn -0.026917 0.997869 -0.059435
vn -0.014851 0.998653 0.049721
vn -0.046530 0.990780 0.127244
vn -0.094033 0.961072 0.259804
vn -0.014851 0.998653 0.049721
vn 0.256932 0.466350 0.846465
vn 0.241965 0.641961 0.727557
vn 0.205956 0.762239 0.613656
vn -0.373897 0.426949 -0.823356
vn -0.387013 0.384688 -0.837995
vn -0.367672 0.733096 -0.572177
vn -0.151212 0.944364 -0.292082
vn 0.256932 0.466350 0.846465
vn 0.205956 0.762239 0.613656
vn 0.284792 0.497190 0.819570
vn 0.141964 0.803471 0.578171
vn 0.336471 0.534001 0.775648
vn 0.517337 0.844426 -0.138954
vn 0.167357 0.985833 -0.011182
vn 0.290293 0.937005 -0.194299
vn 0.290293 0.937005 -0.194299
vn 0.067916 0.997512 -0.018931
vn 0.082404 0.993862 -0.073816
vn -0.160057 0.920916 0.355380
vn -0.094033 0.961072 0.259804
vn -0.150490 0.898017 0.413423
vn -0.321116 0.581225 -0.747705
vn -0.304481 0.232726 -0.923650
vn 0.140260 0.920264 0.365296
vn -0.000407 1.000000 0.000504
vn -0.003080 0.999995 -0.000395
vn -0.001122 0.999999 -0.000262
vn 0.000318 1.000000 0.000577
vn -0.024593 0.999153 -0.032988
vn 0.000855 1.000000 0.000211
vn -0.367672 0.733096 -0.572177
vn -0.387013 0.384688 -0.837995
vn -0.339353 0.556815 -0.758153
vn -0.024323 0.992467 -0.120075
vn -0.273781 0.727593 -0.629010
vn -0.039083 0.991154 -0.126834
vn -0.120191 0.941600 -0.314554
vn -0.010933 0.999823 -0.015319
vn -0.054791 0.976894 -0.206580
vn -0.001015 1.000000 0.000191
vn -0.010933 0.999823 -0.015319
vn -0.033197 0.996377 -0.078295
vn -0.273781 0.727593 -0.629010
vn -0.120191 0.941600 -0.314554
vn -0.232553 0.658335 -0.715901
vn -0.010933 0.999823 -0.015319
vn -0.120191 0.941600 -0.314554
vn -0.033197 0.996377 -0.078295
vn -0.009744 0.999952 -0.001297
vn -0.001122 0.999999 -0.000262
vn -0.016968 0.999844 0.004995
vn -0.000407 1.000000 0.000504
vn -0.001122 0.999999 -0.000262
vn -0.000186 1.000000 0.000027
vn 0.050727 0.979204 0.196435
vn 0.045762 0.995027 0.088467
vn -0.024061 0.999612 0.014034
vn 0.116794 0.977258 0.176994
vn 0.218406 0.814850 0.536954
vn 0.316853 0.630264 0.708782
vn -0.234720 0.701550 -0.672855
vn -0.054791 0.976894 -0.206580
vn -0.049050 0.984392 -0.169014
vn -0.060728 0.996326 -0.060388
vn -0.234720 0.701550 -0.672855
vn -0.285832 0.813599 -0.506317
vn 0.171870 0.793594 0.583669
vn -0.285832 0.813599 -0.506317
vn -0.076494 0.994061 -0.077403
vn 0.326589 0.602657 0.728110
vn 0.221842 0.771853 0.595843
vn 0.217850 0.732360 0.645128
vn -0.084110 0.995256 -0.048898
vn -0.049050 0.984392 -0.169014
vn -0.000681 0.999996 -0.002874
vn -0.234720 0.701550 -0.672855
vn -0.049050 0.984392 -0.169014
vn -0.207962 0.871528 -0.444061
vn -0.127085 0.950241 -0.284413
vn -0.249652 0.778237 -0.576212
vn -0.200333 0.949029 -0.243334
vn -0.200333 0.949029 -0.243334
vn -0.249652 0.778237 -0.576212
vn -0.315012 0.747114 -0.585310
vn -0.206528 0.914429 -0.348089
vn -0.249652 0.778237 -0.576212
vn -0.127085 0.950241 -0.284413
vn -0.315012 0.747114 -0.585310
vn -0.249652 0.778237 -0.576212
vn -0.302779 0.822478 -0.481513
vn -0.055264 0.987889 0.144986
vn -0.315012 0.747114 -0.585310
vn -0.302779 0.822478 -0.481513
vn -0.285832 0.813599 -0.506317
vn -0.207962 0.871528 -0.444061
vn -0.315012 0.747114 -0.585310
vn -0.055264 0.987889 0.144986
vn -0.302779 0.822478 -0.481513
vn -0.000354 0.924874 0.380273
vn -0.055264 0.987889 0.144986
vn 0.172024 0.770609 0.613653
vn -0.076494 0.994061 -0.077403
vn -0.288475 0.890051 -0.352974
vn -0.026389 0.960468 0.277138
vn -0.000354 0.924874 0.380273
vn 0.150835 0.924402 0.350329
vn 0.054139 0.993026 0.104734
vn 0.258319 0.773329 0.578993
vn 0.079346 0.984977 0.153375
vn 0.027402 0.998301 0.051421
vn 0.044600 0.996666 0.068318
vn 0.099962 0.966386 0.236865
vn 0.017669 0.999344 0.031606
vn 0.104728 0.956185 0.273391
vn 0.196676 0.879096 0.434176
vn 0.218406 0.814850 0.536954
vn -0.030864 0.999316 -0.020374
vn -0.340250 0.913658 0.222395
vn -0.105586 0.990626 0.086674
vn -0.155918 0.982896 0.098009
vn 0.155924 0.881476 -0.445743
vn -0.086986 0.875741 0.474880
vn -0.075034 0.899059 0.431350
vn 0.032981 0.922172 -0.385371
vn 0.068533 0.906791 -0.415972
vn 0.047400 0.936008 -0.348772
vn 0.009491 0.998857 -0.046840
vn -0.025810 0.999629 -0.008700
vn 0.000905 1.000000 0.000178
vn 0.118424 0.929349 -0.349694
vn 0.068533 0.906791 -0.415972
vn 0.153931 0.887544 -0.434248
vn -0.231446 0.955899 0.180801
vn -0.195707 0.973180 0.120909
vn -0.303516 0.951796 -0.044295
vn -0.413458 0.895220 -0.166234
vn -0.090622 0.995052 -0.040728
vn -0.344916 0.936742 -0.059567
vn 0.415842 0.884453 -0.211703
vn 0.521467 0.824204 -0.220818
vn -0.222879 0.972945 -0.060855
vn -0.303516 0.951796 -0.044295
vn -0.444906 0.895032 -0.031254
vn -0.003619 0.944371 -0.328862
vn 0.521467 0.824204 -0.220818
vn 0.415842 0.884453 -0.211703
vn 0.640557 0.750799 -0.161206
vn -0.195707 0.973180 0.120909
vn 0.415842 0.884453 -0.211703
vn -0.222879 0.972945 -0.060855
vn -0.211868 0.943781 0.253751
vn 0.521467 0.824204 -0.220818
vn 0.640557 0.750799 -0.161206
vn 0.521467 0.824204 -0.220818
vn 0.365220 0.926929 -0.086118
vn 0.251443 0.954774 -0.158690
vn -0.195707 0.973180 0.120909
vn -0.222879 0.972945 -0.060855
vn -0.303516 0.951796 -0.044295
vn -0.195707 0.973180 0.120909
vn -0.231446 0.955899 0.180801
vn 0.158669 0.987302 0.007654
vn -0.165182 0.942990 0.288936
vn -0.135067 0.926933 0.350075
vn -0.154489 0.965047 0.211701
vn -0.235637 0.393490 -0.888617
vn -0.233472 0.945974 -0.224996
vn -0.221708 0.893632 -0.390215
vn -0.425764 0.766435 -0.480938
vn -0.410854 0.209398 -0.887328
vn 0.039620 0.866431 -0.497723
vn -0.151668 0.817937 -0.554956
vn -0.410854 0.209398 -0.887328
vn -0.339692 0.373670 -0.863122
vn -0.219794 0.953245 0.207400
vn -0.425764 0.766435 -0.480938
vn 0.088424 0.956694 -0.277341
vn -0.299744 0.304472 -0.904130
vn -0.425764 0.766435 -0.480938
vn -0.233472 0.945974 -0.224996
vn -0.321116 0.581225 -0.747705
vn 0.289683 0.649906 0.702642
vn -0.416541 0.535677 -0.734536
vn 0.233597 0.925395 0.298458
vn -0.416541 0.535677 -0.734536
vn 0.289683 0.649906 0.702642
vn -0.299744 0.304472 -0.904130
vn -0.235637 0.393490 -0.888617
vn -0.304481 0.232726 -0.923650
vn -0.304481 0.232726 -0.923650
vn -0.235637 0.393490 -0.888617
vn -0.194575 0.616650 -0.762813
vn -0.549121 0.830142 -0.096594
vn -0.395591 0.916375 -0.061351
vn -0.604461 0.768793 -0.208768
vn 0.260597 0.953614 0.150697
vn 0.570981 0.729657 0.376274
vn -0.350500 0.927156 -0.132406
vn 0.322177 0.295593 0.899348
vn 0.289683 0.649906 0.702642
vn 0.140260 0.920264 0.365296
vn -0.281852 0.959083 0.026833
vn -0.467648 0.880677 -0.075589
vn -0.523476 0.827212 -0.204188
vn 0.067467 0.995387 -0.068215
vn 0.038213 0.998932 -0.025992
vn -0.000672 0.998960 -0.045595
vn 0.000411 1.000000 -0.000271
vn 0.000239 1.000000 0.000627
vn 0.000261 1.000000 0.000277
vn -0.318286 0.947656 -0.025328
vn -0.574894 0.818225 0.002162
vn -0.479873 0.843682 -0.240672
vn 0.156148 0.935474 0.317028
vn -0.318286 0.947656 -0.025328
vn -0.126929 0.973764 0.188875
vn -0.065452 0.992069 0.107311
vn -0.189541 0.980624 0.049507
vn 0.029753 0.999358 -0.019976
vn -0.063012 0.993220 0.097691
vn -0.038761 0.999243 0.003449
vn 0.023858 0.998521 -0.048846
vn -0.200285 0.974009 0.105790
vn -0.174296 0.978054 0.114155
vn -0.057916 0.991453 0.116904
vn -0.036726 0.994024 0.102802
vn -0.009852 0.994990 0.099493
vn 0.011884 0.996804 0.079003
vn 0.708656 0.652991 0.267227
vn 0.266722 0.952276 0.148423
vn 0.681793 0.715914 0.150416
vn -0.720157 0.654431 -0.230422
vn -0.558414 0.789705 -0.254046
vn -0.334169 0.942479 -0.007979
vn -0.017339 0.995084 0.097508
vn 0.027331 0.999224 -0.028355
vn -0.005314 0.999833 0.017494
vn 0.157627 0.984426 0.077842
vn 0.311732 0.942162 0.123097
vn 0.771486 0.588710 0.241310
vn -0.671969 0.724122 -0.155258
vn -0.343936 0.936407 -0.069646
vn -0.425472 0.890322 -0.162176
vn -0.126931 0.990120 -0.059594
vn -0.015608 0.999878 -0.001132
vn -0.089123 0.995631 -0.027846
vn 0.530507 0.786009 0.317415
vn 0.627808 0.639119 0.444279
vn 0.394117 0.869227 0.298522
vn -0.313524 0.940429 -0.131515
vn -0.004618 0.999965 -0.007048
vn -0.291397 0.946046 -0.141722
vn 0.059841 0.991104 -0.118879
vn 0.030455 0.999229 -0.024775
vn 0.064072 0.975294 -0.211417
vn 0.099962 0.966386 0.236865
vn 0.062218 0.964139 0.258001
vn 0.044600 0.996666 0.068318
vn 0.025425 0.969884 -0.242236
vn -0.345489 0.355354 0.868539
vn -0.252089 0.571405 0.780991
vn 0.039073 0.961813 -0.270904
vn 0.096178 0.968579 -0.229355
vn 0.021098 0.989626 -0.142111
vn 0.013156 0.934752 -0.355057
vn -0.194491 0.691592 0.695611
vn -0.280263 0.772590 0.569699
vn 0.044374 0.995437 -0.084475
vn -0.000217 1.000000 0.000230
vn 0.005193 0.997345 -0.072633
vn -0.036539 0.997838 -0.054638
vn -0.000672 0.998960 -0.045595
vn -0.041613 0.996348 -0.074554
vn 0.055391 0.997834 -0.035488
vn -0.032878 0.996077 -0.082152
vn 0.005610 0.997420 -0.071566
vn 0.196121 0.976260 -0.091939
vn 0.126788 0.991595 -0.025787
vn 0.686371 0.694533 -0.215680
vn -0.087539 0.996152 0.004296
vn 0.005610 0.997420 -0.071566
vn 0.077519 0.995522 -0.054095
vn -0.243438 0.952141 -0.184838
vn 0.093944 0.932657 -0.348318
vn -0.028301 0.935673 -0.351732
vn -0.296009 0.951067 0.088606
vn -0.255358 0.956202 0.143075
vn -0.246064 0.938564 0.241973
vn 0.517451 0.804244 -0.292295
vn -0.032337 0.988626 -0.146880
vn 0.013575 0.976191 -0.216488
vn 0.521018 0.797519 -0.304145
vn 0.747046 0.558767 -0.360140
vn 0.684540 0.653725 -0.322567
vn 0.517451 0.804244 -0.292295
vn 0.285893 0.956415 -0.059456
vn 0.165929 0.686489 -0.707955
vn -0.110787 0.969967 0.216540
vn 0.285893 0.956415 -0.059456
vn 0.759930 0.591088 -0.270410
vn -0.329176 0.875251 0.354371
vn -0.452571 0.891728 -0.000367
vn -0.209589 0.925193 -0.316372
vn -0.403381 0.872385 -0.276093
vn -0.119807 0.936849 -0.328573
vn -0.600973 0.718717 -0.349682
vn 0.681793 0.715914 0.150416
vn 0.460712 0.800839 -0.382624
vn 0.798426 0.589966 0.120236
vn 0.512569 0.855235 0.076455
vn 0.421676 0.864064 -0.274923
vn 0.534840 0.719353 -0.443257
vn -0.332499 0.931036 0.150388
vn -0.262787 0.959728 -0.099321
vn -0.555354 0.792670 -0.251509
vn 0.318354 0.937240 0.142241
vn -0.253858 0.946196 -0.200670
vn 0.460712 0.800839 -0.382624
vn -0.137083 0.982705 -0.124493
vn -0.425563 0.866452 -0.261069
vn -0.184917 0.981263 -0.054122
vn -0.141924 0.989588 0.023942
vn 0.055391 0.997834 -0.035488
vn -0.097544 0.995205 -0.007225
vn 0.732160 0.246850 0.634828
vn 0.594752 0.683790 0.422730
vn 0.716329 0.492624 0.494160
vn 0.461008 0.761665 0.455343
vn 0.091708 0.910588 0.403013
vn 0.683113 0.448542 0.576339
vn 0.716329 0.492624 0.494160
vn 0.191888 -0.808800 0.555897
vn 0.732160 0.246850 0.634828
vn 0.431348 0.203455 0.878945
vn 0.191888 -0.808800 0.555897
vn -0.211329 -0.931243 0.296861
vn -0.644593 0.581334 -0.496539
vn -0.742356 0.557378 -0.371802
vn 0.091708 0.910588 0.403013
vn 0.333469 0.677720 0.655358
vn 0.091708 0.910588 0.403013
vn -0.480641 0.859365 0.174575
vn -0.480641 0.859365 0.174575
vn -0.520643 0.794513 -0.312539
vn 0.558010 0.826394 0.075487
vn 0.924697 0.316034 0.212268
vn 0.666996 0.744676 0.023957
vn 0.981011 0.174089 -0.085504
vn 0.026294 0.998688 -0.043939
vn 0.033055 0.998292 -0.048168
vn 0.023858 0.998521 -0.048846
vn 0.023327 0.999459 -0.023192
vn 0.157627 0.984426 0.077842
vn 0.373802 0.924680 0.072383
vn 0.020861 0.999775 0.003839
vn -0.031335 0.997907 0.056567
vn -0.054174 0.998431 0.014165
vn 0.013000 0.999445 -0.030656
vn -0.031335 0.997907 0.056567
vn 0.026294 0.998688 -0.043939
vn -0.020459 0.996490 -0.081170
vn -0.050810 0.950015 -0.308042
vn 0.028988 0.904416 -0.425665
vn -0.000448 1.000000 0.000146
vn -0.020459 0.996490 -0.081170
vn -0.014707 0.999755 -0.016521
vn -0.026658 0.999514 -0.016169
vn -0.000448 1.000000 0.000146
vn -0.014707 0.999755 -0.016521
vn -0.005314 0.999833 0.017494
vn -0.000448 1.000000 0.000146
vn 0.007607 0.999797 0.018669
vn 0.073894 0.994641 0.072313
vn -0.005119 0.995125 0.098493
vn 0.090637 0.985268 0.145026
vn 0.021257 0.999771 0.002414
vn -0.005314 0.999833 0.017494
vn 0.027331 0.999224 -0.028355
vn -0.005119 0.995125 0.098493
vn 0.073894 0.994641 0.072313
vn -0.060742 0.997821 0.025771
vn -0.313524 0.940429 -0.131515
vn -0.226829 0.973560 0.027014
vn -0.288354 0.951638 -0.106002
vn -0.114387 0.993387 -0.009944
vn -0.063012 0.993220 0.097691
vn -0.012646 0.992637 0.120465
vn -0.063012 0.993220 0.097691
vn 0.033055 0.998292 -0.048168
vn -0.017339 0.995084 0.097508
vn 0.052688 0.992992 0.105783
vn -0.005314 0.999833 0.017494
vn 0.007607 0.999797 0.018669
vn -0.017339 0.995084 0.097508
vn -0.012646 0.992637 0.120465
vn -0.063012 0.993220 0.097691
vn -0.055169 0.995472 -0.077404
vn -0.114387 0.993387 -0.009944
vn -0.098410 0.994391 -0.038767
vn 0.026294 0.998688 -0.043939
vn 0.023858 0.998521 -0.048846
vn 0.013000 0.999445 -0.030656
vn 0.221185 0.967679 -0.121142
vn 0.188590 0.872810 -0.450152
vn 0.019165 0.965847 -0.258402
vn -0.564041 0.821704 0.081611
vn -0.643465 0.698252 -0.313682
vn -0.204133 0.973733 -0.100866
vn -0.057978 0.759190 -0.648281
vn 0.142192 0.757159 -0.637567
vn 0.058109 0.645187 -0.761811
vn 0.227892 0.888760 -0.397707
vn -0.114263 0.970947 -0.210250
vn 0.273191 0.959273 -0.071846
vn -0.009576 0.932107 0.362056
vn -0.090584 0.951965 0.292503
vn 0.196857 0.979396 -0.045065
vn -0.177275 0.965762 0.189414
vn -0.090584 0.951965 0.292503
vn 0.000768 0.998399 0.056560
vn -0.002463 0.999997 0.000414
vn -0.177275 0.965762 0.189414
vn 0.000768 0.998399 0.056560
vn -0.023020 0.998133 0.056575
vn -0.181134 0.946049 0.268668
vn -0.043537 0.998427 0.035322
vn -0.012617 0.992748 0.119552
vn -0.042365 0.994407 0.096750
vn 0.001993 0.999978 0.006374
vn -0.012617 0.992748 0.119552
vn 0.001993 0.999978 0.006374
vn -0.002193 0.999993 0.003097
vn -0.037585 0.999046 -0.022256
vn -0.083167 0.993714 -0.074943
vn -0.024593 0.999153 -0.032988
vn -0.037585 0.999046 -0.022256
vn 0.000454 0.999999 0.001115
vn -0.000088 1.000000 -0.000795
vn 0.000855 1.000000 0.000211
vn -0.024593 0.999153 -0.032988
vn -0.009825 0.999799 -0.017454
vn -0.037585 0.999046 -0.022256
vn -0.024593 0.999153 -0.032988
vn 0.000318 1.000000 0.000577
vn -0.000748 1.000000 0.000144
vn 0.000221 1.000000 -0.000423
vn -0.000407 1.000000 0.000504
vn -0.000048 1.000000 -0.000992
vn 0.000957 1.000000 0.000115
vn 0.000221 1.000000 -0.000423
vn 0.000009 1.000000 0.000583
vn 0.000454 0.999999 0.001115
vn -0.000325 1.000000 0.000021
vn 0.000454 0.999999 0.001115
vn 0.000097 1.000000 0.000323
vn -0.000088 1.000000 -0.000795
vn 0.068159 0.989657 -0.126231
vn -0.053371 0.984569 -0.166660
vn -0.181134 0.946049 0.268668
vn -0.094033 0.961072 0.259804
vn -0.160057 0.920916 0.355380
vn -0.056730 0.990478 0.125442
vn -0.002463 0.999997 0.000414
vn -0.043537 0.998427 0.035322
vn -0.177275 0.965762 0.189414
vn -0.056730 0.990478 0.125442
vn -0.160057 0.920916 0.355380
vn -0.181134 0.946049 0.268668
vn -0.056730 0.990478 0.125442
vn -0.000258 0.999994 -0.003530
vn -0.014851 0.998653 0.049721
vn -0.094033 0.961072 0.259804
vn -0.046530 0.990780 0.127244
vn -0.135067 0.926933 0.350075
vn 0.194593 0.888816 0.414898
vn -0.030864 0.999316 -0.020374
vn -0.053948 0.997817 -0.038083
vn 0.336471 0.534001 0.775648
vn 0.141964 0.803471 0.578171
vn -0.108500 0.993715 -0.027540
vn 0.194593 0.888816 0.414898
vn 0.336471 0.534001 0.775648
vn 0.196676 0.879096 0.434176
vn 0.284792 0.497190 0.819570
vn 0.194593 0.888816 0.414898
vn -0.074787 0.994410 0.074535
vn 0.141964 0.803471 0.578171
vn -0.151212 0.944364 -0.292082
vn -0.315194 0.538884 -0.781190
vn -0.387013 0.384688 -0.837995
vn -0.257947 0.848138 -0.462736
vn -0.273781 0.727593 -0.629010
vn -0.028301 0.935673 -0.351732
vn -0.264311 0.935094 -0.236091
vn -0.243438 0.952141 -0.184838
vn 0.284792 0.497190 0.819570
vn -0.074787 0.994410 0.074535
vn 0.241965 0.641961 0.727557
vn -0.028301 0.935673 -0.351732
vn -0.074787 0.994410 0.074535
vn -0.264311 0.935094 -0.236091
vn 0.241965 0.641961 0.727557
vn -0.074787 0.994410 0.074535
vn 0.095453 0.995000 -0.029380
vn 0.167357 0.985833 -0.011182
vn 0.463593 0.855539 -0.230511
vn 0.118543 0.992315 -0.035479
vn 0.095453 0.995000 -0.029380
vn 0.290293 0.937005 -0.194299
vn 0.082404 0.993862 -0.073816
vn 0.001239 0.999999 -0.000179
vn 0.118543 0.992315 -0.035479
vn 0.153418 0.986061 -0.064394
vn -0.000256 1.000000 -0.000208
vn 0.000239 1.000000 0.000627
vn 0.000411 1.000000 -0.000271
vn -0.135067 0.926933 0.350075
vn 0.015133 0.999836 -0.010000
vn -0.150490 0.898017 0.413423
vn -0.154489 0.965047 0.211701
vn -0.135067 0.926933 0.350075
vn -0.046530 0.990780 0.127244
vn -0.028667 0.996040 -0.084160
vn -0.199407 0.699356 -0.686395
vn -0.221708 0.893632 -0.390215
vn -0.154489 0.965047 0.211701
vn -0.233472 0.945974 -0.224996
vn -0.219794 0.953245 0.207400
vn -0.000785 1.000000 -0.000427
vn -0.000186 1.000000 0.000027
vn -0.001015 1.000000 0.000191
vn 0.000221 1.000000 -0.000423
vn -0.000748 1.000000 0.000144
vn -0.000307 1.000000 -0.000189
vn -0.039083 0.991154 -0.126834
vn 0.000713 0.999999 0.001282
vn -0.024323 0.992467 -0.120075
vn -0.033197 0.996377 -0.078295
vn -0.273781 0.727593 -0.629010
vn -0.024323 0.992467 -0.120075
vn 0.217850 0.732360 0.645128
vn 0.316853 0.630264 0.708782
vn 0.046004 0.945064 0.323632
vn 0.316853 0.630264 0.708782
vn 0.174076 0.824611 0.538251
vn 0.050727 0.979204 0.196435
vn 0.316853 0.630264 0.708782
vn 0.050727 0.979204 0.196435
vn 0.116794 0.977258 0.176994
vn -0.030864 0.999316 -0.020374
vn 0.194593 0.888816 0.414898
vn 0.196676 0.879096 0.434176
vn -0.234720 0.701550 -0.672855
vn -0.271791 0.667238 -0.693486
vn -0.232553 0.658335 -0.715901
vn 0.217850 0.732360 0.645128
vn -0.271791 0.667238 -0.693486
vn -0.060728 0.996326 -0.060388
vn 0.258319 0.773329 0.578993
vn 0.171870 0.793594 0.583669
vn 0.172024 0.770609 0.613653
vn 0.171870 0.793594 0.583669
vn 0.258319 0.773329 0.578993
vn 0.192763 0.873710 0.446624
vn 0.217850 0.732360 0.645128
vn -0.060728 0.996326 -0.060388
vn 0.326589 0.602657 0.728110
vn 0.316853 0.630264 0.708782
vn 0.217850 0.732360 0.645128
vn 0.174076 0.824611 0.538251
vn -0.026389 0.960468 0.277138
vn -0.080156 0.992367 0.093714
vn 0.062218 0.964139 0.258001
vn -0.000354 0.924874 0.380273
vn -0.026389 0.960468 0.277138
vn 0.112124 0.845371 0.522280
vn 0.044600 0.996666 0.068318
vn 0.062218 0.964139 0.258001
vn 0.079346 0.984977 0.153375
vn -0.026389 0.960468 0.277138
vn 0.062218 0.964139 0.258001
vn 0.099962 0.966386 0.236865
vn 0.005993 0.999982 0.000985
vn 0.000003 0.999999 0.001200
vn -0.000129 1.000000 0.000169
vn 0.000015 1.000000 0.000399
vn 0.017669 0.999344 0.031606
vn -0.000129 1.000000 0.000169
vn 0.041840 0.988452 0.145641
vn 0.104728 0.956185 0.273391
vn 0.006559 0.999458 0.032255
vn -0.026389 0.960468 0.277138
vn 0.104728 0.956185 0.273391
vn 0.112124 0.845371 0.522280
vn -0.030864 0.999316 -0.020374
vn -0.250695 0.954094 -0.163882
vn -0.053948 0.997817 -0.038083
vn -0.296009 0.951067 0.088606
vn -0.250695 0.954094 -0.163882
vn -0.255358 0.956202 0.143075
vn -0.246064 0.938564 0.241973
vn -0.255358 0.956202 0.143075
vn -0.126755 0.974528 0.185011
vn -0.296009 0.951067 0.088606
vn -0.374066 0.898511 0.229681
vn 0.231293 0.965808 -0.117126
vn 0.068533 0.906791 -0.415972
vn -0.086986 0.875741 0.474880
vn 0.155924 0.881476 -0.445743
vn 0.068533 0.906791 -0.415972
vn 0.105046 0.924505 -0.366410
vn 0.047400 0.936008 -0.348772
vn 0.153931 0.887544 -0.434248
vn 0.155924 0.881476 -0.445743
vn 0.166002 0.889619 -0.425467
vn 0.044751 0.985420 -0.164147
vn 0.030437 0.995624 -0.088355
vn 0.003287 0.999975 -0.006223
vn 0.044751 0.985420 -0.164147
vn 0.033248 0.989419 -0.141228
vn 0.047400 0.936008 -0.348772
vn 0.073491 0.958921 -0.273989
vn 0.037677 0.947144 -0.318590
vn 0.041549 0.964674 -0.260149
vn 0.165518 0.866491 -0.470954
vn -0.078760 0.976258 0.201786
vn 0.022494 0.992491 0.120235
vn 0.166002 0.889619 -0.425467
vn 0.072315 0.976855 -0.201307
vn 0.102182 0.954863 -0.278919
vn 0.165518 0.866491 -0.470954
vn 0.166002 0.889619 -0.425467
vn -0.078760 0.976258 0.201786
vn 0.076294 0.964843 -0.251510
vn 0.165518 0.866491 -0.470954
vn -0.003619 0.944371 -0.328862
vn -0.231446 0.955899 0.180801
vn -0.303516 0.951796 -0.044295
vn 0.036028 0.998861 0.031286
vn 0.076294 0.964843 -0.251510
vn -0.003619 0.944371 -0.328862
vn -0.235777 0.963479 -0.126957
vn -0.222879 0.972945 -0.060855
vn -0.518785 0.853182 -0.054248
vn -0.444906 0.895032 -0.031254
vn 0.036028 0.998861 0.031286
vn -0.303516 0.951796 -0.044295
vn -0.003619 0.944371 -0.328862
vn -0.219794 0.953245 0.207400
vn 0.079756 0.968006 -0.237914
vn -0.165182 0.942990 0.288936
vn -0.425764 0.766435 -0.480938
vn -0.219794 0.953245 0.207400
vn -0.233472 0.945974 -0.224996
vn -0.235637 0.393490 -0.888617
vn -0.299744 0.304472 -0.904130
vn -0.233472 0.945974 -0.224996
vn -0.416541 0.535677 -0.734536
vn -0.299744 0.304472 -0.904130
vn -0.321116 0.581225 -0.747705
vn -0.221708 0.893632 -0.390215
vn -0.233472 0.945974 -0.224996
vn -0.154489 0.965047 0.211701
vn -0.235637 0.393490 -0.888617
vn -0.286919 0.277709 -0.916818
vn -0.194575 0.616650 -0.762813
vn -0.429255 0.856613 -0.286275
vn -0.224174 0.957775 0.180038
vn -0.292163 0.922890 -0.250829
vn 0.394117 0.869227 0.298522
vn -0.287137 0.956998 -0.041309
vn 0.530507 0.786009 0.317415
vn 0.140260 0.920264 0.365296
vn 0.243275 0.288718 0.925991
vn 0.322177 0.295593 0.899348
vn 0.322177 0.295593 0.899348
vn 0.243275 0.288718 0.925991
vn 0.136631 0.861434 0.489145
vn 0.136631 0.861434 0.489145
vn 0.251093 0.598908 0.760435
vn 0.322177 0.295593 0.899348
vn -0.018933 0.999548 0.023373
vn 0.136631 0.861434 0.489145
vn 0.124213 0.881344 0.455854
vn -0.467648 0.880677 -0.075589
vn -0.281852 0.959083 0.026833
vn -0.209236 0.976508 -0.051495
vn -0.209236 0.976508 -0.051495
vn 0.136631 0.861434 0.489145
vn -0.018933 0.999548 0.023373
vn 0.136631 0.861434 0.489145
vn -0.209236 0.976508 -0.051495
vn -0.281852 0.959083 0.026833
vn -0.184972 0.981479 -0.049837
vn -0.395591 0.916375 -0.061351
vn -0.209236 0.976508 -0.051495
vn 0.136631 0.861434 0.489145
vn -0.281852 0.959083 0.026833
vn 0.251093 0.598908 0.760435
vn 0.136631 0.861434 0.489145
vn 0.243275 0.288718 0.925991
vn 0.124213 0.881344 0.455854
vn -0.018933 0.999548 0.023373
vn -0.072146 0.997133 -0.022804
vn -0.184972 0.981479 -0.049837
vn -0.233580 0.969726 -0.071211
vn -0.094146 0.995535 -0.006823
vn -0.425035 0.900761 -0.089308
vn -0.184972 0.981479 -0.049837
vn -0.209236 0.976508 -0.051495
vn -0.018933 0.999548 0.023373
vn -0.379752 0.918117 -0.113360
vn -0.537017 0.809739 -0.236507
vn -0.604461 0.768793 -0.208768
vn -0.018933 0.999548 0.023373
vn -0.002600 0.999995 -0.001980
vn -0.072146 0.997133 -0.022804
vn -0.379752 0.918117 -0.113360
vn -0.395591 0.916375 -0.061351
vn -0.184972 0.981479 -0.049837
vn -0.459794 0.875992 -0.145697
vn -0.604461 0.768793 -0.208768
vn -0.514954 0.819376 -0.251883
vn 0.260597 0.953614 0.150697
vn -0.350500 0.927156 -0.132406
vn -0.459794 0.875992 -0.145697
vn -0.000304 1.000000 0.000084
vn -0.015608 0.999878 -0.001132
vn -0.006068 0.999980 -0.001858
vn -0.343936 0.936407 -0.069646
vn -0.425035 0.900761 -0.089308
vn -0.094146 0.995535 -0.006823
vn 0.630738 0.657496 0.412151
vn 0.205869 0.970482 0.125627
vn 0.463904 0.832158 0.303818
vn 0.542169 0.762266 0.353558
vn 0.109815 0.990860 0.078336
vn 0.096263 0.994464 0.042118
vn -0.459794 0.875992 -0.145697
vn -0.514954 0.819376 -0.251883
vn 0.448221 0.845568 0.290022
vn -0.549121 0.830142 -0.096594
vn -0.604461 0.768793 -0.208768
vn -0.350500 0.927156 -0.132406
vn 0.038213 0.998932 -0.025992
vn 0.019259 0.999534 -0.023699
vn -0.006357 0.999973 -0.003666
vn 0.000411 1.000000 -0.000271
vn -0.000672 0.998960 -0.045595
vn -0.000256 1.000000 -0.000208
vn -0.184917 0.981263 -0.054122
vn 0.019259 0.999534 -0.023699
vn -0.137083 0.982705 -0.124493
vn -0.089123 0.995631 -0.027846
vn -0.015608 0.999878 -0.001132
vn -0.000521 1.000000 0.000099
vn 0.000239 1.000000 0.000627
vn -0.000304 1.000000 0.000084
vn 0.000138 1.000000 0.000120
vn 0.167357 0.985833 -0.011182
vn 0.001239 0.999999 -0.000179
vn 0.067916 0.997512 -0.018931
vn 0.038213 0.998932 -0.025992
vn 0.067467 0.995387 -0.068215
vn 0.077519 0.995522 -0.054095
vn 0.038213 0.998932 -0.025992
vn -0.006357 0.999973 -0.003666
vn -0.000521 1.000000 0.000099
vn -0.189541 0.980624 0.049507
vn -0.065452 0.992069 0.107311
vn -0.203123 0.977487 -0.057098
vn -0.318286 0.947656 -0.025328
vn -0.479873 0.843682 -0.240672
vn -0.466209 0.859542 -0.209372
vn -0.026551 0.999389 0.022744
vn -0.065452 0.992069 0.107311
vn 0.015404 0.989829 0.141423
vn 0.002791 0.999996 0.001084
vn -0.313524 0.940429 -0.131515
vn -0.236633 0.964159 -0.120014
vn -0.080372 0.988357 0.129190
vn 0.002521 0.995552 0.094176
vn -0.057916 0.991453 0.116904
vn -0.060210 0.987134 0.148129
vn -0.005415 0.994524 0.104364
vn 0.002521 0.995552 0.094176
vn -0.100783 0.991475 0.082583
vn 0.011884 0.996804 0.079003
vn -0.009852 0.994990 0.099493
vn -0.060742 0.997821 0.025771
vn -0.026658 0.999514 -0.016169
vn -0.031095 0.998988 0.032500
vn 0.708656 0.652991 0.267227
vn -0.262787 0.959728 -0.099321
vn 0.266722 0.952276 0.148423
vn -0.558414 0.789705 -0.254046
vn -0.262787 0.959728 -0.099321
vn -0.334169 0.942479 -0.007979
vn 0.373802 0.924680 0.072383
vn 0.378596 0.923956 0.054498
vn 0.013000 0.999445 -0.030656
vn -0.334169 0.942479 -0.007979
vn 0.598538 0.757366 0.261054
vn -0.188932 0.981275 -0.037472
vn -0.720157 0.654431 -0.230422
vn -0.334169 0.942479 -0.007979
vn -0.188932 0.981275 -0.037472
vn -0.425472 0.890322 -0.162176
vn -0.089123 0.995631 -0.027846
vn -0.184917 0.981263 -0.054122
vn 0.553110 0.694328 0.460410
vn 0.627808 0.639119 0.444279
vn 0.392207 0.878234 0.273640
vn -0.026551 0.999389 0.022744
vn 0.015404 0.989829 0.141423
vn 0.074280 0.996052 0.048612
vn 0.064072 0.975294 -0.211417
vn -0.061756 0.992273 0.107615
vn 0.126744 0.977229 -0.170176
vn 0.014125 0.994893 -0.099947
vn 0.054695 0.994975 -0.083869
vn 0.072567 0.977679 -0.197174
vn -0.042897 0.998133 0.043472
vn -0.104316 0.955617 0.275526
vn -0.265252 -0.207870 0.941505
vn -0.297968 0.045758 0.953479
vn -0.171069 0.228671 0.958355
vn -0.020447 0.999720 -0.011943
vn 0.014125 0.994893 -0.099947
vn 0.072567 0.977679 -0.197174
vn 0.037515 0.967448 -0.250274
vn -0.042897 0.998133 0.043472
vn 0.106030 0.978809 -0.175190
vn -0.104316 0.955617 0.275526
vn 0.021098 0.989626 -0.142111
vn 0.025425 0.969884 -0.242236
vn 0.039073 0.961813 -0.270904
vn 0.037677 0.947144 -0.318590
vn -0.252089 0.571405 0.780991
vn -0.194491 0.691592 0.695611
vn 0.077519 0.995522 -0.054095
vn 0.067467 0.995387 -0.068215
vn -0.036539 0.997838 -0.054638
vn -0.032878 0.996077 -0.082152
vn 0.077519 0.995522 -0.054095
vn 0.005610 0.997420 -0.071566
vn -0.087539 0.996152 0.004296
vn -0.036539 0.997838 -0.054638
vn 0.153418 0.986061 -0.064394
vn -0.187602 0.980400 0.060179
vn -0.156302 0.987387 0.025233
vn -0.097544 0.995205 -0.007225
vn 0.005610 0.997420 -0.071566
vn -0.187602 0.980400 0.060179
vn 0.055391 0.997834 -0.035488
vn -0.499546 0.804211 0.322021
vn -0.461689 0.887008 -0.007743
vn -0.142073 0.978173 0.151635
vn 0.463593 0.855539 -0.230511
vn 0.167357 0.985833 -0.011182
vn 0.517337 0.844426 -0.138954
vn 0.153418 0.986061 -0.064394
vn 0.592250 0.792686 -0.144532
vn 0.126788 0.991595 -0.025787
vn 0.463593 0.855539 -0.230511
vn 0.153418 0.986061 -0.064394
vn 0.118543 0.992315 -0.035479
vn 0.592250 0.792686 -0.144532
vn 0.153418 0.986061 -0.064394
vn 0.512509 0.828413 -0.225980
vn 0.231293 0.965808 -0.117126
vn 0.093944 0.932657 -0.348318
vn -0.243438 0.952141 -0.184838
vn 0.512509 0.828413 -0.225980
vn 0.231293 0.965808 -0.117126
vn -0.277482 0.954343 0.110602
vn -0.119807 0.936849 -0.328573
vn 0.013575 0.976191 -0.216488
vn -0.531303 0.845854 -0.047418
vn -0.403381 0.872385 -0.276093
vn -0.600973 0.718717 -0.349682
vn -0.670595 0.681843 -0.292219
vn -0.110787 0.969967 0.216540
vn 0.759930 0.591088 -0.270410
vn 0.747046 0.558767 -0.360140
vn 0.014374 0.999186 -0.037690
vn 0.266812 0.956702 -0.116333
vn 0.523669 0.810980 -0.260925
vn -0.531303 0.845854 -0.047418
vn -0.452571 0.891728 -0.000367
vn -0.329176 0.875251 0.354371
vn -0.119807 0.936849 -0.328573
vn -0.531303 0.845854 -0.047418
vn -0.600973 0.718717 -0.349682
vn -0.177501 0.908344 0.378688
vn -0.209589 0.925193 -0.316372
vn 0.500261 0.851472 0.157273
vn -0.594622 0.803941 -0.010180
vn -0.441888 0.890950 -0.104608
vn -0.758495 0.581656 -0.293875
vn 0.460712 0.800839 -0.382624
vn 0.205019 0.963327 -0.173114
vn 0.378596 0.923956 0.054498
vn 0.421676 0.864064 -0.274923
vn 0.303612 0.874621 -0.377965
vn 0.534840 0.719353 -0.443257
vn -0.253858 0.946196 -0.200670
vn 0.318354 0.937240 0.142241
vn -0.331877 0.908794 0.252887
vn 0.534840 0.719353 -0.443257
vn 0.303612 0.874621 -0.377965
vn 0.460712 0.800839 -0.382624
vn 0.547651 0.815012 -0.189301
vn 0.512569 0.855235 0.076455
vn 0.405253 0.900318 -0.158739
vn 0.221185 0.967679 -0.121142
vn 0.019165 0.965847 -0.258402
vn -0.054174 0.998431 0.014165
vn -0.332499 0.931036 0.150388
vn 0.681793 0.715914 0.150416
vn 0.266722 0.952276 0.148423
vn 0.460712 0.800839 -0.382624
vn 0.681793 0.715914 0.150416
vn 0.318354 0.937240 0.142241
vn -0.555354 0.792670 -0.251509
vn -0.425563 0.866452 -0.261069
vn -0.461689 0.887008 -0.007743
vn 0.318354 0.937240 0.142241
vn -0.455903 0.847604 0.271515
vn -0.331877 0.908794 0.252887
vn 0.679424 -0.136857 0.720870
vn 0.191888 -0.808800 0.555897
vn 0.716329 0.492624 0.494160
vn 0.379085 0.917059 0.123682
vn 0.431348 0.203455 0.878945
vn 0.571148 0.640685 0.513141
vn -0.114263 0.970947 -0.210250
vn -0.204133 0.973733 -0.100866
vn 0.273191 0.959273 -0.071846
vn 0.732160 0.246850 0.634828
vn -0.443370 0.838373 -0.317103
vn 0.461008 0.761665 0.455343
vn -0.282423 0.931011 -0.231206
vn 0.261202 0.543696 0.797602
vn 0.286685 0.950354 0.120990
vn -0.443370 0.838373 -0.317103
vn 0.261202 0.543696 0.797602
vn -0.282423 0.931011 -0.231206
vn -0.643465 0.698252 -0.313682
vn -0.282423 0.931011 -0.231206
vn -0.204133 0.973733 -0.100866
vn -0.138556 0.894476 -0.425105
vn -0.303865 0.949250 0.081183
vn -0.061008 0.737510 -0.672575
vn -0.204133 0.973733 -0.100866
vn -0.282423 0.931011 -0.231206
vn 0.286685 0.950354 0.120990
vn -0.643465 0.698252 -0.313682
vn -0.597614 0.669253 -0.441540
vn -0.443370 0.838373 -0.317103
vn -0.204133 0.973733 -0.100866
vn 0.286685 0.950354 0.120990
vn 0.379085 0.917059 0.123682
vn -0.204133 0.973733 -0.100866
vn -0.114263 0.970947 -0.210250
vn -0.564041 0.821704 0.081611
vn -0.643465 0.698252 -0.313682
vn -0.443370 0.838373 -0.317103
vn -0.282423 0.931011 -0.231206
vn -0.644593 0.581334 -0.496539
vn -0.443370 0.838373 -0.317103
vn -0.597614 0.669253 -0.441540
vn 0.571148 0.640685 0.513141
vn 0.431348 0.203455 0.878945
vn -0.211329 -0.931243 0.296861
vn 0.261202 0.543696 0.797602
vn 0.431348 0.203455 0.878945
vn 0.286685 0.950354 0.120990
vn -0.520643 0.794513 -0.312539
vn -0.701385 0.576544 -0.419114
vn 0.123369 0.987731 0.095752
vn 0.126606 0.989739 0.066243
vn -0.480641 0.859365 0.174575
vn 0.558010 0.826394 0.075487
vn -0.288354 0.951638 -0.106002
vn -0.236633 0.964159 -0.120014
vn -0.313524 0.940429 -0.131515
vn -0.005119 0.995125 0.098493
vn -0.060742 0.997821 0.025771
vn -0.100783 0.991475 0.082583
vn 0.020861 0.999775 0.003839
vn 0.033055 0.998292 -0.048168
vn 0.026294 0.998688 -0.043939
vn -0.017339 0.995084 0.097508
vn 0.033055 0.998292 -0.048168
vn 0.027331 0.999224 -0.028355
vn 0.025942 0.999555 0.014708
vn -0.117008 0.989683 -0.082679
vn -0.002196 0.999996 0.001676
vn 0.023151 0.999684 0.009807
vn 0.157627 0.984426 0.077842
vn -0.038761 0.999243 0.003449
vn -0.063012 0.993220 0.097691
vn -0.114387 0.993387 -0.009944
vn -0.038761 0.999243 0.003449
vn 0.157627 0.984426 0.077842
vn 0.771486 0.588710 0.241310
vn 0.373802 0.924680 0.072383
vn 0.023151 0.999684 0.009807
vn -0.038761 0.999243 0.003449
vn -0.055169 0.995472 -0.077404
vn 0.023327 0.999459 -0.023192
vn -0.038761 0.999243 0.003449
vn 0.157627 0.984426 0.077842
vn 0.013000 0.999445 -0.030656
vn 0.023858 0.998521 -0.048846
vn 0.023327 0.999459 -0.023192
vn -0.038761 0.999243 0.003449
vn 0.023327 0.999459 -0.023192
vn 0.023858 0.998521 -0.048846
vn 0.798426 0.589966 0.120236
vn 0.378596 0.923956 0.054498
vn 0.708656 0.652991 0.267227
vn 0.378596 0.923956 0.054498
vn 0.798426 0.589966 0.120236
vn 0.460712 0.800839 -0.382624
vn 0.025942 0.999555 0.014708
vn -0.002196 0.999996 0.001676
vn 0.109815 0.990860 0.078336
vn 0.542169 0.762266 0.353558
vn 0.463904 0.832158 0.303818
vn 0.109815 0.990860 0.078336
vn 0.023151 0.999684 0.009807
vn -0.055169 0.995472 -0.077404
vn 0.025942 0.999555 0.014708
vn 0.023151 0.999684 0.009807
vn 0.078283 0.995525 0.052929
vn 0.311732 0.942162 0.123097
vn 0.142192 0.757159 -0.637567
vn -0.057978 0.759190 -0.648281
vn -0.114263 0.970947 -0.210250
vn -0.056037 0.618952 -0.783427
vn -0.057978 0.759190 -0.648281
vn 0.058109 0.645187 -0.761811
vn 0.188590 0.872810 -0.450152
vn -0.056037 0.618952 -0.783427
vn 0.019165 0.965847 -0.258402
vn -0.057978 0.759190 -0.648281
vn -0.056037 0.618952 -0.783427
vn -0.061008 0.737510 -0.672575
vn 0.082885 0.783024 -0.616444
vn 0.227892 0.888760 -0.397707
vn 0.322390 0.929931 -0.176900
vn -0.114263 0.970947 -0.210250
vn 0.227892 0.888760 -0.397707
vn 0.142192 0.757159 -0.637567
vn 0.000765 0.999999 0.000882
vn 0.000768 0.998399 0.056560
vn -0.006344 0.998325 0.057509
vn -0.000320 1.000000 -0.000900
vn -0.002463 0.999997 0.000414
vn 0.000765 0.999999 0.000882
vn -0.042365 0.994407 0.096750
vn -0.090938 0.902549 0.420875
vn -0.076642 0.960552 0.267331
vn 0.001993 0.999978 0.006374
vn -0.042365 0.994407 0.096750
vn -0.003953 0.999962 0.007762
vn -0.000727 1.000000 -0.000659
vn -0.000325 1.000000 0.000021
vn -0.000048 1.000000 -0.000992
vn -0.000727 1.000000 -0.000659
vn 0.000532 1.000000 -0.000097
vn 0.000291 1.000000 -0.000798
vn -0.003261 0.993849 0.110697
vn -0.006344 0.998325 0.057509
vn -0.009576 0.932107 0.362056
vn -0.051090 0.877845 0.476212
vn -0.012617 0.992748 0.119552
vn -0.003261 0.993849 0.110697
vn -0.006890 0.999922 0.010425
vn -0.000088 1.000000 -0.000795
vn 0.000097 1.000000 0.000323
vn -0.039384 0.999147 -0.012419
vn -0.000088 1.000000 -0.000795
vn -0.005220 0.999954 0.008033
vn -0.048574 0.994107 0.096912
vn -0.039384 0.999147 -0.012419
vn -0.005220 0.999954 0.008033
vn -0.073613 0.997185 -0.014238
vn -0.037585 0.999046 -0.022256
vn -0.039384 0.999147 -0.012419
vn 0.000221 1.000000 -0.000423
vn -0.000307 1.000000 -0.000189
vn -0.000048 1.000000 -0.000992
vn 0.000855 1.000000 0.000211
vn -0.000407 1.000000 0.000504
vn 0.000221 1.000000 -0.000423
vn -0.000307 1.000000 -0.000189
vn 0.000085 1.000000 -0.000081
vn -0.000048 1.000000 -0.000992
vn -0.000727 1.000000 -0.000659
vn -0.000048 1.000000 -0.000992
vn 0.000011 1.000000 -0.000107
vn 0.000221 1.000000 -0.000423
vn 0.000957 1.000000 0.000115
vn 0.000855 1.000000 0.000211
vn -0.000048 1.000000 -0.000992
vn -0.000325 1.000000 0.000021
vn 0.000957 1.000000 0.000115
vn -0.006365 0.999964 0.005613
vn -0.056730 0.990478 0.125442
vn -0.023020 0.998133 0.056575
vn -0.041470 0.984462 -0.170629
vn -0.000242 1.000000 0.000117
vn -0.001666 0.999851 -0.017211
vn -0.160057 0.920916 0.355380
vn -0.150490 0.898017 0.413423
vn 0.031408 0.986801 -0.158862
vn -0.135067 0.926933 0.350075
vn -0.150490 0.898017 0.413423
vn -0.094033 0.961072 0.259804
vn 0.388686 0.258514 0.884361
vn 0.241965 0.641961 0.727557
vn 0.319926 0.639192 0.699344
vn 0.241965 0.641961 0.727557
vn 0.388686 0.258514 0.884361
vn 0.205956 0.762239 0.613656
vn -0.074787 0.994410 0.074535
vn 0.194593 0.888816 0.414898
vn -0.053948 0.997817 -0.038083
vn 0.336471 0.534001 0.775648
vn 0.194593 0.888816 0.414898
vn 0.284792 0.497190 0.819570
vn 0.336471 0.534001 0.775648
vn 0.259552 0.756600 0.600157
vn 0.324296 0.456274 0.828641
vn -0.367672 0.733096 -0.572177
vn 0.259552 0.756600 0.600157
vn -0.108500 0.993715 -0.027540
vn -0.285733 0.869388 -0.403139
vn -0.339353 0.556815 -0.758153
vn -0.273781 0.727593 -0.629010
vn -0.315194 0.538884 -0.781190
vn -0.108500 0.993715 -0.027540
vn 0.141964 0.803471 0.578171
vn 0.011861 0.999872 0.010710
vn 0.082404 0.993862 -0.073816
vn 0.067916 0.997512 -0.018931
vn 0.319926 0.639192 0.699344
vn 0.206272 0.941592 0.266187
vn 0.221342 0.342300 0.913148
vn 0.319926 0.639192 0.699344
vn 0.221342 0.342300 0.913148
vn 0.114488 0.903085 0.413921
vn 0.095453 0.995000 -0.029380
vn 0.319926 0.639192 0.699344
vn 0.241965 0.641961 0.727557
vn 0.221342 0.342300 0.913148
vn 0.307230 0.113732 0.944815
vn 0.174728 0.483685 0.857624
vn -0.329323 0.407910 -0.851561
vn -0.218894 0.640147 -0.736408
vn -0.309649 0.334664 -0.890010
vn 0.319926 0.639192 0.699344
vn 0.114488 0.903085 0.413921
vn 0.388686 0.258514 0.884361
vn 0.114488 0.903085 0.413921
vn 0.205956 0.762239 0.613656
vn 0.388686 0.258514 0.884361
vn 0.290293 0.937005 -0.194299
vn -0.028301 0.935673 -0.351732
vn 0.093944 0.932657 -0.348318
vn -0.074787 0.994410 0.074535
vn -0.028301 0.935673 -0.351732
vn 0.095453 0.995000 -0.029380
vn 0.167357 0.985833 -0.011182
vn 0.118543 0.992315 -0.035479
vn 0.001239 0.999999 -0.000179
vn 0.290293 0.937005 -0.194299
vn 0.167357 0.985833 -0.011182
vn 0.067916 0.997512 -0.018931
vn -0.135067 0.926933 0.350075
vn -0.165182 0.942990 0.288936
vn 0.080146 0.996739 -0.009348
vn -0.219794 0.953245 0.207400
vn -0.165182 0.942990 0.288936
vn -0.154489 0.965047 0.211701
vn 0.316853 0.630264 0.708782
vn 0.218406 0.814850 0.536954
vn 0.324296 0.456274 0.828641
vn -0.030864 0.999316 -0.020374
vn 0.218406 0.814850 0.536954
vn 0.116794 0.977258 0.176994
vn 0.136980 0.941731 0.307212
vn 0.006501 0.999377 0.034679
vn 0.045762 0.995027 0.088467
vn -0.001008 0.999998 0.001805
vn -0.023860 0.999534 0.019037
vn -0.035972 0.993501 0.107994
vn -0.122569 0.991339 0.047160
vn -0.056756 0.998250 0.016591
vn -0.035972 0.993501 0.107994
vn -0.030864 0.999316 -0.020374
vn -0.122569 0.991339 0.047160
vn -0.250695 0.954094 -0.163882
vn -0.076494 0.994061 -0.077403
vn -0.285832 0.813599 -0.506317
vn -0.315012 0.747114 -0.585310
vn 0.172024 0.770609 0.613653
vn 0.171870 0.793594 0.583669
vn -0.076494 0.994061 -0.077403
vn -0.000042 1.000000 0.000173
vn 0.009235 0.999904 0.010340
vn -0.002884 0.999933 0.011253
vn 0.054139 0.993026 0.104734
vn 0.000244 1.000000 -0.000047
vn 0.006501 0.999377 0.034679
vn 0.326589 0.602657 0.728110
vn 0.136980 0.941731 0.307212
vn 0.221842 0.771853 0.595843
vn -0.060728 0.996326 -0.060388
vn 0.171870 0.793594 0.583669
vn 0.326589 0.602657 0.728110
vn 0.221842 0.771853 0.595843
vn 0.136980 0.941731 0.307212
vn 0.045762 0.995027 0.088467
vn 0.174076 0.824611 0.538251
vn 0.217850 0.732360 0.645128
vn 0.221842 0.771853 0.595843
vn -0.000354 0.924874 0.380273
vn 0.112124 0.845371 0.522280
vn 0.133469 0.825215 0.548823
vn -0.288475 0.890051 -0.352974
vn -0.000354 0.924874 0.380273
vn -0.302779 0.822478 -0.481513
vn -0.249652 0.778237 -0.576212
vn -0.288475 0.890051 -0.352974
vn -0.302779 0.822478 -0.481513
vn -0.206528 0.914429 -0.348089
vn -0.026389 0.960468 0.277138
vn -0.288475 0.890051 -0.352974
vn -0.000129 1.000000 0.000169
vn 0.000003 0.999999 0.001200
vn 0.000015 1.000000 0.000399
vn 0.044600 0.996666 0.068318
vn 0.005993 0.999982 0.000985
vn -0.000129 1.000000 0.000169
vn 0.000003 0.999999 0.001200
vn -0.000159 1.000000 0.000489
vn 0.000015 1.000000 0.000399
vn 0.016553 0.999782 0.012705
vn 0.041840 0.988452 0.145641
vn 0.009235 0.999904 0.010340
vn -0.000129 1.000000 0.000169
vn 0.017669 0.999344 0.031606
vn 0.044600 0.996666 0.068318
vn 0.000015 1.000000 0.000399
vn 0.006559 0.999458 0.032255
vn 0.017669 0.999344 0.031606
vn -0.250695 0.954094 -0.163882
vn -0.243438 0.952141 -0.184838
vn -0.264311 0.935094 -0.236091
vn 0.231293 0.965808 -0.117126
vn -0.243438 0.952141 -0.184838
vn -0.296009 0.951067 0.088606
vn -0.246064 0.938564 0.241973
vn -0.023860 0.999534 0.019037
vn -0.105586 0.990626 0.086674
vn 0.231293 0.965808 -0.117126
vn -0.374066 0.898511 0.229681
vn -0.277482 0.954343 0.110602
vn 0.166002 0.889619 -0.425467
vn 0.155924 0.881476 -0.445743
vn -0.075034 0.899059 0.431350
vn 0.068533 0.906791 -0.415972
vn 0.155924 0.881476 -0.445743
vn 0.153931 0.887544 -0.434248
vn 0.102182 0.954863 -0.278919
vn 0.030437 0.995624 -0.088355
vn 0.118424 0.929349 -0.349694
vn 0.072315 0.976855 -0.201307
vn 0.076294 0.964843 -0.251510
vn 0.009491 0.998857 -0.046840
vn 0.068533 0.906791 -0.415972
vn 0.013156 0.934752 -0.355057
vn -0.280263 0.772590 0.569699
vn 0.037677 0.947144 -0.318590
vn 0.013156 0.934752 -0.355057
vn 0.032981 0.922172 -0.385371
vn 0.033248 0.989419 -0.141228
vn 0.044751 0.985420 -0.164147
vn -0.000672 0.999966 -0.008225
vn 0.041549 0.964674 -0.260149
vn 0.033248 0.989419 -0.141228
vn 0.010771 0.999264 -0.036818
vn 0.037677 0.947144 -0.318590
vn 0.032981 0.922172 -0.385371
vn 0.041549 0.964674 -0.260149
vn 0.037677 0.947144 -0.318590
vn 0.073491 0.958921 -0.273989
vn 0.025425 0.969884 -0.242236
vn -0.031057 0.998222 -0.050870
vn -0.235777 0.963479 -0.126957
vn -0.344916 0.936742 -0.059567
vn -0.031057 0.998222 -0.050870
vn -0.025810 0.999629 -0.008700
vn 0.009491 0.998857 -0.046840
vn 0.000680 1.000000 0.000033
vn 0.000905 1.000000 0.000178
vn 0.000186 1.000000 0.000398
vn 0.072315 0.976855 -0.201307
vn 0.009491 0.998857 -0.046840
vn 0.009118 0.999272 -0.037055
vn -0.000377 1.000000 0.000779
vn -0.000161 1.000000 0.000065
vn 0.000090 1.000000 0.000671
vn 0.000155 1.000000 0.000105
vn 0.030437 0.995624 -0.088355
vn 0.009118 0.999272 -0.037055
vn 0.000905 1.000000 0.000178
vn 0.009118 0.999272 -0.037055
vn 0.009491 0.998857 -0.046840
vn 0.000680 1.000000 0.000033
vn -0.000639 1.000000 -0.000542
vn 0.000155 1.000000 0.000105
vn -0.025810 0.999629 -0.008700
vn -0.004966 0.999986 -0.001977
vn 0.000186 1.000000 0.000398
vn 0.000905 1.000000 0.000178
vn 0.000680 1.000000 0.000033
vn 0.000155 1.000000 0.000105
vn -0.003619 0.944371 -0.328862
vn 0.165518 0.866491 -0.470954
vn 0.022494 0.992491 0.120235
vn 0.166002 0.889619 -0.425467
vn 0.165518 0.866491 -0.470954
vn 0.076294 0.964843 -0.251510
vn -0.299744 0.304472 -0.904130
vn -0.304481 0.232726 -0.923650
vn -0.321116 0.581225 -0.747705
vn -0.194575 0.616650 -0.762813
vn 0.310745 0.557502 0.769824
vn 0.140260 0.920264 0.365296
vn -0.046530 0.990780 0.127244
vn -0.028667 0.996040 -0.084160
vn -0.154489 0.965047 0.211701
vn -0.026917 0.997869 -0.059435
vn -0.199407 0.699356 -0.686395
vn -0.028667 0.996040 -0.084160
vn -0.096767 0.807514 -0.581856
vn -0.262655 0.346858 -0.900390
vn -0.199407 0.699356 -0.686395
vn -0.235637 0.393490 -0.888617
vn -0.221708 0.893632 -0.390215
vn -0.199407 0.699356 -0.686395
vn -0.286919 0.277709 -0.916818
vn -0.163118 0.845019 -0.509250
vn -0.194575 0.616650 -0.762813
vn 0.056874 0.957421 0.283037
vn 0.156360 0.969863 0.186862
vn 0.254003 0.567389 0.783296
vn -0.251574 0.948152 0.194211
vn -0.461279 0.831894 -0.308502
vn -0.141996 0.934428 0.326622
vn -0.523476 0.827212 -0.204188
vn -0.382889 0.914804 -0.128570
vn -0.281852 0.959083 0.026833
vn -0.141996 0.934428 0.326622
vn -0.461279 0.831894 -0.308502
vn -0.429255 0.856613 -0.286275
vn -0.429255 0.856613 -0.286275
vn -0.461279 0.831894 -0.308502
vn -0.299615 0.930427 -0.211035
vn 0.570981 0.729657 0.376274
vn 0.542169 0.762266 0.353558
vn 0.703280 0.569576 0.425417
vn 0.414147 0.855963 0.309531
vn 0.074280 0.996052 0.048612
vn 0.015404 0.989829 0.141423
vn 0.392207 0.878234 0.273640
vn 0.414147 0.855963 0.309531
vn 0.015404 0.989829 0.141423
vn 0.382397 0.896514 0.223685
vn 0.414147 0.855963 0.309531
vn 0.703280 0.569576 0.425417
vn 0.394117 0.869227 0.298522
vn 0.627808 0.639119 0.444279
vn 0.553110 0.694328 0.460410
vn 0.703280 0.569576 0.425417
vn 0.414147 0.855963 0.309531
vn 0.627808 0.639119 0.444279
vn -0.163118 0.845019 -0.509250
vn 0.274819 0.411692 0.868898
vn 0.310745 0.557502 0.769824
vn -0.156167 0.707186 -0.689565
vn -0.163118 0.845019 -0.509250
vn -0.262655 0.346858 -0.900390
vn -0.425563 0.866452 -0.261069
vn -0.558414 0.789705 -0.254046
vn -0.184917 0.981263 -0.054122
vn -0.184917 0.981263 -0.054122
vn -0.558414 0.789705 -0.254046
vn -0.425472 0.890322 -0.162176
vn 0.056874 0.957421 0.283037
vn 0.103453 0.850385 0.515890
vn 0.011700 0.999788 0.016958
vn 0.067916 0.997512 -0.018931
vn 0.000411 1.000000 -0.000271
vn 0.000261 1.000000 0.000277
vn -0.000672 0.998960 -0.045595
vn 0.001239 0.999999 -0.000179
vn -0.041613 0.996348 -0.074554
vn 0.001239 0.999999 -0.000179
vn 0.000411 1.000000 -0.000271
vn 0.067916 0.997512 -0.018931
vn 0.015404 0.989829 0.141423
vn -0.065452 0.992069 0.107311
vn 0.029753 0.999358 -0.019976
vn -0.026551 0.999389 0.022744
vn -0.236633 0.964159 -0.120014
vn -0.203123 0.977487 -0.057098
vn -0.080372 0.988357 0.129190
vn 0.020993 0.991612 0.127533
vn 0.002521 0.995552 0.094176
vn 0.002521 0.995552 0.094176
vn 0.020993 0.991612 0.127533
vn -0.060210 0.987134 0.148129
vn 0.020993 0.991612 0.127533
vn 0.045154 0.969039 0.242745
vn -0.060210 0.987134 0.148129
vn 0.148974 0.962434 0.226999
vn 0.045154 0.969039 0.242745
vn -0.226829 0.973560 0.027014
vn -0.036726 0.994024 0.102802
vn -0.098555 0.994030 0.046819
vn -0.237801 0.969992 0.050661
vn -0.038929 0.999050 0.019573
vn -0.098555 0.994030 0.046819
vn 0.011884 0.996804 0.079003
vn -0.005415 0.994524 0.104364
vn -0.149240 0.984572 0.091352
vn -0.009852 0.994990 0.099493
vn -0.026658 0.999514 -0.016169
vn -0.060742 0.997821 0.025771
vn 0.010719 0.999916 0.007326
vn 0.708656 0.652991 0.267227
vn 0.771486 0.588710 0.241310
vn 0.598538 0.757366 0.261054
vn 0.771486 0.588710 0.241310
vn 0.754041 0.603794 0.258565
vn 0.785718 0.577775 0.220961
vn 0.373802 0.924680 0.072383
vn 0.771486 0.588710 0.241310
vn 0.708656 0.652991 0.267227
vn -0.188932 0.981275 -0.037472
vn 0.785718 0.577775 0.220961
vn 0.251749 0.963876 0.086977
vn -0.720157 0.654431 -0.230422
vn -0.188932 0.981275 -0.037472
vn -0.716816 0.657009 -0.233481
vn -0.425472 0.890322 -0.162176
vn -0.126931 0.990120 -0.059594
vn -0.089123 0.995631 -0.027846
vn -0.671969 0.724122 -0.155258
vn -0.720157 0.654431 -0.230422
vn -0.716816 0.657009 -0.233481
vn -0.716816 0.657009 -0.233481
vn -0.642776 0.728871 -0.235765
vn -0.671969 0.724122 -0.155258
vn -0.558414 0.789705 -0.254046
vn -0.720157 0.654431 -0.230422
vn -0.425472 0.890322 -0.162176
vn -0.671969 0.724122 -0.155258
vn -0.425472 0.890322 -0.162176
vn -0.720157 0.654431 -0.230422
vn 0.059841 0.991104 -0.118879
vn 0.005993 0.999982 0.000985
vn 0.030455 0.999229 -0.024775
vn 0.001046 0.999996 -0.002590
vn 0.054695 0.994975 -0.083869
vn 0.014125 0.994893 -0.099947
vn 0.059841 0.991104 -0.118879
vn 0.064072 0.975294 -0.211417
vn 0.126744 0.977229 -0.170176
vn 0.005714 0.999972 -0.004760
vn 0.059841 0.991104 -0.118879
vn 0.054695 0.994975 -0.083869
vn -0.104316 0.955617 0.275526
vn 0.126744 0.977229 -0.170176
vn -0.061756 0.992273 0.107615
vn 0.059841 0.991104 -0.118879
vn 0.126744 0.977229 -0.170176
vn 0.106030 0.978809 -0.175190
vn -0.020447 0.999720 -0.011943
vn -0.042897 0.998133 0.043472
vn -0.297968 0.045758 0.953479
vn 0.072567 0.977679 -0.197174
vn -0.042897 0.998133 0.043472
vn 0.037515 0.967448 -0.250274
vn 0.021098 0.989626 -0.142111
vn -0.020447 0.999720 -0.011943
vn -0.171069 0.228671 0.958355
vn -0.042897 0.998133 0.043472
vn -0.020447 0.999720 -0.011943
vn 0.037515 0.967448 -0.250274
vn 0.096178 0.968579 -0.229355
vn 0.032546 0.992123 -0.120963
vn 0.055997 0.996055 -0.068841
vn -0.020447 0.999720 -0.011943
vn 0.096178 0.968579 -0.229355
vn 0.037515 0.967448 -0.250274
vn -0.042897 0.998133 0.043472
vn 0.072567 0.977679 -0.197174
vn 0.106030 0.978809 -0.175190
vn 0.037515 0.967448 -0.250274
vn 0.096178 0.968579 -0.229355
vn 0.014125 0.994893 -0.099947
vn 0.001395 0.999955 -0.009376
vn -0.000179 1.000000 -0.000115
vn 0.055997 0.996055 -0.068841
vn 0.001046 0.999996 -0.002590
vn 0.005714 0.999972 -0.004760
vn 0.054695 0.994975 -0.083869
vn 0.025425 0.969884 -0.242236
vn 0.021098 0.989626 -0.142111
vn -0.345489 0.355354 0.868539
vn 0.005193 0.997345 -0.072633
vn 0.039073 0.961813 -0.270904
vn 0.053587 0.976175 -0.210263
vn 0.037677 0.947144 -0.318590
vn 0.025425 0.969884 -0.242236
vn -0.252089 0.571405 0.780991
vn 0.039073 0.961813 -0.270904
vn 0.025425 0.969884 -0.242236
vn 0.053587 0.976175 -0.210263
vn 0.153418 0.986061 -0.064394
vn -0.036539 0.997838 -0.054638
vn -0.041613 0.996348 -0.074554
vn 0.077519 0.995522 -0.054095
vn -0.036539 0.997838 -0.054638
vn -0.087539 0.996152 0.004296
vn -0.087539 0.996152 0.004296
vn 0.126788 0.991595 -0.025787
vn -0.156302 0.987387 0.025233
vn 0.592250 0.792686 -0.144532
vn 0.512509 0.828413 -0.225980
vn 0.601665 0.775732 -0.190364
vn 0.077519 0.995522 -0.054095
vn -0.137083 0.982705 -0.124493
vn 0.019259 0.999534 -0.023699
vn -0.461689 0.887008 -0.007743
vn -0.137083 0.982705 -0.124493
vn -0.032878 0.996077 -0.082152
vn -0.066197 0.996450 0.052018
vn -0.051722 0.991068 0.122918
vn -0.141924 0.989588 0.023942
vn 0.055391 0.997834 -0.035488
vn -0.141924 0.989588 0.023942
vn 0.111036 0.993756 -0.010971
vn -0.155918 0.982896 0.098009
vn -0.322670 0.932477 0.162393
vn -0.508553 0.819930 0.262848
vn -0.169392 0.985438 -0.014778
vn -0.471693 0.860534 0.192319
vn 0.601665 0.775732 -0.190364
vn -0.024463 0.999696 0.003177
vn -0.290571 0.953530 0.079681
vn -0.040955 0.999093 0.011625
vn 0.592250 0.792686 -0.144532
vn 0.601665 0.775732 -0.190364
vn 0.686371 0.694533 -0.215680
vn 0.528298 0.836700 -0.144338
vn 0.750535 0.641581 -0.158339
vn 0.403745 0.910449 -0.089847
vn -0.156302 0.987387 0.025233
vn 0.196121 0.976260 -0.091939
vn -0.097544 0.995205 -0.007225
vn 0.072243 0.997308 -0.012528
vn 0.686371 0.694533 -0.215680
vn 0.601665 0.775732 -0.190364
vn 0.686371 0.694533 -0.215680
vn 0.468809 0.865638 -0.175753
vn 0.528298 0.836700 -0.144338
vn -0.600610 0.786028 0.146384
vn -0.369270 0.925584 0.083270
vn -0.722421 0.634992 0.273664
vn 0.686371 0.694533 -0.215680
vn 0.072243 0.997308 -0.012528
vn 0.468809 0.865638 -0.175753
vn 0.231293 0.965808 -0.117126
vn 0.463593 0.855539 -0.230511
vn 0.517337 0.844426 -0.138954
vn 0.153418 0.986061 -0.064394
vn 0.463593 0.855539 -0.230511
vn 0.512509 0.828413 -0.225980
vn 0.285893 0.956415 -0.059456
vn 0.619093 0.729892 -0.289796
vn 0.759930 0.591088 -0.270410
vn 0.013575 0.976191 -0.216488
vn 0.619093 0.729892 -0.289796
vn 0.517451 0.804244 -0.292295
vn -0.531303 0.845854 -0.047418
vn 0.013575 0.976191 -0.216488
vn -0.032337 0.988626 -0.146880
vn 0.619093 0.729892 -0.289796
vn 0.013575 0.976191 -0.216488
vn -0.119807 0.936849 -0.328573
vn -0.051143 0.998325 -0.027042
vn -0.106024 0.992310 -0.063866
vn -0.403643 0.896919 -0.180576
vn 0.759930 0.591088 -0.270410
vn 0.523669 0.810980 -0.260925
vn 0.747046 0.558767 -0.360140
vn -0.291010 0.946239 -0.141226
vn -0.038910 0.991815 -0.121614
vn -0.403381 0.872385 -0.276093
vn -0.291010 0.946239 -0.141226
vn -0.019783 0.999372 -0.029390
vn 0.014374 0.999186 -0.037690
vn 0.619093 0.729892 -0.289796
vn 0.523669 0.810980 -0.260925
vn 0.759930 0.591088 -0.270410
vn -0.038910 0.991815 -0.121614
vn -0.119807 0.936849 -0.328573
vn -0.403381 0.872385 -0.276093
vn 0.014374 0.999186 -0.037690
vn 0.523669 0.810980 -0.260925
vn -0.038910 0.991815 -0.121614
vn -0.119807 0.936849 -0.328573
vn -0.038910 0.991815 -0.121614
vn 0.523669 0.810980 -0.260925
vn -0.441888 0.890950 -0.104608
vn 0.304454 0.943952 0.127525
vn 0.666996 0.744676 0.023957
vn -0.441888 0.890950 -0.104608
vn -0.765611 0.594570 -0.245616
vn -0.758495 0.581656 -0.293875
vn -0.226374 0.973063 -0.043617
vn 0.581337 0.717376 0.383952
vn -0.057682 0.995732 0.072052
vn -0.765611 0.594570 -0.245616
vn -0.670595 0.681843 -0.292219
vn -0.758495 0.581656 -0.293875
vn -0.441888 0.890950 -0.104608
vn -0.594622 0.803941 -0.010180
vn -0.177501 0.908344 0.378688
vn -0.441888 0.890950 -0.104608
vn 0.099802 0.995002 -0.003329
vn -0.765611 0.594570 -0.245616
vn -0.594622 0.803941 -0.010180
vn -0.329176 0.875251 0.354371
vn -0.177501 0.908344 0.378688
vn 0.981011 0.174089 -0.085504
vn 0.988326 -0.128304 0.082163
vn 0.877946 0.459730 0.133640
vn -0.193725 0.975722 -0.102159
vn 0.099802 0.995002 -0.003329
vn 0.726176 0.589964 0.353001
vn 0.099802 0.995002 -0.003329
vn -0.193725 0.975722 -0.102159
vn -0.765611 0.594570 -0.245616
vn -0.177501 0.908344 0.378688
vn -0.329176 0.875251 0.354371
vn -0.209589 0.925193 -0.316372
vn -0.531303 0.845854 -0.047418
vn -0.329176 0.875251 0.354371
vn -0.594622 0.803941 -0.010180
vn -0.679741 0.654455 -0.331121
vn -0.253858 0.946196 -0.200670
vn -0.331877 0.908794 0.252887
vn 0.460712 0.800839 -0.382624
vn -0.253858 0.946196 -0.200670
vn -0.310883 0.853630 -0.417934
vn -0.825667 0.559367 -0.073364
vn -0.494741 0.844494 0.205086
vn -0.707431 0.688135 -0.161280
vn -0.679741 0.654455 -0.331121
vn -0.480636 0.815522 -0.322357
vn 0.405253 0.900318 -0.158739
vn -0.226374 0.973063 -0.043617
vn -0.474024 0.880334 -0.017693
vn 0.200461 0.933813 0.296327
vn 0.188590 0.872810 -0.450152
vn -0.061008 0.737510 -0.672575
vn -0.056037 0.618952 -0.783427
vn 0.512569 0.855235 0.076455
vn 0.188590 0.872810 -0.450152
vn 0.421676 0.864064 -0.274923
vn -0.138556 0.894476 -0.425105
vn 0.547651 0.815012 -0.189301
vn 0.124255 0.983089 0.134523
vn 0.221185 0.967679 -0.121142
vn -0.031335 0.997907 0.056567
vn 0.169019 0.981187 -0.093296
vn 0.188590 0.872810 -0.450152
vn 0.221185 0.967679 -0.121142
vn 0.421676 0.864064 -0.274923
vn -0.461689 0.887008 -0.007743
vn -0.032878 0.996077 -0.082152
vn -0.103526 0.994586 -0.008957
vn -0.555354 0.792670 -0.251509
vn -0.461689 0.887008 -0.007743
vn -0.332499 0.931036 0.150388
vn -0.332499 0.931036 0.150388
vn -0.499546 0.804211 0.322021
vn -0.455903 0.847604 0.271515
vn -0.455903 0.847604 0.271515
vn -0.499546 0.804211 0.322021
vn -0.498007 0.813487 0.300381
vn -0.461689 0.887008 -0.007743
vn -0.499546 0.804211 0.322021
vn -0.332499 0.931036 0.150388
vn 0.111036 0.993756 -0.010971
vn -0.103526 0.994586 -0.008957
vn 0.055391 0.997834 -0.035488
vn -0.051143 0.998325 -0.027042
vn -0.403332 0.901208 -0.158578
vn -0.228557 0.973363 0.018062
vn -0.498007 0.813487 0.300381
vn -0.331877 0.908794 0.252887
vn -0.455903 0.847604 0.271515
vn -0.142073 0.978173 0.151635
vn -0.498007 0.813487 0.300381
vn -0.499546 0.804211 0.322021
vn -0.498007 0.813487 0.300381
vn -0.140242 0.982642 0.121437
vn -0.494741 0.844494 0.205086
vn 0.547651 0.815012 -0.189301
vn 0.427769 0.883654 -0.190180
vn 0.680533 0.663935 -0.309944
vn -0.597614 0.669253 -0.441540
vn -0.643465 0.698252 -0.313682
vn -0.474024 0.880334 -0.017693
vn -0.114263 0.970947 -0.210250
vn -0.057978 0.759190 -0.648281
vn -0.303865 0.949250 0.081183
vn -0.564041 0.821704 0.081611
vn -0.329695 0.891715 0.310073
vn -0.474024 0.880334 -0.017693
vn -0.329695 0.891715 0.310073
vn -0.564041 0.821704 0.081611
vn -0.303865 0.949250 0.081183
vn -0.114263 0.970947 -0.210250
vn -0.303865 0.949250 0.081183
vn -0.564041 0.821704 0.081611
vn -0.597614 0.669253 -0.441540
vn -0.474024 0.880334 -0.017693
vn -0.226374 0.973063 -0.043617
vn -0.644593 0.581334 -0.496539
vn -0.597614 0.669253 -0.441540
vn -0.558723 0.744029 -0.366400
vn 0.200461 0.933813 0.296327
vn 0.124255 0.983089 0.134523
vn 0.746871 0.628072 0.218426
vn -0.057682 0.995732 0.072052
vn 0.123369 0.987731 0.095752
vn -0.701385 0.576544 -0.419114
vn -0.644593 0.581334 -0.496539
vn -0.558723 0.744029 -0.366400
vn -0.701385 0.576544 -0.419114
vn 0.461008 0.761665 0.455343
vn -0.443370 0.838373 -0.317103
vn -0.644593 0.581334 -0.496539
vn -0.644593 0.581334 -0.496539
vn 0.091708 0.910588 0.403013
vn 0.461008 0.761665 0.455343
vn -0.480641 0.859365 0.174575
vn 0.091708 0.910588 0.403013
vn -0.742356 0.557378 -0.371802
vn -0.057682 0.995732 0.072052
vn -0.558723 0.744029 -0.366400
vn -0.226374 0.973063 -0.043617
vn 0.689947 0.702632 0.174015
vn 0.877946 0.459730 0.133640
vn 0.988326 -0.128304 0.082163
vn 0.126606 0.989739 0.066243
vn 0.230653 0.879192 0.416919
vn 0.333469 0.677720 0.655358
vn -0.742356 0.557378 -0.371802
vn -0.701385 0.576544 -0.419114
vn -0.520643 0.794513 -0.312539
vn -0.288354 0.951638 -0.106002
vn -0.466209 0.859542 -0.209372
vn -0.236633 0.964159 -0.120014
vn 0.045154 0.969039 0.242745
vn -0.288354 0.951638 -0.106002
vn -0.226829 0.973560 0.027014
vn 0.002791 0.999996 0.001084
vn -0.026551 0.999389 0.022744
vn 0.074280 0.996052 0.048612
vn -0.313524 0.940429 -0.131515
vn 0.002791 0.999996 0.001084
vn -0.004618 0.999965 -0.007048
vn -0.098410 0.994391 -0.038767
vn -0.114387 0.993387 -0.009944
vn -0.012646 0.992637 0.120465
vn -0.038761 0.999243 0.003449
vn -0.114387 0.993387 -0.009944
vn -0.055169 0.995472 -0.077404
vn 0.090637 0.985268 0.145026
vn -0.098410 0.994391 -0.038767
vn -0.012646 0.992637 0.120465
vn -0.098410 0.994391 -0.038767
vn -0.236437 0.971192 -0.029728
vn -0.117008 0.989683 -0.082679
vn 0.013000 0.999445 -0.030656
vn 0.378596 0.923956 0.054498
vn 0.205019 0.963327 -0.173114
vn 0.708656 0.652991 0.267227
vn 0.378596 0.923956 0.054498
vn 0.373802 0.924680 0.072383
vn -0.000320 1.000000 -0.000900
vn 0.001090 0.999999 0.000911
vn -0.043537 0.998427 0.035322
vn -0.181134 0.946049 0.268668
vn -0.023020 0.998133 0.056575
vn -0.056730 0.990478 0.125442
vn -0.000262 1.000000 -0.000122
vn 0.000765 0.999999 0.000882
vn -0.000009 1.000000 0.000221
vn -0.023020 0.998133 0.056575
vn 0.001090 0.999999 0.000911
vn 0.000813 1.000000 0.000517
vn 0.001090 0.999999 0.000911
vn -0.023020 0.998133 0.056575
vn -0.043537 0.998427 0.035322
vn -0.006365 0.999964 0.005613
vn 0.000813 1.000000 0.000517
vn -0.006626 0.999869 -0.014770
vn 0.000765 0.999999 0.000882
vn -0.002463 0.999997 0.000414
vn 0.000768 0.998399 0.056560
vn -0.043537 0.998427 0.035322
vn -0.002463 0.999997 0.000414
vn -0.000320 1.000000 -0.000900
vn 0.000642 0.999999 0.000984
vn 0.001993 0.999978 0.006374
vn -0.003953 0.999962 0.007762
vn 0.001993 0.999978 0.006374
vn -0.000733 1.000000 0.000165
vn -0.002193 0.999993 0.003097
vn -0.006344 0.998325 0.057509
vn -0.003261 0.993849 0.110697
vn 0.000218 0.999979 0.006412
vn -0.090584 0.951965 0.292503
vn -0.009576 0.932107 0.362056
vn 0.000768 0.998399 0.056560
vn -0.000275 1.000000 -0.000160
vn -0.000748 1.000000 0.000144
vn -0.000785 1.000000 -0.000427
vn 0.000085 1.000000 -0.000081
vn -0.000055 1.000000 0.000329
vn 0.000011 1.000000 -0.000107
vn -0.001015 1.000000 0.000191
vn -0.033197 0.996377 -0.078295
vn 0.000558 1.000000 0.000490
vn 0.000448 1.000000 0.000428
vn -0.000055 1.000000 0.000329
vn 0.000085 1.000000 -0.000081
vn -0.000748 1.000000 0.000144
vn -0.000275 1.000000 -0.000160
vn -0.000307 1.000000 -0.000189
vn -0.000275 1.000000 -0.000160
vn 0.000138 1.000000 0.000296
vn 0.000448 1.000000 0.000428
vn 0.000138 1.000000 0.000296
vn 0.000713 0.999999 0.001282
vn 0.000448 1.000000 0.000428
vn 0.000448 1.000000 0.000428
vn 0.000713 0.999999 0.001282
vn -0.021724 0.999358 -0.028506
vn 0.000713 0.999999 0.001282
vn 0.000138 1.000000 0.000296
vn 0.000558 1.000000 0.000490
vn -0.039083 0.991154 -0.126834
vn -0.257947 0.848138 -0.462736
vn -0.021724 0.999358 -0.028506
vn 0.000558 1.000000 0.000490
vn 0.000138 1.000000 0.000296
vn -0.000785 1.000000 -0.000427
vn -0.024323 0.992467 -0.120075
vn 0.000558 1.000000 0.000490
vn -0.033197 0.996377 -0.078295
vn -0.021724 0.999358 -0.028506
vn -0.150911 0.883777 -0.442905
vn -0.000869 0.999456 -0.032983
vn 0.000680 0.999952 -0.009826
vn -0.184324 0.789579 -0.585312
vn -0.025290 0.999219 -0.030366
vn -0.056730 0.990478 0.125442
vn -0.014851 0.998653 0.049721
vn -0.094033 0.961072 0.259804
vn -0.000258 0.999994 -0.003530
vn -0.040501 0.982426 -0.182208
vn -0.026917 0.997869 -0.059435
vn -0.199407 0.699356 -0.686395
vn -0.026917 0.997869 -0.059435
vn -0.096767 0.807514 -0.581856
vn -0.046530 0.990780 0.127244
vn -0.014851 0.998653 0.049721
vn -0.026917 0.997869 -0.059435
vn 0.241965 0.641961 0.727557
vn 0.256932 0.466350 0.846465
vn 0.284792 0.497190 0.819570
vn 0.205956 0.762239 0.613656
vn -0.169230 0.774685 -0.609282
vn -0.151212 0.944364 -0.292082
vn -0.310501 0.195796 -0.930190
vn -0.253688 0.354914 -0.899821
vn -0.315194 0.538884 -0.781190
vn 0.141964 0.803471 0.578171
vn 0.256932 0.466350 0.846465
vn -0.151212 0.944364 -0.292082
vn -0.184324 0.789579 -0.585312
vn -0.030739 0.948307 -0.315861
vn -0.253688 0.354914 -0.899821
vn -0.021724 0.999358 -0.028506
vn -0.257947 0.848138 -0.462736
vn -0.150911 0.883777 -0.442905
vn -0.310501 0.195796 -0.930190
vn -0.315194 0.538884 -0.781190
vn -0.151212 0.944364 -0.292082
vn -0.315194 0.538884 -0.781190
vn -0.253688 0.354914 -0.899821
vn -0.373897 0.426949 -0.823356
vn 0.046004 0.945064 0.323632
vn -0.339353 0.556815 -0.758153
vn -0.285733 0.869388 -0.403139
vn -0.387013 0.384688 -0.837995
vn -0.273781 0.727593 -0.629010
vn -0.339353 0.556815 -0.758153
vn 0.174076 0.824611 0.538251
vn 0.221842 0.771853 0.595843
vn 0.045762 0.995027 0.088467
vn -0.035972 0.993501 0.107994
vn -0.005920 0.999601 0.027635
vn -0.001008 0.999998 0.001805
vn 0.136980 0.941731 0.307212
vn 0.192763 0.873710 0.446624
vn 0.006501 0.999377 0.034679
vn -0.005920 0.999601 0.027635
vn 0.000445 1.000000 0.000215
vn 0.000255 1.000000 0.000163
vn 0.150835 0.924402 0.350329
vn 0.016553 0.999782 0.012705
vn 0.054139 0.993026 0.104734
vn -0.000159 1.000000 0.000781
vn 0.000276 1.000000 -0.000084
vn -0.000038 1.000000 -0.000629
vn -0.024061 0.999612 0.014034
vn 0.045762 0.995027 0.088467
vn 0.000445 1.000000 0.000215
vn -0.000127 1.000000 0.000469
vn 0.045762 0.995027 0.088467
vn 0.006501 0.999377 0.034679
vn -0.056756 0.998250 0.016591
vn -0.030864 0.999316 -0.020374
vn 0.116794 0.977258 0.176994
vn -0.056756 0.998250 0.016591
vn -0.024061 0.999612 0.014034
vn -0.005920 0.999601 0.027635
vn 0.150835 0.924402 0.350329
vn 0.172024 0.770609 0.613653
vn 0.133469 0.825215 0.548823
vn 0.192763 0.873710 0.446624
vn 0.258319 0.773329 0.578993
vn 0.054139 0.993026 0.104734
vn 0.041840 0.988452 0.145641
vn 0.150835 0.924402 0.350329
vn 0.133469 0.825215 0.548823
vn 0.000009 1.000000 0.000457
vn -0.002884 0.999933 0.011253
vn 0.000015 1.000000 0.000399
vn 0.006501 0.999377 0.034679
vn 0.192763 0.873710 0.446624
vn 0.054139 0.993026 0.104734
vn 0.326589 0.602657 0.728110
vn 0.192763 0.873710 0.446624
vn 0.136980 0.941731 0.307212
vn 0.001046 0.999996 -0.002590
vn -0.000159 1.000000 0.000489
vn 0.000003 0.999999 0.001200
vn 0.000059 1.000000 0.000192
vn -0.000042 1.000000 0.000173
vn 0.000009 1.000000 0.000457
vn 0.005714 0.999972 -0.004760
vn 0.001046 0.999996 -0.002590
vn 0.000003 0.999999 0.001200
vn -0.000179 1.000000 -0.000115
vn 0.001046 0.999996 -0.002590
vn 0.014125 0.994893 -0.099947
vn 0.055997 0.996055 -0.068841
vn -0.000179 1.000000 -0.000115
vn 0.014125 0.994893 -0.099947
vn 0.000059 1.000000 0.000192
vn -0.000159 1.000000 0.000489
vn -0.000179 1.000000 -0.000115
vn 0.096178 0.968579 -0.229355
vn 0.055997 0.996055 -0.068841
vn 0.014125 0.994893 -0.099947
vn 0.005193 0.997345 -0.072633
vn 0.032546 0.992123 -0.120963
vn 0.039073 0.961813 -0.270904
vn -0.000059 1.000000 0.000125
vn 0.000496 1.000000 -0.000571
vn 0.000040 1.000000 -0.000128
vn -0.000179 1.000000 -0.000115
vn 0.001395 0.999955 -0.009376
vn 0.000059 1.000000 0.000192
vn -0.126755 0.974528 0.185011
vn -0.255358 0.956202 0.143075
vn -0.122569 0.991339 0.047160
vn -0.023860 0.999534 0.019037
vn -0.246064 0.938564 0.241973
vn -0.126755 0.974528 0.185011
vn -0.000547 1.000000 0.000410
vn -0.000055 1.000000 0.000497
vn -0.000583 1.000000 0.000305
vn -0.040955 0.999093 0.011625
vn -0.155918 0.982896 0.098009
vn -0.000281 1.000000 0.000808
vn -0.169392 0.985438 -0.014778
vn -0.277482 0.954343 0.110602
vn -0.514335 0.828056 0.223119
vn -0.277482 0.954343 0.110602
vn -0.374066 0.898511 0.229681
vn -0.340250 0.913658 0.222395
vn -0.296009 0.951067 0.088606
vn -0.246064 0.938564 0.241973
vn -0.374066 0.898511 0.229681
vn -0.246064 0.938564 0.241973
vn -0.105586 0.990626 0.086674
vn -0.340250 0.913658 0.222395
vn 0.044751 0.985420 -0.164147
vn 0.003287 0.999975 -0.006223
vn -0.000672 0.999966 -0.008225
vn 0.118424 0.929349 -0.349694
vn 0.044751 0.985420 -0.164147
vn 0.105046 0.924505 -0.366410
vn 0.102182 0.954863 -0.278919
vn 0.118424 0.929349 -0.349694
vn 0.153931 0.887544 -0.434248
vn 0.044751 0.985420 -0.164147
vn 0.118424 0.929349 -0.349694
vn 0.030437 0.995624 -0.088355
vn 0.166002 0.889619 -0.425467
vn 0.102182 0.954863 -0.278919
vn 0.153931 0.887544 -0.434248
vn 0.009118 0.999272 -0.037055
vn 0.102182 0.954863 -0.278919
vn 0.072315 0.976855 -0.201307
vn 0.044751 0.985420 -0.164147
vn 0.047400 0.936008 -0.348772
vn 0.105046 0.924505 -0.366410
vn 0.041549 0.964674 -0.260149
vn 0.047400 0.936008 -0.348772
vn 0.033248 0.989419 -0.141228
vn 0.041549 0.964674 -0.260149
vn 0.032393 0.991777 -0.123815
vn 0.073491 0.958921 -0.273989
vn 0.047400 0.936008 -0.348772
vn 0.041549 0.964674 -0.260149
vn 0.032981 0.922172 -0.385371
vn 0.073491 0.958921 -0.273989
vn 0.032393 0.991777 -0.123815
vn 0.044374 0.995437 -0.084475
vn 0.025425 0.969884 -0.242236
vn 0.073491 0.958921 -0.273989
vn 0.053587 0.976175 -0.210263
vn -0.154489 0.965047 0.211701
vn -0.028667 0.996040 -0.084160
vn -0.221708 0.893632 -0.390215
vn -0.026917 0.997869 -0.059435
vn -0.028667 0.996040 -0.084160
vn -0.046530 0.990780 0.127244
vn -0.194575 0.616650 -0.762813
vn 0.140260 0.920264 0.365296
vn -0.304481 0.232726 -0.923650
vn 0.274819 0.411692 0.868898
vn 0.312140 0.244441 0.918051
vn 0.310745 0.557502 0.769824
vn -0.286919 0.277709 -0.916818
vn -0.235637 0.393490 -0.888617
vn -0.199407 0.699356 -0.686395
vn -0.163118 0.845019 -0.509250
vn 0.310745 0.557502 0.769824
vn -0.194575 0.616650 -0.762813
vn -0.040501 0.982426 -0.182208
vn -0.262576 0.717922 -0.644703
vn -0.228027 0.417106 -0.879788
vn -0.262655 0.346858 -0.900390
vn -0.096767 0.807514 -0.581856
vn -0.228027 0.417106 -0.879788
vn -0.199407 0.699356 -0.686395
vn -0.262655 0.346858 -0.900390
vn -0.286919 0.277709 -0.916818
vn -0.163118 0.845019 -0.509250
vn -0.286919 0.277709 -0.916818
vn -0.262655 0.346858 -0.900390
vn 0.221342 0.342300 0.913148
vn 0.174728 0.483685 0.857624
vn 0.114488 0.903085 0.413921
vn -0.163118 0.845019 -0.509250
vn -0.156167 0.707186 -0.689565
vn 0.274819 0.411692 0.868898
vn -0.096767 0.807514 -0.581856
vn -0.026917 0.997869 -0.059435
vn -0.040501 0.982426 -0.182208
vn -0.228027 0.417106 -0.879788
vn -0.234286 0.305126 -0.923043
vn -0.249228 0.539849 -0.804020
vn -0.042337 0.996820 -0.067515
vn -0.006626 0.999869 -0.014770
vn -0.000242 1.000000 0.000117
vn -0.234286 0.305126 -0.923043
vn -0.203298 0.687070 -0.697571
vn -0.239770 0.422303 -0.874169
vn 0.290480 0.316606 0.902985
vn 0.254003 0.567389 0.783296
vn 0.133038 0.715382 0.685952
vn 0.206272 0.941592 0.266187
vn 0.102757 0.945914 0.307714
vn 0.221342 0.342300 0.913148
vn -0.040501 0.982426 -0.182208
vn -0.228027 0.417106 -0.879788
vn -0.096767 0.807514 -0.581856
vn -0.203298 0.687070 -0.697571
vn -0.262576 0.717922 -0.644703
vn -0.047831 0.990691 -0.127453
vn -0.228027 0.417106 -0.879788
vn -0.156167 0.707186 -0.689565
vn -0.262655 0.346858 -0.900390
vn 0.133038 0.715382 0.685952
vn 0.174594 0.205200 0.963021
vn 0.274819 0.411692 0.868898
vn -0.249228 0.539849 -0.804020
vn -0.234286 0.305126 -0.923043
vn -0.142944 0.944372 -0.296190
vn -0.156167 0.707186 -0.689565
vn -0.249228 0.539849 -0.804020
vn 0.133038 0.715382 0.685952
vn -0.429255 0.856613 -0.286275
vn -0.299615 0.930427 -0.211035
vn -0.224174 0.957775 0.180038
vn -0.287137 0.956998 -0.041309
vn -0.299615 0.930427 -0.211035
vn -0.461279 0.831894 -0.308502
vn -0.299615 0.930427 -0.211035
vn -0.287137 0.956998 -0.041309
vn 0.394117 0.869227 0.298522
vn -0.382889 0.914804 -0.128570
vn -0.523476 0.827212 -0.204188
vn -0.461279 0.831894 -0.308502
vn -0.549121 0.830142 -0.096594
vn -0.515092 0.854060 -0.072542
vn -0.467648 0.880677 -0.075589
vn -0.016989 0.992444 0.121520
vn -0.287137 0.956998 -0.041309
vn -0.515092 0.854060 -0.072542
vn 0.570981 0.729657 0.376274
vn 0.530507 0.786009 0.317415
vn -0.016989 0.992444 0.121520
vn 0.627808 0.639119 0.444279
vn 0.530507 0.786009 0.317415
vn 0.703280 0.569576 0.425417
vn 0.312140 0.244441 0.918051
vn 0.124213 0.881344 0.455854
vn 0.243275 0.288718 0.925991
vn 0.124213 0.881344 0.455854
vn 0.105125 0.857845 0.503041
vn -0.043585 0.997198 0.060792
vn -0.126931 0.990120 -0.059594
vn -0.343936 0.936407 -0.069646
vn -0.094146 0.995535 -0.006823
vn -0.006357 0.999973 -0.003666
vn -0.184917 0.981263 -0.054122
vn -0.089123 0.995631 -0.027846
vn -0.015608 0.999878 -0.001132
vn -0.094146 0.995535 -0.006823
vn -0.006068 0.999980 -0.001858
vn -0.000521 1.000000 0.000099
vn -0.000256 1.000000 -0.000208
vn 0.038213 0.998932 -0.025992
vn 0.000261 1.000000 0.000277
vn 0.000138 1.000000 0.000120
vn 0.011700 0.999788 0.016958
vn 0.067916 0.997512 -0.018931
vn 0.000261 1.000000 0.000277
vn 0.011861 0.999872 0.010710
vn 0.001100 0.999999 0.000179
vn 0.156360 0.969863 0.186862
vn -0.000107 1.000000 -0.000100
vn 0.290480 0.316606 0.902985
vn 0.133038 0.715382 0.685952
vn -0.142944 0.944372 -0.296190
vn 0.082404 0.993862 -0.073816
vn 0.102757 0.945914 0.307714
vn 0.206272 0.941592 0.266187
vn 0.154000 0.580268 0.799733
vn 0.103453 0.850385 0.515890
vn 0.290480 0.316606 0.902985
vn 0.000730 1.000000 -0.000661
vn 0.001100 0.999999 0.000179
vn -0.000107 1.000000 -0.000100
vn 0.103453 0.850385 0.515890
vn 0.154000 0.580268 0.799733
vn 0.018563 0.996190 0.085213
vn 0.001100 0.999999 0.000179
vn -0.002600 0.999995 -0.001980
vn 0.001698 0.999836 0.018038
vn 0.156360 0.969863 0.186862
vn 0.225185 0.715193 0.661658
vn 0.254003 0.567389 0.783296
vn 0.000261 1.000000 0.000277
vn 0.011700 0.999788 0.016958
vn 0.011861 0.999872 0.010710
vn 0.011700 0.999788 0.016958
vn 0.103453 0.850385 0.515890
vn 0.018563 0.996190 0.085213
vn -0.000107 1.000000 -0.000100
vn 0.011700 0.999788 0.016958
vn 0.000138 1.000000 0.000120
vn 0.225185 0.715193 0.661658
vn 0.156360 0.969863 0.186862
vn 0.001698 0.999836 0.018038
vn 0.133038 0.715382 0.685952
vn -0.249228 0.539849 -0.804020
vn -0.142944 0.944372 -0.296190
vn 0.103453 0.850385 0.515890
vn 0.056874 0.957421 0.283037
vn 0.254003 0.567389 0.783296
vn -0.247935 0.526667 -0.813111
vn -0.232701 0.164706 -0.958500
vn -0.239770 0.422303 -0.874169
vn 0.221342 0.342300 0.913148
vn 0.102757 0.945914 0.307714
vn 0.154000 0.580268 0.799733
vn 0.082404 0.993862 -0.073816
vn 0.018563 0.996190 0.085213
vn 0.102757 0.945914 0.307714
vn 0.011700 0.999788 0.016958
vn 0.018563 0.996190 0.085213
vn 0.011861 0.999872 0.010710
vn 0.154000 0.580268 0.799733
vn 0.102757 0.945914 0.307714
vn 0.018563 0.996190 0.085213
vn 0.290480 0.316606 0.902985
vn 0.198304 0.900355 0.387345
vn 0.307230 0.113732 0.944815
vn 0.290480 0.316606 0.902985
vn 0.103453 0.850385 0.515890
vn 0.254003 0.567389 0.783296
vn 0.221342 0.342300 0.913148
vn 0.154000 0.580268 0.799733
vn 0.307230 0.113732 0.944815
vn -0.000304 1.000000 0.000084
vn 0.000239 1.000000 0.000627
vn -0.000256 1.000000 -0.000208
vn 0.000261 1.000000 0.000277
vn 0.000239 1.000000 0.000627
vn 0.000138 1.000000 0.000120
vn -0.036726 0.994024 0.102802
vn -0.005415 0.994524 0.104364
vn -0.009852 0.994990 0.099493
vn 0.002521 0.995552 0.094176
vn -0.005415 0.994524 0.104364
vn -0.057916 0.991453 0.116904
vn 0.045154 0.969039 0.242745
vn 0.020993 0.991612 0.127533
vn 0.156148 0.935474 0.317028
vn -0.005119 0.995125 0.098493
vn -0.149240 0.984572 0.091352
vn -0.055879 0.973480 0.221844
vn -0.100783 0.991475 0.082583
vn -0.009852 0.994990 0.099493
vn -0.149240 0.984572 0.091352
vn -0.031095 0.998988 0.032500
vn -0.100783 0.991475 0.082583
vn -0.060742 0.997821 0.025771
vn -0.055879 0.973480 0.221844
vn -0.149240 0.984572 0.091352
vn -0.060210 0.987134 0.148129
vn -0.005119 0.995125 0.098493
vn 0.148974 0.962434 0.226999
vn 0.090637 0.985268 0.145026
vn 0.055391 0.997834 -0.035488
vn -0.187602 0.980400 0.060179
vn -0.097544 0.995205 -0.007225
vn 0.005610 0.997420 -0.071566
vn -0.156302 0.987387 0.025233
vn -0.187602 0.980400 0.060179
vn 0.153418 0.986061 -0.064394
vn 0.126788 0.991595 -0.025787
vn -0.087539 0.996152 0.004296
vn 0.686371 0.694533 -0.215680
vn 0.126788 0.991595 -0.025787
vn 0.592250 0.792686 -0.144532
vn 0.294043 0.943518 -0.152687
vn -0.010727 0.999143 0.039990
vn 0.520334 0.820338 -0.237272
vn 0.111036 0.993756 -0.010971
vn 0.090075 0.991310 0.095868
vn -0.142073 0.978173 0.151635
vn -0.461689 0.887008 -0.007743
vn -0.103526 0.994586 -0.008957
vn -0.142073 0.978173 0.151635
vn -0.032878 0.996077 -0.082152
vn 0.055391 0.997834 -0.035488
vn -0.103526 0.994586 -0.008957
vn 0.750535 0.641581 -0.158339
vn 0.528298 0.836700 -0.144338
vn 0.468809 0.865638 -0.175753
vn -0.066197 0.996450 0.052018
vn 0.528298 0.836700 -0.144338
vn 0.403745 0.910449 -0.089847
vn 0.500261 0.851472 0.157273
vn -0.209589 0.925193 -0.316372
vn 0.420527 0.895614 -0.145028
vn -0.441888 0.890950 -0.104608
vn -0.177501 0.908344 0.378688
vn 0.304454 0.943952 0.127525
vn 0.981011 0.174089 -0.085504
vn 0.500261 0.851472 0.157273
vn 0.988326 -0.128304 0.082163
vn -0.177501 0.908344 0.378688
vn 0.500261 0.851472 0.157273
vn 0.304454 0.943952 0.127525
vn 0.981011 0.174089 -0.085504
vn 0.877946 0.459730 0.133640
vn 0.924697 0.316034 0.212268
vn 0.500261 0.851472 0.157273
vn 0.981011 0.174089 -0.085504
vn 0.304454 0.943952 0.127525
vn 0.405253 0.900318 -0.158739
vn 0.512569 0.855235 0.076455
vn 0.534840 0.719353 -0.443257
vn 0.188590 0.872810 -0.450152
vn 0.512569 0.855235 0.076455
vn 0.547651 0.815012 -0.189301
vn -0.564041 0.821704 0.081611
vn -0.474024 0.880334 -0.017693
vn -0.643465 0.698252 -0.313682
vn 0.200461 0.933813 0.296327
vn -0.474024 0.880334 -0.017693
vn -0.329695 0.891715 0.310073
vn -0.193725 0.975722 -0.102159
vn 0.432688 0.896721 -0.093126
vn -0.579103 0.804531 -0.131793
vn 0.726176 0.589964 0.353001
vn 0.099802 0.995002 -0.003329
vn 0.924697 0.316034 0.212268
vn -0.644593 0.581334 -0.496539
vn -0.701385 0.576544 -0.419114
vn -0.742356 0.557378 -0.371802
vn -0.057682 0.995732 0.072052
vn -0.701385 0.576544 -0.419114
vn -0.558723 0.744029 -0.366400
vn -0.226374 0.973063 -0.043617
vn 0.200461 0.933813 0.296327
vn 0.581337 0.717376 0.383952
vn 0.123369 0.987731 0.095752
vn -0.057682 0.995732 0.072052
vn 0.643200 0.681205 0.349648
vn 0.726176 0.589964 0.353001
vn 0.581337 0.717376 0.383952
vn 0.746871 0.628072 0.218426
vn 0.123369 0.987731 0.095752
vn 0.643200 0.681205 0.349648
vn 0.877946 0.459730 0.133640
vn 0.432688 0.896721 -0.093126
vn 0.726176 0.589964 0.353001
vn 0.746871 0.628072 0.218426
vn 0.666996 0.744676 0.023957
vn 0.924697 0.316034 0.212268
vn 0.099802 0.995002 -0.003329
vn -0.057682 0.995732 0.072052
vn 0.581337 0.717376 0.383952
vn 0.643200 0.681205 0.349648
vn 0.726176 0.589964 0.353001
vn 0.643200 0.681205 0.349648
vn 0.581337 0.717376 0.383952
vn 0.877946 0.459730 0.133640
vn 0.643200 0.681205 0.349648
vn 0.924697 0.316034 0.212268
vn 0.726176 0.589964 0.353001
vn 0.924697 0.316034 0.212268
vn 0.643200 0.681205 0.349648
vn -0.441888 0.890950 -0.104608
vn 0.666996 0.744676 0.023957
vn 0.099802 0.995002 -0.003329
vn 0.981011 0.174089 -0.085504
vn 0.666996 0.744676 0.023957
vn 0.304454 0.943952 0.127525
vn 0.932686 -0.357462 -0.048142
vn 0.800416 0.579787 0.152253
vn 0.988326 -0.128304 0.082163
vn 0.800416 0.579787 0.152253
vn 0.558010 0.826394 0.075487
vn -0.520643 0.794513 -0.312539
vn 0.123369 0.987731 0.095752
vn 0.689947 0.702632 0.174015
vn -0.520643 0.794513 -0.312539
vn -0.520643 0.794513 -0.312539
vn 0.689947 0.702632 0.174015
vn 0.800416 0.579787 0.152253
vn 0.988326 -0.128304 0.082163
vn 0.800416 0.579787 0.152253
vn 0.689947 0.702632 0.174015
vn 0.558010 0.826394 0.075487
vn 0.800416 0.579787 0.152253
vn 0.932686 -0.357462 -0.048142
vn 0.091708 0.910588 0.403013
vn 0.333469 0.677720 0.655358
vn 0.650445 0.593682 0.473776
vn 0.126606 0.989739 0.066243
vn 0.333469 0.677720 0.655358
vn -0.480641 0.859365 0.174575
vn -0.203123 0.977487 -0.057098
vn -0.466209 0.859542 -0.209372
vn -0.479873 0.843682 -0.240672
vn 0.002791 0.999996 0.001084
vn -0.236633 0.964159 -0.120014
vn -0.026551 0.999389 0.022744
vn 0.074280 0.996052 0.048612
vn 0.096263 0.994464 0.042118
vn 0.002791 0.999996 0.001084
vn 0.096263 0.994464 0.042118
vn -0.002196 0.999996 0.001676
vn -0.004618 0.999965 -0.007048
vn 0.074280 0.996052 0.048612
vn 0.414147 0.855963 0.309531
vn 0.382397 0.896514 0.223685
vn -0.002196 0.999996 0.001676
vn 0.096263 0.994464 0.042118
vn 0.109815 0.990860 0.078336
vn 0.703280 0.569576 0.425417
vn 0.530507 0.786009 0.317415
vn 0.570981 0.729657 0.376274
vn 0.448221 0.845568 0.290022
vn 0.260597 0.953614 0.150697
vn -0.459794 0.875992 -0.145697
vn 0.109815 0.990860 0.078336
vn 0.205869 0.970482 0.125627
vn 0.025942 0.999555 0.014708
vn -0.236437 0.971192 -0.029728
vn -0.117955 0.991814 0.048898
vn -0.291397 0.946046 -0.141722
vn 0.096263 0.994464 0.042118
vn -0.004618 0.999965 -0.007048
vn 0.002791 0.999996 0.001084
vn -0.004618 0.999965 -0.007048
vn -0.002196 0.999996 0.001676
vn -0.291397 0.946046 -0.141722
vn -0.006344 0.998325 0.057509
vn 0.000218 0.999979 0.006412
vn 0.000765 0.999999 0.000882
vn 0.000768 0.998399 0.056560
vn -0.009576 0.932107 0.362056
vn -0.006344 0.998325 0.057509
vn -0.002193 0.999993 0.003097
vn 0.000071 1.000000 -0.000283
vn 0.000218 0.999979 0.006412
vn 0.000765 0.999999 0.000882
vn 0.000218 0.999979 0.006412
vn 0.000071 1.000000 -0.000283
vn -0.000975 0.999999 -0.000496
vn -0.000127 1.000000 -0.000630
vn -0.000424 1.000000 0.000138
vn 0.000071 1.000000 -0.000283
vn -0.002193 0.999993 0.003097
vn -0.000975 0.999999 -0.000496
vn -0.000048 1.000000 -0.000992
vn 0.000085 1.000000 -0.000081
vn 0.000011 1.000000 -0.000107
vn -0.000424 1.000000 0.000138
vn -0.000127 1.000000 -0.000630
vn 0.000291 1.000000 -0.000798
vn -0.000055 1.000000 0.000329
vn -0.000869 0.999456 -0.032983
vn -0.000532 1.000000 -0.000113
vn -0.000727 1.000000 -0.000659
vn 0.000011 1.000000 -0.000107
vn 0.000498 1.000000 -0.000106
vn -0.315194 0.538884 -0.781190
vn -0.373897 0.426949 -0.823356
vn -0.108500 0.993715 -0.027540
vn -0.373897 0.426949 -0.823356
vn -0.253688 0.354914 -0.899821
vn -0.150911 0.883777 -0.442905
vn -0.310501 0.195796 -0.930190
vn -0.184324 0.789579 -0.585312
vn -0.253688 0.354914 -0.899821
vn -0.021724 0.999358 -0.028506
vn -0.000055 1.000000 0.000329
vn 0.000448 1.000000 0.000428
vn -0.039083 0.991154 -0.126834
vn -0.021724 0.999358 -0.028506
vn 0.000713 0.999999 0.001282
vn -0.030739 0.948307 -0.315861
vn -0.150911 0.883777 -0.442905
vn -0.253688 0.354914 -0.899821
vn 0.259552 0.756600 0.600157
vn -0.367672 0.733096 -0.572177
vn 0.046004 0.945064 0.323632
vn -0.367672 0.733096 -0.572177
vn -0.108500 0.993715 -0.027540
vn -0.373897 0.426949 -0.823356
vn 0.045762 0.995027 0.088467
vn 0.050727 0.979204 0.196435
vn 0.174076 0.824611 0.538251
vn -0.056756 0.998250 0.016591
vn 0.050727 0.979204 0.196435
vn -0.024061 0.999612 0.014034
vn -0.000365 1.000000 0.000065
vn -0.000217 1.000000 0.000230
vn -0.000064 1.000000 0.000050
vn 0.000244 1.000000 -0.000047
vn 0.000040 1.000000 -0.000128
vn 0.000496 1.000000 -0.000571
vn -0.250695 0.954094 -0.163882
vn -0.122569 0.991339 0.047160
vn -0.255358 0.956202 0.143075
vn -0.056756 0.998250 0.016591
vn -0.122569 0.991339 0.047160
vn -0.030864 0.999316 -0.020374
vn 0.050727 0.979204 0.196435
vn -0.056756 0.998250 0.016591
vn 0.116794 0.977258 0.176994
vn -0.024061 0.999612 0.014034
vn 0.000445 1.000000 0.000215
vn -0.005920 0.999601 0.027635
vn 0.000255 1.000000 0.000163
vn -0.000142 1.000000 0.000108
vn -0.001008 0.999998 0.001805
vn -0.035972 0.993501 0.107994
vn -0.056756 0.998250 0.016591
vn -0.005920 0.999601 0.027635
vn -0.000042 1.000000 0.000858
vn -0.000159 1.000000 0.000781
vn 0.000255 1.000000 0.000163
vn -0.000623 1.000000 -0.000042
vn -0.155918 0.982896 0.098009
vn -0.105586 0.990626 0.086674
vn 0.000255 1.000000 0.000163
vn -0.001008 0.999998 0.001805
vn -0.005920 0.999601 0.027635
vn -0.023860 0.999534 0.019037
vn -0.001008 0.999998 0.001805
vn -0.000142 1.000000 0.000108
vn -0.055264 0.987889 0.144986
vn 0.133469 0.825215 0.548823
vn 0.172024 0.770609 0.613653
vn 0.041840 0.988452 0.145641
vn 0.133469 0.825215 0.548823
vn 0.112124 0.845371 0.522280
vn 0.104728 0.956185 0.273391
vn 0.041840 0.988452 0.145641
vn 0.112124 0.845371 0.522280
vn 0.041840 0.988452 0.145641
vn 0.006559 0.999458 0.032255
vn -0.002884 0.999933 0.011253
vn 0.000015 1.000000 0.000399
vn -0.002884 0.999933 0.011253
vn 0.006559 0.999458 0.032255
vn 0.000020 1.000000 -0.000101
vn 0.009235 0.999904 0.010340
vn -0.000042 1.000000 0.000173
vn -0.023860 0.999534 0.019037
vn -0.000142 1.000000 0.000108
vn -0.000531 1.000000 0.000152
vn -0.340250 0.913658 0.222395
vn -0.155918 0.982896 0.098009
vn -0.514335 0.828056 0.223119
vn -0.000547 1.000000 0.000410
vn -0.000623 1.000000 -0.000042
vn -0.023860 0.999534 0.019037
vn -0.000149 1.000000 -0.000234
vn -0.000038 1.000000 -0.000629
vn 0.000658 1.000000 -0.000406
vn -0.023860 0.999534 0.019037
vn -0.000623 1.000000 -0.000042
vn -0.105586 0.990626 0.086674
vn -0.000547 1.000000 0.000410
vn -0.000583 1.000000 0.000305
vn -0.000281 1.000000 0.000808
vn -0.467648 0.880677 -0.075589
vn -0.515092 0.854060 -0.072542
vn -0.523476 0.827212 -0.204188
vn -0.523476 0.827212 -0.204188
vn -0.515092 0.854060 -0.072542
vn -0.287137 0.956998 -0.041309
vn -0.395591 0.916375 -0.061351
vn -0.549121 0.830142 -0.096594
vn -0.467648 0.880677 -0.075589
vn -0.350500 0.927156 -0.132406
vn -0.604461 0.768793 -0.208768
vn -0.459794 0.875992 -0.145697
vn -0.016989 0.992444 0.121520
vn -0.515092 0.854060 -0.072542
vn -0.350500 0.927156 -0.132406
vn -0.549121 0.830142 -0.096594
vn -0.350500 0.927156 -0.132406
vn -0.515092 0.854060 -0.072542
vn 0.198304 0.900355 0.387345
vn 0.290480 0.316606 0.902985
vn -0.142944 0.944372 -0.296190
vn 0.154000 0.580268 0.799733
vn 0.290480 0.316606 0.902985
vn 0.307230 0.113732 0.944815
vn -0.203298 0.687070 -0.697571
vn -0.234286 0.305126 -0.923043
vn -0.262576 0.717922 -0.644703
vn 0.114488 0.903085 0.413921
vn -0.329323 0.407910 -0.851561
vn -0.238392 0.308509 -0.920865
vn -0.055879 0.973480 0.221844
vn -0.060210 0.987134 0.148129
vn 0.045154 0.969039 0.242745
vn -0.100783 0.991475 0.082583
vn -0.149240 0.984572 0.091352
vn -0.005119 0.995125 0.098493
vn -0.226829 0.973560 0.027014
vn -0.117955 0.991814 0.048898
vn 0.148974 0.962434 0.226999
vn 0.148974 0.962434 0.226999
vn -0.117955 0.991814 0.048898
vn 0.090637 0.985268 0.145026
vn 0.045154 0.969039 0.242745
vn 0.148974 0.962434 0.226999
vn -0.055879 0.973480 0.221844
vn -0.055879 0.973480 0.221844
vn 0.148974 0.962434 0.226999
vn -0.005119 0.995125 0.098493
vn -0.313524 0.940429 -0.131515
vn -0.291397 0.946046 -0.141722
vn -0.226829 0.973560 0.027014
vn 0.090637 0.985268 0.145026
vn -0.117955 0.991814 0.048898
vn -0.236437 0.971192 -0.029728
vn -0.291397 0.946046 -0.141722
vn -0.002196 0.999996 0.001676
vn -0.117008 0.989683 -0.082679
vn -0.291397 0.946046 -0.141722
vn -0.117955 0.991814 0.048898
vn -0.226829 0.973560 0.027014
vn -0.098410 0.994391 -0.038767
vn 0.090637 0.985268 0.145026
vn -0.236437 0.971192 -0.029728
vn -0.012646 0.992637 0.120465
vn -0.017339 0.995084 0.097508
vn 0.052688 0.992992 0.105783
vn 0.052688 0.992992 0.105783
vn 0.090637 0.985268 0.145026
vn -0.012646 0.992637 0.120465
vn 0.010719 0.999916 0.007326
vn 0.073894 0.994641 0.072313
vn 0.052688 0.992992 0.105783
vn 0.052688 0.992992 0.105783
vn -0.017339 0.995084 0.097508
vn -0.005314 0.999833 0.017494
vn 0.090637 0.985268 0.145026
vn 0.052688 0.992992 0.105783
vn 0.073894 0.994641 0.072313
vn -0.026658 0.999514 -0.016169
vn 0.010719 0.999916 0.007326
vn 0.007607 0.999797 0.018669
vn -0.060742 0.997821 0.025771
vn 0.073894 0.994641 0.072313
vn 0.010719 0.999916 0.007326
vn -0.066197 0.996450 0.052018
vn -0.141924 0.989588 0.023942
vn -0.097544 0.995205 -0.007225
vn 0.111036 0.993756 -0.010971
vn -0.141924 0.989588 0.023942
vn -0.051722 0.991068 0.122918
vn 0.528298 0.836700 -0.144338
vn -0.066197 0.996450 0.052018
vn -0.097544 0.995205 -0.007225
vn -0.066197 0.996450 0.052018
vn 0.403745 0.910449 -0.089847
vn -0.010727 0.999143 0.039990
vn 0.111036 0.993756 -0.010971
vn -0.051722 0.991068 0.122918
vn 0.090075 0.991310 0.095868
vn -0.103526 0.994586 -0.008957
vn 0.111036 0.993756 -0.010971
vn -0.142073 0.978173 0.151635
vn 0.013332 0.996435 0.083299
vn 0.013920 0.998773 0.047523
vn 0.090075 0.991310 0.095868
vn 0.013920 0.998773 0.047523
vn -0.051143 0.998325 -0.027042
vn -0.228557 0.973363 0.018062
vn -0.140242 0.982642 0.121437
vn 0.090075 0.991310 0.095868
vn 0.013920 0.998773 0.047523
vn 0.013332 0.996435 0.083299
vn 0.090075 0.991310 0.095868
vn -0.051722 0.991068 0.122918
vn 0.686371 0.694533 -0.215680
vn 0.528298 0.836700 -0.144338
vn 0.196121 0.976260 -0.091939
vn -0.097544 0.995205 -0.007225
vn 0.196121 0.976260 -0.091939
vn 0.528298 0.836700 -0.144338
vn -0.222076 0.974415 -0.034600
vn 0.750535 0.641581 -0.158339
vn 0.468809 0.865638 -0.175753
vn 0.110061 0.988774 -0.101059
vn 0.680475 0.663059 -0.311939
vn 0.743536 0.610030 -0.273893
vn 0.520334 0.820338 -0.237272
vn 0.680475 0.663059 -0.311939
vn 0.704561 0.615963 -0.352395
vn 0.403745 0.910449 -0.089847
vn 0.750535 0.641581 -0.158339
vn 0.743536 0.610030 -0.273893
vn 0.124255 0.983089 0.134523
vn 0.200461 0.933813 0.296327
vn -0.329695 0.891715 0.310073
vn 0.581337 0.717376 0.383952
vn 0.200461 0.933813 0.296327
vn 0.746871 0.628072 0.218426
vn 0.124255 0.983089 0.134523
vn -0.329695 0.891715 0.310073
vn -0.303865 0.949250 0.081183
vn 0.124255 0.983089 0.134523
vn 0.547651 0.815012 -0.189301
vn 0.680533 0.663935 -0.309944
vn 0.547651 0.815012 -0.189301
vn -0.138556 0.894476 -0.425105
vn 0.188590 0.872810 -0.450152
vn -0.303865 0.949250 0.081183
vn -0.138556 0.894476 -0.425105
vn 0.124255 0.983089 0.134523
vn 0.680533 0.663935 -0.309944
vn 0.432688 0.896721 -0.093126
vn 0.746871 0.628072 0.218426
vn 0.432688 0.896721 -0.093126
vn 0.427769 0.883654 -0.190180
vn -0.579103 0.804531 -0.131793
vn 0.427769 0.883654 -0.190180
vn -0.480636 0.815522 -0.322357
vn -0.579103 0.804531 -0.131793
vn -0.889507 0.362465 -0.278203
vn -0.480636 0.815522 -0.322357
vn -0.679741 0.654455 -0.331121
vn 0.432688 0.896721 -0.093126
vn -0.193725 0.975722 -0.102159
vn 0.726176 0.589964 0.353001
vn -0.579103 0.804531 -0.131793
vn -0.765611 0.594570 -0.245616
vn -0.193725 0.975722 -0.102159
vn -0.026551 0.999389 0.022744
vn -0.203123 0.977487 -0.057098
vn -0.065452 0.992069 0.107311
vn -0.466209 0.859542 -0.209372
vn -0.203123 0.977487 -0.057098
vn -0.236633 0.964159 -0.120014
vn 0.703280 0.569576 0.425417
vn 0.542169 0.762266 0.353558
vn 0.382397 0.896514 0.223685
vn 0.096263 0.994464 0.042118
vn 0.382397 0.896514 0.223685
vn 0.542169 0.762266 0.353558
vn -0.350500 0.927156 -0.132406
vn 0.570981 0.729657 0.376274
vn -0.016989 0.992444 0.121520
vn 0.570981 0.729657 0.376274
vn 0.260597 0.953614 0.150697
vn 0.678724 0.569090 0.464187
vn 0.678724 0.569090 0.464187
vn 0.260597 0.953614 0.150697
vn 0.448221 0.845568 0.290022
vn 0.251749 0.963876 0.086977
vn 0.728604 0.550814 0.407113
vn 0.448221 0.845568 0.290022
vn -0.002193 0.999993 0.003097
vn 0.000218 0.999979 0.006412
vn -0.003261 0.993849 0.110697
vn -0.000975 0.999999 -0.000496
vn -0.002193 0.999993 0.003097
vn -0.000733 1.000000 0.000165
vn -0.000038 1.000000 -0.000044
vn 0.000498 1.000000 -0.000106
vn 0.000656 1.000000 -0.000330
vn 0.001090 0.999999 0.000911
vn 0.000629 0.999999 0.000974
vn 0.000813 1.000000 0.000517
vn -0.000733 1.000000 0.000165
vn 0.001993 0.999978 0.006374
vn 0.000642 0.999999 0.000984
vn 0.000009 1.000000 0.000583
vn 0.000097 1.000000 0.000323
vn 0.000454 0.999999 0.001115
vn 0.000097 1.000000 0.000323
vn 0.000642 0.999999 0.000984
vn -0.003953 0.999962 0.007762
vn -0.000733 1.000000 0.000165
vn 0.000642 0.999999 0.000984
vn -0.000127 1.000000 -0.000630
vn -0.273781 0.727593 -0.629010
vn -0.257947 0.848138 -0.462736
vn -0.039083 0.991154 -0.126834
vn -0.373897 0.426949 -0.823356
vn -0.257947 0.848138 -0.462736
vn -0.387013 0.384688 -0.837995
vn -0.030739 0.948307 -0.315861
vn -0.184324 0.789579 -0.585312
vn 0.000680 0.999952 -0.009826
vn -0.000055 1.000000 0.000329
vn 0.000220 1.000000 -0.000306
vn 0.000011 1.000000 -0.000107
vn -0.000532 1.000000 -0.000113
vn 0.000680 0.999952 -0.009826
vn 0.000220 1.000000 -0.000306
vn -0.000055 1.000000 0.000329
vn -0.021724 0.999358 -0.028506
vn -0.000869 0.999456 -0.032983
vn 0.000680 0.999952 -0.009826
vn -0.000869 0.999456 -0.032983
vn -0.030739 0.948307 -0.315861
vn -0.150911 0.883777 -0.442905
vn -0.030739 0.948307 -0.315861
vn -0.000869 0.999456 -0.032983
vn -0.309649 0.334664 -0.890010
vn -0.225703 0.664933 -0.711985
vn -0.238392 0.308509 -0.920865
vn -0.184324 0.789579 -0.585312
vn -0.310501 0.195796 -0.930190
vn -0.225703 0.664933 -0.711985
vn -0.025290 0.999219 -0.030366
vn -0.225703 0.664933 -0.711985
vn -0.001813 0.998434 -0.055911
vn -0.000727 1.000000 -0.000659
vn 0.000498 1.000000 -0.000106
vn 0.000532 1.000000 -0.000097
vn 0.000731 1.000000 0.000674
vn -0.000242 1.000000 0.000117
vn 0.000629 0.999999 0.000974
vn 0.000680 0.999952 -0.009826
vn -0.025290 0.999219 -0.030366
vn 0.000656 1.000000 -0.000330
vn 0.000680 0.999952 -0.009826
vn -0.000532 1.000000 -0.000113
vn -0.000869 0.999456 -0.032983
vn 0.000220 1.000000 -0.000306
vn -0.000055 1.000000 0.000329
vn -0.000532 1.000000 -0.000113
vn -0.238392 0.308509 -0.920865
vn -0.225703 0.664933 -0.711985
vn -0.310501 0.195796 -0.930190
vn -0.103239 0.966255 -0.235995
vn -0.001813 0.998434 -0.055911
vn -0.225703 0.664933 -0.711985
vn -0.169230 0.774685 -0.609282
vn -0.238392 0.308509 -0.920865
vn -0.310501 0.195796 -0.930190
vn -0.104039 0.909324 -0.402872
vn -0.329323 0.407910 -0.851561
vn 0.114488 0.903085 0.413921
vn 0.000615 1.000000 -0.000384
vn -0.103239 0.966255 -0.235995
vn -0.033532 0.997116 -0.068078
vn 0.000285 1.000000 0.000427
vn -0.000038 1.000000 -0.000044
vn -0.000424 1.000000 0.000138
vn -0.225703 0.664933 -0.711985
vn -0.025290 0.999219 -0.030366
vn -0.184324 0.789579 -0.585312
vn -0.025290 0.999219 -0.030366
vn -0.001376 0.999998 -0.001276
vn 0.000656 1.000000 -0.000330
vn -0.000490 1.000000 0.000413
vn -0.000072 1.000000 0.000260
vn -0.000038 1.000000 -0.000044
vn -0.025290 0.999219 -0.030366
vn -0.001813 0.998434 -0.055911
vn -0.001376 0.999998 -0.001276
vn 0.000244 1.000000 -0.000047
vn 0.054139 0.993026 0.104734
vn 0.016553 0.999782 0.012705
vn 0.000100 1.000000 0.000529
vn 0.000244 1.000000 -0.000047
vn 0.000496 1.000000 -0.000571
vn 0.000015 1.000000 0.000399
vn -0.000159 1.000000 0.000489
vn 0.000009 1.000000 0.000457
vn 0.041840 0.988452 0.145641
vn -0.002884 0.999933 0.011253
vn 0.009235 0.999904 0.010340
vn -0.000365 1.000000 0.000065
vn -0.000059 1.000000 0.000125
vn -0.000343 1.000000 0.000311
vn 0.000020 1.000000 -0.000101
vn -0.000042 1.000000 0.000173
vn 0.000040 1.000000 -0.000128
vn 0.000059 1.000000 0.000192
vn 0.000009 1.000000 0.000457
vn -0.000159 1.000000 0.000489
vn -0.002884 0.999933 0.011253
vn 0.000009 1.000000 0.000457
vn -0.000042 1.000000 0.000173
vn 0.041840 0.988452 0.145641
vn 0.016553 0.999782 0.012705
vn 0.150835 0.924402 0.350329
vn 0.016553 0.999782 0.012705
vn 0.009235 0.999904 0.010340
vn 0.000020 1.000000 -0.000101
vn 0.198304 0.900355 0.387345
vn 0.174728 0.483685 0.857624
vn 0.307230 0.113732 0.944815
vn 0.114488 0.903085 0.413921
vn 0.174728 0.483685 0.857624
vn -0.104039 0.909324 -0.402872
vn -0.239770 0.422303 -0.874169
vn 0.198304 0.900355 0.387345
vn -0.142944 0.944372 -0.296190
vn 0.174728 0.483685 0.857624
vn 0.198304 0.900355 0.387345
vn -0.104039 0.909324 -0.402872
vn 0.405253 0.900318 -0.158739
vn -0.480636 0.815522 -0.322357
vn 0.427769 0.883654 -0.190180
vn -0.679741 0.654455 -0.331121
vn -0.825667 0.559367 -0.073364
vn -0.889507 0.362465 -0.278203
vn -0.331877 0.908794 0.252887
vn -0.825667 0.559367 -0.073364
vn -0.679741 0.654455 -0.331121
vn -0.829595 0.537444 -0.151417
vn -0.765611 0.594570 -0.245616
vn -0.579103 0.804531 -0.131793
vn 0.542169 0.762266 0.353558
vn 0.570981 0.729657 0.376274
vn 0.678724 0.569090 0.464187
vn 0.444802 0.860141 0.249617
vn 0.630738 0.657496 0.412151
vn 0.728604 0.550814 0.407113
vn 0.630738 0.657496 0.412151
vn 0.463904 0.832158 0.303818
vn 0.678724 0.569090 0.464187
vn 0.678724 0.569090 0.464187
vn 0.463904 0.832158 0.303818
vn 0.542169 0.762266 0.353558
vn 0.078283 0.995525 0.052929
vn 0.023151 0.999684 0.009807
vn 0.025942 0.999555 0.014708
vn 0.109815 0.990860 0.078336
vn 0.463904 0.832158 0.303818
vn 0.205869 0.970482 0.125627
vn 0.251749 0.963876 0.086977
vn 0.448221 0.845568 0.290022
vn -0.514954 0.819376 -0.251883
vn 0.630738 0.657496 0.412151
vn 0.678724 0.569090 0.464187
vn 0.448221 0.845568 0.290022
vn 0.251749 0.963876 0.086977
vn -0.514954 0.819376 -0.251883
vn -0.642776 0.728871 -0.235765
vn 0.598538 0.757366 0.261054
vn 0.785718 0.577775 0.220961
vn -0.188932 0.981275 -0.037472
vn 0.311732 0.942162 0.123097
vn 0.754041 0.603794 0.258565
vn 0.771486 0.588710 0.241310
vn 0.444802 0.860141 0.249617
vn 0.078283 0.995525 0.052929
vn 0.205869 0.970482 0.125627
vn 0.771486 0.588710 0.241310
vn 0.785718 0.577775 0.220961
vn 0.598538 0.757366 0.261054
vn 0.251749 0.963876 0.086977
vn 0.785718 0.577775 0.220961
vn 0.754041 0.603794 0.258565
vn 0.630738 0.657496 0.412151
vn 0.444802 0.860141 0.249617
vn 0.205869 0.970482 0.125627
vn 0.311732 0.942162 0.123097
vn 0.444802 0.860141 0.249617
vn 0.754041 0.603794 0.258565
vn -0.000127 1.000000 -0.000630
vn -0.000975 0.999999 -0.000496
vn -0.000733 1.000000 0.000165
vn -0.000230 1.000000 0.000424
vn -0.000975 0.999999 -0.000496
vn -0.000424 1.000000 0.000138
vn 0.000017 1.000000 0.000453
vn -0.000009 1.000000 0.000221
vn -0.000072 1.000000 0.000260
vn -0.001376 0.999998 -0.001276
vn -0.001813 0.998434 -0.055911
vn 0.000615 1.000000 -0.000384
vn -0.000262 1.000000 -0.000122
vn 0.001090 0.999999 0.000911
vn -0.000320 1.000000 -0.000900
vn 0.000731 1.000000 0.000674
vn 0.000629 0.999999 0.000974
vn 0.000017 1.000000 0.000453
vn -0.001813 0.998434 -0.055911
vn -0.103239 0.966255 -0.235995
vn 0.000615 1.000000 -0.000384
vn -0.203298 0.687070 -0.697571
vn -0.041470 0.984462 -0.170629
vn -0.247935 0.526667 -0.813111
vn 0.000017 1.000000 0.000453
vn 0.000629 0.999999 0.000974
vn -0.000009 1.000000 0.000221
vn -0.000009 1.000000 0.000221
vn 0.000629 0.999999 0.000974
vn -0.000262 1.000000 -0.000122
vn 0.000731 1.000000 0.000674
vn 0.000615 1.000000 -0.000384
vn -0.033532 0.997116 -0.068078
vn -0.063447 0.968497 -0.240809
vn -0.247935 0.526667 -0.813111
vn -0.041470 0.984462 -0.170629
vn 0.000615 1.000000 -0.000384
vn 0.000731 1.000000 0.000674
vn 0.000017 1.000000 0.000453
vn 0.000731 1.000000 0.000674
vn -0.001666 0.999851 -0.017211
vn -0.000242 1.000000 0.000117
vn 0.000291 1.000000 -0.000798
vn 0.000532 1.000000 -0.000097
vn 0.000285 1.000000 0.000427
vn 0.000291 1.000000 -0.000798
vn -0.000127 1.000000 -0.000630
vn 0.000009 1.000000 0.000583
vn 0.000011 1.000000 -0.000107
vn 0.000220 1.000000 -0.000306
vn 0.000498 1.000000 -0.000106
vn 0.000498 1.000000 -0.000106
vn 0.000220 1.000000 -0.000306
vn 0.000656 1.000000 -0.000330
vn -0.151212 0.944364 -0.292082
vn -0.169230 0.774685 -0.609282
vn -0.310501 0.195796 -0.930190
vn 0.114488 0.903085 0.413921
vn -0.169230 0.774685 -0.609282
vn 0.205956 0.762239 0.613656
vn -0.104039 0.909324 -0.402872
vn -0.232701 0.164706 -0.958500
vn -0.329323 0.407910 -0.851561
vn -0.247935 0.526667 -0.813111
vn -0.063447 0.968497 -0.240809
vn -0.218894 0.640147 -0.736408
vn -0.000038 1.000000 -0.000044
vn 0.000532 1.000000 -0.000097
vn 0.000498 1.000000 -0.000106
vn 0.000615 1.000000 -0.000384
vn -0.000490 1.000000 0.000413
vn -0.001376 0.999998 -0.001276
vn 0.000040 1.000000 -0.000128
vn 0.000244 1.000000 -0.000047
vn 0.000020 1.000000 -0.000101
vn 0.016553 0.999782 0.012705
vn 0.000020 1.000000 -0.000101
vn 0.000244 1.000000 -0.000047
vn 0.000276 1.000000 -0.000084
vn 0.000100 1.000000 0.000529
vn 0.000496 1.000000 -0.000571
vn -0.000038 1.000000 -0.000629
vn -0.000161 1.000000 0.000065
vn 0.000658 1.000000 -0.000406
vn 0.000445 1.000000 0.000215
vn -0.000127 1.000000 0.000469
vn -0.000042 1.000000 0.000858
vn 0.000100 1.000000 0.000529
vn 0.006501 0.999377 0.034679
vn 0.000244 1.000000 -0.000047
vn 0.045762 0.995027 0.088467
vn -0.000127 1.000000 0.000469
vn 0.000445 1.000000 0.000215
vn 0.000100 1.000000 0.000529
vn -0.000127 1.000000 0.000469
vn 0.006501 0.999377 0.034679
vn 0.000276 1.000000 -0.000084
vn -0.000042 1.000000 0.000858
vn 0.000100 1.000000 0.000529
vn 0.000100 1.000000 0.000529
vn -0.000042 1.000000 0.000858
vn -0.000127 1.000000 0.000469
vn 0.000040 1.000000 -0.000128
vn -0.000343 1.000000 0.000311
vn -0.000059 1.000000 0.000125
vn -0.000038 1.000000 -0.000629
vn 0.000465 1.000000 -0.000725
vn 0.000305 1.000000 -0.000288
vn 0.010771 0.999264 -0.036818
vn 0.000818 0.999999 0.000896
vn 0.000162 1.000000 0.000073
vn -0.000639 1.000000 -0.000542
vn -0.000041 1.000000 -0.000005
vn -0.000377 1.000000 0.000779
vn -0.000343 1.000000 0.000311
vn 0.000040 1.000000 -0.000128
vn -0.000042 1.000000 0.000173
vn -0.000064 1.000000 0.000050
vn 0.000162 1.000000 0.000073
vn 0.000326 1.000000 0.000334
vn 0.000059 1.000000 0.000192
vn -0.000152 1.000000 0.000259
vn -0.000042 1.000000 0.000173
vn 0.005193 0.997345 -0.072633
vn -0.000217 1.000000 0.000230
vn -0.000365 1.000000 0.000065
vn 0.000326 1.000000 0.000334
vn 0.000006 1.000000 0.000258
vn -0.000064 1.000000 0.000050
vn 0.000305 1.000000 -0.000288
vn -0.000430 1.000000 -0.000677
vn -0.000038 1.000000 -0.000629
vn 0.000496 1.000000 -0.000571
vn -0.000059 1.000000 0.000125
vn 0.000465 1.000000 -0.000725
vn 0.000006 1.000000 0.000258
vn -0.000059 1.000000 0.000125
vn -0.000064 1.000000 0.000050
vn 0.000305 1.000000 -0.000288
vn 0.000465 1.000000 -0.000725
vn 0.000006 1.000000 0.000258
vn -0.000059 1.000000 0.000125
vn 0.000006 1.000000 0.000258
vn 0.000465 1.000000 -0.000725
vn -0.707431 0.688135 -0.161280
vn -0.403332 0.901208 -0.158578
vn -0.829595 0.537444 -0.151417
vn -0.403643 0.896919 -0.180576
vn -0.403332 0.901208 -0.158578
vn -0.051143 0.998325 -0.027042
vn 0.025942 0.999555 0.014708
vn 0.205869 0.970482 0.125627
vn 0.078283 0.995525 0.052929
vn -0.117008 0.989683 -0.082679
vn 0.025942 0.999555 0.014708
vn -0.055169 0.995472 -0.077404
vn -0.514954 0.819376 -0.251883
vn -0.537017 0.809739 -0.236507
vn -0.642776 0.728871 -0.235765
vn -0.642776 0.728871 -0.235765
vn -0.537017 0.809739 -0.236507
vn -0.425035 0.900761 -0.089308
vn -0.604461 0.768793 -0.208768
vn -0.537017 0.809739 -0.236507
vn -0.514954 0.819376 -0.251883
vn -0.233580 0.969726 -0.071211
vn -0.425035 0.900761 -0.089308
vn -0.537017 0.809739 -0.236507
vn -0.188932 0.981275 -0.037472
vn 0.251749 0.963876 0.086977
vn -0.716816 0.657009 -0.233481
vn -0.642776 0.728871 -0.235765
vn -0.716816 0.657009 -0.233481
vn 0.251749 0.963876 0.086977
vn -0.000072 1.000000 0.000260
vn -0.000424 1.000000 0.000138
vn -0.000038 1.000000 -0.000044
vn -0.000009 1.000000 0.000221
vn -0.000230 1.000000 0.000424
vn -0.000072 1.000000 0.000260
vn 0.001090 0.999999 0.000911
vn -0.000262 1.000000 -0.000122
vn 0.000629 0.999999 0.000974
vn 0.000765 0.999999 0.000882
vn -0.000262 1.000000 -0.000122
vn -0.000320 1.000000 -0.000900
vn -0.033532 0.997116 -0.068078
vn -0.103239 0.966255 -0.235995
vn -0.218894 0.640147 -0.736408
vn 0.000731 1.000000 0.000674
vn -0.033532 0.997116 -0.068078
vn -0.001666 0.999851 -0.017211
vn -0.309649 0.334664 -0.890010
vn -0.218894 0.640147 -0.736408
vn -0.103239 0.966255 -0.235995
vn -0.232701 0.164706 -0.958500
vn -0.218894 0.640147 -0.736408
vn -0.329323 0.407910 -0.851561
vn -0.001666 0.999851 -0.017211
vn -0.033532 0.997116 -0.068078
vn -0.063447 0.968497 -0.240809
vn -0.218894 0.640147 -0.736408
vn -0.063447 0.968497 -0.240809
vn -0.033532 0.997116 -0.068078
vn -0.225703 0.664933 -0.711985
vn -0.309649 0.334664 -0.890010
vn -0.103239 0.966255 -0.235995
vn -0.329323 0.407910 -0.851561
vn -0.309649 0.334664 -0.890010
vn -0.238392 0.308509 -0.920865
vn 0.198304 0.900355 0.387345
vn -0.239770 0.422303 -0.874169
vn -0.104039 0.909324 -0.402872
vn -0.218894 0.640147 -0.736408
vn -0.232701 0.164706 -0.958500
vn -0.247935 0.526667 -0.813111
vn -0.104039 0.909324 -0.402872
vn -0.239770 0.422303 -0.874169
vn -0.232701 0.164706 -0.958500
vn -0.142944 0.944372 -0.296190
vn -0.234286 0.305126 -0.923043
vn -0.239770 0.422303 -0.874169
vn -0.063447 0.968497 -0.240809
vn -0.041470 0.984462 -0.170629
vn -0.001666 0.999851 -0.017211
vn -0.247935 0.526667 -0.813111
vn -0.239770 0.422303 -0.874169
vn -0.203298 0.687070 -0.697571
vn -0.047831 0.990691 -0.127453
vn -0.042337 0.996820 -0.067515
vn -0.203298 0.687070 -0.697571
vn 0.000813 1.000000 0.000517
vn 0.000629 0.999999 0.000974
vn -0.000242 1.000000 0.000117
vn -0.041470 0.984462 -0.170629
vn -0.042337 0.996820 -0.067515
vn -0.000242 1.000000 0.000117
vn -0.047831 0.990691 -0.127453
vn -0.006626 0.999869 -0.014770
vn -0.042337 0.996820 -0.067515
vn -0.203298 0.687070 -0.697571
vn -0.042337 0.996820 -0.067515
vn -0.041470 0.984462 -0.170629
vn -0.047831 0.990691 -0.127453
vn -0.040501 0.982426 -0.182208
vn -0.006626 0.999869 -0.014770
vn -0.006365 0.999964 0.005613
vn -0.000258 0.999994 -0.003530
vn -0.056730 0.990478 0.125442
vn 0.000813 1.000000 0.000517
vn -0.000242 1.000000 0.000117
vn -0.006626 0.999869 -0.014770
vn 0.000813 1.000000 0.000517
vn -0.006365 0.999964 0.005613
vn -0.023020 0.998133 0.056575
vn -0.000258 0.999994 -0.003530
vn -0.006365 0.999964 0.005613
vn -0.006626 0.999869 -0.014770
vn 0.000291 1.000000 -0.000798
vn 0.000285 1.000000 0.000427
vn -0.000424 1.000000 0.000138
vn 0.000532 1.000000 -0.000097
vn -0.000038 1.000000 -0.000044
vn 0.000285 1.000000 0.000427
vn 0.000656 1.000000 -0.000330
vn 0.000220 1.000000 -0.000306
vn 0.000680 0.999952 -0.009826
vn -0.000490 1.000000 0.000413
vn 0.000656 1.000000 -0.000330
vn -0.001376 0.999998 -0.001276
vn -0.000072 1.000000 0.000260
vn 0.000615 1.000000 -0.000384
vn 0.000017 1.000000 0.000453
vn 0.000656 1.000000 -0.000330
vn -0.000490 1.000000 0.000413
vn -0.000038 1.000000 -0.000044
vn 0.000006 1.000000 0.000258
vn 0.000326 1.000000 0.000334
vn 0.000305 1.000000 -0.000288
vn 0.000162 1.000000 0.000073
vn -0.000217 1.000000 0.000230
vn 0.010771 0.999264 -0.036818
vn 0.000215 1.000000 0.000338
vn 0.000818 0.999999 0.000896
vn -0.000672 0.999966 -0.008225
vn 0.000326 1.000000 0.000334
vn 0.000818 0.999999 0.000896
vn 0.000215 1.000000 0.000338
vn 0.003287 0.999975 -0.006223
vn -0.000639 1.000000 -0.000542
vn 0.000215 1.000000 0.000338
vn 0.000090 1.000000 0.000671
vn -0.000161 1.000000 0.000065
vn -0.000430 1.000000 -0.000677
vn 0.003287 0.999975 -0.006223
vn 0.030437 0.995624 -0.088355
vn 0.000155 1.000000 0.000105
vn -0.000041 1.000000 -0.000005
vn -0.000639 1.000000 -0.000542
vn 0.000680 1.000000 0.000033
vn 0.000155 1.000000 0.000105
vn 0.009118 0.999272 -0.037055
vn 0.000905 1.000000 0.000178
vn 0.003287 0.999975 -0.006223
vn 0.000155 1.000000 0.000105
vn -0.000639 1.000000 -0.000542
vn -0.707431 0.688135 -0.161280
vn -0.829595 0.537444 -0.151417
vn -0.889507 0.362465 -0.278203
vn -0.579103 0.804531 -0.131793
vn -0.889507 0.362465 -0.278203
vn -0.829595 0.537444 -0.151417
vn -0.228557 0.973363 0.018062
vn -0.403332 0.901208 -0.158578
vn -0.707431 0.688135 -0.161280
vn -0.019783 0.999372 -0.029390
vn -0.051143 0.998325 -0.027042
vn 0.003158 0.999975 -0.006337
vn -0.291010 0.946239 -0.141226
vn 0.014374 0.999186 -0.037690
vn -0.038910 0.991815 -0.121614
vn -0.655946 0.702487 -0.276127
vn -0.670595 0.681843 -0.292219
vn -0.765611 0.594570 -0.245616
vn -0.655946 0.702487 -0.276127
vn -0.291010 0.946239 -0.141226
vn -0.670595 0.681843 -0.292219
vn -0.106024 0.992310 -0.063866
vn -0.019783 0.999372 -0.029390
vn -0.291010 0.946239 -0.141226
vn -0.403643 0.896919 -0.180576
vn -0.829595 0.537444 -0.151417
vn -0.403332 0.901208 -0.158578
vn -0.655946 0.702487 -0.276127
vn -0.403643 0.896919 -0.180576
vn -0.291010 0.946239 -0.141226
vn 0.000215 1.000000 0.000338
vn -0.000672 0.999966 -0.008225
vn 0.003287 0.999975 -0.006223
vn 0.010771 0.999264 -0.036818
vn -0.000672 0.999966 -0.008225
vn 0.000818 0.999999 0.000896
vn 0.000268 1.000000 0.000012
vn 0.000680 1.000000 0.000033
vn 0.000186 1.000000 0.000398
vn -0.000041 1.000000 -0.000005
vn 0.000599 1.000000 -0.000337
vn 0.000658 1.000000 -0.000406
vn -0.000055 1.000000 0.000497
vn -0.000149 1.000000 -0.000234
vn 0.000658 1.000000 -0.000406
vn 0.000090 1.000000 0.000671
vn 0.000305 1.000000 -0.000288
vn 0.000326 1.000000 0.000334
vn 0.000326 1.000000 0.000334
vn 0.000215 1.000000 0.000338
vn 0.000090 1.000000 0.000671
vn 0.000215 1.000000 0.000338
vn -0.000639 1.000000 -0.000542
vn -0.000377 1.000000 0.000779
vn -0.000161 1.000000 0.000065
vn -0.000377 1.000000 0.000779
vn -0.000041 1.000000 -0.000005
vn 0.000215 1.000000 0.000338
vn -0.000377 1.000000 0.000779
vn 0.000090 1.000000 0.000671
vn 0.013920 0.998773 0.047523
vn 0.013332 0.996435 0.083299
vn -0.000011 1.000000 -0.000345
vn 0.294043 0.943518 -0.152687
vn 0.704561 0.615963 -0.352395
vn 0.700078 0.617379 -0.358796
vn 0.684540 0.653725 -0.322567
vn 0.294043 0.943518 -0.152687
vn 0.700078 0.617379 -0.358796
vn 0.294043 0.943518 -0.152687
vn 0.003158 0.999975 -0.006337
vn 0.013332 0.996435 0.083299
vn -0.066197 0.996450 0.052018
vn -0.010727 0.999143 0.039990
vn -0.051722 0.991068 0.122918
vn 0.013332 0.996435 0.083299
vn 0.003158 0.999975 -0.006337
vn -0.000011 1.000000 -0.000345
vn 0.520334 0.820338 -0.237272
vn -0.010727 0.999143 0.039990
vn 0.403745 0.910449 -0.089847
vn 0.294043 0.943518 -0.152687
vn 0.013332 0.996435 0.083299
vn -0.010727 0.999143 0.039990
vn 0.003158 0.999975 -0.006337
vn -0.051143 0.998325 -0.027042
vn -0.000011 1.000000 -0.000345
vn 0.013920 0.998773 0.047523
vn -0.000011 1.000000 -0.000345
vn -0.051143 0.998325 -0.027042
vn 0.743536 0.610030 -0.273893
vn 0.520334 0.820338 -0.237272
vn 0.403745 0.910449 -0.089847
vn 0.294043 0.943518 -0.152687
vn 0.520334 0.820338 -0.237272
vn 0.704561 0.615963 -0.352395
vn -0.291010 0.946239 -0.141226
vn -0.403643 0.896919 -0.180576
vn -0.106024 0.992310 -0.063866
vn -0.829595 0.537444 -0.151417
vn -0.403643 0.896919 -0.180576
vn -0.655946 0.702487 -0.276127
vn -0.000531 1.000000 0.000152
vn -0.000149 1.000000 -0.000234
vn -0.000055 1.000000 0.000497
vn -0.000159 1.000000 0.000781
vn -0.000233 1.000000 0.000329
vn 0.000255 1.000000 0.000163
vn -0.051143 0.998325 -0.027042
vn -0.019783 0.999372 -0.029390
vn -0.106024 0.992310 -0.063866
vn 0.266812 0.956702 -0.116333
vn -0.019783 0.999372 -0.029390
vn 0.003158 0.999975 -0.006337
vn 0.523669 0.810980 -0.260925
vn 0.266812 0.956702 -0.116333
vn 0.684540 0.653725 -0.322567
vn 0.266812 0.956702 -0.116333
vn 0.014374 0.999186 -0.037690
vn -0.019783 0.999372 -0.029390
vn -0.000041 1.000000 -0.000005
vn 0.000658 1.000000 -0.000406
vn -0.000161 1.000000 0.000065
vn -0.000055 1.000000 0.000497
vn 0.000658 1.000000 -0.000406
vn 0.000599 1.000000 -0.000337
vn -0.000055 1.000000 0.000497
vn 0.000599 1.000000 -0.000337
vn -0.000583 1.000000 0.000305
vn -0.000531 1.000000 0.000152
vn -0.000055 1.000000 0.000497
vn -0.000547 1.000000 0.000410
vn -0.023860 0.999534 0.019037
vn -0.000531 1.000000 0.000152
vn -0.000547 1.000000 0.000410
vn -0.000233 1.000000 0.000329
vn -0.000531 1.000000 0.000152
vn -0.000142 1.000000 0.000108
vn -0.000531 1.000000 0.000152
vn -0.000233 1.000000 0.000329
vn -0.000149 1.000000 -0.000234
vn 0.000465 1.000000 -0.000725
vn -0.000038 1.000000 -0.000629
vn 0.000276 1.000000 -0.000084
vn 0.000276 1.000000 -0.000084
vn -0.000159 1.000000 0.000781
vn -0.000042 1.000000 0.000858
vn -0.000038 1.000000 -0.000629
vn -0.000149 1.000000 -0.000234
vn -0.000233 1.000000 0.000329
vn 0.000090 1.000000 0.000671
vn -0.000430 1.000000 -0.000677
vn 0.000305 1.000000 -0.000288
vn -0.000161 1.000000 0.000065
vn -0.000038 1.000000 -0.000629
vn -0.000430 1.000000 -0.000677
vn -0.018933 0.999548 0.023373
vn -0.043585 0.997198 0.060792
vn -0.002600 0.999995 -0.001980
vn -0.043585 0.997198 0.060792
vn 0.001698 0.999836 0.018038
vn -0.002600 0.999995 -0.001980
vn 0.124213 0.881344 0.455854
vn -0.043585 0.997198 0.060792
vn -0.018933 0.999548 0.023373
vn 0.001698 0.999836 0.018038
vn -0.043585 0.997198 0.060792
vn 0.105125 0.857845 0.503041
vn 0.105125 0.857845 0.503041
vn 0.296339 0.254941 0.920428
vn 0.225185 0.715193 0.661658
vn 0.001698 0.999836 0.018038
vn 0.156360 0.969863 0.186862
vn 0.001100 0.999999 0.000179
vn 0.124213 0.881344 0.455854
vn 0.312140 0.244441 0.918051
vn 0.105125 0.857845 0.503041
vn 0.296339 0.254941 0.920428
vn 0.274819 0.411692 0.868898
vn 0.174594 0.205200 0.963021
vn 0.310745 0.557502 0.769824
vn 0.312140 0.244441 0.918051
vn 0.243275 0.288718 0.925991
vn 0.105125 0.857845 0.503041
vn 0.312140 0.244441 0.918051
vn 0.296339 0.254941 0.920428
vn 0.133038 0.715382 0.685952
vn 0.274819 0.411692 0.868898
vn -0.156167 0.707186 -0.689565
vn 0.312140 0.244441 0.918051
vn 0.274819 0.411692 0.868898
vn 0.296339 0.254941 0.920428
vn 0.156360 0.969863 0.186862
vn 0.056874 0.957421 0.283037
vn -0.000107 1.000000 -0.000100
vn -0.002600 0.999995 -0.001980
vn 0.001100 0.999999 0.000179
vn 0.000730 1.000000 -0.000661
vn 0.105125 0.857845 0.503041
vn 0.225185 0.715193 0.661658
vn 0.001698 0.999836 0.018038
vn 0.225185 0.715193 0.661658
vn 0.296339 0.254941 0.920428
vn 0.174594 0.205200 0.963021
vn -0.204133 0.973733 -0.100866
vn 0.379085 0.917059 0.123682
vn 0.273191 0.959273 -0.071846
vn 0.431348 0.203455 0.878945
vn 0.379085 0.917059 0.123682
vn 0.286685 0.950354 0.120990
vn -0.000304 1.000000 0.000084
vn -0.000256 1.000000 -0.000208
vn -0.000521 1.000000 0.000099
vn -0.000107 1.000000 -0.000100
vn -0.000304 1.000000 0.000084
vn 0.000730 1.000000 -0.000661
vn -0.038929 0.999050 0.019573
vn -0.031095 0.998988 0.032500
vn -0.025717 0.998977 -0.037205
vn -0.100783 0.991475 0.082583
vn -0.031095 0.998988 0.032500
vn 0.011884 0.996804 0.079003
vn -0.642776 0.728871 -0.235765
vn -0.425035 0.900761 -0.089308
vn -0.671969 0.724122 -0.155258
vn -0.233580 0.969726 -0.071211
vn -0.537017 0.809739 -0.236507
vn -0.379752 0.918117 -0.113360
vn -0.006068 0.999980 -0.001858
vn -0.094146 0.995535 -0.006823
vn -0.072146 0.997133 -0.022804
vn -0.126931 0.990120 -0.059594
vn -0.094146 0.995535 -0.006823
vn -0.015608 0.999878 -0.001132
vn -0.425472 0.890322 -0.162176
vn -0.343936 0.936407 -0.069646
vn -0.126931 0.990120 -0.059594
vn -0.671969 0.724122 -0.155258
vn -0.425035 0.900761 -0.089308
vn -0.343936 0.936407 -0.069646
vn -0.184972 0.981479 -0.049837
vn -0.233580 0.969726 -0.071211
vn -0.379752 0.918117 -0.113360
vn -0.094146 0.995535 -0.006823
vn -0.233580 0.969726 -0.071211
vn -0.072146 0.997133 -0.022804
vn 0.547651 0.815012 -0.189301
vn 0.405253 0.900318 -0.158739
vn 0.427769 0.883654 -0.190180
vn -0.310883 0.853630 -0.417934
vn 0.405253 0.900318 -0.158739
vn 0.534840 0.719353 -0.443257
vn 0.460712 0.800839 -0.382624
vn -0.310883 0.853630 -0.417934
vn 0.534840 0.719353 -0.443257
vn -0.679741 0.654455 -0.331121
vn -0.310883 0.853630 -0.417934
vn -0.253858 0.946196 -0.200670
vn 0.000558 1.000000 0.000490
vn -0.000785 1.000000 -0.000427
vn -0.001015 1.000000 0.000191
vn -0.000785 1.000000 -0.000427
vn 0.000138 1.000000 0.000296
vn -0.000275 1.000000 -0.000160
vn 0.032546 0.992123 -0.120963
vn 0.001395 0.999955 -0.009376
vn 0.055997 0.996055 -0.068841
vn -0.000365 1.000000 0.000065
vn 0.001395 0.999955 -0.009376
vn 0.005193 0.997345 -0.072633
vn -0.006626 0.999869 -0.014770
vn -0.040501 0.982426 -0.182208
vn -0.000258 0.999994 -0.003530
vn -0.262576 0.717922 -0.644703
vn -0.040501 0.982426 -0.182208
vn -0.047831 0.990691 -0.127453
vn -0.002600 0.999995 -0.001980
vn -0.006068 0.999980 -0.001858
vn -0.072146 0.997133 -0.022804
vn -0.000304 1.000000 0.000084
vn -0.006068 0.999980 -0.001858
vn 0.000730 1.000000 -0.000661
vn -0.089123 0.995631 -0.027846
vn -0.000521 1.000000 0.000099
vn -0.006357 0.999973 -0.003666
vn -0.000304 1.000000 0.000084
vn -0.000521 1.000000 0.000099
vn -0.015608 0.999878 -0.001132
vn 0.432688 0.896721 -0.093126
vn 0.680533 0.663935 -0.309944
vn 0.427769 0.883654 -0.190180
vn 0.124255 0.983089 0.134523
vn 0.680533 0.663935 -0.309944
vn 0.746871 0.628072 0.218426
vn -0.277482 0.954343 0.110602
vn -0.340250 0.913658 0.222395
vn -0.514335 0.828056 0.223119
vn -0.246064 0.938564 0.241973
vn -0.340250 0.913658 0.222395
vn -0.374066 0.898511 0.229681
vn 0.000268 1.000000 0.000012
vn -0.000041 1.000000 -0.000005
vn 0.000680 1.000000 0.000033
vn -0.000583 1.000000 0.000305
vn 0.000268 1.000000 0.000012
vn -0.000162 1.000000 0.000050
vn -0.055215 0.997935 -0.032808
vn -0.074521 0.997209 0.004553
vn -0.136434 0.981084 -0.137333
vn -0.000162 1.000000 0.000050
vn -0.004966 0.999986 -0.001977
vn -0.055215 0.997935 -0.032808
vn -0.025810 0.999629 -0.008700
vn 0.000186 1.000000 0.000398
vn 0.000905 1.000000 0.000178
vn 0.000268 1.000000 0.000012
vn 0.000186 1.000000 0.000398
vn -0.004966 0.999986 -0.001977
vn -0.000162 1.000000 0.000050
vn 0.000268 1.000000 0.000012
vn -0.004966 0.999986 -0.001977
vn -0.000041 1.000000 -0.000005
vn 0.000268 1.000000 0.000012
vn 0.000599 1.000000 -0.000337
vn -0.004966 0.999986 -0.001977
vn -0.074521 0.997209 0.004553
vn -0.055215 0.997935 -0.032808
vn -0.000583 1.000000 0.000305
vn -0.000162 1.000000 0.000050
vn -0.000275 1.000000 0.000120
vn -0.222076 0.974415 -0.034600
vn -0.600610 0.786028 0.146384
vn -0.722421 0.634992 0.273664
vn -0.055215 0.997935 -0.032808
vn -0.024463 0.999696 0.003177
vn -0.000162 1.000000 0.000050
vn -0.090622 0.995052 -0.040728
vn -0.074521 0.997209 0.004553
vn -0.004966 0.999986 -0.001977
vn -0.640318 0.734625 0.224319
vn -0.290571 0.953530 0.079681
vn -0.600610 0.786028 0.146384
vn -0.471693 0.860534 0.192319
vn -0.640318 0.734625 0.224319
vn 0.072243 0.997308 -0.012528
vn -0.290571 0.953530 0.079681
vn -0.640318 0.734625 0.224319
vn -0.322670 0.932477 0.162393
vn -0.000275 1.000000 0.000120
vn -0.000281 1.000000 0.000808
vn -0.000583 1.000000 0.000305
vn 0.000599 1.000000 -0.000337
vn 0.000268 1.000000 0.000012
vn -0.000583 1.000000 0.000305
vn -0.025810 0.999629 -0.008700
vn -0.031057 0.998222 -0.050870
vn -0.344916 0.936742 -0.059567
vn -0.136434 0.981084 -0.137333
vn -0.317539 0.945212 -0.075781
vn -0.208022 0.960688 -0.183861
vn -0.235777 0.963479 -0.126957
vn -0.444906 0.895032 -0.031254
vn -0.518785 0.853182 -0.054248
vn -0.518785 0.853182 -0.054248
vn 0.251443 0.954774 -0.158690
vn -0.046132 0.990442 -0.129987
vn -0.369270 0.925584 0.083270
vn -0.136434 0.981084 -0.137333
vn -0.292009 0.955906 -0.031207
vn 0.110061 0.988774 -0.101059
vn 0.750535 0.641581 -0.158339
vn -0.222076 0.974415 -0.034600
vn -0.600610 0.786028 0.146384
vn -0.222076 0.974415 -0.034600
vn 0.468809 0.865638 -0.175753
vn 0.110061 0.988774 -0.101059
vn -0.222076 0.974415 -0.034600
vn -0.722421 0.634992 0.273664
vn -0.090622 0.995052 -0.040728
vn -0.004966 0.999986 -0.001977
vn -0.025810 0.999629 -0.008700
vn -0.074521 0.997209 0.004553
vn -0.317539 0.945212 -0.075781
vn -0.136434 0.981084 -0.137333
vn 0.018234 0.989699 -0.141996
vn -0.413458 0.895220 -0.166234
vn -0.046132 0.990442 -0.129987
vn -0.292009 0.955906 -0.031207
vn -0.136434 0.981084 -0.137333
vn -0.208022 0.960688 -0.183861
vn -0.609656 0.739347 0.285805
vn -0.099185 0.991415 0.085195
vn 0.365220 0.926929 -0.086118
vn -0.046132 0.990442 -0.129987
vn -0.099185 0.991415 0.085195
vn 0.018234 0.989699 -0.141996
vn -0.317539 0.945212 -0.075781
vn -0.090622 0.995052 -0.040728
vn -0.413458 0.895220 -0.166234
vn -0.292009 0.955906 -0.031207
vn -0.208022 0.960688 -0.183861
vn 0.018234 0.989699 -0.141996
vn -0.099185 0.991415 0.085195
vn -0.645178 0.756140 0.109532
vn 0.018234 0.989699 -0.141996
vn -0.292009 0.955906 -0.031207
vn -0.722421 0.634992 0.273664
vn -0.369270 0.925584 0.083270
vn -0.609656 0.739347 0.285805
vn -0.700674 0.699139 0.142344
vn -0.099185 0.991415 0.085195
vn -0.099185 0.991415 0.085195
vn -0.700674 0.699139 0.142344
vn -0.645178 0.756140 0.109532
vn -0.074521 0.997209 0.004553
vn -0.090622 0.995052 -0.040728
vn -0.317539 0.945212 -0.075781
vn -0.025810 0.999629 -0.008700
vn -0.344916 0.936742 -0.059567
vn -0.090622 0.995052 -0.040728
vn 0.251443 0.954774 -0.158690
vn -0.222879 0.972945 -0.060855
vn 0.521467 0.824204 -0.220818
vn 0.365220 0.926929 -0.086118
vn -0.046132 0.990442 -0.129987
vn 0.251443 0.954774 -0.158690
vn 0.365220 0.926929 -0.086118
vn -0.099185 0.991415 0.085195
vn -0.046132 0.990442 -0.129987
vn -0.222879 0.972945 -0.060855
vn 0.251443 0.954774 -0.158690
vn -0.518785 0.853182 -0.054248
vn -0.413458 0.895220 -0.166234
vn 0.018234 0.989699 -0.141996
vn -0.208022 0.960688 -0.183861
vn -0.344916 0.936742 -0.059567
vn -0.518785 0.853182 -0.054248
vn -0.046132 0.990442 -0.129987
vn -0.003619 0.944371 -0.328862
vn -0.444906 0.895032 -0.031254
vn -0.235777 0.963479 -0.126957
vn -0.222879 0.972945 -0.060855
vn -0.444906 0.895032 -0.031254
vn -0.303516 0.951796 -0.044295
vn -0.317539 0.945212 -0.075781
vn -0.413458 0.895220 -0.166234
vn -0.208022 0.960688 -0.183861
vn -0.344916 0.936742 -0.059567
vn -0.046132 0.990442 -0.129987
vn -0.413458 0.895220 -0.166234
vn -0.722421 0.634992 0.273664
vn -0.292009 0.955906 -0.031207
vn -0.855235 0.432358 0.285726
vn 0.018234 0.989699 -0.141996
vn -0.645178 0.756140 0.109532
vn -0.292009 0.955906 -0.031207
vn -0.642918 0.743083 0.185697
vn -0.645178 0.756140 0.109532
vn -0.700674 0.699139 0.142344
vn -0.292009 0.955906 -0.031207
vn -0.645178 0.756140 0.109532
vn -0.855235 0.432358 0.285726
vn 0.366598 0.911960 -0.184213
vn -0.642918 0.743083 0.185697
vn -0.700674 0.699139 0.142344
vn 0.110061 0.988774 -0.101059
vn -0.642918 0.743083 0.185697
vn 0.680475 0.663059 -0.311939
vn 0.000009 1.000000 0.000583
vn -0.000325 1.000000 0.000021
vn -0.000727 1.000000 -0.000659
vn 0.000642 0.999999 0.000984
vn 0.000009 1.000000 0.000583
vn -0.000127 1.000000 -0.000630
vn -0.494741 0.844494 0.205086
vn -0.825667 0.559367 -0.073364
vn -0.331877 0.908794 0.252887
vn -0.889507 0.362465 -0.278203
vn -0.825667 0.559367 -0.073364
vn -0.707431 0.688135 -0.161280
vn -0.498007 0.813487 0.300381
vn -0.494741 0.844494 0.205086
vn -0.331877 0.908794 0.252887
vn 0.013920 0.998773 0.047523
vn -0.228557 0.973363 0.018062
vn -0.140242 0.982642 0.121437
vn -0.707431 0.688135 -0.161280
vn -0.494741 0.844494 0.205086
vn -0.228557 0.973363 0.018062
vn -0.228557 0.973363 0.018062
vn -0.494741 0.844494 0.205086
vn -0.140242 0.982642 0.121437
vn 0.023151 0.999684 0.009807
vn 0.311732 0.942162 0.123097
vn 0.157627 0.984426 0.077842
vn 0.444802 0.860141 0.249617
vn 0.311732 0.942162 0.123097
vn 0.078283 0.995525 0.052929
vn 0.448221 0.845568 0.290022
vn 0.728604 0.550814 0.407113
vn 0.630738 0.657496 0.412151
vn 0.251749 0.963876 0.086977
vn 0.754041 0.603794 0.258565
vn 0.728604 0.550814 0.407113
vn 0.044374 0.995437 -0.084475
vn 0.010771 0.999264 -0.036818
vn -0.000217 1.000000 0.000230
vn -0.000064 1.000000 0.000050
vn -0.000059 1.000000 0.000125
vn -0.000365 1.000000 0.000065
vn 0.044374 0.995437 -0.084475
vn 0.005193 0.997345 -0.072633
vn 0.053587 0.976175 -0.210263
vn 0.010771 0.999264 -0.036818
vn 0.044374 0.995437 -0.084475
vn 0.032393 0.991777 -0.123815
vn 0.041549 0.964674 -0.260149
vn 0.010771 0.999264 -0.036818
vn 0.032393 0.991777 -0.123815
vn -0.000672 0.999966 -0.008225
vn 0.010771 0.999264 -0.036818
vn 0.033248 0.989419 -0.141228
vn 0.000326 1.000000 0.000334
vn 0.000162 1.000000 0.000073
vn 0.000818 0.999999 0.000896
vn -0.000064 1.000000 0.000050
vn -0.000217 1.000000 0.000230
vn 0.000162 1.000000 0.000073
vn -0.000343 1.000000 0.000311
vn -0.000152 1.000000 0.000259
vn -0.000365 1.000000 0.000065
vn -0.000152 1.000000 0.000259
vn 0.001395 0.999955 -0.009376
vn -0.000365 1.000000 0.000065
vn -0.000042 1.000000 0.000173
vn -0.000152 1.000000 0.000259
vn -0.000343 1.000000 0.000311
vn 0.001395 0.999955 -0.009376
vn -0.000152 1.000000 0.000259
vn 0.000059 1.000000 0.000192
vn -0.000072 1.000000 0.000260
vn -0.000230 1.000000 0.000424
vn -0.000424 1.000000 0.000138
vn 0.000615 1.000000 -0.000384
vn -0.000072 1.000000 0.000260
vn -0.000490 1.000000 0.000413
vn 0.000255 1.000000 0.000163
vn -0.000233 1.000000 0.000329
vn -0.000142 1.000000 0.000108
vn -0.000038 1.000000 -0.000629
vn -0.000233 1.000000 0.000329
vn -0.000159 1.000000 0.000781
vn 0.133038 0.715382 0.685952
vn 0.254003 0.567389 0.783296
vn 0.174594 0.205200 0.963021
vn 0.225185 0.715193 0.661658
vn 0.174594 0.205200 0.963021
vn 0.254003 0.567389 0.783296
vn 0.011700 0.999788 0.016958
vn -0.000107 1.000000 -0.000100
vn 0.056874 0.957421 0.283037
vn -0.000107 1.000000 -0.000100
vn 0.000138 1.000000 0.000120
vn -0.000304 1.000000 0.000084
vn -0.514335 0.828056 0.223119
vn -0.508553 0.819930 0.262848
vn -0.471693 0.860534 0.192319
vn -0.040955 0.999093 0.011625
vn -0.322670 0.932477 0.162393
vn -0.155918 0.982896 0.098009
vn 0.072243 0.997308 -0.012528
vn -0.640318 0.734625 0.224319
vn -0.600610 0.786028 0.146384
vn -0.508553 0.819930 0.262848
vn -0.640318 0.734625 0.224319
vn -0.471693 0.860534 0.192319
vn -0.155918 0.982896 0.098009
vn -0.508553 0.819930 0.262848
vn -0.514335 0.828056 0.223119
vn -0.640318 0.734625 0.224319
vn -0.508553 0.819930 0.262848
vn -0.322670 0.932477 0.162393
vn -0.000281 1.000000 0.000808
vn -0.155918 0.982896 0.098009
vn -0.000623 1.000000 -0.000042
vn -0.024463 0.999696 0.003177
vn -0.040955 0.999093 0.011625
vn -0.000275 1.000000 0.000120
vn -0.000547 1.000000 0.000410
vn -0.000281 1.000000 0.000808
vn -0.000623 1.000000 -0.000042
vn -0.000275 1.000000 0.000120
vn -0.040955 0.999093 0.011625
vn -0.000281 1.000000 0.000808
vn -0.000162 1.000000 0.000050
vn -0.024463 0.999696 0.003177
vn -0.000275 1.000000 0.000120
vn -0.290571 0.953530 0.079681
vn -0.055215 0.997935 -0.032808
vn -0.369270 0.925584 0.083270
vn -0.040955 0.999093 0.011625
vn -0.290571 0.953530 0.079681
vn -0.322670 0.932477 0.162393
vn -0.055215 0.997935 -0.032808
vn -0.290571 0.953530 0.079681
vn -0.024463 0.999696 0.003177
vn -0.098410 0.994391 -0.038767
vn -0.117008 0.989683 -0.082679
vn -0.055169 0.995472 -0.077404
vn -0.291397 0.946046 -0.141722
vn -0.117008 0.989683 -0.082679
vn -0.236437 0.971192 -0.029728
s off
g Clothes4
usemtl FABRIC_1_FRONT_2368
f 69/1/1 43/2/2 51/3/3
f 95/4/4 153/5/5 117/6/6
f 116/7/7 47/8/8 118/9/9
f 66/10/10 52/11/11 57/12/12
f 2/13/13 58/14/14 68/15/15
f 70/16/16 96/17/17 59/18/18
f 163/19/19 276/20/20 275/21/21
f 42/22/22 51/3/23 43/2/24
f 51/3/25 57/12/26 47/8/27
f 72/23/28 38/24/29 37/25/30
f 68/15/31 3/26/32 2/13/33
f 41/27/34 66/10/35 42/22/36
f 31/28/37 75/29/38 32/30/39
f 40/31/40 52/11/41 41/27/42
f 120/32/43 52/11/44 59/18/45
f 126/33/46 2/34/47 3/35/48
f 126/33/49 125/36/50 2/34/51
f 122/37/52 63/38/53 61/39/54
f 74/40/55 56/41/56 77/42/57
f 53/43/58 59/18/59 71/44/60
f 57/12/61 51/3/62 66/10/63
f 120/32/64 48/45/65 52/11/66
f 8/46/67 7/47/68 79/48/69
f 94/49/70 68/15/71 67/50/72
f 131/51/73 49/52/74 78/53/75
f 5/54/76 100/55/77 6/56/78
f 118/9/79 47/8/80 57/12/81
f 79/48/82 81/57/83 8/46/84
f 94/49/85 102/58/86 4/59/87
f 9/60/88 105/61/89 104/62/90
f 8/46/91 105/61/92 9/60/93
f 174/63/94 212/64/95 172/65/96
f 11/66/97 144/67/98 12/68/99
f 132/69/100 134/70/101 10/71/102
f 32/30/103 74/40/104 33/72/105
f 94/49/106 4/59/107 3/26/108
f 34/73/109 62/74/110 61/39/111
f 12/68/112 168/75/113 13/76/114
f 73/77/115 29/78/116 64/79/117
f 13/76/118 169/80/119 14/81/120
f 12/68/121 144/67/122 168/75/123
f 72/23/124 124/82/125 60/83/126
f 9/60/127 132/69/128 10/71/129
f 41/27/130 52/11/131 66/10/132
f 14/81/133 169/80/134 171/84/135
f 195/85/136 226/86/137 184/87/138
f 14/81/139 171/84/140 15/88/141
f 76/89/142 68/15/143 58/14/144
f 55/90/145 50/91/146 129/92/147
f 98/93/148 91/94/149 122/37/150
f 62/74/151 78/53/152 98/93/153
f 61/39/154 62/74/155 54/95/156
f 55/90/157 31/28/158 30/96/159
f 54/95/160 122/37/161 61/39/162
f 62/74/163 34/73/164 33/72/165
f 55/90/166 73/77/167 162/97/168
f 32/30/169 75/29/170 74/40/171
f 65/98/172 75/29/173 55/90/174
f 1/99/175 2/34/176 125/36/177
f 124/82/178 63/38/179 157/100/180
f 48/45/181 89/101/182 57/12/183
f 92/102/184 127/103/185 64/79/186
f 237/104/187 120/32/188 53/43/189
f 30/96/190 73/77/191 55/90/192
f 108/105/193 27/106/194 137/107/195
f 115/108/196 3/35/197 4/109/198
f 71/44/199 39/110/200 38/24/201
f 125/36/202 92/102/203 64/79/204
f 36/111/205 35/112/206 63/38/207
f 5/113/208 6/114/209 109/115/210
f 113/116/211 149/117/212 150/118/213
f 34/73/214 61/39/215 35/112/216
f 58/14/217 47/8/218 76/89/219
f 52/11/220 48/45/221 57/12/222
f 138/119/223 136/120/224 139/121/225
f 193/122/226 196/123/227 227/124/228
f 77/42/229 78/53/230 62/74/231
f 128/125/232 93/126/233 276/20/234
f 66/10/235 51/3/236 42/22/237
f 172/65/238 17/127/239 16/128/240
f 28/129/241 82/130/242 7/131/243
f 143/132/244 108/105/245 84/133/246
f 39/110/247 96/17/248 70/16/249
f 109/115/250 142/134/251 141/135/252
f 58/14/253 69/1/254 51/3/255
f 150/118/256 114/136/257 185/137/258
f 284/138/259 194/139/260 281/140/261
f 24/141/262 147/142/263 25/143/264
f 23/144/265 22/145/266 149/117/267
f 155/146/268 258/147/269 199/148/270
f 58/14/271 51/3/272 47/8/273
f 138/119/274 26/149/275 165/150/276
f 84/133/277 6/114/278 82/130/279
f 58/14/280 2/13/281 69/1/282
f 40/31/283 70/16/284 52/11/285
f 35/112/286 61/39/287 63/38/288
f 124/82/289 37/25/290 36/111/291
f 128/125/292 129/92/293 93/126/294
f 2/13/295 1/151/296 69/1/297
f 43/2/298 69/1/299 1/151/300
f 39/110/301 70/16/302 40/31/303
f 59/18/304 52/11/305 70/16/306
f 72/23/307 71/44/308 38/24/309
f 71/44/310 60/83/311 204/152/312
f 124/82/313 72/23/314 37/25/315
f 71/44/316 72/23/317 60/83/318
f 29/78/319 73/77/320 30/96/321
f 73/77/322 64/79/323 162/97/324
f 74/40/325 65/98/326 128/125/327
f 62/74/328 33/72/329 74/40/330
f 55/90/331 75/29/332 31/28/333
f 74/40/334 75/29/335 65/98/336
f 116/7/337 76/89/338 47/8/339
f 68/15/340 76/89/341 67/50/342
f 78/53/343 77/42/344 56/41/345
f 62/74/346 74/40/347 77/42/348
f 163/19/349 275/21/350 131/51/351
f 98/93/352 78/53/353 49/52/354
f 7/47/355 6/56/356 79/48/357
f 100/55/358 81/57/359 79/48/360
f 67/50/361 102/58/362 94/49/363
f 235/153/364 99/154/365 104/62/366
f 100/55/367 79/48/368 6/56/369
f 81/57/370 80/155/371 104/62/372
f 108/105/373 28/129/374 27/106/375
f 6/114/376 7/131/377 82/130/378
f 135/156/379 27/106/380 26/149/381
f 160/157/382 88/158/383 161/159/384
f 143/132/385 28/129/386 108/105/387
f 84/133/388 83/160/389 142/134/390
f 48/45/391 119/161/392 89/101/393
f 183/162/394 190/163/395 87/164/396
f 210/165/397 131/51/398 97/166/399
f 249/167/400 207/168/401 251/169/402
f 20/170/403 151/171/404 21/172/405
f 186/173/406 150/118/407 185/137/408
f 141/135/409 4/109/410 5/113/411
f 127/103/412 160/157/413 130/174/414
f 48/45/415 120/32/416 119/161/417
f 89/101/418 44/175/419 116/7/420
f 202/176/421 155/146/422 201/177/423
f 44/175/424 89/101/425 119/161/426
f 240/178/427 239/179/428 121/180/429
f 122/37/430 157/100/431 63/38/432
f 92/102/433 126/33/434 115/108/435
f 127/103/436 92/102/437 159/181/438
f 130/174/439 93/126/440 129/92/441
f 273/182/442 275/21/443 276/20/444
f 68/15/445 94/49/446 3/26/447
f 67/50/448 153/5/449 102/58/450
f 116/7/451 117/6/452 153/5/453
f 100/55/454 101/183/455 103/184/456
f 39/110/457 71/44/458 96/17/459
f 59/18/460 96/17/461 71/44/462
f 131/51/463 78/53/464 163/19/465
f 280/185/466 45/186/467 245/187/468
f 91/94/469 98/93/470 49/52/471
f 62/74/472 98/93/473 54/95/474
f 198/188/475 200/189/476 117/6/477
f 233/190/478 230/191/479 231/192/480
f 101/183/481 100/55/482 5/54/483
f 80/155/484 81/57/485 100/55/486
f 4/59/487 101/183/488 5/54/489
f 103/184/490 101/183/491 95/4/492
f 95/4/493 101/183/494 102/58/495
f 4/59/496 102/58/497 101/183/498
f 236/193/499 95/4/500 117/6/501
f 100/55/502 103/184/503 80/155/504
f 235/153/505 80/155/506 200/189/507
f 132/69/508 104/62/509 99/154/510
f 8/46/511 81/57/512 105/61/513
f 104/62/514 105/61/515 81/57/516
f 147/142/517 136/120/518 165/150/519
f 252/194/520 207/168/521 106/195/522
f 83/160/523 206/196/524 142/134/525
f 107/197/526 206/196/527 115/108/528
f 27/106/529 135/156/530 137/107/531
f 83/160/532 84/133/533 108/105/534
f 6/114/535 84/133/536 109/115/537
f 109/115/538 84/133/539 142/134/540
f 134/70/541 166/198/542 10/71/543
f 218/199/544 216/200/545 145/201/546
f 265/202/547 247/203/548 244/204/549
f 180/205/550 182/206/551 152/207/552
f 186/173/553 188/208/554 113/116/555
f 192/209/556 148/210/557 188/208/558
f 191/211/559 186/173/560 87/164/561
f 112/212/562 147/142/563 148/210/564
f 20/170/565 177/213/566 151/171/567
f 151/171/568 152/207/569 114/136/570
f 115/108/571 4/109/572 141/135/573
f 115/108/574 88/158/575 159/181/576
f 116/7/577 44/175/578 117/6/579
f 76/89/580 116/7/581 67/50/582
f 117/6/583 44/175/584 198/188/585
f 103/184/586 95/4/587 236/193/588
f 57/12/589 89/101/590 118/9/591
f 116/7/592 118/9/593 89/101/594
f 237/104/595 90/214/596 120/32/597
f 90/214/598 201/177/599 119/161/600
f 53/43/601 120/32/602 59/18/603
f 119/161/604 120/32/605 90/214/606
f 204/152/607 205/215/608 158/216/609
f 242/217/610 203/218/611 91/94/612
f 98/93/613 122/37/614 54/95/615
f 157/100/616 122/37/617 91/94/618
f 123/219/619 157/100/620 203/218/621
f 158/216/622 238/220/623 204/152/624
f 63/38/625 124/82/626 36/111/627
f 124/82/628 123/219/629 205/215/630
f 64/79/631 29/78/632 125/36/633
f 1/99/634 125/36/635 29/78/636
f 115/108/637 126/33/638 3/35/639
f 125/36/640 126/33/641 92/102/642
f 127/103/643 159/181/644 160/157/645
f 162/97/646 127/103/647 130/174/648
f 74/40/649 128/125/650 56/41/651
f 129/92/652 128/125/653 65/98/654
f 55/90/655 129/92/656 65/98/657
f 130/174/658 129/92/659 50/91/660
f 130/174/661 50/91/662 162/97/663
f 273/182/664 130/174/665 46/221/666
f 163/19/667 78/53/668 56/41/669
f 280/185/670 164/222/671 210/165/672
f 104/62/673 132/69/674 9/60/675
f 99/154/676 133/223/677 134/70/678
f 231/192/679 230/191/680 154/224/681
f 166/198/682 167/225/683 144/67/684
f 99/154/685 134/70/686 132/69/687
f 134/70/688 133/223/689 166/198/690
f 26/149/691 25/143/692 165/150/693
f 135/156/694 106/195/695 137/107/696
f 140/226/697 86/227/698 139/121/699
f 106/195/700 135/156/701 138/119/702
f 250/228/703 106/195/704 207/168/705
f 108/105/706 137/107/707 250/228/708
f 26/149/709 138/119/710 135/156/711
f 136/120/712 140/226/713 139/121/714
f 139/121/715 86/227/716 209/229/717
f 106/195/718 138/119/719 139/121/720
f 136/120/721 112/212/722 140/226/723
f 192/209/724 189/230/725 112/212/726
f 109/115/727 141/135/728 5/113/729
f 115/108/730 141/135/731 107/197/732
f 83/160/733 249/167/734 206/196/735
f 142/134/736 107/197/737 141/135/738
f 84/133/739 82/130/740 143/132/741
f 28/129/742 143/132/743 82/130/744
f 166/198/745 144/67/746 11/66/747
f 211/231/748 168/75/749 144/67/750
f 253/232/751 219/233/752 221/234/753
f 215/235/754 214/236/755 146/237/756
f 173/238/757 15/88/758 170/239/759
f 178/240/760 180/205/761 152/207/762
f 24/141/763 23/144/764 175/241/765
f 136/120/766 147/142/767 112/212/768
f 175/241/769 147/142/770 24/141/771
f 148/210/772 175/241/773 149/117/774
f 22/145/775 21/172/776 176/242/777
f 148/210/778 149/117/779 113/116/780
f 176/242/781 149/117/782 22/145/783
f 150/118/784 176/242/785 151/171/786
f 177/213/787 20/170/788 19/243/789
f 150/118/790 151/171/791 114/136/792
f 18/244/793 178/240/794 19/243/795
f 212/64/796 174/63/797 178/240/798
f 102/58/799 153/5/800 95/4/801
f 116/7/802 153/5/803 67/50/804
f 199/148/805 229/245/806 201/177/807
f 232/246/808 221/234/809 110/247/810
f 228/248/811 258/147/812 241/249/813
f 240/178/814 241/249/815 155/146/816
f 242/217/817 243/250/818 156/251/819
f 245/187/820 263/252/821 265/202/822
f 203/218/823 157/100/824 91/94/825
f 124/82/826 157/100/827 123/219/828
f 205/215/829 248/253/830 158/216/831
f 239/179/832 202/176/833 238/220/834
f 115/108/835 159/181/836 92/102/837
f 160/157/838 159/181/839 88/158/840
f 88/158/841 206/196/842 161/159/843
f 130/174/844 160/157/845 46/221/846
f 108/105/847 250/228/848 83/160/849
f 160/157/850 161/159/851 266/254/852
f 162/97/853 50/91/854 55/90/855
f 64/79/856 127/103/857 162/97/858
f 276/20/859 56/41/860 128/125/861
f 271/255/862 273/182/863 46/221/864
f 243/250/865 244/204/866 156/251/867
f 210/165/868 243/250/869 131/51/870
f 147/142/871 165/150/872 25/143/873
f 138/119/874 165/150/875 136/120/876
f 166/198/877 11/66/878 10/71/879
f 167/225/880 166/198/881 133/223/882
f 99/154/883 233/190/884 133/223/885
f 211/231/886 167/225/887 110/247/888
f 144/67/889 167/225/890 211/231/891
f 169/80/892 168/75/893 145/201/894
f 168/75/895 169/80/896 13/76/897
f 145/201/898 170/239/899 171/84/900
f 223/256/901 214/236/902 215/235/903
f 146/237/904 172/65/905 173/238/906
f 145/201/907 171/84/908 169/80/909
f 15/88/910 171/84/911 170/239/912
f 173/238/913 172/65/914 16/128/915
f 172/65/916 146/237/917 174/63/918
f 15/88/919 173/238/920 16/128/921
f 173/238/922 170/239/923 215/235/924
f 181/257/925 179/258/926 180/205/927
f 178/240/928 152/207/929 177/213/930
f 149/117/931 175/241/932 23/144/933
f 147/142/934 175/241/935 148/210/936
f 151/171/937 176/242/938 21/172/939
f 149/117/940 176/242/941 150/118/942
f 178/240/943 177/213/944 19/243/945
f 151/171/946 177/213/947 152/207/948
f 212/64/949 178/240/950 18/244/951
f 181/257/952 213/259/953 146/237/954
f 197/260/955 187/261/956 191/211/957
f 183/162/958 185/137/959 182/206/960
f 213/259/961 178/240/962 174/63/963
f 182/206/964 180/205/965 179/258/966
f 213/259/967 181/257/968 180/205/969
f 146/237/970 214/236/971 181/257/972
f 183/162/973 182/206/974 179/258/975
f 152/207/976 182/206/977 114/136/978
f 195/85/979 184/87/980 190/163/981
f 185/137/982 183/162/983 87/164/984
f 190/163/985 196/123/986 195/85/987
f 226/86/988 193/122/989 225/262/990
f 186/173/991 185/137/992 87/164/993
f 182/206/994 185/137/995 114/136/996
f 191/211/997 188/208/998 186/173/999
f 150/118/1000 186/173/1001 113/116/1002
f 87/164/1003 197/260/1004 191/211/1005
f 112/212/1006 189/230/1007 140/226/1008
f 187/261/1009 189/230/1010 192/209/1011
f 148/210/1012 113/116/1013 188/208/1014
f 286/263/1015 187/261/1016 284/138/1017
f 86/227/1018 140/226/1019 189/230/1020
f 196/123/1021 183/162/1022 179/258/1023
f 184/87/1024 194/139/1025 197/260/1026
f 197/260/1027 87/164/1028 190/163/1029
f 187/261/1030 188/208/1031 191/211/1032
f 148/210/1033 192/209/1034 112/212/1035
f 187/261/1036 192/209/1037 188/208/1038
f 227/124/1039 179/258/1040 181/257/1041
f 220/264/1042 224/265/1043 111/266/1044
f 264/267/1045 262/268/1046 263/252/1047
f 45/186/1048 283/269/1049 264/267/1050
f 196/123/1051 190/163/1052 183/162/1053
f 226/86/1054 195/85/1055 193/122/1056
f 227/124/1057 196/123/1058 179/258/1059
f 195/85/1060 196/123/1061 193/122/1062
f 184/87/1063 197/260/1064 190/163/1065
f 197/260/1066 194/139/1067 187/261/1068
f 229/245/1069 44/175/1070 119/161/1071
f 200/189/1072 198/188/1073 154/224/1074
f 154/224/1075 198/188/1076 199/148/1077
f 198/188/1078 44/175/1079 229/245/1080
f 230/191/1081 200/189/1082 154/224/1083
f 80/155/1084 103/184/1085 236/193/1086
f 201/177/1087 90/214/1088 237/104/1089
f 199/148/1090 201/177/1091 155/146/1092
f 238/220/1093 53/43/1094 204/152/1095
f 240/178/1096 202/176/1097 239/179/1098
f 242/217/1099 91/94/1100 49/52/1101
f 203/218/1102 156/251/1103 261/270/1104
f 71/44/1105 204/152/1106 53/43/1107
f 205/215/1108 204/152/1109 60/83/1110
f 124/82/1111 205/215/1112 60/83/1113
f 248/253/1114 205/215/1115 123/219/1116
f 115/108/1117 206/196/1118 88/158/1119
f 142/134/1120 206/196/1121 107/197/1122
f 209/229/1123 252/194/1124 139/121/1125
f 249/167/1126 251/169/1127 161/159/1128
f 272/271/1129 274/272/1130 267/273/1131
f 46/221/1132 160/157/1133 266/254/1134
f 274/272/1135 209/229/1136 86/227/1137
f 209/229/1138 208/274/1139 252/194/1140
f 280/185/1141 210/165/1142 97/166/1143
f 210/165/1144 164/222/1145 243/250/1146
f 211/231/1147 110/247/1148 219/233/1149
f 145/201/1150 168/75/1151 211/231/1152
f 18/244/1153 17/127/1154 212/64/1155
f 172/65/1156 212/64/1157 17/127/1158
f 178/240/1159 213/259/1160 180/205/1161
f 146/237/1162 213/259/1163 174/63/1164
f 146/237/1165 173/238/1166 215/235/1167
f 111/266/1168 181/257/1169 214/236/1170
f 145/201/1171 216/200/1172 170/239/1173
f 215/235/1174 170/239/1175 216/200/1176
f 218/199/1177 145/201/1178 219/233/1179
f 216/200/1180 218/199/1181 220/264/1182
f 111/266/1183 224/265/1184 225/262/1185
f 216/200/1186 220/264/1187 223/256/1188
f 145/201/1189 211/231/1190 219/233/1191
f 220/264/1192 218/199/1193 217/275/1194
f 221/234/1195 219/233/1196 110/247/1197
f 217/275/1198 218/199/1199 219/233/1200
f 224/265/1201 220/264/1202 255/276/1203
f 111/266/1204 214/236/1205 223/256/1206
f 99/154/1207 230/191/1208 233/190/1209
f 253/232/1210 221/234/1211 85/277/1212
f 255/276/1213 253/232/1214 254/278/1215
f 268/279/1216 241/249/1217 121/180/1218
f 216/200/1219 223/256/1220 215/235/1221
f 111/266/1222 223/256/1223 220/264/1224
f 255/276/1225 220/264/1226 217/275/1227
f 225/262/1228 224/265/1229 222/280/1230
f 222/280/1231 279/281/1232 225/262/1233
f 225/262/1234 193/122/1235 227/124/1236
f 222/280/1237 255/276/1238 254/278/1239
f 184/87/1240 226/86/1241 262/268/1242
f 181/257/1243 111/266/1244 227/124/1245
f 225/262/1246 227/124/1247 111/266/1248
f 260/282/1249 221/234/1250 234/283/1251
f 258/147/1252 259/284/1253 199/148/1254
f 201/177/1255 229/245/1256 119/161/1257
f 198/188/1258 229/245/1259 199/148/1260
f 154/224/1261 259/284/1262 231/192/1263
f 235/153/1264 230/191/1265 99/154/1266
f 232/246/1267 234/283/1268 221/234/1269
f 232/246/1270 110/247/1271 167/225/1272
f 133/223/1273 232/246/1274 167/225/1275
f 232/246/1276 231/192/1277 234/283/1278
f 231/192/1279 232/246/1280 233/190/1281
f 133/223/1282 233/190/1283 232/246/1284
f 231/192/1285 228/248/1286 234/283/1287
f 260/282/1288 234/283/1289 228/248/1290
f 80/155/1291 235/153/1292 104/62/1293
f 230/191/1294 235/153/1295 200/189/1296
f 117/6/1297 200/189/1298 236/193/1299
f 236/193/1300 200/189/1301 80/155/1302
f 238/220/1303 237/104/1304 53/43/1305
f 201/177/1306 237/104/1307 202/176/1308
f 238/220/1309 158/216/1310 239/179/1311
f 237/104/1312 238/220/1313 202/176/1314
f 239/179/1315 158/216/1316 248/253/1317
f 269/285/1318 261/270/1319 156/251/1320
f 240/178/1321 121/180/1322 241/249/1323
f 155/146/1324 202/176/1325 240/178/1326
f 257/286/1327 254/278/1328 85/277/1329
f 288/287/1330 241/249/1331 268/279/1332
f 243/250/1333 242/217/1334 49/52/1335
f 156/251/1336 203/218/1337 242/217/1338
f 243/250/1339 49/52/1340 131/51/1341
f 243/250/1342 164/222/1343 244/204/1344
f 164/222/1345 245/187/1346 244/204/1347
f 263/252/1348 245/187/1349 45/186/1350
f 280/185/1351 245/187/1352 164/222/1353
f 262/268/1354 264/267/1355 184/87/1356
f 278/288/1357 279/281/1358 254/278/1359
f 244/204/1360 247/203/1361 156/251/1362
f 256/289/1363 269/285/1364 270/290/1365
f 269/285/1366 239/179/1367 261/270/1368
f 123/219/1369 203/218/1370 248/253/1371
f 248/253/1372 203/218/1373 261/270/1374
f 206/196/1375 249/167/1376 161/159/1377
f 250/228/1378 249/167/1379 83/160/1380
f 106/195/1381 250/228/1382 137/107/1383
f 249/167/1384 250/228/1385 207/168/1386
f 252/194/1387 251/169/1388 207/168/1389
f 272/271/1390 208/274/1391 274/272/1392
f 252/194/1393 106/195/1394 139/121/1395
f 251/169/1396 252/194/1397 208/274/1398
f 253/232/1399 85/277/1400 254/278/1401
f 219/233/1402 253/232/1403 217/275/1404
f 85/277/1405 288/287/1406 257/286/1407
f 278/288/1408 254/278/1409 257/286/1410
f 224/265/1411 255/276/1412 222/280/1413
f 253/232/1414 255/276/1415 217/275/1416
f 256/289/1417 268/279/1418 269/285/1419
f 270/290/1420 247/203/1421 246/291/1422
f 85/277/1423 260/282/1424 288/287/1425
f 278/288/1426 256/289/1427 270/290/1428
f 241/249/1429 258/147/1430 155/146/1431
f 259/284/1432 258/147/1433 228/248/1434
f 231/192/1435 259/284/1436 228/248/1437
f 199/148/1438 259/284/1439 154/224/1440
f 288/287/1441 228/248/1442 241/249/1443
f 221/234/1444 260/282/1445 85/277/1446
f 269/285/1447 156/251/1448 247/203/1449
f 248/253/1450 261/270/1451 239/179/1452
f 277/292/1453 262/268/1454 226/86/1455
f 263/252/1456 262/268/1457 246/291/1458
f 263/252/1459 246/291/1460 265/202/1461
f 264/267/1462 263/252/1463 45/186/1464
f 283/269/1465 45/186/1466 280/185/1467
f 184/87/1468 264/267/1469 194/139/1470
f 245/187/1471 265/202/1472 244/204/1473
f 246/291/1474 247/203/1475 265/202/1476
f 161/159/1477 251/169/1478 266/254/1479
f 46/221/1480 266/254/1481 251/169/1482
f 46/221/1483 251/169/1484 271/255/1485
f 271/255/1486 251/169/1487 272/271/1488
f 269/285/1489 268/279/1490 121/180/1491
f 288/287/1492 268/279/1493 256/289/1494
f 269/285/1495 121/180/1496 239/179/1497
f 269/285/1498 247/203/1499 270/290/1500
f 277/292/1501 270/290/1502 246/291/1503
f 278/288/1504 257/286/1505 256/289/1506
f 272/271/1507 251/169/1508 208/274/1509
f 273/182/1510 271/255/1511 267/273/1512
f 208/274/1513 209/229/1514 274/272/1515
f 267/273/1516 271/255/1517 272/271/1518
f 273/182/1519 267/273/1520 275/21/1521
f 273/182/1522 93/126/1523 130/174/1524
f 194/139/1525 284/138/1526 187/261/1527
f 267/273/1528 274/272/1529 282/293/1530
f 267/273/1531 97/166/1532 275/21/1533
f 131/51/1534 275/21/1535 97/166/1536
f 56/41/1537 276/20/1538 163/19/1539
f 93/126/1540 273/182/1541 276/20/1542
f 262/268/1543 277/292/1544 246/291/1545
f 225/262/1546 279/281/1547 226/86/1548
f 270/290/1549 277/292/1550 278/288/1551
f 277/292/1552 226/86/1553 279/281/1554
f 254/278/1555 279/281/1556 222/280/1557
f 277/292/1558 279/281/1559 278/288/1560
f 97/166/1561 282/293/1562 280/185/1563
f 264/267/1564 281/140/1565 194/139/1566
f 287/294/1567 280/185/1568 282/293/1569
f 86/227/1570 189/230/1571 286/263/1572
f 267/273/1573 282/293/1574 97/166/1575
f 274/272/1576 285/295/1577 287/294/1578
f 287/294/1579 283/269/1580 280/185/1581
f 264/267/1582 283/269/1583 281/140/1584
f 285/295/1585 284/138/1586 281/140/1587
f 286/263/1588 189/230/1589 187/261/1590
f 287/294/1591 285/295/1592 281/140/1593
f 274/272/1594 86/227/1595 285/295/1596
f 284/138/1597 285/295/1598 286/263/1599
f 86/227/1600 286/263/1601 285/295/1602
f 287/294/1603 281/140/1604 283/269/1605
f 274/272/1606 287/294/1607 282/293/1608
f 257/286/1609 288/287/1610 256/289/1611
f 228/248/1612 288/287/1613 260/282/1614
f 339/296/1615 357/297/1616 317/298/1617
f 346/299/1618 339/296/1619 354/300/1620
f 319/301/1621 354/300/1622 318/302/1623
f 318/302/1624 339/296/1625 317/298/1626
f 290/303/1627 347/304/1628 356/305/1629
f 398/306/1630 402/307/1631 404/308/1632
f 347/304/1633 339/296/1634 335/309/1635
f 385/310/1636 391/311/1637 292/312/1638
f 354/300/1639 340/313/1640 346/299/1641
f 419/314/1642 335/309/1643 421/315/1644
f 346/299/1645 335/309/1646 339/296/1647
f 384/316/1648 353/317/1649 331/318/1650
f 352/319/1651 349/320/1652 360/321/1653
f 356/305/1654 291/322/1655 290/303/1656
f 341/323/1657 348/324/1658 359/325/1659
f 424/326/1660 425/327/1661 382/328/1662
f 362/329/1663 326/330/1664 327/331/1665
f 423/332/1666 340/313/1667 348/324/1668
f 427/333/1669 383/334/1670 429/335/1671
f 319/301/1672 320/336/1673 340/313/1674
f 417/337/1675 416/338/1676 353/317/1677
f 363/339/1678 323/340/1679 324/341/1680
f 295/342/1681 294/343/1682 365/344/1683
f 385/310/1684 356/305/1685 355/345/1686
f 389/346/1687 294/343/1688 293/347/1689
f 306/348/1690 307/349/1691 448/350/1692
f 385/310/1693 292/312/1694 291/322/1695
f 393/351/1696 315/352/1697 316/353/1698
f 395/354/1699 315/352/1700 394/355/1701
f 394/355/1702 388/356/1703 395/354/1704
f 365/344/1705 367/357/1706 316/353/1707
f 358/358/1708 387/359/1709 348/324/1710
f 312/360/1711 313/361/1712 405/362/1713
f 405/362/1714 313/361/1715 401/363/1716
f 336/364/1717 380/365/1718 346/299/1719
f 329/366/1720 330/367/1721 376/368/1722
f 498/369/1723 525/370/1724 497/371/1725
f 311/372/1726 312/360/1727 437/373/1728
f 428/374/1729 349/320/1730 352/319/1731
f 312/360/1732 405/362/1733 437/373/1734
f 492/375/1735 309/376/1736 310/377/1737
f 361/378/1738 350/379/1739 325/380/1740
f 401/363/1741 395/354/1742 399/381/1743
f 360/321/1744 322/382/1745 323/340/1746
f 410/383/1747 511/384/1748 474/385/1749
f 321/386/1750 387/359/1751 358/358/1752
f 336/364/1753 340/313/1754 423/332/1755
f 364/387/1756 356/305/1757 347/304/1758
f 327/331/1759 379/388/1760 362/329/1761
f 361/378/1762 325/380/1763 326/330/1764
f 342/389/1765 429/335/1766 352/319/1767
f 351/390/1768 424/326/1769 350/379/1770
f 329/366/1771 343/391/1772 328/392/1773
f 359/325/1774 321/386/1775 322/382/1776
f 320/336/1777 358/358/1778 340/313/1779
f 330/367/1780 331/318/1781 353/317/1782
f 363/339/1783 350/379/1784 352/319/1785
f 379/388/1786 343/391/1787 378/393/1788
f 377/394/1789 417/337/1790 384/316/1791
f 347/304/1792 335/309/1793 364/387/1794
f 340/313/1795 336/364/1796 346/299/1797
f 289/395/1798 290/396/1799 384/316/1800
f 533/397/1801 415/398/1802 375/399/1803
f 499/400/1804 464/401/1805 341/323/1806
f 341/323/1807 381/402/1808 423/332/1809
f 469/403/1810 377/394/1811 291/404/1812
f 319/301/1813 340/313/1814 354/300/1815
f 515/405/1816 338/406/1817 533/397/1818
f 347/304/1819 290/303/1820 357/297/1821
f 408/407/1822 441/408/1823 407/409/1824
f 445/410/1825 409/411/1826 444/412/1827
f 303/413/1828 304/414/1829 478/415/1830
f 361/378/1831 362/329/1832 351/390/1833
f 460/416/1834 523/417/1835 494/418/1836
f 491/419/1837 305/420/1838 306/348/1839
f 491/419/1840 448/350/1841 450/421/1842
f 290/396/1843 291/404/1844 377/394/1845
f 415/398/1846 378/393/1847 343/391/1848
f 441/408/1849 292/422/1850 293/423/1851
f 300/424/1852 301/425/1853 444/412/1854
f 370/426/1855 407/409/1856 369/427/1857
f 496/428/1858 523/417/1859 460/416/1860
f 424/326/1861 382/328/1862 427/333/1863
f 296/429/1864 369/427/1865 295/430/1866
f 474/385/1867 504/431/1868 473/432/1869
f 374/433/1870 551/434/1871 457/435/1872
f 421/315/1873 335/309/1874 346/299/1875
f 454/436/1876 414/437/1877 297/438/1878
f 475/439/1879 299/440/1880 300/424/1881
f 298/441/1882 454/436/1883 297/438/1884
f 347/304/1885 357/297/1886 339/296/1887
f 446/442/1888 475/439/1889 444/412/1890
f 293/423/1891 294/443/1892 407/409/1893
f 460/416/1894 517/444/1895 518/445/1896
f 354/300/1897 339/296/1898 318/302/1899
f 325/380/1900 350/379/1901 324/341/1902
f 352/319/1903 350/379/1904 342/389/1905
f 353/317/1906 416/338/1907 376/368/1908
f 290/303/1909 289/446/1910 357/297/1911
f 317/298/1912 357/297/1913 289/446/1914
f 321/386/1915 358/358/1916 320/336/1917
f 348/324/1918 340/313/1919 358/358/1920
f 360/321/1921 359/325/1922 322/382/1923
f 341/323/1924 359/325/1925 349/320/1926
f 360/321/1927 323/340/1928 363/339/1929
f 359/325/1930 360/321/1931 349/320/1932
f 362/329/1933 361/378/1934 326/330/1935
f 350/379/1936 361/378/1937 351/390/1938
f 378/393/1939 418/447/1940 379/388/1941
f 362/329/1942 418/447/1943 425/327/1944
f 350/379/1945 363/339/1946 324/341/1947
f 360/321/1948 363/339/1949 352/319/1950
f 419/314/1951 364/387/1952 335/309/1953
f 356/305/1954 364/387/1955 355/345/1956
f 389/346/1957 367/357/1958 365/344/1959
f 316/353/1960 295/342/1961 365/344/1962
f 355/345/1963 391/311/1964 385/310/1965
f 402/307/1966 388/356/1967 396/448/1968
f 389/346/1969 365/344/1970 294/343/1971
f 431/449/1972 396/448/1973 394/355/1974
f 370/426/1975 414/437/1976 368/450/1977
f 468/451/1978 344/452/1979 417/337/1980
f 370/426/1981 369/427/1982 296/429/1983
f 294/443/1984 295/430/1985 369/427/1986
f 297/438/1987 370/426/1988 296/429/1989
f 370/426/1990 368/450/1991 407/409/1992
f 336/364/1993 422/453/1994 380/365/1995
f 549/454/1996 527/455/1997 545/456/1998
f 471/457/1999 472/458/2000 445/410/2001
f 560/459/2002 524/460/2003 561/461/2004
f 449/462/2005 488/463/2006 489/464/2007
f 449/462/2008 411/465/2009 448/350/2010
f 299/440/2011 475/439/2012 509/466/2013
f 368/450/2014 458/467/2015 459/468/2016
f 343/391/2017 329/366/2018 376/368/2019
f 493/469/2020 534/470/2021 516/471/2022
f 353/317/2023 376/368/2024 330/367/2025
f 376/368/2026 375/399/2027 415/398/2028
f 408/407/2029 459/468/2030 470/472/2031
f 417/337/2032 344/452/2033 416/338/2034
f 378/393/2035 338/406/2036 522/473/2037
f 418/447/2038 378/393/2039 345/474/2040
f 327/331/2041 328/392/2042 379/388/2043
f 343/391/2044 379/388/2045 328/392/2046
f 336/364/2047 423/332/2048 422/453/2049
f 380/365/2050 332/475/2051 419/314/2052
f 461/476/2053 462/477/2054 498/369/2055
f 398/306/2056 435/478/2057 433/479/2058
f 517/444/2059 460/416/2060 494/418/2061
f 427/333/2062 382/328/2063 523/417/2064
f 541/480/2065 559/481/2066 560/459/2067
f 462/477/2068 575/482/2069 428/374/2070
f 289/395/2071 384/316/2072 331/318/2073
f 377/394/2074 384/316/2075 290/396/2076
f 356/305/2077 385/310/2078 291/322/2079
f 355/345/2080 572/483/2081 391/311/2082
f 419/314/2083 420/484/2084 572/483/2085
f 389/346/2086 390/485/2087 392/486/2088
f 321/386/2089 359/325/2090 387/359/2091
f 348/324/2092 387/359/2093 359/325/2094
f 388/356/2095 394/355/2096 396/448/2097
f 388/356/2098 399/381/2099 395/354/2100
f 390/485/2101 389/346/2102 293/347/2103
f 366/487/2104 367/357/2105 389/346/2106
f 292/312/2107 390/485/2108 293/347/2109
f 392/486/2110 390/485/2111 386/488/2112
f 386/488/2113 390/485/2114 391/311/2115
f 292/312/2116 391/311/2117 390/485/2118
f 406/489/2119 386/488/2120 404/308/2121
f 389/346/2122 392/486/2123 366/487/2124
f 316/353/2125 367/357/2126 393/351/2127
f 367/357/2128 366/487/2129 431/449/2130
f 315/352/2131 393/351/2132 394/355/2133
f 393/351/2134 367/357/2135 431/449/2136
f 399/381/2137 400/490/2138 432/491/2139
f 315/352/2140 395/354/2141 314/492/2142
f 406/489/2143 392/486/2144 386/488/2145
f 404/308/2146 332/475/2147 436/493/2148
f 530/494/2149 485/495/2150 552/496/2151
f 314/492/2152 395/354/2153 401/363/2154
f 422/453/2155 332/475/2156 380/365/2157
f 400/490/2158 371/497/2159 432/491/2160
f 399/381/2161 388/356/2162 400/490/2163
f 401/363/2164 399/381/2165 397/498/2166
f 402/307/2167 400/490/2168 388/356/2169
f 433/479/2170 400/490/2171 398/306/2172
f 397/498/2173 403/499/2174 405/362/2175
f 314/492/2176 401/363/2177 313/361/2178
f 396/448/2179 366/487/2180 406/489/2181
f 400/490/2182 402/307/2183 398/306/2184
f 432/491/2185 439/500/2186 573/501/2187
f 489/464/2188 490/502/2189 449/462/2190
f 402/307/2191 396/448/2192 406/489/2193
f 386/488/2194 572/483/2195 420/484/2196
f 397/498/2197 405/362/2198 401/363/2199
f 405/362/2200 403/499/2201 437/373/2202
f 392/486/2203 406/489/2204 366/487/2205
f 402/307/2206 406/489/2207 404/308/2208
f 407/409/2209 294/443/2210 369/427/2211
f 407/409/2212 368/450/2213 408/407/2214
f 414/437/2215 455/503/2216 458/467/2217
f 469/403/2218 443/504/2219 468/451/2220
f 471/457/2221 444/412/2222 301/425/2223
f 505/505/2224 446/442/2225 409/411/2226
f 479/506/2227 447/507/2228 478/415/2229
f 503/508/2230 529/509/2231 372/510/2232
f 488/463/2233 448/350/2234 307/349/2235
f 481/511/2236 480/512/2237 487/513/2238
f 452/514/2239 311/372/2240 437/373/2241
f 451/515/2242 452/514/2243 453/516/2244
f 505/505/2245 509/466/2246 446/442/2247
f 455/503/2248 414/437/2249 413/517/2250
f 297/438/2251 414/437/2252 370/426/2253
f 413/517/2254 507/518/2255 455/503/2256
f 378/393/2257 415/398/2258 338/406/2259
f 376/368/2260 415/398/2261 343/391/2262
f 344/452/2263 375/399/2264 416/338/2265
f 376/368/2266 416/338/2267 375/399/2268
f 384/316/2269 417/337/2270 353/317/2271
f 468/451/2272 417/337/2273 377/394/2274
f 425/327/2275 418/447/2276 345/474/2277
f 379/388/2278 418/447/2279 362/329/2280
f 419/314/2281 332/475/2282 420/484/2283
f 364/387/2284 419/314/2285 355/345/2286
f 332/475/2287 404/308/2288 420/484/2289
f 386/488/2290 420/484/2291 404/308/2292
f 346/299/2293 380/365/2294 421/315/2295
f 419/314/2296 421/315/2297 380/365/2298
f 467/519/2299 463/520/2300 434/521/2301
f 467/519/2302 436/493/2303 332/475/2304
f 341/323/2305 423/332/2306 348/324/2307
f 422/453/2308 423/332/2309 381/402/2310
f 350/379/2311 424/326/2312 342/389/2313
f 425/327/2314 424/326/2315 351/390/2316
f 362/329/2317 425/327/2318 351/390/2319
f 494/418/2320 425/327/2321 345/474/2322
f 521/522/2323 334/523/2324 536/524/2325
f 496/428/2326 568/525/2327 523/417/2328
f 427/333/2329 337/526/2330 526/527/2331
f 424/326/2332 427/333/2333 342/389/2334
f 429/335/2335 428/374/2336 352/319/2337
f 383/334/2338 525/370/2339 428/374/2340
f 427/333/2341 429/335/2342 342/389/2343
f 428/374/2344 429/335/2345 383/334/2346
f 373/528/2347 485/495/2348 530/494/2349
f 371/497/2350 400/490/2351 433/479/2352
f 396/448/2353 431/449/2354 366/487/2355
f 393/351/2356 431/449/2357 394/355/2358
f 371/497/2359 439/500/2360 432/491/2361
f 399/381/2362 432/491/2363 397/498/2364
f 434/521/2365 435/478/2366 436/493/2367
f 435/478/2368 434/521/2369 502/529/2370
f 463/520/2371 422/453/2372 381/402/2373
f 433/479/2374 435/478/2375 466/530/2376
f 436/493/2377 435/478/2378 398/306/2379
f 502/529/2380 434/521/2381 465/531/2382
f 404/308/2383 436/493/2384 398/306/2385
f 332/475/2386 422/453/2387 467/519/2388
f 440/532/2389 437/373/2390 403/499/2391
f 453/516/2392 412/533/2393 451/515/2394
f 403/499/2395 397/498/2396 573/501/2397
f 440/532/2398 403/499/2399 574/534/2400
f 554/535/2401 466/530/2402 553/536/2403
f 574/534/2404 579/537/2405 438/538/2406
f 403/499/2407 573/501/2408 574/534/2409
f 452/514/2410 440/532/2411 438/538/2412
f 407/409/2413 441/408/2414 293/423/2415
f 441/408/2416 408/407/2417 470/472/2418
f 456/539/2419 457/435/2420 514/540/2421
f 535/541/2422 468/451/2423 443/504/2424
f 443/504/2425 470/472/2426 459/468/2427
f 456/539/2428 514/540/2429 442/542/2430
f 471/457/2431 301/425/2432 302/543/2433
f 444/412/2434 409/411/2435 446/442/2436
f 472/458/2437 302/543/2438 303/413/2439
f 504/431/2440 503/508/2441 409/411/2442
f 503/508/2443 476/544/2444 505/505/2445
f 413/517/2446 508/545/2447 507/518/2448
f 479/506/2449 304/414/2450 305/420/2451
f 447/507/2452 473/432/2453 472/458/2454
f 488/463/2455 307/349/2456 308/546/2457
f 448/350/2458 411/465/2459 450/421/2460
f 489/464/2461 308/546/2462 309/376/2463
f 582/547/2464 581/548/2465 552/496/2466
f 450/421/2467 482/549/2468 480/512/2469
f 481/511/2470 479/506/2471 480/512/2472
f 311/372/2473 452/514/2474 310/377/2475
f 490/502/2476 489/464/2477 451/515/2478
f 452/514/2479 437/373/2480 440/532/2481
f 452/514/2482 451/515/2483 492/375/2484
f 452/514/2485 438/538/2486 453/516/2487
f 582/547/2488 453/516/2489 438/538/2490
f 508/545/2491 454/436/2492 298/441/2493
f 414/437/2494 454/436/2495 413/517/2496
f 374/433/2497 456/539/2498 455/503/2499
f 456/539/2500 458/467/2501 455/503/2502
f 457/435/2503 456/539/2504 374/433/2505
f 458/467/2506 456/539/2507 442/542/2508
f 556/550/2509 536/524/2510 555/551/2511
f 457/435/2512 334/523/2513 493/469/2514
f 459/468/2515 458/467/2516 442/542/2517
f 458/467/2518 368/450/2519 414/437/2520
f 459/468/2521 442/542/2522 516/471/2523
f 368/450/2524 459/468/2525 408/407/2526
f 522/473/2527 517/444/2528 378/393/2529
f 460/416/2530 426/552/2531 496/428/2532
f 349/320/2533 575/482/2534 341/323/2535
f 463/520/2536 465/531/2537 434/521/2538
f 526/527/2539 497/371/2540 525/370/2541
f 499/400/2542 462/477/2543 461/476/2544
f 381/402/2545 464/401/2546 463/520/2547
f 463/520/2548 464/401/2549 465/531/2550
f 341/323/2551 464/401/2552 381/402/2553
f 465/531/2554 464/401/2555 461/476/2556
f 461/476/2557 500/553/2558 465/531/2559
f 433/479/2560 466/530/2561 371/497/2562
f 501/554/2563 465/531/2564 500/553/2565
f 501/554/2566 466/530/2567 502/529/2568
f 463/520/2569 467/519/2570 422/453/2571
f 434/521/2572 436/493/2573 467/519/2574
f 469/403/2575 468/451/2576 377/394/2577
f 535/541/2578 443/504/2579 516/471/2580
f 291/404/2581 292/422/2582 469/403/2583
f 292/422/2584 441/408/2585 470/472/2586
f 443/504/2587 469/403/2588 470/472/2589
f 470/472/2590 469/403/2591 292/422/2592
f 472/458/2593 471/457/2594 302/543/2595
f 444/412/2596 471/457/2597 445/410/2598
f 478/415/2599 472/458/2600 303/413/2601
f 447/507/2602 481/511/2603 473/432/2604
f 474/385/2605 473/432/2606 410/383/2607
f 445/410/2608 472/458/2609 473/432/2610
f 410/383/2611 481/511/2612 487/513/2613
f 474/385/2614 529/509/2615 503/508/2616
f 444/412/2617 475/439/2618 300/424/2619
f 509/466/2620 475/439/2621 446/442/2622
f 372/510/2623 576/555/2624 476/544/2625
f 507/518/2626 374/433/2627 455/503/2628
f 476/544/2629 477/556/2630 509/466/2631
f 578/557/2632 576/555/2633 506/558/2634
f 479/506/2635 478/415/2636 304/414/2637
f 472/458/2638 478/415/2639 447/507/2640
f 491/419/2641 479/506/2642 305/420/2643
f 479/506/2644 450/421/2645 480/512/2646
f 482/549/2647 450/421/2648 411/465/2649
f 482/549/2650 486/559/2651 480/512/2652
f 473/432/2653 481/511/2654 410/383/2655
f 479/506/2656 481/511/2657 447/507/2658
f 411/465/2659 484/560/2660 482/549/2661
f 483/561/2662 487/513/2663 486/559/2664
f 548/562/2665 562/563/2666 546/564/2667
f 487/513/2668 511/384/2669 410/383/2670
f 513/565/2671 411/465/2672 449/462/2673
f 373/528/2674 564/566/2675 486/559/2676
f 373/528/2677 484/560/2678 485/495/2679
f 484/560/2680 411/465/2681 513/565/2682
f 482/549/2683 484/560/2684 486/559/2685
f 373/528/2686 486/559/2687 484/560/2688
f 486/559/2689 487/513/2690 480/512/2691
f 483/561/2692 563/567/2693 511/384/2694
f 489/464/2695 488/463/2696 308/546/2697
f 448/350/2698 488/463/2699 449/462/2700
f 492/375/2701 489/464/2702 309/376/2703
f 490/502/2704 451/515/2705 412/533/2706
f 412/533/2707 485/495/2708 490/502/2709
f 490/502/2710 485/495/2711 513/565/2712
f 448/350/2713 491/419/2714 306/348/2715
f 479/506/2716 491/419/2717 450/421/2718
f 452/514/2719 492/375/2720 310/377/2721
f 489/464/2722 492/375/2723 451/515/2724
f 493/469/2725 334/523/2726 532/568/2727
f 459/468/2728 516/471/2729 443/504/2730
f 425/327/2731 494/418/2732 382/328/2733
f 517/444/2734 494/418/2735 345/474/2736
f 520/569/2737 338/406/2738 515/405/2739
f 537/570/2740 518/445/2741 519/571/2742
f 538/572/2743 496/428/2744 426/552/2745
f 541/480/2746 545/456/2747 544/573/2748
f 559/481/2749 541/480/2750 567/574/2751
f 498/369/2752 430/575/2753 500/553/2754
f 525/370/2755 498/369/2756 462/477/2757
f 567/574/2758 498/369/2759 497/371/2760
f 464/401/2761 499/400/2762 461/476/2763
f 575/482/2764 499/400/2765 341/323/2766
f 498/369/2767 500/553/2768 461/476/2769
f 500/553/2770 430/575/2771 501/554/2772
f 544/573/2773 527/455/2774 540/576/2775
f 466/530/2776 501/554/2777 553/536/2778
f 501/554/2779 502/529/2780 465/531/2781
f 435/478/2782 502/529/2783 466/530/2784
f 476/544/2785 503/508/2786 372/510/2787
f 504/431/2788 409/411/2789 445/410/2790
f 473/432/2791 504/431/2792 445/410/2793
f 474/385/2794 503/508/2795 504/431/2796
f 503/508/2797 505/505/2798 409/411/2799
f 509/466/2800 505/505/2801 476/544/2802
f 558/577/2803 548/562/2804 570/578/2805
f 334/523/2806 521/522/2807 519/571/2808
f 413/517/2809 454/436/2810 508/545/2811
f 528/579/2812 507/518/2813 477/556/2814
f 299/440/2815 508/545/2816 298/441/2817
f 477/556/2818 507/518/2819 508/545/2820
f 477/556/2821 508/545/2822 509/466/2823
f 299/440/2824 509/466/2825 508/545/2826
f 373/528/2827 550/580/2828 564/566/2829
f 566/581/2830 557/582/2831 569/583/2832
f 483/561/2833 511/384/2834 487/513/2835
f 511/384/2836 510/584/2837 529/509/2838
f 371/497/2839 554/535/2840 439/500/2841
f 540/576/2842 501/554/2843 430/575/2844
f 490/502/2845 513/565/2846 449/462/2847
f 484/560/2848 513/565/2849 485/495/2850
f 457/435/2851 493/469/2852 514/540/2853
f 442/542/2854 514/540/2855 493/469/2856
f 519/571/2857 520/569/2858 532/568/2859
f 338/406/2860 415/398/2861 533/397/2862
f 442/542/2863 493/469/2864 516/471/2865
f 515/405/2866 533/397/2867 534/470/2868
f 378/393/2869 517/444/2870 345/474/2871
f 518/445/2872 517/444/2873 495/585/2874
f 519/571/2875 518/445/2876 495/585/2877
f 460/416/2878 518/445/2879 426/552/2880
f 520/569/2881 519/571/2882 495/585/2883
f 536/524/2884 334/523/2885 457/435/2886
f 520/569/2887 495/585/2888 522/473/2889
f 520/569/2890 515/405/2891 532/568/2892
f 536/524/2893 556/550/2894 521/522/2895
f 537/570/2896 521/522/2897 539/586/2898
f 520/569/2899 522/473/2900 338/406/2901
f 517/444/2902 522/473/2903 495/585/2904
f 427/333/2905 523/417/2906 337/526/2907
f 523/417/2908 382/328/2909 494/418/2910
f 426/552/2911 537/570/2912 539/586/2913
f 548/562/2914 510/584/2915 562/563/2916
f 428/374/2917 525/370/2918 462/477/2919
f 526/527/2920 525/370/2921 383/334/2922
f 427/333/2923 526/527/2924 383/334/2925
f 337/526/2926 497/371/2927 526/527/2928
f 550/580/2929 512/587/2930 543/588/2931
f 543/588/2932 531/589/2933 542/590/2934
f 528/579/2935 551/434/2936 507/518/2937
f 578/557/2938 477/556/2939 476/544/2940
f 511/384/2941 529/509/2942 474/385/2943
f 558/577/2944 529/509/2945 510/584/2946
f 552/496/2947 485/495/2948 412/533/2949
f 549/454/2950 550/580/2951 543/588/2952
f 501/554/2953 540/576/2954 542/590/2955
f 512/587/2956 579/537/2957 580/591/2958
f 532/568/2959 334/523/2960 519/571/2961
f 534/470/2962 532/568/2963 515/405/2964
f 375/399/2965 344/452/2966 533/397/2967
f 533/397/2968 535/541/2969 534/470/2970
f 534/470/2971 493/469/2972 532/568/2973
f 535/541/2974 533/397/2975 344/452/2976
f 468/451/2977 535/541/2978 344/452/2979
f 516/471/2980 534/470/2981 535/541/2982
f 551/434/2983 536/524/2984 457/435/2985
f 536/524/2986 551/434/2987 555/551/2988
f 518/445/2989 537/570/2990 426/552/2991
f 519/571/2992 521/522/2993 537/570/2994
f 539/586/2995 538/572/2996 426/552/2997
f 560/459/2998 538/572/2999 524/460/3000
f 557/582/3001 566/581/3002 576/555/3003
f 539/586/3004 524/460/3005 538/572/3006
f 544/573/3007 540/576/3008 571/592/3009
f 542/590/3010 540/576/3011 527/455/3012
f 497/371/3013 559/481/3014 567/574/3015
f 337/526/3016 559/481/3017 497/371/3018
f 543/588/3019 542/590/3020 527/455/3021
f 542/590/3022 531/589/3023 553/536/3024
f 547/593/3025 549/454/3026 545/456/3027
f 531/589/3028 543/588/3029 512/587/3030
f 571/592/3031 540/576/3032 430/575/3033
f 541/480/3034 561/461/3035 545/456/3036
f 545/456/3037 333/594/3038 547/593/3039
f 527/455/3040 544/573/3041 545/456/3042
f 547/593/3043 548/562/3044 546/564/3045
f 373/528/3046 530/494/3047 550/580/3048
f 547/593/3049 333/594/3050 548/562/3051
f 549/454/3052 547/593/3053 546/564/3054
f 333/594/3055 561/461/3056 565/595/3057
f 539/586/3058 556/550/3059 566/581/3060
f 549/454/3061 546/564/3062 550/580/3063
f 527/455/3064 549/454/3065 543/588/3066
f 550/580/3067 546/564/3068 564/566/3069
f 512/587/3070 550/580/3071 530/494/3072
f 507/518/3073 551/434/3074 374/433/3075
f 551/434/3076 528/579/3077 555/551/3078
f 412/533/3079 453/516/3080 582/547/3081
f 530/494/3082 552/496/3083 581/548/3084
f 542/590/3085 553/536/3086 501/554/3087
f 554/535/3088 553/536/3089 531/589/3090
f 554/535/3091 531/589/3092 580/591/3093
f 466/530/3094 554/535/3095 371/497/3096
f 555/551/3097 528/579/3098 578/557/3099
f 555/551/3100 506/558/3101 556/550/3102
f 566/581/3103 556/550/3104 506/558/3105
f 539/586/3106 521/522/3107 556/550/3108
f 372/510/3109 529/509/3110 558/577/3111
f 565/595/3112 548/562/3113 333/594/3114
f 548/562/3115 558/577/3116 510/584/3117
f 558/577/3118 557/582/3119 577/596/3120
f 337/526/3121 568/525/3122 559/481/3123
f 496/428/3124 538/572/3125 560/459/3126
f 565/595/3127 561/461/3128 524/460/3129
f 560/459/3130 559/481/3131 568/525/3132
f 545/456/3133 561/461/3134 333/594/3135
f 541/480/3136 560/459/3137 561/461/3138
f 510/584/3139 563/567/3140 562/563/3141
f 483/561/3142 486/559/3143 564/566/3144
f 511/384/3145 563/567/3146 510/584/3147
f 564/566/3148 563/567/3149 483/561/3150
f 546/564/3151 562/563/3152 564/566/3153
f 564/566/3154 562/563/3155 563/567/3156
f 569/583/3157 565/595/3158 524/460/3159
f 557/582/3160 570/578/3161 565/595/3162
f 576/555/3163 566/581/3164 506/558/3165
f 569/583/3166 557/582/3167 565/595/3168
f 571/592/3169 541/480/3170 544/573/3171
f 498/369/3172 567/574/3173 430/575/3174
f 523/417/3175 568/525/3176 337/526/3177
f 560/459/3178 568/525/3179 496/428/3180
f 524/460/3181 539/586/3182 569/583/3183
f 566/581/3184 569/583/3185 539/586/3186
f 558/577/3187 570/578/3188 557/582/3189
f 548/562/3190 565/595/3191 570/578/3192
f 430/575/3193 567/574/3194 571/592/3195
f 541/480/3196 571/592/3197 567/574/3198
f 391/311/3199 572/483/3200 386/488/3201
f 419/314/3202 572/483/3203 355/345/3204
f 432/491/3205 573/501/3206 397/498/3207
f 573/501/3208 439/500/3209 574/534/3210
f 579/537/3211 574/534/3212 439/500/3213
f 440/532/3214 574/534/3215 438/538/3216
f 428/374/3217 575/482/3218 349/320/3219
f 499/400/3220 575/482/3221 462/477/3222
f 577/596/3223 576/555/3224 372/510/3225
f 506/558/3226 555/551/3227 578/557/3228
f 558/577/3229 577/596/3230 372/510/3231
f 557/582/3232 576/555/3233 577/596/3234
f 477/556/3235 578/557/3236 528/579/3237
f 476/544/3238 576/555/3239 578/557/3240
f 580/591/3241 579/537/3242 439/500/3243
f 581/548/3244 579/537/3245 512/587/3246
f 554/535/3247 580/591/3248 439/500/3249
f 512/587/3250 580/591/3251 531/589/3252
f 530/494/3253 581/548/3254 512/587/3255
f 582/547/3256 552/496/3257 412/533/3258
f 438/538/3259 579/537/3260 582/547/3261
f 581/548/3262 582/547/3263 579/537/3264
f 907/597/3265 1036/598/3266 812/599/3267
f 630/600/3268 629/601/3269 703/602/3270
f 743/603/3271 806/604/3272 703/602/3273
f 912/605/3274 928/606/3275 671/607/3276
f 809/608/3277 743/603/3278 807/609/3279
f 732/610/3280 992/611/3281 786/612/3282
f 1033/613/3283 808/614/3284 626/615/3285
f 776/616/3286 724/617/3287 721/618/3288
f 611/619/3289 610/620/3290 724/617/3291
f 804/621/3292 743/603/3293 742/622/3294
f 1091/623/3295 1098/624/3296 774/625/3297
f 908/626/3298 905/627/3299 812/599/3300
f 1215/628/3301 815/629/3302 912/605/3303
f 632/630/3304 631/631/3305 804/621/3306
f 699/632/3307 689/633/3308 585/634/3309
f 914/635/3310 927/636/3311 672/637/3312
f 1136/638/3313 805/639/3314 1031/640/3315
f 1136/638/3316 633/641/3317 805/639/3318
f 923/642/3319 926/643/3320 822/644/3321
f 637/645/3322 636/646/3323 909/647/3324
f 910/648/3325 637/645/3326 909/647/3327
f 821/649/3328 825/650/3329 675/651/3330
f 632/630/3331 805/639/3332 633/641/3333
f 1166/652/3334 1168/653/3335 1161/654/3336
f 624/655/3337 906/656/3338 625/657/3339
f 902/658/3340 635/659/3341 634/660/3342
f 818/661/3343 623/662/3344 622/663/3345
f 608/664/3346 607/665/3347 723/666/3348
f 609/667/3349 608/664/3350 722/668/3351
f 710/669/3352 752/670/3353 823/671/3354
f 709/672/3355 710/669/3356 708/673/3357
f 971/674/3358 982/675/3359 863/676/3360
f 619/677/3361 708/673/3362 620/678/3363
f 711/679/3364 677/680/3365 708/673/3366
f 862/681/3367 607/665/3368 606/682/3369
f 620/678/3370 708/673/3371 710/669/3372
f 723/666/3373 722/668/3374 608/664/3375
f 707/683/3376 710/669/3377 709/672/3378
f 707/683/3379 709/672/3380 820/684/3381
f 754/685/3382 825/650/3383 755/686/3384
f 672/637/3385 912/605/3386 914/635/3387
f 826/687/3388 674/688/3389 819/689/3390
f 825/650/3391 821/649/3392 676/690/3393
f 819/689/3394 675/651/3395 826/687/3396
f 811/691/3397 704/692/3398 810/693/3399
f 1058/694/3400 1224/695/3401 826/687/3402
f 817/696/3403 1044/697/3404 916/698/3405
f 933/699/3406 669/700/3407 915/701/3408
f 927/636/3409 914/635/3410 673/702/3411
f 817/696/3412 920/703/3413 918/704/3414
f 1224/695/3415 674/688/3416 826/687/3417
f 915/701/3418 670/705/3419 933/699/3420
f 827/706/3421 711/679/3422 755/686/3423
f 804/621/3424 805/639/3425 632/630/3426
f 861/707/3427 723/666/3428 607/665/3429
f 918/704/3430 1096/708/3431 667/709/3432
f 708/673/3433 619/677/3434 711/679/3435
f 1038/710/3436 640/711/3437 639/712/3438
f 715/713/3439 716/714/3440 296/715/3441
f 709/672/3442 827/706/3443 676/690/3444
f 840/716/3445 838/717/3446 763/718/3447
f 1012/719/3448 694/720/3449 1008/721/3450
f 621/722/3451 620/678/3452 710/669/3453
f 295/723/3454 644/724/3455 715/713/3456
f 642/725/3457 838/717/3458 643/726/3459
f 752/670/3460 710/669/3461 707/683/3462
f 761/727/3463 838/717/3464 839/728/3465
f 820/684/3466 709/672/3467 676/690/3468
f 894/729/3469 657/730/3470 792/731/3471
f 715/713/3472 296/715/3473 295/723/3474
f 305/732/3475 717/733/3476 306/734/3477
f 585/634/3478 584/735/3479 699/632/3480
f 653/736/3481 652/737/3482 697/738/3483
f 735/739/3484 679/740/3485 795/741/3486
f 1128/742/3487 794/743/3488 1127/744/3489
f 853/745/3490 1027/746/3491 660/747/3492
f 996/748/3493 997/749/3494 886/750/3495
f 693/751/3496 691/752/3497 688/753/3498
f 687/754/3499 683/755/3500 650/756/3501
f 702/757/3502 689/633/3503 700/758/3504
f 843/759/3505 842/760/3506 297/761/3507
f 736/762/3508 717/733/3509 890/763/3510
f 638/764/3511 910/648/3512 1039/765/3513
f 618/766/3514 617/767/3515 828/768/3516
f 686/769/3517 653/736/3518 697/738/3519
f 791/770/3520 656/771/3521 655/772/3522
f 1118/773/3523 1420/774/3524 849/775/3525
f 782/776/3526 778/777/3527 779/778/3528
f 847/779/3529 298/780/3530 845/781/3531
f 669/700/3532 934/782/3533 668/783/3534
f 784/784/3535 778/777/3536 782/776/3537
f 653/736/3538 686/769/3539 654/785/3540
f 950/786/3541 978/787/3542 663/788/3543
f 884/789/3544 693/751/3545 882/790/3546
f 917/791/3547 1046/792/3548 816/793/3549
f 652/737/3550 651/794/3551 691/752/3552
f 1132/795/3553 684/796/3554 1011/797/3555
f 717/733/3556 645/798/3557 306/734/3558
f 693/751/3559 682/799/3560 686/769/3561
f 795/741/3562 647/800/3563 796/801/3564
f 796/801/3565 647/800/3566 646/802/3567
f 679/740/3568 1123/803/3569 999/804/3570
f 702/757/3571 587/805/3572 586/806/3573
f 651/794/3574 650/756/3575 683/755/3576
f 691/752/3577 692/807/3578 688/753/3579
f 649/808/3580 648/809/3581 687/754/3582
f 685/810/3583 701/811/3584 681/812/3585
f 683/755/3586 687/754/3587 679/740/3588
f 692/807/3589 691/752/3590 683/755/3591
f 740/813/3592 699/632/3593 584/735/3594
f 683/755/3595 679/740/3596 692/807/3597
f 303/814/3598 302/815/3599 885/816/3600
f 637/645/3601 910/648/3602 638/764/3603
f 619/677/3604 618/766/3605 711/679/3606
f 934/782/3607 669/700/3608 933/699/3609
f 709/672/3610 708/673/3611 677/680/3612
f 829/817/3613 616/818/3614 756/819/3615
f 1321/820/3616 773/821/3617 1090/822/3618
f 1255/823/3619 1341/824/3620 1260/825/3621
f 931/826/3622 833/827/3623 1059/828/3624
f 935/829/3625 937/830/3626 602/831/3627
f 298/780/3628 297/761/3629 842/760/3630
f 724/617/3631 776/616/3632 864/832/3633
f 717/733/3634 736/762/3635 645/798/3636
f 842/760/3637 845/781/3638 298/780/3639
f 855/833/3640 613/834/3641 612/835/3642
f 1302/836/3643 1235/837/3644 1236/838/3645
f 826/687/3646 675/651/3647 825/650/3648
f 1049/839/3649 1045/840/3650 748/841/3651
f 1095/842/3652 1096/708/3653 981/843/3654
f 951/844/3655 955/845/3656 854/846/3657
f 1263/847/3658 858/848/3659 977/849/3660
f 979/850/3661 859/851/3662 978/787/3663
f 949/852/3664 951/844/3665 953/853/3666
f 723/666/3667 861/707/3668 721/618/3669
f 297/761/3670 296/715/3671 764/854/3672
f 605/855/3673 856/856/3674 606/682/3675
f 1091/623/3676 979/850/3677 860/857/3678
f 724/617/3679 722/668/3680 723/666/3681
f 600/858/3682 599/859/3683 938/860/3684
f 610/620/3685 722/668/3686 724/617/3687
f 844/861/3688 846/862/3689 1070/863/3690
f 304/864/3691 891/865/3692 305/732/3693
f 754/685/3694 755/686/3695 830/866/3696
f 721/618/3697 724/617/3698 723/666/3699
f 629/601/3700 628/867/3701 703/602/3702
f 686/769/3703 697/738/3704 693/751/3705
f 683/755/3706 691/752/3707 651/794/3708
f 602/831/3709 601/868/3710 935/829/3711
f 696/869/3712 690/870/3713 590/871/3714
f 935/829/3715 1231/872/3716 836/873/3717
f 648/809/3718 647/800/3719 795/741/3720
f 655/772/3721 656/771/3722 739/874/3723
f 831/875/3724 1060/876/3725 1295/877/3726
f 715/713/3727 762/878/3728 716/714/3729
f 974/879/3730 1087/880/3731 771/881/3732
f 1240/882/3733 760/883/3734 1243/884/3735
f 596/885/3736 865/886/3737 597/887/3738
f 869/888/3739 787/889/3740 870/890/3741
f 691/752/3742 697/738/3743 652/737/3744
f 870/890/3745 596/885/3746 595/891/3747
f 837/892/3748 938/860/3749 940/893/3750
f 702/757/3751 586/806/3752 689/633/3753
f 1078/894/3754 963/895/3755 965/896/3756
f 781/897/3757 701/811/3758 695/898/3759
f 731/899/3760 786/612/3761 869/888/3762
f 942/900/3763 762/878/3764 714/901/3765
f 701/811/3766 702/757/3767 695/898/3768
f 628/867/3769 627/902/3770 807/609/3771
f 873/903/3772 876/904/3773 871/905/3774
f 840/716/3775 644/724/3776 643/726/3777
f 722/668/3778 610/620/3779 609/667/3780
f 946/906/3781 766/907/3782 843/759/3783
f 731/899/3784 594/908/3785 7/909/3786
f 1074/910/3787 1075/911/3788 948/912/3789
f 989/913/3790 987/914/3791 737/915/3792
f 899/916/3793 659/917/3794 1074/910/3795
f 792/731/3796 658/918/3797 894/729/3798
f 790/919/3799 898/920/3800 656/771/3801
f 15/921/3802 866/922/3803 893/923/3804
f 791/770/3805 880/924/3806 682/799/3807
f 689/633/3808 698/925/3809 684/796/3810
f 899/916/3811 895/926/3812 901/927/3813
f 733/928/3814 790/919/3815 791/770/3816
f 1003/929/3817 895/926/3818 801/930/3819
f 1119/931/3820 1322/932/3821 1326/933/3822
f 691/752/3823 693/751/3824 697/738/3825
f 802/934/3826 583/935/3827 880/924/3828
f 655/772/3829 739/874/3830 740/813/3831
f 586/806/3832 585/634/3833 689/633/3834
f 1012/719/3835 1010/936/3836 694/720/3837
f 880/924/3838 686/769/3839 682/799/3840
f 1129/937/3841 700/758/3842 684/796/3843
f 696/869/3844 685/810/3845 690/870/3846
f 689/633/3847 684/796/3848 700/758/3849
f 589/938/3850 588/939/3851 696/869/3852
f 588/939/3853 587/805/3854 685/810/3855
f 698/925/3856 699/632/3857 694/720/3858
f 701/811/3859 685/810/3860 702/757/3861
f 1123/803/3862 1124/940/3863 998/941/3864
f 976/942/3865 661/943/3866 953/853/3867
f 583/935/3868 654/785/3869 880/924/3870
f 690/870/3871 685/810/3872 681/812/3873
f 866/922/3874 15/921/3875 16/944/3876
f 798/945/3877 13/946/3878 14/947/3879
f 689/633/3880 699/632/3881 698/925/3882
f 1008/721/3883 739/874/3884 1015/948/3885
f 993/949/3886 879/950/3887 992/611/3888
f 850/951/3889 299/952/3890 847/779/3891
f 978/787/3892 950/786/3893 664/953/3894
f 881/954/3895 678/955/3896 1114/956/3897
f 875/957/3898 799/958/3899 1025/959/3900
f 986/960/3901 799/958/3902 875/957/3903
f 649/808/3904 687/754/3905 650/756/3906
f 18/961/3907 727/962/3908 17/963/3909
f 728/964/3910 726/965/3911 729/966/3912
f 882/790/3913 693/751/3914 688/753/3915
f 590/871/3916 690/870/3917 1366/967/3918
f 589/938/3919 696/869/3920 590/871/3921
f 16/944/3922 729/966/3923 779/778/3924
f 1366/967/3925 591/968/3926 590/871/3927
f 868/969/3928 1366/967/3929 681/812/3930
f 18/961/3931 593/970/3932 727/962/3933
f 884/789/3934 995/971/3935 693/751/3936
f 685/810/3937 696/869/3938 588/939/3939
f 728/964/3940 785/972/3941 726/965/3942
f 702/757/3943 685/810/3944 587/805/3945
f 700/758/3946 695/898/3947 702/757/3948
f 1228/973/3949 1220/974/3950 1297/975/3951
f 987/914/3952 989/913/3953 1367/976/3954
f 7/909/3955 8/977/3956 731/899/3957
f 757/978/3958 1059/828/3959 1084/979/3960
f 938/860/3961 1064/980/3962 940/893/3963
f 954/981/3964 953/853/3965 661/943/3966
f 759/982/3967 1062/983/3968 1299/984/3969
f 614/985/3970 932/986/3971 615/987/3972
f 781/897/3973 681/812/3974 701/811/3975
f 17/963/3976 727/962/3977 729/966/3978
f 728/964/3979 727/962/3980 593/970/3981
f 727/962/3982 728/964/3983 729/966/3984
f 593/970/3985 592/988/3986 728/964/3987
f 868/969/3988 780/989/3989 867/990/3990
f 779/778/3991 729/966/3992 726/965/3993
f 16/944/3994 17/963/3995 729/966/3996
f 728/964/3997 592/988/3998 785/972/3999
f 785/972/4000 591/968/4001 1366/967/4002
f 732/610/4003 731/899/4004 8/977/4005
f 731/899/4006 732/610/4007 786/612/4008
f 8/977/4009 9/991/4010 788/992/4011
f 788/992/4012 9/991/4013 993/949/4014
f 1116/993/4015 733/928/4016 1114/956/4017
f 790/919/4018 792/731/4019 657/730/4020
f 851/994/4021 852/995/4022 850/951/4023
f 1352/996/4024 1329/997/4025 1274/998/4026
f 736/762/4027 646/802/4028 645/798/4029
f 736/762/4030 735/739/4031 796/801/4032
f 305/732/4033 891/865/4034 890/763/4035
f 889/999/4036 303/814/4037 885/816/4038
f 800/1000/4039 1004/1001/4040 1013/1002/4041
f 1109/1003/4042 798/945/4043 985/1004/4044
f 858/848/4045 773/821/4046 1016/1005/4047
f 984/1006/4048 777/1007/4049 983/1008/4050
f 898/920/4051 790/919/4052 657/730/4053
f 694/720/4054 699/632/4055 740/813/4056
f 584/735/4057 583/935/4058 802/934/4059
f 694/720/4060 740/813/4061 739/874/4062
f 1280/1009/4063 1279/1010/4064 1030/1011/4065
f 1152/1012/4066 1141/1013/4067 1146/1014/4068
f 631/631/4069 630/600/4070 806/604/4071
f 742/622/4072 904/1015/4073 805/639/4074
f 807/609/4075 703/602/4076 628/867/4077
f 807/609/4078 743/603/4079 703/602/4080
f 905/627/4081 626/615/4082 625/657/4083
f 809/608/4084 810/693/4085 1029/1016/4086
f 818/661/4087 907/597/4088 623/662/4089
f 1031/640/4090 1135/1017/4091 741/1018/4092
f 902/658/4093 903/1019/4094 635/659/4095
f 1165/1020/4096 1188/1021/4097 1210/1022/4098
f 1180/1023/4099 1163/1024/4100 1174/1025/4101
f 1042/1026/4102 1198/1027/4103 1193/1028/4104
f 817/696/4105 918/704/4106 921/1029/4107
f 761/727/4108 839/728/4109 1067/1030/4110
f 823/671/4111 622/663/4112 621/722/4113
f 908/626/4114 1036/598/4115 745/1031/4116
f 1043/1032/4117 1219/1033/4118 1293/1034/4119
f 1055/1035/4120 749/1036/4121 922/1037/4122
f 751/1038/4123 821/649/4124 819/689/4125
f 925/1039/4126 822/644/4127 926/643/4128
f 707/683/4129 926/643/4130 923/642/4131
f 818/661/4132 752/670/4133 922/1037/4134
f 712/1040/4135 1222/1041/4136 1221/1042/4137
f 1226/1043/4138 1335/1044/4139 1225/1045/4140
f 827/706/4141 709/672/4142 677/680/4143
f 754/685/4144 929/1046/4145 826/687/4146
f 828/768/4147 711/679/4148 618/766/4149
f 828/768/4150 755/686/4151 711/679/4152
f 931/826/4153 616/818/4154 615/987/4155
f 828/768/4156 830/866/4157 755/686/4158
f 613/834/4159 973/1047/4160 1086/1048/4161
f 1260/825/4162 1314/1049/4163 1258/1050/4164
f 928/606/4165 912/605/4166 672/637/4167
f 1350/1051/4168 1303/1052/4169 1339/1053/4170
f 1262/1054/4171 1342/1055/4172 1343/1056/4173
f 1348/1057/4174 1259/1058/4175 1345/1059/4176
f 939/1060/4177 1064/980/4178 1065/1061/4179
f 984/1006/4180 1269/1062/4181 777/1007/4182
f 641/1063/4183 839/728/4184 642/725/4185
f 1040/1064/4186 640/711/4187 1038/710/4188
f 715/713/4189 644/724/4190 840/716/4191
f 1246/1065/4192 763/718/4193 761/727/4194
f 714/901/4195 762/878/4196 763/718/4197
f 763/718/4198 762/878/4199 840/716/4200
f 296/715/4201 716/714/4202 764/854/4203
f 716/714/4204 762/878/4205 942/900/4206
f 841/1066/4207 1068/1067/4208 1247/1068/4209
f 1187/1069/4210 1188/1021/4211 1175/1070/4212
f 764/854/4213 946/906/4214 843/759/4215
f 847/779/4216 299/952/4217 298/780/4218
f 853/745/4219 1074/910/4220 1073/1071/4221
f 960/1072/4222 957/1073/4223 958/1074/4224
f 1331/1075/4225 767/1076/4226 1325/1077/4227
f 852/995/4228 301/1078/4229 300/1079/4230
f 944/1080/4231 1079/1081/4232 1247/1068/4233
f 1076/1082/4234 950/786/4235 952/1083/4236
f 864/832/4237 612/835/4238 611/619/4239
f 1082/1084/4240 1081/1085/4241 770/1086/4242
f 1316/1087/4243 975/1088/4244 1301/1089/4245
f 1082/1084/4246 770/1086/4247 970/1090/4248
f 873/903/4249 874/1091/4250 872/1092/4251
f 772/1093/4252 876/904/4253 1022/1094/4254
f 1022/1094/4255 1026/1095/4256 772/1093/4257
f 895/926/4258 1005/1096/4259 800/1000/4260
f 980/1097/4261 665/1098/4262 1051/1099/4263
f 1268/1100/4264 980/1097/4265 981/843/4266
f 775/1101/4267 862/681/4268 856/856/4269
f 974/879/4270 863/676/4271 982/675/4272
f 721/618/4273 982/675/4274 971/674/4275
f 855/833/4276 776/616/4277 970/1090/4278
f 1100/1102/4279 725/1103/4280 992/611/4281
f 1066/1104/4282 939/1060/4283 1065/1061/4284
f 780/989/4285 782/776/4286 867/990/4287
f 783/1105/4288 990/1106/4289 991/1107/4290
f 726/965/4291 867/990/4292 782/776/4293
f 779/778/4294 778/777/4295 866/922/4296
f 695/898/4297 1129/937/4298 781/897/4299
f 782/776/4300 779/778/4301 726/965/4302
f 700/758/4303 1129/937/4304 695/898/4305
f 781/897/4306 780/989/4307 868/969/4308
f 1131/1108/4309 1129/937/4310 1130/1109/4311
f 780/989/4312 781/897/4313 1131/1108/4314
f 990/1106/4315 680/1110/4316 988/1111/4317
f 737/915/4318 798/945/4319 892/1112/4320
f 780/989/4321 1131/1108/4322 782/776/4323
f 892/1112/4324 784/784/4325 783/1105/4326
f 591/968/4327 785/972/4328 592/988/4329
f 785/972/4330 730/1113/4331 867/990/4332
f 787/889/4333 786/612/4334 725/1103/4335
f 594/908/4336 869/888/4337 595/891/4338
f 1099/1114/4339 983/1008/4340 787/889/4341
f 983/1008/4342 865/886/4343 870/890/4344
f 993/949/4345 9/991/4346 789/1115/4347
f 732/610/4348 8/977/4349 788/992/4350
f 10/1116/4351 871/905/4352 9/991/4353
f 725/1103/4354 786/612/4355 992/611/4356
f 791/770/4357 790/919/4358 656/771/4359
f 792/731/4360 790/919/4361 733/928/4362
f 880/924/4363 791/770/4364 655/772/4365
f 881/954/4366 682/799/4367 678/955/4368
f 1112/1117/4369 678/955/4370 883/1118/4371
f 1073/1071/4372 767/1076/4373 853/745/4374
f 999/804/4375 688/753/4376 692/807/4377
f 793/1119/4378 1110/1120/4379 883/1118/4380
f 793/1119/4381 1000/1121/4382 1127/744/4383
f 1124/940/4384 1123/803/4385 735/739/4386
f 679/740/4387 687/754/4388 795/741/4389
f 648/809/4390 795/741/4391 687/754/4392
f 736/762/4393 796/801/4394 646/802/4395
f 795/741/4396 796/801/4397 735/739/4398
f 304/864/4399 303/814/4400 889/999/4401
f 735/739/4402 1123/803/4403 679/740/4404
f 1002/1122/4405 15/921/4406 893/923/4407
f 877/1123/4408 985/1004/4409 986/960/4410
f 1020/1124/4411 738/1125/4412 1003/929/4413
f 873/903/4414 871/905/4415 10/1116/4416
f 800/1000/4417 1005/1096/4418 1004/1001/4419
f 894/729/4420 898/920/4421 657/730/4422
f 900/1126/4423 1027/746/4424 976/942/4425
f 900/1126/4426 1018/1127/4427 801/930/4428
f 655/772/4429 740/813/4430 802/934/4431
f 584/735/4432 802/934/4433 740/813/4434
f 1140/1128/4435 1133/1129/4436 1284/1130/4437
f 813/1131/4438 903/1019/4439 1133/1129/4440
f 804/621/4441 631/631/4442 806/604/4443
f 805/639/4444 804/621/4445 742/622/4446
f 904/1015/4447 742/622/4448 1029/1016/4449
f 1136/638/4450 634/660/4451 633/641/4452
f 703/602/4453 806/604/4454 630/600/4455
f 804/621/4456 806/604/4457 743/603/4458
f 627/902/4459 808/614/4460 807/609/4461
f 807/609/4462 808/614/4463 809/608/4464
f 626/615/4465 808/614/4466 627/902/4467
f 809/608/4468 808/614/4469 744/1132/4470
f 810/693/4471 809/608/4472 744/1132/4473
f 742/622/4474 743/603/4475 809/608/4476
f 810/693/4477 744/1132/4478 1032/1133/4479
f 810/693/4480 704/692/4481 1029/1016/4482
f 1033/613/4483 905/627/4484 1032/1133/4485
f 1278/1134/4486 1282/1135/4487 745/1031/4488
f 624/655/4489 623/662/4490 907/597/4491
f 812/599/4492 1036/598/4493 908/626/4494
f 903/1019/4495 636/646/4496 635/659/4497
f 1037/1136/4498 910/648/4499 813/1131/4500
f 1142/1137/4501 1037/1136/4502 1143/1138/4503
f 1155/1139/4504 705/1140/4505 1157/1141/4506
f 913/1142/4507 671/607/4508 670/705/4509
f 914/635/4510 912/605/4511 1217/1143/4512
f 1216/1144/4513 1048/1145/4514 1041/1146/4515
f 1215/628/4516 912/605/4517 913/1142/4518
f 921/1029/4519 918/704/4520 1050/1147/4521
f 1051/1099/4522 666/1148/4523 980/1097/4524
f 818/661/4525 622/663/4526 823/671/4527
f 812/599/4528 906/656/4529 907/597/4530
f 673/702/4531 914/635/4532 1293/1034/4533
f 819/689/4534 1218/1149/4535 925/1039/4536
f 821/649/4537 820/684/4538 676/690/4539
f 820/684/4540 751/1038/4541 926/643/4542
f 819/689/4543 821/649/4544 675/651/4545
f 820/684/4546 821/649/4547 751/1038/4548
f 1194/1150/4549 924/1151/4550 1054/1152/4551
f 922/1037/4552 923/642/4553 1055/1035/4554
f 710/669/4555 823/671/4556 621/722/4557
f 818/661/4558 823/671/4559 752/670/4560
f 1294/1153/4561 1220/974/4562 824/1154/4563
f 927/636/4564 928/606/4565 672/637/4566
f 825/650/4567 676/690/4568 827/706/4569
f 826/687/4570 825/650/4571 754/685/4572
f 754/685/4573 930/1155/4574 929/1046/4575
f 1224/695/4576 673/702/4577 674/688/4578
f 711/679/4579 827/706/4580 677/680/4581
f 825/650/4582 827/706/4583 755/686/4584
f 617/767/4585 829/817/4586 828/768/4587
f 828/768/4588 829/817/4589 830/866/4590
f 616/818/4591 829/817/4592 617/767/4593
f 830/866/4594 829/817/4595 756/819/4596
f 756/819/4597 831/875/4598 830/866/4599
f 830/866/4600 831/875/4601 930/1155/4602
f 831/875/4603 756/819/4604 1060/876/4605
f 930/1155/4606 831/875/4607 712/1040/4608
f 616/818/4609 931/826/4610 1060/876/4611
f 1222/1041/4612 1057/1156/4613 1221/1042/4614
f 855/833/4615 1083/1157/4616 613/834/4617
f 1059/828/4618 757/978/4619 832/1158/4620
f 671/607/4621 1228/973/4622 1227/1159/4623
f 1061/1160/4624 934/782/4625 834/1161/4626
f 1335/1044/4627 1355/1162/4628 758/1163/4629
f 1091/623/4630 1092/1164/4631 979/850/4632
f 936/1165/4633 601/868/4634 600/858/4635
f 937/830/4636 935/829/4637 1234/1166/4638
f 1300/1167/4639 1232/1168/4640 837/892/4641
f 1231/872/4642 935/829/4643 936/1165/4644
f 839/728/4645 838/717/4646 642/725/4647
f 763/718/4648 838/717/4649 761/727/4650
f 1213/1169/4651 640/711/4652 1040/1064/4653
f 839/728/4654 1245/1170/4655 1067/1030/4656
f 840/716/4657 643/726/4658 838/717/4659
f 715/713/4660 840/716/4661 762/878/4662
f 1067/1030/4663 1246/1065/4664 761/727/4665
f 846/862/4666 943/1171/4667 765/1172/4668
f 843/759/4669 297/761/4670 764/854/4671
f 846/862/4672 844/861/4673 845/781/4674
f 946/906/4675 764/854/4676 716/714/4677
f 766/907/4678 842/760/4679 843/759/4680
f 842/760/4681 846/862/4682 845/781/4683
f 1070/863/4684 846/862/4685 1069/1173/4686
f 846/862/4687 842/760/4688 766/907/4689
f 845/781/4690 844/861/4691 847/779/4692
f 943/1171/4693 846/862/4694 766/907/4695
f 1069/1173/4696 846/862/4697 765/1172/4698
f 844/861/4699 1070/863/4700 1072/1174/4701
f 847/779/4702 844/861/4703 848/1175/4704
f 851/994/4705 848/1175/4706 768/1176/4707
f 299/952/4708 850/951/4709 300/1079/4710
f 849/775/4711 851/994/4712 1118/773/4713
f 1276/1177/4714 1275/1178/4715 734/1179/4716
f 847/779/4717 848/1175/4718 850/951/4719
f 850/951/4720 848/1175/4721 851/994/4722
f 768/1176/4723 1353/1180/4724 1118/773/4725
f 851/994/4726 849/775/4727 852/995/4728
f 852/995/4729 849/775/4730 997/749/4731
f 300/1079/4732 850/951/4733 852/995/4734
f 1073/1071/4735 1074/910/4736 948/912/4737
f 961/1181/4738 954/981/4739 767/1076/4740
f 662/1182/4741 953/853/4742 951/844/4743
f 919/1183/4744 1051/1099/4745 1053/1184/4746
f 855/833/4747 612/835/4748 864/832/4749
f 855/833/4750 970/1090/4751 1083/1157/4752
f 1088/1185/4753 605/855/4754 604/1186/4755
f 856/856/4756 1087/880/4757 974/879/4758
f 1302/836/4759 602/831/4760 937/830/4761
f 1340/1187/4762 1348/1057/4763 1063/1188/4764
f 1089/1189/4765 662/1182/4766 951/844/4767
f 858/848/4768 1016/1005/4769 900/1126/4770
f 773/821/4771 858/848/4772 1263/847/4773
f 977/849/4774 858/848/4775 976/942/4776
f 1095/842/4777 980/1097/4778 666/1148/4779
f 860/857/4780 980/1097/4781 1268/1100/4782
f 862/681/4783 861/707/4784 607/665/4785
f 861/707/4786 775/1101/4787 982/675/4788
f 856/856/4789 862/681/4790 606/682/4791
f 861/707/4792 862/681/4793 775/1101/4794
f 1080/1190/4795 719/1191/4796 972/1192/4797
f 970/1090/4798 971/674/4799 1082/1084/4800
f 724/617/4801 864/832/4802 611/619/4803
f 855/833/4804 864/832/4805 776/616/4806
f 865/886/4807 596/885/4808 870/890/4809
f 1065/1061/4810 865/886/4811 1237/1193/4812
f 779/778/4813 866/922/4814 16/944/4815
f 778/777/4816 784/784/4817 893/923/4818
f 785/972/4819 867/990/4820 726/965/4821
f 868/969/4822 867/990/4823 730/1113/4824
f 1366/967/4825 868/969/4826 730/1113/4827
f 781/897/4828 868/969/4829 681/812/4830
f 731/899/4831 869/888/4832 594/908/4833
f 787/889/4834 869/888/4835 786/612/4836
f 869/888/4837 870/890/4838 595/891/4839
f 870/890/4840 787/889/4841 983/1008/4842
f 10/1116/4843 874/1091/4844 873/903/4845
f 789/1115/4846 9/991/4847 871/905/4848
f 1023/1194/4849 1025/959/4850 1370/1195/4851
f 871/905/4852 876/904/4853 878/1196/4854
f 874/1091/4855 10/1116/4856 11/1197/4857
f 873/903/4858 872/1092/4859 876/904/4860
f 877/1123/4861 11/1197/4862 12/1198/4863
f 872/1092/4864 874/1091/4865 875/957/4866
f 874/1091/4867 877/1123/4868 875/957/4869
f 877/1123/4870 12/1198/4871 1109/1003/4872
f 1023/1194/4873 1021/1199/4874 1022/1094/4875
f 878/1196/4876 876/904/4877 772/1093/4878
f 11/1197/4879 877/1123/4880 874/1091/4881
f 12/1198/4882 13/946/4883 1109/1003/4884
f 878/1196/4885 772/1093/4886 1103/1200/4887
f 871/905/4888 878/1196/4889 789/1115/4890
f 1103/1200/4891 789/1115/4892 878/1196/4893
f 879/950/4894 1102/1201/4895 1100/1102/4896
f 880/924/4897 655/772/4898 802/934/4899
f 880/924/4900 654/785/4901 686/769/4902
f 733/928/4903 791/770/4904 881/954/4905
f 682/799/4906 881/954/4907 791/770/4908
f 688/753/4909 999/804/4910 1126/1202/4911
f 883/1118/4912 882/790/4913 793/1119/4914
f 1127/744/4915 1276/1177/4916 793/1119/4917
f 883/1118/4918 678/955/4919 995/971/4920
f 882/790/4921 883/1118/4922 884/789/4923
f 884/789/4924 883/1118/4925 995/971/4926
f 996/748/4927 302/815/4928 301/1078/4929
f 889/999/4930 794/743/4931 887/1203/4932
f 794/743/4933 885/816/4934 888/1204/4935
f 996/748/4936 888/1204/4937 885/816/4938
f 882/790/4939 1126/1202/4940 793/1119/4941
f 797/1205/4942 891/865/4943 1001/1206/4944
f 996/748/4945 885/816/4946 302/815/4947
f 1275/1178/4948 888/1204/4949 886/750/4950
f 794/743/4951 889/999/4952 885/816/4953
f 889/999/4954 887/1203/4955 1001/1206/4956
f 305/732/4957 890/763/4958 717/733/4959
f 1124/940/4960 890/763/4961 797/1205/4962
f 1001/1206/4963 891/865/4964 304/864/4965
f 890/763/4966 891/865/4967 797/1205/4968
f 1002/1122/4969 798/945/4970 14/947/4971
f 892/1112/4972 893/923/4973 784/784/4974
f 778/777/4975 893/923/4976 866/922/4977
f 893/923/4978 892/1112/4979 1002/1122/4980
f 901/927/4981 897/1207/4982 658/918/4983
f 896/1208/4984 894/729/4985 800/1000/4986
f 658/918/4987 897/1207/4988 894/729/4989
f 800/1000/4990 894/729/4991 895/926/4992
f 1007/1209/4993 1382/1210/4994 1013/1002/4995
f 1015/948/4996 739/874/4997 656/771/4998
f 901/927/4999 658/918/5000 659/917/5001
f 895/926/5002 894/729/5003 897/1207/5004
f 894/729/5005 896/1208/5006 898/920/5007
f 898/920/5008 896/1208/5009 1015/948/5010
f 1027/746/5011 853/745/5012 661/943/5013
f 895/926/5014 899/916/5015 801/930/5016
f 801/930/5017 899/916/5018 900/1126/5019
f 899/916/5020 660/747/5021 1027/746/5022
f 897/1207/5023 901/927/5024 895/926/5025
f 659/917/5026 899/916/5027 901/927/5028
f 1136/638/5029 902/658/5030 634/660/5031
f 903/1019/5032 902/658/5033 803/1211/5034
f 903/1019/5035 803/1211/5036 1134/1212/5037
f 909/647/5038 903/1019/5039 813/1131/5040
f 904/1015/5041 1029/1016/5042 1135/1017/5043
f 1031/640/5044 904/1015/5045 1135/1017/5046
f 905/627/5047 625/657/5048 906/656/5049
f 905/627/5050 908/626/5051 1032/1133/5052
f 907/597/5053 906/656/5054 624/655/5055
f 905/627/5056 906/656/5057 812/599/5058
f 922/1037/5059 1034/1213/5060 818/661/5061
f 1035/1214/5062 1036/598/5063 1034/1213/5064
f 1282/1135/5065 908/626/5066 745/1031/5067
f 908/626/5068 811/691/5069 1032/1133/5070
f 903/1019/5071 909/647/5072 636/646/5073
f 910/648/5074 909/647/5075 813/1131/5076
f 1037/1136/5077 813/1131/5078 1140/1128/5079
f 1039/765/5080 910/648/5081 1142/1137/5082
f 1038/710/5083 639/712/5084 1039/765/5085
f 1386/1215/5086 1151/1216/5087 1145/1217/5088
f 913/1142/5089 912/605/5090 671/607/5091
f 912/605/5092 815/629/5093 1217/1143/5094
f 915/701/5095 913/1142/5096 670/705/5097
f 1214/1218/5098 1041/1146/5099 747/1219/5100
f 1214/1218/5101 1042/1026/5102 1217/1143/5103
f 1218/1149/5104 750/1220/5105 925/1039/5106
f 668/783/5107 920/703/5108 917/791/5109
f 915/701/5110 816/793/5111 1216/1144/5112
f 669/700/5113 917/791/5114 915/701/5115
f 915/701/5116 917/791/5117 816/793/5118
f 668/783/5119 917/791/5120 669/700/5121
f 917/791/5122 916/698/5123 1046/792/5124
f 1050/1147/5125 1095/842/5126 666/1148/5127
f 920/703/5128 817/696/5129 916/698/5130
f 1076/1082/5131 1094/1221/5132 664/953/5133
f 962/1222/5134 952/1083/5135 854/846/5136
f 917/791/5137 920/703/5138 916/698/5139
f 668/783/5140 918/704/5141 920/703/5142
f 1050/1147/5143 918/704/5144 667/709/5145
f 919/1183/5146 1053/1184/5147 1206/1223/5148
f 923/642/5149 922/1037/5150 752/670/5151
f 1034/1213/5152 922/1037/5153 749/1036/5154
f 707/683/5155 923/642/5156 752/670/5157
f 923/642/5158 822/644/5159 924/1151/5160
f 1054/1152/5161 924/1151/5162 822/644/5163
f 924/1151/5164 706/1224/5165 1137/1225/5166
f 822/644/5167 925/1039/5168 750/1220/5169
f 751/1038/5170 819/689/5171 925/1039/5172
f 820/684/5173 926/643/5174 707/683/5175
f 925/1039/5176 926/643/5177 751/1038/5178
f 1224/695/5179 927/636/5180 673/702/5181
f 928/606/5182 927/636/5183 824/1154/5184
f 928/606/5185 824/1154/5186 1220/974/5187
f 1227/1159/5188 1226/1043/5189 834/1161/5190
f 1221/1042/5191 929/1046/5192 712/1040/5193
f 929/1046/5194 1221/1042/5195 1223/1226/5196
f 929/1046/5197 930/1155/5198 712/1040/5199
f 754/685/5200 830/866/5201 930/1155/5202
f 931/826/5203 615/987/5204 932/986/5205
f 931/826/5206 1059/828/5207 1060/876/5208
f 1086/1048/5209 932/986/5210 614/985/5211
f 931/826/5212 932/986/5213 833/827/5214
f 933/699/5215 670/705/5216 1227/1159/5217
f 934/782/5218 933/699/5219 834/1161/5220
f 1061/1160/5221 834/1161/5222 1225/1045/5223
f 1267/1227/5224 1096/708/5225 1229/1228/5226
f 936/1165/5227 935/829/5228 601/868/5229
f 935/829/5230 836/873/5231 1234/1166/5232
f 938/860/5233 936/1165/5234 600/858/5235
f 1230/1229/5236 1062/983/5237 759/982/5238
f 1230/1229/5239 1063/1188/5240 1234/1166/5241
f 1236/838/5242 975/1088/5243 1088/1185/5244
f 1064/980/5245 599/859/5246 598/1230/5247
f 938/860/5248 837/892/5249 1232/1168/5250
f 597/887/5251 1065/1061/5252 598/1230/5253
f 940/893/5254 1238/1231/5255 837/892/5256
f 1064/980/5257 938/860/5258 599/859/5259
f 1238/1231/5260 940/893/5261 939/1060/5262
f 1147/1232/5263 1164/1233/5264 814/1234/5265
f 943/1171/5266 841/1066/5267 1247/1068/5268
f 1068/1067/5269 942/900/5270 714/901/5271
f 946/906/5272 942/900/5273 841/1066/5274
f 766/907/5275 841/1066/5276 943/1171/5277
f 1068/1067/5278 841/1066/5279 942/900/5280
f 1385/1235/5281 1386/1215/5282 1387/1236/5283
f 765/1172/5284 943/1171/5285 945/1237/5286
f 966/1238/5287 769/1239/5288 960/1072/5289
f 964/1240/5290 966/1238/5291 960/1072/5292
f 942/900/5293 946/906/5294 716/714/5295
f 766/907/5296 946/906/5297 841/1066/5298
f 1384/1241/5299 945/1237/5300 969/1242/5301
f 1071/1243/5302 1070/863/5303 947/1244/5304
f 1075/911/5305 659/917/5306 658/918/5307
f 678/955/5308 1112/1117/5309 1114/956/5310
f 1330/1245/5311 1328/1246/5312 718/1247/5313
f 854/846/5314 950/786/5315 951/844/5316
f 951/844/5317 950/786/5318 663/788/5319
f 950/786/5320 854/846/5321 952/1083/5322
f 951/844/5323 663/788/5324 1089/1189/5325
f 951/844/5326 949/852/5327 955/845/5328
f 854/846/5329 957/1073/5330 962/1222/5331
f 1051/1099/5332 919/1183/5333 1050/1147/5334
f 953/853/5335 662/1182/5336 976/942/5337
f 954/981/5338 661/943/5339 853/745/5340
f 767/1076/5341 954/981/5342 853/745/5343
f 949/852/5344 953/853/5345 954/981/5346
f 958/1074/5347 955/845/5348 949/852/5349
f 769/1239/5350 959/1248/5351 962/1222/5352
f 958/1074/5353 961/1181/5354 956/1249/5355
f 965/896/5356 963/895/5357 964/1240/5358
f 854/846/5359 955/845/5360 957/1073/5361
f 957/1073/5362 955/845/5363 958/1074/5364
f 961/1181/5365 958/1074/5366 949/852/5367
f 958/1074/5368 956/1249/5369 960/1072/5370
f 1208/1250/5371 769/1239/5372 966/1238/5373
f 1383/1251/5374 1053/1184/5375 1051/1099/5376
f 964/1240/5377 960/1072/5378 956/1249/5379
f 769/1239/5380 957/1073/5381 960/1072/5382
f 954/981/5383 961/1181/5384 949/852/5385
f 1330/1245/5386 1332/1252/5387 1331/1075/5388
f 769/1239/5389 962/1222/5390 957/1073/5391
f 962/1222/5392 959/1248/5393 1383/1251/5394
f 964/1240/5395 956/1249/5396 965/896/5397
f 968/1253/5398 966/1238/5399 963/895/5400
f 956/1249/5401 1330/1245/5402 965/896/5403
f 964/1240/5404 963/895/5405 966/1238/5406
f 718/1247/5407 1077/1254/5408 965/896/5409
f 1077/1254/5410 1078/894/5411 965/896/5412
f 969/1242/5413 967/1255/5414 968/1253/5415
f 1212/1256/5416 1292/1257/5417 1203/1258/5418
f 1247/1068/5419 1079/1081/5420 945/1237/5421
f 1388/1259/5422 1387/1236/5423 1162/1260/5424
f 969/1242/5425 968/1253/5426 963/895/5427
f 1203/1258/5428 968/1253/5429 967/1255/5430
f 963/895/5431 1078/894/5432 1384/1241/5433
f 969/1242/5434 945/1237/5435 1079/1081/5436
f 971/674/5437 970/1090/5438 776/616/5439
f 1083/1157/5440 970/1090/5441 770/1086/5442
f 721/618/5443 971/674/5444 776/616/5445
f 971/674/5446 863/676/5447 972/1192/5448
f 1080/1190/5449 972/1192/5450 863/676/5451
f 972/1192/5452 719/1191/5453 1081/1085/5454
f 770/1086/5455 1081/1085/5456 1085/1261/5457
f 973/1047/5458 1084/979/5459 1086/1048/5460
f 863/676/5461 974/879/5462 771/881/5463
f 775/1101/5464 856/856/5465 974/879/5466
f 856/856/5467 1088/1185/5468 1087/880/5469
f 1236/838/5470 604/1186/5471 1302/836/5472
f 976/942/5473 662/1182/5474 1089/1189/5475
f 900/1126/5476 976/942/5477 858/848/5478
f 977/849/5479 1089/1189/5480 978/787/5481
f 1263/847/5482 977/849/5483 1264/1262/5484
f 1094/1221/5485 1076/1082/5486 665/1098/5487
f 977/849/5488 978/787/5489 859/851/5490
f 1094/1221/5491 978/787/5492 664/953/5493
f 979/850/5494 1094/1221/5495 980/1097/5496
f 1095/842/5497 1050/1147/5498 667/709/5499
f 979/850/5500 980/1097/5501 860/857/5502
f 1096/708/5503 918/704/5504 668/783/5505
f 1267/1227/5506 1097/1263/5507 1268/1100/5508
f 861/707/5509 982/675/5510 721/618/5511
f 974/879/5512 982/675/5513 775/1101/5514
f 1099/1114/5515 787/889/5516 725/1103/5517
f 777/1007/5518 865/886/5519 983/1008/5520
f 1100/1102/5521 984/1006/5522 725/1103/5523
f 1337/1264/5524 1269/1062/5525 1305/1265/5526
f 737/915/5527 987/914/5528 798/945/5529
f 985/1004/5530 987/914/5531 986/960/5532
f 877/1123/5533 986/960/5534 875/957/5535
f 985/1004/5536 798/945/5537 987/914/5538
f 988/1111/5539 989/913/5540 990/1106/5541
f 986/960/5542 987/914/5543 1367/976/5544
f 1008/721/5545 694/720/5546 739/874/5547
f 799/958/5548 986/960/5549 1367/976/5550
f 989/913/5551 737/915/5552 990/1106/5553
f 1367/976/5554 989/913/5555 988/1111/5556
f 991/1107/5557 990/1106/5558 737/915/5559
f 783/1105/5560 680/1110/5561 990/1106/5562
f 737/915/5563 892/1112/5564 991/1107/5565
f 783/1105/5566 991/1107/5567 892/1112/5568
f 993/949/5569 992/611/5570 732/610/5571
f 1100/1102/5572 992/611/5573 879/950/5574
f 788/992/5575 993/949/5576 732/610/5577
f 789/1115/5578 879/950/5579 993/949/5580
f 1115/1266/5581 1323/1267/5582 1113/1268/5583
f 1110/1120/5584 1112/1117/5585 883/1118/5586
f 678/955/5587 682/799/5588 995/971/5589
f 995/971/5590 682/799/5591 693/751/5592
f 301/1078/5593 852/995/5594 997/749/5595
f 888/1204/5596 996/748/5597 886/750/5598
f 886/750/5599 997/749/5600 849/775/5601
f 301/1078/5602 997/749/5603 996/748/5604
f 1128/742/5605 1125/1269/5606 887/1203/5607
f 1126/1202/5608 1000/1121/5609 793/1119/5610
f 679/740/5611 999/804/5612 692/807/5613
f 998/941/5614 1000/1121/5615 999/804/5616
f 998/941/5617 1125/1269/5618 1128/742/5619
f 1128/742/5620 1000/1121/5621 998/941/5622
f 889/999/5623 1001/1206/5624 304/864/5625
f 1125/1269/5626 1001/1206/5627 887/1203/5628
f 1002/1122/5629 14/947/5630 15/921/5631
f 892/1112/5632 798/945/5633 1002/1122/5634
f 1018/1127/5635 1020/1124/5636 801/930/5637
f 1003/929/5638 738/1125/5639 1004/1001/5640
f 1367/976/5641 1368/1270/5642 1371/1271/5643
f 1004/1001/5644 738/1125/5645 1007/1209/5646
f 895/926/5647 1003/929/5648 1005/1096/5649
f 1004/1001/5650 1005/1096/5651 1003/929/5652
f 680/1110/5653 1380/1272/5654 988/1111/5655
f 684/796/5656 698/925/5657 1010/936/5658
f 1007/1209/5659 738/1125/5660 1372/1273/5661
f 1007/1209/5662 1006/1274/5663 1382/1210/5664
f 1014/1275/5665 800/1000/5666 1013/1002/5667
f 1368/1270/5668 1380/1272/5669 1006/1274/5670
f 1014/1275/5671 1008/721/5672 896/1208/5673
f 1010/936/5674 1009/1276/5675 1011/797/5676
f 694/720/5677 1010/936/5678 698/925/5679
f 1009/1276/5680 1381/1277/5681 1011/797/5682
f 1130/1109/5683 1132/795/5684 783/1105/5685
f 684/796/5686 1010/936/5687 1011/797/5688
f 1012/719/5689 1008/721/5690 1014/1275/5691
f 1010/936/5692 1012/719/5693 1009/1276/5694
f 1013/1002/5695 1004/1001/5696 1007/1209/5697
f 1013/1002/5698 1009/1276/5699 1012/719/5700
f 800/1000/5701 1014/1275/5702 896/1208/5703
f 1012/719/5704 1014/1275/5705 1013/1002/5706
f 898/920/5707 1015/948/5708 656/771/5709
f 1008/721/5710 1015/948/5711 896/1208/5712
f 1019/1278/5713 773/821/5714 1378/1279/5715
f 900/1126/5716 1016/1005/5717 1018/1127/5718
f 1264/1262/5719 1321/820/5720 1090/822/5721
f 1374/1280/5722 1367/976/5723 1371/1271/5724
f 1016/1005/5725 1019/1278/5726 1018/1127/5727
f 1018/1127/5728 1019/1278/5729 1020/1124/5730
f 773/821/5731 1019/1278/5732 1016/1005/5733
f 1017/1281/5734 1375/1282/5735 1373/1283/5736
f 801/930/5737 1020/1124/5738 1003/929/5739
f 1019/1278/5740 1017/1281/5741 1020/1124/5742
f 876/904/5743 1023/1194/5744 1022/1094/5745
f 1370/1195/5746 1376/1284/5747 1021/1199/5748
f 1023/1194/5749 876/904/5750 872/1092/5751
f 1026/1095/5752 1022/1094/5753 1021/1199/5754
f 1025/959/5755 872/1092/5756 875/957/5757
f 799/958/5758 1370/1195/5759 1025/959/5760
f 1273/1285/5761 1024/1286/5762 1377/1287/5763
f 720/1288/5764 1107/1289/5765 1270/1290/5766
f 799/958/5767 1374/1280/5768 1370/1195/5769
f 872/1092/5770 1025/959/5771 1023/1194/5772
f 1021/1199/5773 1376/1284/5774 1377/1287/5775
f 1026/1095/5776 1024/1286/5777 1271/1291/5778
f 976/942/5779 1027/746/5780 661/943/5781
f 899/916/5782 1027/746/5783 900/1126/5784
f 1204/1292/5785 803/1211/5786 1277/1293/5787
f 1197/1294/5788 1030/1011/5789 1196/1295/5790
f 1029/1016/5791 742/622/5792 809/608/5793
f 1135/1017/5794 1029/1016/5795 704/692/5796
f 1139/1296/5797 1278/1134/5798 1281/1297/5799
f 1278/1134/5800 745/1031/5801 1281/1297/5802
f 1031/640/5803 1277/1293/5804 1136/638/5805
f 805/639/5806 904/1015/5807 1031/640/5808
f 810/693/5809 1032/1133/5810 811/691/5811
f 1033/613/5812 1032/1133/5813 744/1132/5814
f 808/614/5815 1033/613/5816 744/1132/5817
f 626/615/5818 905/627/5819 1033/613/5820
f 1034/1213/5821 749/1036/5822 1035/1214/5823
f 907/597/5824 818/661/5825 1034/1213/5826
f 749/1036/5827 1055/1035/5828 1137/1225/5829
f 1137/1225/5830 1139/1296/5831 1035/1214/5832
f 1034/1213/5833 1036/598/5834 907/597/5835
f 1281/1297/5836 1036/598/5837 1035/1214/5838
f 1037/1136/5839 1146/1014/5840 1143/1138/5841
f 911/1298/5842 1039/765/5843 1144/1299/5844
f 639/712/5845 638/764/5846 1039/765/5847
f 1040/1064/5848 1038/710/5849 911/1298/5850
f 1142/1137/5851 910/648/5852 1037/1136/5853
f 911/1298/5854 1038/710/5855 1039/765/5856
f 1145/1217/5857 1151/1216/5858 911/1298/5859
f 1213/1169/5860 839/728/5861 641/1063/5862
f 1216/1144/5863 1041/1146/5864 1215/628/5865
f 816/793/5866 1046/792/5867 1045/840/5868
f 1173/1300/5869 1169/1301/5870 1161/654/5871
f 1193/1028/5872 1198/1027/5873 1185/1302/5874
f 1219/1033/5875 819/689/5876 674/688/5877
f 914/635/5878 1217/1143/5879 1200/1303/5880
f 1189/1304/5881 1044/697/5882 817/696/5883
f 1044/697/5884 748/841/5885 1045/840/5886
f 1164/1233/5887 1147/1232/5888 1141/1013/5889
f 816/793/5890 1045/840/5891 1048/1145/5892
f 916/698/5893 1044/697/5894 1046/792/5895
f 1045/840/5896 1046/792/5897 1044/697/5898
f 1047/1305/5899 1158/1306/5900 1163/1024/5901
f 1174/1025/5902 1041/1146/5903 1048/1145/5904
f 1049/839/5905 1048/1145/5906 1045/840/5907
f 1163/1024/5908 1169/1301/5909 1174/1025/5910
f 1160/1307/5911 1156/1308/5912 1158/1306/5913
f 1049/839/5914 1047/1305/5915 1180/1023/5916
f 1051/1099/5917 1050/1147/5918 666/1148/5919
f 921/1029/5920 1050/1147/5921 919/1183/5922
f 1076/1082/5923 1051/1099/5924 665/1098/5925
f 952/1083/5926 962/1222/5927 1383/1251/5928
f 1175/1070/5929 1188/1021/5930 1165/1020/5931
f 1053/1184/5932 1052/1309/5933 1206/1223/5934
f 1383/1251/5935 1051/1099/5936 952/1083/5937
f 1206/1223/5938 1052/1309/5939 1205/1310/5940
f 822/644/5941 750/1220/5942 1054/1152/5943
f 1054/1152/5944 750/1220/5945 1186/1311/5946
f 923/642/5947 924/1151/5948 1055/1035/5949
f 1055/1035/5950 924/1151/5951 1137/1225/5952
f 929/1046/5953 1223/1226/5954 1058/694/5955
f 1298/1312/5956 1355/1162/5957 1335/1044/5958
f 1256/1313/5959 757/978/5960 1085/1261/5961
f 1354/1314/5962 1057/1156/5963 1314/1049/5964
f 1058/694/5965 1296/1315/5966 1224/695/5967
f 826/687/5968 929/1046/5969 1058/694/5970
f 1059/828/5971 833/827/5972 1084/979/5973
f 1060/876/5974 1059/828/5975 832/1158/5976
f 1060/876/5977 832/1158/5978 1295/877/5979
f 616/818/5980 1060/876/5981 756/819/5982
f 1415/1316/5983 1365/1317/5984 1349/1318/5985
f 1229/1228/5986 1061/1160/5987 1365/1317/5988
f 1232/1168/5989 1062/983/5990 1231/872/5991
f 837/892/5992 1238/1231/5993 1239/1319/5994
f 1063/1188/5995 1230/1229/5996 1340/1187/5997
f 1235/837/5998 1063/1188/5999 1348/1057/6000
f 1065/1061/6001 1064/980/6002 598/1230/6003
f 940/893/6004 1064/980/6005 939/1060/6006
f 597/887/6007 865/886/6008 1065/1061/6009
f 777/1007/6010 1337/1264/6011 1237/1193/6012
f 1337/1264/6013 1304/1320/6014 1066/1104/6015
f 1238/1231/6016 1066/1104/6017 1304/1320/6018
f 839/728/6019 1213/1169/6020 1245/1170/6021
f 1312/1321/6022 1248/1322/6023 1249/1323/6024
f 714/901/6025 763/718/6026 1246/1065/6027
f 1248/1322/6028 1068/1067/6029 1249/1323/6030
f 1069/1173/6031 765/1172/6032 1384/1241/6033
f 1069/1173/6034 947/1244/6035 1070/863/6036
f 947/1244/6037 1077/1254/6038 1071/1243/6039
f 848/1175/6040 1072/1174/6041 768/1176/6042
f 1324/1324/6043 1325/1077/6044 1119/931/6045
f 1071/1243/6046 1351/1325/6047 1072/1174/6048
f 844/861/6049 1072/1174/6050 848/1175/6051
f 1071/1243/6052 1072/1174/6053 1070/863/6054
f 1074/910/6055 853/745/6056 660/747/6057
f 1325/1077/6058 1073/1071/6059 948/912/6060
f 1074/910/6061 660/747/6062 899/916/6063
f 1075/911/6064 1074/910/6065 659/917/6066
f 658/918/6067 792/731/6068 1075/911/6069
f 1122/1326/6070 1119/931/6071 1121/1327/6072
f 950/786/6073 1076/1082/6074 664/953/6075
f 1051/1099/6076 1076/1082/6077 952/1083/6078
f 1071/1243/6079 1077/1254/6080 718/1247/6081
f 1077/1254/6082 947/1244/6083 1078/894/6084
f 1069/1173/6085 1078/894/6086 947/1244/6087
f 1384/1241/6088 765/1172/6089 945/1237/6090
f 1254/1328/6091 944/1080/6092 1252/1329/6093
f 969/1242/6094 1079/1081/6095 967/1255/6096
f 863/676/6097 771/881/6098 1080/1190/6099
f 1080/1190/6100 771/881/6101 1316/1087/6102
f 1257/1330/6103 1256/1313/6104 1081/1085/6105
f 757/978/6106 1084/979/6107 1085/1261/6108
f 971/674/6109 972/1192/6110 1082/1084/6111
f 1081/1085/6112 1082/1084/6113 972/1192/6114
f 1085/1261/6115 1083/1157/6116 770/1086/6117
f 613/834/6118 1083/1157/6119 973/1047/6120
f 1086/1048/6121 1084/979/6122 833/827/6123
f 1085/1261/6124 1084/979/6125 973/1047/6126
f 1085/1261/6127 973/1047/6128 1083/1157/6129
f 1085/1261/6130 1081/1085/6131 1256/1313/6132
f 932/986/6133 1086/1048/6134 833/827/6135
f 613/834/6136 1086/1048/6137 614/985/6138
f 1088/1185/6139 856/856/6140 605/855/6141
f 1316/1087/6142 1087/880/6143 975/1088/6144
f 1235/837/6145 857/1331/6146 1301/1089/6147
f 1087/880/6148 1088/1185/6149 975/1088/6150
f 978/787/6151 1089/1189/6152 663/788/6153
f 976/942/6154 1089/1189/6155 977/849/6156
f 1264/1262/6157 1092/1164/6158 1093/1332/6159
f 1093/1332/6160 1321/820/6161 1264/1262/6162
f 860/857/6163 1268/1100/6164 1098/624/6165
f 1092/1164/6166 1091/623/6167 774/625/6168
f 1092/1164/6169 774/625/6170 1093/1332/6171
f 979/850/6172 1092/1164/6173 859/851/6174
f 1317/1333/6175 1093/1332/6176 774/625/6177
f 720/1288/6178 1270/1290/6179 1272/1334/6180
f 980/1097/6181 1094/1221/6182 665/1098/6183
f 978/787/6184 1094/1221/6185 979/850/6186
f 1096/708/6187 1095/842/6188 667/709/6189
f 980/1097/6190 1095/842/6191 981/843/6192
f 668/783/6193 934/782/6194 1096/708/6195
f 1096/708/6196 934/782/6197 1229/1228/6198
f 1242/1335/6199 1233/1336/6200 1240/882/6201
f 1098/624/6202 1091/623/6203 860/857/6204
f 1061/1160/6205 1225/1045/6206 1364/1337/6207
f 720/1288/6208 1358/1338/6209 1357/1339/6210
f 725/1103/6211 984/1006/6212 1099/1114/6213
f 983/1008/6214 1099/1114/6215 984/1006/6216
f 1103/1200/6217 1101/1340/6218 1102/1201/6219
f 1269/1062/6220 1105/1341/6221 1310/1342/6222
f 1271/1291/6223 1024/1286/6224 1270/1290/6225
f 1310/1342/6226 1311/1343/6227 1356/1344/6228
f 789/1115/6229 1103/1200/6230 879/950/6231
f 1106/1345/6232 1102/1201/6233 1101/1340/6234
f 1103/1200/6235 772/1093/6236 1271/1291/6237
f 879/950/6238 1103/1200/6239 1102/1201/6240
f 984/1006/6241 1100/1102/6242 1108/1346/6243
f 1306/1347/6244 1104/1348/6245 1309/1349/6246
f 1106/1345/6247 1100/1102/6248 1102/1201/6249
f 1106/1345/6250 1101/1340/6251 1107/1289/6252
f 1101/1340/6253 1270/1290/6254 1107/1289/6255
f 1106/1345/6256 1105/1341/6257 1108/1346/6258
f 1357/1339/6259 1320/1350/6260 1338/1351/6261
f 1106/1345/6262 1107/1289/6263 1311/1343/6264
f 1106/1345/6265 1108/1346/6266 1100/1102/6267
f 1269/1062/6268 1108/1346/6269 1105/1341/6270
f 798/945/6271 1109/1003/6272 13/946/6273
f 877/1123/6274 1109/1003/6275 985/1004/6276
f 1276/1177/6277 1110/1120/6278 793/1119/6279
f 1112/1117/6280 1110/1120/6281 994/1352/6282
f 1113/1268/6283 1111/1353/6284 1114/956/6285
f 1116/993/6286 1122/1326/6287 792/731/6288
f 1113/1268/6289 1112/1117/6290 994/1352/6291
f 1112/1117/6292 1113/1268/6293 1114/956/6294
f 734/1179/6295 1115/1266/6296 994/1352/6297
f 1113/1268/6298 994/1352/6299 1115/1266/6300
f 1116/993/6301 1114/956/6302 1111/1353/6303
f 881/954/6304 1114/956/6305 733/928/6306
f 734/1179/6307 1120/1354/6308 1115/1266/6309
f 1329/997/6310 1353/1180/6311 1351/1325/6312
f 1119/931/6313 1116/993/6314 1111/1353/6315
f 733/928/6316 1116/993/6317 792/731/6318
f 1118/773/6319 1117/1355/6320 1420/774/6321
f 1327/1356/6322 1329/997/6323 1351/1325/6324
f 768/1176/6325 1118/773/6326 851/994/6327
f 1120/1354/6328 1420/774/6329 1117/1355/6330
f 1119/931/6331 1111/1353/6332 1322/932/6333
f 1075/911/6334 1121/1327/6335 948/912/6336
f 1120/1354/6337 734/1179/6338 1420/774/6339
f 1120/1354/6340 1117/1355/6341 1352/996/6342
f 1122/1326/6343 1075/911/6344 792/731/6345
f 1119/931/6346 948/912/6347 1121/1327/6348
f 1119/931/6349 1122/1326/6350 1116/993/6351
f 1075/911/6352 1122/1326/6353 1121/1327/6354
f 1124/940/6355 735/739/6356 736/762/6357
f 999/804/6358 1123/803/6359 998/941/6360
f 890/763/6361 1124/940/6362 736/762/6363
f 797/1205/6364 1001/1206/6365 1125/1269/6366
f 998/941/6367 1124/940/6368 1125/1269/6369
f 797/1205/6370 1125/1269/6371 1124/940/6372
f 688/753/6373 1126/1202/6374 882/790/6375
f 999/804/6376 1000/1121/6377 1126/1202/6378
f 1275/1178/6379 1127/744/6380 794/743/6381
f 1276/1177/6382 994/1352/6383 1110/1120/6384
f 794/743/6385 1128/742/6386 887/1203/6387
f 1000/1121/6388 1128/742/6389 1127/744/6390
f 680/1110/6391 1132/795/6392 1011/797/6393
f 1130/1109/6394 783/1105/6395 784/784/6396
f 782/776/6397 1130/1109/6398 784/784/6399
f 1130/1109/6400 1129/937/6401 1132/795/6402
f 1129/937/6403 1131/1108/6404 781/897/6405
f 782/776/6406 1131/1108/6407 1130/1109/6408
f 1132/795/6409 680/1110/6410 783/1105/6411
f 684/796/6412 1132/795/6413 1129/937/6414
f 1134/1212/6415 1133/1129/6416 903/1019/6417
f 1133/1129/6418 1028/1357/6419 1284/1130/6420
f 1204/1292/6421 1134/1212/6422 803/1211/6423
f 1133/1129/6424 1134/1212/6425 1028/1357/6426
f 1135/1017/6427 704/692/6428 1280/1009/6429
f 741/1018/6430 1135/1017/6431 1030/1011/6432
f 1277/1293/6433 1031/640/6434 741/1018/6435
f 902/658/6436 1136/638/6437 803/1211/6438
f 1183/1358/6439 1139/1296/6440 1184/1359/6441
f 1137/1225/6442 1035/1214/6443 749/1036/6444
f 1169/1301/6445 1173/1300/6446 747/1219/6447
f 1286/1360/6448 1192/1361/6449 1171/1362/6450
f 706/1224/6451 1139/1296/6452 1137/1225/6453
f 1139/1296/6454 1138/1363/6455 1278/1134/6456
f 1133/1129/6457 1140/1128/6458 813/1131/6459
f 746/1364/6460 1037/1136/6461 1140/1128/6462
f 1153/1365/6463 1146/1014/6464 746/1364/6465
f 1160/1307/6466 1047/1305/6467 1049/839/6468
f 1146/1014/6469 1037/1136/6470 746/1364/6471
f 1039/765/6472 1142/1137/6473 1144/1299/6474
f 1141/1013/6475 1147/1232/6476 1143/1138/6477
f 1386/1215/6478 1385/1235/6479 1148/1366/6480
f 1143/1138/6481 1149/1367/6482 1142/1137/6483
f 1147/1232/6484 1145/1217/6485 1149/1367/6486
f 911/1298/6487 1144/1299/6488 1145/1217/6489
f 1149/1367/6490 1145/1217/6491 1144/1299/6492
f 1153/1365/6493 1284/1130/6494 1154/1368/6495
f 1141/1013/6496 1143/1138/6497 1146/1014/6498
f 1152/1012/6499 1159/1369/6500 1141/1013/6501
f 1145/1217/6502 1147/1232/6503 814/1234/6504
f 1283/1370/6505 941/1371/6506 1312/1321/6507
f 1151/1216/6508 1040/1064/6509 911/1298/6510
f 1142/1137/6511 1149/1367/6512 1144/1299/6513
f 1147/1232/6514 1149/1367/6515 1143/1138/6516
f 746/1364/6517 1284/1130/6518 1153/1365/6519
f 1153/1365/6520 1154/1368/6521 1150/1372/6522
f 1386/1215/6523 1145/1217/6524 814/1234/6525
f 1040/1064/6526 1151/1216/6527 1148/1366/6528
f 1286/1360/6529 1177/1373/6530 1150/1372/6531
f 1155/1139/6532 1152/1012/6533 1150/1372/6534
f 1150/1372/6535 1152/1012/6536 1153/1365/6537
f 1146/1014/6538 1153/1365/6539 1152/1012/6540
f 741/1018/6541 1030/1011/6542 1197/1294/6543
f 1191/1374/6544 1190/1375/6545 1179/1376/6546
f 1158/1306/6547 1156/1308/6548 1157/1141/6549
f 1152/1012/6550 1155/1139/6551 1159/1369/6552
f 1175/1070/6553 1170/1377/6554 1160/1307/6555
f 1157/1141/6556 1159/1369/6557 1155/1139/6558
f 1158/1306/6559 1157/1141/6560 705/1140/6561
f 1157/1141/6562 1156/1308/6563 1159/1369/6564
f 1166/652/6565 1163/1024/6566 1158/1306/6567
f 1158/1306/6568 1047/1305/6569 1160/1307/6570
f 1287/1378/6571 1170/1377/6572 1176/1379/6573
f 1159/1369/6574 1162/1260/6575 1164/1233/6576
f 1049/839/6577 748/841/6578 1160/1307/6579
f 1159/1369/6580 1287/1378/6581 1176/1379/6582
f 1179/1376/6583 1183/1358/6584 1172/1380/6585
f 1168/653/6586 1178/1381/6587 1391/1382/6588
f 1170/1377/6589 1156/1308/6590 1160/1307/6591
f 1388/1259/6592 1207/1383/6593 1390/1384/6594
f 1166/652/6595 1158/1306/6596 705/1140/6597
f 1169/1301/6598 1163/1024/6599 1161/654/6600
f 1159/1369/6601 1164/1233/6602 1141/1013/6603
f 814/1234/6604 1164/1233/6605 1162/1260/6606
f 748/841/6607 1187/1069/6608 1175/1070/6609
f 1188/1021/6610 1181/1385/6611 1201/1386/6612
f 1171/1362/6613 1168/653/6614 1285/1387/6615
f 1161/654/6616 1163/1024/6617 1166/652/6618
f 1177/1373/6619 705/1140/6620 1155/1139/6621
f 1190/1375/6622 1138/1363/6623 1179/1376/6624
f 1285/1387/6625 1166/652/6626 705/1140/6627
f 1178/1381/6628 1168/653/6629 1167/1388/6630
f 1161/654/6631 1391/1382/6632 1173/1300/6633
f 747/1219/6634 1041/1146/6635 1174/1025/6636
f 1175/1070/6637 1160/1307/6638 748/841/6639
f 1170/1377/6640 1165/1020/6641 1176/1379/6642
f 1171/1362/6643 1177/1373/6644 1286/1360/6645
f 1167/1388/6646 1168/653/6647 1171/1362/6648
f 1178/1381/6649 1179/1376/6650 1172/1380/6651
f 1288/1389/6652 1185/1302/6653 1173/1300/6654
f 1184/1359/6655 1185/1302/6656 1288/1389/6657
f 747/1219/6658 1173/1300/6659 1198/1027/6660
f 1048/1145/6661 1049/839/6662 1180/1023/6663
f 747/1219/6664 1174/1025/6665 1169/1301/6666
f 1187/1069/6667 748/841/6668 1189/1304/6669
f 1165/1020/6670 1170/1377/6671 1175/1070/6672
f 1176/1379/6673 1165/1020/6674 1388/1259/6675
f 1159/1369/6676 1176/1379/6677 1162/1260/6678
f 1150/1372/6679 1177/1373/6680 1155/1139/6681
f 1285/1387/6682 1177/1373/6683 1171/1362/6684
f 1179/1376/6685 1178/1381/6686 1167/1388/6687
f 1288/1389/6688 1391/1382/6689 1172/1380/6690
f 1179/1376/6691 1167/1388/6692 1191/1374/6693
f 1179/1376/6694 1138/1363/6695 1183/1358/6696
f 1163/1024/6697 1180/1023/6698 1047/1305/6699
f 1048/1145/6700 1180/1023/6701 1174/1025/6702
f 817/696/6703 921/1029/6704 1206/1223/6705
f 1289/1390/6706 1195/1391/6707 1205/1310/6708
f 1182/1392/6709 1191/1374/6710 1192/1361/6711
f 1291/1393/6712 1154/1368/6713 1284/1130/6714
f 1138/1363/6715 1139/1296/6716 1183/1358/6717
f 1184/1359/6718 1139/1296/6719 706/1224/6720
f 1184/1359/6721 706/1224/6722 1185/1302/6723
f 1172/1380/6724 1183/1358/6725 1184/1359/6726
f 1185/1302/6727 1194/1150/6728 1186/1311/6729
f 1200/1303/6730 1193/1028/6731 1199/1394/6732
f 750/1220/6733 1218/1149/6734 1199/1394/6735
f 1194/1150/6736 1185/1302/6737 706/1224/6738
f 1189/1304/6739 748/841/6740 1044/697/6741
f 1187/1069/6742 1181/1385/6743 1188/1021/6744
f 1195/1391/6745 1201/1386/6746 1205/1310/6747
f 1210/1022/6748 1201/1386/6749 1211/1395/6750
f 1189/1304/6751 817/696/6752 1206/1223/6753
f 1187/1069/6754 1189/1304/6755 1181/1385/6756
f 1182/1392/6757 1196/1295/6758 1190/1375/6759
f 1196/1295/6760 1279/1010/6761 1190/1375/6762
f 1192/1361/6763 1191/1374/6764 1167/1388/6765
f 1190/1375/6766 1191/1374/6767 1182/1392/6768
f 1171/1362/6769 1192/1361/6770 1167/1388/6771
f 1204/1292/6772 1209/1396/6773 1291/1393/6774
f 1185/1302/6775 1186/1311/6776 1193/1028/6777
f 1199/1394/6778 1193/1028/6779 1186/1311/6780
f 924/1151/6781 1194/1150/6782 706/1224/6783
f 1054/1152/6784 1186/1311/6785 1194/1150/6786
f 769/1239/6787 1208/1250/6788 959/1248/6789
f 1079/1081/6790 944/1080/6791 1254/1328/6792
f 1196/1295/6793 1182/1392/6794 1197/1294/6795
f 1278/1134/6796 1138/1363/6797 1279/1010/6798
f 1209/1396/6799 1182/1392/6800 1192/1361/6801
f 1204/1292/6802 1197/1294/6803 1209/1396/6804
f 747/1219/6805 1198/1027/6806 1042/1026/6807
f 1185/1302/6808 1198/1027/6809 1173/1300/6810
f 750/1220/6811 1199/1394/6812 1186/1311/6813
f 1200/1303/6814 1199/1394/6815 1043/1032/6816
f 1200/1303/6817 1043/1032/6818 1293/1034/6819
f 1042/1026/6820 1193/1028/6821 1200/1303/6822
f 1205/1310/6823 1201/1386/6824 1181/1385/6825
f 1201/1386/6826 1195/1391/6827 1211/1395/6828
f 966/1238/6829 968/1253/6830 1203/1258/6831
f 1292/1257/6832 1290/1397/6833 1202/1398/6834
f 1248/1322/6835 1251/1399/6836 1252/1329/6837
f 1203/1258/6838 1202/1398/6839 1208/1250/6840
f 1204/1292/6841 1028/1357/6842 1134/1212/6843
f 741/1018/6844 1197/1294/6845 1204/1292/6846
f 1189/1304/6847 1206/1223/6848 1181/1385/6849
f 1205/1310/6850 1052/1309/6851 1289/1390/6852
f 919/1183/6853 1206/1223/6854 921/1029/6855
f 1206/1223/6856 1205/1310/6857 1181/1385/6858
f 1195/1391/6859 1292/1257/6860 1211/1395/6861
f 944/1080/6862 1248/1322/6863 1252/1329/6864
f 1203/1258/6865 1208/1250/6866 966/1238/6867
f 959/1248/6868 1208/1250/6869 1202/1398/6870
f 1182/1392/6871 1209/1396/6872 1197/1294/6873
f 1291/1393/6874 1192/1361/6875 1154/1368/6876
f 1201/1386/6877 1210/1022/6878 1188/1021/6879
f 1388/1259/6880 1210/1022/6881 1207/1383/6882
f 1292/1257/6883 1212/1256/6884 1211/1395/6885
f 1210/1022/6886 1211/1395/6887 1207/1383/6888
f 1254/1328/6889 1203/1258/6890 967/1255/6891
f 1207/1383/6892 1211/1395/6893 1212/1256/6894
f 640/711/6895 1213/1169/6896 641/1063/6897
f 1245/1170/6898 1213/1169/6899 1040/1064/6900
f 1042/1026/6901 1214/1218/6902 747/1219/6903
f 1215/628/6904 1214/1218/6905 815/629/6906
f 1216/1144/6907 1215/628/6908 913/1142/6909
f 1214/1218/6910 1215/628/6911 1041/1146/6912
f 915/701/6913 1216/1144/6914 913/1142/6915
f 1048/1145/6916 1216/1144/6917 816/793/6918
f 1214/1218/6919 1217/1143/6920 815/629/6921
f 1200/1303/6922 1217/1143/6923 1042/1026/6924
f 1219/1033/6925 1218/1149/6926 819/689/6927
f 1199/1394/6928 1218/1149/6929 1043/1032/6930
f 673/702/6931 1219/1033/6932 674/688/6933
f 1218/1149/6934 1219/1033/6935 1043/1032/6936
f 824/1154/6937 1296/1315/6938 1294/1153/6939
f 1335/1044/6940 1297/975/6941 1298/1312/6942
f 1222/1041/6943 712/1040/6944 1295/877/6945
f 1223/1226/6946 1221/1042/6947 1057/1156/6948
f 757/978/6949 1261/1400/6950 832/1158/6951
f 1258/1050/6952 757/978/6953 1256/1313/6954
f 1354/1314/6955 1334/1401/6956 1057/1156/6957
f 1058/694/6958 1223/1226/6959 753/1402/6960
f 1296/1315/6961 1058/694/6962 753/1402/6963
f 927/636/6964 1224/695/6965 824/1154/6966
f 1226/1043/6967 1225/1045/6968 834/1161/6969
f 1364/1337/6970 1225/1045/6971 758/1163/6972
f 933/699/6973 1227/1159/6974 834/1161/6975
f 1220/974/6976 1418/1403/6977 1297/975/6978
f 670/705/6979 671/607/6980 1227/1159/6981
f 1228/973/6982 671/607/6983 928/606/6984
f 1220/974/6985 1228/973/6986 928/606/6987
f 1226/1043/6988 1227/1159/6989 1228/973/6990
f 1229/1228/6991 835/1404/6992 1267/1227/6993
f 934/782/6994 1061/1160/6995 1229/1228/6996
f 1230/1229/6997 759/982/6998 1340/1187/6999
f 1231/872/7000 1230/1229/7001 836/873/7002
f 1232/1168/7003 1231/872/7004 936/1165/7005
f 1230/1229/7006 1231/872/7007 1062/983/7008
f 938/860/7009 1232/1168/7010 936/1165/7011
f 1300/1167/7012 837/892/7013 1239/1319/7014
f 1233/1336/7015 1300/1167/7016 1240/882/7017
f 1233/1336/7018 1392/1405/7019 1397/1406/7020
f 1230/1229/7021 1234/1166/7022 836/873/7023
f 1235/837/7024 1234/1166/7025 1063/1188/7026
f 1235/837/7027 1301/1089/7028 1236/838/7029
f 1234/1166/7030 1235/837/7031 937/830/7032
f 1088/1185/7033 604/1186/7034 1236/838/7035
f 1302/836/7036 604/1186/7037 603/1407/7038
f 777/1007/7039 1237/1193/7040 865/886/7041
f 1066/1104/7042 1065/1061/7043 1237/1193/7044
f 1238/1231/7045 760/883/7046 1239/1319/7047
f 939/1060/7048 1066/1104/7049 1238/1231/7050
f 1240/882/7051 1239/1319/7052 760/883/7053
f 1233/1336/7054 1299/984/7055 1300/1167/7056
f 1306/1347/7057 1243/884/7058 1244/1408/7059
f 1243/884/7060 1242/1335/7061 1240/882/7062
f 1265/1409/7063 1318/1410/7064 1320/1350/7065
f 1412/1411/7066 1408/1412/7067 1407/1413/7068
f 1408/1412/7069 1414/1414/7070 1406/1415/7071
f 1392/1405/7072 1242/1335/7073 1410/1416/7074
f 1244/1408/7075 1243/884/7076 760/883/7077
f 1242/1335/7078 1243/884/7079 1241/1417/7080
f 1304/1320/7081 1244/1408/7082 760/883/7083
f 1244/1408/7084 1104/1348/7085 1306/1347/7086
f 1040/1064/7087 1148/1366/7088 1245/1170/7089
f 1283/1370/7090 1245/1170/7091 1148/1366/7092
f 1067/1030/7093 1283/1370/7094 1312/1321/7095
f 1068/1067/7096 714/901/7097 1246/1065/7098
f 1247/1068/7099 945/1237/7100 943/1171/7101
f 1068/1067/7102 944/1080/7103 1247/1068/7104
f 1251/1399/7105 1248/1322/7106 941/1371/7107
f 944/1080/7108 1068/1067/7109 1248/1322/7110
f 1068/1067/7111 1246/1065/7112 1249/1323/7113
f 1246/1065/7114 1067/1030/7115 1312/1321/7116
f 1283/1370/7117 1385/1235/7118 941/1371/7119
f 1253/1418/7120 1207/1383/7121 1212/1256/7122
f 1385/1235/7123 1251/1399/7124 941/1371/7125
f 1251/1399/7126 1250/1419/7127 1252/1329/7128
f 1250/1419/7129 1253/1418/7130 1252/1329/7131
f 1253/1418/7132 1254/1328/7133 1252/1329/7134
f 1253/1418/7135 1250/1419/7136 1390/1384/7137
f 1254/1328/7138 1253/1418/7139 1212/1256/7140
f 1203/1258/7141 1254/1328/7142 1212/1256/7143
f 1254/1328/7144 967/1255/7145 1079/1081/7146
f 1256/1313/7147 1257/1330/7148 1255/823/7149
f 1260/825/7150 1354/1314/7151 1314/1049/7152
f 1257/1330/7153 1081/1085/7154 719/1191/7155
f 1256/1313/7156 1255/823/7157 1258/1050/7158
f 1345/1059/7159 1259/1058/7160 1262/1054/7161
f 719/1191/7162 1262/1054/7163 1257/1330/7164
f 1258/1050/7165 1255/823/7166 1260/825/7167
f 1261/1400/7168 1258/1050/7169 1314/1049/7170
f 1398/1420/7171 1340/1187/7172 759/982/7173
f 1361/1421/7174 1298/1312/7175 1056/1422/7176
f 1255/823/7177 1343/1056/7178 1341/824/7179
f 1334/1401/7180 1294/1153/7181 753/1402/7182
f 832/1158/7183 1261/1400/7184 1222/1041/7185
f 757/978/7186 1258/1050/7187 1261/1400/7188
f 1080/1190/7189 1346/1423/7190 719/1191/7191
f 1262/1054/7192 1259/1058/7193 1342/1055/7194
f 1264/1262/7195 977/849/7196 859/851/7197
f 773/821/7198 1263/847/7199 1090/822/7200
f 1263/847/7201 1264/1262/7202 1090/822/7203
f 1092/1164/7204 1264/1262/7205 859/851/7206
f 1098/624/7207 1318/1410/7208 774/625/7209
f 1265/1409/7210 1317/1333/7211 1318/1410/7212
f 1317/1333/7213 1358/1338/7214 1093/1332/7215
f 1273/1285/7216 1377/1287/7217 1379/1424/7218
f 1267/1227/7219 835/1404/7220 1415/1316/7221
f 981/843/7222 1096/708/7223 1267/1227/7224
f 1267/1227/7225 1268/1100/7226 981/843/7227
f 1098/624/7228 1268/1100/7229 1097/1263/7230
f 1269/1062/7231 984/1006/7232 1108/1346/7233
f 1305/1265/7234 1104/1348/7235 1244/1408/7236
f 1271/1291/7237 1270/1290/7238 1101/1340/7239
f 1272/1334/7240 1270/1290/7241 1024/1286/7242
f 1103/1200/7243 1271/1291/7244 1101/1340/7245
f 1271/1291/7246 772/1093/7247 1026/1095/7248
f 1024/1286/7249 1273/1285/7250 1272/1334/7251
f 1272/1334/7252 1273/1285/7253 1358/1338/7254
f 1377/1287/7255 1026/1095/7256 1021/1199/7257
f 1273/1285/7258 1266/1425/7259 1358/1338/7260
f 1323/1267/7261 1322/932/7262 1111/1353/7263
f 718/1247/7264 1327/1356/7265 1071/1243/7266
f 888/1204/7267 1275/1178/7268 794/743/7269
f 1420/774/7270 1275/1178/7271 886/750/7272
f 1275/1178/7273 1276/1177/7274 1127/744/7275
f 734/1179/7276 994/1352/7277 1276/1177/7278
f 1204/1292/7279 1277/1293/7280 741/1018/7281
f 803/1211/7282 1136/638/7283 1277/1293/7284
f 1138/1363/7285 1190/1375/7286 1279/1010/7287
f 1280/1009/7288 1282/1135/7289 1279/1010/7290
f 1196/1295/7291 1030/1011/7292 1279/1010/7293
f 1135/1017/7294 1280/1009/7295 1030/1011/7296
f 704/692/7297 811/691/7298 1280/1009/7299
f 908/626/7300 1282/1135/7301 811/691/7302
f 1036/598/7303 1281/1297/7304 745/1031/7305
f 1139/1296/7306 1281/1297/7307 1035/1214/7308
f 1279/1010/7309 1282/1135/7310 1278/1134/7311
f 811/691/7312 1282/1135/7313 1280/1009/7314
f 1245/1170/7315 1283/1370/7316 1067/1030/7317
f 1385/1235/7318 1283/1370/7319 1148/1366/7320
f 1284/1130/7321 746/1364/7322 1140/1128/7323
f 1291/1393/7324 1284/1130/7325 1028/1357/7326
f 1166/652/7327 1285/1387/7328 1168/653/7329
f 1177/1373/7330 1285/1387/7331 705/1140/7332
f 1150/1372/7333 1154/1368/7334 1286/1360/7335
f 1192/1361/7336 1286/1360/7337 1154/1368/7338
f 1159/1369/7339 1156/1308/7340 1287/1378/7341
f 1170/1377/7342 1287/1378/7343 1156/1308/7344
f 1391/1382/7345 1288/1389/7346 1173/1300/7347
f 1184/1359/7348 1288/1389/7349 1172/1380/7350
f 1052/1309/7351 959/1248/7352 1289/1390/7353
f 1290/1397/7354 959/1248/7355 1202/1398/7356
f 1195/1391/7357 1289/1390/7358 1290/1397/7359
f 959/1248/7360 1290/1397/7361 1289/1390/7362
f 1204/1292/7363 1291/1393/7364 1028/1357/7365
f 1192/1361/7366 1291/1393/7367 1209/1396/7368
f 1290/1397/7369 1292/1257/7370 1195/1391/7371
f 1203/1258/7372 1292/1257/7373 1202/1398/7374
f 1293/1034/7375 914/635/7376 1200/1303/7377
f 1219/1033/7378 673/702/7379 1293/1034/7380
f 753/1402/7381 1223/1226/7382 1334/1401/7383
f 1417/1426/7384 1418/1403/7385 1294/1153/7386
f 831/875/7387 1295/877/7388 712/1040/7389
f 832/1158/7390 1222/1041/7391 1295/877/7392
f 1294/1153/7393 1296/1315/7394 753/1402/7395
f 824/1154/7396 1224/695/7397 1296/1315/7398
f 1297/975/7399 1056/1422/7400 1298/1312/7401
f 1228/973/7402 1297/975/7403 1226/1043/7404
f 1360/1427/7405 1416/1428/7406 1359/1429/7407
f 1419/1430/7408 1298/1312/7409 1361/1421/7410
f 1300/1167/7411 1299/984/7412 1062/983/7413
f 1395/1431/7414 1394/1432/7415 1397/1406/7416
f 1232/1168/7417 1300/1167/7418 1062/983/7419
f 1300/1167/7420 1239/1319/7421 1240/882/7422
f 1301/1089/7423 857/1331/7424 1347/1433/7425
f 975/1088/7426 1236/838/7427 1301/1089/7428
f 602/831/7429 1302/836/7430 603/1407/7431
f 1235/837/7432 1302/836/7433 937/830/7434
f 1319/1434/7435 1415/1316/7436 1362/1435/7437
f 1243/884/7438 1306/1347/7439 1241/1417/7440
f 1238/1231/7441 1304/1320/7442 760/883/7443
f 1237/1193/7444 1337/1264/7445 1066/1104/7446
f 1104/1348/7447 1305/1265/7448 1269/1062/7449
f 1244/1408/7450 1304/1320/7451 1305/1265/7452
f 1310/1342/7453 1309/1349/7454 1104/1348/7455
f 1412/1411/7456 1362/1435/7457 1408/1412/7458
f 1107/1289/7459 720/1288/7460 1338/1351/7461
f 1307/1436/7462 1339/1053/7463 1308/1437/7464
f 1241/1417/7465 1306/1347/7466 1308/1437/7467
f 1308/1437/7468 1306/1347/7469 1309/1349/7470
f 1104/1348/7471 1269/1062/7472 1310/1342/7473
f 1308/1437/7474 1309/1349/7475 1307/1436/7476
f 1311/1343/7477 1310/1342/7478 1105/1341/7479
f 1307/1436/7480 1309/1349/7481 1310/1342/7482
f 1106/1345/7483 1311/1343/7484 1105/1341/7485
f 1107/1289/7486 1338/1351/7487 1356/1344/7488
f 1248/1322/7489 1312/1321/7490 941/1371/7491
f 1246/1065/7492 1312/1321/7493 1249/1323/7494
f 1299/984/7495 1394/1432/7496 759/982/7497
f 1345/1059/7498 1347/1433/7499 1348/1057/7500
f 1057/1156/7501 1222/1041/7502 1314/1049/7503
f 1314/1049/7504 1222/1041/7505 1261/1400/7506
f 1399/1438/7507 1401/1439/7508 1398/1420/7509
f 1416/1428/7510 1056/1422/7511 1418/1403/7512
f 1316/1087/7513 1346/1423/7514 1080/1190/7515
f 1316/1087/7516 771/881/7517 1087/880/7518
f 1318/1410/7519 1317/1333/7520 774/625/7521
f 1358/1338/7522 1317/1333/7523 1265/1409/7524
f 1319/1434/7525 1318/1410/7526 1098/624/7527
f 1356/1344/7528 1338/1351/7529 1307/1436/7530
f 1098/624/7531 1097/1263/7532 1319/1434/7533
f 1097/1263/7534 1267/1227/7535 1415/1316/7536
f 1319/1434/7537 1350/1051/7538 1318/1410/7539
f 1308/1437/7540 1339/1053/7541 1303/1052/7542
f 1358/1338/7543 1321/820/7544 1093/1332/7545
f 1321/820/7546 1266/1425/7547 1379/1424/7548
f 1111/1353/7549 1113/1268/7550 1323/1267/7551
f 1322/932/7552 1274/998/7553 1326/933/7554
f 1115/1266/7555 1120/1354/7556 1352/996/7557
f 1322/932/7558 1323/1267/7559 1352/996/7560
f 1328/1246/7561 1326/933/7562 1274/998/7563
f 767/1076/7564 1073/1071/7565 1325/1077/7566
f 1119/931/7567 1325/1077/7568 948/912/7569
f 1325/1077/7570 1324/1324/7571 1331/1075/7572
f 1328/1246/7573 1274/998/7574 1327/1356/7575
f 1119/931/7576 1326/933/7577 1324/1324/7578
f 1328/1246/7579 1327/1356/7580 718/1247/7581
f 1327/1356/7582 1274/998/7583 1329/997/7584
f 965/896/7585 1330/1245/7586 718/1247/7587
f 1326/933/7588 1328/1246/7589 1324/1324/7590
f 1274/998/7591 1322/932/7592 1352/996/7593
f 1353/1180/7594 1329/997/7595 1352/996/7596
f 961/1181/7597 1332/1252/7598 956/1249/7599
f 767/1076/7600 1332/1252/7601 961/1181/7602
f 1324/1324/7603 1328/1246/7604 1331/1075/7605
f 1330/1245/7606 1331/1075/7607 1328/1246/7608
f 1331/1075/7609 1332/1252/7610 767/1076/7611
f 956/1249/7612 1332/1252/7613 1330/1245/7614
f 1354/1314/7615 1341/824/7616 1359/1429/7617
f 1360/1427/7618 1359/1429/7619 1315/1440/7620
f 1057/1156/7621 1334/1401/7622 1223/1226/7623
f 1334/1401/7624 1333/1441/7625 1417/1426/7626
f 1225/1045/7627 1335/1044/7628 758/1163/7629
f 1297/975/7630 1335/1044/7631 1226/1043/7632
f 1409/1442/7633 1410/1416/7634 1242/1335/7635
f 1362/1435/7636 1303/1052/7637 1319/1434/7638
f 1269/1062/7639 1337/1264/7640 777/1007/7641
f 1304/1320/7642 1337/1264/7643 1305/1265/7644
f 1357/1339/7645 1338/1351/7646 720/1288/7647
f 1320/1350/7648 1307/1436/7649 1338/1351/7650
f 1307/1436/7651 1320/1350/7652 1339/1053/7653
f 1350/1051/7654 1339/1053/7655 1320/1350/7656
f 1398/1420/7657 759/982/7658 1394/1432/7659
f 1348/1057/7660 1340/1187/7661 1313/1443/7662
f 1255/823/7663 1257/1330/7664 1343/1056/7665
f 1359/1429/7666 1341/824/7667 1315/1440/7668
f 1401/1439/7669 1399/1438/7670 1405/1444/7671
f 1341/824/7672 1342/1055/7673 1315/1440/7674
f 1262/1054/7675 1343/1056/7676 1257/1330/7677
f 1341/824/7678 1343/1056/7679 1342/1055/7680
f 1342/1055/7681 1405/1444/7682 1403/1445/7683
f 1400/1446/7684 1419/1430/7685 1396/1447/7686
f 1346/1423/7687 1262/1054/7688 719/1191/7689
f 1347/1433/7690 1345/1059/7691 1316/1087/7692
f 1316/1087/7693 1345/1059/7694 1346/1423/7695
f 1262/1054/7696 1346/1423/7697 1345/1059/7698
f 1301/1089/7699 1347/1433/7700 1316/1087/7701
f 1348/1057/7702 1347/1433/7703 857/1331/7704
f 1348/1057/7705 857/1331/7706 1235/837/7707
f 1348/1057/7708 1313/1443/7709 1401/1439/7710
f 1061/1160/7711 1364/1337/7712 1365/1317/7713
f 1408/1412/7714 1413/1448/7715 1414/1414/7716
f 1303/1052/7717 1350/1051/7718 1319/1434/7719
f 1320/1350/7720 1318/1410/7721 1350/1051/7722
f 1072/1174/7723 1351/1325/7724 768/1176/7725
f 1327/1356/7726 1351/1325/7727 1071/1243/7728
f 1352/996/7729 1323/1267/7730 1115/1266/7731
f 1353/1180/7732 1352/996/7733 1117/1355/7734
f 1118/773/7735 1353/1180/7736 1117/1355/7737
f 1351/1325/7738 1353/1180/7739 768/1176/7740
f 1341/824/7741 1354/1314/7742 1260/825/7743
f 1334/1401/7744 1354/1314/7745 1333/1441/7746
f 1355/1162/7747 1298/1312/7748 1419/1430/7749
f 1363/1449/7750 1355/1162/7751 1336/1450/7752
f 1310/1342/7753 1356/1344/7754 1307/1436/7755
f 1107/1289/7756 1356/1344/7757 1311/1343/7758
f 1272/1334/7759 1358/1338/7760 720/1288/7761
f 1320/1350/7762 1357/1339/7763 1265/1409/7764
f 1358/1338/7765 1266/1425/7766 1321/820/7767
f 1265/1409/7768 1357/1339/7769 1358/1338/7770
f 1315/1440/7771 1404/1451/7772 1360/1427/7773
f 1354/1314/7774 1359/1429/7775 1333/1441/7776
f 1344/1452/7777 1361/1421/7778 1360/1427/7779
f 1360/1427/7780 1361/1421/7781 1416/1428/7782
f 1361/1421/7783 1344/1452/7784 1419/1430/7785
f 1416/1428/7786 1361/1421/7787 1056/1422/7788
f 1415/1316/7789 1319/1434/7790 1097/1263/7791
f 1408/1412/7792 1362/1435/7793 1349/1318/7794
f 1363/1449/7795 1364/1337/7796 1355/1162/7797
f 713/1453/7798 1410/1416/7799 1411/1454/7800
f 1355/1162/7801 1364/1337/7802 758/1163/7803
f 1365/1317/7804 1364/1337/7805 1363/1449/7806
f 1365/1317/7807 1363/1449/7808 1413/1448/7809
f 1365/1317/7810 835/1404/7811 1229/1228/7812
f 681/812/7813 1366/967/7814 690/870/7815
f 785/972/7816 1366/967/7817 730/1113/7818
f 988/1111/7819 1368/1270/7820 1367/976/7821
f 1369/1455/7822 1371/1271/7823 1372/1273/7824
f 1380/1272/7825 1368/1270/7826 988/1111/7827
f 1006/1274/7828 1007/1209/7829 1372/1273/7830
f 1020/1124/7831 1373/1283/7832 738/1125/7833
f 1376/1284/7834 1370/1195/7835 1375/1282/7836
f 1375/1282/7837 1370/1195/7838 1369/1455/7839
f 1021/1199/7840 1023/1194/7841 1370/1195/7842
f 1006/1274/7843 1372/1273/7844 1368/1270/7845
f 1371/1271/7846 1369/1455/7847 1374/1280/7848
f 1372/1273/7849 738/1125/7850 1373/1283/7851
f 1368/1270/7852 1372/1273/7853 1371/1271/7854
f 1017/1281/7855 1373/1283/7856 1020/1124/7857
f 1372/1273/7858 1373/1283/7859 1369/1455/7860
f 1374/1280/7861 799/958/7862 1367/976/7863
f 1369/1455/7864 1370/1195/7865 1374/1280/7866
f 1373/1283/7867 1375/1282/7868 1369/1455/7869
f 1375/1282/7870 1017/1281/7871 1376/1284/7872
f 1378/1279/7873 1017/1281/7874 1019/1278/7875
f 1377/1287/7876 1378/1279/7877 1379/1424/7878
f 1026/1095/7879 1377/1287/7880 1024/1286/7881
f 1378/1279/7882 1377/1287/7883 1376/1284/7884
f 1378/1279/7885 1376/1284/7886 1017/1281/7887
f 1379/1424/7888 1378/1279/7889 773/821/7890
f 1321/820/7891 1379/1424/7892 773/821/7893
f 1379/1424/7894 1266/1425/7895 1273/1285/7896
f 1381/1277/7897 680/1110/7898 1011/797/7899
f 1009/1276/7900 1382/1210/7901 1381/1277/7902
f 1382/1210/7903 1009/1276/7904 1013/1002/7905
f 680/1110/7906 1381/1277/7907 1380/1272/7908
f 1006/1274/7909 1380/1272/7910 1382/1210/7911
f 1381/1277/7912 1382/1210/7913 1380/1272/7914
f 959/1248/7915 1052/1309/7916 1383/1251/7917
f 1053/1184/7918 1383/1251/7919 1052/1309/7920
f 963/895/7921 1384/1241/7922 969/1242/7923
f 1069/1173/7924 1384/1241/7925 1078/894/7926
f 1387/1236/7927 814/1234/7928 1162/1260/7929
f 1251/1399/7930 1385/1235/7931 1250/1419/7932
f 1151/1216/7933 1386/1215/7934 1148/1366/7935
f 1387/1236/7936 1386/1215/7937 814/1234/7938
f 1176/1379/7939 1388/1259/7940 1162/1260/7941
f 1385/1235/7942 1387/1236/7943 1389/1456/7944
f 1210/1022/7945 1388/1259/7946 1165/1020/7947
f 1207/1383/7948 1253/1418/7949 1390/1384/7950
f 1385/1235/7951 1389/1456/7952 1250/1419/7953
f 1387/1236/7954 1388/1259/7955 1389/1456/7956
f 1250/1419/7957 1389/1456/7958 1390/1384/7959
f 1388/1259/7960 1390/1384/7961 1389/1456/7962
f 1168/653/7963 1391/1382/7964 1161/654/7965
f 1172/1380/7966 1391/1382/7967 1178/1381/7968
f 713/1453/7969 1395/1431/7970 1392/1405/7971
f 1233/1336/7972 1242/1335/7973 1392/1405/7974
f 1393/1457/7975 1395/1431/7976 1396/1447/7977
f 1399/1438/7978 1393/1457/7979 1402/1458/7980
f 1397/1406/7981 1299/984/7982 1233/1336/7983
f 1398/1420/7984 1394/1432/7985 1393/1457/7986
f 1396/1447/7987 1395/1431/7988 713/1453/7989
f 1394/1432/7990 1395/1431/7991 1393/1457/7992
f 1400/1446/7993 1396/1447/7994 713/1453/7995
f 1396/1447/7996 1404/1451/7997 1402/1458/7998
f 1395/1431/7999 1397/1406/8000 1392/1405/8001
f 1299/984/8002 1397/1406/8003 1394/1432/8004
f 1398/1420/8005 1393/1457/8006 1399/1438/8007
f 1340/1187/8008 1398/1420/8009 1313/1443/8010
f 1393/1457/8011 1396/1447/8012 1402/1458/8013
f 1342/1055/8014 1259/1058/8015 1405/1444/8016
f 1411/1454/8017 1400/1446/8018 713/1453/8019
f 1355/1162/8020 1419/1430/8021 1336/1450/8022
f 1348/1057/8023 1401/1439/8024 1259/1058/8025
f 1398/1420/8026 1401/1439/8027 1313/1443/8028
f 1344/1452/8029 1404/1451/8030 1396/1447/8031
f 1344/1452/8032 1360/1427/8033 1404/1451/8034
f 1342/1055/8035 1403/1445/8036 1315/1440/8037
f 1399/1438/8038 1402/1458/8039 1403/1445/8040
f 1315/1440/8041 1403/1445/8042 1404/1451/8043
f 1402/1458/8044 1404/1451/8045 1403/1445/8046
f 1401/1439/8047 1405/1444/8048 1259/1058/8049
f 1403/1445/8050 1405/1444/8051 1399/1438/8052
f 1407/1413/8053 1409/1442/8054 1241/1417/8055
f 1407/1413/8056 1241/1417/8057 1308/1437/8058
f 1412/1411/8059 1308/1437/8060 1303/1052/8061
f 1409/1442/8062 1407/1413/8063 1406/1415/8064
f 1413/1448/8065 1408/1412/8066 1349/1318/8067
f 1406/1415/8068 1407/1413/8069 1408/1412/8070
f 1410/1416/8071 1409/1442/8072 1406/1415/8073
f 1241/1417/8074 1409/1442/8075 1242/1335/8076
f 1411/1454/8077 1410/1416/8078 1406/1415/8079
f 1410/1416/8080 713/1453/8081 1392/1405/8082
f 1414/1414/8083 1411/1454/8084 1406/1415/8085
f 1411/1454/8086 1336/1450/8087 1400/1446/8088
f 1308/1437/8089 1412/1411/8090 1407/1413/8091
f 1362/1435/8092 1412/1411/8093 1303/1052/8094
f 1365/1317/8095 1413/1448/8096 1349/1318/8097
f 1414/1414/8098 1413/1448/8099 1363/1449/8100
f 1363/1449/8101 1336/1450/8102 1414/1414/8103
f 1411/1454/8104 1414/1414/8105 1336/1450/8106
f 1365/1317/8107 1415/1316/8108 835/1404/8109
f 1362/1435/8110 1415/1316/8111 1349/1318/8112
f 1297/975/8113 1418/1403/8114 1056/1422/8115
f 1359/1429/8116 1416/1428/8117 1333/1441/8118
f 1334/1401/8119 1417/1426/8120 1294/1153/8121
f 1333/1441/8122 1416/1428/8123 1417/1426/8124
f 1294/1153/8125 1418/1403/8126 1220/974/8127
f 1416/1428/8128 1418/1403/8129 1417/1426/8130
f 1396/1447/8131 1419/1430/8132 1344/1452/8133
f 1419/1430/8134 1400/1446/8135 1336/1450/8136
f 1275/1178/8137 1420/774/8138 734/1179/8139
f 849/775/8140 1420/774/8141 886/750/8142
f 1714/1459/8143 1538/1460/8144 1711/1461/8145
f 608/1462/8146 609/1463/8147 1478/1464/8148
f 1510/1465/8149 1588/1466/8150 1478/1464/8151
f 1494/1467/8152 1493/1468/8153 19/1469/8154
f 1591/1470/8155 1510/1465/8156 1589/1471/8157
f 2187/1472/8158 1684/1473/8159 1520/1474/8160
f 1777/1475/8161 1590/1476/8162 1428/1477/8163
f 1519/1478/8164 1603/1479/8165 1601/1480/8166
f 1908/1481/8167 1909/1482/8168 1685/1483/8169
f 1586/1484/8170 1510/1465/8171 1509/1485/8172
f 1600/1486/8173 1520/1474/8174 1684/1473/8175
f 1671/1487/8176 1668/1488/8177 1594/1489/8178
f 19/1469/8179 20/1490/8180 1494/1467/8181
f 1586/1484/8182 606/1491/8183 607/1492/8184
f 1587/1493/8185 605/1494/8186 606/1491/8187
f 20/1490/8188 1631/1495/8189 1543/1496/8190
f 592/1497/8191 593/1498/8192 1495/1499/8193
f 1587/1493/8194 1775/1500/8195 1903/1501/8196
f 1850/1502/8197 1548/1503/8198 1847/1504/8199
f 1673/1505/8200 1672/1506/8201 601/1507/8202
f 604/1508/8203 1665/1509/8204 603/1510/8205
f 1812/1511/8206 635/1512/8207 1810/1513/8208
f 1587/1493/8209 1903/1501/8210 605/1494/8211
f 1633/1514/8212 1726/1515/8213 1973/1516/8214
f 1430/1517/8215 1669/1518/8216 1429/1519/8217
f 1493/1468/8218 1494/1467/8219 1495/1499/8220
f 1600/1486/8221 1431/1520/8222 1432/1521/8223
f 1469/1522/8224 2013/1523/8225 1917/1524/8226
f 1671/1487/8227 1780/1525/8228 1512/1526/8229
f 1485/1527/8230 1520/1474/8231 1604/1528/8232
f 1484/1529/8233 1485/1527/8234 1483/1530/8235
f 1708/1531/8236 1629/1532/8237 1536/1533/8238
f 1435/1534/8239 1483/1530/8240 1434/1535/8241
f 1486/1536/8242 1473/1537/8243 1483/1530/8244
f 1952/1538/8245 1951/1539/8246 1947/1540/8247
f 1434/1535/8248 1483/1530/8249 1485/1527/8250
f 1604/1528/8251 1432/1521/8252 1433/1541/8253
f 1482/1542/8254 1485/1527/8255 1484/1529/8256
f 1482/1542/8257 1484/1529/8258 1602/1543/8259
f 1522/1544/8260 1606/1545/8261 1523/1546/8262
f 1675/1547/8263 1677/1548/8264 1785/1549/8265
f 1688/1550/8266 1470/1551/8267 1601/1480/8268
f 1606/1545/8269 1471/1552/8270 1603/1479/8271
f 1601/1480/8272 1471/1552/8273 1688/1550/8274
f 1479/1553/8275 1592/1554/8276 1593/1555/8277
f 1690/1556/8278 1470/1551/8279 1688/1550/8280
f 1598/1557/8281 1787/1558/8282 1679/1559/8283
f 1695/1560/8284 1465/1561/8285 1678/1562/8286
f 1686/1563/8287 1468/1564/8288 1785/1549/8289
f 1679/1559/8290 1791/1565/8291 1680/1566/8292
f 1469/1522/8293 1470/1551/8294 1690/1556/8295
f 1678/1562/8296 1466/1567/8297 1695/1560/8298
f 1608/1568/8299 1486/1536/8300 1523/1546/8301
f 1586/1484/8302 1587/1493/8303 606/1491/8304
f 1907/1569/8305 1904/1570/8306 1906/1571/8307
f 601/1507/8308 1672/1506/8309 600/1572/8310
f 1816/1573/8311 1809/1574/8312 1937/1575/8313
f 599/1576/8314 1682/1577/8315 598/1578/8316
f 598/1578/8317 1793/1579/8318 597/1580/8319
f 1845/1581/8320 630/1582/8321 631/1583/8322
f 316/1584/8323 1557/1585/8324 1554/1586/8325
f 1625/1587/8326 1532/1588/8327 1624/1589/8328
f 1648/1590/8329 1750/1591/8330 1880/1592/8331
f 594/1593/8332 1490/1594/8333 7/1595/8334
f 594/1593/8335 595/1596/8336 1624/1589/8337
f 1499/1597/8338 316/1584/8339 1554/1586/8340
f 1626/1598/8341 1625/1587/8342 1705/1599/8343
f 629/1600/8344 630/1582/8345 1498/1601/8346
f 1727/1602/8347 1835/1603/8348 1633/1514/8349
f 1490/1594/8350 28/1604/8351 7/1595/8352
f 2180/1605/8353 1425/1606/8354 1727/1602/8355
f 1532/1588/8356 1626/1598/8357 1535/1607/8358
f 26/1608/8359 1953/1609/8360 1707/1610/8361
f 1580/1611/8362 1581/1612/8363 1504/1613/8364
f 1484/1529/8365 1608/1568/8366 1472/1614/8367
f 1447/1615/8368 1448/1616/8369 1583/1617/8370
f 1494/1467/8371 1491/1618/8372 1495/1499/8373
f 1440/1619/8374 1692/1620/8375 1439/1621/8376
f 1724/1622/8377 21/1623/8378 22/1624/8379
f 1785/1549/8380 1469/1522/8381 1686/1563/8382
f 1956/1625/8383 1954/1626/8384 1628/1627/8385
f 19/1469/8386 1493/1468/8387 18/1628/8388
f 600/1572/8389 1782/1629/8390 599/1576/8391
f 1552/1630/8392 1560/1631/8393 1564/1632/8394
f 1670/1633/8395 1780/1525/8396 1594/1489/8397
f 23/1634/8398 24/1635/8399 1731/1636/8400
f 1542/1637/8401 1631/1495/8402 1632/1638/8403
f 1426/1639/8404 1427/1640/8405 1589/1471/8406
f 2056/1641/8407 2001/1642/8408 1637/1643/8409
f 1856/1644/8410 1857/1645/8411 1740/1646/8412
f 1827/1647/8413 1826/1648/8414 24/1635/8415
f 1493/1468/8416 593/1498/8417 18/1628/8418
f 1551/1649/8419 1860/1650/8420 1857/1645/8421
f 1598/1557/8422 1965/1651/8423 1969/1652/8424
f 1722/1653/8425 1831/1654/8426 1720/1655/8427
f 1450/1656/8428 1656/1657/8429 1579/1658/8430
f 1602/1543/8431 1484/1529/8432 1472/1614/8433
f 1495/1499/8434 593/1498/8435 1493/1468/8436
f 2097/1659/8437 2006/1660/8438 2007/1661/8439
f 590/1662/8440 1835/1603/8441 589/1663/8442
f 591/1664/8443 1726/1515/8444 1633/1514/8445
f 1805/1665/8446 1614/1666/8447 1693/1667/8448
f 1520/1474/8449 1485/1527/8450 1482/1542/8451
f 1424/1668/8452 1476/1669/8453 1423/1670/8454
f 1603/1479/8455 1472/1614/8456 1606/1545/8457
f 1726/1515/8458 592/1497/8459 1495/1499/8460
f 1675/1547/8461 1794/1671/8462 1467/1672/8463
f 591/1664/8464 1633/1514/8465 590/1662/8466
f 1506/1673/8467 1476/1669/8468 1505/1674/8469
f 1931/1675/8470 2016/1676/8471 1922/1677/8472
f 1535/1607/8473 1530/1678/8474 1531/1679/8475
f 28/1604/8476 1490/1594/8477 1531/1679/8478
f 2102/1680/8479 1789/1681/8480 2072/1682/8481
f 1651/1683/8482 1575/1684/8483 1650/1685/8484
f 1806/1686/8485 1695/1560/8486 1696/1687/8487
f 1737/1688/8488 1853/1689/8489 1641/1690/8490
f 1438/1691/8491 1802/1692/8492 1610/1693/8493
f 1680/1566/8494 1741/1694/8495 1463/1695/8496
f 2011/1696/8497 2063/1697/8498 2010/1698/8499
f 1694/1699/8500 1691/1700/8501 1614/1666/8502
f 1606/1545/8503 1607/1701/8504 1688/1550/8505
f 2122/1702/8506 2007/1661/8507 2093/1703/8508
f 1732/1704/8509 1843/1705/8510 1733/1706/8511
f 2059/1707/8512 1775/1500/8513 1667/1708/8514
f 603/1510/8515 1665/1509/8516 1666/1709/8517
f 1697/1710/8518 1699/1711/8519 1810/1513/8520
f 2122/1702/8521 2097/1659/8522 2007/1661/8523
f 639/1712/8524 1700/1713/8525 638/1714/8526
f 1861/1715/8527 1741/1694/8528 1740/1646/8529
f 1639/1716/8530 1847/1504/8531 1846/1717/8532
f 1630/1718/8533 1720/1655/8534 1723/1719/8535
f 1739/1720/8536 1461/1721/8537 1831/1654/8538
f 1442/1722/8539 1638/1723/8540 1441/1724/8541
f 1458/1725/8542 1457/1726/8543 1730/1727/8544
f 1444/1728/8545 629/1600/8546 1498/1601/8547
f 1668/1488/8548 1428/1477/8549 1429/1519/8550
f 1848/1729/8551 1732/1704/8552 1733/1706/8553
f 1555/1730/8554 1645/1731/8555 1558/1732/8556
f 1589/1471/8557 1510/1465/8558 1478/1464/8559
f 1498/1601/8560 1733/1706/8561 1844/1733/8562
f 1591/1470/8563 1592/1554/8564 1773/1734/8565
f 1559/1735/8566 1554/1586/8567 1553/1736/8568
f 1600/1486/8569 1670/1633/8570 1431/1520/8571
f 1523/1546/8572 1609/1737/8573 1611/1738/8574
f 1547/1739/8575 1638/1723/8576 1842/1740/8577
f 1509/1485/8578 1667/1708/8579 1587/1493/8580
f 607/1492/8581 608/1462/8582 1588/1466/8583
f 633/1741/8584 1639/1716/8585 632/1742/8586
f 1697/1710/8587 636/1743/8588 637/1744/8589
f 1593/1555/8590 2222/1745/8591 2062/1746/8592
f 1813/1747/8593 1701/1748/8594 1618/1749/8595
f 1507/1750/8596 1505/1674/8597 1656/1657/8598
f 1507/1750/8599 1449/1751/8600 1421/1752/8601
f 2110/1753/8602 2115/1754/8603 2106/1755/8604
f 1947/1540/8605 1950/1756/8606 1946/1757/8607
f 1612/1758/8608 1801/1759/8609 2021/1760/8610
f 1620/1761/8611 1622/1762/8612 1562/1763/8613
f 1476/1669/8614 1506/1673/8615 1423/1670/8616
f 644/1764/8617 1562/1763/8618 643/1765/8619
f 1507/1750/8620 1422/1766/8621 1506/1673/8622
f 1657/1767/8623 1476/1669/8624 1474/1768/8625
f 1813/1747/8626 1814/1769/8627 1701/1748/8628
f 1561/1770/8629 1499/1597/8630 1554/1586/8631
f 1581/1612/8632 1451/1771/8633 1578/1772/8634
f 295/1773/8635 316/1584/8636 1499/1597/8637
f 1973/1516/8638 1834/1774/8639 2032/1775/8640
f 1654/1776/8641 1746/1777/8642 1453/1778/8643
f 295/1773/8644 1499/1597/8645 644/1764/8646
f 1477/1779/8647 1583/1617/8648 1771/1780/8649
f 1856/1644/8650 1740/1646/8651 1643/1781/8652
f 1507/1750/8653 1506/1673/8654 1505/1674/8655
f 1701/1748/8656 1617/1782/8657 1700/1713/8658
f 1589/1471/8659 1478/1464/8660 1426/1639/8661
f 1995/1783/8662 1891/1784/8663 1576/1785/8664
f 1728/1786/8665 1750/1591/8666 1456/1787/8667
f 1879/1788/8668 1458/1725/8669 1854/1789/8670
f 1750/1591/8671 1648/1590/8672 1749/1790/8673
f 1766/1791/8674 1654/1776/8675 1765/1792/8676
f 1655/1793/8677 1878/1794/8678 1452/1795/8679
f 1872/1796/8680 2117/1797/8681 2148/1798/8682
f 1578/1772/8683 1452/1795/8684 1581/1612/8685
f 2178/1799/8686 1447/1615/8687 1477/1779/8688
f 1746/1777/8689 1454/1800/8690 1747/1801/8691
f 1578/1772/8692 1577/1802/8693 1655/1793/8694
f 1749/1790/8695 1455/1803/8696 1729/1804/8697
f 1453/1778/8698 1655/1793/8699 1654/1776/8700
f 1507/1750/8701 1656/1657/8702 1449/1751/8703
f 1580/1611/8704 1450/1656/8705 1579/1658/8706
f 1421/1752/8707 1422/1766/8708 1507/1750/8709
f 1449/1751/8710 1584/1805/8711 1421/1752/8712
f 1582/1806/8713 1449/1751/8714 1450/1656/8715
f 1422/1766/8716 1423/1670/8717 1506/1673/8718
f 1433/1541/8719 1434/1535/8720 1485/1527/8721
f 1583/1617/8722 1584/1805/8723 1582/1806/8724
f 1517/1807/8725 1906/1571/8726 1904/1570/8727
f 1748/1808/8728 1453/1778/8729 1746/1777/8730
f 1582/1806/8731 1450/1656/8732 1580/1611/8733
f 1936/1809/8734 1616/1810/8735 1697/1710/8736
f 1447/1615/8737 2178/1799/8738 1446/1811/8739
f 1676/1812/8740 1913/1813/8741 1596/1814/8742
f 1854/1789/8743 1736/1815/8744 1738/1816/8745
f 1579/1658/8746 1578/1772/8747 1451/1771/8748
f 609/1463/8749 1426/1639/8750 1478/1464/8751
f 1653/1817/8752 310/1818/8753 309/1819/8754
f 1651/1683/8755 1751/1820/8756 1753/1821/8757
f 1892/1822/8758 1759/1823/8759 1996/1824/8760
f 1491/1618/8761 1494/1467/8762 1543/1496/8763
f 1736/1815/8764 1459/1825/8765 1723/1719/8766
f 602/1826/8767 1666/1709/8768 1673/1505/8769
f 1658/1827/8770 1579/1658/8771 1657/1767/8772
f 1483/1530/8773 1435/1534/8774 1486/1536/8775
f 1866/1828/8776 1549/1829/8777 1743/1830/8778
f 2051/1831/8779 1663/1832/8780 1877/1833/8781
f 1751/1820/8782 1758/1834/8783 1753/1821/8784
f 1436/1835/8785 1437/1836/8786 1609/1737/8787
f 647/1837/8788 1650/1685/8789 646/1838/8790
f 1484/1529/8791 1483/1530/8792 1473/1537/8793
f 1751/1820/8794 649/1839/8795 1445/1840/8796
f 1942/1841/8797 1489/1842/8798 1627/1843/8799
f 1757/1844/8800 1651/1683/8801 1753/1821/8802
f 1652/1845/8803 645/1846/8804 646/1838/8805
f 1435/1534/8806 1436/1835/8807 1486/1536/8808
f 2180/1605/8809 1476/1669/8810 1424/1668/8811
f 645/1846/8812 1502/1847/8813 306/1848/8814
f 1720/1655/8815 1852/1849/8816 1460/1850/8817
f 307/1851/8818 306/1848/8819 1502/1847/8820
f 1998/1852/8821 1502/1847/8822 645/1846/8823
f 1652/1845/8824 646/1838/8825 1650/1685/8826
f 27/1853/8827 1534/1854/8828 1533/1855/8829
f 1744/1856/8830 313/1857/8831 312/1858/8832
f 2147/1859/8833 1864/1860/8834 1572/1861/8835
f 1631/1495/8836 20/1490/8837 21/1623/8838
f 1998/1852/8839 645/1846/8840 1652/1845/8841
f 1730/1727/8842 1457/1726/8843 1728/1786/8844
f 1679/1559/8845 1787/1558/8846 1788/1862/8847
f 1746/1777/8848 1654/1776/8849 1454/1800/8850
f 1487/1863/8851 1924/1864/8852 1923/1865/8853
f 1931/1675/8854 1922/1677/8855 1526/1866/8856
f 1608/1568/8857 1484/1529/8858 1473/1537/8859
f 1522/1544/8860 1689/1867/8861 1607/1701/8862
f 1609/1737/8863 1486/1536/8864 1436/1835/8865
f 1609/1737/8866 1523/1546/8867 1486/1536/8868
f 1691/1700/8869 1438/1691/8870 1439/1621/8871
f 1611/1738/8872 1612/1758/8873 1797/1868/8874
f 1638/1723/8875 1693/1667/8876 1441/1724/8877
f 1925/1869/8878 1799/1870/8879 1689/1867/8880
f 1794/1671/8881 1675/1547/8882 1468/1564/8883
f 1860/1650/8884 2201/1871/8885 1858/1872/8886
f 2107/1873/8887 1795/1874/8888 1921/1875/8889
f 2188/1876/8890 1548/1503/8891 1930/1877/8892
f 1702/1878/8893 640/1879/8894 641/1880/8895
f 2201/1871/8896 2244/1881/8897 2199/1882/8898
f 596/1883/8899 597/1580/8900 1704/1884/8901
f 27/1853/8902 28/1604/8903 1534/1854/8904
f 1536/1533/8905 1530/1678/8906 1535/1607/8907
f 25/1885/8908 26/1608/8909 1707/1610/8910
f 1531/1679/8911 1490/1594/8912 1537/1886/8913
f 1531/1679/8914 1530/1678/8915 1533/1855/8916
f 1490/1594/8917 1624/1589/8918 1537/1886/8919
f 1625/1587/8920 595/1596/8921 596/1883/8922
f 1533/1855/8923 1530/1678/8924 1540/1887/8925
f 27/1853/8926 1533/1855/8927 1824/1888/8928
f 28/1604/8929 1531/1679/8930 1534/1854/8931
f 1533/1855/8932 1534/1854/8933 1531/1679/8934
f 1537/1886/8935 1535/1607/8936 1531/1679/8937
f 1532/1588/8938 1625/1587/8939 1626/1598/8940
f 1627/1843/8941 1536/1533/8942 1529/1889/8943
f 1709/1890/8944 1539/1891/8945 1629/1532/8946
f 1624/1589/8947 1490/1594/8948 594/1593/8949
f 1535/1607/8950 1537/1886/8951 1532/1588/8952
f 1629/1532/8953 1539/1891/8954 1540/1887/8955
f 2184/1892/8956 1715/1893/8957 1717/1894/8958
f 1629/1532/8959 1530/1678/8960 1536/1533/8961
f 2027/1895/8962 1954/1626/8963 1823/1896/8964
f 1629/1532/8965 1540/1887/8966 1530/1678/8967
f 1823/1896/8968 1540/1887/8969 1539/1891/8970
f 1721/1897/8971 1459/1825/8972 1829/1898/8973
f 1541/1899/8974 2190/1900/8975 2170/1901/8976
f 2055/1902/8977 1724/1622/8978 22/1624/8979
f 1893/1903/8980 1542/1637/8981 1632/1638/8982
f 20/1490/8983 1543/1496/8984 1494/1467/8985
f 1974/1904/8986 1543/1496/8987 1542/1637/8988
f 1974/1904/8989 1542/1637/8990 1893/1903/8991
f 1425/1606/8992 589/1663/8993 1835/1603/8994
f 1729/1804/8995 1634/1905/8996 1728/1786/8997
f 1713/1906/8998 1716/1907/8999 1714/1459/9000
f 2227/1908/9001 2090/1909/9002 2092/1910/9003
f 2039/1911/9004 1474/1768/9005 2040/1912/9006
f 1638/1723/9007 1843/1705/9008 1842/1740/9009
f 1694/1699/9010 1805/1665/9011 1525/1913/9012
f 1735/1914/9013 1940/1915/9014 2229/1916/9015
f 1926/1917/9016 1927/1918/9017 1928/1919/9018
f 1866/1828/9019 1862/1920/9020 1742/1921/9021
f 1649/1922/9022 2044/1923/9023 1882/1924/9024
f 1570/1925/9025 2221/1926/9026 1569/1927/9027
f 1882/1924/9028 1883/1928/9029 1649/1922/9030
f 1741/1694/9031 1680/1566/9032 1464/1929/9033
f 1551/1649/9034 1856/1644/9035 1933/1930/9036
f 1559/1735/9037 1561/1770/9038 1554/1586/9039
f 2199/1882/9040 2200/1931/9041 2208/1932/9042
f 1555/1730/9043 1553/1736/9044 1554/1586/9045
f 2205/1933/9046 2219/1934/9047 1497/1935/9048
f 1557/1585/9049 316/1584/9050 315/1936/9051
f 1556/1937/9052 1559/1735/9053 1560/1631/9054
f 314/1938/9055 1862/1920/9056 1645/1731/9057
f 315/1936/9058 1645/1731/9059 1555/1730/9060
f 1618/1749/9061 2214/1939/9062 2204/1940/9063
f 644/1764/9064 1561/1770/9065 1562/1763/9066
f 315/1936/9067 1555/1730/9068 1557/1585/9069
f 1554/1586/9070 1557/1585/9071 1555/1730/9072
f 1568/1941/9073 1569/1927/9074 1566/1942/9075
f 1553/1736/9076 1555/1730/9077 1558/1732/9078
f 1560/1631/9079 1559/1735/9080 1553/1736/9081
f 1559/1735/9082 1556/1937/9083 1561/1770/9084
f 1553/1736/9085 1558/1732/9086 1565/1943/9087
f 1560/1631/9088 1552/1630/9089 1621/1944/9090
f 1561/1770/9091 1556/1937/9092 1562/1763/9093
f 644/1764/9094 1499/1597/9095 1561/1770/9096
f 1620/1761/9097 1562/1763/9098 1556/1937/9099
f 643/1765/9100 1562/1763/9101 1622/1762/9102
f 1558/1732/9103 1743/1830/9104 1566/1942/9105
f 1565/1943/9106 1558/1732/9107 1566/1942/9108
f 1560/1631/9109 1553/1736/9110 1565/1943/9111
f 1497/1935/9112 2219/1934/9113 2221/1926/9114
f 1563/1945/9115 1564/1632/9116 1565/1943/9117
f 1565/1943/9118 1564/1632/9119 1560/1631/9120
f 1566/1942/9121 1549/1829/9122 1568/1941/9123
f 1565/1943/9124 1566/1942/9125 1569/1927/9126
f 2154/1946/9127 2155/1947/9128 2163/1948/9129
f 2047/1949/9130 1497/1935/9131 2048/1950/9132
f 1549/1829/9133 2163/1948/9134 2155/1947/9135
f 1569/1927/9136 1568/1941/9137 1567/1951/9138
f 1570/1925/9139 1569/1927/9140 1567/1951/9141
f 1569/1927/9142 1563/1945/9143 1565/1943/9144
f 2159/1952/9145 2048/1950/9146 1570/1925/9147
f 2219/1934/9148 2220/1953/9149 2221/1926/9150
f 2157/1954/9151 2156/1955/9152 1979/1956/9153
f 1853/1689/9154 1978/1957/9155 2046/1958/9156
f 1744/1856/9157 1745/1959/9158 1646/1960/9159
f 1983/1961/9160 310/1818/9161 1653/1817/9162
f 1868/1962/9163 1646/1960/9164 1745/1959/9165
f 1770/1963/9166 1504/1613/9167 1581/1612/9168
f 2144/1964/9169 2053/1965/9170 2083/1966/9171
f 1875/1967/9172 2185/1968/9173 2186/1969/9174
f 647/1837/9175 1651/1683/9176 1650/1685/9177
f 1652/1845/9178 1650/1685/9179 1890/1970/9180
f 1501/1971/9181 1887/1972/9182 1888/1973/9183
f 1868/1962/9184 1572/1861/9185 1646/1960/9186
f 1761/1974/9187 1662/1975/9188 1763/1976/9189
f 1729/1804/9190 1837/1977/9191 1634/1905/9192
f 1579/1658/9193 1451/1771/9194 1580/1611/9195
f 1578/1772/9196 1503/1978/9197 1761/1974/9198
f 1579/1658/9199 1656/1657/9200 1657/1767/9201
f 1503/1978/9202 1578/1772/9203 1579/1658/9204
f 1581/1612/9205 1580/1611/9206 1451/1771/9207
f 1582/1806/9208 1580/1611/9209 1504/1613/9210
f 1878/1794/9211 1453/1778/9212 1748/1808/9213
f 1663/1832/9214 1886/1979/9215 1769/1980/9216
f 1664/1981/9217 1582/1806/9218 1504/1613/9219
f 1477/1779/9220 1447/1615/9221 1583/1617/9222
f 1584/1805/9223 1583/1617/9224 1448/1616/9225
f 1582/1806/9226 1664/1981/9227 1771/1780/9228
f 1421/1752/9229 1584/1805/9230 1448/1616/9231
f 1582/1806/9232 1584/1805/9233 1449/1751/9234
f 1666/1709/9235 1898/1982/9236 1673/1505/9237
f 603/1510/9238 1666/1709/9239 602/1826/9240
f 1586/1484/9241 607/1492/9242 1588/1466/9243
f 1587/1493/9244 1586/1484/9245 1509/1485/9246
f 1667/1708/9247 1509/1485/9248 1773/1734/9249
f 1903/1501/9250 604/1508/9251 605/1494/9252
f 1478/1464/9253 1588/1466/9254 608/1462/9255
f 1586/1484/9256 1588/1466/9257 1510/1465/9258
f 1427/1640/9259 1590/1476/9260 1589/1471/9261
f 1589/1471/9262 1590/1476/9263 1591/1470/9264
f 1428/1477/9265 1590/1476/9266 1427/1640/9267
f 1591/1470/9268 1590/1476/9269 1511/1983/9270
f 1592/1554/9271 1591/1470/9272 1511/1983/9273
f 1509/1485/9274 1510/1465/9275 1591/1470/9276
f 1592/1554/9277 1511/1983/9278 1776/1984/9279
f 1592/1554/9280 1479/1553/9281 1773/1734/9282
f 1777/1475/9283 1668/1488/9284 1776/1984/9285
f 2222/1745/9286 2008/1985/9287 2100/1986/9288
f 1430/1517/9289 1431/1520/9290 1670/1633/9291
f 1594/1489/9292 1780/1525/9293 1671/1487/9294
f 1781/1987/9295 1912/1988/9296 1911/1989/9297
f 1599/1990/9298 1674/1991/9299 1911/1989/9300
f 1913/1813/9301 1597/1992/9302 1783/1993/9303
f 2010/1698/9304 1786/1994/9305 2013/1523/9306
f 1914/1995/9307 1913/1813/9308 1783/1993/9309
f 1676/1812/9310 1596/1814/9311 1675/1547/9312
f 1463/1695/9313 1792/1996/9314 1680/1566/9315
f 1680/1566/9316 1681/1997/9317 1598/1557/9318
f 1672/1506/9319 1674/1991/9320 1782/1629/9321
f 1529/1889/9322 1819/1998/9323 1627/1843/9324
f 1600/1486/9325 1432/1521/9326 1604/1528/9327
f 1594/1489/9328 1669/1518/9329 1670/1633/9330
f 2013/1523/9331 1786/1994/9332 1917/1524/9333
f 1685/1483/9334 1601/1480/9335 1518/1999/9336
f 1603/1479/9337 1602/1543/9338 1472/1614/9339
f 1482/1542/9340 1602/1543/9341 1519/1478/9342
f 1601/1480/9343 1603/1479/9344 1471/1552/9345
f 1602/1543/9346 1603/1479/9347 1519/1478/9348
f 1485/1527/9349 1604/1528/9350 1433/1541/9351
f 1600/1486/9352 1604/1528/9353 1520/1474/9354
f 2014/2000/9355 1919/2001/9356 1918/2002/9357
f 1687/2003/9358 1794/1671/9359 1686/1563/9360
f 1606/1545/9361 1472/1614/9362 1608/1568/9363
f 1607/1701/9364 1606/1545/9365 1522/1544/9366
f 1689/1867/9367 1522/1544/9368 1797/1868/9369
f 1799/1870/9370 1800/2004/9371 1690/1556/9372
f 1486/1536/9373 1608/1568/9374 1473/1537/9375
f 1606/1545/9376 1608/1568/9377 1523/1546/9378
f 1437/1836/9379 1610/1693/9380 1609/1737/9381
f 1609/1737/9382 1610/1693/9383 1611/1738/9384
f 1438/1691/9385 1610/1693/9386 1437/1836/9387
f 1611/1738/9388 1610/1693/9389 1524/2005/9390
f 1612/1758/9391 1611/1738/9392 1524/2005/9393
f 1522/1544/9394 1523/1546/9395 1611/1738/9396
f 1612/1758/9397 1524/2005/9398 1801/1759/9399
f 1612/1758/9400 1487/1863/9401 1797/1868/9402
f 1802/1692/9403 1691/1700/9404 1801/1759/9405
f 1924/1864/9406 1798/2006/9407 1923/1865/9408
f 1440/1619/9409 1441/1724/9410 1693/1667/9411
f 1614/1666/9412 1805/1665/9413 1694/1699/9414
f 1467/1672/9415 1794/1671/9416 1796/2007/9417
f 2193/2008/9418 2024/2009/9419 1932/2010/9420
f 1808/2011/9421 637/1744/9422 638/1714/9423
f 1699/1711/9424 1697/1710/9425 1938/2012/9426
f 1814/1769/9427 1528/2013/9428 1817/2014/9429
f 1936/1809/9430 1697/1710/9431 1698/2015/9432
f 642/2016/9433 1622/1762/9434 1703/2017/9435
f 2218/2018/9436 2213/2019/9437 2204/1940/9438
f 1620/1761/9439 1621/1944/9440 1619/2020/9441
f 1703/2017/9442 2217/2021/9443 1702/1878/9444
f 1621/1944/9445 1620/1761/9446 1556/1937/9447
f 1622/1762/9448 1620/1761/9449 1619/2020/9450
f 1560/1631/9451 1621/1944/9452 1556/1937/9453
f 1621/1944/9454 1552/1630/9455 2215/2022/9456
f 1622/1762/9457 1619/2020/9458 1703/2017/9459
f 1622/1762/9460 642/2016/9461 643/1765/9462
f 1793/1579/9463 1682/1577/9464 1683/2023/9465
f 1706/2024/9466 1623/2025/9467 1820/2026/9468
f 1625/1587/9469 1624/1589/9470 595/1596/9471
f 1537/1886/9472 1624/1589/9473 1532/1588/9474
f 1704/1884/9475 1625/1587/9476 596/1883/9477
f 1705/1599/9478 1625/1587/9479 1623/2025/9480
f 1529/1889/9481 1536/1533/9482 1626/1598/9483
f 1535/1607/9484 1626/1598/9485 1536/1533/9486
f 1705/1599/9487 1706/2024/9488 1819/1998/9489
f 1819/1998/9490 1706/2024/9491 1943/2027/9492
f 2028/2028/9493 1714/1459/9494 1716/1907/9495
f 1718/2029/9496 2057/2030/9497 2029/2031/9498
f 1708/1531/9499 1536/1533/9500 1627/1843/9501
f 1709/1890/9502 1538/1460/9503 2027/1895/9504
f 1460/1850/9505 1723/1719/9506 1720/1655/9507
f 1722/1653/9508 1972/2032/9509 1960/2033/9510
f 1631/1495/9511 21/1623/9512 1724/1622/9513
f 1543/1496/9514 1631/1495/9515 1542/1637/9516
f 1832/2034/9517 22/1624/9518 23/1634/9519
f 1662/1975/9520 1764/2035/9521 1763/1976/9522
f 591/1664/9523 592/1497/9524 1726/1515/9525
f 1633/1514/9526 1544/2036/9527 1727/1602/9528
f 1729/1804/9529 1456/1787/9530 1749/1790/9531
f 1839/2037/9532 1730/1727/9533 1634/1905/9534
f 1661/2038/9535 1503/1978/9536 1658/1827/9537
f 1635/2039/9538 2226/2040/9539 1838/2041/9540
f 1840/2042/9541 2183/2043/9542 1841/2044/9543
f 1636/2045/9544 1959/2046/9545 1958/2047/9546
f 1956/1625/9547 1827/1647/9548 1707/1610/9549
f 1894/2048/9550 2004/2049/9551 2036/2050/9552
f 1843/1705/9553 1442/1722/9554 1443/2051/9555
f 1614/1666/9556 1692/1620/9557 1693/1667/9558
f 1851/2052/9559 633/1741/9560 634/2053/9561
f 1850/1502/9562 1847/1504/9563 1639/1716/9564
f 1810/1513/9565 635/1512/9566 636/1743/9567
f 2229/1916/9568 2228/2054/9569 1930/1877/9570
f 1852/1849/9571 1720/1655/9572 1461/1721/9573
f 1855/2055/9574 1738/1816/9575 1641/1690/9576
f 2046/1958/9577 1978/1957/9578 1859/2056/9579
f 1737/1688/9580 1641/1690/9581 1736/1815/9582
f 1806/1686/9583 1464/1929/9584 1791/1565/9585
f 1696/1687/9586 1615/2057/9587 1807/2058/9588
f 314/1938/9589 313/1857/9590 1863/2059/9591
f 1566/1942/9592 1743/1830/9593 1549/1829/9594
f 314/1938/9595 1645/1731/9596 315/1936/9597
f 1558/1732/9598 1645/1731/9599 1644/2060/9600
f 1873/2061/9601 312/1858/9602 311/2062/9603
f 1864/1860/9604 1742/1921/9605 1646/1960/9606
f 1749/1790/9607 1747/1801/9608 1455/1803/9609
f 1985/2063/9610 1748/1808/9611 1647/2064/9612
f 1750/1591/9613 1728/1786/9614 1457/1726/9615
f 1648/1590/9616 1874/2065/9617 1747/1801/9618
f 1854/1789/9619 1458/1725/9620 1829/1898/9621
f 2041/2066/9622 1855/2055/9623 1550/2067/9624
f 1651/1683/9625 647/1837/9626 648/2068/9627
f 1575/1684/9628 1890/1970/9629 1650/1685/9630
f 648/2068/9631 1751/1820/9632 1651/1683/9633
f 1758/1834/9634 1751/1820/9635 1445/1840/9636
f 1889/2069/9637 1759/1823/9638 1890/1970/9639
f 1998/1852/9640 1890/1970/9641 1892/1822/9642
f 1892/1822/9643 1996/1824/9644 308/2070/9645
f 1993/2071/9646 1994/2072/9647 1984/2073/9648
f 1577/1802/9649 1761/1974/9650 1763/1976/9651
f 1765/1792/9652 1635/2039/9653 1766/1791/9654
f 1578/1772/9655 1655/1793/9656 1452/1795/9657
f 1654/1776/9658 1655/1793/9659 1577/1802/9660
f 1656/1657/9661 1450/1656/9662 1449/1751/9663
f 1657/1767/9664 1656/1657/9665 1505/1674/9666
f 1476/1669/9667 1657/1767/9668 1505/1674/9669
f 1658/1827/9670 1657/1767/9671 1474/1768/9672
f 2038/2074/9673 1976/2075/9674 2037/2076/9675
f 1579/1658/9676 1658/1827/9677 1503/1978/9678
f 1976/2075/9679 2038/2074/9680 1836/2077/9681
f 1894/2048/9682 1760/2078/9683 1893/1903/9684
f 1895/2079/9685 1662/1975/9686 1660/2080/9687
f 1662/1975/9688 1761/1974/9689 1661/2038/9690
f 2039/1911/9691 1658/1827/9692 1474/1768/9693
f 1661/2038/9694 1660/2080/9695 1662/1975/9696
f 1762/2081/9697 1895/2079/9698 1896/2082/9699
f 1577/1802/9700 1763/1976/9701 1654/1776/9702
f 1878/1794/9703 1877/1833/9704 1581/1612/9705
f 1885/2083/9706 1754/2084/9707 1756/2085/9708
f 1769/1980/9709 1664/1981/9710 1504/1613/9711
f 1771/1780/9712 1475/2086/9713 1477/1779/9714
f 1903/1501/9715 1665/1509/9716 604/1508/9717
f 1666/1709/9718 1665/1509/9719 1585/2087/9720
f 1901/2088/9721 1666/1709/9722 1585/2087/9723
f 1900/2089/9724 1673/1505/9725 1898/1982/9726
f 1667/1708/9727 1773/1734/9728 1902/2090/9729
f 1667/1708/9730 1902/2090/9731 2059/1707/9732
f 1668/1488/9733 1429/1519/9734 1669/1518/9735
f 1668/1488/9736 1671/1487/9737 1776/1984/9738
f 1670/1633/9739 1669/1518/9740 1430/1517/9741
f 1668/1488/9742 1669/1518/9743 1594/1489/9744
f 1684/1473/9745 1778/2091/9746 1600/1486/9747
f 1779/2092/9748 1780/1525/9749 1778/2091/9750
f 2222/1745/9751 1671/1487/9752 1512/1526/9753
f 1671/1487/9754 1593/1555/9755 1776/1984/9756
f 601/1507/9757 602/1826/9758 1673/1505/9759
f 1674/1991/9760 1672/1506/9761 1595/2093/9762
f 1901/2088/9763 1898/1982/9764 1666/1709/9765
f 1595/2093/9766 1672/1506/9767 1673/1505/9768
f 1595/2093/9769 1781/1987/9770 1911/1989/9771
f 1674/1991/9772 1599/1990/9773 1682/1577/9774
f 1784/2094/9775 1796/2007/9776 1466/1567/9777
f 1675/1547/9778 1596/1814/9779 1677/1548/9780
f 1784/2094/9781 1675/1547/9782 1467/1672/9783
f 1676/1812/9784 1784/2094/9785 1678/1562/9786
f 1596/1814/9787 1914/1995/9788 1916/2095/9789
f 1786/1994/9790 2063/1697/9791 1601/1480/9792
f 1791/1565/9793 1465/1561/9794 1806/1686/9795
f 1676/1812/9796 1678/1562/9797 1597/1992/9798
f 1791/1565/9799 1678/1562/9800 1465/1561/9801
f 1597/1992/9802 1678/1562/9803 1679/1559/9804
f 1792/1996/9805 1861/1715/9806 1462/2096/9807
f 1679/1559/9808 1680/1566/9809 1598/1557/9810
f 1831/1654/9811 1462/2096/9812 1739/1720/9813
f 1630/1718/9814 1972/2032/9815 1722/1653/9816
f 1682/1577/9817 599/1576/9818 1782/1629/9819
f 1683/2023/9820 1682/1577/9821 1599/1990/9822
f 1941/2097/9823 1821/2098/9824 1820/2026/9825
f 1683/2023/9826 1623/2025/9827 1704/1884/9828
f 2187/1472/9829 1520/1474/9830 1482/1542/9831
f 1778/2091/9832 1684/1473/9833 1517/1807/9834
f 1518/1999/9835 1908/1481/9836 1685/1483/9837
f 1519/1478/9838 1601/1480/9839 1685/1483/9840
f 1690/1556/9841 1686/1563/9842 1469/1522/9843
f 1686/1563/9844 1605/2099/9845 2014/2000/9846
f 1686/1563/9847 2014/2000/9848 1687/2003/9849
f 1796/2007/9850 1784/2094/9851 1467/1672/9852
f 1606/1545/9853 1688/1550/9854 1471/1552/9855
f 1690/1556/9856 1688/1550/9857 1607/1701/9858
f 1923/1865/9859 1689/1867/9860 1487/1863/9861
f 1689/1867/9862 1923/1865/9863 1925/1869/9864
f 1690/1556/9865 1607/1701/9866 1799/1870/9867
f 1686/1563/9868 1690/1556/9869 1605/2099/9870
f 1691/1700/9871 1439/1621/9872 1692/1620/9873
f 1801/1759/9874 1691/1700/9875 1613/2100/9876
f 1693/1667/9877 1692/1620/9878 1440/1619/9879
f 1691/1700/9880 1692/1620/9881 1614/1666/9882
f 1638/1723/9883 1547/1739/9884 1803/2101/9885
f 1804/2102/9886 1805/1665/9887 1803/2101/9888
f 2022/2103/9889 1694/1699/9890 1525/1913/9891
f 1691/1700/9892 1694/1699/9893 1613/2100/9894
f 1796/2007/9895 1695/1560/9896 1466/1567/9897
f 1696/1687/9898 1695/1560/9899 1615/2057/9900
f 1807/2058/9901 1615/2057/9902 1931/1675/9903
f 1696/1687/9904 1934/2104/9905 1741/1694/9906
f 1697/1710/9907 637/1744/9908 1808/2011/9909
f 1697/1710/9910 1616/1810/9911 1938/2012/9912
f 1698/2015/9913 1808/2011/9914 1700/1713/9915
f 1935/2105/9916 1809/1574/9917 1527/2106/9918
f 1935/2105/9919 1811/2107/9920 1938/2012/9921
f 1940/1915/9922 1812/1511/9923 1939/2108/9924
f 1818/2109/9925 639/1712/9926 640/1879/9927
f 1700/1713/9928 1617/1782/9929 1937/1575/9930
f 1818/2109/9931 1700/1713/9932 639/1712/9933
f 1701/1748/9934 1818/2109/9935 1702/1878/9936
f 642/2016/9937 1703/2017/9938 641/1880/9939
f 1701/1748/9940 1702/1878/9941 1618/1749/9942
f 1619/2020/9943 2214/1939/9944 2217/2021/9945
f 641/1880/9946 1703/2017/9947 1702/1878/9948
f 1704/1884/9949 597/1580/9950 1793/1579/9951
f 1625/1587/9952 1704/1884/9953 1623/2025/9954
f 1706/2024/9955 1705/1599/9956 1623/2025/9957
f 1626/1598/9958 1705/1599/9959 1529/1889/9960
f 1820/2026/9961 1623/2025/9962 1683/2023/9963
f 1706/2024/9964 1945/2110/9965 1943/2027/9966
f 1824/1888/9967 26/1608/9968 27/1853/9969
f 1707/1610/9970 1954/1626/9971 1956/1625/9972
f 1627/1843/9973 1489/1842/9974 1708/1531/9975
f 1708/1531/9976 1489/1842/9977 1712/2111/9978
f 1712/2111/9979 1629/1532/9980 1708/1531/9981
f 1710/2112/9982 1712/2111/9983 1957/2113/9984
f 1538/1460/9985 1709/1890/9986 1711/1461/9987
f 1711/1461/9988 1712/2111/9989 1710/2112/9990
f 1712/2111/9991 1711/1461/9992 1709/1890/9993
f 1715/1893/9994 1714/1459/9995 1711/1461/9996
f 1712/2111/9997 1709/1890/9998 1629/1532/9999
f 1712/2111/10000 1489/1842/10001 1957/2113/10002
f 1710/2112/10003 1717/1894/10004 1715/1893/10005
f 2184/1892/10006 2182/2114/10007 2181/2115/10008
f 1715/1893/10009 1711/1461/10010 1710/2112/10011
f 1713/1906/10012 2120/2116/10013 1716/1907/10014
f 1710/2112/10015 2170/1901/10016 1717/1894/10017
f 1713/1906/10018 1714/1459/10019 1715/1893/10020
f 1719/2117/10021 1716/1907/10022 1492/2118/10023
f 1718/2029/10024 2029/2031/10025 1719/2117/10026
f 2179/2119/10027 1959/2046/10028 2190/1900/10029
f 2183/2043/10030 2181/2115/10031 2182/2114/10032
f 2058/2120/10033 2087/2121/10034 2085/2122/10035
f 2002/2123/10036 1546/2124/10037 2001/1642/10038
f 1719/2117/10039 1492/2118/10040 2088/2125/10041
f 2028/2028/10042 1716/1907/10043 2029/2031/10044
f 1723/1719/10045 1459/1825/10046 1721/1897/10047
f 1722/1653/10048 1720/1655/10049 1630/1718/10050
f 1829/1898/10051 1459/1825/10052 1854/1789/10053
f 1958/2047/10054 1959/2046/10055 2191/2126/10056
f 1972/2032/10057 2179/2119/10058 1830/2127/10059
f 1792/1996/10060 1831/1654/10061 1681/1997/10062
f 1723/1719/10063 1460/1850/10064 1736/1815/10065
f 1723/1719/10066 1721/1897/10067 2191/2126/10068
f 22/1624/10069 1832/2034/10070 2055/1902/10071
f 1631/1495/10072 1724/1622/10073 1632/1638/10074
f 1725/2128/10075 1832/2034/10076 1731/1636/10077
f 2000/2129/10078 1894/2048/10079 1999/2130/10080
f 1495/1499/10081 1833/2131/10082 1726/1515/10083
f 1834/1774/10084 1973/1516/10085 1833/2131/10086
f 1975/2132/10087 1727/1602/10088 1544/2036/10089
f 1836/2077/10090 1476/1669/10091 2180/1605/10092
f 1729/1804/10093 1728/1786/10094 1456/1787/10095
f 1730/1727/10096 1728/1786/10097 1634/1905/10098
f 1766/1791/10099 1897/2133/10100 1654/1776/10101
f 1634/1905/10102 1837/1977/10103 1545/2134/10104
f 1839/2037/10105 1634/1905/10106 1545/2134/10107
f 1841/2044/10108 1958/2047/10109 1829/1898/10110
f 25/1885/10111 1827/1647/10112 24/1635/10113
f 1725/2128/10114 1731/1636/10115 1637/1643/10116
f 1443/2051/10117 1444/1728/10118 1844/1733/10119
f 1849/2135/10120 1732/1704/10121 1848/1729/10122
f 1845/1581/10123 1498/1601/10124 630/1582/10125
f 631/1583/10126 632/1742/10127 1846/1717/10128
f 1849/2135/10129 1848/1729/10130 1734/2136/10131
f 1845/1581/10132 1733/1706/10133 1498/1601/10134
f 1639/1716/10135 1851/2052/10136 1850/1502/10137
f 1812/1511/10138 634/2053/10139 635/1512/10140
f 1736/1815/10141 1460/1850/10142 1852/1849/10143
f 1738/1816/10144 1736/1815/10145 1641/1690/10146
f 1737/1688/10147 1852/1849/10148 1739/1720/10149
f 1977/2137/10150 1853/1689/10151 1550/2067/10152
f 1641/1690/10153 1977/2137/10154 1855/2055/10155
f 1881/2138/10156 1879/1788/10157 1649/1922/10158
f 1861/1715/10159 1792/1996/10160 1463/1695/10161
f 1739/1720/10162 1642/2139/10163 1978/1957/10164
f 1861/1715/10165 1739/1720/10166 1462/2096/10167
f 1642/2139/10168 1739/1720/10169 1740/1646/10170
f 1741/1694/10171 1464/1929/10172 1806/1686/10173
f 1740/1646/10174 1741/1694/10175 1643/1781/10176
f 1742/1921/10177 1863/2059/10178 1744/1856/10179
f 1864/1860/10180 1646/1960/10181 1572/1861/10182
f 1558/1732/10183 1644/2060/10184 1743/1830/10185
f 1865/2140/10186 2163/1948/10187 1866/1828/10188
f 1744/1856/10189 312/1858/10190 1873/2061/10191
f 1742/1921/10192 1744/1856/10193 1646/1960/10194
f 1982/2141/10195 311/2062/10196 1983/1961/10197
f 1745/1959/10198 1870/2142/10199 1868/1962/10200
f 1747/1801/10201 1454/1800/10202 1897/2133/10203
f 1748/1808/10204 1746/1777/10205 1647/2064/10206
f 1874/2065/10207 1648/1590/10208 1574/2143/10209
f 1647/2064/10210 1746/1777/10211 1747/1801/10212
f 1876/2144/10213 1985/2063/10214 2185/1968/10215
f 1878/1794/10216 1581/1612/10217 1452/1795/10218
f 1750/1591/10219 1749/1790/10220 1456/1787/10221
f 1747/1801/10222 1749/1790/10223 1648/1590/10224
f 1457/1726/10225 1458/1725/10226 1879/1788/10227
f 1648/1590/10228 1880/1592/10229 1574/2143/10230
f 649/1839/10231 1751/1820/10232 648/2068/10233
f 2178/1799/10234 1758/1834/10235 1446/1811/10236
f 1475/2086/10237 1756/2085/10238 1477/1779/10239
f 1651/1683/10240 1757/1844/10241 1575/1684/10242
f 1755/2145/10243 1753/1821/10244 1752/2146/10245
f 1757/1844/10246 1753/1821/10247 1755/2145/10248
f 1754/2084/10249 1755/2145/10250 1756/2085/10251
f 2051/1831/10252 1886/1979/10253 1663/1832/10254
f 1756/2085/10255 1755/2145/10256 1752/2146/10257
f 1754/2084/10258 1887/1972/10259 1757/1844/10260
f 1756/2085/10261 1752/2146/10262 2178/1799/10263
f 1756/2085/10264 1475/2086/10265 1885/2083/10266
f 1754/2084/10267 1757/1844/10268 1755/2145/10269
f 1889/2069/10270 1757/1844/10271 1887/1972/10272
f 1446/1811/10273 1758/1834/10274 1445/1840/10275
f 1753/1821/10276 1758/1834/10277 1752/2146/10278
f 1996/1824/10279 1988/2147/10280 1891/1784/10281
f 307/1851/10282 1892/1822/10283 308/2070/10284
f 1893/1903/10285 1999/2130/10286 1894/2048/10287
f 1976/2075/10288 1836/2077/10289 1975/2132/10290
f 1578/1772/10291 1761/1974/10292 1577/1802/10293
f 1661/2038/10294 1761/1974/10295 1503/1978/10296
f 2118/2148/10297 2245/2149/10298 2003/2150/10299
f 1768/2151/10300 1635/2039/10301 1764/2035/10302
f 1662/1975/10303 1895/2079/10304 1764/2035/10305
f 1635/2039/10306 1838/2041/10307 1766/1791/10308
f 1768/2151/10309 1764/2035/10310 1762/2081/10311
f 1765/1792/10312 1764/2035/10313 1635/2039/10314
f 1654/1776/10315 1763/1976/10316 1765/1792/10317
f 1764/2035/10318 1765/1792/10319 1763/1976/10320
f 1455/1803/10321 1897/2133/10322 1729/1804/10323
f 1897/2133/10324 1455/1803/10325 1747/1801/10326
f 2118/2148/10327 2003/2150/10328 1546/2124/10329
f 2002/2123/10330 2085/2122/10331 1546/2124/10332
f 1768/2151/10333 1762/2081/10334 2118/2148/10335
f 1768/2151/10336 1767/2152/10337 2226/2040/10338
f 1664/1981/10339 1769/1980/10340 1475/2086/10341
f 1770/1963/10342 1769/1980/10343 1504/1613/10344
f 1877/1833/10345 1770/1963/10346 1581/1612/10347
f 1769/1980/10348 1770/1963/10349 1663/1832/10350
f 1582/1806/10351 1771/1780/10352 1583/1617/10353
f 1475/2086/10354 1771/1780/10355 1664/1981/10356
f 2006/1660/10357 1585/2087/10358 2005/2153/10359
f 1772/2154/10360 1901/2088/10361 2006/1660/10362
f 1773/1734/10363 1509/1485/10364 1591/1470/10365
f 1902/2090/10366 1773/1734/10367 1479/1553/10368
f 2008/1985/10369 1512/1526/10370 1779/2092/10371
f 2008/1985/10372 1910/2155/10373 2100/1986/10374
f 1775/1500/10375 2005/2153/10376 1903/1501/10377
f 1587/1493/10378 1667/1708/10379 1775/1500/10380
f 1592/1554/10381 1776/1984/10382 1593/1555/10383
f 1777/1475/10384 1776/1984/10385 1511/1983/10386
f 1590/1476/10387 1777/1475/10388 1511/1983/10389
f 1428/1477/10390 1668/1488/10391 1777/1475/10392
f 1778/2091/10393 1517/1807/10394 1779/2092/10395
f 1670/1633/10396 1600/1486/10397 1778/2091/10398
f 1517/1807/10399 1904/1570/10400 1779/2092/10401
f 2008/1985/10402 1779/2092/10403 2009/2156/10404
f 1778/2091/10405 1780/1525/10406 1670/1633/10407
f 1779/2092/10408 1512/1526/10409 1780/1525/10410
f 2135/2157/10411 1595/2093/10412 1900/2089/10413
f 2131/2158/10414 2132/2159/10415 2098/2160/10416
f 1672/1506/10417 1782/1629/10418 600/1572/10419
f 1682/1577/10420 1782/1629/10421 1674/1991/10422
f 1790/2161/10423 1597/1992/10424 1788/1862/10425
f 1597/1992/10426 1790/2161/10427 1783/1993/10428
f 1678/1562/10429 1784/2094/10430 1466/1567/10431
f 1675/1547/10432 1784/2094/10433 1676/1812/10434
f 1675/1547/10435 1785/1549/10436 1468/1564/10437
f 2013/1523/10438 1785/1549/10439 1677/1548/10440
f 1470/1551/10441 1917/1524/10442 1601/1480/10443
f 1916/2095/10444 1677/1548/10445 1596/1814/10446
f 1965/1651/10447 1598/1557/10448 1681/1997/10449
f 1788/1862/10450 1787/1558/10451 1515/2162/10452
f 1788/1862/10453 1515/2162/10454 1789/1681/10455
f 1679/1559/10456 1788/1862/10457 1597/1992/10458
f 1515/2162/10459 1970/2163/10460 2081/2164/10461
f 2103/2165/10462 2125/2166/10463 2127/2167/10464
f 1788/1862/10465 1789/1681/10466 1790/2161/10467
f 1789/1681/10468 1783/1993/10469 1790/2161/10470
f 1680/1566/10471 1791/1565/10472 1464/1929/10473
f 1678/1562/10474 1791/1565/10475 1679/1559/10476
f 1792/1996/10477 1462/2096/10478 1831/1654/10479
f 1680/1566/10480 1792/1996/10481 1681/1997/10482
f 1682/1577/10483 1793/1579/10484 598/1578/10485
f 1704/1884/10486 1793/1579/10487 1683/2023/10488
f 1686/1563/10489 1794/1671/10490 1468/1564/10491
f 1796/2007/10492 1794/1671/10493 1687/2003/10494
f 1521/2168/10495 1920/2169/10496 1919/2001/10497
f 2020/2170/10498 1526/1866/10499 1922/1677/10500
f 2016/1676/10501 2017/2171/10502 1922/1677/10503
f 1796/2007/10504 2016/1676/10505 1695/1560/10506
f 1797/1868/10507 1522/1544/10508 1611/1738/10509
f 1487/1863/10510 1689/1867/10511 1797/1868/10512
f 2078/2172/10513 2023/2173/10514 2077/2174/10515
f 1798/2006/10516 2076/2175/10517 1920/2169/10518
f 1799/1870/10519 1521/2168/10520 1800/2004/10521
f 1607/1701/10522 1689/1867/10523 1799/1870/10524
f 1800/2004/10525 1521/2168/10526 1919/2001/10527
f 1605/2099/10528 1690/1556/10529 1800/2004/10530
f 1801/1759/10531 1613/2100/10532 2021/1760/10533
f 1802/1692/10534 1801/1759/10535 1524/2005/10536
f 1610/1693/10537 1802/1692/10538 1524/2005/10539
f 1438/1691/10540 1691/1700/10541 1802/1692/10542
f 1803/2101/10543 1547/1739/10544 1804/2102/10545
f 1693/1667/10546 1638/1723/10547 1803/2101/10548
f 1547/1739/10549 1926/1917/10550 1804/2102/10551
f 2080/2176/10552 2022/2103/10553 2023/2173/10554
f 1803/2101/10555 1805/1665/10556 1693/1667/10557
f 1804/2102/10558 1525/1913/10559 1805/1665/10560
f 1695/1560/10561 1806/1686/10562 1465/1561/10563
f 1741/1694/10564 1806/1686/10565 1696/1687/10566
f 1807/2058/10567 1526/1866/10568 2024/2009/10569
f 1741/1694/10570 1934/2104/10571 1643/1781/10572
f 1700/1713/10573 1808/2011/10574 638/1714/10575
f 1697/1710/10576 1808/2011/10577 1698/2015/10578
f 1937/1575/10579 1809/1574/10580 1936/1809/10581
f 1617/1782/10582 1701/1748/10583 1814/1769/10584
f 1697/1710/10585 1810/1513/10586 636/1743/10587
f 1812/1511/10588 1810/1513/10589 1699/1711/10590
f 1811/2107/10591 1935/2105/10592 2149/2177/10593
f 1939/2108/10594 1811/2107/10595 2230/2178/10596
f 1812/1511/10597 1699/1711/10598 1939/2108/10599
f 1812/1511/10600 1940/1915/10601 1851/2052/10602
f 1813/1747/10603 1618/1749/10604 2204/1940/10605
f 1813/1747/10606 1528/2013/10607 1814/1769/10608
f 1815/2179/10609 1817/2014/10610 2196/2180/10611
f 1617/1782/10612 1814/1769/10613 1816/1573/10614
f 2153/2181/10615 2151/2182/10616 2152/2183/10617
f 2143/2184/10618 1809/1574/10619 1816/1573/10620
f 1817/2014/10621 1816/1573/10622 1814/1769/10623
f 1815/2179/10624 2142/2185/10625 2143/2184/10626
f 1528/2013/10627 2195/2186/10628 2196/2180/10629
f 1817/2014/10630 1815/2179/10631 2143/2184/10632
f 1702/1878/10633 1818/2109/10634 640/1879/10635
f 1700/1713/10636 1818/2109/10637 1701/1748/10638
f 1705/1599/10639 1819/1998/10640 1529/1889/10641
f 1943/2027/10642 1942/1841/10643 1627/1843/10644
f 1599/1990/10645 1941/2097/10646 1683/2023/10647
f 1912/1988/10648 1821/2098/10649 1941/2097/10650
f 1516/2187/10651 1944/2188/10652 1821/2098/10653
f 1706/2024/10654 1820/2026/10655 1821/2098/10656
f 1945/2110/10657 1822/2189/10658 1943/2027/10659
f 1966/2190/10660 1964/2191/10661 1967/2192/10662
f 1540/1887/10663 1823/1896/10664 1533/1855/10665
f 2027/1895/10666 1539/1891/10667 1709/1890/10668
f 1533/1855/10669 1823/1896/10670 1824/1888/10671
f 1824/1888/10672 1823/1896/10673 1953/1609/10674
f 2057/2030/10675 2002/2123/10676 1825/2193/10677
f 1826/1648/10678 1637/1643/10679 1731/1636/10680
f 24/1635/10681 1826/1648/10682 1731/1636/10683
f 2056/1641/10684 1826/1648/10685 1825/2193/10686
f 1707/1610/10687 1827/1647/10688 25/1885/10689
f 1825/2193/10690 1826/1648/10691 1827/1647/10692
f 1822/2189/10693 2175/2194/10694 1942/1841/10695
f 1951/1539/10696 1822/2189/10697 1944/2188/10698
f 1458/1725/10699 1730/1727/10700 1829/1898/10701
f 1829/1898/10702 1730/1727/10703 1841/2044/10704
f 1966/2190/10705 1961/2195/10706 1963/2196/10707
f 1681/1997/10708 1722/1653/10709 1960/2033/10710
f 1720/1655/10711 1831/1654/10712 1461/1721/10713
f 1831/1654/10714 1722/1653/10715 1681/1997/10716
f 1731/1636/10717 1832/2034/10718 23/1634/10719
f 1725/2128/10720 1999/2130/10721 2055/1902/10722
f 1495/1499/10723 1491/1618/10724 1833/2131/10725
f 1833/2131/10726 1491/1618/10727 1834/1774/10728
f 1491/1618/10729 1974/1904/10730 1834/1774/10731
f 2033/2197/10732 1974/1904/10733 1760/2078/10734
f 1633/1514/10735 1835/1603/10736 590/1662/10737
f 1425/1606/10738 1835/1603/10739 1727/1602/10740
f 1973/1516/10741 2032/1775/10742 1544/2036/10743
f 1476/1669/10744 1836/2077/10745 2040/1912/10746
f 1729/1804/10747 1838/2041/10748 1837/1977/10749
f 1838/2041/10750 2090/1909/10751 2091/2198/10752
f 1766/1791/10753 1838/2041/10754 1729/1804/10755
f 1545/2134/10756 2091/2198/10757 2089/2199/10758
f 1839/2037/10759 1545/2134/10760 2121/2200/10761
f 1841/2044/10762 1636/2045/10763 1958/2047/10764
f 1840/2042/10765 1839/2037/10766 2121/2200/10767
f 2121/2200/10768 2119/2201/10769 1840/2042/10770
f 1730/1727/10771 1839/2037/10772 1841/2044/10773
f 1840/2042/10774 1841/2044/10775 1839/2037/10776
f 1843/1705/10777 1638/1723/10778 1442/1722/10779
f 1927/1918/10780 1732/1704/10781 1849/2135/10782
f 1843/1705/10783 1443/2051/10784 1844/1733/10785
f 1842/1740/10786 1843/1705/10787 1732/1704/10788
f 1498/1601/10789 1844/1733/10790 1444/1728/10791
f 1843/1705/10792 1844/1733/10793 1733/1706/10794
f 1846/1717/10795 1845/1581/10796 631/1583/10797
f 1848/1729/10798 1845/1581/10799 1734/2136/10800
f 1639/1716/10801 1846/1717/10802 632/1742/10803
f 1845/1581/10804 1846/1717/10805 1734/2136/10806
f 1847/1504/10807 1548/1503/10808 1929/2202/10809
f 1846/1717/10810 1847/1504/10811 1734/2136/10812
f 1845/1581/10813 1848/1729/10814 1733/1706/10815
f 1734/2136/10816 1847/1504/10817 1849/2135/10818
f 2188/1876/10819 1928/1919/10820 1929/2202/10821
f 1927/1918/10822 1842/1740/10823 1732/1704/10824
f 1851/2052/10825 1639/1716/10826 633/1741/10827
f 1930/1877/10828 1850/1502/10829 1735/1914/10830
f 1812/1511/10831 1851/2052/10832 634/2053/10833
f 1850/1502/10834 1851/2052/10835 1735/1914/10836
f 1739/1720/10837 1852/1849/10838 1461/1721/10839
f 1736/1815/10840 1852/1849/10841 1737/1688/10842
f 1737/1688/10843 1978/1957/10844 1853/1689/10845
f 1642/2139/10846 1740/1646/10847 1857/1645/10848
f 1736/1815/10849 1854/1789/10850 1459/1825/10851
f 1879/1788/10852 1854/1789/10853 1738/1816/10854
f 2042/2203/10855 1979/1956/10856 2041/2066/10857
f 1855/2055/10858 2041/2066/10859 2043/2204/10860
f 1932/2010/10861 2238/2205/10862 2240/2206/10863
f 1856/1644/10864 1551/1649/10865 1857/1645/10866
f 2243/2207/10867 2244/1881/10868 2241/2208/10869
f 1642/2139/10870 1857/1645/10871 1859/2056/10872
f 1981/2209/10873 2047/1949/10874 1571/2210/10875
f 1853/1689/10876 2046/1958/10877 1550/2067/10878
f 1860/1650/10879 1859/2056/10880 1857/1645/10881
f 1859/2056/10882 1858/1872/10883 1981/2209/10884
f 2201/1871/10885 2199/1882/10886 2205/1933/10887
f 1859/2056/10888 1860/1650/10889 1858/1872/10890
f 1741/1694/10891 1861/1715/10892 1463/1695/10893
f 1739/1720/10894 1861/1715/10895 1740/1646/10896
f 1645/1731/10897 1862/1920/10898 1644/2060/10899
f 1863/2059/10900 1862/1920/10901 314/1938/10902
f 1744/1856/10903 1863/2059/10904 313/1857/10905
f 1862/1920/10906 1863/2059/10907 1742/1921/10908
f 1500/2211/10909 2146/2212/10910 2160/2213/10911
f 1644/2060/10912 1866/1828/10913 1743/1830/10914
f 2147/1859/10915 1867/2214/10916 1864/1860/10917
f 2147/1859/10918 2162/2215/10919 1865/2140/10920
f 1862/1920/10921 1866/1828/10922 1644/2060/10923
f 1867/2214/10924 1742/1921/10925 1864/1860/10926
f 1865/2140/10927 1866/1828/10928 1867/2214/10929
f 1742/1921/10930 1867/2214/10931 1866/1828/10932
f 1870/2142/10933 1871/2216/10934 1994/2072/10935
f 1870/2142/10936 1872/1796/10937 1868/1962/10938
f 1888/1973/10939 1990/2217/10940 1989/2218/10941
f 1872/1796/10942 1572/1861/10943 1868/1962/10944
f 1870/2142/10945 1745/1959/10946 1982/2141/10947
f 1870/2142/10948 1869/2219/10949 1872/1796/10950
f 1745/1959/10951 1873/2061/10952 1982/2141/10953
f 1984/2073/10954 1653/1817/10955 1576/1785/10956
f 2054/2220/10957 1869/2219/10958 1991/2221/10959
f 1869/2219/10960 2054/2220/10961 1872/1796/10962
f 1982/2141/10963 1873/2061/10964 311/2062/10965
f 1744/1856/10966 1873/2061/10967 1745/1959/10968
f 1875/1967/10969 1874/2065/10970 1574/2143/10971
f 1747/1801/10972 1874/2065/10973 2186/1969/10974
f 2223/2222/10975 2224/2223/10976 2084/2224/10977
f 1875/1967/10978 2083/1966/10979 2185/1968/10980
f 1888/1973/10981 1986/2225/10982 2049/2226/10983
f 1877/1833/10984 1663/1832/10985 1770/1963/10986
f 1985/2063/10987 1877/1833/10988 1748/1808/10989
f 2051/1831/10990 1876/2144/10991 2050/2227/10992
f 1878/1794/10993 1655/1793/10994 1453/1778/10995
f 1877/1833/10996 1878/1794/10997 1748/1808/10998
f 1879/1788/10999 1738/1816/11000 1980/2228/11001
f 1457/1726/11002 1879/1788/11003 1750/1591/11004
f 1750/1591/11005 1881/2138/11006 1880/1592/11007
f 1880/1592/11008 1881/2138/11009 1883/1928/11010
f 1879/1788/11011 1881/2138/11012 1750/1591/11013
f 2043/2204/11014 1980/2228/11015 1855/2055/11016
f 1500/2211/11017 2145/2229/11018 2225/2230/11019
f 1883/1928/11020 1574/2143/11021 1880/1592/11022
f 1649/1922/11023 1883/1928/11024 1881/2138/11025
f 1883/1928/11026 1882/1924/11027 2224/2223/11028
f 1876/2144/11029 1573/2231/11030 2192/2232/11031
f 1887/1972/11032 1754/2084/11033 1986/2225/11034
f 1475/2086/11035 1769/1980/11036 1886/1979/11037
f 1885/2083/11038 1884/2233/11039 1986/2225/11040
f 1884/2233/11041 1885/2083/11042 1886/1979/11043
f 1475/2086/11044 1886/1979/11045 1885/2083/11046
f 1887/1972/11047 1986/2225/11048 1888/1973/11049
f 1889/2069/11050 1887/1972/11051 1501/1971/11052
f 2049/2226/11053 2050/2227/11054 1987/2234/11055
f 1989/2218/11056 1891/1784/11057 1988/2147/11058
f 1889/2069/11059 1501/1971/11060 1988/2147/11061
f 1575/1684/11062 1757/1844/11063 1889/2069/11064
f 1889/2069/11065 1890/1970/11066 1575/1684/11067
f 1892/1822/11068 1890/1970/11069 1759/1823/11070
f 1989/2218/11071 1501/1971/11072 1888/1973/11073
f 1995/1783/11074 1576/1785/11075 1653/1817/11076
f 307/1851/11077 1502/1847/11078 1998/1852/11079
f 1759/1823/11080 1988/2147/11081 1996/1824/11082
f 1893/1903/11083 1632/1638/11084 1999/2130/11085
f 1974/1904/11086 1893/1903/11087 1760/2078/11088
f 2000/2129/11089 1725/2128/11090 1637/1643/11091
f 1894/2048/11092 2000/2129/11093 2004/2049/11094
f 1896/2082/11095 1895/2079/11096 1660/2080/11097
f 1764/2035/11098 1895/2079/11099 1762/2081/11100
f 2037/2076/11101 1896/2082/11102 1660/2080/11103
f 1896/2082/11104 1659/2235/11105 2245/2149/11106
f 1654/1776/11107 1897/2133/11108 1454/1800/11109
f 1729/1804/11110 1897/2133/11111 1766/1791/11112
f 1772/2154/11113 1899/2236/11114 1898/1982/11115
f 1673/1505/11116 1900/2089/11117 1595/2093/11118
f 2123/2237/11119 2006/1660/11120 2097/1659/11121
f 1900/2089/11122 1899/2236/11123 1513/2238/11124
f 1899/2236/11125 1900/2089/11126 1898/1982/11127
f 2135/2157/11128 1513/2238/11129 2134/2239/11130
f 2006/1660/11131 1901/2088/11132 1585/2087/11133
f 1898/1982/11134 1901/2088/11135 1772/2154/11136
f 2062/1746/11137 1902/2090/11138 1479/1553/11139
f 1902/2090/11140 1774/2240/11141 2059/1707/11142
f 2005/2153/11143 1775/1500/11144 1508/2241/11145
f 1665/1509/11146 1903/1501/11147 1585/2087/11148
f 1906/1571/11149 1684/1473/11150 2187/1472/11151
f 1904/1570/11152 1481/2242/11153 2009/2156/11154
f 1482/1542/11155 1519/1478/11156 1909/1482/11157
f 1907/1569/11158 1481/2242/11159 1904/1570/11160
f 1684/1473/11161 1906/1571/11162 1517/1807/11163
f 1906/1571/11164 1905/2243/11165 1907/1569/11166
f 1905/2243/11167 1908/1481/11168 1907/1569/11169
f 1907/1569/11170 1908/1481/11171 2012/2244/11172
f 1908/1481/11173 1905/2243/11174 1909/1482/11175
f 1518/1999/11176 2063/1697/11177 2012/2244/11178
f 1909/1482/11179 1905/2243/11180 2187/1472/11181
f 1685/1483/11182 1909/1482/11183 1519/1478/11184
f 2012/2244/11185 2011/1696/11186 2065/2245/11187
f 2064/2246/11188 2067/2247/11189 2074/2248/11190
f 1595/2093/11191 1911/1989/11192 1674/1991/11193
f 1781/1987/11194 2189/2249/11195 1912/1988/11196
f 1821/2098/11197 1912/1988/11198 1516/2187/11199
f 1599/1990/11200 1911/1989/11201 1912/1988/11202
f 1597/1992/11203 1913/1813/11204 1676/1812/11205
f 1783/1993/11206 2102/1680/11207 1914/1995/11208
f 1514/2250/11209 1915/2251/11210 1916/2095/11211
f 1596/1814/11212 1913/1813/11213 1914/1995/11214
f 2067/2247/11215 2066/2252/11216 1915/2251/11217
f 2012/2244/11218 2063/1697/11219 2011/1696/11220
f 1514/2250/11221 1916/2095/11222 1914/1995/11223
f 1916/2095/11224 1915/2251/11225 2010/1698/11226
f 1469/1522/11227 1917/1524/11228 1470/1551/11229
f 1786/1994/11230 1601/1480/11231 1917/1524/11232
f 1605/2099/11233 1800/2004/11234 1919/2001/11235
f 1922/1677/11236 2018/2253/11237 2020/2170/11238
f 1521/2168/11239 1925/1869/11240 1920/2169/11241
f 2018/2253/11242 1921/1875/11243 1795/1874/11244
f 1924/1864/11245 2080/2176/11246 1798/2006/11247
f 2168/2254/11248 2106/1755/11249 2167/2255/11250
f 1918/2002/11251 1919/2001/11252 1921/1875/11253
f 2108/2256/11254 1919/2001/11255 1920/2169/11256
f 2017/2171/11257 1796/2007/11258 1687/2003/11259
f 2017/2171/11260 1918/2002/11261 2018/2253/11262
f 1924/1864/11263 1487/1863/11264 2021/1760/11265
f 1925/1869/11266 1923/1865/11267 1798/2006/11268
f 2022/2103/11269 1924/1864/11270 2021/1760/11271
f 2079/2257/11272 2077/2174/11273 1804/2102/11274
f 1920/2169/11275 1925/1869/11276 1798/2006/11277
f 1799/1870/11278 1925/1869/11279 1521/2168/11280
f 1927/1918/11281 1926/1917/11282 1547/1739/11283
f 1496/2258/11284 2078/2172/11285 2079/2257/11286
f 1842/1740/11287 1927/1918/11288 1547/1739/11289
f 1928/1919/11290 1927/1918/11291 1849/2135/11292
f 1929/2202/11293 1928/1919/11294 1849/2135/11295
f 1496/2258/11296 1926/1917/11297 1928/1919/11298
f 1847/1504/11299 1929/2202/11300 1849/2135/11301
f 1930/1877/11302 1548/1503/11303 1850/1502/11304
f 2112/2259/11305 2110/1753/11306 2015/2260/11307
f 1928/1919/11308 2188/1876/11309 1496/2258/11310
f 1931/1675/11311 1615/2057/11312 2016/1676/11313
f 1526/1866/11314 1807/2058/11315 1931/1675/11316
f 2025/2261/11317 2165/2262/11318 2202/2263/11319
f 2241/2208/11320 1932/2010/11321 2242/2264/11322
f 1856/1644/11323 1643/1781/11324 1933/1930/11325
f 1643/1781/11326 1934/2104/11327 2193/2008/11328
f 1696/1687/11329 1807/2058/11330 1934/2104/11331
f 1807/2058/11332 2024/2009/11333 2193/2008/11334
f 1935/2105/11335 1527/2106/11336 2149/2177/11337
f 1936/1809/11338 1935/2105/11339 1616/1810/11340
f 1937/1575/11341 1936/1809/11342 1698/2015/11343
f 1935/2105/11344 1936/1809/11345 1809/1574/11346
f 1700/1713/11347 1937/1575/11348 1698/2015/11349
f 1816/1573/11350 1937/1575/11351 1617/1782/11352
f 1935/2105/11353 1938/2012/11354 1616/1810/11355
f 1939/2108/11356 1938/2012/11357 1811/2107/11358
f 1939/2108/11359 1640/2265/11360 1940/1915/11361
f 1938/2012/11362 1939/2108/11363 1699/1711/11364
f 1940/1915/11365 1640/2265/11366 2229/1916/11367
f 1851/2052/11368 1940/1915/11369 1735/1914/11370
f 1683/2023/11371 1941/2097/11372 1820/2026/11373
f 1912/1988/11374 1941/2097/11375 1599/1990/11376
f 1943/2027/11377 1627/1843/11378 1819/1998/11379
f 2175/2194/11380 2174/2266/11381 1942/1841/11382
f 1945/2110/11383 1706/2024/11384 1821/2098/11385
f 1822/2189/11386 1942/1841/11387 1943/2027/11388
f 2189/2249/11389 1950/1756/11390 1947/1540/11391
f 1944/2188/11392 1516/2187/11393 1947/1540/11394
f 1821/2098/11395 1944/2188/11396 1945/2110/11397
f 1822/2189/11398 1945/2110/11399 1944/2188/11400
f 1515/2162/11401 2081/2164/11402 1789/1681/11403
f 1822/2189/11404 1951/1539/11405 2175/2194/11406
f 1516/2187/11407 1912/1988/11408 2189/2249/11409
f 1947/1540/11410 1946/1757/11411 1952/1538/11412
f 2133/2267/11413 2134/2239/11414 2132/2159/11415
f 1946/1757/11416 2130/2268/11417 2129/2269/11418
f 2030/2270/11419 1967/2192/11420 1949/2271/11421
f 1787/1558/11422 1962/2272/11423 1515/2162/11424
f 2189/2249/11425 1947/1540/11426 1516/2187/11427
f 2130/2268/11428 1950/1756/11429 1948/2273/11430
f 1947/1540/11431 1951/1539/11432 1944/2188/11433
f 1949/2271/11434 2236/2274/11435 2175/2194/11436
f 1952/1538/11437 1946/1757/11438 1968/2275/11439
f 1951/1539/11440 1952/1538/11441 1949/2271/11442
f 1824/1888/11443 1953/1609/11444 26/1608/11445
f 1954/1626/11446 1953/1609/11447 1823/1896/11448
f 1953/1609/11449 1954/1626/11450 1707/1610/11451
f 1539/1891/11452 2027/1895/11453 1823/1896/11454
f 2028/2028/11455 1955/2276/11456 1538/1460/11457
f 1628/1627/11458 1954/1626/11459 1955/2276/11460
f 2057/2030/11461 1956/1625/11462 1628/1627/11463
f 1827/1647/11464 1956/1625/11465 1825/2193/11466
f 2174/2266/11467 1957/2113/11468 1489/1842/11469
f 1957/2113/11470 1828/2277/11471 2171/2278/11472
f 1636/2045/11473 2183/2043/11474 2182/2114/11475
f 1721/1897/11476 1829/1898/11477 1958/2047/11478
f 1959/2046/11479 2182/2114/11480 2190/1900/11481
f 2191/2126/11482 1630/1718/11483 1723/1719/11484
f 1960/2033/11485 1830/2127/11486 1963/2196/11487
f 1681/1997/11488 1960/2033/11489 1965/1651/11490
f 2176/2279/11491 1964/2191/11492 2237/2280/11493
f 2030/2270/11494 1949/2271/11495 1968/2275/11496
f 1598/1557/11497 1962/2272/11498 1787/1558/11499
f 1971/2281/11500 1961/2195/11501 2030/2270/11502
f 1541/1899/11503 2176/2279/11504 2237/2280/11505
f 1961/2195/11506 1971/2281/11507 1969/1652/11508
f 2176/2279/11509 2170/1901/11510 2172/2282/11511
f 1964/2191/11512 2177/2283/11513 1967/2192/11514
f 1960/2033/11515 1963/2196/11516 1965/1651/11517
f 1963/2196/11518 1961/2195/11519 1969/1652/11520
f 2237/2280/11521 1963/2196/11522 1830/2127/11523
f 2177/2283/11524 1964/2191/11525 2172/2282/11526
f 1949/2271/11527 1952/1538/11528 1968/2275/11529
f 1961/2195/11530 1966/2190/11531 1967/2192/11532
f 1480/2284/11533 2128/2285/11534 2129/2269/11535
f 1515/2162/11536 1962/2272/11537 1971/2281/11538
f 1598/1557/11539 1969/1652/11540 1962/2272/11541
f 1963/2196/11542 1969/1652/11543 1965/1651/11544
f 1971/2281/11545 1962/2272/11546 1969/1652/11547
f 2030/2270/11548 2082/2286/11549 1970/2163/11550
f 2030/2270/11551 1961/2195/11552 1967/2192/11553
f 1515/2162/11554 1971/2281/11555 1970/2163/11556
f 2179/2119/11557 1972/2032/11558 1630/1718/11559
f 1960/2033/11560 1972/2032/11561 1830/2127/11562
f 1633/1514/11563 1973/1516/11564 1544/2036/11565
f 1833/2131/11566 1973/1516/11567 1726/1515/11568
f 1974/1904/11569 1491/1618/11570 1543/1496/11571
f 1976/2075/11572 2032/1775/11573 2034/2287/11574
f 1975/2132/11575 1544/2036/11576 2032/1775/11577
f 2180/1605/11578 1975/2132/11579 1836/2077/11580
f 2034/2287/11581 2032/1775/11582 1834/1774/11583
f 1976/2075/11584 2033/2197/11585 2037/2076/11586
f 1855/2055/11587 1977/2137/11588 1550/2067/11589
f 1641/1690/11590 1853/1689/11591 1977/2137/11592
f 1739/1720/11593 1978/1957/11594 1737/1688/11595
f 1859/2056/11596 1978/1957/11597 1642/2139/11598
f 2155/1947/11599 2157/1954/11600 2159/1952/11601
f 2043/2204/11602 2044/1923/11603 1649/1922/11604
f 1879/1788/11605 1980/2228/11606 1649/1922/11607
f 1738/1816/11608 1855/2055/11609 1980/2228/11610
f 2047/1949/11611 1981/2209/11612 1858/1872/11613
f 2042/2203/11614 1981/2209/11615 1571/2210/11616
f 1983/1961/11617 311/2062/11618 310/1818/11619
f 1870/2142/11620 1982/2141/11621 1871/2216/11622
f 1984/2073/11623 1983/1961/11624 1653/1817/11625
f 1982/2141/11626 1983/1961/11627 1871/2216/11628
f 1984/2073/11629 1576/1785/11630 1993/2071/11631
f 1983/1961/11632 1984/2073/11633 1871/2216/11634
f 2185/1968/11635 1985/2063/11636 1647/2064/11637
f 1877/1833/11638 1985/2063/11639 1876/2144/11640
f 1885/2083/11641 1986/2225/11642 1754/2084/11643
f 2049/2226/11644 1986/2225/11645 1884/2233/11646
f 2054/2220/11647 2052/2288/11648 2053/1965/11649
f 1991/2221/11650 1869/2219/11651 1993/2071/11652
f 1889/2069/11653 1988/2147/11654 1759/1823/11655
f 1989/2218/11656 1988/2147/11657 1501/1971/11658
f 1888/1973/11659 2049/2226/11660 1990/2217/11661
f 1891/1784/11662 1989/2218/11663 1992/2289/11664
f 1991/2221/11665 1990/2217/11666 1987/2234/11667
f 1891/1784/11668 1992/2289/11669 1576/1785/11670
f 2052/2288/11671 1991/2221/11672 1987/2234/11673
f 1994/2072/11674 1993/2071/11675 1869/2219/11676
f 1989/2218/11677 1990/2217/11678 1992/2289/11679
f 1991/2221/11680 1992/2289/11681 1990/2217/11682
f 1576/1785/11683 1992/2289/11684 1993/2071/11685
f 1991/2221/11686 1993/2071/11687 1992/2289/11688
f 1870/2142/11689 1994/2072/11690 1869/2219/11691
f 1984/2073/11692 1994/2072/11693 1871/2216/11694
f 309/1819/11695 1997/2290/11696 1653/1817/11697
f 1997/2290/11698 308/2070/11699 1996/1824/11700
f 1891/1784/11701 1995/1783/11702 1996/1824/11703
f 1996/1824/11704 1995/1783/11705 1997/2290/11706
f 1653/1817/11707 1997/2290/11708 1995/1783/11709
f 308/2070/11710 1997/2290/11711 309/1819/11712
f 1890/1970/11713 1998/1852/11714 1652/1845/11715
f 307/1851/11716 1998/1852/11717 1892/1822/11718
f 2055/1902/11719 1632/1638/11720 1724/1622/11721
f 2000/2129/11722 1999/2130/11723 1725/2128/11724
f 1637/1643/11725 2001/1642/11726 2000/2129/11727
f 2001/1642/11728 2003/2150/11729 2004/2049/11730
f 1637/1643/11731 1826/1648/11732 2056/1641/11733
f 2003/2150/11734 2001/1642/11735 1546/2124/11736
f 1825/2193/11737 1956/1625/11738 2057/2030/11739
f 2088/2125/11740 1718/2029/11741 1719/2117/11742
f 1546/2124/11743 2087/2121/11744 2118/2148/11745
f 1659/2235/11746 2035/2291/11747 2036/2050/11748
f 2001/1642/11749 2004/2049/11750 2000/2129/11751
f 2004/2049/11752 2003/2150/11753 2036/2050/11754
f 2005/2153/11755 1508/2241/11756 2006/1660/11757
f 1585/2087/11758 1903/1501/11759 2005/2153/11760
f 2059/1707/11761 2007/1661/11762 1508/2241/11763
f 2006/1660/11764 1508/2241/11765 2007/1661/11766
f 2093/1703/11767 2061/2292/11768 2060/2293/11769
f 2007/1661/11770 2059/1707/11771 2093/1703/11772
f 1779/2092/11773 1904/1570/11774 2009/2156/11775
f 2060/2293/11776 2061/2292/11777 2100/1986/11778
f 1481/2242/11779 2065/2245/11780 2070/2294/11781
f 2008/1985/11782 2009/2156/11783 2101/2295/11784
f 1916/2095/11785 2010/1698/11786 1677/1548/11787
f 2010/1698/11788 1915/2251/11789 2011/1696/11790
f 1514/2250/11791 2067/2247/11792 1915/2251/11793
f 2012/2244/11794 1481/2242/11795 1907/1569/11796
f 1518/1999/11797 2012/2244/11798 1908/1481/11799
f 2066/2252/11800 2011/1696/11801 1915/2251/11802
f 1785/1549/11803 2013/1523/11804 1469/1522/11805
f 2013/1523/11806 1677/1548/11807 2010/1698/11808
f 1919/2001/11809 2014/2000/11810 1605/2099/11811
f 2017/2171/11812 2014/2000/11813 1918/2002/11814
f 2232/2296/11815 2228/2054/11816 2111/2297/11817
f 2076/2175/11818 2015/2260/11819 2110/1753/11820
f 1695/1560/11821 2016/1676/11822 1615/2057/11823
f 2017/2171/11824 2016/1676/11825 1796/2007/11826
f 2014/2000/11827 2017/2171/11828 1687/2003/11829
f 1918/2002/11830 1921/1875/11831 2018/2253/11832
f 1795/1874/11833 2019/2298/11834 2020/2170/11835
f 1922/1677/11836 2017/2171/11837 2018/2253/11838
f 2107/1873/11839 2168/2254/11840 1795/1874/11841
f 2026/2299/11842 1932/2010/11843 2024/2009/11844
f 1795/1874/11845 2020/2170/11846 2018/2253/11847
f 1526/1866/11848 2020/2170/11849 2019/2298/11850
f 1612/1758/11851 2021/1760/11852 1487/1863/11853
f 2022/2103/11854 2021/1760/11855 1613/2100/11856
f 1694/1699/11857 2022/2103/11858 1613/2100/11859
f 2022/2103/11860 1525/1913/11861 2077/2174/11862
f 1804/2102/11863 2077/2174/11864 1525/1913/11865
f 2105/2300/11866 2023/2173/11867 2078/2172/11868
f 1526/1866/11869 2019/2298/11870 2166/2301/11871
f 2193/2008/11872 1932/2010/11873 1933/1930/11874
f 2025/2261/11875 2026/2299/11876 1526/1866/11877
f 2161/2302/11878 2167/2255/11879 2164/2303/11880
f 1526/1866/11881 2026/2299/11882 2024/2009/11883
f 2025/2261/11884 2202/2263/11885 2242/2264/11886
f 1538/1460/11887 1955/2276/11888 2027/1895/11889
f 2027/1895/11890 1955/2276/11891 1954/1626/11892
f 1714/1459/11893 2028/2028/11894 1538/1460/11895
f 2029/2031/11896 1716/1907/11897 1719/2117/11898
f 1628/1627/11899 1955/2276/11900 2029/2031/11901
f 2028/2028/11902 2029/2031/11903 1955/2276/11904
f 2082/2286/11905 2030/2270/11906 1968/2275/11907
f 1971/2281/11908 2030/2270/11909 1970/2163/11910
f 2130/2268/11911 1946/1757/11912 1950/1756/11913
f 1789/1681/11914 2103/2165/11915 2072/1682/11916
f 2034/2287/11917 1834/1774/11918 1974/1904/11919
f 1975/2132/11920 2032/1775/11921 1976/2075/11922
f 1760/2078/11923 2035/2291/11924 2033/2197/11925
f 2033/2197/11926 2035/2291/11927 2037/2076/11928
f 1974/1904/11929 2033/2197/11930 2034/2287/11931
f 2034/2287/11932 2033/2197/11933 1976/2075/11934
f 1894/2048/11935 2036/2050/11936 1760/2078/11937
f 2037/2076/11938 2035/2291/11939 1659/2235/11940
f 2036/2050/11941 2003/2150/11942 2245/2149/11943
f 2036/2050/11944 2035/2291/11945 1760/2078/11946
f 1896/2082/11947 2037/2076/11948 1659/2235/11949
f 1660/2080/11950 1661/2038/11951 2039/1911/11952
f 2039/1911/11953 2037/2076/11954 1660/2080/11955
f 2040/1912/11956 2038/2074/11957 2039/1911/11958
f 2039/1911/11959 1661/2038/11960 1658/1827/11961
f 2037/2076/11962 2039/1911/11963 2038/2074/11964
f 1476/1669/11965 2040/1912/11966 1474/1768/11967
f 1836/2077/11968 2038/2074/11969 2040/1912/11970
f 2042/2203/11971 2041/2066/11972 1550/2067/11973
f 2043/2204/11974 2041/2066/11975 1979/1956/11976
f 1981/2209/11977 2042/2203/11978 1550/2067/11979
f 2042/2203/11980 1571/2210/11981 2157/1954/11982
f 2043/2204/11983 1979/1956/11984 2044/1923/11985
f 1980/2228/11986 2043/2204/11987 1649/1922/11988
f 2156/1955/11989 2045/2304/11990 2044/1923/11991
f 2045/2304/11992 1500/2211/11993 2225/2230/11994
f 1882/1924/11995 2044/1923/11996 2045/2304/11997
f 2156/1955/11998 2044/1923/11999 1979/1956/12000
f 1859/2056/12001 1981/2209/12002 2046/1958/12003
f 1550/2067/12004 2046/1958/12005 1981/2209/12006
f 2206/2305/12007 2047/1949/12008 1858/1872/12009
f 1497/1935/12010 1570/1925/12011 2048/1950/12012
f 2159/1952/12013 1570/1925/12014 1567/1951/12015
f 1571/2210/12016 2047/1949/12017 2048/1950/12018
f 2050/2227/12019 2049/2226/12020 1884/2233/12021
f 1990/2217/12022 2049/2226/12023 1987/2234/12024
f 2050/2227/12025 1884/2233/12026 1886/1979/12027
f 2050/2227/12028 1876/2144/12029 2192/2232/12030
f 1876/2144/12031 2051/1831/12032 1877/1833/12033
f 1886/1979/12034 2051/1831/12035 2050/2227/12036
f 2192/2232/12037 2052/2288/12038 1987/2234/12039
f 2052/2288/12040 1573/2231/12041 2053/1965/12042
f 1573/2231/12043 2083/1966/12044 2053/1965/12045
f 2144/1964/12046 2083/1966/12047 1875/1967/12048
f 2052/2288/12049 2054/2220/12050 1991/2221/12051
f 2053/1965/12052 1872/1796/12053 2054/2220/12054
f 1725/2128/12055 2055/1902/12056 1832/2034/12057
f 1632/1638/12058 2055/1902/12059 1999/2130/12060
f 1825/2193/12061 2002/2123/12062 2056/1641/12063
f 2001/1642/12064 2056/1641/12065 2002/2123/12066
f 2029/2031/12067 2057/2030/12068 1628/1627/12069
f 2057/2030/12070 1718/2029/12071 2086/2306/12072
f 2086/2306/12073 1718/2029/12074 2088/2125/12075
f 2089/2199/12076 2227/1908/12077 2088/2125/12078
f 2059/1707/12079 1508/2241/12080 1775/1500/12081
f 2093/1703/12082 2059/1707/12083 1774/2240/12084
f 2104/2307/12085 2101/2295/12086 2137/2308/12087
f 1899/2236/12088 2095/2309/12089 1513/2238/12090
f 1774/2240/12091 1902/2090/12092 2062/1746/12093
f 2222/1745/12094 1593/1555/12095 1671/1487/12096
f 1593/1555/12097 2062/1746/12098 1479/1553/12099
f 1774/2240/12100 2062/1746/12101 2061/2292/12102
f 1601/1480/12103 2063/1697/12104 1518/1999/12105
f 2010/1698/12106 2063/1697/12107 1786/1994/12108
f 2066/2252/12109 2067/2247/12110 2064/2246/12111
f 1481/2242/12112 2068/2310/12113 2009/2156/12114
f 2070/2294/12115 2064/2246/12116 2068/2310/12117
f 1481/2242/12118 2012/2244/12119 2065/2245/12120
f 2064/2246/12121 2065/2245/12122 2066/2252/12123
f 2011/1696/12124 2066/2252/12125 2065/2245/12126
f 2127/2167/12127 2071/2311/12128 2072/1682/12129
f 2067/2247/12130 1514/2250/12131 2071/2311/12132
f 2074/2248/12133 2071/2311/12134 2075/2312/12135
f 2008/1985/12136 2101/2295/12137 1910/2155/12138
f 2099/2313/12139 2132/2159/12140 2095/2309/12141
f 2064/2246/12142 2074/2248/12143 2137/2308/12144
f 2064/2246/12145 2070/2294/12146 2065/2245/12147
f 2068/2310/12148 1481/2242/12149 2070/2294/12150
f 2072/1682/12151 2071/2311/12152 1514/2250/12153
f 2069/2314/12154 2075/2312/12155 2071/2311/12156
f 2102/1680/12157 2072/1682/12158 1514/2250/12159
f 2031/2315/12160 2103/2165/12161 1789/1681/12162
f 2096/2316/12163 2069/2314/12164 2124/2317/12165
f 2136/2318/12166 2104/2307/12167 2060/2293/12168
f 2071/2311/12169 2074/2248/12170 2067/2247/12171
f 2074/2248/12172 2073/2319/12173 2137/2308/12174
f 2138/2320/12175 2234/2321/12176 2104/2307/12177
f 2074/2248/12178 2075/2312/12179 2073/2319/12180
f 2076/2175/12181 1798/2006/12182 2080/2176/12183
f 2109/2322/12184 2076/2175/12185 2110/1753/12186
f 1804/2102/12187 1926/1917/12188 2079/2257/12189
f 2022/2103/12190 2077/2174/12191 2023/2173/12192
f 2232/2296/12193 2112/2259/12194 2113/2323/12195
f 2105/2300/12196 2078/2172/12197 2015/2260/12198
f 1496/2258/12199 2079/2257/12200 1926/1917/12201
f 2077/2174/12202 2079/2257/12203 2078/2172/12204
f 2022/2103/12205 2080/2176/12206 1924/1864/12207
f 2080/2176/12208 2023/2173/12209 2105/2300/12210
f 2082/2286/12211 2081/2164/12212 1970/2163/12213
f 1789/1681/12214 2081/2164/12215 2031/2315/12216
f 2129/2269/12217 2082/2286/12218 1968/2275/12219
f 2081/2164/12220 2082/2286/12221 2031/2315/12222
f 2185/1968/12223 2083/1966/12224 1573/2231/12225
f 1875/1967/12226 2223/2222/12227 2144/1964/12228
f 1574/2143/12229 2223/2222/12230 1875/1967/12231
f 2117/1797/12232 1872/1796/12233 2053/1965/12234
f 2002/2123/12235 2057/2030/12236 2086/2306/12237
f 2092/1910/12238 2058/2120/12239 2227/1908/12240
f 2058/2120/12241 2085/2122/12242 2086/2306/12243
f 2086/2306/12244 2085/2122/12245 2002/2123/12246
f 1767/2152/12247 1768/2151/12248 2118/2148/12249
f 1546/2124/12250 2085/2122/12251 2087/2121/12252
f 2089/2199/12253 2088/2125/12254 1492/2118/12255
f 2058/2120/12256 2086/2306/12257 2088/2125/12258
f 2089/2199/12259 1492/2118/12260 2119/2201/12261
f 1837/1977/12262 2091/2198/12263 1545/2134/12264
f 2226/2040/12265 2090/1909/12266 1838/2041/12267
f 2092/1910/12268 1767/2152/12269 2087/2121/12270
f 1838/2041/12271 2091/2198/12272 1837/1977/12273
f 2089/2199/12274 2091/2198/12275 2090/1909/12276
f 2058/2120/12277 2092/1910/12278 2087/2121/12279
f 2226/2040/12280 2092/1910/12281 2090/1909/12282
f 2061/2292/12283 2093/1703/12284 1774/2240/12285
f 2122/1702/12286 2093/1703/12287 2060/2293/12288
f 2094/2324/12289 2097/1659/12290 2234/2321/12291
f 2073/2319/12292 2075/2312/12293 2096/2316/12294
f 2123/2237/12295 1899/2236/12296 1772/2154/12297
f 2099/2313/12298 2095/2309/12299 2094/2324/12300
f 2075/2312/12301 2069/2314/12302 2096/2316/12303
f 2130/2268/12304 2131/2158/12305 1480/2284/12306
f 2094/2324/12307 2095/2309/12308 2097/1659/12309
f 2097/1659/12310 2095/2309/12311 2123/2237/12312
f 2099/2313/12313 2096/2316/12314 2124/2317/12315
f 2126/2325/12316 1480/2284/12317 2131/2158/12318
f 2096/2316/12319 2099/2313/12320 2094/2324/12321
f 2099/2313/12322 2098/2160/12323 2132/2159/12324
f 2100/1986/12325 1910/2155/12326 2136/2318/12327
f 2100/1986/12328 2061/2292/12329 2222/1745/12330
f 2009/2156/12331 2068/2310/12332 2101/2295/12333
f 2101/2295/12334 2068/2310/12335 2137/2308/12336
f 1914/1995/12337 2102/1680/12338 1514/2250/12339
f 1789/1681/12340 2102/1680/12341 1783/1993/12342
f 2031/2315/12343 2128/2285/12344 2103/2165/12345
f 1480/2284/12346 2126/2325/12347 2125/2166/12348
f 2104/2307/12349 1910/2155/12350 2101/2295/12351
f 2096/2316/12352 2138/2320/12353 2073/2319/12354
f 2015/2260/12355 2076/2175/12356 2105/2300/12357
f 2080/2176/12358 2105/2300/12359 2076/2175/12360
f 2106/1755/12361 2109/2322/12362 2110/1753/12363
f 2167/2255/12364 2151/2182/12365 2164/2303/12366
f 1921/1875/12367 2108/2256/12368 2107/1873/12369
f 2109/2322/12370 1920/2169/12371 2076/2175/12372
f 1919/2001/12373 2108/2256/12374 1921/1875/12375
f 2109/2322/12376 2108/2256/12377 1920/2169/12378
f 2106/1755/12379 2107/1873/12380 2109/2322/12381
f 2109/2322/12382 2107/1873/12383 2108/2256/12384
f 2015/2260/12385 2113/2323/12386 2112/2259/12387
f 2167/2255/12388 2115/1754/12389 2114/2326/12390
f 2230/2178/12391 2139/2327/12392 2231/2328/12393
f 2142/2185/12394 2150/2329/12395 2153/2181/12396
f 2113/2323/12397 2015/2260/12398 2078/2172/12399
f 2111/2297/12400 2231/2328/12401 2140/2330/12402
f 1496/2258/12403 2233/2331/12404 2078/2172/12405
f 1930/1877/12406 2228/2054/12407 2232/2296/12408
f 2140/2330/12409 2116/2332/12410 2111/2297/12411
f 2114/2326/12412 2169/2333/12413 2167/2255/12414
f 2110/1753/12415 2112/2259/12416 2115/1754/12417
f 2116/2332/12418 2112/2259/12419 2111/2297/12420
f 2114/2326/12421 2115/1754/12422 2116/2332/12423
f 2112/2259/12424 2116/2332/12425 2115/1754/12426
f 2084/2224/12427 2145/2229/12428 2117/1797/12429
f 2160/2213/12430 2145/2229/12431 1500/2211/12432
f 2118/2148/12433 2087/2121/12434 1767/2152/12435
f 2245/2149/12436 2118/2148/12437 1762/2081/12438
f 1492/2118/12439 2120/2116/12440 2119/2201/12441
f 2119/2201/12442 2120/2116/12443 2181/2115/12444
f 1716/1907/12445 2120/2116/12446 1492/2118/12447
f 2184/1892/12448 2181/2115/12449 2120/2116/12450
f 1545/2134/12451 2089/2199/12452 2121/2200/12453
f 2119/2201/12454 2121/2200/12455 2089/2199/12456
f 2234/2321/12457 2060/2293/12458 2104/2307/12459
f 2097/1659/12460 2122/1702/12461 2234/2321/12462
f 1899/2236/12463 2123/2237/12464 2095/2309/12465
f 2006/1660/12466 2123/2237/12467 1772/2154/12468
f 2124/2317/12469 2069/2314/12470 2125/2166/12471
f 2099/2313/12472 2124/2317/12473 2098/2160/12474
f 2127/2167/12475 2125/2166/12476 2069/2314/12477
f 2128/2285/12478 2125/2166/12479 2103/2165/12480
f 2098/2160/12481 2124/2317/12482 2126/2325/12483
f 2125/2166/12484 2126/2325/12485 2124/2317/12486
f 2071/2311/12487 2127/2167/12488 2069/2314/12489
f 2103/2165/12490 2127/2167/12491 2072/1682/12492
f 2082/2286/12493 2129/2269/12494 2031/2315/12495
f 2125/2166/12496 2128/2285/12497 1480/2284/12498
f 2031/2315/12499 2129/2269/12500 2128/2285/12501
f 1968/2275/12502 1946/1757/12503 2129/2269/12504
f 2126/2325/12505 2131/2158/12506 2098/2160/12507
f 1480/2284/12508 2129/2269/12509 2130/2268/12510
f 1948/2273/12511 2133/2267/12512 2130/2268/12513
f 1513/2238/12514 2095/2309/12515 2132/2159/12516
f 2131/2158/12517 2133/2267/12518 2132/2159/12519
f 1948/2273/12520 2134/2239/12521 2133/2267/12522
f 2130/2268/12523 2133/2267/12524 2131/2158/12525
f 1948/2273/12526 2189/2249/12527 2134/2239/12528
f 2135/2157/12529 1781/1987/12530 1595/2093/12531
f 1513/2238/12532 2132/2159/12533 2134/2239/12534
f 1513/2238/12535 2135/2157/12536 1900/2089/12537
f 1781/1987/12538 2135/2157/12539 2134/2239/12540
f 2100/1986/12541 2136/2318/12542 2060/2293/12543
f 1910/2155/12544 2104/2307/12545 2136/2318/12546
f 2137/2308/12547 2068/2310/12548 2064/2246/12549
f 2138/2320/12550 2137/2308/12551 2073/2319/12552
f 2234/2321/12553 2096/2316/12554 2094/2324/12555
f 2137/2308/12556 2138/2320/12557 2104/2307/12558
f 2116/2332/12559 2140/2330/12560 2114/2326/12561
f 2231/2328/12562 2228/2054/12563 2230/2178/12564
f 2141/2334/12565 2139/2327/12566 2149/2177/12567
f 2140/2330/12568 2139/2327/12569 2141/2334/12570
f 1527/2106/12571 2142/2185/12572 2141/2334/12573
f 2152/2183/12574 2151/2182/12575 2169/2333/12576
f 1527/2106/12577 1809/1574/12578 2143/2184/12579
f 2150/2329/12580 2142/2185/12581 1815/2179/12582
f 2143/2184/12583 1816/1573/12584 1817/2014/12585
f 1527/2106/12586 2143/2184/12587 2142/2185/12588
f 2084/2224/12589 2117/1797/12590 2144/1964/12591
f 2053/1965/12592 2144/1964/12593 2117/1797/12594
f 2225/2230/12595 2145/2229/12596 2084/2224/12597
f 2162/2215/12598 1500/2211/12599 2154/1946/12600
f 2147/1859/12601 1865/2140/12602 1867/2214/12603
f 2148/1798/12604 1572/1861/12605 1872/1796/12606
f 2148/1798/12607 2147/1859/12608 1572/1861/12609
f 2146/2212/12610 2162/2215/12611 2147/1859/12612
f 2160/2213/12613 2117/1797/12614 2145/2229/12615
f 2148/1798/12616 2160/2213/12617 2147/1859/12618
f 2141/2334/12619 2149/2177/12620 1527/2106/12621
f 2230/2178/12622 2149/2177/12623 2139/2327/12624
f 2197/2335/12625 1815/2179/12626 2196/2180/12627
f 2150/2329/12628 1488/2336/12629 2164/2303/12630
f 2165/2262/12631 2161/2302/12632 2164/2303/12633
f 2152/2183/12634 2114/2326/12635 2140/2330/12636
f 2140/2330/12637 2141/2334/12638 2152/2183/12639
f 2141/2334/12640 2142/2185/12641 2153/2181/12642
f 2151/2182/12643 2153/2181/12644 2150/2329/12645
f 2141/2334/12646 2153/2181/12647 2152/2183/12648
f 2045/2304/12649 2156/1955/12650 2158/2337/12651
f 2155/1947/12652 1567/1951/12653 1568/1941/12654
f 1549/1829/12655 2155/1947/12656 1568/1941/12657
f 2155/1947/12658 2154/1946/12659 2156/1955/12660
f 2042/2203/12661 2157/1954/12662 1979/1956/12663
f 2156/1955/12664 2154/1946/12665 2158/2337/12666
f 2159/1952/12667 2157/1954/12668 1571/2210/12669
f 2155/1947/12670 2156/1955/12671 2157/1954/12672
f 2154/1946/12673 1500/2211/12674 2158/2337/12675
f 2045/2304/12676 2158/2337/12677 1500/2211/12678
f 2048/1950/12679 2159/1952/12680 1571/2210/12681
f 2155/1947/12682 2159/1952/12683 1567/1951/12684
f 2147/1859/12685 2160/2213/12686 2146/2212/12687
f 2117/1797/12688 2160/2213/12689 2148/1798/12690
f 2166/2301/12691 2161/2302/12692 2165/2262/12693
f 2168/2254/12694 2235/2338/12695 1795/1874/12696
f 1500/2211/12697 2162/2215/12698 2146/2212/12699
f 2163/1948/12700 2162/2215/12701 2154/1946/12702
f 1866/1828/12703 2163/1948/12704 1549/1829/12705
f 2163/1948/12706 1865/2140/12707 2162/2215/12708
f 2150/2329/12709 2164/2303/12710 2151/2182/12711
f 2165/2262/12712 2164/2303/12713 1488/2336/12714
f 2165/2262/12715 1488/2336/12716 2202/2263/12717
f 2166/2301/12718 2165/2262/12719 2025/2261/12720
f 1526/1866/12721 2166/2301/12722 2025/2261/12723
f 2235/2338/12724 2166/2301/12725 2019/2298/12726
f 2166/2301/12727 2235/2338/12728 2161/2302/12729
f 2115/1754/12730 2167/2255/12731 2106/1755/12732
f 2106/1755/12733 2168/2254/12734 2107/1873/12735
f 2167/2255/12736 2161/2302/12737 2235/2338/12738
f 2152/2183/12739 2169/2333/12740 2114/2326/12741
f 2151/2182/12742 2167/2255/12743 2169/2333/12744
f 1710/2112/12745 2171/2278/12746 2170/1901/12747
f 2171/2278/12748 2172/2282/12749 2170/1901/12750
f 1957/2113/12751 2171/2278/12752 1710/2112/12753
f 2172/2282/12754 2171/2278/12755 1828/2277/12756
f 1828/2277/12757 2173/2339/12758 2177/2283/12759
f 2172/2282/12760 1964/2191/12761 2176/2279/12762
f 1957/2113/12763 2174/2266/12764 1828/2277/12765
f 2173/2339/12766 2175/2194/12767 2236/2274/12768
f 1942/1841/12769 2174/2266/12770 1489/1842/12771
f 1828/2277/12772 2174/2266/12773 2173/2339/12774
f 1949/2271/12775 2175/2194/12776 1951/1539/12777
f 2174/2266/12778 2175/2194/12779 2173/2339/12780
f 1964/2191/12781 1966/2190/12782 2237/2280/12783
f 2170/1901/12784 2176/2279/12785 1541/1899/12786
f 1828/2277/12787 2177/2283/12788 2172/2282/12789
f 2177/2283/12790 2173/2339/12791 2236/2274/12792
f 1756/2085/12793 2178/1799/12794 1477/1779/12795
f 1758/1834/12796 2178/1799/12797 1752/2146/12798
f 2179/2119/12799 1630/1718/12800 2191/2126/12801
f 2237/2280/12802 2179/2119/12803 1541/1899/12804
f 1425/1606/12805 2180/1605/12806 1424/1668/12807
f 1975/2132/12808 2180/1605/12809 1727/1602/12810
f 2119/2201/12811 2181/2115/12812 1840/2042/12813
f 2184/1892/12814 2120/2116/12815 1713/1906/12816
f 2190/1900/12817 2182/2114/12818 1717/1894/12819
f 1636/2045/12820 2182/2114/12821 1959/2046/12822
f 1841/2044/12823 2183/2043/12824 1636/2045/12825
f 1840/2042/12826 2181/2115/12827 2183/2043/12828
f 1715/1893/12829 2184/1892/12830 1713/1906/12831
f 2182/2114/12832 2184/1892/12833 1717/1894/12834
f 1876/2144/12835 2185/1968/12836 1573/2231/12837
f 2186/1969/12838 2185/1968/12839 1647/2064/12840
f 1747/1801/12841 2186/1969/12842 1647/2064/12843
f 1875/1967/12844 2186/1969/12845 1874/2065/12846
f 1909/1482/12847 2187/1472/12848 1482/1542/12849
f 2187/1472/12850 1905/2243/12851 1906/1571/12852
f 1548/1503/12853 2188/1876/12854 1929/2202/12855
f 2232/2296/12856 2188/1876/12857 1930/1877/12858
f 2134/2239/12859 2189/2249/12860 1781/1987/12861
f 1950/1756/12862 2189/2249/12863 1948/2273/12864
f 2170/1901/12865 2190/1900/12866 1717/1894/12867
f 2179/2119/12868 2190/1900/12869 1541/1899/12870
f 1958/2047/12871 2191/2126/12872 1721/1897/12873
f 2179/2119/12874 2191/2126/12875 1959/2046/12876
f 2052/2288/12877 2192/2232/12878 1573/2231/12879
f 2050/2227/12880 2192/2232/12881 1987/2234/12882
f 1643/1781/12883 2193/2008/12884 1933/1930/12885
f 1807/2058/12886 2193/2008/12887 1934/2104/12888
f 2197/2335/12889 2150/2329/12890 1815/2179/12891
f 2202/2263/12892 2197/2335/12893 2198/2340/12894
f 2200/1931/12895 2207/2341/12896 2208/1932/12897
f 2198/2340/12898 2195/2186/12899 2200/1931/12900
f 1528/2013/12901 2196/2180/12902 1817/2014/12903
f 2197/2335/12904 2196/2180/12905 2195/2186/12906
f 2198/2340/12907 2197/2335/12908 2195/2186/12909
f 2150/2329/12910 2197/2335/12911 1488/2336/12912
f 2195/2186/12913 2207/2341/12914 2200/1931/12915
f 2202/2263/12916 2198/2340/12917 2194/2342/12918
f 2206/2305/12919 2201/1871/12920 2205/1933/12921
f 2200/1931/12922 2243/2207/12923 2198/2340/12924
f 2213/2019/12925 2207/2341/12926 2195/2186/12927
f 2239/2343/12928 2244/1881/12929 2201/1871/12930
f 1551/1649/12931 2239/2343/12932 1860/1650/12933
f 2244/1881/12934 2239/2343/12935 2238/2205/12936
f 2194/2342/12937 2242/2264/12938 2202/2263/12939
f 1488/2336/12940 2197/2335/12941 2202/2263/12942
f 1528/2013/12943 1813/1747/12944 2204/1940/12945
f 2208/1932/12946 2203/2344/12947 2210/2345/12948
f 1618/1749/12949 2217/2021/12950 2214/1939/12951
f 2214/1939/12952 2215/2022/12953 2216/2346/12954
f 2199/1882/12955 2208/1932/12956 2211/2347/12957
f 1497/1935/12958 2047/1949/12959 2206/2305/12960
f 2201/1871/12961 2206/2305/12962 1858/1872/12963
f 1497/1935/12964 2206/2305/12965 2205/1933/12966
f 2213/2019/12967 2195/2186/12968 1528/2013/12969
f 2207/2341/12970 2203/2344/12971 2208/1932/12972
f 2209/2348/12973 2218/2018/12974 2216/2346/12975
f 2211/2347/12976 2208/1932/12977 2210/2345/12978
f 1564/1632/12979 2212/2349/12980 1552/1630/12981
f 2216/2346/12982 2212/2349/12983 2209/2348/12984
f 2203/2344/12985 2213/2019/12986 2218/2018/12987
f 2211/2347/12988 2210/2345/12989 2209/2348/12990
f 2212/2349/12991 2220/1953/12992 2209/2348/12993
f 2211/2347/12994 2205/1933/12995 2199/1882/12996
f 1564/1632/12997 1563/1945/12998 2212/2349/12999
f 2212/2349/13000 1563/1945/13001 2220/1953/13002
f 2207/2341/13003 2213/2019/13004 2203/2344/13005
f 1528/2013/13006 2204/1940/13007 2213/2019/13008
f 2215/2022/13009 1619/2020/13010 1621/1944/13011
f 1552/1630/13012 2216/2346/13013 2215/2022/13014
f 1552/1630/13015 2212/2349/13016 2216/2346/13017
f 1619/2020/13018 2215/2022/13019 2214/1939/13020
f 2218/2018/13021 2209/2348/13022 2210/2345/13023
f 2204/1940/13024 2214/1939/13025 2216/2346/13026
f 1702/1878/13027 2217/2021/13028 1618/1749/13029
f 1619/2020/13030 2217/2021/13031 1703/2017/13032
f 2203/2344/13033 2218/2018/13034 2210/2345/13035
f 2204/1940/13036 2216/2346/13037 2218/2018/13038
f 2205/1933/13039 2211/2347/13040 2219/1934/13041
f 2209/2348/13042 2220/1953/13043 2211/2347/13044
f 2221/1926/13045 2220/1953/13046 1563/1945/13047
f 2211/2347/13048 2220/1953/13049 2219/1934/13050
f 1569/1927/13051 2221/1926/13052 1563/1945/13053
f 1497/1935/13054 2221/1926/13055 1570/1925/13056
f 2222/1745/13057 1512/1526/13058 2008/1985/13059
f 2062/1746/13060 2222/1745/13061 2061/2292/13062
f 2224/2223/13063 2223/2222/13064 1574/2143/13065
f 2144/1964/13066 2223/2222/13067 2084/2224/13068
f 1883/1928/13069 2224/2223/13070 1574/2143/13071
f 2045/2304/13072 2225/2230/13073 1882/1924/13074
f 2084/2224/13075 2224/2223/13076 2225/2230/13077
f 2225/2230/13078 2224/2223/13079 1882/1924/13080
f 1768/2151/13081 2226/2040/13082 1635/2039/13083
f 2092/1910/13084 2226/2040/13085 1767/2152/13086
f 2088/2125/13087 2227/1908/13088 2058/2120/13089
f 2089/2199/13090 2090/1909/13091 2227/1908/13092
f 2229/1916/13093 2230/2178/13094 2228/2054/13095
f 2111/2297/13096 2112/2259/13097 2232/2296/13098
f 2229/1916/13099 1930/1877/13100 1735/1914/13101
f 2230/2178/13102 2229/1916/13103 1640/2265/13104
f 1939/2108/13105 2230/2178/13106 1640/2265/13107
f 2149/2177/13108 2230/2178/13109 1811/2107/13110
f 2140/2330/13111 2231/2328/13112 2139/2327/13113
f 2111/2297/13114 2228/2054/13115 2231/2328/13116
f 2113/2323/13117 2233/2331/13118 2232/2296/13119
f 2233/2331/13120 2188/1876/13121 2232/2296/13122
f 2078/2172/13123 2233/2331/13124 2113/2323/13125
f 2188/1876/13126 2233/2331/13127 1496/2258/13128
f 2234/2321/13129 2122/1702/13130 2060/2293/13131
f 2096/2316/13132 2234/2321/13133 2138/2320/13134
f 1795/1874/13135 2235/2338/13136 2019/2298/13137
f 2167/2255/13138 2235/2338/13139 2168/2254/13140
f 1949/2271/13141 1967/2192/13142 2236/2274/13143
f 2177/2283/13144 2236/2274/13145 1967/2192/13146
f 1963/2196/13147 2237/2280/13148 1966/2190/13149
f 2237/2280/13150 1830/2127/13151 2179/2119/13152
f 1933/1930/13153 2240/2206/13154 1551/1649/13155
f 2241/2208/13156 2238/2205/13157 1932/2010/13158
f 1860/1650/13159 2239/2343/13160 2201/1871/13161
f 2240/2206/13162 2239/2343/13163 1551/1649/13164
f 1932/2010/13165 2240/2206/13166 1933/1930/13167
f 2239/2343/13168 2240/2206/13169 2238/2205/13170
f 2242/2264/13171 1932/2010/13172 2026/2299/13173
f 2243/2207/13174 2241/2208/13175 2194/2342/13176
f 2025/2261/13177 2242/2264/13178 2026/2299/13179
f 2194/2342/13180 2241/2208/13181 2242/2264/13182
f 2198/2340/13183 2243/2207/13184 2194/2342/13185
f 2244/1881/13186 2200/1931/13187 2199/1882/13188
f 2241/2208/13189 2244/1881/13190 2238/2205/13191
f 2200/1931/13192 2244/1881/13193 2243/2207/13194
f 1896/2082/13195 2245/2149/13196 1762/2081/13197
f 2036/2050/13198 2245/2149/13199 1659/2235/13200
